
===========================================================================
report_checks -path_delay max (Setup)
============================================================================
======================= min_tt_025C_5v00 Corner ===================================

Startpoint: rx_ready_i (input port clocked by clk_i)
Endpoint: err_overflow_o (output port clocked by clk_i)
Path Group: clk_i
Path Type: max

Fanout         Cap        Slew       Delay        Time   Description
---------------------------------------------------------------------------------------------
                                  0.000000    0.000000   clock clk_i (rise edge)
                                  0.000000    0.000000   clock network delay (propagated)
                                  4.000000    4.000000 v input external delay
     1    0.004546    0.071156    0.027821    4.027821 v rx_ready_i (in)
                                                         rx_ready_i (net)
                      0.071156    0.000000    4.027821 v input23/I (gf180mcu_fd_sc_mcu7t5v0__dlyb_1)
     2    0.008173    0.241804    0.995433    5.023254 v input23/Z (gf180mcu_fd_sc_mcu7t5v0__dlyb_1)
                                                         net23 (net)
                      0.241804    0.000117    5.023371 v _257_/A2 (gf180mcu_fd_sc_mcu7t5v0__nor3_1)
     1    0.003820    0.399480    0.285758    5.309129 ^ _257_/ZN (gf180mcu_fd_sc_mcu7t5v0__nor3_1)
                                                         net26 (net)
                      0.399480    0.000073    5.309202 ^ output26/I (gf180mcu_fd_sc_mcu7t5v0__dlyb_1)
     1    0.074766    1.249056    1.554171    6.863373 ^ output26/Z (gf180mcu_fd_sc_mcu7t5v0__dlyb_1)
                                                         err_overflow_o (net)
                      1.249056    0.001001    6.864373 ^ err_overflow_o (out)
                                              6.864373   data arrival time

                                 20.000000   20.000000   clock clk_i (rise edge)
                                  0.000000   20.000000   clock network delay (propagated)
                                 -0.250000   19.750002   clock uncertainty
                                  0.000000   19.750002   clock reconvergence pessimism
                                 -4.000000   15.750001   output external delay
                                             15.750001   data required time
---------------------------------------------------------------------------------------------
                                             15.750001   data required time
                                             -6.864373   data arrival time
---------------------------------------------------------------------------------------------
                                              8.885628   slack (MET)


Startpoint: rx_ready_i (input port clocked by clk_i)
Endpoint: char_event_o (output port clocked by clk_i)
Path Group: clk_i
Path Type: max

Fanout         Cap        Slew       Delay        Time   Description
---------------------------------------------------------------------------------------------
                                  0.000000    0.000000   clock clk_i (rise edge)
                                  0.000000    0.000000   clock network delay (propagated)
                                  4.000000    4.000000 v input external delay
     1    0.004546    0.071156    0.027821    4.027821 v rx_ready_i (in)
                                                         rx_ready_i (net)
                      0.071156    0.000000    4.027821 v input23/I (gf180mcu_fd_sc_mcu7t5v0__dlyb_1)
     2    0.008173    0.241804    0.995433    5.023254 v input23/Z (gf180mcu_fd_sc_mcu7t5v0__dlyb_1)
                                                         net23 (net)
                      0.241804    0.000115    5.023369 v _256_/A1 (gf180mcu_fd_sc_mcu7t5v0__and2_1)
     1    0.004763    0.120278    0.283190    5.306560 v _256_/Z (gf180mcu_fd_sc_mcu7t5v0__and2_1)
                                                         net25 (net)
                      0.120278    0.000060    5.306619 v output25/I (gf180mcu_fd_sc_mcu7t5v0__dlyb_1)
     1    0.074934    0.819041    1.489812    6.796431 v output25/Z (gf180mcu_fd_sc_mcu7t5v0__dlyb_1)
                                                         char_event_o (net)
                      0.819046    0.001070    6.797501 v char_event_o (out)
                                              6.797501   data arrival time

                                 20.000000   20.000000   clock clk_i (rise edge)
                                  0.000000   20.000000   clock network delay (propagated)
                                 -0.250000   19.750002   clock uncertainty
                                  0.000000   19.750002   clock reconvergence pessimism
                                 -4.000000   15.750001   output external delay
                                             15.750001   data required time
---------------------------------------------------------------------------------------------
                                             15.750001   data required time
                                             -6.797501   data arrival time
---------------------------------------------------------------------------------------------
                                              8.952500   slack (MET)


Startpoint: cfg_div_i[10] (input port clocked by clk_i)
Endpoint: _389_ (rising edge-triggered flip-flop clocked by clk_i)
Path Group: clk_i
Path Type: max

Fanout         Cap        Slew       Delay        Time   Description
---------------------------------------------------------------------------------------------
                                  0.000000    0.000000   clock clk_i (rise edge)
                                  0.000000    0.000000   clock network delay (propagated)
                                  4.000000    4.000000 v input external delay
     1    0.004404    0.069817    0.026970    4.026969 v cfg_div_i[10] (in)
                                                         cfg_div_i[10] (net)
                      0.069817    0.000000    4.026969 v input4/I (gf180mcu_fd_sc_mcu7t5v0__dlyb_1)
     3    0.022029    0.366153    1.116756    5.143726 v input4/Z (gf180mcu_fd_sc_mcu7t5v0__dlyb_1)
                                                         net4 (net)
                      0.366153    0.000381    5.144106 v _216_/A1 (gf180mcu_fd_sc_mcu7t5v0__xor2_1)
     1    0.004441    0.230135    0.498640    5.642746 v _216_/Z (gf180mcu_fd_sc_mcu7t5v0__xor2_1)
                                                         _073_ (net)
                      0.230135    0.000044    5.642791 v _224_/A4 (gf180mcu_fd_sc_mcu7t5v0__nor4_1)
     1    0.006457    0.694741    0.508632    6.151423 ^ _224_/ZN (gf180mcu_fd_sc_mcu7t5v0__nor4_1)
                                                         _081_ (net)
                      0.694741    0.000081    6.151505 ^ _226_/A2 (gf180mcu_fd_sc_mcu7t5v0__nand3_1)
     1    0.007108    0.326859    0.217714    6.369218 v _226_/ZN (gf180mcu_fd_sc_mcu7t5v0__nand3_1)
                                                         _083_ (net)
                      0.326859    0.000179    6.369398 v _229_/A3 (gf180mcu_fd_sc_mcu7t5v0__or4_1)
     2    0.008221    0.322152    0.863957    7.233355 v _229_/Z (gf180mcu_fd_sc_mcu7t5v0__or4_1)
                                                         _086_ (net)
                      0.322152    0.000112    7.233467 v _259_/A1 (gf180mcu_fd_sc_mcu7t5v0__nand3_1)
     2    0.017450    0.519058    0.357290    7.590757 ^ _259_/ZN (gf180mcu_fd_sc_mcu7t5v0__nand3_1)
                                                         _111_ (net)
                      0.519058    0.000155    7.590912 ^ fanout37/I (gf180mcu_fd_sc_mcu7t5v0__dlyb_1)
    10    0.064605    1.085767    1.463706    9.054619 ^ fanout37/Z (gf180mcu_fd_sc_mcu7t5v0__dlyb_1)
                                                         net37 (net)
                      1.085775    0.001655    9.056273 ^ _290_/A1 (gf180mcu_fd_sc_mcu7t5v0__nor3_1)
     1    0.004696    0.338988    0.167206    9.223479 v _290_/ZN (gf180mcu_fd_sc_mcu7t5v0__nor3_1)
                                                         _001_ (net)
                      0.338988    0.000096    9.223575 v _389_/D (gf180mcu_fd_sc_mcu7t5v0__dffrnq_1)
                                              9.223575   data arrival time

                                 20.000000   20.000000   clock clk_i (rise edge)
                                  0.000000   20.000000   clock source latency
     1    0.033738    0.170447    0.083910   20.083910 ^ clk_i (in)
                                                         clk_i (net)
                      0.170451    0.000000   20.083910 ^ clkbuf_0_clk_i/I (gf180mcu_fd_sc_mcu7t5v0__clkbuf_16)
     4    0.098155    0.156684    0.290923   20.374832 ^ clkbuf_0_clk_i/Z (gf180mcu_fd_sc_mcu7t5v0__clkbuf_16)
                                                         clknet_0_clk_i (net)
                      0.156684    0.000668   20.375502 ^ clkbuf_2_3__f_clk_i/I (gf180mcu_fd_sc_mcu7t5v0__clkbuf_16)
     9    0.048428    0.113818    0.254907   20.630407 ^ clkbuf_2_3__f_clk_i/Z (gf180mcu_fd_sc_mcu7t5v0__clkbuf_16)
                                                         clknet_2_3__leaf_clk_i (net)
                      0.113822    0.001270   20.631678 ^ _389_/CLK (gf180mcu_fd_sc_mcu7t5v0__dffrnq_1)
                                 -0.250000   20.381680   clock uncertainty
                                  0.000000   20.381680   clock reconvergence pessimism
                                 -0.200219   20.181461   library setup time
                                             20.181461   data required time
---------------------------------------------------------------------------------------------
                                             20.181461   data required time
                                             -9.223575   data arrival time
---------------------------------------------------------------------------------------------
                                             10.957886   slack (MET)


Startpoint: cfg_div_i[10] (input port clocked by clk_i)
Endpoint: _379_ (rising edge-triggered flip-flop clocked by clk_i)
Path Group: clk_i
Path Type: max

Fanout         Cap        Slew       Delay        Time   Description
---------------------------------------------------------------------------------------------
                                  0.000000    0.000000   clock clk_i (rise edge)
                                  0.000000    0.000000   clock network delay (propagated)
                                  4.000000    4.000000 v input external delay
     1    0.004404    0.069817    0.026970    4.026969 v cfg_div_i[10] (in)
                                                         cfg_div_i[10] (net)
                      0.069817    0.000000    4.026969 v input4/I (gf180mcu_fd_sc_mcu7t5v0__dlyb_1)
     3    0.022029    0.366153    1.116756    5.143726 v input4/Z (gf180mcu_fd_sc_mcu7t5v0__dlyb_1)
                                                         net4 (net)
                      0.366153    0.000381    5.144106 v _216_/A1 (gf180mcu_fd_sc_mcu7t5v0__xor2_1)
     1    0.004441    0.230135    0.498640    5.642746 v _216_/Z (gf180mcu_fd_sc_mcu7t5v0__xor2_1)
                                                         _073_ (net)
                      0.230135    0.000044    5.642791 v _224_/A4 (gf180mcu_fd_sc_mcu7t5v0__nor4_1)
     1    0.006457    0.694741    0.508632    6.151423 ^ _224_/ZN (gf180mcu_fd_sc_mcu7t5v0__nor4_1)
                                                         _081_ (net)
                      0.694741    0.000081    6.151505 ^ _226_/A2 (gf180mcu_fd_sc_mcu7t5v0__nand3_1)
     1    0.007108    0.326859    0.217714    6.369218 v _226_/ZN (gf180mcu_fd_sc_mcu7t5v0__nand3_1)
                                                         _083_ (net)
                      0.326859    0.000179    6.369398 v _229_/A3 (gf180mcu_fd_sc_mcu7t5v0__or4_1)
     2    0.008221    0.322152    0.863957    7.233355 v _229_/Z (gf180mcu_fd_sc_mcu7t5v0__or4_1)
                                                         _086_ (net)
                      0.322152    0.000112    7.233467 v _259_/A1 (gf180mcu_fd_sc_mcu7t5v0__nand3_1)
     2    0.017450    0.519058    0.357290    7.590757 ^ _259_/ZN (gf180mcu_fd_sc_mcu7t5v0__nand3_1)
                                                         _111_ (net)
                      0.519058    0.000155    7.590912 ^ fanout37/I (gf180mcu_fd_sc_mcu7t5v0__dlyb_1)
    10    0.064605    1.085767    1.463706    9.054619 ^ fanout37/Z (gf180mcu_fd_sc_mcu7t5v0__dlyb_1)
                                                         net37 (net)
                      1.085775    0.001706    9.056325 ^ _260_/A2 (gf180mcu_fd_sc_mcu7t5v0__nor2_1)
     1    0.003520    0.342975    0.170489    9.226814 v _260_/ZN (gf180mcu_fd_sc_mcu7t5v0__nor2_1)
                                                         _000_ (net)
                      0.342975    0.000035    9.226849 v _379_/D (gf180mcu_fd_sc_mcu7t5v0__dffrnq_1)
                                              9.226849   data arrival time

                                 20.000000   20.000000   clock clk_i (rise edge)
                                  0.000000   20.000000   clock source latency
     1    0.033738    0.170447    0.083910   20.083910 ^ clk_i (in)
                                                         clk_i (net)
                      0.170451    0.000000   20.083910 ^ clkbuf_0_clk_i/I (gf180mcu_fd_sc_mcu7t5v0__clkbuf_16)
     4    0.098155    0.156684    0.290923   20.374832 ^ clkbuf_0_clk_i/Z (gf180mcu_fd_sc_mcu7t5v0__clkbuf_16)
                                                         clknet_0_clk_i (net)
                      0.156685    0.000981   20.375814 ^ clkbuf_2_0__f_clk_i/I (gf180mcu_fd_sc_mcu7t5v0__clkbuf_16)
    10    0.053113    0.117791    0.257714   20.633528 ^ clkbuf_2_0__f_clk_i/Z (gf180mcu_fd_sc_mcu7t5v0__clkbuf_16)
                                                         clknet_2_0__leaf_clk_i (net)
                      0.117807    0.002345   20.635872 ^ _379_/CLK (gf180mcu_fd_sc_mcu7t5v0__dffrnq_1)
                                 -0.250000   20.385874   clock uncertainty
                                  0.000000   20.385874   clock reconvergence pessimism
                                 -0.200489   20.185385   library setup time
                                             20.185385   data required time
---------------------------------------------------------------------------------------------
                                             20.185385   data required time
                                             -9.226849   data arrival time
---------------------------------------------------------------------------------------------
                                             10.958536   slack (MET)


Startpoint: cfg_div_i[10] (input port clocked by clk_i)
Endpoint: _384_ (rising edge-triggered flip-flop clocked by clk_i)
Path Group: clk_i
Path Type: max

Fanout         Cap        Slew       Delay        Time   Description
---------------------------------------------------------------------------------------------
                                  0.000000    0.000000   clock clk_i (rise edge)
                                  0.000000    0.000000   clock network delay (propagated)
                                  4.000000    4.000000 v input external delay
     1    0.004404    0.069817    0.026970    4.026969 v cfg_div_i[10] (in)
                                                         cfg_div_i[10] (net)
                      0.069817    0.000000    4.026969 v input4/I (gf180mcu_fd_sc_mcu7t5v0__dlyb_1)
     3    0.022029    0.366153    1.116756    5.143726 v input4/Z (gf180mcu_fd_sc_mcu7t5v0__dlyb_1)
                                                         net4 (net)
                      0.366153    0.000381    5.144106 v _216_/A1 (gf180mcu_fd_sc_mcu7t5v0__xor2_1)
     1    0.004441    0.230135    0.498640    5.642746 v _216_/Z (gf180mcu_fd_sc_mcu7t5v0__xor2_1)
                                                         _073_ (net)
                      0.230135    0.000044    5.642791 v _224_/A4 (gf180mcu_fd_sc_mcu7t5v0__nor4_1)
     1    0.006457    0.694741    0.508632    6.151423 ^ _224_/ZN (gf180mcu_fd_sc_mcu7t5v0__nor4_1)
                                                         _081_ (net)
                      0.694741    0.000081    6.151505 ^ _226_/A2 (gf180mcu_fd_sc_mcu7t5v0__nand3_1)
     1    0.007108    0.326859    0.217714    6.369218 v _226_/ZN (gf180mcu_fd_sc_mcu7t5v0__nand3_1)
                                                         _083_ (net)
                      0.326859    0.000179    6.369398 v _229_/A3 (gf180mcu_fd_sc_mcu7t5v0__or4_1)
     2    0.008221    0.322152    0.863957    7.233355 v _229_/Z (gf180mcu_fd_sc_mcu7t5v0__or4_1)
                                                         _086_ (net)
                      0.322152    0.000112    7.233467 v _259_/A1 (gf180mcu_fd_sc_mcu7t5v0__nand3_1)
     2    0.017450    0.519058    0.357290    7.590757 ^ _259_/ZN (gf180mcu_fd_sc_mcu7t5v0__nand3_1)
                                                         _111_ (net)
                      0.519058    0.000155    7.590912 ^ fanout37/I (gf180mcu_fd_sc_mcu7t5v0__dlyb_1)
    10    0.064605    1.085767    1.463706    9.054619 ^ fanout37/Z (gf180mcu_fd_sc_mcu7t5v0__dlyb_1)
                                                         net37 (net)
                      1.085772    0.001400    9.056019 ^ _274_/A1 (gf180mcu_fd_sc_mcu7t5v0__nor3_1)
     1    0.004521    0.335939    0.163718    9.219736 v _274_/ZN (gf180mcu_fd_sc_mcu7t5v0__nor3_1)
                                                         _011_ (net)
                      0.335939    0.000088    9.219824 v _384_/D (gf180mcu_fd_sc_mcu7t5v0__dffrnq_1)
                                              9.219824   data arrival time

                                 20.000000   20.000000   clock clk_i (rise edge)
                                  0.000000   20.000000   clock source latency
     1    0.033738    0.170447    0.083910   20.083910 ^ clk_i (in)
                                                         clk_i (net)
                      0.170451    0.000000   20.083910 ^ clkbuf_0_clk_i/I (gf180mcu_fd_sc_mcu7t5v0__clkbuf_16)
     4    0.098155    0.156684    0.290923   20.374832 ^ clkbuf_0_clk_i/Z (gf180mcu_fd_sc_mcu7t5v0__clkbuf_16)
                                                         clknet_0_clk_i (net)
                      0.156685    0.000981   20.375814 ^ clkbuf_2_0__f_clk_i/I (gf180mcu_fd_sc_mcu7t5v0__clkbuf_16)
    10    0.053113    0.117791    0.257714   20.633528 ^ clkbuf_2_0__f_clk_i/Z (gf180mcu_fd_sc_mcu7t5v0__clkbuf_16)
                                                         clknet_2_0__leaf_clk_i (net)
                      0.117796    0.001330   20.634857 ^ _384_/CLK (gf180mcu_fd_sc_mcu7t5v0__dffrnq_1)
                                 -0.250000   20.384859   clock uncertainty
                                  0.000000   20.384859   clock reconvergence pessimism
                                 -0.198575   20.186283   library setup time
                                             20.186283   data required time
---------------------------------------------------------------------------------------------
                                             20.186283   data required time
                                             -9.219824   data arrival time
---------------------------------------------------------------------------------------------
                                             10.966459   slack (MET)


Startpoint: cfg_div_i[10] (input port clocked by clk_i)
Endpoint: _381_ (rising edge-triggered flip-flop clocked by clk_i)
Path Group: clk_i
Path Type: max

Fanout         Cap        Slew       Delay        Time   Description
---------------------------------------------------------------------------------------------
                                  0.000000    0.000000   clock clk_i (rise edge)
                                  0.000000    0.000000   clock network delay (propagated)
                                  4.000000    4.000000 v input external delay
     1    0.004404    0.069817    0.026970    4.026969 v cfg_div_i[10] (in)
                                                         cfg_div_i[10] (net)
                      0.069817    0.000000    4.026969 v input4/I (gf180mcu_fd_sc_mcu7t5v0__dlyb_1)
     3    0.022029    0.366153    1.116756    5.143726 v input4/Z (gf180mcu_fd_sc_mcu7t5v0__dlyb_1)
                                                         net4 (net)
                      0.366153    0.000381    5.144106 v _216_/A1 (gf180mcu_fd_sc_mcu7t5v0__xor2_1)
     1    0.004441    0.230135    0.498640    5.642746 v _216_/Z (gf180mcu_fd_sc_mcu7t5v0__xor2_1)
                                                         _073_ (net)
                      0.230135    0.000044    5.642791 v _224_/A4 (gf180mcu_fd_sc_mcu7t5v0__nor4_1)
     1    0.006457    0.694741    0.508632    6.151423 ^ _224_/ZN (gf180mcu_fd_sc_mcu7t5v0__nor4_1)
                                                         _081_ (net)
                      0.694741    0.000081    6.151505 ^ _226_/A2 (gf180mcu_fd_sc_mcu7t5v0__nand3_1)
     1    0.007108    0.326859    0.217714    6.369218 v _226_/ZN (gf180mcu_fd_sc_mcu7t5v0__nand3_1)
                                                         _083_ (net)
                      0.326859    0.000179    6.369398 v _229_/A3 (gf180mcu_fd_sc_mcu7t5v0__or4_1)
     2    0.008221    0.322152    0.863957    7.233355 v _229_/Z (gf180mcu_fd_sc_mcu7t5v0__or4_1)
                                                         _086_ (net)
                      0.322152    0.000112    7.233467 v _259_/A1 (gf180mcu_fd_sc_mcu7t5v0__nand3_1)
     2    0.017450    0.519058    0.357290    7.590757 ^ _259_/ZN (gf180mcu_fd_sc_mcu7t5v0__nand3_1)
                                                         _111_ (net)
                      0.519058    0.000155    7.590912 ^ fanout37/I (gf180mcu_fd_sc_mcu7t5v0__dlyb_1)
    10    0.064605    1.085767    1.463706    9.054619 ^ fanout37/Z (gf180mcu_fd_sc_mcu7t5v0__dlyb_1)
                                                         net37 (net)
                      1.085774    0.001615    9.056233 ^ _265_/A1 (gf180mcu_fd_sc_mcu7t5v0__nor3_1)
     1    0.004352    0.336438    0.160363    9.216597 v _265_/ZN (gf180mcu_fd_sc_mcu7t5v0__nor3_1)
                                                         _008_ (net)
                      0.336438    0.000047    9.216643 v _381_/D (gf180mcu_fd_sc_mcu7t5v0__dffrnq_1)
                                              9.216643   data arrival time

                                 20.000000   20.000000   clock clk_i (rise edge)
                                  0.000000   20.000000   clock source latency
     1    0.033738    0.170447    0.083910   20.083910 ^ clk_i (in)
                                                         clk_i (net)
                      0.170451    0.000000   20.083910 ^ clkbuf_0_clk_i/I (gf180mcu_fd_sc_mcu7t5v0__clkbuf_16)
     4    0.098155    0.156684    0.290923   20.374832 ^ clkbuf_0_clk_i/Z (gf180mcu_fd_sc_mcu7t5v0__clkbuf_16)
                                                         clknet_0_clk_i (net)
                      0.156685    0.000981   20.375814 ^ clkbuf_2_0__f_clk_i/I (gf180mcu_fd_sc_mcu7t5v0__clkbuf_16)
    10    0.053113    0.117791    0.257714   20.633528 ^ clkbuf_2_0__f_clk_i/Z (gf180mcu_fd_sc_mcu7t5v0__clkbuf_16)
                                                         clknet_2_0__leaf_clk_i (net)
                      0.117806    0.002263   20.635790 ^ _381_/CLK (gf180mcu_fd_sc_mcu7t5v0__dffrnq_1)
                                 -0.250000   20.385792   clock uncertainty
                                  0.000000   20.385792   clock reconvergence pessimism
                                 -0.198709   20.187082   library setup time
                                             20.187082   data required time
---------------------------------------------------------------------------------------------
                                             20.187082   data required time
                                             -9.216643   data arrival time
---------------------------------------------------------------------------------------------
                                             10.970439   slack (MET)


Startpoint: cfg_div_i[10] (input port clocked by clk_i)
Endpoint: _382_ (rising edge-triggered flip-flop clocked by clk_i)
Path Group: clk_i
Path Type: max

Fanout         Cap        Slew       Delay        Time   Description
---------------------------------------------------------------------------------------------
                                  0.000000    0.000000   clock clk_i (rise edge)
                                  0.000000    0.000000   clock network delay (propagated)
                                  4.000000    4.000000 v input external delay
     1    0.004404    0.069817    0.026970    4.026969 v cfg_div_i[10] (in)
                                                         cfg_div_i[10] (net)
                      0.069817    0.000000    4.026969 v input4/I (gf180mcu_fd_sc_mcu7t5v0__dlyb_1)
     3    0.022029    0.366153    1.116756    5.143726 v input4/Z (gf180mcu_fd_sc_mcu7t5v0__dlyb_1)
                                                         net4 (net)
                      0.366153    0.000381    5.144106 v _216_/A1 (gf180mcu_fd_sc_mcu7t5v0__xor2_1)
     1    0.004441    0.230135    0.498640    5.642746 v _216_/Z (gf180mcu_fd_sc_mcu7t5v0__xor2_1)
                                                         _073_ (net)
                      0.230135    0.000044    5.642791 v _224_/A4 (gf180mcu_fd_sc_mcu7t5v0__nor4_1)
     1    0.006457    0.694741    0.508632    6.151423 ^ _224_/ZN (gf180mcu_fd_sc_mcu7t5v0__nor4_1)
                                                         _081_ (net)
                      0.694741    0.000081    6.151505 ^ _226_/A2 (gf180mcu_fd_sc_mcu7t5v0__nand3_1)
     1    0.007108    0.326859    0.217714    6.369218 v _226_/ZN (gf180mcu_fd_sc_mcu7t5v0__nand3_1)
                                                         _083_ (net)
                      0.326859    0.000179    6.369398 v _229_/A3 (gf180mcu_fd_sc_mcu7t5v0__or4_1)
     2    0.008221    0.322152    0.863957    7.233355 v _229_/Z (gf180mcu_fd_sc_mcu7t5v0__or4_1)
                                                         _086_ (net)
                      0.322152    0.000112    7.233467 v _259_/A1 (gf180mcu_fd_sc_mcu7t5v0__nand3_1)
     2    0.017450    0.519058    0.357290    7.590757 ^ _259_/ZN (gf180mcu_fd_sc_mcu7t5v0__nand3_1)
                                                         _111_ (net)
                      0.519058    0.000155    7.590912 ^ fanout37/I (gf180mcu_fd_sc_mcu7t5v0__dlyb_1)
    10    0.064605    1.085767    1.463706    9.054619 ^ fanout37/Z (gf180mcu_fd_sc_mcu7t5v0__dlyb_1)
                                                         net37 (net)
                      1.085774    0.001600    9.056218 ^ _268_/A1 (gf180mcu_fd_sc_mcu7t5v0__nor3_1)
     1    0.003988    0.329479    0.153085    9.209303 v _268_/ZN (gf180mcu_fd_sc_mcu7t5v0__nor3_1)
                                                         _009_ (net)
                      0.329479    0.000043    9.209346 v _382_/D (gf180mcu_fd_sc_mcu7t5v0__dffrnq_1)
                                              9.209346   data arrival time

                                 20.000000   20.000000   clock clk_i (rise edge)
                                  0.000000   20.000000   clock source latency
     1    0.033738    0.170447    0.083910   20.083910 ^ clk_i (in)
                                                         clk_i (net)
                      0.170451    0.000000   20.083910 ^ clkbuf_0_clk_i/I (gf180mcu_fd_sc_mcu7t5v0__clkbuf_16)
     4    0.098155    0.156684    0.290923   20.374832 ^ clkbuf_0_clk_i/Z (gf180mcu_fd_sc_mcu7t5v0__clkbuf_16)
                                                         clknet_0_clk_i (net)
                      0.156685    0.000981   20.375814 ^ clkbuf_2_0__f_clk_i/I (gf180mcu_fd_sc_mcu7t5v0__clkbuf_16)
    10    0.053113    0.117791    0.257714   20.633528 ^ clkbuf_2_0__f_clk_i/Z (gf180mcu_fd_sc_mcu7t5v0__clkbuf_16)
                                                         clknet_2_0__leaf_clk_i (net)
                      0.117804    0.002103   20.635632 ^ _382_/CLK (gf180mcu_fd_sc_mcu7t5v0__dffrnq_1)
                                 -0.250000   20.385632   clock uncertainty
                                  0.000000   20.385632   clock reconvergence pessimism
                                 -0.196815   20.188816   library setup time
                                             20.188816   data required time
---------------------------------------------------------------------------------------------
                                             20.188816   data required time
                                             -9.209346   data arrival time
---------------------------------------------------------------------------------------------
                                             10.979471   slack (MET)


Startpoint: cfg_div_i[10] (input port clocked by clk_i)
Endpoint: _388_ (rising edge-triggered flip-flop clocked by clk_i)
Path Group: clk_i
Path Type: max

Fanout         Cap        Slew       Delay        Time   Description
---------------------------------------------------------------------------------------------
                                  0.000000    0.000000   clock clk_i (rise edge)
                                  0.000000    0.000000   clock network delay (propagated)
                                  4.000000    4.000000 v input external delay
     1    0.004404    0.069817    0.026970    4.026969 v cfg_div_i[10] (in)
                                                         cfg_div_i[10] (net)
                      0.069817    0.000000    4.026969 v input4/I (gf180mcu_fd_sc_mcu7t5v0__dlyb_1)
     3    0.022029    0.366153    1.116756    5.143726 v input4/Z (gf180mcu_fd_sc_mcu7t5v0__dlyb_1)
                                                         net4 (net)
                      0.366153    0.000381    5.144106 v _216_/A1 (gf180mcu_fd_sc_mcu7t5v0__xor2_1)
     1    0.004441    0.230135    0.498640    5.642746 v _216_/Z (gf180mcu_fd_sc_mcu7t5v0__xor2_1)
                                                         _073_ (net)
                      0.230135    0.000044    5.642791 v _224_/A4 (gf180mcu_fd_sc_mcu7t5v0__nor4_1)
     1    0.006457    0.694741    0.508632    6.151423 ^ _224_/ZN (gf180mcu_fd_sc_mcu7t5v0__nor4_1)
                                                         _081_ (net)
                      0.694741    0.000081    6.151505 ^ _226_/A2 (gf180mcu_fd_sc_mcu7t5v0__nand3_1)
     1    0.007108    0.326859    0.217714    6.369218 v _226_/ZN (gf180mcu_fd_sc_mcu7t5v0__nand3_1)
                                                         _083_ (net)
                      0.326859    0.000179    6.369398 v _229_/A3 (gf180mcu_fd_sc_mcu7t5v0__or4_1)
     2    0.008221    0.322152    0.863957    7.233355 v _229_/Z (gf180mcu_fd_sc_mcu7t5v0__or4_1)
                                                         _086_ (net)
                      0.322152    0.000112    7.233467 v _259_/A1 (gf180mcu_fd_sc_mcu7t5v0__nand3_1)
     2    0.017450    0.519058    0.357290    7.590757 ^ _259_/ZN (gf180mcu_fd_sc_mcu7t5v0__nand3_1)
                                                         _111_ (net)
                      0.519058    0.000155    7.590912 ^ fanout37/I (gf180mcu_fd_sc_mcu7t5v0__dlyb_1)
    10    0.064605    1.085767    1.463706    9.054619 ^ fanout37/Z (gf180mcu_fd_sc_mcu7t5v0__dlyb_1)
                                                         net37 (net)
                      1.085773    0.001537    9.056156 ^ _286_/A1 (gf180mcu_fd_sc_mcu7t5v0__nor3_1)
     1    0.003731    0.354817    0.147963    9.204120 v _286_/ZN (gf180mcu_fd_sc_mcu7t5v0__nor3_1)
                                                         _015_ (net)
                      0.354817    0.000037    9.204157 v _388_/D (gf180mcu_fd_sc_mcu7t5v0__dffrnq_1)
                                              9.204157   data arrival time

                                 20.000000   20.000000   clock clk_i (rise edge)
                                  0.000000   20.000000   clock source latency
     1    0.033738    0.170447    0.083910   20.083910 ^ clk_i (in)
                                                         clk_i (net)
                      0.170451    0.000000   20.083910 ^ clkbuf_0_clk_i/I (gf180mcu_fd_sc_mcu7t5v0__clkbuf_16)
     4    0.098155    0.156684    0.290923   20.374832 ^ clkbuf_0_clk_i/Z (gf180mcu_fd_sc_mcu7t5v0__clkbuf_16)
                                                         clknet_0_clk_i (net)
                      0.156685    0.000981   20.375814 ^ clkbuf_2_1__f_clk_i/I (gf180mcu_fd_sc_mcu7t5v0__clkbuf_16)
    10    0.057257    0.121377    0.260636   20.636450 ^ clkbuf_2_1__f_clk_i/Z (gf180mcu_fd_sc_mcu7t5v0__clkbuf_16)
                                                         clknet_2_1__leaf_clk_i (net)
                      0.121378    0.000469   20.636919 ^ _388_/CLK (gf180mcu_fd_sc_mcu7t5v0__dffrnq_1)
                                 -0.250000   20.386919   clock uncertainty
                                  0.000000   20.386919   clock reconvergence pessimism
                                 -0.202996   20.183922   library setup time
                                             20.183922   data required time
---------------------------------------------------------------------------------------------
                                             20.183922   data required time
                                             -9.204157   data arrival time
---------------------------------------------------------------------------------------------
                                             10.979766   slack (MET)


Startpoint: cfg_div_i[10] (input port clocked by clk_i)
Endpoint: _387_ (rising edge-triggered flip-flop clocked by clk_i)
Path Group: clk_i
Path Type: max

Fanout         Cap        Slew       Delay        Time   Description
---------------------------------------------------------------------------------------------
                                  0.000000    0.000000   clock clk_i (rise edge)
                                  0.000000    0.000000   clock network delay (propagated)
                                  4.000000    4.000000 v input external delay
     1    0.004404    0.069817    0.026970    4.026969 v cfg_div_i[10] (in)
                                                         cfg_div_i[10] (net)
                      0.069817    0.000000    4.026969 v input4/I (gf180mcu_fd_sc_mcu7t5v0__dlyb_1)
     3    0.022029    0.366153    1.116756    5.143726 v input4/Z (gf180mcu_fd_sc_mcu7t5v0__dlyb_1)
                                                         net4 (net)
                      0.366153    0.000381    5.144106 v _216_/A1 (gf180mcu_fd_sc_mcu7t5v0__xor2_1)
     1    0.004441    0.230135    0.498640    5.642746 v _216_/Z (gf180mcu_fd_sc_mcu7t5v0__xor2_1)
                                                         _073_ (net)
                      0.230135    0.000044    5.642791 v _224_/A4 (gf180mcu_fd_sc_mcu7t5v0__nor4_1)
     1    0.006457    0.694741    0.508632    6.151423 ^ _224_/ZN (gf180mcu_fd_sc_mcu7t5v0__nor4_1)
                                                         _081_ (net)
                      0.694741    0.000081    6.151505 ^ _226_/A2 (gf180mcu_fd_sc_mcu7t5v0__nand3_1)
     1    0.007108    0.326859    0.217714    6.369218 v _226_/ZN (gf180mcu_fd_sc_mcu7t5v0__nand3_1)
                                                         _083_ (net)
                      0.326859    0.000179    6.369398 v _229_/A3 (gf180mcu_fd_sc_mcu7t5v0__or4_1)
     2    0.008221    0.322152    0.863957    7.233355 v _229_/Z (gf180mcu_fd_sc_mcu7t5v0__or4_1)
                                                         _086_ (net)
                      0.322152    0.000112    7.233467 v _259_/A1 (gf180mcu_fd_sc_mcu7t5v0__nand3_1)
     2    0.017450    0.519058    0.357290    7.590757 ^ _259_/ZN (gf180mcu_fd_sc_mcu7t5v0__nand3_1)
                                                         _111_ (net)
                      0.519058    0.000155    7.590912 ^ fanout37/I (gf180mcu_fd_sc_mcu7t5v0__dlyb_1)
    10    0.064605    1.085767    1.463706    9.054619 ^ fanout37/Z (gf180mcu_fd_sc_mcu7t5v0__dlyb_1)
                                                         net37 (net)
                      1.085775    0.001679    9.056297 ^ _283_/A1 (gf180mcu_fd_sc_mcu7t5v0__nor2_1)
     1    0.003925    0.298501    0.116944    9.173241 v _283_/ZN (gf180mcu_fd_sc_mcu7t5v0__nor2_1)
                                                         _014_ (net)
                      0.298501    0.000041    9.173282 v _387_/D (gf180mcu_fd_sc_mcu7t5v0__dffrnq_1)
                                              9.173282   data arrival time

                                 20.000000   20.000000   clock clk_i (rise edge)
                                  0.000000   20.000000   clock source latency
     1    0.033738    0.170447    0.083910   20.083910 ^ clk_i (in)
                                                         clk_i (net)
                      0.170451    0.000000   20.083910 ^ clkbuf_0_clk_i/I (gf180mcu_fd_sc_mcu7t5v0__clkbuf_16)
     4    0.098155    0.156684    0.290923   20.374832 ^ clkbuf_0_clk_i/Z (gf180mcu_fd_sc_mcu7t5v0__clkbuf_16)
                                                         clknet_0_clk_i (net)
                      0.156684    0.000668   20.375502 ^ clkbuf_2_3__f_clk_i/I (gf180mcu_fd_sc_mcu7t5v0__clkbuf_16)
     9    0.048428    0.113818    0.254907   20.630407 ^ clkbuf_2_3__f_clk_i/Z (gf180mcu_fd_sc_mcu7t5v0__clkbuf_16)
                                                         clknet_2_3__leaf_clk_i (net)
                      0.113823    0.001352   20.631760 ^ _387_/CLK (gf180mcu_fd_sc_mcu7t5v0__dffrnq_1)
                                 -0.250000   20.381762   clock uncertainty
                                  0.000000   20.381762   clock reconvergence pessimism
                                 -0.188916   20.192844   library setup time
                                             20.192844   data required time
---------------------------------------------------------------------------------------------
                                             20.192844   data required time
                                             -9.173282   data arrival time
---------------------------------------------------------------------------------------------
                                             11.019564   slack (MET)


Startpoint: cfg_div_i[10] (input port clocked by clk_i)
Endpoint: _380_ (rising edge-triggered flip-flop clocked by clk_i)
Path Group: clk_i
Path Type: max

Fanout         Cap        Slew       Delay        Time   Description
---------------------------------------------------------------------------------------------
                                  0.000000    0.000000   clock clk_i (rise edge)
                                  0.000000    0.000000   clock network delay (propagated)
                                  4.000000    4.000000 v input external delay
     1    0.004404    0.069817    0.026970    4.026969 v cfg_div_i[10] (in)
                                                         cfg_div_i[10] (net)
                      0.069817    0.000000    4.026969 v input4/I (gf180mcu_fd_sc_mcu7t5v0__dlyb_1)
     3    0.022029    0.366153    1.116756    5.143726 v input4/Z (gf180mcu_fd_sc_mcu7t5v0__dlyb_1)
                                                         net4 (net)
                      0.366153    0.000381    5.144106 v _216_/A1 (gf180mcu_fd_sc_mcu7t5v0__xor2_1)
     1    0.004441    0.230135    0.498640    5.642746 v _216_/Z (gf180mcu_fd_sc_mcu7t5v0__xor2_1)
                                                         _073_ (net)
                      0.230135    0.000044    5.642791 v _224_/A4 (gf180mcu_fd_sc_mcu7t5v0__nor4_1)
     1    0.006457    0.694741    0.508632    6.151423 ^ _224_/ZN (gf180mcu_fd_sc_mcu7t5v0__nor4_1)
                                                         _081_ (net)
                      0.694741    0.000081    6.151505 ^ _226_/A2 (gf180mcu_fd_sc_mcu7t5v0__nand3_1)
     1    0.007108    0.326859    0.217714    6.369218 v _226_/ZN (gf180mcu_fd_sc_mcu7t5v0__nand3_1)
                                                         _083_ (net)
                      0.326859    0.000179    6.369398 v _229_/A3 (gf180mcu_fd_sc_mcu7t5v0__or4_1)
     2    0.008221    0.322152    0.863957    7.233355 v _229_/Z (gf180mcu_fd_sc_mcu7t5v0__or4_1)
                                                         _086_ (net)
                      0.322152    0.000112    7.233467 v _259_/A1 (gf180mcu_fd_sc_mcu7t5v0__nand3_1)
     2    0.017450    0.519058    0.357290    7.590757 ^ _259_/ZN (gf180mcu_fd_sc_mcu7t5v0__nand3_1)
                                                         _111_ (net)
                      0.519058    0.000155    7.590912 ^ fanout37/I (gf180mcu_fd_sc_mcu7t5v0__dlyb_1)
    10    0.064605    1.085767    1.463706    9.054619 ^ fanout37/Z (gf180mcu_fd_sc_mcu7t5v0__dlyb_1)
                                                         net37 (net)
                      1.085775    0.001733    9.056352 ^ _262_/A1 (gf180mcu_fd_sc_mcu7t5v0__nor2_1)
     1    0.003687    0.293691    0.112039    9.168390 v _262_/ZN (gf180mcu_fd_sc_mcu7t5v0__nor2_1)
                                                         _007_ (net)
                      0.293691    0.000037    9.168428 v _380_/D (gf180mcu_fd_sc_mcu7t5v0__dffrnq_1)
                                              9.168428   data arrival time

                                 20.000000   20.000000   clock clk_i (rise edge)
                                  0.000000   20.000000   clock source latency
     1    0.033738    0.170447    0.083910   20.083910 ^ clk_i (in)
                                                         clk_i (net)
                      0.170451    0.000000   20.083910 ^ clkbuf_0_clk_i/I (gf180mcu_fd_sc_mcu7t5v0__clkbuf_16)
     4    0.098155    0.156684    0.290923   20.374832 ^ clkbuf_0_clk_i/Z (gf180mcu_fd_sc_mcu7t5v0__clkbuf_16)
                                                         clknet_0_clk_i (net)
                      0.156685    0.000981   20.375814 ^ clkbuf_2_0__f_clk_i/I (gf180mcu_fd_sc_mcu7t5v0__clkbuf_16)
    10    0.053113    0.117791    0.257714   20.633528 ^ clkbuf_2_0__f_clk_i/Z (gf180mcu_fd_sc_mcu7t5v0__clkbuf_16)
                                                         clknet_2_0__leaf_clk_i (net)
                      0.117807    0.002366   20.635893 ^ _380_/CLK (gf180mcu_fd_sc_mcu7t5v0__dffrnq_1)
                                 -0.250000   20.385895   clock uncertainty
                                  0.000000   20.385895   clock reconvergence pessimism
                                 -0.186756   20.199139   library setup time
                                             20.199139   data required time
---------------------------------------------------------------------------------------------
                                             20.199139   data required time
                                             -9.168428   data arrival time
---------------------------------------------------------------------------------------------
                                             11.030711   slack (MET)


Startpoint: cfg_div_i[10] (input port clocked by clk_i)
Endpoint: _383_ (rising edge-triggered flip-flop clocked by clk_i)
Path Group: clk_i
Path Type: max

Fanout         Cap        Slew       Delay        Time   Description
---------------------------------------------------------------------------------------------
                                  0.000000    0.000000   clock clk_i (rise edge)
                                  0.000000    0.000000   clock network delay (propagated)
                                  4.000000    4.000000 v input external delay
     1    0.004404    0.069817    0.026970    4.026969 v cfg_div_i[10] (in)
                                                         cfg_div_i[10] (net)
                      0.069817    0.000000    4.026969 v input4/I (gf180mcu_fd_sc_mcu7t5v0__dlyb_1)
     3    0.022029    0.366153    1.116756    5.143726 v input4/Z (gf180mcu_fd_sc_mcu7t5v0__dlyb_1)
                                                         net4 (net)
                      0.366153    0.000381    5.144106 v _216_/A1 (gf180mcu_fd_sc_mcu7t5v0__xor2_1)
     1    0.004441    0.230135    0.498640    5.642746 v _216_/Z (gf180mcu_fd_sc_mcu7t5v0__xor2_1)
                                                         _073_ (net)
                      0.230135    0.000044    5.642791 v _224_/A4 (gf180mcu_fd_sc_mcu7t5v0__nor4_1)
     1    0.006457    0.694741    0.508632    6.151423 ^ _224_/ZN (gf180mcu_fd_sc_mcu7t5v0__nor4_1)
                                                         _081_ (net)
                      0.694741    0.000081    6.151505 ^ _226_/A2 (gf180mcu_fd_sc_mcu7t5v0__nand3_1)
     1    0.007108    0.326859    0.217714    6.369218 v _226_/ZN (gf180mcu_fd_sc_mcu7t5v0__nand3_1)
                                                         _083_ (net)
                      0.326859    0.000179    6.369398 v _229_/A3 (gf180mcu_fd_sc_mcu7t5v0__or4_1)
     2    0.008221    0.322152    0.863957    7.233355 v _229_/Z (gf180mcu_fd_sc_mcu7t5v0__or4_1)
                                                         _086_ (net)
                      0.322152    0.000112    7.233467 v _259_/A1 (gf180mcu_fd_sc_mcu7t5v0__nand3_1)
     2    0.017450    0.519058    0.357290    7.590757 ^ _259_/ZN (gf180mcu_fd_sc_mcu7t5v0__nand3_1)
                                                         _111_ (net)
                      0.519058    0.000155    7.590912 ^ fanout37/I (gf180mcu_fd_sc_mcu7t5v0__dlyb_1)
    10    0.064605    1.085767    1.463706    9.054619 ^ fanout37/Z (gf180mcu_fd_sc_mcu7t5v0__dlyb_1)
                                                         net37 (net)
                      1.085774    0.001626    9.056245 ^ _270_/A1 (gf180mcu_fd_sc_mcu7t5v0__nor2_1)
     1    0.003496    0.289835    0.108106    9.164351 v _270_/ZN (gf180mcu_fd_sc_mcu7t5v0__nor2_1)
                                                         _010_ (net)
                      0.289835    0.000034    9.164384 v _383_/D (gf180mcu_fd_sc_mcu7t5v0__dffrnq_1)
                                              9.164384   data arrival time

                                 20.000000   20.000000   clock clk_i (rise edge)
                                  0.000000   20.000000   clock source latency
     1    0.033738    0.170447    0.083910   20.083910 ^ clk_i (in)
                                                         clk_i (net)
                      0.170451    0.000000   20.083910 ^ clkbuf_0_clk_i/I (gf180mcu_fd_sc_mcu7t5v0__clkbuf_16)
     4    0.098155    0.156684    0.290923   20.374832 ^ clkbuf_0_clk_i/Z (gf180mcu_fd_sc_mcu7t5v0__clkbuf_16)
                                                         clknet_0_clk_i (net)
                      0.156685    0.000981   20.375814 ^ clkbuf_2_0__f_clk_i/I (gf180mcu_fd_sc_mcu7t5v0__clkbuf_16)
    10    0.053113    0.117791    0.257714   20.633528 ^ clkbuf_2_0__f_clk_i/Z (gf180mcu_fd_sc_mcu7t5v0__clkbuf_16)
                                                         clknet_2_0__leaf_clk_i (net)
                      0.117804    0.002135   20.635662 ^ _383_/CLK (gf180mcu_fd_sc_mcu7t5v0__dffrnq_1)
                                 -0.250000   20.385664   clock uncertainty
                                  0.000000   20.385664   clock reconvergence pessimism
                                 -0.185671   20.199991   library setup time
                                             20.199991   data required time
---------------------------------------------------------------------------------------------
                                             20.199991   data required time
                                             -9.164384   data arrival time
---------------------------------------------------------------------------------------------
                                             11.035607   slack (MET)


Startpoint: cfg_div_i[10] (input port clocked by clk_i)
Endpoint: _385_ (rising edge-triggered flip-flop clocked by clk_i)
Path Group: clk_i
Path Type: max

Fanout         Cap        Slew       Delay        Time   Description
---------------------------------------------------------------------------------------------
                                  0.000000    0.000000   clock clk_i (rise edge)
                                  0.000000    0.000000   clock network delay (propagated)
                                  4.000000    4.000000 v input external delay
     1    0.004404    0.069817    0.026970    4.026969 v cfg_div_i[10] (in)
                                                         cfg_div_i[10] (net)
                      0.069817    0.000000    4.026969 v input4/I (gf180mcu_fd_sc_mcu7t5v0__dlyb_1)
     3    0.022029    0.366153    1.116756    5.143726 v input4/Z (gf180mcu_fd_sc_mcu7t5v0__dlyb_1)
                                                         net4 (net)
                      0.366153    0.000381    5.144106 v _216_/A1 (gf180mcu_fd_sc_mcu7t5v0__xor2_1)
     1    0.004441    0.230135    0.498640    5.642746 v _216_/Z (gf180mcu_fd_sc_mcu7t5v0__xor2_1)
                                                         _073_ (net)
                      0.230135    0.000044    5.642791 v _224_/A4 (gf180mcu_fd_sc_mcu7t5v0__nor4_1)
     1    0.006457    0.694741    0.508632    6.151423 ^ _224_/ZN (gf180mcu_fd_sc_mcu7t5v0__nor4_1)
                                                         _081_ (net)
                      0.694741    0.000081    6.151505 ^ _226_/A2 (gf180mcu_fd_sc_mcu7t5v0__nand3_1)
     1    0.007108    0.326859    0.217714    6.369218 v _226_/ZN (gf180mcu_fd_sc_mcu7t5v0__nand3_1)
                                                         _083_ (net)
                      0.326859    0.000179    6.369398 v _229_/A3 (gf180mcu_fd_sc_mcu7t5v0__or4_1)
     2    0.008221    0.322152    0.863957    7.233355 v _229_/Z (gf180mcu_fd_sc_mcu7t5v0__or4_1)
                                                         _086_ (net)
                      0.322152    0.000112    7.233467 v _259_/A1 (gf180mcu_fd_sc_mcu7t5v0__nand3_1)
     2    0.017450    0.519058    0.357290    7.590757 ^ _259_/ZN (gf180mcu_fd_sc_mcu7t5v0__nand3_1)
                                                         _111_ (net)
                      0.519058    0.000155    7.590912 ^ fanout37/I (gf180mcu_fd_sc_mcu7t5v0__dlyb_1)
    10    0.064605    1.085767    1.463706    9.054619 ^ fanout37/Z (gf180mcu_fd_sc_mcu7t5v0__dlyb_1)
                                                         net37 (net)
                      1.085767    0.000803    9.055422 ^ _277_/A1 (gf180mcu_fd_sc_mcu7t5v0__nor2_1)
     1    0.003499    0.289886    0.108160    9.163581 v _277_/ZN (gf180mcu_fd_sc_mcu7t5v0__nor2_1)
                                                         _012_ (net)
                      0.289886    0.000034    9.163615 v _385_/D (gf180mcu_fd_sc_mcu7t5v0__dffrnq_1)
                                              9.163615   data arrival time

                                 20.000000   20.000000   clock clk_i (rise edge)
                                  0.000000   20.000000   clock source latency
     1    0.033738    0.170447    0.083910   20.083910 ^ clk_i (in)
                                                         clk_i (net)
                      0.170451    0.000000   20.083910 ^ clkbuf_0_clk_i/I (gf180mcu_fd_sc_mcu7t5v0__clkbuf_16)
     4    0.098155    0.156684    0.290923   20.374832 ^ clkbuf_0_clk_i/Z (gf180mcu_fd_sc_mcu7t5v0__clkbuf_16)
                                                         clknet_0_clk_i (net)
                      0.156685    0.000981   20.375814 ^ clkbuf_2_0__f_clk_i/I (gf180mcu_fd_sc_mcu7t5v0__clkbuf_16)
    10    0.053113    0.117791    0.257714   20.633528 ^ clkbuf_2_0__f_clk_i/Z (gf180mcu_fd_sc_mcu7t5v0__clkbuf_16)
                                                         clknet_2_0__leaf_clk_i (net)
                      0.117800    0.001798   20.635324 ^ _385_/CLK (gf180mcu_fd_sc_mcu7t5v0__dffrnq_1)
                                 -0.250000   20.385326   clock uncertainty
                                  0.000000   20.385326   clock reconvergence pessimism
                                 -0.185687   20.199640   library setup time
                                             20.199640   data required time
---------------------------------------------------------------------------------------------
                                             20.199640   data required time
                                             -9.163615   data arrival time
---------------------------------------------------------------------------------------------
                                             11.036025   slack (MET)


Startpoint: cfg_div_i[10] (input port clocked by clk_i)
Endpoint: _394_ (rising edge-triggered flip-flop clocked by clk_i)
Path Group: clk_i
Path Type: max

Fanout         Cap        Slew       Delay        Time   Description
---------------------------------------------------------------------------------------------
                                  0.000000    0.000000   clock clk_i (rise edge)
                                  0.000000    0.000000   clock network delay (propagated)
                                  4.000000    4.000000 v input external delay
     1    0.004404    0.069817    0.026970    4.026969 v cfg_div_i[10] (in)
                                                         cfg_div_i[10] (net)
                      0.069817    0.000000    4.026969 v input4/I (gf180mcu_fd_sc_mcu7t5v0__dlyb_1)
     3    0.022029    0.366153    1.116756    5.143726 v input4/Z (gf180mcu_fd_sc_mcu7t5v0__dlyb_1)
                                                         net4 (net)
                      0.366153    0.000381    5.144106 v _216_/A1 (gf180mcu_fd_sc_mcu7t5v0__xor2_1)
     1    0.004441    0.230135    0.498640    5.642746 v _216_/Z (gf180mcu_fd_sc_mcu7t5v0__xor2_1)
                                                         _073_ (net)
                      0.230135    0.000044    5.642791 v _224_/A4 (gf180mcu_fd_sc_mcu7t5v0__nor4_1)
     1    0.006457    0.694741    0.508632    6.151423 ^ _224_/ZN (gf180mcu_fd_sc_mcu7t5v0__nor4_1)
                                                         _081_ (net)
                      0.694741    0.000081    6.151505 ^ _226_/A2 (gf180mcu_fd_sc_mcu7t5v0__nand3_1)
     1    0.007108    0.326859    0.217714    6.369218 v _226_/ZN (gf180mcu_fd_sc_mcu7t5v0__nand3_1)
                                                         _083_ (net)
                      0.326859    0.000179    6.369398 v _229_/A3 (gf180mcu_fd_sc_mcu7t5v0__or4_1)
     2    0.008221    0.322152    0.863957    7.233355 v _229_/Z (gf180mcu_fd_sc_mcu7t5v0__or4_1)
                                                         _086_ (net)
                      0.322152    0.000112    7.233467 v _259_/A1 (gf180mcu_fd_sc_mcu7t5v0__nand3_1)
     2    0.017450    0.519058    0.357290    7.590757 ^ _259_/ZN (gf180mcu_fd_sc_mcu7t5v0__nand3_1)
                                                         _111_ (net)
                      0.519058    0.000368    7.591125 ^ fanout38/I (gf180mcu_fd_sc_mcu7t5v0__dlyb_1)
     5    0.028803    0.521972    1.134300    8.725424 ^ fanout38/Z (gf180mcu_fd_sc_mcu7t5v0__dlyb_1)
                                                         net38 (net)
                      0.521972    0.000528    8.725952 ^ _305_/C (gf180mcu_fd_sc_mcu7t5v0__aoi211_1)
     1    0.003349    0.345080    0.267735    8.993687 v _305_/ZN (gf180mcu_fd_sc_mcu7t5v0__aoi211_1)
                                                         _006_ (net)
                      0.345080    0.000032    8.993719 v _394_/D (gf180mcu_fd_sc_mcu7t5v0__dffrnq_1)
                                              8.993719   data arrival time

                                 20.000000   20.000000   clock clk_i (rise edge)
                                  0.000000   20.000000   clock source latency
     1    0.033738    0.170447    0.083910   20.083910 ^ clk_i (in)
                                                         clk_i (net)
                      0.170451    0.000000   20.083910 ^ clkbuf_0_clk_i/I (gf180mcu_fd_sc_mcu7t5v0__clkbuf_16)
     4    0.098155    0.156684    0.290923   20.374832 ^ clkbuf_0_clk_i/Z (gf180mcu_fd_sc_mcu7t5v0__clkbuf_16)
                                                         clknet_0_clk_i (net)
                      0.156685    0.000981   20.375814 ^ clkbuf_2_1__f_clk_i/I (gf180mcu_fd_sc_mcu7t5v0__clkbuf_16)
    10    0.057257    0.121377    0.260636   20.636450 ^ clkbuf_2_1__f_clk_i/Z (gf180mcu_fd_sc_mcu7t5v0__clkbuf_16)
                                                         clknet_2_1__leaf_clk_i (net)
                      0.121386    0.001741   20.638191 ^ _394_/CLK (gf180mcu_fd_sc_mcu7t5v0__dffrnq_1)
                                 -0.250000   20.388191   clock uncertainty
                                  0.000000   20.388191   clock reconvergence pessimism
                                 -0.200335   20.187855   library setup time
                                             20.187855   data required time
---------------------------------------------------------------------------------------------
                                             20.187855   data required time
                                             -8.993719   data arrival time
---------------------------------------------------------------------------------------------
                                             11.194137   slack (MET)


Startpoint: _365_ (rising edge-triggered flip-flop clocked by clk_i)
Endpoint: rx_valid_o (output port clocked by clk_i)
Path Group: clk_i
Path Type: max

Fanout         Cap        Slew       Delay        Time   Description
---------------------------------------------------------------------------------------------
                                  0.000000    0.000000   clock clk_i (rise edge)
                                  0.000000    0.000000   clock source latency
     1    0.033738    0.170447    0.083909    0.083909 ^ clk_i (in)
                                                         clk_i (net)
                      0.170451    0.000000    0.083909 ^ clkbuf_0_clk_i/I (gf180mcu_fd_sc_mcu7t5v0__clkbuf_16)
     4    0.098155    0.156684    0.290924    0.374833 ^ clkbuf_0_clk_i/Z (gf180mcu_fd_sc_mcu7t5v0__clkbuf_16)
                                                         clknet_0_clk_i (net)
                      0.156684    0.000339    0.375172 ^ clkbuf_2_2__f_clk_i/I (gf180mcu_fd_sc_mcu7t5v0__clkbuf_16)
    10    0.055384    0.119815    0.259620    0.634792 ^ clkbuf_2_2__f_clk_i/Z (gf180mcu_fd_sc_mcu7t5v0__clkbuf_16)
                                                         clknet_2_2__leaf_clk_i (net)
                      0.119817    0.000830    0.635622 ^ _365_/CLK (gf180mcu_fd_sc_mcu7t5v0__dffrnq_1)
     7    0.047927    0.824948    1.292671    1.928293 ^ _365_/Q (gf180mcu_fd_sc_mcu7t5v0__dffrnq_1)
                                                         CS[1] (net)
                      0.824954    0.001327    1.929620 ^ _201_/A1 (gf180mcu_fd_sc_mcu7t5v0__nor2_1)
     4    0.024284    0.494205    0.384436    2.314056 v _201_/ZN (gf180mcu_fd_sc_mcu7t5v0__nor2_1)
                                                         _059_ (net)
                      0.494205    0.000508    2.314564 v _254_/A3 (gf180mcu_fd_sc_mcu7t5v0__nand3_1)
     3    0.013850    0.467291    0.413545    2.728109 ^ _254_/ZN (gf180mcu_fd_sc_mcu7t5v0__nand3_1)
                                                         _110_ (net)
                      0.467291    0.000199    2.728308 ^ _255_/A2 (gf180mcu_fd_sc_mcu7t5v0__nor2_1)
     2    0.007682    0.255380    0.201960    2.930269 v _255_/ZN (gf180mcu_fd_sc_mcu7t5v0__nor2_1)
                                                         net36 (net)
                      0.255380    0.000086    2.930355 v output36/I (gf180mcu_fd_sc_mcu7t5v0__dlyb_1)
     1    0.074069    0.811442    1.531605    4.461960 v output36/Z (gf180mcu_fd_sc_mcu7t5v0__dlyb_1)
                                                         rx_valid_o (net)
                      0.811445    0.000859    4.462819 v rx_valid_o (out)
                                              4.462819   data arrival time

                                 20.000000   20.000000   clock clk_i (rise edge)
                                  0.000000   20.000000   clock network delay (propagated)
                                 -0.250000   19.750002   clock uncertainty
                                  0.000000   19.750002   clock reconvergence pessimism
                                 -4.000000   15.750001   output external delay
                                             15.750001   data required time
---------------------------------------------------------------------------------------------
                                             15.750001   data required time
                                             -4.462819   data arrival time
---------------------------------------------------------------------------------------------
                                             11.287182   slack (MET)


Startpoint: cfg_div_i[10] (input port clocked by clk_i)
Endpoint: _392_ (rising edge-triggered flip-flop clocked by clk_i)
Path Group: clk_i
Path Type: max

Fanout         Cap        Slew       Delay        Time   Description
---------------------------------------------------------------------------------------------
                                  0.000000    0.000000   clock clk_i (rise edge)
                                  0.000000    0.000000   clock network delay (propagated)
                                  4.000000    4.000000 v input external delay
     1    0.004404    0.069817    0.026970    4.026969 v cfg_div_i[10] (in)
                                                         cfg_div_i[10] (net)
                      0.069817    0.000000    4.026969 v input4/I (gf180mcu_fd_sc_mcu7t5v0__dlyb_1)
     3    0.022029    0.366153    1.116756    5.143726 v input4/Z (gf180mcu_fd_sc_mcu7t5v0__dlyb_1)
                                                         net4 (net)
                      0.366153    0.000381    5.144106 v _216_/A1 (gf180mcu_fd_sc_mcu7t5v0__xor2_1)
     1    0.004441    0.230135    0.498640    5.642746 v _216_/Z (gf180mcu_fd_sc_mcu7t5v0__xor2_1)
                                                         _073_ (net)
                      0.230135    0.000044    5.642791 v _224_/A4 (gf180mcu_fd_sc_mcu7t5v0__nor4_1)
     1    0.006457    0.694741    0.508632    6.151423 ^ _224_/ZN (gf180mcu_fd_sc_mcu7t5v0__nor4_1)
                                                         _081_ (net)
                      0.694741    0.000081    6.151505 ^ _226_/A2 (gf180mcu_fd_sc_mcu7t5v0__nand3_1)
     1    0.007108    0.326859    0.217714    6.369218 v _226_/ZN (gf180mcu_fd_sc_mcu7t5v0__nand3_1)
                                                         _083_ (net)
                      0.326859    0.000179    6.369398 v _229_/A3 (gf180mcu_fd_sc_mcu7t5v0__or4_1)
     2    0.008221    0.322152    0.863957    7.233355 v _229_/Z (gf180mcu_fd_sc_mcu7t5v0__or4_1)
                                                         _086_ (net)
                      0.322152    0.000112    7.233467 v _259_/A1 (gf180mcu_fd_sc_mcu7t5v0__nand3_1)
     2    0.017450    0.519058    0.357290    7.590757 ^ _259_/ZN (gf180mcu_fd_sc_mcu7t5v0__nand3_1)
                                                         _111_ (net)
                      0.519058    0.000368    7.591125 ^ fanout38/I (gf180mcu_fd_sc_mcu7t5v0__dlyb_1)
     5    0.028803    0.521972    1.134300    8.725424 ^ fanout38/Z (gf180mcu_fd_sc_mcu7t5v0__dlyb_1)
                                                         net38 (net)
                      0.521972    0.000484    8.725908 ^ _300_/A1 (gf180mcu_fd_sc_mcu7t5v0__nor3_1)
     1    0.003760    0.412195    0.154150    8.880058 v _300_/ZN (gf180mcu_fd_sc_mcu7t5v0__nor3_1)
                                                         _004_ (net)
                      0.412195    0.000037    8.880096 v _392_/D (gf180mcu_fd_sc_mcu7t5v0__dffrnq_1)
                                              8.880096   data arrival time

                                 20.000000   20.000000   clock clk_i (rise edge)
                                  0.000000   20.000000   clock source latency
     1    0.033738    0.170447    0.083910   20.083910 ^ clk_i (in)
                                                         clk_i (net)
                      0.170451    0.000000   20.083910 ^ clkbuf_0_clk_i/I (gf180mcu_fd_sc_mcu7t5v0__clkbuf_16)
     4    0.098155    0.156684    0.290923   20.374832 ^ clkbuf_0_clk_i/Z (gf180mcu_fd_sc_mcu7t5v0__clkbuf_16)
                                                         clknet_0_clk_i (net)
                      0.156685    0.000981   20.375814 ^ clkbuf_2_1__f_clk_i/I (gf180mcu_fd_sc_mcu7t5v0__clkbuf_16)
    10    0.057257    0.121377    0.260636   20.636450 ^ clkbuf_2_1__f_clk_i/Z (gf180mcu_fd_sc_mcu7t5v0__clkbuf_16)
                                                         clknet_2_1__leaf_clk_i (net)
                      0.121385    0.001712   20.638163 ^ _392_/CLK (gf180mcu_fd_sc_mcu7t5v0__dffrnq_1)
                                 -0.250000   20.388163   clock uncertainty
                                  0.000000   20.388163   clock reconvergence pessimism
                                 -0.218667   20.169495   library setup time
                                             20.169495   data required time
---------------------------------------------------------------------------------------------
                                             20.169495   data required time
                                             -8.880096   data arrival time
---------------------------------------------------------------------------------------------
                                             11.289399   slack (MET)


Startpoint: cfg_div_i[10] (input port clocked by clk_i)
Endpoint: _390_ (rising edge-triggered flip-flop clocked by clk_i)
Path Group: clk_i
Path Type: max

Fanout         Cap        Slew       Delay        Time   Description
---------------------------------------------------------------------------------------------
                                  0.000000    0.000000   clock clk_i (rise edge)
                                  0.000000    0.000000   clock network delay (propagated)
                                  4.000000    4.000000 v input external delay
     1    0.004404    0.069817    0.026970    4.026969 v cfg_div_i[10] (in)
                                                         cfg_div_i[10] (net)
                      0.069817    0.000000    4.026969 v input4/I (gf180mcu_fd_sc_mcu7t5v0__dlyb_1)
     3    0.022029    0.366153    1.116756    5.143726 v input4/Z (gf180mcu_fd_sc_mcu7t5v0__dlyb_1)
                                                         net4 (net)
                      0.366153    0.000381    5.144106 v _216_/A1 (gf180mcu_fd_sc_mcu7t5v0__xor2_1)
     1    0.004441    0.230135    0.498640    5.642746 v _216_/Z (gf180mcu_fd_sc_mcu7t5v0__xor2_1)
                                                         _073_ (net)
                      0.230135    0.000044    5.642791 v _224_/A4 (gf180mcu_fd_sc_mcu7t5v0__nor4_1)
     1    0.006457    0.694741    0.508632    6.151423 ^ _224_/ZN (gf180mcu_fd_sc_mcu7t5v0__nor4_1)
                                                         _081_ (net)
                      0.694741    0.000081    6.151505 ^ _226_/A2 (gf180mcu_fd_sc_mcu7t5v0__nand3_1)
     1    0.007108    0.326859    0.217714    6.369218 v _226_/ZN (gf180mcu_fd_sc_mcu7t5v0__nand3_1)
                                                         _083_ (net)
                      0.326859    0.000179    6.369398 v _229_/A3 (gf180mcu_fd_sc_mcu7t5v0__or4_1)
     2    0.008221    0.322152    0.863957    7.233355 v _229_/Z (gf180mcu_fd_sc_mcu7t5v0__or4_1)
                                                         _086_ (net)
                      0.322152    0.000112    7.233467 v _259_/A1 (gf180mcu_fd_sc_mcu7t5v0__nand3_1)
     2    0.017450    0.519058    0.357290    7.590757 ^ _259_/ZN (gf180mcu_fd_sc_mcu7t5v0__nand3_1)
                                                         _111_ (net)
                      0.519058    0.000368    7.591125 ^ fanout38/I (gf180mcu_fd_sc_mcu7t5v0__dlyb_1)
     5    0.028803    0.521972    1.134300    8.725424 ^ fanout38/Z (gf180mcu_fd_sc_mcu7t5v0__dlyb_1)
                                                         net38 (net)
                      0.521972    0.000187    8.725612 ^ _294_/A1 (gf180mcu_fd_sc_mcu7t5v0__nor3_1)
     1    0.003844    0.364628    0.155386    8.880998 v _294_/ZN (gf180mcu_fd_sc_mcu7t5v0__nor3_1)
                                                         _002_ (net)
                      0.364628    0.000040    8.881038 v _390_/D (gf180mcu_fd_sc_mcu7t5v0__dffrnq_1)
                                              8.881038   data arrival time

                                 20.000000   20.000000   clock clk_i (rise edge)
                                  0.000000   20.000000   clock source latency
     1    0.033738    0.170447    0.083910   20.083910 ^ clk_i (in)
                                                         clk_i (net)
                      0.170451    0.000000   20.083910 ^ clkbuf_0_clk_i/I (gf180mcu_fd_sc_mcu7t5v0__clkbuf_16)
     4    0.098155    0.156684    0.290923   20.374832 ^ clkbuf_0_clk_i/Z (gf180mcu_fd_sc_mcu7t5v0__clkbuf_16)
                                                         clknet_0_clk_i (net)
                      0.156685    0.000981   20.375814 ^ clkbuf_2_1__f_clk_i/I (gf180mcu_fd_sc_mcu7t5v0__clkbuf_16)
    10    0.057257    0.121377    0.260636   20.636450 ^ clkbuf_2_1__f_clk_i/Z (gf180mcu_fd_sc_mcu7t5v0__clkbuf_16)
                                                         clknet_2_1__leaf_clk_i (net)
                      0.121387    0.001840   20.638290 ^ _390_/CLK (gf180mcu_fd_sc_mcu7t5v0__dffrnq_1)
                                 -0.250000   20.388290   clock uncertainty
                                  0.000000   20.388290   clock reconvergence pessimism
                                 -0.205674   20.182617   library setup time
                                             20.182617   data required time
---------------------------------------------------------------------------------------------
                                             20.182617   data required time
                                             -8.881038   data arrival time
---------------------------------------------------------------------------------------------
                                             11.301579   slack (MET)


Startpoint: cfg_div_i[10] (input port clocked by clk_i)
Endpoint: _393_ (rising edge-triggered flip-flop clocked by clk_i)
Path Group: clk_i
Path Type: max

Fanout         Cap        Slew       Delay        Time   Description
---------------------------------------------------------------------------------------------
                                  0.000000    0.000000   clock clk_i (rise edge)
                                  0.000000    0.000000   clock network delay (propagated)
                                  4.000000    4.000000 v input external delay
     1    0.004404    0.069817    0.026970    4.026969 v cfg_div_i[10] (in)
                                                         cfg_div_i[10] (net)
                      0.069817    0.000000    4.026969 v input4/I (gf180mcu_fd_sc_mcu7t5v0__dlyb_1)
     3    0.022029    0.366153    1.116756    5.143726 v input4/Z (gf180mcu_fd_sc_mcu7t5v0__dlyb_1)
                                                         net4 (net)
                      0.366153    0.000381    5.144106 v _216_/A1 (gf180mcu_fd_sc_mcu7t5v0__xor2_1)
     1    0.004441    0.230135    0.498640    5.642746 v _216_/Z (gf180mcu_fd_sc_mcu7t5v0__xor2_1)
                                                         _073_ (net)
                      0.230135    0.000044    5.642791 v _224_/A4 (gf180mcu_fd_sc_mcu7t5v0__nor4_1)
     1    0.006457    0.694741    0.508632    6.151423 ^ _224_/ZN (gf180mcu_fd_sc_mcu7t5v0__nor4_1)
                                                         _081_ (net)
                      0.694741    0.000081    6.151505 ^ _226_/A2 (gf180mcu_fd_sc_mcu7t5v0__nand3_1)
     1    0.007108    0.326859    0.217714    6.369218 v _226_/ZN (gf180mcu_fd_sc_mcu7t5v0__nand3_1)
                                                         _083_ (net)
                      0.326859    0.000179    6.369398 v _229_/A3 (gf180mcu_fd_sc_mcu7t5v0__or4_1)
     2    0.008221    0.322152    0.863957    7.233355 v _229_/Z (gf180mcu_fd_sc_mcu7t5v0__or4_1)
                                                         _086_ (net)
                      0.322152    0.000112    7.233467 v _259_/A1 (gf180mcu_fd_sc_mcu7t5v0__nand3_1)
     2    0.017450    0.519058    0.357290    7.590757 ^ _259_/ZN (gf180mcu_fd_sc_mcu7t5v0__nand3_1)
                                                         _111_ (net)
                      0.519058    0.000368    7.591125 ^ fanout38/I (gf180mcu_fd_sc_mcu7t5v0__dlyb_1)
     5    0.028803    0.521972    1.134300    8.725424 ^ fanout38/Z (gf180mcu_fd_sc_mcu7t5v0__dlyb_1)
                                                         net38 (net)
                      0.521972    0.000498    8.725923 ^ _303_/A1 (gf180mcu_fd_sc_mcu7t5v0__nor3_1)
     1    0.003417    0.222287    0.148733    8.874655 v _303_/ZN (gf180mcu_fd_sc_mcu7t5v0__nor3_1)
                                                         _005_ (net)
                      0.222287    0.000033    8.874688 v _393_/D (gf180mcu_fd_sc_mcu7t5v0__dffrnq_1)
                                              8.874688   data arrival time

                                 20.000000   20.000000   clock clk_i (rise edge)
                                  0.000000   20.000000   clock source latency
     1    0.033738    0.170447    0.083910   20.083910 ^ clk_i (in)
                                                         clk_i (net)
                      0.170451    0.000000   20.083910 ^ clkbuf_0_clk_i/I (gf180mcu_fd_sc_mcu7t5v0__clkbuf_16)
     4    0.098155    0.156684    0.290923   20.374832 ^ clkbuf_0_clk_i/Z (gf180mcu_fd_sc_mcu7t5v0__clkbuf_16)
                                                         clknet_0_clk_i (net)
                      0.156685    0.000981   20.375814 ^ clkbuf_2_1__f_clk_i/I (gf180mcu_fd_sc_mcu7t5v0__clkbuf_16)
    10    0.057257    0.121377    0.260636   20.636450 ^ clkbuf_2_1__f_clk_i/Z (gf180mcu_fd_sc_mcu7t5v0__clkbuf_16)
                                                         clknet_2_1__leaf_clk_i (net)
                      0.121386    0.001741   20.638191 ^ _393_/CLK (gf180mcu_fd_sc_mcu7t5v0__dffrnq_1)
                                 -0.250000   20.388191   clock uncertainty
                                  0.000000   20.388191   clock reconvergence pessimism
                                 -0.165982   20.222208   library setup time
                                             20.222208   data required time
---------------------------------------------------------------------------------------------
                                             20.222208   data required time
                                             -8.874688   data arrival time
---------------------------------------------------------------------------------------------
                                             11.347521   slack (MET)


Startpoint: _365_ (rising edge-triggered flip-flop clocked by clk_i)
Endpoint: err_parity_o (output port clocked by clk_i)
Path Group: clk_i
Path Type: max

Fanout         Cap        Slew       Delay        Time   Description
---------------------------------------------------------------------------------------------
                                  0.000000    0.000000   clock clk_i (rise edge)
                                  0.000000    0.000000   clock source latency
     1    0.033738    0.170447    0.083909    0.083909 ^ clk_i (in)
                                                         clk_i (net)
                      0.170451    0.000000    0.083909 ^ clkbuf_0_clk_i/I (gf180mcu_fd_sc_mcu7t5v0__clkbuf_16)
     4    0.098155    0.156684    0.290924    0.374833 ^ clkbuf_0_clk_i/Z (gf180mcu_fd_sc_mcu7t5v0__clkbuf_16)
                                                         clknet_0_clk_i (net)
                      0.156684    0.000339    0.375172 ^ clkbuf_2_2__f_clk_i/I (gf180mcu_fd_sc_mcu7t5v0__clkbuf_16)
    10    0.055384    0.119815    0.259620    0.634792 ^ clkbuf_2_2__f_clk_i/Z (gf180mcu_fd_sc_mcu7t5v0__clkbuf_16)
                                                         clknet_2_2__leaf_clk_i (net)
                      0.119817    0.000830    0.635622 ^ _365_/CLK (gf180mcu_fd_sc_mcu7t5v0__dffrnq_1)
     7    0.047927    0.824948    1.292671    1.928293 ^ _365_/Q (gf180mcu_fd_sc_mcu7t5v0__dffrnq_1)
                                                         CS[1] (net)
                      0.824954    0.001327    1.929620 ^ _201_/A1 (gf180mcu_fd_sc_mcu7t5v0__nor2_1)
     4    0.024284    0.494205    0.384436    2.314056 v _201_/ZN (gf180mcu_fd_sc_mcu7t5v0__nor2_1)
                                                         _059_ (net)
                      0.494205    0.000508    2.314564 v _254_/A3 (gf180mcu_fd_sc_mcu7t5v0__nand3_1)
     3    0.013850    0.467291    0.413545    2.728109 ^ _254_/ZN (gf180mcu_fd_sc_mcu7t5v0__nand3_1)
                                                         _110_ (net)
                      0.467291    0.000187    2.728296 ^ _258_/A2 (gf180mcu_fd_sc_mcu7t5v0__nor2_1)
     1    0.003168    0.204448    0.149111    2.877406 v _258_/ZN (gf180mcu_fd_sc_mcu7t5v0__nor2_1)
                                                         net27 (net)
                      0.204448    0.000030    2.877437 v output27/I (gf180mcu_fd_sc_mcu7t5v0__dlyb_1)
     1    0.074388    0.814103    1.515054    4.392490 v output27/Z (gf180mcu_fd_sc_mcu7t5v0__dlyb_1)
                                                         err_parity_o (net)
                      0.814106    0.000982    4.393472 v err_parity_o (out)
                                              4.393472   data arrival time

                                 20.000000   20.000000   clock clk_i (rise edge)
                                  0.000000   20.000000   clock network delay (propagated)
                                 -0.250000   19.750002   clock uncertainty
                                  0.000000   19.750002   clock reconvergence pessimism
                                 -4.000000   15.750001   output external delay
                                             15.750001   data required time
---------------------------------------------------------------------------------------------
                                             15.750001   data required time
                                             -4.393472   data arrival time
---------------------------------------------------------------------------------------------
                                             11.356528   slack (MET)


Startpoint: cfg_div_i[10] (input port clocked by clk_i)
Endpoint: _391_ (rising edge-triggered flip-flop clocked by clk_i)
Path Group: clk_i
Path Type: max

Fanout         Cap        Slew       Delay        Time   Description
---------------------------------------------------------------------------------------------
                                  0.000000    0.000000   clock clk_i (rise edge)
                                  0.000000    0.000000   clock network delay (propagated)
                                  4.000000    4.000000 v input external delay
     1    0.004404    0.069817    0.026970    4.026969 v cfg_div_i[10] (in)
                                                         cfg_div_i[10] (net)
                      0.069817    0.000000    4.026969 v input4/I (gf180mcu_fd_sc_mcu7t5v0__dlyb_1)
     3    0.022029    0.366153    1.116756    5.143726 v input4/Z (gf180mcu_fd_sc_mcu7t5v0__dlyb_1)
                                                         net4 (net)
                      0.366153    0.000381    5.144106 v _216_/A1 (gf180mcu_fd_sc_mcu7t5v0__xor2_1)
     1    0.004441    0.230135    0.498640    5.642746 v _216_/Z (gf180mcu_fd_sc_mcu7t5v0__xor2_1)
                                                         _073_ (net)
                      0.230135    0.000044    5.642791 v _224_/A4 (gf180mcu_fd_sc_mcu7t5v0__nor4_1)
     1    0.006457    0.694741    0.508632    6.151423 ^ _224_/ZN (gf180mcu_fd_sc_mcu7t5v0__nor4_1)
                                                         _081_ (net)
                      0.694741    0.000081    6.151505 ^ _226_/A2 (gf180mcu_fd_sc_mcu7t5v0__nand3_1)
     1    0.007108    0.326859    0.217714    6.369218 v _226_/ZN (gf180mcu_fd_sc_mcu7t5v0__nand3_1)
                                                         _083_ (net)
                      0.326859    0.000179    6.369398 v _229_/A3 (gf180mcu_fd_sc_mcu7t5v0__or4_1)
     2    0.008221    0.322152    0.863957    7.233355 v _229_/Z (gf180mcu_fd_sc_mcu7t5v0__or4_1)
                                                         _086_ (net)
                      0.322152    0.000112    7.233467 v _259_/A1 (gf180mcu_fd_sc_mcu7t5v0__nand3_1)
     2    0.017450    0.519058    0.357290    7.590757 ^ _259_/ZN (gf180mcu_fd_sc_mcu7t5v0__nand3_1)
                                                         _111_ (net)
                      0.519058    0.000368    7.591125 ^ fanout38/I (gf180mcu_fd_sc_mcu7t5v0__dlyb_1)
     5    0.028803    0.521972    1.134300    8.725424 ^ fanout38/Z (gf180mcu_fd_sc_mcu7t5v0__dlyb_1)
                                                         net38 (net)
                      0.521972    0.000495    8.725919 ^ _296_/A1 (gf180mcu_fd_sc_mcu7t5v0__nor2_1)
     1    0.003634    0.190473    0.121587    8.847507 v _296_/ZN (gf180mcu_fd_sc_mcu7t5v0__nor2_1)
                                                         _003_ (net)
                      0.190473    0.000036    8.847542 v _391_/D (gf180mcu_fd_sc_mcu7t5v0__dffrnq_1)
                                              8.847542   data arrival time

                                 20.000000   20.000000   clock clk_i (rise edge)
                                  0.000000   20.000000   clock source latency
     1    0.033738    0.170447    0.083910   20.083910 ^ clk_i (in)
                                                         clk_i (net)
                      0.170451    0.000000   20.083910 ^ clkbuf_0_clk_i/I (gf180mcu_fd_sc_mcu7t5v0__clkbuf_16)
     4    0.098155    0.156684    0.290923   20.374832 ^ clkbuf_0_clk_i/Z (gf180mcu_fd_sc_mcu7t5v0__clkbuf_16)
                                                         clknet_0_clk_i (net)
                      0.156685    0.000981   20.375814 ^ clkbuf_2_1__f_clk_i/I (gf180mcu_fd_sc_mcu7t5v0__clkbuf_16)
    10    0.057257    0.121377    0.260636   20.636450 ^ clkbuf_2_1__f_clk_i/Z (gf180mcu_fd_sc_mcu7t5v0__clkbuf_16)
                                                         clknet_2_1__leaf_clk_i (net)
                      0.121386    0.001769   20.638218 ^ _391_/CLK (gf180mcu_fd_sc_mcu7t5v0__dffrnq_1)
                                 -0.250000   20.388220   clock uncertainty
                                  0.000000   20.388220   clock reconvergence pessimism
                                 -0.157048   20.231173   library setup time
                                             20.231173   data required time
---------------------------------------------------------------------------------------------
                                             20.231173   data required time
                                             -8.847542   data arrival time
---------------------------------------------------------------------------------------------
                                             11.383631   slack (MET)


Startpoint: _365_ (rising edge-triggered flip-flop clocked by clk_i)
Endpoint: busy_o (output port clocked by clk_i)
Path Group: clk_i
Path Type: max

Fanout         Cap        Slew       Delay        Time   Description
---------------------------------------------------------------------------------------------
                                  0.000000    0.000000   clock clk_i (rise edge)
                                  0.000000    0.000000   clock source latency
     1    0.033738    0.170447    0.083909    0.083909 ^ clk_i (in)
                                                         clk_i (net)
                      0.170451    0.000000    0.083909 ^ clkbuf_0_clk_i/I (gf180mcu_fd_sc_mcu7t5v0__clkbuf_16)
     4    0.098155    0.156684    0.290924    0.374833 ^ clkbuf_0_clk_i/Z (gf180mcu_fd_sc_mcu7t5v0__clkbuf_16)
                                                         clknet_0_clk_i (net)
                      0.156684    0.000339    0.375172 ^ clkbuf_2_2__f_clk_i/I (gf180mcu_fd_sc_mcu7t5v0__clkbuf_16)
    10    0.055384    0.119815    0.259620    0.634792 ^ clkbuf_2_2__f_clk_i/Z (gf180mcu_fd_sc_mcu7t5v0__clkbuf_16)
                                                         clknet_2_2__leaf_clk_i (net)
                      0.119817    0.000830    0.635622 ^ _365_/CLK (gf180mcu_fd_sc_mcu7t5v0__dffrnq_1)
     7    0.047927    0.824948    1.292671    1.928293 ^ _365_/Q (gf180mcu_fd_sc_mcu7t5v0__dffrnq_1)
                                                         CS[1] (net)
                      0.824954    0.001327    1.929620 ^ _201_/A1 (gf180mcu_fd_sc_mcu7t5v0__nor2_1)
     4    0.024284    0.494205    0.384436    2.314056 v _201_/ZN (gf180mcu_fd_sc_mcu7t5v0__nor2_1)
                                                         _059_ (net)
                      0.494205    0.000469    2.314525 v _202_/A2 (gf180mcu_fd_sc_mcu7t5v0__nand2_1)
     3    0.022140    0.501349    0.432996    2.747520 ^ _202_/ZN (gf180mcu_fd_sc_mcu7t5v0__nand2_1)
                                                         net24 (net)
                      0.501349    0.000347    2.747868 ^ output24/I (gf180mcu_fd_sc_mcu7t5v0__dlyb_1)
     1    0.074092    1.237963    1.551411    4.299278 ^ output24/Z (gf180mcu_fd_sc_mcu7t5v0__dlyb_1)
                                                         busy_o (net)
                      1.237963    0.000901    4.300179 ^ busy_o (out)
                                              4.300179   data arrival time

                                 20.000000   20.000000   clock clk_i (rise edge)
                                  0.000000   20.000000   clock network delay (propagated)
                                 -0.250000   19.750002   clock uncertainty
                                  0.000000   19.750002   clock reconvergence pessimism
                                 -4.000000   15.750001   output external delay
                                             15.750001   data required time
---------------------------------------------------------------------------------------------
                                             15.750001   data required time
                                             -4.300179   data arrival time
---------------------------------------------------------------------------------------------
                                             11.449821   slack (MET)


Startpoint: rstn_i (input port clocked by clk_i)
Endpoint: _389_ (recovery check against rising-edge clock clk_i)
Path Group: asynchronous
Path Type: max

Fanout         Cap        Slew       Delay        Time   Description
---------------------------------------------------------------------------------------------
                                  0.000000    0.000000   clock clk_i (rise edge)
                                  0.000000    0.000000   clock network delay (propagated)
                                  4.000000    4.000000 ^ input external delay
     1    0.004475    0.121306    0.044369    4.044369 ^ rstn_i (in)
                                                         rstn_i (net)
                      0.121306    0.000000    4.044369 ^ input21/I (gf180mcu_fd_sc_mcu7t5v0__dlyb_1)
     1    0.004666    0.162045    0.874667    4.919037 ^ input21/Z (gf180mcu_fd_sc_mcu7t5v0__dlyb_1)
                                                         net21 (net)
                      0.162045    0.000054    4.919091 ^ fanout44/I (gf180mcu_fd_sc_mcu7t5v0__dlyb_1)
     9    0.087167    1.445447    1.646446    6.565537 ^ fanout44/Z (gf180mcu_fd_sc_mcu7t5v0__dlyb_1)
                                                         net44 (net)
                      1.445447    0.000702    6.566238 ^ fanout41/I (gf180mcu_fd_sc_mcu7t5v0__dlyb_1)
    10    0.098683    1.631865    1.756978    8.323216 ^ fanout41/Z (gf180mcu_fd_sc_mcu7t5v0__dlyb_1)
                                                         net41 (net)
                      1.631876    0.002420    8.325637 ^ _389_/RN (gf180mcu_fd_sc_mcu7t5v0__dffrnq_1)
                                              8.325637   data arrival time

                                 20.000000   20.000000   clock clk_i (rise edge)
                                  0.000000   20.000000   clock source latency
     1    0.033738    0.170447    0.083910   20.083910 ^ clk_i (in)
                                                         clk_i (net)
                      0.170451    0.000000   20.083910 ^ clkbuf_0_clk_i/I (gf180mcu_fd_sc_mcu7t5v0__clkbuf_16)
     4    0.098155    0.156684    0.290923   20.374832 ^ clkbuf_0_clk_i/Z (gf180mcu_fd_sc_mcu7t5v0__clkbuf_16)
                                                         clknet_0_clk_i (net)
                      0.156684    0.000668   20.375502 ^ clkbuf_2_3__f_clk_i/I (gf180mcu_fd_sc_mcu7t5v0__clkbuf_16)
     9    0.048428    0.113818    0.254907   20.630407 ^ clkbuf_2_3__f_clk_i/Z (gf180mcu_fd_sc_mcu7t5v0__clkbuf_16)
                                                         clknet_2_3__leaf_clk_i (net)
                      0.113822    0.001270   20.631678 ^ _389_/CLK (gf180mcu_fd_sc_mcu7t5v0__dffrnq_1)
                                 -0.250000   20.381680   clock uncertainty
                                  0.000000   20.381680   clock reconvergence pessimism
                                 -0.173397   20.208282   library recovery time
                                             20.208282   data required time
---------------------------------------------------------------------------------------------
                                             20.208282   data required time
                                             -8.325637   data arrival time
---------------------------------------------------------------------------------------------
                                             11.882646   slack (MET)


Startpoint: rstn_i (input port clocked by clk_i)
Endpoint: _384_ (recovery check against rising-edge clock clk_i)
Path Group: asynchronous
Path Type: max

Fanout         Cap        Slew       Delay        Time   Description
---------------------------------------------------------------------------------------------
                                  0.000000    0.000000   clock clk_i (rise edge)
                                  0.000000    0.000000   clock network delay (propagated)
                                  4.000000    4.000000 ^ input external delay
     1    0.004475    0.121306    0.044369    4.044369 ^ rstn_i (in)
                                                         rstn_i (net)
                      0.121306    0.000000    4.044369 ^ input21/I (gf180mcu_fd_sc_mcu7t5v0__dlyb_1)
     1    0.004666    0.162045    0.874667    4.919037 ^ input21/Z (gf180mcu_fd_sc_mcu7t5v0__dlyb_1)
                                                         net21 (net)
                      0.162045    0.000054    4.919091 ^ fanout44/I (gf180mcu_fd_sc_mcu7t5v0__dlyb_1)
     9    0.087167    1.445447    1.646446    6.565537 ^ fanout44/Z (gf180mcu_fd_sc_mcu7t5v0__dlyb_1)
                                                         net44 (net)
                      1.445447    0.000702    6.566238 ^ fanout41/I (gf180mcu_fd_sc_mcu7t5v0__dlyb_1)
    10    0.098683    1.631865    1.756978    8.323216 ^ fanout41/Z (gf180mcu_fd_sc_mcu7t5v0__dlyb_1)
                                                         net41 (net)
                      1.631875    0.002238    8.325455 ^ _384_/RN (gf180mcu_fd_sc_mcu7t5v0__dffrnq_1)
                                              8.325455   data arrival time

                                 20.000000   20.000000   clock clk_i (rise edge)
                                  0.000000   20.000000   clock source latency
     1    0.033738    0.170447    0.083910   20.083910 ^ clk_i (in)
                                                         clk_i (net)
                      0.170451    0.000000   20.083910 ^ clkbuf_0_clk_i/I (gf180mcu_fd_sc_mcu7t5v0__clkbuf_16)
     4    0.098155    0.156684    0.290923   20.374832 ^ clkbuf_0_clk_i/Z (gf180mcu_fd_sc_mcu7t5v0__clkbuf_16)
                                                         clknet_0_clk_i (net)
                      0.156685    0.000981   20.375814 ^ clkbuf_2_0__f_clk_i/I (gf180mcu_fd_sc_mcu7t5v0__clkbuf_16)
    10    0.053113    0.117791    0.257714   20.633528 ^ clkbuf_2_0__f_clk_i/Z (gf180mcu_fd_sc_mcu7t5v0__clkbuf_16)
                                                         clknet_2_0__leaf_clk_i (net)
                      0.117796    0.001330   20.634857 ^ _384_/CLK (gf180mcu_fd_sc_mcu7t5v0__dffrnq_1)
                                 -0.250000   20.384859   clock uncertainty
                                  0.000000   20.384859   clock reconvergence pessimism
                                 -0.172726   20.212133   library recovery time
                                             20.212133   data required time
---------------------------------------------------------------------------------------------
                                             20.212133   data required time
                                             -8.325455   data arrival time
---------------------------------------------------------------------------------------------
                                             11.886679   slack (MET)


Startpoint: rstn_i (input port clocked by clk_i)
Endpoint: _380_ (recovery check against rising-edge clock clk_i)
Path Group: asynchronous
Path Type: max

Fanout         Cap        Slew       Delay        Time   Description
---------------------------------------------------------------------------------------------
                                  0.000000    0.000000   clock clk_i (rise edge)
                                  0.000000    0.000000   clock network delay (propagated)
                                  4.000000    4.000000 ^ input external delay
     1    0.004475    0.121306    0.044369    4.044369 ^ rstn_i (in)
                                                         rstn_i (net)
                      0.121306    0.000000    4.044369 ^ input21/I (gf180mcu_fd_sc_mcu7t5v0__dlyb_1)
     1    0.004666    0.162045    0.874667    4.919037 ^ input21/Z (gf180mcu_fd_sc_mcu7t5v0__dlyb_1)
                                                         net21 (net)
                      0.162045    0.000054    4.919091 ^ fanout44/I (gf180mcu_fd_sc_mcu7t5v0__dlyb_1)
     9    0.087167    1.445447    1.646446    6.565537 ^ fanout44/Z (gf180mcu_fd_sc_mcu7t5v0__dlyb_1)
                                                         net44 (net)
                      1.445447    0.000702    6.566238 ^ fanout41/I (gf180mcu_fd_sc_mcu7t5v0__dlyb_1)
    10    0.098683    1.631865    1.756978    8.323216 ^ fanout41/Z (gf180mcu_fd_sc_mcu7t5v0__dlyb_1)
                                                         net41 (net)
                      1.631885    0.003232    8.326448 ^ _380_/RN (gf180mcu_fd_sc_mcu7t5v0__dffrnq_1)
                                              8.326448   data arrival time

                                 20.000000   20.000000   clock clk_i (rise edge)
                                  0.000000   20.000000   clock source latency
     1    0.033738    0.170447    0.083910   20.083910 ^ clk_i (in)
                                                         clk_i (net)
                      0.170451    0.000000   20.083910 ^ clkbuf_0_clk_i/I (gf180mcu_fd_sc_mcu7t5v0__clkbuf_16)
     4    0.098155    0.156684    0.290923   20.374832 ^ clkbuf_0_clk_i/Z (gf180mcu_fd_sc_mcu7t5v0__clkbuf_16)
                                                         clknet_0_clk_i (net)
                      0.156685    0.000981   20.375814 ^ clkbuf_2_0__f_clk_i/I (gf180mcu_fd_sc_mcu7t5v0__clkbuf_16)
    10    0.053113    0.117791    0.257714   20.633528 ^ clkbuf_2_0__f_clk_i/Z (gf180mcu_fd_sc_mcu7t5v0__clkbuf_16)
                                                         clknet_2_0__leaf_clk_i (net)
                      0.117807    0.002366   20.635893 ^ _380_/CLK (gf180mcu_fd_sc_mcu7t5v0__dffrnq_1)
                                 -0.250000   20.385895   clock uncertainty
                                  0.000000   20.385895   clock reconvergence pessimism
                                 -0.172728   20.213167   library recovery time
                                             20.213167   data required time
---------------------------------------------------------------------------------------------
                                             20.213167   data required time
                                             -8.326448   data arrival time
---------------------------------------------------------------------------------------------
                                             11.886719   slack (MET)


Startpoint: rstn_i (input port clocked by clk_i)
Endpoint: _379_ (recovery check against rising-edge clock clk_i)
Path Group: asynchronous
Path Type: max

Fanout         Cap        Slew       Delay        Time   Description
---------------------------------------------------------------------------------------------
                                  0.000000    0.000000   clock clk_i (rise edge)
                                  0.000000    0.000000   clock network delay (propagated)
                                  4.000000    4.000000 ^ input external delay
     1    0.004475    0.121306    0.044369    4.044369 ^ rstn_i (in)
                                                         rstn_i (net)
                      0.121306    0.000000    4.044369 ^ input21/I (gf180mcu_fd_sc_mcu7t5v0__dlyb_1)
     1    0.004666    0.162045    0.874667    4.919037 ^ input21/Z (gf180mcu_fd_sc_mcu7t5v0__dlyb_1)
                                                         net21 (net)
                      0.162045    0.000054    4.919091 ^ fanout44/I (gf180mcu_fd_sc_mcu7t5v0__dlyb_1)
     9    0.087167    1.445447    1.646446    6.565537 ^ fanout44/Z (gf180mcu_fd_sc_mcu7t5v0__dlyb_1)
                                                         net44 (net)
                      1.445447    0.000702    6.566238 ^ fanout41/I (gf180mcu_fd_sc_mcu7t5v0__dlyb_1)
    10    0.098683    1.631865    1.756978    8.323216 ^ fanout41/Z (gf180mcu_fd_sc_mcu7t5v0__dlyb_1)
                                                         net41 (net)
                      1.631884    0.003146    8.326362 ^ _379_/RN (gf180mcu_fd_sc_mcu7t5v0__dffrnq_1)
                                              8.326362   data arrival time

                                 20.000000   20.000000   clock clk_i (rise edge)
                                  0.000000   20.000000   clock source latency
     1    0.033738    0.170447    0.083910   20.083910 ^ clk_i (in)
                                                         clk_i (net)
                      0.170451    0.000000   20.083910 ^ clkbuf_0_clk_i/I (gf180mcu_fd_sc_mcu7t5v0__clkbuf_16)
     4    0.098155    0.156684    0.290923   20.374832 ^ clkbuf_0_clk_i/Z (gf180mcu_fd_sc_mcu7t5v0__clkbuf_16)
                                                         clknet_0_clk_i (net)
                      0.156685    0.000981   20.375814 ^ clkbuf_2_0__f_clk_i/I (gf180mcu_fd_sc_mcu7t5v0__clkbuf_16)
    10    0.053113    0.117791    0.257714   20.633528 ^ clkbuf_2_0__f_clk_i/Z (gf180mcu_fd_sc_mcu7t5v0__clkbuf_16)
                                                         clknet_2_0__leaf_clk_i (net)
                      0.117807    0.002345   20.635872 ^ _379_/CLK (gf180mcu_fd_sc_mcu7t5v0__dffrnq_1)
                                 -0.250000   20.385874   clock uncertainty
                                  0.000000   20.385874   clock reconvergence pessimism
                                 -0.172728   20.213146   library recovery time
                                             20.213146   data required time
---------------------------------------------------------------------------------------------
                                             20.213146   data required time
                                             -8.326362   data arrival time
---------------------------------------------------------------------------------------------
                                             11.886784   slack (MET)


Startpoint: rstn_i (input port clocked by clk_i)
Endpoint: _381_ (recovery check against rising-edge clock clk_i)
Path Group: asynchronous
Path Type: max

Fanout         Cap        Slew       Delay        Time   Description
---------------------------------------------------------------------------------------------
                                  0.000000    0.000000   clock clk_i (rise edge)
                                  0.000000    0.000000   clock network delay (propagated)
                                  4.000000    4.000000 ^ input external delay
     1    0.004475    0.121306    0.044369    4.044369 ^ rstn_i (in)
                                                         rstn_i (net)
                      0.121306    0.000000    4.044369 ^ input21/I (gf180mcu_fd_sc_mcu7t5v0__dlyb_1)
     1    0.004666    0.162045    0.874667    4.919037 ^ input21/Z (gf180mcu_fd_sc_mcu7t5v0__dlyb_1)
                                                         net21 (net)
                      0.162045    0.000054    4.919091 ^ fanout44/I (gf180mcu_fd_sc_mcu7t5v0__dlyb_1)
     9    0.087167    1.445447    1.646446    6.565537 ^ fanout44/Z (gf180mcu_fd_sc_mcu7t5v0__dlyb_1)
                                                         net44 (net)
                      1.445447    0.000702    6.566238 ^ fanout41/I (gf180mcu_fd_sc_mcu7t5v0__dlyb_1)
    10    0.098683    1.631865    1.756978    8.323216 ^ fanout41/Z (gf180mcu_fd_sc_mcu7t5v0__dlyb_1)
                                                         net41 (net)
                      1.631881    0.002918    8.326134 ^ _381_/RN (gf180mcu_fd_sc_mcu7t5v0__dffrnq_1)
                                              8.326134   data arrival time

                                 20.000000   20.000000   clock clk_i (rise edge)
                                  0.000000   20.000000   clock source latency
     1    0.033738    0.170447    0.083910   20.083910 ^ clk_i (in)
                                                         clk_i (net)
                      0.170451    0.000000   20.083910 ^ clkbuf_0_clk_i/I (gf180mcu_fd_sc_mcu7t5v0__clkbuf_16)
     4    0.098155    0.156684    0.290923   20.374832 ^ clkbuf_0_clk_i/Z (gf180mcu_fd_sc_mcu7t5v0__clkbuf_16)
                                                         clknet_0_clk_i (net)
                      0.156685    0.000981   20.375814 ^ clkbuf_2_0__f_clk_i/I (gf180mcu_fd_sc_mcu7t5v0__clkbuf_16)
    10    0.053113    0.117791    0.257714   20.633528 ^ clkbuf_2_0__f_clk_i/Z (gf180mcu_fd_sc_mcu7t5v0__clkbuf_16)
                                                         clknet_2_0__leaf_clk_i (net)
                      0.117806    0.002263   20.635790 ^ _381_/CLK (gf180mcu_fd_sc_mcu7t5v0__dffrnq_1)
                                 -0.250000   20.385792   clock uncertainty
                                  0.000000   20.385792   clock reconvergence pessimism
                                 -0.172727   20.213064   library recovery time
                                             20.213064   data required time
---------------------------------------------------------------------------------------------
                                             20.213064   data required time
                                             -8.326134   data arrival time
---------------------------------------------------------------------------------------------
                                             11.886930   slack (MET)


Startpoint: rstn_i (input port clocked by clk_i)
Endpoint: _382_ (recovery check against rising-edge clock clk_i)
Path Group: asynchronous
Path Type: max

Fanout         Cap        Slew       Delay        Time   Description
---------------------------------------------------------------------------------------------
                                  0.000000    0.000000   clock clk_i (rise edge)
                                  0.000000    0.000000   clock network delay (propagated)
                                  4.000000    4.000000 ^ input external delay
     1    0.004475    0.121306    0.044369    4.044369 ^ rstn_i (in)
                                                         rstn_i (net)
                      0.121306    0.000000    4.044369 ^ input21/I (gf180mcu_fd_sc_mcu7t5v0__dlyb_1)
     1    0.004666    0.162045    0.874667    4.919037 ^ input21/Z (gf180mcu_fd_sc_mcu7t5v0__dlyb_1)
                                                         net21 (net)
                      0.162045    0.000054    4.919091 ^ fanout44/I (gf180mcu_fd_sc_mcu7t5v0__dlyb_1)
     9    0.087167    1.445447    1.646446    6.565537 ^ fanout44/Z (gf180mcu_fd_sc_mcu7t5v0__dlyb_1)
                                                         net44 (net)
                      1.445447    0.000702    6.566238 ^ fanout41/I (gf180mcu_fd_sc_mcu7t5v0__dlyb_1)
    10    0.098683    1.631865    1.756978    8.323216 ^ fanout41/Z (gf180mcu_fd_sc_mcu7t5v0__dlyb_1)
                                                         net41 (net)
                      1.631877    0.002526    8.325742 ^ _382_/RN (gf180mcu_fd_sc_mcu7t5v0__dffrnq_1)
                                              8.325742   data arrival time

                                 20.000000   20.000000   clock clk_i (rise edge)
                                  0.000000   20.000000   clock source latency
     1    0.033738    0.170447    0.083910   20.083910 ^ clk_i (in)
                                                         clk_i (net)
                      0.170451    0.000000   20.083910 ^ clkbuf_0_clk_i/I (gf180mcu_fd_sc_mcu7t5v0__clkbuf_16)
     4    0.098155    0.156684    0.290923   20.374832 ^ clkbuf_0_clk_i/Z (gf180mcu_fd_sc_mcu7t5v0__clkbuf_16)
                                                         clknet_0_clk_i (net)
                      0.156685    0.000981   20.375814 ^ clkbuf_2_0__f_clk_i/I (gf180mcu_fd_sc_mcu7t5v0__clkbuf_16)
    10    0.053113    0.117791    0.257714   20.633528 ^ clkbuf_2_0__f_clk_i/Z (gf180mcu_fd_sc_mcu7t5v0__clkbuf_16)
                                                         clknet_2_0__leaf_clk_i (net)
                      0.117804    0.002103   20.635632 ^ _382_/CLK (gf180mcu_fd_sc_mcu7t5v0__dffrnq_1)
                                 -0.250000   20.385632   clock uncertainty
                                  0.000000   20.385632   clock reconvergence pessimism
                                 -0.172726   20.212906   library recovery time
                                             20.212906   data required time
---------------------------------------------------------------------------------------------
                                             20.212906   data required time
                                             -8.325742   data arrival time
---------------------------------------------------------------------------------------------
                                             11.887163   slack (MET)


Startpoint: rstn_i (input port clocked by clk_i)
Endpoint: _383_ (recovery check against rising-edge clock clk_i)
Path Group: asynchronous
Path Type: max

Fanout         Cap        Slew       Delay        Time   Description
---------------------------------------------------------------------------------------------
                                  0.000000    0.000000   clock clk_i (rise edge)
                                  0.000000    0.000000   clock network delay (propagated)
                                  4.000000    4.000000 ^ input external delay
     1    0.004475    0.121306    0.044369    4.044369 ^ rstn_i (in)
                                                         rstn_i (net)
                      0.121306    0.000000    4.044369 ^ input21/I (gf180mcu_fd_sc_mcu7t5v0__dlyb_1)
     1    0.004666    0.162045    0.874667    4.919037 ^ input21/Z (gf180mcu_fd_sc_mcu7t5v0__dlyb_1)
                                                         net21 (net)
                      0.162045    0.000054    4.919091 ^ fanout44/I (gf180mcu_fd_sc_mcu7t5v0__dlyb_1)
     9    0.087167    1.445447    1.646446    6.565537 ^ fanout44/Z (gf180mcu_fd_sc_mcu7t5v0__dlyb_1)
                                                         net44 (net)
                      1.445447    0.000702    6.566238 ^ fanout41/I (gf180mcu_fd_sc_mcu7t5v0__dlyb_1)
    10    0.098683    1.631865    1.756978    8.323216 ^ fanout41/Z (gf180mcu_fd_sc_mcu7t5v0__dlyb_1)
                                                         net41 (net)
                      1.631876    0.002359    8.325575 ^ _383_/RN (gf180mcu_fd_sc_mcu7t5v0__dffrnq_1)
                                              8.325575   data arrival time

                                 20.000000   20.000000   clock clk_i (rise edge)
                                  0.000000   20.000000   clock source latency
     1    0.033738    0.170447    0.083910   20.083910 ^ clk_i (in)
                                                         clk_i (net)
                      0.170451    0.000000   20.083910 ^ clkbuf_0_clk_i/I (gf180mcu_fd_sc_mcu7t5v0__clkbuf_16)
     4    0.098155    0.156684    0.290923   20.374832 ^ clkbuf_0_clk_i/Z (gf180mcu_fd_sc_mcu7t5v0__clkbuf_16)
                                                         clknet_0_clk_i (net)
                      0.156685    0.000981   20.375814 ^ clkbuf_2_0__f_clk_i/I (gf180mcu_fd_sc_mcu7t5v0__clkbuf_16)
    10    0.053113    0.117791    0.257714   20.633528 ^ clkbuf_2_0__f_clk_i/Z (gf180mcu_fd_sc_mcu7t5v0__clkbuf_16)
                                                         clknet_2_0__leaf_clk_i (net)
                      0.117804    0.002135   20.635662 ^ _383_/CLK (gf180mcu_fd_sc_mcu7t5v0__dffrnq_1)
                                 -0.250000   20.385664   clock uncertainty
                                  0.000000   20.385664   clock reconvergence pessimism
                                 -0.172725   20.212938   library recovery time
                                             20.212938   data required time
---------------------------------------------------------------------------------------------
                                             20.212938   data required time
                                             -8.325575   data arrival time
---------------------------------------------------------------------------------------------
                                             11.887362   slack (MET)


Startpoint: rstn_i (input port clocked by clk_i)
Endpoint: _385_ (recovery check against rising-edge clock clk_i)
Path Group: asynchronous
Path Type: max

Fanout         Cap        Slew       Delay        Time   Description
---------------------------------------------------------------------------------------------
                                  0.000000    0.000000   clock clk_i (rise edge)
                                  0.000000    0.000000   clock network delay (propagated)
                                  4.000000    4.000000 ^ input external delay
     1    0.004475    0.121306    0.044369    4.044369 ^ rstn_i (in)
                                                         rstn_i (net)
                      0.121306    0.000000    4.044369 ^ input21/I (gf180mcu_fd_sc_mcu7t5v0__dlyb_1)
     1    0.004666    0.162045    0.874667    4.919037 ^ input21/Z (gf180mcu_fd_sc_mcu7t5v0__dlyb_1)
                                                         net21 (net)
                      0.162045    0.000054    4.919091 ^ fanout44/I (gf180mcu_fd_sc_mcu7t5v0__dlyb_1)
     9    0.087167    1.445447    1.646446    6.565537 ^ fanout44/Z (gf180mcu_fd_sc_mcu7t5v0__dlyb_1)
                                                         net44 (net)
                      1.445447    0.000702    6.566238 ^ fanout41/I (gf180mcu_fd_sc_mcu7t5v0__dlyb_1)
    10    0.098683    1.631865    1.756978    8.323216 ^ fanout41/Z (gf180mcu_fd_sc_mcu7t5v0__dlyb_1)
                                                         net41 (net)
                      1.631865    0.001566    8.324782 ^ _385_/RN (gf180mcu_fd_sc_mcu7t5v0__dffrnq_1)
                                              8.324782   data arrival time

                                 20.000000   20.000000   clock clk_i (rise edge)
                                  0.000000   20.000000   clock source latency
     1    0.033738    0.170447    0.083910   20.083910 ^ clk_i (in)
                                                         clk_i (net)
                      0.170451    0.000000   20.083910 ^ clkbuf_0_clk_i/I (gf180mcu_fd_sc_mcu7t5v0__clkbuf_16)
     4    0.098155    0.156684    0.290923   20.374832 ^ clkbuf_0_clk_i/Z (gf180mcu_fd_sc_mcu7t5v0__clkbuf_16)
                                                         clknet_0_clk_i (net)
                      0.156685    0.000981   20.375814 ^ clkbuf_2_0__f_clk_i/I (gf180mcu_fd_sc_mcu7t5v0__clkbuf_16)
    10    0.053113    0.117791    0.257714   20.633528 ^ clkbuf_2_0__f_clk_i/Z (gf180mcu_fd_sc_mcu7t5v0__clkbuf_16)
                                                         clknet_2_0__leaf_clk_i (net)
                      0.117800    0.001798   20.635324 ^ _385_/CLK (gf180mcu_fd_sc_mcu7t5v0__dffrnq_1)
                                 -0.250000   20.385326   clock uncertainty
                                  0.000000   20.385326   clock reconvergence pessimism
                                 -0.172722   20.212605   library recovery time
                                             20.212605   data required time
---------------------------------------------------------------------------------------------
                                             20.212605   data required time
                                             -8.324782   data arrival time
---------------------------------------------------------------------------------------------
                                             11.887822   slack (MET)


Startpoint: rstn_i (input port clocked by clk_i)
Endpoint: _388_ (recovery check against rising-edge clock clk_i)
Path Group: asynchronous
Path Type: max

Fanout         Cap        Slew       Delay        Time   Description
---------------------------------------------------------------------------------------------
                                  0.000000    0.000000   clock clk_i (rise edge)
                                  0.000000    0.000000   clock network delay (propagated)
                                  4.000000    4.000000 ^ input external delay
     1    0.004475    0.121306    0.044369    4.044369 ^ rstn_i (in)
                                                         rstn_i (net)
                      0.121306    0.000000    4.044369 ^ input21/I (gf180mcu_fd_sc_mcu7t5v0__dlyb_1)
     1    0.004666    0.162045    0.874667    4.919037 ^ input21/Z (gf180mcu_fd_sc_mcu7t5v0__dlyb_1)
                                                         net21 (net)
                      0.162045    0.000054    4.919091 ^ fanout44/I (gf180mcu_fd_sc_mcu7t5v0__dlyb_1)
     9    0.087167    1.445447    1.646446    6.565537 ^ fanout44/Z (gf180mcu_fd_sc_mcu7t5v0__dlyb_1)
                                                         net44 (net)
                      1.445447    0.000702    6.566238 ^ fanout41/I (gf180mcu_fd_sc_mcu7t5v0__dlyb_1)
    10    0.098683    1.631865    1.756978    8.323216 ^ fanout41/Z (gf180mcu_fd_sc_mcu7t5v0__dlyb_1)
                                                         net41 (net)
                      1.631874    0.002101    8.325316 ^ _388_/RN (gf180mcu_fd_sc_mcu7t5v0__dffrnq_1)
                                              8.325316   data arrival time

                                 20.000000   20.000000   clock clk_i (rise edge)
                                  0.000000   20.000000   clock source latency
     1    0.033738    0.170447    0.083910   20.083910 ^ clk_i (in)
                                                         clk_i (net)
                      0.170451    0.000000   20.083910 ^ clkbuf_0_clk_i/I (gf180mcu_fd_sc_mcu7t5v0__clkbuf_16)
     4    0.098155    0.156684    0.290923   20.374832 ^ clkbuf_0_clk_i/Z (gf180mcu_fd_sc_mcu7t5v0__clkbuf_16)
                                                         clknet_0_clk_i (net)
                      0.156685    0.000981   20.375814 ^ clkbuf_2_1__f_clk_i/I (gf180mcu_fd_sc_mcu7t5v0__clkbuf_16)
    10    0.057257    0.121377    0.260636   20.636450 ^ clkbuf_2_1__f_clk_i/Z (gf180mcu_fd_sc_mcu7t5v0__clkbuf_16)
                                                         clknet_2_1__leaf_clk_i (net)
                      0.121378    0.000469   20.636919 ^ _388_/CLK (gf180mcu_fd_sc_mcu7t5v0__dffrnq_1)
                                 -0.250000   20.386919   clock uncertainty
                                  0.000000   20.386919   clock reconvergence pessimism
                                 -0.172121   20.214798   library recovery time
                                             20.214798   data required time
---------------------------------------------------------------------------------------------
                                             20.214798   data required time
                                             -8.325316   data arrival time
---------------------------------------------------------------------------------------------
                                             11.889481   slack (MET)


Startpoint: rstn_i (input port clocked by clk_i)
Endpoint: _397_ (recovery check against rising-edge clock clk_i)
Path Group: asynchronous
Path Type: max

Fanout         Cap        Slew       Delay        Time   Description
---------------------------------------------------------------------------------------------
                                  0.000000    0.000000   clock clk_i (rise edge)
                                  0.000000    0.000000   clock network delay (propagated)
                                  4.000000    4.000000 ^ input external delay
     1    0.004475    0.121306    0.044369    4.044369 ^ rstn_i (in)
                                                         rstn_i (net)
                      0.121306    0.000000    4.044369 ^ input21/I (gf180mcu_fd_sc_mcu7t5v0__dlyb_1)
     1    0.004666    0.162045    0.874667    4.919037 ^ input21/Z (gf180mcu_fd_sc_mcu7t5v0__dlyb_1)
                                                         net21 (net)
                      0.162045    0.000054    4.919091 ^ fanout44/I (gf180mcu_fd_sc_mcu7t5v0__dlyb_1)
     9    0.087167    1.445447    1.646446    6.565537 ^ fanout44/Z (gf180mcu_fd_sc_mcu7t5v0__dlyb_1)
                                                         net44 (net)
                      1.445447    0.000483    6.566020 ^ fanout43/I (gf180mcu_fd_sc_mcu7t5v0__dlyb_1)
    10    0.090946    1.507514    1.685546    8.251566 ^ fanout43/Z (gf180mcu_fd_sc_mcu7t5v0__dlyb_1)
                                                         net43 (net)
                      1.507529    0.002784    8.254351 ^ _397_/SETN (gf180mcu_fd_sc_mcu7t5v0__dffsnq_1)
                                              8.254351   data arrival time

                                 20.000000   20.000000   clock clk_i (rise edge)
                                  0.000000   20.000000   clock source latency
     1    0.033738    0.170447    0.083910   20.083910 ^ clk_i (in)
                                                         clk_i (net)
                      0.170451    0.000000   20.083910 ^ clkbuf_0_clk_i/I (gf180mcu_fd_sc_mcu7t5v0__clkbuf_16)
     4    0.098155    0.156684    0.290923   20.374832 ^ clkbuf_0_clk_i/Z (gf180mcu_fd_sc_mcu7t5v0__clkbuf_16)
                                                         clknet_0_clk_i (net)
                      0.156684    0.000339   20.375172 ^ clkbuf_2_2__f_clk_i/I (gf180mcu_fd_sc_mcu7t5v0__clkbuf_16)
    10    0.055384    0.119815    0.259620   20.634792 ^ clkbuf_2_2__f_clk_i/Z (gf180mcu_fd_sc_mcu7t5v0__clkbuf_16)
                                                         clknet_2_2__leaf_clk_i (net)
                      0.119816    0.000535   20.635326 ^ _397_/CLK (gf180mcu_fd_sc_mcu7t5v0__dffsnq_1)
                                 -0.250000   20.385328   clock uncertainty
                                  0.000000   20.385328   clock reconvergence pessimism
                                 -0.241484   20.143843   library recovery time
                                             20.143843   data required time
---------------------------------------------------------------------------------------------
                                             20.143843   data required time
                                             -8.254351   data arrival time
---------------------------------------------------------------------------------------------
                                             11.889492   slack (MET)


Startpoint: rstn_i (input port clocked by clk_i)
Endpoint: _398_ (recovery check against rising-edge clock clk_i)
Path Group: asynchronous
Path Type: max

Fanout         Cap        Slew       Delay        Time   Description
---------------------------------------------------------------------------------------------
                                  0.000000    0.000000   clock clk_i (rise edge)
                                  0.000000    0.000000   clock network delay (propagated)
                                  4.000000    4.000000 ^ input external delay
     1    0.004475    0.121306    0.044369    4.044369 ^ rstn_i (in)
                                                         rstn_i (net)
                      0.121306    0.000000    4.044369 ^ input21/I (gf180mcu_fd_sc_mcu7t5v0__dlyb_1)
     1    0.004666    0.162045    0.874667    4.919037 ^ input21/Z (gf180mcu_fd_sc_mcu7t5v0__dlyb_1)
                                                         net21 (net)
                      0.162045    0.000054    4.919091 ^ fanout44/I (gf180mcu_fd_sc_mcu7t5v0__dlyb_1)
     9    0.087167    1.445447    1.646446    6.565537 ^ fanout44/Z (gf180mcu_fd_sc_mcu7t5v0__dlyb_1)
                                                         net44 (net)
                      1.445447    0.000483    6.566020 ^ fanout43/I (gf180mcu_fd_sc_mcu7t5v0__dlyb_1)
    10    0.090946    1.507514    1.685546    8.251566 ^ fanout43/Z (gf180mcu_fd_sc_mcu7t5v0__dlyb_1)
                                                         net43 (net)
                      1.507522    0.001997    8.253563 ^ _398_/SETN (gf180mcu_fd_sc_mcu7t5v0__dffsnq_1)
                                              8.253563   data arrival time

                                 20.000000   20.000000   clock clk_i (rise edge)
                                  0.000000   20.000000   clock source latency
     1    0.033738    0.170447    0.083910   20.083910 ^ clk_i (in)
                                                         clk_i (net)
                      0.170451    0.000000   20.083910 ^ clkbuf_0_clk_i/I (gf180mcu_fd_sc_mcu7t5v0__clkbuf_16)
     4    0.098155    0.156684    0.290923   20.374832 ^ clkbuf_0_clk_i/Z (gf180mcu_fd_sc_mcu7t5v0__clkbuf_16)
                                                         clknet_0_clk_i (net)
                      0.156684    0.000339   20.375172 ^ clkbuf_2_2__f_clk_i/I (gf180mcu_fd_sc_mcu7t5v0__clkbuf_16)
    10    0.055384    0.119815    0.259620   20.634792 ^ clkbuf_2_2__f_clk_i/Z (gf180mcu_fd_sc_mcu7t5v0__clkbuf_16)
                                                         clknet_2_2__leaf_clk_i (net)
                      0.119816    0.000538   20.635330 ^ _398_/CLK (gf180mcu_fd_sc_mcu7t5v0__dffsnq_1)
                                 -0.250000   20.385332   clock uncertainty
                                  0.000000   20.385332   clock reconvergence pessimism
                                 -0.241483   20.143848   library recovery time
                                             20.143848   data required time
---------------------------------------------------------------------------------------------
                                             20.143848   data required time
                                             -8.253563   data arrival time
---------------------------------------------------------------------------------------------
                                             11.890285   slack (MET)


Startpoint: rstn_i (input port clocked by clk_i)
Endpoint: _390_ (recovery check against rising-edge clock clk_i)
Path Group: asynchronous
Path Type: max

Fanout         Cap        Slew       Delay        Time   Description
---------------------------------------------------------------------------------------------
                                  0.000000    0.000000   clock clk_i (rise edge)
                                  0.000000    0.000000   clock network delay (propagated)
                                  4.000000    4.000000 ^ input external delay
     1    0.004475    0.121306    0.044369    4.044369 ^ rstn_i (in)
                                                         rstn_i (net)
                      0.121306    0.000000    4.044369 ^ input21/I (gf180mcu_fd_sc_mcu7t5v0__dlyb_1)
     1    0.004666    0.162045    0.874667    4.919037 ^ input21/Z (gf180mcu_fd_sc_mcu7t5v0__dlyb_1)
                                                         net21 (net)
                      0.162045    0.000054    4.919091 ^ fanout44/I (gf180mcu_fd_sc_mcu7t5v0__dlyb_1)
     9    0.087167    1.445447    1.646446    6.565537 ^ fanout44/Z (gf180mcu_fd_sc_mcu7t5v0__dlyb_1)
                                                         net44 (net)
                      1.445447    0.000702    6.566238 ^ fanout41/I (gf180mcu_fd_sc_mcu7t5v0__dlyb_1)
    10    0.098683    1.631865    1.756978    8.323216 ^ fanout41/Z (gf180mcu_fd_sc_mcu7t5v0__dlyb_1)
                                                         net41 (net)
                      1.631877    0.002456    8.325672 ^ _390_/RN (gf180mcu_fd_sc_mcu7t5v0__dffrnq_1)
                                              8.325672   data arrival time

                                 20.000000   20.000000   clock clk_i (rise edge)
                                  0.000000   20.000000   clock source latency
     1    0.033738    0.170447    0.083910   20.083910 ^ clk_i (in)
                                                         clk_i (net)
                      0.170451    0.000000   20.083910 ^ clkbuf_0_clk_i/I (gf180mcu_fd_sc_mcu7t5v0__clkbuf_16)
     4    0.098155    0.156684    0.290923   20.374832 ^ clkbuf_0_clk_i/Z (gf180mcu_fd_sc_mcu7t5v0__clkbuf_16)
                                                         clknet_0_clk_i (net)
                      0.156685    0.000981   20.375814 ^ clkbuf_2_1__f_clk_i/I (gf180mcu_fd_sc_mcu7t5v0__clkbuf_16)
    10    0.057257    0.121377    0.260636   20.636450 ^ clkbuf_2_1__f_clk_i/Z (gf180mcu_fd_sc_mcu7t5v0__clkbuf_16)
                                                         clknet_2_1__leaf_clk_i (net)
                      0.121387    0.001840   20.638290 ^ _390_/CLK (gf180mcu_fd_sc_mcu7t5v0__dffrnq_1)
                                 -0.250000   20.388290   clock uncertainty
                                  0.000000   20.388290   clock reconvergence pessimism
                                 -0.172121   20.216171   library recovery time
                                             20.216171   data required time
---------------------------------------------------------------------------------------------
                                             20.216171   data required time
                                             -8.325672   data arrival time
---------------------------------------------------------------------------------------------
                                             11.890499   slack (MET)


Startpoint: rstn_i (input port clocked by clk_i)
Endpoint: _396_ (recovery check against rising-edge clock clk_i)
Path Group: asynchronous
Path Type: max

Fanout         Cap        Slew       Delay        Time   Description
---------------------------------------------------------------------------------------------
                                  0.000000    0.000000   clock clk_i (rise edge)
                                  0.000000    0.000000   clock network delay (propagated)
                                  4.000000    4.000000 ^ input external delay
     1    0.004475    0.121306    0.044369    4.044369 ^ rstn_i (in)
                                                         rstn_i (net)
                      0.121306    0.000000    4.044369 ^ input21/I (gf180mcu_fd_sc_mcu7t5v0__dlyb_1)
     1    0.004666    0.162045    0.874667    4.919037 ^ input21/Z (gf180mcu_fd_sc_mcu7t5v0__dlyb_1)
                                                         net21 (net)
                      0.162045    0.000054    4.919091 ^ fanout44/I (gf180mcu_fd_sc_mcu7t5v0__dlyb_1)
     9    0.087167    1.445447    1.646446    6.565537 ^ fanout44/Z (gf180mcu_fd_sc_mcu7t5v0__dlyb_1)
                                                         net44 (net)
                      1.445447    0.000483    6.566020 ^ fanout43/I (gf180mcu_fd_sc_mcu7t5v0__dlyb_1)
    10    0.090946    1.507514    1.685546    8.251566 ^ fanout43/Z (gf180mcu_fd_sc_mcu7t5v0__dlyb_1)
                                                         net43 (net)
                      1.507514    0.001095    8.252661 ^ _396_/SETN (gf180mcu_fd_sc_mcu7t5v0__dffsnq_1)
                                              8.252661   data arrival time

                                 20.000000   20.000000   clock clk_i (rise edge)
                                  0.000000   20.000000   clock source latency
     1    0.033738    0.170447    0.083910   20.083910 ^ clk_i (in)
                                                         clk_i (net)
                      0.170451    0.000000   20.083910 ^ clkbuf_0_clk_i/I (gf180mcu_fd_sc_mcu7t5v0__clkbuf_16)
     4    0.098155    0.156684    0.290923   20.374832 ^ clkbuf_0_clk_i/Z (gf180mcu_fd_sc_mcu7t5v0__clkbuf_16)
                                                         clknet_0_clk_i (net)
                      0.156685    0.000981   20.375814 ^ clkbuf_2_0__f_clk_i/I (gf180mcu_fd_sc_mcu7t5v0__clkbuf_16)
    10    0.053113    0.117791    0.257714   20.633528 ^ clkbuf_2_0__f_clk_i/Z (gf180mcu_fd_sc_mcu7t5v0__clkbuf_16)
                                                         clknet_2_0__leaf_clk_i (net)
                      0.117798    0.001556   20.635084 ^ _396_/CLK (gf180mcu_fd_sc_mcu7t5v0__dffsnq_1)
                                 -0.250000   20.385084   clock uncertainty
                                  0.000000   20.385084   clock reconvergence pessimism
                                 -0.241870   20.143213   library recovery time
                                             20.143213   data required time
---------------------------------------------------------------------------------------------
                                             20.143213   data required time
                                             -8.252661   data arrival time
---------------------------------------------------------------------------------------------
                                             11.890553   slack (MET)


Startpoint: rstn_i (input port clocked by clk_i)
Endpoint: _372_ (recovery check against rising-edge clock clk_i)
Path Group: asynchronous
Path Type: max

Fanout         Cap        Slew       Delay        Time   Description
---------------------------------------------------------------------------------------------
                                  0.000000    0.000000   clock clk_i (rise edge)
                                  0.000000    0.000000   clock network delay (propagated)
                                  4.000000    4.000000 ^ input external delay
     1    0.004475    0.121306    0.044369    4.044369 ^ rstn_i (in)
                                                         rstn_i (net)
                      0.121306    0.000000    4.044369 ^ input21/I (gf180mcu_fd_sc_mcu7t5v0__dlyb_1)
     1    0.004666    0.162045    0.874667    4.919037 ^ input21/Z (gf180mcu_fd_sc_mcu7t5v0__dlyb_1)
                                                         net21 (net)
                      0.162045    0.000054    4.919091 ^ fanout44/I (gf180mcu_fd_sc_mcu7t5v0__dlyb_1)
     9    0.087167    1.445447    1.646446    6.565537 ^ fanout44/Z (gf180mcu_fd_sc_mcu7t5v0__dlyb_1)
                                                         net44 (net)
                      1.445455    0.001886    6.567422 ^ fanout42/I (gf180mcu_fd_sc_mcu7t5v0__dlyb_1)
    10    0.089066    1.477121    1.667541    8.234963 ^ fanout42/Z (gf180mcu_fd_sc_mcu7t5v0__dlyb_1)
                                                         net42 (net)
                      1.477150    0.003741    8.238704 ^ _372_/SETN (gf180mcu_fd_sc_mcu7t5v0__dffsnq_1)
                                              8.238704   data arrival time

                                 20.000000   20.000000   clock clk_i (rise edge)
                                  0.000000   20.000000   clock source latency
     1    0.033738    0.170447    0.083910   20.083910 ^ clk_i (in)
                                                         clk_i (net)
                      0.170451    0.000000   20.083910 ^ clkbuf_0_clk_i/I (gf180mcu_fd_sc_mcu7t5v0__clkbuf_16)
     4    0.098155    0.156684    0.290923   20.374832 ^ clkbuf_0_clk_i/Z (gf180mcu_fd_sc_mcu7t5v0__clkbuf_16)
                                                         clknet_0_clk_i (net)
                      0.156684    0.000668   20.375502 ^ clkbuf_2_3__f_clk_i/I (gf180mcu_fd_sc_mcu7t5v0__clkbuf_16)
     9    0.048428    0.113818    0.254907   20.630407 ^ clkbuf_2_3__f_clk_i/Z (gf180mcu_fd_sc_mcu7t5v0__clkbuf_16)
                                                         clknet_2_3__leaf_clk_i (net)
                      0.113818    0.000478   20.630886 ^ _372_/CLK (gf180mcu_fd_sc_mcu7t5v0__dffsnq_1)
                                 -0.250000   20.380886   clock uncertainty
                                  0.000000   20.380886   clock reconvergence pessimism
                                 -0.235734   20.145153   library recovery time
                                             20.145153   data required time
---------------------------------------------------------------------------------------------
                                             20.145153   data required time
                                             -8.238704   data arrival time
---------------------------------------------------------------------------------------------
                                             11.906449   slack (MET)


Startpoint: rstn_i (input port clocked by clk_i)
Endpoint: _368_ (recovery check against rising-edge clock clk_i)
Path Group: asynchronous
Path Type: max

Fanout         Cap        Slew       Delay        Time   Description
---------------------------------------------------------------------------------------------
                                  0.000000    0.000000   clock clk_i (rise edge)
                                  0.000000    0.000000   clock network delay (propagated)
                                  4.000000    4.000000 ^ input external delay
     1    0.004475    0.121306    0.044369    4.044369 ^ rstn_i (in)
                                                         rstn_i (net)
                      0.121306    0.000000    4.044369 ^ input21/I (gf180mcu_fd_sc_mcu7t5v0__dlyb_1)
     1    0.004666    0.162045    0.874667    4.919037 ^ input21/Z (gf180mcu_fd_sc_mcu7t5v0__dlyb_1)
                                                         net21 (net)
                      0.162045    0.000054    4.919091 ^ fanout44/I (gf180mcu_fd_sc_mcu7t5v0__dlyb_1)
     9    0.087167    1.445447    1.646446    6.565537 ^ fanout44/Z (gf180mcu_fd_sc_mcu7t5v0__dlyb_1)
                                                         net44 (net)
                      1.445455    0.001886    6.567422 ^ fanout42/I (gf180mcu_fd_sc_mcu7t5v0__dlyb_1)
    10    0.089066    1.477121    1.667541    8.234963 ^ fanout42/Z (gf180mcu_fd_sc_mcu7t5v0__dlyb_1)
                                                         net42 (net)
                      1.477150    0.003704    8.238667 ^ _368_/SETN (gf180mcu_fd_sc_mcu7t5v0__dffsnq_1)
                                              8.238667   data arrival time

                                 20.000000   20.000000   clock clk_i (rise edge)
                                  0.000000   20.000000   clock source latency
     1    0.033738    0.170447    0.083910   20.083910 ^ clk_i (in)
                                                         clk_i (net)
                      0.170451    0.000000   20.083910 ^ clkbuf_0_clk_i/I (gf180mcu_fd_sc_mcu7t5v0__clkbuf_16)
     4    0.098155    0.156684    0.290923   20.374832 ^ clkbuf_0_clk_i/Z (gf180mcu_fd_sc_mcu7t5v0__clkbuf_16)
                                                         clknet_0_clk_i (net)
                      0.156684    0.000668   20.375502 ^ clkbuf_2_3__f_clk_i/I (gf180mcu_fd_sc_mcu7t5v0__clkbuf_16)
     9    0.048428    0.113818    0.254907   20.630407 ^ clkbuf_2_3__f_clk_i/Z (gf180mcu_fd_sc_mcu7t5v0__clkbuf_16)
                                                         clknet_2_3__leaf_clk_i (net)
                      0.113819    0.000643   20.631052 ^ _368_/CLK (gf180mcu_fd_sc_mcu7t5v0__dffsnq_1)
                                 -0.250000   20.381052   clock uncertainty
                                  0.000000   20.381052   clock reconvergence pessimism
                                 -0.235733   20.145319   library recovery time
                                             20.145319   data required time
---------------------------------------------------------------------------------------------
                                             20.145319   data required time
                                             -8.238667   data arrival time
---------------------------------------------------------------------------------------------
                                             11.906652   slack (MET)


Startpoint: rstn_i (input port clocked by clk_i)
Endpoint: _367_ (recovery check against rising-edge clock clk_i)
Path Group: asynchronous
Path Type: max

Fanout         Cap        Slew       Delay        Time   Description
---------------------------------------------------------------------------------------------
                                  0.000000    0.000000   clock clk_i (rise edge)
                                  0.000000    0.000000   clock network delay (propagated)
                                  4.000000    4.000000 ^ input external delay
     1    0.004475    0.121306    0.044369    4.044369 ^ rstn_i (in)
                                                         rstn_i (net)
                      0.121306    0.000000    4.044369 ^ input21/I (gf180mcu_fd_sc_mcu7t5v0__dlyb_1)
     1    0.004666    0.162045    0.874667    4.919037 ^ input21/Z (gf180mcu_fd_sc_mcu7t5v0__dlyb_1)
                                                         net21 (net)
                      0.162045    0.000054    4.919091 ^ fanout44/I (gf180mcu_fd_sc_mcu7t5v0__dlyb_1)
     9    0.087167    1.445447    1.646446    6.565537 ^ fanout44/Z (gf180mcu_fd_sc_mcu7t5v0__dlyb_1)
                                                         net44 (net)
                      1.445455    0.001886    6.567422 ^ fanout42/I (gf180mcu_fd_sc_mcu7t5v0__dlyb_1)
    10    0.089066    1.477121    1.667541    8.234963 ^ fanout42/Z (gf180mcu_fd_sc_mcu7t5v0__dlyb_1)
                                                         net42 (net)
                      1.477150    0.003731    8.238694 ^ _367_/SETN (gf180mcu_fd_sc_mcu7t5v0__dffsnq_1)
                                              8.238694   data arrival time

                                 20.000000   20.000000   clock clk_i (rise edge)
                                  0.000000   20.000000   clock source latency
     1    0.033738    0.170447    0.083910   20.083910 ^ clk_i (in)
                                                         clk_i (net)
                      0.170451    0.000000   20.083910 ^ clkbuf_0_clk_i/I (gf180mcu_fd_sc_mcu7t5v0__clkbuf_16)
     4    0.098155    0.156684    0.290923   20.374832 ^ clkbuf_0_clk_i/Z (gf180mcu_fd_sc_mcu7t5v0__clkbuf_16)
                                                         clknet_0_clk_i (net)
                      0.156684    0.000668   20.375502 ^ clkbuf_2_3__f_clk_i/I (gf180mcu_fd_sc_mcu7t5v0__clkbuf_16)
     9    0.048428    0.113818    0.254907   20.630407 ^ clkbuf_2_3__f_clk_i/Z (gf180mcu_fd_sc_mcu7t5v0__clkbuf_16)
                                                         clknet_2_3__leaf_clk_i (net)
                      0.113820    0.000846   20.631254 ^ _367_/CLK (gf180mcu_fd_sc_mcu7t5v0__dffsnq_1)
                                 -0.250000   20.381254   clock uncertainty
                                  0.000000   20.381254   clock reconvergence pessimism
                                 -0.235733   20.145521   library recovery time
                                             20.145521   data required time
---------------------------------------------------------------------------------------------
                                             20.145521   data required time
                                             -8.238694   data arrival time
---------------------------------------------------------------------------------------------
                                             11.906827   slack (MET)


Startpoint: rstn_i (input port clocked by clk_i)
Endpoint: _369_ (recovery check against rising-edge clock clk_i)
Path Group: asynchronous
Path Type: max

Fanout         Cap        Slew       Delay        Time   Description
---------------------------------------------------------------------------------------------
                                  0.000000    0.000000   clock clk_i (rise edge)
                                  0.000000    0.000000   clock network delay (propagated)
                                  4.000000    4.000000 ^ input external delay
     1    0.004475    0.121306    0.044369    4.044369 ^ rstn_i (in)
                                                         rstn_i (net)
                      0.121306    0.000000    4.044369 ^ input21/I (gf180mcu_fd_sc_mcu7t5v0__dlyb_1)
     1    0.004666    0.162045    0.874667    4.919037 ^ input21/Z (gf180mcu_fd_sc_mcu7t5v0__dlyb_1)
                                                         net21 (net)
                      0.162045    0.000054    4.919091 ^ fanout44/I (gf180mcu_fd_sc_mcu7t5v0__dlyb_1)
     9    0.087167    1.445447    1.646446    6.565537 ^ fanout44/Z (gf180mcu_fd_sc_mcu7t5v0__dlyb_1)
                                                         net44 (net)
                      1.445455    0.001886    6.567422 ^ fanout42/I (gf180mcu_fd_sc_mcu7t5v0__dlyb_1)
    10    0.089066    1.477121    1.667541    8.234963 ^ fanout42/Z (gf180mcu_fd_sc_mcu7t5v0__dlyb_1)
                                                         net42 (net)
                      1.477145    0.003396    8.238358 ^ _369_/SETN (gf180mcu_fd_sc_mcu7t5v0__dffsnq_1)
                                              8.238358   data arrival time

                                 20.000000   20.000000   clock clk_i (rise edge)
                                  0.000000   20.000000   clock source latency
     1    0.033738    0.170447    0.083910   20.083910 ^ clk_i (in)
                                                         clk_i (net)
                      0.170451    0.000000   20.083910 ^ clkbuf_0_clk_i/I (gf180mcu_fd_sc_mcu7t5v0__clkbuf_16)
     4    0.098155    0.156684    0.290923   20.374832 ^ clkbuf_0_clk_i/Z (gf180mcu_fd_sc_mcu7t5v0__clkbuf_16)
                                                         clknet_0_clk_i (net)
                      0.156684    0.000668   20.375502 ^ clkbuf_2_3__f_clk_i/I (gf180mcu_fd_sc_mcu7t5v0__clkbuf_16)
     9    0.048428    0.113818    0.254907   20.630407 ^ clkbuf_2_3__f_clk_i/Z (gf180mcu_fd_sc_mcu7t5v0__clkbuf_16)
                                                         clknet_2_3__leaf_clk_i (net)
                      0.113820    0.000941   20.631350 ^ _369_/CLK (gf180mcu_fd_sc_mcu7t5v0__dffsnq_1)
                                 -0.250000   20.381351   clock uncertainty
                                  0.000000   20.381351   clock reconvergence pessimism
                                 -0.235732   20.145618   library recovery time
                                             20.145618   data required time
---------------------------------------------------------------------------------------------
                                             20.145618   data required time
                                             -8.238358   data arrival time
---------------------------------------------------------------------------------------------
                                             11.907260   slack (MET)


Startpoint: rstn_i (input port clocked by clk_i)
Endpoint: _370_ (recovery check against rising-edge clock clk_i)
Path Group: asynchronous
Path Type: max

Fanout         Cap        Slew       Delay        Time   Description
---------------------------------------------------------------------------------------------
                                  0.000000    0.000000   clock clk_i (rise edge)
                                  0.000000    0.000000   clock network delay (propagated)
                                  4.000000    4.000000 ^ input external delay
     1    0.004475    0.121306    0.044369    4.044369 ^ rstn_i (in)
                                                         rstn_i (net)
                      0.121306    0.000000    4.044369 ^ input21/I (gf180mcu_fd_sc_mcu7t5v0__dlyb_1)
     1    0.004666    0.162045    0.874667    4.919037 ^ input21/Z (gf180mcu_fd_sc_mcu7t5v0__dlyb_1)
                                                         net21 (net)
                      0.162045    0.000054    4.919091 ^ fanout44/I (gf180mcu_fd_sc_mcu7t5v0__dlyb_1)
     9    0.087167    1.445447    1.646446    6.565537 ^ fanout44/Z (gf180mcu_fd_sc_mcu7t5v0__dlyb_1)
                                                         net44 (net)
                      1.445455    0.001886    6.567422 ^ fanout42/I (gf180mcu_fd_sc_mcu7t5v0__dlyb_1)
    10    0.089066    1.477121    1.667541    8.234963 ^ fanout42/Z (gf180mcu_fd_sc_mcu7t5v0__dlyb_1)
                                                         net42 (net)
                      1.477142    0.003183    8.238147 ^ _370_/SETN (gf180mcu_fd_sc_mcu7t5v0__dffsnq_1)
                                              8.238147   data arrival time

                                 20.000000   20.000000   clock clk_i (rise edge)
                                  0.000000   20.000000   clock source latency
     1    0.033738    0.170447    0.083910   20.083910 ^ clk_i (in)
                                                         clk_i (net)
                      0.170451    0.000000   20.083910 ^ clkbuf_0_clk_i/I (gf180mcu_fd_sc_mcu7t5v0__clkbuf_16)
     4    0.098155    0.156684    0.290923   20.374832 ^ clkbuf_0_clk_i/Z (gf180mcu_fd_sc_mcu7t5v0__clkbuf_16)
                                                         clknet_0_clk_i (net)
                      0.156684    0.000668   20.375502 ^ clkbuf_2_3__f_clk_i/I (gf180mcu_fd_sc_mcu7t5v0__clkbuf_16)
     9    0.048428    0.113818    0.254907   20.630407 ^ clkbuf_2_3__f_clk_i/Z (gf180mcu_fd_sc_mcu7t5v0__clkbuf_16)
                                                         clknet_2_3__leaf_clk_i (net)
                      0.113821    0.001105   20.631514 ^ _370_/CLK (gf180mcu_fd_sc_mcu7t5v0__dffsnq_1)
                                 -0.250000   20.381514   clock uncertainty
                                  0.000000   20.381514   clock reconvergence pessimism
                                 -0.235731   20.145782   library recovery time
                                             20.145782   data required time
---------------------------------------------------------------------------------------------
                                             20.145782   data required time
                                             -8.238147   data arrival time
---------------------------------------------------------------------------------------------
                                             11.907636   slack (MET)


Startpoint: rstn_i (input port clocked by clk_i)
Endpoint: _371_ (recovery check against rising-edge clock clk_i)
Path Group: asynchronous
Path Type: max

Fanout         Cap        Slew       Delay        Time   Description
---------------------------------------------------------------------------------------------
                                  0.000000    0.000000   clock clk_i (rise edge)
                                  0.000000    0.000000   clock network delay (propagated)
                                  4.000000    4.000000 ^ input external delay
     1    0.004475    0.121306    0.044369    4.044369 ^ rstn_i (in)
                                                         rstn_i (net)
                      0.121306    0.000000    4.044369 ^ input21/I (gf180mcu_fd_sc_mcu7t5v0__dlyb_1)
     1    0.004666    0.162045    0.874667    4.919037 ^ input21/Z (gf180mcu_fd_sc_mcu7t5v0__dlyb_1)
                                                         net21 (net)
                      0.162045    0.000054    4.919091 ^ fanout44/I (gf180mcu_fd_sc_mcu7t5v0__dlyb_1)
     9    0.087167    1.445447    1.646446    6.565537 ^ fanout44/Z (gf180mcu_fd_sc_mcu7t5v0__dlyb_1)
                                                         net44 (net)
                      1.445455    0.001886    6.567422 ^ fanout42/I (gf180mcu_fd_sc_mcu7t5v0__dlyb_1)
    10    0.089066    1.477121    1.667541    8.234963 ^ fanout42/Z (gf180mcu_fd_sc_mcu7t5v0__dlyb_1)
                                                         net42 (net)
                      1.477137    0.002749    8.237712 ^ _371_/SETN (gf180mcu_fd_sc_mcu7t5v0__dffsnq_1)
                                              8.237712   data arrival time

                                 20.000000   20.000000   clock clk_i (rise edge)
                                  0.000000   20.000000   clock source latency
     1    0.033738    0.170447    0.083910   20.083910 ^ clk_i (in)
                                                         clk_i (net)
                      0.170451    0.000000   20.083910 ^ clkbuf_0_clk_i/I (gf180mcu_fd_sc_mcu7t5v0__clkbuf_16)
     4    0.098155    0.156684    0.290923   20.374832 ^ clkbuf_0_clk_i/Z (gf180mcu_fd_sc_mcu7t5v0__clkbuf_16)
                                                         clknet_0_clk_i (net)
                      0.156684    0.000668   20.375502 ^ clkbuf_2_3__f_clk_i/I (gf180mcu_fd_sc_mcu7t5v0__clkbuf_16)
     9    0.048428    0.113818    0.254907   20.630407 ^ clkbuf_2_3__f_clk_i/Z (gf180mcu_fd_sc_mcu7t5v0__clkbuf_16)
                                                         clknet_2_3__leaf_clk_i (net)
                      0.113822    0.001233   20.631641 ^ _371_/CLK (gf180mcu_fd_sc_mcu7t5v0__dffsnq_1)
                                 -0.250000   20.381641   clock uncertainty
                                  0.000000   20.381641   clock reconvergence pessimism
                                 -0.235730   20.145912   library recovery time
                                             20.145912   data required time
---------------------------------------------------------------------------------------------
                                             20.145912   data required time
                                             -8.237712   data arrival time
---------------------------------------------------------------------------------------------
                                             11.908200   slack (MET)


Startpoint: rstn_i (input port clocked by clk_i)
Endpoint: _386_ (recovery check against rising-edge clock clk_i)
Path Group: asynchronous
Path Type: max

Fanout         Cap        Slew       Delay        Time   Description
---------------------------------------------------------------------------------------------
                                  0.000000    0.000000   clock clk_i (rise edge)
                                  0.000000    0.000000   clock network delay (propagated)
                                  4.000000    4.000000 ^ input external delay
     1    0.004475    0.121306    0.044369    4.044369 ^ rstn_i (in)
                                                         rstn_i (net)
                      0.121306    0.000000    4.044369 ^ input21/I (gf180mcu_fd_sc_mcu7t5v0__dlyb_1)
     1    0.004666    0.162045    0.874667    4.919037 ^ input21/Z (gf180mcu_fd_sc_mcu7t5v0__dlyb_1)
                                                         net21 (net)
                      0.162045    0.000054    4.919091 ^ fanout44/I (gf180mcu_fd_sc_mcu7t5v0__dlyb_1)
     9    0.087167    1.445447    1.646446    6.565537 ^ fanout44/Z (gf180mcu_fd_sc_mcu7t5v0__dlyb_1)
                                                         net44 (net)
                      1.445447    0.000483    6.566020 ^ fanout43/I (gf180mcu_fd_sc_mcu7t5v0__dlyb_1)
    10    0.090946    1.507514    1.685546    8.251566 ^ fanout43/Z (gf180mcu_fd_sc_mcu7t5v0__dlyb_1)
                                                         net43 (net)
                      1.507531    0.002914    8.254480 ^ _386_/RN (gf180mcu_fd_sc_mcu7t5v0__dffrnq_1)
                                              8.254480   data arrival time

                                 20.000000   20.000000   clock clk_i (rise edge)
                                  0.000000   20.000000   clock source latency
     1    0.033738    0.170447    0.083910   20.083910 ^ clk_i (in)
                                                         clk_i (net)
                      0.170451    0.000000   20.083910 ^ clkbuf_0_clk_i/I (gf180mcu_fd_sc_mcu7t5v0__clkbuf_16)
     4    0.098155    0.156684    0.290923   20.374832 ^ clkbuf_0_clk_i/Z (gf180mcu_fd_sc_mcu7t5v0__clkbuf_16)
                                                         clknet_0_clk_i (net)
                      0.156685    0.000981   20.375814 ^ clkbuf_2_0__f_clk_i/I (gf180mcu_fd_sc_mcu7t5v0__clkbuf_16)
    10    0.053113    0.117791    0.257714   20.633528 ^ clkbuf_2_0__f_clk_i/Z (gf180mcu_fd_sc_mcu7t5v0__clkbuf_16)
                                                         clknet_2_0__leaf_clk_i (net)
                      0.117793    0.000927   20.634455 ^ _386_/CLK (gf180mcu_fd_sc_mcu7t5v0__dffrnq_1)
                                 -0.250000   20.384455   clock uncertainty
                                  0.000000   20.384455   clock reconvergence pessimism
                                 -0.125594   20.258862   library recovery time
                                             20.258862   data required time
---------------------------------------------------------------------------------------------
                                             20.258862   data required time
                                             -8.254480   data arrival time
---------------------------------------------------------------------------------------------
                                             12.004382   slack (MET)


Startpoint: rstn_i (input port clocked by clk_i)
Endpoint: _364_ (recovery check against rising-edge clock clk_i)
Path Group: asynchronous
Path Type: max

Fanout         Cap        Slew       Delay        Time   Description
---------------------------------------------------------------------------------------------
                                  0.000000    0.000000   clock clk_i (rise edge)
                                  0.000000    0.000000   clock network delay (propagated)
                                  4.000000    4.000000 ^ input external delay
     1    0.004475    0.121306    0.044369    4.044369 ^ rstn_i (in)
                                                         rstn_i (net)
                      0.121306    0.000000    4.044369 ^ input21/I (gf180mcu_fd_sc_mcu7t5v0__dlyb_1)
     1    0.004666    0.162045    0.874667    4.919037 ^ input21/Z (gf180mcu_fd_sc_mcu7t5v0__dlyb_1)
                                                         net21 (net)
                      0.162045    0.000054    4.919091 ^ fanout44/I (gf180mcu_fd_sc_mcu7t5v0__dlyb_1)
     9    0.087167    1.445447    1.646446    6.565537 ^ fanout44/Z (gf180mcu_fd_sc_mcu7t5v0__dlyb_1)
                                                         net44 (net)
                      1.445447    0.000483    6.566020 ^ fanout43/I (gf180mcu_fd_sc_mcu7t5v0__dlyb_1)
    10    0.090946    1.507514    1.685546    8.251566 ^ fanout43/Z (gf180mcu_fd_sc_mcu7t5v0__dlyb_1)
                                                         net43 (net)
                      1.507530    0.002838    8.254404 ^ _364_/RN (gf180mcu_fd_sc_mcu7t5v0__dffrnq_1)
                                              8.254404   data arrival time

                                 20.000000   20.000000   clock clk_i (rise edge)
                                  0.000000   20.000000   clock source latency
     1    0.033738    0.170447    0.083910   20.083910 ^ clk_i (in)
                                                         clk_i (net)
                      0.170451    0.000000   20.083910 ^ clkbuf_0_clk_i/I (gf180mcu_fd_sc_mcu7t5v0__clkbuf_16)
     4    0.098155    0.156684    0.290923   20.374832 ^ clkbuf_0_clk_i/Z (gf180mcu_fd_sc_mcu7t5v0__clkbuf_16)
                                                         clknet_0_clk_i (net)
                      0.156684    0.000339   20.375172 ^ clkbuf_2_2__f_clk_i/I (gf180mcu_fd_sc_mcu7t5v0__clkbuf_16)
    10    0.055384    0.119815    0.259620   20.634792 ^ clkbuf_2_2__f_clk_i/Z (gf180mcu_fd_sc_mcu7t5v0__clkbuf_16)
                                                         clknet_2_2__leaf_clk_i (net)
                      0.119816    0.000551   20.635344 ^ _364_/CLK (gf180mcu_fd_sc_mcu7t5v0__dffrnq_1)
                                 -0.250000   20.385344   clock uncertainty
                                  0.000000   20.385344   clock reconvergence pessimism
                                 -0.125280   20.260063   library recovery time
                                             20.260063   data required time
---------------------------------------------------------------------------------------------
                                             20.260063   data required time
                                             -8.254404   data arrival time
---------------------------------------------------------------------------------------------
                                             12.005659   slack (MET)


Startpoint: rstn_i (input port clocked by clk_i)
Endpoint: _378_ (recovery check against rising-edge clock clk_i)
Path Group: asynchronous
Path Type: max

Fanout         Cap        Slew       Delay        Time   Description
---------------------------------------------------------------------------------------------
                                  0.000000    0.000000   clock clk_i (rise edge)
                                  0.000000    0.000000   clock network delay (propagated)
                                  4.000000    4.000000 ^ input external delay
     1    0.004475    0.121306    0.044369    4.044369 ^ rstn_i (in)
                                                         rstn_i (net)
                      0.121306    0.000000    4.044369 ^ input21/I (gf180mcu_fd_sc_mcu7t5v0__dlyb_1)
     1    0.004666    0.162045    0.874667    4.919037 ^ input21/Z (gf180mcu_fd_sc_mcu7t5v0__dlyb_1)
                                                         net21 (net)
                      0.162045    0.000054    4.919091 ^ fanout44/I (gf180mcu_fd_sc_mcu7t5v0__dlyb_1)
     9    0.087167    1.445447    1.646446    6.565537 ^ fanout44/Z (gf180mcu_fd_sc_mcu7t5v0__dlyb_1)
                                                         net44 (net)
                      1.445447    0.000483    6.566020 ^ fanout43/I (gf180mcu_fd_sc_mcu7t5v0__dlyb_1)
    10    0.090946    1.507514    1.685546    8.251566 ^ fanout43/Z (gf180mcu_fd_sc_mcu7t5v0__dlyb_1)
                                                         net43 (net)
                      1.507522    0.002014    8.253579 ^ _378_/RN (gf180mcu_fd_sc_mcu7t5v0__dffrnq_1)
                                              8.253579   data arrival time

                                 20.000000   20.000000   clock clk_i (rise edge)
                                  0.000000   20.000000   clock source latency
     1    0.033738    0.170447    0.083910   20.083910 ^ clk_i (in)
                                                         clk_i (net)
                      0.170451    0.000000   20.083910 ^ clkbuf_0_clk_i/I (gf180mcu_fd_sc_mcu7t5v0__clkbuf_16)
     4    0.098155    0.156684    0.290923   20.374832 ^ clkbuf_0_clk_i/Z (gf180mcu_fd_sc_mcu7t5v0__clkbuf_16)
                                                         clknet_0_clk_i (net)
                      0.156684    0.000339   20.375172 ^ clkbuf_2_2__f_clk_i/I (gf180mcu_fd_sc_mcu7t5v0__clkbuf_16)
    10    0.055384    0.119815    0.259620   20.634792 ^ clkbuf_2_2__f_clk_i/Z (gf180mcu_fd_sc_mcu7t5v0__clkbuf_16)
                                                         clknet_2_2__leaf_clk_i (net)
                      0.119816    0.000519   20.635311 ^ _378_/CLK (gf180mcu_fd_sc_mcu7t5v0__dffrnq_1)
                                 -0.250000   20.385311   clock uncertainty
                                  0.000000   20.385311   clock reconvergence pessimism
                                 -0.125277   20.260035   library recovery time
                                             20.260035   data required time
---------------------------------------------------------------------------------------------
                                             20.260035   data required time
                                             -8.253579   data arrival time
---------------------------------------------------------------------------------------------
                                             12.006454   slack (MET)


Startpoint: rstn_i (input port clocked by clk_i)
Endpoint: _363_ (recovery check against rising-edge clock clk_i)
Path Group: asynchronous
Path Type: max

Fanout         Cap        Slew       Delay        Time   Description
---------------------------------------------------------------------------------------------
                                  0.000000    0.000000   clock clk_i (rise edge)
                                  0.000000    0.000000   clock network delay (propagated)
                                  4.000000    4.000000 ^ input external delay
     1    0.004475    0.121306    0.044369    4.044369 ^ rstn_i (in)
                                                         rstn_i (net)
                      0.121306    0.000000    4.044369 ^ input21/I (gf180mcu_fd_sc_mcu7t5v0__dlyb_1)
     1    0.004666    0.162045    0.874667    4.919037 ^ input21/Z (gf180mcu_fd_sc_mcu7t5v0__dlyb_1)
                                                         net21 (net)
                      0.162045    0.000054    4.919091 ^ fanout44/I (gf180mcu_fd_sc_mcu7t5v0__dlyb_1)
     9    0.087167    1.445447    1.646446    6.565537 ^ fanout44/Z (gf180mcu_fd_sc_mcu7t5v0__dlyb_1)
                                                         net44 (net)
                      1.445447    0.000483    6.566020 ^ fanout43/I (gf180mcu_fd_sc_mcu7t5v0__dlyb_1)
    10    0.090946    1.507514    1.685546    8.251566 ^ fanout43/Z (gf180mcu_fd_sc_mcu7t5v0__dlyb_1)
                                                         net43 (net)
                      1.507518    0.001548    8.253114 ^ _363_/RN (gf180mcu_fd_sc_mcu7t5v0__dffrnq_1)
                                              8.253114   data arrival time

                                 20.000000   20.000000   clock clk_i (rise edge)
                                  0.000000   20.000000   clock source latency
     1    0.033738    0.170447    0.083910   20.083910 ^ clk_i (in)
                                                         clk_i (net)
                      0.170451    0.000000   20.083910 ^ clkbuf_0_clk_i/I (gf180mcu_fd_sc_mcu7t5v0__clkbuf_16)
     4    0.098155    0.156684    0.290923   20.374832 ^ clkbuf_0_clk_i/Z (gf180mcu_fd_sc_mcu7t5v0__clkbuf_16)
                                                         clknet_0_clk_i (net)
                      0.156684    0.000339   20.375172 ^ clkbuf_2_2__f_clk_i/I (gf180mcu_fd_sc_mcu7t5v0__clkbuf_16)
    10    0.055384    0.119815    0.259620   20.634792 ^ clkbuf_2_2__f_clk_i/Z (gf180mcu_fd_sc_mcu7t5v0__clkbuf_16)
                                                         clknet_2_2__leaf_clk_i (net)
                      0.119816    0.000698   20.635490 ^ _363_/CLK (gf180mcu_fd_sc_mcu7t5v0__dffrnq_1)
                                 -0.250000   20.385490   clock uncertainty
                                  0.000000   20.385490   clock reconvergence pessimism
                                 -0.125276   20.260216   library recovery time
                                             20.260216   data required time
---------------------------------------------------------------------------------------------
                                             20.260216   data required time
                                             -8.253114   data arrival time
---------------------------------------------------------------------------------------------
                                             12.007101   slack (MET)


Startpoint: rstn_i (input port clocked by clk_i)
Endpoint: _366_ (recovery check against rising-edge clock clk_i)
Path Group: asynchronous
Path Type: max

Fanout         Cap        Slew       Delay        Time   Description
---------------------------------------------------------------------------------------------
                                  0.000000    0.000000   clock clk_i (rise edge)
                                  0.000000    0.000000   clock network delay (propagated)
                                  4.000000    4.000000 ^ input external delay
     1    0.004475    0.121306    0.044369    4.044369 ^ rstn_i (in)
                                                         rstn_i (net)
                      0.121306    0.000000    4.044369 ^ input21/I (gf180mcu_fd_sc_mcu7t5v0__dlyb_1)
     1    0.004666    0.162045    0.874667    4.919037 ^ input21/Z (gf180mcu_fd_sc_mcu7t5v0__dlyb_1)
                                                         net21 (net)
                      0.162045    0.000054    4.919091 ^ fanout44/I (gf180mcu_fd_sc_mcu7t5v0__dlyb_1)
     9    0.087167    1.445447    1.646446    6.565537 ^ fanout44/Z (gf180mcu_fd_sc_mcu7t5v0__dlyb_1)
                                                         net44 (net)
                      1.445447    0.000483    6.566020 ^ fanout43/I (gf180mcu_fd_sc_mcu7t5v0__dlyb_1)
    10    0.090946    1.507514    1.685546    8.251566 ^ fanout43/Z (gf180mcu_fd_sc_mcu7t5v0__dlyb_1)
                                                         net43 (net)
                      1.507514    0.001373    8.252939 ^ _366_/RN (gf180mcu_fd_sc_mcu7t5v0__dffrnq_1)
                                              8.252939   data arrival time

                                 20.000000   20.000000   clock clk_i (rise edge)
                                  0.000000   20.000000   clock source latency
     1    0.033738    0.170447    0.083910   20.083910 ^ clk_i (in)
                                                         clk_i (net)
                      0.170451    0.000000   20.083910 ^ clkbuf_0_clk_i/I (gf180mcu_fd_sc_mcu7t5v0__clkbuf_16)
     4    0.098155    0.156684    0.290923   20.374832 ^ clkbuf_0_clk_i/Z (gf180mcu_fd_sc_mcu7t5v0__clkbuf_16)
                                                         clknet_0_clk_i (net)
                      0.156684    0.000339   20.375172 ^ clkbuf_2_2__f_clk_i/I (gf180mcu_fd_sc_mcu7t5v0__clkbuf_16)
    10    0.055384    0.119815    0.259620   20.634792 ^ clkbuf_2_2__f_clk_i/Z (gf180mcu_fd_sc_mcu7t5v0__clkbuf_16)
                                                         clknet_2_2__leaf_clk_i (net)
                      0.119816    0.000732   20.635525 ^ _366_/CLK (gf180mcu_fd_sc_mcu7t5v0__dffrnq_1)
                                 -0.250000   20.385525   clock uncertainty
                                  0.000000   20.385525   clock reconvergence pessimism
                                 -0.125274   20.260250   library recovery time
                                             20.260250   data required time
---------------------------------------------------------------------------------------------
                                             20.260250   data required time
                                             -8.252939   data arrival time
---------------------------------------------------------------------------------------------
                                             12.007312   slack (MET)


Startpoint: rstn_i (input port clocked by clk_i)
Endpoint: _395_ (recovery check against rising-edge clock clk_i)
Path Group: asynchronous
Path Type: max

Fanout         Cap        Slew       Delay        Time   Description
---------------------------------------------------------------------------------------------
                                  0.000000    0.000000   clock clk_i (rise edge)
                                  0.000000    0.000000   clock network delay (propagated)
                                  4.000000    4.000000 ^ input external delay
     1    0.004475    0.121306    0.044369    4.044369 ^ rstn_i (in)
                                                         rstn_i (net)
                      0.121306    0.000000    4.044369 ^ input21/I (gf180mcu_fd_sc_mcu7t5v0__dlyb_1)
     1    0.004666    0.162045    0.874667    4.919037 ^ input21/Z (gf180mcu_fd_sc_mcu7t5v0__dlyb_1)
                                                         net21 (net)
                      0.162045    0.000054    4.919091 ^ fanout44/I (gf180mcu_fd_sc_mcu7t5v0__dlyb_1)
     9    0.087167    1.445447    1.646446    6.565537 ^ fanout44/Z (gf180mcu_fd_sc_mcu7t5v0__dlyb_1)
                                                         net44 (net)
                      1.445447    0.000483    6.566020 ^ fanout43/I (gf180mcu_fd_sc_mcu7t5v0__dlyb_1)
    10    0.090946    1.507514    1.685546    8.251566 ^ fanout43/Z (gf180mcu_fd_sc_mcu7t5v0__dlyb_1)
                                                         net43 (net)
                      1.507528    0.002672    8.254237 ^ _395_/RN (gf180mcu_fd_sc_mcu7t5v0__dffrnq_1)
                                              8.254237   data arrival time

                                 20.000000   20.000000   clock clk_i (rise edge)
                                  0.000000   20.000000   clock source latency
     1    0.033738    0.170447    0.083910   20.083910 ^ clk_i (in)
                                                         clk_i (net)
                      0.170451    0.000000   20.083910 ^ clkbuf_0_clk_i/I (gf180mcu_fd_sc_mcu7t5v0__clkbuf_16)
     4    0.098155    0.156684    0.290923   20.374832 ^ clkbuf_0_clk_i/Z (gf180mcu_fd_sc_mcu7t5v0__clkbuf_16)
                                                         clknet_0_clk_i (net)
                      0.156685    0.000981   20.375814 ^ clkbuf_2_1__f_clk_i/I (gf180mcu_fd_sc_mcu7t5v0__clkbuf_16)
    10    0.057257    0.121377    0.260636   20.636450 ^ clkbuf_2_1__f_clk_i/Z (gf180mcu_fd_sc_mcu7t5v0__clkbuf_16)
                                                         clknet_2_1__leaf_clk_i (net)
                      0.121378    0.000247   20.636696 ^ _395_/CLK (gf180mcu_fd_sc_mcu7t5v0__dffrnq_1)
                                 -0.250000   20.386698   clock uncertainty
                                  0.000000   20.386698   clock reconvergence pessimism
                                 -0.125038   20.261660   library recovery time
                                             20.261660   data required time
---------------------------------------------------------------------------------------------
                                             20.261660   data required time
                                             -8.254237   data arrival time
---------------------------------------------------------------------------------------------
                                             12.007422   slack (MET)


Startpoint: rstn_i (input port clocked by clk_i)
Endpoint: _365_ (recovery check against rising-edge clock clk_i)
Path Group: asynchronous
Path Type: max

Fanout         Cap        Slew       Delay        Time   Description
---------------------------------------------------------------------------------------------
                                  0.000000    0.000000   clock clk_i (rise edge)
                                  0.000000    0.000000   clock network delay (propagated)
                                  4.000000    4.000000 ^ input external delay
     1    0.004475    0.121306    0.044369    4.044369 ^ rstn_i (in)
                                                         rstn_i (net)
                      0.121306    0.000000    4.044369 ^ input21/I (gf180mcu_fd_sc_mcu7t5v0__dlyb_1)
     1    0.004666    0.162045    0.874667    4.919037 ^ input21/Z (gf180mcu_fd_sc_mcu7t5v0__dlyb_1)
                                                         net21 (net)
                      0.162045    0.000054    4.919091 ^ fanout44/I (gf180mcu_fd_sc_mcu7t5v0__dlyb_1)
     9    0.087167    1.445447    1.646446    6.565537 ^ fanout44/Z (gf180mcu_fd_sc_mcu7t5v0__dlyb_1)
                                                         net44 (net)
                      1.445447    0.000483    6.566020 ^ fanout43/I (gf180mcu_fd_sc_mcu7t5v0__dlyb_1)
    10    0.090946    1.507514    1.685546    8.251566 ^ fanout43/Z (gf180mcu_fd_sc_mcu7t5v0__dlyb_1)
                                                         net43 (net)
                      1.507514    0.001021    8.252587 ^ _365_/RN (gf180mcu_fd_sc_mcu7t5v0__dffrnq_1)
                                              8.252587   data arrival time

                                 20.000000   20.000000   clock clk_i (rise edge)
                                  0.000000   20.000000   clock source latency
     1    0.033738    0.170447    0.083910   20.083910 ^ clk_i (in)
                                                         clk_i (net)
                      0.170451    0.000000   20.083910 ^ clkbuf_0_clk_i/I (gf180mcu_fd_sc_mcu7t5v0__clkbuf_16)
     4    0.098155    0.156684    0.290923   20.374832 ^ clkbuf_0_clk_i/Z (gf180mcu_fd_sc_mcu7t5v0__clkbuf_16)
                                                         clknet_0_clk_i (net)
                      0.156684    0.000339   20.375172 ^ clkbuf_2_2__f_clk_i/I (gf180mcu_fd_sc_mcu7t5v0__clkbuf_16)
    10    0.055384    0.119815    0.259620   20.634792 ^ clkbuf_2_2__f_clk_i/Z (gf180mcu_fd_sc_mcu7t5v0__clkbuf_16)
                                                         clknet_2_2__leaf_clk_i (net)
                      0.119817    0.000830   20.635622 ^ _365_/CLK (gf180mcu_fd_sc_mcu7t5v0__dffrnq_1)
                                 -0.250000   20.385622   clock uncertainty
                                  0.000000   20.385622   clock reconvergence pessimism
                                 -0.125274   20.260349   library recovery time
                                             20.260349   data required time
---------------------------------------------------------------------------------------------
                                             20.260349   data required time
                                             -8.252587   data arrival time
---------------------------------------------------------------------------------------------
                                             12.007761   slack (MET)


Startpoint: rstn_i (input port clocked by clk_i)
Endpoint: _387_ (recovery check against rising-edge clock clk_i)
Path Group: asynchronous
Path Type: max

Fanout         Cap        Slew       Delay        Time   Description
---------------------------------------------------------------------------------------------
                                  0.000000    0.000000   clock clk_i (rise edge)
                                  0.000000    0.000000   clock network delay (propagated)
                                  4.000000    4.000000 ^ input external delay
     1    0.004475    0.121306    0.044369    4.044369 ^ rstn_i (in)
                                                         rstn_i (net)
                      0.121306    0.000000    4.044369 ^ input21/I (gf180mcu_fd_sc_mcu7t5v0__dlyb_1)
     1    0.004666    0.162045    0.874667    4.919037 ^ input21/Z (gf180mcu_fd_sc_mcu7t5v0__dlyb_1)
                                                         net21 (net)
                      0.162045    0.000054    4.919091 ^ fanout44/I (gf180mcu_fd_sc_mcu7t5v0__dlyb_1)
     9    0.087167    1.445447    1.646446    6.565537 ^ fanout44/Z (gf180mcu_fd_sc_mcu7t5v0__dlyb_1)
                                                         net44 (net)
                      1.445455    0.001886    6.567422 ^ fanout42/I (gf180mcu_fd_sc_mcu7t5v0__dlyb_1)
    10    0.089066    1.477121    1.667541    8.234963 ^ fanout42/Z (gf180mcu_fd_sc_mcu7t5v0__dlyb_1)
                                                         net42 (net)
                      1.477128    0.001837    8.236800 ^ _387_/RN (gf180mcu_fd_sc_mcu7t5v0__dffrnq_1)
                                              8.236800   data arrival time

                                 20.000000   20.000000   clock clk_i (rise edge)
                                  0.000000   20.000000   clock source latency
     1    0.033738    0.170447    0.083910   20.083910 ^ clk_i (in)
                                                         clk_i (net)
                      0.170451    0.000000   20.083910 ^ clkbuf_0_clk_i/I (gf180mcu_fd_sc_mcu7t5v0__clkbuf_16)
     4    0.098155    0.156684    0.290923   20.374832 ^ clkbuf_0_clk_i/Z (gf180mcu_fd_sc_mcu7t5v0__clkbuf_16)
                                                         clknet_0_clk_i (net)
                      0.156684    0.000668   20.375502 ^ clkbuf_2_3__f_clk_i/I (gf180mcu_fd_sc_mcu7t5v0__clkbuf_16)
     9    0.048428    0.113818    0.254907   20.630407 ^ clkbuf_2_3__f_clk_i/Z (gf180mcu_fd_sc_mcu7t5v0__clkbuf_16)
                                                         clknet_2_3__leaf_clk_i (net)
                      0.113823    0.001352   20.631760 ^ _387_/CLK (gf180mcu_fd_sc_mcu7t5v0__dffrnq_1)
                                 -0.250000   20.381762   clock uncertainty
                                  0.000000   20.381762   clock reconvergence pessimism
                                 -0.115062   20.266699   library recovery time
                                             20.266699   data required time
---------------------------------------------------------------------------------------------
                                             20.266699   data required time
                                             -8.236800   data arrival time
---------------------------------------------------------------------------------------------
                                             12.029900   slack (MET)


Startpoint: rstn_i (input port clocked by clk_i)
Endpoint: _377_ (recovery check against rising-edge clock clk_i)
Path Group: asynchronous
Path Type: max

Fanout         Cap        Slew       Delay        Time   Description
---------------------------------------------------------------------------------------------
                                  0.000000    0.000000   clock clk_i (rise edge)
                                  0.000000    0.000000   clock network delay (propagated)
                                  4.000000    4.000000 ^ input external delay
     1    0.004475    0.121306    0.044369    4.044369 ^ rstn_i (in)
                                                         rstn_i (net)
                      0.121306    0.000000    4.044369 ^ input21/I (gf180mcu_fd_sc_mcu7t5v0__dlyb_1)
     1    0.004666    0.162045    0.874667    4.919037 ^ input21/Z (gf180mcu_fd_sc_mcu7t5v0__dlyb_1)
                                                         net21 (net)
                      0.162045    0.000054    4.919091 ^ fanout44/I (gf180mcu_fd_sc_mcu7t5v0__dlyb_1)
     9    0.087167    1.445447    1.646446    6.565537 ^ fanout44/Z (gf180mcu_fd_sc_mcu7t5v0__dlyb_1)
                                                         net44 (net)
                      1.445455    0.001886    6.567422 ^ fanout42/I (gf180mcu_fd_sc_mcu7t5v0__dlyb_1)
    10    0.089066    1.477121    1.667541    8.234963 ^ fanout42/Z (gf180mcu_fd_sc_mcu7t5v0__dlyb_1)
                                                         net42 (net)
                      1.477134    0.002466    8.237430 ^ _377_/RN (gf180mcu_fd_sc_mcu7t5v0__dffrnq_1)
                                              8.237430   data arrival time

                                 20.000000   20.000000   clock clk_i (rise edge)
                                  0.000000   20.000000   clock source latency
     1    0.033738    0.170447    0.083910   20.083910 ^ clk_i (in)
                                                         clk_i (net)
                      0.170451    0.000000   20.083910 ^ clkbuf_0_clk_i/I (gf180mcu_fd_sc_mcu7t5v0__clkbuf_16)
     4    0.098155    0.156684    0.290923   20.374832 ^ clkbuf_0_clk_i/Z (gf180mcu_fd_sc_mcu7t5v0__clkbuf_16)
                                                         clknet_0_clk_i (net)
                      0.156684    0.000339   20.375172 ^ clkbuf_2_2__f_clk_i/I (gf180mcu_fd_sc_mcu7t5v0__clkbuf_16)
    10    0.055384    0.119815    0.259620   20.634792 ^ clkbuf_2_2__f_clk_i/Z (gf180mcu_fd_sc_mcu7t5v0__clkbuf_16)
                                                         clknet_2_2__leaf_clk_i (net)
                      0.119815    0.000378   20.635170 ^ _377_/CLK (gf180mcu_fd_sc_mcu7t5v0__dffrnq_1)
                                 -0.250000   20.385172   clock uncertainty
                                  0.000000   20.385172   clock reconvergence pessimism
                                 -0.114140   20.271032   library recovery time
                                             20.271032   data required time
---------------------------------------------------------------------------------------------
                                             20.271032   data required time
                                             -8.237430   data arrival time
---------------------------------------------------------------------------------------------
                                             12.033602   slack (MET)


Startpoint: rstn_i (input port clocked by clk_i)
Endpoint: _376_ (recovery check against rising-edge clock clk_i)
Path Group: asynchronous
Path Type: max

Fanout         Cap        Slew       Delay        Time   Description
---------------------------------------------------------------------------------------------
                                  0.000000    0.000000   clock clk_i (rise edge)
                                  0.000000    0.000000   clock network delay (propagated)
                                  4.000000    4.000000 ^ input external delay
     1    0.004475    0.121306    0.044369    4.044369 ^ rstn_i (in)
                                                         rstn_i (net)
                      0.121306    0.000000    4.044369 ^ input21/I (gf180mcu_fd_sc_mcu7t5v0__dlyb_1)
     1    0.004666    0.162045    0.874667    4.919037 ^ input21/Z (gf180mcu_fd_sc_mcu7t5v0__dlyb_1)
                                                         net21 (net)
                      0.162045    0.000054    4.919091 ^ fanout44/I (gf180mcu_fd_sc_mcu7t5v0__dlyb_1)
     9    0.087167    1.445447    1.646446    6.565537 ^ fanout44/Z (gf180mcu_fd_sc_mcu7t5v0__dlyb_1)
                                                         net44 (net)
                      1.445455    0.001886    6.567422 ^ fanout42/I (gf180mcu_fd_sc_mcu7t5v0__dlyb_1)
    10    0.089066    1.477121    1.667541    8.234963 ^ fanout42/Z (gf180mcu_fd_sc_mcu7t5v0__dlyb_1)
                                                         net42 (net)
                      1.477127    0.001786    8.236750 ^ _376_/RN (gf180mcu_fd_sc_mcu7t5v0__dffrnq_1)
                                              8.236750   data arrival time

                                 20.000000   20.000000   clock clk_i (rise edge)
                                  0.000000   20.000000   clock source latency
     1    0.033738    0.170447    0.083910   20.083910 ^ clk_i (in)
                                                         clk_i (net)
                      0.170451    0.000000   20.083910 ^ clkbuf_0_clk_i/I (gf180mcu_fd_sc_mcu7t5v0__clkbuf_16)
     4    0.098155    0.156684    0.290923   20.374832 ^ clkbuf_0_clk_i/Z (gf180mcu_fd_sc_mcu7t5v0__clkbuf_16)
                                                         clknet_0_clk_i (net)
                      0.156685    0.000981   20.375814 ^ clkbuf_2_1__f_clk_i/I (gf180mcu_fd_sc_mcu7t5v0__clkbuf_16)
    10    0.057257    0.121377    0.260636   20.636450 ^ clkbuf_2_1__f_clk_i/Z (gf180mcu_fd_sc_mcu7t5v0__clkbuf_16)
                                                         clknet_2_1__leaf_clk_i (net)
                      0.121377    0.000085   20.636536 ^ _376_/CLK (gf180mcu_fd_sc_mcu7t5v0__dffrnq_1)
                                 -0.250000   20.386536   clock uncertainty
                                  0.000000   20.386536   clock reconvergence pessimism
                                 -0.113897   20.272638   library recovery time
                                             20.272638   data required time
---------------------------------------------------------------------------------------------
                                             20.272638   data required time
                                             -8.236750   data arrival time
---------------------------------------------------------------------------------------------
                                             12.035890   slack (MET)


Startpoint: rstn_i (input port clocked by clk_i)
Endpoint: _375_ (recovery check against rising-edge clock clk_i)
Path Group: asynchronous
Path Type: max

Fanout         Cap        Slew       Delay        Time   Description
---------------------------------------------------------------------------------------------
                                  0.000000    0.000000   clock clk_i (rise edge)
                                  0.000000    0.000000   clock network delay (propagated)
                                  4.000000    4.000000 ^ input external delay
     1    0.004475    0.121306    0.044369    4.044369 ^ rstn_i (in)
                                                         rstn_i (net)
                      0.121306    0.000000    4.044369 ^ input21/I (gf180mcu_fd_sc_mcu7t5v0__dlyb_1)
     1    0.004666    0.162045    0.874667    4.919037 ^ input21/Z (gf180mcu_fd_sc_mcu7t5v0__dlyb_1)
                                                         net21 (net)
                      0.162045    0.000054    4.919091 ^ fanout44/I (gf180mcu_fd_sc_mcu7t5v0__dlyb_1)
     9    0.087167    1.445447    1.646446    6.565537 ^ fanout44/Z (gf180mcu_fd_sc_mcu7t5v0__dlyb_1)
                                                         net44 (net)
                      1.445455    0.001886    6.567422 ^ fanout42/I (gf180mcu_fd_sc_mcu7t5v0__dlyb_1)
    10    0.089066    1.477121    1.667541    8.234963 ^ fanout42/Z (gf180mcu_fd_sc_mcu7t5v0__dlyb_1)
                                                         net42 (net)
                      1.477121    0.001380    8.236343 ^ _375_/RN (gf180mcu_fd_sc_mcu7t5v0__dffrnq_1)
                                              8.236343   data arrival time

                                 20.000000   20.000000   clock clk_i (rise edge)
                                  0.000000   20.000000   clock source latency
     1    0.033738    0.170447    0.083910   20.083910 ^ clk_i (in)
                                                         clk_i (net)
                      0.170451    0.000000   20.083910 ^ clkbuf_0_clk_i/I (gf180mcu_fd_sc_mcu7t5v0__clkbuf_16)
     4    0.098155    0.156684    0.290923   20.374832 ^ clkbuf_0_clk_i/Z (gf180mcu_fd_sc_mcu7t5v0__clkbuf_16)
                                                         clknet_0_clk_i (net)
                      0.156685    0.000981   20.375814 ^ clkbuf_2_1__f_clk_i/I (gf180mcu_fd_sc_mcu7t5v0__clkbuf_16)
    10    0.057257    0.121377    0.260636   20.636450 ^ clkbuf_2_1__f_clk_i/Z (gf180mcu_fd_sc_mcu7t5v0__clkbuf_16)
                                                         clknet_2_1__leaf_clk_i (net)
                      0.121378    0.000224   20.636673 ^ _375_/CLK (gf180mcu_fd_sc_mcu7t5v0__dffrnq_1)
                                 -0.250000   20.386675   clock uncertainty
                                  0.000000   20.386675   clock reconvergence pessimism
                                 -0.113894   20.272779   library recovery time
                                             20.272779   data required time
---------------------------------------------------------------------------------------------
                                             20.272779   data required time
                                             -8.236343   data arrival time
---------------------------------------------------------------------------------------------
                                             12.036436   slack (MET)


Startpoint: cfg_div_i[10] (input port clocked by clk_i)
Endpoint: _395_ (rising edge-triggered flip-flop clocked by clk_i)
Path Group: clk_i
Path Type: max

Fanout         Cap        Slew       Delay        Time   Description
---------------------------------------------------------------------------------------------
                                  0.000000    0.000000   clock clk_i (rise edge)
                                  0.000000    0.000000   clock network delay (propagated)
                                  4.000000    4.000000 v input external delay
     1    0.004404    0.069817    0.026970    4.026969 v cfg_div_i[10] (in)
                                                         cfg_div_i[10] (net)
                      0.069817    0.000000    4.026969 v input4/I (gf180mcu_fd_sc_mcu7t5v0__dlyb_1)
     3    0.022029    0.366153    1.116756    5.143726 v input4/Z (gf180mcu_fd_sc_mcu7t5v0__dlyb_1)
                                                         net4 (net)
                      0.366153    0.000381    5.144106 v _216_/A1 (gf180mcu_fd_sc_mcu7t5v0__xor2_1)
     1    0.004441    0.230135    0.498640    5.642746 v _216_/Z (gf180mcu_fd_sc_mcu7t5v0__xor2_1)
                                                         _073_ (net)
                      0.230135    0.000044    5.642791 v _224_/A4 (gf180mcu_fd_sc_mcu7t5v0__nor4_1)
     1    0.006457    0.694741    0.508632    6.151423 ^ _224_/ZN (gf180mcu_fd_sc_mcu7t5v0__nor4_1)
                                                         _081_ (net)
                      0.694741    0.000081    6.151505 ^ _226_/A2 (gf180mcu_fd_sc_mcu7t5v0__nand3_1)
     1    0.007108    0.326859    0.217714    6.369218 v _226_/ZN (gf180mcu_fd_sc_mcu7t5v0__nand3_1)
                                                         _083_ (net)
                      0.326859    0.000179    6.369398 v _229_/A3 (gf180mcu_fd_sc_mcu7t5v0__or4_1)
     2    0.008221    0.322152    0.863957    7.233355 v _229_/Z (gf180mcu_fd_sc_mcu7t5v0__or4_1)
                                                         _086_ (net)
                      0.322152    0.000058    7.233413 v _250_/A1 (gf180mcu_fd_sc_mcu7t5v0__and2_1)
     2    0.009349    0.165314    0.342923    7.576336 v _250_/Z (gf180mcu_fd_sc_mcu7t5v0__and2_1)
                                                         _107_ (net)
                      0.165314    0.000128    7.576464 v _253_/B (gf180mcu_fd_sc_mcu7t5v0__aoi21_1)
     1    0.003367    0.325388    0.245262    7.821726 ^ _253_/ZN (gf180mcu_fd_sc_mcu7t5v0__aoi21_1)
                                                         _016_ (net)
                      0.325388    0.000033    7.821759 ^ _395_/D (gf180mcu_fd_sc_mcu7t5v0__dffrnq_1)
                                              7.821759   data arrival time

                                 20.000000   20.000000   clock clk_i (rise edge)
                                  0.000000   20.000000   clock source latency
     1    0.033738    0.170447    0.083910   20.083910 ^ clk_i (in)
                                                         clk_i (net)
                      0.170451    0.000000   20.083910 ^ clkbuf_0_clk_i/I (gf180mcu_fd_sc_mcu7t5v0__clkbuf_16)
     4    0.098155    0.156684    0.290923   20.374832 ^ clkbuf_0_clk_i/Z (gf180mcu_fd_sc_mcu7t5v0__clkbuf_16)
                                                         clknet_0_clk_i (net)
                      0.156685    0.000981   20.375814 ^ clkbuf_2_1__f_clk_i/I (gf180mcu_fd_sc_mcu7t5v0__clkbuf_16)
    10    0.057257    0.121377    0.260636   20.636450 ^ clkbuf_2_1__f_clk_i/Z (gf180mcu_fd_sc_mcu7t5v0__clkbuf_16)
                                                         clknet_2_1__leaf_clk_i (net)
                      0.121378    0.000247   20.636696 ^ _395_/CLK (gf180mcu_fd_sc_mcu7t5v0__dffrnq_1)
                                 -0.250000   20.386698   clock uncertainty
                                  0.000000   20.386698   clock reconvergence pessimism
                                 -0.338505   20.048191   library setup time
                                             20.048191   data required time
---------------------------------------------------------------------------------------------
                                             20.048191   data required time
                                             -7.821759   data arrival time
---------------------------------------------------------------------------------------------
                                             12.226433   slack (MET)


Startpoint: cfg_div_i[10] (input port clocked by clk_i)
Endpoint: _386_ (rising edge-triggered flip-flop clocked by clk_i)
Path Group: clk_i
Path Type: max

Fanout         Cap        Slew       Delay        Time   Description
---------------------------------------------------------------------------------------------
                                  0.000000    0.000000   clock clk_i (rise edge)
                                  0.000000    0.000000   clock network delay (propagated)
                                  4.000000    4.000000 v input external delay
     1    0.004404    0.069817    0.026970    4.026969 v cfg_div_i[10] (in)
                                                         cfg_div_i[10] (net)
                      0.069817    0.000000    4.026969 v input4/I (gf180mcu_fd_sc_mcu7t5v0__dlyb_1)
     3    0.022029    0.366153    1.116756    5.143726 v input4/Z (gf180mcu_fd_sc_mcu7t5v0__dlyb_1)
                                                         net4 (net)
                      0.366153    0.000381    5.144106 v _216_/A1 (gf180mcu_fd_sc_mcu7t5v0__xor2_1)
     1    0.004441    0.230135    0.498640    5.642746 v _216_/Z (gf180mcu_fd_sc_mcu7t5v0__xor2_1)
                                                         _073_ (net)
                      0.230135    0.000044    5.642791 v _224_/A4 (gf180mcu_fd_sc_mcu7t5v0__nor4_1)
     1    0.006457    0.694741    0.508632    6.151423 ^ _224_/ZN (gf180mcu_fd_sc_mcu7t5v0__nor4_1)
                                                         _081_ (net)
                      0.694741    0.000081    6.151505 ^ _226_/A2 (gf180mcu_fd_sc_mcu7t5v0__nand3_1)
     1    0.007108    0.326859    0.217714    6.369218 v _226_/ZN (gf180mcu_fd_sc_mcu7t5v0__nand3_1)
                                                         _083_ (net)
                      0.326859    0.000179    6.369398 v _229_/A3 (gf180mcu_fd_sc_mcu7t5v0__or4_1)
     2    0.008221    0.322152    0.863957    7.233355 v _229_/Z (gf180mcu_fd_sc_mcu7t5v0__or4_1)
                                                         _086_ (net)
                      0.322152    0.000058    7.233413 v _250_/A1 (gf180mcu_fd_sc_mcu7t5v0__and2_1)
     2    0.009349    0.165314    0.342923    7.576336 v _250_/Z (gf180mcu_fd_sc_mcu7t5v0__and2_1)
                                                         _107_ (net)
                      0.165314    0.000076    7.576413 v _280_/A1 (gf180mcu_fd_sc_mcu7t5v0__and4_1)
     1    0.004716    0.189506    0.305296    7.881709 v _280_/Z (gf180mcu_fd_sc_mcu7t5v0__and4_1)
                                                         _013_ (net)
                      0.189506    0.000093    7.881802 v _386_/D (gf180mcu_fd_sc_mcu7t5v0__dffrnq_1)
                                              7.881802   data arrival time

                                 20.000000   20.000000   clock clk_i (rise edge)
                                  0.000000   20.000000   clock source latency
     1    0.033738    0.170447    0.083910   20.083910 ^ clk_i (in)
                                                         clk_i (net)
                      0.170451    0.000000   20.083910 ^ clkbuf_0_clk_i/I (gf180mcu_fd_sc_mcu7t5v0__clkbuf_16)
     4    0.098155    0.156684    0.290923   20.374832 ^ clkbuf_0_clk_i/Z (gf180mcu_fd_sc_mcu7t5v0__clkbuf_16)
                                                         clknet_0_clk_i (net)
                      0.156685    0.000981   20.375814 ^ clkbuf_2_0__f_clk_i/I (gf180mcu_fd_sc_mcu7t5v0__clkbuf_16)
    10    0.053113    0.117791    0.257714   20.633528 ^ clkbuf_2_0__f_clk_i/Z (gf180mcu_fd_sc_mcu7t5v0__clkbuf_16)
                                                         clknet_2_0__leaf_clk_i (net)
                      0.117793    0.000927   20.634455 ^ _386_/CLK (gf180mcu_fd_sc_mcu7t5v0__dffrnq_1)
                                 -0.250000   20.384455   clock uncertainty
                                  0.000000   20.384455   clock reconvergence pessimism
                                 -0.157438   20.227018   library setup time
                                             20.227018   data required time
---------------------------------------------------------------------------------------------
                                             20.227018   data required time
                                             -7.881802   data arrival time
---------------------------------------------------------------------------------------------
                                             12.345217   slack (MET)


Startpoint: cfg_bits_i[0] (input port clocked by clk_i)
Endpoint: _365_ (rising edge-triggered flip-flop clocked by clk_i)
Path Group: clk_i
Path Type: max

Fanout         Cap        Slew       Delay        Time   Description
---------------------------------------------------------------------------------------------
                                  0.000000    0.000000   clock clk_i (rise edge)
                                  0.000000    0.000000   clock network delay (propagated)
                                  4.000000    4.000000 v input external delay
     1    0.003884    0.064901    0.023849    4.023849 v cfg_bits_i[0] (in)
                                                         cfg_bits_i[0] (net)
                      0.064901    0.000000    4.023849 v input1/I (gf180mcu_fd_sc_mcu7t5v0__dlyb_1)
     7    0.043607    0.549058    1.271381    5.295230 v input1/Z (gf180mcu_fd_sc_mcu7t5v0__dlyb_1)
                                                         net1 (net)
                      0.549060    0.000818    5.296049 v _316_/A1 (gf180mcu_fd_sc_mcu7t5v0__xnor2_1)
     1    0.004415    0.293521    0.474956    5.771004 v _316_/ZN (gf180mcu_fd_sc_mcu7t5v0__xnor2_1)
                                                         _148_ (net)
                      0.293521    0.000041    5.771045 v _317_/A3 (gf180mcu_fd_sc_mcu7t5v0__nand3_1)
     2    0.011275    0.396591    0.320842    6.091887 ^ _317_/ZN (gf180mcu_fd_sc_mcu7t5v0__nand3_1)
                                                         _149_ (net)
                      0.396591    0.000174    6.092061 ^ _319_/A1 (gf180mcu_fd_sc_mcu7t5v0__and2_1)
     2    0.008796    0.224155    0.366439    6.458500 ^ _319_/Z (gf180mcu_fd_sc_mcu7t5v0__and2_1)
                                                         _151_ (net)
                      0.224155    0.000140    6.458641 ^ _321_/A1 (gf180mcu_fd_sc_mcu7t5v0__nor2_1)
     4    0.033489    0.552218    0.365106    6.823747 v _321_/ZN (gf180mcu_fd_sc_mcu7t5v0__nor2_1)
                                                         _153_ (net)
                      0.552219    0.000866    6.824612 v _327_/S (gf180mcu_fd_sc_mcu7t5v0__mux2_2)
     1    0.003228    0.111112    0.470810    7.295422 ^ _327_/Z (gf180mcu_fd_sc_mcu7t5v0__mux2_2)
                                                         _158_ (net)
                      0.111112    0.000031    7.295453 ^ _328_/A2 (gf180mcu_fd_sc_mcu7t5v0__and2_1)
     1    0.003340    0.135788    0.267252    7.562706 ^ _328_/Z (gf180mcu_fd_sc_mcu7t5v0__and2_1)
                                                         _024_ (net)
                      0.135788    0.000031    7.562737 ^ _365_/D (gf180mcu_fd_sc_mcu7t5v0__dffrnq_1)
                                              7.562737   data arrival time

                                 20.000000   20.000000   clock clk_i (rise edge)
                                  0.000000   20.000000   clock source latency
     1    0.033738    0.170447    0.083910   20.083910 ^ clk_i (in)
                                                         clk_i (net)
                      0.170451    0.000000   20.083910 ^ clkbuf_0_clk_i/I (gf180mcu_fd_sc_mcu7t5v0__clkbuf_16)
     4    0.098155    0.156684    0.290923   20.374832 ^ clkbuf_0_clk_i/Z (gf180mcu_fd_sc_mcu7t5v0__clkbuf_16)
                                                         clknet_0_clk_i (net)
                      0.156684    0.000339   20.375172 ^ clkbuf_2_2__f_clk_i/I (gf180mcu_fd_sc_mcu7t5v0__clkbuf_16)
    10    0.055384    0.119815    0.259620   20.634792 ^ clkbuf_2_2__f_clk_i/Z (gf180mcu_fd_sc_mcu7t5v0__clkbuf_16)
                                                         clknet_2_2__leaf_clk_i (net)
                      0.119817    0.000830   20.635622 ^ _365_/CLK (gf180mcu_fd_sc_mcu7t5v0__dffrnq_1)
                                 -0.250000   20.385622   clock uncertainty
                                  0.000000   20.385622   clock reconvergence pessimism
                                 -0.300585   20.085039   library setup time
                                             20.085039   data required time
---------------------------------------------------------------------------------------------
                                             20.085039   data required time
                                             -7.562737   data arrival time
---------------------------------------------------------------------------------------------
                                             12.522302   slack (MET)


Startpoint: cfg_bits_i[1] (input port clocked by clk_i)
Endpoint: _366_ (rising edge-triggered flip-flop clocked by clk_i)
Path Group: clk_i
Path Type: max

Fanout         Cap        Slew       Delay        Time   Description
---------------------------------------------------------------------------------------------
                                  0.000000    0.000000   clock clk_i (rise edge)
                                  0.000000    0.000000   clock network delay (propagated)
                                  4.000000    4.000000 ^ input external delay
     1    0.004121    0.115656    0.040968    4.040968 ^ cfg_bits_i[1] (in)
                                                         cfg_bits_i[1] (net)
                      0.115656    0.000000    4.040968 ^ input2/I (gf180mcu_fd_sc_mcu7t5v0__dlyb_1)
     7    0.044381    0.765186    1.246124    5.287092 ^ input2/Z (gf180mcu_fd_sc_mcu7t5v0__dlyb_1)
                                                         net2 (net)
                      0.765192    0.001146    5.288238 ^ _315_/A1 (gf180mcu_fd_sc_mcu7t5v0__xnor2_1)
     1    0.005092    0.378474    0.409096    5.697334 ^ _315_/ZN (gf180mcu_fd_sc_mcu7t5v0__xnor2_1)
                                                         _147_ (net)
                      0.378474    0.000097    5.697431 ^ _317_/A2 (gf180mcu_fd_sc_mcu7t5v0__nand3_1)
     2    0.011275    0.339808    0.251357    5.948788 v _317_/ZN (gf180mcu_fd_sc_mcu7t5v0__nand3_1)
                                                         _149_ (net)
                      0.339808    0.000174    5.948962 v _319_/A1 (gf180mcu_fd_sc_mcu7t5v0__and2_1)
     2    0.008796    0.161708    0.344005    6.292967 v _319_/Z (gf180mcu_fd_sc_mcu7t5v0__and2_1)
                                                         _151_ (net)
                      0.161708    0.000140    6.293108 v _321_/A1 (gf180mcu_fd_sc_mcu7t5v0__nor2_1)
     4    0.033489    1.087846    0.664688    6.957796 ^ _321_/ZN (gf180mcu_fd_sc_mcu7t5v0__nor2_1)
                                                         _153_ (net)
                      1.087846    0.001005    6.958801 ^ _330_/A2 (gf180mcu_fd_sc_mcu7t5v0__oai21_1)
     1    0.004852    0.384067    0.195123    7.153925 v _330_/ZN (gf180mcu_fd_sc_mcu7t5v0__oai21_1)
                                                         _160_ (net)
                      0.384067    0.000051    7.153975 v _331_/B (gf180mcu_fd_sc_mcu7t5v0__aoi21_1)
     1    0.003650    0.323307    0.286791    7.440766 ^ _331_/ZN (gf180mcu_fd_sc_mcu7t5v0__aoi21_1)
                                                         _025_ (net)
                      0.323307    0.000068    7.440834 ^ _366_/D (gf180mcu_fd_sc_mcu7t5v0__dffrnq_1)
                                              7.440834   data arrival time

                                 20.000000   20.000000   clock clk_i (rise edge)
                                  0.000000   20.000000   clock source latency
     1    0.033738    0.170447    0.083910   20.083910 ^ clk_i (in)
                                                         clk_i (net)
                      0.170451    0.000000   20.083910 ^ clkbuf_0_clk_i/I (gf180mcu_fd_sc_mcu7t5v0__clkbuf_16)
     4    0.098155    0.156684    0.290923   20.374832 ^ clkbuf_0_clk_i/Z (gf180mcu_fd_sc_mcu7t5v0__clkbuf_16)
                                                         clknet_0_clk_i (net)
                      0.156684    0.000339   20.375172 ^ clkbuf_2_2__f_clk_i/I (gf180mcu_fd_sc_mcu7t5v0__clkbuf_16)
    10    0.055384    0.119815    0.259620   20.634792 ^ clkbuf_2_2__f_clk_i/Z (gf180mcu_fd_sc_mcu7t5v0__clkbuf_16)
                                                         clknet_2_2__leaf_clk_i (net)
                      0.119816    0.000732   20.635525 ^ _366_/CLK (gf180mcu_fd_sc_mcu7t5v0__dffrnq_1)
                                 -0.250000   20.385525   clock uncertainty
                                  0.000000   20.385525   clock reconvergence pessimism
                                 -0.338297   20.047228   library setup time
                                             20.047228   data required time
---------------------------------------------------------------------------------------------
                                             20.047228   data required time
                                             -7.440834   data arrival time
---------------------------------------------------------------------------------------------
                                             12.606395   slack (MET)


Startpoint: _368_ (rising edge-triggered flip-flop clocked by clk_i)
Endpoint: rx_data_o[1] (output port clocked by clk_i)
Path Group: clk_i
Path Type: max

Fanout         Cap        Slew       Delay        Time   Description
---------------------------------------------------------------------------------------------
                                  0.000000    0.000000   clock clk_i (rise edge)
                                  0.000000    0.000000   clock source latency
     1    0.033738    0.170447    0.083909    0.083909 ^ clk_i (in)
                                                         clk_i (net)
                      0.170451    0.000000    0.083909 ^ clkbuf_0_clk_i/I (gf180mcu_fd_sc_mcu7t5v0__clkbuf_16)
     4    0.098155    0.156684    0.290924    0.374833 ^ clkbuf_0_clk_i/Z (gf180mcu_fd_sc_mcu7t5v0__clkbuf_16)
                                                         clknet_0_clk_i (net)
                      0.156684    0.000667    0.375500 ^ clkbuf_2_3__f_clk_i/I (gf180mcu_fd_sc_mcu7t5v0__clkbuf_16)
     9    0.048428    0.113818    0.254907    0.630407 ^ clkbuf_2_3__f_clk_i/Z (gf180mcu_fd_sc_mcu7t5v0__clkbuf_16)
                                                         clknet_2_3__leaf_clk_i (net)
                      0.113819    0.000643    0.631050 ^ _368_/CLK (gf180mcu_fd_sc_mcu7t5v0__dffsnq_1)
     3    0.017981    0.348735    0.875049    1.506099 ^ _368_/Q (gf180mcu_fd_sc_mcu7t5v0__dffsnq_1)
                                                         net29 (net)
                      0.348735    0.000232    1.506331 ^ output29/I (gf180mcu_fd_sc_mcu7t5v0__dlyb_1)
     1    0.074499    1.245044    1.550230    3.056561 ^ output29/Z (gf180mcu_fd_sc_mcu7t5v0__dlyb_1)
                                                         rx_data_o[1] (net)
                      1.245044    0.000726    3.057286 ^ rx_data_o[1] (out)
                                              3.057286   data arrival time

                                 20.000000   20.000000   clock clk_i (rise edge)
                                  0.000000   20.000000   clock network delay (propagated)
                                 -0.250000   19.750002   clock uncertainty
                                  0.000000   19.750002   clock reconvergence pessimism
                                 -4.000000   15.750001   output external delay
                                             15.750001   data required time
---------------------------------------------------------------------------------------------
                                             15.750001   data required time
                                             -3.057286   data arrival time
---------------------------------------------------------------------------------------------
                                             12.692715   slack (MET)


Startpoint: _369_ (rising edge-triggered flip-flop clocked by clk_i)
Endpoint: rx_data_o[2] (output port clocked by clk_i)
Path Group: clk_i
Path Type: max

Fanout         Cap        Slew       Delay        Time   Description
---------------------------------------------------------------------------------------------
                                  0.000000    0.000000   clock clk_i (rise edge)
                                  0.000000    0.000000   clock source latency
     1    0.033738    0.170447    0.083909    0.083909 ^ clk_i (in)
                                                         clk_i (net)
                      0.170451    0.000000    0.083909 ^ clkbuf_0_clk_i/I (gf180mcu_fd_sc_mcu7t5v0__clkbuf_16)
     4    0.098155    0.156684    0.290924    0.374833 ^ clkbuf_0_clk_i/Z (gf180mcu_fd_sc_mcu7t5v0__clkbuf_16)
                                                         clknet_0_clk_i (net)
                      0.156684    0.000667    0.375500 ^ clkbuf_2_3__f_clk_i/I (gf180mcu_fd_sc_mcu7t5v0__clkbuf_16)
     9    0.048428    0.113818    0.254907    0.630407 ^ clkbuf_2_3__f_clk_i/Z (gf180mcu_fd_sc_mcu7t5v0__clkbuf_16)
                                                         clknet_2_3__leaf_clk_i (net)
                      0.113820    0.000943    0.631350 ^ _369_/CLK (gf180mcu_fd_sc_mcu7t5v0__dffsnq_1)
     3    0.017014    0.334024    0.866059    1.497409 ^ _369_/Q (gf180mcu_fd_sc_mcu7t5v0__dffsnq_1)
                                                         net30 (net)
                      0.334024    0.000236    1.497645 ^ output30/I (gf180mcu_fd_sc_mcu7t5v0__dlyb_1)
     1    0.074811    1.250080    1.552581    3.050226 ^ output30/Z (gf180mcu_fd_sc_mcu7t5v0__dlyb_1)
                                                         rx_data_o[2] (net)
                      1.250080    0.000794    3.051021 ^ rx_data_o[2] (out)
                                              3.051021   data arrival time

                                 20.000000   20.000000   clock clk_i (rise edge)
                                  0.000000   20.000000   clock network delay (propagated)
                                 -0.250000   19.750002   clock uncertainty
                                  0.000000   19.750002   clock reconvergence pessimism
                                 -4.000000   15.750001   output external delay
                                             15.750001   data required time
---------------------------------------------------------------------------------------------
                                             15.750001   data required time
                                             -3.051021   data arrival time
---------------------------------------------------------------------------------------------
                                             12.698980   slack (MET)


Startpoint: _371_ (rising edge-triggered flip-flop clocked by clk_i)
Endpoint: rx_data_o[4] (output port clocked by clk_i)
Path Group: clk_i
Path Type: max

Fanout         Cap        Slew       Delay        Time   Description
---------------------------------------------------------------------------------------------
                                  0.000000    0.000000   clock clk_i (rise edge)
                                  0.000000    0.000000   clock source latency
     1    0.033738    0.170447    0.083909    0.083909 ^ clk_i (in)
                                                         clk_i (net)
                      0.170451    0.000000    0.083909 ^ clkbuf_0_clk_i/I (gf180mcu_fd_sc_mcu7t5v0__clkbuf_16)
     4    0.098155    0.156684    0.290924    0.374833 ^ clkbuf_0_clk_i/Z (gf180mcu_fd_sc_mcu7t5v0__clkbuf_16)
                                                         clknet_0_clk_i (net)
                      0.156684    0.000667    0.375500 ^ clkbuf_2_3__f_clk_i/I (gf180mcu_fd_sc_mcu7t5v0__clkbuf_16)
     9    0.048428    0.113818    0.254907    0.630407 ^ clkbuf_2_3__f_clk_i/Z (gf180mcu_fd_sc_mcu7t5v0__clkbuf_16)
                                                         clknet_2_3__leaf_clk_i (net)
                      0.113822    0.001234    0.631641 ^ _371_/CLK (gf180mcu_fd_sc_mcu7t5v0__dffsnq_1)
     3    0.016896    0.332190    0.864905    1.496546 ^ _371_/Q (gf180mcu_fd_sc_mcu7t5v0__dffsnq_1)
                                                         net32 (net)
                      0.332190    0.000382    1.496927 ^ output32/I (gf180mcu_fd_sc_mcu7t5v0__dlyb_1)
     1    0.074801    1.249689    1.551899    3.048827 ^ output32/Z (gf180mcu_fd_sc_mcu7t5v0__dlyb_1)
                                                         rx_data_o[4] (net)
                      1.249694    0.001460    3.050287 ^ rx_data_o[4] (out)
                                              3.050287   data arrival time

                                 20.000000   20.000000   clock clk_i (rise edge)
                                  0.000000   20.000000   clock network delay (propagated)
                                 -0.250000   19.750002   clock uncertainty
                                  0.000000   19.750002   clock reconvergence pessimism
                                 -4.000000   15.750001   output external delay
                                             15.750001   data required time
---------------------------------------------------------------------------------------------
                                             15.750001   data required time
                                             -3.050287   data arrival time
---------------------------------------------------------------------------------------------
                                             12.699714   slack (MET)


Startpoint: _372_ (rising edge-triggered flip-flop clocked by clk_i)
Endpoint: rx_data_o[5] (output port clocked by clk_i)
Path Group: clk_i
Path Type: max

Fanout         Cap        Slew       Delay        Time   Description
---------------------------------------------------------------------------------------------
                                  0.000000    0.000000   clock clk_i (rise edge)
                                  0.000000    0.000000   clock source latency
     1    0.033738    0.170447    0.083909    0.083909 ^ clk_i (in)
                                                         clk_i (net)
                      0.170451    0.000000    0.083909 ^ clkbuf_0_clk_i/I (gf180mcu_fd_sc_mcu7t5v0__clkbuf_16)
     4    0.098155    0.156684    0.290924    0.374833 ^ clkbuf_0_clk_i/Z (gf180mcu_fd_sc_mcu7t5v0__clkbuf_16)
                                                         clknet_0_clk_i (net)
                      0.156684    0.000667    0.375500 ^ clkbuf_2_3__f_clk_i/I (gf180mcu_fd_sc_mcu7t5v0__clkbuf_16)
     9    0.048428    0.113818    0.254907    0.630407 ^ clkbuf_2_3__f_clk_i/Z (gf180mcu_fd_sc_mcu7t5v0__clkbuf_16)
                                                         clknet_2_3__leaf_clk_i (net)
                      0.113818    0.000479    0.630886 ^ _372_/CLK (gf180mcu_fd_sc_mcu7t5v0__dffsnq_1)
     3    0.017557    0.342264    0.871070    1.501956 ^ _372_/Q (gf180mcu_fd_sc_mcu7t5v0__dffsnq_1)
                                                         net33 (net)
                      0.342264    0.000193    1.502148 ^ output33/I (gf180mcu_fd_sc_mcu7t5v0__dlyb_1)
     1    0.074178    1.239828    1.546837    3.048985 ^ output33/Z (gf180mcu_fd_sc_mcu7t5v0__dlyb_1)
                                                         rx_data_o[5] (net)
                      1.239828    0.000977    3.049963 ^ rx_data_o[5] (out)
                                              3.049963   data arrival time

                                 20.000000   20.000000   clock clk_i (rise edge)
                                  0.000000   20.000000   clock network delay (propagated)
                                 -0.250000   19.750002   clock uncertainty
                                  0.000000   19.750002   clock reconvergence pessimism
                                 -4.000000   15.750001   output external delay
                                             15.750001   data required time
---------------------------------------------------------------------------------------------
                                             15.750001   data required time
                                             -3.049963   data arrival time
---------------------------------------------------------------------------------------------
                                             12.700038   slack (MET)


Startpoint: _373_ (rising edge-triggered flip-flop clocked by clk_i)
Endpoint: rx_data_o[6] (output port clocked by clk_i)
Path Group: clk_i
Path Type: max

Fanout         Cap        Slew       Delay        Time   Description
---------------------------------------------------------------------------------------------
                                  0.000000    0.000000   clock clk_i (rise edge)
                                  0.000000    0.000000   clock source latency
     1    0.033738    0.170447    0.083909    0.083909 ^ clk_i (in)
                                                         clk_i (net)
                      0.170451    0.000000    0.083909 ^ clkbuf_0_clk_i/I (gf180mcu_fd_sc_mcu7t5v0__clkbuf_16)
     4    0.098155    0.156684    0.290924    0.374833 ^ clkbuf_0_clk_i/Z (gf180mcu_fd_sc_mcu7t5v0__clkbuf_16)
                                                         clknet_0_clk_i (net)
                      0.156684    0.000667    0.375500 ^ clkbuf_2_3__f_clk_i/I (gf180mcu_fd_sc_mcu7t5v0__clkbuf_16)
     9    0.048428    0.113818    0.254907    0.630407 ^ clkbuf_2_3__f_clk_i/Z (gf180mcu_fd_sc_mcu7t5v0__clkbuf_16)
                                                         clknet_2_3__leaf_clk_i (net)
                      0.113819    0.000509    0.630916 ^ _373_/CLK (gf180mcu_fd_sc_mcu7t5v0__dffsnq_1)
     3    0.017685    0.344216    0.872271    1.503187 ^ _373_/Q (gf180mcu_fd_sc_mcu7t5v0__dffsnq_1)
                                                         net34 (net)
                      0.344216    0.000276    1.503463 ^ output34/I (gf180mcu_fd_sc_mcu7t5v0__dlyb_1)
     1    0.073878    1.235027    1.544178    3.047642 ^ output34/Z (gf180mcu_fd_sc_mcu7t5v0__dlyb_1)
                                                         rx_data_o[6] (net)
                      1.235027    0.000897    3.048539 ^ rx_data_o[6] (out)
                                              3.048539   data arrival time

                                 20.000000   20.000000   clock clk_i (rise edge)
                                  0.000000   20.000000   clock network delay (propagated)
                                 -0.250000   19.750002   clock uncertainty
                                  0.000000   19.750002   clock reconvergence pessimism
                                 -4.000000   15.750001   output external delay
                                             15.750001   data required time
---------------------------------------------------------------------------------------------
                                             15.750001   data required time
                                             -3.048539   data arrival time
---------------------------------------------------------------------------------------------
                                             12.701462   slack (MET)


Startpoint: cfg_bits_i[0] (input port clocked by clk_i)
Endpoint: _377_ (rising edge-triggered flip-flop clocked by clk_i)
Path Group: clk_i
Path Type: max

Fanout         Cap        Slew       Delay        Time   Description
---------------------------------------------------------------------------------------------
                                  0.000000    0.000000   clock clk_i (rise edge)
                                  0.000000    0.000000   clock network delay (propagated)
                                  4.000000    4.000000 v input external delay
     1    0.003884    0.064901    0.023849    4.023849 v cfg_bits_i[0] (in)
                                                         cfg_bits_i[0] (net)
                      0.064901    0.000000    4.023849 v input1/I (gf180mcu_fd_sc_mcu7t5v0__dlyb_1)
     7    0.043607    0.549058    1.271381    5.295230 v input1/Z (gf180mcu_fd_sc_mcu7t5v0__dlyb_1)
                                                         net1 (net)
                      0.549060    0.000818    5.296049 v _316_/A1 (gf180mcu_fd_sc_mcu7t5v0__xnor2_1)
     1    0.004415    0.293521    0.474956    5.771004 v _316_/ZN (gf180mcu_fd_sc_mcu7t5v0__xnor2_1)
                                                         _148_ (net)
                      0.293521    0.000041    5.771045 v _317_/A3 (gf180mcu_fd_sc_mcu7t5v0__nand3_1)
     2    0.011275    0.396591    0.320842    6.091887 ^ _317_/ZN (gf180mcu_fd_sc_mcu7t5v0__nand3_1)
                                                         _149_ (net)
                      0.396591    0.000174    6.092061 ^ _319_/A1 (gf180mcu_fd_sc_mcu7t5v0__and2_1)
     2    0.008796    0.224155    0.366439    6.458500 ^ _319_/Z (gf180mcu_fd_sc_mcu7t5v0__and2_1)
                                                         _151_ (net)
                      0.224155    0.000113    6.458613 ^ _352_/A2 (gf180mcu_fd_sc_mcu7t5v0__and2_1)
     3    0.016479    0.332924    0.405473    6.864086 ^ _352_/Z (gf180mcu_fd_sc_mcu7t5v0__and2_1)
                                                         _173_ (net)
                      0.332924    0.000280    6.864366 ^ _358_/A4 (gf180mcu_fd_sc_mcu7t5v0__nand4_1)
     1    0.005440    0.353440    0.220903    7.085269 v _358_/ZN (gf180mcu_fd_sc_mcu7t5v0__nand4_1)
                                                         _177_ (net)
                      0.353440    0.000056    7.085325 v _359_/B (gf180mcu_fd_sc_mcu7t5v0__oai21_1)
     1    0.003541    0.323516    0.254095    7.339419 ^ _359_/ZN (gf180mcu_fd_sc_mcu7t5v0__oai21_1)
                                                         _036_ (net)
                      0.323516    0.000035    7.339455 ^ _377_/D (gf180mcu_fd_sc_mcu7t5v0__dffrnq_1)
                                              7.339455   data arrival time

                                 20.000000   20.000000   clock clk_i (rise edge)
                                  0.000000   20.000000   clock source latency
     1    0.033738    0.170447    0.083910   20.083910 ^ clk_i (in)
                                                         clk_i (net)
                      0.170451    0.000000   20.083910 ^ clkbuf_0_clk_i/I (gf180mcu_fd_sc_mcu7t5v0__clkbuf_16)
     4    0.098155    0.156684    0.290923   20.374832 ^ clkbuf_0_clk_i/Z (gf180mcu_fd_sc_mcu7t5v0__clkbuf_16)
                                                         clknet_0_clk_i (net)
                      0.156684    0.000339   20.375172 ^ clkbuf_2_2__f_clk_i/I (gf180mcu_fd_sc_mcu7t5v0__clkbuf_16)
    10    0.055384    0.119815    0.259620   20.634792 ^ clkbuf_2_2__f_clk_i/Z (gf180mcu_fd_sc_mcu7t5v0__clkbuf_16)
                                                         clknet_2_2__leaf_clk_i (net)
                      0.119815    0.000378   20.635170 ^ _377_/CLK (gf180mcu_fd_sc_mcu7t5v0__dffrnq_1)
                                 -0.250000   20.385172   clock uncertainty
                                  0.000000   20.385172   clock reconvergence pessimism
                                 -0.338340   20.046833   library setup time
                                             20.046833   data required time
---------------------------------------------------------------------------------------------
                                             20.046833   data required time
                                             -7.339455   data arrival time
---------------------------------------------------------------------------------------------
                                             12.707377   slack (MET)


Startpoint: _370_ (rising edge-triggered flip-flop clocked by clk_i)
Endpoint: rx_data_o[3] (output port clocked by clk_i)
Path Group: clk_i
Path Type: max

Fanout         Cap        Slew       Delay        Time   Description
---------------------------------------------------------------------------------------------
                                  0.000000    0.000000   clock clk_i (rise edge)
                                  0.000000    0.000000   clock source latency
     1    0.033738    0.170447    0.083909    0.083909 ^ clk_i (in)
                                                         clk_i (net)
                      0.170451    0.000000    0.083909 ^ clkbuf_0_clk_i/I (gf180mcu_fd_sc_mcu7t5v0__clkbuf_16)
     4    0.098155    0.156684    0.290924    0.374833 ^ clkbuf_0_clk_i/Z (gf180mcu_fd_sc_mcu7t5v0__clkbuf_16)
                                                         clknet_0_clk_i (net)
                      0.156684    0.000667    0.375500 ^ clkbuf_2_3__f_clk_i/I (gf180mcu_fd_sc_mcu7t5v0__clkbuf_16)
     9    0.048428    0.113818    0.254907    0.630407 ^ clkbuf_2_3__f_clk_i/Z (gf180mcu_fd_sc_mcu7t5v0__clkbuf_16)
                                                         clknet_2_3__leaf_clk_i (net)
                      0.113821    0.001106    0.631513 ^ _370_/CLK (gf180mcu_fd_sc_mcu7t5v0__dffsnq_1)
     3    0.015674    0.313652    0.853633    1.485146 ^ _370_/Q (gf180mcu_fd_sc_mcu7t5v0__dffsnq_1)
                                                         net31 (net)
                      0.313652    0.000175    1.485322 ^ output31/I (gf180mcu_fd_sc_mcu7t5v0__dlyb_1)
     1    0.075267    1.257261    1.554905    3.040227 ^ output31/Z (gf180mcu_fd_sc_mcu7t5v0__dlyb_1)
                                                         rx_data_o[3] (net)
                      1.257261    0.000936    3.041163 ^ rx_data_o[3] (out)
                                              3.041163   data arrival time

                                 20.000000   20.000000   clock clk_i (rise edge)
                                  0.000000   20.000000   clock network delay (propagated)
                                 -0.250000   19.750002   clock uncertainty
                                  0.000000   19.750002   clock reconvergence pessimism
                                 -4.000000   15.750001   output external delay
                                             15.750001   data required time
---------------------------------------------------------------------------------------------
                                             15.750001   data required time
                                             -3.041163   data arrival time
---------------------------------------------------------------------------------------------
                                             12.708838   slack (MET)


Startpoint: cfg_bits_i[1] (input port clocked by clk_i)
Endpoint: _364_ (rising edge-triggered flip-flop clocked by clk_i)
Path Group: clk_i
Path Type: max

Fanout         Cap        Slew       Delay        Time   Description
---------------------------------------------------------------------------------------------
                                  0.000000    0.000000   clock clk_i (rise edge)
                                  0.000000    0.000000   clock network delay (propagated)
                                  4.000000    4.000000 ^ input external delay
     1    0.004121    0.115656    0.040968    4.040968 ^ cfg_bits_i[1] (in)
                                                         cfg_bits_i[1] (net)
                      0.115656    0.000000    4.040968 ^ input2/I (gf180mcu_fd_sc_mcu7t5v0__dlyb_1)
     7    0.044381    0.765186    1.246124    5.287092 ^ input2/Z (gf180mcu_fd_sc_mcu7t5v0__dlyb_1)
                                                         net2 (net)
                      0.765192    0.001146    5.288238 ^ _315_/A1 (gf180mcu_fd_sc_mcu7t5v0__xnor2_1)
     1    0.005092    0.378474    0.409096    5.697334 ^ _315_/ZN (gf180mcu_fd_sc_mcu7t5v0__xnor2_1)
                                                         _147_ (net)
                      0.378474    0.000097    5.697431 ^ _317_/A2 (gf180mcu_fd_sc_mcu7t5v0__nand3_1)
     2    0.011275    0.339808    0.251357    5.948788 v _317_/ZN (gf180mcu_fd_sc_mcu7t5v0__nand3_1)
                                                         _149_ (net)
                      0.339808    0.000174    5.948962 v _319_/A1 (gf180mcu_fd_sc_mcu7t5v0__and2_1)
     2    0.008796    0.161708    0.344005    6.292967 v _319_/Z (gf180mcu_fd_sc_mcu7t5v0__and2_1)
                                                         _151_ (net)
                      0.161708    0.000140    6.293108 v _321_/A1 (gf180mcu_fd_sc_mcu7t5v0__nor2_1)
     4    0.033489    1.087846    0.664688    6.957796 ^ _321_/ZN (gf180mcu_fd_sc_mcu7t5v0__nor2_1)
                                                         _153_ (net)
                      1.087846    0.000769    6.958565 ^ _324_/A1 (gf180mcu_fd_sc_mcu7t5v0__aoi21_1)
     1    0.006945    0.354836    0.168829    7.127393 v _324_/ZN (gf180mcu_fd_sc_mcu7t5v0__aoi21_1)
                                                         _156_ (net)
                      0.354836    0.000151    7.127544 v _325_/A2 (gf180mcu_fd_sc_mcu7t5v0__nor2_1)
     1    0.003688    0.255889    0.217276    7.344820 ^ _325_/ZN (gf180mcu_fd_sc_mcu7t5v0__nor2_1)
                                                         _023_ (net)
                      0.255889    0.000037    7.344858 ^ _364_/D (gf180mcu_fd_sc_mcu7t5v0__dffrnq_1)
                                              7.344858   data arrival time

                                 20.000000   20.000000   clock clk_i (rise edge)
                                  0.000000   20.000000   clock source latency
     1    0.033738    0.170447    0.083910   20.083910 ^ clk_i (in)
                                                         clk_i (net)
                      0.170451    0.000000   20.083910 ^ clkbuf_0_clk_i/I (gf180mcu_fd_sc_mcu7t5v0__clkbuf_16)
     4    0.098155    0.156684    0.290923   20.374832 ^ clkbuf_0_clk_i/Z (gf180mcu_fd_sc_mcu7t5v0__clkbuf_16)
                                                         clknet_0_clk_i (net)
                      0.156684    0.000339   20.375172 ^ clkbuf_2_2__f_clk_i/I (gf180mcu_fd_sc_mcu7t5v0__clkbuf_16)
    10    0.055384    0.119815    0.259620   20.634792 ^ clkbuf_2_2__f_clk_i/Z (gf180mcu_fd_sc_mcu7t5v0__clkbuf_16)
                                                         clknet_2_2__leaf_clk_i (net)
                      0.119816    0.000551   20.635344 ^ _364_/CLK (gf180mcu_fd_sc_mcu7t5v0__dffrnq_1)
                                 -0.250000   20.385344   clock uncertainty
                                  0.000000   20.385344   clock reconvergence pessimism
                                 -0.324655   20.060688   library setup time
                                             20.060688   data required time
---------------------------------------------------------------------------------------------
                                             20.060688   data required time
                                             -7.344858   data arrival time
---------------------------------------------------------------------------------------------
                                             12.715831   slack (MET)


Startpoint: _374_ (rising edge-triggered flip-flop clocked by clk_i)
Endpoint: rx_data_o[7] (output port clocked by clk_i)
Path Group: clk_i
Path Type: max

Fanout         Cap        Slew       Delay        Time   Description
---------------------------------------------------------------------------------------------
                                  0.000000    0.000000   clock clk_i (rise edge)
                                  0.000000    0.000000   clock source latency
     1    0.033738    0.170447    0.083909    0.083909 ^ clk_i (in)
                                                         clk_i (net)
                      0.170451    0.000000    0.083909 ^ clkbuf_0_clk_i/I (gf180mcu_fd_sc_mcu7t5v0__clkbuf_16)
     4    0.098155    0.156684    0.290924    0.374833 ^ clkbuf_0_clk_i/Z (gf180mcu_fd_sc_mcu7t5v0__clkbuf_16)
                                                         clknet_0_clk_i (net)
                      0.156684    0.000339    0.375172 ^ clkbuf_2_2__f_clk_i/I (gf180mcu_fd_sc_mcu7t5v0__clkbuf_16)
    10    0.055384    0.119815    0.259620    0.634792 ^ clkbuf_2_2__f_clk_i/Z (gf180mcu_fd_sc_mcu7t5v0__clkbuf_16)
                                                         clknet_2_2__leaf_clk_i (net)
                      0.119816    0.000545    0.635337 ^ _374_/CLK (gf180mcu_fd_sc_mcu7t5v0__dffsnq_1)
     3    0.013933    0.287082    0.838571    1.473909 ^ _374_/Q (gf180mcu_fd_sc_mcu7t5v0__dffsnq_1)
                                                         net35 (net)
                      0.287082    0.000241    1.474149 ^ output35/I (gf180mcu_fd_sc_mcu7t5v0__dlyb_1)
     1    0.074536    1.245309    1.545116    3.019266 ^ output35/Z (gf180mcu_fd_sc_mcu7t5v0__dlyb_1)
                                                         rx_data_o[7] (net)
                      1.245309    0.001006    3.020272 ^ rx_data_o[7] (out)
                                              3.020272   data arrival time

                                 20.000000   20.000000   clock clk_i (rise edge)
                                  0.000000   20.000000   clock network delay (propagated)
                                 -0.250000   19.750002   clock uncertainty
                                  0.000000   19.750002   clock reconvergence pessimism
                                 -4.000000   15.750001   output external delay
                                             15.750001   data required time
---------------------------------------------------------------------------------------------
                                             15.750001   data required time
                                             -3.020272   data arrival time
---------------------------------------------------------------------------------------------
                                             12.729729   slack (MET)


Startpoint: _367_ (rising edge-triggered flip-flop clocked by clk_i)
Endpoint: rx_data_o[0] (output port clocked by clk_i)
Path Group: clk_i
Path Type: max

Fanout         Cap        Slew       Delay        Time   Description
---------------------------------------------------------------------------------------------
                                  0.000000    0.000000   clock clk_i (rise edge)
                                  0.000000    0.000000   clock source latency
     1    0.033738    0.170447    0.083909    0.083909 ^ clk_i (in)
                                                         clk_i (net)
                      0.170451    0.000000    0.083909 ^ clkbuf_0_clk_i/I (gf180mcu_fd_sc_mcu7t5v0__clkbuf_16)
     4    0.098155    0.156684    0.290924    0.374833 ^ clkbuf_0_clk_i/Z (gf180mcu_fd_sc_mcu7t5v0__clkbuf_16)
                                                         clknet_0_clk_i (net)
                      0.156684    0.000667    0.375500 ^ clkbuf_2_3__f_clk_i/I (gf180mcu_fd_sc_mcu7t5v0__clkbuf_16)
     9    0.048428    0.113818    0.254907    0.630407 ^ clkbuf_2_3__f_clk_i/Z (gf180mcu_fd_sc_mcu7t5v0__clkbuf_16)
                                                         clknet_2_3__leaf_clk_i (net)
                      0.113820    0.000846    0.631253 ^ _367_/CLK (gf180mcu_fd_sc_mcu7t5v0__dffsnq_1)
     2    0.009265    0.216182    0.794029    1.425282 ^ _367_/Q (gf180mcu_fd_sc_mcu7t5v0__dffsnq_1)
                                                         net28 (net)
                      0.216182    0.000163    1.425445 ^ output28/I (gf180mcu_fd_sc_mcu7t5v0__dlyb_1)
     1    0.074112    1.238012    1.533359    2.958804 ^ output28/Z (gf180mcu_fd_sc_mcu7t5v0__dlyb_1)
                                                         rx_data_o[0] (net)
                      1.238012    0.000954    2.959758 ^ rx_data_o[0] (out)
                                              2.959758   data arrival time

                                 20.000000   20.000000   clock clk_i (rise edge)
                                  0.000000   20.000000   clock network delay (propagated)
                                 -0.250000   19.750002   clock uncertainty
                                  0.000000   19.750002   clock reconvergence pessimism
                                 -4.000000   15.750001   output external delay
                                             15.750001   data required time
---------------------------------------------------------------------------------------------
                                             15.750001   data required time
                                             -2.959758   data arrival time
---------------------------------------------------------------------------------------------
                                             12.790242   slack (MET)


Startpoint: cfg_bits_i[0] (input port clocked by clk_i)
Endpoint: _376_ (rising edge-triggered flip-flop clocked by clk_i)
Path Group: clk_i
Path Type: max

Fanout         Cap        Slew       Delay        Time   Description
---------------------------------------------------------------------------------------------
                                  0.000000    0.000000   clock clk_i (rise edge)
                                  0.000000    0.000000   clock network delay (propagated)
                                  4.000000    4.000000 v input external delay
     1    0.003884    0.064901    0.023849    4.023849 v cfg_bits_i[0] (in)
                                                         cfg_bits_i[0] (net)
                      0.064901    0.000000    4.023849 v input1/I (gf180mcu_fd_sc_mcu7t5v0__dlyb_1)
     7    0.043607    0.549058    1.271381    5.295230 v input1/Z (gf180mcu_fd_sc_mcu7t5v0__dlyb_1)
                                                         net1 (net)
                      0.549060    0.000818    5.296049 v _316_/A1 (gf180mcu_fd_sc_mcu7t5v0__xnor2_1)
     1    0.004415    0.293521    0.474956    5.771004 v _316_/ZN (gf180mcu_fd_sc_mcu7t5v0__xnor2_1)
                                                         _148_ (net)
                      0.293521    0.000041    5.771045 v _317_/A3 (gf180mcu_fd_sc_mcu7t5v0__nand3_1)
     2    0.011275    0.396591    0.320842    6.091887 ^ _317_/ZN (gf180mcu_fd_sc_mcu7t5v0__nand3_1)
                                                         _149_ (net)
                      0.396591    0.000174    6.092061 ^ _319_/A1 (gf180mcu_fd_sc_mcu7t5v0__and2_1)
     2    0.008796    0.224155    0.366439    6.458500 ^ _319_/Z (gf180mcu_fd_sc_mcu7t5v0__and2_1)
                                                         _151_ (net)
                      0.224155    0.000113    6.458613 ^ _352_/A2 (gf180mcu_fd_sc_mcu7t5v0__and2_1)
     3    0.016479    0.332924    0.405473    6.864086 ^ _352_/Z (gf180mcu_fd_sc_mcu7t5v0__and2_1)
                                                         _173_ (net)
                      0.332924    0.000329    6.864415 ^ _356_/A2 (gf180mcu_fd_sc_mcu7t5v0__aoi21_1)
     1    0.004662    0.290966    0.125425    6.989840 v _356_/ZN (gf180mcu_fd_sc_mcu7t5v0__aoi21_1)
                                                         _176_ (net)
                      0.290966    0.000046    6.989886 v _357_/A2 (gf180mcu_fd_sc_mcu7t5v0__nor2_1)
     1    0.005063    0.332529    0.229612    7.219498 ^ _357_/ZN (gf180mcu_fd_sc_mcu7t5v0__nor2_1)
                                                         _035_ (net)
                      0.332529    0.000103    7.219601 ^ _376_/D (gf180mcu_fd_sc_mcu7t5v0__dffrnq_1)
                                              7.219601   data arrival time

                                 20.000000   20.000000   clock clk_i (rise edge)
                                  0.000000   20.000000   clock source latency
     1    0.033738    0.170447    0.083910   20.083910 ^ clk_i (in)
                                                         clk_i (net)
                      0.170451    0.000000   20.083910 ^ clkbuf_0_clk_i/I (gf180mcu_fd_sc_mcu7t5v0__clkbuf_16)
     4    0.098155    0.156684    0.290923   20.374832 ^ clkbuf_0_clk_i/Z (gf180mcu_fd_sc_mcu7t5v0__clkbuf_16)
                                                         clknet_0_clk_i (net)
                      0.156685    0.000981   20.375814 ^ clkbuf_2_1__f_clk_i/I (gf180mcu_fd_sc_mcu7t5v0__clkbuf_16)
    10    0.057257    0.121377    0.260636   20.636450 ^ clkbuf_2_1__f_clk_i/Z (gf180mcu_fd_sc_mcu7t5v0__clkbuf_16)
                                                         clknet_2_1__leaf_clk_i (net)
                      0.121377    0.000085   20.636536 ^ _376_/CLK (gf180mcu_fd_sc_mcu7t5v0__dffrnq_1)
                                 -0.250000   20.386536   clock uncertainty
                                  0.000000   20.386536   clock reconvergence pessimism
                                 -0.339709   20.046827   library setup time
                                             20.046827   data required time
---------------------------------------------------------------------------------------------
                                             20.046827   data required time
                                             -7.219601   data arrival time
---------------------------------------------------------------------------------------------
                                             12.827226   slack (MET)


Startpoint: cfg_bits_i[0] (input port clocked by clk_i)
Endpoint: _375_ (rising edge-triggered flip-flop clocked by clk_i)
Path Group: clk_i
Path Type: max

Fanout         Cap        Slew       Delay        Time   Description
---------------------------------------------------------------------------------------------
                                  0.000000    0.000000   clock clk_i (rise edge)
                                  0.000000    0.000000   clock network delay (propagated)
                                  4.000000    4.000000 v input external delay
     1    0.003884    0.064901    0.023849    4.023849 v cfg_bits_i[0] (in)
                                                         cfg_bits_i[0] (net)
                      0.064901    0.000000    4.023849 v input1/I (gf180mcu_fd_sc_mcu7t5v0__dlyb_1)
     7    0.043607    0.549058    1.271381    5.295230 v input1/Z (gf180mcu_fd_sc_mcu7t5v0__dlyb_1)
                                                         net1 (net)
                      0.549060    0.000818    5.296049 v _316_/A1 (gf180mcu_fd_sc_mcu7t5v0__xnor2_1)
     1    0.004415    0.293521    0.474956    5.771004 v _316_/ZN (gf180mcu_fd_sc_mcu7t5v0__xnor2_1)
                                                         _148_ (net)
                      0.293521    0.000041    5.771045 v _317_/A3 (gf180mcu_fd_sc_mcu7t5v0__nand3_1)
     2    0.011275    0.396591    0.320842    6.091887 ^ _317_/ZN (gf180mcu_fd_sc_mcu7t5v0__nand3_1)
                                                         _149_ (net)
                      0.396591    0.000174    6.092061 ^ _319_/A1 (gf180mcu_fd_sc_mcu7t5v0__and2_1)
     2    0.008796    0.224155    0.366439    6.458500 ^ _319_/Z (gf180mcu_fd_sc_mcu7t5v0__and2_1)
                                                         _151_ (net)
                      0.224155    0.000113    6.458613 ^ _352_/A2 (gf180mcu_fd_sc_mcu7t5v0__and2_1)
     3    0.016479    0.332924    0.405473    6.864086 ^ _352_/Z (gf180mcu_fd_sc_mcu7t5v0__and2_1)
                                                         _173_ (net)
                      0.332924    0.000166    6.864252 ^ _353_/I0 (gf180mcu_fd_sc_mcu7t5v0__mux2_2)
     1    0.004084    0.124957    0.280559    7.144811 ^ _353_/Z (gf180mcu_fd_sc_mcu7t5v0__mux2_2)
                                                         _034_ (net)
                      0.124957    0.000077    7.144887 ^ _375_/D (gf180mcu_fd_sc_mcu7t5v0__dffrnq_1)
                                              7.144887   data arrival time

                                 20.000000   20.000000   clock clk_i (rise edge)
                                  0.000000   20.000000   clock source latency
     1    0.033738    0.170447    0.083910   20.083910 ^ clk_i (in)
                                                         clk_i (net)
                      0.170451    0.000000   20.083910 ^ clkbuf_0_clk_i/I (gf180mcu_fd_sc_mcu7t5v0__clkbuf_16)
     4    0.098155    0.156684    0.290923   20.374832 ^ clkbuf_0_clk_i/Z (gf180mcu_fd_sc_mcu7t5v0__clkbuf_16)
                                                         clknet_0_clk_i (net)
                      0.156685    0.000981   20.375814 ^ clkbuf_2_1__f_clk_i/I (gf180mcu_fd_sc_mcu7t5v0__clkbuf_16)
    10    0.057257    0.121377    0.260636   20.636450 ^ clkbuf_2_1__f_clk_i/Z (gf180mcu_fd_sc_mcu7t5v0__clkbuf_16)
                                                         clknet_2_1__leaf_clk_i (net)
                      0.121378    0.000224   20.636673 ^ _375_/CLK (gf180mcu_fd_sc_mcu7t5v0__dffrnq_1)
                                 -0.250000   20.386675   clock uncertainty
                                  0.000000   20.386675   clock reconvergence pessimism
                                 -0.298338   20.088337   library setup time
                                             20.088337   data required time
---------------------------------------------------------------------------------------------
                                             20.088337   data required time
                                             -7.144887   data arrival time
---------------------------------------------------------------------------------------------
                                             12.943449   slack (MET)


Startpoint: rstn_i (input port clocked by clk_i)
Endpoint: _373_ (recovery check against rising-edge clock clk_i)
Path Group: asynchronous
Path Type: max

Fanout         Cap        Slew       Delay        Time   Description
---------------------------------------------------------------------------------------------
                                  0.000000    0.000000   clock clk_i (rise edge)
                                  0.000000    0.000000   clock network delay (propagated)
                                  4.000000    4.000000 ^ input external delay
     1    0.004475    0.121306    0.044369    4.044369 ^ rstn_i (in)
                                                         rstn_i (net)
                      0.121306    0.000000    4.044369 ^ input21/I (gf180mcu_fd_sc_mcu7t5v0__dlyb_1)
     1    0.004666    0.162045    0.874667    4.919037 ^ input21/Z (gf180mcu_fd_sc_mcu7t5v0__dlyb_1)
                                                         net21 (net)
                      0.162045    0.000054    4.919091 ^ fanout44/I (gf180mcu_fd_sc_mcu7t5v0__dlyb_1)
     9    0.087167    1.445447    1.646446    6.565537 ^ fanout44/Z (gf180mcu_fd_sc_mcu7t5v0__dlyb_1)
                                                         net44 (net)
                      1.445466    0.002974    6.568511 ^ _373_/SETN (gf180mcu_fd_sc_mcu7t5v0__dffsnq_1)
                                              6.568511   data arrival time

                                 20.000000   20.000000   clock clk_i (rise edge)
                                  0.000000   20.000000   clock source latency
     1    0.033738    0.170447    0.083910   20.083910 ^ clk_i (in)
                                                         clk_i (net)
                      0.170451    0.000000   20.083910 ^ clkbuf_0_clk_i/I (gf180mcu_fd_sc_mcu7t5v0__clkbuf_16)
     4    0.098155    0.156684    0.290923   20.374832 ^ clkbuf_0_clk_i/Z (gf180mcu_fd_sc_mcu7t5v0__clkbuf_16)
                                                         clknet_0_clk_i (net)
                      0.156684    0.000668   20.375502 ^ clkbuf_2_3__f_clk_i/I (gf180mcu_fd_sc_mcu7t5v0__clkbuf_16)
     9    0.048428    0.113818    0.254907   20.630407 ^ clkbuf_2_3__f_clk_i/Z (gf180mcu_fd_sc_mcu7t5v0__clkbuf_16)
                                                         clknet_2_3__leaf_clk_i (net)
                      0.113819    0.000508   20.630917 ^ _373_/CLK (gf180mcu_fd_sc_mcu7t5v0__dffsnq_1)
                                 -0.250000   20.380917   clock uncertainty
                                  0.000000   20.380917   clock reconvergence pessimism
                                 -0.228530   20.152388   library recovery time
                                             20.152388   data required time
---------------------------------------------------------------------------------------------
                                             20.152388   data required time
                                             -6.568511   data arrival time
---------------------------------------------------------------------------------------------
                                             13.583877   slack (MET)


Startpoint: rstn_i (input port clocked by clk_i)
Endpoint: _374_ (recovery check against rising-edge clock clk_i)
Path Group: asynchronous
Path Type: max

Fanout         Cap        Slew       Delay        Time   Description
---------------------------------------------------------------------------------------------
                                  0.000000    0.000000   clock clk_i (rise edge)
                                  0.000000    0.000000   clock network delay (propagated)
                                  4.000000    4.000000 ^ input external delay
     1    0.004475    0.121306    0.044369    4.044369 ^ rstn_i (in)
                                                         rstn_i (net)
                      0.121306    0.000000    4.044369 ^ input21/I (gf180mcu_fd_sc_mcu7t5v0__dlyb_1)
     1    0.004666    0.162045    0.874667    4.919037 ^ input21/Z (gf180mcu_fd_sc_mcu7t5v0__dlyb_1)
                                                         net21 (net)
                      0.162045    0.000054    4.919091 ^ fanout44/I (gf180mcu_fd_sc_mcu7t5v0__dlyb_1)
     9    0.087167    1.445447    1.646446    6.565537 ^ fanout44/Z (gf180mcu_fd_sc_mcu7t5v0__dlyb_1)
                                                         net44 (net)
                      1.445459    0.002351    6.567888 ^ _374_/SETN (gf180mcu_fd_sc_mcu7t5v0__dffsnq_1)
                                              6.567888   data arrival time

                                 20.000000   20.000000   clock clk_i (rise edge)
                                  0.000000   20.000000   clock source latency
     1    0.033738    0.170447    0.083910   20.083910 ^ clk_i (in)
                                                         clk_i (net)
                      0.170451    0.000000   20.083910 ^ clkbuf_0_clk_i/I (gf180mcu_fd_sc_mcu7t5v0__clkbuf_16)
     4    0.098155    0.156684    0.290923   20.374832 ^ clkbuf_0_clk_i/Z (gf180mcu_fd_sc_mcu7t5v0__clkbuf_16)
                                                         clknet_0_clk_i (net)
                      0.156684    0.000339   20.375172 ^ clkbuf_2_2__f_clk_i/I (gf180mcu_fd_sc_mcu7t5v0__clkbuf_16)
    10    0.055384    0.119815    0.259620   20.634792 ^ clkbuf_2_2__f_clk_i/Z (gf180mcu_fd_sc_mcu7t5v0__clkbuf_16)
                                                         clknet_2_2__leaf_clk_i (net)
                      0.119816    0.000545   20.635338 ^ _374_/CLK (gf180mcu_fd_sc_mcu7t5v0__dffsnq_1)
                                 -0.250000   20.385338   clock uncertainty
                                  0.000000   20.385338   clock reconvergence pessimism
                                 -0.227313   20.158026   library recovery time
                                             20.158026   data required time
---------------------------------------------------------------------------------------------
                                             20.158026   data required time
                                             -6.567888   data arrival time
---------------------------------------------------------------------------------------------
                                             13.590137   slack (MET)


Startpoint: rstn_i (input port clocked by clk_i)
Endpoint: _393_ (recovery check against rising-edge clock clk_i)
Path Group: asynchronous
Path Type: max

Fanout         Cap        Slew       Delay        Time   Description
---------------------------------------------------------------------------------------------
                                  0.000000    0.000000   clock clk_i (rise edge)
                                  0.000000    0.000000   clock network delay (propagated)
                                  4.000000    4.000000 ^ input external delay
     1    0.004475    0.121306    0.044369    4.044369 ^ rstn_i (in)
                                                         rstn_i (net)
                      0.121306    0.000000    4.044369 ^ input21/I (gf180mcu_fd_sc_mcu7t5v0__dlyb_1)
     1    0.004666    0.162045    0.874667    4.919037 ^ input21/Z (gf180mcu_fd_sc_mcu7t5v0__dlyb_1)
                                                         net21 (net)
                      0.162045    0.000054    4.919091 ^ fanout44/I (gf180mcu_fd_sc_mcu7t5v0__dlyb_1)
     9    0.087167    1.445447    1.646446    6.565537 ^ fanout44/Z (gf180mcu_fd_sc_mcu7t5v0__dlyb_1)
                                                         net44 (net)
                      1.445488    0.004301    6.569838 ^ _393_/RN (gf180mcu_fd_sc_mcu7t5v0__dffrnq_1)
                                              6.569838   data arrival time

                                 20.000000   20.000000   clock clk_i (rise edge)
                                  0.000000   20.000000   clock source latency
     1    0.033738    0.170447    0.083910   20.083910 ^ clk_i (in)
                                                         clk_i (net)
                      0.170451    0.000000   20.083910 ^ clkbuf_0_clk_i/I (gf180mcu_fd_sc_mcu7t5v0__clkbuf_16)
     4    0.098155    0.156684    0.290923   20.374832 ^ clkbuf_0_clk_i/Z (gf180mcu_fd_sc_mcu7t5v0__clkbuf_16)
                                                         clknet_0_clk_i (net)
                      0.156685    0.000981   20.375814 ^ clkbuf_2_1__f_clk_i/I (gf180mcu_fd_sc_mcu7t5v0__clkbuf_16)
    10    0.057257    0.121377    0.260636   20.636450 ^ clkbuf_2_1__f_clk_i/Z (gf180mcu_fd_sc_mcu7t5v0__clkbuf_16)
                                                         clknet_2_1__leaf_clk_i (net)
                      0.121386    0.001741   20.638191 ^ _393_/CLK (gf180mcu_fd_sc_mcu7t5v0__dffrnq_1)
                                 -0.250000   20.388191   clock uncertainty
                                  0.000000   20.388191   clock reconvergence pessimism
                                 -0.102300   20.285891   library recovery time
                                             20.285891   data required time
---------------------------------------------------------------------------------------------
                                             20.285891   data required time
                                             -6.569838   data arrival time
---------------------------------------------------------------------------------------------
                                             13.716053   slack (MET)


Startpoint: rstn_i (input port clocked by clk_i)
Endpoint: _394_ (recovery check against rising-edge clock clk_i)
Path Group: asynchronous
Path Type: max

Fanout         Cap        Slew       Delay        Time   Description
---------------------------------------------------------------------------------------------
                                  0.000000    0.000000   clock clk_i (rise edge)
                                  0.000000    0.000000   clock network delay (propagated)
                                  4.000000    4.000000 ^ input external delay
     1    0.004475    0.121306    0.044369    4.044369 ^ rstn_i (in)
                                                         rstn_i (net)
                      0.121306    0.000000    4.044369 ^ input21/I (gf180mcu_fd_sc_mcu7t5v0__dlyb_1)
     1    0.004666    0.162045    0.874667    4.919037 ^ input21/Z (gf180mcu_fd_sc_mcu7t5v0__dlyb_1)
                                                         net21 (net)
                      0.162045    0.000054    4.919091 ^ fanout44/I (gf180mcu_fd_sc_mcu7t5v0__dlyb_1)
     9    0.087167    1.445447    1.646446    6.565537 ^ fanout44/Z (gf180mcu_fd_sc_mcu7t5v0__dlyb_1)
                                                         net44 (net)
                      1.445487    0.004298    6.569835 ^ _394_/RN (gf180mcu_fd_sc_mcu7t5v0__dffrnq_1)
                                              6.569835   data arrival time

                                 20.000000   20.000000   clock clk_i (rise edge)
                                  0.000000   20.000000   clock source latency
     1    0.033738    0.170447    0.083910   20.083910 ^ clk_i (in)
                                                         clk_i (net)
                      0.170451    0.000000   20.083910 ^ clkbuf_0_clk_i/I (gf180mcu_fd_sc_mcu7t5v0__clkbuf_16)
     4    0.098155    0.156684    0.290923   20.374832 ^ clkbuf_0_clk_i/Z (gf180mcu_fd_sc_mcu7t5v0__clkbuf_16)
                                                         clknet_0_clk_i (net)
                      0.156685    0.000981   20.375814 ^ clkbuf_2_1__f_clk_i/I (gf180mcu_fd_sc_mcu7t5v0__clkbuf_16)
    10    0.057257    0.121377    0.260636   20.636450 ^ clkbuf_2_1__f_clk_i/Z (gf180mcu_fd_sc_mcu7t5v0__clkbuf_16)
                                                         clknet_2_1__leaf_clk_i (net)
                      0.121386    0.001741   20.638191 ^ _394_/CLK (gf180mcu_fd_sc_mcu7t5v0__dffrnq_1)
                                 -0.250000   20.388191   clock uncertainty
                                  0.000000   20.388191   clock reconvergence pessimism
                                 -0.102300   20.285891   library recovery time
                                             20.285891   data required time
---------------------------------------------------------------------------------------------
                                             20.285891   data required time
                                             -6.569835   data arrival time
---------------------------------------------------------------------------------------------
                                             13.716056   slack (MET)


Startpoint: rstn_i (input port clocked by clk_i)
Endpoint: _392_ (recovery check against rising-edge clock clk_i)
Path Group: asynchronous
Path Type: max

Fanout         Cap        Slew       Delay        Time   Description
---------------------------------------------------------------------------------------------
                                  0.000000    0.000000   clock clk_i (rise edge)
                                  0.000000    0.000000   clock network delay (propagated)
                                  4.000000    4.000000 ^ input external delay
     1    0.004475    0.121306    0.044369    4.044369 ^ rstn_i (in)
                                                         rstn_i (net)
                      0.121306    0.000000    4.044369 ^ input21/I (gf180mcu_fd_sc_mcu7t5v0__dlyb_1)
     1    0.004666    0.162045    0.874667    4.919037 ^ input21/Z (gf180mcu_fd_sc_mcu7t5v0__dlyb_1)
                                                         net21 (net)
                      0.162045    0.000054    4.919091 ^ fanout44/I (gf180mcu_fd_sc_mcu7t5v0__dlyb_1)
     9    0.087167    1.445447    1.646446    6.565537 ^ fanout44/Z (gf180mcu_fd_sc_mcu7t5v0__dlyb_1)
                                                         net44 (net)
                      1.445485    0.004155    6.569692 ^ _392_/RN (gf180mcu_fd_sc_mcu7t5v0__dffrnq_1)
                                              6.569692   data arrival time

                                 20.000000   20.000000   clock clk_i (rise edge)
                                  0.000000   20.000000   clock source latency
     1    0.033738    0.170447    0.083910   20.083910 ^ clk_i (in)
                                                         clk_i (net)
                      0.170451    0.000000   20.083910 ^ clkbuf_0_clk_i/I (gf180mcu_fd_sc_mcu7t5v0__clkbuf_16)
     4    0.098155    0.156684    0.290923   20.374832 ^ clkbuf_0_clk_i/Z (gf180mcu_fd_sc_mcu7t5v0__clkbuf_16)
                                                         clknet_0_clk_i (net)
                      0.156685    0.000981   20.375814 ^ clkbuf_2_1__f_clk_i/I (gf180mcu_fd_sc_mcu7t5v0__clkbuf_16)
    10    0.057257    0.121377    0.260636   20.636450 ^ clkbuf_2_1__f_clk_i/Z (gf180mcu_fd_sc_mcu7t5v0__clkbuf_16)
                                                         clknet_2_1__leaf_clk_i (net)
                      0.121385    0.001712   20.638163 ^ _392_/CLK (gf180mcu_fd_sc_mcu7t5v0__dffrnq_1)
                                 -0.250000   20.388163   clock uncertainty
                                  0.000000   20.388163   clock reconvergence pessimism
                                 -0.102299   20.285864   library recovery time
                                             20.285864   data required time
---------------------------------------------------------------------------------------------
                                             20.285864   data required time
                                             -6.569692   data arrival time
---------------------------------------------------------------------------------------------
                                             13.716172   slack (MET)


Startpoint: rstn_i (input port clocked by clk_i)
Endpoint: _391_ (recovery check against rising-edge clock clk_i)
Path Group: asynchronous
Path Type: max

Fanout         Cap        Slew       Delay        Time   Description
---------------------------------------------------------------------------------------------
                                  0.000000    0.000000   clock clk_i (rise edge)
                                  0.000000    0.000000   clock network delay (propagated)
                                  4.000000    4.000000 ^ input external delay
     1    0.004475    0.121306    0.044369    4.044369 ^ rstn_i (in)
                                                         rstn_i (net)
                      0.121306    0.000000    4.044369 ^ input21/I (gf180mcu_fd_sc_mcu7t5v0__dlyb_1)
     1    0.004666    0.162045    0.874667    4.919037 ^ input21/Z (gf180mcu_fd_sc_mcu7t5v0__dlyb_1)
                                                         net21 (net)
                      0.162045    0.000054    4.919091 ^ fanout44/I (gf180mcu_fd_sc_mcu7t5v0__dlyb_1)
     9    0.087167    1.445447    1.646446    6.565537 ^ fanout44/Z (gf180mcu_fd_sc_mcu7t5v0__dlyb_1)
                                                         net44 (net)
                      1.445485    0.004173    6.569710 ^ _391_/RN (gf180mcu_fd_sc_mcu7t5v0__dffrnq_1)
                                              6.569710   data arrival time

                                 20.000000   20.000000   clock clk_i (rise edge)
                                  0.000000   20.000000   clock source latency
     1    0.033738    0.170447    0.083910   20.083910 ^ clk_i (in)
                                                         clk_i (net)
                      0.170451    0.000000   20.083910 ^ clkbuf_0_clk_i/I (gf180mcu_fd_sc_mcu7t5v0__clkbuf_16)
     4    0.098155    0.156684    0.290923   20.374832 ^ clkbuf_0_clk_i/Z (gf180mcu_fd_sc_mcu7t5v0__clkbuf_16)
                                                         clknet_0_clk_i (net)
                      0.156685    0.000981   20.375814 ^ clkbuf_2_1__f_clk_i/I (gf180mcu_fd_sc_mcu7t5v0__clkbuf_16)
    10    0.057257    0.121377    0.260636   20.636450 ^ clkbuf_2_1__f_clk_i/Z (gf180mcu_fd_sc_mcu7t5v0__clkbuf_16)
                                                         clknet_2_1__leaf_clk_i (net)
                      0.121386    0.001769   20.638218 ^ _391_/CLK (gf180mcu_fd_sc_mcu7t5v0__dffrnq_1)
                                 -0.250000   20.388220   clock uncertainty
                                  0.000000   20.388220   clock reconvergence pessimism
                                 -0.102299   20.285921   library recovery time
                                             20.285921   data required time
---------------------------------------------------------------------------------------------
                                             20.285921   data required time
                                             -6.569710   data arrival time
---------------------------------------------------------------------------------------------
                                             13.716210   slack (MET)


Startpoint: cfg_bits_i[0] (input port clocked by clk_i)
Endpoint: _371_ (rising edge-triggered flip-flop clocked by clk_i)
Path Group: clk_i
Path Type: max

Fanout         Cap        Slew       Delay        Time   Description
---------------------------------------------------------------------------------------------
                                  0.000000    0.000000   clock clk_i (rise edge)
                                  0.000000    0.000000   clock network delay (propagated)
                                  4.000000    4.000000 v input external delay
     1    0.003884    0.064901    0.023849    4.023849 v cfg_bits_i[0] (in)
                                                         cfg_bits_i[0] (net)
                      0.064901    0.000000    4.023849 v input1/I (gf180mcu_fd_sc_mcu7t5v0__dlyb_1)
     7    0.043607    0.549058    1.271381    5.295230 v input1/Z (gf180mcu_fd_sc_mcu7t5v0__dlyb_1)
                                                         net1 (net)
                      0.549060    0.000769    5.296000 v _337_/A1 (gf180mcu_fd_sc_mcu7t5v0__oai21_1)
     1    0.005103    0.343614    0.327062    5.623061 ^ _337_/ZN (gf180mcu_fd_sc_mcu7t5v0__oai21_1)
                                                         _162_ (net)
                      0.343614    0.000049    5.623110 ^ _338_/B (gf180mcu_fd_sc_mcu7t5v0__oai31_1)
     1    0.006273    0.393922    0.220925    5.844035 v _338_/ZN (gf180mcu_fd_sc_mcu7t5v0__oai31_1)
                                                         _163_ (net)
                      0.393922    0.000128    5.844163 v _339_/I0 (gf180mcu_fd_sc_mcu7t5v0__mux2_2)
     1    0.003514    0.118652    0.395420    6.239583 v _339_/Z (gf180mcu_fd_sc_mcu7t5v0__mux2_2)
                                                         _030_ (net)
                      0.118652    0.000064    6.239648 v _371_/D (gf180mcu_fd_sc_mcu7t5v0__dffsnq_1)
                                              6.239648   data arrival time

                                 20.000000   20.000000   clock clk_i (rise edge)
                                  0.000000   20.000000   clock source latency
     1    0.033738    0.170447    0.083910   20.083910 ^ clk_i (in)
                                                         clk_i (net)
                      0.170451    0.000000   20.083910 ^ clkbuf_0_clk_i/I (gf180mcu_fd_sc_mcu7t5v0__clkbuf_16)
     4    0.098155    0.156684    0.290923   20.374832 ^ clkbuf_0_clk_i/Z (gf180mcu_fd_sc_mcu7t5v0__clkbuf_16)
                                                         clknet_0_clk_i (net)
                      0.156684    0.000668   20.375502 ^ clkbuf_2_3__f_clk_i/I (gf180mcu_fd_sc_mcu7t5v0__clkbuf_16)
     9    0.048428    0.113818    0.254907   20.630407 ^ clkbuf_2_3__f_clk_i/Z (gf180mcu_fd_sc_mcu7t5v0__clkbuf_16)
                                                         clknet_2_3__leaf_clk_i (net)
                      0.113822    0.001233   20.631641 ^ _371_/CLK (gf180mcu_fd_sc_mcu7t5v0__dffsnq_1)
                                 -0.250000   20.381641   clock uncertainty
                                  0.000000   20.381641   clock reconvergence pessimism
                                 -0.247350   20.134291   library setup time
                                             20.134291   data required time
---------------------------------------------------------------------------------------------
                                             20.134291   data required time
                                             -6.239648   data arrival time
---------------------------------------------------------------------------------------------
                                             13.894643   slack (MET)


Startpoint: cfg_bits_i[0] (input port clocked by clk_i)
Endpoint: _372_ (rising edge-triggered flip-flop clocked by clk_i)
Path Group: clk_i
Path Type: max

Fanout         Cap        Slew       Delay        Time   Description
---------------------------------------------------------------------------------------------
                                  0.000000    0.000000   clock clk_i (rise edge)
                                  0.000000    0.000000   clock network delay (propagated)
                                  4.000000    4.000000 v input external delay
     1    0.003884    0.064901    0.023849    4.023849 v cfg_bits_i[0] (in)
                                                         cfg_bits_i[0] (net)
                      0.064901    0.000000    4.023849 v input1/I (gf180mcu_fd_sc_mcu7t5v0__dlyb_1)
     7    0.043607    0.549058    1.271381    5.295230 v input1/Z (gf180mcu_fd_sc_mcu7t5v0__dlyb_1)
                                                         net1 (net)
                      0.549059    0.000682    5.295912 v _340_/A2 (gf180mcu_fd_sc_mcu7t5v0__nand2_1)
     1    0.004596    0.253370    0.261836    5.557748 ^ _340_/ZN (gf180mcu_fd_sc_mcu7t5v0__nand2_1)
                                                         _164_ (net)
                      0.253370    0.000044    5.557793 ^ _341_/A2 (gf180mcu_fd_sc_mcu7t5v0__nor2_1)
     1    0.004527    0.251381    0.144901    5.702693 v _341_/ZN (gf180mcu_fd_sc_mcu7t5v0__nor2_1)
                                                         _165_ (net)
                      0.251381    0.000045    5.702739 v _342_/B (gf180mcu_fd_sc_mcu7t5v0__aoi21_1)
     1    0.006073    0.377663    0.305723    6.008461 ^ _342_/ZN (gf180mcu_fd_sc_mcu7t5v0__aoi21_1)
                                                         _166_ (net)
                      0.377663    0.000070    6.008531 ^ _344_/A2 (gf180mcu_fd_sc_mcu7t5v0__oai21_1)
     1    0.004267    0.236268    0.162844    6.171375 v _344_/ZN (gf180mcu_fd_sc_mcu7t5v0__oai21_1)
                                                         _031_ (net)
                      0.236268    0.000048    6.171422 v _372_/D (gf180mcu_fd_sc_mcu7t5v0__dffsnq_1)
                                              6.171422   data arrival time

                                 20.000000   20.000000   clock clk_i (rise edge)
                                  0.000000   20.000000   clock source latency
     1    0.033738    0.170447    0.083910   20.083910 ^ clk_i (in)
                                                         clk_i (net)
                      0.170451    0.000000   20.083910 ^ clkbuf_0_clk_i/I (gf180mcu_fd_sc_mcu7t5v0__clkbuf_16)
     4    0.098155    0.156684    0.290923   20.374832 ^ clkbuf_0_clk_i/Z (gf180mcu_fd_sc_mcu7t5v0__clkbuf_16)
                                                         clknet_0_clk_i (net)
                      0.156684    0.000668   20.375502 ^ clkbuf_2_3__f_clk_i/I (gf180mcu_fd_sc_mcu7t5v0__clkbuf_16)
     9    0.048428    0.113818    0.254907   20.630407 ^ clkbuf_2_3__f_clk_i/Z (gf180mcu_fd_sc_mcu7t5v0__clkbuf_16)
                                                         clknet_2_3__leaf_clk_i (net)
                      0.113818    0.000478   20.630886 ^ _372_/CLK (gf180mcu_fd_sc_mcu7t5v0__dffsnq_1)
                                 -0.250000   20.380886   clock uncertainty
                                  0.000000   20.380886   clock reconvergence pessimism
                                 -0.285500   20.095387   library setup time
                                             20.095387   data required time
---------------------------------------------------------------------------------------------
                                             20.095387   data required time
                                             -6.171422   data arrival time
---------------------------------------------------------------------------------------------
                                             13.923965   slack (MET)


Startpoint: cfg_bits_i[0] (input port clocked by clk_i)
Endpoint: _373_ (rising edge-triggered flip-flop clocked by clk_i)
Path Group: clk_i
Path Type: max

Fanout         Cap        Slew       Delay        Time   Description
---------------------------------------------------------------------------------------------
                                  0.000000    0.000000   clock clk_i (rise edge)
                                  0.000000    0.000000   clock network delay (propagated)
                                  4.000000    4.000000 v input external delay
     1    0.003884    0.064901    0.023849    4.023849 v cfg_bits_i[0] (in)
                                                         cfg_bits_i[0] (net)
                      0.064901    0.000000    4.023849 v input1/I (gf180mcu_fd_sc_mcu7t5v0__dlyb_1)
     7    0.043607    0.549058    1.271381    5.295230 v input1/Z (gf180mcu_fd_sc_mcu7t5v0__dlyb_1)
                                                         net1 (net)
                      0.549058    0.000551    5.295781 v _345_/A1 (gf180mcu_fd_sc_mcu7t5v0__nand2_1)
     1    0.005442    0.238030    0.240334    5.536115 ^ _345_/ZN (gf180mcu_fd_sc_mcu7t5v0__nand2_1)
                                                         _168_ (net)
                      0.238030    0.000057    5.536172 ^ _346_/C (gf180mcu_fd_sc_mcu7t5v0__oai211_1)
     1    0.005053    0.383667    0.252612    5.788784 v _346_/ZN (gf180mcu_fd_sc_mcu7t5v0__oai211_1)
                                                         _169_ (net)
                      0.383667    0.000048    5.788831 v _348_/A2 (gf180mcu_fd_sc_mcu7t5v0__oai21_1)
     1    0.003398    0.281476    0.237252    6.026083 ^ _348_/ZN (gf180mcu_fd_sc_mcu7t5v0__oai21_1)
                                                         _032_ (net)
                      0.281476    0.000063    6.026145 ^ _373_/D (gf180mcu_fd_sc_mcu7t5v0__dffsnq_1)
                                              6.026145   data arrival time

                                 20.000000   20.000000   clock clk_i (rise edge)
                                  0.000000   20.000000   clock source latency
     1    0.033738    0.170447    0.083910   20.083910 ^ clk_i (in)
                                                         clk_i (net)
                      0.170451    0.000000   20.083910 ^ clkbuf_0_clk_i/I (gf180mcu_fd_sc_mcu7t5v0__clkbuf_16)
     4    0.098155    0.156684    0.290923   20.374832 ^ clkbuf_0_clk_i/Z (gf180mcu_fd_sc_mcu7t5v0__clkbuf_16)
                                                         clknet_0_clk_i (net)
                      0.156684    0.000668   20.375502 ^ clkbuf_2_3__f_clk_i/I (gf180mcu_fd_sc_mcu7t5v0__clkbuf_16)
     9    0.048428    0.113818    0.254907   20.630407 ^ clkbuf_2_3__f_clk_i/Z (gf180mcu_fd_sc_mcu7t5v0__clkbuf_16)
                                                         clknet_2_3__leaf_clk_i (net)
                      0.113819    0.000508   20.630917 ^ _373_/CLK (gf180mcu_fd_sc_mcu7t5v0__dffsnq_1)
                                 -0.250000   20.380917   clock uncertainty
                                  0.000000   20.380917   clock reconvergence pessimism
                                 -0.253221   20.127695   library setup time
                                             20.127695   data required time
---------------------------------------------------------------------------------------------
                                             20.127695   data required time
                                             -6.026145   data arrival time
---------------------------------------------------------------------------------------------
                                             14.101550   slack (MET)


Startpoint: cfg_bits_i[1] (input port clocked by clk_i)
Endpoint: _374_ (rising edge-triggered flip-flop clocked by clk_i)
Path Group: clk_i
Path Type: max

Fanout         Cap        Slew       Delay        Time   Description
---------------------------------------------------------------------------------------------
                                  0.000000    0.000000   clock clk_i (rise edge)
                                  0.000000    0.000000   clock network delay (propagated)
                                  4.000000    4.000000 v input external delay
     1    0.004121    0.067143    0.025273    4.025273 v cfg_bits_i[1] (in)
                                                         cfg_bits_i[1] (net)
                      0.067143    0.000000    4.025273 v input2/I (gf180mcu_fd_sc_mcu7t5v0__dlyb_1)
     7    0.044381    0.555596    1.277021    5.302293 v input2/Z (gf180mcu_fd_sc_mcu7t5v0__dlyb_1)
                                                         net2 (net)
                      0.555598    0.000786    5.303079 v _349_/A3 (gf180mcu_fd_sc_mcu7t5v0__nand3_1)
     1    0.005470    0.338039    0.332824    5.635902 ^ _349_/ZN (gf180mcu_fd_sc_mcu7t5v0__nand3_1)
                                                         _171_ (net)
                      0.338039    0.000056    5.635959 ^ _351_/A2 (gf180mcu_fd_sc_mcu7t5v0__oai21_1)
     1    0.003470    0.380913    0.151271    5.787230 v _351_/ZN (gf180mcu_fd_sc_mcu7t5v0__oai21_1)
                                                         _033_ (net)
                      0.380913    0.000036    5.787267 v _374_/D (gf180mcu_fd_sc_mcu7t5v0__dffsnq_1)
                                              5.787267   data arrival time

                                 20.000000   20.000000   clock clk_i (rise edge)
                                  0.000000   20.000000   clock source latency
     1    0.033738    0.170447    0.083910   20.083910 ^ clk_i (in)
                                                         clk_i (net)
                      0.170451    0.000000   20.083910 ^ clkbuf_0_clk_i/I (gf180mcu_fd_sc_mcu7t5v0__clkbuf_16)
     4    0.098155    0.156684    0.290923   20.374832 ^ clkbuf_0_clk_i/Z (gf180mcu_fd_sc_mcu7t5v0__clkbuf_16)
                                                         clknet_0_clk_i (net)
                      0.156684    0.000339   20.375172 ^ clkbuf_2_2__f_clk_i/I (gf180mcu_fd_sc_mcu7t5v0__clkbuf_16)
    10    0.055384    0.119815    0.259620   20.634792 ^ clkbuf_2_2__f_clk_i/Z (gf180mcu_fd_sc_mcu7t5v0__clkbuf_16)
                                                         clknet_2_2__leaf_clk_i (net)
                      0.119816    0.000545   20.635338 ^ _374_/CLK (gf180mcu_fd_sc_mcu7t5v0__dffsnq_1)
                                 -0.250000   20.385338   clock uncertainty
                                  0.000000   20.385338   clock reconvergence pessimism
                                 -0.332016   20.053324   library setup time
                                             20.053324   data required time
---------------------------------------------------------------------------------------------
                                             20.053324   data required time
                                             -5.787267   data arrival time
---------------------------------------------------------------------------------------------
                                             14.266056   slack (MET)


Startpoint: cfg_en_i (input port clocked by clk_i)
Endpoint: _397_ (rising edge-triggered flip-flop clocked by clk_i)
Path Group: clk_i
Path Type: max

Fanout         Cap        Slew       Delay        Time   Description
---------------------------------------------------------------------------------------------
                                  0.000000    0.000000   clock clk_i (rise edge)
                                  0.000000    0.000000   clock network delay (propagated)
                                  4.000000    4.000000 ^ input external delay
     1    0.003849    0.111315    0.038353    4.038353 ^ cfg_en_i (in)
                                                         cfg_en_i (net)
                      0.111315    0.000000    4.038353 ^ input19/I (gf180mcu_fd_sc_mcu7t5v0__dlyb_1)
     4    0.027101    0.495909    1.086537    5.124890 ^ input19/Z (gf180mcu_fd_sc_mcu7t5v0__dlyb_1)
                                                         net19 (net)
                      0.495909    0.000499    5.125389 ^ _197_/I (gf180mcu_fd_sc_mcu7t5v0__clkinv_1)
     3    0.012515    0.298247    0.250169    5.375558 v _197_/ZN (gf180mcu_fd_sc_mcu7t5v0__clkinv_1)
                                                         _055_ (net)
                      0.298247    0.000176    5.375734 v _307_/A1 (gf180mcu_fd_sc_mcu7t5v0__or2_1)
     1    0.004850    0.164655    0.432605    5.808339 v _307_/Z (gf180mcu_fd_sc_mcu7t5v0__or2_1)
                                                         _018_ (net)
                      0.164655    0.000060    5.808399 v _397_/D (gf180mcu_fd_sc_mcu7t5v0__dffsnq_1)
                                              5.808399   data arrival time

                                 20.000000   20.000000   clock clk_i (rise edge)
                                  0.000000   20.000000   clock source latency
     1    0.033738    0.170447    0.083910   20.083910 ^ clk_i (in)
                                                         clk_i (net)
                      0.170451    0.000000   20.083910 ^ clkbuf_0_clk_i/I (gf180mcu_fd_sc_mcu7t5v0__clkbuf_16)
     4    0.098155    0.156684    0.290923   20.374832 ^ clkbuf_0_clk_i/Z (gf180mcu_fd_sc_mcu7t5v0__clkbuf_16)
                                                         clknet_0_clk_i (net)
                      0.156684    0.000339   20.375172 ^ clkbuf_2_2__f_clk_i/I (gf180mcu_fd_sc_mcu7t5v0__clkbuf_16)
    10    0.055384    0.119815    0.259620   20.634792 ^ clkbuf_2_2__f_clk_i/Z (gf180mcu_fd_sc_mcu7t5v0__clkbuf_16)
                                                         clknet_2_2__leaf_clk_i (net)
                      0.119816    0.000535   20.635326 ^ _397_/CLK (gf180mcu_fd_sc_mcu7t5v0__dffsnq_1)
                                 -0.250000   20.385328   clock uncertainty
                                  0.000000   20.385328   clock reconvergence pessimism
                                 -0.260594   20.124733   library setup time
                                             20.124733   data required time
---------------------------------------------------------------------------------------------
                                             20.124733   data required time
                                             -5.808399   data arrival time
---------------------------------------------------------------------------------------------
                                             14.316334   slack (MET)


Startpoint: cfg_en_i (input port clocked by clk_i)
Endpoint: _396_ (rising edge-triggered flip-flop clocked by clk_i)
Path Group: clk_i
Path Type: max

Fanout         Cap        Slew       Delay        Time   Description
---------------------------------------------------------------------------------------------
                                  0.000000    0.000000   clock clk_i (rise edge)
                                  0.000000    0.000000   clock network delay (propagated)
                                  4.000000    4.000000 ^ input external delay
     1    0.003849    0.111315    0.038353    4.038353 ^ cfg_en_i (in)
                                                         cfg_en_i (net)
                      0.111315    0.000000    4.038353 ^ input19/I (gf180mcu_fd_sc_mcu7t5v0__dlyb_1)
     4    0.027101    0.495909    1.086537    5.124890 ^ input19/Z (gf180mcu_fd_sc_mcu7t5v0__dlyb_1)
                                                         net19 (net)
                      0.495909    0.000499    5.125389 ^ _197_/I (gf180mcu_fd_sc_mcu7t5v0__clkinv_1)
     3    0.012515    0.298247    0.250169    5.375558 v _197_/ZN (gf180mcu_fd_sc_mcu7t5v0__clkinv_1)
                                                         _055_ (net)
                      0.298247    0.000171    5.375729 v _306_/A1 (gf180mcu_fd_sc_mcu7t5v0__or2_1)
     1    0.003418    0.150635    0.418140    5.793869 v _306_/Z (gf180mcu_fd_sc_mcu7t5v0__or2_1)
                                                         _017_ (net)
                      0.150635    0.000034    5.793903 v _396_/D (gf180mcu_fd_sc_mcu7t5v0__dffsnq_1)
                                              5.793903   data arrival time

                                 20.000000   20.000000   clock clk_i (rise edge)
                                  0.000000   20.000000   clock source latency
     1    0.033738    0.170447    0.083910   20.083910 ^ clk_i (in)
                                                         clk_i (net)
                      0.170451    0.000000   20.083910 ^ clkbuf_0_clk_i/I (gf180mcu_fd_sc_mcu7t5v0__clkbuf_16)
     4    0.098155    0.156684    0.290923   20.374832 ^ clkbuf_0_clk_i/Z (gf180mcu_fd_sc_mcu7t5v0__clkbuf_16)
                                                         clknet_0_clk_i (net)
                      0.156685    0.000981   20.375814 ^ clkbuf_2_0__f_clk_i/I (gf180mcu_fd_sc_mcu7t5v0__clkbuf_16)
    10    0.053113    0.117791    0.257714   20.633528 ^ clkbuf_2_0__f_clk_i/Z (gf180mcu_fd_sc_mcu7t5v0__clkbuf_16)
                                                         clknet_2_0__leaf_clk_i (net)
                      0.117798    0.001556   20.635084 ^ _396_/CLK (gf180mcu_fd_sc_mcu7t5v0__dffsnq_1)
                                 -0.250000   20.385084   clock uncertainty
                                  0.000000   20.385084   clock reconvergence pessimism
                                 -0.256368   20.128717   library setup time
                                             20.128717   data required time
---------------------------------------------------------------------------------------------
                                             20.128717   data required time
                                             -5.793903   data arrival time
---------------------------------------------------------------------------------------------
                                             14.334814   slack (MET)


Startpoint: cfg_en_i (input port clocked by clk_i)
Endpoint: _398_ (rising edge-triggered flip-flop clocked by clk_i)
Path Group: clk_i
Path Type: max

Fanout         Cap        Slew       Delay        Time   Description
---------------------------------------------------------------------------------------------
                                  0.000000    0.000000   clock clk_i (rise edge)
                                  0.000000    0.000000   clock network delay (propagated)
                                  4.000000    4.000000 v input external delay
     1    0.003849    0.064571    0.023639    4.023639 v cfg_en_i (in)
                                                         cfg_en_i (net)
                      0.064571    0.000000    4.023639 v input19/I (gf180mcu_fd_sc_mcu7t5v0__dlyb_1)
     4    0.027101    0.408584    1.153294    5.176933 v input19/Z (gf180mcu_fd_sc_mcu7t5v0__dlyb_1)
                                                         net19 (net)
                      0.408584    0.000495    5.177428 v _308_/A2 (gf180mcu_fd_sc_mcu7t5v0__nand2_1)
     1    0.003304    0.207354    0.211335    5.388762 ^ _308_/ZN (gf180mcu_fd_sc_mcu7t5v0__nand2_1)
                                                         _019_ (net)
                      0.207354    0.000032    5.388795 ^ _398_/D (gf180mcu_fd_sc_mcu7t5v0__dffsnq_1)
                                              5.388795   data arrival time

                                 20.000000   20.000000   clock clk_i (rise edge)
                                  0.000000   20.000000   clock source latency
     1    0.033738    0.170447    0.083910   20.083910 ^ clk_i (in)
                                                         clk_i (net)
                      0.170451    0.000000   20.083910 ^ clkbuf_0_clk_i/I (gf180mcu_fd_sc_mcu7t5v0__clkbuf_16)
     4    0.098155    0.156684    0.290923   20.374832 ^ clkbuf_0_clk_i/Z (gf180mcu_fd_sc_mcu7t5v0__clkbuf_16)
                                                         clknet_0_clk_i (net)
                      0.156684    0.000339   20.375172 ^ clkbuf_2_2__f_clk_i/I (gf180mcu_fd_sc_mcu7t5v0__clkbuf_16)
    10    0.055384    0.119815    0.259620   20.634792 ^ clkbuf_2_2__f_clk_i/Z (gf180mcu_fd_sc_mcu7t5v0__clkbuf_16)
                                                         clknet_2_2__leaf_clk_i (net)
                      0.119816    0.000538   20.635330 ^ _398_/CLK (gf180mcu_fd_sc_mcu7t5v0__dffsnq_1)
                                 -0.250000   20.385332   clock uncertainty
                                  0.000000   20.385332   clock reconvergence pessimism
                                 -0.239989   20.145342   library setup time
                                             20.145342   data required time
---------------------------------------------------------------------------------------------
                                             20.145342   data required time
                                             -5.388795   data arrival time
---------------------------------------------------------------------------------------------
                                             14.756547   slack (MET)


Startpoint: _365_ (rising edge-triggered flip-flop clocked by clk_i)
Endpoint: _378_ (rising edge-triggered flip-flop clocked by clk_i)
Path Group: clk_i
Path Type: max

Fanout         Cap        Slew       Delay        Time   Description
---------------------------------------------------------------------------------------------
                                  0.000000    0.000000   clock clk_i (rise edge)
                                  0.000000    0.000000   clock source latency
     1    0.033738    0.170447    0.083909    0.083909 ^ clk_i (in)
                                                         clk_i (net)
                      0.170451    0.000000    0.083909 ^ clkbuf_0_clk_i/I (gf180mcu_fd_sc_mcu7t5v0__clkbuf_16)
     4    0.098155    0.156684    0.290924    0.374833 ^ clkbuf_0_clk_i/Z (gf180mcu_fd_sc_mcu7t5v0__clkbuf_16)
                                                         clknet_0_clk_i (net)
                      0.156684    0.000339    0.375172 ^ clkbuf_2_2__f_clk_i/I (gf180mcu_fd_sc_mcu7t5v0__clkbuf_16)
    10    0.055384    0.119815    0.259620    0.634792 ^ clkbuf_2_2__f_clk_i/Z (gf180mcu_fd_sc_mcu7t5v0__clkbuf_16)
                                                         clknet_2_2__leaf_clk_i (net)
                      0.119817    0.000830    0.635622 ^ _365_/CLK (gf180mcu_fd_sc_mcu7t5v0__dffrnq_1)
     7    0.047927    0.824948    1.292671    1.928293 ^ _365_/Q (gf180mcu_fd_sc_mcu7t5v0__dffrnq_1)
                                                         CS[1] (net)
                      0.824952    0.001065    1.929357 ^ _180_/I (gf180mcu_fd_sc_mcu7t5v0__clkinv_1)
     2    0.009250    0.327004    0.246875    2.176233 v _180_/ZN (gf180mcu_fd_sc_mcu7t5v0__clkinv_1)
                                                         _038_ (net)
                      0.327004    0.000104    2.176337 v _318_/A1 (gf180mcu_fd_sc_mcu7t5v0__nor3_1)
     3    0.016890    0.927937    0.584121    2.760458 ^ _318_/ZN (gf180mcu_fd_sc_mcu7t5v0__nor3_1)
                                                         _150_ (net)
                      0.927937    0.000330    2.760787 ^ _332_/A2 (gf180mcu_fd_sc_mcu7t5v0__nand2_1)
     2    0.014271    0.380669    0.235395    2.996182 v _332_/ZN (gf180mcu_fd_sc_mcu7t5v0__nand2_1)
                                                         _161_ (net)
                      0.380669    0.000229    2.996411 v fanout39/I (gf180mcu_fd_sc_mcu7t5v0__dlyb_1)
    10    0.091963    0.967515    1.686375    4.682786 v fanout39/Z (gf180mcu_fd_sc_mcu7t5v0__dlyb_1)
                                                         net39 (net)
                      0.967522    0.001497    4.684284 v _361_/A2 (gf180mcu_fd_sc_mcu7t5v0__nand3_1)
     1    0.006898    0.422862    0.425501    5.109785 ^ _361_/ZN (gf180mcu_fd_sc_mcu7t5v0__nand3_1)
                                                         _179_ (net)
                      0.422862    0.000083    5.109868 ^ _362_/B (gf180mcu_fd_sc_mcu7t5v0__oai21_1)
     1    0.003689    0.453445    0.173882    5.283750 v _362_/ZN (gf180mcu_fd_sc_mcu7t5v0__oai21_1)
                                                         _037_ (net)
                      0.453445    0.000036    5.283786 v _378_/D (gf180mcu_fd_sc_mcu7t5v0__dffrnq_1)
                                              5.283786   data arrival time

                                 20.000000   20.000000   clock clk_i (rise edge)
                                  0.000000   20.000000   clock source latency
     1    0.033738    0.170447    0.083910   20.083910 ^ clk_i (in)
                                                         clk_i (net)
                      0.170451    0.000000   20.083910 ^ clkbuf_0_clk_i/I (gf180mcu_fd_sc_mcu7t5v0__clkbuf_16)
     4    0.098155    0.156684    0.290923   20.374832 ^ clkbuf_0_clk_i/Z (gf180mcu_fd_sc_mcu7t5v0__clkbuf_16)
                                                         clknet_0_clk_i (net)
                      0.156684    0.000339   20.375172 ^ clkbuf_2_2__f_clk_i/I (gf180mcu_fd_sc_mcu7t5v0__clkbuf_16)
    10    0.055384    0.119815    0.259620   20.634792 ^ clkbuf_2_2__f_clk_i/Z (gf180mcu_fd_sc_mcu7t5v0__clkbuf_16)
                                                         clknet_2_2__leaf_clk_i (net)
                      0.119816    0.000519   20.635311 ^ _378_/CLK (gf180mcu_fd_sc_mcu7t5v0__dffrnq_1)
                                 -0.250000   20.385311   clock uncertainty
                                  0.000000   20.385311   clock reconvergence pessimism
                                 -0.230210   20.155102   library setup time
                                             20.155102   data required time
---------------------------------------------------------------------------------------------
                                             20.155102   data required time
                                             -5.283786   data arrival time
---------------------------------------------------------------------------------------------
                                             14.871315   slack (MET)


Startpoint: _365_ (rising edge-triggered flip-flop clocked by clk_i)
Endpoint: _370_ (rising edge-triggered flip-flop clocked by clk_i)
Path Group: clk_i
Path Type: max

Fanout         Cap        Slew       Delay        Time   Description
---------------------------------------------------------------------------------------------
                                  0.000000    0.000000   clock clk_i (rise edge)
                                  0.000000    0.000000   clock source latency
     1    0.033738    0.170447    0.083909    0.083909 ^ clk_i (in)
                                                         clk_i (net)
                      0.170451    0.000000    0.083909 ^ clkbuf_0_clk_i/I (gf180mcu_fd_sc_mcu7t5v0__clkbuf_16)
     4    0.098155    0.156684    0.290924    0.374833 ^ clkbuf_0_clk_i/Z (gf180mcu_fd_sc_mcu7t5v0__clkbuf_16)
                                                         clknet_0_clk_i (net)
                      0.156684    0.000339    0.375172 ^ clkbuf_2_2__f_clk_i/I (gf180mcu_fd_sc_mcu7t5v0__clkbuf_16)
    10    0.055384    0.119815    0.259620    0.634792 ^ clkbuf_2_2__f_clk_i/Z (gf180mcu_fd_sc_mcu7t5v0__clkbuf_16)
                                                         clknet_2_2__leaf_clk_i (net)
                      0.119817    0.000830    0.635622 ^ _365_/CLK (gf180mcu_fd_sc_mcu7t5v0__dffrnq_1)
     7    0.047927    0.824948    1.292671    1.928293 ^ _365_/Q (gf180mcu_fd_sc_mcu7t5v0__dffrnq_1)
                                                         CS[1] (net)
                      0.824952    0.001065    1.929357 ^ _180_/I (gf180mcu_fd_sc_mcu7t5v0__clkinv_1)
     2    0.009250    0.327004    0.246875    2.176233 v _180_/ZN (gf180mcu_fd_sc_mcu7t5v0__clkinv_1)
                                                         _038_ (net)
                      0.327004    0.000104    2.176337 v _318_/A1 (gf180mcu_fd_sc_mcu7t5v0__nor3_1)
     3    0.016890    0.927937    0.584121    2.760458 ^ _318_/ZN (gf180mcu_fd_sc_mcu7t5v0__nor3_1)
                                                         _150_ (net)
                      0.927937    0.000330    2.760787 ^ _332_/A2 (gf180mcu_fd_sc_mcu7t5v0__nand2_1)
     2    0.014271    0.380669    0.235395    2.996182 v _332_/ZN (gf180mcu_fd_sc_mcu7t5v0__nand2_1)
                                                         _161_ (net)
                      0.380669    0.000229    2.996411 v fanout39/I (gf180mcu_fd_sc_mcu7t5v0__dlyb_1)
    10    0.091963    0.967515    1.686375    4.682786 v fanout39/Z (gf180mcu_fd_sc_mcu7t5v0__dlyb_1)
                                                         net39 (net)
                      0.967548    0.003234    4.686020 v _336_/S (gf180mcu_fd_sc_mcu7t5v0__mux2_2)
     1    0.003994    0.127360    0.568101    5.254121 ^ _336_/Z (gf180mcu_fd_sc_mcu7t5v0__mux2_2)
                                                         _029_ (net)
                      0.127360    0.000075    5.254196 ^ _370_/D (gf180mcu_fd_sc_mcu7t5v0__dffsnq_1)
                                              5.254196   data arrival time

                                 20.000000   20.000000   clock clk_i (rise edge)
                                  0.000000   20.000000   clock source latency
     1    0.033738    0.170447    0.083910   20.083910 ^ clk_i (in)
                                                         clk_i (net)
                      0.170451    0.000000   20.083910 ^ clkbuf_0_clk_i/I (gf180mcu_fd_sc_mcu7t5v0__clkbuf_16)
     4    0.098155    0.156684    0.290923   20.374832 ^ clkbuf_0_clk_i/Z (gf180mcu_fd_sc_mcu7t5v0__clkbuf_16)
                                                         clknet_0_clk_i (net)
                      0.156684    0.000668   20.375502 ^ clkbuf_2_3__f_clk_i/I (gf180mcu_fd_sc_mcu7t5v0__clkbuf_16)
     9    0.048428    0.113818    0.254907   20.630407 ^ clkbuf_2_3__f_clk_i/Z (gf180mcu_fd_sc_mcu7t5v0__clkbuf_16)
                                                         clknet_2_3__leaf_clk_i (net)
                      0.113821    0.001105   20.631514 ^ _370_/CLK (gf180mcu_fd_sc_mcu7t5v0__dffsnq_1)
                                 -0.250000   20.381514   clock uncertainty
                                  0.000000   20.381514   clock reconvergence pessimism
                                 -0.228368   20.153145   library setup time
                                             20.153145   data required time
---------------------------------------------------------------------------------------------
                                             20.153145   data required time
                                             -5.254196   data arrival time
---------------------------------------------------------------------------------------------
                                             14.898950   slack (MET)


Startpoint: _365_ (rising edge-triggered flip-flop clocked by clk_i)
Endpoint: _369_ (rising edge-triggered flip-flop clocked by clk_i)
Path Group: clk_i
Path Type: max

Fanout         Cap        Slew       Delay        Time   Description
---------------------------------------------------------------------------------------------
                                  0.000000    0.000000   clock clk_i (rise edge)
                                  0.000000    0.000000   clock source latency
     1    0.033738    0.170447    0.083909    0.083909 ^ clk_i (in)
                                                         clk_i (net)
                      0.170451    0.000000    0.083909 ^ clkbuf_0_clk_i/I (gf180mcu_fd_sc_mcu7t5v0__clkbuf_16)
     4    0.098155    0.156684    0.290924    0.374833 ^ clkbuf_0_clk_i/Z (gf180mcu_fd_sc_mcu7t5v0__clkbuf_16)
                                                         clknet_0_clk_i (net)
                      0.156684    0.000339    0.375172 ^ clkbuf_2_2__f_clk_i/I (gf180mcu_fd_sc_mcu7t5v0__clkbuf_16)
    10    0.055384    0.119815    0.259620    0.634792 ^ clkbuf_2_2__f_clk_i/Z (gf180mcu_fd_sc_mcu7t5v0__clkbuf_16)
                                                         clknet_2_2__leaf_clk_i (net)
                      0.119817    0.000830    0.635622 ^ _365_/CLK (gf180mcu_fd_sc_mcu7t5v0__dffrnq_1)
     7    0.047927    0.824948    1.292671    1.928293 ^ _365_/Q (gf180mcu_fd_sc_mcu7t5v0__dffrnq_1)
                                                         CS[1] (net)
                      0.824952    0.001065    1.929357 ^ _180_/I (gf180mcu_fd_sc_mcu7t5v0__clkinv_1)
     2    0.009250    0.327004    0.246875    2.176233 v _180_/ZN (gf180mcu_fd_sc_mcu7t5v0__clkinv_1)
                                                         _038_ (net)
                      0.327004    0.000104    2.176337 v _318_/A1 (gf180mcu_fd_sc_mcu7t5v0__nor3_1)
     3    0.016890    0.927937    0.584121    2.760458 ^ _318_/ZN (gf180mcu_fd_sc_mcu7t5v0__nor3_1)
                                                         _150_ (net)
                      0.927937    0.000330    2.760787 ^ _332_/A2 (gf180mcu_fd_sc_mcu7t5v0__nand2_1)
     2    0.014271    0.380669    0.235395    2.996182 v _332_/ZN (gf180mcu_fd_sc_mcu7t5v0__nand2_1)
                                                         _161_ (net)
                      0.380669    0.000229    2.996411 v fanout39/I (gf180mcu_fd_sc_mcu7t5v0__dlyb_1)
    10    0.091963    0.967515    1.686375    4.682786 v fanout39/Z (gf180mcu_fd_sc_mcu7t5v0__dlyb_1)
                                                         net39 (net)
                      0.967543    0.002975    4.685761 v _335_/S (gf180mcu_fd_sc_mcu7t5v0__mux2_2)
     1    0.003811    0.125934    0.566967    5.252728 ^ _335_/Z (gf180mcu_fd_sc_mcu7t5v0__mux2_2)
                                                         _028_ (net)
                      0.125934    0.000041    5.252769 ^ _369_/D (gf180mcu_fd_sc_mcu7t5v0__dffsnq_1)
                                              5.252769   data arrival time

                                 20.000000   20.000000   clock clk_i (rise edge)
                                  0.000000   20.000000   clock source latency
     1    0.033738    0.170447    0.083910   20.083910 ^ clk_i (in)
                                                         clk_i (net)
                      0.170451    0.000000   20.083910 ^ clkbuf_0_clk_i/I (gf180mcu_fd_sc_mcu7t5v0__clkbuf_16)
     4    0.098155    0.156684    0.290923   20.374832 ^ clkbuf_0_clk_i/Z (gf180mcu_fd_sc_mcu7t5v0__clkbuf_16)
                                                         clknet_0_clk_i (net)
                      0.156684    0.000668   20.375502 ^ clkbuf_2_3__f_clk_i/I (gf180mcu_fd_sc_mcu7t5v0__clkbuf_16)
     9    0.048428    0.113818    0.254907   20.630407 ^ clkbuf_2_3__f_clk_i/Z (gf180mcu_fd_sc_mcu7t5v0__clkbuf_16)
                                                         clknet_2_3__leaf_clk_i (net)
                      0.113820    0.000941   20.631350 ^ _369_/CLK (gf180mcu_fd_sc_mcu7t5v0__dffsnq_1)
                                 -0.250000   20.381351   clock uncertainty
                                  0.000000   20.381351   clock reconvergence pessimism
                                 -0.228078   20.153273   library setup time
                                             20.153273   data required time
---------------------------------------------------------------------------------------------
                                             20.153273   data required time
                                             -5.252769   data arrival time
---------------------------------------------------------------------------------------------
                                             14.900504   slack (MET)


Startpoint: _365_ (rising edge-triggered flip-flop clocked by clk_i)
Endpoint: _367_ (rising edge-triggered flip-flop clocked by clk_i)
Path Group: clk_i
Path Type: max

Fanout         Cap        Slew       Delay        Time   Description
---------------------------------------------------------------------------------------------
                                  0.000000    0.000000   clock clk_i (rise edge)
                                  0.000000    0.000000   clock source latency
     1    0.033738    0.170447    0.083909    0.083909 ^ clk_i (in)
                                                         clk_i (net)
                      0.170451    0.000000    0.083909 ^ clkbuf_0_clk_i/I (gf180mcu_fd_sc_mcu7t5v0__clkbuf_16)
     4    0.098155    0.156684    0.290924    0.374833 ^ clkbuf_0_clk_i/Z (gf180mcu_fd_sc_mcu7t5v0__clkbuf_16)
                                                         clknet_0_clk_i (net)
                      0.156684    0.000339    0.375172 ^ clkbuf_2_2__f_clk_i/I (gf180mcu_fd_sc_mcu7t5v0__clkbuf_16)
    10    0.055384    0.119815    0.259620    0.634792 ^ clkbuf_2_2__f_clk_i/Z (gf180mcu_fd_sc_mcu7t5v0__clkbuf_16)
                                                         clknet_2_2__leaf_clk_i (net)
                      0.119817    0.000830    0.635622 ^ _365_/CLK (gf180mcu_fd_sc_mcu7t5v0__dffrnq_1)
     7    0.047927    0.824948    1.292671    1.928293 ^ _365_/Q (gf180mcu_fd_sc_mcu7t5v0__dffrnq_1)
                                                         CS[1] (net)
                      0.824952    0.001065    1.929357 ^ _180_/I (gf180mcu_fd_sc_mcu7t5v0__clkinv_1)
     2    0.009250    0.327004    0.246875    2.176233 v _180_/ZN (gf180mcu_fd_sc_mcu7t5v0__clkinv_1)
                                                         _038_ (net)
                      0.327004    0.000104    2.176337 v _318_/A1 (gf180mcu_fd_sc_mcu7t5v0__nor3_1)
     3    0.016890    0.927937    0.584121    2.760458 ^ _318_/ZN (gf180mcu_fd_sc_mcu7t5v0__nor3_1)
                                                         _150_ (net)
                      0.927937    0.000330    2.760787 ^ _332_/A2 (gf180mcu_fd_sc_mcu7t5v0__nand2_1)
     2    0.014271    0.380669    0.235395    2.996182 v _332_/ZN (gf180mcu_fd_sc_mcu7t5v0__nand2_1)
                                                         _161_ (net)
                      0.380669    0.000229    2.996411 v fanout39/I (gf180mcu_fd_sc_mcu7t5v0__dlyb_1)
    10    0.091963    0.967515    1.686375    4.682786 v fanout39/Z (gf180mcu_fd_sc_mcu7t5v0__dlyb_1)
                                                         net39 (net)
                      0.967529    0.002108    4.684894 v _333_/S (gf180mcu_fd_sc_mcu7t5v0__mux2_2)
     1    0.003826    0.126047    0.567049    5.251943 ^ _333_/Z (gf180mcu_fd_sc_mcu7t5v0__mux2_2)
                                                         _026_ (net)
                      0.126047    0.000074    5.252017 ^ _367_/D (gf180mcu_fd_sc_mcu7t5v0__dffsnq_1)
                                              5.252017   data arrival time

                                 20.000000   20.000000   clock clk_i (rise edge)
                                  0.000000   20.000000   clock source latency
     1    0.033738    0.170447    0.083910   20.083910 ^ clk_i (in)
                                                         clk_i (net)
                      0.170451    0.000000   20.083910 ^ clkbuf_0_clk_i/I (gf180mcu_fd_sc_mcu7t5v0__clkbuf_16)
     4    0.098155    0.156684    0.290923   20.374832 ^ clkbuf_0_clk_i/Z (gf180mcu_fd_sc_mcu7t5v0__clkbuf_16)
                                                         clknet_0_clk_i (net)
                      0.156684    0.000668   20.375502 ^ clkbuf_2_3__f_clk_i/I (gf180mcu_fd_sc_mcu7t5v0__clkbuf_16)
     9    0.048428    0.113818    0.254907   20.630407 ^ clkbuf_2_3__f_clk_i/Z (gf180mcu_fd_sc_mcu7t5v0__clkbuf_16)
                                                         clknet_2_3__leaf_clk_i (net)
                      0.113820    0.000846   20.631254 ^ _367_/CLK (gf180mcu_fd_sc_mcu7t5v0__dffsnq_1)
                                 -0.250000   20.381254   clock uncertainty
                                  0.000000   20.381254   clock reconvergence pessimism
                                 -0.228101   20.153154   library setup time
                                             20.153154   data required time
---------------------------------------------------------------------------------------------
                                             20.153154   data required time
                                             -5.252017   data arrival time
---------------------------------------------------------------------------------------------
                                             14.901137   slack (MET)


Startpoint: _365_ (rising edge-triggered flip-flop clocked by clk_i)
Endpoint: _368_ (rising edge-triggered flip-flop clocked by clk_i)
Path Group: clk_i
Path Type: max

Fanout         Cap        Slew       Delay        Time   Description
---------------------------------------------------------------------------------------------
                                  0.000000    0.000000   clock clk_i (rise edge)
                                  0.000000    0.000000   clock source latency
     1    0.033738    0.170447    0.083909    0.083909 ^ clk_i (in)
                                                         clk_i (net)
                      0.170451    0.000000    0.083909 ^ clkbuf_0_clk_i/I (gf180mcu_fd_sc_mcu7t5v0__clkbuf_16)
     4    0.098155    0.156684    0.290924    0.374833 ^ clkbuf_0_clk_i/Z (gf180mcu_fd_sc_mcu7t5v0__clkbuf_16)
                                                         clknet_0_clk_i (net)
                      0.156684    0.000339    0.375172 ^ clkbuf_2_2__f_clk_i/I (gf180mcu_fd_sc_mcu7t5v0__clkbuf_16)
    10    0.055384    0.119815    0.259620    0.634792 ^ clkbuf_2_2__f_clk_i/Z (gf180mcu_fd_sc_mcu7t5v0__clkbuf_16)
                                                         clknet_2_2__leaf_clk_i (net)
                      0.119817    0.000830    0.635622 ^ _365_/CLK (gf180mcu_fd_sc_mcu7t5v0__dffrnq_1)
     7    0.047927    0.824948    1.292671    1.928293 ^ _365_/Q (gf180mcu_fd_sc_mcu7t5v0__dffrnq_1)
                                                         CS[1] (net)
                      0.824952    0.001065    1.929357 ^ _180_/I (gf180mcu_fd_sc_mcu7t5v0__clkinv_1)
     2    0.009250    0.327004    0.246875    2.176233 v _180_/ZN (gf180mcu_fd_sc_mcu7t5v0__clkinv_1)
                                                         _038_ (net)
                      0.327004    0.000104    2.176337 v _318_/A1 (gf180mcu_fd_sc_mcu7t5v0__nor3_1)
     3    0.016890    0.927937    0.584121    2.760458 ^ _318_/ZN (gf180mcu_fd_sc_mcu7t5v0__nor3_1)
                                                         _150_ (net)
                      0.927937    0.000330    2.760787 ^ _332_/A2 (gf180mcu_fd_sc_mcu7t5v0__nand2_1)
     2    0.014271    0.380669    0.235395    2.996182 v _332_/ZN (gf180mcu_fd_sc_mcu7t5v0__nand2_1)
                                                         _161_ (net)
                      0.380669    0.000229    2.996411 v fanout39/I (gf180mcu_fd_sc_mcu7t5v0__dlyb_1)
    10    0.091963    0.967515    1.686375    4.682786 v fanout39/Z (gf180mcu_fd_sc_mcu7t5v0__dlyb_1)
                                                         net39 (net)
                      0.967537    0.002613    4.685399 v _334_/S (gf180mcu_fd_sc_mcu7t5v0__mux2_2)
     1    0.003170    0.121062    0.562989    5.248388 ^ _334_/Z (gf180mcu_fd_sc_mcu7t5v0__mux2_2)
                                                         _027_ (net)
                      0.121062    0.000031    5.248419 ^ _368_/D (gf180mcu_fd_sc_mcu7t5v0__dffsnq_1)
                                              5.248419   data arrival time

                                 20.000000   20.000000   clock clk_i (rise edge)
                                  0.000000   20.000000   clock source latency
     1    0.033738    0.170447    0.083910   20.083910 ^ clk_i (in)
                                                         clk_i (net)
                      0.170451    0.000000   20.083910 ^ clkbuf_0_clk_i/I (gf180mcu_fd_sc_mcu7t5v0__clkbuf_16)
     4    0.098155    0.156684    0.290923   20.374832 ^ clkbuf_0_clk_i/Z (gf180mcu_fd_sc_mcu7t5v0__clkbuf_16)
                                                         clknet_0_clk_i (net)
                      0.156684    0.000668   20.375502 ^ clkbuf_2_3__f_clk_i/I (gf180mcu_fd_sc_mcu7t5v0__clkbuf_16)
     9    0.048428    0.113818    0.254907   20.630407 ^ clkbuf_2_3__f_clk_i/Z (gf180mcu_fd_sc_mcu7t5v0__clkbuf_16)
                                                         clknet_2_3__leaf_clk_i (net)
                      0.113819    0.000643   20.631052 ^ _368_/CLK (gf180mcu_fd_sc_mcu7t5v0__dffsnq_1)
                                 -0.250000   20.381052   clock uncertainty
                                  0.000000   20.381052   clock reconvergence pessimism
                                 -0.227087   20.153965   library setup time
                                             20.153965   data required time
---------------------------------------------------------------------------------------------
                                             20.153965   data required time
                                             -5.248419   data arrival time
---------------------------------------------------------------------------------------------
                                             14.905545   slack (MET)


Startpoint: _398_ (rising edge-triggered flip-flop clocked by clk_i)
Endpoint: _363_ (rising edge-triggered flip-flop clocked by clk_i)
Path Group: clk_i
Path Type: max

Fanout         Cap        Slew       Delay        Time   Description
---------------------------------------------------------------------------------------------
                                  0.000000    0.000000   clock clk_i (rise edge)
                                  0.000000    0.000000   clock source latency
     1    0.033738    0.170447    0.083909    0.083909 ^ clk_i (in)
                                                         clk_i (net)
                      0.170451    0.000000    0.083909 ^ clkbuf_0_clk_i/I (gf180mcu_fd_sc_mcu7t5v0__clkbuf_16)
     4    0.098155    0.156684    0.290924    0.374833 ^ clkbuf_0_clk_i/Z (gf180mcu_fd_sc_mcu7t5v0__clkbuf_16)
                                                         clknet_0_clk_i (net)
                      0.156684    0.000339    0.375172 ^ clkbuf_2_2__f_clk_i/I (gf180mcu_fd_sc_mcu7t5v0__clkbuf_16)
    10    0.055384    0.119815    0.259620    0.634792 ^ clkbuf_2_2__f_clk_i/Z (gf180mcu_fd_sc_mcu7t5v0__clkbuf_16)
                                                         clknet_2_2__leaf_clk_i (net)
                      0.119816    0.000538    0.635330 ^ _398_/CLK (gf180mcu_fd_sc_mcu7t5v0__dffsnq_1)
     5    0.034588    0.608452    1.029212    1.664542 ^ _398_/Q (gf180mcu_fd_sc_mcu7t5v0__dffsnq_1)
                                                         reg_rx_sync[2] (net)
                      0.608456    0.000835    1.665377 ^ _182_/I (gf180mcu_fd_sc_mcu7t5v0__clkinv_1)
     3    0.024686    0.475748    0.400650    2.066026 v _182_/ZN (gf180mcu_fd_sc_mcu7t5v0__clkinv_1)
                                                         _040_ (net)
                      0.475748    0.000325    2.066352 v _309_/A1 (gf180mcu_fd_sc_mcu7t5v0__xor2_1)
     2    0.012275    0.296554    0.589767    2.656119 v _309_/Z (gf180mcu_fd_sc_mcu7t5v0__xor2_1)
                                                         _142_ (net)
                      0.296554    0.000202    2.656321 v _311_/A2 (gf180mcu_fd_sc_mcu7t5v0__nor3_1)
     1    0.005360    0.464291    0.332425    2.988745 ^ _311_/ZN (gf180mcu_fd_sc_mcu7t5v0__nor3_1)
                                                         _144_ (net)
                      0.464291    0.000054    2.988800 ^ _312_/A2 (gf180mcu_fd_sc_mcu7t5v0__oai21_1)
     1    0.006219    0.315398    0.190754    3.179553 v _312_/ZN (gf180mcu_fd_sc_mcu7t5v0__oai21_1)
                                                         _145_ (net)
                      0.315398    0.000077    3.179631 v _313_/I (gf180mcu_fd_sc_mcu7t5v0__clkinv_1)
     1    0.003724    0.153743    0.140369    3.319999 ^ _313_/ZN (gf180mcu_fd_sc_mcu7t5v0__clkinv_1)
                                                         _022_ (net)
                      0.153743    0.000069    3.320068 ^ _363_/D (gf180mcu_fd_sc_mcu7t5v0__dffrnq_1)
                                              3.320068   data arrival time

                                 20.000000   20.000000   clock clk_i (rise edge)
                                  0.000000   20.000000   clock source latency
     1    0.033738    0.170447    0.083910   20.083910 ^ clk_i (in)
                                                         clk_i (net)
                      0.170451    0.000000   20.083910 ^ clkbuf_0_clk_i/I (gf180mcu_fd_sc_mcu7t5v0__clkbuf_16)
     4    0.098155    0.156684    0.290923   20.374832 ^ clkbuf_0_clk_i/Z (gf180mcu_fd_sc_mcu7t5v0__clkbuf_16)
                                                         clknet_0_clk_i (net)
                      0.156684    0.000339   20.375172 ^ clkbuf_2_2__f_clk_i/I (gf180mcu_fd_sc_mcu7t5v0__clkbuf_16)
    10    0.055384    0.119815    0.259620   20.634792 ^ clkbuf_2_2__f_clk_i/Z (gf180mcu_fd_sc_mcu7t5v0__clkbuf_16)
                                                         clknet_2_2__leaf_clk_i (net)
                      0.119816    0.000698   20.635490 ^ _363_/CLK (gf180mcu_fd_sc_mcu7t5v0__dffrnq_1)
                                 -0.250000   20.385490   clock uncertainty
                                  0.000000   20.385490   clock reconvergence pessimism
                                 -0.303986   20.081505   library setup time
                                             20.081505   data required time
---------------------------------------------------------------------------------------------
                                             20.081505   data required time
                                             -3.320068   data arrival time
---------------------------------------------------------------------------------------------
                                             16.761436   slack (MET)



