
===========================================================================
report_checks -path_delay min (Hold)
============================================================================
======================= min_ff_n40C_5v50 Corner ===================================

Startpoint: _291_ (rising edge-triggered flip-flop clocked by clk_i)
Endpoint: _291_ (rising edge-triggered flip-flop clocked by clk_i)
Path Group: clk_i
Path Type: min

Fanout         Cap        Slew       Delay        Time   Description
---------------------------------------------------------------------------------------------
                                  0.000000    0.000000   clock clk_i (rise edge)
                                  0.000000    0.000000   clock source latency
     1    0.033878    0.112179    0.057733    0.057733 ^ clk_i (in)
                                                         clk_i (net)
                      0.112185    0.000000    0.057733 ^ clkbuf_0_clk_i/I (gf180mcu_fd_sc_mcu7t5v0__clkbuf_16)
     4    0.095858    0.099343    0.186055    0.243788 ^ clkbuf_0_clk_i/Z (gf180mcu_fd_sc_mcu7t5v0__clkbuf_16)
                                                         clknet_0_clk_i (net)
                      0.099346    0.000962    0.244750 ^ clkbuf_2_1__f_clk_i/I (gf180mcu_fd_sc_mcu7t5v0__clkbuf_16)
     8    0.040523    0.068375    0.159625    0.404375 ^ clkbuf_2_1__f_clk_i/Z (gf180mcu_fd_sc_mcu7t5v0__clkbuf_16)
                                                         clknet_2_1__leaf_clk_i (net)
                      0.068381    0.001208    0.405583 ^ _291_/CLK (gf180mcu_fd_sc_mcu7t5v0__dffrnq_1)
     2    0.013897    0.124749    0.471505    0.877088 v _291_/Q (gf180mcu_fd_sc_mcu7t5v0__dffrnq_1)
                                                         _017_ (net)
                      0.124749    0.000211    0.877299 v _144_/I (gf180mcu_fd_sc_mcu7t5v0__clkinv_1)
     2    0.010074    0.141076    0.115150    0.992449 ^ _144_/ZN (gf180mcu_fd_sc_mcu7t5v0__clkinv_1)
                                                         _037_ (net)
                      0.141076    0.000119    0.992568 ^ _274_/A1 (gf180mcu_fd_sc_mcu7t5v0__oai22_1)
     1    0.004764    0.084761    0.069690    1.062259 v _274_/ZN (gf180mcu_fd_sc_mcu7t5v0__oai22_1)
                                                         _031_ (net)
                      0.084761    0.000091    1.062350 v _291_/D (gf180mcu_fd_sc_mcu7t5v0__dffrnq_1)
                                              1.062350   data arrival time

                                  0.000000    0.000000   clock clk_i (rise edge)
                                  0.000000    0.000000   clock source latency
     1    0.033878    0.112179    0.057733    0.057733 ^ clk_i (in)
                                                         clk_i (net)
                      0.112185    0.000000    0.057733 ^ clkbuf_0_clk_i/I (gf180mcu_fd_sc_mcu7t5v0__clkbuf_16)
     4    0.095858    0.099343    0.186055    0.243788 ^ clkbuf_0_clk_i/Z (gf180mcu_fd_sc_mcu7t5v0__clkbuf_16)
                                                         clknet_0_clk_i (net)
                      0.099346    0.000962    0.244750 ^ clkbuf_2_1__f_clk_i/I (gf180mcu_fd_sc_mcu7t5v0__clkbuf_16)
     8    0.040523    0.068375    0.159625    0.404375 ^ clkbuf_2_1__f_clk_i/Z (gf180mcu_fd_sc_mcu7t5v0__clkbuf_16)
                                                         clknet_2_1__leaf_clk_i (net)
                      0.068381    0.001208    0.405583 ^ _291_/CLK (gf180mcu_fd_sc_mcu7t5v0__dffrnq_1)
                                  0.250000    0.655583   clock uncertainty
                                  0.000000    0.655583   clock reconvergence pessimism
                                  0.091935    0.747518   library hold time
                                              0.747518   data required time
---------------------------------------------------------------------------------------------
                                              0.747518   data required time
                                             -1.062350   data arrival time
---------------------------------------------------------------------------------------------
                                              0.314832   slack (MET)


Startpoint: _292_ (rising edge-triggered flip-flop clocked by clk_i)
Endpoint: _292_ (rising edge-triggered flip-flop clocked by clk_i)
Path Group: clk_i
Path Type: min

Fanout         Cap        Slew       Delay        Time   Description
---------------------------------------------------------------------------------------------
                                  0.000000    0.000000   clock clk_i (rise edge)
                                  0.000000    0.000000   clock source latency
     1    0.033878    0.112179    0.057733    0.057733 ^ clk_i (in)
                                                         clk_i (net)
                      0.112185    0.000000    0.057733 ^ clkbuf_0_clk_i/I (gf180mcu_fd_sc_mcu7t5v0__clkbuf_16)
     4    0.095858    0.099343    0.186055    0.243788 ^ clkbuf_0_clk_i/Z (gf180mcu_fd_sc_mcu7t5v0__clkbuf_16)
                                                         clknet_0_clk_i (net)
                      0.099346    0.000962    0.244750 ^ clkbuf_2_1__f_clk_i/I (gf180mcu_fd_sc_mcu7t5v0__clkbuf_16)
     8    0.040523    0.068375    0.159625    0.404375 ^ clkbuf_2_1__f_clk_i/Z (gf180mcu_fd_sc_mcu7t5v0__clkbuf_16)
                                                         clknet_2_1__leaf_clk_i (net)
                      0.068376    0.000484    0.404859 ^ _292_/CLK (gf180mcu_fd_sc_mcu7t5v0__dffrnq_1)
     3    0.017679    0.234000    0.619776    1.024636 ^ _292_/Q (gf180mcu_fd_sc_mcu7t5v0__dffrnq_1)
                                                         parity_bit (net)
                      0.234000    0.000237    1.024872 ^ _277_/A1 (gf180mcu_fd_sc_mcu7t5v0__oai21_1)
     1    0.004441    0.109520    0.084419    1.109291 v _277_/ZN (gf180mcu_fd_sc_mcu7t5v0__oai21_1)
                                                         _032_ (net)
                      0.109520    0.000087    1.109378 v _292_/D (gf180mcu_fd_sc_mcu7t5v0__dffrnq_1)
                                              1.109378   data arrival time

                                  0.000000    0.000000   clock clk_i (rise edge)
                                  0.000000    0.000000   clock source latency
     1    0.033878    0.112179    0.057733    0.057733 ^ clk_i (in)
                                                         clk_i (net)
                      0.112185    0.000000    0.057733 ^ clkbuf_0_clk_i/I (gf180mcu_fd_sc_mcu7t5v0__clkbuf_16)
     4    0.095858    0.099343    0.186055    0.243788 ^ clkbuf_0_clk_i/Z (gf180mcu_fd_sc_mcu7t5v0__clkbuf_16)
                                                         clknet_0_clk_i (net)
                      0.099346    0.000962    0.244750 ^ clkbuf_2_1__f_clk_i/I (gf180mcu_fd_sc_mcu7t5v0__clkbuf_16)
     8    0.040523    0.068375    0.159625    0.404375 ^ clkbuf_2_1__f_clk_i/Z (gf180mcu_fd_sc_mcu7t5v0__clkbuf_16)
                                                         clknet_2_1__leaf_clk_i (net)
                      0.068376    0.000484    0.404859 ^ _292_/CLK (gf180mcu_fd_sc_mcu7t5v0__dffrnq_1)
                                  0.250000    0.654859   clock uncertainty
                                  0.000000    0.654859   clock reconvergence pessimism
                                  0.086995    0.741854   library hold time
                                              0.741854   data required time
---------------------------------------------------------------------------------------------
                                              0.741854   data required time
                                             -1.109378   data arrival time
---------------------------------------------------------------------------------------------
                                              0.367523   slack (MET)


Startpoint: _290_ (rising edge-triggered flip-flop clocked by clk_i)
Endpoint: _290_ (rising edge-triggered flip-flop clocked by clk_i)
Path Group: clk_i
Path Type: min

Fanout         Cap        Slew       Delay        Time   Description
---------------------------------------------------------------------------------------------
                                  0.000000    0.000000   clock clk_i (rise edge)
                                  0.000000    0.000000   clock source latency
     1    0.033878    0.112179    0.057733    0.057733 ^ clk_i (in)
                                                         clk_i (net)
                      0.112185    0.000000    0.057733 ^ clkbuf_0_clk_i/I (gf180mcu_fd_sc_mcu7t5v0__clkbuf_16)
     4    0.095858    0.099343    0.186055    0.243788 ^ clkbuf_0_clk_i/Z (gf180mcu_fd_sc_mcu7t5v0__clkbuf_16)
                                                         clknet_0_clk_i (net)
                      0.099346    0.000962    0.244750 ^ clkbuf_2_1__f_clk_i/I (gf180mcu_fd_sc_mcu7t5v0__clkbuf_16)
     8    0.040523    0.068375    0.159625    0.404375 ^ clkbuf_2_1__f_clk_i/Z (gf180mcu_fd_sc_mcu7t5v0__clkbuf_16)
                                                         clknet_2_1__leaf_clk_i (net)
                      0.068381    0.001219    0.405594 ^ _290_/CLK (gf180mcu_fd_sc_mcu7t5v0__dffrnq_1)
     3    0.019481    0.156532    0.496192    0.901786 v _290_/Q (gf180mcu_fd_sc_mcu7t5v0__dffrnq_1)
                                                         reg_bit_count[1] (net)
                      0.156532    0.000165    0.901951 v _143_/I (gf180mcu_fd_sc_mcu7t5v0__clkinv_1)
     2    0.012146    0.166519    0.136576    1.038527 ^ _143_/ZN (gf180mcu_fd_sc_mcu7t5v0__clkinv_1)
                                                         _036_ (net)
                      0.166519    0.000201    1.038728 ^ _272_/A1 (gf180mcu_fd_sc_mcu7t5v0__aoi21_1)
     1    0.004230    0.087079    0.076723    1.115451 v _272_/ZN (gf180mcu_fd_sc_mcu7t5v0__aoi21_1)
                                                         _030_ (net)
                      0.087079    0.000079    1.115530 v _290_/D (gf180mcu_fd_sc_mcu7t5v0__dffrnq_1)
                                              1.115530   data arrival time

                                  0.000000    0.000000   clock clk_i (rise edge)
                                  0.000000    0.000000   clock source latency
     1    0.033878    0.112179    0.057733    0.057733 ^ clk_i (in)
                                                         clk_i (net)
                      0.112185    0.000000    0.057733 ^ clkbuf_0_clk_i/I (gf180mcu_fd_sc_mcu7t5v0__clkbuf_16)
     4    0.095858    0.099343    0.186055    0.243788 ^ clkbuf_0_clk_i/Z (gf180mcu_fd_sc_mcu7t5v0__clkbuf_16)
                                                         clknet_0_clk_i (net)
                      0.099346    0.000962    0.244750 ^ clkbuf_2_1__f_clk_i/I (gf180mcu_fd_sc_mcu7t5v0__clkbuf_16)
     8    0.040523    0.068375    0.159625    0.404375 ^ clkbuf_2_1__f_clk_i/Z (gf180mcu_fd_sc_mcu7t5v0__clkbuf_16)
                                                         clknet_2_1__leaf_clk_i (net)
                      0.068381    0.001219    0.405594 ^ _290_/CLK (gf180mcu_fd_sc_mcu7t5v0__dffrnq_1)
                                  0.250000    0.655594   clock uncertainty
                                  0.000000    0.655594   clock reconvergence pessimism
                                  0.091459    0.747054   library hold time
                                              0.747054   data required time
---------------------------------------------------------------------------------------------
                                              0.747054   data required time
                                             -1.115530   data arrival time
---------------------------------------------------------------------------------------------
                                              0.368476   slack (MET)


Startpoint: _308_ (rising edge-triggered flip-flop clocked by clk_i)
Endpoint: _308_ (rising edge-triggered flip-flop clocked by clk_i)
Path Group: clk_i
Path Type: min

Fanout         Cap        Slew       Delay        Time   Description
---------------------------------------------------------------------------------------------
                                  0.000000    0.000000   clock clk_i (rise edge)
                                  0.000000    0.000000   clock source latency
     1    0.033878    0.112179    0.057733    0.057733 ^ clk_i (in)
                                                         clk_i (net)
                      0.112185    0.000000    0.057733 ^ clkbuf_0_clk_i/I (gf180mcu_fd_sc_mcu7t5v0__clkbuf_16)
     4    0.095858    0.099343    0.186055    0.243788 ^ clkbuf_0_clk_i/Z (gf180mcu_fd_sc_mcu7t5v0__clkbuf_16)
                                                         clknet_0_clk_i (net)
                      0.099346    0.000940    0.244728 ^ clkbuf_2_3__f_clk_i/I (gf180mcu_fd_sc_mcu7t5v0__clkbuf_16)
     9    0.043609    0.070122    0.161095    0.405823 ^ clkbuf_2_3__f_clk_i/Z (gf180mcu_fd_sc_mcu7t5v0__clkbuf_16)
                                                         clknet_2_3__leaf_clk_i (net)
                      0.070123    0.000423    0.406246 ^ _308_/CLK (gf180mcu_fd_sc_mcu7t5v0__dffrnq_1)
     3    0.018797    0.152434    0.493538    0.899784 v _308_/Q (gf180mcu_fd_sc_mcu7t5v0__dffrnq_1)
                                                         baud_cnt[15] (net)
                      0.152434    0.000257    0.900042 v _218_/B (gf180mcu_fd_sc_mcu7t5v0__aoi21_1)
     1    0.005142    0.165462    0.135231    1.035272 ^ _218_/ZN (gf180mcu_fd_sc_mcu7t5v0__aoi21_1)
                                                         _093_ (net)
                      0.165462    0.000098    1.035370 ^ _220_/A2 (gf180mcu_fd_sc_mcu7t5v0__nor3_1)
     1    0.003791    0.121214    0.104828    1.140199 v _220_/ZN (gf180mcu_fd_sc_mcu7t5v0__nor3_1)
                                                         _006_ (net)
                      0.121214    0.000038    1.140237 v _308_/D (gf180mcu_fd_sc_mcu7t5v0__dffrnq_1)
                                              1.140237   data arrival time

                                  0.000000    0.000000   clock clk_i (rise edge)
                                  0.000000    0.000000   clock source latency
     1    0.033878    0.112179    0.057733    0.057733 ^ clk_i (in)
                                                         clk_i (net)
                      0.112185    0.000000    0.057733 ^ clkbuf_0_clk_i/I (gf180mcu_fd_sc_mcu7t5v0__clkbuf_16)
     4    0.095858    0.099343    0.186055    0.243788 ^ clkbuf_0_clk_i/Z (gf180mcu_fd_sc_mcu7t5v0__clkbuf_16)
                                                         clknet_0_clk_i (net)
                      0.099346    0.000940    0.244728 ^ clkbuf_2_3__f_clk_i/I (gf180mcu_fd_sc_mcu7t5v0__clkbuf_16)
     9    0.043609    0.070122    0.161095    0.405823 ^ clkbuf_2_3__f_clk_i/Z (gf180mcu_fd_sc_mcu7t5v0__clkbuf_16)
                                                         clknet_2_3__leaf_clk_i (net)
                      0.070123    0.000423    0.406246 ^ _308_/CLK (gf180mcu_fd_sc_mcu7t5v0__dffrnq_1)
                                  0.250000    0.656246   clock uncertainty
                                  0.000000    0.656246   clock reconvergence pessimism
                                  0.085131    0.741377   library hold time
                                              0.741377   data required time
---------------------------------------------------------------------------------------------
                                              0.741377   data required time
                                             -1.140237   data arrival time
---------------------------------------------------------------------------------------------
                                              0.398860   slack (MET)


Startpoint: _300_ (rising edge-triggered flip-flop clocked by clk_i)
Endpoint: _300_ (rising edge-triggered flip-flop clocked by clk_i)
Path Group: clk_i
Path Type: min

Fanout         Cap        Slew       Delay        Time   Description
---------------------------------------------------------------------------------------------
                                  0.000000    0.000000   clock clk_i (rise edge)
                                  0.000000    0.000000   clock source latency
     1    0.033878    0.112179    0.057733    0.057733 ^ clk_i (in)
                                                         clk_i (net)
                      0.112185    0.000000    0.057733 ^ clkbuf_0_clk_i/I (gf180mcu_fd_sc_mcu7t5v0__clkbuf_16)
     4    0.095858    0.099343    0.186055    0.243788 ^ clkbuf_0_clk_i/Z (gf180mcu_fd_sc_mcu7t5v0__clkbuf_16)
                                                         clknet_0_clk_i (net)
                      0.099346    0.000952    0.244740 ^ clkbuf_2_2__f_clk_i/I (gf180mcu_fd_sc_mcu7t5v0__clkbuf_16)
     9    0.050749    0.074103    0.164115    0.408855 ^ clkbuf_2_2__f_clk_i/Z (gf180mcu_fd_sc_mcu7t5v0__clkbuf_16)
                                                         clknet_2_2__leaf_clk_i (net)
                      0.074103    0.000347    0.409202 ^ _300_/CLK (gf180mcu_fd_sc_mcu7t5v0__dffrnq_1)
     3    0.018769    0.152304    0.494245    0.903447 v _300_/Q (gf180mcu_fd_sc_mcu7t5v0__dffrnq_1)
                                                         baud_cnt[7] (net)
                      0.152304    0.000257    0.903704 v _197_/B (gf180mcu_fd_sc_mcu7t5v0__aoi21_1)
     1    0.005773    0.173313    0.140290    1.043993 ^ _197_/ZN (gf180mcu_fd_sc_mcu7t5v0__aoi21_1)
                                                         _080_ (net)
                      0.173313    0.000113    1.044107 ^ _198_/A3 (gf180mcu_fd_sc_mcu7t5v0__nor3_1)
     1    0.003477    0.139596    0.112132    1.156239 v _198_/ZN (gf180mcu_fd_sc_mcu7t5v0__nor3_1)
                                                         _013_ (net)
                      0.139596    0.000034    1.156272 v _300_/D (gf180mcu_fd_sc_mcu7t5v0__dffrnq_1)
                                              1.156272   data arrival time

                                  0.000000    0.000000   clock clk_i (rise edge)
                                  0.000000    0.000000   clock source latency
     1    0.033878    0.112179    0.057733    0.057733 ^ clk_i (in)
                                                         clk_i (net)
                      0.112185    0.000000    0.057733 ^ clkbuf_0_clk_i/I (gf180mcu_fd_sc_mcu7t5v0__clkbuf_16)
     4    0.095858    0.099343    0.186055    0.243788 ^ clkbuf_0_clk_i/Z (gf180mcu_fd_sc_mcu7t5v0__clkbuf_16)
                                                         clknet_0_clk_i (net)
                      0.099346    0.000952    0.244740 ^ clkbuf_2_2__f_clk_i/I (gf180mcu_fd_sc_mcu7t5v0__clkbuf_16)
     9    0.050749    0.074103    0.164115    0.408855 ^ clkbuf_2_2__f_clk_i/Z (gf180mcu_fd_sc_mcu7t5v0__clkbuf_16)
                                                         clknet_2_2__leaf_clk_i (net)
                      0.074103    0.000347    0.409202 ^ _300_/CLK (gf180mcu_fd_sc_mcu7t5v0__dffrnq_1)
                                  0.250000    0.659202   clock uncertainty
                                  0.000000    0.659202   clock reconvergence pessimism
                                  0.082307    0.741510   library hold time
                                              0.741510   data required time
---------------------------------------------------------------------------------------------
                                              0.741510   data required time
                                             -1.156272   data arrival time
---------------------------------------------------------------------------------------------
                                              0.414763   slack (MET)


Startpoint: _295_ (rising edge-triggered flip-flop clocked by clk_i)
Endpoint: _295_ (rising edge-triggered flip-flop clocked by clk_i)
Path Group: clk_i
Path Type: min

Fanout         Cap        Slew       Delay        Time   Description
---------------------------------------------------------------------------------------------
                                  0.000000    0.000000   clock clk_i (rise edge)
                                  0.000000    0.000000   clock source latency
     1    0.033878    0.112179    0.057733    0.057733 ^ clk_i (in)
                                                         clk_i (net)
                      0.112185    0.000000    0.057733 ^ clkbuf_0_clk_i/I (gf180mcu_fd_sc_mcu7t5v0__clkbuf_16)
     4    0.095858    0.099343    0.186055    0.243788 ^ clkbuf_0_clk_i/Z (gf180mcu_fd_sc_mcu7t5v0__clkbuf_16)
                                                         clknet_0_clk_i (net)
                      0.099346    0.000952    0.244740 ^ clkbuf_2_2__f_clk_i/I (gf180mcu_fd_sc_mcu7t5v0__clkbuf_16)
     9    0.050749    0.074103    0.164115    0.408855 ^ clkbuf_2_2__f_clk_i/Z (gf180mcu_fd_sc_mcu7t5v0__clkbuf_16)
                                                         clknet_2_2__leaf_clk_i (net)
                      0.074104    0.000511    0.409366 ^ _295_/CLK (gf180mcu_fd_sc_mcu7t5v0__dffrnq_1)
     4    0.021667    0.169387    0.505938    0.915303 v _295_/Q (gf180mcu_fd_sc_mcu7t5v0__dffrnq_1)
                                                         baud_cnt[2] (net)
                      0.169389    0.000372    0.915675 v _181_/B (gf180mcu_fd_sc_mcu7t5v0__aoi21_1)
     1    0.004456    0.160341    0.133028    1.048703 ^ _181_/ZN (gf180mcu_fd_sc_mcu7t5v0__aoi21_1)
                                                         _069_ (net)
                      0.160341    0.000044    1.048747 ^ _182_/A3 (gf180mcu_fd_sc_mcu7t5v0__nor3_1)
     1    0.003527    0.127409    0.110273    1.159020 v _182_/ZN (gf180mcu_fd_sc_mcu7t5v0__nor3_1)
                                                         _008_ (net)
                      0.127409    0.000034    1.159054 v _295_/D (gf180mcu_fd_sc_mcu7t5v0__dffrnq_1)
                                              1.159054   data arrival time

                                  0.000000    0.000000   clock clk_i (rise edge)
                                  0.000000    0.000000   clock source latency
     1    0.033878    0.112179    0.057733    0.057733 ^ clk_i (in)
                                                         clk_i (net)
                      0.112185    0.000000    0.057733 ^ clkbuf_0_clk_i/I (gf180mcu_fd_sc_mcu7t5v0__clkbuf_16)
     4    0.095858    0.099343    0.186055    0.243788 ^ clkbuf_0_clk_i/Z (gf180mcu_fd_sc_mcu7t5v0__clkbuf_16)
                                                         clknet_0_clk_i (net)
                      0.099346    0.000952    0.244740 ^ clkbuf_2_2__f_clk_i/I (gf180mcu_fd_sc_mcu7t5v0__clkbuf_16)
     9    0.050749    0.074103    0.164115    0.408855 ^ clkbuf_2_2__f_clk_i/Z (gf180mcu_fd_sc_mcu7t5v0__clkbuf_16)
                                                         clknet_2_2__leaf_clk_i (net)
                      0.074104    0.000511    0.409366 ^ _295_/CLK (gf180mcu_fd_sc_mcu7t5v0__dffrnq_1)
                                  0.250000    0.659366   clock uncertainty
                                  0.000000    0.659366   clock reconvergence pessimism
                                  0.084713    0.744079   library hold time
                                              0.744079   data required time
---------------------------------------------------------------------------------------------
                                              0.744079   data required time
                                             -1.159054   data arrival time
---------------------------------------------------------------------------------------------
                                              0.414976   slack (MET)


Startpoint: _306_ (rising edge-triggered flip-flop clocked by clk_i)
Endpoint: _306_ (rising edge-triggered flip-flop clocked by clk_i)
Path Group: clk_i
Path Type: min

Fanout         Cap        Slew       Delay        Time   Description
---------------------------------------------------------------------------------------------
                                  0.000000    0.000000   clock clk_i (rise edge)
                                  0.000000    0.000000   clock source latency
     1    0.033878    0.112179    0.057733    0.057733 ^ clk_i (in)
                                                         clk_i (net)
                      0.112185    0.000000    0.057733 ^ clkbuf_0_clk_i/I (gf180mcu_fd_sc_mcu7t5v0__clkbuf_16)
     4    0.095858    0.099343    0.186055    0.243788 ^ clkbuf_0_clk_i/Z (gf180mcu_fd_sc_mcu7t5v0__clkbuf_16)
                                                         clknet_0_clk_i (net)
                      0.099346    0.000940    0.244728 ^ clkbuf_2_3__f_clk_i/I (gf180mcu_fd_sc_mcu7t5v0__clkbuf_16)
     9    0.043609    0.070122    0.161095    0.405823 ^ clkbuf_2_3__f_clk_i/Z (gf180mcu_fd_sc_mcu7t5v0__clkbuf_16)
                                                         clknet_2_3__leaf_clk_i (net)
                      0.070123    0.000375    0.406198 ^ _306_/CLK (gf180mcu_fd_sc_mcu7t5v0__dffrnq_1)
     3    0.016878    0.141442    0.485134    0.891332 v _306_/Q (gf180mcu_fd_sc_mcu7t5v0__dffrnq_1)
                                                         baud_cnt[13] (net)
                      0.141442    0.000124    0.891456 v _213_/B (gf180mcu_fd_sc_mcu7t5v0__aoi21_1)
     1    0.006706    0.183492    0.145513    1.036969 ^ _213_/ZN (gf180mcu_fd_sc_mcu7t5v0__aoi21_1)
                                                         _090_ (net)
                      0.183492    0.000143    1.037112 ^ _215_/A2 (gf180mcu_fd_sc_mcu7t5v0__nor3_1)
     1    0.005088    0.136664    0.116896    1.154009 v _215_/ZN (gf180mcu_fd_sc_mcu7t5v0__nor3_1)
                                                         _004_ (net)
                      0.136664    0.000103    1.154112 v _306_/D (gf180mcu_fd_sc_mcu7t5v0__dffrnq_1)
                                              1.154112   data arrival time

                                  0.000000    0.000000   clock clk_i (rise edge)
                                  0.000000    0.000000   clock source latency
     1    0.033878    0.112179    0.057733    0.057733 ^ clk_i (in)
                                                         clk_i (net)
                      0.112185    0.000000    0.057733 ^ clkbuf_0_clk_i/I (gf180mcu_fd_sc_mcu7t5v0__clkbuf_16)
     4    0.095858    0.099343    0.186055    0.243788 ^ clkbuf_0_clk_i/Z (gf180mcu_fd_sc_mcu7t5v0__clkbuf_16)
                                                         clknet_0_clk_i (net)
                      0.099346    0.000940    0.244728 ^ clkbuf_2_3__f_clk_i/I (gf180mcu_fd_sc_mcu7t5v0__clkbuf_16)
     9    0.043609    0.070122    0.161095    0.405823 ^ clkbuf_2_3__f_clk_i/Z (gf180mcu_fd_sc_mcu7t5v0__clkbuf_16)
                                                         clknet_2_3__leaf_clk_i (net)
                      0.070123    0.000375    0.406198 ^ _306_/CLK (gf180mcu_fd_sc_mcu7t5v0__dffrnq_1)
                                  0.250000    0.656198   clock uncertainty
                                  0.000000    0.656198   clock reconvergence pessimism
                                  0.082165    0.738363   library hold time
                                              0.738363   data required time
---------------------------------------------------------------------------------------------
                                              0.738363   data required time
                                             -1.154112   data arrival time
---------------------------------------------------------------------------------------------
                                              0.415748   slack (MET)


Startpoint: _298_ (rising edge-triggered flip-flop clocked by clk_i)
Endpoint: _298_ (rising edge-triggered flip-flop clocked by clk_i)
Path Group: clk_i
Path Type: min

Fanout         Cap        Slew       Delay        Time   Description
---------------------------------------------------------------------------------------------
                                  0.000000    0.000000   clock clk_i (rise edge)
                                  0.000000    0.000000   clock source latency
     1    0.033878    0.112179    0.057733    0.057733 ^ clk_i (in)
                                                         clk_i (net)
                      0.112185    0.000000    0.057733 ^ clkbuf_0_clk_i/I (gf180mcu_fd_sc_mcu7t5v0__clkbuf_16)
     4    0.095858    0.099343    0.186055    0.243788 ^ clkbuf_0_clk_i/Z (gf180mcu_fd_sc_mcu7t5v0__clkbuf_16)
                                                         clknet_0_clk_i (net)
                      0.099345    0.000720    0.244508 ^ clkbuf_2_0__f_clk_i/I (gf180mcu_fd_sc_mcu7t5v0__clkbuf_16)
     8    0.039750    0.067950    0.159354    0.403862 ^ clkbuf_2_0__f_clk_i/Z (gf180mcu_fd_sc_mcu7t5v0__clkbuf_16)
                                                         clknet_2_0__leaf_clk_i (net)
                      0.067952    0.000848    0.404710 ^ _298_/CLK (gf180mcu_fd_sc_mcu7t5v0__dffrnq_1)
     3    0.019267    0.155209    0.495108    0.899818 v _298_/Q (gf180mcu_fd_sc_mcu7t5v0__dffrnq_1)
                                                         baud_cnt[5] (net)
                      0.155209    0.000314    0.900133 v _191_/B (gf180mcu_fd_sc_mcu7t5v0__aoi21_1)
     1    0.004360    0.156879    0.129262    1.029394 ^ _191_/ZN (gf180mcu_fd_sc_mcu7t5v0__aoi21_1)
                                                         _076_ (net)
                      0.156879    0.000042    1.029436 ^ _192_/A3 (gf180mcu_fd_sc_mcu7t5v0__nor3_1)
     1    0.005102    0.150146    0.121268    1.150705 v _192_/ZN (gf180mcu_fd_sc_mcu7t5v0__nor3_1)
                                                         _011_ (net)
                      0.150146    0.000104    1.150809 v _298_/D (gf180mcu_fd_sc_mcu7t5v0__dffrnq_1)
                                              1.150809   data arrival time

                                  0.000000    0.000000   clock clk_i (rise edge)
                                  0.000000    0.000000   clock source latency
     1    0.033878    0.112179    0.057733    0.057733 ^ clk_i (in)
                                                         clk_i (net)
                      0.112185    0.000000    0.057733 ^ clkbuf_0_clk_i/I (gf180mcu_fd_sc_mcu7t5v0__clkbuf_16)
     4    0.095858    0.099343    0.186055    0.243788 ^ clkbuf_0_clk_i/Z (gf180mcu_fd_sc_mcu7t5v0__clkbuf_16)
                                                         clknet_0_clk_i (net)
                      0.099345    0.000720    0.244508 ^ clkbuf_2_0__f_clk_i/I (gf180mcu_fd_sc_mcu7t5v0__clkbuf_16)
     8    0.039750    0.067950    0.159354    0.403862 ^ clkbuf_2_0__f_clk_i/Z (gf180mcu_fd_sc_mcu7t5v0__clkbuf_16)
                                                         clknet_2_0__leaf_clk_i (net)
                      0.067952    0.000848    0.404710 ^ _298_/CLK (gf180mcu_fd_sc_mcu7t5v0__dffrnq_1)
                                  0.250000    0.654710   clock uncertainty
                                  0.000000    0.654710   clock reconvergence pessimism
                                  0.079223    0.733933   library hold time
                                              0.733933   data required time
---------------------------------------------------------------------------------------------
                                              0.733933   data required time
                                             -1.150809   data arrival time
---------------------------------------------------------------------------------------------
                                              0.416876   slack (MET)


Startpoint: _304_ (rising edge-triggered flip-flop clocked by clk_i)
Endpoint: _304_ (rising edge-triggered flip-flop clocked by clk_i)
Path Group: clk_i
Path Type: min

Fanout         Cap        Slew       Delay        Time   Description
---------------------------------------------------------------------------------------------
                                  0.000000    0.000000   clock clk_i (rise edge)
                                  0.000000    0.000000   clock source latency
     1    0.033878    0.112179    0.057733    0.057733 ^ clk_i (in)
                                                         clk_i (net)
                      0.112185    0.000000    0.057733 ^ clkbuf_0_clk_i/I (gf180mcu_fd_sc_mcu7t5v0__clkbuf_16)
     4    0.095858    0.099343    0.186055    0.243788 ^ clkbuf_0_clk_i/Z (gf180mcu_fd_sc_mcu7t5v0__clkbuf_16)
                                                         clknet_0_clk_i (net)
                      0.099346    0.000952    0.244740 ^ clkbuf_2_2__f_clk_i/I (gf180mcu_fd_sc_mcu7t5v0__clkbuf_16)
     9    0.050749    0.074103    0.164115    0.408855 ^ clkbuf_2_2__f_clk_i/Z (gf180mcu_fd_sc_mcu7t5v0__clkbuf_16)
                                                         clknet_2_2__leaf_clk_i (net)
                      0.074104    0.000636    0.409491 ^ _304_/CLK (gf180mcu_fd_sc_mcu7t5v0__dffrnq_1)
     3    0.020818    0.164437    0.502687    0.912178 v _304_/Q (gf180mcu_fd_sc_mcu7t5v0__dffrnq_1)
                                                         baud_cnt[11] (net)
                      0.164437    0.000123    0.912301 v _207_/B (gf180mcu_fd_sc_mcu7t5v0__aoi21_1)
     1    0.005695    0.174141    0.142221    1.054522 ^ _207_/ZN (gf180mcu_fd_sc_mcu7t5v0__aoi21_1)
                                                         _086_ (net)
                      0.174141    0.000113    1.054635 ^ _210_/A2 (gf180mcu_fd_sc_mcu7t5v0__nor3_1)
     1    0.004060    0.125719    0.108041    1.162676 v _210_/ZN (gf180mcu_fd_sc_mcu7t5v0__nor3_1)
                                                         _002_ (net)
                      0.125719    0.000075    1.162751 v _304_/D (gf180mcu_fd_sc_mcu7t5v0__dffrnq_1)
                                              1.162751   data arrival time

                                  0.000000    0.000000   clock clk_i (rise edge)
                                  0.000000    0.000000   clock source latency
     1    0.033878    0.112179    0.057733    0.057733 ^ clk_i (in)
                                                         clk_i (net)
                      0.112185    0.000000    0.057733 ^ clkbuf_0_clk_i/I (gf180mcu_fd_sc_mcu7t5v0__clkbuf_16)
     4    0.095858    0.099343    0.186055    0.243788 ^ clkbuf_0_clk_i/Z (gf180mcu_fd_sc_mcu7t5v0__clkbuf_16)
                                                         clknet_0_clk_i (net)
                      0.099346    0.000952    0.244740 ^ clkbuf_2_2__f_clk_i/I (gf180mcu_fd_sc_mcu7t5v0__clkbuf_16)
     9    0.050749    0.074103    0.164115    0.408855 ^ clkbuf_2_2__f_clk_i/Z (gf180mcu_fd_sc_mcu7t5v0__clkbuf_16)
                                                         clknet_2_2__leaf_clk_i (net)
                      0.074104    0.000636    0.409491 ^ _304_/CLK (gf180mcu_fd_sc_mcu7t5v0__dffrnq_1)
                                  0.250000    0.659491   clock uncertainty
                                  0.000000    0.659491   clock reconvergence pessimism
                                  0.085047    0.744538   library hold time
                                              0.744538   data required time
---------------------------------------------------------------------------------------------
                                              0.744538   data required time
                                             -1.162751   data arrival time
---------------------------------------------------------------------------------------------
                                              0.418213   slack (MET)


Startpoint: _282_ (rising edge-triggered flip-flop clocked by clk_i)
Endpoint: _282_ (rising edge-triggered flip-flop clocked by clk_i)
Path Group: clk_i
Path Type: min

Fanout         Cap        Slew       Delay        Time   Description
---------------------------------------------------------------------------------------------
                                  0.000000    0.000000   clock clk_i (rise edge)
                                  0.000000    0.000000   clock source latency
     1    0.033878    0.112179    0.057733    0.057733 ^ clk_i (in)
                                                         clk_i (net)
                      0.112185    0.000000    0.057733 ^ clkbuf_0_clk_i/I (gf180mcu_fd_sc_mcu7t5v0__clkbuf_16)
     4    0.095858    0.099343    0.186055    0.243788 ^ clkbuf_0_clk_i/Z (gf180mcu_fd_sc_mcu7t5v0__clkbuf_16)
                                                         clknet_0_clk_i (net)
                      0.099345    0.000720    0.244508 ^ clkbuf_2_0__f_clk_i/I (gf180mcu_fd_sc_mcu7t5v0__clkbuf_16)
     8    0.039750    0.067950    0.159354    0.403862 ^ clkbuf_2_0__f_clk_i/Z (gf180mcu_fd_sc_mcu7t5v0__clkbuf_16)
                                                         clknet_2_0__leaf_clk_i (net)
                      0.067950    0.000296    0.404157 ^ _282_/CLK (gf180mcu_fd_sc_mcu7t5v0__dffsnq_1)
     2    0.010840    0.155071    0.497326    0.901484 ^ _282_/Q (gf180mcu_fd_sc_mcu7t5v0__dffsnq_1)
                                                         reg_data[1] (net)
                      0.155071    0.000160    0.901644 ^ _252_/I0 (gf180mcu_fd_sc_mcu7t5v0__mux2_2)
     1    0.003459    0.059851    0.170779    1.072423 ^ _252_/Z (gf180mcu_fd_sc_mcu7t5v0__mux2_2)
                                                         _022_ (net)
                      0.059851    0.000063    1.072486 ^ _282_/D (gf180mcu_fd_sc_mcu7t5v0__dffsnq_1)
                                              1.072486   data arrival time

                                  0.000000    0.000000   clock clk_i (rise edge)
                                  0.000000    0.000000   clock source latency
     1    0.033878    0.112179    0.057733    0.057733 ^ clk_i (in)
                                                         clk_i (net)
                      0.112185    0.000000    0.057733 ^ clkbuf_0_clk_i/I (gf180mcu_fd_sc_mcu7t5v0__clkbuf_16)
     4    0.095858    0.099343    0.186055    0.243788 ^ clkbuf_0_clk_i/Z (gf180mcu_fd_sc_mcu7t5v0__clkbuf_16)
                                                         clknet_0_clk_i (net)
                      0.099345    0.000720    0.244508 ^ clkbuf_2_0__f_clk_i/I (gf180mcu_fd_sc_mcu7t5v0__clkbuf_16)
     8    0.039750    0.067950    0.159354    0.403862 ^ clkbuf_2_0__f_clk_i/Z (gf180mcu_fd_sc_mcu7t5v0__clkbuf_16)
                                                         clknet_2_0__leaf_clk_i (net)
                      0.067950    0.000296    0.404157 ^ _282_/CLK (gf180mcu_fd_sc_mcu7t5v0__dffsnq_1)
                                  0.250000    0.654157   clock uncertainty
                                  0.000000    0.654157   clock reconvergence pessimism
                                 -0.002353    0.651804   library hold time
                                              0.651804   data required time
---------------------------------------------------------------------------------------------
                                              0.651804   data required time
                                             -1.072486   data arrival time
---------------------------------------------------------------------------------------------
                                              0.420682   slack (MET)


Startpoint: _285_ (rising edge-triggered flip-flop clocked by clk_i)
Endpoint: _285_ (rising edge-triggered flip-flop clocked by clk_i)
Path Group: clk_i
Path Type: min

Fanout         Cap        Slew       Delay        Time   Description
---------------------------------------------------------------------------------------------
                                  0.000000    0.000000   clock clk_i (rise edge)
                                  0.000000    0.000000   clock source latency
     1    0.033878    0.112179    0.057733    0.057733 ^ clk_i (in)
                                                         clk_i (net)
                      0.112185    0.000000    0.057733 ^ clkbuf_0_clk_i/I (gf180mcu_fd_sc_mcu7t5v0__clkbuf_16)
     4    0.095858    0.099343    0.186055    0.243788 ^ clkbuf_0_clk_i/Z (gf180mcu_fd_sc_mcu7t5v0__clkbuf_16)
                                                         clknet_0_clk_i (net)
                      0.099345    0.000720    0.244508 ^ clkbuf_2_0__f_clk_i/I (gf180mcu_fd_sc_mcu7t5v0__clkbuf_16)
     8    0.039750    0.067950    0.159354    0.403862 ^ clkbuf_2_0__f_clk_i/Z (gf180mcu_fd_sc_mcu7t5v0__clkbuf_16)
                                                         clknet_2_0__leaf_clk_i (net)
                      0.067951    0.000523    0.404385 ^ _285_/CLK (gf180mcu_fd_sc_mcu7t5v0__dffsnq_1)
     2    0.011263    0.159388    0.499943    0.904328 ^ _285_/Q (gf180mcu_fd_sc_mcu7t5v0__dffsnq_1)
                                                         reg_data[4] (net)
                      0.159388    0.000173    0.904501 ^ _258_/I0 (gf180mcu_fd_sc_mcu7t5v0__mux2_2)
     1    0.003757    0.061351    0.172334    1.076834 ^ _258_/Z (gf180mcu_fd_sc_mcu7t5v0__mux2_2)
                                                         _025_ (net)
                      0.061351    0.000069    1.076903 ^ _285_/D (gf180mcu_fd_sc_mcu7t5v0__dffsnq_1)
                                              1.076903   data arrival time

                                  0.000000    0.000000   clock clk_i (rise edge)
                                  0.000000    0.000000   clock source latency
     1    0.033878    0.112179    0.057733    0.057733 ^ clk_i (in)
                                                         clk_i (net)
                      0.112185    0.000000    0.057733 ^ clkbuf_0_clk_i/I (gf180mcu_fd_sc_mcu7t5v0__clkbuf_16)
     4    0.095858    0.099343    0.186055    0.243788 ^ clkbuf_0_clk_i/Z (gf180mcu_fd_sc_mcu7t5v0__clkbuf_16)
                                                         clknet_0_clk_i (net)
                      0.099345    0.000720    0.244508 ^ clkbuf_2_0__f_clk_i/I (gf180mcu_fd_sc_mcu7t5v0__clkbuf_16)
     8    0.039750    0.067950    0.159354    0.403862 ^ clkbuf_2_0__f_clk_i/Z (gf180mcu_fd_sc_mcu7t5v0__clkbuf_16)
                                                         clknet_2_0__leaf_clk_i (net)
                      0.067951    0.000523    0.404385 ^ _285_/CLK (gf180mcu_fd_sc_mcu7t5v0__dffsnq_1)
                                  0.250000    0.654385   clock uncertainty
                                  0.000000    0.654385   clock reconvergence pessimism
                                 -0.002586    0.651799   library hold time
                                              0.651799   data required time
---------------------------------------------------------------------------------------------
                                              0.651799   data required time
                                             -1.076903   data arrival time
---------------------------------------------------------------------------------------------
                                              0.425104   slack (MET)


Startpoint: _283_ (rising edge-triggered flip-flop clocked by clk_i)
Endpoint: _283_ (rising edge-triggered flip-flop clocked by clk_i)
Path Group: clk_i
Path Type: min

Fanout         Cap        Slew       Delay        Time   Description
---------------------------------------------------------------------------------------------
                                  0.000000    0.000000   clock clk_i (rise edge)
                                  0.000000    0.000000   clock source latency
     1    0.033878    0.112179    0.057733    0.057733 ^ clk_i (in)
                                                         clk_i (net)
                      0.112185    0.000000    0.057733 ^ clkbuf_0_clk_i/I (gf180mcu_fd_sc_mcu7t5v0__clkbuf_16)
     4    0.095858    0.099343    0.186055    0.243788 ^ clkbuf_0_clk_i/Z (gf180mcu_fd_sc_mcu7t5v0__clkbuf_16)
                                                         clknet_0_clk_i (net)
                      0.099345    0.000720    0.244508 ^ clkbuf_2_0__f_clk_i/I (gf180mcu_fd_sc_mcu7t5v0__clkbuf_16)
     8    0.039750    0.067950    0.159354    0.403862 ^ clkbuf_2_0__f_clk_i/Z (gf180mcu_fd_sc_mcu7t5v0__clkbuf_16)
                                                         clknet_2_0__leaf_clk_i (net)
                      0.067951    0.000508    0.404369 ^ _283_/CLK (gf180mcu_fd_sc_mcu7t5v0__dffsnq_1)
     2    0.011649    0.163341    0.502346    0.906715 ^ _283_/Q (gf180mcu_fd_sc_mcu7t5v0__dffsnq_1)
                                                         reg_data[2] (net)
                      0.163341    0.000149    0.906864 ^ _254_/I0 (gf180mcu_fd_sc_mcu7t5v0__mux2_2)
     1    0.003294    0.059027    0.170762    1.077625 ^ _254_/Z (gf180mcu_fd_sc_mcu7t5v0__mux2_2)
                                                         _023_ (net)
                      0.059027    0.000033    1.077658 ^ _283_/D (gf180mcu_fd_sc_mcu7t5v0__dffsnq_1)
                                              1.077658   data arrival time

                                  0.000000    0.000000   clock clk_i (rise edge)
                                  0.000000    0.000000   clock source latency
     1    0.033878    0.112179    0.057733    0.057733 ^ clk_i (in)
                                                         clk_i (net)
                      0.112185    0.000000    0.057733 ^ clkbuf_0_clk_i/I (gf180mcu_fd_sc_mcu7t5v0__clkbuf_16)
     4    0.095858    0.099343    0.186055    0.243788 ^ clkbuf_0_clk_i/Z (gf180mcu_fd_sc_mcu7t5v0__clkbuf_16)
                                                         clknet_0_clk_i (net)
                      0.099345    0.000720    0.244508 ^ clkbuf_2_0__f_clk_i/I (gf180mcu_fd_sc_mcu7t5v0__clkbuf_16)
     8    0.039750    0.067950    0.159354    0.403862 ^ clkbuf_2_0__f_clk_i/Z (gf180mcu_fd_sc_mcu7t5v0__clkbuf_16)
                                                         clknet_2_0__leaf_clk_i (net)
                      0.067951    0.000508    0.404369 ^ _283_/CLK (gf180mcu_fd_sc_mcu7t5v0__dffsnq_1)
                                  0.250000    0.654369   clock uncertainty
                                  0.000000    0.654369   clock reconvergence pessimism
                                 -0.002225    0.652145   library hold time
                                              0.652145   data required time
---------------------------------------------------------------------------------------------
                                              0.652145   data required time
                                             -1.077658   data arrival time
---------------------------------------------------------------------------------------------
                                              0.425514   slack (MET)


Startpoint: _287_ (rising edge-triggered flip-flop clocked by clk_i)
Endpoint: _287_ (rising edge-triggered flip-flop clocked by clk_i)
Path Group: clk_i
Path Type: min

Fanout         Cap        Slew       Delay        Time   Description
---------------------------------------------------------------------------------------------
                                  0.000000    0.000000   clock clk_i (rise edge)
                                  0.000000    0.000000   clock source latency
     1    0.033878    0.112179    0.057733    0.057733 ^ clk_i (in)
                                                         clk_i (net)
                      0.112185    0.000000    0.057733 ^ clkbuf_0_clk_i/I (gf180mcu_fd_sc_mcu7t5v0__clkbuf_16)
     4    0.095858    0.099343    0.186055    0.243788 ^ clkbuf_0_clk_i/Z (gf180mcu_fd_sc_mcu7t5v0__clkbuf_16)
                                                         clknet_0_clk_i (net)
                      0.099346    0.000962    0.244750 ^ clkbuf_2_1__f_clk_i/I (gf180mcu_fd_sc_mcu7t5v0__clkbuf_16)
     8    0.040523    0.068375    0.159625    0.404375 ^ clkbuf_2_1__f_clk_i/Z (gf180mcu_fd_sc_mcu7t5v0__clkbuf_16)
                                                         clknet_2_1__leaf_clk_i (net)
                      0.068379    0.000989    0.405365 ^ _287_/CLK (gf180mcu_fd_sc_mcu7t5v0__dffsnq_1)
     2    0.012047    0.167410    0.504891    0.910256 ^ _287_/Q (gf180mcu_fd_sc_mcu7t5v0__dffsnq_1)
                                                         reg_data[6] (net)
                      0.167410    0.000188    0.910443 ^ _264_/I0 (gf180mcu_fd_sc_mcu7t5v0__mux2_2)
     1    0.002978    0.057508    0.169795    1.080238 ^ _264_/Z (gf180mcu_fd_sc_mcu7t5v0__mux2_2)
                                                         _027_ (net)
                      0.057508    0.000028    1.080266 ^ _287_/D (gf180mcu_fd_sc_mcu7t5v0__dffsnq_1)
                                              1.080266   data arrival time

                                  0.000000    0.000000   clock clk_i (rise edge)
                                  0.000000    0.000000   clock source latency
     1    0.033878    0.112179    0.057733    0.057733 ^ clk_i (in)
                                                         clk_i (net)
                      0.112185    0.000000    0.057733 ^ clkbuf_0_clk_i/I (gf180mcu_fd_sc_mcu7t5v0__clkbuf_16)
     4    0.095858    0.099343    0.186055    0.243788 ^ clkbuf_0_clk_i/Z (gf180mcu_fd_sc_mcu7t5v0__clkbuf_16)
                                                         clknet_0_clk_i (net)
                      0.099346    0.000962    0.244750 ^ clkbuf_2_1__f_clk_i/I (gf180mcu_fd_sc_mcu7t5v0__clkbuf_16)
     8    0.040523    0.068375    0.159625    0.404375 ^ clkbuf_2_1__f_clk_i/Z (gf180mcu_fd_sc_mcu7t5v0__clkbuf_16)
                                                         clknet_2_1__leaf_clk_i (net)
                      0.068379    0.000989    0.405365 ^ _287_/CLK (gf180mcu_fd_sc_mcu7t5v0__dffsnq_1)
                                  0.250000    0.655365   clock uncertainty
                                  0.000000    0.655365   clock reconvergence pessimism
                                 -0.001879    0.653485   library hold time
                                              0.653485   data required time
---------------------------------------------------------------------------------------------
                                              0.653485   data required time
                                             -1.080266   data arrival time
---------------------------------------------------------------------------------------------
                                              0.426781   slack (MET)


Startpoint: _296_ (rising edge-triggered flip-flop clocked by clk_i)
Endpoint: _296_ (rising edge-triggered flip-flop clocked by clk_i)
Path Group: clk_i
Path Type: min

Fanout         Cap        Slew       Delay        Time   Description
---------------------------------------------------------------------------------------------
                                  0.000000    0.000000   clock clk_i (rise edge)
                                  0.000000    0.000000   clock source latency
     1    0.033878    0.112179    0.057733    0.057733 ^ clk_i (in)
                                                         clk_i (net)
                      0.112185    0.000000    0.057733 ^ clkbuf_0_clk_i/I (gf180mcu_fd_sc_mcu7t5v0__clkbuf_16)
     4    0.095858    0.099343    0.186055    0.243788 ^ clkbuf_0_clk_i/Z (gf180mcu_fd_sc_mcu7t5v0__clkbuf_16)
                                                         clknet_0_clk_i (net)
                      0.099345    0.000720    0.244508 ^ clkbuf_2_0__f_clk_i/I (gf180mcu_fd_sc_mcu7t5v0__clkbuf_16)
     8    0.039750    0.067950    0.159354    0.403862 ^ clkbuf_2_0__f_clk_i/Z (gf180mcu_fd_sc_mcu7t5v0__clkbuf_16)
                                                         clknet_2_0__leaf_clk_i (net)
                      0.067951    0.000505    0.404367 ^ _296_/CLK (gf180mcu_fd_sc_mcu7t5v0__dffrnq_1)
     4    0.023590    0.180857    0.512720    0.917087 v _296_/Q (gf180mcu_fd_sc_mcu7t5v0__dffrnq_1)
                                                         baud_cnt[3] (net)
                      0.180859    0.000345    0.917432 v _185_/A1 (gf180mcu_fd_sc_mcu7t5v0__nor2_1)
     1    0.004350    0.155184    0.134812    1.052244 ^ _185_/ZN (gf180mcu_fd_sc_mcu7t5v0__nor2_1)
                                                         _072_ (net)
                      0.155184    0.000041    1.052285 ^ _186_/A3 (gf180mcu_fd_sc_mcu7t5v0__nor3_1)
     1    0.004300    0.125338    0.115125    1.167410 v _186_/ZN (gf180mcu_fd_sc_mcu7t5v0__nor3_1)
                                                         _009_ (net)
                      0.125338    0.000046    1.167456 v _296_/D (gf180mcu_fd_sc_mcu7t5v0__dffrnq_1)
                                              1.167456   data arrival time

                                  0.000000    0.000000   clock clk_i (rise edge)
                                  0.000000    0.000000   clock source latency
     1    0.033878    0.112179    0.057733    0.057733 ^ clk_i (in)
                                                         clk_i (net)
                      0.112185    0.000000    0.057733 ^ clkbuf_0_clk_i/I (gf180mcu_fd_sc_mcu7t5v0__clkbuf_16)
     4    0.095858    0.099343    0.186055    0.243788 ^ clkbuf_0_clk_i/Z (gf180mcu_fd_sc_mcu7t5v0__clkbuf_16)
                                                         clknet_0_clk_i (net)
                      0.099345    0.000720    0.244508 ^ clkbuf_2_0__f_clk_i/I (gf180mcu_fd_sc_mcu7t5v0__clkbuf_16)
     8    0.039750    0.067950    0.159354    0.403862 ^ clkbuf_2_0__f_clk_i/Z (gf180mcu_fd_sc_mcu7t5v0__clkbuf_16)
                                                         clknet_2_0__leaf_clk_i (net)
                      0.067951    0.000505    0.404367 ^ _296_/CLK (gf180mcu_fd_sc_mcu7t5v0__dffrnq_1)
                                  0.250000    0.654367   clock uncertainty
                                  0.000000    0.654367   clock reconvergence pessimism
                                  0.083912    0.738279   library hold time
                                              0.738279   data required time
---------------------------------------------------------------------------------------------
                                              0.738279   data required time
                                             -1.167456   data arrival time
---------------------------------------------------------------------------------------------
                                              0.429177   slack (MET)


Startpoint: _284_ (rising edge-triggered flip-flop clocked by clk_i)
Endpoint: _284_ (rising edge-triggered flip-flop clocked by clk_i)
Path Group: clk_i
Path Type: min

Fanout         Cap        Slew       Delay        Time   Description
---------------------------------------------------------------------------------------------
                                  0.000000    0.000000   clock clk_i (rise edge)
                                  0.000000    0.000000   clock source latency
     1    0.033878    0.112179    0.057733    0.057733 ^ clk_i (in)
                                                         clk_i (net)
                      0.112185    0.000000    0.057733 ^ clkbuf_0_clk_i/I (gf180mcu_fd_sc_mcu7t5v0__clkbuf_16)
     4    0.095858    0.099343    0.186055    0.243788 ^ clkbuf_0_clk_i/Z (gf180mcu_fd_sc_mcu7t5v0__clkbuf_16)
                                                         clknet_0_clk_i (net)
                      0.099345    0.000720    0.244508 ^ clkbuf_2_0__f_clk_i/I (gf180mcu_fd_sc_mcu7t5v0__clkbuf_16)
     8    0.039750    0.067950    0.159354    0.403862 ^ clkbuf_2_0__f_clk_i/Z (gf180mcu_fd_sc_mcu7t5v0__clkbuf_16)
                                                         clknet_2_0__leaf_clk_i (net)
                      0.067951    0.000590    0.404452 ^ _284_/CLK (gf180mcu_fd_sc_mcu7t5v0__dffsnq_1)
     2    0.013802    0.185299    0.515635    0.920087 ^ _284_/Q (gf180mcu_fd_sc_mcu7t5v0__dffsnq_1)
                                                         reg_data[3] (net)
                      0.185299    0.000265    0.920351 ^ _256_/I0 (gf180mcu_fd_sc_mcu7t5v0__mux2_2)
     1    0.002986    0.057542    0.171227    1.091578 ^ _256_/Z (gf180mcu_fd_sc_mcu7t5v0__mux2_2)
                                                         _024_ (net)
                      0.057542    0.000028    1.091606 ^ _284_/D (gf180mcu_fd_sc_mcu7t5v0__dffsnq_1)
                                              1.091606   data arrival time

                                  0.000000    0.000000   clock clk_i (rise edge)
                                  0.000000    0.000000   clock source latency
     1    0.033878    0.112179    0.057733    0.057733 ^ clk_i (in)
                                                         clk_i (net)
                      0.112185    0.000000    0.057733 ^ clkbuf_0_clk_i/I (gf180mcu_fd_sc_mcu7t5v0__clkbuf_16)
     4    0.095858    0.099343    0.186055    0.243788 ^ clkbuf_0_clk_i/Z (gf180mcu_fd_sc_mcu7t5v0__clkbuf_16)
                                                         clknet_0_clk_i (net)
                      0.099345    0.000720    0.244508 ^ clkbuf_2_0__f_clk_i/I (gf180mcu_fd_sc_mcu7t5v0__clkbuf_16)
     8    0.039750    0.067950    0.159354    0.403862 ^ clkbuf_2_0__f_clk_i/Z (gf180mcu_fd_sc_mcu7t5v0__clkbuf_16)
                                                         clknet_2_0__leaf_clk_i (net)
                      0.067951    0.000590    0.404452 ^ _284_/CLK (gf180mcu_fd_sc_mcu7t5v0__dffsnq_1)
                                  0.250000    0.654452   clock uncertainty
                                  0.000000    0.654452   clock reconvergence pessimism
                                 -0.001993    0.652459   library hold time
                                              0.652459   data required time
---------------------------------------------------------------------------------------------
                                              0.652459   data required time
                                             -1.091606   data arrival time
---------------------------------------------------------------------------------------------
                                              0.439147   slack (MET)


Startpoint: _286_ (rising edge-triggered flip-flop clocked by clk_i)
Endpoint: _286_ (rising edge-triggered flip-flop clocked by clk_i)
Path Group: clk_i
Path Type: min

Fanout         Cap        Slew       Delay        Time   Description
---------------------------------------------------------------------------------------------
                                  0.000000    0.000000   clock clk_i (rise edge)
                                  0.000000    0.000000   clock source latency
     1    0.033878    0.112179    0.057733    0.057733 ^ clk_i (in)
                                                         clk_i (net)
                      0.112185    0.000000    0.057733 ^ clkbuf_0_clk_i/I (gf180mcu_fd_sc_mcu7t5v0__clkbuf_16)
     4    0.095858    0.099343    0.186055    0.243788 ^ clkbuf_0_clk_i/Z (gf180mcu_fd_sc_mcu7t5v0__clkbuf_16)
                                                         clknet_0_clk_i (net)
                      0.099346    0.000962    0.244750 ^ clkbuf_2_1__f_clk_i/I (gf180mcu_fd_sc_mcu7t5v0__clkbuf_16)
     8    0.040523    0.068375    0.159625    0.404375 ^ clkbuf_2_1__f_clk_i/Z (gf180mcu_fd_sc_mcu7t5v0__clkbuf_16)
                                                         clknet_2_1__leaf_clk_i (net)
                      0.068378    0.000907    0.405282 ^ _286_/CLK (gf180mcu_fd_sc_mcu7t5v0__dffsnq_1)
     2    0.013804    0.185417    0.515765    0.921047 ^ _286_/Q (gf180mcu_fd_sc_mcu7t5v0__dffsnq_1)
                                                         reg_data[5] (net)
                      0.185417    0.000127    0.921174 ^ _260_/I0 (gf180mcu_fd_sc_mcu7t5v0__mux2_2)
     1    0.003859    0.061865    0.174793    1.095968 ^ _260_/Z (gf180mcu_fd_sc_mcu7t5v0__mux2_2)
                                                         _026_ (net)
                      0.061865    0.000073    1.096040 ^ _286_/D (gf180mcu_fd_sc_mcu7t5v0__dffsnq_1)
                                              1.096040   data arrival time

                                  0.000000    0.000000   clock clk_i (rise edge)
                                  0.000000    0.000000   clock source latency
     1    0.033878    0.112179    0.057733    0.057733 ^ clk_i (in)
                                                         clk_i (net)
                      0.112185    0.000000    0.057733 ^ clkbuf_0_clk_i/I (gf180mcu_fd_sc_mcu7t5v0__clkbuf_16)
     4    0.095858    0.099343    0.186055    0.243788 ^ clkbuf_0_clk_i/Z (gf180mcu_fd_sc_mcu7t5v0__clkbuf_16)
                                                         clknet_0_clk_i (net)
                      0.099346    0.000962    0.244750 ^ clkbuf_2_1__f_clk_i/I (gf180mcu_fd_sc_mcu7t5v0__clkbuf_16)
     8    0.040523    0.068375    0.159625    0.404375 ^ clkbuf_2_1__f_clk_i/Z (gf180mcu_fd_sc_mcu7t5v0__clkbuf_16)
                                                         clknet_2_1__leaf_clk_i (net)
                      0.068378    0.000907    0.405282 ^ _286_/CLK (gf180mcu_fd_sc_mcu7t5v0__dffsnq_1)
                                  0.250000    0.655282   clock uncertainty
                                  0.000000    0.655282   clock reconvergence pessimism
                                 -0.002557    0.652725   library hold time
                                              0.652725   data required time
---------------------------------------------------------------------------------------------
                                              0.652725   data required time
                                             -1.096040   data arrival time
---------------------------------------------------------------------------------------------
                                              0.443316   slack (MET)


Startpoint: _302_ (rising edge-triggered flip-flop clocked by clk_i)
Endpoint: _302_ (rising edge-triggered flip-flop clocked by clk_i)
Path Group: clk_i
Path Type: min

Fanout         Cap        Slew       Delay        Time   Description
---------------------------------------------------------------------------------------------
                                  0.000000    0.000000   clock clk_i (rise edge)
                                  0.000000    0.000000   clock source latency
     1    0.033878    0.112179    0.057733    0.057733 ^ clk_i (in)
                                                         clk_i (net)
                      0.112185    0.000000    0.057733 ^ clkbuf_0_clk_i/I (gf180mcu_fd_sc_mcu7t5v0__clkbuf_16)
     4    0.095858    0.099343    0.186055    0.243788 ^ clkbuf_0_clk_i/Z (gf180mcu_fd_sc_mcu7t5v0__clkbuf_16)
                                                         clknet_0_clk_i (net)
                      0.099346    0.000952    0.244740 ^ clkbuf_2_2__f_clk_i/I (gf180mcu_fd_sc_mcu7t5v0__clkbuf_16)
     9    0.050749    0.074103    0.164115    0.408855 ^ clkbuf_2_2__f_clk_i/Z (gf180mcu_fd_sc_mcu7t5v0__clkbuf_16)
                                                         clknet_2_2__leaf_clk_i (net)
                      0.074105    0.000641    0.409497 ^ _302_/CLK (gf180mcu_fd_sc_mcu7t5v0__dffrnq_1)
     4    0.024684    0.187435    0.518384    0.927880 v _302_/Q (gf180mcu_fd_sc_mcu7t5v0__dffrnq_1)
                                                         baud_cnt[9] (net)
                      0.187436    0.000361    0.928241 v _202_/B (gf180mcu_fd_sc_mcu7t5v0__aoi21_1)
     1    0.005848    0.179382    0.148312    1.076553 ^ _202_/ZN (gf180mcu_fd_sc_mcu7t5v0__aoi21_1)
                                                         _083_ (net)
                      0.179382    0.000118    1.076672 ^ _203_/A3 (gf180mcu_fd_sc_mcu7t5v0__nor3_1)
     1    0.003410    0.140650    0.112641    1.189312 v _203_/ZN (gf180mcu_fd_sc_mcu7t5v0__nor3_1)
                                                         _015_ (net)
                      0.140650    0.000033    1.189345 v _302_/D (gf180mcu_fd_sc_mcu7t5v0__dffrnq_1)
                                              1.189345   data arrival time

                                  0.000000    0.000000   clock clk_i (rise edge)
                                  0.000000    0.000000   clock source latency
     1    0.033878    0.112179    0.057733    0.057733 ^ clk_i (in)
                                                         clk_i (net)
                      0.112185    0.000000    0.057733 ^ clkbuf_0_clk_i/I (gf180mcu_fd_sc_mcu7t5v0__clkbuf_16)
     4    0.095858    0.099343    0.186055    0.243788 ^ clkbuf_0_clk_i/Z (gf180mcu_fd_sc_mcu7t5v0__clkbuf_16)
                                                         clknet_0_clk_i (net)
                      0.099346    0.000952    0.244740 ^ clkbuf_2_2__f_clk_i/I (gf180mcu_fd_sc_mcu7t5v0__clkbuf_16)
     9    0.050749    0.074103    0.164115    0.408855 ^ clkbuf_2_2__f_clk_i/Z (gf180mcu_fd_sc_mcu7t5v0__clkbuf_16)
                                                         clknet_2_2__leaf_clk_i (net)
                      0.074105    0.000641    0.409497 ^ _302_/CLK (gf180mcu_fd_sc_mcu7t5v0__dffrnq_1)
                                  0.250000    0.659496   clock uncertainty
                                  0.000000    0.659496   clock reconvergence pessimism
                                  0.082100    0.741596   library hold time
                                              0.741596   data required time
---------------------------------------------------------------------------------------------
                                              0.741596   data required time
                                             -1.189345   data arrival time
---------------------------------------------------------------------------------------------
                                              0.447749   slack (MET)


Startpoint: _305_ (rising edge-triggered flip-flop clocked by clk_i)
Endpoint: _305_ (rising edge-triggered flip-flop clocked by clk_i)
Path Group: clk_i
Path Type: min

Fanout         Cap        Slew       Delay        Time   Description
---------------------------------------------------------------------------------------------
                                  0.000000    0.000000   clock clk_i (rise edge)
                                  0.000000    0.000000   clock source latency
     1    0.033878    0.112179    0.057733    0.057733 ^ clk_i (in)
                                                         clk_i (net)
                      0.112185    0.000000    0.057733 ^ clkbuf_0_clk_i/I (gf180mcu_fd_sc_mcu7t5v0__clkbuf_16)
     4    0.095858    0.099343    0.186055    0.243788 ^ clkbuf_0_clk_i/Z (gf180mcu_fd_sc_mcu7t5v0__clkbuf_16)
                                                         clknet_0_clk_i (net)
                      0.099346    0.000952    0.244740 ^ clkbuf_2_2__f_clk_i/I (gf180mcu_fd_sc_mcu7t5v0__clkbuf_16)
     9    0.050749    0.074103    0.164115    0.408855 ^ clkbuf_2_2__f_clk_i/Z (gf180mcu_fd_sc_mcu7t5v0__clkbuf_16)
                                                         clknet_2_2__leaf_clk_i (net)
                      0.074103    0.000279    0.409134 ^ _305_/CLK (gf180mcu_fd_sc_mcu7t5v0__dffrnq_1)
     4    0.025280    0.191018    0.520862    0.929996 v _305_/Q (gf180mcu_fd_sc_mcu7t5v0__dffrnq_1)
                                                         baud_cnt[12] (net)
                      0.191020    0.000368    0.930364 v _211_/A1 (gf180mcu_fd_sc_mcu7t5v0__xnor2_1)
     1    0.004976    0.177912    0.174200    1.104564 ^ _211_/ZN (gf180mcu_fd_sc_mcu7t5v0__xnor2_1)
                                                         _089_ (net)
                      0.177912    0.000051    1.104615 ^ _212_/A2 (gf180mcu_fd_sc_mcu7t5v0__nor2_1)
     1    0.004204    0.112398    0.091998    1.196613 v _212_/ZN (gf180mcu_fd_sc_mcu7t5v0__nor2_1)
                                                         _003_ (net)
                      0.112398    0.000047    1.196660 v _305_/D (gf180mcu_fd_sc_mcu7t5v0__dffrnq_1)
                                              1.196660   data arrival time

                                  0.000000    0.000000   clock clk_i (rise edge)
                                  0.000000    0.000000   clock source latency
     1    0.033878    0.112179    0.057733    0.057733 ^ clk_i (in)
                                                         clk_i (net)
                      0.112185    0.000000    0.057733 ^ clkbuf_0_clk_i/I (gf180mcu_fd_sc_mcu7t5v0__clkbuf_16)
     4    0.095858    0.099343    0.186055    0.243788 ^ clkbuf_0_clk_i/Z (gf180mcu_fd_sc_mcu7t5v0__clkbuf_16)
                                                         clknet_0_clk_i (net)
                      0.099346    0.000952    0.244740 ^ clkbuf_2_2__f_clk_i/I (gf180mcu_fd_sc_mcu7t5v0__clkbuf_16)
     9    0.050749    0.074103    0.164115    0.408855 ^ clkbuf_2_2__f_clk_i/Z (gf180mcu_fd_sc_mcu7t5v0__clkbuf_16)
                                                         clknet_2_2__leaf_clk_i (net)
                      0.074103    0.000279    0.409134 ^ _305_/CLK (gf180mcu_fd_sc_mcu7t5v0__dffrnq_1)
                                  0.250000    0.659134   clock uncertainty
                                  0.000000    0.659134   clock reconvergence pessimism
                                  0.087675    0.746809   library hold time
                                              0.746809   data required time
---------------------------------------------------------------------------------------------
                                              0.746809   data required time
                                             -1.196660   data arrival time
---------------------------------------------------------------------------------------------
                                              0.449851   slack (MET)


Startpoint: _307_ (rising edge-triggered flip-flop clocked by clk_i)
Endpoint: _307_ (rising edge-triggered flip-flop clocked by clk_i)
Path Group: clk_i
Path Type: min

Fanout         Cap        Slew       Delay        Time   Description
---------------------------------------------------------------------------------------------
                                  0.000000    0.000000   clock clk_i (rise edge)
                                  0.000000    0.000000   clock source latency
     1    0.033878    0.112179    0.057733    0.057733 ^ clk_i (in)
                                                         clk_i (net)
                      0.112185    0.000000    0.057733 ^ clkbuf_0_clk_i/I (gf180mcu_fd_sc_mcu7t5v0__clkbuf_16)
     4    0.095858    0.099343    0.186055    0.243788 ^ clkbuf_0_clk_i/Z (gf180mcu_fd_sc_mcu7t5v0__clkbuf_16)
                                                         clknet_0_clk_i (net)
                      0.099346    0.000940    0.244728 ^ clkbuf_2_3__f_clk_i/I (gf180mcu_fd_sc_mcu7t5v0__clkbuf_16)
     9    0.043609    0.070122    0.161095    0.405823 ^ clkbuf_2_3__f_clk_i/Z (gf180mcu_fd_sc_mcu7t5v0__clkbuf_16)
                                                         clknet_2_3__leaf_clk_i (net)
                      0.070123    0.000366    0.406189 ^ _307_/CLK (gf180mcu_fd_sc_mcu7t5v0__dffrnq_1)
     5    0.032940    0.388343    0.715400    1.121589 ^ _307_/Q (gf180mcu_fd_sc_mcu7t5v0__dffrnq_1)
                                                         baud_cnt[14] (net)
                      0.388346    0.000602    1.122190 ^ _217_/A1 (gf180mcu_fd_sc_mcu7t5v0__aoi21_1)
     1    0.003842    0.129276    0.078033    1.200223 v _217_/ZN (gf180mcu_fd_sc_mcu7t5v0__aoi21_1)
                                                         _005_ (net)
                      0.129276    0.000039    1.200261 v _307_/D (gf180mcu_fd_sc_mcu7t5v0__dffrnq_1)
                                              1.200261   data arrival time

                                  0.000000    0.000000   clock clk_i (rise edge)
                                  0.000000    0.000000   clock source latency
     1    0.033878    0.112179    0.057733    0.057733 ^ clk_i (in)
                                                         clk_i (net)
                      0.112185    0.000000    0.057733 ^ clkbuf_0_clk_i/I (gf180mcu_fd_sc_mcu7t5v0__clkbuf_16)
     4    0.095858    0.099343    0.186055    0.243788 ^ clkbuf_0_clk_i/Z (gf180mcu_fd_sc_mcu7t5v0__clkbuf_16)
                                                         clknet_0_clk_i (net)
                      0.099346    0.000940    0.244728 ^ clkbuf_2_3__f_clk_i/I (gf180mcu_fd_sc_mcu7t5v0__clkbuf_16)
     9    0.043609    0.070122    0.161095    0.405823 ^ clkbuf_2_3__f_clk_i/Z (gf180mcu_fd_sc_mcu7t5v0__clkbuf_16)
                                                         clknet_2_3__leaf_clk_i (net)
                      0.070123    0.000366    0.406189 ^ _307_/CLK (gf180mcu_fd_sc_mcu7t5v0__dffrnq_1)
                                  0.250000    0.656189   clock uncertainty
                                  0.000000    0.656189   clock reconvergence pessimism
                                  0.083583    0.739772   library hold time
                                              0.739772   data required time
---------------------------------------------------------------------------------------------
                                              0.739772   data required time
                                             -1.200261   data arrival time
---------------------------------------------------------------------------------------------
                                              0.460489   slack (MET)


Startpoint: _294_ (rising edge-triggered flip-flop clocked by clk_i)
Endpoint: _294_ (rising edge-triggered flip-flop clocked by clk_i)
Path Group: clk_i
Path Type: min

Fanout         Cap        Slew       Delay        Time   Description
---------------------------------------------------------------------------------------------
                                  0.000000    0.000000   clock clk_i (rise edge)
                                  0.000000    0.000000   clock source latency
     1    0.033878    0.112179    0.057733    0.057733 ^ clk_i (in)
                                                         clk_i (net)
                      0.112185    0.000000    0.057733 ^ clkbuf_0_clk_i/I (gf180mcu_fd_sc_mcu7t5v0__clkbuf_16)
     4    0.095858    0.099343    0.186055    0.243788 ^ clkbuf_0_clk_i/Z (gf180mcu_fd_sc_mcu7t5v0__clkbuf_16)
                                                         clknet_0_clk_i (net)
                      0.099346    0.000940    0.244728 ^ clkbuf_2_3__f_clk_i/I (gf180mcu_fd_sc_mcu7t5v0__clkbuf_16)
     9    0.043609    0.070122    0.161095    0.405823 ^ clkbuf_2_3__f_clk_i/Z (gf180mcu_fd_sc_mcu7t5v0__clkbuf_16)
                                                         clknet_2_3__leaf_clk_i (net)
                      0.070123    0.000375    0.406198 ^ _294_/CLK (gf180mcu_fd_sc_mcu7t5v0__dffrnq_1)
     5    0.029570    0.216803    0.537654    0.943852 v _294_/Q (gf180mcu_fd_sc_mcu7t5v0__dffrnq_1)
                                                         baud_cnt[1] (net)
                      0.216804    0.000228    0.944080 v _178_/A2 (gf180mcu_fd_sc_mcu7t5v0__xnor2_1)
     1    0.004580    0.171677    0.175531    1.119611 ^ _178_/ZN (gf180mcu_fd_sc_mcu7t5v0__xnor2_1)
                                                         _067_ (net)
                      0.171677    0.000045    1.119656 ^ _179_/A2 (gf180mcu_fd_sc_mcu7t5v0__nor2_1)
     1    0.004795    0.115178    0.095215    1.214870 v _179_/ZN (gf180mcu_fd_sc_mcu7t5v0__nor2_1)
                                                         _007_ (net)
                      0.115178    0.000096    1.214966 v _294_/D (gf180mcu_fd_sc_mcu7t5v0__dffrnq_1)
                                              1.214966   data arrival time

                                  0.000000    0.000000   clock clk_i (rise edge)
                                  0.000000    0.000000   clock source latency
     1    0.033878    0.112179    0.057733    0.057733 ^ clk_i (in)
                                                         clk_i (net)
                      0.112185    0.000000    0.057733 ^ clkbuf_0_clk_i/I (gf180mcu_fd_sc_mcu7t5v0__clkbuf_16)
     4    0.095858    0.099343    0.186055    0.243788 ^ clkbuf_0_clk_i/Z (gf180mcu_fd_sc_mcu7t5v0__clkbuf_16)
                                                         clknet_0_clk_i (net)
                      0.099346    0.000940    0.244728 ^ clkbuf_2_3__f_clk_i/I (gf180mcu_fd_sc_mcu7t5v0__clkbuf_16)
     9    0.043609    0.070122    0.161095    0.405823 ^ clkbuf_2_3__f_clk_i/Z (gf180mcu_fd_sc_mcu7t5v0__clkbuf_16)
                                                         clknet_2_3__leaf_clk_i (net)
                      0.070123    0.000375    0.406198 ^ _294_/CLK (gf180mcu_fd_sc_mcu7t5v0__dffrnq_1)
                                  0.250000    0.656198   clock uncertainty
                                  0.000000    0.656198   clock reconvergence pessimism
                                  0.086290    0.742488   library hold time
                                              0.742488   data required time
---------------------------------------------------------------------------------------------
                                              0.742488   data required time
                                             -1.214966   data arrival time
---------------------------------------------------------------------------------------------
                                              0.472478   slack (MET)


Startpoint: _297_ (rising edge-triggered flip-flop clocked by clk_i)
Endpoint: _297_ (rising edge-triggered flip-flop clocked by clk_i)
Path Group: clk_i
Path Type: min

Fanout         Cap        Slew       Delay        Time   Description
---------------------------------------------------------------------------------------------
                                  0.000000    0.000000   clock clk_i (rise edge)
                                  0.000000    0.000000   clock source latency
     1    0.033878    0.112179    0.057733    0.057733 ^ clk_i (in)
                                                         clk_i (net)
                      0.112185    0.000000    0.057733 ^ clkbuf_0_clk_i/I (gf180mcu_fd_sc_mcu7t5v0__clkbuf_16)
     4    0.095858    0.099343    0.186055    0.243788 ^ clkbuf_0_clk_i/Z (gf180mcu_fd_sc_mcu7t5v0__clkbuf_16)
                                                         clknet_0_clk_i (net)
                      0.099346    0.000952    0.244740 ^ clkbuf_2_2__f_clk_i/I (gf180mcu_fd_sc_mcu7t5v0__clkbuf_16)
     9    0.050749    0.074103    0.164115    0.408855 ^ clkbuf_2_2__f_clk_i/Z (gf180mcu_fd_sc_mcu7t5v0__clkbuf_16)
                                                         clknet_2_2__leaf_clk_i (net)
                      0.074103    0.000378    0.409233 ^ _297_/CLK (gf180mcu_fd_sc_mcu7t5v0__dffrnq_1)
     4    0.032723    0.235807    0.550892    0.960125 v _297_/Q (gf180mcu_fd_sc_mcu7t5v0__dffrnq_1)
                                                         baud_cnt[4] (net)
                      0.235809    0.000502    0.960627 v _187_/A1 (gf180mcu_fd_sc_mcu7t5v0__xor2_1)
     1    0.005339    0.186485    0.171752    1.132379 ^ _187_/Z (gf180mcu_fd_sc_mcu7t5v0__xor2_1)
                                                         _073_ (net)
                      0.186485    0.000059    1.132438 ^ _188_/A2 (gf180mcu_fd_sc_mcu7t5v0__nor2_1)
     1    0.003740    0.111334    0.089869    1.222307 v _188_/ZN (gf180mcu_fd_sc_mcu7t5v0__nor2_1)
                                                         _010_ (net)
                      0.111334    0.000037    1.222344 v _297_/D (gf180mcu_fd_sc_mcu7t5v0__dffrnq_1)
                                              1.222344   data arrival time

                                  0.000000    0.000000   clock clk_i (rise edge)
                                  0.000000    0.000000   clock source latency
     1    0.033878    0.112179    0.057733    0.057733 ^ clk_i (in)
                                                         clk_i (net)
                      0.112185    0.000000    0.057733 ^ clkbuf_0_clk_i/I (gf180mcu_fd_sc_mcu7t5v0__clkbuf_16)
     4    0.095858    0.099343    0.186055    0.243788 ^ clkbuf_0_clk_i/Z (gf180mcu_fd_sc_mcu7t5v0__clkbuf_16)
                                                         clknet_0_clk_i (net)
                      0.099346    0.000952    0.244740 ^ clkbuf_2_2__f_clk_i/I (gf180mcu_fd_sc_mcu7t5v0__clkbuf_16)
     9    0.050749    0.074103    0.164115    0.408855 ^ clkbuf_2_2__f_clk_i/Z (gf180mcu_fd_sc_mcu7t5v0__clkbuf_16)
                                                         clknet_2_2__leaf_clk_i (net)
                      0.074103    0.000378    0.409233 ^ _297_/CLK (gf180mcu_fd_sc_mcu7t5v0__dffrnq_1)
                                  0.250000    0.659233   clock uncertainty
                                  0.000000    0.659233   clock reconvergence pessimism
                                  0.087886    0.747119   library hold time
                                              0.747119   data required time
---------------------------------------------------------------------------------------------
                                              0.747119   data required time
                                             -1.222344   data arrival time
---------------------------------------------------------------------------------------------
                                              0.475226   slack (MET)


Startpoint: _288_ (rising edge-triggered flip-flop clocked by clk_i)
Endpoint: _288_ (rising edge-triggered flip-flop clocked by clk_i)
Path Group: clk_i
Path Type: min

Fanout         Cap        Slew       Delay        Time   Description
---------------------------------------------------------------------------------------------
                                  0.000000    0.000000   clock clk_i (rise edge)
                                  0.000000    0.000000   clock source latency
     1    0.033878    0.112179    0.057733    0.057733 ^ clk_i (in)
                                                         clk_i (net)
                      0.112185    0.000000    0.057733 ^ clkbuf_0_clk_i/I (gf180mcu_fd_sc_mcu7t5v0__clkbuf_16)
     4    0.095858    0.099343    0.186055    0.243788 ^ clkbuf_0_clk_i/Z (gf180mcu_fd_sc_mcu7t5v0__clkbuf_16)
                                                         clknet_0_clk_i (net)
                      0.099346    0.000962    0.244750 ^ clkbuf_2_1__f_clk_i/I (gf180mcu_fd_sc_mcu7t5v0__clkbuf_16)
     8    0.040523    0.068375    0.159625    0.404375 ^ clkbuf_2_1__f_clk_i/Z (gf180mcu_fd_sc_mcu7t5v0__clkbuf_16)
                                                         clknet_2_1__leaf_clk_i (net)
                      0.068378    0.000815    0.405190 ^ _288_/CLK (gf180mcu_fd_sc_mcu7t5v0__dffsnq_1)
     1    0.005272    0.084252    0.474834    0.880024 v _288_/Q (gf180mcu_fd_sc_mcu7t5v0__dffsnq_1)
                                                         reg_data[7] (net)
                      0.084252    0.000061    0.880084 v _261_/B (gf180mcu_fd_sc_mcu7t5v0__aoi21_1)
     2    0.014473    0.282522    0.196290    1.076374 ^ _261_/ZN (gf180mcu_fd_sc_mcu7t5v0__aoi21_1)
                                                         _125_ (net)
                      0.282522    0.000247    1.076621 ^ _266_/A2 (gf180mcu_fd_sc_mcu7t5v0__aoi21_1)
     1    0.003848    0.110737    0.070099    1.146720 v _266_/ZN (gf180mcu_fd_sc_mcu7t5v0__aoi21_1)
                                                         _028_ (net)
                      0.110737    0.000074    1.146794 v _288_/D (gf180mcu_fd_sc_mcu7t5v0__dffsnq_1)
                                              1.146794   data arrival time

                                  0.000000    0.000000   clock clk_i (rise edge)
                                  0.000000    0.000000   clock source latency
     1    0.033878    0.112179    0.057733    0.057733 ^ clk_i (in)
                                                         clk_i (net)
                      0.112185    0.000000    0.057733 ^ clkbuf_0_clk_i/I (gf180mcu_fd_sc_mcu7t5v0__clkbuf_16)
     4    0.095858    0.099343    0.186055    0.243788 ^ clkbuf_0_clk_i/Z (gf180mcu_fd_sc_mcu7t5v0__clkbuf_16)
                                                         clknet_0_clk_i (net)
                      0.099346    0.000962    0.244750 ^ clkbuf_2_1__f_clk_i/I (gf180mcu_fd_sc_mcu7t5v0__clkbuf_16)
     8    0.040523    0.068375    0.159625    0.404375 ^ clkbuf_2_1__f_clk_i/Z (gf180mcu_fd_sc_mcu7t5v0__clkbuf_16)
                                                         clknet_2_1__leaf_clk_i (net)
                      0.068378    0.000815    0.405190 ^ _288_/CLK (gf180mcu_fd_sc_mcu7t5v0__dffsnq_1)
                                  0.250000    0.655190   clock uncertainty
                                  0.000000    0.655190   clock reconvergence pessimism
                                  0.016310    0.671500   library hold time
                                              0.671500   data required time
---------------------------------------------------------------------------------------------
                                              0.671500   data required time
                                             -1.146794   data arrival time
---------------------------------------------------------------------------------------------
                                              0.475294   slack (MET)


Startpoint: _303_ (rising edge-triggered flip-flop clocked by clk_i)
Endpoint: _303_ (rising edge-triggered flip-flop clocked by clk_i)
Path Group: clk_i
Path Type: min

Fanout         Cap        Slew       Delay        Time   Description
---------------------------------------------------------------------------------------------
                                  0.000000    0.000000   clock clk_i (rise edge)
                                  0.000000    0.000000   clock source latency
     1    0.033878    0.112179    0.057733    0.057733 ^ clk_i (in)
                                                         clk_i (net)
                      0.112185    0.000000    0.057733 ^ clkbuf_0_clk_i/I (gf180mcu_fd_sc_mcu7t5v0__clkbuf_16)
     4    0.095858    0.099343    0.186055    0.243788 ^ clkbuf_0_clk_i/Z (gf180mcu_fd_sc_mcu7t5v0__clkbuf_16)
                                                         clknet_0_clk_i (net)
                      0.099346    0.000952    0.244740 ^ clkbuf_2_2__f_clk_i/I (gf180mcu_fd_sc_mcu7t5v0__clkbuf_16)
     9    0.050749    0.074103    0.164115    0.408855 ^ clkbuf_2_2__f_clk_i/Z (gf180mcu_fd_sc_mcu7t5v0__clkbuf_16)
                                                         clknet_2_2__leaf_clk_i (net)
                      0.074104    0.000469    0.409324 ^ _303_/CLK (gf180mcu_fd_sc_mcu7t5v0__dffrnq_1)
     5    0.031136    0.226252    0.544662    0.953986 v _303_/Q (gf180mcu_fd_sc_mcu7t5v0__dffrnq_1)
                                                         baud_cnt[10] (net)
                      0.226253    0.000441    0.954427 v _204_/A1 (gf180mcu_fd_sc_mcu7t5v0__nor2_1)
     1    0.005379    0.176568    0.159362    1.113789 ^ _204_/ZN (gf180mcu_fd_sc_mcu7t5v0__nor2_1)
                                                         _084_ (net)
                      0.176568    0.000105    1.113893 ^ _206_/A2 (gf180mcu_fd_sc_mcu7t5v0__nor3_1)
     1    0.004132    0.126727    0.108927    1.222820 v _206_/ZN (gf180mcu_fd_sc_mcu7t5v0__nor3_1)
                                                         _001_ (net)
                      0.126727    0.000079    1.222899 v _303_/D (gf180mcu_fd_sc_mcu7t5v0__dffrnq_1)
                                              1.222899   data arrival time

                                  0.000000    0.000000   clock clk_i (rise edge)
                                  0.000000    0.000000   clock source latency
     1    0.033878    0.112179    0.057733    0.057733 ^ clk_i (in)
                                                         clk_i (net)
                      0.112185    0.000000    0.057733 ^ clkbuf_0_clk_i/I (gf180mcu_fd_sc_mcu7t5v0__clkbuf_16)
     4    0.095858    0.099343    0.186055    0.243788 ^ clkbuf_0_clk_i/Z (gf180mcu_fd_sc_mcu7t5v0__clkbuf_16)
                                                         clknet_0_clk_i (net)
                      0.099346    0.000952    0.244740 ^ clkbuf_2_2__f_clk_i/I (gf180mcu_fd_sc_mcu7t5v0__clkbuf_16)
     9    0.050749    0.074103    0.164115    0.408855 ^ clkbuf_2_2__f_clk_i/Z (gf180mcu_fd_sc_mcu7t5v0__clkbuf_16)
                                                         clknet_2_2__leaf_clk_i (net)
                      0.074104    0.000469    0.409324 ^ _303_/CLK (gf180mcu_fd_sc_mcu7t5v0__dffrnq_1)
                                  0.250000    0.659324   clock uncertainty
                                  0.000000    0.659324   clock reconvergence pessimism
                                  0.084848    0.744172   library hold time
                                              0.744172   data required time
---------------------------------------------------------------------------------------------
                                              0.744172   data required time
                                             -1.222899   data arrival time
---------------------------------------------------------------------------------------------
                                              0.478727   slack (MET)


Startpoint: _299_ (rising edge-triggered flip-flop clocked by clk_i)
Endpoint: _299_ (rising edge-triggered flip-flop clocked by clk_i)
Path Group: clk_i
Path Type: min

Fanout         Cap        Slew       Delay        Time   Description
---------------------------------------------------------------------------------------------
                                  0.000000    0.000000   clock clk_i (rise edge)
                                  0.000000    0.000000   clock source latency
     1    0.033878    0.112179    0.057733    0.057733 ^ clk_i (in)
                                                         clk_i (net)
                      0.112185    0.000000    0.057733 ^ clkbuf_0_clk_i/I (gf180mcu_fd_sc_mcu7t5v0__clkbuf_16)
     4    0.095858    0.099343    0.186055    0.243788 ^ clkbuf_0_clk_i/Z (gf180mcu_fd_sc_mcu7t5v0__clkbuf_16)
                                                         clknet_0_clk_i (net)
                      0.099345    0.000720    0.244508 ^ clkbuf_2_0__f_clk_i/I (gf180mcu_fd_sc_mcu7t5v0__clkbuf_16)
     8    0.039750    0.067950    0.159354    0.403862 ^ clkbuf_2_0__f_clk_i/Z (gf180mcu_fd_sc_mcu7t5v0__clkbuf_16)
                                                         clknet_2_0__leaf_clk_i (net)
                      0.067952    0.000838    0.404700 ^ _299_/CLK (gf180mcu_fd_sc_mcu7t5v0__dffrnq_1)
     4    0.029488    0.216205    0.536482    0.941181 v _299_/Q (gf180mcu_fd_sc_mcu7t5v0__dffrnq_1)
                                                         baud_cnt[6] (net)
                      0.216210    0.000677    0.941858 v _193_/A1 (gf180mcu_fd_sc_mcu7t5v0__xnor2_1)
     1    0.005262    0.180179    0.185183    1.127041 ^ _193_/ZN (gf180mcu_fd_sc_mcu7t5v0__xnor2_1)
                                                         _077_ (net)
                      0.180179    0.000057    1.127099 ^ _194_/A2 (gf180mcu_fd_sc_mcu7t5v0__nor2_1)
     1    0.005257    0.120916    0.099481    1.226580 v _194_/ZN (gf180mcu_fd_sc_mcu7t5v0__nor2_1)
                                                         _012_ (net)
                      0.120916    0.000106    1.226686 v _299_/D (gf180mcu_fd_sc_mcu7t5v0__dffrnq_1)
                                              1.226686   data arrival time

                                  0.000000    0.000000   clock clk_i (rise edge)
                                  0.000000    0.000000   clock source latency
     1    0.033878    0.112179    0.057733    0.057733 ^ clk_i (in)
                                                         clk_i (net)
                      0.112185    0.000000    0.057733 ^ clkbuf_0_clk_i/I (gf180mcu_fd_sc_mcu7t5v0__clkbuf_16)
     4    0.095858    0.099343    0.186055    0.243788 ^ clkbuf_0_clk_i/Z (gf180mcu_fd_sc_mcu7t5v0__clkbuf_16)
                                                         clknet_0_clk_i (net)
                      0.099345    0.000720    0.244508 ^ clkbuf_2_0__f_clk_i/I (gf180mcu_fd_sc_mcu7t5v0__clkbuf_16)
     8    0.039750    0.067950    0.159354    0.403862 ^ clkbuf_2_0__f_clk_i/Z (gf180mcu_fd_sc_mcu7t5v0__clkbuf_16)
                                                         clknet_2_0__leaf_clk_i (net)
                      0.067952    0.000838    0.404700 ^ _299_/CLK (gf180mcu_fd_sc_mcu7t5v0__dffrnq_1)
                                  0.250000    0.654700   clock uncertainty
                                  0.000000    0.654700   clock reconvergence pessimism
                                  0.084749    0.739448   library hold time
                                              0.739448   data required time
---------------------------------------------------------------------------------------------
                                              0.739448   data required time
                                             -1.226686   data arrival time
---------------------------------------------------------------------------------------------
                                              0.487238   slack (MET)


Startpoint: _301_ (rising edge-triggered flip-flop clocked by clk_i)
Endpoint: _301_ (rising edge-triggered flip-flop clocked by clk_i)
Path Group: clk_i
Path Type: min

Fanout         Cap        Slew       Delay        Time   Description
---------------------------------------------------------------------------------------------
                                  0.000000    0.000000   clock clk_i (rise edge)
                                  0.000000    0.000000   clock source latency
     1    0.033878    0.112179    0.057733    0.057733 ^ clk_i (in)
                                                         clk_i (net)
                      0.112185    0.000000    0.057733 ^ clkbuf_0_clk_i/I (gf180mcu_fd_sc_mcu7t5v0__clkbuf_16)
     4    0.095858    0.099343    0.186055    0.243788 ^ clkbuf_0_clk_i/Z (gf180mcu_fd_sc_mcu7t5v0__clkbuf_16)
                                                         clknet_0_clk_i (net)
                      0.099346    0.000952    0.244740 ^ clkbuf_2_2__f_clk_i/I (gf180mcu_fd_sc_mcu7t5v0__clkbuf_16)
     9    0.050749    0.074103    0.164115    0.408855 ^ clkbuf_2_2__f_clk_i/Z (gf180mcu_fd_sc_mcu7t5v0__clkbuf_16)
                                                         clknet_2_2__leaf_clk_i (net)
                      0.074105    0.000654    0.409509 ^ _301_/CLK (gf180mcu_fd_sc_mcu7t5v0__dffrnq_1)
     5    0.033325    0.239505    0.553671    0.963180 v _301_/Q (gf180mcu_fd_sc_mcu7t5v0__dffrnq_1)
                                                         baud_cnt[8] (net)
                      0.239506    0.000440    0.963620 v _199_/A1 (gf180mcu_fd_sc_mcu7t5v0__xnor2_1)
     1    0.004947    0.175648    0.189075    1.152696 ^ _199_/ZN (gf180mcu_fd_sc_mcu7t5v0__xnor2_1)
                                                         _081_ (net)
                      0.175648    0.000051    1.152746 ^ _200_/A2 (gf180mcu_fd_sc_mcu7t5v0__nor2_1)
     1    0.003482    0.106525    0.086681    1.239428 v _200_/ZN (gf180mcu_fd_sc_mcu7t5v0__nor2_1)
                                                         _014_ (net)
                      0.106525    0.000034    1.239462 v _301_/D (gf180mcu_fd_sc_mcu7t5v0__dffrnq_1)
                                              1.239462   data arrival time

                                  0.000000    0.000000   clock clk_i (rise edge)
                                  0.000000    0.000000   clock source latency
     1    0.033878    0.112179    0.057733    0.057733 ^ clk_i (in)
                                                         clk_i (net)
                      0.112185    0.000000    0.057733 ^ clkbuf_0_clk_i/I (gf180mcu_fd_sc_mcu7t5v0__clkbuf_16)
     4    0.095858    0.099343    0.186055    0.243788 ^ clkbuf_0_clk_i/Z (gf180mcu_fd_sc_mcu7t5v0__clkbuf_16)
                                                         clknet_0_clk_i (net)
                      0.099346    0.000952    0.244740 ^ clkbuf_2_2__f_clk_i/I (gf180mcu_fd_sc_mcu7t5v0__clkbuf_16)
     9    0.050749    0.074103    0.164115    0.408855 ^ clkbuf_2_2__f_clk_i/Z (gf180mcu_fd_sc_mcu7t5v0__clkbuf_16)
                                                         clknet_2_2__leaf_clk_i (net)
                      0.074105    0.000654    0.409509 ^ _301_/CLK (gf180mcu_fd_sc_mcu7t5v0__dffrnq_1)
                                  0.250000    0.659509   clock uncertainty
                                  0.000000    0.659509   clock reconvergence pessimism
                                  0.088835    0.748344   library hold time
                                              0.748344   data required time
---------------------------------------------------------------------------------------------
                                              0.748344   data required time
                                             -1.239462   data arrival time
---------------------------------------------------------------------------------------------
                                              0.491118   slack (MET)


Startpoint: _281_ (rising edge-triggered flip-flop clocked by clk_i)
Endpoint: _281_ (rising edge-triggered flip-flop clocked by clk_i)
Path Group: clk_i
Path Type: min

Fanout         Cap        Slew       Delay        Time   Description
---------------------------------------------------------------------------------------------
                                  0.000000    0.000000   clock clk_i (rise edge)
                                  0.000000    0.000000   clock source latency
     1    0.033878    0.112179    0.057733    0.057733 ^ clk_i (in)
                                                         clk_i (net)
                      0.112185    0.000000    0.057733 ^ clkbuf_0_clk_i/I (gf180mcu_fd_sc_mcu7t5v0__clkbuf_16)
     4    0.095858    0.099343    0.186055    0.243788 ^ clkbuf_0_clk_i/Z (gf180mcu_fd_sc_mcu7t5v0__clkbuf_16)
                                                         clknet_0_clk_i (net)
                      0.099346    0.000962    0.244750 ^ clkbuf_2_1__f_clk_i/I (gf180mcu_fd_sc_mcu7t5v0__clkbuf_16)
     8    0.040523    0.068375    0.159625    0.404375 ^ clkbuf_2_1__f_clk_i/Z (gf180mcu_fd_sc_mcu7t5v0__clkbuf_16)
                                                         clknet_2_1__leaf_clk_i (net)
                      0.068376    0.000617    0.404992 ^ _281_/CLK (gf180mcu_fd_sc_mcu7t5v0__dffsnq_1)
     3    0.021009    0.259498    0.560428    0.965420 ^ _281_/Q (gf180mcu_fd_sc_mcu7t5v0__dffsnq_1)
                                                         reg_data[0] (net)
                      0.259498    0.000163    0.965583 ^ _250_/I0 (gf180mcu_fd_sc_mcu7t5v0__mux2_2)
     1    0.004041    0.062805    0.180823    1.146407 ^ _250_/Z (gf180mcu_fd_sc_mcu7t5v0__mux2_2)
                                                         _021_ (net)
                      0.062805    0.000045    1.146452 ^ _281_/D (gf180mcu_fd_sc_mcu7t5v0__dffsnq_1)
                                              1.146452   data arrival time

                                  0.000000    0.000000   clock clk_i (rise edge)
                                  0.000000    0.000000   clock source latency
     1    0.033878    0.112179    0.057733    0.057733 ^ clk_i (in)
                                                         clk_i (net)
                      0.112185    0.000000    0.057733 ^ clkbuf_0_clk_i/I (gf180mcu_fd_sc_mcu7t5v0__clkbuf_16)
     4    0.095858    0.099343    0.186055    0.243788 ^ clkbuf_0_clk_i/Z (gf180mcu_fd_sc_mcu7t5v0__clkbuf_16)
                                                         clknet_0_clk_i (net)
                      0.099346    0.000962    0.244750 ^ clkbuf_2_1__f_clk_i/I (gf180mcu_fd_sc_mcu7t5v0__clkbuf_16)
     8    0.040523    0.068375    0.159625    0.404375 ^ clkbuf_2_1__f_clk_i/Z (gf180mcu_fd_sc_mcu7t5v0__clkbuf_16)
                                                         clknet_2_1__leaf_clk_i (net)
                      0.068376    0.000617    0.404992 ^ _281_/CLK (gf180mcu_fd_sc_mcu7t5v0__dffsnq_1)
                                  0.250000    0.654992   clock uncertainty
                                  0.000000    0.654992   clock reconvergence pessimism
                                 -0.002703    0.652288   library hold time
                                              0.652288   data required time
---------------------------------------------------------------------------------------------
                                              0.652288   data required time
                                             -1.146452   data arrival time
---------------------------------------------------------------------------------------------
                                              0.494163   slack (MET)


Startpoint: _293_ (rising edge-triggered flip-flop clocked by clk_i)
Endpoint: _293_ (rising edge-triggered flip-flop clocked by clk_i)
Path Group: clk_i
Path Type: min

Fanout         Cap        Slew       Delay        Time   Description
---------------------------------------------------------------------------------------------
                                  0.000000    0.000000   clock clk_i (rise edge)
                                  0.000000    0.000000   clock source latency
     1    0.033878    0.112179    0.057733    0.057733 ^ clk_i (in)
                                                         clk_i (net)
                      0.112185    0.000000    0.057733 ^ clkbuf_0_clk_i/I (gf180mcu_fd_sc_mcu7t5v0__clkbuf_16)
     4    0.095858    0.099343    0.186055    0.243788 ^ clkbuf_0_clk_i/Z (gf180mcu_fd_sc_mcu7t5v0__clkbuf_16)
                                                         clknet_0_clk_i (net)
                      0.099345    0.000720    0.244508 ^ clkbuf_2_0__f_clk_i/I (gf180mcu_fd_sc_mcu7t5v0__clkbuf_16)
     8    0.039750    0.067950    0.159354    0.403862 ^ clkbuf_2_0__f_clk_i/Z (gf180mcu_fd_sc_mcu7t5v0__clkbuf_16)
                                                         clknet_2_0__leaf_clk_i (net)
                      0.067952    0.000767    0.404629 ^ _293_/CLK (gf180mcu_fd_sc_mcu7t5v0__dffrnq_1)
     6    0.040416    0.466133    0.761593    1.166221 ^ _293_/Q (gf180mcu_fd_sc_mcu7t5v0__dffrnq_1)
                                                         baud_cnt[0] (net)
                      0.466135    0.000615    1.166837 ^ _177_/A1 (gf180mcu_fd_sc_mcu7t5v0__nor2_1)
     1    0.003635    0.148140    0.073713    1.240549 v _177_/ZN (gf180mcu_fd_sc_mcu7t5v0__nor2_1)
                                                         _000_ (net)
                      0.148140    0.000036    1.240585 v _293_/D (gf180mcu_fd_sc_mcu7t5v0__dffrnq_1)
                                              1.240585   data arrival time

                                  0.000000    0.000000   clock clk_i (rise edge)
                                  0.000000    0.000000   clock source latency
     1    0.033878    0.112179    0.057733    0.057733 ^ clk_i (in)
                                                         clk_i (net)
                      0.112185    0.000000    0.057733 ^ clkbuf_0_clk_i/I (gf180mcu_fd_sc_mcu7t5v0__clkbuf_16)
     4    0.095858    0.099343    0.186055    0.243788 ^ clkbuf_0_clk_i/Z (gf180mcu_fd_sc_mcu7t5v0__clkbuf_16)
                                                         clknet_0_clk_i (net)
                      0.099345    0.000720    0.244508 ^ clkbuf_2_0__f_clk_i/I (gf180mcu_fd_sc_mcu7t5v0__clkbuf_16)
     8    0.039750    0.067950    0.159354    0.403862 ^ clkbuf_2_0__f_clk_i/Z (gf180mcu_fd_sc_mcu7t5v0__clkbuf_16)
                                                         clknet_2_0__leaf_clk_i (net)
                      0.067952    0.000767    0.404629 ^ _293_/CLK (gf180mcu_fd_sc_mcu7t5v0__dffrnq_1)
                                  0.250000    0.654629   clock uncertainty
                                  0.000000    0.654629   clock reconvergence pessimism
                                  0.079602    0.734231   library hold time
                                              0.734231   data required time
---------------------------------------------------------------------------------------------
                                              0.734231   data required time
                                             -1.240585   data arrival time
---------------------------------------------------------------------------------------------
                                              0.506354   slack (MET)


Startpoint: _278_ (rising edge-triggered flip-flop clocked by clk_i)
Endpoint: _278_ (rising edge-triggered flip-flop clocked by clk_i)
Path Group: clk_i
Path Type: min

Fanout         Cap        Slew       Delay        Time   Description
---------------------------------------------------------------------------------------------
                                  0.000000    0.000000   clock clk_i (rise edge)
                                  0.000000    0.000000   clock source latency
     1    0.033878    0.112179    0.057733    0.057733 ^ clk_i (in)
                                                         clk_i (net)
                      0.112185    0.000000    0.057733 ^ clkbuf_0_clk_i/I (gf180mcu_fd_sc_mcu7t5v0__clkbuf_16)
     4    0.095858    0.099343    0.186055    0.243788 ^ clkbuf_0_clk_i/Z (gf180mcu_fd_sc_mcu7t5v0__clkbuf_16)
                                                         clknet_0_clk_i (net)
                      0.099346    0.000940    0.244728 ^ clkbuf_2_3__f_clk_i/I (gf180mcu_fd_sc_mcu7t5v0__clkbuf_16)
     9    0.043609    0.070122    0.161095    0.405823 ^ clkbuf_2_3__f_clk_i/Z (gf180mcu_fd_sc_mcu7t5v0__clkbuf_16)
                                                         clknet_2_3__leaf_clk_i (net)
                      0.070123    0.000221    0.406044 ^ _278_/CLK (gf180mcu_fd_sc_mcu7t5v0__dffrnq_1)
     8    0.045886    0.318342    0.602984    1.009027 v _278_/Q (gf180mcu_fd_sc_mcu7t5v0__dffrnq_1)
                                                         CS[0] (net)
                      0.318344    0.000473    1.009500 v _226_/A1 (gf180mcu_fd_sc_mcu7t5v0__nand2_1)
     1    0.006297    0.151519    0.155167    1.164667 ^ _226_/ZN (gf180mcu_fd_sc_mcu7t5v0__nand2_1)
                                                         _099_ (net)
                      0.151519    0.000072    1.164740 ^ _239_/A1 (gf180mcu_fd_sc_mcu7t5v0__aoi21_1)
     1    0.006903    0.109554    0.092757    1.257497 v _239_/ZN (gf180mcu_fd_sc_mcu7t5v0__aoi21_1)
                                                         _018_ (net)
                      0.109554    0.000158    1.257654 v _278_/D (gf180mcu_fd_sc_mcu7t5v0__dffrnq_1)
                                              1.257654   data arrival time

                                  0.000000    0.000000   clock clk_i (rise edge)
                                  0.000000    0.000000   clock source latency
     1    0.033878    0.112179    0.057733    0.057733 ^ clk_i (in)
                                                         clk_i (net)
                      0.112185    0.000000    0.057733 ^ clkbuf_0_clk_i/I (gf180mcu_fd_sc_mcu7t5v0__clkbuf_16)
     4    0.095858    0.099343    0.186055    0.243788 ^ clkbuf_0_clk_i/Z (gf180mcu_fd_sc_mcu7t5v0__clkbuf_16)
                                                         clknet_0_clk_i (net)
                      0.099346    0.000940    0.244728 ^ clkbuf_2_3__f_clk_i/I (gf180mcu_fd_sc_mcu7t5v0__clkbuf_16)
     9    0.043609    0.070122    0.161095    0.405823 ^ clkbuf_2_3__f_clk_i/Z (gf180mcu_fd_sc_mcu7t5v0__clkbuf_16)
                                                         clknet_2_3__leaf_clk_i (net)
                      0.070123    0.000221    0.406044 ^ _278_/CLK (gf180mcu_fd_sc_mcu7t5v0__dffrnq_1)
                                  0.250000    0.656044   clock uncertainty
                                  0.000000    0.656044   clock reconvergence pessimism
                                  0.087369    0.743413   library hold time
                                              0.743413   data required time
---------------------------------------------------------------------------------------------
                                              0.743413   data required time
                                             -1.257654   data arrival time
---------------------------------------------------------------------------------------------
                                              0.514241   slack (MET)


Startpoint: _289_ (rising edge-triggered flip-flop clocked by clk_i)
Endpoint: _289_ (rising edge-triggered flip-flop clocked by clk_i)
Path Group: clk_i
Path Type: min

Fanout         Cap        Slew       Delay        Time   Description
---------------------------------------------------------------------------------------------
                                  0.000000    0.000000   clock clk_i (rise edge)
                                  0.000000    0.000000   clock source latency
     1    0.033878    0.112179    0.057733    0.057733 ^ clk_i (in)
                                                         clk_i (net)
                      0.112185    0.000000    0.057733 ^ clkbuf_0_clk_i/I (gf180mcu_fd_sc_mcu7t5v0__clkbuf_16)
     4    0.095858    0.099343    0.186055    0.243788 ^ clkbuf_0_clk_i/Z (gf180mcu_fd_sc_mcu7t5v0__clkbuf_16)
                                                         clknet_0_clk_i (net)
                      0.099346    0.000962    0.244750 ^ clkbuf_2_1__f_clk_i/I (gf180mcu_fd_sc_mcu7t5v0__clkbuf_16)
     8    0.040523    0.068375    0.159625    0.404375 ^ clkbuf_2_1__f_clk_i/Z (gf180mcu_fd_sc_mcu7t5v0__clkbuf_16)
                                                         clknet_2_1__leaf_clk_i (net)
                      0.068375    0.000204    0.404579 ^ _289_/CLK (gf180mcu_fd_sc_mcu7t5v0__dffrnq_1)
     1    0.005597    0.077709    0.432537    0.837116 v _289_/Q (gf180mcu_fd_sc_mcu7t5v0__dffrnq_1)
                                                         reg_bit_count[0] (net)
                      0.077709    0.000110    0.837226 v _142_/I (gf180mcu_fd_sc_mcu7t5v0__clkinv_1)
     5    0.028989    0.335409    0.221192    1.058418 ^ _142_/ZN (gf180mcu_fd_sc_mcu7t5v0__clkinv_1)
                                                         _035_ (net)
                      0.335413    0.000670    1.059088 ^ _267_/S (gf180mcu_fd_sc_mcu7t5v0__mux2_2)
     1    0.004396    0.064200    0.186799    1.245887 ^ _267_/Z (gf180mcu_fd_sc_mcu7t5v0__mux2_2)
                                                         _129_ (net)
                      0.064200    0.000081    1.245968 ^ _268_/I (gf180mcu_fd_sc_mcu7t5v0__clkinv_1)
     1    0.003614    0.065128    0.059239    1.305207 v _268_/ZN (gf180mcu_fd_sc_mcu7t5v0__clkinv_1)
                                                         _029_ (net)
                      0.065128    0.000036    1.305243 v _289_/D (gf180mcu_fd_sc_mcu7t5v0__dffrnq_1)
                                              1.305243   data arrival time

                                  0.000000    0.000000   clock clk_i (rise edge)
                                  0.000000    0.000000   clock source latency
     1    0.033878    0.112179    0.057733    0.057733 ^ clk_i (in)
                                                         clk_i (net)
                      0.112185    0.000000    0.057733 ^ clkbuf_0_clk_i/I (gf180mcu_fd_sc_mcu7t5v0__clkbuf_16)
     4    0.095858    0.099343    0.186055    0.243788 ^ clkbuf_0_clk_i/Z (gf180mcu_fd_sc_mcu7t5v0__clkbuf_16)
                                                         clknet_0_clk_i (net)
                      0.099346    0.000962    0.244750 ^ clkbuf_2_1__f_clk_i/I (gf180mcu_fd_sc_mcu7t5v0__clkbuf_16)
     8    0.040523    0.068375    0.159625    0.404375 ^ clkbuf_2_1__f_clk_i/Z (gf180mcu_fd_sc_mcu7t5v0__clkbuf_16)
                                                         clknet_2_1__leaf_clk_i (net)
                      0.068375    0.000204    0.404579 ^ _289_/CLK (gf180mcu_fd_sc_mcu7t5v0__dffrnq_1)
                                  0.250000    0.654579   clock uncertainty
                                  0.000000    0.654579   clock reconvergence pessimism
                                  0.095965    0.750544   library hold time
                                              0.750544   data required time
---------------------------------------------------------------------------------------------
                                              0.750544   data required time
                                             -1.305243   data arrival time
---------------------------------------------------------------------------------------------
                                              0.554699   slack (MET)


Startpoint: _279_ (rising edge-triggered flip-flop clocked by clk_i)
Endpoint: _279_ (rising edge-triggered flip-flop clocked by clk_i)
Path Group: clk_i
Path Type: min

Fanout         Cap        Slew       Delay        Time   Description
---------------------------------------------------------------------------------------------
                                  0.000000    0.000000   clock clk_i (rise edge)
                                  0.000000    0.000000   clock source latency
     1    0.033878    0.112179    0.057733    0.057733 ^ clk_i (in)
                                                         clk_i (net)
                      0.112185    0.000000    0.057733 ^ clkbuf_0_clk_i/I (gf180mcu_fd_sc_mcu7t5v0__clkbuf_16)
     4    0.095858    0.099343    0.186055    0.243788 ^ clkbuf_0_clk_i/Z (gf180mcu_fd_sc_mcu7t5v0__clkbuf_16)
                                                         clknet_0_clk_i (net)
                      0.099346    0.000940    0.244728 ^ clkbuf_2_3__f_clk_i/I (gf180mcu_fd_sc_mcu7t5v0__clkbuf_16)
     9    0.043609    0.070122    0.161095    0.405823 ^ clkbuf_2_3__f_clk_i/Z (gf180mcu_fd_sc_mcu7t5v0__clkbuf_16)
                                                         clknet_2_3__leaf_clk_i (net)
                      0.070122    0.000084    0.405907 ^ _279_/CLK (gf180mcu_fd_sc_mcu7t5v0__dffrnq_1)
     7    0.039880    0.280126    0.578996    0.984903 v _279_/Q (gf180mcu_fd_sc_mcu7t5v0__dffrnq_1)
                                                         CS[1] (net)
                      0.280133    0.000810    0.985712 v _140_/I (gf180mcu_fd_sc_mcu7t5v0__clkinv_1)
     5    0.029526    0.350050    0.278250    1.263962 ^ _140_/ZN (gf180mcu_fd_sc_mcu7t5v0__clkinv_1)
                                                         _033_ (net)
                      0.350052    0.000509    1.264471 ^ _241_/A1 (gf180mcu_fd_sc_mcu7t5v0__aoi211_1)
     1    0.004271    0.108908    0.101897    1.366369 v _241_/ZN (gf180mcu_fd_sc_mcu7t5v0__aoi211_1)
                                                         _019_ (net)
                      0.108908    0.000080    1.366449 v _279_/D (gf180mcu_fd_sc_mcu7t5v0__dffrnq_1)
                                              1.366449   data arrival time

                                  0.000000    0.000000   clock clk_i (rise edge)
                                  0.000000    0.000000   clock source latency
     1    0.033878    0.112179    0.057733    0.057733 ^ clk_i (in)
                                                         clk_i (net)
                      0.112185    0.000000    0.057733 ^ clkbuf_0_clk_i/I (gf180mcu_fd_sc_mcu7t5v0__clkbuf_16)
     4    0.095858    0.099343    0.186055    0.243788 ^ clkbuf_0_clk_i/Z (gf180mcu_fd_sc_mcu7t5v0__clkbuf_16)
                                                         clknet_0_clk_i (net)
                      0.099346    0.000940    0.244728 ^ clkbuf_2_3__f_clk_i/I (gf180mcu_fd_sc_mcu7t5v0__clkbuf_16)
     9    0.043609    0.070122    0.161095    0.405823 ^ clkbuf_2_3__f_clk_i/Z (gf180mcu_fd_sc_mcu7t5v0__clkbuf_16)
                                                         clknet_2_3__leaf_clk_i (net)
                      0.070122    0.000084    0.405907 ^ _279_/CLK (gf180mcu_fd_sc_mcu7t5v0__dffrnq_1)
                                  0.250000    0.655907   clock uncertainty
                                  0.000000    0.655907   clock reconvergence pessimism
                                  0.087493    0.743400   library hold time
                                              0.743400   data required time
---------------------------------------------------------------------------------------------
                                              0.743400   data required time
                                             -1.366449   data arrival time
---------------------------------------------------------------------------------------------
                                              0.623049   slack (MET)


Startpoint: _280_ (rising edge-triggered flip-flop clocked by clk_i)
Endpoint: _280_ (rising edge-triggered flip-flop clocked by clk_i)
Path Group: clk_i
Path Type: min

Fanout         Cap        Slew       Delay        Time   Description
---------------------------------------------------------------------------------------------
                                  0.000000    0.000000   clock clk_i (rise edge)
                                  0.000000    0.000000   clock source latency
     1    0.033878    0.112179    0.057733    0.057733 ^ clk_i (in)
                                                         clk_i (net)
                      0.112185    0.000000    0.057733 ^ clkbuf_0_clk_i/I (gf180mcu_fd_sc_mcu7t5v0__clkbuf_16)
     4    0.095858    0.099343    0.186055    0.243788 ^ clkbuf_0_clk_i/Z (gf180mcu_fd_sc_mcu7t5v0__clkbuf_16)
                                                         clknet_0_clk_i (net)
                      0.099346    0.000940    0.244728 ^ clkbuf_2_3__f_clk_i/I (gf180mcu_fd_sc_mcu7t5v0__clkbuf_16)
     9    0.043609    0.070122    0.161095    0.405823 ^ clkbuf_2_3__f_clk_i/Z (gf180mcu_fd_sc_mcu7t5v0__clkbuf_16)
                                                         clknet_2_3__leaf_clk_i (net)
                      0.070123    0.000136    0.405959 ^ _280_/CLK (gf180mcu_fd_sc_mcu7t5v0__dffrnq_1)
     9    0.054339    0.371992    0.635814    1.041773 v _280_/Q (gf180mcu_fd_sc_mcu7t5v0__dffrnq_1)
                                                         CS[2] (net)
                      0.372004    0.001214    1.042987 v _138_/I (gf180mcu_fd_sc_mcu7t5v0__clkinv_1)
     3    0.017104    0.250057    0.224873    1.267860 ^ _138_/ZN (gf180mcu_fd_sc_mcu7t5v0__clkinv_1)
                                                         _136_ (net)
                      0.250057    0.000209    1.268070 ^ _244_/A1 (gf180mcu_fd_sc_mcu7t5v0__aoi211_1)
     1    0.004378    0.109877    0.100637    1.368706 v _244_/ZN (gf180mcu_fd_sc_mcu7t5v0__aoi211_1)
                                                         _020_ (net)
                      0.109877    0.000082    1.368789 v _280_/D (gf180mcu_fd_sc_mcu7t5v0__dffrnq_1)
                                              1.368789   data arrival time

                                  0.000000    0.000000   clock clk_i (rise edge)
                                  0.000000    0.000000   clock source latency
     1    0.033878    0.112179    0.057733    0.057733 ^ clk_i (in)
                                                         clk_i (net)
                      0.112185    0.000000    0.057733 ^ clkbuf_0_clk_i/I (gf180mcu_fd_sc_mcu7t5v0__clkbuf_16)
     4    0.095858    0.099343    0.186055    0.243788 ^ clkbuf_0_clk_i/Z (gf180mcu_fd_sc_mcu7t5v0__clkbuf_16)
                                                         clknet_0_clk_i (net)
                      0.099346    0.000940    0.244728 ^ clkbuf_2_3__f_clk_i/I (gf180mcu_fd_sc_mcu7t5v0__clkbuf_16)
     9    0.043609    0.070122    0.161095    0.405823 ^ clkbuf_2_3__f_clk_i/Z (gf180mcu_fd_sc_mcu7t5v0__clkbuf_16)
                                                         clknet_2_3__leaf_clk_i (net)
                      0.070123    0.000136    0.405959 ^ _280_/CLK (gf180mcu_fd_sc_mcu7t5v0__dffrnq_1)
                                  0.250000    0.655959   clock uncertainty
                                  0.000000    0.655959   clock reconvergence pessimism
                                  0.087307    0.743267   library hold time
                                              0.743267   data required time
---------------------------------------------------------------------------------------------
                                              0.743267   data required time
                                             -1.368789   data arrival time
---------------------------------------------------------------------------------------------
                                              0.625522   slack (MET)


Startpoint: _279_ (rising edge-triggered flip-flop clocked by clk_i)
Endpoint: _309_ (rising edge-triggered flip-flop clocked by clk_i)
Path Group: clk_i
Path Type: min

Fanout         Cap        Slew       Delay        Time   Description
---------------------------------------------------------------------------------------------
                                  0.000000    0.000000   clock clk_i (rise edge)
                                  0.000000    0.000000   clock source latency
     1    0.033878    0.112179    0.057733    0.057733 ^ clk_i (in)
                                                         clk_i (net)
                      0.112185    0.000000    0.057733 ^ clkbuf_0_clk_i/I (gf180mcu_fd_sc_mcu7t5v0__clkbuf_16)
     4    0.095858    0.099343    0.186055    0.243788 ^ clkbuf_0_clk_i/Z (gf180mcu_fd_sc_mcu7t5v0__clkbuf_16)
                                                         clknet_0_clk_i (net)
                      0.099346    0.000940    0.244728 ^ clkbuf_2_3__f_clk_i/I (gf180mcu_fd_sc_mcu7t5v0__clkbuf_16)
     9    0.043609    0.070122    0.161095    0.405823 ^ clkbuf_2_3__f_clk_i/Z (gf180mcu_fd_sc_mcu7t5v0__clkbuf_16)
                                                         clknet_2_3__leaf_clk_i (net)
                      0.070122    0.000084    0.405907 ^ _279_/CLK (gf180mcu_fd_sc_mcu7t5v0__dffrnq_1)
     7    0.039880    0.460399    0.758501    1.164407 ^ _279_/Q (gf180mcu_fd_sc_mcu7t5v0__dffrnq_1)
                                                         CS[1] (net)
                      0.460408    0.001144    1.165551 ^ _150_/A2 (gf180mcu_fd_sc_mcu7t5v0__aoi21_1)
     3    0.017481    0.246346    0.164224    1.329776 v _150_/ZN (gf180mcu_fd_sc_mcu7t5v0__aoi21_1)
                                                         _042_ (net)
                      0.246346    0.000334    1.330109 v _174_/A1 (gf180mcu_fd_sc_mcu7t5v0__and2_1)
     1    0.003406    0.069313    0.197783    1.527892 v _174_/Z (gf180mcu_fd_sc_mcu7t5v0__and2_1)
                                                         _016_ (net)
                      0.069313    0.000032    1.527925 v _309_/D (gf180mcu_fd_sc_mcu7t5v0__dffrnq_1)
                                              1.527925   data arrival time

                                  0.000000    0.000000   clock clk_i (rise edge)
                                  0.000000    0.000000   clock source latency
     1    0.033878    0.112179    0.057733    0.057733 ^ clk_i (in)
                                                         clk_i (net)
                      0.112185    0.000000    0.057733 ^ clkbuf_0_clk_i/I (gf180mcu_fd_sc_mcu7t5v0__clkbuf_16)
     4    0.095858    0.099343    0.186055    0.243788 ^ clkbuf_0_clk_i/Z (gf180mcu_fd_sc_mcu7t5v0__clkbuf_16)
                                                         clknet_0_clk_i (net)
                      0.099346    0.000940    0.244728 ^ clkbuf_2_3__f_clk_i/I (gf180mcu_fd_sc_mcu7t5v0__clkbuf_16)
     9    0.043609    0.070122    0.161095    0.405823 ^ clkbuf_2_3__f_clk_i/Z (gf180mcu_fd_sc_mcu7t5v0__clkbuf_16)
                                                         clknet_2_3__leaf_clk_i (net)
                      0.070123    0.000346    0.406169 ^ _309_/CLK (gf180mcu_fd_sc_mcu7t5v0__dffrnq_1)
                                  0.250000    0.656169   clock uncertainty
                                  0.000000    0.656169   clock reconvergence pessimism
                                  0.095469    0.751638   library hold time
                                              0.751638   data required time
---------------------------------------------------------------------------------------------
                                              0.751638   data required time
                                             -1.527925   data arrival time
---------------------------------------------------------------------------------------------
                                              0.776286   slack (MET)


Startpoint: rstn_i (input port clocked by clk_i)
Endpoint: _307_ (removal check against rising-edge clock clk_i)
Path Group: asynchronous
Path Type: min

Fanout         Cap        Slew       Delay        Time   Description
---------------------------------------------------------------------------------------------
                                  0.000000    0.000000   clock clk_i (rise edge)
                                  0.000000    0.000000   clock network delay (propagated)
                                  4.000000    4.000000 ^ input external delay
     1    0.004458    0.078398    0.029999    4.029999 ^ rstn_i (in)
                                                         rstn_i (net)
                      0.078398    0.000000    4.029999 ^ input22/I (gf180mcu_fd_sc_mcu7t5v0__dlyb_1)
     1    0.004361    0.098908    0.519573    4.549572 ^ input22/Z (gf180mcu_fd_sc_mcu7t5v0__dlyb_1)
                                                         net22 (net)
                      0.098908    0.000049    4.549620 ^ fanout46/I (gf180mcu_fd_sc_mcu7t5v0__dlyb_1)
     7    0.066696    0.742139    0.911421    5.461041 ^ fanout46/Z (gf180mcu_fd_sc_mcu7t5v0__dlyb_1)
                                                         net46 (net)
                      0.742153    0.001821    5.462862 ^ _307_/RN (gf180mcu_fd_sc_mcu7t5v0__dffrnq_1)
                                              5.462862   data arrival time

                                  0.000000    0.000000   clock clk_i (rise edge)
                                  0.000000    0.000000   clock source latency
     1    0.033878    0.112179    0.057733    0.057733 ^ clk_i (in)
                                                         clk_i (net)
                      0.112185    0.000000    0.057733 ^ clkbuf_0_clk_i/I (gf180mcu_fd_sc_mcu7t5v0__clkbuf_16)
     4    0.095858    0.099343    0.186055    0.243788 ^ clkbuf_0_clk_i/Z (gf180mcu_fd_sc_mcu7t5v0__clkbuf_16)
                                                         clknet_0_clk_i (net)
                      0.099346    0.000940    0.244728 ^ clkbuf_2_3__f_clk_i/I (gf180mcu_fd_sc_mcu7t5v0__clkbuf_16)
     9    0.043609    0.070122    0.161095    0.405823 ^ clkbuf_2_3__f_clk_i/Z (gf180mcu_fd_sc_mcu7t5v0__clkbuf_16)
                                                         clknet_2_3__leaf_clk_i (net)
                      0.070123    0.000366    0.406189 ^ _307_/CLK (gf180mcu_fd_sc_mcu7t5v0__dffrnq_1)
                                  0.250000    0.656189   clock uncertainty
                                  0.000000    0.656189   clock reconvergence pessimism
                                  0.244082    0.900271   library removal time
                                              0.900271   data required time
---------------------------------------------------------------------------------------------
                                              0.900271   data required time
                                             -5.462862   data arrival time
---------------------------------------------------------------------------------------------
                                              4.562592   slack (MET)


Startpoint: rstn_i (input port clocked by clk_i)
Endpoint: _309_ (removal check against rising-edge clock clk_i)
Path Group: asynchronous
Path Type: min

Fanout         Cap        Slew       Delay        Time   Description
---------------------------------------------------------------------------------------------
                                  0.000000    0.000000   clock clk_i (rise edge)
                                  0.000000    0.000000   clock network delay (propagated)
                                  4.000000    4.000000 ^ input external delay
     1    0.004458    0.078398    0.029999    4.029999 ^ rstn_i (in)
                                                         rstn_i (net)
                      0.078398    0.000000    4.029999 ^ input22/I (gf180mcu_fd_sc_mcu7t5v0__dlyb_1)
     1    0.004361    0.098908    0.519573    4.549572 ^ input22/Z (gf180mcu_fd_sc_mcu7t5v0__dlyb_1)
                                                         net22 (net)
                      0.098908    0.000049    4.549620 ^ fanout46/I (gf180mcu_fd_sc_mcu7t5v0__dlyb_1)
     7    0.066696    0.742139    0.911421    5.461041 ^ fanout46/Z (gf180mcu_fd_sc_mcu7t5v0__dlyb_1)
                                                         net46 (net)
                      0.742153    0.001814    5.462855 ^ _309_/RN (gf180mcu_fd_sc_mcu7t5v0__dffrnq_1)
                                              5.462855   data arrival time

                                  0.000000    0.000000   clock clk_i (rise edge)
                                  0.000000    0.000000   clock source latency
     1    0.033878    0.112179    0.057733    0.057733 ^ clk_i (in)
                                                         clk_i (net)
                      0.112185    0.000000    0.057733 ^ clkbuf_0_clk_i/I (gf180mcu_fd_sc_mcu7t5v0__clkbuf_16)
     4    0.095858    0.099343    0.186055    0.243788 ^ clkbuf_0_clk_i/Z (gf180mcu_fd_sc_mcu7t5v0__clkbuf_16)
                                                         clknet_0_clk_i (net)
                      0.099346    0.000940    0.244728 ^ clkbuf_2_3__f_clk_i/I (gf180mcu_fd_sc_mcu7t5v0__clkbuf_16)
     9    0.043609    0.070122    0.161095    0.405823 ^ clkbuf_2_3__f_clk_i/Z (gf180mcu_fd_sc_mcu7t5v0__clkbuf_16)
                                                         clknet_2_3__leaf_clk_i (net)
                      0.070123    0.000346    0.406169 ^ _309_/CLK (gf180mcu_fd_sc_mcu7t5v0__dffrnq_1)
                                  0.250000    0.656169   clock uncertainty
                                  0.000000    0.656169   clock reconvergence pessimism
                                  0.244082    0.900251   library removal time
                                              0.900251   data required time
---------------------------------------------------------------------------------------------
                                              0.900251   data required time
                                             -5.462855   data arrival time
---------------------------------------------------------------------------------------------
                                              4.562604   slack (MET)


Startpoint: rstn_i (input port clocked by clk_i)
Endpoint: _308_ (removal check against rising-edge clock clk_i)
Path Group: asynchronous
Path Type: min

Fanout         Cap        Slew       Delay        Time   Description
---------------------------------------------------------------------------------------------
                                  0.000000    0.000000   clock clk_i (rise edge)
                                  0.000000    0.000000   clock network delay (propagated)
                                  4.000000    4.000000 ^ input external delay
     1    0.004458    0.078398    0.029999    4.029999 ^ rstn_i (in)
                                                         rstn_i (net)
                      0.078398    0.000000    4.029999 ^ input22/I (gf180mcu_fd_sc_mcu7t5v0__dlyb_1)
     1    0.004361    0.098908    0.519573    4.549572 ^ input22/Z (gf180mcu_fd_sc_mcu7t5v0__dlyb_1)
                                                         net22 (net)
                      0.098908    0.000049    4.549620 ^ fanout46/I (gf180mcu_fd_sc_mcu7t5v0__dlyb_1)
     7    0.066696    0.742139    0.911421    5.461041 ^ fanout46/Z (gf180mcu_fd_sc_mcu7t5v0__dlyb_1)
                                                         net46 (net)
                      0.742156    0.002021    5.463062 ^ _308_/RN (gf180mcu_fd_sc_mcu7t5v0__dffrnq_1)
                                              5.463062   data arrival time

                                  0.000000    0.000000   clock clk_i (rise edge)
                                  0.000000    0.000000   clock source latency
     1    0.033878    0.112179    0.057733    0.057733 ^ clk_i (in)
                                                         clk_i (net)
                      0.112185    0.000000    0.057733 ^ clkbuf_0_clk_i/I (gf180mcu_fd_sc_mcu7t5v0__clkbuf_16)
     4    0.095858    0.099343    0.186055    0.243788 ^ clkbuf_0_clk_i/Z (gf180mcu_fd_sc_mcu7t5v0__clkbuf_16)
                                                         clknet_0_clk_i (net)
                      0.099346    0.000940    0.244728 ^ clkbuf_2_3__f_clk_i/I (gf180mcu_fd_sc_mcu7t5v0__clkbuf_16)
     9    0.043609    0.070122    0.161095    0.405823 ^ clkbuf_2_3__f_clk_i/Z (gf180mcu_fd_sc_mcu7t5v0__clkbuf_16)
                                                         clknet_2_3__leaf_clk_i (net)
                      0.070123    0.000423    0.406246 ^ _308_/CLK (gf180mcu_fd_sc_mcu7t5v0__dffrnq_1)
                                  0.250000    0.656246   clock uncertainty
                                  0.000000    0.656246   clock reconvergence pessimism
                                  0.244082    0.900328   library removal time
                                              0.900328   data required time
---------------------------------------------------------------------------------------------
                                              0.900328   data required time
                                             -5.463062   data arrival time
---------------------------------------------------------------------------------------------
                                              4.562734   slack (MET)


Startpoint: rstn_i (input port clocked by clk_i)
Endpoint: _306_ (removal check against rising-edge clock clk_i)
Path Group: asynchronous
Path Type: min

Fanout         Cap        Slew       Delay        Time   Description
---------------------------------------------------------------------------------------------
                                  0.000000    0.000000   clock clk_i (rise edge)
                                  0.000000    0.000000   clock network delay (propagated)
                                  4.000000    4.000000 ^ input external delay
     1    0.004458    0.078398    0.029999    4.029999 ^ rstn_i (in)
                                                         rstn_i (net)
                      0.078398    0.000000    4.029999 ^ input22/I (gf180mcu_fd_sc_mcu7t5v0__dlyb_1)
     1    0.004361    0.098908    0.519573    4.549572 ^ input22/Z (gf180mcu_fd_sc_mcu7t5v0__dlyb_1)
                                                         net22 (net)
                      0.098908    0.000049    4.549620 ^ fanout46/I (gf180mcu_fd_sc_mcu7t5v0__dlyb_1)
     7    0.066696    0.742139    0.911421    5.461041 ^ fanout46/Z (gf180mcu_fd_sc_mcu7t5v0__dlyb_1)
                                                         net46 (net)
                      0.742159    0.002171    5.463212 ^ _306_/RN (gf180mcu_fd_sc_mcu7t5v0__dffrnq_1)
                                              5.463212   data arrival time

                                  0.000000    0.000000   clock clk_i (rise edge)
                                  0.000000    0.000000   clock source latency
     1    0.033878    0.112179    0.057733    0.057733 ^ clk_i (in)
                                                         clk_i (net)
                      0.112185    0.000000    0.057733 ^ clkbuf_0_clk_i/I (gf180mcu_fd_sc_mcu7t5v0__clkbuf_16)
     4    0.095858    0.099343    0.186055    0.243788 ^ clkbuf_0_clk_i/Z (gf180mcu_fd_sc_mcu7t5v0__clkbuf_16)
                                                         clknet_0_clk_i (net)
                      0.099346    0.000940    0.244728 ^ clkbuf_2_3__f_clk_i/I (gf180mcu_fd_sc_mcu7t5v0__clkbuf_16)
     9    0.043609    0.070122    0.161095    0.405823 ^ clkbuf_2_3__f_clk_i/Z (gf180mcu_fd_sc_mcu7t5v0__clkbuf_16)
                                                         clknet_2_3__leaf_clk_i (net)
                      0.070123    0.000375    0.406198 ^ _306_/CLK (gf180mcu_fd_sc_mcu7t5v0__dffrnq_1)
                                  0.250000    0.656198   clock uncertainty
                                  0.000000    0.656198   clock reconvergence pessimism
                                  0.244082    0.900280   library removal time
                                              0.900280   data required time
---------------------------------------------------------------------------------------------
                                              0.900280   data required time
                                             -5.463212   data arrival time
---------------------------------------------------------------------------------------------
                                              4.562932   slack (MET)


Startpoint: rstn_i (input port clocked by clk_i)
Endpoint: _291_ (removal check against rising-edge clock clk_i)
Path Group: asynchronous
Path Type: min

Fanout         Cap        Slew       Delay        Time   Description
---------------------------------------------------------------------------------------------
                                  0.000000    0.000000   clock clk_i (rise edge)
                                  0.000000    0.000000   clock network delay (propagated)
                                  4.000000    4.000000 ^ input external delay
     1    0.004458    0.078398    0.029999    4.029999 ^ rstn_i (in)
                                                         rstn_i (net)
                      0.078398    0.000000    4.029999 ^ input22/I (gf180mcu_fd_sc_mcu7t5v0__dlyb_1)
     1    0.004361    0.098908    0.519573    4.549572 ^ input22/Z (gf180mcu_fd_sc_mcu7t5v0__dlyb_1)
                                                         net22 (net)
                      0.098908    0.000049    4.549620 ^ fanout46/I (gf180mcu_fd_sc_mcu7t5v0__dlyb_1)
     7    0.066696    0.742139    0.911421    5.461041 ^ fanout46/Z (gf180mcu_fd_sc_mcu7t5v0__dlyb_1)
                                                         net46 (net)
                      0.742139    0.000425    5.461466 ^ fanout44/I (gf180mcu_fd_sc_mcu7t5v0__dlyb_1)
     8    0.074603    0.826541    0.966027    6.427493 ^ fanout44/Z (gf180mcu_fd_sc_mcu7t5v0__dlyb_1)
                                                         net44 (net)
                      0.826541    0.000381    6.427874 ^ _291_/RN (gf180mcu_fd_sc_mcu7t5v0__dffrnq_1)
                                              6.427874   data arrival time

                                  0.000000    0.000000   clock clk_i (rise edge)
                                  0.000000    0.000000   clock source latency
     1    0.033878    0.112179    0.057733    0.057733 ^ clk_i (in)
                                                         clk_i (net)
                      0.112185    0.000000    0.057733 ^ clkbuf_0_clk_i/I (gf180mcu_fd_sc_mcu7t5v0__clkbuf_16)
     4    0.095858    0.099343    0.186055    0.243788 ^ clkbuf_0_clk_i/Z (gf180mcu_fd_sc_mcu7t5v0__clkbuf_16)
                                                         clknet_0_clk_i (net)
                      0.099346    0.000962    0.244750 ^ clkbuf_2_1__f_clk_i/I (gf180mcu_fd_sc_mcu7t5v0__clkbuf_16)
     8    0.040523    0.068375    0.159625    0.404375 ^ clkbuf_2_1__f_clk_i/Z (gf180mcu_fd_sc_mcu7t5v0__clkbuf_16)
                                                         clknet_2_1__leaf_clk_i (net)
                      0.068381    0.001208    0.405583 ^ _291_/CLK (gf180mcu_fd_sc_mcu7t5v0__dffrnq_1)
                                  0.250000    0.655583   clock uncertainty
                                  0.000000    0.655583   clock reconvergence pessimism
                                  0.244881    0.900464   library removal time
                                              0.900464   data required time
---------------------------------------------------------------------------------------------
                                              0.900464   data required time
                                             -6.427874   data arrival time
---------------------------------------------------------------------------------------------
                                              5.527411   slack (MET)


Startpoint: rstn_i (input port clocked by clk_i)
Endpoint: _290_ (removal check against rising-edge clock clk_i)
Path Group: asynchronous
Path Type: min

Fanout         Cap        Slew       Delay        Time   Description
---------------------------------------------------------------------------------------------
                                  0.000000    0.000000   clock clk_i (rise edge)
                                  0.000000    0.000000   clock network delay (propagated)
                                  4.000000    4.000000 ^ input external delay
     1    0.004458    0.078398    0.029999    4.029999 ^ rstn_i (in)
                                                         rstn_i (net)
                      0.078398    0.000000    4.029999 ^ input22/I (gf180mcu_fd_sc_mcu7t5v0__dlyb_1)
     1    0.004361    0.098908    0.519573    4.549572 ^ input22/Z (gf180mcu_fd_sc_mcu7t5v0__dlyb_1)
                                                         net22 (net)
                      0.098908    0.000049    4.549620 ^ fanout46/I (gf180mcu_fd_sc_mcu7t5v0__dlyb_1)
     7    0.066696    0.742139    0.911421    5.461041 ^ fanout46/Z (gf180mcu_fd_sc_mcu7t5v0__dlyb_1)
                                                         net46 (net)
                      0.742139    0.000425    5.461466 ^ fanout44/I (gf180mcu_fd_sc_mcu7t5v0__dlyb_1)
     8    0.074603    0.826541    0.966027    6.427493 ^ fanout44/Z (gf180mcu_fd_sc_mcu7t5v0__dlyb_1)
                                                         net44 (net)
                      0.826544    0.000842    6.428335 ^ _290_/RN (gf180mcu_fd_sc_mcu7t5v0__dffrnq_1)
                                              6.428335   data arrival time

                                  0.000000    0.000000   clock clk_i (rise edge)
                                  0.000000    0.000000   clock source latency
     1    0.033878    0.112179    0.057733    0.057733 ^ clk_i (in)
                                                         clk_i (net)
                      0.112185    0.000000    0.057733 ^ clkbuf_0_clk_i/I (gf180mcu_fd_sc_mcu7t5v0__clkbuf_16)
     4    0.095858    0.099343    0.186055    0.243788 ^ clkbuf_0_clk_i/Z (gf180mcu_fd_sc_mcu7t5v0__clkbuf_16)
                                                         clknet_0_clk_i (net)
                      0.099346    0.000962    0.244750 ^ clkbuf_2_1__f_clk_i/I (gf180mcu_fd_sc_mcu7t5v0__clkbuf_16)
     8    0.040523    0.068375    0.159625    0.404375 ^ clkbuf_2_1__f_clk_i/Z (gf180mcu_fd_sc_mcu7t5v0__clkbuf_16)
                                                         clknet_2_1__leaf_clk_i (net)
                      0.068381    0.001219    0.405594 ^ _290_/CLK (gf180mcu_fd_sc_mcu7t5v0__dffrnq_1)
                                  0.250000    0.655594   clock uncertainty
                                  0.000000    0.655594   clock reconvergence pessimism
                                  0.244881    0.900475   library removal time
                                              0.900475   data required time
---------------------------------------------------------------------------------------------
                                              0.900475   data required time
                                             -6.428335   data arrival time
---------------------------------------------------------------------------------------------
                                              5.527859   slack (MET)


Startpoint: rstn_i (input port clocked by clk_i)
Endpoint: _292_ (removal check against rising-edge clock clk_i)
Path Group: asynchronous
Path Type: min

Fanout         Cap        Slew       Delay        Time   Description
---------------------------------------------------------------------------------------------
                                  0.000000    0.000000   clock clk_i (rise edge)
                                  0.000000    0.000000   clock network delay (propagated)
                                  4.000000    4.000000 ^ input external delay
     1    0.004458    0.078398    0.029999    4.029999 ^ rstn_i (in)
                                                         rstn_i (net)
                      0.078398    0.000000    4.029999 ^ input22/I (gf180mcu_fd_sc_mcu7t5v0__dlyb_1)
     1    0.004361    0.098908    0.519573    4.549572 ^ input22/Z (gf180mcu_fd_sc_mcu7t5v0__dlyb_1)
                                                         net22 (net)
                      0.098908    0.000049    4.549620 ^ fanout46/I (gf180mcu_fd_sc_mcu7t5v0__dlyb_1)
     7    0.066696    0.742139    0.911421    5.461041 ^ fanout46/Z (gf180mcu_fd_sc_mcu7t5v0__dlyb_1)
                                                         net46 (net)
                      0.742139    0.000425    5.461466 ^ fanout44/I (gf180mcu_fd_sc_mcu7t5v0__dlyb_1)
     8    0.074603    0.826541    0.966027    6.427493 ^ fanout44/Z (gf180mcu_fd_sc_mcu7t5v0__dlyb_1)
                                                         net44 (net)
                      0.826546    0.001172    6.428665 ^ _292_/RN (gf180mcu_fd_sc_mcu7t5v0__dffrnq_1)
                                              6.428665   data arrival time

                                  0.000000    0.000000   clock clk_i (rise edge)
                                  0.000000    0.000000   clock source latency
     1    0.033878    0.112179    0.057733    0.057733 ^ clk_i (in)
                                                         clk_i (net)
                      0.112185    0.000000    0.057733 ^ clkbuf_0_clk_i/I (gf180mcu_fd_sc_mcu7t5v0__clkbuf_16)
     4    0.095858    0.099343    0.186055    0.243788 ^ clkbuf_0_clk_i/Z (gf180mcu_fd_sc_mcu7t5v0__clkbuf_16)
                                                         clknet_0_clk_i (net)
                      0.099346    0.000962    0.244750 ^ clkbuf_2_1__f_clk_i/I (gf180mcu_fd_sc_mcu7t5v0__clkbuf_16)
     8    0.040523    0.068375    0.159625    0.404375 ^ clkbuf_2_1__f_clk_i/Z (gf180mcu_fd_sc_mcu7t5v0__clkbuf_16)
                                                         clknet_2_1__leaf_clk_i (net)
                      0.068376    0.000484    0.404859 ^ _292_/CLK (gf180mcu_fd_sc_mcu7t5v0__dffrnq_1)
                                  0.250000    0.654859   clock uncertainty
                                  0.000000    0.654859   clock reconvergence pessimism
                                  0.244880    0.899739   library removal time
                                              0.899739   data required time
---------------------------------------------------------------------------------------------
                                              0.899739   data required time
                                             -6.428665   data arrival time
---------------------------------------------------------------------------------------------
                                              5.528925   slack (MET)


Startpoint: rstn_i (input port clocked by clk_i)
Endpoint: _289_ (removal check against rising-edge clock clk_i)
Path Group: asynchronous
Path Type: min

Fanout         Cap        Slew       Delay        Time   Description
---------------------------------------------------------------------------------------------
                                  0.000000    0.000000   clock clk_i (rise edge)
                                  0.000000    0.000000   clock network delay (propagated)
                                  4.000000    4.000000 ^ input external delay
     1    0.004458    0.078398    0.029999    4.029999 ^ rstn_i (in)
                                                         rstn_i (net)
                      0.078398    0.000000    4.029999 ^ input22/I (gf180mcu_fd_sc_mcu7t5v0__dlyb_1)
     1    0.004361    0.098908    0.519573    4.549572 ^ input22/Z (gf180mcu_fd_sc_mcu7t5v0__dlyb_1)
                                                         net22 (net)
                      0.098908    0.000049    4.549620 ^ fanout46/I (gf180mcu_fd_sc_mcu7t5v0__dlyb_1)
     7    0.066696    0.742139    0.911421    5.461041 ^ fanout46/Z (gf180mcu_fd_sc_mcu7t5v0__dlyb_1)
                                                         net46 (net)
                      0.742139    0.000425    5.461466 ^ fanout44/I (gf180mcu_fd_sc_mcu7t5v0__dlyb_1)
     8    0.074603    0.826541    0.966027    6.427493 ^ fanout44/Z (gf180mcu_fd_sc_mcu7t5v0__dlyb_1)
                                                         net44 (net)
                      0.826546    0.001105    6.428598 ^ _289_/RN (gf180mcu_fd_sc_mcu7t5v0__dffrnq_1)
                                              6.428598   data arrival time

                                  0.000000    0.000000   clock clk_i (rise edge)
                                  0.000000    0.000000   clock source latency
     1    0.033878    0.112179    0.057733    0.057733 ^ clk_i (in)
                                                         clk_i (net)
                      0.112185    0.000000    0.057733 ^ clkbuf_0_clk_i/I (gf180mcu_fd_sc_mcu7t5v0__clkbuf_16)
     4    0.095858    0.099343    0.186055    0.243788 ^ clkbuf_0_clk_i/Z (gf180mcu_fd_sc_mcu7t5v0__clkbuf_16)
                                                         clknet_0_clk_i (net)
                      0.099346    0.000962    0.244750 ^ clkbuf_2_1__f_clk_i/I (gf180mcu_fd_sc_mcu7t5v0__clkbuf_16)
     8    0.040523    0.068375    0.159625    0.404375 ^ clkbuf_2_1__f_clk_i/Z (gf180mcu_fd_sc_mcu7t5v0__clkbuf_16)
                                                         clknet_2_1__leaf_clk_i (net)
                      0.068375    0.000204    0.404579 ^ _289_/CLK (gf180mcu_fd_sc_mcu7t5v0__dffrnq_1)
                                  0.250000    0.654579   clock uncertainty
                                  0.000000    0.654579   clock reconvergence pessimism
                                  0.244880    0.899459   library removal time
                                              0.899459   data required time
---------------------------------------------------------------------------------------------
                                              0.899459   data required time
                                             -6.428598   data arrival time
---------------------------------------------------------------------------------------------
                                              5.529139   slack (MET)


Startpoint: rstn_i (input port clocked by clk_i)
Endpoint: _295_ (removal check against rising-edge clock clk_i)
Path Group: asynchronous
Path Type: min

Fanout         Cap        Slew       Delay        Time   Description
---------------------------------------------------------------------------------------------
                                  0.000000    0.000000   clock clk_i (rise edge)
                                  0.000000    0.000000   clock network delay (propagated)
                                  4.000000    4.000000 ^ input external delay
     1    0.004458    0.078398    0.029999    4.029999 ^ rstn_i (in)
                                                         rstn_i (net)
                      0.078398    0.000000    4.029999 ^ input22/I (gf180mcu_fd_sc_mcu7t5v0__dlyb_1)
     1    0.004361    0.098908    0.519573    4.549572 ^ input22/Z (gf180mcu_fd_sc_mcu7t5v0__dlyb_1)
                                                         net22 (net)
                      0.098908    0.000049    4.549620 ^ fanout46/I (gf180mcu_fd_sc_mcu7t5v0__dlyb_1)
     7    0.066696    0.742139    0.911421    5.461041 ^ fanout46/Z (gf180mcu_fd_sc_mcu7t5v0__dlyb_1)
                                                         net46 (net)
                      0.742139    0.000676    5.461717 ^ fanout43/I (gf180mcu_fd_sc_mcu7t5v0__dlyb_1)
    10    0.086886    0.956788    1.042892    6.504610 ^ fanout43/Z (gf180mcu_fd_sc_mcu7t5v0__dlyb_1)
                                                         net43 (net)
                      0.956801    0.002013    6.506622 ^ _295_/RN (gf180mcu_fd_sc_mcu7t5v0__dffrnq_1)
                                              6.506622   data arrival time

                                  0.000000    0.000000   clock clk_i (rise edge)
                                  0.000000    0.000000   clock source latency
     1    0.033878    0.112179    0.057733    0.057733 ^ clk_i (in)
                                                         clk_i (net)
                      0.112185    0.000000    0.057733 ^ clkbuf_0_clk_i/I (gf180mcu_fd_sc_mcu7t5v0__clkbuf_16)
     4    0.095858    0.099343    0.186055    0.243788 ^ clkbuf_0_clk_i/Z (gf180mcu_fd_sc_mcu7t5v0__clkbuf_16)
                                                         clknet_0_clk_i (net)
                      0.099346    0.000952    0.244740 ^ clkbuf_2_2__f_clk_i/I (gf180mcu_fd_sc_mcu7t5v0__clkbuf_16)
     9    0.050749    0.074103    0.164115    0.408855 ^ clkbuf_2_2__f_clk_i/Z (gf180mcu_fd_sc_mcu7t5v0__clkbuf_16)
                                                         clknet_2_2__leaf_clk_i (net)
                      0.074104    0.000511    0.409366 ^ _295_/CLK (gf180mcu_fd_sc_mcu7t5v0__dffrnq_1)
                                  0.250000    0.659366   clock uncertainty
                                  0.000000    0.659366   clock reconvergence pessimism
                                  0.247735    0.907101   library removal time
                                              0.907101   data required time
---------------------------------------------------------------------------------------------
                                              0.907101   data required time
                                             -6.506622   data arrival time
---------------------------------------------------------------------------------------------
                                              5.599522   slack (MET)


Startpoint: rstn_i (input port clocked by clk_i)
Endpoint: _294_ (removal check against rising-edge clock clk_i)
Path Group: asynchronous
Path Type: min

Fanout         Cap        Slew       Delay        Time   Description
---------------------------------------------------------------------------------------------
                                  0.000000    0.000000   clock clk_i (rise edge)
                                  0.000000    0.000000   clock network delay (propagated)
                                  4.000000    4.000000 ^ input external delay
     1    0.004458    0.078398    0.029999    4.029999 ^ rstn_i (in)
                                                         rstn_i (net)
                      0.078398    0.000000    4.029999 ^ input22/I (gf180mcu_fd_sc_mcu7t5v0__dlyb_1)
     1    0.004361    0.098908    0.519573    4.549572 ^ input22/Z (gf180mcu_fd_sc_mcu7t5v0__dlyb_1)
                                                         net22 (net)
                      0.098908    0.000049    4.549620 ^ fanout46/I (gf180mcu_fd_sc_mcu7t5v0__dlyb_1)
     7    0.066696    0.742139    0.911421    5.461041 ^ fanout46/Z (gf180mcu_fd_sc_mcu7t5v0__dlyb_1)
                                                         net46 (net)
                      0.742139    0.000676    5.461717 ^ fanout43/I (gf180mcu_fd_sc_mcu7t5v0__dlyb_1)
    10    0.086886    0.956788    1.042892    6.504610 ^ fanout43/Z (gf180mcu_fd_sc_mcu7t5v0__dlyb_1)
                                                         net43 (net)
                      0.956801    0.002028    6.506637 ^ _294_/RN (gf180mcu_fd_sc_mcu7t5v0__dffrnq_1)
                                              6.506637   data arrival time

                                  0.000000    0.000000   clock clk_i (rise edge)
                                  0.000000    0.000000   clock source latency
     1    0.033878    0.112179    0.057733    0.057733 ^ clk_i (in)
                                                         clk_i (net)
                      0.112185    0.000000    0.057733 ^ clkbuf_0_clk_i/I (gf180mcu_fd_sc_mcu7t5v0__clkbuf_16)
     4    0.095858    0.099343    0.186055    0.243788 ^ clkbuf_0_clk_i/Z (gf180mcu_fd_sc_mcu7t5v0__clkbuf_16)
                                                         clknet_0_clk_i (net)
                      0.099346    0.000940    0.244728 ^ clkbuf_2_3__f_clk_i/I (gf180mcu_fd_sc_mcu7t5v0__clkbuf_16)
     9    0.043609    0.070122    0.161095    0.405823 ^ clkbuf_2_3__f_clk_i/Z (gf180mcu_fd_sc_mcu7t5v0__clkbuf_16)
                                                         clknet_2_3__leaf_clk_i (net)
                      0.070123    0.000375    0.406198 ^ _294_/CLK (gf180mcu_fd_sc_mcu7t5v0__dffrnq_1)
                                  0.250000    0.656198   clock uncertainty
                                  0.000000    0.656198   clock reconvergence pessimism
                                  0.246894    0.903092   library removal time
                                              0.903092   data required time
---------------------------------------------------------------------------------------------
                                              0.903092   data required time
                                             -6.506637   data arrival time
---------------------------------------------------------------------------------------------
                                              5.603545   slack (MET)


Startpoint: rstn_i (input port clocked by clk_i)
Endpoint: _296_ (removal check against rising-edge clock clk_i)
Path Group: asynchronous
Path Type: min

Fanout         Cap        Slew       Delay        Time   Description
---------------------------------------------------------------------------------------------
                                  0.000000    0.000000   clock clk_i (rise edge)
                                  0.000000    0.000000   clock network delay (propagated)
                                  4.000000    4.000000 ^ input external delay
     1    0.004458    0.078398    0.029999    4.029999 ^ rstn_i (in)
                                                         rstn_i (net)
                      0.078398    0.000000    4.029999 ^ input22/I (gf180mcu_fd_sc_mcu7t5v0__dlyb_1)
     1    0.004361    0.098908    0.519573    4.549572 ^ input22/Z (gf180mcu_fd_sc_mcu7t5v0__dlyb_1)
                                                         net22 (net)
                      0.098908    0.000049    4.549620 ^ fanout46/I (gf180mcu_fd_sc_mcu7t5v0__dlyb_1)
     7    0.066696    0.742139    0.911421    5.461041 ^ fanout46/Z (gf180mcu_fd_sc_mcu7t5v0__dlyb_1)
                                                         net46 (net)
                      0.742139    0.000676    5.461717 ^ fanout43/I (gf180mcu_fd_sc_mcu7t5v0__dlyb_1)
    10    0.086886    0.956788    1.042892    6.504610 ^ fanout43/Z (gf180mcu_fd_sc_mcu7t5v0__dlyb_1)
                                                         net43 (net)
                      0.956795    0.001533    6.506143 ^ _296_/RN (gf180mcu_fd_sc_mcu7t5v0__dffrnq_1)
                                              6.506143   data arrival time

                                  0.000000    0.000000   clock clk_i (rise edge)
                                  0.000000    0.000000   clock source latency
     1    0.033878    0.112179    0.057733    0.057733 ^ clk_i (in)
                                                         clk_i (net)
                      0.112185    0.000000    0.057733 ^ clkbuf_0_clk_i/I (gf180mcu_fd_sc_mcu7t5v0__clkbuf_16)
     4    0.095858    0.099343    0.186055    0.243788 ^ clkbuf_0_clk_i/Z (gf180mcu_fd_sc_mcu7t5v0__clkbuf_16)
                                                         clknet_0_clk_i (net)
                      0.099345    0.000720    0.244508 ^ clkbuf_2_0__f_clk_i/I (gf180mcu_fd_sc_mcu7t5v0__clkbuf_16)
     8    0.039750    0.067950    0.159354    0.403862 ^ clkbuf_2_0__f_clk_i/Z (gf180mcu_fd_sc_mcu7t5v0__clkbuf_16)
                                                         clknet_2_0__leaf_clk_i (net)
                      0.067951    0.000505    0.404367 ^ _296_/CLK (gf180mcu_fd_sc_mcu7t5v0__dffrnq_1)
                                  0.250000    0.654367   clock uncertainty
                                  0.000000    0.654367   clock reconvergence pessimism
                                  0.246435    0.900802   library removal time
                                              0.900802   data required time
---------------------------------------------------------------------------------------------
                                              0.900802   data required time
                                             -6.506143   data arrival time
---------------------------------------------------------------------------------------------
                                              5.605341   slack (MET)


Startpoint: rstn_i (input port clocked by clk_i)
Endpoint: _293_ (removal check against rising-edge clock clk_i)
Path Group: asynchronous
Path Type: min

Fanout         Cap        Slew       Delay        Time   Description
---------------------------------------------------------------------------------------------
                                  0.000000    0.000000   clock clk_i (rise edge)
                                  0.000000    0.000000   clock network delay (propagated)
                                  4.000000    4.000000 ^ input external delay
     1    0.004458    0.078398    0.029999    4.029999 ^ rstn_i (in)
                                                         rstn_i (net)
                      0.078398    0.000000    4.029999 ^ input22/I (gf180mcu_fd_sc_mcu7t5v0__dlyb_1)
     1    0.004361    0.098908    0.519573    4.549572 ^ input22/Z (gf180mcu_fd_sc_mcu7t5v0__dlyb_1)
                                                         net22 (net)
                      0.098908    0.000049    4.549620 ^ fanout46/I (gf180mcu_fd_sc_mcu7t5v0__dlyb_1)
     7    0.066696    0.742139    0.911421    5.461041 ^ fanout46/Z (gf180mcu_fd_sc_mcu7t5v0__dlyb_1)
                                                         net46 (net)
                      0.742139    0.000676    5.461717 ^ fanout43/I (gf180mcu_fd_sc_mcu7t5v0__dlyb_1)
    10    0.086886    0.956788    1.042892    6.504610 ^ fanout43/Z (gf180mcu_fd_sc_mcu7t5v0__dlyb_1)
                                                         net43 (net)
                      0.956803    0.002160    6.506770 ^ _293_/RN (gf180mcu_fd_sc_mcu7t5v0__dffrnq_1)
                                              6.506770   data arrival time

                                  0.000000    0.000000   clock clk_i (rise edge)
                                  0.000000    0.000000   clock source latency
     1    0.033878    0.112179    0.057733    0.057733 ^ clk_i (in)
                                                         clk_i (net)
                      0.112185    0.000000    0.057733 ^ clkbuf_0_clk_i/I (gf180mcu_fd_sc_mcu7t5v0__clkbuf_16)
     4    0.095858    0.099343    0.186055    0.243788 ^ clkbuf_0_clk_i/Z (gf180mcu_fd_sc_mcu7t5v0__clkbuf_16)
                                                         clknet_0_clk_i (net)
                      0.099345    0.000720    0.244508 ^ clkbuf_2_0__f_clk_i/I (gf180mcu_fd_sc_mcu7t5v0__clkbuf_16)
     8    0.039750    0.067950    0.159354    0.403862 ^ clkbuf_2_0__f_clk_i/Z (gf180mcu_fd_sc_mcu7t5v0__clkbuf_16)
                                                         clknet_2_0__leaf_clk_i (net)
                      0.067952    0.000767    0.404629 ^ _293_/CLK (gf180mcu_fd_sc_mcu7t5v0__dffrnq_1)
                                  0.250000    0.654629   clock uncertainty
                                  0.000000    0.654629   clock reconvergence pessimism
                                  0.246435    0.901064   library removal time
                                              0.901064   data required time
---------------------------------------------------------------------------------------------
                                              0.901064   data required time
                                             -6.506770   data arrival time
---------------------------------------------------------------------------------------------
                                              5.605705   slack (MET)


Startpoint: rstn_i (input port clocked by clk_i)
Endpoint: _299_ (removal check against rising-edge clock clk_i)
Path Group: asynchronous
Path Type: min

Fanout         Cap        Slew       Delay        Time   Description
---------------------------------------------------------------------------------------------
                                  0.000000    0.000000   clock clk_i (rise edge)
                                  0.000000    0.000000   clock network delay (propagated)
                                  4.000000    4.000000 ^ input external delay
     1    0.004458    0.078398    0.029999    4.029999 ^ rstn_i (in)
                                                         rstn_i (net)
                      0.078398    0.000000    4.029999 ^ input22/I (gf180mcu_fd_sc_mcu7t5v0__dlyb_1)
     1    0.004361    0.098908    0.519573    4.549572 ^ input22/Z (gf180mcu_fd_sc_mcu7t5v0__dlyb_1)
                                                         net22 (net)
                      0.098908    0.000049    4.549620 ^ fanout46/I (gf180mcu_fd_sc_mcu7t5v0__dlyb_1)
     7    0.066696    0.742139    0.911421    5.461041 ^ fanout46/Z (gf180mcu_fd_sc_mcu7t5v0__dlyb_1)
                                                         net46 (net)
                      0.742139    0.000676    5.461717 ^ fanout43/I (gf180mcu_fd_sc_mcu7t5v0__dlyb_1)
    10    0.086886    0.956788    1.042892    6.504610 ^ fanout43/Z (gf180mcu_fd_sc_mcu7t5v0__dlyb_1)
                                                         net43 (net)
                      0.956804    0.002238    6.506848 ^ _299_/RN (gf180mcu_fd_sc_mcu7t5v0__dffrnq_1)
                                              6.506848   data arrival time

                                  0.000000    0.000000   clock clk_i (rise edge)
                                  0.000000    0.000000   clock source latency
     1    0.033878    0.112179    0.057733    0.057733 ^ clk_i (in)
                                                         clk_i (net)
                      0.112185    0.000000    0.057733 ^ clkbuf_0_clk_i/I (gf180mcu_fd_sc_mcu7t5v0__clkbuf_16)
     4    0.095858    0.099343    0.186055    0.243788 ^ clkbuf_0_clk_i/Z (gf180mcu_fd_sc_mcu7t5v0__clkbuf_16)
                                                         clknet_0_clk_i (net)
                      0.099345    0.000720    0.244508 ^ clkbuf_2_0__f_clk_i/I (gf180mcu_fd_sc_mcu7t5v0__clkbuf_16)
     8    0.039750    0.067950    0.159354    0.403862 ^ clkbuf_2_0__f_clk_i/Z (gf180mcu_fd_sc_mcu7t5v0__clkbuf_16)
                                                         clknet_2_0__leaf_clk_i (net)
                      0.067952    0.000838    0.404700 ^ _299_/CLK (gf180mcu_fd_sc_mcu7t5v0__dffrnq_1)
                                  0.250000    0.654700   clock uncertainty
                                  0.000000    0.654700   clock reconvergence pessimism
                                  0.246435    0.901135   library removal time
                                              0.901135   data required time
---------------------------------------------------------------------------------------------
                                              0.901135   data required time
                                             -6.506848   data arrival time
---------------------------------------------------------------------------------------------
                                              5.605712   slack (MET)


Startpoint: rstn_i (input port clocked by clk_i)
Endpoint: _298_ (removal check against rising-edge clock clk_i)
Path Group: asynchronous
Path Type: min

Fanout         Cap        Slew       Delay        Time   Description
---------------------------------------------------------------------------------------------
                                  0.000000    0.000000   clock clk_i (rise edge)
                                  0.000000    0.000000   clock network delay (propagated)
                                  4.000000    4.000000 ^ input external delay
     1    0.004458    0.078398    0.029999    4.029999 ^ rstn_i (in)
                                                         rstn_i (net)
                      0.078398    0.000000    4.029999 ^ input22/I (gf180mcu_fd_sc_mcu7t5v0__dlyb_1)
     1    0.004361    0.098908    0.519573    4.549572 ^ input22/Z (gf180mcu_fd_sc_mcu7t5v0__dlyb_1)
                                                         net22 (net)
                      0.098908    0.000049    4.549620 ^ fanout46/I (gf180mcu_fd_sc_mcu7t5v0__dlyb_1)
     7    0.066696    0.742139    0.911421    5.461041 ^ fanout46/Z (gf180mcu_fd_sc_mcu7t5v0__dlyb_1)
                                                         net46 (net)
                      0.742139    0.000676    5.461717 ^ fanout43/I (gf180mcu_fd_sc_mcu7t5v0__dlyb_1)
    10    0.086886    0.956788    1.042892    6.504610 ^ fanout43/Z (gf180mcu_fd_sc_mcu7t5v0__dlyb_1)
                                                         net43 (net)
                      0.956804    0.002264    6.506873 ^ _298_/RN (gf180mcu_fd_sc_mcu7t5v0__dffrnq_1)
                                              6.506873   data arrival time

                                  0.000000    0.000000   clock clk_i (rise edge)
                                  0.000000    0.000000   clock source latency
     1    0.033878    0.112179    0.057733    0.057733 ^ clk_i (in)
                                                         clk_i (net)
                      0.112185    0.000000    0.057733 ^ clkbuf_0_clk_i/I (gf180mcu_fd_sc_mcu7t5v0__clkbuf_16)
     4    0.095858    0.099343    0.186055    0.243788 ^ clkbuf_0_clk_i/Z (gf180mcu_fd_sc_mcu7t5v0__clkbuf_16)
                                                         clknet_0_clk_i (net)
                      0.099345    0.000720    0.244508 ^ clkbuf_2_0__f_clk_i/I (gf180mcu_fd_sc_mcu7t5v0__clkbuf_16)
     8    0.039750    0.067950    0.159354    0.403862 ^ clkbuf_2_0__f_clk_i/Z (gf180mcu_fd_sc_mcu7t5v0__clkbuf_16)
                                                         clknet_2_0__leaf_clk_i (net)
                      0.067952    0.000848    0.404710 ^ _298_/CLK (gf180mcu_fd_sc_mcu7t5v0__dffrnq_1)
                                  0.250000    0.654710   clock uncertainty
                                  0.000000    0.654710   clock reconvergence pessimism
                                  0.246435    0.901145   library removal time
                                              0.901145   data required time
---------------------------------------------------------------------------------------------
                                              0.901145   data required time
                                             -6.506873   data arrival time
---------------------------------------------------------------------------------------------
                                              5.605728   slack (MET)


Startpoint: rstn_i (input port clocked by clk_i)
Endpoint: _297_ (removal check against rising-edge clock clk_i)
Path Group: asynchronous
Path Type: min

Fanout         Cap        Slew       Delay        Time   Description
---------------------------------------------------------------------------------------------
                                  0.000000    0.000000   clock clk_i (rise edge)
                                  0.000000    0.000000   clock network delay (propagated)
                                  4.000000    4.000000 ^ input external delay
     1    0.004458    0.078398    0.029999    4.029999 ^ rstn_i (in)
                                                         rstn_i (net)
                      0.078398    0.000000    4.029999 ^ input22/I (gf180mcu_fd_sc_mcu7t5v0__dlyb_1)
     1    0.004361    0.098908    0.519573    4.549572 ^ input22/Z (gf180mcu_fd_sc_mcu7t5v0__dlyb_1)
                                                         net22 (net)
                      0.098908    0.000049    4.549620 ^ fanout46/I (gf180mcu_fd_sc_mcu7t5v0__dlyb_1)
     7    0.066696    0.742139    0.911421    5.461041 ^ fanout46/Z (gf180mcu_fd_sc_mcu7t5v0__dlyb_1)
                                                         net46 (net)
                      0.742150    0.001601    5.462643 ^ fanout45/I (gf180mcu_fd_sc_mcu7t5v0__dlyb_1)
    10    0.100008    1.096523    1.124537    6.587180 ^ fanout45/Z (gf180mcu_fd_sc_mcu7t5v0__dlyb_1)
                                                         net45 (net)
                      1.096539    0.002352    6.589531 ^ _297_/RN (gf180mcu_fd_sc_mcu7t5v0__dffrnq_1)
                                              6.589531   data arrival time

                                  0.000000    0.000000   clock clk_i (rise edge)
                                  0.000000    0.000000   clock source latency
     1    0.033878    0.112179    0.057733    0.057733 ^ clk_i (in)
                                                         clk_i (net)
                      0.112185    0.000000    0.057733 ^ clkbuf_0_clk_i/I (gf180mcu_fd_sc_mcu7t5v0__clkbuf_16)
     4    0.095858    0.099343    0.186055    0.243788 ^ clkbuf_0_clk_i/Z (gf180mcu_fd_sc_mcu7t5v0__clkbuf_16)
                                                         clknet_0_clk_i (net)
                      0.099346    0.000952    0.244740 ^ clkbuf_2_2__f_clk_i/I (gf180mcu_fd_sc_mcu7t5v0__clkbuf_16)
     9    0.050749    0.074103    0.164115    0.408855 ^ clkbuf_2_2__f_clk_i/Z (gf180mcu_fd_sc_mcu7t5v0__clkbuf_16)
                                                         clknet_2_2__leaf_clk_i (net)
                      0.074103    0.000378    0.409233 ^ _297_/CLK (gf180mcu_fd_sc_mcu7t5v0__dffrnq_1)
                                  0.250000    0.659233   clock uncertainty
                                  0.000000    0.659233   clock reconvergence pessimism
                                  0.248727    0.907960   library removal time
                                              0.907960   data required time
---------------------------------------------------------------------------------------------
                                              0.907960   data required time
                                             -6.589531   data arrival time
---------------------------------------------------------------------------------------------
                                              5.681571   slack (MET)


Startpoint: rstn_i (input port clocked by clk_i)
Endpoint: _300_ (removal check against rising-edge clock clk_i)
Path Group: asynchronous
Path Type: min

Fanout         Cap        Slew       Delay        Time   Description
---------------------------------------------------------------------------------------------
                                  0.000000    0.000000   clock clk_i (rise edge)
                                  0.000000    0.000000   clock network delay (propagated)
                                  4.000000    4.000000 ^ input external delay
     1    0.004458    0.078398    0.029999    4.029999 ^ rstn_i (in)
                                                         rstn_i (net)
                      0.078398    0.000000    4.029999 ^ input22/I (gf180mcu_fd_sc_mcu7t5v0__dlyb_1)
     1    0.004361    0.098908    0.519573    4.549572 ^ input22/Z (gf180mcu_fd_sc_mcu7t5v0__dlyb_1)
                                                         net22 (net)
                      0.098908    0.000049    4.549620 ^ fanout46/I (gf180mcu_fd_sc_mcu7t5v0__dlyb_1)
     7    0.066696    0.742139    0.911421    5.461041 ^ fanout46/Z (gf180mcu_fd_sc_mcu7t5v0__dlyb_1)
                                                         net46 (net)
                      0.742150    0.001601    5.462643 ^ fanout45/I (gf180mcu_fd_sc_mcu7t5v0__dlyb_1)
    10    0.100008    1.096523    1.124537    6.587180 ^ fanout45/Z (gf180mcu_fd_sc_mcu7t5v0__dlyb_1)
                                                         net45 (net)
                      1.096542    0.002595    6.589775 ^ _300_/RN (gf180mcu_fd_sc_mcu7t5v0__dffrnq_1)
                                              6.589775   data arrival time

                                  0.000000    0.000000   clock clk_i (rise edge)
                                  0.000000    0.000000   clock source latency
     1    0.033878    0.112179    0.057733    0.057733 ^ clk_i (in)
                                                         clk_i (net)
                      0.112185    0.000000    0.057733 ^ clkbuf_0_clk_i/I (gf180mcu_fd_sc_mcu7t5v0__clkbuf_16)
     4    0.095858    0.099343    0.186055    0.243788 ^ clkbuf_0_clk_i/Z (gf180mcu_fd_sc_mcu7t5v0__clkbuf_16)
                                                         clknet_0_clk_i (net)
                      0.099346    0.000952    0.244740 ^ clkbuf_2_2__f_clk_i/I (gf180mcu_fd_sc_mcu7t5v0__clkbuf_16)
     9    0.050749    0.074103    0.164115    0.408855 ^ clkbuf_2_2__f_clk_i/Z (gf180mcu_fd_sc_mcu7t5v0__clkbuf_16)
                                                         clknet_2_2__leaf_clk_i (net)
                      0.074103    0.000347    0.409202 ^ _300_/CLK (gf180mcu_fd_sc_mcu7t5v0__dffrnq_1)
                                  0.250000    0.659202   clock uncertainty
                                  0.000000    0.659202   clock reconvergence pessimism
                                  0.248727    0.907929   library removal time
                                              0.907929   data required time
---------------------------------------------------------------------------------------------
                                              0.907929   data required time
                                             -6.589775   data arrival time
---------------------------------------------------------------------------------------------
                                              5.681845   slack (MET)


Startpoint: rstn_i (input port clocked by clk_i)
Endpoint: _303_ (removal check against rising-edge clock clk_i)
Path Group: asynchronous
Path Type: min

Fanout         Cap        Slew       Delay        Time   Description
---------------------------------------------------------------------------------------------
                                  0.000000    0.000000   clock clk_i (rise edge)
                                  0.000000    0.000000   clock network delay (propagated)
                                  4.000000    4.000000 ^ input external delay
     1    0.004458    0.078398    0.029999    4.029999 ^ rstn_i (in)
                                                         rstn_i (net)
                      0.078398    0.000000    4.029999 ^ input22/I (gf180mcu_fd_sc_mcu7t5v0__dlyb_1)
     1    0.004361    0.098908    0.519573    4.549572 ^ input22/Z (gf180mcu_fd_sc_mcu7t5v0__dlyb_1)
                                                         net22 (net)
                      0.098908    0.000049    4.549620 ^ fanout46/I (gf180mcu_fd_sc_mcu7t5v0__dlyb_1)
     7    0.066696    0.742139    0.911421    5.461041 ^ fanout46/Z (gf180mcu_fd_sc_mcu7t5v0__dlyb_1)
                                                         net46 (net)
                      0.742150    0.001601    5.462643 ^ fanout45/I (gf180mcu_fd_sc_mcu7t5v0__dlyb_1)
    10    0.100008    1.096523    1.124537    6.587180 ^ fanout45/Z (gf180mcu_fd_sc_mcu7t5v0__dlyb_1)
                                                         net45 (net)
                      1.096553    0.003268    6.590448 ^ _303_/RN (gf180mcu_fd_sc_mcu7t5v0__dffrnq_1)
                                              6.590448   data arrival time

                                  0.000000    0.000000   clock clk_i (rise edge)
                                  0.000000    0.000000   clock source latency
     1    0.033878    0.112179    0.057733    0.057733 ^ clk_i (in)
                                                         clk_i (net)
                      0.112185    0.000000    0.057733 ^ clkbuf_0_clk_i/I (gf180mcu_fd_sc_mcu7t5v0__clkbuf_16)
     4    0.095858    0.099343    0.186055    0.243788 ^ clkbuf_0_clk_i/Z (gf180mcu_fd_sc_mcu7t5v0__clkbuf_16)
                                                         clknet_0_clk_i (net)
                      0.099346    0.000952    0.244740 ^ clkbuf_2_2__f_clk_i/I (gf180mcu_fd_sc_mcu7t5v0__clkbuf_16)
     9    0.050749    0.074103    0.164115    0.408855 ^ clkbuf_2_2__f_clk_i/Z (gf180mcu_fd_sc_mcu7t5v0__clkbuf_16)
                                                         clknet_2_2__leaf_clk_i (net)
                      0.074104    0.000469    0.409324 ^ _303_/CLK (gf180mcu_fd_sc_mcu7t5v0__dffrnq_1)
                                  0.250000    0.659324   clock uncertainty
                                  0.000000    0.659324   clock reconvergence pessimism
                                  0.248727    0.908051   library removal time
                                              0.908051   data required time
---------------------------------------------------------------------------------------------
                                              0.908051   data required time
                                             -6.590448   data arrival time
---------------------------------------------------------------------------------------------
                                              5.682396   slack (MET)


Startpoint: rstn_i (input port clocked by clk_i)
Endpoint: _305_ (removal check against rising-edge clock clk_i)
Path Group: asynchronous
Path Type: min

Fanout         Cap        Slew       Delay        Time   Description
---------------------------------------------------------------------------------------------
                                  0.000000    0.000000   clock clk_i (rise edge)
                                  0.000000    0.000000   clock network delay (propagated)
                                  4.000000    4.000000 ^ input external delay
     1    0.004458    0.078398    0.029999    4.029999 ^ rstn_i (in)
                                                         rstn_i (net)
                      0.078398    0.000000    4.029999 ^ input22/I (gf180mcu_fd_sc_mcu7t5v0__dlyb_1)
     1    0.004361    0.098908    0.519573    4.549572 ^ input22/Z (gf180mcu_fd_sc_mcu7t5v0__dlyb_1)
                                                         net22 (net)
                      0.098908    0.000049    4.549620 ^ fanout46/I (gf180mcu_fd_sc_mcu7t5v0__dlyb_1)
     7    0.066696    0.742139    0.911421    5.461041 ^ fanout46/Z (gf180mcu_fd_sc_mcu7t5v0__dlyb_1)
                                                         net46 (net)
                      0.742150    0.001601    5.462643 ^ fanout45/I (gf180mcu_fd_sc_mcu7t5v0__dlyb_1)
    10    0.100008    1.096523    1.124537    6.587180 ^ fanout45/Z (gf180mcu_fd_sc_mcu7t5v0__dlyb_1)
                                                         net45 (net)
                      1.096550    0.003080    6.590260 ^ _305_/RN (gf180mcu_fd_sc_mcu7t5v0__dffrnq_1)
                                              6.590260   data arrival time

                                  0.000000    0.000000   clock clk_i (rise edge)
                                  0.000000    0.000000   clock source latency
     1    0.033878    0.112179    0.057733    0.057733 ^ clk_i (in)
                                                         clk_i (net)
                      0.112185    0.000000    0.057733 ^ clkbuf_0_clk_i/I (gf180mcu_fd_sc_mcu7t5v0__clkbuf_16)
     4    0.095858    0.099343    0.186055    0.243788 ^ clkbuf_0_clk_i/Z (gf180mcu_fd_sc_mcu7t5v0__clkbuf_16)
                                                         clknet_0_clk_i (net)
                      0.099346    0.000952    0.244740 ^ clkbuf_2_2__f_clk_i/I (gf180mcu_fd_sc_mcu7t5v0__clkbuf_16)
     9    0.050749    0.074103    0.164115    0.408855 ^ clkbuf_2_2__f_clk_i/Z (gf180mcu_fd_sc_mcu7t5v0__clkbuf_16)
                                                         clknet_2_2__leaf_clk_i (net)
                      0.074103    0.000279    0.409134 ^ _305_/CLK (gf180mcu_fd_sc_mcu7t5v0__dffrnq_1)
                                  0.250000    0.659134   clock uncertainty
                                  0.000000    0.659134   clock reconvergence pessimism
                                  0.248727    0.907861   library removal time
                                              0.907861   data required time
---------------------------------------------------------------------------------------------
                                              0.907861   data required time
                                             -6.590260   data arrival time
---------------------------------------------------------------------------------------------
                                              5.682399   slack (MET)


Startpoint: rstn_i (input port clocked by clk_i)
Endpoint: _301_ (removal check against rising-edge clock clk_i)
Path Group: asynchronous
Path Type: min

Fanout         Cap        Slew       Delay        Time   Description
---------------------------------------------------------------------------------------------
                                  0.000000    0.000000   clock clk_i (rise edge)
                                  0.000000    0.000000   clock network delay (propagated)
                                  4.000000    4.000000 ^ input external delay
     1    0.004458    0.078398    0.029999    4.029999 ^ rstn_i (in)
                                                         rstn_i (net)
                      0.078398    0.000000    4.029999 ^ input22/I (gf180mcu_fd_sc_mcu7t5v0__dlyb_1)
     1    0.004361    0.098908    0.519573    4.549572 ^ input22/Z (gf180mcu_fd_sc_mcu7t5v0__dlyb_1)
                                                         net22 (net)
                      0.098908    0.000049    4.549620 ^ fanout46/I (gf180mcu_fd_sc_mcu7t5v0__dlyb_1)
     7    0.066696    0.742139    0.911421    5.461041 ^ fanout46/Z (gf180mcu_fd_sc_mcu7t5v0__dlyb_1)
                                                         net46 (net)
                      0.742150    0.001601    5.462643 ^ fanout45/I (gf180mcu_fd_sc_mcu7t5v0__dlyb_1)
    10    0.100008    1.096523    1.124537    6.587180 ^ fanout45/Z (gf180mcu_fd_sc_mcu7t5v0__dlyb_1)
                                                         net45 (net)
                      1.096560    0.003635    6.590815 ^ _301_/RN (gf180mcu_fd_sc_mcu7t5v0__dffrnq_1)
                                              6.590815   data arrival time

                                  0.000000    0.000000   clock clk_i (rise edge)
                                  0.000000    0.000000   clock source latency
     1    0.033878    0.112179    0.057733    0.057733 ^ clk_i (in)
                                                         clk_i (net)
                      0.112185    0.000000    0.057733 ^ clkbuf_0_clk_i/I (gf180mcu_fd_sc_mcu7t5v0__clkbuf_16)
     4    0.095858    0.099343    0.186055    0.243788 ^ clkbuf_0_clk_i/Z (gf180mcu_fd_sc_mcu7t5v0__clkbuf_16)
                                                         clknet_0_clk_i (net)
                      0.099346    0.000952    0.244740 ^ clkbuf_2_2__f_clk_i/I (gf180mcu_fd_sc_mcu7t5v0__clkbuf_16)
     9    0.050749    0.074103    0.164115    0.408855 ^ clkbuf_2_2__f_clk_i/Z (gf180mcu_fd_sc_mcu7t5v0__clkbuf_16)
                                                         clknet_2_2__leaf_clk_i (net)
                      0.074105    0.000654    0.409509 ^ _301_/CLK (gf180mcu_fd_sc_mcu7t5v0__dffrnq_1)
                                  0.250000    0.659509   clock uncertainty
                                  0.000000    0.659509   clock reconvergence pessimism
                                  0.248727    0.908236   library removal time
                                              0.908236   data required time
---------------------------------------------------------------------------------------------
                                              0.908236   data required time
                                             -6.590815   data arrival time
---------------------------------------------------------------------------------------------
                                              5.682579   slack (MET)


Startpoint: rstn_i (input port clocked by clk_i)
Endpoint: _302_ (removal check against rising-edge clock clk_i)
Path Group: asynchronous
Path Type: min

Fanout         Cap        Slew       Delay        Time   Description
---------------------------------------------------------------------------------------------
                                  0.000000    0.000000   clock clk_i (rise edge)
                                  0.000000    0.000000   clock network delay (propagated)
                                  4.000000    4.000000 ^ input external delay
     1    0.004458    0.078398    0.029999    4.029999 ^ rstn_i (in)
                                                         rstn_i (net)
                      0.078398    0.000000    4.029999 ^ input22/I (gf180mcu_fd_sc_mcu7t5v0__dlyb_1)
     1    0.004361    0.098908    0.519573    4.549572 ^ input22/Z (gf180mcu_fd_sc_mcu7t5v0__dlyb_1)
                                                         net22 (net)
                      0.098908    0.000049    4.549620 ^ fanout46/I (gf180mcu_fd_sc_mcu7t5v0__dlyb_1)
     7    0.066696    0.742139    0.911421    5.461041 ^ fanout46/Z (gf180mcu_fd_sc_mcu7t5v0__dlyb_1)
                                                         net46 (net)
                      0.742150    0.001601    5.462643 ^ fanout45/I (gf180mcu_fd_sc_mcu7t5v0__dlyb_1)
    10    0.100008    1.096523    1.124537    6.587180 ^ fanout45/Z (gf180mcu_fd_sc_mcu7t5v0__dlyb_1)
                                                         net45 (net)
                      1.096561    0.003662    6.590841 ^ _302_/RN (gf180mcu_fd_sc_mcu7t5v0__dffrnq_1)
                                              6.590841   data arrival time

                                  0.000000    0.000000   clock clk_i (rise edge)
                                  0.000000    0.000000   clock source latency
     1    0.033878    0.112179    0.057733    0.057733 ^ clk_i (in)
                                                         clk_i (net)
                      0.112185    0.000000    0.057733 ^ clkbuf_0_clk_i/I (gf180mcu_fd_sc_mcu7t5v0__clkbuf_16)
     4    0.095858    0.099343    0.186055    0.243788 ^ clkbuf_0_clk_i/Z (gf180mcu_fd_sc_mcu7t5v0__clkbuf_16)
                                                         clknet_0_clk_i (net)
                      0.099346    0.000952    0.244740 ^ clkbuf_2_2__f_clk_i/I (gf180mcu_fd_sc_mcu7t5v0__clkbuf_16)
     9    0.050749    0.074103    0.164115    0.408855 ^ clkbuf_2_2__f_clk_i/Z (gf180mcu_fd_sc_mcu7t5v0__clkbuf_16)
                                                         clknet_2_2__leaf_clk_i (net)
                      0.074105    0.000641    0.409497 ^ _302_/CLK (gf180mcu_fd_sc_mcu7t5v0__dffrnq_1)
                                  0.250000    0.659496   clock uncertainty
                                  0.000000    0.659496   clock reconvergence pessimism
                                  0.248727    0.908224   library removal time
                                              0.908224   data required time
---------------------------------------------------------------------------------------------
                                              0.908224   data required time
                                             -6.590841   data arrival time
---------------------------------------------------------------------------------------------
                                              5.682617   slack (MET)


Startpoint: rstn_i (input port clocked by clk_i)
Endpoint: _304_ (removal check against rising-edge clock clk_i)
Path Group: asynchronous
Path Type: min

Fanout         Cap        Slew       Delay        Time   Description
---------------------------------------------------------------------------------------------
                                  0.000000    0.000000   clock clk_i (rise edge)
                                  0.000000    0.000000   clock network delay (propagated)
                                  4.000000    4.000000 ^ input external delay
     1    0.004458    0.078398    0.029999    4.029999 ^ rstn_i (in)
                                                         rstn_i (net)
                      0.078398    0.000000    4.029999 ^ input22/I (gf180mcu_fd_sc_mcu7t5v0__dlyb_1)
     1    0.004361    0.098908    0.519573    4.549572 ^ input22/Z (gf180mcu_fd_sc_mcu7t5v0__dlyb_1)
                                                         net22 (net)
                      0.098908    0.000049    4.549620 ^ fanout46/I (gf180mcu_fd_sc_mcu7t5v0__dlyb_1)
     7    0.066696    0.742139    0.911421    5.461041 ^ fanout46/Z (gf180mcu_fd_sc_mcu7t5v0__dlyb_1)
                                                         net46 (net)
                      0.742150    0.001601    5.462643 ^ fanout45/I (gf180mcu_fd_sc_mcu7t5v0__dlyb_1)
    10    0.100008    1.096523    1.124537    6.587180 ^ fanout45/Z (gf180mcu_fd_sc_mcu7t5v0__dlyb_1)
                                                         net45 (net)
                      1.096561    0.003661    6.590840 ^ _304_/RN (gf180mcu_fd_sc_mcu7t5v0__dffrnq_1)
                                              6.590840   data arrival time

                                  0.000000    0.000000   clock clk_i (rise edge)
                                  0.000000    0.000000   clock source latency
     1    0.033878    0.112179    0.057733    0.057733 ^ clk_i (in)
                                                         clk_i (net)
                      0.112185    0.000000    0.057733 ^ clkbuf_0_clk_i/I (gf180mcu_fd_sc_mcu7t5v0__clkbuf_16)
     4    0.095858    0.099343    0.186055    0.243788 ^ clkbuf_0_clk_i/Z (gf180mcu_fd_sc_mcu7t5v0__clkbuf_16)
                                                         clknet_0_clk_i (net)
                      0.099346    0.000952    0.244740 ^ clkbuf_2_2__f_clk_i/I (gf180mcu_fd_sc_mcu7t5v0__clkbuf_16)
     9    0.050749    0.074103    0.164115    0.408855 ^ clkbuf_2_2__f_clk_i/Z (gf180mcu_fd_sc_mcu7t5v0__clkbuf_16)
                                                         clknet_2_2__leaf_clk_i (net)
                      0.074104    0.000636    0.409491 ^ _304_/CLK (gf180mcu_fd_sc_mcu7t5v0__dffrnq_1)
                                  0.250000    0.659491   clock uncertainty
                                  0.000000    0.659491   clock reconvergence pessimism
                                  0.248727    0.908219   library removal time
                                              0.908219   data required time
---------------------------------------------------------------------------------------------
                                              0.908219   data required time
                                             -6.590840   data arrival time
---------------------------------------------------------------------------------------------
                                              5.682621   slack (MET)


Startpoint: rstn_i (input port clocked by clk_i)
Endpoint: _278_ (removal check against rising-edge clock clk_i)
Path Group: asynchronous
Path Type: min

Fanout         Cap        Slew       Delay        Time   Description
---------------------------------------------------------------------------------------------
                                  0.000000    0.000000   clock clk_i (rise edge)
                                  0.000000    0.000000   clock network delay (propagated)
                                  4.000000    4.000000 ^ input external delay
     1    0.004458    0.078398    0.029999    4.029999 ^ rstn_i (in)
                                                         rstn_i (net)
                      0.078398    0.000000    4.029999 ^ input22/I (gf180mcu_fd_sc_mcu7t5v0__dlyb_1)
     1    0.004361    0.098908    0.519573    4.549572 ^ input22/Z (gf180mcu_fd_sc_mcu7t5v0__dlyb_1)
                                                         net22 (net)
                      0.098908    0.000049    4.549620 ^ fanout46/I (gf180mcu_fd_sc_mcu7t5v0__dlyb_1)
     7    0.066696    0.742139    0.911421    5.461041 ^ fanout46/Z (gf180mcu_fd_sc_mcu7t5v0__dlyb_1)
                                                         net46 (net)
                      0.742150    0.001601    5.462643 ^ fanout45/I (gf180mcu_fd_sc_mcu7t5v0__dlyb_1)
    10    0.100008    1.096523    1.124537    6.587180 ^ fanout45/Z (gf180mcu_fd_sc_mcu7t5v0__dlyb_1)
                                                         net45 (net)
                      1.096527    0.001231    6.588410 ^ _278_/RN (gf180mcu_fd_sc_mcu7t5v0__dffrnq_1)
                                              6.588410   data arrival time

                                  0.000000    0.000000   clock clk_i (rise edge)
                                  0.000000    0.000000   clock source latency
     1    0.033878    0.112179    0.057733    0.057733 ^ clk_i (in)
                                                         clk_i (net)
                      0.112185    0.000000    0.057733 ^ clkbuf_0_clk_i/I (gf180mcu_fd_sc_mcu7t5v0__clkbuf_16)
     4    0.095858    0.099343    0.186055    0.243788 ^ clkbuf_0_clk_i/Z (gf180mcu_fd_sc_mcu7t5v0__clkbuf_16)
                                                         clknet_0_clk_i (net)
                      0.099346    0.000940    0.244728 ^ clkbuf_2_3__f_clk_i/I (gf180mcu_fd_sc_mcu7t5v0__clkbuf_16)
     9    0.043609    0.070122    0.161095    0.405823 ^ clkbuf_2_3__f_clk_i/Z (gf180mcu_fd_sc_mcu7t5v0__clkbuf_16)
                                                         clknet_2_3__leaf_clk_i (net)
                      0.070123    0.000221    0.406044 ^ _278_/CLK (gf180mcu_fd_sc_mcu7t5v0__dffrnq_1)
                                  0.250000    0.656044   clock uncertainty
                                  0.000000    0.656044   clock reconvergence pessimism
                                  0.247862    0.903906   library removal time
                                              0.903906   data required time
---------------------------------------------------------------------------------------------
                                              0.903906   data required time
                                             -6.588410   data arrival time
---------------------------------------------------------------------------------------------
                                              5.684505   slack (MET)


Startpoint: rstn_i (input port clocked by clk_i)
Endpoint: _280_ (removal check against rising-edge clock clk_i)
Path Group: asynchronous
Path Type: min

Fanout         Cap        Slew       Delay        Time   Description
---------------------------------------------------------------------------------------------
                                  0.000000    0.000000   clock clk_i (rise edge)
                                  0.000000    0.000000   clock network delay (propagated)
                                  4.000000    4.000000 ^ input external delay
     1    0.004458    0.078398    0.029999    4.029999 ^ rstn_i (in)
                                                         rstn_i (net)
                      0.078398    0.000000    4.029999 ^ input22/I (gf180mcu_fd_sc_mcu7t5v0__dlyb_1)
     1    0.004361    0.098908    0.519573    4.549572 ^ input22/Z (gf180mcu_fd_sc_mcu7t5v0__dlyb_1)
                                                         net22 (net)
                      0.098908    0.000049    4.549620 ^ fanout46/I (gf180mcu_fd_sc_mcu7t5v0__dlyb_1)
     7    0.066696    0.742139    0.911421    5.461041 ^ fanout46/Z (gf180mcu_fd_sc_mcu7t5v0__dlyb_1)
                                                         net46 (net)
                      0.742150    0.001601    5.462643 ^ fanout45/I (gf180mcu_fd_sc_mcu7t5v0__dlyb_1)
    10    0.100008    1.096523    1.124537    6.587180 ^ fanout45/Z (gf180mcu_fd_sc_mcu7t5v0__dlyb_1)
                                                         net45 (net)
                      1.096527    0.001261    6.588440 ^ _280_/RN (gf180mcu_fd_sc_mcu7t5v0__dffrnq_1)
                                              6.588440   data arrival time

                                  0.000000    0.000000   clock clk_i (rise edge)
                                  0.000000    0.000000   clock source latency
     1    0.033878    0.112179    0.057733    0.057733 ^ clk_i (in)
                                                         clk_i (net)
                      0.112185    0.000000    0.057733 ^ clkbuf_0_clk_i/I (gf180mcu_fd_sc_mcu7t5v0__clkbuf_16)
     4    0.095858    0.099343    0.186055    0.243788 ^ clkbuf_0_clk_i/Z (gf180mcu_fd_sc_mcu7t5v0__clkbuf_16)
                                                         clknet_0_clk_i (net)
                      0.099346    0.000940    0.244728 ^ clkbuf_2_3__f_clk_i/I (gf180mcu_fd_sc_mcu7t5v0__clkbuf_16)
     9    0.043609    0.070122    0.161095    0.405823 ^ clkbuf_2_3__f_clk_i/Z (gf180mcu_fd_sc_mcu7t5v0__clkbuf_16)
                                                         clknet_2_3__leaf_clk_i (net)
                      0.070123    0.000136    0.405959 ^ _280_/CLK (gf180mcu_fd_sc_mcu7t5v0__dffrnq_1)
                                  0.250000    0.655959   clock uncertainty
                                  0.000000    0.655959   clock reconvergence pessimism
                                  0.247862    0.903821   library removal time
                                              0.903821   data required time
---------------------------------------------------------------------------------------------
                                              0.903821   data required time
                                             -6.588440   data arrival time
---------------------------------------------------------------------------------------------
                                              5.684619   slack (MET)


Startpoint: rstn_i (input port clocked by clk_i)
Endpoint: _279_ (removal check against rising-edge clock clk_i)
Path Group: asynchronous
Path Type: min

Fanout         Cap        Slew       Delay        Time   Description
---------------------------------------------------------------------------------------------
                                  0.000000    0.000000   clock clk_i (rise edge)
                                  0.000000    0.000000   clock network delay (propagated)
                                  4.000000    4.000000 ^ input external delay
     1    0.004458    0.078398    0.029999    4.029999 ^ rstn_i (in)
                                                         rstn_i (net)
                      0.078398    0.000000    4.029999 ^ input22/I (gf180mcu_fd_sc_mcu7t5v0__dlyb_1)
     1    0.004361    0.098908    0.519573    4.549572 ^ input22/Z (gf180mcu_fd_sc_mcu7t5v0__dlyb_1)
                                                         net22 (net)
                      0.098908    0.000049    4.549620 ^ fanout46/I (gf180mcu_fd_sc_mcu7t5v0__dlyb_1)
     7    0.066696    0.742139    0.911421    5.461041 ^ fanout46/Z (gf180mcu_fd_sc_mcu7t5v0__dlyb_1)
                                                         net46 (net)
                      0.742150    0.001601    5.462643 ^ fanout45/I (gf180mcu_fd_sc_mcu7t5v0__dlyb_1)
    10    0.100008    1.096523    1.124537    6.587180 ^ fanout45/Z (gf180mcu_fd_sc_mcu7t5v0__dlyb_1)
                                                         net45 (net)
                      1.096527    0.001235    6.588415 ^ _279_/RN (gf180mcu_fd_sc_mcu7t5v0__dffrnq_1)
                                              6.588415   data arrival time

                                  0.000000    0.000000   clock clk_i (rise edge)
                                  0.000000    0.000000   clock source latency
     1    0.033878    0.112179    0.057733    0.057733 ^ clk_i (in)
                                                         clk_i (net)
                      0.112185    0.000000    0.057733 ^ clkbuf_0_clk_i/I (gf180mcu_fd_sc_mcu7t5v0__clkbuf_16)
     4    0.095858    0.099343    0.186055    0.243788 ^ clkbuf_0_clk_i/Z (gf180mcu_fd_sc_mcu7t5v0__clkbuf_16)
                                                         clknet_0_clk_i (net)
                      0.099346    0.000940    0.244728 ^ clkbuf_2_3__f_clk_i/I (gf180mcu_fd_sc_mcu7t5v0__clkbuf_16)
     9    0.043609    0.070122    0.161095    0.405823 ^ clkbuf_2_3__f_clk_i/Z (gf180mcu_fd_sc_mcu7t5v0__clkbuf_16)
                                                         clknet_2_3__leaf_clk_i (net)
                      0.070122    0.000084    0.405907 ^ _279_/CLK (gf180mcu_fd_sc_mcu7t5v0__dffrnq_1)
                                  0.250000    0.655907   clock uncertainty
                                  0.000000    0.655907   clock reconvergence pessimism
                                  0.247862    0.903768   library removal time
                                              0.903768   data required time
---------------------------------------------------------------------------------------------
                                              0.903768   data required time
                                             -6.588415   data arrival time
---------------------------------------------------------------------------------------------
                                              5.684646   slack (MET)


Startpoint: rstn_i (input port clocked by clk_i)
Endpoint: _287_ (removal check against rising-edge clock clk_i)
Path Group: asynchronous
Path Type: min

Fanout         Cap        Slew       Delay        Time   Description
---------------------------------------------------------------------------------------------
                                  0.000000    0.000000   clock clk_i (rise edge)
                                  0.000000    0.000000   clock network delay (propagated)
                                  4.000000    4.000000 ^ input external delay
     1    0.004458    0.078398    0.029999    4.029999 ^ rstn_i (in)
                                                         rstn_i (net)
                      0.078398    0.000000    4.029999 ^ input22/I (gf180mcu_fd_sc_mcu7t5v0__dlyb_1)
     1    0.004361    0.098908    0.519573    4.549572 ^ input22/Z (gf180mcu_fd_sc_mcu7t5v0__dlyb_1)
                                                         net22 (net)
                      0.098908    0.000049    4.549620 ^ fanout46/I (gf180mcu_fd_sc_mcu7t5v0__dlyb_1)
     7    0.066696    0.742139    0.911421    5.461041 ^ fanout46/Z (gf180mcu_fd_sc_mcu7t5v0__dlyb_1)
                                                         net46 (net)
                      0.742139    0.000425    5.461466 ^ fanout44/I (gf180mcu_fd_sc_mcu7t5v0__dlyb_1)
     8    0.074603    0.826541    0.966027    6.427493 ^ fanout44/Z (gf180mcu_fd_sc_mcu7t5v0__dlyb_1)
                                                         net44 (net)
                      0.826547    0.001195    6.428688 ^ _287_/SETN (gf180mcu_fd_sc_mcu7t5v0__dffsnq_1)
                                              6.428688   data arrival time

                                  0.000000    0.000000   clock clk_i (rise edge)
                                  0.000000    0.000000   clock source latency
     1    0.033878    0.112179    0.057733    0.057733 ^ clk_i (in)
                                                         clk_i (net)
                      0.112185    0.000000    0.057733 ^ clkbuf_0_clk_i/I (gf180mcu_fd_sc_mcu7t5v0__clkbuf_16)
     4    0.095858    0.099343    0.186055    0.243788 ^ clkbuf_0_clk_i/Z (gf180mcu_fd_sc_mcu7t5v0__clkbuf_16)
                                                         clknet_0_clk_i (net)
                      0.099346    0.000962    0.244750 ^ clkbuf_2_1__f_clk_i/I (gf180mcu_fd_sc_mcu7t5v0__clkbuf_16)
     8    0.040523    0.068375    0.159625    0.404375 ^ clkbuf_2_1__f_clk_i/Z (gf180mcu_fd_sc_mcu7t5v0__clkbuf_16)
                                                         clknet_2_1__leaf_clk_i (net)
                      0.068379    0.000989    0.405365 ^ _287_/CLK (gf180mcu_fd_sc_mcu7t5v0__dffsnq_1)
                                  0.250000    0.655365   clock uncertainty
                                  0.000000    0.655365   clock reconvergence pessimism
                                  0.043055    0.698420   library removal time
                                              0.698420   data required time
---------------------------------------------------------------------------------------------
                                              0.698420   data required time
                                             -6.428688   data arrival time
---------------------------------------------------------------------------------------------
                                              5.730268   slack (MET)


Startpoint: rstn_i (input port clocked by clk_i)
Endpoint: _286_ (removal check against rising-edge clock clk_i)
Path Group: asynchronous
Path Type: min

Fanout         Cap        Slew       Delay        Time   Description
---------------------------------------------------------------------------------------------
                                  0.000000    0.000000   clock clk_i (rise edge)
                                  0.000000    0.000000   clock network delay (propagated)
                                  4.000000    4.000000 ^ input external delay
     1    0.004458    0.078398    0.029999    4.029999 ^ rstn_i (in)
                                                         rstn_i (net)
                      0.078398    0.000000    4.029999 ^ input22/I (gf180mcu_fd_sc_mcu7t5v0__dlyb_1)
     1    0.004361    0.098908    0.519573    4.549572 ^ input22/Z (gf180mcu_fd_sc_mcu7t5v0__dlyb_1)
                                                         net22 (net)
                      0.098908    0.000049    4.549620 ^ fanout46/I (gf180mcu_fd_sc_mcu7t5v0__dlyb_1)
     7    0.066696    0.742139    0.911421    5.461041 ^ fanout46/Z (gf180mcu_fd_sc_mcu7t5v0__dlyb_1)
                                                         net46 (net)
                      0.742139    0.000425    5.461466 ^ fanout44/I (gf180mcu_fd_sc_mcu7t5v0__dlyb_1)
     8    0.074603    0.826541    0.966027    6.427493 ^ fanout44/Z (gf180mcu_fd_sc_mcu7t5v0__dlyb_1)
                                                         net44 (net)
                      0.826546    0.001170    6.428663 ^ _286_/SETN (gf180mcu_fd_sc_mcu7t5v0__dffsnq_1)
                                              6.428663   data arrival time

                                  0.000000    0.000000   clock clk_i (rise edge)
                                  0.000000    0.000000   clock source latency
     1    0.033878    0.112179    0.057733    0.057733 ^ clk_i (in)
                                                         clk_i (net)
                      0.112185    0.000000    0.057733 ^ clkbuf_0_clk_i/I (gf180mcu_fd_sc_mcu7t5v0__clkbuf_16)
     4    0.095858    0.099343    0.186055    0.243788 ^ clkbuf_0_clk_i/Z (gf180mcu_fd_sc_mcu7t5v0__clkbuf_16)
                                                         clknet_0_clk_i (net)
                      0.099346    0.000962    0.244750 ^ clkbuf_2_1__f_clk_i/I (gf180mcu_fd_sc_mcu7t5v0__clkbuf_16)
     8    0.040523    0.068375    0.159625    0.404375 ^ clkbuf_2_1__f_clk_i/Z (gf180mcu_fd_sc_mcu7t5v0__clkbuf_16)
                                                         clknet_2_1__leaf_clk_i (net)
                      0.068378    0.000907    0.405282 ^ _286_/CLK (gf180mcu_fd_sc_mcu7t5v0__dffsnq_1)
                                  0.250000    0.655282   clock uncertainty
                                  0.000000    0.655282   clock reconvergence pessimism
                                  0.043055    0.698337   library removal time
                                              0.698337   data required time
---------------------------------------------------------------------------------------------
                                              0.698337   data required time
                                             -6.428663   data arrival time
---------------------------------------------------------------------------------------------
                                              5.730326   slack (MET)


Startpoint: rstn_i (input port clocked by clk_i)
Endpoint: _288_ (removal check against rising-edge clock clk_i)
Path Group: asynchronous
Path Type: min

Fanout         Cap        Slew       Delay        Time   Description
---------------------------------------------------------------------------------------------
                                  0.000000    0.000000   clock clk_i (rise edge)
                                  0.000000    0.000000   clock network delay (propagated)
                                  4.000000    4.000000 ^ input external delay
     1    0.004458    0.078398    0.029999    4.029999 ^ rstn_i (in)
                                                         rstn_i (net)
                      0.078398    0.000000    4.029999 ^ input22/I (gf180mcu_fd_sc_mcu7t5v0__dlyb_1)
     1    0.004361    0.098908    0.519573    4.549572 ^ input22/Z (gf180mcu_fd_sc_mcu7t5v0__dlyb_1)
                                                         net22 (net)
                      0.098908    0.000049    4.549620 ^ fanout46/I (gf180mcu_fd_sc_mcu7t5v0__dlyb_1)
     7    0.066696    0.742139    0.911421    5.461041 ^ fanout46/Z (gf180mcu_fd_sc_mcu7t5v0__dlyb_1)
                                                         net46 (net)
                      0.742139    0.000425    5.461466 ^ fanout44/I (gf180mcu_fd_sc_mcu7t5v0__dlyb_1)
     8    0.074603    0.826541    0.966027    6.427493 ^ fanout44/Z (gf180mcu_fd_sc_mcu7t5v0__dlyb_1)
                                                         net44 (net)
                      0.826547    0.001252    6.428745 ^ _288_/SETN (gf180mcu_fd_sc_mcu7t5v0__dffsnq_1)
                                              6.428745   data arrival time

                                  0.000000    0.000000   clock clk_i (rise edge)
                                  0.000000    0.000000   clock source latency
     1    0.033878    0.112179    0.057733    0.057733 ^ clk_i (in)
                                                         clk_i (net)
                      0.112185    0.000000    0.057733 ^ clkbuf_0_clk_i/I (gf180mcu_fd_sc_mcu7t5v0__clkbuf_16)
     4    0.095858    0.099343    0.186055    0.243788 ^ clkbuf_0_clk_i/Z (gf180mcu_fd_sc_mcu7t5v0__clkbuf_16)
                                                         clknet_0_clk_i (net)
                      0.099346    0.000962    0.244750 ^ clkbuf_2_1__f_clk_i/I (gf180mcu_fd_sc_mcu7t5v0__clkbuf_16)
     8    0.040523    0.068375    0.159625    0.404375 ^ clkbuf_2_1__f_clk_i/Z (gf180mcu_fd_sc_mcu7t5v0__clkbuf_16)
                                                         clknet_2_1__leaf_clk_i (net)
                      0.068378    0.000815    0.405190 ^ _288_/CLK (gf180mcu_fd_sc_mcu7t5v0__dffsnq_1)
                                  0.250000    0.655190   clock uncertainty
                                  0.000000    0.655190   clock reconvergence pessimism
                                  0.043055    0.698245   library removal time
                                              0.698245   data required time
---------------------------------------------------------------------------------------------
                                              0.698245   data required time
                                             -6.428745   data arrival time
---------------------------------------------------------------------------------------------
                                              5.730501   slack (MET)


Startpoint: rstn_i (input port clocked by clk_i)
Endpoint: _281_ (removal check against rising-edge clock clk_i)
Path Group: asynchronous
Path Type: min

Fanout         Cap        Slew       Delay        Time   Description
---------------------------------------------------------------------------------------------
                                  0.000000    0.000000   clock clk_i (rise edge)
                                  0.000000    0.000000   clock network delay (propagated)
                                  4.000000    4.000000 ^ input external delay
     1    0.004458    0.078398    0.029999    4.029999 ^ rstn_i (in)
                                                         rstn_i (net)
                      0.078398    0.000000    4.029999 ^ input22/I (gf180mcu_fd_sc_mcu7t5v0__dlyb_1)
     1    0.004361    0.098908    0.519573    4.549572 ^ input22/Z (gf180mcu_fd_sc_mcu7t5v0__dlyb_1)
                                                         net22 (net)
                      0.098908    0.000049    4.549620 ^ fanout46/I (gf180mcu_fd_sc_mcu7t5v0__dlyb_1)
     7    0.066696    0.742139    0.911421    5.461041 ^ fanout46/Z (gf180mcu_fd_sc_mcu7t5v0__dlyb_1)
                                                         net46 (net)
                      0.742139    0.000425    5.461466 ^ fanout44/I (gf180mcu_fd_sc_mcu7t5v0__dlyb_1)
     8    0.074603    0.826541    0.966027    6.427493 ^ fanout44/Z (gf180mcu_fd_sc_mcu7t5v0__dlyb_1)
                                                         net44 (net)
                      0.826548    0.001299    6.428792 ^ _281_/SETN (gf180mcu_fd_sc_mcu7t5v0__dffsnq_1)
                                              6.428792   data arrival time

                                  0.000000    0.000000   clock clk_i (rise edge)
                                  0.000000    0.000000   clock source latency
     1    0.033878    0.112179    0.057733    0.057733 ^ clk_i (in)
                                                         clk_i (net)
                      0.112185    0.000000    0.057733 ^ clkbuf_0_clk_i/I (gf180mcu_fd_sc_mcu7t5v0__clkbuf_16)
     4    0.095858    0.099343    0.186055    0.243788 ^ clkbuf_0_clk_i/Z (gf180mcu_fd_sc_mcu7t5v0__clkbuf_16)
                                                         clknet_0_clk_i (net)
                      0.099346    0.000962    0.244750 ^ clkbuf_2_1__f_clk_i/I (gf180mcu_fd_sc_mcu7t5v0__clkbuf_16)
     8    0.040523    0.068375    0.159625    0.404375 ^ clkbuf_2_1__f_clk_i/Z (gf180mcu_fd_sc_mcu7t5v0__clkbuf_16)
                                                         clknet_2_1__leaf_clk_i (net)
                      0.068376    0.000617    0.404992 ^ _281_/CLK (gf180mcu_fd_sc_mcu7t5v0__dffsnq_1)
                                  0.250000    0.654992   clock uncertainty
                                  0.000000    0.654992   clock reconvergence pessimism
                                  0.043055    0.698047   library removal time
                                              0.698047   data required time
---------------------------------------------------------------------------------------------
                                              0.698047   data required time
                                             -6.428792   data arrival time
---------------------------------------------------------------------------------------------
                                              5.730745   slack (MET)


Startpoint: _292_ (rising edge-triggered flip-flop clocked by clk_i)
Endpoint: tx_o (output port clocked by clk_i)
Path Group: clk_i
Path Type: min

Fanout         Cap        Slew       Delay        Time   Description
---------------------------------------------------------------------------------------------
                                  0.000000    0.000000   clock clk_i (rise edge)
                                  0.000000    0.000000   clock source latency
     1    0.033878    0.112179    0.057733    0.057733 ^ clk_i (in)
                                                         clk_i (net)
                      0.112185    0.000000    0.057733 ^ clkbuf_0_clk_i/I (gf180mcu_fd_sc_mcu7t5v0__clkbuf_16)
     4    0.095858    0.099343    0.186055    0.243788 ^ clkbuf_0_clk_i/Z (gf180mcu_fd_sc_mcu7t5v0__clkbuf_16)
                                                         clknet_0_clk_i (net)
                      0.099346    0.000962    0.244750 ^ clkbuf_2_1__f_clk_i/I (gf180mcu_fd_sc_mcu7t5v0__clkbuf_16)
     8    0.040523    0.068375    0.159625    0.404375 ^ clkbuf_2_1__f_clk_i/Z (gf180mcu_fd_sc_mcu7t5v0__clkbuf_16)
                                                         clknet_2_1__leaf_clk_i (net)
                      0.068376    0.000484    0.404859 ^ _292_/CLK (gf180mcu_fd_sc_mcu7t5v0__dffrnq_1)
     3    0.017679    0.145977    0.488312    0.893171 v _292_/Q (gf180mcu_fd_sc_mcu7t5v0__dffrnq_1)
                                                         parity_bit (net)
                      0.145977    0.000214    0.893385 v _222_/A2 (gf180mcu_fd_sc_mcu7t5v0__nand2_1)
     1    0.005087    0.130521    0.116978    1.010363 ^ _222_/ZN (gf180mcu_fd_sc_mcu7t5v0__nand2_1)
                                                         _096_ (net)
                      0.130521    0.000050    1.010413 ^ _224_/B1 (gf180mcu_fd_sc_mcu7t5v0__aoi22_1)
     1    0.003143    0.106350    0.092628    1.103041 v _224_/ZN (gf180mcu_fd_sc_mcu7t5v0__aoi22_1)
                                                         net33 (net)
                      0.106350    0.000030    1.103071 v output33/I (gf180mcu_fd_sc_mcu7t5v0__dlyb_1)
     1    0.073940    0.528891    0.918290    2.021361 v output33/Z (gf180mcu_fd_sc_mcu7t5v0__dlyb_1)
                                                         tx_o (net)
                      0.528895    0.000910    2.022271 v tx_o (out)
                                              2.022271   data arrival time

                                  0.000000    0.000000   clock clk_i (rise edge)
                                  0.000000    0.000000   clock network delay (propagated)
                                  0.250000    0.250000   clock uncertainty
                                  0.000000    0.250000   clock reconvergence pessimism
                                 -4.000000   -3.750000   output external delay
                                             -3.750000   data required time
---------------------------------------------------------------------------------------------
                                             -3.750000   data required time
                                             -2.022271   data arrival time
---------------------------------------------------------------------------------------------
                                              5.772271   slack (MET)


Startpoint: rstn_i (input port clocked by clk_i)
Endpoint: _284_ (removal check against rising-edge clock clk_i)
Path Group: asynchronous
Path Type: min

Fanout         Cap        Slew       Delay        Time   Description
---------------------------------------------------------------------------------------------
                                  0.000000    0.000000   clock clk_i (rise edge)
                                  0.000000    0.000000   clock network delay (propagated)
                                  4.000000    4.000000 ^ input external delay
     1    0.004458    0.078398    0.029999    4.029999 ^ rstn_i (in)
                                                         rstn_i (net)
                      0.078398    0.000000    4.029999 ^ input22/I (gf180mcu_fd_sc_mcu7t5v0__dlyb_1)
     1    0.004361    0.098908    0.519573    4.549572 ^ input22/Z (gf180mcu_fd_sc_mcu7t5v0__dlyb_1)
                                                         net22 (net)
                      0.098908    0.000049    4.549620 ^ fanout46/I (gf180mcu_fd_sc_mcu7t5v0__dlyb_1)
     7    0.066696    0.742139    0.911421    5.461041 ^ fanout46/Z (gf180mcu_fd_sc_mcu7t5v0__dlyb_1)
                                                         net46 (net)
                      0.742139    0.000676    5.461717 ^ fanout43/I (gf180mcu_fd_sc_mcu7t5v0__dlyb_1)
    10    0.086886    0.956788    1.042892    6.504610 ^ fanout43/Z (gf180mcu_fd_sc_mcu7t5v0__dlyb_1)
                                                         net43 (net)
                      0.956788    0.000087    6.504697 ^ _284_/SETN (gf180mcu_fd_sc_mcu7t5v0__dffsnq_1)
                                              6.504697   data arrival time

                                  0.000000    0.000000   clock clk_i (rise edge)
                                  0.000000    0.000000   clock source latency
     1    0.033878    0.112179    0.057733    0.057733 ^ clk_i (in)
                                                         clk_i (net)
                      0.112185    0.000000    0.057733 ^ clkbuf_0_clk_i/I (gf180mcu_fd_sc_mcu7t5v0__clkbuf_16)
     4    0.095858    0.099343    0.186055    0.243788 ^ clkbuf_0_clk_i/Z (gf180mcu_fd_sc_mcu7t5v0__clkbuf_16)
                                                         clknet_0_clk_i (net)
                      0.099345    0.000720    0.244508 ^ clkbuf_2_0__f_clk_i/I (gf180mcu_fd_sc_mcu7t5v0__clkbuf_16)
     8    0.039750    0.067950    0.159354    0.403862 ^ clkbuf_2_0__f_clk_i/Z (gf180mcu_fd_sc_mcu7t5v0__clkbuf_16)
                                                         clknet_2_0__leaf_clk_i (net)
                      0.067951    0.000590    0.404452 ^ _284_/CLK (gf180mcu_fd_sc_mcu7t5v0__dffsnq_1)
                                  0.250000    0.654452   clock uncertainty
                                  0.000000    0.654452   clock reconvergence pessimism
                                  0.029207    0.683659   library removal time
                                              0.683659   data required time
---------------------------------------------------------------------------------------------
                                              0.683659   data required time
                                             -6.504697   data arrival time
---------------------------------------------------------------------------------------------
                                              5.821038   slack (MET)


Startpoint: rstn_i (input port clocked by clk_i)
Endpoint: _283_ (removal check against rising-edge clock clk_i)
Path Group: asynchronous
Path Type: min

Fanout         Cap        Slew       Delay        Time   Description
---------------------------------------------------------------------------------------------
                                  0.000000    0.000000   clock clk_i (rise edge)
                                  0.000000    0.000000   clock network delay (propagated)
                                  4.000000    4.000000 ^ input external delay
     1    0.004458    0.078398    0.029999    4.029999 ^ rstn_i (in)
                                                         rstn_i (net)
                      0.078398    0.000000    4.029999 ^ input22/I (gf180mcu_fd_sc_mcu7t5v0__dlyb_1)
     1    0.004361    0.098908    0.519573    4.549572 ^ input22/Z (gf180mcu_fd_sc_mcu7t5v0__dlyb_1)
                                                         net22 (net)
                      0.098908    0.000049    4.549620 ^ fanout46/I (gf180mcu_fd_sc_mcu7t5v0__dlyb_1)
     7    0.066696    0.742139    0.911421    5.461041 ^ fanout46/Z (gf180mcu_fd_sc_mcu7t5v0__dlyb_1)
                                                         net46 (net)
                      0.742139    0.000676    5.461717 ^ fanout43/I (gf180mcu_fd_sc_mcu7t5v0__dlyb_1)
    10    0.086886    0.956788    1.042892    6.504610 ^ fanout43/Z (gf180mcu_fd_sc_mcu7t5v0__dlyb_1)
                                                         net43 (net)
                      0.956788    0.000674    6.505283 ^ _283_/SETN (gf180mcu_fd_sc_mcu7t5v0__dffsnq_1)
                                              6.505283   data arrival time

                                  0.000000    0.000000   clock clk_i (rise edge)
                                  0.000000    0.000000   clock source latency
     1    0.033878    0.112179    0.057733    0.057733 ^ clk_i (in)
                                                         clk_i (net)
                      0.112185    0.000000    0.057733 ^ clkbuf_0_clk_i/I (gf180mcu_fd_sc_mcu7t5v0__clkbuf_16)
     4    0.095858    0.099343    0.186055    0.243788 ^ clkbuf_0_clk_i/Z (gf180mcu_fd_sc_mcu7t5v0__clkbuf_16)
                                                         clknet_0_clk_i (net)
                      0.099345    0.000720    0.244508 ^ clkbuf_2_0__f_clk_i/I (gf180mcu_fd_sc_mcu7t5v0__clkbuf_16)
     8    0.039750    0.067950    0.159354    0.403862 ^ clkbuf_2_0__f_clk_i/Z (gf180mcu_fd_sc_mcu7t5v0__clkbuf_16)
                                                         clknet_2_0__leaf_clk_i (net)
                      0.067951    0.000508    0.404369 ^ _283_/CLK (gf180mcu_fd_sc_mcu7t5v0__dffsnq_1)
                                  0.250000    0.654369   clock uncertainty
                                  0.000000    0.654369   clock reconvergence pessimism
                                  0.029207    0.683576   library removal time
                                              0.683576   data required time
---------------------------------------------------------------------------------------------
                                              0.683576   data required time
                                             -6.505283   data arrival time
---------------------------------------------------------------------------------------------
                                              5.821707   slack (MET)


Startpoint: rstn_i (input port clocked by clk_i)
Endpoint: _285_ (removal check against rising-edge clock clk_i)
Path Group: asynchronous
Path Type: min

Fanout         Cap        Slew       Delay        Time   Description
---------------------------------------------------------------------------------------------
                                  0.000000    0.000000   clock clk_i (rise edge)
                                  0.000000    0.000000   clock network delay (propagated)
                                  4.000000    4.000000 ^ input external delay
     1    0.004458    0.078398    0.029999    4.029999 ^ rstn_i (in)
                                                         rstn_i (net)
                      0.078398    0.000000    4.029999 ^ input22/I (gf180mcu_fd_sc_mcu7t5v0__dlyb_1)
     1    0.004361    0.098908    0.519573    4.549572 ^ input22/Z (gf180mcu_fd_sc_mcu7t5v0__dlyb_1)
                                                         net22 (net)
                      0.098908    0.000049    4.549620 ^ fanout46/I (gf180mcu_fd_sc_mcu7t5v0__dlyb_1)
     7    0.066696    0.742139    0.911421    5.461041 ^ fanout46/Z (gf180mcu_fd_sc_mcu7t5v0__dlyb_1)
                                                         net46 (net)
                      0.742139    0.000676    5.461717 ^ fanout43/I (gf180mcu_fd_sc_mcu7t5v0__dlyb_1)
    10    0.086886    0.956788    1.042892    6.504610 ^ fanout43/Z (gf180mcu_fd_sc_mcu7t5v0__dlyb_1)
                                                         net43 (net)
                      0.956788    0.000692    6.505301 ^ _285_/SETN (gf180mcu_fd_sc_mcu7t5v0__dffsnq_1)
                                              6.505301   data arrival time

                                  0.000000    0.000000   clock clk_i (rise edge)
                                  0.000000    0.000000   clock source latency
     1    0.033878    0.112179    0.057733    0.057733 ^ clk_i (in)
                                                         clk_i (net)
                      0.112185    0.000000    0.057733 ^ clkbuf_0_clk_i/I (gf180mcu_fd_sc_mcu7t5v0__clkbuf_16)
     4    0.095858    0.099343    0.186055    0.243788 ^ clkbuf_0_clk_i/Z (gf180mcu_fd_sc_mcu7t5v0__clkbuf_16)
                                                         clknet_0_clk_i (net)
                      0.099345    0.000720    0.244508 ^ clkbuf_2_0__f_clk_i/I (gf180mcu_fd_sc_mcu7t5v0__clkbuf_16)
     8    0.039750    0.067950    0.159354    0.403862 ^ clkbuf_2_0__f_clk_i/Z (gf180mcu_fd_sc_mcu7t5v0__clkbuf_16)
                                                         clknet_2_0__leaf_clk_i (net)
                      0.067951    0.000523    0.404385 ^ _285_/CLK (gf180mcu_fd_sc_mcu7t5v0__dffsnq_1)
                                  0.250000    0.654385   clock uncertainty
                                  0.000000    0.654385   clock reconvergence pessimism
                                  0.029207    0.683592   library removal time
                                              0.683592   data required time
---------------------------------------------------------------------------------------------
                                              0.683592   data required time
                                             -6.505301   data arrival time
---------------------------------------------------------------------------------------------
                                              5.821710   slack (MET)


Startpoint: rstn_i (input port clocked by clk_i)
Endpoint: _282_ (removal check against rising-edge clock clk_i)
Path Group: asynchronous
Path Type: min

Fanout         Cap        Slew       Delay        Time   Description
---------------------------------------------------------------------------------------------
                                  0.000000    0.000000   clock clk_i (rise edge)
                                  0.000000    0.000000   clock network delay (propagated)
                                  4.000000    4.000000 ^ input external delay
     1    0.004458    0.078398    0.029999    4.029999 ^ rstn_i (in)
                                                         rstn_i (net)
                      0.078398    0.000000    4.029999 ^ input22/I (gf180mcu_fd_sc_mcu7t5v0__dlyb_1)
     1    0.004361    0.098908    0.519573    4.549572 ^ input22/Z (gf180mcu_fd_sc_mcu7t5v0__dlyb_1)
                                                         net22 (net)
                      0.098908    0.000049    4.549620 ^ fanout46/I (gf180mcu_fd_sc_mcu7t5v0__dlyb_1)
     7    0.066696    0.742139    0.911421    5.461041 ^ fanout46/Z (gf180mcu_fd_sc_mcu7t5v0__dlyb_1)
                                                         net46 (net)
                      0.742139    0.000676    5.461717 ^ fanout43/I (gf180mcu_fd_sc_mcu7t5v0__dlyb_1)
    10    0.086886    0.956788    1.042892    6.504610 ^ fanout43/Z (gf180mcu_fd_sc_mcu7t5v0__dlyb_1)
                                                         net43 (net)
                      0.956788    0.000704    6.505313 ^ _282_/SETN (gf180mcu_fd_sc_mcu7t5v0__dffsnq_1)
                                              6.505313   data arrival time

                                  0.000000    0.000000   clock clk_i (rise edge)
                                  0.000000    0.000000   clock source latency
     1    0.033878    0.112179    0.057733    0.057733 ^ clk_i (in)
                                                         clk_i (net)
                      0.112185    0.000000    0.057733 ^ clkbuf_0_clk_i/I (gf180mcu_fd_sc_mcu7t5v0__clkbuf_16)
     4    0.095858    0.099343    0.186055    0.243788 ^ clkbuf_0_clk_i/Z (gf180mcu_fd_sc_mcu7t5v0__clkbuf_16)
                                                         clknet_0_clk_i (net)
                      0.099345    0.000720    0.244508 ^ clkbuf_2_0__f_clk_i/I (gf180mcu_fd_sc_mcu7t5v0__clkbuf_16)
     8    0.039750    0.067950    0.159354    0.403862 ^ clkbuf_2_0__f_clk_i/Z (gf180mcu_fd_sc_mcu7t5v0__clkbuf_16)
                                                         clknet_2_0__leaf_clk_i (net)
                      0.067950    0.000296    0.404157 ^ _282_/CLK (gf180mcu_fd_sc_mcu7t5v0__dffsnq_1)
                                  0.250000    0.654157   clock uncertainty
                                  0.000000    0.654157   clock reconvergence pessimism
                                  0.029207    0.683364   library removal time
                                              0.683364   data required time
---------------------------------------------------------------------------------------------
                                              0.683364   data required time
                                             -6.505313   data arrival time
---------------------------------------------------------------------------------------------
                                              5.821949   slack (MET)


Startpoint: _279_ (rising edge-triggered flip-flop clocked by clk_i)
Endpoint: busy_o (output port clocked by clk_i)
Path Group: clk_i
Path Type: min

Fanout         Cap        Slew       Delay        Time   Description
---------------------------------------------------------------------------------------------
                                  0.000000    0.000000   clock clk_i (rise edge)
                                  0.000000    0.000000   clock source latency
     1    0.033878    0.112179    0.057733    0.057733 ^ clk_i (in)
                                                         clk_i (net)
                      0.112185    0.000000    0.057733 ^ clkbuf_0_clk_i/I (gf180mcu_fd_sc_mcu7t5v0__clkbuf_16)
     4    0.095858    0.099343    0.186055    0.243788 ^ clkbuf_0_clk_i/Z (gf180mcu_fd_sc_mcu7t5v0__clkbuf_16)
                                                         clknet_0_clk_i (net)
                      0.099346    0.000940    0.244728 ^ clkbuf_2_3__f_clk_i/I (gf180mcu_fd_sc_mcu7t5v0__clkbuf_16)
     9    0.043609    0.070122    0.161095    0.405823 ^ clkbuf_2_3__f_clk_i/Z (gf180mcu_fd_sc_mcu7t5v0__clkbuf_16)
                                                         clknet_2_3__leaf_clk_i (net)
                      0.070122    0.000084    0.405907 ^ _279_/CLK (gf180mcu_fd_sc_mcu7t5v0__dffrnq_1)
     7    0.039880    0.280126    0.578996    0.984903 v _279_/Q (gf180mcu_fd_sc_mcu7t5v0__dffrnq_1)
                                                         CS[1] (net)
                      0.280138    0.001049    0.985952 v _148_/A3 (gf180mcu_fd_sc_mcu7t5v0__nor3_1)
     3    0.019900    0.638691    0.428576    1.414528 ^ _148_/ZN (gf180mcu_fd_sc_mcu7t5v0__nor3_1)
                                                         _041_ (net)
                      0.638691    0.000176    1.414704 ^ max_cap42/I (gf180mcu_fd_sc_mcu7t5v0__clkbuf_1)
     4    0.022561    0.271714    0.317510    1.732214 ^ max_cap42/Z (gf180mcu_fd_sc_mcu7t5v0__clkbuf_1)
                                                         net42 (net)
                      0.271715    0.000274    1.732488 ^ _149_/I (gf180mcu_fd_sc_mcu7t5v0__clkinv_1)
     3    0.013538    0.190146    0.161041    1.893529 v _149_/ZN (gf180mcu_fd_sc_mcu7t5v0__clkinv_1)
                                                         net32 (net)
                      0.190146    0.000189    1.893718 v output32/I (gf180mcu_fd_sc_mcu7t5v0__dlyb_1)
     1    0.073846    0.528450    0.948139    2.841857 v output32/Z (gf180mcu_fd_sc_mcu7t5v0__dlyb_1)
                                                         busy_o (net)
                      0.528454    0.000887    2.842744 v busy_o (out)
                                              2.842744   data arrival time

                                  0.000000    0.000000   clock clk_i (rise edge)
                                  0.000000    0.000000   clock network delay (propagated)
                                  0.250000    0.250000   clock uncertainty
                                  0.000000    0.250000   clock reconvergence pessimism
                                 -4.000000   -3.750000   output external delay
                                             -3.750000   data required time
---------------------------------------------------------------------------------------------
                                             -3.750000   data required time
                                             -2.842744   data arrival time
---------------------------------------------------------------------------------------------
                                              6.592744   slack (MET)


Startpoint: _279_ (rising edge-triggered flip-flop clocked by clk_i)
Endpoint: tx_ready_o (output port clocked by clk_i)
Path Group: clk_i
Path Type: min

Fanout         Cap        Slew       Delay        Time   Description
---------------------------------------------------------------------------------------------
                                  0.000000    0.000000   clock clk_i (rise edge)
                                  0.000000    0.000000   clock source latency
     1    0.033878    0.112179    0.057733    0.057733 ^ clk_i (in)
                                                         clk_i (net)
                      0.112185    0.000000    0.057733 ^ clkbuf_0_clk_i/I (gf180mcu_fd_sc_mcu7t5v0__clkbuf_16)
     4    0.095858    0.099343    0.186055    0.243788 ^ clkbuf_0_clk_i/Z (gf180mcu_fd_sc_mcu7t5v0__clkbuf_16)
                                                         clknet_0_clk_i (net)
                      0.099346    0.000940    0.244728 ^ clkbuf_2_3__f_clk_i/I (gf180mcu_fd_sc_mcu7t5v0__clkbuf_16)
     9    0.043609    0.070122    0.161095    0.405823 ^ clkbuf_2_3__f_clk_i/Z (gf180mcu_fd_sc_mcu7t5v0__clkbuf_16)
                                                         clknet_2_3__leaf_clk_i (net)
                      0.070122    0.000084    0.405907 ^ _279_/CLK (gf180mcu_fd_sc_mcu7t5v0__dffrnq_1)
     7    0.039880    0.460399    0.758501    1.164407 ^ _279_/Q (gf180mcu_fd_sc_mcu7t5v0__dffrnq_1)
                                                         CS[1] (net)
                      0.460406    0.001049    1.165457 ^ _148_/A3 (gf180mcu_fd_sc_mcu7t5v0__nor3_1)
     3    0.019900    0.345868    0.276161    1.441617 v _148_/ZN (gf180mcu_fd_sc_mcu7t5v0__nor3_1)
                                                         _041_ (net)
                      0.345868    0.000176    1.441793 v max_cap42/I (gf180mcu_fd_sc_mcu7t5v0__clkbuf_1)
     4    0.022561    0.249581    0.299837    1.741630 v max_cap42/Z (gf180mcu_fd_sc_mcu7t5v0__clkbuf_1)
                                                         net42 (net)
                      0.249582    0.000274    1.741904 v _149_/I (gf180mcu_fd_sc_mcu7t5v0__clkinv_1)
     3    0.013538    0.194119    0.169546    1.911450 ^ _149_/ZN (gf180mcu_fd_sc_mcu7t5v0__clkinv_1)
                                                         net32 (net)
                      0.194119    0.000189    1.911638 ^ _175_/A2 (gf180mcu_fd_sc_mcu7t5v0__nor2_1)
     1    0.004273    0.110155    0.094685    2.006324 v _175_/ZN (gf180mcu_fd_sc_mcu7t5v0__nor2_1)
                                                         net34 (net)
                      0.110155    0.000049    2.006373 v output34/I (gf180mcu_fd_sc_mcu7t5v0__dlyb_1)
     1    0.074393    0.531616    0.921498    2.927871 v output34/Z (gf180mcu_fd_sc_mcu7t5v0__dlyb_1)
                                                         tx_ready_o (net)
                      0.531621    0.000941    2.928811 v tx_ready_o (out)
                                              2.928811   data arrival time

                                  0.000000    0.000000   clock clk_i (rise edge)
                                  0.000000    0.000000   clock network delay (propagated)
                                  0.250000    0.250000   clock uncertainty
                                  0.000000    0.250000   clock reconvergence pessimism
                                 -4.000000   -3.750000   output external delay
                                             -3.750000   data required time
---------------------------------------------------------------------------------------------
                                             -3.750000   data required time
                                             -2.928811   data arrival time
---------------------------------------------------------------------------------------------
                                              6.678812   slack (MET)



