Instance,Terminal,Layer,X location,Y location,Voltage
FILLER_96_664,VSS,Metal1,380.2930,392.4615,0.000015
FILLER_96_648,VSS,Metal1,373.4720,392.5480,0.000015
FILLER_96_614,VSS,Metal1,358.8440,392.5975,0.000015
FILLER_96_580,VSS,Metal1,339.8040,392.5975,0.000015
FILLER_96_546,VSS,Metal1,320.7640,392.5975,0.000015
FILLER_96_512,VSS,Metal1,301.7240,392.5975,0.000016
FILLER_96_494,VSS,Metal1,287.2320,392.5480,0.000017
FILLER_96_396,VSS,Metal1,228.7600,392.0000,0.000023
FILLER_96_392,VSS,Metal1,226.9800,392.3485,0.000023
FILLER_96_373,VSS,Metal1,215.8800,392.0000,0.000023
FILLER_96_369,VSS,Metal1,214.1000,392.3485,0.000023
FILLER_96_361,VSS,Metal1,210.6130,392.4615,0.000023
FILLER_96_344,VSS,Metal1,199.6400,392.0000,0.000022
FILLER_96_342,VSS,Metal1,198.8000,392.0000,0.000022
FILLER_96_339,VSS,Metal1,196.8400,392.0000,0.000022
FILLER_96_335,VSS,Metal1,195.0600,392.3485,0.000022
FILLER_96_323,VSS,Metal1,187.8800,392.0000,0.000021
FILLER_96_319,VSS,Metal1,186.1000,392.3485,0.000020
FILLER_96_289,VSS,Metal1,168.8400,392.0000,0.000018
FILLER_96_240,VSS,Metal1,149.4040,392.5975,0.000015
FILLER_96_206,VSS,Metal1,130.3640,392.5975,0.000015
FILLER_96_172,VSS,Metal1,111.3240,392.5975,0.000015
FILLER_96_138,VSS,Metal1,92.2840,392.5975,0.000015
FILLER_96_104,VSS,Metal1,73.2440,392.5975,0.000014
FILLER_96_70,VSS,Metal1,54.2040,392.5975,0.000014
FILLER_96_36,VSS,Metal1,35.1640,392.5975,0.000013
FILLER_96_33,VSS,Metal1,25.4800,392.0000,0.000013
FILLER_96_25,VSS,Metal1,22.4530,392.4615,0.000013
FILLER_96_16,VSS,Metal1,15.9600,392.0000,0.000014
FILLER_96_14,VSS,Metal1,15.1200,392.0000,0.000014
FILLER_96_10,VSS,Metal1,13.0600,392.3485,0.000014
FILLER_96_2,VSS,Metal1,9.5730,392.4615,0.000014
FILLER_95_668,VSS,Metal1,381.3600,392.0000,0.000015
FILLER_95_664,VSS,Metal1,379.3000,391.6510,0.000015
FILLER_95_632,VSS,Metal1,368.9240,391.4020,0.000015
FILLER_95_626,VSS,Metal1,358.0200,391.6510,0.000015
FILLER_95_562,VSS,Metal1,338.6445,391.3620,0.000015
FILLER_95_559,VSS,Metal1,320.0400,392.0000,0.000015
FILLER_95_551,VSS,Metal1,317.0130,391.5380,0.000015
FILLER_95_519,VSS,Metal1,305.6440,391.4020,0.000016
FILLER_95_492,VSS,Metal1,282.9800,391.6510,0.000017
FILLER_95_486,VSS,Metal1,279.6200,391.6510,0.000020
FILLER_95_458,VSS,Metal1,263.4800,392.0000,0.000021
FILLER_95_454,VSS,Metal1,261.7000,391.6510,0.000021
FILLER_95_426,VSS,Metal1,245.5600,392.0000,0.000023
FILLER_95_422,VSS,Metal1,243.7800,391.6510,0.000023
FILLER_95_416,VSS,Metal1,240.4200,391.6510,0.000023
FILLER_95_404,VSS,Metal1,233.2400,392.0000,0.000023
FILLER_95_400,VSS,Metal1,231.4600,391.6510,0.000023
FILLER_95_317,VSS,Metal1,184.5200,392.0000,0.000019
FILLER_95_315,VSS,Metal1,183.6800,392.0000,0.000019
FILLER_95_307,VSS,Metal1,180.3730,391.5380,0.000019
FILLER_95_290,VSS,Metal1,169.4000,392.0000,0.000018
FILLER_95_282,VSS,Metal1,166.3730,391.5380,0.000018
FILLER_95_276,VSS,Metal1,162.0200,391.6510,0.000018
FILLER_95_212,VSS,Metal1,142.6445,391.3620,0.000015
FILLER_95_206,VSS,Metal1,122.8200,391.6510,0.000015
FILLER_95_142,VSS,Metal1,103.4445,391.3620,0.000015
FILLER_95_136,VSS,Metal1,83.6200,391.6510,0.000015
FILLER_95_72,VSS,Metal1,64.2445,391.3620,0.000014
FILLER_95_66,VSS,Metal1,44.4200,391.6510,0.000013
FILLER_95_50,VSS,Metal1,38.5920,391.4520,0.000013
FILLER_95_18,VSS,Metal1,25.0840,391.4020,0.000013
FILLER_94_669,VSS,Metal1,381.6400,384.1600,0.000065
FILLER_94_667,VSS,Metal1,380.8000,384.1600,0.000065
FILLER_94_661,VSS,Metal1,377.6200,384.5085,0.000065
FILLER_94_597,VSS,Metal1,358.2445,384.7975,0.000065
FILLER_94_591,VSS,Metal1,338.4200,384.5085,0.000065
FILLER_94_527,VSS,Metal1,319.0445,384.7975,0.000065
FILLER_94_508,VSS,Metal1,291.4800,384.1600,0.000066
FILLER_94_506,VSS,Metal1,290.6400,384.1600,0.000066
FILLER_94_481,VSS,Metal1,276.6400,384.1600,0.000069
FILLER_94_451,VSS,Metal1,260.0200,384.5085,0.000071
FILLER_94_391,VSS,Metal1,225.9600,384.1600,0.000067
FILLER_94_387,VSS,Metal1,224.1800,384.5085,0.000067
FILLER_94_384,VSS,Metal1,222.0400,384.1600,0.000065
FILLER_94_382,VSS,Metal1,221.2000,384.1600,0.000065
FILLER_94_314,VSS,Metal1,182.8400,384.1600,0.000060
FILLER_94_312,VSS,Metal1,182.0000,384.1600,0.000055
FILLER_94_308,VSS,Metal1,179.9400,384.5085,0.000055
FILLER_94_298,VSS,Metal1,174.1600,384.1600,0.000055
FILLER_94_294,VSS,Metal1,172.1000,384.5085,0.000054
FILLER_94_259,VSS,Metal1,152.0400,384.1600,0.000053
FILLER_94_255,VSS,Metal1,150.2600,384.5085,0.000053
FILLER_94_247,VSS,Metal1,146.7730,384.6215,0.000053
FILLER_94_241,VSS,Metal1,142.4200,384.5085,0.000053
FILLER_94_177,VSS,Metal1,123.0445,384.7975,0.000053
FILLER_94_171,VSS,Metal1,103.2200,384.5085,0.000053
FILLER_94_107,VSS,Metal1,83.8445,384.7975,0.000053
FILLER_94_101,VSS,Metal1,64.0200,384.5085,0.000053
FILLER_94_37,VSS,Metal1,44.6445,384.7975,0.000053
FILLER_94_34,VSS,Metal1,26.0400,384.1600,0.000053
FILLER_94_2,VSS,Metal1,16.1240,384.7575,0.000053
FILLER_93_672,VSS,Metal1,383.6000,384.1600,0.000065
FILLER_93_664,VSS,Metal1,380.2930,383.6980,0.000065
FILLER_93_632,VSS,Metal1,368.9240,383.5620,0.000065
FILLER_93_626,VSS,Metal1,358.0200,383.8110,0.000065
FILLER_93_562,VSS,Metal1,338.6445,383.5220,0.000065
FILLER_93_558,VSS,Metal1,319.7600,384.1600,0.000065
FILLER_93_550,VSS,Metal1,316.4530,383.6980,0.000065
FILLER_93_534,VSS,Metal1,309.6320,383.6120,0.000065
FILLER_93_492,VSS,Metal1,283.9730,383.6980,0.000069
FILLER_93_488,VSS,Metal1,280.5600,384.1600,0.000069
FILLER_93_480,VSS,Metal1,277.2530,383.6980,0.000069
FILLER_93_430,VSS,Metal1,247.8000,384.1600,0.000071
FILLER_93_419,VSS,Metal1,241.6400,384.1600,0.000070
FILLER_93_417,VSS,Metal1,240.8000,384.1600,0.000070
FILLER_93_404,VSS,Metal1,233.5200,384.1600,0.000069
FILLER_93_400,VSS,Metal1,231.4600,383.8110,0.000069
FILLER_93_356,VSS,Metal1,206.3600,384.1600,0.000064
FILLER_93_352,VSS,Metal1,204.5800,383.8110,0.000064
FILLER_93_349,VSS,Metal1,202.4400,384.1600,0.000061
FILLER_93_345,VSS,Metal1,200.6600,383.8110,0.000061
FILLER_93_288,VSS,Metal1,168.2800,384.1600,0.000053
FILLER_93_286,VSS,Metal1,167.4400,384.1600,0.000053
FILLER_93_282,VSS,Metal1,165.3800,383.8110,0.000053
FILLER_93_276,VSS,Metal1,162.0200,383.8110,0.000053
FILLER_93_212,VSS,Metal1,142.6445,383.5220,0.000053
FILLER_93_206,VSS,Metal1,122.8200,383.8110,0.000053
FILLER_93_142,VSS,Metal1,103.4445,383.5220,0.000053
FILLER_93_136,VSS,Metal1,83.6200,383.8110,0.000053
FILLER_93_72,VSS,Metal1,64.2445,383.5220,0.000053
FILLER_93_66,VSS,Metal1,44.4200,383.8110,0.000053
FILLER_93_2,VSS,Metal1,25.0445,383.5220,0.000053
FILLER_92_677,VSS,Metal1,386.1200,376.3200,0.000064
FILLER_92_675,VSS,Metal1,385.2800,376.3200,0.000064
FILLER_92_667,VSS,Metal1,381.9730,376.7815,0.000064
FILLER_92_661,VSS,Metal1,377.6200,376.6685,0.000064
FILLER_92_597,VSS,Metal1,358.2445,376.9575,0.000064
FILLER_92_591,VSS,Metal1,338.4200,376.6685,0.000064
FILLER_92_527,VSS,Metal1,319.0445,376.9575,0.000064
FILLER_92_453,VSS,Metal1,260.9600,376.3200,0.000067
FILLER_92_435,VSS,Metal1,250.8800,376.3200,0.000067
FILLER_92_391,VSS,Metal1,226.2400,376.3200,0.000066
FILLER_92_387,VSS,Metal1,224.1800,376.6685,0.000066
FILLER_92_357,VSS,Metal1,207.3800,376.6685,0.000065
FILLER_92_348,VSS,Metal1,201.8800,376.3200,0.000054
FILLER_92_340,VSS,Metal1,198.8530,376.7815,0.000054
FILLER_92_313,VSS,Metal1,182.5600,376.3200,0.000045
FILLER_92_309,VSS,Metal1,180.5000,376.6685,0.000045
FILLER_92_301,VSS,Metal1,177.0130,376.7815,0.000045
FILLER_92_269,VSS,Metal1,157.6400,376.3200,0.000043
FILLER_92_267,VSS,Metal1,156.8000,376.3200,0.000043
FILLER_92_263,VSS,Metal1,154.7400,376.6685,0.000043
FILLER_92_247,VSS,Metal1,148.9120,376.8680,0.000043
FILLER_92_241,VSS,Metal1,142.4200,376.6685,0.000043
FILLER_92_177,VSS,Metal1,123.0445,376.9575,0.000042
FILLER_92_171,VSS,Metal1,103.2200,376.6685,0.000042
FILLER_92_107,VSS,Metal1,83.8445,376.9575,0.000042
FILLER_92_101,VSS,Metal1,64.0200,376.6685,0.000042
FILLER_92_37,VSS,Metal1,44.6445,376.9575,0.000042
FILLER_92_34,VSS,Metal1,26.0400,376.3200,0.000042
FILLER_92_2,VSS,Metal1,16.1240,376.9175,0.000042
FILLER_91_680,VSS,Metal1,388.0800,376.3200,0.000064
FILLER_91_664,VSS,Metal1,382.4320,375.7720,0.000064
FILLER_91_632,VSS,Metal1,368.9240,375.7220,0.000064
FILLER_91_626,VSS,Metal1,358.0200,375.9710,0.000064
FILLER_91_562,VSS,Metal1,338.6445,375.6820,0.000064
FILLER_91_556,VSS,Metal1,318.8200,375.9710,0.000064
FILLER_91_492,VSS,Metal1,299.4445,375.6820,0.000064
FILLER_91_489,VSS,Metal1,280.8400,376.3200,0.000066
FILLER_91_457,VSS,Metal1,270.9240,375.7220,0.000067
FILLER_91_422,VSS,Metal1,243.7800,375.9710,0.000067
FILLER_91_419,VSS,Metal1,241.6400,376.3200,0.000067
FILLER_91_415,VSS,Metal1,239.8600,375.9710,0.000067
FILLER_91_407,VSS,Metal1,236.3730,375.8580,0.000067
FILLER_91_372,VSS,Metal1,215.3200,376.3200,0.000065
FILLER_91_356,VSS,Metal1,206.3600,376.3200,0.000061
FILLER_91_352,VSS,Metal1,204.5800,375.9710,0.000061
FILLER_91_348,VSS,Metal1,202.1600,376.3200,0.000054
FILLER_91_332,VSS,Metal1,196.5120,375.7720,0.000054
FILLER_91_282,VSS,Metal1,168.5120,375.7720,0.000043
FILLER_91_276,VSS,Metal1,162.0200,375.9710,0.000043
FILLER_91_212,VSS,Metal1,142.6445,375.6820,0.000043
FILLER_91_206,VSS,Metal1,122.8200,375.9710,0.000042
FILLER_91_142,VSS,Metal1,103.4445,375.6820,0.000042
FILLER_91_136,VSS,Metal1,83.6200,375.9710,0.000042
FILLER_91_72,VSS,Metal1,64.2445,375.6820,0.000042
FILLER_91_66,VSS,Metal1,44.4200,375.9710,0.000042
FILLER_91_2,VSS,Metal1,25.0445,375.6820,0.000042
FILLER_90_681,VSS,Metal1,388.3600,368.4800,0.000026
FILLER_90_679,VSS,Metal1,387.5200,368.4800,0.000026
FILLER_90_675,VSS,Metal1,385.4600,368.8285,0.000026
FILLER_90_667,VSS,Metal1,381.9730,368.9415,0.000026
FILLER_90_661,VSS,Metal1,377.6200,368.8285,0.000026
FILLER_90_597,VSS,Metal1,358.2445,369.1175,0.000026
FILLER_90_591,VSS,Metal1,338.4200,368.8285,0.000026
FILLER_90_527,VSS,Metal1,319.0445,369.1175,0.000026
FILLER_90_521,VSS,Metal1,299.2200,368.8285,0.000027
FILLER_90_457,VSS,Metal1,279.8445,369.1175,0.000027
FILLER_90_454,VSS,Metal1,261.2400,368.4800,0.000028
FILLER_90_452,VSS,Metal1,260.4000,368.4800,0.000028
FILLER_90_435,VSS,Metal1,250.6000,368.4800,0.000028
FILLER_90_419,VSS,Metal1,241.6400,368.4800,0.000027
FILLER_90_417,VSS,Metal1,240.8000,368.4800,0.000027
FILLER_90_401,VSS,Metal1,231.5600,368.4800,0.000026
FILLER_90_399,VSS,Metal1,230.7200,368.4800,0.000026
FILLER_90_395,VSS,Metal1,228.6600,368.8285,0.000026
FILLER_90_387,VSS,Metal1,225.1730,368.9415,0.000025
FILLER_90_383,VSS,Metal1,221.7600,368.4800,0.000025
FILLER_90_375,VSS,Metal1,218.4530,368.9415,0.000025
FILLER_90_363,VSS,Metal1,210.7400,368.8285,0.000024
FILLER_90_347,VSS,Metal1,201.3200,368.4800,0.000023
FILLER_90_345,VSS,Metal1,200.4800,368.4800,0.000022
FILLER_90_341,VSS,Metal1,198.4200,368.8285,0.000022
FILLER_90_333,VSS,Metal1,194.9330,368.9415,0.000022
FILLER_90_317,VSS,Metal1,188.1120,369.0280,0.000022
FILLER_90_313,VSS,Metal1,182.5600,368.4800,0.000022
FILLER_90_297,VSS,Metal1,176.9120,369.0280,0.000022
FILLER_90_247,VSS,Metal1,148.9120,369.0280,0.000022
FILLER_90_241,VSS,Metal1,142.4200,368.8285,0.000022
FILLER_90_177,VSS,Metal1,123.0445,369.1175,0.000022
FILLER_90_171,VSS,Metal1,103.2200,368.8285,0.000022
FILLER_90_107,VSS,Metal1,83.8445,369.1175,0.000022
FILLER_90_101,VSS,Metal1,64.0200,368.8285,0.000022
FILLER_90_37,VSS,Metal1,44.6445,369.1175,0.000022
FILLER_90_34,VSS,Metal1,26.0400,368.4800,0.000022
FILLER_90_2,VSS,Metal1,16.1240,369.0775,0.000022
FILLER_89_676,VSS,Metal1,385.8400,368.4800,0.000026
FILLER_89_672,VSS,Metal1,383.7800,368.1310,0.000026
FILLER_89_664,VSS,Metal1,380.2930,368.0180,0.000026
FILLER_89_632,VSS,Metal1,368.9240,367.8820,0.000026
FILLER_89_626,VSS,Metal1,358.0200,368.1310,0.000026
FILLER_89_562,VSS,Metal1,338.6445,367.8420,0.000026
FILLER_89_559,VSS,Metal1,320.0400,368.4800,0.000026
FILLER_89_555,VSS,Metal1,318.2600,368.1310,0.000026
FILLER_89_523,VSS,Metal1,307.8840,367.8820,0.000026
FILLER_89_516,VSS,Metal1,295.9600,368.4800,0.000027
FILLER_89_514,VSS,Metal1,295.1200,368.4800,0.000027
FILLER_89_492,VSS,Metal1,286.1120,367.9320,0.000027
FILLER_89_482,VSS,Metal1,278.3730,368.0180,0.000027
FILLER_89_472,VSS,Metal1,271.7800,368.1310,0.000027
FILLER_89_456,VSS,Metal1,265.9520,367.9320,0.000027
FILLER_89_418,VSS,Metal1,241.3600,368.4800,0.000027
FILLER_89_402,VSS,Metal1,235.7120,367.9320,0.000027
FILLER_89_378,VSS,Metal1,218.6800,368.4800,0.000025
FILLER_89_376,VSS,Metal1,217.8400,368.4800,0.000025
FILLER_89_368,VSS,Metal1,214.5330,368.0180,0.000025
FILLER_89_352,VSS,Metal1,207.7120,367.9320,0.000024
FILLER_89_346,VSS,Metal1,201.2200,368.1310,0.000023
FILLER_89_282,VSS,Metal1,181.8445,367.8420,0.000022
FILLER_89_276,VSS,Metal1,162.0200,368.1310,0.000022
FILLER_89_212,VSS,Metal1,142.6445,367.8420,0.000022
FILLER_89_206,VSS,Metal1,122.8200,368.1310,0.000022
FILLER_89_142,VSS,Metal1,103.4445,367.8420,0.000022
FILLER_89_136,VSS,Metal1,83.6200,368.1310,0.000022
FILLER_89_72,VSS,Metal1,64.2445,367.8420,0.000022
FILLER_89_66,VSS,Metal1,44.4200,368.1310,0.000022
FILLER_89_2,VSS,Metal1,25.0445,367.8420,0.000022
FILLER_88_681,VSS,Metal1,388.3600,360.6400,0.000120
FILLER_88_679,VSS,Metal1,387.5200,360.6400,0.000120
FILLER_88_675,VSS,Metal1,385.4600,360.9885,0.000120
FILLER_88_667,VSS,Metal1,381.9730,361.1015,0.000120
FILLER_88_661,VSS,Metal1,377.6200,360.9885,0.000120
FILLER_88_597,VSS,Metal1,358.2445,361.2775,0.000120
FILLER_88_591,VSS,Metal1,338.4200,360.9885,0.000120
FILLER_88_527,VSS,Metal1,319.0445,361.2775,0.000120
FILLER_88_524,VSS,Metal1,300.4400,360.6400,0.000120
FILLER_88_515,VSS,Metal1,295.4000,360.6400,0.000120
FILLER_88_513,VSS,Metal1,294.5600,360.6400,0.000123
FILLER_88_509,VSS,Metal1,292.5000,360.9885,0.000123
FILLER_88_473,VSS,Metal1,272.1600,360.6400,0.000117
FILLER_88_457,VSS,Metal1,266.5120,361.1880,0.000116
FILLER_88_451,VSS,Metal1,260.0200,360.9885,0.000113
FILLER_88_443,VSS,Metal1,256.5330,361.1015,0.000109
FILLER_88_427,VSS,Metal1,249.7120,361.1880,0.000107
FILLER_88_411,VSS,Metal1,237.1600,360.6400,0.000106
FILLER_88_403,VSS,Metal1,234.1330,361.1015,0.000106
FILLER_88_332,VSS,Metal1,193.3800,360.9885,0.000089
FILLER_88_311,VSS,Metal1,181.6200,360.9885,0.000089
FILLER_88_247,VSS,Metal1,162.2445,361.2775,0.000089
FILLER_88_241,VSS,Metal1,142.4200,360.9885,0.000089
FILLER_88_177,VSS,Metal1,123.0445,361.2775,0.000088
FILLER_88_171,VSS,Metal1,103.2200,360.9885,0.000088
FILLER_88_107,VSS,Metal1,83.8445,361.2775,0.000088
FILLER_88_101,VSS,Metal1,64.0200,360.9885,0.000088
FILLER_88_37,VSS,Metal1,44.6445,361.2775,0.000088
FILLER_88_34,VSS,Metal1,26.0400,360.6400,0.000088
FILLER_88_2,VSS,Metal1,16.1240,361.2375,0.000088
FILLER_87_680,VSS,Metal1,388.0800,360.6400,0.000120
FILLER_87_664,VSS,Metal1,382.4320,360.0920,0.000120
FILLER_87_632,VSS,Metal1,368.9240,360.0420,0.000120
FILLER_87_626,VSS,Metal1,358.0200,360.2910,0.000120
FILLER_87_562,VSS,Metal1,338.6445,360.0020,0.000120
FILLER_87_559,VSS,Metal1,320.0400,360.6400,0.000120
FILLER_87_557,VSS,Metal1,319.2000,360.6400,0.000120
FILLER_87_553,VSS,Metal1,317.1400,360.2910,0.000120
FILLER_87_514,VSS,Metal1,294.8400,360.6400,0.000123
FILLER_87_512,VSS,Metal1,294.0000,360.6400,0.000123
FILLER_87_508,VSS,Metal1,291.9400,360.2910,0.000123
FILLER_87_492,VSS,Metal1,286.1120,360.0920,0.000124
FILLER_87_489,VSS,Metal1,280.8400,360.6400,0.000124
FILLER_87_487,VSS,Metal1,280.0000,360.6400,0.000123
FILLER_87_483,VSS,Metal1,277.9400,360.2910,0.000123
FILLER_87_473,VSS,Metal1,272.1600,360.6400,0.000117
FILLER_87_457,VSS,Metal1,266.5120,360.0920,0.000116
FILLER_87_450,VSS,Metal1,259.0000,360.6400,0.000109
FILLER_87_446,VSS,Metal1,257.2200,360.2910,0.000109
FILLER_87_438,VSS,Metal1,252.5600,360.6400,0.000107
FILLER_87_422,VSS,Metal1,244.7730,360.1780,0.000106
FILLER_87_404,VSS,Metal1,236.8320,360.0920,0.000106
FILLER_87_368,VSS,Metal1,213.3600,360.6400,0.000098
FILLER_87_352,VSS,Metal1,207.7120,360.0920,0.000097
FILLER_87_349,VSS,Metal1,202.4400,360.6400,0.000097
FILLER_87_345,VSS,Metal1,200.6600,360.2910,0.000097
FILLER_87_337,VSS,Metal1,197.1730,360.1780,0.000097
FILLER_87_301,VSS,Metal1,175.8400,360.6400,0.000089
FILLER_87_297,VSS,Metal1,173.7800,360.2910,0.000089
FILLER_87_276,VSS,Metal1,162.0200,360.2910,0.000089
FILLER_87_212,VSS,Metal1,142.6445,360.0020,0.000089
FILLER_87_206,VSS,Metal1,122.8200,360.2910,0.000088
FILLER_87_142,VSS,Metal1,103.4445,360.0020,0.000088
FILLER_87_136,VSS,Metal1,83.6200,360.2910,0.000088
FILLER_87_72,VSS,Metal1,64.2445,360.0020,0.000088
FILLER_87_66,VSS,Metal1,44.4200,360.2910,0.000088
FILLER_87_2,VSS,Metal1,25.0445,360.0020,0.000088
FILLER_86_681,VSS,Metal1,388.3600,352.8000,0.000187
FILLER_86_679,VSS,Metal1,387.5200,352.8000,0.000187
FILLER_86_675,VSS,Metal1,385.4600,353.1485,0.000187
FILLER_86_667,VSS,Metal1,381.9730,353.2615,0.000187
FILLER_86_661,VSS,Metal1,377.6200,353.1485,0.000187
FILLER_86_597,VSS,Metal1,358.2445,353.4375,0.000187
FILLER_86_594,VSS,Metal1,339.6400,352.8000,0.000187
FILLER_86_590,VSS,Metal1,337.8600,353.1485,0.000187
FILLER_86_582,VSS,Metal1,334.3730,353.2615,0.000187
FILLER_86_547,VSS,Metal1,313.3200,352.8000,0.000204
FILLER_86_543,VSS,Metal1,311.5400,353.1485,0.000204
FILLER_86_527,VSS,Metal1,305.7120,353.3480,0.000213
FILLER_86_523,VSS,Metal1,300.1600,352.8000,0.000213
FILLER_86_515,VSS,Metal1,296.8530,353.2615,0.000213
FILLER_86_505,VSS,Metal1,290.0800,352.8000,0.000213
FILLER_86_501,VSS,Metal1,288.0200,353.1485,0.000217
FILLER_86_493,VSS,Metal1,284.5330,353.2615,0.000222
FILLER_86_457,VSS,Metal1,263.2000,352.8000,0.000223
FILLER_86_454,VSS,Metal1,261.2400,352.8000,0.000223
FILLER_86_450,VSS,Metal1,259.4600,353.1485,0.000222
FILLER_86_442,VSS,Metal1,255.9730,353.2615,0.000222
FILLER_86_407,VSS,Metal1,234.9200,352.8000,0.000222
FILLER_86_403,VSS,Metal1,233.1400,353.1485,0.000222
FILLER_86_387,VSS,Metal1,227.3120,353.3480,0.000222
FILLER_86_383,VSS,Metal1,221.7600,352.8000,0.000219
FILLER_86_351,VSS,Metal1,211.5640,353.3975,0.000219
FILLER_86_313,VSS,Metal1,182.5600,352.8000,0.000210
FILLER_86_305,VSS,Metal1,179.2530,353.2615,0.000200
FILLER_86_263,VSS,Metal1,155.7330,353.2615,0.000201
FILLER_86_247,VSS,Metal1,148.9120,353.3480,0.000201
FILLER_86_241,VSS,Metal1,142.4200,353.1485,0.000201
FILLER_86_177,VSS,Metal1,123.0445,353.4375,0.000200
FILLER_86_171,VSS,Metal1,103.2200,353.1485,0.000199
FILLER_86_107,VSS,Metal1,83.8445,353.4375,0.000199
FILLER_86_101,VSS,Metal1,64.0200,353.1485,0.000199
FILLER_86_37,VSS,Metal1,44.6445,353.4375,0.000199
FILLER_86_34,VSS,Metal1,26.0400,352.8000,0.000198
FILLER_86_2,VSS,Metal1,16.1240,353.3975,0.000198
FILLER_85_680,VSS,Metal1,388.0800,352.8000,0.000187
FILLER_85_664,VSS,Metal1,382.4320,352.2520,0.000187
FILLER_85_632,VSS,Metal1,368.9240,352.2020,0.000187
FILLER_85_626,VSS,Metal1,358.0200,352.4510,0.000187
FILLER_85_562,VSS,Metal1,338.6445,352.1620,0.000187
FILLER_85_559,VSS,Metal1,320.0400,352.8000,0.000187
FILLER_85_557,VSS,Metal1,319.2000,352.8000,0.000187
FILLER_85_550,VSS,Metal1,315.0000,352.8000,0.000187
FILLER_85_548,VSS,Metal1,314.1600,352.8000,0.000204
FILLER_85_544,VSS,Metal1,312.1000,352.4510,0.000204
FILLER_85_536,VSS,Metal1,308.6130,352.3380,0.000212
FILLER_85_500,VSS,Metal1,287.2800,352.8000,0.000222
FILLER_85_492,VSS,Metal1,283.9730,352.3380,0.000222
FILLER_85_488,VSS,Metal1,280.5600,352.8000,0.000225
FILLER_85_480,VSS,Metal1,277.2530,352.3380,0.000225
FILLER_85_475,VSS,Metal1,273.0000,352.8000,0.000225
FILLER_85_467,VSS,Metal1,269.9730,352.3380,0.000225
FILLER_85_458,VSS,Metal1,263.4800,352.8000,0.000223
FILLER_85_454,VSS,Metal1,261.7000,352.4510,0.000223
FILLER_85_422,VSS,Metal1,251.3240,352.2020,0.000222
FILLER_85_418,VSS,Metal1,241.3600,352.8000,0.000222
FILLER_85_386,VSS,Metal1,231.1640,352.2020,0.000222
FILLER_85_342,VSS,Metal1,199.9730,352.3380,0.000214
FILLER_85_325,VSS,Metal1,189.2800,352.8000,0.000214
FILLER_85_321,VSS,Metal1,187.2200,352.4510,0.000214
FILLER_85_313,VSS,Metal1,183.7330,352.3380,0.000210
FILLER_85_297,VSS,Metal1,176.9120,352.2520,0.000200
FILLER_85_228,VSS,Metal1,134.9600,352.8000,0.000200
FILLER_85_212,VSS,Metal1,129.3120,352.2520,0.000200
FILLER_85_206,VSS,Metal1,122.8200,352.4510,0.000200
FILLER_85_142,VSS,Metal1,103.4445,352.1620,0.000199
FILLER_85_139,VSS,Metal1,84.8400,352.8000,0.000199
FILLER_85_137,VSS,Metal1,84.0000,352.8000,0.000199
FILLER_85_129,VSS,Metal1,80.6930,352.3380,0.000199
FILLER_85_94,VSS,Metal1,59.6400,352.8000,0.000199
FILLER_85_92,VSS,Metal1,58.8000,352.8000,0.000199
FILLER_85_88,VSS,Metal1,56.7400,352.4510,0.000199
FILLER_85_72,VSS,Metal1,50.9120,352.2520,0.000199
FILLER_85_66,VSS,Metal1,44.4200,352.4510,0.000199
FILLER_85_2,VSS,Metal1,25.0445,352.1620,0.000198
FILLER_84_681,VSS,Metal1,388.3600,344.9600,0.000146
FILLER_84_679,VSS,Metal1,387.5200,344.9600,0.000146
FILLER_84_675,VSS,Metal1,385.4600,345.3085,0.000146
FILLER_84_667,VSS,Metal1,381.9730,345.4215,0.000146
FILLER_84_661,VSS,Metal1,377.6200,345.3085,0.000146
FILLER_84_597,VSS,Metal1,358.2445,345.5975,0.000146
FILLER_84_594,VSS,Metal1,339.6400,344.9600,0.000146
FILLER_84_592,VSS,Metal1,338.8000,344.9600,0.000146
FILLER_84_588,VSS,Metal1,336.7400,345.3085,0.000146
FILLER_84_580,VSS,Metal1,333.2530,345.4215,0.000146
FILLER_84_545,VSS,Metal1,312.2000,344.9600,0.000180
FILLER_84_543,VSS,Metal1,311.3600,344.9600,0.000180
FILLER_84_527,VSS,Metal1,305.7120,345.5080,0.000180
FILLER_84_524,VSS,Metal1,300.4400,344.9600,0.000181
FILLER_84_522,VSS,Metal1,299.6000,344.9600,0.000187
FILLER_84_518,VSS,Metal1,297.5400,345.3085,0.000188
FILLER_84_506,VSS,Metal1,291.8130,345.4215,0.000188
FILLER_84_474,VSS,Metal1,280.4440,345.5575,0.000188
FILLER_84_469,VSS,Metal1,269.6400,344.9600,0.000209
FILLER_84_465,VSS,Metal1,267.8600,345.3085,0.000209
FILLER_84_457,VSS,Metal1,264.3730,345.4215,0.000211
FILLER_84_451,VSS,Metal1,260.0200,345.3085,0.000212
FILLER_84_443,VSS,Metal1,256.5330,345.4215,0.000212
FILLER_84_433,VSS,Metal1,249.9400,345.3085,0.000217
FILLER_84_425,VSS,Metal1,246.4530,345.4215,0.000217
FILLER_84_409,VSS,Metal1,239.6320,345.5080,0.000218
FILLER_84_393,VSS,Metal1,227.0800,344.9600,0.000219
FILLER_84_391,VSS,Metal1,226.2400,344.9600,0.000219
FILLER_84_387,VSS,Metal1,224.1800,345.3085,0.000219
FILLER_84_381,VSS,Metal1,220.8200,345.3085,0.000221
FILLER_84_373,VSS,Metal1,217.3330,345.4215,0.000222
FILLER_84_357,VSS,Metal1,206.9200,344.9600,0.000222
FILLER_84_349,VSS,Metal1,203.8930,345.4215,0.000222
FILLER_84_333,VSS,Metal1,197.0720,345.5080,0.000222
FILLER_84_325,VSS,Metal1,189.2800,344.9600,0.000222
FILLER_84_317,VSS,Metal1,185.9730,345.4215,0.000222
FILLER_84_314,VSS,Metal1,182.8400,344.9600,0.000222
FILLER_84_310,VSS,Metal1,181.0600,345.3085,0.000222
FILLER_84_301,VSS,Metal1,175.5600,344.9600,0.000222
FILLER_84_299,VSS,Metal1,174.7200,344.9600,0.000226
FILLER_84_295,VSS,Metal1,172.6600,345.3085,0.000226
FILLER_84_259,VSS,Metal1,152.3200,344.9600,0.000226
FILLER_84_255,VSS,Metal1,150.2600,345.3085,0.000226
FILLER_84_247,VSS,Metal1,146.7730,345.4215,0.000226
FILLER_84_243,VSS,Metal1,143.3600,344.9600,0.000226
FILLER_84_227,VSS,Metal1,137.7120,345.5080,0.000226
FILLER_84_195,VSS,Metal1,124.2040,345.5575,0.000226
FILLER_84_177,VSS,Metal1,106.4000,344.9600,0.000220
FILLER_84_174,VSS,Metal1,104.4400,344.9600,0.000220
FILLER_84_170,VSS,Metal1,102.6600,345.3085,0.000220
FILLER_84_162,VSS,Metal1,99.1730,345.4215,0.000220
FILLER_84_146,VSS,Metal1,92.3520,345.5080,0.000220
FILLER_84_111,VSS,Metal1,69.1600,344.9600,0.000217
FILLER_84_107,VSS,Metal1,67.3800,345.3085,0.000217
FILLER_84_101,VSS,Metal1,64.0200,345.3085,0.000217
FILLER_84_37,VSS,Metal1,44.6445,345.5975,0.000216
FILLER_84_34,VSS,Metal1,26.0400,344.9600,0.000216
FILLER_84_2,VSS,Metal1,16.1240,345.5575,0.000216
FILLER_83_680,VSS,Metal1,388.0800,344.9600,0.000146
FILLER_83_664,VSS,Metal1,382.4320,344.4120,0.000146
FILLER_83_632,VSS,Metal1,368.9240,344.3620,0.000146
FILLER_83_598,VSS,Metal1,349.8840,344.3620,0.000146
FILLER_83_578,VSS,Metal1,330.9600,344.9600,0.000166
FILLER_83_570,VSS,Metal1,327.6530,344.4980,0.000167
FILLER_83_558,VSS,Metal1,319.7600,344.9600,0.000167
FILLER_83_534,VSS,Metal1,306.0400,344.9600,0.000180
FILLER_83_532,VSS,Metal1,305.2000,344.9600,0.000180
FILLER_83_524,VSS,Metal1,301.8930,344.4980,0.000181
FILLER_83_492,VSS,Metal1,290.5240,344.3620,0.000188
FILLER_83_489,VSS,Metal1,280.8400,344.9600,0.000188
FILLER_83_487,VSS,Metal1,280.0000,344.9600,0.000188
FILLER_83_483,VSS,Metal1,277.9400,344.6110,0.000188
FILLER_83_473,VSS,Metal1,271.8800,344.9600,0.000205
FILLER_83_471,VSS,Metal1,271.0400,344.9600,0.000205
FILLER_83_463,VSS,Metal1,267.7330,344.4980,0.000209
FILLER_83_447,VSS,Metal1,260.9120,344.4120,0.000212
FILLER_83_440,VSS,Metal1,253.4000,344.9600,0.000212
FILLER_83_438,VSS,Metal1,252.5600,344.9600,0.000212
FILLER_83_422,VSS,Metal1,246.9120,344.4120,0.000217
FILLER_83_384,VSS,Metal1,222.3200,344.9600,0.000221
FILLER_83_352,VSS,Metal1,212.1240,344.3620,0.000222
FILLER_83_298,VSS,Metal1,174.1600,344.9600,0.000226
FILLER_83_282,VSS,Metal1,168.5120,344.4120,0.000226
FILLER_83_278,VSS,Metal1,162.9600,344.9600,0.000226
FILLER_83_270,VSS,Metal1,159.6530,344.4980,0.000226
FILLER_83_238,VSS,Metal1,148.2840,344.3620,0.000226
FILLER_83_202,VSS,Metal1,121.5730,344.4980,0.000226
FILLER_83_186,VSS,Metal1,114.7520,344.4120,0.000225
FILLER_83_150,VSS,Metal1,91.2800,344.9600,0.000220
FILLER_83_142,VSS,Metal1,87.9730,344.4980,0.000220
FILLER_83_139,VSS,Metal1,84.8400,344.9600,0.000219
FILLER_83_135,VSS,Metal1,83.0600,344.6110,0.000219
FILLER_83_129,VSS,Metal1,79.2400,344.9600,0.000219
FILLER_83_127,VSS,Metal1,78.4000,344.9600,0.000219
FILLER_83_119,VSS,Metal1,75.0930,344.4980,0.000219
FILLER_83_84,VSS,Metal1,54.0400,344.9600,0.000216
FILLER_83_80,VSS,Metal1,52.2600,344.6110,0.000216
FILLER_83_72,VSS,Metal1,48.7730,344.4980,0.000216
FILLER_83_66,VSS,Metal1,44.4200,344.6110,0.000216
FILLER_83_2,VSS,Metal1,25.0445,344.3220,0.000216
FILLER_82_681,VSS,Metal1,388.3600,337.1200,0.000377
FILLER_82_679,VSS,Metal1,387.5200,337.1200,0.000377
FILLER_82_675,VSS,Metal1,385.4600,337.4685,0.000377
FILLER_82_667,VSS,Metal1,381.9730,337.5815,0.000377
FILLER_82_661,VSS,Metal1,377.6200,337.4685,0.000377
FILLER_82_597,VSS,Metal1,358.2445,337.7575,0.000377
FILLER_82_539,VSS,Metal1,308.8400,337.1200,0.000396
FILLER_82_531,VSS,Metal1,305.8130,337.5815,0.000408
FILLER_82_521,VSS,Metal1,299.2200,337.4685,0.000413
FILLER_82_457,VSS,Metal1,262.9200,337.1200,0.000436
FILLER_82_454,VSS,Metal1,261.2400,337.1200,0.000436
FILLER_82_452,VSS,Metal1,260.4000,337.1200,0.000436
FILLER_82_444,VSS,Metal1,257.0930,337.5815,0.000436
FILLER_82_412,VSS,Metal1,245.7240,337.7175,0.000436
FILLER_82_395,VSS,Metal1,228.4800,337.1200,0.000426
FILLER_82_387,VSS,Metal1,225.1730,337.5815,0.000426
FILLER_82_383,VSS,Metal1,221.7600,337.1200,0.000426
FILLER_82_351,VSS,Metal1,211.5640,337.7175,0.000426
FILLER_82_314,VSS,Metal1,182.8400,337.1200,0.000421
FILLER_82_306,VSS,Metal1,179.8130,337.5815,0.000419
FILLER_82_276,VSS,Metal1,162.0200,337.4685,0.000419
FILLER_82_260,VSS,Metal1,156.1920,337.6680,0.000417
FILLER_82_251,VSS,Metal1,147.5600,337.1200,0.000417
FILLER_82_247,VSS,Metal1,145.7800,337.4685,0.000417
FILLER_82_235,VSS,Metal1,139.0600,337.4685,0.000417
FILLER_82_219,VSS,Metal1,133.2320,337.6680,0.000416
FILLER_82_177,VSS,Metal1,107.5730,337.5815,0.000401
FILLER_82_169,VSS,Metal1,101.6400,337.1200,0.000400
FILLER_82_167,VSS,Metal1,100.8000,337.1200,0.000400
FILLER_82_157,VSS,Metal1,95.2000,337.1200,0.000400
FILLER_82_125,VSS,Metal1,85.0040,337.7175,0.000398
FILLER_82_111,VSS,Metal1,69.1600,337.1200,0.000398
FILLER_82_107,VSS,Metal1,67.3800,337.4685,0.000398
FILLER_82_93,VSS,Metal1,59.5400,337.4685,0.000398
FILLER_82_85,VSS,Metal1,56.0530,337.5815,0.000397
FILLER_82_69,VSS,Metal1,49.2320,337.6680,0.000372
FILLER_82_37,VSS,Metal1,35.7240,337.7175,0.000348
FILLER_82_34,VSS,Metal1,26.0400,337.1200,0.000347
FILLER_82_2,VSS,Metal1,16.1240,337.7175,0.000347
FILLER_81_680,VSS,Metal1,388.0800,337.1200,0.000377
FILLER_81_664,VSS,Metal1,382.4320,336.5720,0.000377
FILLER_81_632,VSS,Metal1,368.9240,336.5220,0.000377
FILLER_81_629,VSS,Metal1,359.2400,337.1200,0.000377
FILLER_81_621,VSS,Metal1,356.2130,336.6580,0.000377
FILLER_81_586,VSS,Metal1,335.1600,337.1200,0.000377
FILLER_81_578,VSS,Metal1,332.1330,336.6580,0.000377
FILLER_81_568,VSS,Metal1,325.0800,337.1200,0.000377
FILLER_81_566,VSS,Metal1,324.2400,337.1200,0.000377
FILLER_81_562,VSS,Metal1,322.1800,336.7710,0.000377
FILLER_81_556,VSS,Metal1,318.8200,336.7710,0.000377
FILLER_81_545,VSS,Metal1,312.2000,337.1200,0.000395
FILLER_81_543,VSS,Metal1,311.3600,337.1200,0.000396
FILLER_81_539,VSS,Metal1,309.3000,336.7710,0.000396
FILLER_81_523,VSS,Metal1,303.4720,336.5720,0.000408
FILLER_81_510,VSS,Metal1,292.6000,337.1200,0.000413
FILLER_81_508,VSS,Metal1,291.7600,337.1200,0.000433
FILLER_81_504,VSS,Metal1,289.7000,336.7710,0.000433
FILLER_81_489,VSS,Metal1,280.8400,337.1200,0.000436
FILLER_81_481,VSS,Metal1,277.8130,336.6580,0.000436
FILLER_81_468,VSS,Metal1,269.0800,337.1200,0.000436
FILLER_81_466,VSS,Metal1,268.2400,337.1200,0.000436
FILLER_81_430,VSS,Metal1,248.0800,337.1200,0.000436
FILLER_81_422,VSS,Metal1,244.7730,336.6580,0.000436
FILLER_81_403,VSS,Metal1,232.6800,337.1200,0.000434
FILLER_81_399,VSS,Metal1,230.9000,336.7710,0.000434
FILLER_81_391,VSS,Metal1,227.4130,336.6580,0.000426
FILLER_81_375,VSS,Metal1,220.5920,336.5720,0.000426
FILLER_81_366,VSS,Metal1,211.9600,337.1200,0.000426
FILLER_81_364,VSS,Metal1,211.1200,337.1200,0.000426
FILLER_81_290,VSS,Metal1,169.6800,337.1200,0.000422
FILLER_81_282,VSS,Metal1,166.3730,336.6580,0.000422
FILLER_81_276,VSS,Metal1,162.0200,336.7710,0.000419
FILLER_81_264,VSS,Metal1,155.3000,336.7710,0.000417
FILLER_81_228,VSS,Metal1,134.9600,337.1200,0.000416
FILLER_81_206,VSS,Metal1,122.8200,336.7710,0.000415
FILLER_81_198,VSS,Metal1,119.3330,336.6580,0.000415
FILLER_81_192,VSS,Metal1,114.5200,337.1200,0.000415
FILLER_81_182,VSS,Metal1,109.2000,337.1200,0.000401
FILLER_81_146,VSS,Metal1,89.0400,337.1200,0.000398
FILLER_81_142,VSS,Metal1,86.9800,336.7710,0.000398
FILLER_81_132,VSS,Metal1,82.3730,336.6580,0.000398
FILLER_81_80,VSS,Metal1,52.0800,337.1200,0.000372
FILLER_81_72,VSS,Metal1,48.7730,336.6580,0.000372
FILLER_81_69,VSS,Metal1,45.6400,337.1200,0.000372
FILLER_81_67,VSS,Metal1,44.8000,337.1200,0.000349
FILLER_81_63,VSS,Metal1,42.7400,336.7710,0.000348
FILLER_81_47,VSS,Metal1,36.9120,336.5720,0.000348
FILLER_81_30,VSS,Metal1,23.8000,337.1200,0.000347
FILLER_81_26,VSS,Metal1,22.0200,336.7710,0.000347
FILLER_81_18,VSS,Metal1,18.5330,336.6580,0.000347
FILLER_81_2,VSS,Metal1,11.7120,336.5720,0.000347
FILLER_80_681,VSS,Metal1,388.3600,329.2800,0.000317
FILLER_80_679,VSS,Metal1,387.5200,329.2800,0.000317
FILLER_80_675,VSS,Metal1,385.4600,329.6285,0.000317
FILLER_80_667,VSS,Metal1,381.9730,329.7415,0.000317
FILLER_80_661,VSS,Metal1,377.6200,329.6285,0.000317
FILLER_80_597,VSS,Metal1,358.2445,329.9175,0.000317
FILLER_80_591,VSS,Metal1,338.4200,329.6285,0.000317
FILLER_80_527,VSS,Metal1,319.0445,329.9175,0.000317
FILLER_80_524,VSS,Metal1,300.4400,329.2800,0.000318
FILLER_80_522,VSS,Metal1,299.6000,329.2800,0.000318
FILLER_80_518,VSS,Metal1,297.5400,329.6285,0.000318
FILLER_80_506,VSS,Metal1,290.3600,329.2800,0.000353
FILLER_80_490,VSS,Metal1,284.9920,329.8280,0.000354
FILLER_80_485,VSS,Metal1,278.6000,329.2800,0.000357
FILLER_80_481,VSS,Metal1,276.8200,329.6285,0.000358
FILLER_80_473,VSS,Metal1,273.3330,329.7415,0.000359
FILLER_80_457,VSS,Metal1,266.5120,329.8280,0.000369
FILLER_80_454,VSS,Metal1,261.2400,329.2800,0.000369
FILLER_80_446,VSS,Metal1,258.2130,329.7415,0.000370
FILLER_80_436,VSS,Metal1,251.4400,329.2800,0.000380
FILLER_80_432,VSS,Metal1,249.3800,329.6285,0.000381
FILLER_80_397,VSS,Metal1,229.3200,329.2800,0.000383
FILLER_80_395,VSS,Metal1,228.4800,329.2800,0.000383
FILLER_80_387,VSS,Metal1,225.1730,329.7415,0.000383
FILLER_80_383,VSS,Metal1,221.7600,329.2800,0.000387
FILLER_80_367,VSS,Metal1,216.1120,329.8280,0.000387
FILLER_80_306,VSS,Metal1,178.3600,329.2800,0.000387
FILLER_80_302,VSS,Metal1,176.5800,329.6285,0.000387
FILLER_80_251,VSS,Metal1,147.5600,329.2800,0.000388
FILLER_80_247,VSS,Metal1,145.7800,329.6285,0.000388
FILLER_80_241,VSS,Metal1,142.4200,329.6285,0.000388
FILLER_80_189,VSS,Metal1,113.1200,329.2800,0.000365
FILLER_80_185,VSS,Metal1,111.0600,329.6285,0.000365
FILLER_80_177,VSS,Metal1,107.5730,329.7415,0.000352
FILLER_80_174,VSS,Metal1,104.4400,329.2800,0.000351
FILLER_80_165,VSS,Metal1,99.8600,329.6285,0.000346
FILLER_80_156,VSS,Metal1,94.3600,329.2800,0.000346
FILLER_80_154,VSS,Metal1,93.5200,329.2800,0.000346
FILLER_80_150,VSS,Metal1,91.4600,329.6285,0.000346
FILLER_80_118,VSS,Metal1,81.0840,329.8775,0.000346
FILLER_80_111,VSS,Metal1,69.4400,329.2800,0.000346
FILLER_80_107,VSS,Metal1,67.3800,329.6285,0.000345
FILLER_80_93,VSS,Metal1,59.5400,329.6285,0.000314
FILLER_80_85,VSS,Metal1,56.0530,329.7415,0.000302
FILLER_80_53,VSS,Metal1,44.6840,329.8775,0.000296
FILLER_80_34,VSS,Metal1,26.0400,329.2800,0.000293
FILLER_80_2,VSS,Metal1,16.1240,329.8775,0.000294
FILLER_79_680,VSS,Metal1,388.0800,329.2800,0.000317
FILLER_79_664,VSS,Metal1,382.4320,328.7320,0.000317
FILLER_79_632,VSS,Metal1,368.9240,328.6820,0.000317
FILLER_79_626,VSS,Metal1,358.0200,328.9310,0.000317
FILLER_79_562,VSS,Metal1,338.6445,328.6420,0.000317
FILLER_79_552,VSS,Metal1,316.4000,329.2800,0.000317
FILLER_79_544,VSS,Metal1,313.0930,328.8180,0.000317
FILLER_79_501,VSS,Metal1,289.0130,328.8180,0.000354
FILLER_79_488,VSS,Metal1,280.5600,329.2800,0.000357
FILLER_79_467,VSS,Metal1,268.5200,329.2800,0.000369
FILLER_79_459,VSS,Metal1,265.4930,328.8180,0.000369
FILLER_79_442,VSS,Metal1,254.5200,329.2800,0.000373
FILLER_79_438,VSS,Metal1,252.7400,328.9310,0.000373
FILLER_79_422,VSS,Metal1,246.9120,328.7320,0.000381
FILLER_79_418,VSS,Metal1,241.3600,329.2800,0.000381
FILLER_79_414,VSS,Metal1,239.3000,328.9310,0.000381
FILLER_79_398,VSS,Metal1,233.4720,328.7320,0.000381
FILLER_79_336,VSS,Metal1,195.1600,329.2800,0.000387
FILLER_79_282,VSS,Metal1,165.2000,329.2800,0.000387
FILLER_79_261,VSS,Metal1,153.1600,329.2800,0.000387
FILLER_79_257,VSS,Metal1,151.3800,328.9310,0.000387
FILLER_79_222,VSS,Metal1,131.3200,329.2800,0.000388
FILLER_79_220,VSS,Metal1,130.4800,329.2800,0.000388
FILLER_79_212,VSS,Metal1,127.1730,328.8180,0.000388
FILLER_79_208,VSS,Metal1,123.7600,329.2800,0.000388
FILLER_79_204,VSS,Metal1,121.7000,328.9310,0.000388
FILLER_79_196,VSS,Metal1,118.2130,328.8180,0.000388
FILLER_79_186,VSS,Metal1,111.4400,329.2800,0.000365
FILLER_79_182,VSS,Metal1,109.3800,328.9310,0.000355
FILLER_79_174,VSS,Metal1,105.8930,328.8180,0.000351
FILLER_79_142,VSS,Metal1,94.5240,328.6820,0.000346
FILLER_79_104,VSS,Metal1,65.5200,329.2800,0.000331
FILLER_79_100,VSS,Metal1,63.4600,328.9310,0.000330
FILLER_79_92,VSS,Metal1,59.9730,328.8180,0.000314
FILLER_79_69,VSS,Metal1,45.6400,329.2800,0.000296
FILLER_79_67,VSS,Metal1,44.8000,329.2800,0.000296
FILLER_79_59,VSS,Metal1,41.4930,328.8180,0.000296
FILLER_79_24,VSS,Metal1,20.4400,329.2800,0.000294
FILLER_79_22,VSS,Metal1,19.6000,329.2800,0.000294
FILLER_79_18,VSS,Metal1,17.5400,328.9310,0.000294
FILLER_79_2,VSS,Metal1,11.7120,328.7320,0.000294
FILLER_78_681,VSS,Metal1,388.3600,321.4400,0.000394
FILLER_78_679,VSS,Metal1,387.5200,321.4400,0.000394
FILLER_78_675,VSS,Metal1,385.4600,321.7885,0.000394
FILLER_78_667,VSS,Metal1,381.9730,321.9015,0.000394
FILLER_78_661,VSS,Metal1,377.6200,321.7885,0.000394
FILLER_78_597,VSS,Metal1,358.2445,322.0775,0.000394
FILLER_78_594,VSS,Metal1,339.6400,321.4400,0.000394
FILLER_78_586,VSS,Metal1,336.6130,321.9015,0.000394
FILLER_78_535,VSS,Metal1,306.6000,321.4400,0.000399
FILLER_78_527,VSS,Metal1,303.5730,321.9015,0.000399
FILLER_78_521,VSS,Metal1,299.2200,321.7885,0.000405
FILLER_78_481,VSS,Metal1,276.6400,321.4400,0.000420
FILLER_78_465,VSS,Metal1,267.4000,321.4400,0.000420
FILLER_78_457,VSS,Metal1,264.3730,321.9015,0.000420
FILLER_78_413,VSS,Metal1,239.7330,321.9015,0.000399
FILLER_78_397,VSS,Metal1,232.9120,321.9880,0.000386
FILLER_78_387,VSS,Metal1,224.1800,321.7885,0.000375
FILLER_78_383,VSS,Metal1,221.7600,321.4400,0.000365
FILLER_78_375,VSS,Metal1,218.4530,321.9015,0.000364
FILLER_78_360,VSS,Metal1,208.6000,321.4400,0.000342
FILLER_78_356,VSS,Metal1,206.8200,321.7885,0.000342
FILLER_78_348,VSS,Metal1,203.3330,321.9015,0.000342
FILLER_78_334,VSS,Metal1,194.5000,321.7885,0.000331
FILLER_78_321,VSS,Metal1,186.7600,321.4400,0.000321
FILLER_78_317,VSS,Metal1,184.9800,321.7885,0.000321
FILLER_78_314,VSS,Metal1,182.8400,321.4400,0.000321
FILLER_78_312,VSS,Metal1,182.0000,321.4400,0.000321
FILLER_78_304,VSS,Metal1,178.6930,321.9015,0.000317
FILLER_78_255,VSS,Metal1,150.2600,321.7885,0.000319
FILLER_78_247,VSS,Metal1,146.7730,321.9015,0.000318
FILLER_78_231,VSS,Metal1,136.3600,321.4400,0.000317
FILLER_78_227,VSS,Metal1,134.5800,321.7885,0.000317
FILLER_78_192,VSS,Metal1,114.5200,321.4400,0.000314
FILLER_78_190,VSS,Metal1,113.6800,321.4400,0.000313
FILLER_78_182,VSS,Metal1,110.3730,321.9015,0.000311
FILLER_78_174,VSS,Metal1,104.4400,321.4400,0.000309
FILLER_78_172,VSS,Metal1,103.6000,321.4400,0.000309
FILLER_78_168,VSS,Metal1,101.5400,321.7885,0.000309
FILLER_78_160,VSS,Metal1,98.0530,321.9015,0.000309
FILLER_78_154,VSS,Metal1,93.2400,321.4400,0.000309
FILLER_78_152,VSS,Metal1,92.4000,321.4400,0.000309
FILLER_78_148,VSS,Metal1,90.3400,321.7885,0.000307
FILLER_78_132,VSS,Metal1,84.5120,321.9880,0.000303
FILLER_78_126,VSS,Metal1,77.5600,321.4400,0.000300
FILLER_78_124,VSS,Metal1,76.7200,321.4400,0.000300
FILLER_78_115,VSS,Metal1,71.4000,321.4400,0.000296
FILLER_78_107,VSS,Metal1,68.3730,321.9015,0.000295
FILLER_78_104,VSS,Metal1,65.2400,321.4400,0.000294
FILLER_78_100,VSS,Metal1,63.4600,321.7885,0.000290
FILLER_78_92,VSS,Metal1,59.9730,321.9015,0.000286
FILLER_78_56,VSS,Metal1,38.6400,321.4400,0.000267
FILLER_78_37,VSS,Metal1,28.1800,321.7885,0.000262
FILLER_78_2,VSS,Metal1,8.4000,321.4400,0.000255
FILLER_77_680,VSS,Metal1,388.0800,321.4400,0.000394
FILLER_77_664,VSS,Metal1,382.4320,320.8920,0.000394
FILLER_77_632,VSS,Metal1,368.9240,320.8420,0.000394
FILLER_77_628,VSS,Metal1,358.9600,321.4400,0.000394
FILLER_77_612,VSS,Metal1,353.3120,320.8920,0.000394
FILLER_77_558,VSS,Metal1,319.7600,321.4400,0.000397
FILLER_77_524,VSS,Metal1,304.0320,320.8920,0.000399
FILLER_77_508,VSS,Metal1,291.9400,321.0910,0.000414
FILLER_77_492,VSS,Metal1,286.1120,320.8920,0.000420
FILLER_77_438,VSS,Metal1,252.5600,321.4400,0.000419
FILLER_77_422,VSS,Metal1,246.9120,320.8920,0.000418
FILLER_77_418,VSS,Metal1,241.3600,321.4400,0.000400
FILLER_77_414,VSS,Metal1,239.3000,321.0910,0.000399
FILLER_77_406,VSS,Metal1,235.8130,320.9780,0.000387
FILLER_77_396,VSS,Metal1,229.0400,321.4400,0.000382
FILLER_77_388,VSS,Metal1,225.7330,320.9780,0.000375
FILLER_77_372,VSS,Metal1,218.9120,320.8920,0.000365
FILLER_77_352,VSS,Metal1,205.5730,320.9780,0.000342
FILLER_77_349,VSS,Metal1,202.4400,321.4400,0.000342
FILLER_77_347,VSS,Metal1,201.6000,321.4400,0.000334
FILLER_77_334,VSS,Metal1,194.0400,321.4400,0.000331
FILLER_77_326,VSS,Metal1,191.0130,320.9780,0.000321
FILLER_77_310,VSS,Metal1,184.1920,320.8920,0.000321
FILLER_77_264,VSS,Metal1,154.8400,321.4400,0.000319
FILLER_77_260,VSS,Metal1,153.0600,321.0910,0.000319
FILLER_77_244,VSS,Metal1,147.2320,320.8920,0.000318
FILLER_77_236,VSS,Metal1,139.4400,321.4400,0.000317
FILLER_77_228,VSS,Metal1,136.1330,320.9780,0.000317
FILLER_77_202,VSS,Metal1,121.5730,320.9780,0.000316
FILLER_77_195,VSS,Metal1,116.4800,321.4400,0.000316
FILLER_77_187,VSS,Metal1,113.1730,320.9780,0.000313
FILLER_77_146,VSS,Metal1,89.0400,321.4400,0.000303
FILLER_77_142,VSS,Metal1,86.9800,321.0910,0.000303
FILLER_77_138,VSS,Metal1,84.5600,321.4400,0.000303
FILLER_77_131,VSS,Metal1,80.6400,321.4400,0.000302
FILLER_77_127,VSS,Metal1,78.5800,321.0910,0.000301
FILLER_77_121,VSS,Metal1,74.7600,321.4400,0.000300
FILLER_77_117,VSS,Metal1,72.9800,321.0910,0.000300
FILLER_77_109,VSS,Metal1,69.4930,320.9780,0.000295
FILLER_77_103,VSS,Metal1,64.6800,321.4400,0.000290
FILLER_77_101,VSS,Metal1,63.8400,321.4400,0.000290
FILLER_77_97,VSS,Metal1,61.7800,321.0910,0.000287
FILLER_77_89,VSS,Metal1,58.2930,320.9780,0.000286
FILLER_77_72,VSS,Metal1,47.6000,321.4400,0.000268
FILLER_77_69,VSS,Metal1,45.6400,321.4400,0.000268
FILLER_77_67,VSS,Metal1,44.8000,321.4400,0.000268
FILLER_77_51,VSS,Metal1,39.1520,320.8920,0.000267
FILLER_76_681,VSS,Metal1,388.3600,313.6000,0.000186
FILLER_76_679,VSS,Metal1,387.5200,313.6000,0.000186
FILLER_76_675,VSS,Metal1,385.4600,313.9485,0.000186
FILLER_76_667,VSS,Metal1,381.9730,314.0615,0.000186
FILLER_76_661,VSS,Metal1,377.6200,313.9485,0.000186
FILLER_76_653,VSS,Metal1,374.1330,314.0615,0.000186
FILLER_76_621,VSS,Metal1,362.7640,314.1975,0.000186
FILLER_76_586,VSS,Metal1,335.1600,313.6000,0.000185
FILLER_76_582,VSS,Metal1,333.3800,313.9485,0.000185
FILLER_76_574,VSS,Metal1,329.8930,314.0615,0.000191
FILLER_76_558,VSS,Metal1,323.0720,314.1480,0.000202
FILLER_76_545,VSS,Metal1,312.2000,313.6000,0.000206
FILLER_76_543,VSS,Metal1,311.3600,313.6000,0.000206
FILLER_76_527,VSS,Metal1,305.7120,314.1480,0.000206
FILLER_76_514,VSS,Metal1,294.8400,313.6000,0.000220
FILLER_76_510,VSS,Metal1,293.0600,313.9485,0.000220
FILLER_76_502,VSS,Metal1,289.5730,314.0615,0.000226
FILLER_76_480,VSS,Metal1,275.8000,313.6000,0.000260
FILLER_76_478,VSS,Metal1,274.9600,313.6000,0.000260
FILLER_76_461,VSS,Metal1,265.4400,313.6000,0.000260
FILLER_76_457,VSS,Metal1,263.3800,313.9485,0.000260
FILLER_76_454,VSS,Metal1,261.2400,313.6000,0.000260
FILLER_76_452,VSS,Metal1,260.4000,313.6000,0.000260
FILLER_76_448,VSS,Metal1,258.3400,313.9485,0.000260
FILLER_76_443,VSS,Metal1,255.0800,313.6000,0.000260
FILLER_76_434,VSS,Metal1,250.0400,313.6000,0.000260
FILLER_76_430,VSS,Metal1,248.2600,313.9485,0.000260
FILLER_76_395,VSS,Metal1,228.2000,313.6000,0.000262
FILLER_76_387,VSS,Metal1,225.1730,314.0615,0.000262
FILLER_76_383,VSS,Metal1,221.7600,313.6000,0.000262
FILLER_76_379,VSS,Metal1,219.7000,313.9485,0.000262
FILLER_76_371,VSS,Metal1,216.2130,314.0615,0.000263
FILLER_76_355,VSS,Metal1,209.3920,314.1480,0.000263
FILLER_76_341,VSS,Metal1,198.2400,313.6000,0.000263
FILLER_76_333,VSS,Metal1,194.9330,314.0615,0.000263
FILLER_76_317,VSS,Metal1,188.1120,314.1480,0.000264
FILLER_76_288,VSS,Metal1,168.2800,313.6000,0.000284
FILLER_76_286,VSS,Metal1,167.4400,313.6000,0.000284
FILLER_76_259,VSS,Metal1,152.0400,313.6000,0.000285
FILLER_76_255,VSS,Metal1,150.2600,313.9485,0.000285
FILLER_76_247,VSS,Metal1,146.7730,314.0615,0.000285
FILLER_76_244,VSS,Metal1,143.6400,313.6000,0.000285
FILLER_76_212,VSS,Metal1,133.7240,314.1975,0.000284
FILLER_76_186,VSS,Metal1,114.7520,314.1480,0.000280
FILLER_76_177,VSS,Metal1,106.5800,313.9485,0.000278
FILLER_76_173,VSS,Metal1,104.1600,313.6000,0.000274
FILLER_76_169,VSS,Metal1,102.1000,313.9485,0.000274
FILLER_76_153,VSS,Metal1,92.6800,313.6000,0.000274
FILLER_76_151,VSS,Metal1,91.8400,313.6000,0.000274
FILLER_76_147,VSS,Metal1,89.7800,313.9485,0.000274
FILLER_76_139,VSS,Metal1,86.2930,314.0615,0.000273
FILLER_76_107,VSS,Metal1,74.9240,314.1975,0.000270
FILLER_76_104,VSS,Metal1,65.2400,313.6000,0.000270
FILLER_76_102,VSS,Metal1,64.4000,313.6000,0.000270
FILLER_76_98,VSS,Metal1,62.3400,313.9485,0.000270
FILLER_76_63,VSS,Metal1,42.2800,313.6000,0.000262
FILLER_76_61,VSS,Metal1,41.4400,313.6000,0.000262
FILLER_76_53,VSS,Metal1,38.1330,314.0615,0.000262
FILLER_76_37,VSS,Metal1,31.3120,314.1480,0.000262
FILLER_76_34,VSS,Metal1,26.0400,313.6000,0.000253
FILLER_76_2,VSS,Metal1,16.1240,314.1975,0.000253
FILLER_75_680,VSS,Metal1,388.0800,313.6000,0.000186
FILLER_75_664,VSS,Metal1,382.4320,313.0520,0.000186
FILLER_75_632,VSS,Metal1,368.9240,313.0020,0.000186
FILLER_75_628,VSS,Metal1,358.9600,313.6000,0.000186
FILLER_75_624,VSS,Metal1,356.9000,313.2510,0.000186
FILLER_75_589,VSS,Metal1,336.8400,313.6000,0.000186
FILLER_75_587,VSS,Metal1,336.0000,313.6000,0.000186
FILLER_75_583,VSS,Metal1,333.9400,313.2510,0.000184
FILLER_75_570,VSS,Metal1,326.4800,313.6000,0.000202
FILLER_75_562,VSS,Metal1,323.1730,313.1380,0.000202
FILLER_75_559,VSS,Metal1,320.0400,313.6000,0.000202
FILLER_75_557,VSS,Metal1,319.2000,313.6000,0.000205
FILLER_75_525,VSS,Metal1,309.0040,313.0020,0.000206
FILLER_75_515,VSS,Metal1,295.4000,313.6000,0.000210
FILLER_75_511,VSS,Metal1,293.6200,313.2510,0.000220
FILLER_75_498,VSS,Metal1,285.8800,313.6000,0.000226
FILLER_75_496,VSS,Metal1,285.0400,313.6000,0.000243
FILLER_75_492,VSS,Metal1,282.9800,313.2510,0.000243
FILLER_75_486,VSS,Metal1,279.6200,313.2510,0.000259
FILLER_75_422,VSS,Metal1,260.2445,312.9620,0.000260
FILLER_75_419,VSS,Metal1,241.6400,313.6000,0.000260
FILLER_75_415,VSS,Metal1,239.8600,313.2510,0.000260
FILLER_75_410,VSS,Metal1,236.6000,313.6000,0.000260
FILLER_75_408,VSS,Metal1,235.7600,313.6000,0.000260
FILLER_75_404,VSS,Metal1,233.7000,313.2510,0.000260
FILLER_75_396,VSS,Metal1,230.2130,313.1380,0.000260
FILLER_75_380,VSS,Metal1,223.3920,313.0520,0.000262
FILLER_75_356,VSS,Metal1,206.6400,313.6000,0.000263
FILLER_75_352,VSS,Metal1,204.5800,313.2510,0.000263
FILLER_75_349,VSS,Metal1,202.4400,313.6000,0.000263
FILLER_75_333,VSS,Metal1,197.0720,313.0520,0.000263
FILLER_75_298,VSS,Metal1,173.8800,313.6000,0.000264
FILLER_75_286,VSS,Metal1,167.1600,313.6000,0.000284
FILLER_75_282,VSS,Metal1,165.3800,313.2510,0.000285
FILLER_75_278,VSS,Metal1,162.9600,313.6000,0.000285
FILLER_75_274,VSS,Metal1,160.9000,313.2510,0.000285
FILLER_75_236,VSS,Metal1,139.6200,313.2510,0.000284
FILLER_75_228,VSS,Metal1,136.1330,313.1380,0.000284
FILLER_75_212,VSS,Metal1,129.3120,313.0520,0.000284
FILLER_75_209,VSS,Metal1,124.0400,313.6000,0.000282
FILLER_75_205,VSS,Metal1,122.2600,313.2510,0.000282
FILLER_75_189,VSS,Metal1,116.4320,313.0520,0.000280
FILLER_75_178,VSS,Metal1,106.9600,313.6000,0.000278
FILLER_75_174,VSS,Metal1,104.9000,313.2510,0.000277
FILLER_75_142,VSS,Metal1,94.5240,313.0020,0.000274
FILLER_75_131,VSS,Metal1,80.8200,313.2510,0.000270
FILLER_75_110,VSS,Metal1,72.1920,313.0520,0.000270
FILLER_75_80,VSS,Metal1,52.2600,313.2510,0.000268
FILLER_75_72,VSS,Metal1,48.7730,313.1380,0.000268
FILLER_75_68,VSS,Metal1,45.3600,313.6000,0.000268
FILLER_75_36,VSS,Metal1,35.1640,313.0020,0.000262
FILLER_74_681,VSS,Metal1,388.3600,305.7600,0.000181
FILLER_74_679,VSS,Metal1,387.5200,305.7600,0.000181
FILLER_74_675,VSS,Metal1,385.4600,306.1085,0.000181
FILLER_74_667,VSS,Metal1,381.9730,306.2215,0.000181
FILLER_74_663,VSS,Metal1,378.5600,305.7600,0.000181
FILLER_74_655,VSS,Metal1,375.2530,306.2215,0.000181
FILLER_74_639,VSS,Metal1,368.4320,306.3080,0.000181
FILLER_74_591,VSS,Metal1,338.4200,306.1085,0.000181
FILLER_74_583,VSS,Metal1,334.9330,306.2215,0.000180
FILLER_74_567,VSS,Metal1,328.1120,306.3080,0.000181
FILLER_74_559,VSS,Metal1,320.5000,306.1085,0.000225
FILLER_74_527,VSS,Metal1,310.1240,306.3575,0.000250
FILLER_74_521,VSS,Metal1,299.2200,306.1085,0.000254
FILLER_74_457,VSS,Metal1,279.8445,306.3975,0.000254
FILLER_74_454,VSS,Metal1,261.2400,305.7600,0.000254
FILLER_74_437,VSS,Metal1,251.7200,305.7600,0.000255
FILLER_74_435,VSS,Metal1,250.8800,305.7600,0.000268
FILLER_74_419,VSS,Metal1,245.2320,306.3080,0.000268
FILLER_74_387,VSS,Metal1,231.7240,306.3575,0.000276
FILLER_74_381,VSS,Metal1,220.8200,306.1085,0.000277
FILLER_74_317,VSS,Metal1,201.4445,306.3975,0.000277
FILLER_74_314,VSS,Metal1,182.8400,305.7600,0.000278
FILLER_74_299,VSS,Metal1,174.7200,305.7600,0.000304
FILLER_74_263,VSS,Metal1,154.5600,305.7600,0.000320
FILLER_74_247,VSS,Metal1,145.3200,305.7600,0.000326
FILLER_74_244,VSS,Metal1,143.6400,305.7600,0.000327
FILLER_74_242,VSS,Metal1,142.8000,305.7600,0.000327
FILLER_74_238,VSS,Metal1,140.7400,306.1085,0.000327
FILLER_74_230,VSS,Metal1,137.2530,306.2215,0.000327
FILLER_74_214,VSS,Metal1,130.4320,306.3080,0.000327
FILLER_74_204,VSS,Metal1,121.2400,305.7600,0.000338
FILLER_74_188,VSS,Metal1,115.8720,306.3080,0.000340
FILLER_74_179,VSS,Metal1,107.2400,305.7600,0.000346
FILLER_74_177,VSS,Metal1,106.4000,305.7600,0.000346
FILLER_74_174,VSS,Metal1,104.4400,305.7600,0.000346
FILLER_74_172,VSS,Metal1,103.6000,305.7600,0.000346
FILLER_74_168,VSS,Metal1,101.5400,306.1085,0.000346
FILLER_74_136,VSS,Metal1,91.1640,306.3575,0.000346
FILLER_74_128,VSS,Metal1,78.6800,305.7600,0.000354
FILLER_74_126,VSS,Metal1,77.8400,305.7600,0.000354
FILLER_74_115,VSS,Metal1,71.4000,305.7600,0.000361
FILLER_74_107,VSS,Metal1,68.3730,306.2215,0.000361
FILLER_74_54,VSS,Metal1,37.2400,305.7600,0.000361
FILLER_74_52,VSS,Metal1,36.4000,305.7600,0.000361
FILLER_74_4,VSS,Metal1,9.2400,305.7600,0.000362
FILLER_74_2,VSS,Metal1,8.4000,305.7600,0.000362
FILLER_73_680,VSS,Metal1,388.0800,305.7600,0.000181
FILLER_73_664,VSS,Metal1,382.4320,305.2120,0.000181
FILLER_73_632,VSS,Metal1,368.9240,305.1620,0.000181
FILLER_73_628,VSS,Metal1,358.9600,305.7600,0.000181
FILLER_73_624,VSS,Metal1,356.9000,305.4110,0.000181
FILLER_73_616,VSS,Metal1,353.4130,305.2980,0.000181
FILLER_73_600,VSS,Metal1,346.5920,305.2120,0.000181
FILLER_73_568,VSS,Metal1,333.0840,305.1620,0.000181
FILLER_73_559,VSS,Metal1,320.0400,305.7600,0.000225
FILLER_73_549,VSS,Metal1,314.7200,305.7600,0.000250
FILLER_73_541,VSS,Metal1,311.4130,305.2980,0.000250
FILLER_73_525,VSS,Metal1,304.5920,305.2120,0.000251
FILLER_73_508,VSS,Metal1,291.4800,305.7600,0.000254
FILLER_73_492,VSS,Metal1,286.1120,305.2120,0.000254
FILLER_73_489,VSS,Metal1,280.8400,305.7600,0.000254
FILLER_73_485,VSS,Metal1,279.0600,305.4110,0.000254
FILLER_73_477,VSS,Metal1,275.5730,305.2980,0.000254
FILLER_73_445,VSS,Metal1,264.2040,305.1620,0.000254
FILLER_73_436,VSS,Metal1,251.1600,305.7600,0.000268
FILLER_73_434,VSS,Metal1,250.3200,305.7600,0.000268
FILLER_73_430,VSS,Metal1,248.2600,305.4110,0.000268
FILLER_73_422,VSS,Metal1,244.7730,305.2980,0.000268
FILLER_73_412,VSS,Metal1,239.1730,305.2980,0.000275
FILLER_73_400,VSS,Metal1,231.2800,305.7600,0.000276
FILLER_73_392,VSS,Metal1,227.9730,305.2980,0.000276
FILLER_73_356,VSS,Metal1,206.6400,305.7600,0.000277
FILLER_73_352,VSS,Metal1,204.5800,305.4110,0.000277
FILLER_73_299,VSS,Metal1,174.4400,305.7600,0.000304
FILLER_73_282,VSS,Metal1,164.9200,305.7600,0.000309
FILLER_73_264,VSS,Metal1,156.2930,305.2980,0.000310
FILLER_73_248,VSS,Metal1,149.4720,305.2120,0.000320
FILLER_73_208,VSS,Metal1,123.7600,305.7600,0.000338
FILLER_73_204,VSS,Metal1,121.7000,305.4110,0.000338
FILLER_73_195,VSS,Metal1,116.2000,305.7600,0.000340
FILLER_73_193,VSS,Metal1,115.3600,305.7600,0.000340
FILLER_73_189,VSS,Metal1,113.3000,305.4110,0.000340
FILLER_73_181,VSS,Metal1,109.8130,305.2980,0.000342
FILLER_73_149,VSS,Metal1,98.4440,305.1620,0.000346
FILLER_73_120,VSS,Metal1,74.2000,305.7600,0.000360
FILLER_73_84,VSS,Metal1,54.3200,305.7600,0.000361
FILLER_73_80,VSS,Metal1,52.2600,305.4110,0.000361
FILLER_73_72,VSS,Metal1,48.7730,305.2980,0.000361
FILLER_73_68,VSS,Metal1,45.3600,305.7600,0.000361
FILLER_73_52,VSS,Metal1,39.7120,305.2120,0.000361
FILLER_72_681,VSS,Metal1,388.3600,297.9200,0.000214
FILLER_72_679,VSS,Metal1,387.5200,297.9200,0.000214
FILLER_72_675,VSS,Metal1,385.4600,298.2685,0.000214
FILLER_72_667,VSS,Metal1,381.9730,298.3815,0.000214
FILLER_72_663,VSS,Metal1,378.5600,297.9200,0.000214
FILLER_72_631,VSS,Metal1,368.3640,298.5175,0.000214
FILLER_72_588,VSS,Metal1,336.2800,297.9200,0.000214
FILLER_72_586,VSS,Metal1,335.4400,297.9200,0.000214
FILLER_72_539,VSS,Metal1,308.8400,297.9200,0.000232
FILLER_72_535,VSS,Metal1,307.0600,298.2685,0.000232
FILLER_72_527,VSS,Metal1,303.5730,298.3815,0.000232
FILLER_72_521,VSS,Metal1,299.2200,298.2685,0.000235
FILLER_72_508,VSS,Metal1,291.4800,297.9200,0.000239
FILLER_72_506,VSS,Metal1,290.6400,297.9200,0.000239
FILLER_72_498,VSS,Metal1,287.3330,298.3815,0.000240
FILLER_72_463,VSS,Metal1,266.2800,297.9200,0.000255
FILLER_72_461,VSS,Metal1,265.4400,297.9200,0.000255
FILLER_72_457,VSS,Metal1,263.3800,298.2685,0.000255
FILLER_72_454,VSS,Metal1,261.2400,297.9200,0.000255
FILLER_72_450,VSS,Metal1,259.4600,298.2685,0.000255
FILLER_72_445,VSS,Metal1,256.2000,297.9200,0.000255
FILLER_72_437,VSS,Metal1,253.1730,298.3815,0.000255
FILLER_72_423,VSS,Metal1,244.1600,297.9200,0.000256
FILLER_72_419,VSS,Metal1,242.1000,298.2685,0.000256
FILLER_72_411,VSS,Metal1,238.6130,298.3815,0.000257
FILLER_72_395,VSS,Metal1,228.6600,298.2685,0.000257
FILLER_72_387,VSS,Metal1,225.1730,298.3815,0.000257
FILLER_72_381,VSS,Metal1,220.8200,298.2685,0.000257
FILLER_72_373,VSS,Metal1,217.3330,298.3815,0.000257
FILLER_72_364,VSS,Metal1,210.8400,297.9200,0.000257
FILLER_72_348,VSS,Metal1,205.4720,298.4680,0.000257
FILLER_72_317,VSS,Metal1,188.1120,298.4680,0.000256
FILLER_72_314,VSS,Metal1,182.8400,297.9200,0.000256
FILLER_72_310,VSS,Metal1,181.0600,298.2685,0.000254
FILLER_72_302,VSS,Metal1,176.4000,297.9200,0.000254
FILLER_72_251,VSS,Metal1,147.5600,297.9200,0.000254
FILLER_72_247,VSS,Metal1,145.7800,298.2685,0.000254
FILLER_72_241,VSS,Metal1,142.4200,298.2685,0.000254
FILLER_72_233,VSS,Metal1,138.9330,298.3815,0.000254
FILLER_72_223,VSS,Metal1,131.8800,297.9200,0.000253
FILLER_72_217,VSS,Metal1,128.5200,297.9200,0.000253
FILLER_72_209,VSS,Metal1,125.4930,298.3815,0.000251
FILLER_72_177,VSS,Metal1,114.1240,298.5175,0.000248
FILLER_72_159,VSS,Metal1,96.0400,297.9200,0.000242
FILLER_72_151,VSS,Metal1,93.0130,298.3815,0.000242
FILLER_72_135,VSS,Metal1,82.8800,297.9200,0.000229
FILLER_72_131,VSS,Metal1,80.8200,298.2685,0.000229
FILLER_72_123,VSS,Metal1,77.3330,298.3815,0.000229
FILLER_72_117,VSS,Metal1,72.5200,297.9200,0.000229
FILLER_72_115,VSS,Metal1,71.6800,297.9200,0.000229
FILLER_72_107,VSS,Metal1,68.3730,298.3815,0.000229
FILLER_72_86,VSS,Metal1,55.6200,298.2685,0.000229
FILLER_72_51,VSS,Metal1,35.5600,297.9200,0.000226
FILLER_72_49,VSS,Metal1,34.7200,297.9200,0.000226
FILLER_72_45,VSS,Metal1,32.6600,298.2685,0.000226
FILLER_72_37,VSS,Metal1,29.1730,298.3815,0.000219
FILLER_72_34,VSS,Metal1,26.0400,297.9200,0.000218
FILLER_72_18,VSS,Metal1,20.6720,298.4680,0.000218
FILLER_72_6,VSS,Metal1,10.3600,297.9200,0.000218
FILLER_72_2,VSS,Metal1,8.5800,298.2685,0.000218
FILLER_71_680,VSS,Metal1,388.0800,297.9200,0.000214
FILLER_71_664,VSS,Metal1,382.4320,297.3720,0.000214
FILLER_71_632,VSS,Metal1,368.9240,297.3220,0.000214
FILLER_71_629,VSS,Metal1,359.2400,297.9200,0.000214
FILLER_71_613,VSS,Metal1,353.8720,297.3720,0.000214
FILLER_71_581,VSS,Metal1,340.3640,297.3220,0.000214
FILLER_71_572,VSS,Metal1,327.3200,297.9200,0.000225
FILLER_71_570,VSS,Metal1,326.4800,297.9200,0.000226
FILLER_71_562,VSS,Metal1,323.1730,297.4580,0.000226
FILLER_71_559,VSS,Metal1,320.0400,297.9200,0.000226
FILLER_71_548,VSS,Metal1,313.8800,297.9200,0.000226
FILLER_71_544,VSS,Metal1,312.1000,297.5710,0.000226
FILLER_71_528,VSS,Metal1,306.2720,297.3720,0.000232
FILLER_71_515,VSS,Metal1,295.4000,297.9200,0.000237
FILLER_71_502,VSS,Metal1,288.1200,297.9200,0.000240
FILLER_71_500,VSS,Metal1,287.2800,297.9200,0.000240
FILLER_71_492,VSS,Metal1,283.9730,297.4580,0.000243
FILLER_71_479,VSS,Metal1,275.5200,297.9200,0.000245
FILLER_71_464,VSS,Metal1,266.8400,297.9200,0.000245
FILLER_71_462,VSS,Metal1,266.0000,297.9200,0.000255
FILLER_71_426,VSS,Metal1,245.8400,297.9200,0.000255
FILLER_71_422,VSS,Metal1,243.7800,297.5710,0.000256
FILLER_71_419,VSS,Metal1,241.6400,297.9200,0.000256
FILLER_71_411,VSS,Metal1,238.6130,297.4580,0.000257
FILLER_71_398,VSS,Metal1,229.8800,297.9200,0.000257
FILLER_71_396,VSS,Metal1,229.0400,297.9200,0.000257
FILLER_71_380,VSS,Metal1,223.3920,297.3720,0.000257
FILLER_71_366,VSS,Metal1,211.9600,297.9200,0.000257
FILLER_71_364,VSS,Metal1,211.1200,297.9200,0.000257
FILLER_71_360,VSS,Metal1,209.0600,297.5710,0.000257
FILLER_71_352,VSS,Metal1,205.5730,297.4580,0.000257
FILLER_71_346,VSS,Metal1,201.2200,297.5710,0.000256
FILLER_71_322,VSS,Metal1,187.6000,297.9200,0.000256
FILLER_71_314,VSS,Metal1,184.2930,297.4580,0.000256
FILLER_71_282,VSS,Metal1,172.9240,297.3220,0.000254
FILLER_71_279,VSS,Metal1,163.2400,297.9200,0.000254
FILLER_71_271,VSS,Metal1,160.2130,297.4580,0.000254
FILLER_71_234,VSS,Metal1,138.0400,297.9200,0.000254
FILLER_71_230,VSS,Metal1,136.2600,297.5710,0.000254
FILLER_71_224,VSS,Metal1,132.4400,297.9200,0.000253
FILLER_71_214,VSS,Metal1,126.8400,297.9200,0.000252
FILLER_71_212,VSS,Metal1,126.0000,297.9200,0.000251
FILLER_71_208,VSS,Metal1,123.7600,297.9200,0.000249
FILLER_71_192,VSS,Metal1,118.1120,297.3720,0.000248
FILLER_71_142,VSS,Metal1,90.1120,297.3720,0.000242
FILLER_71_136,VSS,Metal1,83.6200,297.5710,0.000236
FILLER_71_72,VSS,Metal1,64.2445,297.2820,0.000229
FILLER_71_69,VSS,Metal1,45.6400,297.9200,0.000228
FILLER_71_67,VSS,Metal1,44.8000,297.9200,0.000228
FILLER_71_59,VSS,Metal1,41.4930,297.4580,0.000228
FILLER_71_43,VSS,Metal1,34.6720,297.3720,0.000226
FILLER_71_26,VSS,Metal1,21.5600,297.9200,0.000218
FILLER_71_18,VSS,Metal1,18.5330,297.4580,0.000218
FILLER_71_2,VSS,Metal1,11.7120,297.3720,0.000218
FILLER_70_681,VSS,Metal1,388.3600,290.0800,0.000114
FILLER_70_679,VSS,Metal1,387.5200,290.0800,0.000114
FILLER_70_675,VSS,Metal1,385.4600,290.4285,0.000114
FILLER_70_667,VSS,Metal1,381.9730,290.5415,0.000114
FILLER_70_661,VSS,Metal1,377.6200,290.4285,0.000114
FILLER_70_597,VSS,Metal1,358.2445,290.7175,0.000114
FILLER_70_594,VSS,Metal1,339.6400,290.0800,0.000114
FILLER_70_579,VSS,Metal1,331.2400,290.0800,0.000113
FILLER_70_575,VSS,Metal1,329.4600,290.4285,0.000118
FILLER_70_559,VSS,Metal1,323.6320,290.6280,0.000119
FILLER_70_527,VSS,Metal1,310.1240,290.6775,0.000125
FILLER_70_513,VSS,Metal1,294.5600,290.0800,0.000126
FILLER_70_508,VSS,Metal1,291.4800,290.0800,0.000138
FILLER_70_506,VSS,Metal1,290.6400,290.0800,0.000138
FILLER_70_502,VSS,Metal1,288.5800,290.4285,0.000138
FILLER_70_470,VSS,Metal1,278.2040,290.6775,0.000139
FILLER_70_457,VSS,Metal1,262.9200,290.0800,0.000139
FILLER_70_454,VSS,Metal1,261.2400,290.0800,0.000139
FILLER_70_450,VSS,Metal1,259.4600,290.4285,0.000144
FILLER_70_434,VSS,Metal1,253.6320,290.6280,0.000144
FILLER_70_420,VSS,Metal1,242.4800,290.0800,0.000146
FILLER_70_416,VSS,Metal1,240.4200,290.4285,0.000150
FILLER_70_395,VSS,Metal1,231.7920,290.6280,0.000164
FILLER_70_389,VSS,Metal1,224.8400,290.0800,0.000165
FILLER_70_387,VSS,Metal1,224.0000,290.0800,0.000167
FILLER_70_373,VSS,Metal1,216.1600,290.0800,0.000172
FILLER_70_341,VSS,Metal1,205.9640,290.6775,0.000172
FILLER_70_325,VSS,Metal1,189.4600,290.4285,0.000176
FILLER_70_317,VSS,Metal1,185.9730,290.5415,0.000178
FILLER_70_313,VSS,Metal1,182.5600,290.0800,0.000180
FILLER_70_309,VSS,Metal1,180.5000,290.4285,0.000180
FILLER_70_297,VSS,Metal1,173.7800,290.4285,0.000180
FILLER_70_289,VSS,Metal1,170.2930,290.5415,0.000180
FILLER_70_257,VSS,Metal1,158.9240,290.6775,0.000182
FILLER_70_243,VSS,Metal1,143.3600,290.0800,0.000195
FILLER_70_206,VSS,Metal1,130.3640,290.6775,0.000196
FILLER_70_197,VSS,Metal1,117.3200,290.0800,0.000199
FILLER_70_193,VSS,Metal1,115.5400,290.4285,0.000199
FILLER_70_177,VSS,Metal1,109.7120,290.6280,0.000199
FILLER_70_171,VSS,Metal1,103.2200,290.4285,0.000203
FILLER_70_107,VSS,Metal1,83.8445,290.7175,0.000206
FILLER_70_101,VSS,Metal1,64.0200,290.4285,0.000207
FILLER_70_93,VSS,Metal1,60.5330,290.5415,0.000207
FILLER_70_77,VSS,Metal1,53.7120,290.6280,0.000205
FILLER_70_61,VSS,Metal1,41.1600,290.0800,0.000203
FILLER_70_53,VSS,Metal1,38.1330,290.5415,0.000203
FILLER_70_34,VSS,Metal1,26.0400,290.0800,0.000202
FILLER_70_30,VSS,Metal1,24.2600,290.4285,0.000202
FILLER_70_22,VSS,Metal1,20.7730,290.5415,0.000202
FILLER_70_6,VSS,Metal1,10.3600,290.0800,0.000202
FILLER_70_2,VSS,Metal1,8.5800,290.4285,0.000202
FILLER_69_680,VSS,Metal1,388.0800,290.0800,0.000114
FILLER_69_664,VSS,Metal1,382.4320,289.5320,0.000114
FILLER_69_632,VSS,Metal1,368.9240,289.4820,0.000114
FILLER_69_629,VSS,Metal1,359.2400,290.0800,0.000114
FILLER_69_627,VSS,Metal1,358.4000,290.0800,0.000114
FILLER_69_623,VSS,Metal1,356.3400,289.7310,0.000114
FILLER_69_588,VSS,Metal1,336.2800,290.0800,0.000114
FILLER_69_586,VSS,Metal1,335.4400,290.0800,0.000114
FILLER_69_578,VSS,Metal1,332.1330,289.6180,0.000113
FILLER_69_562,VSS,Metal1,325.3120,289.5320,0.000119
FILLER_69_559,VSS,Metal1,320.0400,290.0800,0.000119
FILLER_69_543,VSS,Metal1,314.6720,289.5320,0.000125
FILLER_69_538,VSS,Metal1,308.2800,290.0800,0.000125
FILLER_69_522,VSS,Metal1,302.9120,289.5320,0.000126
FILLER_69_508,VSS,Metal1,291.4800,290.0800,0.000138
FILLER_69_492,VSS,Metal1,286.1120,289.5320,0.000138
FILLER_69_477,VSS,Metal1,274.1200,290.0800,0.000139
FILLER_69_475,VSS,Metal1,273.2800,290.0800,0.000139
FILLER_69_467,VSS,Metal1,269.9730,289.6180,0.000139
FILLER_69_462,VSS,Metal1,265.7200,290.0800,0.000139
FILLER_69_454,VSS,Metal1,262.6930,289.6180,0.000139
FILLER_69_422,VSS,Metal1,251.3240,289.4820,0.000144
FILLER_69_419,VSS,Metal1,241.6400,290.0800,0.000150
FILLER_69_415,VSS,Metal1,239.8600,289.7310,0.000150
FILLER_69_399,VSS,Metal1,234.0320,289.5320,0.000164
FILLER_69_377,VSS,Metal1,219.5730,289.6180,0.000169
FILLER_69_354,VSS,Metal1,205.2400,290.0800,0.000172
FILLER_69_352,VSS,Metal1,204.4000,290.0800,0.000172
FILLER_69_342,VSS,Metal1,199.9730,289.6180,0.000172
FILLER_69_329,VSS,Metal1,191.2400,290.0800,0.000173
FILLER_69_327,VSS,Metal1,190.4000,290.0800,0.000176
FILLER_69_282,VSS,Metal1,165.2000,290.0800,0.000182
FILLER_69_212,VSS,Metal1,133.7240,289.4820,0.000196
FILLER_69_209,VSS,Metal1,124.0400,290.0800,0.000196
FILLER_69_207,VSS,Metal1,123.2000,290.0800,0.000196
FILLER_69_172,VSS,Metal1,103.3200,290.0800,0.000203
FILLER_69_170,VSS,Metal1,102.4800,290.0800,0.000206
FILLER_69_166,VSS,Metal1,100.4200,289.7310,0.000206
FILLER_69_158,VSS,Metal1,96.9330,289.6180,0.000206
FILLER_69_142,VSS,Metal1,90.1120,289.5320,0.000206
FILLER_69_132,VSS,Metal1,82.3730,289.6180,0.000206
FILLER_69_116,VSS,Metal1,75.5520,289.5320,0.000206
FILLER_69_88,VSS,Metal1,56.5600,290.0800,0.000205
FILLER_69_72,VSS,Metal1,50.9120,289.5320,0.000205
FILLER_69_69,VSS,Metal1,45.6400,290.0800,0.000204
FILLER_69_65,VSS,Metal1,43.8600,289.7310,0.000204
FILLER_69_49,VSS,Metal1,38.0320,289.5320,0.000203
FILLER_69_14,VSS,Metal1,14.8400,290.0800,0.000202
FILLER_69_10,VSS,Metal1,13.0600,289.7310,0.000202
FILLER_69_2,VSS,Metal1,9.5730,289.6180,0.000202
FILLER_68_681,VSS,Metal1,388.3600,282.2400,0.000111
FILLER_68_679,VSS,Metal1,387.5200,282.2400,0.000111
FILLER_68_675,VSS,Metal1,385.4600,282.5885,0.000111
FILLER_68_667,VSS,Metal1,381.9730,282.7015,0.000111
FILLER_68_661,VSS,Metal1,377.6200,282.5885,0.000111
FILLER_68_597,VSS,Metal1,358.2445,282.8775,0.000111
FILLER_68_594,VSS,Metal1,339.6400,282.2400,0.000111
FILLER_68_586,VSS,Metal1,336.6130,282.7015,0.000111
FILLER_68_554,VSS,Metal1,325.2440,282.8375,0.000111
FILLER_68_547,VSS,Metal1,313.3200,282.2400,0.000114
FILLER_68_543,VSS,Metal1,311.5400,282.5885,0.000114
FILLER_68_527,VSS,Metal1,305.7120,282.7880,0.000122
FILLER_68_524,VSS,Metal1,300.4400,282.2400,0.000122
FILLER_68_522,VSS,Metal1,299.6000,282.2400,0.000130
FILLER_68_501,VSS,Metal1,287.8400,282.2400,0.000130
FILLER_68_469,VSS,Metal1,277.6440,282.8375,0.000131
FILLER_68_454,VSS,Metal1,261.2400,282.2400,0.000132
FILLER_68_438,VSS,Metal1,255.8720,282.7880,0.000133
FILLER_68_395,VSS,Metal1,228.2000,282.2400,0.000146
FILLER_68_387,VSS,Metal1,225.1730,282.7015,0.000146
FILLER_68_384,VSS,Metal1,222.0400,282.2400,0.000149
FILLER_68_380,VSS,Metal1,220.2600,282.5885,0.000149
FILLER_68_345,VSS,Metal1,200.2000,282.2400,0.000152
FILLER_68_341,VSS,Metal1,198.4200,282.5885,0.000155
FILLER_68_333,VSS,Metal1,194.9330,282.7015,0.000155
FILLER_68_317,VSS,Metal1,188.1120,282.7880,0.000155
FILLER_68_304,VSS,Metal1,177.2400,282.2400,0.000159
FILLER_68_295,VSS,Metal1,172.2000,282.2400,0.000159
FILLER_68_291,VSS,Metal1,170.4200,282.5885,0.000159
FILLER_68_283,VSS,Metal1,166.9330,282.7015,0.000159
FILLER_68_267,VSS,Metal1,160.1120,282.7880,0.000169
FILLER_68_257,VSS,Metal1,150.9200,282.2400,0.000177
FILLER_68_255,VSS,Metal1,150.0800,282.2400,0.000177
FILLER_68_247,VSS,Metal1,146.7730,282.7015,0.000177
FILLER_68_228,VSS,Metal1,134.6800,282.2400,0.000177
FILLER_68_224,VSS,Metal1,132.9000,282.5885,0.000182
FILLER_68_216,VSS,Metal1,129.4130,282.7015,0.000190
FILLER_68_192,VSS,Metal1,115.9730,282.7015,0.000202
FILLER_68_166,VSS,Metal1,99.9600,282.2400,0.000207
FILLER_68_164,VSS,Metal1,99.1200,282.2400,0.000207
FILLER_68_148,VSS,Metal1,93.4720,282.7880,0.000207
FILLER_68_130,VSS,Metal1,80.0800,282.2400,0.000226
FILLER_68_126,VSS,Metal1,78.0200,282.5885,0.000227
FILLER_68_119,VSS,Metal1,73.9200,282.2400,0.000227
FILLER_68_115,VSS,Metal1,71.8600,282.5885,0.000227
FILLER_68_104,VSS,Metal1,65.2400,282.2400,0.000227
FILLER_68_88,VSS,Metal1,59.8720,282.7880,0.000227
FILLER_68_52,VSS,Metal1,36.4000,282.2400,0.000231
FILLER_68_18,VSS,Metal1,17.3600,282.2400,0.000225
FILLER_68_2,VSS,Metal1,11.7120,282.7880,0.000225
FILLER_67_680,VSS,Metal1,388.0800,282.2400,0.000111
FILLER_67_664,VSS,Metal1,382.4320,281.6920,0.000111
FILLER_67_632,VSS,Metal1,368.9240,281.6420,0.000111
FILLER_67_626,VSS,Metal1,358.0200,281.8910,0.000111
FILLER_67_562,VSS,Metal1,338.6445,281.6020,0.000111
FILLER_67_559,VSS,Metal1,320.0400,282.2400,0.000111
FILLER_67_555,VSS,Metal1,318.2600,281.8910,0.000111
FILLER_67_542,VSS,Metal1,310.5200,282.2400,0.000122
FILLER_67_540,VSS,Metal1,309.6800,282.2400,0.000122
FILLER_67_524,VSS,Metal1,304.0320,281.6920,0.000122
FILLER_67_492,VSS,Metal1,290.5240,281.6420,0.000130
FILLER_67_488,VSS,Metal1,280.5600,282.2400,0.000131
FILLER_67_456,VSS,Metal1,270.3640,281.6420,0.000131
FILLER_67_446,VSS,Metal1,257.2200,281.8910,0.000133
FILLER_67_438,VSS,Metal1,253.7330,281.7780,0.000133
FILLER_67_422,VSS,Metal1,246.9120,281.6920,0.000139
FILLER_67_416,VSS,Metal1,240.4200,281.8910,0.000139
FILLER_67_407,VSS,Metal1,234.9200,282.2400,0.000139
FILLER_67_405,VSS,Metal1,234.0800,282.2400,0.000146
FILLER_67_389,VSS,Metal1,228.4320,281.6920,0.000146
FILLER_67_372,VSS,Metal1,215.3200,282.2400,0.000150
FILLER_67_364,VSS,Metal1,212.2930,281.7780,0.000150
FILLER_67_352,VSS,Metal1,204.4000,282.2400,0.000150
FILLER_67_349,VSS,Metal1,202.4400,282.2400,0.000150
FILLER_67_345,VSS,Metal1,200.6600,281.8910,0.000152
FILLER_67_329,VSS,Metal1,194.8320,281.6920,0.000155
FILLER_67_320,VSS,Metal1,186.2000,282.2400,0.000155
FILLER_67_318,VSS,Metal1,185.3600,282.2400,0.000155
FILLER_67_314,VSS,Metal1,183.3000,281.8910,0.000156
FILLER_67_282,VSS,Metal1,172.9240,281.6420,0.000159
FILLER_67_276,VSS,Metal1,162.0200,281.8910,0.000169
FILLER_67_260,VSS,Metal1,156.1920,281.6920,0.000169
FILLER_67_228,VSS,Metal1,142.6840,281.6420,0.000177
FILLER_67_216,VSS,Metal1,128.2400,282.2400,0.000190
FILLER_67_212,VSS,Metal1,126.1800,281.8910,0.000201
FILLER_67_208,VSS,Metal1,123.7600,282.2400,0.000202
FILLER_67_176,VSS,Metal1,113.5640,281.6420,0.000202
FILLER_67_139,VSS,Metal1,84.8400,282.2400,0.000224
FILLER_67_137,VSS,Metal1,84.0000,282.2400,0.000224
FILLER_67_133,VSS,Metal1,81.9400,281.8910,0.000224
FILLER_67_80,VSS,Metal1,52.0800,282.2400,0.000238
FILLER_67_72,VSS,Metal1,48.7730,281.7780,0.000238
FILLER_67_52,VSS,Metal1,36.4000,282.2400,0.000231
FILLER_67_36,VSS,Metal1,30.7520,281.6920,0.000231
FILLER_66_681,VSS,Metal1,388.3600,274.4000,0.000168
FILLER_66_679,VSS,Metal1,387.5200,274.4000,0.000168
FILLER_66_675,VSS,Metal1,385.4600,274.7485,0.000168
FILLER_66_667,VSS,Metal1,381.9730,274.8615,0.000168
FILLER_66_661,VSS,Metal1,377.6200,274.7485,0.000168
FILLER_66_597,VSS,Metal1,358.2445,275.0375,0.000168
FILLER_66_594,VSS,Metal1,339.6400,274.4000,0.000168
FILLER_66_586,VSS,Metal1,336.6130,274.8615,0.000168
FILLER_66_543,VSS,Metal1,311.0800,274.4000,0.000177
FILLER_66_527,VSS,Metal1,305.7120,274.9480,0.000185
FILLER_66_524,VSS,Metal1,300.4400,274.4000,0.000190
FILLER_66_522,VSS,Metal1,299.6000,274.4000,0.000190
FILLER_66_518,VSS,Metal1,297.5400,274.7485,0.000190
FILLER_66_502,VSS,Metal1,291.7120,274.9480,0.000198
FILLER_66_477,VSS,Metal1,274.4000,274.4000,0.000228
FILLER_66_473,VSS,Metal1,272.3400,274.7485,0.000228
FILLER_66_457,VSS,Metal1,266.5120,274.9480,0.000238
FILLER_66_454,VSS,Metal1,261.2400,274.4000,0.000238
FILLER_66_452,VSS,Metal1,260.4000,274.4000,0.000238
FILLER_66_448,VSS,Metal1,258.3400,274.7485,0.000238
FILLER_66_416,VSS,Metal1,247.9640,274.9975,0.000238
FILLER_66_387,VSS,Metal1,227.3120,274.9480,0.000240
FILLER_66_383,VSS,Metal1,221.7600,274.4000,0.000240
FILLER_66_375,VSS,Metal1,218.4530,274.8615,0.000240
FILLER_66_359,VSS,Metal1,211.6320,274.9480,0.000244
FILLER_66_327,VSS,Metal1,198.1240,274.9975,0.000246
FILLER_66_317,VSS,Metal1,184.8000,274.4000,0.000250
FILLER_66_313,VSS,Metal1,182.5600,274.4000,0.000252
FILLER_66_309,VSS,Metal1,180.5000,274.7485,0.000255
FILLER_66_301,VSS,Metal1,177.0130,274.8615,0.000259
FILLER_66_269,VSS,Metal1,165.6440,274.9975,0.000281
FILLER_66_259,VSS,Metal1,152.3200,274.4000,0.000285
FILLER_66_255,VSS,Metal1,150.2600,274.7485,0.000285
FILLER_66_247,VSS,Metal1,146.7730,274.8615,0.000285
FILLER_66_244,VSS,Metal1,143.6400,274.4000,0.000285
FILLER_66_240,VSS,Metal1,141.8600,274.7485,0.000285
FILLER_66_203,VSS,Metal1,120.6800,274.4000,0.000343
FILLER_66_201,VSS,Metal1,119.8400,274.4000,0.000343
FILLER_66_193,VSS,Metal1,116.5330,274.8615,0.000350
FILLER_66_177,VSS,Metal1,109.7120,274.9480,0.000350
FILLER_66_173,VSS,Metal1,104.1600,274.4000,0.000350
FILLER_66_169,VSS,Metal1,102.1000,274.7485,0.000350
FILLER_66_161,VSS,Metal1,98.6130,274.8615,0.000357
FILLER_66_107,VSS,Metal1,67.3800,274.7485,0.000357
FILLER_66_53,VSS,Metal1,36.9600,274.4000,0.000357
FILLER_66_37,VSS,Metal1,31.3120,274.9480,0.000343
FILLER_66_34,VSS,Metal1,26.0400,274.4000,0.000329
FILLER_66_2,VSS,Metal1,16.1240,274.9975,0.000330
FILLER_65_680,VSS,Metal1,388.0800,274.4000,0.000168
FILLER_65_664,VSS,Metal1,382.4320,273.8520,0.000168
FILLER_65_632,VSS,Metal1,368.9240,273.8020,0.000168
FILLER_65_628,VSS,Metal1,358.9600,274.4000,0.000168
FILLER_65_624,VSS,Metal1,356.9000,274.0510,0.000168
FILLER_65_608,VSS,Metal1,351.0720,273.8520,0.000168
FILLER_65_573,VSS,Metal1,327.8800,274.4000,0.000171
FILLER_65_564,VSS,Metal1,322.8400,274.4000,0.000171
FILLER_65_562,VSS,Metal1,322.0000,274.4000,0.000171
FILLER_65_547,VSS,Metal1,313.6000,274.4000,0.000171
FILLER_65_543,VSS,Metal1,311.5400,274.0510,0.000177
FILLER_65_527,VSS,Metal1,305.7120,273.8520,0.000185
FILLER_65_515,VSS,Metal1,295.4000,274.4000,0.000198
FILLER_65_506,VSS,Metal1,290.3600,274.4000,0.000198
FILLER_65_504,VSS,Metal1,289.5200,274.4000,0.000198
FILLER_65_500,VSS,Metal1,287.4600,274.0510,0.000202
FILLER_65_492,VSS,Metal1,283.9730,273.9380,0.000208
FILLER_65_489,VSS,Metal1,280.8400,274.4000,0.000219
FILLER_65_472,VSS,Metal1,272.7730,273.9380,0.000228
FILLER_65_422,VSS,Metal1,246.9120,273.8520,0.000238
FILLER_65_419,VSS,Metal1,241.6400,274.4000,0.000238
FILLER_65_411,VSS,Metal1,238.6130,273.9380,0.000239
FILLER_65_376,VSS,Metal1,217.5600,274.4000,0.000240
FILLER_65_374,VSS,Metal1,216.7200,274.4000,0.000243
FILLER_65_370,VSS,Metal1,214.6600,274.0510,0.000243
FILLER_65_362,VSS,Metal1,211.1730,273.9380,0.000244
FILLER_65_352,VSS,Metal1,204.5800,274.0510,0.000246
FILLER_65_349,VSS,Metal1,202.4400,274.4000,0.000246
FILLER_65_347,VSS,Metal1,201.6000,274.4000,0.000246
FILLER_65_343,VSS,Metal1,199.5400,274.0510,0.000246
FILLER_65_317,VSS,Metal1,184.8000,274.4000,0.000250
FILLER_65_313,VSS,Metal1,182.7400,274.0510,0.000252
FILLER_65_298,VSS,Metal1,174.1600,274.4000,0.000280
FILLER_65_282,VSS,Metal1,168.5120,273.8520,0.000281
FILLER_65_278,VSS,Metal1,162.9600,274.4000,0.000281
FILLER_65_274,VSS,Metal1,160.9000,274.0510,0.000281
FILLER_65_236,VSS,Metal1,139.4400,274.4000,0.000334
FILLER_65_220,VSS,Metal1,133.7920,273.8520,0.000334
FILLER_65_212,VSS,Metal1,126.0000,274.4000,0.000334
FILLER_65_209,VSS,Metal1,124.0400,274.4000,0.000334
FILLER_65_207,VSS,Metal1,123.2000,274.4000,0.000334
FILLER_65_199,VSS,Metal1,119.8930,273.9380,0.000343
FILLER_65_167,VSS,Metal1,108.5240,273.8020,0.000350
FILLER_65_150,VSS,Metal1,91.2800,274.4000,0.000358
FILLER_65_142,VSS,Metal1,87.9730,273.9380,0.000358
FILLER_65_139,VSS,Metal1,84.8400,274.4000,0.000358
FILLER_65_88,VSS,Metal1,56.5600,274.4000,0.000357
FILLER_65_72,VSS,Metal1,50.9120,273.8520,0.000357
FILLER_65_60,VSS,Metal1,41.0600,274.0510,0.000357
FILLER_65_52,VSS,Metal1,37.5730,273.9380,0.000357
FILLER_65_36,VSS,Metal1,30.7520,273.8520,0.000342
FILLER_64_681,VSS,Metal1,388.3600,266.5600,0.000414
FILLER_64_679,VSS,Metal1,387.5200,266.5600,0.000414
FILLER_64_675,VSS,Metal1,385.4600,266.9085,0.000414
FILLER_64_667,VSS,Metal1,381.9730,267.0215,0.000414
FILLER_64_661,VSS,Metal1,377.6200,266.9085,0.000414
FILLER_64_597,VSS,Metal1,358.2445,267.1975,0.000414
FILLER_64_527,VSS,Metal1,302.4000,266.5600,0.000423
FILLER_64_524,VSS,Metal1,300.4400,266.5600,0.000423
FILLER_64_522,VSS,Metal1,299.6000,266.5600,0.000423
FILLER_64_518,VSS,Metal1,297.5400,266.9085,0.000423
FILLER_64_506,VSS,Metal1,290.6400,266.5600,0.000450
FILLER_64_498,VSS,Metal1,287.3330,267.0215,0.000450
FILLER_64_482,VSS,Metal1,280.5120,267.1080,0.000457
FILLER_64_473,VSS,Metal1,271.8800,266.5600,0.000458
FILLER_64_471,VSS,Metal1,271.0400,266.5600,0.000458
FILLER_64_463,VSS,Metal1,267.7330,267.0215,0.000458
FILLER_64_454,VSS,Metal1,261.2400,266.5600,0.000458
FILLER_64_452,VSS,Metal1,260.4000,266.5600,0.000458
FILLER_64_442,VSS,Metal1,254.8000,266.5600,0.000458
FILLER_64_438,VSS,Metal1,252.7400,266.9085,0.000454
FILLER_64_403,VSS,Metal1,232.6800,266.5600,0.000415
FILLER_64_401,VSS,Metal1,231.8400,266.5600,0.000415
FILLER_64_393,VSS,Metal1,228.5330,267.0215,0.000415
FILLER_64_387,VSS,Metal1,224.0000,266.5600,0.000415
FILLER_64_374,VSS,Metal1,216.4400,266.5600,0.000407
FILLER_64_372,VSS,Metal1,215.6000,266.5600,0.000407
FILLER_64_313,VSS,Metal1,182.5600,266.5600,0.000371
FILLER_64_297,VSS,Metal1,176.9120,267.1080,0.000370
FILLER_64_238,VSS,Metal1,140.5600,266.5600,0.000369
FILLER_64_222,VSS,Metal1,134.9120,267.1080,0.000369
FILLER_64_212,VSS,Metal1,125.7200,266.5600,0.000364
FILLER_64_210,VSS,Metal1,124.8800,266.5600,0.000363
FILLER_64_206,VSS,Metal1,122.8200,266.9085,0.000356
FILLER_64_198,VSS,Metal1,119.3330,267.0215,0.000349
FILLER_64_191,VSS,Metal1,114.2400,266.5600,0.000349
FILLER_64_185,VSS,Metal1,110.6000,266.5600,0.000349
FILLER_64_177,VSS,Metal1,107.5730,267.0215,0.000349
FILLER_64_174,VSS,Metal1,104.4400,266.5600,0.000348
FILLER_64_142,VSS,Metal1,94.5240,267.1575,0.000347
FILLER_64_133,VSS,Metal1,81.4800,266.5600,0.000311
FILLER_64_131,VSS,Metal1,80.6400,266.5600,0.000311
FILLER_64_127,VSS,Metal1,78.5800,266.9085,0.000310
FILLER_64_113,VSS,Metal1,70.2800,266.5600,0.000307
FILLER_64_111,VSS,Metal1,69.4400,266.5600,0.000307
FILLER_64_107,VSS,Metal1,67.3800,266.9085,0.000307
FILLER_64_104,VSS,Metal1,65.2400,266.5600,0.000307
FILLER_64_102,VSS,Metal1,64.4000,266.5600,0.000307
FILLER_64_98,VSS,Metal1,62.3400,266.9085,0.000307
FILLER_64_90,VSS,Metal1,58.8530,267.0215,0.000307
FILLER_64_52,VSS,Metal1,36.5800,266.9085,0.000301
FILLER_64_26,VSS,Metal1,21.5600,266.5600,0.000300
FILLER_64_18,VSS,Metal1,18.5330,267.0215,0.000300
FILLER_63_680,VSS,Metal1,388.0800,266.5600,0.000414
FILLER_63_664,VSS,Metal1,382.4320,266.0120,0.000414
FILLER_63_632,VSS,Metal1,368.9240,265.9620,0.000414
FILLER_63_626,VSS,Metal1,358.0200,266.2110,0.000414
FILLER_63_618,VSS,Metal1,354.5330,266.0980,0.000414
FILLER_63_602,VSS,Metal1,347.7120,266.0120,0.000414
FILLER_63_570,VSS,Metal1,334.2040,265.9620,0.000414
FILLER_63_544,VSS,Metal1,313.0930,266.0980,0.000417
FILLER_63_517,VSS,Metal1,296.5200,266.5600,0.000442
FILLER_63_513,VSS,Metal1,294.7400,266.2110,0.000443
FILLER_63_498,VSS,Metal1,285.8800,266.5600,0.000451
FILLER_63_496,VSS,Metal1,285.0400,266.5600,0.000457
FILLER_63_492,VSS,Metal1,282.9800,266.2110,0.000457
FILLER_63_438,VSS,Metal1,252.5600,266.5600,0.000454
FILLER_63_422,VSS,Metal1,246.9120,266.0120,0.000447
FILLER_63_419,VSS,Metal1,241.6400,266.5600,0.000447
FILLER_63_411,VSS,Metal1,238.6130,266.0980,0.000446
FILLER_63_404,VSS,Metal1,233.2400,266.5600,0.000434
FILLER_63_402,VSS,Metal1,232.4000,266.5600,0.000415
FILLER_63_386,VSS,Metal1,226.7520,266.0120,0.000415
FILLER_63_346,VSS,Metal1,201.2200,266.2110,0.000390
FILLER_63_330,VSS,Metal1,195.3920,266.0120,0.000390
FILLER_63_320,VSS,Metal1,186.4800,266.5600,0.000390
FILLER_63_316,VSS,Metal1,184.4200,266.2110,0.000380
FILLER_63_276,VSS,Metal1,162.0200,266.2110,0.000370
FILLER_63_258,VSS,Metal1,151.4800,266.5600,0.000370
FILLER_63_256,VSS,Metal1,150.6400,266.5600,0.000370
FILLER_63_248,VSS,Metal1,147.3330,266.0980,0.000370
FILLER_63_209,VSS,Metal1,124.0400,266.5600,0.000356
FILLER_63_207,VSS,Metal1,123.2000,266.5600,0.000356
FILLER_63_203,VSS,Metal1,121.1400,266.2110,0.000351
FILLER_63_168,VSS,Metal1,101.0800,266.5600,0.000347
FILLER_63_166,VSS,Metal1,100.2400,266.5600,0.000347
FILLER_63_158,VSS,Metal1,96.9330,266.0980,0.000347
FILLER_63_142,VSS,Metal1,90.1120,266.0120,0.000347
FILLER_63_139,VSS,Metal1,84.8400,266.5600,0.000318
FILLER_63_135,VSS,Metal1,83.0600,266.2110,0.000318
FILLER_63_119,VSS,Metal1,77.2320,266.0120,0.000310
FILLER_63_87,VSS,Metal1,63.7240,265.9620,0.000307
FILLER_63_66,VSS,Metal1,44.4200,266.2110,0.000302
FILLER_63_50,VSS,Metal1,38.5920,266.0120,0.000302
FILLER_63_14,VSS,Metal1,15.1200,266.5600,0.000301
FILLER_63_10,VSS,Metal1,13.0600,266.2110,0.000301
FILLER_63_2,VSS,Metal1,9.5730,266.0980,0.000301
FILLER_62_681,VSS,Metal1,388.3600,258.7200,0.000205
FILLER_62_679,VSS,Metal1,387.5200,258.7200,0.000205
FILLER_62_675,VSS,Metal1,385.4600,259.0685,0.000205
FILLER_62_667,VSS,Metal1,381.9730,259.1815,0.000205
FILLER_62_661,VSS,Metal1,377.6200,259.0685,0.000205
FILLER_62_597,VSS,Metal1,358.2445,259.3575,0.000205
FILLER_62_594,VSS,Metal1,339.6400,258.7200,0.000205
FILLER_62_592,VSS,Metal1,338.8000,258.7200,0.000205
FILLER_62_584,VSS,Metal1,335.4930,259.1815,0.000205
FILLER_62_543,VSS,Metal1,311.0800,258.7200,0.000229
FILLER_62_457,VSS,Metal1,264.3730,259.1815,0.000236
FILLER_62_451,VSS,Metal1,260.0200,259.0685,0.000236
FILLER_62_387,VSS,Metal1,240.6445,259.3575,0.000236
FILLER_62_384,VSS,Metal1,222.0400,258.7200,0.000236
FILLER_62_382,VSS,Metal1,221.2000,258.7200,0.000236
FILLER_62_378,VSS,Metal1,219.1400,259.0685,0.000236
FILLER_62_362,VSS,Metal1,213.3120,259.2680,0.000236
FILLER_62_351,VSS,Metal1,203.5600,258.7200,0.000238
FILLER_62_349,VSS,Metal1,202.7200,258.7200,0.000238
FILLER_62_317,VSS,Metal1,192.5240,259.3175,0.000238
FILLER_62_311,VSS,Metal1,181.6200,259.0685,0.000238
FILLER_62_303,VSS,Metal1,178.1330,259.1815,0.000237
FILLER_62_269,VSS,Metal1,157.9200,258.7200,0.000246
FILLER_62_265,VSS,Metal1,155.8600,259.0685,0.000246
FILLER_62_257,VSS,Metal1,150.9200,258.7200,0.000245
FILLER_62_255,VSS,Metal1,150.0800,258.7200,0.000245
FILLER_62_247,VSS,Metal1,146.7730,259.1815,0.000244
FILLER_62_244,VSS,Metal1,143.6400,258.7200,0.000221
FILLER_62_228,VSS,Metal1,138.2720,259.2680,0.000221
FILLER_62_216,VSS,Metal1,129.4130,259.1815,0.000220
FILLER_62_200,VSS,Metal1,122.5920,259.2680,0.000220
FILLER_62_192,VSS,Metal1,114.5200,258.7200,0.000217
FILLER_62_190,VSS,Metal1,113.6800,258.7200,0.000217
FILLER_62_139,VSS,Metal1,85.1200,258.7200,0.000211
FILLER_62_135,VSS,Metal1,83.0600,259.0685,0.000210
FILLER_62_129,VSS,Metal1,79.2400,258.7200,0.000205
FILLER_62_127,VSS,Metal1,78.4000,258.7200,0.000205
FILLER_62_123,VSS,Metal1,76.3400,259.0685,0.000204
FILLER_62_107,VSS,Metal1,70.5120,259.2680,0.000204
FILLER_62_101,VSS,Metal1,64.0200,259.0685,0.000204
FILLER_62_93,VSS,Metal1,60.5330,259.1815,0.000204
FILLER_62_77,VSS,Metal1,53.7120,259.2680,0.000197
FILLER_62_61,VSS,Metal1,41.1600,258.7200,0.000196
FILLER_62_53,VSS,Metal1,38.1330,259.1815,0.000196
FILLER_62_37,VSS,Metal1,31.3120,259.2680,0.000196
FILLER_62_4,VSS,Metal1,9.2400,258.7200,0.000196
FILLER_62_2,VSS,Metal1,8.4000,258.7200,0.000196
FILLER_61_680,VSS,Metal1,388.0800,258.7200,0.000205
FILLER_61_664,VSS,Metal1,382.4320,258.1720,0.000205
FILLER_61_632,VSS,Metal1,368.9240,258.1220,0.000205
FILLER_61_626,VSS,Metal1,358.0200,258.3710,0.000205
FILLER_61_562,VSS,Metal1,338.6445,258.0820,0.000205
FILLER_61_548,VSS,Metal1,314.3400,258.3710,0.000229
FILLER_61_532,VSS,Metal1,308.5120,258.1720,0.000230
FILLER_61_496,VSS,Metal1,285.0400,258.7200,0.000233
FILLER_61_492,VSS,Metal1,282.9800,258.3710,0.000233
FILLER_61_489,VSS,Metal1,280.8400,258.7200,0.000233
FILLER_61_485,VSS,Metal1,279.0600,258.3710,0.000233
FILLER_61_477,VSS,Metal1,275.5730,258.2580,0.000234
FILLER_61_434,VSS,Metal1,250.0400,258.7200,0.000236
FILLER_61_430,VSS,Metal1,248.2600,258.3710,0.000236
FILLER_61_422,VSS,Metal1,244.7730,258.2580,0.000236
FILLER_61_412,VSS,Metal1,239.1730,258.2580,0.000236
FILLER_61_396,VSS,Metal1,232.3520,258.1720,0.000236
FILLER_61_364,VSS,Metal1,218.8440,258.1220,0.000236
FILLER_61_352,VSS,Metal1,204.5800,258.3710,0.000236
FILLER_61_348,VSS,Metal1,202.1600,258.7200,0.000238
FILLER_61_332,VSS,Metal1,196.5120,258.1720,0.000238
FILLER_61_298,VSS,Metal1,175.3330,258.2580,0.000244
FILLER_61_282,VSS,Metal1,168.5120,258.1720,0.000249
FILLER_61_279,VSS,Metal1,163.2400,258.7200,0.000249
FILLER_61_271,VSS,Metal1,160.2130,258.2580,0.000249
FILLER_61_265,VSS,Metal1,155.4000,258.7200,0.000246
FILLER_61_261,VSS,Metal1,153.6200,258.3710,0.000245
FILLER_61_253,VSS,Metal1,150.1330,258.2580,0.000245
FILLER_61_232,VSS,Metal1,136.9200,258.7200,0.000221
FILLER_61_228,VSS,Metal1,135.1400,258.3710,0.000221
FILLER_61_212,VSS,Metal1,129.3120,258.1720,0.000220
FILLER_61_202,VSS,Metal1,120.1200,258.7200,0.000220
FILLER_61_200,VSS,Metal1,119.2800,258.7200,0.000220
FILLER_61_168,VSS,Metal1,109.0840,258.1220,0.000217
FILLER_61_152,VSS,Metal1,92.1200,258.7200,0.000216
FILLER_61_150,VSS,Metal1,91.2800,258.7200,0.000216
FILLER_61_142,VSS,Metal1,87.9730,258.2580,0.000215
FILLER_61_139,VSS,Metal1,84.8400,258.7200,0.000211
FILLER_61_129,VSS,Metal1,79.5200,258.7200,0.000205
FILLER_61_94,VSS,Metal1,59.6400,258.7200,0.000204
FILLER_61_92,VSS,Metal1,58.8000,258.7200,0.000197
FILLER_61_88,VSS,Metal1,56.7400,258.3710,0.000197
FILLER_61_72,VSS,Metal1,50.9120,258.1720,0.000197
FILLER_61_66,VSS,Metal1,44.4200,258.3710,0.000196
FILLER_61_2,VSS,Metal1,25.0445,258.0820,0.000196
FILLER_60_681,VSS,Metal1,388.3600,250.8800,0.000238
FILLER_60_679,VSS,Metal1,387.5200,250.8800,0.000238
FILLER_60_675,VSS,Metal1,385.4600,251.2285,0.000238
FILLER_60_667,VSS,Metal1,381.9730,251.3415,0.000238
FILLER_60_661,VSS,Metal1,377.6200,251.2285,0.000238
FILLER_60_597,VSS,Metal1,358.2445,251.5175,0.000238
FILLER_60_543,VSS,Metal1,311.3600,250.8800,0.000238
FILLER_60_527,VSS,Metal1,305.7120,251.4280,0.000238
FILLER_60_516,VSS,Metal1,295.9600,250.8800,0.000241
FILLER_60_512,VSS,Metal1,294.1800,251.2285,0.000241
FILLER_60_461,VSS,Metal1,265.1600,250.8800,0.000241
FILLER_60_457,VSS,Metal1,263.3800,251.2285,0.000241
FILLER_60_451,VSS,Metal1,260.0200,251.2285,0.000241
FILLER_60_443,VSS,Metal1,256.5330,251.3415,0.000241
FILLER_60_395,VSS,Metal1,228.6600,251.2285,0.000241
FILLER_60_387,VSS,Metal1,225.1730,251.3415,0.000241
FILLER_60_384,VSS,Metal1,222.0400,250.8800,0.000241
FILLER_60_380,VSS,Metal1,220.2600,251.2285,0.000241
FILLER_60_372,VSS,Metal1,216.7730,251.3415,0.000241
FILLER_60_356,VSS,Metal1,209.9520,251.4280,0.000240
FILLER_60_324,VSS,Metal1,196.4440,251.4775,0.000240
FILLER_60_308,VSS,Metal1,179.4800,250.8800,0.000239
FILLER_60_292,VSS,Metal1,174.1120,251.4280,0.000248
FILLER_60_255,VSS,Metal1,149.8000,250.8800,0.000250
FILLER_60_247,VSS,Metal1,146.7730,251.3415,0.000256
FILLER_60_244,VSS,Metal1,143.6400,250.8800,0.000256
FILLER_60_242,VSS,Metal1,142.8000,250.8800,0.000256
FILLER_60_238,VSS,Metal1,140.7400,251.2285,0.000256
FILLER_60_217,VSS,Metal1,128.8000,250.8800,0.000259
FILLER_60_209,VSS,Metal1,125.4930,251.3415,0.000259
FILLER_60_177,VSS,Metal1,114.1240,251.4775,0.000260
FILLER_60_174,VSS,Metal1,104.4400,250.8800,0.000260
FILLER_60_157,VSS,Metal1,95.3800,251.2285,0.000261
FILLER_60_141,VSS,Metal1,89.5520,251.4280,0.000261
FILLER_60_131,VSS,Metal1,80.3600,250.8800,0.000255
FILLER_60_123,VSS,Metal1,77.3330,251.3415,0.000255
FILLER_60_117,VSS,Metal1,72.5200,250.8800,0.000240
FILLER_60_115,VSS,Metal1,71.6800,250.8800,0.000230
FILLER_60_107,VSS,Metal1,68.3730,251.3415,0.000229
FILLER_60_93,VSS,Metal1,59.5400,251.2285,0.000201
FILLER_60_85,VSS,Metal1,56.0530,251.3415,0.000197
FILLER_60_49,VSS,Metal1,34.7200,250.8800,0.000194
FILLER_60_45,VSS,Metal1,32.6600,251.2285,0.000194
FILLER_60_37,VSS,Metal1,29.1730,251.3415,0.000194
FILLER_60_34,VSS,Metal1,26.0400,250.8800,0.000188
FILLER_60_2,VSS,Metal1,16.1240,251.4775,0.000189
FILLER_59_680,VSS,Metal1,388.0800,250.8800,0.000238
FILLER_59_664,VSS,Metal1,382.4320,250.3320,0.000238
FILLER_59_632,VSS,Metal1,368.9240,250.2820,0.000238
FILLER_59_626,VSS,Metal1,358.0200,250.5310,0.000238
FILLER_59_562,VSS,Metal1,338.6445,250.2420,0.000238
FILLER_59_524,VSS,Metal1,300.7200,250.8800,0.000241
FILLER_59_492,VSS,Metal1,290.5240,250.2820,0.000241
FILLER_59_489,VSS,Metal1,280.8400,250.8800,0.000241
FILLER_59_487,VSS,Metal1,280.0000,250.8800,0.000241
FILLER_59_483,VSS,Metal1,277.9400,250.5310,0.000241
FILLER_59_475,VSS,Metal1,274.4530,250.4180,0.000241
FILLER_59_443,VSS,Metal1,263.0840,250.2820,0.000241
FILLER_59_438,VSS,Metal1,252.2800,250.8800,0.000241
FILLER_59_422,VSS,Metal1,246.9120,250.3320,0.000241
FILLER_59_418,VSS,Metal1,241.3600,250.8800,0.000241
FILLER_59_402,VSS,Metal1,235.7120,250.3320,0.000241
FILLER_59_364,VSS,Metal1,211.1200,250.8800,0.000240
FILLER_59_360,VSS,Metal1,209.0600,250.5310,0.000240
FILLER_59_352,VSS,Metal1,205.5730,250.4180,0.000240
FILLER_59_349,VSS,Metal1,202.4400,250.8800,0.000240
FILLER_59_347,VSS,Metal1,201.6000,250.8800,0.000240
FILLER_59_339,VSS,Metal1,198.2930,250.4180,0.000240
FILLER_59_304,VSS,Metal1,177.2400,250.8800,0.000248
FILLER_59_302,VSS,Metal1,176.4000,250.8800,0.000248
FILLER_59_298,VSS,Metal1,174.3400,250.5310,0.000248
FILLER_59_282,VSS,Metal1,168.5120,250.3320,0.000250
FILLER_59_279,VSS,Metal1,163.2400,250.8800,0.000250
FILLER_59_271,VSS,Metal1,160.2130,250.4180,0.000250
FILLER_59_255,VSS,Metal1,153.3920,250.3320,0.000250
FILLER_59_218,VSS,Metal1,129.0800,250.8800,0.000259
FILLER_59_216,VSS,Metal1,128.2400,250.8800,0.000259
FILLER_59_212,VSS,Metal1,126.1800,250.5310,0.000259
FILLER_59_209,VSS,Metal1,124.0400,250.8800,0.000259
FILLER_59_190,VSS,Metal1,113.8600,250.5310,0.000260
FILLER_59_184,VSS,Metal1,110.0400,250.8800,0.000260
FILLER_59_182,VSS,Metal1,109.2000,250.8800,0.000260
FILLER_59_174,VSS,Metal1,105.8930,250.4180,0.000260
FILLER_59_142,VSS,Metal1,94.5240,250.2820,0.000261
FILLER_59_126,VSS,Metal1,77.5600,250.8800,0.000255
FILLER_59_122,VSS,Metal1,75.7800,250.5310,0.000255
FILLER_59_115,VSS,Metal1,71.6800,250.8800,0.000230
FILLER_59_95,VSS,Metal1,60.6600,250.5310,0.000203
FILLER_59_88,VSS,Metal1,56.5600,250.8800,0.000197
FILLER_59_72,VSS,Metal1,50.9120,250.3320,0.000196
FILLER_59_68,VSS,Metal1,45.3600,250.8800,0.000195
FILLER_59_36,VSS,Metal1,35.1640,250.2820,0.000194
FILLER_58_681,VSS,Metal1,388.3600,243.0400,0.000217
FILLER_58_679,VSS,Metal1,387.5200,243.0400,0.000217
FILLER_58_675,VSS,Metal1,385.4600,243.3885,0.000217
FILLER_58_667,VSS,Metal1,381.9730,243.5015,0.000217
FILLER_58_661,VSS,Metal1,377.6200,243.3885,0.000217
FILLER_58_597,VSS,Metal1,358.2445,243.6775,0.000217
FILLER_58_591,VSS,Metal1,338.4200,243.3885,0.000217
FILLER_58_527,VSS,Metal1,319.0445,243.6775,0.000217
FILLER_58_523,VSS,Metal1,300.1600,243.0400,0.000237
FILLER_58_507,VSS,Metal1,294.5120,243.5880,0.000238
FILLER_58_447,VSS,Metal1,257.3200,243.0400,0.000297
FILLER_58_443,VSS,Metal1,255.5400,243.3885,0.000297
FILLER_58_435,VSS,Metal1,252.0530,243.5015,0.000300
FILLER_58_419,VSS,Metal1,245.2320,243.5880,0.000300
FILLER_58_387,VSS,Metal1,231.7240,243.6375,0.000303
FILLER_58_384,VSS,Metal1,222.0400,243.0400,0.000303
FILLER_58_382,VSS,Metal1,221.2000,243.0400,0.000303
FILLER_58_331,VSS,Metal1,192.3600,243.0400,0.000293
FILLER_58_329,VSS,Metal1,191.5200,243.0400,0.000292
FILLER_58_325,VSS,Metal1,189.4600,243.3885,0.000292
FILLER_58_317,VSS,Metal1,185.9730,243.5015,0.000279
FILLER_58_308,VSS,Metal1,179.7600,243.0400,0.000242
FILLER_58_304,VSS,Metal1,177.7000,243.3885,0.000244
FILLER_58_296,VSS,Metal1,174.2130,243.5015,0.000245
FILLER_58_275,VSS,Metal1,161.2800,243.0400,0.000249
FILLER_58_271,VSS,Metal1,159.2200,243.3885,0.000249
FILLER_58_263,VSS,Metal1,155.7330,243.5015,0.000252
FILLER_58_247,VSS,Metal1,148.9120,243.5880,0.000252
FILLER_58_229,VSS,Metal1,138.8320,243.5880,0.000254
FILLER_58_218,VSS,Metal1,129.3600,243.0400,0.000254
FILLER_58_214,VSS,Metal1,127.3000,243.3885,0.000254
FILLER_58_186,VSS,Metal1,111.4400,243.0400,0.000260
FILLER_58_177,VSS,Metal1,106.1200,243.0400,0.000260
FILLER_58_171,VSS,Metal1,103.2200,243.3885,0.000261
FILLER_58_107,VSS,Metal1,83.8445,243.6775,0.000261
FILLER_58_97,VSS,Metal1,62.7730,243.5015,0.000260
FILLER_58_62,VSS,Metal1,41.7200,243.0400,0.000245
FILLER_58_60,VSS,Metal1,40.8800,243.0400,0.000245
FILLER_58_52,VSS,Metal1,37.5730,243.5015,0.000239
FILLER_58_2,VSS,Metal1,8.4000,243.0400,0.000237
FILLER_57_680,VSS,Metal1,388.0800,243.0400,0.000217
FILLER_57_664,VSS,Metal1,382.4320,242.4920,0.000217
FILLER_57_632,VSS,Metal1,368.9240,242.4420,0.000217
FILLER_57_629,VSS,Metal1,359.2400,243.0400,0.000217
FILLER_57_625,VSS,Metal1,357.4600,242.6910,0.000217
FILLER_57_609,VSS,Metal1,351.6320,242.4920,0.000217
FILLER_57_577,VSS,Metal1,338.1240,242.4420,0.000217
FILLER_57_572,VSS,Metal1,327.3200,243.0400,0.000217
FILLER_57_570,VSS,Metal1,326.4800,243.0400,0.000217
FILLER_57_562,VSS,Metal1,323.1730,242.5780,0.000217
FILLER_57_559,VSS,Metal1,320.0400,243.0400,0.000217
FILLER_57_557,VSS,Metal1,319.2000,243.0400,0.000217
FILLER_57_553,VSS,Metal1,317.1400,242.6910,0.000217
FILLER_57_537,VSS,Metal1,311.3120,242.4920,0.000217
FILLER_57_528,VSS,Metal1,302.6800,243.0400,0.000217
FILLER_57_524,VSS,Metal1,300.9000,242.6910,0.000222
FILLER_57_508,VSS,Metal1,295.0720,242.4920,0.000238
FILLER_57_500,VSS,Metal1,287.4600,242.6910,0.000296
FILLER_57_492,VSS,Metal1,283.9730,242.5780,0.000296
FILLER_57_484,VSS,Metal1,278.0400,243.0400,0.000296
FILLER_57_476,VSS,Metal1,274.0200,242.6910,0.000296
FILLER_57_468,VSS,Metal1,270.5330,242.5780,0.000296
FILLER_57_452,VSS,Metal1,263.7120,242.4920,0.000296
FILLER_57_442,VSS,Metal1,254.8000,243.0400,0.000300
FILLER_57_438,VSS,Metal1,252.7400,242.6910,0.000300
FILLER_57_422,VSS,Metal1,246.9120,242.4920,0.000300
FILLER_57_418,VSS,Metal1,241.3600,243.0400,0.000303
FILLER_57_410,VSS,Metal1,238.0530,242.5780,0.000303
FILLER_57_403,VSS,Metal1,232.6800,243.0400,0.000303
FILLER_57_401,VSS,Metal1,231.8400,243.0400,0.000303
FILLER_57_393,VSS,Metal1,228.5330,242.5780,0.000303
FILLER_57_358,VSS,Metal1,207.4800,243.0400,0.000303
FILLER_57_356,VSS,Metal1,206.6400,243.0400,0.000303
FILLER_57_352,VSS,Metal1,204.5800,242.6910,0.000303
FILLER_57_349,VSS,Metal1,202.4400,243.0400,0.000303
FILLER_57_333,VSS,Metal1,197.0720,242.4920,0.000303
FILLER_57_317,VSS,Metal1,185.9730,242.5780,0.000279
FILLER_57_310,VSS,Metal1,180.8800,243.0400,0.000242
FILLER_57_306,VSS,Metal1,178.8200,242.6910,0.000242
FILLER_57_298,VSS,Metal1,175.3330,242.5780,0.000245
FILLER_57_282,VSS,Metal1,168.5120,242.4920,0.000247
FILLER_57_268,VSS,Metal1,157.5400,242.6910,0.000251
FILLER_57_260,VSS,Metal1,154.0530,242.5780,0.000252
FILLER_57_244,VSS,Metal1,147.2320,242.4920,0.000252
FILLER_57_212,VSS,Metal1,133.7240,242.4420,0.000254
FILLER_57_208,VSS,Metal1,123.7600,243.0400,0.000260
FILLER_57_170,VSS,Metal1,102.6600,242.6910,0.000261
FILLER_57_154,VSS,Metal1,93.2400,243.0400,0.000261
FILLER_57_150,VSS,Metal1,91.4600,242.6910,0.000261
FILLER_57_142,VSS,Metal1,87.9730,242.5780,0.000261
FILLER_57_139,VSS,Metal1,84.8400,243.0400,0.000261
FILLER_57_137,VSS,Metal1,84.0000,243.0400,0.000261
FILLER_57_129,VSS,Metal1,80.6930,242.5780,0.000261
FILLER_57_87,VSS,Metal1,57.1730,242.5780,0.000247
FILLER_57_68,VSS,Metal1,45.3600,243.0400,0.000247
FILLER_57_60,VSS,Metal1,42.0530,242.5780,0.000245
FILLER_57_44,VSS,Metal1,35.2320,242.4920,0.000239
FILLER_57_2,VSS,Metal1,9.5730,242.5780,0.000237
FILLER_56_681,VSS,Metal1,388.3600,235.2000,0.000241
FILLER_56_679,VSS,Metal1,387.5200,235.2000,0.000241
FILLER_56_675,VSS,Metal1,385.4600,235.5485,0.000241
FILLER_56_667,VSS,Metal1,381.9730,235.6615,0.000241
FILLER_56_661,VSS,Metal1,377.6200,235.5485,0.000241
FILLER_56_597,VSS,Metal1,358.2445,235.8375,0.000241
FILLER_56_593,VSS,Metal1,339.3600,235.2000,0.000241
FILLER_56_589,VSS,Metal1,337.3000,235.5485,0.000241
FILLER_56_581,VSS,Metal1,333.8130,235.6615,0.000241
FILLER_56_565,VSS,Metal1,323.6800,235.2000,0.000250
FILLER_56_561,VSS,Metal1,321.6200,235.5485,0.000250
FILLER_56_523,VSS,Metal1,300.1600,235.2000,0.000284
FILLER_56_519,VSS,Metal1,298.1000,235.5485,0.000284
FILLER_56_476,VSS,Metal1,273.5600,235.2000,0.000335
FILLER_56_474,VSS,Metal1,272.7200,235.2000,0.000335
FILLER_56_466,VSS,Metal1,269.4130,235.6615,0.000335
FILLER_56_454,VSS,Metal1,261.2400,235.2000,0.000347
FILLER_56_452,VSS,Metal1,260.4000,235.2000,0.000347
FILLER_56_442,VSS,Metal1,254.8000,235.2000,0.000366
FILLER_56_438,VSS,Metal1,252.7400,235.5485,0.000366
FILLER_56_430,VSS,Metal1,249.2530,235.6615,0.000376
FILLER_56_395,VSS,Metal1,228.2000,235.2000,0.000387
FILLER_56_391,VSS,Metal1,226.4200,235.5485,0.000387
FILLER_56_383,VSS,Metal1,221.7600,235.2000,0.000387
FILLER_56_317,VSS,Metal1,185.9730,235.6615,0.000387
FILLER_56_314,VSS,Metal1,182.8400,235.2000,0.000387
FILLER_56_310,VSS,Metal1,181.0600,235.5485,0.000387
FILLER_56_302,VSS,Metal1,177.5730,235.6615,0.000387
FILLER_56_251,VSS,Metal1,147.5600,235.2000,0.000417
FILLER_56_247,VSS,Metal1,145.7800,235.5485,0.000417
FILLER_56_241,VSS,Metal1,142.4200,235.5485,0.000423
FILLER_56_177,VSS,Metal1,123.0445,235.8375,0.000424
FILLER_56_139,VSS,Metal1,85.1200,235.2000,0.000430
FILLER_56_107,VSS,Metal1,74.9240,235.7975,0.000430
FILLER_56_104,VSS,Metal1,65.2400,235.2000,0.000430
FILLER_56_96,VSS,Metal1,62.2130,235.6615,0.000430
FILLER_56_87,VSS,Metal1,55.7200,235.2000,0.000412
FILLER_56_85,VSS,Metal1,54.8800,235.2000,0.000412
FILLER_56_81,VSS,Metal1,52.8200,235.5485,0.000412
FILLER_56_73,VSS,Metal1,49.3330,235.6615,0.000412
FILLER_56_56,VSS,Metal1,38.6400,235.2000,0.000332
FILLER_56_52,VSS,Metal1,36.5800,235.5485,0.000322
FILLER_56_33,VSS,Metal1,25.7600,235.2000,0.000319
FILLER_55_680,VSS,Metal1,388.0800,235.2000,0.000241
FILLER_55_664,VSS,Metal1,382.4320,234.6520,0.000241
FILLER_55_632,VSS,Metal1,368.9240,234.6020,0.000241
FILLER_55_629,VSS,Metal1,359.2400,235.2000,0.000241
FILLER_55_627,VSS,Metal1,358.4000,235.2000,0.000241
FILLER_55_619,VSS,Metal1,355.0930,234.7380,0.000241
FILLER_55_603,VSS,Metal1,348.2720,234.6520,0.000241
FILLER_55_556,VSS,Metal1,318.8200,234.8510,0.000262
FILLER_55_528,VSS,Metal1,302.9600,235.2000,0.000272
FILLER_55_524,VSS,Metal1,300.9000,234.8510,0.000273
FILLER_55_516,VSS,Metal1,297.4130,234.7380,0.000285
FILLER_55_500,VSS,Metal1,290.5920,234.6520,0.000333
FILLER_55_458,VSS,Metal1,271.4840,234.6020,0.000335
FILLER_55_434,VSS,Metal1,250.0400,235.2000,0.000376
FILLER_55_430,VSS,Metal1,248.2600,234.8510,0.000376
FILLER_55_422,VSS,Metal1,244.7730,234.7380,0.000385
FILLER_55_409,VSS,Metal1,236.3200,235.2000,0.000386
FILLER_55_377,VSS,Metal1,226.1240,234.6020,0.000387
FILLER_55_346,VSS,Metal1,201.2200,234.8510,0.000395
FILLER_55_329,VSS,Metal1,191.5200,235.2000,0.000395
FILLER_55_325,VSS,Metal1,189.4600,234.8510,0.000391
FILLER_55_309,VSS,Metal1,183.6320,234.6520,0.000387
FILLER_55_289,VSS,Metal1,168.8400,235.2000,0.000408
FILLER_55_276,VSS,Metal1,162.0200,234.8510,0.000408
FILLER_55_260,VSS,Metal1,156.1920,234.6520,0.000408
FILLER_55_244,VSS,Metal1,145.0930,234.7380,0.000417
FILLER_55_212,VSS,Metal1,133.7240,234.6020,0.000424
FILLER_55_206,VSS,Metal1,122.8200,234.8510,0.000424
FILLER_55_142,VSS,Metal1,103.4445,234.5620,0.000425
FILLER_55_138,VSS,Metal1,84.5600,235.2000,0.000430
FILLER_55_72,VSS,Metal1,50.9120,234.6520,0.000412
FILLER_55_68,VSS,Metal1,45.3600,235.2000,0.000379
FILLER_55_64,VSS,Metal1,43.3000,234.8510,0.000379
FILLER_55_56,VSS,Metal1,39.8130,234.7380,0.000332
FILLER_55_18,VSS,Metal1,17.5400,234.8510,0.000320
FILLER_54_681,VSS,Metal1,388.3600,227.3600,0.000133
FILLER_54_679,VSS,Metal1,387.5200,227.3600,0.000133
FILLER_54_675,VSS,Metal1,385.4600,227.7085,0.000133
FILLER_54_667,VSS,Metal1,381.9730,227.8215,0.000133
FILLER_54_661,VSS,Metal1,377.6200,227.7085,0.000133
FILLER_54_597,VSS,Metal1,358.2445,227.9975,0.000133
FILLER_54_594,VSS,Metal1,339.6400,227.3600,0.000133
FILLER_54_590,VSS,Metal1,337.8600,227.7085,0.000133
FILLER_54_582,VSS,Metal1,334.3730,227.8215,0.000131
FILLER_54_565,VSS,Metal1,323.4000,227.3600,0.000151
FILLER_54_563,VSS,Metal1,322.5600,227.3600,0.000151
FILLER_54_551,VSS,Metal1,315.8400,227.3600,0.000170
FILLER_54_540,VSS,Metal1,309.8600,227.7085,0.000170
FILLER_54_531,VSS,Metal1,304.3600,227.3600,0.000170
FILLER_54_527,VSS,Metal1,302.5800,227.7085,0.000170
FILLER_54_524,VSS,Metal1,300.4400,227.3600,0.000170
FILLER_54_520,VSS,Metal1,298.6600,227.7085,0.000170
FILLER_54_485,VSS,Metal1,278.6000,227.3600,0.000175
FILLER_54_483,VSS,Metal1,277.7600,227.3600,0.000175
FILLER_54_467,VSS,Metal1,272.1120,227.9080,0.000175
FILLER_54_444,VSS,Metal1,255.6400,227.3600,0.000189
FILLER_54_436,VSS,Metal1,252.6130,227.8215,0.000195
FILLER_54_431,VSS,Metal1,248.3600,227.3600,0.000195
FILLER_54_423,VSS,Metal1,245.3330,227.8215,0.000196
FILLER_54_411,VSS,Metal1,237.4400,227.3600,0.000210
FILLER_54_403,VSS,Metal1,234.1330,227.8215,0.000210
FILLER_54_387,VSS,Metal1,227.3120,227.9080,0.000213
FILLER_54_372,VSS,Metal1,215.3200,227.3600,0.000214
FILLER_54_370,VSS,Metal1,214.4800,227.3600,0.000217
FILLER_54_321,VSS,Metal1,187.0400,227.3600,0.000221
FILLER_54_317,VSS,Metal1,184.9800,227.7085,0.000221
FILLER_54_314,VSS,Metal1,182.8400,227.3600,0.000221
FILLER_54_306,VSS,Metal1,179.8130,227.8215,0.000220
FILLER_54_296,VSS,Metal1,172.7600,227.3600,0.000238
FILLER_54_294,VSS,Metal1,171.9200,227.3600,0.000238
FILLER_54_290,VSS,Metal1,169.8600,227.7085,0.000239
FILLER_54_255,VSS,Metal1,149.8000,227.3600,0.000239
FILLER_54_247,VSS,Metal1,146.7730,227.8215,0.000239
FILLER_54_177,VSS,Metal1,114.1240,227.9575,0.000256
FILLER_54_174,VSS,Metal1,104.4400,227.3600,0.000260
FILLER_54_170,VSS,Metal1,102.6600,227.7085,0.000260
FILLER_54_163,VSS,Metal1,98.2800,227.3600,0.000260
FILLER_54_161,VSS,Metal1,97.4400,227.3600,0.000263
FILLER_54_153,VSS,Metal1,94.1330,227.8215,0.000264
FILLER_54_137,VSS,Metal1,87.3120,227.9080,0.000270
FILLER_54_130,VSS,Metal1,80.0800,227.3600,0.000313
FILLER_54_123,VSS,Metal1,76.1600,227.3600,0.000313
FILLER_54_107,VSS,Metal1,70.5120,227.9080,0.000313
FILLER_54_103,VSS,Metal1,64.9600,227.3600,0.000331
FILLER_54_95,VSS,Metal1,61.6530,227.8215,0.000334
FILLER_54_37,VSS,Metal1,29.1730,227.8215,0.000333
FILLER_54_34,VSS,Metal1,26.0400,227.3600,0.000308
FILLER_53_680,VSS,Metal1,388.0800,227.3600,0.000133
FILLER_53_664,VSS,Metal1,382.4320,226.8120,0.000133
FILLER_53_632,VSS,Metal1,368.9240,226.7620,0.000133
FILLER_53_628,VSS,Metal1,358.9600,227.3600,0.000133
FILLER_53_624,VSS,Metal1,356.9000,227.0110,0.000133
FILLER_53_608,VSS,Metal1,351.0720,226.8120,0.000133
FILLER_53_570,VSS,Metal1,326.6600,227.0110,0.000144
FILLER_53_562,VSS,Metal1,323.1730,226.8980,0.000151
FILLER_53_558,VSS,Metal1,319.7600,227.3600,0.000157
FILLER_53_554,VSS,Metal1,317.7000,227.0110,0.000164
FILLER_53_538,VSS,Metal1,311.8720,226.8120,0.000170
FILLER_53_506,VSS,Metal1,298.3640,226.7620,0.000170
FILLER_53_492,VSS,Metal1,282.5200,227.3600,0.000171
FILLER_53_489,VSS,Metal1,280.8400,227.3600,0.000171
FILLER_53_457,VSS,Metal1,270.9240,226.7620,0.000175
FILLER_53_452,VSS,Metal1,260.1200,227.3600,0.000187
FILLER_53_444,VSS,Metal1,257.0930,226.8980,0.000189
FILLER_53_428,VSS,Metal1,250.2720,226.8120,0.000195
FILLER_53_409,VSS,Metal1,236.0400,227.3600,0.000210
FILLER_53_405,VSS,Metal1,234.2600,227.0110,0.000210
FILLER_53_397,VSS,Metal1,230.7730,226.8980,0.000212
FILLER_53_381,VSS,Metal1,223.9520,226.8120,0.000213
FILLER_53_370,VSS,Metal1,214.2000,227.3600,0.000217
FILLER_53_368,VSS,Metal1,213.3600,227.3600,0.000217
FILLER_53_344,VSS,Metal1,199.6400,227.3600,0.000220
FILLER_53_336,VSS,Metal1,196.6130,226.8980,0.000220
FILLER_53_298,VSS,Metal1,174.3400,227.0110,0.000225
FILLER_53_282,VSS,Metal1,168.5120,226.8120,0.000239
FILLER_53_276,VSS,Metal1,162.0200,227.0110,0.000239
FILLER_53_268,VSS,Metal1,158.5330,226.8980,0.000239
FILLER_53_216,VSS,Metal1,127.9600,227.3600,0.000241
FILLER_53_212,VSS,Metal1,126.1800,227.0110,0.000241
FILLER_53_206,VSS,Metal1,122.8200,227.0110,0.000253
FILLER_53_192,VSS,Metal1,114.5200,227.3600,0.000256
FILLER_53_176,VSS,Metal1,109.1520,226.8120,0.000256
FILLER_53_155,VSS,Metal1,94.0800,227.3600,0.000264
FILLER_53_147,VSS,Metal1,90.7730,226.8980,0.000269
FILLER_53_34,VSS,Metal1,26.3200,227.3600,0.000308
FILLER_53_18,VSS,Metal1,20.6720,226.8120,0.000309
FILLER_52_681,VSS,Metal1,388.3600,219.5200,0.000054
FILLER_52_679,VSS,Metal1,387.5200,219.5200,0.000054
FILLER_52_675,VSS,Metal1,385.4600,219.8685,0.000054
FILLER_52_667,VSS,Metal1,381.9730,219.9815,0.000054
FILLER_52_661,VSS,Metal1,377.6200,219.8685,0.000054
FILLER_52_597,VSS,Metal1,358.2445,220.1575,0.000054
FILLER_52_591,VSS,Metal1,338.4200,219.8685,0.000054
FILLER_52_527,VSS,Metal1,319.0445,220.1575,0.000054
FILLER_52_524,VSS,Metal1,300.4400,219.5200,0.000054
FILLER_52_522,VSS,Metal1,299.6000,219.5200,0.000054
FILLER_52_514,VSS,Metal1,296.2930,219.9815,0.000055
FILLER_52_498,VSS,Metal1,289.4720,220.0680,0.000056
FILLER_52_491,VSS,Metal1,282.2400,219.5200,0.000057
FILLER_52_477,VSS,Metal1,274.1200,219.5200,0.000063
FILLER_52_473,VSS,Metal1,272.3400,219.8685,0.000063
FILLER_52_457,VSS,Metal1,266.5120,220.0680,0.000065
FILLER_52_446,VSS,Metal1,256.7600,219.5200,0.000066
FILLER_52_444,VSS,Metal1,255.9200,219.5200,0.000066
FILLER_52_436,VSS,Metal1,252.6130,219.9815,0.000067
FILLER_52_420,VSS,Metal1,245.7920,220.0680,0.000068
FILLER_52_403,VSS,Metal1,232.6800,219.5200,0.000068
FILLER_52_387,VSS,Metal1,227.3120,220.0680,0.000069
FILLER_52_384,VSS,Metal1,222.0400,219.5200,0.000069
FILLER_52_380,VSS,Metal1,220.2600,219.8685,0.000069
FILLER_52_372,VSS,Metal1,216.7730,219.9815,0.000069
FILLER_52_331,VSS,Metal1,200.3640,220.1175,0.000069
FILLER_52_323,VSS,Metal1,187.8800,219.5200,0.000069
FILLER_52_321,VSS,Metal1,187.0400,219.5200,0.000069
FILLER_52_317,VSS,Metal1,184.9800,219.8685,0.000069
FILLER_52_311,VSS,Metal1,181.6200,219.8685,0.000069
FILLER_52_247,VSS,Metal1,162.2445,220.1575,0.000069
FILLER_52_226,VSS,Metal1,134.0200,219.8685,0.000070
FILLER_52_217,VSS,Metal1,128.9800,219.8685,0.000072
FILLER_52_209,VSS,Metal1,125.4930,219.9815,0.000072
FILLER_52_177,VSS,Metal1,114.1240,220.1175,0.000079
FILLER_52_174,VSS,Metal1,104.4400,219.5200,0.000079
FILLER_52_172,VSS,Metal1,103.6000,219.5200,0.000083
FILLER_52_158,VSS,Metal1,95.4800,219.5200,0.000084
FILLER_52_156,VSS,Metal1,94.6400,219.5200,0.000084
FILLER_52_152,VSS,Metal1,92.5800,219.8685,0.000084
FILLER_52_144,VSS,Metal1,89.0930,219.9815,0.000084
FILLER_52_125,VSS,Metal1,77.2800,219.5200,0.000086
FILLER_52_118,VSS,Metal1,73.3600,219.5200,0.000086
FILLER_52_109,VSS,Metal1,68.0400,219.5200,0.000086
FILLER_52_107,VSS,Metal1,67.2000,219.5200,0.000086
FILLER_52_101,VSS,Metal1,64.0200,219.8685,0.000086
FILLER_52_65,VSS,Metal1,43.6800,219.5200,0.000087
FILLER_52_57,VSS,Metal1,40.3730,219.9815,0.000087
FILLER_52_41,VSS,Metal1,29.9600,219.5200,0.000087
FILLER_52_37,VSS,Metal1,28.1800,219.8685,0.000087
FILLER_52_34,VSS,Metal1,26.0400,219.5200,0.000085
FILLER_52_2,VSS,Metal1,16.1240,220.1175,0.000086
FILLER_51_680,VSS,Metal1,388.0800,219.5200,0.000054
FILLER_51_664,VSS,Metal1,382.4320,218.9720,0.000054
FILLER_51_632,VSS,Metal1,368.9240,218.9220,0.000054
FILLER_51_626,VSS,Metal1,358.0200,219.1710,0.000054
FILLER_51_562,VSS,Metal1,338.6445,218.8820,0.000054
FILLER_51_556,VSS,Metal1,318.8200,219.1710,0.000054
FILLER_51_548,VSS,Metal1,315.3330,219.0580,0.000054
FILLER_51_516,VSS,Metal1,296.2400,219.5200,0.000055
FILLER_51_508,VSS,Metal1,292.9330,219.0580,0.000056
FILLER_51_492,VSS,Metal1,286.1120,218.9720,0.000056
FILLER_51_489,VSS,Metal1,280.8400,219.5200,0.000059
FILLER_51_485,VSS,Metal1,279.0600,219.1710,0.000059
FILLER_51_476,VSS,Metal1,273.5600,219.5200,0.000063
FILLER_51_474,VSS,Metal1,272.7200,219.5200,0.000063
FILLER_51_470,VSS,Metal1,270.6600,219.1710,0.000064
FILLER_51_454,VSS,Metal1,264.8320,218.9720,0.000065
FILLER_51_447,VSS,Metal1,257.3200,219.5200,0.000066
FILLER_51_438,VSS,Metal1,252.2800,219.5200,0.000067
FILLER_51_422,VSS,Metal1,246.9120,218.9720,0.000068
FILLER_51_384,VSS,Metal1,222.3200,219.5200,0.000069
FILLER_51_376,VSS,Metal1,219.0130,219.0580,0.000069
FILLER_51_370,VSS,Metal1,214.2000,219.5200,0.000069
FILLER_51_368,VSS,Metal1,213.3600,219.5200,0.000069
FILLER_51_352,VSS,Metal1,207.7120,218.9720,0.000069
FILLER_51_348,VSS,Metal1,202.1600,219.5200,0.000069
FILLER_51_344,VSS,Metal1,200.1000,219.1710,0.000069
FILLER_51_312,VSS,Metal1,189.7240,218.9220,0.000069
FILLER_51_294,VSS,Metal1,171.9200,219.5200,0.000069
FILLER_51_290,VSS,Metal1,169.8600,219.1710,0.000069
FILLER_51_282,VSS,Metal1,164.9200,219.5200,0.000069
FILLER_51_279,VSS,Metal1,163.2400,219.5200,0.000069
FILLER_51_263,VSS,Metal1,157.8720,218.9720,0.000069
FILLER_51_256,VSS,Metal1,150.6400,219.5200,0.000069
FILLER_51_252,VSS,Metal1,148.5800,219.1710,0.000069
FILLER_51_220,VSS,Metal1,138.2040,218.9220,0.000070
FILLER_51_206,VSS,Metal1,122.8200,219.1710,0.000075
FILLER_51_200,VSS,Metal1,119.0000,219.5200,0.000079
FILLER_51_198,VSS,Metal1,118.1600,219.5200,0.000079
FILLER_51_190,VSS,Metal1,114.8530,219.0580,0.000079
FILLER_51_174,VSS,Metal1,108.0320,218.9720,0.000079
FILLER_51_142,VSS,Metal1,94.5240,218.9220,0.000084
FILLER_51_139,VSS,Metal1,84.8400,219.5200,0.000086
FILLER_51_131,VSS,Metal1,81.8130,219.0580,0.000086
FILLER_51_95,VSS,Metal1,60.4800,219.5200,0.000087
FILLER_51_91,VSS,Metal1,58.4200,219.1710,0.000087
FILLER_51_72,VSS,Metal1,47.7800,219.1710,0.000087
FILLER_51_68,VSS,Metal1,45.3600,219.5200,0.000087
FILLER_51_36,VSS,Metal1,35.1640,218.9220,0.000087
FILLER_50_681,VSS,Metal1,388.3600,211.6800,0.000206
FILLER_50_679,VSS,Metal1,387.5200,211.6800,0.000206
FILLER_50_675,VSS,Metal1,385.4600,212.0285,0.000206
FILLER_50_667,VSS,Metal1,381.9730,212.1415,0.000206
FILLER_50_661,VSS,Metal1,377.6200,212.0285,0.000206
FILLER_50_597,VSS,Metal1,358.2445,212.3175,0.000206
FILLER_50_594,VSS,Metal1,339.6400,211.6800,0.000206
FILLER_50_592,VSS,Metal1,338.8000,211.6800,0.000206
FILLER_50_588,VSS,Metal1,336.7400,212.0285,0.000206
FILLER_50_572,VSS,Metal1,330.9120,212.2280,0.000206
FILLER_50_535,VSS,Metal1,306.6000,211.6800,0.000209
FILLER_50_533,VSS,Metal1,305.7600,211.6800,0.000209
FILLER_50_524,VSS,Metal1,300.4400,211.6800,0.000209
FILLER_50_520,VSS,Metal1,298.6600,212.0285,0.000209
FILLER_50_512,VSS,Metal1,295.1730,212.1415,0.000210
FILLER_50_503,VSS,Metal1,288.6800,211.6800,0.000215
FILLER_50_501,VSS,Metal1,287.8400,211.6800,0.000215
FILLER_50_497,VSS,Metal1,285.7800,212.0285,0.000215
FILLER_50_489,VSS,Metal1,282.2930,212.1415,0.000368
FILLER_50_457,VSS,Metal1,270.9240,212.2775,0.000374
FILLER_50_403,VSS,Metal1,232.9600,211.6800,0.000445
FILLER_50_387,VSS,Metal1,227.3120,212.2280,0.000434
FILLER_50_377,VSS,Metal1,219.5730,212.1415,0.000434
FILLER_50_339,VSS,Metal1,197.3000,212.0285,0.000414
FILLER_50_331,VSS,Metal1,193.8130,212.1415,0.000401
FILLER_50_323,VSS,Metal1,188.1600,211.6800,0.000401
FILLER_50_314,VSS,Metal1,182.8400,211.6800,0.000401
FILLER_50_308,VSS,Metal1,179.4800,211.6800,0.000394
FILLER_50_284,VSS,Metal1,166.0400,211.6800,0.000394
FILLER_50_268,VSS,Metal1,160.6720,212.2280,0.000395
FILLER_50_249,VSS,Metal1,146.4400,211.6800,0.000395
FILLER_50_247,VSS,Metal1,145.6000,211.6800,0.000395
FILLER_50_244,VSS,Metal1,143.6400,211.6800,0.000395
FILLER_50_233,VSS,Metal1,137.9400,212.0285,0.000395
FILLER_50_217,VSS,Metal1,132.1120,212.2280,0.000395
FILLER_50_211,VSS,Metal1,125.1600,211.6800,0.000395
FILLER_50_209,VSS,Metal1,124.3200,211.6800,0.000394
FILLER_50_205,VSS,Metal1,122.2600,212.0285,0.000394
FILLER_50_197,VSS,Metal1,118.7730,212.1415,0.000394
FILLER_50_177,VSS,Metal1,106.5800,212.0285,0.000394
FILLER_50_174,VSS,Metal1,104.4400,211.6800,0.000393
FILLER_50_172,VSS,Metal1,103.6000,211.6800,0.000393
FILLER_50_157,VSS,Metal1,94.9200,211.6800,0.000393
FILLER_50_155,VSS,Metal1,94.0800,211.6800,0.000393
FILLER_50_139,VSS,Metal1,88.4320,212.2280,0.000393
FILLER_50_123,VSS,Metal1,77.3330,212.1415,0.000393
FILLER_50_107,VSS,Metal1,70.5120,212.2280,0.000393
FILLER_50_99,VSS,Metal1,62.4400,211.6800,0.000392
FILLER_50_97,VSS,Metal1,61.6000,211.6800,0.000392
FILLER_50_81,VSS,Metal1,55.9520,212.2280,0.000392
FILLER_50_66,VSS,Metal1,43.9600,211.6800,0.000387
FILLER_50_64,VSS,Metal1,43.1200,211.6800,0.000387
FILLER_50_60,VSS,Metal1,41.0600,212.0285,0.000387
FILLER_50_52,VSS,Metal1,37.5730,212.1415,0.000381
FILLER_50_33,VSS,Metal1,25.7600,211.6800,0.000334
FILLER_49_680,VSS,Metal1,388.0800,211.6800,0.000206
FILLER_49_664,VSS,Metal1,382.4320,211.1320,0.000206
FILLER_49_632,VSS,Metal1,368.9240,211.0820,0.000206
FILLER_49_598,VSS,Metal1,349.8840,211.0820,0.000206
FILLER_49_558,VSS,Metal1,319.7600,211.6800,0.000207
FILLER_49_550,VSS,Metal1,316.4530,211.2180,0.000207
FILLER_49_513,VSS,Metal1,294.2800,211.6800,0.000210
FILLER_49_511,VSS,Metal1,293.4400,211.6800,0.000213
FILLER_49_507,VSS,Metal1,291.3800,211.3310,0.000213
FILLER_49_496,VSS,Metal1,284.7600,211.6800,0.000368
FILLER_49_492,VSS,Metal1,282.9800,211.3310,0.000368
FILLER_49_488,VSS,Metal1,280.5600,211.6800,0.000374
FILLER_49_484,VSS,Metal1,278.5000,211.3310,0.000374
FILLER_49_476,VSS,Metal1,275.0130,211.2180,0.000374
FILLER_49_460,VSS,Metal1,268.1920,211.1320,0.000374
FILLER_49_444,VSS,Metal1,255.9200,211.6800,0.000445
FILLER_49_440,VSS,Metal1,253.8600,211.3310,0.000445
FILLER_49_431,VSS,Metal1,248.3600,211.6800,0.000445
FILLER_49_422,VSS,Metal1,243.3200,211.6800,0.000445
FILLER_49_419,VSS,Metal1,241.6400,211.6800,0.000445
FILLER_49_417,VSS,Metal1,240.8000,211.6800,0.000445
FILLER_49_401,VSS,Metal1,235.1520,211.1320,0.000445
FILLER_49_395,VSS,Metal1,228.4800,211.6800,0.000434
FILLER_49_391,VSS,Metal1,226.4200,211.3310,0.000434
FILLER_49_375,VSS,Metal1,220.5920,211.1320,0.000434
FILLER_49_358,VSS,Metal1,207.4800,211.6800,0.000425
FILLER_49_356,VSS,Metal1,206.6400,211.6800,0.000425
FILLER_49_352,VSS,Metal1,204.5800,211.3310,0.000425
FILLER_49_349,VSS,Metal1,202.4400,211.6800,0.000425
FILLER_49_341,VSS,Metal1,199.4130,211.2180,0.000425
FILLER_49_309,VSS,Metal1,188.0440,211.0820,0.000401
FILLER_49_304,VSS,Metal1,177.2400,211.6800,0.000394
FILLER_49_302,VSS,Metal1,176.4000,211.6800,0.000394
FILLER_49_298,VSS,Metal1,174.3400,211.3310,0.000394
FILLER_49_282,VSS,Metal1,168.5120,211.1320,0.000394
FILLER_49_278,VSS,Metal1,162.9600,211.6800,0.000395
FILLER_49_236,VSS,Metal1,139.6200,211.3310,0.000395
FILLER_49_228,VSS,Metal1,136.1330,211.2180,0.000395
FILLER_49_212,VSS,Metal1,129.3120,211.1320,0.000395
FILLER_49_209,VSS,Metal1,124.0400,211.6800,0.000394
FILLER_49_207,VSS,Metal1,123.2000,211.6800,0.000394
FILLER_49_199,VSS,Metal1,119.8930,211.2180,0.000394
FILLER_49_174,VSS,Metal1,104.4400,211.6800,0.000393
FILLER_49_162,VSS,Metal1,97.7200,211.6800,0.000393
FILLER_49_158,VSS,Metal1,95.9400,211.3310,0.000393
FILLER_49_142,VSS,Metal1,90.1120,211.1320,0.000393
FILLER_49_138,VSS,Metal1,84.5600,211.6800,0.000393
FILLER_49_106,VSS,Metal1,74.3640,211.0820,0.000393
FILLER_49_57,VSS,Metal1,38.9200,211.6800,0.000382
FILLER_49_55,VSS,Metal1,38.0800,211.6800,0.000381
FILLER_49_51,VSS,Metal1,36.0200,211.3310,0.000381
FILLER_49_43,VSS,Metal1,32.5330,211.2180,0.000341
FILLER_49_8,VSS,Metal1,11.4800,211.6800,0.000334
FILLER_49_6,VSS,Metal1,10.6400,211.6800,0.000334
FILLER_49_2,VSS,Metal1,8.5800,211.3310,0.000334
FILLER_48_681,VSS,Metal1,388.3600,203.8400,0.000294
FILLER_48_679,VSS,Metal1,387.5200,203.8400,0.000294
FILLER_48_675,VSS,Metal1,385.4600,204.1885,0.000294
FILLER_48_667,VSS,Metal1,381.9730,204.3015,0.000294
FILLER_48_661,VSS,Metal1,377.6200,204.1885,0.000294
FILLER_48_597,VSS,Metal1,358.2445,204.4775,0.000294
FILLER_48_563,VSS,Metal1,322.5600,203.8400,0.000357
FILLER_48_559,VSS,Metal1,320.5000,204.1885,0.000363
FILLER_48_527,VSS,Metal1,310.1240,204.4375,0.000377
FILLER_48_524,VSS,Metal1,300.4400,203.8400,0.000377
FILLER_48_522,VSS,Metal1,299.6000,203.8400,0.000377
FILLER_48_518,VSS,Metal1,297.5400,204.1885,0.000377
FILLER_48_505,VSS,Metal1,289.8000,203.8400,0.000377
FILLER_48_503,VSS,Metal1,288.9600,203.8400,0.000377
FILLER_48_499,VSS,Metal1,286.9000,204.1885,0.000377
FILLER_48_457,VSS,Metal1,266.5120,204.3880,0.000423
FILLER_48_454,VSS,Metal1,261.2400,203.8400,0.000426
FILLER_48_452,VSS,Metal1,260.4000,203.8400,0.000426
FILLER_48_417,VSS,Metal1,240.5200,203.8400,0.000466
FILLER_48_415,VSS,Metal1,239.6800,203.8400,0.000466
FILLER_48_411,VSS,Metal1,237.6200,204.1885,0.000466
FILLER_48_403,VSS,Metal1,234.1330,204.3015,0.000466
FILLER_48_387,VSS,Metal1,227.3120,204.3880,0.000474
FILLER_48_379,VSS,Metal1,219.5200,203.8400,0.000475
FILLER_48_375,VSS,Metal1,217.4600,204.1885,0.000475
FILLER_48_367,VSS,Metal1,213.9730,204.3015,0.000475
FILLER_48_313,VSS,Metal1,182.5600,203.8400,0.000403
FILLER_48_309,VSS,Metal1,180.5000,204.1885,0.000403
FILLER_48_301,VSS,Metal1,177.0130,204.3015,0.000388
FILLER_48_295,VSS,Metal1,172.2000,203.8400,0.000394
FILLER_48_293,VSS,Metal1,171.3600,203.8400,0.000394
FILLER_48_289,VSS,Metal1,169.3000,204.1885,0.000396
FILLER_48_281,VSS,Metal1,165.8130,204.3015,0.000400
FILLER_48_265,VSS,Metal1,158.9920,204.3880,0.000405
FILLER_48_249,VSS,Metal1,146.4400,203.8400,0.000412
FILLER_48_247,VSS,Metal1,145.6000,203.8400,0.000412
FILLER_48_229,VSS,Metal1,138.8320,204.3880,0.000414
FILLER_48_223,VSS,Metal1,131.8800,203.8400,0.000414
FILLER_48_221,VSS,Metal1,131.0400,203.8400,0.000414
FILLER_48_217,VSS,Metal1,128.9800,204.1885,0.000414
FILLER_48_209,VSS,Metal1,125.4930,204.3015,0.000419
FILLER_48_193,VSS,Metal1,118.6720,204.3880,0.000423
FILLER_48_186,VSS,Metal1,111.4400,203.8400,0.000424
FILLER_48_177,VSS,Metal1,106.5800,204.1885,0.000425
FILLER_48_165,VSS,Metal1,99.6800,203.8400,0.000430
FILLER_48_154,VSS,Metal1,93.2400,203.8400,0.000433
FILLER_48_122,VSS,Metal1,83.3240,204.4375,0.000433
FILLER_48_53,VSS,Metal1,36.9600,203.8400,0.000428
FILLER_48_37,VSS,Metal1,31.3120,204.3880,0.000428
FILLER_48_33,VSS,Metal1,25.7600,203.8400,0.000391
FILLER_47_680,VSS,Metal1,388.0800,203.8400,0.000294
FILLER_47_664,VSS,Metal1,382.4320,203.2920,0.000294
FILLER_47_632,VSS,Metal1,368.9240,203.2420,0.000294
FILLER_47_626,VSS,Metal1,358.0200,203.4910,0.000294
FILLER_47_586,VSS,Metal1,335.6200,203.4910,0.000294
FILLER_47_578,VSS,Metal1,332.1330,203.3780,0.000355
FILLER_47_562,VSS,Metal1,325.3120,203.2920,0.000357
FILLER_47_496,VSS,Metal1,301.6845,203.2020,0.000377
FILLER_47_489,VSS,Metal1,280.8400,203.8400,0.000380
FILLER_47_481,VSS,Metal1,277.8130,203.3780,0.000385
FILLER_47_470,VSS,Metal1,270.2000,203.8400,0.000422
FILLER_47_462,VSS,Metal1,267.1730,203.3780,0.000423
FILLER_47_430,VSS,Metal1,255.8040,203.2420,0.000426
FILLER_47_419,VSS,Metal1,241.6400,203.8400,0.000437
FILLER_47_417,VSS,Metal1,240.8000,203.8400,0.000466
FILLER_47_401,VSS,Metal1,235.1520,203.2920,0.000466
FILLER_47_358,VSS,Metal1,207.4800,203.8400,0.000483
FILLER_47_356,VSS,Metal1,206.6400,203.8400,0.000483
FILLER_47_352,VSS,Metal1,204.5800,203.4910,0.000483
FILLER_47_346,VSS,Metal1,201.2200,203.4910,0.000483
FILLER_47_330,VSS,Metal1,195.3920,203.2920,0.000483
FILLER_47_302,VSS,Metal1,177.5730,203.3780,0.000388
FILLER_47_288,VSS,Metal1,168.2800,203.8400,0.000400
FILLER_47_286,VSS,Metal1,167.4400,203.8400,0.000400
FILLER_47_282,VSS,Metal1,165.3800,203.4910,0.000400
FILLER_47_279,VSS,Metal1,163.2400,203.8400,0.000404
FILLER_47_275,VSS,Metal1,161.4600,203.4910,0.000405
FILLER_47_259,VSS,Metal1,155.6320,203.2920,0.000405
FILLER_47_250,VSS,Metal1,147.0000,203.8400,0.000407
FILLER_47_248,VSS,Metal1,146.1600,203.8400,0.000412
FILLER_47_232,VSS,Metal1,140.5120,203.2920,0.000414
FILLER_47_216,VSS,Metal1,127.9600,203.8400,0.000419
FILLER_47_212,VSS,Metal1,126.1800,203.4910,0.000419
FILLER_47_206,VSS,Metal1,122.8200,203.4910,0.000422
FILLER_47_198,VSS,Metal1,117.8800,203.8400,0.000423
FILLER_47_196,VSS,Metal1,117.0400,203.8400,0.000423
FILLER_47_181,VSS,Metal1,108.3600,203.8400,0.000424
FILLER_47_158,VSS,Metal1,95.4800,203.8400,0.000432
FILLER_47_142,VSS,Metal1,90.1120,203.2920,0.000433
FILLER_47_138,VSS,Metal1,84.5600,203.8400,0.000433
FILLER_47_134,VSS,Metal1,82.5000,203.4910,0.000433
FILLER_47_99,VSS,Metal1,62.4400,203.8400,0.000431
FILLER_47_95,VSS,Metal1,60.6600,203.4910,0.000431
FILLER_47_87,VSS,Metal1,57.1730,203.3780,0.000431
FILLER_47_69,VSS,Metal1,45.6400,203.8400,0.000431
FILLER_47_65,VSS,Metal1,43.8600,203.4910,0.000431
FILLER_47_49,VSS,Metal1,38.0320,203.2920,0.000428
FILLER_47_18,VSS,Metal1,20.6720,203.2920,0.000391
FILLER_46_681,VSS,Metal1,388.3600,196.0000,0.000146
FILLER_46_679,VSS,Metal1,387.5200,196.0000,0.000146
FILLER_46_675,VSS,Metal1,385.4600,196.3485,0.000146
FILLER_46_667,VSS,Metal1,381.9730,196.4615,0.000146
FILLER_46_661,VSS,Metal1,377.6200,196.3485,0.000146
FILLER_46_597,VSS,Metal1,358.2445,196.6375,0.000146
FILLER_46_579,VSS,Metal1,331.2400,196.0000,0.000173
FILLER_46_575,VSS,Metal1,329.4600,196.3485,0.000179
FILLER_46_559,VSS,Metal1,323.6320,196.5480,0.000181
FILLER_46_527,VSS,Metal1,310.1240,196.5975,0.000186
FILLER_46_524,VSS,Metal1,300.4400,196.0000,0.000187
FILLER_46_516,VSS,Metal1,297.4130,196.4615,0.000195
FILLER_46_465,VSS,Metal1,267.4000,196.0000,0.000210
FILLER_46_457,VSS,Metal1,264.3730,196.4615,0.000210
FILLER_46_399,VSS,Metal1,230.9000,196.3485,0.000215
FILLER_46_387,VSS,Metal1,225.1730,196.4615,0.000215
FILLER_46_384,VSS,Metal1,222.0400,196.0000,0.000212
FILLER_46_382,VSS,Metal1,221.2000,196.0000,0.000212
FILLER_46_331,VSS,Metal1,192.3600,196.0000,0.000177
FILLER_46_329,VSS,Metal1,191.5200,196.0000,0.000175
FILLER_46_321,VSS,Metal1,187.0400,196.0000,0.000174
FILLER_46_317,VSS,Metal1,184.9800,196.3485,0.000174
FILLER_46_314,VSS,Metal1,182.8400,196.0000,0.000174
FILLER_46_306,VSS,Metal1,179.8130,196.4615,0.000168
FILLER_46_295,VSS,Metal1,172.2000,196.0000,0.000168
FILLER_46_263,VSS,Metal1,162.2840,196.5975,0.000168
FILLER_46_247,VSS,Metal1,145.3200,196.0000,0.000178
FILLER_46_244,VSS,Metal1,143.6400,196.0000,0.000182
FILLER_46_209,VSS,Metal1,124.0400,196.0000,0.000186
FILLER_46_177,VSS,Metal1,114.1240,196.5975,0.000186
FILLER_46_171,VSS,Metal1,103.2200,196.3485,0.000186
FILLER_46_107,VSS,Metal1,83.8445,196.6375,0.000186
FILLER_46_103,VSS,Metal1,64.9600,196.0000,0.000186
FILLER_46_71,VSS,Metal1,54.7640,196.5975,0.000186
FILLER_46_34,VSS,Metal1,26.0400,196.0000,0.000178
FILLER_46_32,VSS,Metal1,25.2000,196.0000,0.000178
FILLER_46_28,VSS,Metal1,23.1400,196.3485,0.000178
FILLER_46_18,VSS,Metal1,17.5400,196.3485,0.000179
FILLER_45_680,VSS,Metal1,388.0800,196.0000,0.000146
FILLER_45_664,VSS,Metal1,382.4320,195.4520,0.000146
FILLER_45_632,VSS,Metal1,368.9240,195.4020,0.000146
FILLER_45_629,VSS,Metal1,359.2400,196.0000,0.000146
FILLER_45_625,VSS,Metal1,357.4600,195.6510,0.000146
FILLER_45_588,VSS,Metal1,336.2800,196.0000,0.000146
FILLER_45_586,VSS,Metal1,335.4400,196.0000,0.000146
FILLER_45_578,VSS,Metal1,332.1330,195.5380,0.000173
FILLER_45_562,VSS,Metal1,325.3120,195.4520,0.000181
FILLER_45_544,VSS,Metal1,311.6400,196.0000,0.000186
FILLER_45_540,VSS,Metal1,309.8600,195.6510,0.000186
FILLER_45_524,VSS,Metal1,304.0320,195.4520,0.000187
FILLER_45_492,VSS,Metal1,290.5240,195.4020,0.000195
FILLER_45_486,VSS,Metal1,279.6200,195.6510,0.000195
FILLER_45_478,VSS,Metal1,276.1330,195.5380,0.000195
FILLER_45_469,VSS,Metal1,269.6400,196.0000,0.000206
FILLER_45_467,VSS,Metal1,268.8000,196.0000,0.000206
FILLER_45_451,VSS,Metal1,263.1520,195.4520,0.000210
FILLER_45_445,VSS,Metal1,256.4800,196.0000,0.000211
FILLER_45_441,VSS,Metal1,254.4200,195.6510,0.000211
FILLER_45_433,VSS,Metal1,250.9330,195.5380,0.000211
FILLER_45_426,VSS,Metal1,245.8400,196.0000,0.000211
FILLER_45_422,VSS,Metal1,243.7800,195.6510,0.000211
FILLER_45_368,VSS,Metal1,213.3600,196.0000,0.000212
FILLER_45_352,VSS,Metal1,207.7120,195.4520,0.000208
FILLER_45_349,VSS,Metal1,202.4400,196.0000,0.000207
FILLER_45_345,VSS,Metal1,200.6600,195.6510,0.000207
FILLER_45_340,VSS,Metal1,197.4000,196.0000,0.000207
FILLER_45_330,VSS,Metal1,192.2600,195.6510,0.000177
FILLER_45_314,VSS,Metal1,186.4320,195.4520,0.000174
FILLER_45_282,VSS,Metal1,172.9240,195.4020,0.000168
FILLER_45_244,VSS,Metal1,143.9200,196.0000,0.000182
FILLER_45_228,VSS,Metal1,138.2720,195.4520,0.000183
FILLER_45_209,VSS,Metal1,124.0400,196.0000,0.000186
FILLER_45_205,VSS,Metal1,122.2600,195.6510,0.000186
FILLER_45_189,VSS,Metal1,116.4320,195.4520,0.000186
FILLER_45_157,VSS,Metal1,102.9240,195.4020,0.000186
FILLER_45_139,VSS,Metal1,84.8400,196.0000,0.000186
FILLER_45_137,VSS,Metal1,84.0000,196.0000,0.000186
FILLER_45_133,VSS,Metal1,81.9400,195.6510,0.000186
FILLER_45_125,VSS,Metal1,78.4530,195.5380,0.000186
FILLER_45_90,VSS,Metal1,57.4000,196.0000,0.000186
FILLER_45_88,VSS,Metal1,56.5600,196.0000,0.000186
FILLER_45_72,VSS,Metal1,50.9120,195.4520,0.000186
FILLER_44_681,VSS,Metal1,388.3600,188.1600,0.000384
FILLER_44_679,VSS,Metal1,387.5200,188.1600,0.000384
FILLER_44_671,VSS,Metal1,384.2130,188.6215,0.000384
FILLER_44_664,VSS,Metal1,378.8400,188.1600,0.000384
FILLER_44_662,VSS,Metal1,378.0000,188.1600,0.000384
FILLER_44_630,VSS,Metal1,367.8040,188.7575,0.000384
FILLER_44_614,VSS,Metal1,350.8400,188.1600,0.000384
FILLER_44_612,VSS,Metal1,350.0000,188.1600,0.000384
FILLER_44_594,VSS,Metal1,339.6400,188.1600,0.000384
FILLER_44_592,VSS,Metal1,338.8000,188.1600,0.000384
FILLER_44_588,VSS,Metal1,336.7400,188.5085,0.000384
FILLER_44_580,VSS,Metal1,333.2530,188.6215,0.000384
FILLER_44_529,VSS,Metal1,303.2400,188.1600,0.000390
FILLER_44_527,VSS,Metal1,302.4000,188.1600,0.000390
FILLER_44_523,VSS,Metal1,300.1600,188.1600,0.000390
FILLER_44_519,VSS,Metal1,298.1000,188.5085,0.000390
FILLER_44_511,VSS,Metal1,294.6130,188.6215,0.000390
FILLER_44_479,VSS,Metal1,283.2440,188.7575,0.000390
FILLER_44_473,VSS,Metal1,272.1600,188.1600,0.000390
FILLER_44_457,VSS,Metal1,266.5120,188.7080,0.000390
FILLER_44_451,VSS,Metal1,260.0200,188.5085,0.000390
FILLER_44_443,VSS,Metal1,256.5330,188.6215,0.000390
FILLER_44_427,VSS,Metal1,249.7120,188.7080,0.000389
FILLER_44_395,VSS,Metal1,236.2040,188.7575,0.000389
FILLER_44_384,VSS,Metal1,222.0400,188.1600,0.000389
FILLER_44_333,VSS,Metal1,194.9330,188.6215,0.000376
FILLER_44_317,VSS,Metal1,188.1120,188.7080,0.000376
FILLER_44_311,VSS,Metal1,181.6200,188.5085,0.000370
FILLER_44_279,VSS,Metal1,166.8320,188.7080,0.000371
FILLER_44_247,VSS,Metal1,153.3240,188.7575,0.000386
FILLER_44_243,VSS,Metal1,143.3600,188.1600,0.000386
FILLER_44_239,VSS,Metal1,141.3000,188.5085,0.000386
FILLER_44_213,VSS,Metal1,126.2800,188.1600,0.000387
FILLER_44_209,VSS,Metal1,124.5000,188.5085,0.000389
FILLER_44_177,VSS,Metal1,114.1240,188.7575,0.000395
FILLER_44_174,VSS,Metal1,104.4400,188.1600,0.000395
FILLER_44_170,VSS,Metal1,102.6600,188.5085,0.000395
FILLER_44_162,VSS,Metal1,99.1730,188.6215,0.000395
FILLER_44_127,VSS,Metal1,78.1200,188.1600,0.000395
FILLER_44_123,VSS,Metal1,76.3400,188.5085,0.000395
FILLER_44_107,VSS,Metal1,70.5120,188.7080,0.000395
FILLER_44_45,VSS,Metal1,32.2000,188.1600,0.000316
FILLER_44_37,VSS,Metal1,29.1730,188.6215,0.000315
FILLER_44_18,VSS,Metal1,17.0800,188.1600,0.000301
FILLER_43_681,VSS,Metal1,388.3600,188.1600,0.000384
FILLER_43_677,VSS,Metal1,386.5800,187.8110,0.000384
FILLER_43_656,VSS,Metal1,374.3600,188.1600,0.000384
FILLER_43_648,VSS,Metal1,371.3330,187.6980,0.000384
FILLER_43_632,VSS,Metal1,364.5120,187.6120,0.000384
FILLER_43_578,VSS,Metal1,330.9600,188.1600,0.000390
FILLER_43_562,VSS,Metal1,325.3120,187.6120,0.000390
FILLER_43_558,VSS,Metal1,319.7600,188.1600,0.000390
FILLER_43_554,VSS,Metal1,317.7000,187.8110,0.000390
FILLER_43_546,VSS,Metal1,314.2130,187.6980,0.000390
FILLER_43_508,VSS,Metal1,291.9400,187.8110,0.000390
FILLER_43_492,VSS,Metal1,286.1120,187.6120,0.000390
FILLER_43_489,VSS,Metal1,280.8400,188.1600,0.000390
FILLER_43_485,VSS,Metal1,279.0600,187.8110,0.000390
FILLER_43_453,VSS,Metal1,268.6840,187.5620,0.000390
FILLER_43_440,VSS,Metal1,253.4000,188.1600,0.000389
FILLER_43_438,VSS,Metal1,252.5600,188.1600,0.000389
FILLER_43_422,VSS,Metal1,246.9120,187.6120,0.000389
FILLER_43_412,VSS,Metal1,239.1730,187.6980,0.000389
FILLER_43_396,VSS,Metal1,232.3520,187.6120,0.000389
FILLER_43_382,VSS,Metal1,222.3730,187.6980,0.000389
FILLER_43_368,VSS,Metal1,214.5330,187.6980,0.000384
FILLER_43_352,VSS,Metal1,207.7120,187.6120,0.000384
FILLER_43_272,VSS,Metal1,160.7730,187.6980,0.000385
FILLER_43_220,VSS,Metal1,130.4800,188.1600,0.000386
FILLER_43_212,VSS,Metal1,127.1730,187.6980,0.000387
FILLER_43_208,VSS,Metal1,123.7600,188.1600,0.000394
FILLER_43_192,VSS,Metal1,118.1120,187.6120,0.000395
FILLER_43_139,VSS,Metal1,84.8400,188.1600,0.000395
FILLER_43_137,VSS,Metal1,84.0000,188.1600,0.000395
FILLER_43_102,VSS,Metal1,64.1200,188.1600,0.000385
FILLER_43_100,VSS,Metal1,63.2800,188.1600,0.000384
FILLER_43_96,VSS,Metal1,61.2200,187.8110,0.000384
FILLER_43_88,VSS,Metal1,57.7330,187.6980,0.000384
FILLER_43_72,VSS,Metal1,50.9120,187.6120,0.000382
FILLER_43_68,VSS,Metal1,45.3600,188.1600,0.000382
FILLER_43_52,VSS,Metal1,39.7120,187.6120,0.000382
FILLER_42_681,VSS,Metal1,388.3600,180.3200,0.000235
FILLER_42_645,VSS,Metal1,368.6600,180.6685,0.000232
FILLER_42_609,VSS,Metal1,348.3200,180.3200,0.000230
FILLER_42_605,VSS,Metal1,346.2600,180.6685,0.000230
FILLER_42_597,VSS,Metal1,342.7730,180.7815,0.000230
FILLER_42_593,VSS,Metal1,339.3600,180.3200,0.000230
FILLER_42_589,VSS,Metal1,337.3000,180.6685,0.000230
FILLER_42_579,VSS,Metal1,331.5200,180.3200,0.000268
FILLER_42_575,VSS,Metal1,329.4600,180.6685,0.000272
FILLER_42_535,VSS,Metal1,307.0600,180.6685,0.000281
FILLER_42_527,VSS,Metal1,303.5730,180.7815,0.000281
FILLER_42_517,VSS,Metal1,297.9730,180.7815,0.000288
FILLER_42_465,VSS,Metal1,267.4000,180.3200,0.000289
FILLER_42_457,VSS,Metal1,264.3730,180.7815,0.000289
FILLER_42_381,VSS,Metal1,220.8200,180.6685,0.000287
FILLER_42_317,VSS,Metal1,201.4445,180.9575,0.000287
FILLER_42_299,VSS,Metal1,178.0320,180.8680,0.000283
FILLER_42_263,VSS,Metal1,154.5600,180.3200,0.000288
FILLER_42_247,VSS,Metal1,148.9120,180.8680,0.000290
FILLER_42_107,VSS,Metal1,74.9240,180.9175,0.000328
FILLER_42_104,VSS,Metal1,65.2400,180.3200,0.000327
FILLER_42_100,VSS,Metal1,63.4600,180.6685,0.000327
FILLER_42_84,VSS,Metal1,57.6320,180.8680,0.000325
FILLER_42_57,VSS,Metal1,38.9200,180.3200,0.000320
FILLER_42_53,VSS,Metal1,37.1400,180.6685,0.000320
FILLER_42_37,VSS,Metal1,31.3120,180.8680,0.000309
FILLER_42_33,VSS,Metal1,25.7600,180.3200,0.000309
FILLER_42_25,VSS,Metal1,22.4530,180.7815,0.000309
FILLER_41_681,VSS,Metal1,388.3600,180.3200,0.000235
FILLER_41_677,VSS,Metal1,386.5800,179.9710,0.000235
FILLER_41_665,VSS,Metal1,379.4000,180.3200,0.000234
FILLER_41_661,VSS,Metal1,377.6200,179.9710,0.000234
FILLER_41_644,VSS,Metal1,367.9200,180.3200,0.000231
FILLER_41_640,VSS,Metal1,365.8600,179.9710,0.000230
FILLER_41_632,VSS,Metal1,362.3730,179.8580,0.000230
FILLER_41_629,VSS,Metal1,359.2400,180.3200,0.000230
FILLER_41_627,VSS,Metal1,358.4000,180.3200,0.000230
FILLER_41_619,VSS,Metal1,355.0930,179.8580,0.000230
FILLER_41_577,VSS,Metal1,331.5730,179.8580,0.000268
FILLER_41_558,VSS,Metal1,319.7600,180.3200,0.000276
FILLER_41_542,VSS,Metal1,314.1120,179.7720,0.000276
FILLER_41_526,VSS,Metal1,301.5600,180.3200,0.000283
FILLER_41_488,VSS,Metal1,280.5600,180.3200,0.000289
FILLER_41_484,VSS,Metal1,278.5000,179.9710,0.000289
FILLER_41_449,VSS,Metal1,258.4400,180.3200,0.000289
FILLER_41_447,VSS,Metal1,257.6000,180.3200,0.000289
FILLER_41_419,VSS,Metal1,241.6400,180.3200,0.000290
FILLER_41_403,VSS,Metal1,236.2720,179.7720,0.000290
FILLER_41_362,VSS,Metal1,209.7200,180.3200,0.000287
FILLER_41_360,VSS,Metal1,208.8800,180.3200,0.000287
FILLER_41_352,VSS,Metal1,205.5730,179.8580,0.000287
FILLER_41_349,VSS,Metal1,202.4400,180.3200,0.000287
FILLER_41_347,VSS,Metal1,201.6000,180.3200,0.000287
FILLER_41_337,VSS,Metal1,196.0000,180.3200,0.000287
FILLER_41_311,VSS,Metal1,181.1600,180.3200,0.000283
FILLER_41_309,VSS,Metal1,180.3200,180.3200,0.000282
FILLER_41_305,VSS,Metal1,178.2600,179.9710,0.000283
FILLER_41_297,VSS,Metal1,174.7730,179.8580,0.000283
FILLER_41_276,VSS,Metal1,162.0200,179.9710,0.000288
FILLER_41_260,VSS,Metal1,156.1920,179.7720,0.000288
FILLER_41_220,VSS,Metal1,130.6600,179.9710,0.000291
FILLER_41_212,VSS,Metal1,127.1730,179.8580,0.000292
FILLER_41_193,VSS,Metal1,115.0800,180.3200,0.000301
FILLER_41_191,VSS,Metal1,114.2400,180.3200,0.000301
FILLER_41_183,VSS,Metal1,110.9330,179.8580,0.000301
FILLER_41_165,VSS,Metal1,99.6800,180.3200,0.000329
FILLER_41_142,VSS,Metal1,87.9730,179.8580,0.000329
FILLER_41_132,VSS,Metal1,82.3730,179.8580,0.000328
FILLER_41_116,VSS,Metal1,75.5520,179.7720,0.000328
FILLER_41_108,VSS,Metal1,67.9400,179.9710,0.000328
FILLER_41_100,VSS,Metal1,64.4530,179.8580,0.000327
FILLER_41_54,VSS,Metal1,40.8320,179.7720,0.000320
FILLER_41_22,VSS,Metal1,27.3240,179.7220,0.000309
FILLER_41_8,VSS,Metal1,11.4800,180.3200,0.000319
FILLER_41_6,VSS,Metal1,10.6400,180.3200,0.000319
FILLER_41_2,VSS,Metal1,8.5800,179.9710,0.000319
FILLER_40_681,VSS,Metal1,388.3600,172.4800,0.000516
FILLER_40_635,VSS,Metal1,362.6000,172.4800,0.000514
FILLER_40_633,VSS,Metal1,361.7600,172.4800,0.000514
FILLER_40_629,VSS,Metal1,359.7000,172.8285,0.000514
FILLER_40_597,VSS,Metal1,349.3240,173.0775,0.000513
FILLER_40_591,VSS,Metal1,338.4200,172.8285,0.000513
FILLER_40_583,VSS,Metal1,334.9330,172.9415,0.000513
FILLER_40_547,VSS,Metal1,313.6000,172.4800,0.000633
FILLER_40_543,VSS,Metal1,311.5400,172.8285,0.000635
FILLER_40_527,VSS,Metal1,305.7120,173.0280,0.000635
FILLER_40_524,VSS,Metal1,300.4400,172.4800,0.000647
FILLER_40_522,VSS,Metal1,299.6000,172.4800,0.000677
FILLER_40_514,VSS,Metal1,296.2930,172.9415,0.000679
FILLER_40_482,VSS,Metal1,284.9240,173.0775,0.000680
FILLER_40_465,VSS,Metal1,267.6800,172.4800,0.000690
FILLER_40_457,VSS,Metal1,264.3730,172.9415,0.000691
FILLER_40_454,VSS,Metal1,261.2400,172.4800,0.000691
FILLER_40_415,VSS,Metal1,239.4000,172.4800,0.000707
FILLER_40_411,VSS,Metal1,237.6200,172.8285,0.000708
FILLER_40_403,VSS,Metal1,234.1330,172.9415,0.000708
FILLER_40_387,VSS,Metal1,227.3120,173.0280,0.000708
FILLER_40_333,VSS,Metal1,193.7600,172.4800,0.000717
FILLER_40_317,VSS,Metal1,188.1120,173.0280,0.000719
FILLER_40_287,VSS,Metal1,168.0000,172.4800,0.000720
FILLER_40_283,VSS,Metal1,165.9400,172.8285,0.000720
FILLER_40_255,VSS,Metal1,150.0800,172.4800,0.000726
FILLER_40_247,VSS,Metal1,146.7730,172.9415,0.000726
FILLER_40_237,VSS,Metal1,141.1730,172.9415,0.000726
FILLER_40_221,VSS,Metal1,134.3520,173.0280,0.000726
FILLER_40_177,VSS,Metal1,107.5730,172.9415,0.000727
FILLER_40_174,VSS,Metal1,104.4400,172.4800,0.000727
FILLER_40_172,VSS,Metal1,103.6000,172.4800,0.000727
FILLER_40_156,VSS,Metal1,94.3600,172.4800,0.000727
FILLER_40_154,VSS,Metal1,93.5200,172.4800,0.000727
FILLER_40_150,VSS,Metal1,91.4600,172.8285,0.000727
FILLER_40_114,VSS,Metal1,70.8400,172.4800,0.000726
FILLER_40_112,VSS,Metal1,70.0000,172.4800,0.000726
FILLER_40_103,VSS,Metal1,64.9600,172.4800,0.000710
FILLER_40_95,VSS,Metal1,61.6530,172.9415,0.000709
FILLER_40_79,VSS,Metal1,51.2400,172.4800,0.000636
FILLER_40_77,VSS,Metal1,50.4000,172.4800,0.000636
FILLER_40_69,VSS,Metal1,47.0930,172.9415,0.000634
FILLER_40_37,VSS,Metal1,35.7240,173.0775,0.000608
FILLER_40_31,VSS,Metal1,24.8200,172.8285,0.000586
FILLER_40_18,VSS,Metal1,17.0800,172.4800,0.000628
FILLER_39_632,VSS,Metal1,361.2000,172.4800,0.000514
FILLER_39_629,VSS,Metal1,359.2400,172.4800,0.000514
FILLER_39_625,VSS,Metal1,357.4600,172.1310,0.000513
FILLER_39_617,VSS,Metal1,353.9730,172.0180,0.000513
FILLER_39_582,VSS,Metal1,332.9200,172.4800,0.000539
FILLER_39_580,VSS,Metal1,332.0800,172.4800,0.000539
FILLER_39_576,VSS,Metal1,330.0200,172.1310,0.000542
FILLER_39_566,VSS,Metal1,324.2400,172.4800,0.000542
FILLER_39_562,VSS,Metal1,322.1800,172.1310,0.000542
FILLER_39_559,VSS,Metal1,320.0400,172.4800,0.000542
FILLER_39_551,VSS,Metal1,317.0130,172.0180,0.000542
FILLER_39_535,VSS,Metal1,310.1920,171.9320,0.000635
FILLER_39_524,VSS,Metal1,300.9000,172.1310,0.000647
FILLER_39_492,VSS,Metal1,290.5240,171.8820,0.000679
FILLER_39_489,VSS,Metal1,280.8400,172.4800,0.000680
FILLER_39_485,VSS,Metal1,279.0600,172.1310,0.000680
FILLER_39_477,VSS,Metal1,275.5730,172.0180,0.000686
FILLER_39_426,VSS,Metal1,245.5600,172.4800,0.000691
FILLER_39_422,VSS,Metal1,243.7800,172.1310,0.000691
FILLER_39_418,VSS,Metal1,241.3600,172.4800,0.000691
FILLER_39_386,VSS,Metal1,231.1640,171.8820,0.000708
FILLER_39_348,VSS,Metal1,202.1600,172.4800,0.000717
FILLER_39_332,VSS,Metal1,196.5120,171.9320,0.000717
FILLER_39_279,VSS,Metal1,163.2400,172.4800,0.000723
FILLER_39_277,VSS,Metal1,162.4000,172.4800,0.000723
FILLER_39_273,VSS,Metal1,160.3400,172.1310,0.000723
FILLER_39_265,VSS,Metal1,156.8530,172.0180,0.000723
FILLER_39_214,VSS,Metal1,126.8400,172.4800,0.000727
FILLER_39_212,VSS,Metal1,126.0000,172.4800,0.000727
FILLER_39_208,VSS,Metal1,123.7600,172.4800,0.000727
FILLER_39_192,VSS,Metal1,118.1120,171.9320,0.000727
FILLER_39_101,VSS,Metal1,63.5600,172.4800,0.000710
FILLER_39_99,VSS,Metal1,62.7200,172.4800,0.000710
FILLER_39_91,VSS,Metal1,59.4130,172.0180,0.000709
FILLER_39_82,VSS,Metal1,52.9200,172.4800,0.000660
FILLER_39_80,VSS,Metal1,52.0800,172.4800,0.000660
FILLER_39_72,VSS,Metal1,48.7730,172.0180,0.000634
FILLER_39_69,VSS,Metal1,45.6400,172.4800,0.000634
FILLER_39_67,VSS,Metal1,44.8000,172.4800,0.000609
FILLER_39_63,VSS,Metal1,42.7400,172.1310,0.000608
FILLER_38_680,VSS,Metal1,388.0800,164.6400,0.000391
FILLER_38_634,VSS,Metal1,362.0400,164.6400,0.000389
FILLER_38_601,VSS,Metal1,343.5600,164.6400,0.000387
FILLER_38_597,VSS,Metal1,341.7800,164.9885,0.000387
FILLER_38_594,VSS,Metal1,339.6400,164.6400,0.000387
FILLER_38_524,VSS,Metal1,300.4400,164.6400,0.000483
FILLER_38_520,VSS,Metal1,298.6600,164.9885,0.000483
FILLER_38_504,VSS,Metal1,292.8320,165.1880,0.000485
FILLER_38_498,VSS,Metal1,285.8800,164.6400,0.000485
FILLER_38_490,VSS,Metal1,282.8530,165.1015,0.000485
FILLER_38_473,VSS,Metal1,272.1600,164.6400,0.000491
FILLER_38_457,VSS,Metal1,266.5120,165.1880,0.000491
FILLER_38_454,VSS,Metal1,261.2400,164.6400,0.000491
FILLER_38_450,VSS,Metal1,259.4600,164.9885,0.000491
FILLER_38_442,VSS,Metal1,255.9730,165.1015,0.000491
FILLER_38_433,VSS,Metal1,249.4800,164.6400,0.000476
FILLER_38_431,VSS,Metal1,248.6400,164.6400,0.000476
FILLER_38_426,VSS,Metal1,245.5600,164.6400,0.000440
FILLER_38_422,VSS,Metal1,243.7800,164.9885,0.000440
FILLER_38_387,VSS,Metal1,223.7200,164.6400,0.000432
FILLER_38_377,VSS,Metal1,218.5800,164.9885,0.000432
FILLER_38_369,VSS,Metal1,215.0930,165.1015,0.000432
FILLER_38_333,VSS,Metal1,193.7600,164.6400,0.000401
FILLER_38_317,VSS,Metal1,188.1120,165.1880,0.000401
FILLER_38_314,VSS,Metal1,182.8400,164.6400,0.000401
FILLER_38_279,VSS,Metal1,163.2400,164.6400,0.000436
FILLER_38_247,VSS,Metal1,153.3240,165.2375,0.000437
FILLER_38_243,VSS,Metal1,143.3600,164.6400,0.000437
FILLER_38_227,VSS,Metal1,137.7120,165.1880,0.000437
FILLER_38_189,VSS,Metal1,113.1200,164.6400,0.000464
FILLER_38_185,VSS,Metal1,111.0600,164.9885,0.000464
FILLER_38_177,VSS,Metal1,107.5730,165.1015,0.000464
FILLER_38_167,VSS,Metal1,101.9730,165.1015,0.000464
FILLER_38_148,VSS,Metal1,90.3400,164.9885,0.000467
FILLER_38_138,VSS,Metal1,84.5600,164.6400,0.000471
FILLER_38_122,VSS,Metal1,78.9120,165.1880,0.000471
FILLER_38_111,VSS,Metal1,69.1600,164.6400,0.000471
FILLER_38_107,VSS,Metal1,67.3800,164.9885,0.000471
FILLER_38_104,VSS,Metal1,65.2400,164.6400,0.000471
FILLER_38_39,VSS,Metal1,28.8400,164.6400,0.000454
FILLER_38_37,VSS,Metal1,28.0000,164.6400,0.000452
FILLER_38_33,VSS,Metal1,25.7600,164.6400,0.000448
FILLER_38_29,VSS,Metal1,23.7000,164.9885,0.000448
FILLER_38_2,VSS,Metal1,8.4000,164.6400,0.000452
FILLER_37_681,VSS,Metal1,388.3600,164.6400,0.000391
FILLER_37_677,VSS,Metal1,386.5800,164.2910,0.000391
FILLER_37_632,VSS,Metal1,361.2000,164.6400,0.000389
FILLER_37_620,VSS,Metal1,354.2000,164.6400,0.000388
FILLER_37_618,VSS,Metal1,353.3600,164.6400,0.000388
FILLER_37_602,VSS,Metal1,347.7120,164.0920,0.000388
FILLER_37_566,VSS,Metal1,324.2400,164.6400,0.000411
FILLER_37_562,VSS,Metal1,322.1800,164.2910,0.000411
FILLER_37_559,VSS,Metal1,320.0400,164.6400,0.000422
FILLER_37_524,VSS,Metal1,300.4400,164.6400,0.000483
FILLER_37_489,VSS,Metal1,280.8400,164.6400,0.000488
FILLER_37_430,VSS,Metal1,248.2600,164.2910,0.000476
FILLER_37_422,VSS,Metal1,244.7730,164.1780,0.000440
FILLER_37_418,VSS,Metal1,241.3600,164.6400,0.000433
FILLER_37_414,VSS,Metal1,239.3000,164.2910,0.000433
FILLER_37_398,VSS,Metal1,233.4720,164.0920,0.000433
FILLER_37_360,VSS,Metal1,209.0600,164.2910,0.000405
FILLER_37_352,VSS,Metal1,205.5730,164.1780,0.000405
FILLER_37_349,VSS,Metal1,202.4400,164.6400,0.000405
FILLER_37_347,VSS,Metal1,201.6000,164.6400,0.000405
FILLER_37_339,VSS,Metal1,198.2930,164.1780,0.000405
FILLER_37_304,VSS,Metal1,177.2400,164.6400,0.000401
FILLER_37_302,VSS,Metal1,176.4000,164.6400,0.000401
FILLER_37_298,VSS,Metal1,174.3400,164.2910,0.000401
FILLER_37_282,VSS,Metal1,168.5120,164.0920,0.000401
FILLER_37_279,VSS,Metal1,163.2400,164.6400,0.000436
FILLER_37_277,VSS,Metal1,162.4000,164.6400,0.000436
FILLER_37_261,VSS,Metal1,156.7520,164.0920,0.000437
FILLER_37_224,VSS,Metal1,132.4400,164.6400,0.000459
FILLER_37_220,VSS,Metal1,130.6600,164.2910,0.000459
FILLER_37_212,VSS,Metal1,127.1730,164.1780,0.000459
FILLER_37_209,VSS,Metal1,124.0400,164.6400,0.000459
FILLER_37_207,VSS,Metal1,123.2000,164.6400,0.000459
FILLER_37_191,VSS,Metal1,117.5520,164.0920,0.000459
FILLER_37_154,VSS,Metal1,93.2400,164.6400,0.000465
FILLER_37_150,VSS,Metal1,91.4600,164.2910,0.000466
FILLER_37_142,VSS,Metal1,87.9730,164.1780,0.000469
FILLER_37_132,VSS,Metal1,82.3730,164.1780,0.000471
FILLER_37_116,VSS,Metal1,75.5520,164.0920,0.000471
FILLER_37_80,VSS,Metal1,52.0800,164.6400,0.000471
FILLER_37_72,VSS,Metal1,48.7730,164.1780,0.000471
FILLER_37_68,VSS,Metal1,45.3600,164.6400,0.000471
FILLER_37_22,VSS,Metal1,19.6000,164.6400,0.000452
FILLER_37_18,VSS,Metal1,17.5400,164.2910,0.000452
FILLER_37_2,VSS,Metal1,9.5730,164.1780,0.000452
FILLER_36_681,VSS,Metal1,388.3600,156.8000,0.000309
FILLER_36_623,VSS,Metal1,355.8800,156.8000,0.000305
FILLER_36_621,VSS,Metal1,355.0400,156.8000,0.000305
FILLER_36_613,VSS,Metal1,351.7330,157.2615,0.000305
FILLER_36_597,VSS,Metal1,344.9120,157.3480,0.000305
FILLER_36_594,VSS,Metal1,339.6400,156.8000,0.000305
FILLER_36_575,VSS,Metal1,329.0000,156.8000,0.000318
FILLER_36_573,VSS,Metal1,328.1600,156.8000,0.000318
FILLER_36_535,VSS,Metal1,306.6000,156.8000,0.000321
FILLER_36_527,VSS,Metal1,303.5730,157.2615,0.000322
FILLER_36_521,VSS,Metal1,299.2200,157.1485,0.000326
FILLER_36_513,VSS,Metal1,295.7330,157.2615,0.000331
FILLER_36_469,VSS,Metal1,269.9200,156.8000,0.000334
FILLER_36_465,VSS,Metal1,267.8600,157.1485,0.000334
FILLER_36_457,VSS,Metal1,264.3730,157.2615,0.000334
FILLER_36_453,VSS,Metal1,260.9600,156.8000,0.000334
FILLER_36_449,VSS,Metal1,258.9000,157.1485,0.000334
FILLER_36_441,VSS,Metal1,255.4130,157.2615,0.000336
FILLER_36_403,VSS,Metal1,233.1400,157.1485,0.000344
FILLER_36_387,VSS,Metal1,227.3120,157.3480,0.000343
FILLER_36_384,VSS,Metal1,222.0400,156.8000,0.000343
FILLER_36_376,VSS,Metal1,219.0130,157.2615,0.000318
FILLER_36_370,VSS,Metal1,214.2000,156.8000,0.000318
FILLER_36_319,VSS,Metal1,185.6400,156.8000,0.000288
FILLER_36_317,VSS,Metal1,184.8000,156.8000,0.000281
FILLER_36_313,VSS,Metal1,182.5600,156.8000,0.000272
FILLER_36_309,VSS,Metal1,180.5000,157.1485,0.000271
FILLER_36_301,VSS,Metal1,177.0130,157.2615,0.000271
FILLER_36_285,VSS,Metal1,170.1920,157.3480,0.000271
FILLER_36_247,VSS,Metal1,145.7800,157.1485,0.000274
FILLER_36_237,VSS,Metal1,141.1730,157.2615,0.000274
FILLER_36_221,VSS,Metal1,134.3520,157.3480,0.000274
FILLER_36_185,VSS,Metal1,110.8800,156.8000,0.000272
FILLER_36_177,VSS,Metal1,107.5730,157.2615,0.000272
FILLER_36_139,VSS,Metal1,85.1200,156.8000,0.000264
FILLER_36_107,VSS,Metal1,74.9240,157.3975,0.000264
FILLER_36_104,VSS,Metal1,65.2400,156.8000,0.000262
FILLER_36_102,VSS,Metal1,64.4000,156.8000,0.000262
FILLER_36_98,VSS,Metal1,62.3400,157.1485,0.000262
FILLER_36_90,VSS,Metal1,58.8530,157.2615,0.000262
FILLER_36_76,VSS,Metal1,49.8400,156.8000,0.000256
FILLER_36_68,VSS,Metal1,46.5330,157.2615,0.000255
FILLER_36_57,VSS,Metal1,38.9200,156.8000,0.000244
FILLER_36_53,VSS,Metal1,37.1400,157.1485,0.000244
FILLER_36_37,VSS,Metal1,31.3120,157.3480,0.000242
FILLER_36_31,VSS,Metal1,24.8200,157.1485,0.000241
FILLER_36_18,VSS,Metal1,17.0800,156.8000,0.000241
FILLER_35_632,VSS,Metal1,361.2000,156.8000,0.000306
FILLER_35_624,VSS,Metal1,356.4400,156.8000,0.000305
FILLER_35_570,VSS,Metal1,326.6600,156.4510,0.000318
FILLER_35_562,VSS,Metal1,323.1730,156.3380,0.000319
FILLER_35_544,VSS,Metal1,315.2320,156.2520,0.000319
FILLER_35_538,VSS,Metal1,308.2800,156.8000,0.000321
FILLER_35_520,VSS,Metal1,298.4800,156.8000,0.000331
FILLER_35_516,VSS,Metal1,296.4200,156.4510,0.000331
FILLER_35_508,VSS,Metal1,292.9330,156.3380,0.000332
FILLER_35_492,VSS,Metal1,286.1120,156.2520,0.000333
FILLER_35_489,VSS,Metal1,280.8400,156.8000,0.000333
FILLER_35_487,VSS,Metal1,280.0000,156.8000,0.000333
FILLER_35_483,VSS,Metal1,277.9400,156.4510,0.000333
FILLER_35_448,VSS,Metal1,257.8800,156.8000,0.000336
FILLER_35_446,VSS,Metal1,257.0400,156.8000,0.000336
FILLER_35_438,VSS,Metal1,253.7330,156.3380,0.000336
FILLER_35_422,VSS,Metal1,246.9120,156.2520,0.000344
FILLER_35_392,VSS,Metal1,226.8000,156.8000,0.000343
FILLER_35_384,VSS,Metal1,223.4930,156.3380,0.000343
FILLER_35_358,VSS,Metal1,207.4800,156.8000,0.000318
FILLER_35_356,VSS,Metal1,206.6400,156.8000,0.000306
FILLER_35_352,VSS,Metal1,204.5800,156.4510,0.000306
FILLER_35_278,VSS,Metal1,162.9600,156.8000,0.000274
FILLER_35_254,VSS,Metal1,149.2400,156.8000,0.000273
FILLER_35_252,VSS,Metal1,148.4000,156.8000,0.000274
FILLER_35_216,VSS,Metal1,128.2400,156.8000,0.000273
FILLER_35_212,VSS,Metal1,126.1800,156.4510,0.000273
FILLER_35_206,VSS,Metal1,122.8200,156.4510,0.000273
FILLER_35_142,VSS,Metal1,103.4445,156.1620,0.000272
FILLER_35_138,VSS,Metal1,84.5600,156.8000,0.000264
FILLER_35_130,VSS,Metal1,81.2530,156.3380,0.000264
FILLER_35_114,VSS,Metal1,74.4320,156.2520,0.000264
FILLER_35_72,VSS,Metal1,48.7730,156.3380,0.000255
FILLER_35_66,VSS,Metal1,44.4200,156.4510,0.000250
FILLER_35_50,VSS,Metal1,38.5920,156.2520,0.000244
FILLER_35_18,VSS,Metal1,25.0840,156.2020,0.000241
FILLER_34_681,VSS,Metal1,388.3600,148.9600,0.000405
FILLER_34_631,VSS,Metal1,360.6400,148.9600,0.000403
FILLER_34_593,VSS,Metal1,339.3600,148.9600,0.000393
FILLER_34_577,VSS,Metal1,333.7120,149.5080,0.000390
FILLER_34_521,VSS,Metal1,299.2200,149.3085,0.000394
FILLER_34_457,VSS,Metal1,279.8445,149.5975,0.000402
FILLER_34_454,VSS,Metal1,261.2400,148.9600,0.000402
FILLER_34_450,VSS,Metal1,259.4600,149.3085,0.000402
FILLER_34_434,VSS,Metal1,253.6320,149.5080,0.000402
FILLER_34_387,VSS,Metal1,227.3120,149.5080,0.000399
FILLER_34_384,VSS,Metal1,222.0400,148.9600,0.000397
FILLER_34_376,VSS,Metal1,219.0130,149.4215,0.000397
FILLER_34_344,VSS,Metal1,207.6440,149.5575,0.000397
FILLER_34_317,VSS,Metal1,184.8000,148.9600,0.000394
FILLER_34_314,VSS,Metal1,182.8400,148.9600,0.000393
FILLER_34_312,VSS,Metal1,182.0000,148.9600,0.000378
FILLER_34_308,VSS,Metal1,179.9400,149.3085,0.000378
FILLER_34_257,VSS,Metal1,150.9200,148.9600,0.000389
FILLER_34_255,VSS,Metal1,150.0800,148.9600,0.000389
FILLER_34_247,VSS,Metal1,146.7730,149.4215,0.000389
FILLER_34_218,VSS,Metal1,129.0800,148.9600,0.000360
FILLER_34_216,VSS,Metal1,128.2400,148.9600,0.000360
FILLER_34_208,VSS,Metal1,124.9330,149.4215,0.000359
FILLER_34_191,VSS,Metal1,113.9600,148.9600,0.000341
FILLER_34_189,VSS,Metal1,113.1200,148.9600,0.000340
FILLER_34_185,VSS,Metal1,111.0600,149.3085,0.000340
FILLER_34_177,VSS,Metal1,107.5730,149.4215,0.000340
FILLER_34_171,VSS,Metal1,103.2200,149.3085,0.000340
FILLER_34_107,VSS,Metal1,83.8445,149.5975,0.000340
FILLER_34_101,VSS,Metal1,64.0200,149.3085,0.000340
FILLER_34_37,VSS,Metal1,44.6445,149.5975,0.000339
FILLER_34_34,VSS,Metal1,26.0400,148.9600,0.000327
FILLER_34_18,VSS,Metal1,20.6720,149.5080,0.000328
FILLER_33_632,VSS,Metal1,361.2000,148.9600,0.000403
FILLER_33_598,VSS,Metal1,341.8800,148.9600,0.000395
FILLER_33_596,VSS,Metal1,341.0400,148.9600,0.000395
FILLER_33_558,VSS,Metal1,319.7600,148.9600,0.000393
FILLER_33_554,VSS,Metal1,317.7000,148.6110,0.000393
FILLER_33_516,VSS,Metal1,296.4200,148.6110,0.000401
FILLER_33_508,VSS,Metal1,292.9330,148.4980,0.000402
FILLER_33_492,VSS,Metal1,286.1120,148.4120,0.000402
FILLER_33_488,VSS,Metal1,280.5600,148.9600,0.000402
FILLER_33_472,VSS,Metal1,274.9120,148.4120,0.000402
FILLER_33_408,VSS,Metal1,236.9330,148.4980,0.000401
FILLER_33_392,VSS,Metal1,230.1120,148.4120,0.000400
FILLER_33_356,VSS,Metal1,206.6400,148.9600,0.000397
FILLER_33_352,VSS,Metal1,204.5800,148.6110,0.000397
FILLER_33_348,VSS,Metal1,202.1600,148.9600,0.000397
FILLER_33_332,VSS,Metal1,196.5120,148.4120,0.000397
FILLER_33_282,VSS,Metal1,168.5120,148.4120,0.000392
FILLER_33_263,VSS,Metal1,154.5600,148.9600,0.000392
FILLER_33_247,VSS,Metal1,148.9120,148.4120,0.000389
FILLER_33_220,VSS,Metal1,130.4800,148.9600,0.000369
FILLER_33_212,VSS,Metal1,127.1730,148.4980,0.000360
FILLER_33_209,VSS,Metal1,124.0400,148.9600,0.000359
FILLER_33_207,VSS,Metal1,123.2000,148.9600,0.000348
FILLER_33_199,VSS,Metal1,119.8930,148.4980,0.000347
FILLER_33_164,VSS,Metal1,98.8400,148.9600,0.000340
FILLER_33_162,VSS,Metal1,98.0000,148.9600,0.000340
FILLER_33_158,VSS,Metal1,95.9400,148.6110,0.000340
FILLER_33_142,VSS,Metal1,90.1120,148.4120,0.000340
FILLER_33_136,VSS,Metal1,83.6200,148.6110,0.000340
FILLER_33_72,VSS,Metal1,64.2445,148.3220,0.000340
FILLER_33_68,VSS,Metal1,45.3600,148.9600,0.000339
FILLER_33_36,VSS,Metal1,35.1640,148.3620,0.000339
FILLER_32_681,VSS,Metal1,388.3600,141.1200,0.000235
FILLER_32_631,VSS,Metal1,360.6400,141.1200,0.000230
FILLER_32_593,VSS,Metal1,339.3600,141.1200,0.000221
FILLER_32_589,VSS,Metal1,337.3000,141.4685,0.000221
FILLER_32_581,VSS,Metal1,333.8130,141.5815,0.000217
FILLER_32_565,VSS,Metal1,323.4000,141.1200,0.000226
FILLER_32_533,VSS,Metal1,313.4840,141.7175,0.000229
FILLER_32_490,VSS,Metal1,281.4000,141.1200,0.000238
FILLER_32_488,VSS,Metal1,280.5600,141.1200,0.000239
FILLER_32_480,VSS,Metal1,277.2530,141.5815,0.000240
FILLER_32_457,VSS,Metal1,264.3730,141.5815,0.000280
FILLER_32_383,VSS,Metal1,221.7600,141.1200,0.000292
FILLER_32_379,VSS,Metal1,219.7000,141.4685,0.000292
FILLER_32_371,VSS,Metal1,216.2130,141.5815,0.000292
FILLER_32_333,VSS,Metal1,193.9400,141.4685,0.000289
FILLER_32_317,VSS,Metal1,188.1120,141.6680,0.000288
FILLER_32_314,VSS,Metal1,182.8400,141.1200,0.000269
FILLER_32_310,VSS,Metal1,181.0600,141.4685,0.000269
FILLER_32_302,VSS,Metal1,177.5730,141.5815,0.000269
FILLER_32_267,VSS,Metal1,156.5200,141.1200,0.000269
FILLER_32_263,VSS,Metal1,154.7400,141.4685,0.000269
FILLER_32_247,VSS,Metal1,148.9120,141.6680,0.000269
FILLER_32_244,VSS,Metal1,143.6400,141.1200,0.000269
FILLER_32_228,VSS,Metal1,138.2720,141.6680,0.000269
FILLER_32_196,VSS,Metal1,124.7640,141.7175,0.000261
FILLER_32_177,VSS,Metal1,106.5800,141.4685,0.000260
FILLER_32_171,VSS,Metal1,103.2200,141.4685,0.000260
FILLER_32_107,VSS,Metal1,83.8445,141.7575,0.000260
FILLER_32_104,VSS,Metal1,65.2400,141.1200,0.000260
FILLER_32_72,VSS,Metal1,55.3240,141.7175,0.000260
FILLER_32_37,VSS,Metal1,27.7200,141.1200,0.000253
FILLER_32_34,VSS,Metal1,26.0400,141.1200,0.000244
FILLER_32_30,VSS,Metal1,24.2600,141.4685,0.000245
FILLER_32_22,VSS,Metal1,20.7730,141.5815,0.000245
FILLER_32_6,VSS,Metal1,10.3600,141.1200,0.000245
FILLER_32_2,VSS,Metal1,8.5800,141.4685,0.000245
FILLER_31_665,VSS,Metal1,379.4000,141.1200,0.000235
FILLER_31_661,VSS,Metal1,377.6200,140.7710,0.000235
FILLER_31_632,VSS,Metal1,361.2000,141.1200,0.000230
FILLER_31_584,VSS,Metal1,334.0400,141.1200,0.000217
FILLER_31_582,VSS,Metal1,333.2000,141.1200,0.000217
FILLER_31_578,VSS,Metal1,331.1400,140.7710,0.000225
FILLER_31_562,VSS,Metal1,325.3120,140.5720,0.000226
FILLER_31_559,VSS,Metal1,320.0400,141.1200,0.000229
FILLER_31_555,VSS,Metal1,318.2600,140.7710,0.000229
FILLER_31_547,VSS,Metal1,314.7730,140.6580,0.000229
FILLER_31_515,VSS,Metal1,303.4040,140.5220,0.000230
FILLER_31_492,VSS,Metal1,283.9730,140.6580,0.000231
FILLER_31_418,VSS,Metal1,241.3600,141.1200,0.000291
FILLER_31_414,VSS,Metal1,239.3000,140.7710,0.000292
FILLER_31_406,VSS,Metal1,235.8130,140.6580,0.000292
FILLER_31_314,VSS,Metal1,183.1200,141.1200,0.000269
FILLER_31_282,VSS,Metal1,172.9240,140.5220,0.000269
FILLER_31_278,VSS,Metal1,162.9600,141.1200,0.000269
FILLER_31_212,VSS,Metal1,129.3120,140.5720,0.000261
FILLER_31_206,VSS,Metal1,122.8200,140.7710,0.000261
FILLER_31_142,VSS,Metal1,103.4445,140.4820,0.000260
FILLER_31_136,VSS,Metal1,83.6200,140.7710,0.000260
FILLER_31_72,VSS,Metal1,64.2445,140.4820,0.000260
FILLER_31_69,VSS,Metal1,45.6400,141.1200,0.000254
FILLER_31_67,VSS,Metal1,44.8000,141.1200,0.000253
FILLER_31_59,VSS,Metal1,41.4930,140.6580,0.000253
FILLER_31_36,VSS,Metal1,28.6130,140.6580,0.000253
FILLER_30_681,VSS,Metal1,388.3600,133.2800,0.000084
FILLER_30_601,VSS,Metal1,343.5600,133.2800,0.000081
FILLER_30_597,VSS,Metal1,341.7800,133.6285,0.000081
FILLER_30_591,VSS,Metal1,338.4200,133.6285,0.000076
FILLER_30_527,VSS,Metal1,319.0445,133.9175,0.000076
FILLER_30_493,VSS,Metal1,291.0840,133.8775,0.000077
FILLER_30_473,VSS,Metal1,272.3400,133.6285,0.000078
FILLER_30_457,VSS,Metal1,266.5120,133.8280,0.000078
FILLER_30_454,VSS,Metal1,261.2400,133.2800,0.000078
FILLER_30_452,VSS,Metal1,260.4000,133.2800,0.000078
FILLER_30_448,VSS,Metal1,258.3400,133.6285,0.000078
FILLER_30_440,VSS,Metal1,254.8530,133.7415,0.000078
FILLER_30_424,VSS,Metal1,248.0320,133.8280,0.000079
FILLER_30_389,VSS,Metal1,224.8400,133.2800,0.000078
FILLER_30_387,VSS,Metal1,224.0000,133.2800,0.000078
FILLER_30_381,VSS,Metal1,220.8200,133.6285,0.000078
FILLER_30_349,VSS,Metal1,210.4440,133.8775,0.000078
FILLER_30_342,VSS,Metal1,198.8000,133.2800,0.000075
FILLER_30_311,VSS,Metal1,181.6200,133.6285,0.000074
FILLER_30_247,VSS,Metal1,162.2445,133.9175,0.000074
FILLER_30_241,VSS,Metal1,142.4200,133.6285,0.000074
FILLER_30_177,VSS,Metal1,123.0445,133.9175,0.000074
FILLER_30_171,VSS,Metal1,103.2200,133.6285,0.000074
FILLER_30_107,VSS,Metal1,83.8445,133.9175,0.000074
FILLER_30_101,VSS,Metal1,64.0200,133.6285,0.000074
FILLER_30_37,VSS,Metal1,44.6445,133.9175,0.000074
FILLER_30_33,VSS,Metal1,25.7600,133.2800,0.000073
FILLER_29_658,VSS,Metal1,376.9330,132.8180,0.000084
FILLER_29_632,VSS,Metal1,361.2000,133.2800,0.000081
FILLER_29_595,VSS,Metal1,340.2000,133.2800,0.000076
FILLER_29_587,VSS,Metal1,337.1730,132.8180,0.000076
FILLER_29_571,VSS,Metal1,330.3520,132.7320,0.000076
FILLER_29_562,VSS,Metal1,321.7200,133.2800,0.000076
FILLER_29_558,VSS,Metal1,319.7600,133.2800,0.000076
FILLER_29_554,VSS,Metal1,317.7000,132.9310,0.000076
FILLER_29_516,VSS,Metal1,296.4200,132.9310,0.000077
FILLER_29_508,VSS,Metal1,292.9330,132.8180,0.000077
FILLER_29_492,VSS,Metal1,286.1120,132.7320,0.000077
FILLER_29_489,VSS,Metal1,280.8400,133.2800,0.000077
FILLER_29_487,VSS,Metal1,280.0000,133.2800,0.000077
FILLER_29_483,VSS,Metal1,277.9400,132.9310,0.000077
FILLER_29_470,VSS,Metal1,271.6530,132.8180,0.000078
FILLER_29_444,VSS,Metal1,255.6400,133.2800,0.000078
FILLER_29_442,VSS,Metal1,254.8000,133.2800,0.000078
FILLER_29_438,VSS,Metal1,252.7400,132.9310,0.000079
FILLER_29_422,VSS,Metal1,246.9120,132.7320,0.000079
FILLER_29_418,VSS,Metal1,241.3600,133.2800,0.000079
FILLER_29_358,VSS,Metal1,207.4800,133.2800,0.000078
FILLER_29_356,VSS,Metal1,206.6400,133.2800,0.000078
FILLER_29_352,VSS,Metal1,204.5800,132.9310,0.000078
FILLER_29_348,VSS,Metal1,202.1600,133.2800,0.000078
FILLER_29_344,VSS,Metal1,200.1000,132.9310,0.000078
FILLER_29_328,VSS,Metal1,194.2720,132.7320,0.000075
FILLER_29_290,VSS,Metal1,169.8600,132.9310,0.000074
FILLER_29_282,VSS,Metal1,166.3730,132.8180,0.000074
FILLER_29_263,VSS,Metal1,154.5600,133.2800,0.000074
FILLER_29_255,VSS,Metal1,151.2530,132.8180,0.000074
FILLER_29_236,VSS,Metal1,139.6200,132.9310,0.000074
FILLER_29_228,VSS,Metal1,136.1330,132.8180,0.000074
FILLER_29_212,VSS,Metal1,129.3120,132.7320,0.000074
FILLER_29_206,VSS,Metal1,122.8200,132.9310,0.000074
FILLER_29_142,VSS,Metal1,103.4445,132.6420,0.000074
FILLER_29_136,VSS,Metal1,83.6200,132.9310,0.000074
FILLER_29_72,VSS,Metal1,64.2445,132.6420,0.000074
FILLER_29_66,VSS,Metal1,44.4200,132.9310,0.000074
FILLER_29_58,VSS,Metal1,40.9330,132.8180,0.000074
FILLER_29_42,VSS,Metal1,34.1120,132.7320,0.000074
FILLER_29_26,VSS,Metal1,21.5600,133.2800,0.000073
FILLER_29_18,VSS,Metal1,18.5330,132.8180,0.000073
FILLER_28_681,VSS,Metal1,388.3600,125.4400,0.000286
FILLER_28_613,VSS,Metal1,350.7400,125.7885,0.000282
FILLER_28_557,VSS,Metal1,318.9200,125.4400,0.000281
FILLER_28_549,VSS,Metal1,314.4400,125.4400,0.000319
FILLER_28_533,VSS,Metal1,305.4800,125.4400,0.000320
FILLER_28_531,VSS,Metal1,304.6400,125.4400,0.000320
FILLER_28_527,VSS,Metal1,302.5800,125.7885,0.000320
FILLER_28_523,VSS,Metal1,300.1600,125.4400,0.000320
FILLER_28_453,VSS,Metal1,260.9600,125.4400,0.000353
FILLER_28_445,VSS,Metal1,257.6530,125.9015,0.000354
FILLER_28_387,VSS,Metal1,225.1730,125.9015,0.000350
FILLER_28_353,VSS,Metal1,204.6800,125.4400,0.000322
FILLER_28_349,VSS,Metal1,202.9000,125.7885,0.000321
FILLER_28_317,VSS,Metal1,192.5240,126.0375,0.000300
FILLER_28_314,VSS,Metal1,182.8400,125.4400,0.000300
FILLER_28_298,VSS,Metal1,173.8800,125.4400,0.000288
FILLER_28_296,VSS,Metal1,173.0400,125.4400,0.000288
FILLER_28_261,VSS,Metal1,153.1600,125.4400,0.000291
FILLER_28_259,VSS,Metal1,152.3200,125.4400,0.000292
FILLER_28_255,VSS,Metal1,150.2600,125.7885,0.000292
FILLER_28_247,VSS,Metal1,146.7730,125.9015,0.000292
FILLER_28_244,VSS,Metal1,143.6400,125.4400,0.000292
FILLER_28_242,VSS,Metal1,142.8000,125.4400,0.000292
FILLER_28_238,VSS,Metal1,140.7400,125.7885,0.000292
FILLER_28_230,VSS,Metal1,137.2530,125.9015,0.000292
FILLER_28_195,VSS,Metal1,116.2000,125.4400,0.000266
FILLER_28_193,VSS,Metal1,115.3600,125.4400,0.000266
FILLER_28_177,VSS,Metal1,109.7120,125.9880,0.000266
FILLER_28_171,VSS,Metal1,103.2200,125.7885,0.000266
FILLER_28_107,VSS,Metal1,83.8445,126.0775,0.000265
FILLER_28_101,VSS,Metal1,64.0200,125.7885,0.000265
FILLER_28_37,VSS,Metal1,44.6445,126.0775,0.000265
FILLER_28_34,VSS,Metal1,26.0400,125.4400,0.000254
FILLER_27_632,VSS,Metal1,361.2000,125.4400,0.000284
FILLER_27_612,VSS,Metal1,350.0000,125.4400,0.000281
FILLER_27_559,VSS,Metal1,320.0400,125.4400,0.000281
FILLER_27_557,VSS,Metal1,319.2000,125.4400,0.000281
FILLER_27_548,VSS,Metal1,313.8800,125.4400,0.000319
FILLER_27_546,VSS,Metal1,313.0400,125.4400,0.000319
FILLER_27_538,VSS,Metal1,309.7330,124.9780,0.000320
FILLER_27_522,VSS,Metal1,302.9120,124.8920,0.000320
FILLER_27_506,VSS,Metal1,290.3600,125.4400,0.000325
FILLER_27_504,VSS,Metal1,289.5200,125.4400,0.000325
FILLER_27_498,VSS,Metal1,285.8800,125.4400,0.000325
FILLER_27_496,VSS,Metal1,285.0400,125.4400,0.000326
FILLER_27_492,VSS,Metal1,282.9800,125.0910,0.000326
FILLER_27_478,VSS,Metal1,275.1400,125.0910,0.000343
FILLER_27_468,VSS,Metal1,269.3600,125.4400,0.000343
FILLER_27_464,VSS,Metal1,267.3000,125.0910,0.000343
FILLER_27_456,VSS,Metal1,263.8130,124.9780,0.000344
FILLER_27_419,VSS,Metal1,241.6400,125.4400,0.000354
FILLER_27_417,VSS,Metal1,240.8000,125.4400,0.000354
FILLER_27_409,VSS,Metal1,237.4930,124.9780,0.000354
FILLER_27_352,VSS,Metal1,204.4000,125.4400,0.000322
FILLER_27_346,VSS,Metal1,201.2200,125.0910,0.000311
FILLER_27_339,VSS,Metal1,197.1200,125.4400,0.000300
FILLER_27_330,VSS,Metal1,191.8000,125.4400,0.000300
FILLER_27_314,VSS,Metal1,186.4320,124.8920,0.000300
FILLER_27_282,VSS,Metal1,172.9240,124.8420,0.000288
FILLER_27_279,VSS,Metal1,163.2400,125.4400,0.000288
FILLER_27_263,VSS,Metal1,157.8720,124.8920,0.000288
FILLER_27_228,VSS,Metal1,134.6800,125.4400,0.000292
FILLER_27_212,VSS,Metal1,125.7200,125.4400,0.000292
FILLER_27_206,VSS,Metal1,122.8200,125.0910,0.000292
FILLER_27_198,VSS,Metal1,119.3330,124.9780,0.000292
FILLER_27_148,VSS,Metal1,89.8800,125.4400,0.000265
FILLER_27_146,VSS,Metal1,89.0400,125.4400,0.000265
FILLER_27_142,VSS,Metal1,86.9800,125.0910,0.000265
FILLER_27_136,VSS,Metal1,83.6200,125.0910,0.000265
FILLER_27_72,VSS,Metal1,64.2445,124.8020,0.000265
FILLER_26_681,VSS,Metal1,388.3600,117.6000,0.000355
FILLER_26_608,VSS,Metal1,347.7600,117.6000,0.000346
FILLER_26_604,VSS,Metal1,345.7000,117.9485,0.000346
FILLER_26_593,VSS,Metal1,339.3600,117.6000,0.000338
FILLER_26_589,VSS,Metal1,337.3000,117.9485,0.000338
FILLER_26_581,VSS,Metal1,333.8130,118.0615,0.000337
FILLER_26_575,VSS,Metal1,329.0000,117.6000,0.000338
FILLER_26_573,VSS,Metal1,328.1600,117.6000,0.000338
FILLER_26_569,VSS,Metal1,326.1000,117.9485,0.000338
FILLER_26_527,VSS,Metal1,303.5730,118.0615,0.000344
FILLER_26_524,VSS,Metal1,300.4400,117.6000,0.000344
FILLER_26_514,VSS,Metal1,295.1200,117.6000,0.000344
FILLER_26_479,VSS,Metal1,275.2400,117.6000,0.000345
FILLER_26_477,VSS,Metal1,274.4000,117.6000,0.000346
FILLER_26_473,VSS,Metal1,272.3400,117.9485,0.000346
FILLER_26_457,VSS,Metal1,266.5120,118.1480,0.000346
FILLER_26_454,VSS,Metal1,261.2400,117.6000,0.000347
FILLER_26_452,VSS,Metal1,260.4000,117.6000,0.000347
FILLER_26_444,VSS,Metal1,257.0930,118.0615,0.000347
FILLER_26_409,VSS,Metal1,236.0400,117.6000,0.000346
FILLER_26_407,VSS,Metal1,235.2000,117.6000,0.000346
FILLER_26_391,VSS,Metal1,226.2400,117.6000,0.000343
FILLER_26_387,VSS,Metal1,224.1800,117.9485,0.000343
FILLER_26_333,VSS,Metal1,193.7600,117.6000,0.000335
FILLER_26_317,VSS,Metal1,188.1120,118.1480,0.000335
FILLER_26_307,VSS,Metal1,180.3730,118.0615,0.000333
FILLER_26_301,VSS,Metal1,175.5600,117.6000,0.000336
FILLER_26_299,VSS,Metal1,174.7200,117.6000,0.000336
FILLER_26_295,VSS,Metal1,172.6600,117.9485,0.000336
FILLER_26_279,VSS,Metal1,166.8320,118.1480,0.000336
FILLER_26_247,VSS,Metal1,153.3240,118.1975,0.000337
FILLER_26_244,VSS,Metal1,143.6400,117.6000,0.000338
FILLER_26_240,VSS,Metal1,141.8600,117.9485,0.000338
FILLER_26_224,VSS,Metal1,136.0320,118.1480,0.000339
FILLER_26_192,VSS,Metal1,122.5240,118.1975,0.000339
FILLER_26_139,VSS,Metal1,85.1200,117.6000,0.000334
FILLER_26_107,VSS,Metal1,74.9240,118.1975,0.000333
FILLER_26_104,VSS,Metal1,65.2400,117.6000,0.000333
FILLER_26_100,VSS,Metal1,63.4600,117.9485,0.000333
FILLER_26_92,VSS,Metal1,59.9730,118.0615,0.000333
FILLER_26_60,VSS,Metal1,48.6040,118.1975,0.000325
FILLER_26_37,VSS,Metal1,29.1730,118.0615,0.000321
FILLER_26_34,VSS,Metal1,26.0400,117.6000,0.000319
FILLER_26_18,VSS,Metal1,20.6720,118.1480,0.000320
FILLER_25_681,VSS,Metal1,388.3600,117.6000,0.000355
FILLER_25_677,VSS,Metal1,386.5800,117.2510,0.000355
FILLER_25_665,VSS,Metal1,379.4000,117.6000,0.000354
FILLER_25_661,VSS,Metal1,377.6200,117.2510,0.000354
FILLER_25_649,VSS,Metal1,370.4400,117.6000,0.000351
FILLER_25_645,VSS,Metal1,368.6600,117.2510,0.000351
FILLER_25_632,VSS,Metal1,361.2000,117.6000,0.000348
FILLER_25_598,VSS,Metal1,341.8800,117.6000,0.000343
FILLER_25_594,VSS,Metal1,340.1000,117.2510,0.000341
FILLER_25_562,VSS,Metal1,329.7240,117.0020,0.000338
FILLER_25_552,VSS,Metal1,317.5730,117.1380,0.000344
FILLER_25_492,VSS,Metal1,282.8000,117.6000,0.000345
FILLER_25_489,VSS,Metal1,280.8400,117.6000,0.000345
FILLER_25_487,VSS,Metal1,280.0000,117.6000,0.000345
FILLER_25_479,VSS,Metal1,276.6930,117.1380,0.000345
FILLER_25_470,VSS,Metal1,270.2000,117.6000,0.000346
FILLER_25_468,VSS,Metal1,269.3600,117.6000,0.000346
FILLER_25_464,VSS,Metal1,267.3000,117.2510,0.000346
FILLER_25_456,VSS,Metal1,263.8130,117.1380,0.000346
FILLER_25_419,VSS,Metal1,241.6400,117.6000,0.000347
FILLER_25_402,VSS,Metal1,232.1200,117.6000,0.000343
FILLER_25_400,VSS,Metal1,231.2800,117.6000,0.000343
FILLER_25_365,VSS,Metal1,211.4000,117.6000,0.000342
FILLER_25_357,VSS,Metal1,208.3730,117.1380,0.000342
FILLER_25_349,VSS,Metal1,202.4400,117.6000,0.000342
FILLER_25_341,VSS,Metal1,199.4130,117.1380,0.000342
FILLER_25_288,VSS,Metal1,168.2800,117.6000,0.000336
FILLER_25_286,VSS,Metal1,167.4400,117.6000,0.000336
FILLER_25_282,VSS,Metal1,165.3800,117.2510,0.000336
FILLER_25_276,VSS,Metal1,162.0200,117.2510,0.000337
FILLER_25_268,VSS,Metal1,158.5330,117.1380,0.000337
FILLER_25_252,VSS,Metal1,151.7120,117.0520,0.000337
FILLER_25_235,VSS,Metal1,138.8800,117.6000,0.000339
FILLER_25_227,VSS,Metal1,135.5730,117.1380,0.000339
FILLER_25_206,VSS,Metal1,122.8200,117.2510,0.000339
FILLER_25_142,VSS,Metal1,103.4445,116.9620,0.000339
FILLER_25_136,VSS,Metal1,83.6200,117.2510,0.000334
FILLER_25_84,VSS,Metal1,54.3200,117.6000,0.000325
FILLER_25_80,VSS,Metal1,52.2600,117.2510,0.000325
FILLER_25_72,VSS,Metal1,48.7730,117.1380,0.000325
FILLER_25_54,VSS,Metal1,40.8320,117.0520,0.000324
FILLER_25_4,VSS,Metal1,9.2400,117.6000,0.000321
FILLER_25_2,VSS,Metal1,8.4000,117.6000,0.000321
FILLER_24_681,VSS,Metal1,388.3600,109.7600,0.000366
FILLER_24_639,VSS,Metal1,364.8400,109.7600,0.000365
FILLER_24_597,VSS,Metal1,342.7730,110.2215,0.000363
FILLER_24_594,VSS,Metal1,339.6400,109.7600,0.000363
FILLER_24_592,VSS,Metal1,338.8000,109.7600,0.000361
FILLER_24_588,VSS,Metal1,336.7400,110.1085,0.000360
FILLER_24_571,VSS,Metal1,327.0400,109.7600,0.000360
FILLER_24_567,VSS,Metal1,324.9800,110.1085,0.000362
FILLER_24_551,VSS,Metal1,319.1520,110.3080,0.000364
FILLER_24_521,VSS,Metal1,299.2200,110.1085,0.000365
FILLER_24_461,VSS,Metal1,265.4400,109.7600,0.000349
FILLER_24_457,VSS,Metal1,263.3800,110.1085,0.000349
FILLER_24_411,VSS,Metal1,238.6130,110.2215,0.000289
FILLER_24_395,VSS,Metal1,228.4800,109.7600,0.000289
FILLER_24_387,VSS,Metal1,225.1730,110.2215,0.000289
FILLER_24_383,VSS,Metal1,221.7600,109.7600,0.000289
FILLER_24_366,VSS,Metal1,212.2400,109.7600,0.000289
FILLER_24_331,VSS,Metal1,192.3600,109.7600,0.000288
FILLER_24_329,VSS,Metal1,191.5200,109.7600,0.000275
FILLER_24_325,VSS,Metal1,189.4600,110.1085,0.000275
FILLER_24_317,VSS,Metal1,185.9730,110.2215,0.000274
FILLER_24_313,VSS,Metal1,182.5600,109.7600,0.000261
FILLER_24_304,VSS,Metal1,177.2400,109.7600,0.000260
FILLER_24_296,VSS,Metal1,174.2130,110.2215,0.000261
FILLER_24_261,VSS,Metal1,153.1600,109.7600,0.000263
FILLER_24_259,VSS,Metal1,152.3200,109.7600,0.000263
FILLER_24_255,VSS,Metal1,150.2600,110.1085,0.000263
FILLER_24_247,VSS,Metal1,146.7730,110.2215,0.000263
FILLER_24_243,VSS,Metal1,143.3600,109.7600,0.000263
FILLER_24_239,VSS,Metal1,141.3000,110.1085,0.000263
FILLER_24_231,VSS,Metal1,137.8130,110.2215,0.000263
FILLER_24_193,VSS,Metal1,115.5400,110.1085,0.000251
FILLER_24_177,VSS,Metal1,109.7120,110.3080,0.000251
FILLER_24_171,VSS,Metal1,103.2200,110.1085,0.000251
FILLER_24_107,VSS,Metal1,83.8445,110.3975,0.000251
FILLER_24_101,VSS,Metal1,64.0200,110.1085,0.000250
FILLER_24_37,VSS,Metal1,44.6445,110.3975,0.000237
FILLER_24_34,VSS,Metal1,26.0400,109.7600,0.000236
FILLER_24_18,VSS,Metal1,20.6720,110.3080,0.000236
FILLER_23_662,VSS,Metal1,378.1800,109.4110,0.000366
FILLER_23_654,VSS,Metal1,374.6930,109.2980,0.000365
FILLER_23_604,VSS,Metal1,345.2400,109.7600,0.000363
FILLER_23_602,VSS,Metal1,344.4000,109.7600,0.000363
FILLER_23_594,VSS,Metal1,341.0930,109.2980,0.000363
FILLER_23_492,VSS,Metal1,283.9730,109.2980,0.000366
FILLER_23_456,VSS,Metal1,262.3600,109.7600,0.000346
FILLER_23_452,VSS,Metal1,260.5800,109.4110,0.000338
FILLER_23_444,VSS,Metal1,257.0930,109.2980,0.000333
FILLER_23_426,VSS,Metal1,245.8400,109.7600,0.000304
FILLER_23_422,VSS,Metal1,243.7800,109.4110,0.000304
FILLER_23_416,VSS,Metal1,240.4200,109.4110,0.000291
FILLER_23_352,VSS,Metal1,221.0445,109.1220,0.000289
FILLER_23_338,VSS,Metal1,196.2800,109.7600,0.000288
FILLER_23_330,VSS,Metal1,193.2530,109.2980,0.000288
FILLER_23_314,VSS,Metal1,186.4320,109.2120,0.000274
FILLER_23_282,VSS,Metal1,172.9240,109.1620,0.000261
FILLER_23_263,VSS,Metal1,154.5600,109.7600,0.000263
FILLER_23_228,VSS,Metal1,134.6800,109.7600,0.000251
FILLER_23_212,VSS,Metal1,129.3120,109.2120,0.000251
FILLER_23_206,VSS,Metal1,122.8200,109.4110,0.000251
FILLER_23_142,VSS,Metal1,103.4445,109.1220,0.000251
FILLER_23_136,VSS,Metal1,83.6200,109.4110,0.000251
FILLER_23_128,VSS,Metal1,80.1330,109.2980,0.000251
FILLER_23_100,VSS,Metal1,63.2800,109.7600,0.000237
FILLER_23_96,VSS,Metal1,61.2200,109.4110,0.000237
FILLER_23_88,VSS,Metal1,57.7330,109.2980,0.000237
FILLER_23_72,VSS,Metal1,50.9120,109.2120,0.000237
FILLER_23_66,VSS,Metal1,44.4200,109.4110,0.000237
FILLER_23_50,VSS,Metal1,38.5920,109.2120,0.000237
FILLER_23_18,VSS,Metal1,25.0840,109.1620,0.000236
FILLER_22_681,VSS,Metal1,388.3600,101.9200,0.000385
FILLER_22_657,VSS,Metal1,376.3730,102.3815,0.000384
FILLER_22_631,VSS,Metal1,360.6400,101.9200,0.000381
FILLER_22_593,VSS,Metal1,339.3600,101.9200,0.000376
FILLER_22_577,VSS,Metal1,333.7120,102.4680,0.000376
FILLER_22_523,VSS,Metal1,300.1600,101.9200,0.000391
FILLER_22_454,VSS,Metal1,261.2400,101.9200,0.000392
FILLER_22_452,VSS,Metal1,260.4000,101.9200,0.000392
FILLER_22_448,VSS,Metal1,258.3400,102.2685,0.000392
FILLER_22_440,VSS,Metal1,254.8530,102.3815,0.000392
FILLER_22_409,VSS,Metal1,236.0400,101.9200,0.000386
FILLER_22_407,VSS,Metal1,235.2000,101.9200,0.000385
FILLER_22_403,VSS,Metal1,233.1400,102.2685,0.000381
FILLER_22_387,VSS,Metal1,227.3120,102.4680,0.000373
FILLER_22_364,VSS,Metal1,210.8400,101.9200,0.000338
FILLER_22_356,VSS,Metal1,207.8130,102.3815,0.000338
FILLER_22_337,VSS,Metal1,195.7200,101.9200,0.000333
FILLER_22_333,VSS,Metal1,193.9400,102.2685,0.000333
FILLER_22_317,VSS,Metal1,188.1120,102.4680,0.000333
FILLER_22_298,VSS,Metal1,174.1600,101.9200,0.000333
FILLER_22_290,VSS,Metal1,170.8530,102.3815,0.000346
FILLER_22_273,VSS,Metal1,159.8800,101.9200,0.000365
FILLER_22_271,VSS,Metal1,159.0400,101.9200,0.000374
FILLER_22_263,VSS,Metal1,155.7330,102.3815,0.000375
FILLER_22_247,VSS,Metal1,148.9120,102.4680,0.000377
FILLER_22_241,VSS,Metal1,142.4200,102.2685,0.000377
FILLER_22_225,VSS,Metal1,136.5920,102.4680,0.000377
FILLER_22_189,VSS,Metal1,113.1200,101.9200,0.000382
FILLER_22_185,VSS,Metal1,111.0600,102.2685,0.000385
FILLER_22_177,VSS,Metal1,107.5730,102.3815,0.000385
FILLER_22_159,VSS,Metal1,96.0400,101.9200,0.000385
FILLER_22_155,VSS,Metal1,94.2600,102.2685,0.000385
FILLER_22_139,VSS,Metal1,88.4320,102.4680,0.000384
FILLER_22_107,VSS,Metal1,74.9240,102.5175,0.000383
FILLER_22_101,VSS,Metal1,64.0200,102.2685,0.000383
FILLER_22_85,VSS,Metal1,58.1920,102.4680,0.000383
FILLER_22_53,VSS,Metal1,44.6840,102.5175,0.000382
FILLER_22_33,VSS,Metal1,25.7600,101.9200,0.000316
FILLER_21_674,VSS,Metal1,385.8930,101.4580,0.000385
FILLER_21_632,VSS,Metal1,361.2000,101.9200,0.000381
FILLER_21_612,VSS,Metal1,350.0000,101.9200,0.000380
FILLER_21_604,VSS,Metal1,346.6930,101.4580,0.000380
FILLER_21_562,VSS,Metal1,323.1730,101.4580,0.000379
FILLER_21_524,VSS,Metal1,300.7200,101.9200,0.000391
FILLER_21_467,VSS,Metal1,268.8000,101.9200,0.000392
FILLER_21_432,VSS,Metal1,248.9200,101.9200,0.000390
FILLER_21_430,VSS,Metal1,248.0800,101.9200,0.000390
FILLER_21_422,VSS,Metal1,244.7730,101.4580,0.000388
FILLER_21_404,VSS,Metal1,233.2400,101.9200,0.000381
FILLER_21_388,VSS,Metal1,227.8720,101.3720,0.000373
FILLER_21_376,VSS,Metal1,217.8400,101.9200,0.000345
FILLER_21_368,VSS,Metal1,214.5330,101.4580,0.000341
FILLER_21_352,VSS,Metal1,207.7120,101.3720,0.000338
FILLER_21_349,VSS,Metal1,202.4400,101.9200,0.000337
FILLER_21_345,VSS,Metal1,200.6600,101.5710,0.000337
FILLER_21_329,VSS,Metal1,194.8320,101.3720,0.000333
FILLER_21_288,VSS,Metal1,168.2800,101.9200,0.000356
FILLER_21_286,VSS,Metal1,167.4400,101.9200,0.000356
FILLER_21_282,VSS,Metal1,165.3800,101.5710,0.000357
FILLER_21_279,VSS,Metal1,163.2400,101.9200,0.000357
FILLER_21_277,VSS,Metal1,162.4000,101.9200,0.000357
FILLER_21_273,VSS,Metal1,160.3400,101.5710,0.000364
FILLER_21_265,VSS,Metal1,156.8530,101.4580,0.000374
FILLER_21_230,VSS,Metal1,135.8000,101.9200,0.000377
FILLER_21_228,VSS,Metal1,134.9600,101.9200,0.000377
FILLER_21_212,VSS,Metal1,129.3120,101.3720,0.000379
FILLER_21_193,VSS,Metal1,115.3600,101.9200,0.000379
FILLER_21_189,VSS,Metal1,113.3000,101.5710,0.000382
FILLER_21_154,VSS,Metal1,93.2400,101.9200,0.000384
FILLER_21_150,VSS,Metal1,91.4600,101.5710,0.000384
FILLER_21_142,VSS,Metal1,87.9730,101.4580,0.000384
FILLER_21_124,VSS,Metal1,80.0320,101.3720,0.000383
FILLER_21_72,VSS,Metal1,47.6000,101.9200,0.000382
FILLER_21_4,VSS,Metal1,9.2400,101.9200,0.000330
FILLER_21_2,VSS,Metal1,8.4000,101.9200,0.000330
FILLER_20_681,VSS,Metal1,388.3600,94.0800,0.000175
FILLER_20_677,VSS,Metal1,386.5800,94.4285,0.000175
FILLER_20_623,VSS,Metal1,355.8800,94.0800,0.000171
FILLER_20_619,VSS,Metal1,354.1000,94.4285,0.000171
FILLER_20_603,VSS,Metal1,344.6800,94.0800,0.000169
FILLER_20_601,VSS,Metal1,343.8400,94.0800,0.000169
FILLER_20_597,VSS,Metal1,341.7800,94.4285,0.000169
FILLER_20_594,VSS,Metal1,339.6400,94.0800,0.000169
FILLER_20_590,VSS,Metal1,337.8600,94.4285,0.000169
FILLER_20_582,VSS,Metal1,334.3730,94.5415,0.000169
FILLER_20_546,VSS,Metal1,313.0400,94.0800,0.000184
FILLER_20_527,VSS,Metal1,302.5800,94.4285,0.000188
FILLER_20_521,VSS,Metal1,299.2200,94.4285,0.000191
FILLER_20_511,VSS,Metal1,293.4400,94.0800,0.000191
FILLER_20_476,VSS,Metal1,273.5600,94.0800,0.000191
FILLER_20_472,VSS,Metal1,271.7800,94.4285,0.000188
FILLER_20_447,VSS,Metal1,258.7730,94.5415,0.000188
FILLER_20_431,VSS,Metal1,251.9520,94.6280,0.000187
FILLER_20_395,VSS,Metal1,228.4800,94.0800,0.000183
FILLER_20_387,VSS,Metal1,225.1730,94.5415,0.000183
FILLER_20_384,VSS,Metal1,222.0400,94.0800,0.000183
FILLER_20_382,VSS,Metal1,221.2000,94.0800,0.000183
FILLER_20_378,VSS,Metal1,219.1400,94.4285,0.000183
FILLER_20_346,VSS,Metal1,208.7640,94.6775,0.000183
FILLER_20_339,VSS,Metal1,196.8400,94.0800,0.000180
FILLER_20_337,VSS,Metal1,196.0000,94.0800,0.000177
FILLER_20_333,VSS,Metal1,193.9400,94.4285,0.000176
FILLER_20_317,VSS,Metal1,188.1120,94.6280,0.000176
FILLER_20_314,VSS,Metal1,182.8400,94.0800,0.000171
FILLER_20_310,VSS,Metal1,181.0600,94.4285,0.000171
FILLER_20_302,VSS,Metal1,177.5730,94.5415,0.000165
FILLER_20_286,VSS,Metal1,170.7520,94.6280,0.000165
FILLER_20_270,VSS,Metal1,159.6530,94.5415,0.000177
FILLER_20_265,VSS,Metal1,155.4000,94.0800,0.000178
FILLER_20_263,VSS,Metal1,154.5600,94.0800,0.000178
FILLER_20_255,VSS,Metal1,151.2530,94.5415,0.000178
FILLER_20_241,VSS,Metal1,142.4200,94.4285,0.000195
FILLER_20_233,VSS,Metal1,138.9330,94.5415,0.000196
FILLER_20_217,VSS,Metal1,132.1120,94.6280,0.000196
FILLER_20_198,VSS,Metal1,118.3400,94.4285,0.000202
FILLER_20_181,VSS,Metal1,108.3600,94.0800,0.000203
FILLER_20_177,VSS,Metal1,106.5800,94.4285,0.000203
FILLER_20_159,VSS,Metal1,96.0400,94.0800,0.000203
FILLER_20_155,VSS,Metal1,94.2600,94.4285,0.000203
FILLER_20_139,VSS,Metal1,88.4320,94.6280,0.000202
FILLER_20_107,VSS,Metal1,74.9240,94.6775,0.000201
FILLER_20_103,VSS,Metal1,64.9600,94.0800,0.000201
FILLER_20_95,VSS,Metal1,61.6530,94.5415,0.000201
FILLER_20_79,VSS,Metal1,54.8320,94.6280,0.000201
FILLER_20_37,VSS,Metal1,29.1730,94.5415,0.000200
FILLER_20_34,VSS,Metal1,26.0400,94.0800,0.000193
FILLER_20_18,VSS,Metal1,17.0800,94.0800,0.000194
FILLER_19_649,VSS,Metal1,370.4400,94.0800,0.000174
FILLER_19_645,VSS,Metal1,368.6600,93.7310,0.000174
FILLER_19_632,VSS,Metal1,361.2000,94.0800,0.000171
FILLER_19_613,VSS,Metal1,350.5600,94.0800,0.000171
FILLER_19_605,VSS,Metal1,347.2530,93.6180,0.000171
FILLER_19_573,VSS,Metal1,335.8840,93.4820,0.000169
FILLER_19_566,VSS,Metal1,324.2400,94.0800,0.000171
FILLER_19_562,VSS,Metal1,322.1800,93.7310,0.000171
FILLER_19_559,VSS,Metal1,320.0400,94.0800,0.000171
FILLER_19_557,VSS,Metal1,319.2000,94.0800,0.000171
FILLER_19_548,VSS,Metal1,313.8800,94.0800,0.000184
FILLER_19_544,VSS,Metal1,312.1000,93.7310,0.000184
FILLER_19_536,VSS,Metal1,307.1600,94.0800,0.000187
FILLER_19_534,VSS,Metal1,306.3200,94.0800,0.000188
FILLER_19_484,VSS,Metal1,278.0400,94.0800,0.000191
FILLER_19_476,VSS,Metal1,275.0130,93.6180,0.000191
FILLER_19_438,VSS,Metal1,252.7400,93.7310,0.000187
FILLER_19_422,VSS,Metal1,246.9120,93.5320,0.000187
FILLER_19_419,VSS,Metal1,241.6400,94.0800,0.000187
FILLER_19_417,VSS,Metal1,240.8000,94.0800,0.000187
FILLER_19_401,VSS,Metal1,235.1520,93.5320,0.000187
FILLER_19_369,VSS,Metal1,221.6440,93.4820,0.000183
FILLER_19_362,VSS,Metal1,209.7200,94.0800,0.000183
FILLER_19_360,VSS,Metal1,208.8800,94.0800,0.000183
FILLER_19_352,VSS,Metal1,205.5730,93.6180,0.000183
FILLER_19_348,VSS,Metal1,202.1600,94.0800,0.000183
FILLER_19_344,VSS,Metal1,200.1000,93.7310,0.000180
FILLER_19_322,VSS,Metal1,187.3200,94.0800,0.000176
FILLER_19_318,VSS,Metal1,185.5400,93.7310,0.000176
FILLER_19_310,VSS,Metal1,182.0530,93.6180,0.000171
FILLER_19_294,VSS,Metal1,175.2320,93.5320,0.000165
FILLER_19_286,VSS,Metal1,167.1600,94.0800,0.000165
FILLER_19_282,VSS,Metal1,165.3800,93.7310,0.000166
FILLER_19_270,VSS,Metal1,158.4800,94.0800,0.000177
FILLER_19_254,VSS,Metal1,152.8320,93.5320,0.000178
FILLER_19_244,VSS,Metal1,144.1000,93.7310,0.000193
FILLER_19_212,VSS,Metal1,133.7240,93.4820,0.000196
FILLER_19_202,VSS,Metal1,121.5730,93.6180,0.000199
FILLER_19_186,VSS,Metal1,114.7520,93.5320,0.000202
FILLER_19_150,VSS,Metal1,91.2800,94.0800,0.000202
FILLER_19_142,VSS,Metal1,87.9730,93.6180,0.000202
FILLER_19_136,VSS,Metal1,83.6200,93.7310,0.000201
FILLER_19_72,VSS,Metal1,64.2445,93.4420,0.000201
FILLER_18_680,VSS,Metal1,388.0800,86.2400,0.000275
FILLER_18_676,VSS,Metal1,386.0200,86.5885,0.000275
FILLER_18_645,VSS,Metal1,368.6600,86.5885,0.000274
FILLER_18_605,VSS,Metal1,346.0800,86.2400,0.000273
FILLER_18_597,VSS,Metal1,342.7730,86.7015,0.000273
FILLER_18_594,VSS,Metal1,339.6400,86.2400,0.000273
FILLER_18_592,VSS,Metal1,338.8000,86.2400,0.000273
FILLER_18_588,VSS,Metal1,336.7400,86.5885,0.000273
FILLER_18_580,VSS,Metal1,333.2530,86.7015,0.000272
FILLER_18_564,VSS,Metal1,326.4320,86.7880,0.000273
FILLER_18_529,VSS,Metal1,303.2400,86.2400,0.000283
FILLER_18_527,VSS,Metal1,302.4000,86.2400,0.000283
FILLER_18_524,VSS,Metal1,300.4400,86.2400,0.000284
FILLER_18_473,VSS,Metal1,271.8800,86.2400,0.000280
FILLER_18_457,VSS,Metal1,266.5120,86.7880,0.000280
FILLER_18_454,VSS,Metal1,261.2400,86.2400,0.000280
FILLER_18_452,VSS,Metal1,260.4000,86.2400,0.000280
FILLER_18_444,VSS,Metal1,257.0930,86.7015,0.000280
FILLER_18_409,VSS,Metal1,236.0400,86.2400,0.000278
FILLER_18_407,VSS,Metal1,235.2000,86.2400,0.000278
FILLER_18_403,VSS,Metal1,233.1400,86.5885,0.000278
FILLER_18_387,VSS,Metal1,227.3120,86.7880,0.000278
FILLER_18_381,VSS,Metal1,220.8200,86.5885,0.000264
FILLER_18_373,VSS,Metal1,217.3330,86.7015,0.000251
FILLER_18_363,VSS,Metal1,210.5600,86.2400,0.000224
FILLER_18_359,VSS,Metal1,208.5000,86.5885,0.000217
FILLER_18_351,VSS,Metal1,205.0130,86.7015,0.000217
FILLER_18_342,VSS,Metal1,198.5200,86.2400,0.000208
FILLER_18_340,VSS,Metal1,197.6800,86.2400,0.000208
FILLER_18_332,VSS,Metal1,194.3730,86.7015,0.000208
FILLER_18_317,VSS,Metal1,184.5200,86.2400,0.000208
FILLER_18_299,VSS,Metal1,178.0320,86.7880,0.000208
FILLER_18_288,VSS,Metal1,168.2800,86.2400,0.000208
FILLER_18_284,VSS,Metal1,166.5000,86.5885,0.000208
FILLER_18_275,VSS,Metal1,161.2800,86.2400,0.000206
FILLER_18_271,VSS,Metal1,159.2200,86.5885,0.000205
FILLER_18_263,VSS,Metal1,155.7330,86.7015,0.000205
FILLER_18_247,VSS,Metal1,148.9120,86.7880,0.000203
FILLER_18_243,VSS,Metal1,143.3600,86.2400,0.000203
FILLER_18_227,VSS,Metal1,137.7120,86.7880,0.000203
FILLER_18_177,VSS,Metal1,109.7120,86.7880,0.000202
FILLER_18_171,VSS,Metal1,103.2200,86.5885,0.000202
FILLER_18_107,VSS,Metal1,83.8445,86.8775,0.000195
FILLER_18_103,VSS,Metal1,64.9600,86.2400,0.000185
FILLER_18_87,VSS,Metal1,59.3120,86.7880,0.000185
FILLER_18_55,VSS,Metal1,45.8040,86.8375,0.000185
FILLER_18_39,VSS,Metal1,28.8400,86.2400,0.000182
FILLER_18_37,VSS,Metal1,28.0000,86.2400,0.000182
FILLER_18_34,VSS,Metal1,26.0400,86.2400,0.000182
FILLER_18_18,VSS,Metal1,20.6720,86.7880,0.000182
FILLER_17_640,VSS,Metal1,365.4000,86.2400,0.000274
FILLER_17_638,VSS,Metal1,364.5600,86.2400,0.000274
FILLER_17_628,VSS,Metal1,358.9600,86.2400,0.000274
FILLER_17_612,VSS,Metal1,353.3120,85.6920,0.000274
FILLER_17_556,VSS,Metal1,318.8200,85.8910,0.000282
FILLER_17_550,VSS,Metal1,315.0000,86.2400,0.000282
FILLER_17_548,VSS,Metal1,314.1600,86.2400,0.000282
FILLER_17_539,VSS,Metal1,308.8400,86.2400,0.000282
FILLER_17_535,VSS,Metal1,307.0600,85.8910,0.000282
FILLER_17_527,VSS,Metal1,303.5730,85.7780,0.000283
FILLER_17_518,VSS,Metal1,297.0800,86.2400,0.000284
FILLER_17_516,VSS,Metal1,296.2400,86.2400,0.000284
FILLER_17_508,VSS,Metal1,292.9330,85.7780,0.000284
FILLER_17_492,VSS,Metal1,286.1120,85.6920,0.000284
FILLER_17_486,VSS,Metal1,279.6200,85.8910,0.000284
FILLER_17_422,VSS,Metal1,260.2445,85.6020,0.000280
FILLER_17_419,VSS,Metal1,241.6400,86.2400,0.000280
FILLER_17_417,VSS,Metal1,240.8000,86.2400,0.000280
FILLER_17_379,VSS,Metal1,219.7000,85.8910,0.000258
FILLER_17_371,VSS,Metal1,216.2130,85.7780,0.000250
FILLER_17_354,VSS,Metal1,205.2400,86.2400,0.000217
FILLER_17_352,VSS,Metal1,204.4000,86.2400,0.000217
FILLER_17_346,VSS,Metal1,201.2200,85.8910,0.000211
FILLER_17_282,VSS,Metal1,181.8445,85.6020,0.000208
FILLER_17_262,VSS,Metal1,153.7200,86.2400,0.000204
FILLER_17_260,VSS,Metal1,152.8800,86.2400,0.000204
FILLER_17_256,VSS,Metal1,150.8200,85.8910,0.000203
FILLER_17_220,VSS,Metal1,130.4800,86.2400,0.000203
FILLER_17_212,VSS,Metal1,127.1730,85.7780,0.000203
FILLER_17_208,VSS,Metal1,123.7600,86.2400,0.000203
FILLER_17_200,VSS,Metal1,120.4530,85.7780,0.000203
FILLER_17_183,VSS,Metal1,109.7600,86.2400,0.000202
FILLER_17_166,VSS,Metal1,100.2400,86.2400,0.000195
FILLER_17_158,VSS,Metal1,96.9330,85.7780,0.000195
FILLER_17_142,VSS,Metal1,90.1120,85.6920,0.000195
FILLER_17_124,VSS,Metal1,76.4400,86.2400,0.000195
FILLER_17_120,VSS,Metal1,74.6600,85.8910,0.000195
FILLER_17_104,VSS,Metal1,68.8320,85.6920,0.000194
FILLER_17_72,VSS,Metal1,55.3240,85.6420,0.000185
FILLER_17_66,VSS,Metal1,44.4200,85.8910,0.000185
FILLER_17_50,VSS,Metal1,38.5920,85.6920,0.000184
FILLER_17_18,VSS,Metal1,25.0840,85.6420,0.000182
FILLER_16_680,VSS,Metal1,388.0800,78.4000,0.000108
FILLER_16_676,VSS,Metal1,386.0200,78.7485,0.000108
FILLER_16_645,VSS,Metal1,368.6600,78.7485,0.000108
FILLER_16_629,VSS,Metal1,362.8320,78.9480,0.000107
FILLER_16_597,VSS,Metal1,349.3240,78.9975,0.000107
FILLER_16_593,VSS,Metal1,339.3600,78.4000,0.000106
FILLER_16_589,VSS,Metal1,337.3000,78.7485,0.000106
FILLER_16_567,VSS,Metal1,324.9800,78.7485,0.000109
FILLER_16_559,VSS,Metal1,321.4930,78.8615,0.000110
FILLER_16_527,VSS,Metal1,310.1240,78.9975,0.000115
FILLER_16_511,VSS,Metal1,293.1600,78.4000,0.000121
FILLER_16_507,VSS,Metal1,291.3800,78.7485,0.000124
FILLER_16_463,VSS,Metal1,267.7330,78.8615,0.000145
FILLER_16_446,VSS,Metal1,256.7600,78.4000,0.000145
FILLER_16_444,VSS,Metal1,255.9200,78.4000,0.000145
FILLER_16_436,VSS,Metal1,252.6130,78.8615,0.000145
FILLER_16_383,VSS,Metal1,221.7600,78.4000,0.000149
FILLER_16_379,VSS,Metal1,219.7000,78.7485,0.000149
FILLER_16_371,VSS,Metal1,216.2130,78.8615,0.000149
FILLER_16_357,VSS,Metal1,206.9200,78.4000,0.000145
FILLER_16_355,VSS,Metal1,206.0800,78.4000,0.000145
FILLER_16_347,VSS,Metal1,202.7730,78.8615,0.000144
FILLER_16_341,VSS,Metal1,197.9600,78.4000,0.000143
FILLER_16_333,VSS,Metal1,194.9330,78.8615,0.000142
FILLER_16_317,VSS,Metal1,188.1120,78.9480,0.000142
FILLER_16_313,VSS,Metal1,182.5600,78.4000,0.000142
FILLER_16_309,VSS,Metal1,180.5000,78.7485,0.000142
FILLER_16_301,VSS,Metal1,177.0130,78.8615,0.000144
FILLER_16_295,VSS,Metal1,172.2000,78.4000,0.000153
FILLER_16_293,VSS,Metal1,171.3600,78.4000,0.000153
FILLER_16_277,VSS,Metal1,165.7120,78.9480,0.000161
FILLER_16_263,VSS,Metal1,154.2800,78.4000,0.000219
FILLER_16_228,VSS,Metal1,134.9600,78.4000,0.000221
FILLER_16_224,VSS,Metal1,132.9000,78.7485,0.000222
FILLER_16_192,VSS,Metal1,122.5240,78.9975,0.000223
FILLER_16_174,VSS,Metal1,104.4400,78.4000,0.000223
FILLER_16_166,VSS,Metal1,101.4130,78.8615,0.000223
FILLER_16_150,VSS,Metal1,94.5920,78.9480,0.000223
FILLER_16_115,VSS,Metal1,71.4000,78.4000,0.000224
FILLER_16_107,VSS,Metal1,68.3730,78.8615,0.000216
FILLER_16_101,VSS,Metal1,64.0200,78.7485,0.000208
FILLER_16_37,VSS,Metal1,44.6445,79.0375,0.000206
FILLER_16_33,VSS,Metal1,25.7600,78.4000,0.000202
FILLER_15_658,VSS,Metal1,376.9330,77.9380,0.000108
FILLER_15_640,VSS,Metal1,365.6800,78.4000,0.000107
FILLER_15_632,VSS,Metal1,362.3730,77.9380,0.000107
FILLER_15_614,VSS,Metal1,350.8400,78.4000,0.000107
FILLER_15_612,VSS,Metal1,350.0000,78.4000,0.000107
FILLER_15_608,VSS,Metal1,347.9400,78.0510,0.000107
FILLER_15_570,VSS,Metal1,326.6600,78.0510,0.000107
FILLER_15_558,VSS,Metal1,319.7600,78.4000,0.000115
FILLER_15_526,VSS,Metal1,309.5640,77.8020,0.000115
FILLER_15_515,VSS,Metal1,295.4000,78.4000,0.000121
FILLER_15_508,VSS,Metal1,291.4800,78.4000,0.000124
FILLER_15_496,VSS,Metal1,284.7600,78.4000,0.000143
FILLER_15_492,VSS,Metal1,282.9800,78.0510,0.000143
FILLER_15_482,VSS,Metal1,278.3730,77.9380,0.000143
FILLER_15_437,VSS,Metal1,251.7200,78.4000,0.000145
FILLER_15_433,VSS,Metal1,249.9400,78.0510,0.000145
FILLER_15_428,VSS,Metal1,246.6800,78.4000,0.000149
FILLER_15_426,VSS,Metal1,245.8400,78.4000,0.000149
FILLER_15_422,VSS,Metal1,243.7800,78.0510,0.000149
FILLER_15_391,VSS,Metal1,226.4200,78.0510,0.000149
FILLER_15_359,VSS,Metal1,216.0440,77.8020,0.000149
FILLER_15_352,VSS,Metal1,204.1200,78.4000,0.000144
FILLER_15_349,VSS,Metal1,202.4400,78.4000,0.000144
FILLER_15_347,VSS,Metal1,201.6000,78.4000,0.000144
FILLER_15_338,VSS,Metal1,196.2800,78.4000,0.000143
FILLER_15_306,VSS,Metal1,186.3640,77.8020,0.000142
FILLER_15_298,VSS,Metal1,173.8800,78.4000,0.000153
FILLER_15_288,VSS,Metal1,168.7400,78.0510,0.000161
FILLER_15_278,VSS,Metal1,162.9600,78.4000,0.000161
FILLER_15_261,VSS,Metal1,153.1600,78.4000,0.000219
FILLER_15_259,VSS,Metal1,152.3200,78.4000,0.000220
FILLER_15_227,VSS,Metal1,142.1240,77.8020,0.000221
FILLER_15_208,VSS,Metal1,123.7600,78.4000,0.000223
FILLER_15_200,VSS,Metal1,120.4530,77.9380,0.000223
FILLER_15_150,VSS,Metal1,91.0000,78.4000,0.000223
FILLER_15_142,VSS,Metal1,87.9730,77.9380,0.000224
FILLER_15_112,VSS,Metal1,70.0000,78.4000,0.000217
FILLER_15_104,VSS,Metal1,66.6930,77.9380,0.000216
FILLER_15_72,VSS,Metal1,55.3240,77.8020,0.000206
FILLER_15_68,VSS,Metal1,45.3600,78.4000,0.000206
FILLER_15_60,VSS,Metal1,42.0530,77.9380,0.000206
FILLER_15_44,VSS,Metal1,35.2320,77.8520,0.000206
FILLER_15_2,VSS,Metal1,9.5730,77.9380,0.000203
FILLER_14_680,VSS,Metal1,388.0800,70.5600,0.000280
FILLER_14_676,VSS,Metal1,386.0200,70.9085,0.000280
FILLER_14_661,VSS,Metal1,377.6200,70.9085,0.000280
FILLER_14_645,VSS,Metal1,371.7920,71.1080,0.000279
FILLER_14_609,VSS,Metal1,348.3200,70.5600,0.000279
FILLER_14_605,VSS,Metal1,346.2600,70.9085,0.000279
FILLER_14_597,VSS,Metal1,342.7730,71.0215,0.000279
FILLER_14_594,VSS,Metal1,339.6400,70.5600,0.000278
FILLER_14_590,VSS,Metal1,337.8600,70.9085,0.000278
FILLER_14_547,VSS,Metal1,313.6000,70.5600,0.000294
FILLER_14_543,VSS,Metal1,311.5400,70.9085,0.000294
FILLER_14_527,VSS,Metal1,305.7120,71.1080,0.000294
FILLER_14_513,VSS,Metal1,294.7400,70.9085,0.000307
FILLER_14_505,VSS,Metal1,291.2530,71.0215,0.000308
FILLER_14_489,VSS,Metal1,284.4320,71.1080,0.000323
FILLER_14_457,VSS,Metal1,270.9240,71.1575,0.000346
FILLER_14_450,VSS,Metal1,259.0000,70.5600,0.000347
FILLER_14_446,VSS,Metal1,257.2200,70.9085,0.000353
FILLER_14_438,VSS,Metal1,253.7330,71.0215,0.000357
FILLER_14_403,VSS,Metal1,232.6800,70.5600,0.000364
FILLER_14_387,VSS,Metal1,227.3120,71.1080,0.000364
FILLER_14_383,VSS,Metal1,221.7600,70.5600,0.000364
FILLER_14_379,VSS,Metal1,219.7000,70.9085,0.000364
FILLER_14_363,VSS,Metal1,213.8720,71.1080,0.000364
FILLER_14_352,VSS,Metal1,204.1200,70.5600,0.000373
FILLER_14_350,VSS,Metal1,203.2800,70.5600,0.000373
FILLER_14_346,VSS,Metal1,201.2200,70.9085,0.000378
FILLER_14_317,VSS,Metal1,185.9730,71.0215,0.000385
FILLER_14_313,VSS,Metal1,182.5600,70.5600,0.000397
FILLER_14_297,VSS,Metal1,173.6000,70.5600,0.000405
FILLER_14_244,VSS,Metal1,143.6400,70.5600,0.000421
FILLER_14_242,VSS,Metal1,142.8000,70.5600,0.000422
FILLER_14_238,VSS,Metal1,140.7400,70.9085,0.000422
FILLER_14_185,VSS,Metal1,111.0600,70.9085,0.000427
FILLER_14_177,VSS,Metal1,107.5730,71.0215,0.000427
FILLER_14_167,VSS,Metal1,101.9730,71.0215,0.000427
FILLER_14_132,VSS,Metal1,80.9200,70.5600,0.000423
FILLER_14_124,VSS,Metal1,77.8930,71.0215,0.000423
FILLER_14_107,VSS,Metal1,67.2000,70.5600,0.000423
FILLER_14_103,VSS,Metal1,64.9600,70.5600,0.000423
FILLER_14_95,VSS,Metal1,61.6530,71.0215,0.000423
FILLER_14_85,VSS,Metal1,54.8800,70.5600,0.000390
FILLER_14_69,VSS,Metal1,49.2320,71.1080,0.000390
FILLER_14_37,VSS,Metal1,35.7240,71.1575,0.000369
FILLER_14_33,VSS,Metal1,25.7600,70.5600,0.000354
FILLER_13_662,VSS,Metal1,378.1800,70.2110,0.000280
FILLER_13_654,VSS,Metal1,374.6930,70.0980,0.000279
FILLER_13_636,VSS,Metal1,363.4400,70.5600,0.000279
FILLER_13_632,VSS,Metal1,361.3800,70.2110,0.000279
FILLER_13_582,VSS,Metal1,332.9200,70.5600,0.000282
FILLER_13_578,VSS,Metal1,331.1400,70.2110,0.000283
FILLER_13_562,VSS,Metal1,325.3120,70.0120,0.000283
FILLER_13_552,VSS,Metal1,317.5730,70.0980,0.000290
FILLER_13_520,VSS,Metal1,306.2040,69.9620,0.000294
FILLER_13_504,VSS,Metal1,289.5200,70.5600,0.000323
FILLER_13_500,VSS,Metal1,287.4600,70.2110,0.000323
FILLER_13_492,VSS,Metal1,283.9730,70.0980,0.000323
FILLER_13_486,VSS,Metal1,279.6200,70.2110,0.000334
FILLER_13_480,VSS,Metal1,275.8000,70.5600,0.000346
FILLER_13_476,VSS,Metal1,274.0200,70.2110,0.000346
FILLER_13_449,VSS,Metal1,258.4400,70.5600,0.000353
FILLER_13_445,VSS,Metal1,256.6600,70.2110,0.000353
FILLER_13_437,VSS,Metal1,253.1730,70.0980,0.000358
FILLER_13_428,VSS,Metal1,246.6800,70.5600,0.000364
FILLER_13_426,VSS,Metal1,245.8400,70.5600,0.000364
FILLER_13_422,VSS,Metal1,243.7800,70.2110,0.000364
FILLER_13_418,VSS,Metal1,241.3600,70.5600,0.000364
FILLER_13_410,VSS,Metal1,238.0530,70.0980,0.000364
FILLER_13_394,VSS,Metal1,231.2320,70.0120,0.000364
FILLER_13_362,VSS,Metal1,217.7240,69.9620,0.000364
FILLER_13_352,VSS,Metal1,204.1200,70.5600,0.000373
FILLER_13_349,VSS,Metal1,202.4400,70.5600,0.000378
FILLER_13_339,VSS,Metal1,197.1200,70.5600,0.000379
FILLER_13_335,VSS,Metal1,195.0600,70.2110,0.000384
FILLER_13_319,VSS,Metal1,189.2320,70.0120,0.000385
FILLER_13_303,VSS,Metal1,178.1330,70.0980,0.000400
FILLER_13_295,VSS,Metal1,172.2000,70.5600,0.000408
FILLER_13_286,VSS,Metal1,167.1600,70.5600,0.000408
FILLER_13_282,VSS,Metal1,165.3800,70.2110,0.000408
FILLER_13_279,VSS,Metal1,163.2400,70.5600,0.000408
FILLER_13_247,VSS,Metal1,153.3240,69.9620,0.000408
FILLER_13_216,VSS,Metal1,127.9600,70.5600,0.000426
FILLER_13_212,VSS,Metal1,126.1800,70.2110,0.000426
FILLER_13_159,VSS,Metal1,96.0400,70.5600,0.000427
FILLER_13_142,VSS,Metal1,86.8000,70.5600,0.000427
FILLER_13_139,VSS,Metal1,84.8400,70.5600,0.000427
FILLER_13_137,VSS,Metal1,84.0000,70.5600,0.000427
FILLER_13_86,VSS,Metal1,55.1600,70.5600,0.000390
FILLER_13_84,VSS,Metal1,54.3200,70.5600,0.000390
FILLER_13_80,VSS,Metal1,52.2600,70.2110,0.000390
FILLER_13_72,VSS,Metal1,48.7730,70.0980,0.000390
FILLER_13_68,VSS,Metal1,45.3600,70.5600,0.000370
FILLER_13_36,VSS,Metal1,35.1640,69.9620,0.000369
FILLER_12_681,VSS,Metal1,388.3600,62.7200,0.000186
FILLER_12_679,VSS,Metal1,387.5200,62.7200,0.000186
FILLER_12_675,VSS,Metal1,385.4600,63.0685,0.000186
FILLER_12_667,VSS,Metal1,381.9730,63.1815,0.000186
FILLER_12_661,VSS,Metal1,377.6200,63.0685,0.000186
FILLER_12_597,VSS,Metal1,358.2445,63.3575,0.000186
FILLER_12_587,VSS,Metal1,337.1730,63.1815,0.000186
FILLER_12_571,VSS,Metal1,330.3520,63.2680,0.000184
FILLER_12_539,VSS,Metal1,316.8440,63.3175,0.000186
FILLER_12_519,VSS,Metal1,297.6400,62.7200,0.000218
FILLER_12_513,VSS,Metal1,294.2800,62.7200,0.000237
FILLER_12_509,VSS,Metal1,292.5000,63.0685,0.000237
FILLER_12_501,VSS,Metal1,289.0130,63.1815,0.000248
FILLER_12_465,VSS,Metal1,267.6800,62.7200,0.000260
FILLER_12_457,VSS,Metal1,264.3730,63.1815,0.000260
FILLER_12_453,VSS,Metal1,260.9600,62.7200,0.000260
FILLER_12_421,VSS,Metal1,250.7640,63.3175,0.000260
FILLER_12_384,VSS,Metal1,222.0400,62.7200,0.000267
FILLER_12_380,VSS,Metal1,220.2600,63.0685,0.000267
FILLER_12_372,VSS,Metal1,216.7730,63.1815,0.000265
FILLER_12_365,VSS,Metal1,211.4000,62.7200,0.000262
FILLER_12_349,VSS,Metal1,206.0320,63.2680,0.000262
FILLER_12_317,VSS,Metal1,192.5240,63.3175,0.000258
FILLER_12_299,VSS,Metal1,178.0320,63.2680,0.000258
FILLER_12_291,VSS,Metal1,170.4200,63.0685,0.000272
FILLER_12_283,VSS,Metal1,166.9330,63.1815,0.000286
FILLER_12_267,VSS,Metal1,160.1120,63.2680,0.000296
FILLER_12_251,VSS,Metal1,147.5600,62.7200,0.000296
FILLER_12_247,VSS,Metal1,145.7800,63.0685,0.000296
FILLER_12_229,VSS,Metal1,135.2400,62.7200,0.000305
FILLER_12_227,VSS,Metal1,134.4000,62.7200,0.000305
FILLER_12_171,VSS,Metal1,103.2200,63.0685,0.000310
FILLER_12_109,VSS,Metal1,68.0400,62.7200,0.000306
FILLER_12_107,VSS,Metal1,67.2000,62.7200,0.000306
FILLER_12_101,VSS,Metal1,64.0200,63.0685,0.000306
FILLER_12_37,VSS,Metal1,44.6445,63.3575,0.000229
FILLER_12_34,VSS,Metal1,26.0400,62.7200,0.000226
FILLER_12_18,VSS,Metal1,20.6720,63.2680,0.000226
FILLER_11_680,VSS,Metal1,388.0800,62.7200,0.000186
FILLER_11_664,VSS,Metal1,382.4320,62.1720,0.000186
FILLER_11_632,VSS,Metal1,368.9240,62.1220,0.000186
FILLER_11_628,VSS,Metal1,358.9600,62.7200,0.000186
FILLER_11_620,VSS,Metal1,355.6530,62.2580,0.000186
FILLER_11_578,VSS,Metal1,332.1330,62.2580,0.000184
FILLER_11_562,VSS,Metal1,325.3120,62.1720,0.000185
FILLER_11_556,VSS,Metal1,318.8200,62.3710,0.000186
FILLER_11_548,VSS,Metal1,315.3330,62.2580,0.000186
FILLER_11_532,VSS,Metal1,305.2000,62.7200,0.000206
FILLER_11_526,VSS,Metal1,301.5600,62.7200,0.000210
FILLER_11_524,VSS,Metal1,300.7200,62.7200,0.000217
FILLER_11_501,VSS,Metal1,289.0130,62.2580,0.000248
FILLER_11_492,VSS,Metal1,282.5200,62.7200,0.000258
FILLER_11_489,VSS,Metal1,280.8400,62.7200,0.000258
FILLER_11_438,VSS,Metal1,252.5600,62.7200,0.000260
FILLER_11_422,VSS,Metal1,246.9120,62.1720,0.000260
FILLER_11_404,VSS,Metal1,236.8320,62.1720,0.000266
FILLER_11_349,VSS,Metal1,202.4400,62.7200,0.000262
FILLER_11_347,VSS,Metal1,201.6000,62.7200,0.000258
FILLER_11_331,VSS,Metal1,195.9520,62.1720,0.000258
FILLER_11_299,VSS,Metal1,182.4440,62.1220,0.000258
FILLER_11_290,VSS,Metal1,169.4000,62.7200,0.000285
FILLER_11_282,VSS,Metal1,166.3730,62.2580,0.000286
FILLER_11_142,VSS,Metal1,86.9800,62.3710,0.000309
FILLER_11_139,VSS,Metal1,84.8400,62.7200,0.000307
FILLER_11_137,VSS,Metal1,84.0000,62.7200,0.000307
FILLER_11_133,VSS,Metal1,81.9400,62.3710,0.000307
FILLER_11_80,VSS,Metal1,52.2600,62.3710,0.000229
FILLER_11_72,VSS,Metal1,48.7730,62.2580,0.000229
FILLER_11_69,VSS,Metal1,45.6400,62.7200,0.000229
FILLER_11_67,VSS,Metal1,44.8000,62.7200,0.000229
FILLER_11_59,VSS,Metal1,41.4930,62.2580,0.000229
FILLER_11_43,VSS,Metal1,34.6720,62.1720,0.000229
FILLER_11_26,VSS,Metal1,21.5600,62.7200,0.000226
FILLER_11_18,VSS,Metal1,18.5330,62.2580,0.000226
FILLER_10_681,VSS,Metal1,388.3600,54.8800,0.000290
FILLER_10_679,VSS,Metal1,387.5200,54.8800,0.000290
FILLER_10_675,VSS,Metal1,385.4600,55.2285,0.000290
FILLER_10_667,VSS,Metal1,381.9730,55.3415,0.000290
FILLER_10_661,VSS,Metal1,377.6200,55.2285,0.000290
FILLER_10_597,VSS,Metal1,358.2445,55.5175,0.000290
FILLER_10_594,VSS,Metal1,339.6400,54.8800,0.000290
FILLER_10_592,VSS,Metal1,338.8000,54.8800,0.000290
FILLER_10_588,VSS,Metal1,336.7400,55.2285,0.000290
FILLER_10_572,VSS,Metal1,330.9120,55.4280,0.000290
FILLER_10_540,VSS,Metal1,317.4040,55.4775,0.000293
FILLER_10_474,VSS,Metal1,272.4400,54.8800,0.000361
FILLER_10_472,VSS,Metal1,271.6000,54.8800,0.000361
FILLER_10_454,VSS,Metal1,261.2400,54.8800,0.000362
FILLER_10_452,VSS,Metal1,260.4000,54.8800,0.000367
FILLER_10_448,VSS,Metal1,258.3400,55.2285,0.000368
FILLER_10_387,VSS,Metal1,224.0000,54.8800,0.000373
FILLER_10_383,VSS,Metal1,221.7600,54.8800,0.000373
FILLER_10_375,VSS,Metal1,218.4530,55.3415,0.000373
FILLER_10_359,VSS,Metal1,208.0400,54.8800,0.000374
FILLER_10_357,VSS,Metal1,207.2000,54.8800,0.000374
FILLER_10_349,VSS,Metal1,203.8930,55.3415,0.000375
FILLER_10_317,VSS,Metal1,192.5240,55.4775,0.000375
FILLER_10_298,VSS,Metal1,173.8800,54.8800,0.000375
FILLER_10_296,VSS,Metal1,173.0400,54.8800,0.000375
FILLER_10_292,VSS,Metal1,170.9800,55.2285,0.000375
FILLER_10_259,VSS,Metal1,152.3200,54.8800,0.000400
FILLER_10_255,VSS,Metal1,150.2600,55.2285,0.000400
FILLER_10_247,VSS,Metal1,146.7730,55.3415,0.000400
FILLER_10_227,VSS,Metal1,134.4000,54.8800,0.000402
FILLER_10_219,VSS,Metal1,131.0930,55.3415,0.000416
FILLER_10_177,VSS,Metal1,107.5730,55.3415,0.000453
FILLER_10_173,VSS,Metal1,104.1600,54.8800,0.000454
FILLER_10_169,VSS,Metal1,102.1000,55.2285,0.000454
FILLER_10_115,VSS,Metal1,71.8600,55.2285,0.000443
FILLER_10_107,VSS,Metal1,68.3730,55.3415,0.000443
FILLER_10_89,VSS,Metal1,56.8400,54.8800,0.000425
FILLER_10_85,VSS,Metal1,55.0600,55.2285,0.000425
FILLER_10_69,VSS,Metal1,49.2320,55.4280,0.000423
FILLER_10_37,VSS,Metal1,35.7240,55.4775,0.000400
FILLER_10_34,VSS,Metal1,26.0400,54.8800,0.000384
FILLER_10_30,VSS,Metal1,24.2600,55.2285,0.000385
FILLER_10_22,VSS,Metal1,20.7730,55.3415,0.000385
FILLER_10_6,VSS,Metal1,10.3600,54.8800,0.000385
FILLER_10_2,VSS,Metal1,8.5800,55.2285,0.000385
FILLER_9_680,VSS,Metal1,388.0800,54.8800,0.000290
FILLER_9_664,VSS,Metal1,382.4320,54.3320,0.000290
FILLER_9_632,VSS,Metal1,368.9240,54.2820,0.000290
FILLER_9_626,VSS,Metal1,358.0200,54.5310,0.000290
FILLER_9_562,VSS,Metal1,338.6445,54.2420,0.000290
FILLER_9_552,VSS,Metal1,317.5730,54.4180,0.000293
FILLER_9_536,VSS,Metal1,310.7520,54.3320,0.000293
FILLER_9_530,VSS,Metal1,303.8000,54.8800,0.000351
FILLER_9_528,VSS,Metal1,302.9600,54.8800,0.000351
FILLER_9_512,VSS,Metal1,294.0000,54.8800,0.000355
FILLER_9_508,VSS,Metal1,291.9400,54.5310,0.000355
FILLER_9_492,VSS,Metal1,286.1120,54.3320,0.000355
FILLER_9_489,VSS,Metal1,280.8400,54.8800,0.000355
FILLER_9_485,VSS,Metal1,279.0600,54.5310,0.000355
FILLER_9_477,VSS,Metal1,275.5730,54.4180,0.000355
FILLER_9_468,VSS,Metal1,269.0800,54.8800,0.000362
FILLER_9_466,VSS,Metal1,268.2400,54.8800,0.000362
FILLER_9_462,VSS,Metal1,266.1800,54.5310,0.000362
FILLER_9_454,VSS,Metal1,262.6930,54.4180,0.000362
FILLER_9_422,VSS,Metal1,251.3240,54.2820,0.000368
FILLER_9_414,VSS,Metal1,238.8400,54.8800,0.000372
FILLER_9_412,VSS,Metal1,238.0000,54.8800,0.000372
FILLER_9_404,VSS,Metal1,234.6930,54.4180,0.000373
FILLER_9_368,VSS,Metal1,213.3600,54.8800,0.000373
FILLER_9_332,VSS,Metal1,194.3730,54.4180,0.000375
FILLER_9_316,VSS,Metal1,183.9600,54.8800,0.000375
FILLER_9_279,VSS,Metal1,163.2400,54.8800,0.000376
FILLER_9_275,VSS,Metal1,161.4600,54.5310,0.000386
FILLER_9_267,VSS,Metal1,157.9730,54.4180,0.000397
FILLER_9_224,VSS,Metal1,132.4400,54.8800,0.000416
FILLER_9_220,VSS,Metal1,130.6600,54.5310,0.000416
FILLER_9_212,VSS,Metal1,127.1730,54.4180,0.000432
FILLER_9_190,VSS,Metal1,113.8600,54.5310,0.000432
FILLER_9_182,VSS,Metal1,110.3730,54.4180,0.000434
FILLER_9_154,VSS,Metal1,93.5200,54.8800,0.000454
FILLER_9_150,VSS,Metal1,91.4600,54.5310,0.000454
FILLER_9_142,VSS,Metal1,87.9730,54.4180,0.000454
FILLER_9_74,VSS,Metal1,48.4400,54.8800,0.000423
FILLER_9_72,VSS,Metal1,47.6000,54.8800,0.000423
FILLER_9_68,VSS,Metal1,45.3600,54.8800,0.000402
FILLER_9_36,VSS,Metal1,35.1640,54.2820,0.000400
FILLER_8_681,VSS,Metal1,388.3600,47.0400,0.000372
FILLER_8_679,VSS,Metal1,387.5200,47.0400,0.000372
FILLER_8_675,VSS,Metal1,385.4600,47.3885,0.000372
FILLER_8_667,VSS,Metal1,381.9730,47.5015,0.000372
FILLER_8_661,VSS,Metal1,377.6200,47.3885,0.000372
FILLER_8_597,VSS,Metal1,358.2445,47.6775,0.000372
FILLER_8_594,VSS,Metal1,339.6400,47.0400,0.000372
FILLER_8_590,VSS,Metal1,337.8600,47.3885,0.000372
FILLER_8_582,VSS,Metal1,334.3730,47.5015,0.000372
FILLER_8_542,VSS,Metal1,310.9800,47.3885,0.000375
FILLER_8_534,VSS,Metal1,307.4930,47.5015,0.000375
FILLER_8_523,VSS,Metal1,300.1600,47.0400,0.000375
FILLER_8_519,VSS,Metal1,298.1000,47.3885,0.000382
FILLER_8_465,VSS,Metal1,267.8600,47.3885,0.000384
FILLER_8_457,VSS,Metal1,264.3730,47.5015,0.000384
FILLER_8_439,VSS,Metal1,256.4320,47.5880,0.000387
FILLER_8_395,VSS,Metal1,228.6600,47.3885,0.000395
FILLER_8_364,VSS,Metal1,214.4320,47.5880,0.000395
FILLER_8_321,VSS,Metal1,186.7600,47.0400,0.000392
FILLER_8_317,VSS,Metal1,184.9800,47.3885,0.000392
FILLER_8_314,VSS,Metal1,182.8400,47.0400,0.000392
FILLER_8_312,VSS,Metal1,182.0000,47.0400,0.000392
FILLER_8_247,VSS,Metal1,146.7730,47.5015,0.000429
FILLER_8_243,VSS,Metal1,143.3600,47.0400,0.000430
FILLER_8_209,VSS,Metal1,124.3200,47.0400,0.000430
FILLER_8_205,VSS,Metal1,122.2600,47.3885,0.000430
FILLER_8_185,VSS,Metal1,111.0600,47.3885,0.000429
FILLER_8_177,VSS,Metal1,107.5730,47.5015,0.000429
FILLER_8_174,VSS,Metal1,104.4400,47.0400,0.000429
FILLER_8_172,VSS,Metal1,103.6000,47.0400,0.000429
FILLER_8_168,VSS,Metal1,101.5400,47.3885,0.000429
FILLER_8_117,VSS,Metal1,72.5200,47.0400,0.000413
FILLER_8_115,VSS,Metal1,71.6800,47.0400,0.000413
FILLER_8_107,VSS,Metal1,68.3730,47.5015,0.000413
FILLER_8_87,VSS,Metal1,56.0000,47.0400,0.000406
FILLER_8_71,VSS,Metal1,46.7600,47.0400,0.000387
FILLER_8_69,VSS,Metal1,45.9200,47.0400,0.000357
FILLER_8_37,VSS,Metal1,35.7240,47.6375,0.000355
FILLER_8_18,VSS,Metal1,17.3600,47.0400,0.000354
FILLER_8_2,VSS,Metal1,11.7120,47.5880,0.000354
FILLER_7_680,VSS,Metal1,388.0800,47.0400,0.000372
FILLER_7_664,VSS,Metal1,382.4320,46.4920,0.000372
FILLER_7_632,VSS,Metal1,368.9240,46.4420,0.000372
FILLER_7_629,VSS,Metal1,359.2400,47.0400,0.000372
FILLER_7_625,VSS,Metal1,357.4600,46.6910,0.000372
FILLER_7_609,VSS,Metal1,351.6320,46.4920,0.000372
FILLER_7_572,VSS,Metal1,327.3200,47.0400,0.000372
FILLER_7_570,VSS,Metal1,326.4800,47.0400,0.000372
FILLER_7_562,VSS,Metal1,323.1730,46.5780,0.000372
FILLER_7_559,VSS,Metal1,320.0400,47.0400,0.000372
FILLER_7_557,VSS,Metal1,319.2000,47.0400,0.000372
FILLER_7_553,VSS,Metal1,317.1400,46.6910,0.000372
FILLER_7_521,VSS,Metal1,306.7640,46.4420,0.000375
FILLER_7_512,VSS,Metal1,294.0000,47.0400,0.000383
FILLER_7_508,VSS,Metal1,291.9400,46.6910,0.000383
FILLER_7_492,VSS,Metal1,286.1120,46.4920,0.000383
FILLER_7_489,VSS,Metal1,280.8400,47.0400,0.000383
FILLER_7_487,VSS,Metal1,280.0000,47.0400,0.000383
FILLER_7_450,VSS,Metal1,259.0000,47.0400,0.000387
FILLER_7_446,VSS,Metal1,257.2200,46.6910,0.000387
FILLER_7_438,VSS,Metal1,253.7330,46.5780,0.000387
FILLER_7_422,VSS,Metal1,246.9120,46.4920,0.000391
FILLER_7_414,VSS,Metal1,238.8400,47.0400,0.000391
FILLER_7_410,VSS,Metal1,237.0600,46.6910,0.000391
FILLER_7_402,VSS,Metal1,233.5730,46.5780,0.000392
FILLER_7_349,VSS,Metal1,202.4400,47.0400,0.000394
FILLER_7_347,VSS,Metal1,201.6000,47.0400,0.000394
FILLER_7_343,VSS,Metal1,199.5400,46.6910,0.000394
FILLER_7_335,VSS,Metal1,196.0530,46.5780,0.000394
FILLER_7_300,VSS,Metal1,175.0000,47.0400,0.000399
FILLER_7_298,VSS,Metal1,174.1600,47.0400,0.000399
FILLER_7_262,VSS,Metal1,154.0000,47.0400,0.000401
FILLER_7_254,VSS,Metal1,150.6930,46.5780,0.000401
FILLER_7_212,VSS,Metal1,127.1730,46.5780,0.000431
FILLER_7_208,VSS,Metal1,123.7600,47.0400,0.000430
FILLER_7_139,VSS,Metal1,84.8400,47.0400,0.000429
FILLER_7_137,VSS,Metal1,84.0000,47.0400,0.000429
FILLER_7_129,VSS,Metal1,80.6930,46.5780,0.000415
FILLER_7_78,VSS,Metal1,50.6800,47.0400,0.000405
FILLER_7_76,VSS,Metal1,49.8400,47.0400,0.000405
FILLER_7_72,VSS,Metal1,47.7800,46.6910,0.000394
FILLER_7_69,VSS,Metal1,45.6400,47.0400,0.000357
FILLER_7_67,VSS,Metal1,44.8000,47.0400,0.000357
FILLER_7_51,VSS,Metal1,39.1520,46.4920,0.000355
FILLER_7_16,VSS,Metal1,15.9600,47.0400,0.000354
FILLER_7_14,VSS,Metal1,15.1200,47.0400,0.000354
FILLER_7_10,VSS,Metal1,13.0600,46.6910,0.000354
FILLER_7_2,VSS,Metal1,9.5730,46.5780,0.000354
FILLER_6_681,VSS,Metal1,388.3600,39.2000,0.000238
FILLER_6_679,VSS,Metal1,387.5200,39.2000,0.000238
FILLER_6_675,VSS,Metal1,385.4600,39.5485,0.000238
FILLER_6_667,VSS,Metal1,381.9730,39.6615,0.000238
FILLER_6_664,VSS,Metal1,378.8400,39.2000,0.000238
FILLER_6_662,VSS,Metal1,378.0000,39.2000,0.000238
FILLER_6_654,VSS,Metal1,374.6930,39.6615,0.000238
FILLER_6_622,VSS,Metal1,363.3240,39.7975,0.000238
FILLER_6_591,VSS,Metal1,338.4200,39.5485,0.000238
FILLER_6_583,VSS,Metal1,334.9330,39.6615,0.000237
FILLER_6_547,VSS,Metal1,313.6000,39.2000,0.000246
FILLER_6_543,VSS,Metal1,311.5400,39.5485,0.000246
FILLER_6_527,VSS,Metal1,305.7120,39.7480,0.000259
FILLER_6_523,VSS,Metal1,300.1600,39.2000,0.000276
FILLER_6_519,VSS,Metal1,298.1000,39.5485,0.000276
FILLER_6_481,VSS,Metal1,276.6400,39.2000,0.000291
FILLER_6_473,VSS,Metal1,273.3330,39.6615,0.000292
FILLER_6_457,VSS,Metal1,266.5120,39.7480,0.000294
FILLER_6_454,VSS,Metal1,261.2400,39.2000,0.000337
FILLER_6_452,VSS,Metal1,260.4000,39.2000,0.000337
FILLER_6_444,VSS,Metal1,257.0930,39.6615,0.000337
FILLER_6_393,VSS,Metal1,227.0800,39.2000,0.000337
FILLER_6_391,VSS,Metal1,226.2400,39.2000,0.000335
FILLER_6_387,VSS,Metal1,224.1800,39.5485,0.000335
FILLER_6_381,VSS,Metal1,220.8200,39.5485,0.000335
FILLER_6_317,VSS,Metal1,201.4445,39.8375,0.000335
FILLER_6_295,VSS,Metal1,172.6600,39.5485,0.000345
FILLER_6_275,VSS,Metal1,161.4600,39.5485,0.000358
FILLER_6_255,VSS,Metal1,150.2600,39.5485,0.000358
FILLER_6_247,VSS,Metal1,146.7730,39.6615,0.000358
FILLER_6_228,VSS,Metal1,134.6800,39.2000,0.000363
FILLER_6_226,VSS,Metal1,133.8400,39.2000,0.000363
FILLER_6_222,VSS,Metal1,131.7800,39.5485,0.000364
FILLER_6_187,VSS,Metal1,111.7200,39.2000,0.000363
FILLER_6_185,VSS,Metal1,110.8800,39.2000,0.000363
FILLER_6_177,VSS,Metal1,107.5730,39.6615,0.000363
FILLER_6_174,VSS,Metal1,104.4400,39.2000,0.000363
FILLER_6_172,VSS,Metal1,103.6000,39.2000,0.000363
FILLER_6_168,VSS,Metal1,101.5400,39.5485,0.000363
FILLER_6_117,VSS,Metal1,72.5200,39.2000,0.000353
FILLER_6_115,VSS,Metal1,71.6800,39.2000,0.000353
FILLER_6_107,VSS,Metal1,68.3730,39.6615,0.000353
FILLER_6_69,VSS,Metal1,46.1000,39.5485,0.000321
FILLER_6_37,VSS,Metal1,35.7240,39.7975,0.000304
FILLER_6_34,VSS,Metal1,26.0400,39.2000,0.000303
FILLER_6_2,VSS,Metal1,16.1240,39.7975,0.000303
FILLER_5_676,VSS,Metal1,385.8400,39.2000,0.000238
FILLER_5_672,VSS,Metal1,383.7800,38.8510,0.000238
FILLER_5_664,VSS,Metal1,380.2930,38.7380,0.000238
FILLER_5_632,VSS,Metal1,368.9240,38.6020,0.000238
FILLER_5_628,VSS,Metal1,358.9600,39.2000,0.000238
FILLER_5_624,VSS,Metal1,356.9000,38.8510,0.000238
FILLER_5_608,VSS,Metal1,351.0720,38.6520,0.000238
FILLER_5_570,VSS,Metal1,326.6600,38.8510,0.000241
FILLER_5_562,VSS,Metal1,323.1730,38.7380,0.000241
FILLER_5_559,VSS,Metal1,320.0400,39.2000,0.000241
FILLER_5_557,VSS,Metal1,319.2000,39.2000,0.000241
FILLER_5_549,VSS,Metal1,315.8930,38.7380,0.000242
FILLER_5_492,VSS,Metal1,290.5240,38.6020,0.000276
FILLER_5_489,VSS,Metal1,280.8400,39.2000,0.000276
FILLER_5_487,VSS,Metal1,280.0000,39.2000,0.000276
FILLER_5_483,VSS,Metal1,277.9400,38.8510,0.000281
FILLER_5_467,VSS,Metal1,272.1120,38.6520,0.000292
FILLER_5_427,VSS,Metal1,254.1240,38.6020,0.000337
FILLER_5_408,VSS,Metal1,235.7600,39.2000,0.000338
FILLER_5_392,VSS,Metal1,230.1120,38.6520,0.000337
FILLER_5_356,VSS,Metal1,206.6400,39.2000,0.000335
FILLER_5_352,VSS,Metal1,204.5800,38.8510,0.000335
FILLER_5_346,VSS,Metal1,201.2200,38.8510,0.000335
FILLER_5_330,VSS,Metal1,195.3920,38.6520,0.000335
FILLER_5_303,VSS,Metal1,176.9600,39.2000,0.000332
FILLER_5_286,VSS,Metal1,167.1600,39.2000,0.000346
FILLER_5_282,VSS,Metal1,165.3800,38.8510,0.000346
FILLER_5_212,VSS,Metal1,126.0000,39.2000,0.000364
FILLER_5_208,VSS,Metal1,123.7600,39.2000,0.000364
FILLER_5_204,VSS,Metal1,121.7000,38.8510,0.000364
FILLER_5_196,VSS,Metal1,118.2130,38.7380,0.000364
FILLER_5_142,VSS,Metal1,86.9800,38.8510,0.000363
FILLER_5_123,VSS,Metal1,75.8800,39.2000,0.000361
FILLER_5_121,VSS,Metal1,75.0400,39.2000,0.000361
FILLER_5_50,VSS,Metal1,35.4600,38.8510,0.000304
FILLER_5_34,VSS,Metal1,29.6320,38.6520,0.000303
FILLER_5_2,VSS,Metal1,16.1240,38.6020,0.000303
FILLER_4_673,VSS,Metal1,383.8800,31.3600,0.000152
FILLER_4_671,VSS,Metal1,383.0400,31.3600,0.000152
FILLER_4_667,VSS,Metal1,380.9800,31.7085,0.000152
FILLER_4_661,VSS,Metal1,377.6200,31.7085,0.000152
FILLER_4_597,VSS,Metal1,358.2445,31.9975,0.000152
FILLER_4_593,VSS,Metal1,339.3600,31.3600,0.000152
FILLER_4_577,VSS,Metal1,333.7120,31.9080,0.000152
FILLER_4_571,VSS,Metal1,327.0400,31.3600,0.000152
FILLER_4_567,VSS,Metal1,324.9800,31.7085,0.000152
FILLER_4_551,VSS,Metal1,319.1520,31.9080,0.000161
FILLER_4_527,VSS,Metal1,302.1200,31.3600,0.000188
FILLER_4_519,VSS,Metal1,297.6400,31.3600,0.000199
FILLER_4_511,VSS,Metal1,294.6130,31.8215,0.000199
FILLER_4_474,VSS,Metal1,272.4400,31.3600,0.000210
FILLER_4_472,VSS,Metal1,271.6000,31.3600,0.000210
FILLER_4_451,VSS,Metal1,260.0200,31.7085,0.000211
FILLER_4_443,VSS,Metal1,256.5330,31.8215,0.000211
FILLER_4_427,VSS,Metal1,249.7120,31.9080,0.000214
FILLER_4_411,VSS,Metal1,237.1600,31.3600,0.000235
FILLER_4_403,VSS,Metal1,234.1330,31.8215,0.000236
FILLER_4_387,VSS,Metal1,227.3120,31.9080,0.000238
FILLER_4_384,VSS,Metal1,222.0400,31.3600,0.000238
FILLER_4_382,VSS,Metal1,221.2000,31.3600,0.000239
FILLER_4_374,VSS,Metal1,217.8930,31.8215,0.000240
FILLER_4_247,VSS,Metal1,145.7800,31.7085,0.000288
FILLER_4_228,VSS,Metal1,134.6800,31.3600,0.000296
FILLER_4_220,VSS,Metal1,131.6530,31.8215,0.000301
FILLER_4_185,VSS,Metal1,110.6000,31.3600,0.000302
FILLER_4_177,VSS,Metal1,107.5730,31.8215,0.000318
FILLER_4_107,VSS,Metal1,67.3800,31.7085,0.000316
FILLER_4_88,VSS,Metal1,56.2800,31.3600,0.000303
FILLER_4_86,VSS,Metal1,55.4400,31.3600,0.000302
FILLER_4_51,VSS,Metal1,35.5600,31.3600,0.000297
FILLER_4_49,VSS,Metal1,34.7200,31.3600,0.000297
FILLER_4_45,VSS,Metal1,32.6600,31.7085,0.000297
FILLER_4_37,VSS,Metal1,29.1730,31.8215,0.000241
FILLER_4_34,VSS,Metal1,26.0400,31.3600,0.000235
FILLER_4_30,VSS,Metal1,24.2600,31.7085,0.000235
FILLER_4_22,VSS,Metal1,20.7730,31.8215,0.000235
FILLER_4_6,VSS,Metal1,13.9520,31.9080,0.000235
FILLER_3_672,VSS,Metal1,383.6000,31.3600,0.000152
FILLER_3_664,VSS,Metal1,380.2930,30.8980,0.000152
FILLER_3_632,VSS,Metal1,368.9240,30.7620,0.000152
FILLER_3_629,VSS,Metal1,359.2400,31.3600,0.000152
FILLER_3_621,VSS,Metal1,356.2130,30.8980,0.000152
FILLER_3_589,VSS,Metal1,344.8440,30.7620,0.000152
FILLER_3_562,VSS,Metal1,322.0000,31.3600,0.000161
FILLER_3_544,VSS,Metal1,315.2320,30.8120,0.000161
FILLER_3_535,VSS,Metal1,306.6000,31.3600,0.000177
FILLER_3_533,VSS,Metal1,305.7600,31.3600,0.000180
FILLER_3_529,VSS,Metal1,303.7000,31.0110,0.000180
FILLER_3_492,VSS,Metal1,290.5240,30.7620,0.000199
FILLER_3_473,VSS,Metal1,272.1600,31.3600,0.000210
FILLER_3_438,VSS,Metal1,252.2800,31.3600,0.000214
FILLER_3_422,VSS,Metal1,243.3200,31.3600,0.000231
FILLER_3_419,VSS,Metal1,241.6400,31.3600,0.000231
FILLER_3_398,VSS,Metal1,230.1600,31.3600,0.000238
FILLER_3_394,VSS,Metal1,228.1000,31.0110,0.000238
FILLER_3_352,VSS,Metal1,205.5730,30.8980,0.000244
FILLER_3_349,VSS,Metal1,202.4400,31.3600,0.000244
FILLER_3_347,VSS,Metal1,201.6000,31.3600,0.000244
FILLER_3_300,VSS,Metal1,175.0000,31.3600,0.000271
FILLER_3_298,VSS,Metal1,174.1600,31.3600,0.000271
FILLER_3_256,VSS,Metal1,151.8130,30.8980,0.000285
FILLER_3_216,VSS,Metal1,129.4130,30.8980,0.000301
FILLER_3_144,VSS,Metal1,87.6400,31.3600,0.000322
FILLER_3_142,VSS,Metal1,86.8000,31.3600,0.000322
FILLER_3_72,VSS,Metal1,47.7800,31.0110,0.000302
FILLER_3_38,VSS,Metal1,28.2800,31.3600,0.000241
FILLER_3_34,VSS,Metal1,26.5000,31.0110,0.000235
FILLER_3_26,VSS,Metal1,23.0130,30.8980,0.000235
FILLER_3_10,VSS,Metal1,16.1920,30.8120,0.000235
FILLER_2_677,VSS,Metal1,386.1200,23.5200,0.000204
FILLER_2_675,VSS,Metal1,385.2800,23.5200,0.000204
FILLER_2_667,VSS,Metal1,381.9730,23.9815,0.000204
FILLER_2_661,VSS,Metal1,377.6200,23.8685,0.000204
FILLER_2_597,VSS,Metal1,358.2445,24.1575,0.000204
FILLER_2_524,VSS,Metal1,300.4400,23.5200,0.000218
FILLER_2_522,VSS,Metal1,299.6000,23.5200,0.000218
FILLER_2_484,VSS,Metal1,278.3200,23.5200,0.000225
FILLER_2_480,VSS,Metal1,276.2600,23.8685,0.000225
FILLER_2_472,VSS,Metal1,272.7730,23.9815,0.000225
FILLER_2_453,VSS,Metal1,260.9600,23.5200,0.000228
FILLER_2_449,VSS,Metal1,258.9000,23.8685,0.000228
FILLER_2_441,VSS,Metal1,255.4130,23.9815,0.000229
FILLER_2_387,VSS,Metal1,224.1800,23.8685,0.000282
FILLER_2_350,VSS,Metal1,203.0000,23.5200,0.000287
FILLER_2_348,VSS,Metal1,202.1600,23.5200,0.000287
FILLER_2_317,VSS,Metal1,184.5200,23.5200,0.000289
FILLER_2_293,VSS,Metal1,171.0800,23.5200,0.000302
FILLER_2_291,VSS,Metal1,170.2400,23.5200,0.000303
FILLER_2_255,VSS,Metal1,150.0800,23.5200,0.000309
FILLER_2_247,VSS,Metal1,146.7730,23.9815,0.000309
FILLER_2_244,VSS,Metal1,143.6400,23.5200,0.000309
FILLER_2_240,VSS,Metal1,141.8600,23.8685,0.000309
FILLER_2_185,VSS,Metal1,110.6000,23.5200,0.000316
FILLER_2_177,VSS,Metal1,107.5730,23.9815,0.000316
FILLER_2_158,VSS,Metal1,95.4800,23.5200,0.000323
FILLER_2_156,VSS,Metal1,94.6400,23.5200,0.000323
FILLER_2_101,VSS,Metal1,64.0200,23.8685,0.000321
FILLER_2_49,VSS,Metal1,34.7200,23.5200,0.000293
FILLER_2_45,VSS,Metal1,32.6600,23.8685,0.000293
FILLER_2_37,VSS,Metal1,29.1730,23.9815,0.000293
FILLER_2_34,VSS,Metal1,26.0400,23.5200,0.000241
FILLER_2_26,VSS,Metal1,23.0130,23.9815,0.000242
FILLER_2_10,VSS,Metal1,16.1920,24.0680,0.000242
FILLER_1_680,VSS,Metal1,388.0800,23.5200,0.000204
FILLER_1_664,VSS,Metal1,382.4320,22.9720,0.000204
FILLER_1_632,VSS,Metal1,368.9240,22.9220,0.000204
FILLER_1_626,VSS,Metal1,358.0200,23.1710,0.000204
FILLER_1_562,VSS,Metal1,338.6445,22.8820,0.000204
FILLER_1_556,VSS,Metal1,318.8200,23.1710,0.000217
FILLER_1_492,VSS,Metal1,299.4445,22.8820,0.000218
FILLER_1_489,VSS,Metal1,280.8400,23.5200,0.000218
FILLER_1_473,VSS,Metal1,275.4720,22.9720,0.000225
FILLER_1_438,VSS,Metal1,252.2800,23.5200,0.000273
FILLER_1_403,VSS,Metal1,232.6800,23.5200,0.000280
FILLER_1_395,VSS,Metal1,229.6530,23.0580,0.000280
FILLER_1_379,VSS,Metal1,222.8320,22.9720,0.000282
FILLER_1_361,VSS,Metal1,209.4400,23.5200,0.000282
FILLER_1_352,VSS,Metal1,204.1200,23.5200,0.000284
FILLER_1_349,VSS,Metal1,202.4400,23.5200,0.000287
FILLER_1_341,VSS,Metal1,199.4130,23.0580,0.000287
FILLER_1_328,VSS,Metal1,190.9600,23.5200,0.000288
FILLER_1_320,VSS,Metal1,187.6530,23.0580,0.000289
FILLER_1_288,VSS,Metal1,168.2800,23.5200,0.000304
FILLER_1_286,VSS,Metal1,167.4400,23.5200,0.000304
FILLER_1_263,VSS,Metal1,154.2800,23.5200,0.000304
FILLER_1_261,VSS,Metal1,153.4400,23.5200,0.000305
FILLER_1_144,VSS,Metal1,87.6400,23.5200,0.000323
FILLER_1_142,VSS,Metal1,86.8000,23.5200,0.000323
FILLER_1_136,VSS,Metal1,83.6200,23.1710,0.000324
FILLER_1_84,VSS,Metal1,54.3200,23.5200,0.000314
FILLER_1_80,VSS,Metal1,52.2600,23.1710,0.000314
FILLER_1_72,VSS,Metal1,48.7730,23.0580,0.000314
FILLER_1_22,VSS,Metal1,19.3200,23.5200,0.000242
FILLER_1_18,VSS,Metal1,17.5400,23.1710,0.000242
FILLER_1_2,VSS,Metal1,11.7120,22.9720,0.000242
FILLER_0_679,VSS,Metal1,387.2400,15.6800,0.000047
FILLER_0_677,VSS,Metal1,386.4000,15.6800,0.000047
FILLER_0_669,VSS,Metal1,383.0930,16.1415,0.000047
FILLER_0_664,VSS,Metal1,378.8400,15.6800,0.000047
FILLER_0_648,VSS,Metal1,373.4720,16.2280,0.000047
FILLER_0_614,VSS,Metal1,358.8440,16.2775,0.000047
FILLER_0_607,VSS,Metal1,346.9200,15.6800,0.000047
FILLER_0_602,VSS,Metal1,344.1200,15.6800,0.000047
FILLER_0_600,VSS,Metal1,343.2800,15.6800,0.000047
FILLER_0_596,VSS,Metal1,341.2200,16.0285,0.000047
FILLER_0_580,VSS,Metal1,335.3920,16.2280,0.000047
FILLER_0_546,VSS,Metal1,320.7640,16.2775,0.000052
FILLER_0_512,VSS,Metal1,301.7240,16.2775,0.000057
FILLER_0_508,VSS,Metal1,291.7600,15.6800,0.000063
FILLER_0_500,VSS,Metal1,288.4530,16.1415,0.000063
FILLER_0_484,VSS,Metal1,278.0400,15.6800,0.000064
FILLER_0_482,VSS,Metal1,277.2000,15.6800,0.000072
FILLER_0_478,VSS,Metal1,275.1400,16.0285,0.000072
FILLER_0_430,VSS,Metal1,247.8000,15.6800,0.000093
FILLER_0_426,VSS,Metal1,246.0200,16.0285,0.000093
FILLER_0_384,VSS,Metal1,222.5000,16.0285,0.000106
FILLER_0_376,VSS,Metal1,219.0130,16.1415,0.000108
FILLER_0_2,VSS,Metal1,16.1240,16.2775,0.000160
hold372,VSS,Metal1,262.8625,132.9225,0.000078
hold371,VSS,Metal1,231.6175,55.2375,0.000373
hold370,VSS,Metal1,234.9775,78.0425,0.000149
hold369,VSS,Metal1,214.7025,156.4425,0.000318
hold368,VSS,Metal1,233.8575,132.9225,0.000079
hold367,VSS,Metal1,191.1825,133.6375,0.000075
hold366,VSS,Metal1,248.3025,110.1175,0.000304
hold365,VSS,Metal1,58.4625,188.5175,0.000384
hold364,VSS,Metal1,250.0975,179.9625,0.000289
hold363,VSS,Metal1,217.0575,179.9625,0.000287
hold362,VSS,Metal1,347.9825,39.5575,0.000238
hold361,VSS,Metal1,138.0975,148.6025,0.000369
hold360,VSS,Metal1,188.4975,179.9625,0.000287
hold359,VSS,Metal1,133.6175,188.5175,0.000386
hold358,VSS,Metal1,192.4175,149.3175,0.000395
hold357,VSS,Metal1,329.5025,31.0025,0.000152
clkload21,VSS,Metal1,324.0400,344.5025,0.000167
clkload20,VSS,Metal1,324.0400,266.1025,0.000414
clkload19,VSS,Metal1,257.9600,267.0175,0.000458
clkload18,VSS,Metal1,181.2400,329.7375,0.000386
clkload17,VSS,Metal1,150.4400,337.5775,0.000418
clkload16,VSS,Metal1,190.6000,242.5825,0.000292
clkload15,VSS,Metal1,150.4400,234.7425,0.000408
clkload14,VSS,Metal1,333.9600,180.7775,0.000228
clkload13,VSS,Metal1,301.6400,156.3425,0.000322
clkload12,VSS,Metal1,303.8800,93.6225,0.000188
clkload11,VSS,Metal1,273.0800,117.1425,0.000346
clkload10,VSS,Metal1,199.1600,179.8625,0.000287
clkload9,VSS,Metal1,252.3600,165.0975,0.000490
clkbuf_5_31__f_periph_clk_i,VSS,Metal1,326.8935,337.7180,0.000377
clkbuf_5_30__f_periph_clk_i,VSS,Metal1,336.4135,320.8415,0.000394
clkbuf_5_29__f_periph_clk_i,VSS,Metal1,276.2260,337.7180,0.000436
clkbuf_5_28__f_periph_clk_i,VSS,Metal1,266.1460,320.8415,0.000420
clkbuf_5_27__f_periph_clk_i,VSS,Metal1,326.8935,267.1580,0.000414
clkbuf_5_26__f_periph_clk_i,VSS,Metal1,326.8935,251.4780,0.000238
clkbuf_5_25__f_periph_clk_i,VSS,Metal1,266.1460,265.9615,0.000458
clkbuf_5_24__f_periph_clk_i,VSS,Metal1,275.6660,243.6380,0.000296
clkbuf_5_23__f_periph_clk_i,VSS,Metal1,199.2135,329.8780,0.000387
clkbuf_5_22__f_periph_clk_i,VSS,Metal1,189.6935,305.1615,0.000278
clkbuf_5_21__f_periph_clk_i,VSS,Metal1,162.8135,329.8780,0.000387
clkbuf_5_20__f_periph_clk_i,VSS,Metal1,162.8135,298.5180,0.000254
clkbuf_5_19__f_periph_clk_i,VSS,Metal1,207.6135,243.6380,0.000303
clkbuf_5_18__f_periph_clk_i,VSS,Metal1,203.6935,235.7980,0.000395
clkbuf_5_17__f_periph_clk_i,VSS,Metal1,158.0660,267.1580,0.000370
clkbuf_5_16__f_periph_clk_i,VSS,Metal1,160.8660,235.7980,0.000408
clkbuf_5_15__f_periph_clk_i,VSS,Metal1,346.4935,187.5615,0.000384
clkbuf_5_14__f_periph_clk_i,VSS,Metal1,343.1335,156.2015,0.000305
clkbuf_5_13__f_periph_clk_i,VSS,Metal1,318.4935,188.7580,0.000390
clkbuf_5_12__f_periph_clk_i,VSS,Metal1,316.8135,149.5580,0.000393
clkbuf_5_11__f_periph_clk_i,VSS,Metal1,314.8660,102.5180,0.000379
clkbuf_5_10__f_periph_clk_i,VSS,Metal1,336.4135,85.6415,0.000273
clkbuf_5_9__f_periph_clk_i,VSS,Metal1,283.5060,110.3580,0.000366
clkbuf_5_8__f_periph_clk_i,VSS,Metal1,285.1860,86.8380,0.000284
clkbuf_5_7__f_periph_clk_i,VSS,Metal1,209.2935,173.0780,0.000717
clkbuf_5_6__f_periph_clk_i,VSS,Metal1,177.6660,171.8815,0.000720
clkbuf_5_5__f_periph_clk_i,VSS,Metal1,144.0660,187.5615,0.000386
clkbuf_5_4__f_periph_clk_i,VSS,Metal1,140.1460,171.8815,0.000726
clkbuf_5_3__f_periph_clk_i,VSS,Metal1,260.8135,171.8815,0.000691
clkbuf_5_2__f_periph_clk_i,VSS,Metal1,264.7335,164.0415,0.000491
clkbuf_5_1__f_periph_clk_i,VSS,Metal1,258.0135,148.3615,0.000402
clkbuf_5_0__f_periph_clk_i,VSS,Metal1,240.9460,126.0380,0.000354
clkbuf_4_15_0_periph_clk_i,VSS,Metal1,304.0175,328.7065,0.000318
clkbuf_4_14_0_periph_clk_i,VSS,Metal1,284.5425,322.0130,0.000420
clkbuf_4_13_0_periph_clk_i,VSS,Metal1,304.0175,265.9865,0.000423
clkbuf_4_12_0_periph_clk_i,VSS,Metal1,284.5425,259.2930,0.000233
clkbuf_4_11_0_periph_clk_i,VSS,Metal1,175.7775,314.1730,0.000264
clkbuf_4_10_0_periph_clk_i,VSS,Metal1,159.6625,314.1730,0.000285
clkbuf_4_9_0_periph_clk_i,VSS,Metal1,185.2975,258.1465,0.000238
clkbuf_4_8_0_periph_clk_i,VSS,Metal1,165.6975,259.2930,0.000249
clkbuf_4_7_0_periph_clk_i,VSS,Metal1,332.0175,165.2130,0.000388
clkbuf_4_6_0_periph_clk_i,VSS,Metal1,312.5425,164.0665,0.000456
clkbuf_4_5_0_periph_clk_i,VSS,Metal1,312.9775,109.1865,0.000364
clkbuf_4_4_0_periph_clk_i,VSS,Metal1,294.0625,93.5065,0.000191
clkbuf_4_3_0_periph_clk_i,VSS,Metal1,175.7775,173.0530,0.000720
clkbuf_4_2_0_periph_clk_i,VSS,Metal1,157.9825,173.0530,0.000723
clkbuf_4_1_0_periph_clk_i,VSS,Metal1,239.6175,149.5330,0.000401
clkbuf_4_0_0_periph_clk_i,VSS,Metal1,234.5775,156.2265,0.000344
clkbuf_0_periph_clk_i,VSS,Metal1,248.4935,212.2780,0.000445
clkload8,VSS,Metal1,177.7200,345.4175,0.000222
clkload7,VSS,Metal1,39.5600,281.7825,0.000239
clkload6,VSS,Metal1,58.6000,235.6575,0.000428
clkload5,VSS,Metal1,160.5200,156.3425,0.000274
clkload4,VSS,Metal1,87.7200,165.0975,0.000469
clkload3,VSS,Metal1,285.2400,117.1425,0.000345
clkload2,VSS,Metal1,271.2400,54.4225,0.000361
clkload1,VSS,Metal1,208.6800,47.4975,0.000395
clkload0,VSS,Metal1,58.0400,71.0175,0.000423
clkbuf_5_31__f_sys_clk_i,VSS,Metal1,189.6935,344.3615,0.000222
clkbuf_5_30__f_sys_clk_i,VSS,Metal1,189.6935,336.5215,0.000421
clkbuf_5_29__f_sys_clk_i,VSS,Metal1,150.4935,352.2015,0.000201
clkbuf_5_28__f_sys_clk_i,VSS,Metal1,126.7060,329.8780,0.000388
clkbuf_5_27__f_sys_clk_i,VSS,Metal1,50.5460,274.9980,0.000357
clkbuf_5_26__f_sys_clk_i,VSS,Metal1,83.8535,274.9980,0.000358
clkbuf_5_25__f_sys_clk_i,VSS,Metal1,67.6135,336.5215,0.000398
clkbuf_5_24__f_sys_clk_i,VSS,Metal1,50.5460,306.3580,0.000361
clkbuf_5_23__f_sys_clk_i,VSS,Metal1,70.9735,234.6015,0.000430
clkbuf_5_22__f_sys_clk_i,VSS,Metal1,44.9460,227.9580,0.000334
clkbuf_5_21__f_sys_clk_i,VSS,Metal1,52.4935,204.4380,0.000431
clkbuf_5_20__f_sys_clk_i,VSS,Metal1,51.9335,165.2380,0.000471
clkbuf_5_19__f_sys_clk_i,VSS,Metal1,166.1735,149.5580,0.000392
clkbuf_5_18__f_sys_clk_i,VSS,Metal1,149.3735,140.5215,0.000269
clkbuf_5_17__f_sys_clk_i,VSS,Metal1,101.2135,187.5615,0.000395
clkbuf_5_16__f_sys_clk_i,VSS,Metal1,101.2135,171.8815,0.000727
clkbuf_5_15__f_sys_clk_i,VSS,Metal1,302.8135,117.0015,0.000344
clkbuf_5_14__f_sys_clk_i,VSS,Metal1,275.6660,102.5180,0.000392
clkbuf_5_13__f_sys_clk_i,VSS,Metal1,221.0535,140.5215,0.000292
clkbuf_5_12__f_sys_clk_i,VSS,Metal1,207.3460,118.1980,0.000342
clkbuf_5_11__f_sys_clk_i,VSS,Metal1,284.3335,47.6380,0.000383
clkbuf_5_10__f_sys_clk_i,VSS,Metal1,287.6935,55.4780,0.000355
clkbuf_5_9__f_sys_clk_i,VSS,Metal1,216.8660,46.4415,0.000395
clkbuf_5_8__f_sys_clk_i,VSS,Metal1,242.3335,39.7980,0.000338
clkbuf_5_7__f_sys_clk_i,VSS,Metal1,68.4660,69.9615,0.000423
clkbuf_5_6__f_sys_clk_i,VSS,Metal1,88.3335,55.4780,0.000454
clkbuf_5_5__f_sys_clk_i,VSS,Metal1,69.8535,117.0015,0.000333
clkbuf_5_4__f_sys_clk_i,VSS,Metal1,61.1860,101.3215,0.000383
clkbuf_5_3__f_sys_clk_i,VSS,Metal1,160.0135,71.1580,0.000408
clkbuf_5_2__f_sys_clk_i,VSS,Metal1,150.4935,38.6015,0.000358
clkbuf_5_1__f_sys_clk_i,VSS,Metal1,111.2935,69.9615,0.000427
clkbuf_5_0__f_sys_clk_i,VSS,Metal1,101.2135,46.4415,0.000429
clkbuf_4_15_0_sys_clk_i,VSS,Metal1,170.7375,337.6930,0.000422
clkbuf_4_14_0_sys_clk_i,VSS,Metal1,132.7825,344.3865,0.000226
clkbuf_4_13_0_sys_clk_i,VSS,Metal1,64.4625,289.5065,0.000207
clkbuf_4_12_0_sys_clk_i,VSS,Metal1,61.1025,313.0265,0.000270
clkbuf_4_11_0_sys_clk_i,VSS,Metal1,54.2575,226.7865,0.000334
clkbuf_4_10_0_sys_clk_i,VSS,Metal1,46.5425,180.8930,0.000324
clkbuf_4_9_0_sys_clk_i,VSS,Metal1,136.5775,149.5330,0.000369
clkbuf_4_8_0_sys_clk_i,VSS,Metal1,83.3775,173.0530,0.000726
clkbuf_4_7_0_sys_clk_i,VSS,Metal1,273.7775,109.1865,0.000366
clkbuf_4_6_0_sys_clk_i,VSS,Metal1,215.1025,126.0130,0.000350
clkbuf_4_5_0_sys_clk_i,VSS,Metal1,265.9375,69.9865,0.000347
clkbuf_4_4_0_sys_clk_i,VSS,Metal1,225.6175,62.1465,0.000267
clkbuf_4_3_0_sys_clk_i,VSS,Metal1,77.7775,77.8265,0.000224
clkbuf_4_2_0_sys_clk_i,VSS,Metal1,71.1825,109.1865,0.000250
clkbuf_4_1_0_sys_clk_i,VSS,Metal1,149.0225,54.3065,0.000400
clkbuf_4_0_0_sys_clk_i,VSS,Metal1,101.4225,54.3065,0.000454
clkbuf_0_sys_clk_i,VSS,Metal1,199.2135,204.4380,0.000483
udma_uart_top,VSS,Metal1,383.7800,392.3650,0.000015
fanout324,VSS,Metal1,208.1965,391.6790,0.000023
fanout323,VSS,Metal1,204.5230,392.3205,0.000023
fanout322,VSS,Metal1,296.3630,384.4805,0.000066
fanout321,VSS,Metal1,197.2430,384.4805,0.000060
fanout320,VSS,Metal1,198.1165,391.6790,0.000022
fanout319,VSS,Metal1,306.1965,259.0405,0.000230
fanout318,VSS,Metal1,289.0830,251.2005,0.000241
fanout317,VSS,Metal1,219.9565,281.9190,0.000149
fanout316,VSS,Metal1,207.6365,266.8805,0.000406
fanout315,VSS,Metal1,31.7965,329.6005,0.000294
fanout314,VSS,Metal1,111.5630,345.2805,0.000225
fanout313,VSS,Metal1,129.7965,336.7990,0.000416
fanout312,VSS,Metal1,28.6830,336.7990,0.000347
fanout311,VSS,Metal1,21.7165,321.7605,0.000255
fanout310,VSS,Metal1,139.3165,282.5605,0.000177
fanout309,VSS,Metal1,123.3230,282.5605,0.000202
fanout308,VSS,Metal1,31.7965,290.4005,0.000202
fanout307,VSS,Metal1,26.1965,297.5990,0.000218
fanout306,VSS,Metal1,21.7165,243.3605,0.000237
fanout305,VSS,Metal1,33.1630,195.6790,0.000185
fanout304,VSS,Metal1,216.0365,196.3205,0.000212
fanout303,VSS,Metal1,236.7565,196.3205,0.000215
fanout302,VSS,Metal1,212.3630,211.3590,0.000425
fanout301,VSS,Metal1,209.5630,157.1205,0.000318
fanout300,VSS,Metal1,251.0030,109.4390,0.000304
fanout299,VSS,Metal1,248.7630,102.2405,0.000390
fanout298,VSS,Metal1,208.4430,54.5590,0.000374
fanout297,VSS,Metal1,23.9565,195.6790,0.000178
fanout296,VSS,Metal1,129.7965,195.6790,0.000183
fanout295,VSS,Metal1,119.7165,179.9990,0.000301
fanout294,VSS,Metal1,118.8430,149.2805,0.000347
fanout293,VSS,Metal1,31.2365,187.8390,0.000316
fanout292,VSS,Metal1,21.7165,188.4805,0.000301
fanout291,VSS,Metal1,32.0430,102.2405,0.000373
fanout290,VSS,Metal1,112.9965,94.4005,0.000202
fanout289,VSS,Metal1,168.9965,46.7190,0.000399
fanout288,VSS,Metal1,116.9165,47.3605,0.000430
fanout287,VSS,Metal1,32.9165,101.5990,0.000373
fanout286,VSS,Metal1,26.1965,62.3990,0.000226
max_cap285,VSS,Metal1,48.2120,212.1940,0.000392
fanout284,VSS,Metal1,345.0830,125.1190,0.000280
fanout283,VSS,Metal1,345.3965,125.7605,0.000280
fanout282,VSS,Metal1,306.4430,110.0805,0.000365
fanout281,VSS,Metal1,370.5965,78.0790,0.000108
fanout280,VSS,Metal1,368.6030,70.2390,0.000279
fanout279,VSS,Metal1,295.2430,102.2405,0.000392
fanout278,VSS,Metal1,152.4430,211.3590,0.000395
max_cap277,VSS,Metal1,121.1850,250.5250,0.000260
fanout276,VSS,Metal1,112.6830,212.0005,0.000394
fanout275,VSS,Metal1,130.0430,321.1190,0.000316
fanout274,VSS,Metal1,122.2030,243.3605,0.000260
max_cap273,VSS,Metal1,309.8400,62.2940,0.000187
fanout271,VSS,Metal1,169.8030,305.4390,0.000309
fanout270,VSS,Metal1,170.5265,313.2215,0.000264
wire269,VSS,Metal1,303.4200,141.4260,0.000230
fanout268,VSS,Metal1,236.7565,117.2790,0.000346
fanout267,VSS,Metal1,231.1565,125.1190,0.000354
fanout266,VSS,Metal1,371.0800,109.3025,0.000365
fanout265,VSS,Metal1,237.3165,23.1990,0.000280
fanout264,VSS,Metal1,372.7600,102.3775,0.000384
fanout263,VSS,Metal1,214.0430,62.3990,0.000265
fanout262,VSS,Metal1,104.5965,179.9990,0.000329
fanout261,VSS,Metal1,218.2765,195.6790,0.000212
fanout260,VSS,Metal1,169.2430,321.1190,0.000319
fanout259,VSS,Metal1,256.3565,306.0805,0.000255
fanout258,VSS,Metal1,237.5630,336.7990,0.000434
max_cap257,VSS,Metal1,178.5165,55.2005,0.000375
fanout256,VSS,Metal1,278.1965,133.6005,0.000077
fanout255,VSS,Metal1,276.5165,101.5990,0.000392
max_cap254,VSS,Metal1,98.7850,251.2350,0.000261
max_cap253,VSS,Metal1,142.2300,258.4285,0.000221
max_cap252,VSS,Metal1,128.2300,274.1085,0.000334
wire251,VSS,Metal1,18.7050,227.7150,0.000309
load_slew250,VSS,Metal1,172.3200,117.1740,0.000336
fanout249,VSS,Metal1,164.5165,102.2405,0.000357
fanout248,VSS,Metal1,227.7965,360.9605,0.000103
load_slew247,VSS,Metal1,176.8000,383.7340,0.000055
fanout246,VSS,Metal1,170.9230,376.6405,0.000043
fanout245,VSS,Metal1,157.4830,55.2005,0.000397
fanout244,VSS,Metal1,159.1630,46.7190,0.000401
fanout243,VSS,Metal1,168.9965,31.0390,0.000272
fanout242,VSS,Metal1,281.8030,204.1605,0.000380
fanout241,VSS,Metal1,208.4430,234.8790,0.000395
max_cap240,VSS,Metal1,298.8150,78.7550,0.000117
wire239,VSS,Metal1,68.5450,250.5250,0.000229
max_cap238,VSS,Metal1,101.2000,226.9340,0.000260
max_cap237,VSS,Metal1,75.9600,267.0175,0.000310
wire236,VSS,Metal1,23.1850,227.7150,0.000309
max_cap235,VSS,Metal1,23.7450,266.9150,0.000300
fanout234,VSS,Metal1,149.6430,78.7205,0.000220
fanout233,VSS,Metal1,145.7230,31.0390,0.000288
fanout232,VSS,Metal1,98.1230,63.0405,0.000309
max_cap231,VSS,Metal1,244.6200,227.0535,0.000196
max_cap230,VSS,Metal1,145.8250,258.3650,0.000244
fanout229,VSS,Metal1,213.2365,289.7590,0.000172
fanout228,VSS,Metal1,194.1965,274.0790,0.000246
fanout227,VSS,Metal1,296.1165,259.0405,0.000232
fanout226,VSS,Metal1,307.3165,266.8805,0.000423
load_slew225,VSS,Metal1,297.5850,117.9550,0.000344
max_cap224,VSS,Metal1,295.9050,94.4350,0.000191
max_cap223,VSS,Metal1,312.7050,110.1150,0.000364
max_cap222,VSS,Metal1,266.3350,38.8450,0.000294
max_cap221,VSS,Metal1,240.1880,102.4340,0.000386
output220,VSS,Metal1,12.4430,266.8805,0.000301
output219,VSS,Metal1,211.8030,16.0005,0.000112
output218,VSS,Metal1,175.1565,23.1990,0.000291
output217,VSS,Metal1,12.4430,172.1590,0.000628
output216,VSS,Metal1,12.4430,180.6405,0.000319
output215,VSS,Metal1,249.3230,23.8405,0.000273
output214,VSS,Metal1,268.9230,16.0005,0.000076
output213,VSS,Metal1,366.1165,132.9590,0.000083
output212,VSS,Metal1,384.0365,78.0790,0.000108
output211,VSS,Metal1,374.5165,110.0805,0.000365
output210,VSS,Metal1,366.1165,140.7990,0.000231
output209,VSS,Metal1,365.5565,117.9205,0.000351
output208,VSS,Metal1,384.0365,70.2390,0.000280
output207,VSS,Metal1,230.5965,16.0005,0.000100
output206,VSS,Metal1,92.8365,38.8790,0.000363
output205,VSS,Metal1,60.9165,31.6805,0.000312
output204,VSS,Metal1,80.5165,54.5590,0.000454
output203,VSS,Metal1,119.7165,54.5590,0.000432
output202,VSS,Metal1,69.3165,16.0005,0.000232
output201,VSS,Metal1,130.9165,38.8790,0.000364
output200,VSS,Metal1,129.2365,47.3605,0.000431
output199,VSS,Metal1,135.3965,16.0005,0.000202
output198,VSS,Metal1,88.3565,16.0005,0.000238
output197,VSS,Metal1,12.4430,125.7605,0.000255
output196,VSS,Metal1,12.4430,109.4390,0.000239
output195,VSS,Metal1,73.2365,31.6805,0.000321
output194,VSS,Metal1,77.1565,39.5205,0.000361
output193,VSS,Metal1,62.5965,31.0390,0.000312
output192,VSS,Metal1,102.0430,62.3990,0.000310
output191,VSS,Metal1,50.2765,16.0005,0.000209
output190,VSS,Metal1,118.8430,46.7190,0.000430
output189,VSS,Metal1,97.3165,16.0005,0.000235
output188,VSS,Metal1,78.2765,16.0005,0.000235
output187,VSS,Metal1,151.6365,31.6805,0.000285
output186,VSS,Metal1,107.3965,16.0005,0.000230
output185,VSS,Metal1,51.9565,39.5205,0.000339
output184,VSS,Metal1,12.4430,70.8805,0.000355
output183,VSS,Metal1,41.3165,31.0390,0.000302
output182,VSS,Metal1,60.9165,39.5205,0.000353
output181,VSS,Metal1,12.4430,117.9205,0.000321
output180,VSS,Metal1,12.4430,86.5605,0.000185
output179,VSS,Metal1,100.1165,31.6805,0.000322
output178,VSS,Metal1,202.8430,16.0005,0.000116
output177,VSS,Metal1,192.7630,16.0005,0.000121
output176,VSS,Metal1,182.1230,38.8790,0.000332
output175,VSS,Metal1,12.4430,156.4790,0.000244
output174,VSS,Metal1,110.7565,62.3990,0.000315
output173,VSS,Metal1,32.3565,23.1990,0.000293
output172,VSS,Metal1,129.4830,63.0405,0.000305
output171,VSS,Metal1,80.5165,38.8790,0.000362
output170,VSS,Metal1,139.3165,31.6805,0.000296
output169,VSS,Metal1,138.4430,47.3605,0.000430
output168,VSS,Metal1,92.2765,23.1990,0.000323
output167,VSS,Metal1,59.2365,16.0005,0.000222
output166,VSS,Metal1,21.4030,125.7605,0.000255
output165,VSS,Metal1,12.4430,102.2405,0.000330
output164,VSS,Metal1,41.3165,23.1990,0.000306
output163,VSS,Metal1,12.4430,149.2805,0.000328
output162,VSS,Metal1,40.1965,16.0005,0.000191
output161,VSS,Metal1,41.3165,38.8790,0.000305
output160,VSS,Metal1,119.7165,62.3990,0.000316
output159,VSS,Metal1,59.2365,23.1990,0.000314
output158,VSS,Metal1,100.1165,23.8405,0.000316
output157,VSS,Metal1,12.4430,196.3205,0.000182
output156,VSS,Metal1,137.0765,54.5590,0.000402
output155,VSS,Metal1,116.3565,16.0005,0.000225
output154,VSS,Metal1,12.4430,63.0405,0.000229
output153,VSS,Metal1,12.4430,85.9190,0.000185
output152,VSS,Metal1,53.6365,31.0390,0.000302
output151,VSS,Metal1,39.6365,23.8405,0.000306
output150,VSS,Metal1,12.4430,133.6005,0.000076
output149,VSS,Metal1,12.4430,94.4005,0.000194
output148,VSS,Metal1,71.5565,31.0390,0.000321
output147,VSS,Metal1,154.4365,16.0005,0.000168
output146,VSS,Metal1,158.9165,31.0390,0.000273
output145,VSS,Metal1,145.4765,16.0005,0.000183
output144,VSS,Metal1,182.8330,23.1415,0.000289
output143,VSS,Metal1,194.6065,23.1415,0.000288
output142,VSS,Metal1,251.1665,16.0580,0.000088
output141,VSS,Metal1,382.7530,117.2215,0.000355
output140,VSS,Metal1,364.8330,93.7015,0.000174
output139,VSS,Metal1,382.2800,101.4625,0.000385
output138,VSS,Metal1,373.7930,140.7415,0.000235
output137,VSS,Metal1,182.2730,392.3780,0.000019
output136,VSS,Metal1,256.0430,376.6405,0.000067
output135,VSS,Metal1,373.3200,132.8225,0.000084
output134,VSS,Metal1,229.3265,384.5380,0.000067
output133,VSS,Metal1,232.1265,392.3780,0.000023
output132,VSS,Metal1,267.2430,384.4805,0.000071
output131,VSS,Metal1,258.2830,375.9990,0.000067
output130,VSS,Metal1,240.9230,392.3205,0.000023
output129,VSS,Metal1,279.0030,392.3205,0.000020
output128,VSS,Metal1,13.7265,298.2980,0.000218
output127,VSS,Metal1,236.6065,391.6215,0.000023
output126,VSS,Metal1,248.9265,391.6215,0.000022
output125,VSS,Metal1,266.8465,391.6215,0.000020
output124,VSS,Metal1,373.7930,117.2215,0.000354
output123,VSS,Metal1,209.7265,383.7815,0.000064
output122,VSS,Metal1,191.2330,392.3780,0.000021
output121,VSS,Metal1,274.5230,391.6790,0.000020
output120,VSS,Metal1,237.1665,383.7815,0.000070
output119,VSS,Metal1,375.0765,164.3190,0.000391
output118,VSS,Metal1,374.5165,172.8005,0.000515
output117,VSS,Metal1,382.7530,164.2615,0.000391
output116,VSS,Metal1,382.7530,187.7815,0.000384
output115,VSS,Metal1,373.7930,179.9415,0.000234
output114,VSS,Metal1,382.7530,179.9415,0.000235
output113,VSS,Metal1,364.8330,117.2215,0.000351
input112,VSS,Metal1,217.4030,391.6790,0.000023
input111,VSS,Metal1,12.1965,391.6790,0.000014
input110,VSS,Metal1,12.1965,188.4805,0.000301
input109,VSS,Metal1,12.1965,212.0005,0.000334
input108,VSS,Metal1,12.1965,195.6790,0.000182
input107,VSS,Metal1,12.1965,204.1605,0.000391
input106,VSS,Metal1,12.1965,203.5190,0.000391
input105,VSS,Metal1,12.1965,227.6805,0.000309
input104,VSS,Metal1,12.1965,235.5205,0.000321
input103,VSS,Metal1,12.1965,234.8790,0.000321
input102,VSS,Metal1,12.1965,227.0390,0.000309
input101,VSS,Metal1,12.1965,172.8005,0.000628
input100,VSS,Metal1,259.9630,16.0005,0.000082
input99,VSS,Metal1,171.7965,38.8790,0.000345
input98,VSS,Metal1,375.3230,93.7590,0.000175
input97,VSS,Metal1,374.5165,94.4005,0.000175
input96,VSS,Metal1,178.5165,23.8405,0.000289
input95,VSS,Metal1,179.8830,31.0390,0.000244
input94,VSS,Metal1,247.6430,23.1990,0.000273
input93,VSS,Metal1,374.5165,117.9205,0.000354
input92,VSS,Metal1,384.2830,85.9190,0.000275
input91,VSS,Metal1,354.9165,109.4390,0.000365
input90,VSS,Metal1,375.3230,148.6390,0.000405
input89,VSS,Metal1,384.0365,125.1190,0.000286
input88,VSS,Metal1,365.5565,133.6005,0.000083
input87,VSS,Metal1,375.0765,172.1590,0.000515
input86,VSS,Metal1,384.2830,156.4790,0.000309
input85,VSS,Metal1,356.8430,125.7605,0.000283
input84,VSS,Metal1,183.5565,16.0005,0.000122
input83,VSS,Metal1,191.9565,23.8405,0.000288
input82,VSS,Metal1,354.9165,101.5990,0.000380
input81,VSS,Metal1,375.0765,125.1190,0.000286
input80,VSS,Metal1,375.3230,101.5990,0.000384
input79,VSS,Metal1,365.8030,94.4005,0.000174
input78,VSS,Metal1,374.5165,133.6005,0.000084
input77,VSS,Metal1,374.7630,125.7605,0.000286
input76,VSS,Metal1,366.3630,125.1190,0.000285
input75,VSS,Metal1,366.3630,164.3190,0.000390
input74,VSS,Metal1,384.2830,140.7990,0.000235
input73,VSS,Metal1,374.7630,149.2805,0.000405
input72,VSS,Metal1,375.0765,156.4790,0.000308
input71,VSS,Metal1,384.2830,148.6390,0.000405
input70,VSS,Metal1,365.8030,157.1205,0.000307
input69,VSS,Metal1,384.2830,93.7590,0.000175
input68,VSS,Metal1,366.3630,101.5990,0.000382
input67,VSS,Metal1,355.1630,117.2790,0.000347
input66,VSS,Metal1,173.4765,16.0005,0.000133
input65,VSS,Metal1,188.5965,31.0390,0.000244
input64,VSS,Metal1,374.5165,78.7205,0.000108
input63,VSS,Metal1,365.5565,125.7605,0.000285
input62,VSS,Metal1,365.5565,102.2405,0.000382
input61,VSS,Metal1,374.5165,86.5605,0.000275
input60,VSS,Metal1,366.1165,156.4790,0.000307
input59,VSS,Metal1,365.5565,141.4405,0.000231
input58,VSS,Metal1,384.0365,109.4390,0.000366
input57,VSS,Metal1,374.5165,180.6405,0.000234
input56,VSS,Metal1,374.7630,157.1205,0.000308
input55,VSS,Metal1,214.3565,23.1990,0.000282
input54,VSS,Metal1,178.5165,39.5205,0.000332
input53,VSS,Metal1,164.5165,16.0005,0.000149
input52,VSS,Metal1,240.9230,16.0005,0.000095
input51,VSS,Metal1,354.9165,140.7990,0.000229
input50,VSS,Metal1,356.5965,117.9205,0.000347
input49,VSS,Metal1,375.3230,85.9190,0.000275
input48,VSS,Metal1,366.1165,148.6390,0.000404
input47,VSS,Metal1,354.9165,148.6390,0.000402
input46,VSS,Metal1,356.5965,133.6005,0.000081
input45,VSS,Metal1,374.7630,141.4405,0.000235
input44,VSS,Metal1,366.1165,172.1590,0.000515
input43,VSS,Metal1,384.2830,132.9590,0.000084
input42,VSS,Metal1,365.5565,149.2805,0.000404
input41,VSS,Metal1,384.2830,172.1590,0.000516
input40,VSS,Metal1,374.5165,164.9605,0.000391
input39,VSS,Metal1,354.9165,125.1190,0.000283
input38,VSS,Metal1,126.4365,16.0005,0.000213
input37,VSS,Metal1,12.1965,157.1205,0.000244
input36,VSS,Metal1,31.2365,16.0005,0.000172
input35,VSS,Metal1,55.5630,46.7190,0.000406
input34,VSS,Metal1,91.1565,31.6805,0.000322
input33,VSS,Metal1,80.7630,31.0390,0.000322
input32,VSS,Metal1,139.5630,39.5205,0.000358
input31,VSS,Metal1,82.1965,31.6805,0.000322
input30,VSS,Metal1,173.7230,392.3205,0.000019
input29,VSS,Metal1,259.7165,392.3205,0.000021
input28,VSS,Metal1,117.7230,23.8405,0.000312
input27,VSS,Metal1,213.4830,376.6405,0.000065
input26,VSS,Metal1,221.8830,392.3205,0.000023
input25,VSS,Metal1,245.7165,384.4805,0.000071
input24,VSS,Metal1,256.6030,391.6790,0.000021
input23,VSS,Metal1,226.3630,391.6790,0.000023
input22,VSS,Metal1,254.6765,384.4805,0.000071
input21,VSS,Metal1,12.1965,305.4390,0.000362
input20,VSS,Metal1,217.4030,383.8390,0.000064
input19,VSS,Metal1,236.7565,384.4805,0.000070
input18,VSS,Metal1,249.8830,392.3205,0.000022
input17,VSS,Metal1,139.3165,55.2005,0.000402
input16,VSS,Metal1,189.4030,391.6790,0.000021
input15,VSS,Metal1,174.2830,391.6790,0.000019
input14,VSS,Metal1,268.6765,392.3205,0.000020
input13,VSS,Metal1,226.3630,383.8390,0.000067
input12,VSS,Metal1,12.1965,62.3990,0.000229
input11,VSS,Metal1,12.1965,78.7205,0.000203
input10,VSS,Metal1,77.4030,47.3605,0.000413
input9,VSS,Metal1,61.1630,47.3605,0.000411
input8,VSS,Metal1,12.1965,132.9590,0.000076
input7,VSS,Metal1,12.1965,110.0805,0.000239
input6,VSS,Metal1,93.0830,62.3990,0.000309
input5,VSS,Metal1,136.5165,31.0390,0.000296
input4,VSS,Metal1,158.9165,23.1990,0.000305
input3,VSS,Metal1,167.3165,39.5205,0.000346
input2,VSS,Metal1,156.1165,39.5205,0.000358
input1,VSS,Metal1,119.7165,31.0390,0.000301
udma_uart_top_356,VSS,Metal1,9.3375,31.7250,0.000235
udma_uart_top_355,VSS,Metal1,386.0200,392.3650,0.000015
udma_uart_top_354,VSS,Metal1,112.3800,23.8850,0.000316
udma_uart_top_353,VSS,Metal1,384.9000,30.9950,0.000152
udma_uart_top_352,VSS,Metal1,384.9000,383.7950,0.000065
udma_uart_top_351,VSS,Metal1,19.9800,392.3650,0.000013
udma_uart_top_350,VSS,Metal1,380.6200,16.0450,0.000047
udma_uart_top_349,VSS,Metal1,387.1400,30.9950,0.000152
udma_uart_top_348,VSS,Metal1,387.1400,391.6350,0.000015
udma_uart_top_347,VSS,Metal1,387.1400,38.8350,0.000238
udma_uart_top_346,VSS,Metal1,384.9000,391.6350,0.000015
udma_uart_top_345,VSS,Metal1,11.5800,23.8850,0.000242
udma_uart_top_344,VSS,Metal1,345.9000,16.0450,0.000047
udma_uart_top_343,VSS,Metal1,166.1400,23.1550,0.000304
udma_uart_top_342,VSS,Metal1,9.3400,30.9950,0.000235
udma_uart_top_341,VSS,Metal1,387.1400,23.8850,0.000204
udma_uart_top_340,VSS,Metal1,9.3400,23.8850,0.000242
udma_uart_top_339,VSS,Metal1,387.1400,384.5250,0.000065
udma_uart_top_338,VSS,Metal1,384.9000,384.5250,0.000065
udma_uart_top_337,VSS,Metal1,126.9400,30.9950,0.000301
udma_uart_top_336,VSS,Metal1,17.7400,392.3650,0.000013
udma_uart_top_335,VSS,Metal1,224.7400,16.0450,0.000104
udma_uart_top_334,VSS,Metal1,170.0600,23.1550,0.000303
udma_uart_top_333,VSS,Metal1,387.1400,383.7950,0.000065
udma_uart_top_332,VSS,Metal1,387.1400,31.7250,0.000152
udma_uart_top_331,VSS,Metal1,387.1400,376.6850,0.000064
udma_uart_top_330,VSS,Metal1,348.7000,16.0450,0.000047
udma_uart_top_329,VSS,Metal1,387.1400,368.1150,0.000026
udma_uart_top_328,VSS,Metal1,11.5800,30.9950,0.000235
udma_uart_top_327,VSS,Metal1,382.6600,384.5250,0.000065
udma_uart_top_326,VSS,Metal1,382.6600,391.6350,0.000015
udma_uart_top_325,VSS,Metal1,384.9000,31.7250,0.000152
TAP_TAPCELL_ROW_96_1135,VSS,Metal1,388.0800,392.4690,0.000015
TAP_TAPCELL_ROW_96_1134,VSS,Metal1,369.0400,392.4690,0.000015
TAP_TAPCELL_ROW_96_1133,VSS,Metal1,350.0000,392.4690,0.000015
TAP_TAPCELL_ROW_96_1132,VSS,Metal1,330.9600,392.4690,0.000015
TAP_TAPCELL_ROW_96_1131,VSS,Metal1,311.9200,392.4690,0.000016
TAP_TAPCELL_ROW_96_1130,VSS,Metal1,292.8800,392.4690,0.000016
TAP_TAPCELL_ROW_96_1129,VSS,Metal1,273.8400,392.4690,0.000020
TAP_TAPCELL_ROW_96_1128,VSS,Metal1,254.8000,392.4690,0.000021
TAP_TAPCELL_ROW_96_1127,VSS,Metal1,235.7600,392.4690,0.000023
TAP_TAPCELL_ROW_96_1126,VSS,Metal1,216.7200,392.4690,0.000023
TAP_TAPCELL_ROW_96_1125,VSS,Metal1,197.6800,392.4690,0.000022
TAP_TAPCELL_ROW_96_1124,VSS,Metal1,178.6400,392.4690,0.000019
TAP_TAPCELL_ROW_96_1123,VSS,Metal1,159.6000,392.4690,0.000017
TAP_TAPCELL_ROW_96_1122,VSS,Metal1,140.5600,392.4690,0.000015
TAP_TAPCELL_ROW_96_1121,VSS,Metal1,121.5200,392.4690,0.000015
TAP_TAPCELL_ROW_96_1120,VSS,Metal1,102.4800,392.4690,0.000015
TAP_TAPCELL_ROW_96_1119,VSS,Metal1,83.4400,392.4690,0.000015
TAP_TAPCELL_ROW_96_1118,VSS,Metal1,64.4000,392.4690,0.000014
TAP_TAPCELL_ROW_96_1117,VSS,Metal1,45.3600,392.4690,0.000014
TAP_TAPCELL_ROW_96_1116,VSS,Metal1,26.3200,392.4690,0.000013
TAP_TAPCELL_ROW_95_1115,VSS,Metal1,360.0800,391.5305,0.000015
TAP_TAPCELL_ROW_95_1114,VSS,Metal1,320.8800,391.5305,0.000015
TAP_TAPCELL_ROW_95_1113,VSS,Metal1,281.6800,391.5305,0.000020
TAP_TAPCELL_ROW_95_1112,VSS,Metal1,242.4800,391.5305,0.000023
TAP_TAPCELL_ROW_95_1111,VSS,Metal1,203.2800,391.5305,0.000023
TAP_TAPCELL_ROW_95_1110,VSS,Metal1,164.0800,391.5305,0.000018
TAP_TAPCELL_ROW_95_1109,VSS,Metal1,124.8800,391.5305,0.000015
TAP_TAPCELL_ROW_95_1108,VSS,Metal1,85.6800,391.5305,0.000015
TAP_TAPCELL_ROW_95_1107,VSS,Metal1,46.4800,391.5305,0.000014
TAP_TAPCELL_ROW_94_1106,VSS,Metal1,379.6800,384.6290,0.000065
TAP_TAPCELL_ROW_94_1105,VSS,Metal1,340.4800,384.6290,0.000065
TAP_TAPCELL_ROW_94_1104,VSS,Metal1,301.2800,384.6290,0.000066
TAP_TAPCELL_ROW_94_1103,VSS,Metal1,262.0800,384.6290,0.000071
TAP_TAPCELL_ROW_94_1102,VSS,Metal1,222.8800,384.6290,0.000065
TAP_TAPCELL_ROW_94_1101,VSS,Metal1,183.6800,384.6290,0.000060
TAP_TAPCELL_ROW_94_1100,VSS,Metal1,144.4800,384.6290,0.000053
TAP_TAPCELL_ROW_94_1099,VSS,Metal1,105.2800,384.6290,0.000053
TAP_TAPCELL_ROW_94_1098,VSS,Metal1,66.0800,384.6290,0.000053
TAP_TAPCELL_ROW_94_1097,VSS,Metal1,26.8800,384.6290,0.000053
TAP_TAPCELL_ROW_93_1096,VSS,Metal1,360.0800,383.6905,0.000065
TAP_TAPCELL_ROW_93_1095,VSS,Metal1,320.8800,383.6905,0.000065
TAP_TAPCELL_ROW_93_1094,VSS,Metal1,281.6800,383.6905,0.000069
TAP_TAPCELL_ROW_93_1093,VSS,Metal1,242.4800,383.6905,0.000071
TAP_TAPCELL_ROW_93_1092,VSS,Metal1,203.2800,383.6905,0.000064
TAP_TAPCELL_ROW_93_1091,VSS,Metal1,164.0800,383.6905,0.000053
TAP_TAPCELL_ROW_93_1090,VSS,Metal1,124.8800,383.6905,0.000053
TAP_TAPCELL_ROW_93_1089,VSS,Metal1,85.6800,383.6905,0.000053
TAP_TAPCELL_ROW_93_1088,VSS,Metal1,46.4800,383.6905,0.000053
TAP_TAPCELL_ROW_92_1087,VSS,Metal1,379.6800,376.7890,0.000064
TAP_TAPCELL_ROW_92_1086,VSS,Metal1,340.4800,376.7890,0.000064
TAP_TAPCELL_ROW_92_1085,VSS,Metal1,301.2800,376.7890,0.000064
TAP_TAPCELL_ROW_92_1084,VSS,Metal1,262.0800,376.7890,0.000067
TAP_TAPCELL_ROW_92_1083,VSS,Metal1,222.8800,376.7890,0.000066
TAP_TAPCELL_ROW_92_1082,VSS,Metal1,183.6800,376.7890,0.000045
TAP_TAPCELL_ROW_92_1081,VSS,Metal1,144.4800,376.7890,0.000043
TAP_TAPCELL_ROW_92_1080,VSS,Metal1,105.2800,376.7890,0.000042
TAP_TAPCELL_ROW_92_1079,VSS,Metal1,66.0800,376.7890,0.000042
TAP_TAPCELL_ROW_92_1078,VSS,Metal1,26.8800,376.7890,0.000042
TAP_TAPCELL_ROW_91_1077,VSS,Metal1,360.0800,375.8505,0.000064
TAP_TAPCELL_ROW_91_1076,VSS,Metal1,320.8800,375.8505,0.000064
TAP_TAPCELL_ROW_91_1075,VSS,Metal1,281.6800,375.8505,0.000065
TAP_TAPCELL_ROW_91_1074,VSS,Metal1,242.4800,375.8505,0.000067
TAP_TAPCELL_ROW_91_1073,VSS,Metal1,203.2800,375.8505,0.000060
TAP_TAPCELL_ROW_91_1072,VSS,Metal1,164.0800,375.8505,0.000043
TAP_TAPCELL_ROW_91_1071,VSS,Metal1,124.8800,375.8505,0.000043
TAP_TAPCELL_ROW_91_1070,VSS,Metal1,85.6800,375.8505,0.000042
TAP_TAPCELL_ROW_91_1069,VSS,Metal1,46.4800,375.8505,0.000042
TAP_TAPCELL_ROW_90_1068,VSS,Metal1,379.6800,368.9490,0.000026
TAP_TAPCELL_ROW_90_1067,VSS,Metal1,340.4800,368.9490,0.000026
TAP_TAPCELL_ROW_90_1066,VSS,Metal1,301.2800,368.9490,0.000026
TAP_TAPCELL_ROW_90_1065,VSS,Metal1,262.0800,368.9490,0.000027
TAP_TAPCELL_ROW_90_1064,VSS,Metal1,222.8800,368.9490,0.000025
TAP_TAPCELL_ROW_90_1063,VSS,Metal1,183.6800,368.9490,0.000022
TAP_TAPCELL_ROW_90_1062,VSS,Metal1,144.4800,368.9490,0.000022
TAP_TAPCELL_ROW_90_1061,VSS,Metal1,105.2800,368.9490,0.000022
TAP_TAPCELL_ROW_90_1060,VSS,Metal1,66.0800,368.9490,0.000022
TAP_TAPCELL_ROW_90_1059,VSS,Metal1,26.8800,368.9490,0.000022
TAP_TAPCELL_ROW_89_1058,VSS,Metal1,360.0800,368.0105,0.000026
TAP_TAPCELL_ROW_89_1057,VSS,Metal1,320.8800,368.0105,0.000026
TAP_TAPCELL_ROW_89_1056,VSS,Metal1,281.6800,368.0105,0.000027
TAP_TAPCELL_ROW_89_1055,VSS,Metal1,242.4800,368.0105,0.000028
TAP_TAPCELL_ROW_89_1054,VSS,Metal1,203.2800,368.0105,0.000024
TAP_TAPCELL_ROW_89_1053,VSS,Metal1,164.0800,368.0105,0.000022
TAP_TAPCELL_ROW_89_1052,VSS,Metal1,124.8800,368.0105,0.000022
TAP_TAPCELL_ROW_89_1051,VSS,Metal1,85.6800,368.0105,0.000022
TAP_TAPCELL_ROW_89_1050,VSS,Metal1,46.4800,368.0105,0.000022
TAP_TAPCELL_ROW_88_1049,VSS,Metal1,379.6800,361.1090,0.000120
TAP_TAPCELL_ROW_88_1048,VSS,Metal1,340.4800,361.1090,0.000120
TAP_TAPCELL_ROW_88_1047,VSS,Metal1,301.2800,361.1090,0.000120
TAP_TAPCELL_ROW_88_1046,VSS,Metal1,262.0800,361.1090,0.000113
TAP_TAPCELL_ROW_88_1045,VSS,Metal1,222.8800,361.1090,0.000103
TAP_TAPCELL_ROW_88_1044,VSS,Metal1,183.6800,361.1090,0.000089
TAP_TAPCELL_ROW_88_1043,VSS,Metal1,144.4800,361.1090,0.000089
TAP_TAPCELL_ROW_88_1042,VSS,Metal1,105.2800,361.1090,0.000088
TAP_TAPCELL_ROW_88_1041,VSS,Metal1,66.0800,361.1090,0.000088
TAP_TAPCELL_ROW_88_1040,VSS,Metal1,26.8800,361.1090,0.000088
TAP_TAPCELL_ROW_87_1039,VSS,Metal1,360.0800,360.1705,0.000120
TAP_TAPCELL_ROW_87_1038,VSS,Metal1,320.8800,360.1705,0.000120
TAP_TAPCELL_ROW_87_1037,VSS,Metal1,281.6800,360.1705,0.000124
TAP_TAPCELL_ROW_87_1036,VSS,Metal1,242.4800,360.1705,0.000106
TAP_TAPCELL_ROW_87_1035,VSS,Metal1,203.2800,360.1705,0.000097
TAP_TAPCELL_ROW_87_1034,VSS,Metal1,164.0800,360.1705,0.000089
TAP_TAPCELL_ROW_87_1033,VSS,Metal1,124.8800,360.1705,0.000088
TAP_TAPCELL_ROW_87_1032,VSS,Metal1,85.6800,360.1705,0.000088
TAP_TAPCELL_ROW_87_1031,VSS,Metal1,46.4800,360.1705,0.000088
TAP_TAPCELL_ROW_86_1030,VSS,Metal1,379.6800,353.2690,0.000187
TAP_TAPCELL_ROW_86_1029,VSS,Metal1,340.4800,353.2690,0.000187
TAP_TAPCELL_ROW_86_1028,VSS,Metal1,301.2800,353.2690,0.000213
TAP_TAPCELL_ROW_86_1027,VSS,Metal1,262.0800,353.2690,0.000223
TAP_TAPCELL_ROW_86_1026,VSS,Metal1,222.8800,353.2690,0.000221
TAP_TAPCELL_ROW_86_1025,VSS,Metal1,183.6800,353.2690,0.000210
TAP_TAPCELL_ROW_86_1024,VSS,Metal1,144.4800,353.2690,0.000201
TAP_TAPCELL_ROW_86_1023,VSS,Metal1,105.2800,353.2690,0.000200
TAP_TAPCELL_ROW_86_1022,VSS,Metal1,66.0800,353.2690,0.000199
TAP_TAPCELL_ROW_86_1021,VSS,Metal1,26.8800,353.2690,0.000198
TAP_TAPCELL_ROW_85_1020,VSS,Metal1,360.0800,352.3305,0.000187
TAP_TAPCELL_ROW_85_1019,VSS,Metal1,320.8800,352.3305,0.000187
TAP_TAPCELL_ROW_85_1018,VSS,Metal1,281.6800,352.3305,0.000224
TAP_TAPCELL_ROW_85_1017,VSS,Metal1,242.4800,352.3305,0.000222
TAP_TAPCELL_ROW_85_1016,VSS,Metal1,203.2800,352.3305,0.000218
TAP_TAPCELL_ROW_85_1015,VSS,Metal1,164.0800,352.3305,0.000201
TAP_TAPCELL_ROW_85_1014,VSS,Metal1,124.8800,352.3305,0.000200
TAP_TAPCELL_ROW_85_1013,VSS,Metal1,85.6800,352.3305,0.000199
TAP_TAPCELL_ROW_85_1012,VSS,Metal1,46.4800,352.3305,0.000199
TAP_TAPCELL_ROW_84_1011,VSS,Metal1,379.6800,345.4290,0.000146
TAP_TAPCELL_ROW_84_1010,VSS,Metal1,340.4800,345.4290,0.000146
TAP_TAPCELL_ROW_84_1009,VSS,Metal1,301.2800,345.4290,0.000181
TAP_TAPCELL_ROW_84_1008,VSS,Metal1,262.0800,345.4290,0.000211
TAP_TAPCELL_ROW_84_1007,VSS,Metal1,222.8800,345.4290,0.000219
TAP_TAPCELL_ROW_84_1006,VSS,Metal1,183.6800,345.4290,0.000222
TAP_TAPCELL_ROW_84_1005,VSS,Metal1,144.4800,345.4290,0.000226
TAP_TAPCELL_ROW_84_1004,VSS,Metal1,105.2800,345.4290,0.000220
TAP_TAPCELL_ROW_84_1003,VSS,Metal1,66.0800,345.4290,0.000217
TAP_TAPCELL_ROW_84_1002,VSS,Metal1,26.8800,345.4290,0.000215
TAP_TAPCELL_ROW_83_1001,VSS,Metal1,360.0800,344.4905,0.000146
TAP_TAPCELL_ROW_83_1000,VSS,Metal1,320.8800,344.4905,0.000167
TAP_TAPCELL_ROW_83_999,VSS,Metal1,281.6800,344.4905,0.000188
TAP_TAPCELL_ROW_83_998,VSS,Metal1,242.4800,344.4905,0.000218
TAP_TAPCELL_ROW_83_997,VSS,Metal1,203.2800,344.4905,0.000222
TAP_TAPCELL_ROW_83_996,VSS,Metal1,164.0800,344.4905,0.000226
TAP_TAPCELL_ROW_83_995,VSS,Metal1,124.8800,344.4905,0.000226
TAP_TAPCELL_ROW_83_994,VSS,Metal1,85.6800,344.4905,0.000220
TAP_TAPCELL_ROW_83_993,VSS,Metal1,46.4800,344.4905,0.000216
TAP_TAPCELL_ROW_82_992,VSS,Metal1,379.6800,337.5890,0.000377
TAP_TAPCELL_ROW_82_991,VSS,Metal1,340.4800,337.5890,0.000377
TAP_TAPCELL_ROW_82_990,VSS,Metal1,301.2800,337.5890,0.000408
TAP_TAPCELL_ROW_82_989,VSS,Metal1,262.0800,337.5890,0.000436
TAP_TAPCELL_ROW_82_988,VSS,Metal1,222.8800,337.5890,0.000426
TAP_TAPCELL_ROW_82_987,VSS,Metal1,183.6800,337.5890,0.000421
TAP_TAPCELL_ROW_82_986,VSS,Metal1,144.4800,337.5890,0.000417
TAP_TAPCELL_ROW_82_985,VSS,Metal1,105.2800,337.5890,0.000400
TAP_TAPCELL_ROW_82_984,VSS,Metal1,66.0800,337.5890,0.000398
TAP_TAPCELL_ROW_82_983,VSS,Metal1,26.8800,337.5890,0.000347
TAP_TAPCELL_ROW_81_982,VSS,Metal1,360.0800,336.6505,0.000377
TAP_TAPCELL_ROW_81_981,VSS,Metal1,320.8800,336.6505,0.000377
TAP_TAPCELL_ROW_81_980,VSS,Metal1,281.6800,336.6505,0.000436
TAP_TAPCELL_ROW_81_979,VSS,Metal1,242.4800,336.6505,0.000436
TAP_TAPCELL_ROW_81_978,VSS,Metal1,203.2800,336.6505,0.000425
TAP_TAPCELL_ROW_81_977,VSS,Metal1,164.0800,336.6505,0.000422
TAP_TAPCELL_ROW_81_976,VSS,Metal1,124.8800,336.6505,0.000415
TAP_TAPCELL_ROW_81_975,VSS,Metal1,85.6800,336.6505,0.000398
TAP_TAPCELL_ROW_81_974,VSS,Metal1,46.4800,336.6505,0.000372
TAP_TAPCELL_ROW_80_973,VSS,Metal1,379.6800,329.7490,0.000317
TAP_TAPCELL_ROW_80_972,VSS,Metal1,340.4800,329.7490,0.000317
TAP_TAPCELL_ROW_80_971,VSS,Metal1,301.2800,329.7490,0.000318
TAP_TAPCELL_ROW_80_970,VSS,Metal1,262.0800,329.7490,0.000369
TAP_TAPCELL_ROW_80_969,VSS,Metal1,222.8800,329.7490,0.000384
TAP_TAPCELL_ROW_80_968,VSS,Metal1,183.6800,329.7490,0.000386
TAP_TAPCELL_ROW_80_967,VSS,Metal1,144.4800,329.7490,0.000388
TAP_TAPCELL_ROW_80_966,VSS,Metal1,105.2800,329.7490,0.000352
TAP_TAPCELL_ROW_80_965,VSS,Metal1,66.0800,329.7490,0.000339
TAP_TAPCELL_ROW_80_964,VSS,Metal1,26.8800,329.7490,0.000294
TAP_TAPCELL_ROW_79_963,VSS,Metal1,360.0800,328.8105,0.000317
TAP_TAPCELL_ROW_79_962,VSS,Metal1,320.8800,328.8105,0.000317
TAP_TAPCELL_ROW_79_961,VSS,Metal1,281.6800,328.8105,0.000354
TAP_TAPCELL_ROW_79_960,VSS,Metal1,242.4800,328.8105,0.000381
TAP_TAPCELL_ROW_79_959,VSS,Metal1,203.2800,328.8105,0.000387
TAP_TAPCELL_ROW_79_958,VSS,Metal1,164.0800,328.8105,0.000387
TAP_TAPCELL_ROW_79_957,VSS,Metal1,124.8800,328.8105,0.000388
TAP_TAPCELL_ROW_79_956,VSS,Metal1,85.6800,328.8105,0.000346
TAP_TAPCELL_ROW_79_955,VSS,Metal1,46.4800,328.8105,0.000296
TAP_TAPCELL_ROW_78_954,VSS,Metal1,379.6800,321.9090,0.000394
TAP_TAPCELL_ROW_78_953,VSS,Metal1,340.4800,321.9090,0.000394
TAP_TAPCELL_ROW_78_952,VSS,Metal1,301.2800,321.9090,0.000399
TAP_TAPCELL_ROW_78_951,VSS,Metal1,262.0800,321.9090,0.000420
TAP_TAPCELL_ROW_78_950,VSS,Metal1,222.8800,321.9090,0.000369
TAP_TAPCELL_ROW_78_949,VSS,Metal1,183.6800,321.9090,0.000321
TAP_TAPCELL_ROW_78_948,VSS,Metal1,144.4800,321.9090,0.000318
TAP_TAPCELL_ROW_78_947,VSS,Metal1,105.2800,321.9090,0.000309
TAP_TAPCELL_ROW_78_946,VSS,Metal1,66.0800,321.9090,0.000294
TAP_TAPCELL_ROW_78_945,VSS,Metal1,26.8800,321.9090,0.000261
TAP_TAPCELL_ROW_77_944,VSS,Metal1,360.0800,320.9705,0.000394
TAP_TAPCELL_ROW_77_943,VSS,Metal1,320.8800,320.9705,0.000394
TAP_TAPCELL_ROW_77_942,VSS,Metal1,281.6800,320.9705,0.000420
TAP_TAPCELL_ROW_77_941,VSS,Metal1,242.4800,320.9705,0.000412
TAP_TAPCELL_ROW_77_940,VSS,Metal1,203.2800,320.9705,0.000342
TAP_TAPCELL_ROW_77_939,VSS,Metal1,164.0800,320.9705,0.000319
TAP_TAPCELL_ROW_77_938,VSS,Metal1,124.8800,320.9705,0.000316
TAP_TAPCELL_ROW_77_937,VSS,Metal1,85.6800,320.9705,0.000303
TAP_TAPCELL_ROW_77_936,VSS,Metal1,46.4800,320.9705,0.000268
TAP_TAPCELL_ROW_76_935,VSS,Metal1,379.6800,314.0690,0.000186
TAP_TAPCELL_ROW_76_934,VSS,Metal1,340.4800,314.0690,0.000186
TAP_TAPCELL_ROW_76_933,VSS,Metal1,301.2800,314.0690,0.000206
TAP_TAPCELL_ROW_76_932,VSS,Metal1,262.0800,314.0690,0.000260
TAP_TAPCELL_ROW_76_931,VSS,Metal1,222.8800,314.0690,0.000262
TAP_TAPCELL_ROW_76_930,VSS,Metal1,183.6800,314.0690,0.000264
TAP_TAPCELL_ROW_76_929,VSS,Metal1,144.4800,314.0690,0.000285
TAP_TAPCELL_ROW_76_928,VSS,Metal1,105.2800,314.0690,0.000277
TAP_TAPCELL_ROW_76_927,VSS,Metal1,66.0800,314.0690,0.000270
TAP_TAPCELL_ROW_76_926,VSS,Metal1,26.8800,314.0690,0.000261
TAP_TAPCELL_ROW_75_925,VSS,Metal1,360.0800,313.1305,0.000186
TAP_TAPCELL_ROW_75_924,VSS,Metal1,320.8800,313.1305,0.000202
TAP_TAPCELL_ROW_75_923,VSS,Metal1,281.6800,313.1305,0.000255
TAP_TAPCELL_ROW_75_922,VSS,Metal1,242.4800,313.1305,0.000260
TAP_TAPCELL_ROW_75_921,VSS,Metal1,203.2800,313.1305,0.000263
TAP_TAPCELL_ROW_75_920,VSS,Metal1,164.0800,313.1305,0.000285
TAP_TAPCELL_ROW_75_919,VSS,Metal1,124.8800,313.1305,0.000282
TAP_TAPCELL_ROW_75_918,VSS,Metal1,85.6800,313.1305,0.000273
TAP_TAPCELL_ROW_75_917,VSS,Metal1,46.4800,313.1305,0.000268
TAP_TAPCELL_ROW_74_916,VSS,Metal1,379.6800,306.2290,0.000181
TAP_TAPCELL_ROW_74_915,VSS,Metal1,340.4800,306.2290,0.000181
TAP_TAPCELL_ROW_74_914,VSS,Metal1,301.2800,306.2290,0.000250
TAP_TAPCELL_ROW_74_913,VSS,Metal1,262.0800,306.2290,0.000254
TAP_TAPCELL_ROW_74_912,VSS,Metal1,222.8800,306.2290,0.000277
TAP_TAPCELL_ROW_74_911,VSS,Metal1,183.6800,306.2290,0.000278
TAP_TAPCELL_ROW_74_910,VSS,Metal1,144.4800,306.2290,0.000326
TAP_TAPCELL_ROW_74_909,VSS,Metal1,105.2800,306.2290,0.000346
TAP_TAPCELL_ROW_74_908,VSS,Metal1,66.0800,306.2290,0.000361
TAP_TAPCELL_ROW_74_907,VSS,Metal1,26.8800,306.2290,0.000356
TAP_TAPCELL_ROW_73_906,VSS,Metal1,360.0800,305.2905,0.000181
TAP_TAPCELL_ROW_73_905,VSS,Metal1,320.8800,305.2905,0.000225
TAP_TAPCELL_ROW_73_904,VSS,Metal1,281.6800,305.2905,0.000254
TAP_TAPCELL_ROW_73_903,VSS,Metal1,242.4800,305.2905,0.000268
TAP_TAPCELL_ROW_73_902,VSS,Metal1,203.2800,305.2905,0.000277
TAP_TAPCELL_ROW_73_901,VSS,Metal1,164.0800,305.2905,0.000309
TAP_TAPCELL_ROW_73_900,VSS,Metal1,124.8800,305.2905,0.000338
TAP_TAPCELL_ROW_73_899,VSS,Metal1,85.6800,305.2905,0.000346
TAP_TAPCELL_ROW_73_898,VSS,Metal1,46.4800,305.2905,0.000361
TAP_TAPCELL_ROW_72_897,VSS,Metal1,379.6800,298.3890,0.000214
TAP_TAPCELL_ROW_72_896,VSS,Metal1,340.4800,298.3890,0.000214
TAP_TAPCELL_ROW_72_895,VSS,Metal1,301.2800,298.3890,0.000235
TAP_TAPCELL_ROW_72_894,VSS,Metal1,262.0800,298.3890,0.000255
TAP_TAPCELL_ROW_72_893,VSS,Metal1,222.8800,298.3890,0.000257
TAP_TAPCELL_ROW_72_892,VSS,Metal1,183.6800,298.3890,0.000256
TAP_TAPCELL_ROW_72_891,VSS,Metal1,144.4800,298.3890,0.000254
TAP_TAPCELL_ROW_72_890,VSS,Metal1,105.2800,298.3890,0.000248
TAP_TAPCELL_ROW_72_889,VSS,Metal1,66.0800,298.3890,0.000229
TAP_TAPCELL_ROW_72_888,VSS,Metal1,26.8800,298.3890,0.000219
TAP_TAPCELL_ROW_71_887,VSS,Metal1,360.0800,297.4505,0.000214
TAP_TAPCELL_ROW_71_886,VSS,Metal1,320.8800,297.4505,0.000226
TAP_TAPCELL_ROW_71_885,VSS,Metal1,281.6800,297.4505,0.000243
TAP_TAPCELL_ROW_71_884,VSS,Metal1,242.4800,297.4505,0.000256
TAP_TAPCELL_ROW_71_883,VSS,Metal1,203.2800,297.4505,0.000257
TAP_TAPCELL_ROW_71_882,VSS,Metal1,164.0800,297.4505,0.000254
TAP_TAPCELL_ROW_71_881,VSS,Metal1,124.8800,297.4505,0.000251
TAP_TAPCELL_ROW_71_880,VSS,Metal1,85.6800,297.4505,0.000240
TAP_TAPCELL_ROW_71_879,VSS,Metal1,46.4800,297.4505,0.000229
TAP_TAPCELL_ROW_70_878,VSS,Metal1,379.6800,290.5490,0.000114
TAP_TAPCELL_ROW_70_877,VSS,Metal1,340.4800,290.5490,0.000114
TAP_TAPCELL_ROW_70_876,VSS,Metal1,301.2800,290.5490,0.000126
TAP_TAPCELL_ROW_70_875,VSS,Metal1,262.0800,290.5490,0.000139
TAP_TAPCELL_ROW_70_874,VSS,Metal1,222.8800,290.5490,0.000167
TAP_TAPCELL_ROW_70_873,VSS,Metal1,183.6800,290.5490,0.000179
TAP_TAPCELL_ROW_70_872,VSS,Metal1,144.4800,290.5490,0.000183
TAP_TAPCELL_ROW_70_871,VSS,Metal1,105.2800,290.5490,0.000199
TAP_TAPCELL_ROW_70_870,VSS,Metal1,66.0800,290.5490,0.000207
TAP_TAPCELL_ROW_70_869,VSS,Metal1,26.8800,290.5490,0.000202
TAP_TAPCELL_ROW_69_868,VSS,Metal1,360.0800,289.6105,0.000114
TAP_TAPCELL_ROW_69_867,VSS,Metal1,320.8800,289.6105,0.000119
TAP_TAPCELL_ROW_69_866,VSS,Metal1,281.6800,289.6105,0.000138
TAP_TAPCELL_ROW_69_865,VSS,Metal1,242.4800,289.6105,0.000146
TAP_TAPCELL_ROW_69_864,VSS,Metal1,203.2800,289.6105,0.000172
TAP_TAPCELL_ROW_69_863,VSS,Metal1,164.0800,289.6105,0.000182
TAP_TAPCELL_ROW_69_862,VSS,Metal1,124.8800,289.6105,0.000196
TAP_TAPCELL_ROW_69_861,VSS,Metal1,85.6800,289.6105,0.000206
TAP_TAPCELL_ROW_69_860,VSS,Metal1,46.4800,289.6105,0.000205
TAP_TAPCELL_ROW_68_859,VSS,Metal1,379.6800,282.7090,0.000111
TAP_TAPCELL_ROW_68_858,VSS,Metal1,340.4800,282.7090,0.000111
TAP_TAPCELL_ROW_68_857,VSS,Metal1,301.2800,282.7090,0.000122
TAP_TAPCELL_ROW_68_856,VSS,Metal1,262.0800,282.7090,0.000132
TAP_TAPCELL_ROW_68_855,VSS,Metal1,222.8800,282.7090,0.000148
TAP_TAPCELL_ROW_68_854,VSS,Metal1,183.6800,282.7090,0.000156
TAP_TAPCELL_ROW_68_853,VSS,Metal1,144.4800,282.7090,0.000177
TAP_TAPCELL_ROW_68_852,VSS,Metal1,105.2800,282.7090,0.000203
TAP_TAPCELL_ROW_68_851,VSS,Metal1,66.0800,282.7090,0.000227
TAP_TAPCELL_ROW_68_850,VSS,Metal1,26.8800,282.7090,0.000230
TAP_TAPCELL_ROW_67_849,VSS,Metal1,360.0800,281.7705,0.000111
TAP_TAPCELL_ROW_67_848,VSS,Metal1,320.8800,281.7705,0.000111
TAP_TAPCELL_ROW_67_847,VSS,Metal1,281.6800,281.7705,0.000130
TAP_TAPCELL_ROW_67_846,VSS,Metal1,242.4800,281.7705,0.000139
TAP_TAPCELL_ROW_67_845,VSS,Metal1,203.2800,281.7705,0.000150
TAP_TAPCELL_ROW_67_844,VSS,Metal1,164.0800,281.7705,0.000165
TAP_TAPCELL_ROW_67_843,VSS,Metal1,124.8800,281.7705,0.000201
TAP_TAPCELL_ROW_67_842,VSS,Metal1,85.6800,281.7705,0.000223
TAP_TAPCELL_ROW_67_841,VSS,Metal1,46.4800,281.7705,0.000238
TAP_TAPCELL_ROW_66_840,VSS,Metal1,379.6800,274.8690,0.000168
TAP_TAPCELL_ROW_66_839,VSS,Metal1,340.4800,274.8690,0.000168
TAP_TAPCELL_ROW_66_838,VSS,Metal1,301.2800,274.8690,0.000188
TAP_TAPCELL_ROW_66_837,VSS,Metal1,262.0800,274.8690,0.000238
TAP_TAPCELL_ROW_66_836,VSS,Metal1,222.8800,274.8690,0.000240
TAP_TAPCELL_ROW_66_835,VSS,Metal1,183.6800,274.8690,0.000250
TAP_TAPCELL_ROW_66_834,VSS,Metal1,144.4800,274.8690,0.000285
TAP_TAPCELL_ROW_66_833,VSS,Metal1,105.2800,274.8690,0.000350
TAP_TAPCELL_ROW_66_832,VSS,Metal1,66.0800,274.8690,0.000357
TAP_TAPCELL_ROW_66_831,VSS,Metal1,26.8800,274.8690,0.000340
TAP_TAPCELL_ROW_65_830,VSS,Metal1,360.0800,273.9305,0.000168
TAP_TAPCELL_ROW_65_829,VSS,Metal1,320.8800,273.9305,0.000171
TAP_TAPCELL_ROW_65_828,VSS,Metal1,281.6800,273.9305,0.000211
TAP_TAPCELL_ROW_65_827,VSS,Metal1,242.4800,273.9305,0.000238
TAP_TAPCELL_ROW_65_826,VSS,Metal1,203.2800,273.9305,0.000246
TAP_TAPCELL_ROW_65_825,VSS,Metal1,164.0800,273.9305,0.000281
TAP_TAPCELL_ROW_65_824,VSS,Metal1,124.8800,273.9305,0.000334
TAP_TAPCELL_ROW_65_823,VSS,Metal1,85.6800,273.9305,0.000358
TAP_TAPCELL_ROW_65_822,VSS,Metal1,46.4800,273.9305,0.000357
TAP_TAPCELL_ROW_64_821,VSS,Metal1,379.6800,267.0290,0.000414
TAP_TAPCELL_ROW_64_820,VSS,Metal1,340.4800,267.0290,0.000414
TAP_TAPCELL_ROW_64_819,VSS,Metal1,301.2800,267.0290,0.000423
TAP_TAPCELL_ROW_64_818,VSS,Metal1,262.0800,267.0290,0.000458
TAP_TAPCELL_ROW_64_817,VSS,Metal1,222.8800,267.0290,0.000414
TAP_TAPCELL_ROW_64_816,VSS,Metal1,183.6800,267.0290,0.000379
TAP_TAPCELL_ROW_64_815,VSS,Metal1,144.4800,267.0290,0.000369
TAP_TAPCELL_ROW_64_814,VSS,Metal1,105.2800,267.0290,0.000349
TAP_TAPCELL_ROW_64_813,VSS,Metal1,66.0800,267.0290,0.000307
TAP_TAPCELL_ROW_64_812,VSS,Metal1,26.8800,267.0290,0.000300
TAP_TAPCELL_ROW_63_811,VSS,Metal1,360.0800,266.0905,0.000414
TAP_TAPCELL_ROW_63_810,VSS,Metal1,320.8800,266.0905,0.000414
TAP_TAPCELL_ROW_63_809,VSS,Metal1,281.6800,266.0905,0.000457
TAP_TAPCELL_ROW_63_808,VSS,Metal1,242.4800,266.0905,0.000447
TAP_TAPCELL_ROW_63_807,VSS,Metal1,203.2800,266.0905,0.000398
TAP_TAPCELL_ROW_63_806,VSS,Metal1,164.0800,266.0905,0.000370
TAP_TAPCELL_ROW_63_805,VSS,Metal1,124.8800,266.0905,0.000363
TAP_TAPCELL_ROW_63_804,VSS,Metal1,85.6800,266.0905,0.000339
TAP_TAPCELL_ROW_63_803,VSS,Metal1,46.4800,266.0905,0.000302
TAP_TAPCELL_ROW_62_802,VSS,Metal1,379.6800,259.1890,0.000205
TAP_TAPCELL_ROW_62_801,VSS,Metal1,340.4800,259.1890,0.000205
TAP_TAPCELL_ROW_62_800,VSS,Metal1,301.2800,259.1890,0.000232
TAP_TAPCELL_ROW_62_799,VSS,Metal1,262.0800,259.1890,0.000236
TAP_TAPCELL_ROW_62_798,VSS,Metal1,222.8800,259.1890,0.000236
TAP_TAPCELL_ROW_62_797,VSS,Metal1,183.6800,259.1890,0.000238
TAP_TAPCELL_ROW_62_796,VSS,Metal1,144.4800,259.1890,0.000244
TAP_TAPCELL_ROW_62_795,VSS,Metal1,105.2800,259.1890,0.000217
TAP_TAPCELL_ROW_62_794,VSS,Metal1,66.0800,259.1890,0.000204
TAP_TAPCELL_ROW_62_793,VSS,Metal1,26.8800,259.1890,0.000195
TAP_TAPCELL_ROW_61_792,VSS,Metal1,360.0800,258.2505,0.000205
TAP_TAPCELL_ROW_61_791,VSS,Metal1,320.8800,258.2505,0.000205
TAP_TAPCELL_ROW_61_790,VSS,Metal1,281.6800,258.2505,0.000233
TAP_TAPCELL_ROW_61_789,VSS,Metal1,242.4800,258.2505,0.000236
TAP_TAPCELL_ROW_61_788,VSS,Metal1,203.2800,258.2505,0.000238
TAP_TAPCELL_ROW_61_787,VSS,Metal1,164.0800,258.2505,0.000249
TAP_TAPCELL_ROW_61_786,VSS,Metal1,124.8800,258.2505,0.000220
TAP_TAPCELL_ROW_61_785,VSS,Metal1,85.6800,258.2505,0.000214
TAP_TAPCELL_ROW_61_784,VSS,Metal1,46.4800,258.2505,0.000197
TAP_TAPCELL_ROW_60_783,VSS,Metal1,379.6800,251.3490,0.000238
TAP_TAPCELL_ROW_60_782,VSS,Metal1,340.4800,251.3490,0.000238
TAP_TAPCELL_ROW_60_781,VSS,Metal1,301.2800,251.3490,0.000239
TAP_TAPCELL_ROW_60_780,VSS,Metal1,262.0800,251.3490,0.000241
TAP_TAPCELL_ROW_60_779,VSS,Metal1,222.8800,251.3490,0.000241
TAP_TAPCELL_ROW_60_778,VSS,Metal1,183.6800,251.3490,0.000240
TAP_TAPCELL_ROW_60_777,VSS,Metal1,144.4800,251.3490,0.000256
TAP_TAPCELL_ROW_60_776,VSS,Metal1,105.2800,251.3490,0.000260
TAP_TAPCELL_ROW_60_775,VSS,Metal1,66.0800,251.3490,0.000226
TAP_TAPCELL_ROW_60_774,VSS,Metal1,26.8800,251.3490,0.000194
TAP_TAPCELL_ROW_59_773,VSS,Metal1,360.0800,250.4105,0.000238
TAP_TAPCELL_ROW_59_772,VSS,Metal1,320.8800,250.4105,0.000238
TAP_TAPCELL_ROW_59_771,VSS,Metal1,281.6800,250.4105,0.000241
TAP_TAPCELL_ROW_59_770,VSS,Metal1,242.4800,250.4105,0.000241
TAP_TAPCELL_ROW_59_769,VSS,Metal1,203.2800,250.4105,0.000240
TAP_TAPCELL_ROW_59_768,VSS,Metal1,164.0800,250.4105,0.000250
TAP_TAPCELL_ROW_59_767,VSS,Metal1,124.8800,250.4105,0.000259
TAP_TAPCELL_ROW_59_766,VSS,Metal1,85.6800,250.4105,0.000261
TAP_TAPCELL_ROW_59_765,VSS,Metal1,46.4800,250.4105,0.000196
TAP_TAPCELL_ROW_58_764,VSS,Metal1,379.6800,243.5090,0.000217
TAP_TAPCELL_ROW_58_763,VSS,Metal1,340.4800,243.5090,0.000217
TAP_TAPCELL_ROW_58_762,VSS,Metal1,301.2800,243.5090,0.000222
TAP_TAPCELL_ROW_58_761,VSS,Metal1,262.0800,243.5090,0.000296
TAP_TAPCELL_ROW_58_760,VSS,Metal1,222.8800,243.5090,0.000303
TAP_TAPCELL_ROW_58_759,VSS,Metal1,183.6800,243.5090,0.000268
TAP_TAPCELL_ROW_58_758,VSS,Metal1,144.4800,243.5090,0.000252
TAP_TAPCELL_ROW_58_757,VSS,Metal1,105.2800,243.5090,0.000260
TAP_TAPCELL_ROW_58_756,VSS,Metal1,66.0800,243.5090,0.000260
TAP_TAPCELL_ROW_58_755,VSS,Metal1,26.8800,243.5090,0.000237
TAP_TAPCELL_ROW_57_754,VSS,Metal1,360.0800,242.5705,0.000217
TAP_TAPCELL_ROW_57_753,VSS,Metal1,320.8800,242.5705,0.000217
TAP_TAPCELL_ROW_57_752,VSS,Metal1,281.6800,242.5705,0.000296
TAP_TAPCELL_ROW_57_751,VSS,Metal1,242.4800,242.5705,0.000300
TAP_TAPCELL_ROW_57_750,VSS,Metal1,203.2800,242.5705,0.000303
TAP_TAPCELL_ROW_57_749,VSS,Metal1,164.0800,242.5705,0.000247
TAP_TAPCELL_ROW_57_748,VSS,Metal1,124.8800,242.5705,0.000260
TAP_TAPCELL_ROW_57_747,VSS,Metal1,85.6800,242.5705,0.000261
TAP_TAPCELL_ROW_57_746,VSS,Metal1,46.4800,242.5705,0.000247
TAP_TAPCELL_ROW_56_745,VSS,Metal1,379.6800,235.6690,0.000241
TAP_TAPCELL_ROW_56_744,VSS,Metal1,340.4800,235.6690,0.000241
TAP_TAPCELL_ROW_56_743,VSS,Metal1,301.2800,235.6690,0.000273
TAP_TAPCELL_ROW_56_742,VSS,Metal1,262.0800,235.6690,0.000342
TAP_TAPCELL_ROW_56_741,VSS,Metal1,222.8800,235.6690,0.000387
TAP_TAPCELL_ROW_56_740,VSS,Metal1,183.6800,235.6690,0.000387
TAP_TAPCELL_ROW_56_739,VSS,Metal1,144.4800,235.6690,0.000417
TAP_TAPCELL_ROW_56_738,VSS,Metal1,105.2800,235.6690,0.000425
TAP_TAPCELL_ROW_56_737,VSS,Metal1,66.0800,235.6690,0.000430
TAP_TAPCELL_ROW_56_736,VSS,Metal1,26.8800,235.6690,0.000321
TAP_TAPCELL_ROW_55_735,VSS,Metal1,360.0800,234.7305,0.000241
TAP_TAPCELL_ROW_55_734,VSS,Metal1,320.8800,234.7305,0.000252
TAP_TAPCELL_ROW_55_733,VSS,Metal1,281.6800,234.7305,0.000334
TAP_TAPCELL_ROW_55_732,VSS,Metal1,242.4800,234.7305,0.000385
TAP_TAPCELL_ROW_55_731,VSS,Metal1,203.2800,234.7305,0.000395
TAP_TAPCELL_ROW_55_730,VSS,Metal1,164.0800,234.7305,0.000408
TAP_TAPCELL_ROW_55_729,VSS,Metal1,124.8800,234.7305,0.000424
TAP_TAPCELL_ROW_55_728,VSS,Metal1,85.6800,234.7305,0.000426
TAP_TAPCELL_ROW_55_727,VSS,Metal1,46.4800,234.7305,0.000379
TAP_TAPCELL_ROW_54_726,VSS,Metal1,379.6800,227.8290,0.000133
TAP_TAPCELL_ROW_54_725,VSS,Metal1,340.4800,227.8290,0.000133
TAP_TAPCELL_ROW_54_724,VSS,Metal1,301.2800,227.8290,0.000170
TAP_TAPCELL_ROW_54_723,VSS,Metal1,262.0800,227.8290,0.000177
TAP_TAPCELL_ROW_54_722,VSS,Metal1,222.8800,227.8290,0.000213
TAP_TAPCELL_ROW_54_721,VSS,Metal1,183.6800,227.8290,0.000221
TAP_TAPCELL_ROW_54_720,VSS,Metal1,144.4800,227.8290,0.000239
TAP_TAPCELL_ROW_54_719,VSS,Metal1,105.2800,227.8290,0.000257
TAP_TAPCELL_ROW_54_718,VSS,Metal1,66.0800,227.8290,0.000317
TAP_TAPCELL_ROW_54_717,VSS,Metal1,26.8800,227.8290,0.000327
TAP_TAPCELL_ROW_53_716,VSS,Metal1,360.0800,226.8905,0.000133
TAP_TAPCELL_ROW_53_715,VSS,Metal1,320.8800,226.8905,0.000154
TAP_TAPCELL_ROW_53_714,VSS,Metal1,281.6800,226.8905,0.000171
TAP_TAPCELL_ROW_53_713,VSS,Metal1,242.4800,226.8905,0.000199
TAP_TAPCELL_ROW_53_712,VSS,Metal1,203.2800,226.8905,0.000220
TAP_TAPCELL_ROW_53_711,VSS,Metal1,164.0800,226.8905,0.000239
TAP_TAPCELL_ROW_53_710,VSS,Metal1,124.8800,226.8905,0.000242
TAP_TAPCELL_ROW_53_709,VSS,Metal1,85.6800,226.8905,0.000270
TAP_TAPCELL_ROW_53_708,VSS,Metal1,46.4800,226.8905,0.000334
TAP_TAPCELL_ROW_52_707,VSS,Metal1,379.6800,219.9890,0.000054
TAP_TAPCELL_ROW_52_706,VSS,Metal1,340.4800,219.9890,0.000054
TAP_TAPCELL_ROW_52_705,VSS,Metal1,301.2800,219.9890,0.000054
TAP_TAPCELL_ROW_52_704,VSS,Metal1,262.0800,219.9890,0.000065
TAP_TAPCELL_ROW_52_703,VSS,Metal1,222.8800,219.9890,0.000069
TAP_TAPCELL_ROW_52_702,VSS,Metal1,183.6800,219.9890,0.000069
TAP_TAPCELL_ROW_52_701,VSS,Metal1,144.4800,219.9890,0.000069
TAP_TAPCELL_ROW_52_700,VSS,Metal1,105.2800,219.9890,0.000079
TAP_TAPCELL_ROW_52_699,VSS,Metal1,66.0800,219.9890,0.000086
TAP_TAPCELL_ROW_52_698,VSS,Metal1,26.8800,219.9890,0.000086
TAP_TAPCELL_ROW_51_697,VSS,Metal1,360.0800,219.0505,0.000054
TAP_TAPCELL_ROW_51_696,VSS,Metal1,320.8800,219.0505,0.000054
TAP_TAPCELL_ROW_51_695,VSS,Metal1,281.6800,219.0505,0.000057
TAP_TAPCELL_ROW_51_694,VSS,Metal1,242.4800,219.0505,0.000068
TAP_TAPCELL_ROW_51_693,VSS,Metal1,203.2800,219.0505,0.000069
TAP_TAPCELL_ROW_51_692,VSS,Metal1,164.0800,219.0505,0.000069
TAP_TAPCELL_ROW_51_691,VSS,Metal1,124.8800,219.0505,0.000072
TAP_TAPCELL_ROW_51_690,VSS,Metal1,85.6800,219.0505,0.000084
TAP_TAPCELL_ROW_51_689,VSS,Metal1,46.4800,219.0505,0.000087
TAP_TAPCELL_ROW_50_688,VSS,Metal1,379.6800,212.1490,0.000206
TAP_TAPCELL_ROW_50_687,VSS,Metal1,340.4800,212.1490,0.000206
TAP_TAPCELL_ROW_50_686,VSS,Metal1,301.2800,212.1490,0.000209
TAP_TAPCELL_ROW_50_685,VSS,Metal1,262.0800,212.1490,0.000374
TAP_TAPCELL_ROW_50_684,VSS,Metal1,222.8800,212.1490,0.000434
TAP_TAPCELL_ROW_50_683,VSS,Metal1,183.6800,212.1490,0.000401
TAP_TAPCELL_ROW_50_682,VSS,Metal1,144.4800,212.1490,0.000395
TAP_TAPCELL_ROW_50_681,VSS,Metal1,105.2800,212.1490,0.000394
TAP_TAPCELL_ROW_50_680,VSS,Metal1,66.0800,212.1490,0.000393
TAP_TAPCELL_ROW_50_679,VSS,Metal1,26.8800,212.1490,0.000334
TAP_TAPCELL_ROW_49_678,VSS,Metal1,360.0800,211.2105,0.000206
TAP_TAPCELL_ROW_49_677,VSS,Metal1,320.8800,211.2105,0.000207
TAP_TAPCELL_ROW_49_676,VSS,Metal1,281.6800,211.2105,0.000368
TAP_TAPCELL_ROW_49_675,VSS,Metal1,242.4800,211.2105,0.000445
TAP_TAPCELL_ROW_49_674,VSS,Metal1,203.2800,211.2105,0.000425
TAP_TAPCELL_ROW_49_673,VSS,Metal1,164.0800,211.2105,0.000395
TAP_TAPCELL_ROW_49_672,VSS,Metal1,124.8800,211.2105,0.000395
TAP_TAPCELL_ROW_49_671,VSS,Metal1,85.6800,211.2105,0.000393
TAP_TAPCELL_ROW_49_670,VSS,Metal1,46.4800,211.2105,0.000391
TAP_TAPCELL_ROW_48_669,VSS,Metal1,379.6800,204.3090,0.000294
TAP_TAPCELL_ROW_48_668,VSS,Metal1,340.4800,204.3090,0.000294
TAP_TAPCELL_ROW_48_667,VSS,Metal1,301.2800,204.3090,0.000377
TAP_TAPCELL_ROW_48_666,VSS,Metal1,262.0800,204.3090,0.000425
TAP_TAPCELL_ROW_48_665,VSS,Metal1,222.8800,204.3090,0.000474
TAP_TAPCELL_ROW_48_664,VSS,Metal1,183.6800,204.3090,0.000432
TAP_TAPCELL_ROW_48_663,VSS,Metal1,144.4800,204.3090,0.000412
TAP_TAPCELL_ROW_48_662,VSS,Metal1,105.2800,204.3090,0.000427
TAP_TAPCELL_ROW_48_661,VSS,Metal1,66.0800,204.3090,0.000433
TAP_TAPCELL_ROW_48_660,VSS,Metal1,26.8800,204.3090,0.000423
TAP_TAPCELL_ROW_47_659,VSS,Metal1,360.0800,203.3705,0.000294
TAP_TAPCELL_ROW_47_658,VSS,Metal1,320.8800,203.3705,0.000363
TAP_TAPCELL_ROW_47_657,VSS,Metal1,281.6800,203.3705,0.000380
TAP_TAPCELL_ROW_47_656,VSS,Metal1,242.4800,203.3705,0.000426
TAP_TAPCELL_ROW_47_655,VSS,Metal1,203.2800,203.3705,0.000483
TAP_TAPCELL_ROW_47_654,VSS,Metal1,164.0800,203.3705,0.000401
TAP_TAPCELL_ROW_47_653,VSS,Metal1,124.8800,203.3705,0.000419
TAP_TAPCELL_ROW_47_652,VSS,Metal1,85.6800,203.3705,0.000433
TAP_TAPCELL_ROW_47_651,VSS,Metal1,46.4800,203.3705,0.000431
TAP_TAPCELL_ROW_46_650,VSS,Metal1,379.6800,196.4690,0.000146
TAP_TAPCELL_ROW_46_649,VSS,Metal1,340.4800,196.4690,0.000146
TAP_TAPCELL_ROW_46_648,VSS,Metal1,301.2800,196.4690,0.000187
TAP_TAPCELL_ROW_46_647,VSS,Metal1,262.0800,196.4690,0.000210
TAP_TAPCELL_ROW_46_646,VSS,Metal1,222.8800,196.4690,0.000214
TAP_TAPCELL_ROW_46_645,VSS,Metal1,183.6800,196.4690,0.000174
TAP_TAPCELL_ROW_46_644,VSS,Metal1,144.4800,196.4690,0.000178
TAP_TAPCELL_ROW_46_643,VSS,Metal1,105.2800,196.4690,0.000186
TAP_TAPCELL_ROW_46_642,VSS,Metal1,66.0800,196.4690,0.000186
TAP_TAPCELL_ROW_46_641,VSS,Metal1,26.8800,196.4690,0.000179
TAP_TAPCELL_ROW_45_640,VSS,Metal1,360.0800,195.5305,0.000146
TAP_TAPCELL_ROW_45_639,VSS,Metal1,320.8800,195.5305,0.000181
TAP_TAPCELL_ROW_45_638,VSS,Metal1,281.6800,195.5305,0.000195
TAP_TAPCELL_ROW_45_637,VSS,Metal1,242.4800,195.5305,0.000211
TAP_TAPCELL_ROW_45_636,VSS,Metal1,203.2800,195.5305,0.000208
TAP_TAPCELL_ROW_45_635,VSS,Metal1,164.0800,195.5305,0.000168
TAP_TAPCELL_ROW_45_634,VSS,Metal1,124.8800,195.5305,0.000183
TAP_TAPCELL_ROW_45_633,VSS,Metal1,85.6800,195.5305,0.000186
TAP_TAPCELL_ROW_45_632,VSS,Metal1,46.4800,195.5305,0.000186
TAP_TAPCELL_ROW_44_631,VSS,Metal1,379.6800,188.6290,0.000384
TAP_TAPCELL_ROW_44_630,VSS,Metal1,340.4800,188.6290,0.000384
TAP_TAPCELL_ROW_44_629,VSS,Metal1,301.2800,188.6290,0.000390
TAP_TAPCELL_ROW_44_628,VSS,Metal1,262.0800,188.6290,0.000390
TAP_TAPCELL_ROW_44_627,VSS,Metal1,222.8800,188.6290,0.000389
TAP_TAPCELL_ROW_44_626,VSS,Metal1,183.6800,188.6290,0.000374
TAP_TAPCELL_ROW_44_625,VSS,Metal1,144.4800,188.6290,0.000386
TAP_TAPCELL_ROW_44_624,VSS,Metal1,105.2800,188.6290,0.000395
TAP_TAPCELL_ROW_44_623,VSS,Metal1,66.0800,188.6290,0.000395
TAP_TAPCELL_ROW_44_622,VSS,Metal1,26.8800,188.6290,0.000309
TAP_TAPCELL_ROW_43_621,VSS,Metal1,360.0800,187.6905,0.000384
TAP_TAPCELL_ROW_43_620,VSS,Metal1,320.8800,187.6905,0.000390
TAP_TAPCELL_ROW_43_619,VSS,Metal1,281.6800,187.6905,0.000390
TAP_TAPCELL_ROW_43_618,VSS,Metal1,242.4800,187.6905,0.000389
TAP_TAPCELL_ROW_43_617,VSS,Metal1,203.2800,187.6905,0.000377
TAP_TAPCELL_ROW_43_616,VSS,Metal1,164.0800,187.6905,0.000371
TAP_TAPCELL_ROW_43_615,VSS,Metal1,124.8800,187.6905,0.000389
TAP_TAPCELL_ROW_43_614,VSS,Metal1,85.6800,187.6905,0.000395
TAP_TAPCELL_ROW_43_613,VSS,Metal1,46.4800,187.6905,0.000382
TAP_TAPCELL_ROW_42_612,VSS,Metal1,379.6800,180.7890,0.000235
TAP_TAPCELL_ROW_42_611,VSS,Metal1,340.4800,180.7890,0.000230
TAP_TAPCELL_ROW_42_610,VSS,Metal1,301.2800,180.7890,0.000283
TAP_TAPCELL_ROW_42_609,VSS,Metal1,262.0800,180.7890,0.000289
TAP_TAPCELL_ROW_42_608,VSS,Metal1,222.8800,180.7890,0.000288
TAP_TAPCELL_ROW_42_607,VSS,Metal1,183.6800,180.7890,0.000287
TAP_TAPCELL_ROW_42_606,VSS,Metal1,144.4800,180.7890,0.000291
TAP_TAPCELL_ROW_42_605,VSS,Metal1,105.2800,180.7890,0.000329
TAP_TAPCELL_ROW_42_604,VSS,Metal1,66.0800,180.7890,0.000327
TAP_TAPCELL_ROW_42_603,VSS,Metal1,26.8800,180.7890,0.000308
TAP_TAPCELL_ROW_41_602,VSS,Metal1,360.0800,179.8505,0.000230
TAP_TAPCELL_ROW_41_601,VSS,Metal1,320.8800,179.8505,0.000276
TAP_TAPCELL_ROW_41_600,VSS,Metal1,281.6800,179.8505,0.000289
TAP_TAPCELL_ROW_41_599,VSS,Metal1,242.4800,179.8505,0.000289
TAP_TAPCELL_ROW_41_598,VSS,Metal1,203.2800,179.8505,0.000287
TAP_TAPCELL_ROW_41_597,VSS,Metal1,164.0800,179.8505,0.000288
TAP_TAPCELL_ROW_41_596,VSS,Metal1,124.8800,179.8505,0.000295
TAP_TAPCELL_ROW_41_595,VSS,Metal1,85.6800,179.8505,0.000329
TAP_TAPCELL_ROW_41_594,VSS,Metal1,46.4800,179.8505,0.000324
TAP_TAPCELL_ROW_40_593,VSS,Metal1,379.6800,172.9490,0.000516
TAP_TAPCELL_ROW_40_592,VSS,Metal1,340.4800,172.9490,0.000513
TAP_TAPCELL_ROW_40_591,VSS,Metal1,301.2800,172.9490,0.000647
TAP_TAPCELL_ROW_40_590,VSS,Metal1,262.0800,172.9490,0.000691
TAP_TAPCELL_ROW_40_589,VSS,Metal1,222.8800,172.9490,0.000709
TAP_TAPCELL_ROW_40_588,VSS,Metal1,183.6800,172.9490,0.000719
TAP_TAPCELL_ROW_40_587,VSS,Metal1,144.4800,172.9490,0.000726
TAP_TAPCELL_ROW_40_586,VSS,Metal1,105.2800,172.9490,0.000727
TAP_TAPCELL_ROW_40_585,VSS,Metal1,66.0800,172.9490,0.000712
TAP_TAPCELL_ROW_40_584,VSS,Metal1,26.8800,172.9490,0.000602
TAP_TAPCELL_ROW_39_583,VSS,Metal1,360.0800,172.0105,0.000514
TAP_TAPCELL_ROW_39_582,VSS,Metal1,320.8800,172.0105,0.000542
TAP_TAPCELL_ROW_39_581,VSS,Metal1,281.6800,172.0105,0.000679
TAP_TAPCELL_ROW_39_580,VSS,Metal1,242.4800,172.0105,0.000691
TAP_TAPCELL_ROW_39_579,VSS,Metal1,203.2800,172.0105,0.000717
TAP_TAPCELL_ROW_39_578,VSS,Metal1,164.0800,172.0105,0.000723
TAP_TAPCELL_ROW_39_577,VSS,Metal1,124.8800,172.0105,0.000727
TAP_TAPCELL_ROW_39_576,VSS,Metal1,85.6800,172.0105,0.000726
TAP_TAPCELL_ROW_39_575,VSS,Metal1,46.4800,172.0105,0.000634
TAP_TAPCELL_ROW_38_574,VSS,Metal1,379.6800,165.1090,0.000391
TAP_TAPCELL_ROW_38_573,VSS,Metal1,340.4800,165.1090,0.000387
TAP_TAPCELL_ROW_38_572,VSS,Metal1,301.2800,165.1090,0.000477
TAP_TAPCELL_ROW_38_571,VSS,Metal1,262.0800,165.1090,0.000491
TAP_TAPCELL_ROW_38_570,VSS,Metal1,222.8800,165.1090,0.000432
TAP_TAPCELL_ROW_38_569,VSS,Metal1,183.6800,165.1090,0.000401
TAP_TAPCELL_ROW_38_568,VSS,Metal1,144.4800,165.1090,0.000437
TAP_TAPCELL_ROW_38_567,VSS,Metal1,105.2800,165.1090,0.000464
TAP_TAPCELL_ROW_38_566,VSS,Metal1,66.0800,165.1090,0.000471
TAP_TAPCELL_ROW_38_565,VSS,Metal1,26.8800,165.1090,0.000452
TAP_TAPCELL_ROW_37_564,VSS,Metal1,360.0800,164.1705,0.000388
TAP_TAPCELL_ROW_37_563,VSS,Metal1,320.8800,164.1705,0.000414
TAP_TAPCELL_ROW_37_562,VSS,Metal1,281.6800,164.1705,0.000485
TAP_TAPCELL_ROW_37_561,VSS,Metal1,242.4800,164.1705,0.000437
TAP_TAPCELL_ROW_37_560,VSS,Metal1,203.2800,164.1705,0.000405
TAP_TAPCELL_ROW_37_559,VSS,Metal1,164.0800,164.1705,0.000423
TAP_TAPCELL_ROW_37_558,VSS,Metal1,124.8800,164.1705,0.000459
TAP_TAPCELL_ROW_37_557,VSS,Metal1,85.6800,164.1705,0.000469
TAP_TAPCELL_ROW_37_556,VSS,Metal1,46.4800,164.1705,0.000471
TAP_TAPCELL_ROW_36_555,VSS,Metal1,379.6800,157.2690,0.000309
TAP_TAPCELL_ROW_36_554,VSS,Metal1,340.4800,157.2690,0.000305
TAP_TAPCELL_ROW_36_553,VSS,Metal1,301.2800,157.2690,0.000322
TAP_TAPCELL_ROW_36_552,VSS,Metal1,262.0800,157.2690,0.000334
TAP_TAPCELL_ROW_36_551,VSS,Metal1,222.8800,157.2690,0.000343
TAP_TAPCELL_ROW_36_550,VSS,Metal1,183.6800,157.2690,0.000280
TAP_TAPCELL_ROW_36_549,VSS,Metal1,144.4800,157.2690,0.000274
TAP_TAPCELL_ROW_36_548,VSS,Metal1,105.2800,157.2690,0.000272
TAP_TAPCELL_ROW_36_547,VSS,Metal1,66.0800,157.2690,0.000263
TAP_TAPCELL_ROW_36_546,VSS,Metal1,26.8800,157.2690,0.000241
TAP_TAPCELL_ROW_35_545,VSS,Metal1,360.0800,156.3305,0.000306
TAP_TAPCELL_ROW_35_544,VSS,Metal1,320.8800,156.3305,0.000319
TAP_TAPCELL_ROW_35_543,VSS,Metal1,281.6800,156.3305,0.000333
TAP_TAPCELL_ROW_35_542,VSS,Metal1,242.4800,156.3305,0.000344
TAP_TAPCELL_ROW_35_541,VSS,Metal1,203.2800,156.3305,0.000289
TAP_TAPCELL_ROW_35_540,VSS,Metal1,164.0800,156.3305,0.000273
TAP_TAPCELL_ROW_35_539,VSS,Metal1,124.8800,156.3305,0.000273
TAP_TAPCELL_ROW_35_538,VSS,Metal1,85.6800,156.3305,0.000271
TAP_TAPCELL_ROW_35_537,VSS,Metal1,46.4800,156.3305,0.000255
TAP_TAPCELL_ROW_34_536,VSS,Metal1,379.6800,149.4290,0.000405
TAP_TAPCELL_ROW_34_535,VSS,Metal1,340.4800,149.4290,0.000395
TAP_TAPCELL_ROW_34_534,VSS,Metal1,301.2800,149.4290,0.000393
TAP_TAPCELL_ROW_34_533,VSS,Metal1,262.0800,149.4290,0.000402
TAP_TAPCELL_ROW_34_532,VSS,Metal1,222.8800,149.4290,0.000398
TAP_TAPCELL_ROW_34_531,VSS,Metal1,183.6800,149.4290,0.000393
TAP_TAPCELL_ROW_34_530,VSS,Metal1,144.4800,149.4290,0.000387
TAP_TAPCELL_ROW_34_529,VSS,Metal1,105.2800,149.4290,0.000340
TAP_TAPCELL_ROW_34_528,VSS,Metal1,66.0800,149.4290,0.000340
TAP_TAPCELL_ROW_34_527,VSS,Metal1,26.8800,149.4290,0.000337
TAP_TAPCELL_ROW_33_526,VSS,Metal1,360.0800,148.4905,0.000403
TAP_TAPCELL_ROW_33_525,VSS,Metal1,320.8800,148.4905,0.000393
TAP_TAPCELL_ROW_33_524,VSS,Metal1,281.6800,148.4905,0.000402
TAP_TAPCELL_ROW_33_523,VSS,Metal1,242.4800,148.4905,0.000401
TAP_TAPCELL_ROW_33_522,VSS,Metal1,203.2800,148.4905,0.000397
TAP_TAPCELL_ROW_33_521,VSS,Metal1,164.0800,148.4905,0.000392
TAP_TAPCELL_ROW_33_520,VSS,Metal1,124.8800,148.4905,0.000359
TAP_TAPCELL_ROW_33_519,VSS,Metal1,85.6800,148.4905,0.000340
TAP_TAPCELL_ROW_33_518,VSS,Metal1,46.4800,148.4905,0.000340
TAP_TAPCELL_ROW_32_517,VSS,Metal1,379.6800,141.5890,0.000235
TAP_TAPCELL_ROW_32_516,VSS,Metal1,340.4800,141.5890,0.000221
TAP_TAPCELL_ROW_32_515,VSS,Metal1,301.2800,141.5890,0.000230
TAP_TAPCELL_ROW_32_514,VSS,Metal1,262.0800,141.5890,0.000280
TAP_TAPCELL_ROW_32_513,VSS,Metal1,222.8800,141.5890,0.000292
TAP_TAPCELL_ROW_32_512,VSS,Metal1,183.6800,141.5890,0.000284
TAP_TAPCELL_ROW_32_511,VSS,Metal1,144.4800,141.5890,0.000269
TAP_TAPCELL_ROW_32_510,VSS,Metal1,105.2800,141.5890,0.000260
TAP_TAPCELL_ROW_32_509,VSS,Metal1,66.0800,141.5890,0.000260
TAP_TAPCELL_ROW_32_508,VSS,Metal1,26.8800,141.5890,0.000252
TAP_TAPCELL_ROW_31_507,VSS,Metal1,360.0800,140.6505,0.000230
TAP_TAPCELL_ROW_31_506,VSS,Metal1,320.8800,140.6505,0.000229
TAP_TAPCELL_ROW_31_505,VSS,Metal1,281.6800,140.6505,0.000235
TAP_TAPCELL_ROW_31_504,VSS,Metal1,242.4800,140.6505,0.000287
TAP_TAPCELL_ROW_31_503,VSS,Metal1,203.2800,140.6505,0.000290
TAP_TAPCELL_ROW_31_502,VSS,Metal1,164.0800,140.6505,0.000269
TAP_TAPCELL_ROW_31_501,VSS,Metal1,124.8800,140.6505,0.000261
TAP_TAPCELL_ROW_31_500,VSS,Metal1,85.6800,140.6505,0.000260
TAP_TAPCELL_ROW_31_499,VSS,Metal1,46.4800,140.6505,0.000257
TAP_TAPCELL_ROW_30_498,VSS,Metal1,379.6800,133.7490,0.000084
TAP_TAPCELL_ROW_30_497,VSS,Metal1,340.4800,133.7490,0.000079
TAP_TAPCELL_ROW_30_496,VSS,Metal1,301.2800,133.7490,0.000076
TAP_TAPCELL_ROW_30_495,VSS,Metal1,262.0800,133.7490,0.000078
TAP_TAPCELL_ROW_30_494,VSS,Metal1,222.8800,133.7490,0.000078
TAP_TAPCELL_ROW_30_493,VSS,Metal1,183.6800,133.7490,0.000074
TAP_TAPCELL_ROW_30_492,VSS,Metal1,144.4800,133.7490,0.000074
TAP_TAPCELL_ROW_30_491,VSS,Metal1,105.2800,133.7490,0.000074
TAP_TAPCELL_ROW_30_490,VSS,Metal1,66.0800,133.7490,0.000074
TAP_TAPCELL_ROW_30_489,VSS,Metal1,26.8800,133.7490,0.000073
TAP_TAPCELL_ROW_29_488,VSS,Metal1,360.0800,132.8105,0.000081
TAP_TAPCELL_ROW_29_487,VSS,Metal1,320.8800,132.8105,0.000076
TAP_TAPCELL_ROW_29_486,VSS,Metal1,281.6800,132.8105,0.000077
TAP_TAPCELL_ROW_29_485,VSS,Metal1,242.4800,132.8105,0.000079
TAP_TAPCELL_ROW_29_484,VSS,Metal1,203.2800,132.8105,0.000078
TAP_TAPCELL_ROW_29_483,VSS,Metal1,164.0800,132.8105,0.000074
TAP_TAPCELL_ROW_29_482,VSS,Metal1,124.8800,132.8105,0.000074
TAP_TAPCELL_ROW_29_481,VSS,Metal1,85.6800,132.8105,0.000074
TAP_TAPCELL_ROW_29_480,VSS,Metal1,46.4800,132.8105,0.000074
TAP_TAPCELL_ROW_28_479,VSS,Metal1,379.6800,125.9090,0.000286
TAP_TAPCELL_ROW_28_478,VSS,Metal1,340.4800,125.9090,0.000278
TAP_TAPCELL_ROW_28_477,VSS,Metal1,301.2800,125.9090,0.000320
TAP_TAPCELL_ROW_28_476,VSS,Metal1,262.0800,125.9090,0.000345
TAP_TAPCELL_ROW_28_475,VSS,Metal1,222.8800,125.9090,0.000350
TAP_TAPCELL_ROW_28_474,VSS,Metal1,183.6800,125.9090,0.000300
TAP_TAPCELL_ROW_28_473,VSS,Metal1,144.4800,125.9090,0.000292
TAP_TAPCELL_ROW_28_472,VSS,Metal1,105.2800,125.9090,0.000266
TAP_TAPCELL_ROW_28_471,VSS,Metal1,66.0800,125.9090,0.000265
TAP_TAPCELL_ROW_28_470,VSS,Metal1,26.8800,125.9090,0.000260
TAP_TAPCELL_ROW_27_469,VSS,Metal1,360.0800,124.9705,0.000283
TAP_TAPCELL_ROW_27_468,VSS,Metal1,320.8800,124.9705,0.000281
TAP_TAPCELL_ROW_27_467,VSS,Metal1,281.6800,124.9705,0.000327
TAP_TAPCELL_ROW_27_466,VSS,Metal1,242.4800,124.9705,0.000354
TAP_TAPCELL_ROW_27_465,VSS,Metal1,203.2800,124.9705,0.000321
TAP_TAPCELL_ROW_27_464,VSS,Metal1,164.0800,124.9705,0.000288
TAP_TAPCELL_ROW_27_463,VSS,Metal1,124.8800,124.9705,0.000292
TAP_TAPCELL_ROW_27_462,VSS,Metal1,85.6800,124.9705,0.000265
TAP_TAPCELL_ROW_27_461,VSS,Metal1,46.4800,124.9705,0.000265
TAP_TAPCELL_ROW_26_460,VSS,Metal1,379.6800,118.0690,0.000355
TAP_TAPCELL_ROW_26_459,VSS,Metal1,340.4800,118.0690,0.000341
TAP_TAPCELL_ROW_26_458,VSS,Metal1,301.2800,118.0690,0.000344
TAP_TAPCELL_ROW_26_457,VSS,Metal1,262.0800,118.0690,0.000346
TAP_TAPCELL_ROW_26_456,VSS,Metal1,222.8800,118.0690,0.000343
TAP_TAPCELL_ROW_26_455,VSS,Metal1,183.6800,118.0690,0.000334
TAP_TAPCELL_ROW_26_454,VSS,Metal1,144.4800,118.0690,0.000338
TAP_TAPCELL_ROW_26_453,VSS,Metal1,105.2800,118.0690,0.000339
TAP_TAPCELL_ROW_26_452,VSS,Metal1,66.0800,118.0690,0.000333
TAP_TAPCELL_ROW_26_451,VSS,Metal1,26.8800,118.0690,0.000320
TAP_TAPCELL_ROW_25_450,VSS,Metal1,360.0800,117.1305,0.000348
TAP_TAPCELL_ROW_25_449,VSS,Metal1,320.8800,117.1305,0.000343
TAP_TAPCELL_ROW_25_448,VSS,Metal1,281.6800,117.1305,0.000345
TAP_TAPCELL_ROW_25_447,VSS,Metal1,242.4800,117.1305,0.000347
TAP_TAPCELL_ROW_25_446,VSS,Metal1,203.2800,117.1305,0.000342
TAP_TAPCELL_ROW_25_445,VSS,Metal1,164.0800,117.1305,0.000336
TAP_TAPCELL_ROW_25_444,VSS,Metal1,124.8800,117.1305,0.000339
TAP_TAPCELL_ROW_25_443,VSS,Metal1,85.6800,117.1305,0.000337
TAP_TAPCELL_ROW_25_442,VSS,Metal1,46.4800,117.1305,0.000325
TAP_TAPCELL_ROW_24_441,VSS,Metal1,379.6800,110.2290,0.000366
TAP_TAPCELL_ROW_24_440,VSS,Metal1,340.4800,110.2290,0.000363
TAP_TAPCELL_ROW_24_439,VSS,Metal1,301.2800,110.2290,0.000365
TAP_TAPCELL_ROW_24_438,VSS,Metal1,262.0800,110.2290,0.000346
TAP_TAPCELL_ROW_24_437,VSS,Metal1,222.8800,110.2290,0.000289
TAP_TAPCELL_ROW_24_436,VSS,Metal1,183.6800,110.2290,0.000274
TAP_TAPCELL_ROW_24_435,VSS,Metal1,144.4800,110.2290,0.000263
TAP_TAPCELL_ROW_24_434,VSS,Metal1,105.2800,110.2290,0.000251
TAP_TAPCELL_ROW_24_433,VSS,Metal1,66.0800,110.2290,0.000250
TAP_TAPCELL_ROW_24_432,VSS,Metal1,26.8800,110.2290,0.000236
TAP_TAPCELL_ROW_23_431,VSS,Metal1,360.0800,109.2905,0.000365
TAP_TAPCELL_ROW_23_430,VSS,Metal1,320.8800,109.2905,0.000362
TAP_TAPCELL_ROW_23_429,VSS,Metal1,281.6800,109.2905,0.000366
TAP_TAPCELL_ROW_23_428,VSS,Metal1,242.4800,109.2905,0.000302
TAP_TAPCELL_ROW_23_427,VSS,Metal1,203.2800,109.2905,0.000289
TAP_TAPCELL_ROW_23_426,VSS,Metal1,164.0800,109.2905,0.000261
TAP_TAPCELL_ROW_23_425,VSS,Metal1,124.8800,109.2905,0.000251
TAP_TAPCELL_ROW_23_424,VSS,Metal1,85.6800,109.2905,0.000251
TAP_TAPCELL_ROW_23_423,VSS,Metal1,46.4800,109.2905,0.000237
TAP_TAPCELL_ROW_22_422,VSS,Metal1,379.6800,102.3890,0.000385
TAP_TAPCELL_ROW_22_421,VSS,Metal1,340.4800,102.3890,0.000379
TAP_TAPCELL_ROW_22_420,VSS,Metal1,301.2800,102.3890,0.000383
TAP_TAPCELL_ROW_22_419,VSS,Metal1,262.0800,102.3890,0.000392
TAP_TAPCELL_ROW_22_418,VSS,Metal1,222.8800,102.3890,0.000369
TAP_TAPCELL_ROW_22_417,VSS,Metal1,183.6800,102.3890,0.000333
TAP_TAPCELL_ROW_22_416,VSS,Metal1,144.4800,102.3890,0.000377
TAP_TAPCELL_ROW_22_415,VSS,Metal1,105.2800,102.3890,0.000385
TAP_TAPCELL_ROW_22_414,VSS,Metal1,66.0800,102.3890,0.000383
TAP_TAPCELL_ROW_22_413,VSS,Metal1,26.8800,102.3890,0.000330
TAP_TAPCELL_ROW_21_412,VSS,Metal1,360.0800,101.4505,0.000381
TAP_TAPCELL_ROW_21_411,VSS,Metal1,320.8800,101.4505,0.000379
TAP_TAPCELL_ROW_21_410,VSS,Metal1,281.6800,101.4505,0.000392
TAP_TAPCELL_ROW_21_409,VSS,Metal1,242.4800,101.4505,0.000387
TAP_TAPCELL_ROW_21_408,VSS,Metal1,203.2800,101.4505,0.000338
TAP_TAPCELL_ROW_21_407,VSS,Metal1,164.0800,101.4505,0.000357
TAP_TAPCELL_ROW_21_406,VSS,Metal1,124.8800,101.4505,0.000379
TAP_TAPCELL_ROW_21_405,VSS,Metal1,85.6800,101.4505,0.000384
TAP_TAPCELL_ROW_21_404,VSS,Metal1,46.4800,101.4505,0.000382
TAP_TAPCELL_ROW_20_403,VSS,Metal1,379.6800,94.5490,0.000175
TAP_TAPCELL_ROW_20_402,VSS,Metal1,340.4800,94.5490,0.000169
TAP_TAPCELL_ROW_20_401,VSS,Metal1,301.2800,94.5490,0.000191
TAP_TAPCELL_ROW_20_400,VSS,Metal1,262.0800,94.5490,0.000188
TAP_TAPCELL_ROW_20_399,VSS,Metal1,222.8800,94.5490,0.000183
TAP_TAPCELL_ROW_20_398,VSS,Metal1,183.6800,94.5490,0.000173
TAP_TAPCELL_ROW_20_397,VSS,Metal1,144.4800,94.5490,0.000193
TAP_TAPCELL_ROW_20_396,VSS,Metal1,105.2800,94.5490,0.000203
TAP_TAPCELL_ROW_20_395,VSS,Metal1,66.0800,94.5490,0.000201
TAP_TAPCELL_ROW_20_394,VSS,Metal1,26.8800,94.5490,0.000197
TAP_TAPCELL_ROW_19_393,VSS,Metal1,360.0800,93.6105,0.000171
TAP_TAPCELL_ROW_19_392,VSS,Metal1,320.8800,93.6105,0.000171
TAP_TAPCELL_ROW_19_391,VSS,Metal1,281.6800,93.6105,0.000191
TAP_TAPCELL_ROW_19_390,VSS,Metal1,242.4800,93.6105,0.000187
TAP_TAPCELL_ROW_19_389,VSS,Metal1,203.2800,93.6105,0.000183
TAP_TAPCELL_ROW_19_388,VSS,Metal1,164.0800,93.6105,0.000175
TAP_TAPCELL_ROW_19_387,VSS,Metal1,124.8800,93.6105,0.000199
TAP_TAPCELL_ROW_19_386,VSS,Metal1,85.6800,93.6105,0.000202
TAP_TAPCELL_ROW_19_385,VSS,Metal1,46.4800,93.6105,0.000201
TAP_TAPCELL_ROW_18_384,VSS,Metal1,379.6800,86.7090,0.000275
TAP_TAPCELL_ROW_18_383,VSS,Metal1,340.4800,86.7090,0.000273
TAP_TAPCELL_ROW_18_382,VSS,Metal1,301.2800,86.7090,0.000283
TAP_TAPCELL_ROW_18_381,VSS,Metal1,262.0800,86.7090,0.000280
TAP_TAPCELL_ROW_18_380,VSS,Metal1,222.8800,86.7090,0.000278
TAP_TAPCELL_ROW_18_379,VSS,Metal1,183.6800,86.7090,0.000208
TAP_TAPCELL_ROW_18_378,VSS,Metal1,144.4800,86.7090,0.000203
TAP_TAPCELL_ROW_18_377,VSS,Metal1,105.2800,86.7090,0.000202
TAP_TAPCELL_ROW_18_376,VSS,Metal1,66.0800,86.7090,0.000195
TAP_TAPCELL_ROW_18_375,VSS,Metal1,26.8800,86.7090,0.000182
TAP_TAPCELL_ROW_17_374,VSS,Metal1,360.0800,85.7705,0.000274
TAP_TAPCELL_ROW_17_373,VSS,Metal1,320.8800,85.7705,0.000282
TAP_TAPCELL_ROW_17_372,VSS,Metal1,281.6800,85.7705,0.000284
TAP_TAPCELL_ROW_17_371,VSS,Metal1,242.4800,85.7705,0.000280
TAP_TAPCELL_ROW_17_370,VSS,Metal1,203.2800,85.7705,0.000216
TAP_TAPCELL_ROW_17_369,VSS,Metal1,164.0800,85.7705,0.000208
TAP_TAPCELL_ROW_17_368,VSS,Metal1,124.8800,85.7705,0.000203
TAP_TAPCELL_ROW_17_367,VSS,Metal1,85.6800,85.7705,0.000195
TAP_TAPCELL_ROW_17_366,VSS,Metal1,46.4800,85.7705,0.000185
TAP_TAPCELL_ROW_16_365,VSS,Metal1,379.6800,78.8690,0.000108
TAP_TAPCELL_ROW_16_364,VSS,Metal1,340.4800,78.8690,0.000107
TAP_TAPCELL_ROW_16_363,VSS,Metal1,301.2800,78.8690,0.000115
TAP_TAPCELL_ROW_16_362,VSS,Metal1,262.0800,78.8690,0.000145
TAP_TAPCELL_ROW_16_361,VSS,Metal1,222.8800,78.8690,0.000149
TAP_TAPCELL_ROW_16_360,VSS,Metal1,183.6800,78.8690,0.000142
TAP_TAPCELL_ROW_16_359,VSS,Metal1,144.4800,78.8690,0.000221
TAP_TAPCELL_ROW_16_358,VSS,Metal1,105.2800,78.8690,0.000223
TAP_TAPCELL_ROW_16_357,VSS,Metal1,66.0800,78.8690,0.000216
TAP_TAPCELL_ROW_16_356,VSS,Metal1,26.8800,78.8690,0.000203
TAP_TAPCELL_ROW_15_355,VSS,Metal1,360.0800,77.9305,0.000107
TAP_TAPCELL_ROW_15_354,VSS,Metal1,320.8800,77.9305,0.000110
TAP_TAPCELL_ROW_15_353,VSS,Metal1,281.6800,77.9305,0.000143
TAP_TAPCELL_ROW_15_352,VSS,Metal1,242.4800,77.9305,0.000149
TAP_TAPCELL_ROW_15_351,VSS,Metal1,203.2800,77.9305,0.000144
TAP_TAPCELL_ROW_15_350,VSS,Metal1,164.0800,77.9305,0.000161
TAP_TAPCELL_ROW_15_349,VSS,Metal1,124.8800,77.9305,0.000223
TAP_TAPCELL_ROW_15_348,VSS,Metal1,85.6800,77.9305,0.000224
TAP_TAPCELL_ROW_15_347,VSS,Metal1,46.4800,77.9305,0.000206
TAP_TAPCELL_ROW_14_346,VSS,Metal1,379.6800,71.0290,0.000280
TAP_TAPCELL_ROW_14_345,VSS,Metal1,340.4800,71.0290,0.000278
TAP_TAPCELL_ROW_14_344,VSS,Metal1,301.2800,71.0290,0.000294
TAP_TAPCELL_ROW_14_343,VSS,Metal1,262.0800,71.0290,0.000346
TAP_TAPCELL_ROW_14_342,VSS,Metal1,222.8800,71.0290,0.000364
TAP_TAPCELL_ROW_14_341,VSS,Metal1,183.6800,71.0290,0.000390
TAP_TAPCELL_ROW_14_340,VSS,Metal1,144.4800,71.0290,0.000414
TAP_TAPCELL_ROW_14_339,VSS,Metal1,105.2800,71.0290,0.000427
TAP_TAPCELL_ROW_14_338,VSS,Metal1,66.0800,71.0290,0.000423
TAP_TAPCELL_ROW_14_337,VSS,Metal1,26.8800,71.0290,0.000366
TAP_TAPCELL_ROW_13_336,VSS,Metal1,360.0800,70.0905,0.000279
TAP_TAPCELL_ROW_13_335,VSS,Metal1,320.8800,70.0905,0.000283
TAP_TAPCELL_ROW_13_334,VSS,Metal1,281.6800,70.0905,0.000323
TAP_TAPCELL_ROW_13_333,VSS,Metal1,242.4800,70.0905,0.000364
TAP_TAPCELL_ROW_13_332,VSS,Metal1,203.2800,70.0905,0.000373
TAP_TAPCELL_ROW_13_331,VSS,Metal1,164.0800,70.0905,0.000408
TAP_TAPCELL_ROW_13_330,VSS,Metal1,124.8800,70.0905,0.000426
TAP_TAPCELL_ROW_13_329,VSS,Metal1,85.6800,70.0905,0.000427
TAP_TAPCELL_ROW_13_328,VSS,Metal1,46.4800,70.0905,0.000390
TAP_TAPCELL_ROW_12_327,VSS,Metal1,379.6800,63.1890,0.000186
TAP_TAPCELL_ROW_12_326,VSS,Metal1,340.4800,63.1890,0.000186
TAP_TAPCELL_ROW_12_325,VSS,Metal1,301.2800,63.1890,0.000211
TAP_TAPCELL_ROW_12_324,VSS,Metal1,262.0800,63.1890,0.000260
TAP_TAPCELL_ROW_12_323,VSS,Metal1,222.8800,63.1890,0.000267
TAP_TAPCELL_ROW_12_322,VSS,Metal1,183.6800,63.1890,0.000258
TAP_TAPCELL_ROW_12_321,VSS,Metal1,144.4800,63.1890,0.000300
TAP_TAPCELL_ROW_12_320,VSS,Metal1,105.2800,63.1890,0.000311
TAP_TAPCELL_ROW_12_319,VSS,Metal1,66.0800,63.1890,0.000306
TAP_TAPCELL_ROW_12_318,VSS,Metal1,26.8800,63.1890,0.000228
TAP_TAPCELL_ROW_11_317,VSS,Metal1,360.0800,62.2505,0.000186
TAP_TAPCELL_ROW_11_316,VSS,Metal1,320.8800,62.2505,0.000186
TAP_TAPCELL_ROW_11_315,VSS,Metal1,281.6800,62.2505,0.000258
TAP_TAPCELL_ROW_11_314,VSS,Metal1,242.4800,62.2505,0.000261
TAP_TAPCELL_ROW_11_313,VSS,Metal1,203.2800,62.2505,0.000262
TAP_TAPCELL_ROW_11_312,VSS,Metal1,164.0800,62.2505,0.000292
TAP_TAPCELL_ROW_11_311,VSS,Metal1,124.8800,62.2505,0.000313
TAP_TAPCELL_ROW_11_310,VSS,Metal1,85.6800,62.2505,0.000309
TAP_TAPCELL_ROW_11_309,VSS,Metal1,46.4800,62.2505,0.000229
TAP_TAPCELL_ROW_10_308,VSS,Metal1,379.6800,55.3490,0.000290
TAP_TAPCELL_ROW_10_307,VSS,Metal1,340.4800,55.3490,0.000290
TAP_TAPCELL_ROW_10_306,VSS,Metal1,301.2800,55.3490,0.000353
TAP_TAPCELL_ROW_10_305,VSS,Metal1,262.0800,55.3490,0.000362
TAP_TAPCELL_ROW_10_304,VSS,Metal1,222.8800,55.3490,0.000373
TAP_TAPCELL_ROW_10_303,VSS,Metal1,183.6800,55.3490,0.000375
TAP_TAPCELL_ROW_10_302,VSS,Metal1,144.4800,55.3490,0.000400
TAP_TAPCELL_ROW_10_301,VSS,Metal1,105.2800,55.3490,0.000454
TAP_TAPCELL_ROW_10_300,VSS,Metal1,66.0800,55.3490,0.000443
TAP_TAPCELL_ROW_10_299,VSS,Metal1,26.8800,55.3490,0.000398
TAP_TAPCELL_ROW_9_298,VSS,Metal1,360.0800,54.4105,0.000290
TAP_TAPCELL_ROW_9_297,VSS,Metal1,320.8800,54.4105,0.000291
TAP_TAPCELL_ROW_9_296,VSS,Metal1,281.6800,54.4105,0.000355
TAP_TAPCELL_ROW_9_295,VSS,Metal1,242.4800,54.4105,0.000368
TAP_TAPCELL_ROW_9_294,VSS,Metal1,203.2800,54.4105,0.000375
TAP_TAPCELL_ROW_9_293,VSS,Metal1,164.0800,54.4105,0.000376
TAP_TAPCELL_ROW_9_292,VSS,Metal1,124.8800,54.4105,0.000432
TAP_TAPCELL_ROW_9_291,VSS,Metal1,85.6800,54.4105,0.000454
TAP_TAPCELL_ROW_9_290,VSS,Metal1,46.4800,54.4105,0.000423
TAP_TAPCELL_ROW_8_289,VSS,Metal1,379.6800,47.5090,0.000372
TAP_TAPCELL_ROW_8_288,VSS,Metal1,340.4800,47.5090,0.000372
TAP_TAPCELL_ROW_8_287,VSS,Metal1,301.2800,47.5090,0.000375
TAP_TAPCELL_ROW_8_286,VSS,Metal1,262.0800,47.5090,0.000384
TAP_TAPCELL_ROW_8_285,VSS,Metal1,222.8800,47.5090,0.000395
TAP_TAPCELL_ROW_8_284,VSS,Metal1,183.6800,47.5090,0.000392
TAP_TAPCELL_ROW_8_283,VSS,Metal1,144.4800,47.5090,0.000429
TAP_TAPCELL_ROW_8_282,VSS,Metal1,105.2800,47.5090,0.000429
TAP_TAPCELL_ROW_8_281,VSS,Metal1,66.0800,47.5090,0.000413
TAP_TAPCELL_ROW_8_280,VSS,Metal1,26.8800,47.5090,0.000355
TAP_TAPCELL_ROW_7_279,VSS,Metal1,360.0800,46.5705,0.000372
TAP_TAPCELL_ROW_7_278,VSS,Metal1,320.8800,46.5705,0.000372
TAP_TAPCELL_ROW_7_277,VSS,Metal1,281.6800,46.5705,0.000383
TAP_TAPCELL_ROW_7_276,VSS,Metal1,242.4800,46.5705,0.000391
TAP_TAPCELL_ROW_7_275,VSS,Metal1,203.2800,46.5705,0.000395
TAP_TAPCELL_ROW_7_274,VSS,Metal1,164.0800,46.5705,0.000401
TAP_TAPCELL_ROW_7_273,VSS,Metal1,124.8800,46.5705,0.000431
TAP_TAPCELL_ROW_7_272,VSS,Metal1,85.6800,46.5705,0.000429
TAP_TAPCELL_ROW_7_271,VSS,Metal1,46.4800,46.5705,0.000386
TAP_TAPCELL_ROW_6_270,VSS,Metal1,379.6800,39.6690,0.000238
TAP_TAPCELL_ROW_6_269,VSS,Metal1,340.4800,39.6690,0.000238
TAP_TAPCELL_ROW_6_268,VSS,Metal1,301.2800,39.6690,0.000263
TAP_TAPCELL_ROW_6_267,VSS,Metal1,262.0800,39.6690,0.000302
TAP_TAPCELL_ROW_6_266,VSS,Metal1,222.8800,39.6690,0.000335
TAP_TAPCELL_ROW_6_265,VSS,Metal1,183.6800,39.6690,0.000333
TAP_TAPCELL_ROW_6_264,VSS,Metal1,144.4800,39.6690,0.000358
TAP_TAPCELL_ROW_6_263,VSS,Metal1,105.2800,39.6690,0.000363
TAP_TAPCELL_ROW_6_262,VSS,Metal1,66.0800,39.6690,0.000353
TAP_TAPCELL_ROW_6_261,VSS,Metal1,26.8800,39.6690,0.000303
TAP_TAPCELL_ROW_5_260,VSS,Metal1,360.0800,38.7305,0.000238
TAP_TAPCELL_ROW_5_259,VSS,Metal1,320.8800,38.7305,0.000241
TAP_TAPCELL_ROW_5_258,VSS,Metal1,281.6800,38.7305,0.000276
TAP_TAPCELL_ROW_5_257,VSS,Metal1,242.4800,38.7305,0.000338
TAP_TAPCELL_ROW_5_256,VSS,Metal1,203.2800,38.7305,0.000335
TAP_TAPCELL_ROW_5_255,VSS,Metal1,164.0800,38.7305,0.000350
TAP_TAPCELL_ROW_5_254,VSS,Metal1,124.8800,38.7305,0.000364
TAP_TAPCELL_ROW_5_253,VSS,Metal1,85.6800,38.7305,0.000363
TAP_TAPCELL_ROW_5_252,VSS,Metal1,46.4800,38.7305,0.000321
TAP_TAPCELL_ROW_4_251,VSS,Metal1,379.6800,31.8290,0.000152
TAP_TAPCELL_ROW_4_250,VSS,Metal1,340.4800,31.8290,0.000152
TAP_TAPCELL_ROW_4_249,VSS,Metal1,301.2800,31.8290,0.000188
TAP_TAPCELL_ROW_4_248,VSS,Metal1,262.0800,31.8290,0.000211
TAP_TAPCELL_ROW_4_247,VSS,Metal1,222.8800,31.8290,0.000238
TAP_TAPCELL_ROW_4_246,VSS,Metal1,183.6800,31.8290,0.000244
TAP_TAPCELL_ROW_4_245,VSS,Metal1,144.4800,31.8290,0.000288
TAP_TAPCELL_ROW_4_244,VSS,Metal1,105.2800,31.8290,0.000322
TAP_TAPCELL_ROW_4_243,VSS,Metal1,66.0800,31.8290,0.000314
TAP_TAPCELL_ROW_4_242,VSS,Metal1,26.8800,31.8290,0.000235
TAP_TAPCELL_ROW_3_241,VSS,Metal1,360.0800,30.8905,0.000152
TAP_TAPCELL_ROW_3_240,VSS,Metal1,320.8800,30.8905,0.000161
TAP_TAPCELL_ROW_3_239,VSS,Metal1,281.6800,30.8905,0.000199
TAP_TAPCELL_ROW_3_238,VSS,Metal1,242.4800,30.8905,0.000231
TAP_TAPCELL_ROW_3_237,VSS,Metal1,203.2800,30.8905,0.000244
TAP_TAPCELL_ROW_3_236,VSS,Metal1,164.0800,30.8905,0.000272
TAP_TAPCELL_ROW_3_235,VSS,Metal1,124.8800,30.8905,0.000301
TAP_TAPCELL_ROW_3_234,VSS,Metal1,85.6800,30.8905,0.000322
TAP_TAPCELL_ROW_3_233,VSS,Metal1,46.4800,30.8905,0.000302
TAP_TAPCELL_ROW_2_232,VSS,Metal1,379.6800,23.9890,0.000204
TAP_TAPCELL_ROW_2_231,VSS,Metal1,340.4800,23.9890,0.000204
TAP_TAPCELL_ROW_2_230,VSS,Metal1,301.2800,23.9890,0.000218
TAP_TAPCELL_ROW_2_229,VSS,Metal1,262.0800,23.9890,0.000228
TAP_TAPCELL_ROW_2_228,VSS,Metal1,222.8800,23.9890,0.000282
TAP_TAPCELL_ROW_2_227,VSS,Metal1,183.6800,23.9890,0.000289
TAP_TAPCELL_ROW_2_226,VSS,Metal1,144.4800,23.9890,0.000309
TAP_TAPCELL_ROW_2_225,VSS,Metal1,105.2800,23.9890,0.000316
TAP_TAPCELL_ROW_2_224,VSS,Metal1,66.0800,23.9890,0.000324
TAP_TAPCELL_ROW_2_223,VSS,Metal1,26.8800,23.9890,0.000242
TAP_TAPCELL_ROW_1_222,VSS,Metal1,360.0800,23.0505,0.000204
TAP_TAPCELL_ROW_1_221,VSS,Metal1,320.8800,23.0505,0.000209
TAP_TAPCELL_ROW_1_220,VSS,Metal1,281.6800,23.0505,0.000218
TAP_TAPCELL_ROW_1_219,VSS,Metal1,242.4800,23.0505,0.000280
TAP_TAPCELL_ROW_1_218,VSS,Metal1,203.2800,23.0505,0.000284
TAP_TAPCELL_ROW_1_217,VSS,Metal1,164.0800,23.0505,0.000304
TAP_TAPCELL_ROW_1_216,VSS,Metal1,124.8800,23.0505,0.000312
TAP_TAPCELL_ROW_1_215,VSS,Metal1,85.6800,23.0505,0.000323
TAP_TAPCELL_ROW_1_214,VSS,Metal1,46.4800,23.0505,0.000314
TAP_TAPCELL_ROW_0_213,VSS,Metal1,388.0800,16.1490,0.000047
TAP_TAPCELL_ROW_0_212,VSS,Metal1,369.0400,16.1490,0.000047
TAP_TAPCELL_ROW_0_211,VSS,Metal1,350.0000,16.1490,0.000047
TAP_TAPCELL_ROW_0_210,VSS,Metal1,330.9600,16.1490,0.000049
TAP_TAPCELL_ROW_0_209,VSS,Metal1,311.9200,16.1490,0.000053
TAP_TAPCELL_ROW_0_208,VSS,Metal1,292.8800,16.1490,0.000058
TAP_TAPCELL_ROW_0_207,VSS,Metal1,273.8400,16.1490,0.000073
TAP_TAPCELL_ROW_0_206,VSS,Metal1,254.8000,16.1490,0.000086
TAP_TAPCELL_ROW_0_205,VSS,Metal1,235.7600,16.1490,0.000098
TAP_TAPCELL_ROW_0_204,VSS,Metal1,216.7200,16.1490,0.000109
TAP_TAPCELL_ROW_0_203,VSS,Metal1,197.6800,16.1490,0.000118
TAP_TAPCELL_ROW_0_202,VSS,Metal1,178.6400,16.1490,0.000123
TAP_TAPCELL_ROW_0_201,VSS,Metal1,159.6000,16.1490,0.000158
TAP_TAPCELL_ROW_0_200,VSS,Metal1,140.5600,16.1490,0.000192
TAP_TAPCELL_ROW_0_199,VSS,Metal1,121.5200,16.1490,0.000218
TAP_TAPCELL_ROW_0_198,VSS,Metal1,102.4800,16.1490,0.000233
TAP_TAPCELL_ROW_0_197,VSS,Metal1,83.4400,16.1490,0.000237
TAP_TAPCELL_ROW_0_196,VSS,Metal1,64.4000,16.1490,0.000227
TAP_TAPCELL_ROW_0_195,VSS,Metal1,45.3600,16.1490,0.000201
TAP_TAPCELL_ROW_0_194,VSS,Metal1,26.3200,16.1490,0.000160
PHY_EDGE_ROW_96_Left_193,VSS,Metal1,7.2730,392.4700,0.000014
PHY_EDGE_ROW_95_Left_192,VSS,Metal1,7.2730,391.5300,0.000014
PHY_EDGE_ROW_94_Left_191,VSS,Metal1,7.2730,384.6300,0.000053
PHY_EDGE_ROW_93_Left_190,VSS,Metal1,7.2730,383.6900,0.000053
PHY_EDGE_ROW_92_Left_189,VSS,Metal1,7.2730,376.7900,0.000042
PHY_EDGE_ROW_91_Left_188,VSS,Metal1,7.2730,375.8500,0.000042
PHY_EDGE_ROW_90_Left_187,VSS,Metal1,7.2730,368.9500,0.000022
PHY_EDGE_ROW_89_Left_186,VSS,Metal1,7.2730,368.0100,0.000022
PHY_EDGE_ROW_88_Left_185,VSS,Metal1,7.2730,361.1100,0.000088
PHY_EDGE_ROW_87_Left_184,VSS,Metal1,7.2730,360.1700,0.000088
PHY_EDGE_ROW_86_Left_183,VSS,Metal1,7.2730,353.2700,0.000198
PHY_EDGE_ROW_85_Left_182,VSS,Metal1,7.2730,352.3300,0.000198
PHY_EDGE_ROW_84_Left_181,VSS,Metal1,7.2730,345.4300,0.000216
PHY_EDGE_ROW_83_Left_180,VSS,Metal1,7.2730,344.4900,0.000216
PHY_EDGE_ROW_82_Left_179,VSS,Metal1,7.2730,337.5900,0.000347
PHY_EDGE_ROW_81_Left_178,VSS,Metal1,7.2730,336.6500,0.000347
PHY_EDGE_ROW_80_Left_177,VSS,Metal1,7.2730,329.7500,0.000294
PHY_EDGE_ROW_79_Left_176,VSS,Metal1,7.2730,328.8100,0.000294
PHY_EDGE_ROW_78_Left_175,VSS,Metal1,7.2730,321.9100,0.000255
PHY_EDGE_ROW_77_Left_174,VSS,Metal1,7.2730,320.9700,0.000255
PHY_EDGE_ROW_76_Left_173,VSS,Metal1,7.2730,314.0700,0.000253
PHY_EDGE_ROW_75_Left_172,VSS,Metal1,7.2730,313.1300,0.000253
PHY_EDGE_ROW_74_Left_171,VSS,Metal1,7.2730,306.2300,0.000362
PHY_EDGE_ROW_73_Left_170,VSS,Metal1,7.2730,305.2900,0.000362
PHY_EDGE_ROW_72_Left_169,VSS,Metal1,7.2730,298.3900,0.000218
PHY_EDGE_ROW_71_Left_168,VSS,Metal1,7.2730,297.4500,0.000218
PHY_EDGE_ROW_70_Left_167,VSS,Metal1,7.2730,290.5500,0.000202
PHY_EDGE_ROW_69_Left_166,VSS,Metal1,7.2730,289.6100,0.000202
PHY_EDGE_ROW_68_Left_165,VSS,Metal1,7.2730,282.7100,0.000225
PHY_EDGE_ROW_67_Left_164,VSS,Metal1,7.2730,281.7700,0.000225
PHY_EDGE_ROW_66_Left_163,VSS,Metal1,7.2730,274.8700,0.000330
PHY_EDGE_ROW_65_Left_162,VSS,Metal1,7.2730,273.9300,0.000330
PHY_EDGE_ROW_64_Left_161,VSS,Metal1,7.2730,267.0300,0.000301
PHY_EDGE_ROW_63_Left_160,VSS,Metal1,7.2730,266.0900,0.000301
PHY_EDGE_ROW_62_Left_159,VSS,Metal1,7.2730,259.1900,0.000196
PHY_EDGE_ROW_61_Left_158,VSS,Metal1,7.2730,258.2500,0.000196
PHY_EDGE_ROW_60_Left_157,VSS,Metal1,7.2730,251.3500,0.000189
PHY_EDGE_ROW_59_Left_156,VSS,Metal1,7.2730,250.4100,0.000189
PHY_EDGE_ROW_58_Left_155,VSS,Metal1,7.2730,243.5100,0.000237
PHY_EDGE_ROW_57_Left_154,VSS,Metal1,7.2730,242.5700,0.000237
PHY_EDGE_ROW_56_Left_153,VSS,Metal1,7.2730,235.6700,0.000321
PHY_EDGE_ROW_55_Left_152,VSS,Metal1,7.2730,234.7300,0.000321
PHY_EDGE_ROW_54_Left_151,VSS,Metal1,7.2730,227.8300,0.000309
PHY_EDGE_ROW_53_Left_150,VSS,Metal1,7.2730,226.8900,0.000309
PHY_EDGE_ROW_52_Left_149,VSS,Metal1,7.2730,219.9900,0.000086
PHY_EDGE_ROW_51_Left_148,VSS,Metal1,7.2730,219.0500,0.000086
PHY_EDGE_ROW_50_Left_147,VSS,Metal1,7.2730,212.1500,0.000334
PHY_EDGE_ROW_49_Left_146,VSS,Metal1,7.2730,211.2100,0.000334
PHY_EDGE_ROW_48_Left_145,VSS,Metal1,7.2730,204.3100,0.000391
PHY_EDGE_ROW_47_Left_144,VSS,Metal1,7.2730,203.3700,0.000391
PHY_EDGE_ROW_46_Left_143,VSS,Metal1,7.2730,196.4700,0.000182
PHY_EDGE_ROW_45_Left_142,VSS,Metal1,7.2730,195.5300,0.000182
PHY_EDGE_ROW_44_Left_141,VSS,Metal1,7.2730,188.6300,0.000301
PHY_EDGE_ROW_43_Left_140,VSS,Metal1,7.2730,187.6900,0.000301
PHY_EDGE_ROW_42_Left_139,VSS,Metal1,7.2730,180.7900,0.000319
PHY_EDGE_ROW_41_Left_138,VSS,Metal1,7.2730,179.8500,0.000319
PHY_EDGE_ROW_40_Left_137,VSS,Metal1,7.2730,172.9500,0.000628
PHY_EDGE_ROW_39_Left_136,VSS,Metal1,7.2730,172.0100,0.000628
PHY_EDGE_ROW_38_Left_135,VSS,Metal1,7.2730,165.1100,0.000452
PHY_EDGE_ROW_37_Left_134,VSS,Metal1,7.2730,164.1700,0.000452
PHY_EDGE_ROW_36_Left_133,VSS,Metal1,7.2730,157.2700,0.000244
PHY_EDGE_ROW_35_Left_132,VSS,Metal1,7.2730,156.3300,0.000244
PHY_EDGE_ROW_34_Left_131,VSS,Metal1,7.2730,149.4300,0.000328
PHY_EDGE_ROW_33_Left_130,VSS,Metal1,7.2730,148.4900,0.000328
PHY_EDGE_ROW_32_Left_129,VSS,Metal1,7.2730,141.5900,0.000245
PHY_EDGE_ROW_31_Left_128,VSS,Metal1,7.2730,140.6500,0.000245
PHY_EDGE_ROW_30_Left_127,VSS,Metal1,7.2730,133.7500,0.000076
PHY_EDGE_ROW_29_Left_126,VSS,Metal1,7.2730,132.8100,0.000076
PHY_EDGE_ROW_28_Left_125,VSS,Metal1,7.2730,125.9100,0.000255
PHY_EDGE_ROW_27_Left_124,VSS,Metal1,7.2730,124.9700,0.000255
PHY_EDGE_ROW_26_Left_123,VSS,Metal1,7.2730,118.0700,0.000321
PHY_EDGE_ROW_25_Left_122,VSS,Metal1,7.2730,117.1300,0.000321
PHY_EDGE_ROW_24_Left_121,VSS,Metal1,7.2730,110.2300,0.000239
PHY_EDGE_ROW_23_Left_120,VSS,Metal1,7.2730,109.2900,0.000239
PHY_EDGE_ROW_22_Left_119,VSS,Metal1,7.2730,102.3900,0.000330
PHY_EDGE_ROW_21_Left_118,VSS,Metal1,7.2730,101.4500,0.000330
PHY_EDGE_ROW_20_Left_117,VSS,Metal1,7.2730,94.5500,0.000194
PHY_EDGE_ROW_19_Left_116,VSS,Metal1,7.2730,93.6100,0.000194
PHY_EDGE_ROW_18_Left_115,VSS,Metal1,7.2730,86.7100,0.000185
PHY_EDGE_ROW_17_Left_114,VSS,Metal1,7.2730,85.7700,0.000185
PHY_EDGE_ROW_16_Left_113,VSS,Metal1,7.2730,78.8700,0.000203
PHY_EDGE_ROW_15_Left_112,VSS,Metal1,7.2730,77.9300,0.000203
PHY_EDGE_ROW_14_Left_111,VSS,Metal1,7.2730,71.0300,0.000355
PHY_EDGE_ROW_13_Left_110,VSS,Metal1,7.2730,70.0900,0.000355
PHY_EDGE_ROW_12_Left_109,VSS,Metal1,7.2730,63.1900,0.000229
PHY_EDGE_ROW_11_Left_108,VSS,Metal1,7.2730,62.2500,0.000229
PHY_EDGE_ROW_10_Left_107,VSS,Metal1,7.2730,55.3500,0.000385
PHY_EDGE_ROW_9_Left_106,VSS,Metal1,7.2730,54.4100,0.000385
PHY_EDGE_ROW_8_Left_105,VSS,Metal1,7.2730,47.5100,0.000354
PHY_EDGE_ROW_7_Left_104,VSS,Metal1,7.2730,46.5700,0.000354
PHY_EDGE_ROW_6_Left_103,VSS,Metal1,7.2730,39.6700,0.000303
PHY_EDGE_ROW_5_Left_102,VSS,Metal1,7.2730,38.7300,0.000303
PHY_EDGE_ROW_4_Left_101,VSS,Metal1,7.2730,31.8300,0.000235
PHY_EDGE_ROW_3_Left_100,VSS,Metal1,7.2730,30.8900,0.000235
PHY_EDGE_ROW_2_Left_99,VSS,Metal1,7.2730,23.9900,0.000242
PHY_EDGE_ROW_1_Left_98,VSS,Metal1,7.2730,23.0500,0.000242
PHY_EDGE_ROW_0_Left_97,VSS,Metal1,7.2730,16.1500,0.000160
PHY_EDGE_ROW_96_Right_96,VSS,Metal1,389.2065,392.4700,0.000015
PHY_EDGE_ROW_95_Right_95,VSS,Metal1,389.2065,391.5300,0.000015
PHY_EDGE_ROW_94_Right_94,VSS,Metal1,389.2065,384.6300,0.000065
PHY_EDGE_ROW_93_Right_93,VSS,Metal1,389.2065,383.6900,0.000065
PHY_EDGE_ROW_92_Right_92,VSS,Metal1,389.2065,376.7900,0.000064
PHY_EDGE_ROW_91_Right_91,VSS,Metal1,389.2065,375.8500,0.000064
PHY_EDGE_ROW_90_Right_90,VSS,Metal1,389.2065,368.9500,0.000026
PHY_EDGE_ROW_89_Right_89,VSS,Metal1,389.2065,368.0100,0.000026
PHY_EDGE_ROW_88_Right_88,VSS,Metal1,389.2065,361.1100,0.000120
PHY_EDGE_ROW_87_Right_87,VSS,Metal1,389.2065,360.1700,0.000120
PHY_EDGE_ROW_86_Right_86,VSS,Metal1,389.2065,353.2700,0.000187
PHY_EDGE_ROW_85_Right_85,VSS,Metal1,389.2065,352.3300,0.000187
PHY_EDGE_ROW_84_Right_84,VSS,Metal1,389.2065,345.4300,0.000146
PHY_EDGE_ROW_83_Right_83,VSS,Metal1,389.2065,344.4900,0.000146
PHY_EDGE_ROW_82_Right_82,VSS,Metal1,389.2065,337.5900,0.000377
PHY_EDGE_ROW_81_Right_81,VSS,Metal1,389.2065,336.6500,0.000377
PHY_EDGE_ROW_80_Right_80,VSS,Metal1,389.2065,329.7500,0.000317
PHY_EDGE_ROW_79_Right_79,VSS,Metal1,389.2065,328.8100,0.000317
PHY_EDGE_ROW_78_Right_78,VSS,Metal1,389.2065,321.9100,0.000394
PHY_EDGE_ROW_77_Right_77,VSS,Metal1,389.2065,320.9700,0.000394
PHY_EDGE_ROW_76_Right_76,VSS,Metal1,389.2065,314.0700,0.000186
PHY_EDGE_ROW_75_Right_75,VSS,Metal1,389.2065,313.1300,0.000186
PHY_EDGE_ROW_74_Right_74,VSS,Metal1,389.2065,306.2300,0.000181
PHY_EDGE_ROW_73_Right_73,VSS,Metal1,389.2065,305.2900,0.000181
PHY_EDGE_ROW_72_Right_72,VSS,Metal1,389.2065,298.3900,0.000214
PHY_EDGE_ROW_71_Right_71,VSS,Metal1,389.2065,297.4500,0.000214
PHY_EDGE_ROW_70_Right_70,VSS,Metal1,389.2065,290.5500,0.000114
PHY_EDGE_ROW_69_Right_69,VSS,Metal1,389.2065,289.6100,0.000114
PHY_EDGE_ROW_68_Right_68,VSS,Metal1,389.2065,282.7100,0.000111
PHY_EDGE_ROW_67_Right_67,VSS,Metal1,389.2065,281.7700,0.000111
PHY_EDGE_ROW_66_Right_66,VSS,Metal1,389.2065,274.8700,0.000168
PHY_EDGE_ROW_65_Right_65,VSS,Metal1,389.2065,273.9300,0.000168
PHY_EDGE_ROW_64_Right_64,VSS,Metal1,389.2065,267.0300,0.000414
PHY_EDGE_ROW_63_Right_63,VSS,Metal1,389.2065,266.0900,0.000414
PHY_EDGE_ROW_62_Right_62,VSS,Metal1,389.2065,259.1900,0.000205
PHY_EDGE_ROW_61_Right_61,VSS,Metal1,389.2065,258.2500,0.000205
PHY_EDGE_ROW_60_Right_60,VSS,Metal1,389.2065,251.3500,0.000238
PHY_EDGE_ROW_59_Right_59,VSS,Metal1,389.2065,250.4100,0.000238
PHY_EDGE_ROW_58_Right_58,VSS,Metal1,389.2065,243.5100,0.000217
PHY_EDGE_ROW_57_Right_57,VSS,Metal1,389.2065,242.5700,0.000217
PHY_EDGE_ROW_56_Right_56,VSS,Metal1,389.2065,235.6700,0.000241
PHY_EDGE_ROW_55_Right_55,VSS,Metal1,389.2065,234.7300,0.000241
PHY_EDGE_ROW_54_Right_54,VSS,Metal1,389.2065,227.8300,0.000133
PHY_EDGE_ROW_53_Right_53,VSS,Metal1,389.2065,226.8900,0.000133
PHY_EDGE_ROW_52_Right_52,VSS,Metal1,389.2065,219.9900,0.000054
PHY_EDGE_ROW_51_Right_51,VSS,Metal1,389.2065,219.0500,0.000054
PHY_EDGE_ROW_50_Right_50,VSS,Metal1,389.2065,212.1500,0.000206
PHY_EDGE_ROW_49_Right_49,VSS,Metal1,389.2065,211.2100,0.000206
PHY_EDGE_ROW_48_Right_48,VSS,Metal1,389.2065,204.3100,0.000294
PHY_EDGE_ROW_47_Right_47,VSS,Metal1,389.2065,203.3700,0.000294
PHY_EDGE_ROW_46_Right_46,VSS,Metal1,389.2065,196.4700,0.000146
PHY_EDGE_ROW_45_Right_45,VSS,Metal1,389.2065,195.5300,0.000146
PHY_EDGE_ROW_44_Right_44,VSS,Metal1,389.2065,188.6300,0.000384
PHY_EDGE_ROW_43_Right_43,VSS,Metal1,389.2065,187.6900,0.000384
PHY_EDGE_ROW_42_Right_42,VSS,Metal1,389.2065,180.7900,0.000235
PHY_EDGE_ROW_41_Right_41,VSS,Metal1,389.2065,179.8500,0.000235
PHY_EDGE_ROW_40_Right_40,VSS,Metal1,389.2065,172.9500,0.000516
PHY_EDGE_ROW_39_Right_39,VSS,Metal1,389.2065,172.0100,0.000516
PHY_EDGE_ROW_38_Right_38,VSS,Metal1,389.2065,165.1100,0.000391
PHY_EDGE_ROW_37_Right_37,VSS,Metal1,389.2065,164.1700,0.000391
PHY_EDGE_ROW_36_Right_36,VSS,Metal1,389.2065,157.2700,0.000309
PHY_EDGE_ROW_35_Right_35,VSS,Metal1,389.2065,156.3300,0.000309
PHY_EDGE_ROW_34_Right_34,VSS,Metal1,389.2065,149.4300,0.000405
PHY_EDGE_ROW_33_Right_33,VSS,Metal1,389.2065,148.4900,0.000405
PHY_EDGE_ROW_32_Right_32,VSS,Metal1,389.2065,141.5900,0.000235
PHY_EDGE_ROW_31_Right_31,VSS,Metal1,389.2065,140.6500,0.000235
PHY_EDGE_ROW_30_Right_30,VSS,Metal1,389.2065,133.7500,0.000084
PHY_EDGE_ROW_29_Right_29,VSS,Metal1,389.2065,132.8100,0.000084
PHY_EDGE_ROW_28_Right_28,VSS,Metal1,389.2065,125.9100,0.000286
PHY_EDGE_ROW_27_Right_27,VSS,Metal1,389.2065,124.9700,0.000286
PHY_EDGE_ROW_26_Right_26,VSS,Metal1,389.2065,118.0700,0.000355
PHY_EDGE_ROW_25_Right_25,VSS,Metal1,389.2065,117.1300,0.000355
PHY_EDGE_ROW_24_Right_24,VSS,Metal1,389.2065,110.2300,0.000366
PHY_EDGE_ROW_23_Right_23,VSS,Metal1,389.2065,109.2900,0.000366
PHY_EDGE_ROW_22_Right_22,VSS,Metal1,389.2065,102.3900,0.000385
PHY_EDGE_ROW_21_Right_21,VSS,Metal1,389.2065,101.4500,0.000385
PHY_EDGE_ROW_20_Right_20,VSS,Metal1,389.2065,94.5500,0.000175
PHY_EDGE_ROW_19_Right_19,VSS,Metal1,389.2065,93.6100,0.000175
PHY_EDGE_ROW_18_Right_18,VSS,Metal1,389.2065,86.7100,0.000275
PHY_EDGE_ROW_17_Right_17,VSS,Metal1,389.2065,85.7700,0.000275
PHY_EDGE_ROW_16_Right_16,VSS,Metal1,389.2065,78.8700,0.000108
PHY_EDGE_ROW_15_Right_15,VSS,Metal1,389.2065,77.9300,0.000108
PHY_EDGE_ROW_14_Right_14,VSS,Metal1,389.2065,71.0300,0.000280
PHY_EDGE_ROW_13_Right_13,VSS,Metal1,389.2065,70.0900,0.000280
PHY_EDGE_ROW_12_Right_12,VSS,Metal1,389.2065,63.1900,0.000186
PHY_EDGE_ROW_11_Right_11,VSS,Metal1,389.2065,62.2500,0.000186
PHY_EDGE_ROW_10_Right_10,VSS,Metal1,389.2065,55.3500,0.000290
PHY_EDGE_ROW_9_Right_9,VSS,Metal1,389.2065,54.4100,0.000290
PHY_EDGE_ROW_8_Right_8,VSS,Metal1,389.2065,47.5100,0.000372
PHY_EDGE_ROW_7_Right_7,VSS,Metal1,389.2065,46.5700,0.000372
PHY_EDGE_ROW_6_Right_6,VSS,Metal1,389.2065,39.6700,0.000238
PHY_EDGE_ROW_5_Right_5,VSS,Metal1,389.2065,38.7300,0.000238
PHY_EDGE_ROW_4_Right_4,VSS,Metal1,389.2065,31.8300,0.000152
PHY_EDGE_ROW_3_Right_3,VSS,Metal1,389.2065,30.8900,0.000152
PHY_EDGE_ROW_2_Right_2,VSS,Metal1,389.2065,23.9900,0.000204
PHY_EDGE_ROW_1_Right_1,VSS,Metal1,389.2065,23.0500,0.000204
PHY_EDGE_ROW_0_Right_0,VSS,Metal1,389.2065,16.1500,0.000047
_2108_,VSS,Metal1,242.0620,71.1050,0.000364
_2107_,VSS,Metal1,232.5420,63.2650,0.000266
_2106_,VSS,Metal1,240.9420,78.9450,0.000149
_2105_,VSS,Metal1,217.1375,38.6545,0.000335
_2104_,VSS,Metal1,248.4975,55.4250,0.000368
_2103_,VSS,Metal1,223.0220,54.3345,0.000373
_2102_,VSS,Metal1,252.4175,180.8650,0.000289
_2101_,VSS,Metal1,233.1020,165.1850,0.000433
_2100_,VSS,Metal1,248.7820,173.0250,0.000691
_2099_,VSS,Metal1,212.9420,171.9345,0.000717
_2098_,VSS,Metal1,203.4220,165.1850,0.000405
_2097_,VSS,Metal1,219.6620,164.0945,0.000432
_2096_,VSS,Metal1,235.0575,133.8250,0.000079
_2095_,VSS,Metal1,216.8620,132.7345,0.000078
_2094_,VSS,Metal1,232.5420,141.6650,0.000292
_2093_,VSS,Metal1,192.7820,140.5745,0.000289
_2092_,VSS,Metal1,183.5375,148.4145,0.000393
_2091_,VSS,Metal1,204.5420,141.6650,0.000290
_2090_,VSS,Metal1,344.5420,336.5745,0.000377
_2089_,VSS,Metal1,322.7020,353.3450,0.000187
_2088_,VSS,Metal1,321.5820,345.5050,0.000167
_2087_,VSS,Metal1,325.7775,321.9850,0.000394
_2086_,VSS,Metal1,319.0575,298.4650,0.000226
_2085_,VSS,Metal1,346.2220,313.0545,0.000186
_2084_,VSS,Metal1,354.6220,306.3050,0.000181
_2083_,VSS,Metal1,350.1420,298.4650,0.000214
_2082_,VSS,Metal1,346.4975,289.5345,0.000114
_2081_,VSS,Metal1,338.0975,273.8545,0.000168
_2080_,VSS,Metal1,321.2975,274.9450,0.000171
_2079_,VSS,Metal1,324.6575,259.2650,0.000205
_2078_,VSS,Metal1,311.2175,250.3345,0.000238
_2077_,VSS,Metal1,294.7020,258.1745,0.000232
_2076_,VSS,Metal1,261.1020,273.8545,0.000238
_2075_,VSS,Metal1,260.2575,258.1745,0.000236
_2074_,VSS,Metal1,274.5420,251.4250,0.000241
_2073_,VSS,Metal1,250.9925,196.5425,0.000211
_2072_,VSS,Metal1,244.2725,251.4225,0.000241
_2071_,VSS,Metal1,221.3125,250.3370,0.000241
_2070_,VSS,Metal1,251.5820,141.6650,0.000283
_2069_,VSS,Metal1,252.1420,124.8945,0.000354
_2068_,VSS,Metal1,246.2575,118.1450,0.000347
_2067_,VSS,Metal1,268.9125,46.4970,0.000384
_2066_,VSS,Metal1,322.1125,47.5825,0.000372
_2065_,VSS,Metal1,323.2620,39.7450,0.000241
_2064_,VSS,Metal1,310.9420,24.0650,0.000217
_2063_,VSS,Metal1,286.8325,39.7425,0.000276
_2062_,VSS,Metal1,337.2325,46.4970,0.000372
_2061_,VSS,Metal1,338.0975,38.6545,0.000238
_2060_,VSS,Metal1,330.8175,24.0650,0.000204
_2059_,VSS,Metal1,193.3420,337.6650,0.000421
_2058_,VSS,Metal1,212.9420,328.7345,0.000387
_2057_,VSS,Metal1,217.1375,305.2145,0.000277
_2056_,VSS,Metal1,209.5820,282.7850,0.000150
_2055_,VSS,Metal1,242.0620,282.7850,0.000139
_2054_,VSS,Metal1,242.0620,267.1050,0.000447
_2053_,VSS,Metal1,226.9420,273.8545,0.000240
_2052_,VSS,Metal1,212.9420,266.0145,0.000407
_2051_,VSS,Metal1,193.3420,267.1050,0.000390
_2050_,VSS,Metal1,173.7420,266.0145,0.000370
_2049_,VSS,Metal1,174.8620,289.5345,0.000180
_2048_,VSS,Metal1,183.2620,313.0545,0.000264
_2047_,VSS,Metal1,179.0575,328.7345,0.000387
_2046_,VSS,Metal1,160.8620,321.9850,0.000319
_2045_,VSS,Metal1,140.7020,328.7345,0.000388
_2044_,VSS,Metal1,144.6220,336.5745,0.000417
_2043_,VSS,Metal1,186.6220,250.3345,0.000240
_2042_,VSS,Metal1,76.0175,171.9345,0.000726
_2041_,VSS,Metal1,73.5020,187.6145,0.000395
_2040_,VSS,Metal1,67.6175,195.4545,0.000186
_2039_,VSS,Metal1,123.3125,165.1825,0.000459
_2038_,VSS,Metal1,119.9525,173.0225,0.000727
_2037_,VSS,Metal1,114.9420,180.8650,0.000301
_2036_,VSS,Metal1,120.5420,157.3450,0.000273
_2035_,VSS,Metal1,142.3525,164.0970,0.000437
_2034_,VSS,Metal1,141.7925,179.7770,0.000291
_2033_,VSS,Metal1,133.9820,180.8650,0.000291
_2032_,VSS,Metal1,137.9020,156.2545,0.000274
_2031_,VSS,Metal1,185.2175,46.4945,0.000392
_2030_,VSS,Metal1,245.4220,86.7850,0.000280
_2029_,VSS,Metal1,174.5775,54.3345,0.000375
_2028_,VSS,Metal1,213.2175,24.0650,0.000282
_2027_,VSS,Metal1,197.8220,31.9050,0.000244
_2026_,VSS,Metal1,252.9775,117.0545,0.000347
_2025_,VSS,Metal1,216.3020,148.4145,0.000397
_2024_,VSS,Metal1,243.7420,157.3450,0.000344
_2023_,VSS,Metal1,195.0220,157.3450,0.000289
_2022_,VSS,Metal1,193.6175,187.6145,0.000376
_2021_,VSS,Metal1,186.6220,164.0945,0.000401
_2020_,VSS,Metal1,172.6220,165.1850,0.000401
_2019_,VSS,Metal1,211.8220,188.7050,0.000384
_2018_,VSS,Metal1,192.7820,156.2545,0.000288
_2017_,VSS,Metal1,173.7420,156.2545,0.000271
_2016_,VSS,Metal1,231.9820,195.4545,0.000215
_2015_,VSS,Metal1,232.5420,180.8650,0.000290
_2014_,VSS,Metal1,161.9820,345.5050,0.000226
_2013_,VSS,Metal1,281.8220,361.1850,0.000124
_2012_,VSS,Metal1,212.9420,352.2545,0.000219
_2011_,VSS,Metal1,193.3420,353.3450,0.000214
_2010_,VSS,Metal1,255.5020,297.3745,0.000255
_2009_,VSS,Metal1,251.5820,321.9850,0.000419
_2008_,VSS,Metal1,232.8175,344.4145,0.000219
_2007_,VSS,Metal1,307.2975,360.0945,0.000120
_2006_,VSS,Metal1,164.2220,306.3050,0.000309
_2005_,VSS,Metal1,237.5820,314.1450,0.000260
_2004_,VSS,Metal1,272.8620,353.3450,0.000225
_2003_,VSS,Metal1,257.7420,336.5745,0.000436
_2002_,VSS,Metal1,185.5020,360.0945,0.000089
_2001_,VSS,Metal1,167.5820,353.3450,0.000201
_2000_,VSS,Metal1,296.9420,352.2545,0.000213
_1999_,VSS,Metal1,238.7020,329.8250,0.000381
_1998_,VSS,Metal1,221.3420,203.2945,0.000475
_1997_,VSS,Metal1,165.0575,180.8650,0.000288
_1996_,VSS,Metal1,159.1820,227.9050,0.000239
_1995_,VSS,Metal1,216.8620,242.4945,0.000303
_1994_,VSS,Metal1,207.9020,212.2250,0.000425
_1993_,VSS,Metal1,196.7020,227.9050,0.000220
_1992_,VSS,Metal1,135.0725,266.0170,0.000369
_1991_,VSS,Metal1,139.8875,250.3370,0.000256
_1990_,VSS,Metal1,130.5925,274.9425,0.000334
_1989_,VSS,Metal1,135.9675,305.2170,0.000327
_1988_,VSS,Metal1,147.9525,297.3770,0.000254
_1987_,VSS,Metal1,152.9925,289.5370,0.000182
_1986_,VSS,Metal1,149.6325,273.8570,0.000285
_1985_,VSS,Metal1,159.7125,251.4225,0.000250
_1984_,VSS,Metal1,202.5775,196.5450,0.000207
_1983_,VSS,Metal1,185.7775,226.8145,0.000221
_1982_,VSS,Metal1,173.7420,187.6145,0.000370
_1981_,VSS,Metal1,287.9820,227.9050,0.000171
_1980_,VSS,Metal1,337.2620,226.8145,0.000133
_1979_,VSS,Metal1,334.4620,234.6545,0.000241
_1978_,VSS,Metal1,310.9420,235.7450,0.000262
_1977_,VSS,Metal1,277.3125,180.8625,0.000289
_1976_,VSS,Metal1,285.1525,196.5425,0.000195
_1975_,VSS,Metal1,304.1925,211.1370,0.000209
_1974_,VSS,Metal1,316.5125,212.2225,0.000207
_1973_,VSS,Metal1,331.9675,211.1370,0.000206
_1972_,VSS,Metal1,346.7525,203.2970,0.000294
_1971_,VSS,Metal1,346.1925,195.4570,0.000146
_1970_,VSS,Metal1,318.1925,180.8625,0.000276
_1969_,VSS,Metal1,231.9820,218.9745,0.000068
_1968_,VSS,Metal1,250.7375,204.3850,0.000426
_1967_,VSS,Metal1,237.5820,235.7450,0.000385
_1966_,VSS,Metal1,287.4220,235.7450,0.000334
_1965_,VSS,Metal1,243.4575,47.5850,0.000391
_1964_,VSS,Metal1,234.7820,24.0650,0.000280
_1963_,VSS,Metal1,350.1420,141.6650,0.000229
_1962_,VSS,Metal1,355.7420,86.7850,0.000274
_1961_,VSS,Metal1,354.6220,110.3050,0.000365
_1960_,VSS,Metal1,350.1420,149.5050,0.000402
_1959_,VSS,Metal1,349.5820,132.7345,0.000081
_1958_,VSS,Metal1,350.1420,102.4650,0.000380
_1957_,VSS,Metal1,238.9775,94.6250,0.000187
_1956_,VSS,Metal1,181.0220,101.3745,0.000333
_1955_,VSS,Metal1,185.5020,117.0545,0.000335
_1954_,VSS,Metal1,230.3020,85.6945,0.000278
_1953_,VSS,Metal1,201.7420,110.3050,0.000288
_1952_,VSS,Metal1,216.8620,124.8945,0.000350
_1951_,VSS,Metal1,165.9020,141.6650,0.000269
_1950_,VSS,Metal1,162.5420,110.3050,0.000261
_1949_,VSS,Metal1,218.2575,30.8145,0.000240
_1948_,VSS,Metal1,25.3420,46.4945,0.000354
_1947_,VSS,Metal1,21.4220,77.8545,0.000203
_1946_,VSS,Metal1,84.9775,24.0650,0.000324
_1945_,VSS,Metal1,54.1775,24.0650,0.000314
_1944_,VSS,Metal1,16.9420,124.8945,0.000255
_1943_,VSS,Metal1,35.9820,93.5345,0.000200
_1942_,VSS,Metal1,95.6175,118.1450,0.000339
_1941_,VSS,Metal1,91.6975,39.7450,0.000363
_1940_,VSS,Metal1,69.0220,46.4945,0.000413
_1939_,VSS,Metal1,121.9375,39.7450,0.000364
_1938_,VSS,Metal1,105.9820,22.9745,0.000316
_1937_,VSS,Metal1,158.6220,47.5850,0.000401
_1936_,VSS,Metal1,124.7375,86.7850,0.000203
_1935_,VSS,Metal1,159.7420,24.0650,0.000304
_1934_,VSS,Metal1,166.1775,31.9050,0.000272
_1933_,VSS,Metal1,123.6175,102.4650,0.000379
_1932_,VSS,Metal1,36.8175,124.8945,0.000265
_1931_,VSS,Metal1,41.8575,94.6250,0.000200
_1930_,VSS,Metal1,107.6620,124.8945,0.000266
_1929_,VSS,Metal1,91.6975,47.5850,0.000429
_1928_,VSS,Metal1,66.2220,54.3345,0.000443
_1927_,VSS,Metal1,119.4220,55.4250,0.000432
_1926_,VSS,Metal1,146.0175,101.3745,0.000377
_1925_,VSS,Metal1,135.3775,62.1745,0.000305
_1924_,VSS,Metal1,126.1420,110.3050,0.000251
_1923_,VSS,Metal1,154.4175,62.1745,0.000296
_1922_,VSS,Metal1,144.8975,109.2145,0.000263
_1921_,VSS,Metal1,102.6220,101.3745,0.000385
_1920_,VSS,Metal1,196.1420,47.5850,0.000394
_1919_,VSS,Metal1,16.9420,54.3345,0.000385
_1918_,VSS,Metal1,16.9420,70.0145,0.000355
_1917_,VSS,Metal1,73.7775,22.9745,0.000324
_1916_,VSS,Metal1,45.7775,31.9050,0.000302
_1915_,VSS,Metal1,16.9420,140.5745,0.000245
_1914_,VSS,Metal1,16.9420,93.5345,0.000194
_1913_,VSS,Metal1,16.9420,148.4145,0.000328
_1912_,VSS,Metal1,97.8575,30.8145,0.000322
_1911_,VSS,Metal1,65.3775,38.6545,0.000353
_1910_,VSS,Metal1,106.5420,38.6545,0.000363
_1909_,VSS,Metal1,120.8175,31.9050,0.000301
_1908_,VSS,Metal1,139.8575,46.4945,0.000430
_1907_,VSS,Metal1,108.2220,148.4145,0.000340
_1906_,VSS,Metal1,143.7775,22.9745,0.000309
_1905_,VSS,Metal1,132.0175,24.0650,0.000311
_1904_,VSS,Metal1,91.1375,71.1050,0.000427
_1903_,VSS,Metal1,27.8575,117.0545,0.000321
_1902_,VSS,Metal1,18.6220,101.3745,0.000330
_1901_,VSS,Metal1,37.9375,141.6650,0.000253
_1900_,VSS,Metal1,80.7820,78.9450,0.000224
_1899_,VSS,Metal1,72.0975,62.1745,0.000306
_1898_,VSS,Metal1,114.9420,63.2650,0.000315
_1897_,VSS,Metal1,101.2175,77.8545,0.000223
_1896_,VSS,Metal1,140.1420,85.6945,0.000203
_1895_,VSS,Metal1,130.0620,71.1050,0.000426
_1894_,VSS,Metal1,144.8975,124.8945,0.000292
_1893_,VSS,Metal1,126.4175,125.9850,0.000292
_1892_,VSS,Metal1,100.9420,93.5345,0.000203
_1891_,VSS,Metal1,162.5420,125.9850,0.000288
_1890_,VSS,Metal1,180.4620,132.7345,0.000074
_1889_,VSS,Metal1,161.4220,384.7050,0.000053
_1888_,VSS,Metal1,271.7420,376.8650,0.000067
_1887_,VSS,Metal1,203.9820,361.1850,0.000097
_1886_,VSS,Metal1,189.9820,383.6145,0.000060
_1885_,VSS,Metal1,252.1420,367.9345,0.000028
_1884_,VSS,Metal1,258.0175,383.6145,0.000071
_1883_,VSS,Metal1,223.0220,360.0945,0.000103
_1882_,VSS,Metal1,295.8220,383.6145,0.000066
_1881_,VSS,Metal1,150.2220,313.0545,0.000285
_1880_,VSS,Metal1,210.7020,384.7050,0.000064
_1879_,VSS,Metal1,240.3820,376.8650,0.000067
_1878_,VSS,Metal1,244.3020,353.3450,0.000222
_1877_,VSS,Metal1,182.7020,375.7745,0.000045
_1876_,VSS,Metal1,163.1020,369.0250,0.000022
_1875_,VSS,Metal1,290.7820,376.8650,0.000064
_1874_,VSS,Metal1,224.7020,375.7745,0.000066
_1873_,VSS,Metal1,221.6175,117.0545,0.000343
_1872_,VSS,Metal1,156.3820,157.3450,0.000273
_1871_,VSS,Metal1,61.7420,164.0945,0.000471
_1870_,VSS,Metal1,60.6220,156.2545,0.000262
_1869_,VSS,Metal1,16.9420,273.8545,0.000330
_1868_,VSS,Metal1,36.5420,196.5450,0.000185
_1867_,VSS,Metal1,16.9420,250.3345,0.000189
_1866_,VSS,Metal1,16.9420,218.9745,0.000086
_1865_,VSS,Metal1,16.9420,281.6945,0.000225
_1864_,VSS,Metal1,16.9420,313.0545,0.000253
_1863_,VSS,Metal1,16.9420,320.8945,0.000255
_1862_,VSS,Metal1,28.1420,234.6545,0.000321
_1861_,VSS,Metal1,24.7820,266.0145,0.000300
_1860_,VSS,Metal1,41.5820,188.7050,0.000382
_1859_,VSS,Metal1,21.4220,242.4945,0.000237
_1858_,VSS,Metal1,20.8620,211.1345,0.000334
_1857_,VSS,Metal1,24.2220,289.5345,0.000202
_1856_,VSS,Metal1,25.9020,305.2145,0.000356
_1855_,VSS,Metal1,30.6575,328.7345,0.000294
_1854_,VSS,Metal1,35.9820,226.8145,0.000334
_1853_,VSS,Metal1,56.1420,211.1345,0.000392
_1852_,VSS,Metal1,17.7775,187.6145,0.000301
_1851_,VSS,Metal1,29.2620,164.0945,0.000454
_1850_,VSS,Metal1,29.2620,171.9345,0.000607
_1849_,VSS,Metal1,133.4220,196.5450,0.000183
_1848_,VSS,Metal1,153.5820,195.4545,0.000168
_1847_,VSS,Metal1,146.2725,226.8170,0.000239
_1846_,VSS,Metal1,133.3925,227.9025,0.000241
_1845_,VSS,Metal1,103.1525,164.0970,0.000464
_1844_,VSS,Metal1,94.1925,180.8625,0.000329
_1843_,VSS,Metal1,87.5020,188.7050,0.000395
_1842_,VSS,Metal1,94.7820,157.3450,0.000272
_1841_,VSS,Metal1,66.2220,273.8545,0.000357
_1840_,VSS,Metal1,75.1820,226.8145,0.000313
_1839_,VSS,Metal1,69.0220,258.1745,0.000204
_1838_,VSS,Metal1,100.9420,344.4145,0.000220
_1837_,VSS,Metal1,120.2575,337.6650,0.000415
_1836_,VSS,Metal1,78.5420,345.5050,0.000219
_1835_,VSS,Metal1,69.0220,352.2545,0.000199
_1834_,VSS,Metal1,110.4620,266.0145,0.000349
_1833_,VSS,Metal1,48.0175,267.1050,0.000302
_1832_,VSS,Metal1,53.3420,220.0650,0.000087
_1831_,VSS,Metal1,51.9375,243.5850,0.000247
_1830_,VSS,Metal1,98.7020,320.8945,0.000309
_1829_,VSS,Metal1,104.3020,297.3745,0.000248
_1828_,VSS,Metal1,51.6620,314.1450,0.000268
_1827_,VSS,Metal1,48.3020,321.9850,0.000268
_1826_,VSS,Metal1,94.7820,259.2650,0.000216
_1825_,VSS,Metal1,71.2620,281.6945,0.000227
_1824_,VSS,Metal1,70.1420,218.9745,0.000086
_1823_,VSS,Metal1,69.0220,242.4945,0.000260
_1822_,VSS,Metal1,98.7020,336.5745,0.000400
_1821_,VSS,Metal1,123.9020,321.9850,0.000316
_1820_,VSS,Metal1,75.1820,328.7345,0.000346
_1819_,VSS,Metal1,63.4220,344.4145,0.000217
_1818_,VSS,Metal1,113.2620,242.4945,0.000260
_1817_,VSS,Metal1,46.0620,282.7850,0.000238
_1816_,VSS,Metal1,71.8220,203.2945,0.000433
_1815_,VSS,Metal1,44.3820,251.4250,0.000195
_1814_,VSS,Metal1,95.3420,281.6945,0.000207
_1813_,VSS,Metal1,112.7020,289.5345,0.000199
_1812_,VSS,Metal1,63.9820,305.2145,0.000361
_1811_,VSS,Metal1,44.9420,298.4650,0.000228
_1810_,VSS,Metal1,95.6175,235.7450,0.000425
_1809_,VSS,Metal1,262.4975,22.9745,0.000228
_1808_,VSS,Metal1,261.6620,30.8145,0.000211
_1807_,VSS,Metal1,282.3525,31.9025,0.000199
_1806_,VSS,Metal1,288.5125,24.0625,0.000218
_1805_,VSS,Metal1,261.6325,77.8570,0.000145
_1804_,VSS,Metal1,280.1125,78.9425,0.000143
_1803_,VSS,Metal1,277.3420,63.2650,0.000258
_1802_,VSS,Metal1,262.2220,62.1745,0.000260
_1801_,VSS,Metal1,271.7420,125.9850,0.000343
_1800_,VSS,Metal1,267.2620,156.2545,0.000334
_1799_,VSS,Metal1,312.6220,86.7850,0.000282
_1798_,VSS,Metal1,315.4220,118.1450,0.000344
_1797_,VSS,Metal1,307.0220,148.4145,0.000393
_1796_,VSS,Metal1,333.9020,164.0945,0.000387
_1795_,VSS,Metal1,327.1820,71.1050,0.000283
_1794_,VSS,Metal1,263.3420,93.5345,0.000188
_1793_,VSS,Metal1,267.2620,140.5745,0.000280
_1792_,VSS,Metal1,267.8220,179.7745,0.000289
_1791_,VSS,Metal1,310.3820,101.3745,0.000379
_1790_,VSS,Metal1,307.0220,132.7345,0.000076
_1789_,VSS,Metal1,302.5420,187.6145,0.000390
_1788_,VSS,Metal1,343.4220,179.7745,0.000230
_1787_,VSS,Metal1,343.9820,62.1745,0.000186
_1786_,VSS,Metal1,258.3020,101.3745,0.000392
_1785_,VSS,Metal1,284.6220,118.1450,0.000345
_1784_,VSS,Metal1,284.0620,157.3450,0.000333
_1783_,VSS,Metal1,322.7020,94.6250,0.000171
_1782_,VSS,Metal1,330.5420,124.8945,0.000276
_1781_,VSS,Metal1,310.9420,165.1850,0.000456
_1780_,VSS,Metal1,342.3020,171.9345,0.000513
_1779_,VSS,Metal1,337.2620,77.8545,0.000106
_1778_,VSS,Metal1,282.9420,94.6250,0.000191
_1777_,VSS,Metal1,291.6175,141.6650,0.000230
_1776_,VSS,Metal1,291.3420,179.7745,0.000288
_1775_,VSS,Metal1,335.0220,101.3745,0.000379
_1774_,VSS,Metal1,330.5420,148.4145,0.000393
_1773_,VSS,Metal1,323.2620,173.0250,0.000542
_1772_,VSS,Metal1,357.9820,180.8650,0.000230
_1771_,VSS,Metal1,357.9820,71.1050,0.000279
_1770_,VSS,Metal1,296.6575,109.2145,0.000365
_1769_,VSS,Metal1,225.5530,188.5150,0.000389
_1768_,VSS,Metal1,226.6665,187.7205,0.000389
_1767_,VSS,Metal1,227.4800,179.8940,0.000290
_1766_,VSS,Metal1,168.1200,352.3740,0.000201
_1765_,VSS,Metal1,275.0865,360.2850,0.000123
_1764_,VSS,Metal1,274.8265,368.0405,0.000027
_1763_,VSS,Metal1,210.6800,345.3855,0.000222
_1762_,VSS,Metal1,193.3200,352.3740,0.000214
_1761_,VSS,Metal1,253.5530,305.4050,0.000255
_1760_,VSS,Metal1,254.6665,360.2005,0.000108
_1759_,VSS,Metal1,252.4330,313.9550,0.000260
_1758_,VSS,Metal1,255.4930,344.5205,0.000212
_1757_,VSS,Metal1,230.8400,345.3855,0.000219
_1756_,VSS,Metal1,297.7930,360.9950,0.000120
_1755_,VSS,Metal1,297.7865,368.0405,0.000027
_1754_,VSS,Metal1,158.6000,321.0140,0.000319
_1753_,VSS,Metal1,231.9665,321.0850,0.000386
_1752_,VSS,Metal1,227.4930,321.8790,0.000381
_1751_,VSS,Metal1,266.1265,352.4450,0.000225
_1750_,VSS,Metal1,261.0930,360.2005,0.000113
_1749_,VSS,Metal1,254.3665,329.6350,0.000373
_1748_,VSS,Metal1,253.2530,345.3990,0.000212
_1747_,VSS,Metal1,187.7200,361.0655,0.000089
_1746_,VSS,Metal1,168.1200,360.2140,0.000089
_1745_,VSS,Metal1,292.7530,353.1550,0.000214
_1744_,VSS,Metal1,292.7465,368.0405,0.000027
_1743_,VSS,Metal1,233.9600,337.5455,0.000434
_1742_,VSS,Metal1,209.8730,203.4850,0.000483
_1741_,VSS,Metal1,219.0930,187.7205,0.000384
_1740_,VSS,Metal1,168.1200,179.8940,0.000288
_1739_,VSS,Metal1,200.2365,188.5315,0.000376
_1738_,VSS,Metal1,162.0200,242.7325,0.000249
_1737_,VSS,Metal1,167.3325,234.9235,0.000408
_1736_,VSS,Metal1,166.4275,219.2435,0.000069
_1735_,VSS,Metal1,171.2525,243.3160,0.000247
_1734_,VSS,Metal1,219.7000,235.5075,0.000387
_1733_,VSS,Metal1,214.3175,234.8800,0.000395
_1732_,VSS,Metal1,205.9530,227.0050,0.000220
_1731_,VSS,Metal1,200.8025,227.0835,0.000220
_1730_,VSS,Metal1,209.0065,227.7150,0.000218
_1729_,VSS,Metal1,213.0375,227.6360,0.000217
_1728_,VSS,Metal1,195.5600,234.7740,0.000395
_1727_,VSS,Metal1,128.4830,266.9315,0.000368
_1726_,VSS,Metal1,83.8730,266.9150,0.000318
_1725_,VSS,Metal1,83.0065,282.5950,0.000224
_1724_,VSS,Metal1,86.6200,282.5475,0.000210
_1723_,VSS,Metal1,81.0800,273.9740,0.000358
_1722_,VSS,Metal1,135.2825,251.1560,0.000256
_1721_,VSS,Metal1,132.4030,243.4115,0.000254
_1720_,VSS,Metal1,84.8030,219.8915,0.000086
_1719_,VSS,Metal1,82.4465,212.0350,0.000393
_1718_,VSS,Metal1,81.5225,227.6360,0.000313
_1717_,VSS,Metal1,79.9530,219.8750,0.000086
_1716_,VSS,Metal1,88.1575,227.0835,0.000270
_1715_,VSS,Metal1,139.1175,251.1560,0.000256
_1714_,VSS,Metal1,130.7175,281.9635,0.000189
_1713_,VSS,Metal1,131.8430,251.2515,0.000256
_1712_,VSS,Metal1,83.1965,251.2515,0.000260
_1711_,VSS,Metal1,82.4465,258.3650,0.000210
_1710_,VSS,Metal1,78.7225,250.6035,0.000255
_1709_,VSS,Metal1,82.7530,250.5250,0.000260
_1708_,VSS,Metal1,80.4025,258.9960,0.000210
_1707_,VSS,Metal1,133.5175,281.9635,0.000182
_1706_,VSS,Metal1,129.6825,298.1960,0.000253
_1705_,VSS,Metal1,129.6030,297.5480,0.000253
_1704_,VSS,Metal1,110.0030,313.2280,0.000280
_1703_,VSS,Metal1,102.6065,282.5950,0.000207
_1702_,VSS,Metal1,110.5575,321.1635,0.000311
_1701_,VSS,Metal1,109.8865,306.1150,0.000342
_1700_,VSS,Metal1,108.9625,313.8760,0.000280
_1699_,VSS,Metal1,134.6375,297.6435,0.000254
_1698_,VSS,Metal1,140.8825,290.3560,0.000196
_1697_,VSS,Metal1,134.6430,298.2915,0.000254
_1696_,VSS,Metal1,124.0030,306.1315,0.000338
_1695_,VSS,Metal1,119.9665,290.4350,0.000198
_1694_,VSS,Metal1,124.5575,313.8760,0.000282
_1693_,VSS,Metal1,118.5930,305.4050,0.000340
_1692_,VSS,Metal1,120.7225,313.8760,0.000281
_1691_,VSS,Metal1,149.7575,290.3560,0.000183
_1690_,VSS,Metal1,146.9575,290.3560,0.000183
_1689_,VSS,Metal1,153.7565,282.6115,0.000169
_1688_,VSS,Metal1,88.5875,298.1960,0.000242
_1687_,VSS,Metal1,82.4275,305.4835,0.000346
_1686_,VSS,Metal1,83.1175,321.1635,0.000303
_1685_,VSS,Metal1,75.3625,305.4835,0.000359
_1684_,VSS,Metal1,87.4675,305.4835,0.000346
_1683_,VSS,Metal1,75.3625,306.0360,0.000359
_1682_,VSS,Metal1,83.2025,313.3235,0.000270
_1681_,VSS,Metal1,143.0375,266.8360,0.000369
_1680_,VSS,Metal1,154.9930,274.7550,0.000285
_1679_,VSS,Metal1,158.0000,266.2125,0.000370
_1678_,VSS,Metal1,84.6675,298.1960,0.000236
_1677_,VSS,Metal1,78.5075,305.4835,0.000354
_1676_,VSS,Metal1,76.9575,321.1635,0.000300
_1675_,VSS,Metal1,73.6825,298.1960,0.000229
_1674_,VSS,Metal1,80.1875,306.0360,0.000351
_1673_,VSS,Metal1,73.5975,306.0360,0.000360
_1672_,VSS,Metal1,78.1625,313.3235,0.000270
_1671_,VSS,Metal1,152.4275,258.9960,0.000245
_1670_,VSS,Metal1,121.6275,258.4435,0.000220
_1669_,VSS,Metal1,116.5875,250.6035,0.000260
_1668_,VSS,Metal1,111.2025,250.6035,0.000260
_1667_,VSS,Metal1,115.6825,243.3160,0.000260
_1666_,VSS,Metal1,116.0275,258.9960,0.000217
_1665_,VSS,Metal1,111.2025,258.9960,0.000217
_1664_,VSS,Metal1,115.6825,266.8360,0.000349
_1663_,VSS,Metal1,152.9875,266.2835,0.000370
_1662_,VSS,Metal1,156.5625,258.4435,0.000246
_1661_,VSS,Metal1,138.7465,258.2805,0.000221
_1660_,VSS,Metal1,210.6865,227.0050,0.000217
_1659_,VSS,Metal1,189.3875,219.7960,0.000069
_1658_,VSS,Metal1,195.3065,195.5605,0.000207
_1657_,VSS,Metal1,188.9630,203.4680,0.000483
_1656_,VSS,Metal1,182.0400,203.5285,0.000403
_1655_,VSS,Metal1,189.4130,196.4390,0.000174
_1654_,VSS,Metal1,190.5330,212.1190,0.000401
_1653_,VSS,Metal1,174.5930,219.1650,0.000069
_1652_,VSS,Metal1,179.9400,219.2125,0.000069
_1651_,VSS,Metal1,172.2365,212.0515,0.000394
_1650_,VSS,Metal1,174.0330,188.5150,0.000370
_1649_,VSS,Metal1,179.3800,188.4675,0.000370
_1648_,VSS,Metal1,174.8000,196.3475,0.000168
_1647_,VSS,Metal1,172.3175,203.5200,0.000394
_1646_,VSS,Metal1,173.3625,204.1160,0.000394
_1645_,VSS,Metal1,175.5230,227.7315,0.000225
_1644_,VSS,Metal1,177.2765,234.8280,0.000387
_1643_,VSS,Metal1,211.9175,219.7960,0.000069
_1642_,VSS,Metal1,216.7430,226.9790,0.000214
_1641_,VSS,Metal1,218.7100,227.7415,0.000214
_1640_,VSS,Metal1,216.3975,219.2435,0.000069
_1639_,VSS,Metal1,285.2200,234.8925,0.000334
_1638_,VSS,Metal1,283.6825,219.7960,0.000056
_1637_,VSS,Metal1,275.9000,219.8275,0.000060
_1636_,VSS,Metal1,330.9200,227.6710,0.000133
_1635_,VSS,Metal1,330.1625,235.4760,0.000241
_1634_,VSS,Metal1,326.7230,235.5715,0.000241
_1633_,VSS,Metal1,324.5625,227.6360,0.000151
_1632_,VSS,Metal1,320.0825,227.6360,0.000157
_1631_,VSS,Metal1,317.2825,227.6360,0.000164
_1630_,VSS,Metal1,324.1325,234.9235,0.000250
_1629_,VSS,Metal1,305.0730,242.6850,0.000217
_1628_,VSS,Metal1,306.7530,227.7150,0.000170
_1627_,VSS,Metal1,272.9000,195.6925,0.000198
_1626_,VSS,Metal1,271.9975,196.3200,0.000198
_1625_,VSS,Metal1,273.7400,204.0735,0.000411
_1624_,VSS,Metal1,272.2600,203.5425,0.000411
_1623_,VSS,Metal1,268.5625,196.2760,0.000206
_1622_,VSS,Metal1,295.3000,204.1750,0.000377
_1621_,VSS,Metal1,292.4465,204.1950,0.000377
_1620_,VSS,Metal1,287.3030,211.2990,0.000215
_1619_,VSS,Metal1,291.0730,212.0350,0.000213
_1618_,VSS,Metal1,308.6800,219.0940,0.000054
_1617_,VSS,Metal1,301.7200,219.0940,0.000054
_1616_,VSS,Metal1,303.6530,212.1190,0.000209
_1615_,VSS,Metal1,328.0400,204.2655,0.000356
_1614_,VSS,Metal1,336.4400,204.2655,0.000294
_1613_,VSS,Metal1,336.4400,196.4255,0.000146
_1612_,VSS,Metal1,315.4000,195.5740,0.000186
_1611_,VSS,Metal1,279.7625,219.7960,0.000059
_1610_,VSS,Metal1,276.2700,219.2535,0.000060
_1609_,VSS,Metal1,236.2965,219.9005,0.000068
_1608_,VSS,Metal1,240.1400,227.0625,0.000201
_1607_,VSS,Metal1,240.1065,219.9590,0.000068
_1606_,VSS,Metal1,245.9665,211.3250,0.000445
_1605_,VSS,Metal1,244.5400,203.5325,0.000426
_1604_,VSS,Metal1,250.7530,211.3250,0.000445
_1603_,VSS,Metal1,234.7730,242.6005,0.000303
_1602_,VSS,Metal1,239.4365,234.8280,0.000385
_1601_,VSS,Metal1,240.2630,227.7405,0.000201
_1600_,VSS,Metal1,254.0530,234.8400,0.000366
_1599_,VSS,Metal1,312.5875,227.6360,0.000170
_1598_,VSS,Metal1,306.6100,234.9350,0.000262
_1597_,VSS,Metal1,314.9900,234.9350,0.000262
_1596_,VSS,Metal1,257.4730,242.6850,0.000297
_1595_,VSS,Metal1,276.2600,242.7050,0.000296
_1594_,VSS,Metal1,280.2375,242.7635,0.000296
_1593_,VSS,Metal1,276.8200,235.5075,0.000335
_1592_,VSS,Metal1,266.1625,235.5200,0.000336
_1591_,VSS,Metal1,286.9900,227.0950,0.000171
_1590_,VSS,Metal1,240.0025,46.7635,0.000391
_1589_,VSS,Metal1,241.0375,54.6035,0.000368
_1588_,VSS,Metal1,240.9200,31.7855,0.000231
_1587_,VSS,Metal1,345.6400,140.6940,0.000229
_1586_,VSS,Metal1,354.6000,93.6540,0.000171
_1585_,VSS,Metal1,347.0800,117.1740,0.000346
_1584_,VSS,Metal1,345.6400,148.5340,0.000402
_1583_,VSS,Metal1,347.3200,133.7055,0.000081
_1582_,VSS,Metal1,348.4400,94.5055,0.000171
_1581_,VSS,Metal1,237.0000,101.4940,0.000386
_1580_,VSS,Metal1,243.9225,38.9235,0.000338
_1579_,VSS,Metal1,178.2000,102.3455,0.000333
_1578_,VSS,Metal1,179.0200,110.0675,0.000256
_1577_,VSS,Metal1,176.7225,117.8760,0.000335
_1576_,VSS,Metal1,170.3730,101.4805,0.000346
_1575_,VSS,Metal1,168.6675,93.8035,0.000165
_1574_,VSS,Metal1,226.9200,78.8255,0.000149
_1573_,VSS,Metal1,199.5975,125.1635,0.000300
_1572_,VSS,Metal1,205.7575,117.3235,0.000342
_1571_,VSS,Metal1,205.8425,125.7160,0.000333
_1570_,VSS,Metal1,205.8425,125.1635,0.000333
_1569_,VSS,Metal1,158.6000,148.5340,0.000392
_1568_,VSS,Metal1,158.6000,109.3340,0.000261
_1567_,VSS,Metal1,212.6800,31.7855,0.000240
_1566_,VSS,Metal1,21.4000,47.4655,0.000354
_1565_,VSS,Metal1,20.2800,70.9855,0.000355
_1564_,VSS,Metal1,73.2400,63.1455,0.000306
_1563_,VSS,Metal1,33.4800,30.9340,0.000297
_1562_,VSS,Metal1,13.0000,117.1740,0.000321
_1561_,VSS,Metal1,32.6000,86.6655,0.000183
_1560_,VSS,Metal1,93.6400,125.0140,0.000265
_1559_,VSS,Metal1,62.0400,55.3055,0.000443
_1558_,VSS,Metal1,53.6400,54.4540,0.000425
_1557_,VSS,Metal1,111.8800,30.9340,0.000302
_1556_,VSS,Metal1,109.3200,78.8255,0.000223
_1555_,VSS,Metal1,165.3200,55.3055,0.000376
_1554_,VSS,Metal1,124.7600,94.5055,0.000199
_1553_,VSS,Metal1,130.3600,23.0940,0.000311
_1552_,VSS,Metal1,172.0400,47.4655,0.000399
_1551_,VSS,Metal1,120.8400,101.4940,0.000379
_1550_,VSS,Metal1,160.3500,78.1335,0.000163
_1549_,VSS,Metal1,35.4000,118.0255,0.000321
_1548_,VSS,Metal1,42.4400,101.4940,0.000382
_1547_,VSS,Metal1,109.3200,118.0255,0.000339
_1546_,VSS,Metal1,92.2800,70.1340,0.000427
_1545_,VSS,Metal1,58.6800,62.2940,0.000229
_1544_,VSS,Metal1,116.0400,70.9855,0.000427
_1543_,VSS,Metal1,147.4065,94.4350,0.000191
_1542_,VSS,Metal1,147.4130,93.6405,0.000191
_1541_,VSS,Metal1,140.4400,63.1455,0.000304
_1540_,VSS,Metal1,128.9200,117.1740,0.000339
_1539_,VSS,Metal1,152.7600,63.1455,0.000296
_1538_,VSS,Metal1,144.3600,117.1740,0.000338
_1537_,VSS,Metal1,99.8000,94.5055,0.000203
_1536_,VSS,Metal1,155.4900,78.1335,0.000183
_1535_,VSS,Metal1,170.1865,70.1865,0.000408
_1534_,VSS,Metal1,189.1600,54.4540,0.000376
_1533_,VSS,Metal1,14.1200,55.3055,0.000385
_1532_,VSS,Metal1,20.2800,78.8255,0.000203
_1531_,VSS,Metal1,51.9600,38.7740,0.000339
_1530_,VSS,Metal1,24.5200,23.0940,0.000242
_1529_,VSS,Metal1,20.2800,133.7055,0.000073
_1528_,VSS,Metal1,20.2800,102.3455,0.000330
_1527_,VSS,Metal1,14.1200,141.5455,0.000245
_1526_,VSS,Metal1,81.6400,63.1455,0.000307
_1525_,VSS,Metal1,51.9600,47.4655,0.000405
_1524_,VSS,Metal1,113.8000,77.9740,0.000223
_1523_,VSS,Metal1,70.1200,23.9455,0.000324
_1522_,VSS,Metal1,130.3600,77.9740,0.000222
_1521_,VSS,Metal1,111.5600,141.5455,0.000260
_1520_,VSS,Metal1,120.8400,23.0940,0.000312
_1519_,VSS,Metal1,140.1200,70.1340,0.000422
_1518_,VSS,Metal1,88.6000,63.1455,0.000309
_1517_,VSS,Metal1,160.9575,78.6760,0.000163
_1516_,VSS,Metal1,26.7600,132.8540,0.000073
_1515_,VSS,Metal1,20.8400,94.5055,0.000194
_1514_,VSS,Metal1,34.8400,140.6940,0.000253
_1513_,VSS,Metal1,80.2000,85.8140,0.000195
_1512_,VSS,Metal1,72.6800,70.9855,0.000423
_1511_,VSS,Metal1,113.8000,85.8140,0.000202
_1510_,VSS,Metal1,105.7200,85.8140,0.000202
_1509_,VSS,Metal1,139.0000,78.8255,0.000221
_1508_,VSS,Metal1,131.7200,70.1340,0.000426
_1507_,VSS,Metal1,146.0400,132.8540,0.000074
_1506_,VSS,Metal1,129.4800,125.0140,0.000292
_1505_,VSS,Metal1,99.8000,102.3455,0.000385
_1504_,VSS,Metal1,156.6925,85.9635,0.000205
_1503_,VSS,Metal1,156.0600,78.7075,0.000183
_1502_,VSS,Metal1,166.4530,77.9605,0.000161
_1501_,VSS,Metal1,158.6000,132.8540,0.000074
_1500_,VSS,Metal1,177.6400,125.8655,0.000288
_1499_,VSS,Metal1,163.6400,392.4255,0.000018
_1498_,VSS,Metal1,270.6000,383.7340,0.000071
_1497_,VSS,Metal1,205.0800,368.9055,0.000024
_1496_,VSS,Metal1,187.7200,384.5855,0.000060
_1495_,VSS,Metal1,245.4000,368.9055,0.000028
_1494_,VSS,Metal1,250.2000,375.8940,0.000067
_1493_,VSS,Metal1,217.4000,361.0655,0.000103
_1492_,VSS,Metal1,287.9600,391.5740,0.000017
_1491_,VSS,Metal1,149.0800,306.1855,0.000320
_1490_,VSS,Metal1,210.1200,375.8940,0.000065
_1489_,VSS,Metal1,235.3200,368.9055,0.000027
_1488_,VSS,Metal1,240.9200,361.0655,0.000106
_1487_,VSS,Metal1,187.7200,376.7455,0.000045
_1486_,VSS,Metal1,161.4000,376.7455,0.000043
_1485_,VSS,Metal1,282.1200,384.5855,0.000069
_1484_,VSS,Metal1,222.4400,368.0540,0.000025
_1483_,VSS,Metal1,216.2800,110.1855,0.000289
_1482_,VSS,Metal1,153.0000,156.3740,0.000273
_1481_,VSS,Metal1,161.7865,93.7065,0.000176
_1480_,VSS,Metal1,54.7000,172.1725,0.000682
_1479_,VSS,Metal1,55.0000,179.8940,0.000325
_1478_,VSS,Metal1,60.8025,180.0435,0.000325
_1477_,VSS,Metal1,58.0025,172.7560,0.000709
_1476_,VSS,Metal1,53.5100,157.1815,0.000261
_1475_,VSS,Metal1,55.2025,172.7560,0.000682
_1474_,VSS,Metal1,48.8900,179.9405,0.000324
_1473_,VSS,Metal1,52.4025,172.7560,0.000660
_1472_,VSS,Metal1,13.0000,259.1455,0.000196
_1471_,VSS,Metal1,30.6800,203.4140,0.000428
_1470_,VSS,Metal1,21.7200,235.6255,0.000320
_1469_,VSS,Metal1,21.7200,212.1055,0.000334
_1468_,VSS,Metal1,14.1200,290.5055,0.000202
_1467_,VSS,Metal1,13.0000,306.1855,0.000362
_1466_,VSS,Metal1,12.4400,321.8655,0.000255
_1465_,VSS,Metal1,30.9200,235.6255,0.000321
_1464_,VSS,Metal1,21.4000,259.1455,0.000196
_1463_,VSS,Metal1,41.0000,195.5740,0.000185
_1462_,VSS,Metal1,13.8800,243.4655,0.000237
_1461_,VSS,Metal1,20.2800,204.2655,0.000391
_1460_,VSS,Metal1,21.4000,282.6655,0.000225
_1459_,VSS,Metal1,21.4000,306.1855,0.000356
_1458_,VSS,Metal1,30.3600,321.0140,0.000262
_1457_,VSS,Metal1,33.7200,219.9455,0.000087
_1456_,VSS,Metal1,42.3100,211.2980,0.000387
_1455_,VSS,Metal1,14.8500,180.0550,0.000318
_1454_,VSS,Metal1,20.8530,196.4390,0.000178
_1453_,VSS,Metal1,19.4925,180.5960,0.000309
_1452_,VSS,Metal1,20.4700,157.1815,0.000241
_1451_,VSS,Metal1,19.4800,165.0655,0.000452
_1450_,VSS,Metal1,20.4700,172.8615,0.000610
_1449_,VSS,Metal1,18.6130,172.0405,0.000610
_1448_,VSS,Metal1,14.6865,164.2850,0.000452
_1447_,VSS,Metal1,12.2400,164.9875,0.000452
_1446_,VSS,Metal1,18.7175,195.7235,0.000179
_1445_,VSS,Metal1,131.7200,203.4140,0.000414
_1444_,VSS,Metal1,149.0800,196.4255,0.000168
_1443_,VSS,Metal1,140.4400,219.9455,0.000070
_1442_,VSS,Metal1,131.7200,226.9340,0.000241
_1441_,VSS,Metal1,152.0825,219.2435,0.000069
_1440_,VSS,Metal1,153.9265,212.0250,0.000395
_1439_,VSS,Metal1,148.4530,212.0530,0.000395
_1438_,VSS,Metal1,148.4530,204.2130,0.000407
_1437_,VSS,Metal1,143.2265,211.2750,0.000395
_1436_,VSS,Metal1,140.6675,211.9560,0.000395
_1435_,VSS,Metal1,160.6200,211.3825,0.000395
_1434_,VSS,Metal1,152.4275,204.1160,0.000405
_1433_,VSS,Metal1,98.1200,172.9055,0.000727
_1432_,VSS,Metal1,94.2000,179.8940,0.000329
_1431_,VSS,Metal1,89.7200,195.5740,0.000186
_1430_,VSS,Metal1,95.3200,165.0655,0.000465
_1429_,VSS,Metal1,60.6600,281.9325,0.000227
_1428_,VSS,Metal1,72.4775,266.8360,0.000307
_1427_,VSS,Metal1,71.3000,219.8275,0.000086
_1426_,VSS,Metal1,78.6375,227.6360,0.000313
_1425_,VSS,Metal1,64.0200,251.1875,0.000212
_1424_,VSS,Metal1,74.7175,251.1560,0.000240
_1423_,VSS,Metal1,98.7400,337.4275,0.000400
_1422_,VSS,Metal1,103.8375,337.3960,0.000400
_1421_,VSS,Metal1,112.7400,336.8125,0.000415
_1420_,VSS,Metal1,115.6825,336.8435,0.000415
_1419_,VSS,Metal1,75.2200,337.4275,0.000398
_1418_,VSS,Metal1,81.4375,344.6835,0.000219
_1417_,VSS,Metal1,64.0200,337.4275,0.000398
_1416_,VSS,Metal1,71.3575,337.3960,0.000398
_1415_,VSS,Metal1,108.8200,259.0275,0.000217
_1414_,VSS,Metal1,111.7625,266.8360,0.000349
_1413_,VSS,Metal1,97.3400,204.1375,0.000431
_1412_,VSS,Metal1,50.5200,266.1340,0.000302
_1411_,VSS,Metal1,52.7600,219.0940,0.000087
_1410_,VSS,Metal1,50.5200,242.6140,0.000247
_1409_,VSS,Metal1,96.4400,314.0255,0.000274
_1408_,VSS,Metal1,101.2400,298.3455,0.000248
_1407_,VSS,Metal1,51.6400,321.0140,0.000268
_1406_,VSS,Metal1,50.5200,328.8540,0.000296
_1405_,VSS,Metal1,95.8800,258.2940,0.000216
_1404_,VSS,Metal1,97.6775,219.7960,0.000084
_1403_,VSS,Metal1,69.6200,282.5475,0.000227
_1402_,VSS,Metal1,76.3975,282.5160,0.000227
_1401_,VSS,Metal1,55.7625,281.9635,0.000227
_1400_,VSS,Metal1,63.1000,227.0525,0.000331
_1399_,VSS,Metal1,75.8375,219.7960,0.000086
_1398_,VSS,Metal1,63.6025,211.9560,0.000392
_1397_,VSS,Metal1,65.1400,250.5725,0.000212
_1396_,VSS,Metal1,74.1575,250.6035,0.000240
_1395_,VSS,Metal1,58.0025,250.6035,0.000198
_1394_,VSS,Metal1,97.6200,329.5875,0.000346
_1393_,VSS,Metal1,103.2775,329.5560,0.000347
_1392_,VSS,Metal1,94.4025,321.7160,0.000309
_1391_,VSS,Metal1,114.9800,328.9725,0.000387
_1390_,VSS,Metal1,117.9225,321.1635,0.000316
_1389_,VSS,Metal1,106.7225,321.7160,0.000309
_1388_,VSS,Metal1,74.6600,321.7475,0.000300
_1387_,VSS,Metal1,79.7575,321.7160,0.000301
_1386_,VSS,Metal1,65.8425,321.1635,0.000294
_1385_,VSS,Metal1,64.0200,329.5875,0.000330
_1384_,VSS,Metal1,71.9175,329.5560,0.000346
_1383_,VSS,Metal1,56.3225,329.0035,0.000302
_1382_,VSS,Metal1,109.3800,243.3475,0.000260
_1381_,VSS,Metal1,113.9175,243.3160,0.000260
_1380_,VSS,Metal1,96.5575,227.0835,0.000263
_1379_,VSS,Metal1,100.4100,219.8990,0.000084
_1378_,VSS,Metal1,100.1065,227.7990,0.000260
_1377_,VSS,Metal1,99.8130,211.2405,0.000393
_1376_,VSS,Metal1,101.4930,212.1190,0.000393
_1375_,VSS,Metal1,102.2425,251.1560,0.000261
_1374_,VSS,Metal1,97.2500,211.9460,0.000393
_1373_,VSS,Metal1,43.5530,281.8850,0.000239
_1372_,VSS,Metal1,44.1065,273.9605,0.000357
_1371_,VSS,Metal1,32.3600,266.9855,0.000300
_1370_,VSS,Metal1,70.1200,204.2655,0.000434
_1369_,VSS,Metal1,51.9600,203.4140,0.000431
_1368_,VSS,Metal1,44.9200,259.1455,0.000196
_1367_,VSS,Metal1,32.3600,243.4655,0.000239
_1366_,VSS,Metal1,95.3200,273.9740,0.000357
_1365_,VSS,Metal1,32.3600,212.1055,0.000341
_1364_,VSS,Metal1,110.7600,282.6655,0.000202
_1363_,VSS,Metal1,32.3600,282.6655,0.000231
_1362_,VSS,Metal1,60.6000,298.3455,0.000229
_1361_,VSS,Metal1,32.3600,306.1855,0.000357
_1360_,VSS,Metal1,44.9200,290.5055,0.000204
_1359_,VSS,Metal1,34.6000,321.8655,0.000262
_1358_,VSS,Metal1,98.4400,242.6140,0.000261
_1357_,VSS,Metal1,44.1200,235.6255,0.000379
_1356_,VSS,Metal1,104.0525,203.5635,0.000428
_1355_,VSS,Metal1,73.6765,172.8515,0.000726
_1354_,VSS,Metal1,267.5600,23.9455,0.000227
_1353_,VSS,Metal1,266.1200,31.7855,0.000211
_1352_,VSS,Metal1,276.2000,30.9340,0.000199
_1351_,VSS,Metal1,283.2400,16.1055,0.000064
_1350_,VSS,Metal1,245.3800,31.0625,0.000214
_1349_,VSS,Metal1,251.1175,31.0835,0.000214
_1348_,VSS,Metal1,240.1065,38.7605,0.000338
_1347_,VSS,Metal1,231.9730,47.4790,0.000392
_1346_,VSS,Metal1,259.1530,78.7550,0.000145
_1345_,VSS,Metal1,264.4530,78.8390,0.000145
_1344_,VSS,Metal1,275.1400,78.0925,0.000143
_1343_,VSS,Metal1,277.9975,70.2835,0.000346
_1342_,VSS,Metal1,275.6400,62.2940,0.000258
_1341_,VSS,Metal1,266.1200,55.3055,0.000362
_1340_,VSS,Metal1,272.9000,125.1325,0.000343
_1339_,VSS,Metal1,276.3175,133.0035,0.000077
_1338_,VSS,Metal1,273.4600,157.1075,0.000334
_1337_,VSS,Metal1,279.6775,164.3635,0.000491
_1336_,VSS,Metal1,312.1000,85.9325,0.000282
_1335_,VSS,Metal1,317.1975,85.9635,0.000282
_1334_,VSS,Metal1,317.1400,125.1325,0.000282
_1333_,VSS,Metal1,321.1175,125.7160,0.000281
_1332_,VSS,Metal1,306.5000,156.4925,0.000321
_1331_,VSS,Metal1,310.4775,156.5235,0.000319
_1330_,VSS,Metal1,327.7800,172.1725,0.000542
_1329_,VSS,Metal1,334.6425,157.0760,0.000305
_1328_,VSS,Metal1,324.4200,78.0925,0.000110
_1327_,VSS,Metal1,332.8775,78.6760,0.000106
_1326_,VSS,Metal1,268.9800,110.0675,0.000366
_1325_,VSS,Metal1,271.2775,101.6435,0.000392
_1324_,VSS,Metal1,299.5000,78.1025,0.000117
_1323_,VSS,Metal1,270.6000,141.5455,0.000280
_1322_,VSS,Metal1,271.7200,172.9055,0.000687
_1321_,VSS,Metal1,307.5600,94.5055,0.000187
_1320_,VSS,Metal1,309.2400,125.8655,0.000320
_1319_,VSS,Metal1,305.3200,179.8940,0.000281
_1318_,VSS,Metal1,344.5200,188.5855,0.000384
_1317_,VSS,Metal1,336.6800,70.1340,0.000278
_1316_,VSS,Metal1,266.1200,94.5055,0.000188
_1315_,VSS,Metal1,294.1500,70.2015,0.000307
_1314_,VSS,Metal1,279.6200,125.1325,0.000342
_1313_,VSS,Metal1,279.8925,140.8435,0.000239
_1312_,VSS,Metal1,288.0775,125.1635,0.000325
_1311_,VSS,Metal1,279.6200,164.9475,0.000491
_1310_,VSS,Metal1,275.4125,164.9160,0.000491
_1309_,VSS,Metal1,288.0775,164.9160,0.000485
_1308_,VSS,Metal1,317.1400,93.7725,0.000171
_1307_,VSS,Metal1,308.6675,93.8035,0.000187
_1306_,VSS,Metal1,326.7175,93.8035,0.000171
_1305_,VSS,Metal1,324.9800,132.9725,0.000076
_1304_,VSS,Metal1,317.4125,125.7160,0.000282
_1303_,VSS,Metal1,331.1975,117.8760,0.000338
_1302_,VSS,Metal1,302.2200,164.3325,0.000460
_1301_,VSS,Metal1,303.6275,172.2035,0.000635
_1300_,VSS,Metal1,308.7975,157.0760,0.000321
_1299_,VSS,Metal1,332.2600,157.1075,0.000305
_1298_,VSS,Metal1,322.1075,164.9160,0.000411
_1297_,VSS,Metal1,337.4425,157.0760,0.000305
_1296_,VSS,Metal1,329.4600,78.7075,0.000107
_1295_,VSS,Metal1,315.3875,70.8360,0.000290
_1294_,VSS,Metal1,335.6775,78.6760,0.000106
_1293_,VSS,Metal1,285.2200,93.7725,0.000191
_1292_,VSS,Metal1,263.8675,109.4835,0.000349
_1291_,VSS,Metal1,295.3575,78.6760,0.000121
_1290_,VSS,Metal1,299.7900,85.9735,0.000284
_1289_,VSS,Metal1,299.2200,70.8675,0.000294
_1288_,VSS,Metal1,279.2025,93.8035,0.000191
_1287_,VSS,Metal1,287.7325,78.1235,0.000143
_1286_,VSS,Metal1,290.2000,140.6940,0.000230
_1285_,VSS,Metal1,291.3200,180.7455,0.000288
_1284_,VSS,Metal1,331.0800,110.1855,0.000360
_1283_,VSS,Metal1,327.1600,141.5455,0.000226
_1282_,VSS,Metal1,324.9200,179.8940,0.000275
_1281_,VSS,Metal1,354.6000,188.5855,0.000384
_1280_,VSS,Metal1,354.6000,77.9740,0.000107
_1279_,VSS,Metal1,295.5600,125.0140,0.000325
_1278_,VSS,Metal1,293.3065,77.9605,0.000121
_1277_,VSS,Metal1,363.6200,172.8150,0.000515
_1276_,VSS,Metal1,357.0365,164.2680,0.000388
_1275_,VSS,Metal1,381.7400,188.4950,0.000384
_1274_,VSS,Metal1,382.7230,180.6915,0.000235
_1273_,VSS,Metal1,369.2200,179.9850,0.000232
_1272_,VSS,Metal1,358.7165,157.1715,0.000306
_1271_,VSS,Metal1,386.7800,164.9750,0.000391
_1270_,VSS,Metal1,377.1230,187.7880,0.000384
_1269_,VSS,Metal1,387.1975,180.5960,0.000235
_1268_,VSS,Metal1,382.7965,172.8515,0.000516
_1267_,VSS,Metal1,382.7230,157.1715,0.000309
_1266_,VSS,Metal1,387.1975,172.7560,0.000516
_1265_,VSS,Metal1,382.7230,165.0115,0.000391
_1264_,VSS,Metal1,367.6765,172.8515,0.000515
_1263_,VSS,Metal1,172.2425,23.7960,0.000291
_1262_,VSS,Metal1,197.7630,31.0030,0.000244
_1261_,VSS,Metal1,188.9630,38.8280,0.000335
_1260_,VSS,Metal1,185.6825,23.7960,0.000289
_1259_,VSS,Metal1,179.8430,31.7165,0.000244
_1258_,VSS,Metal1,199.0430,23.8915,0.000287
_1257_,VSS,Metal1,239.4425,31.0835,0.000231
_1256_,VSS,Metal1,233.9965,31.0030,0.000236
_1255_,VSS,Metal1,382.7230,70.9315,0.000280
_1254_,VSS,Metal1,387.1975,117.8760,0.000355
_1253_,VSS,Metal1,383.5165,133.6365,0.000084
_1252_,VSS,Metal1,382.7230,117.9715,0.000355
_1251_,VSS,Metal1,387.1975,102.1960,0.000385
_1250_,VSS,Metal1,383.5200,94.4275,0.000175
_1249_,VSS,Metal1,358.6430,94.4515,0.000171
_1248_,VSS,Metal1,368.2365,85.8680,0.000274
_1247_,VSS,Metal1,382.7230,78.7715,0.000108
_1246_,VSS,Metal1,367.6030,110.1315,0.000365
_1245_,VSS,Metal1,383.7625,86.5600,0.000275
_1244_,VSS,Metal1,384.8030,110.1165,0.000366
_1243_,VSS,Metal1,365.9965,109.3880,0.000365
_1242_,VSS,Metal1,361.5225,109.4835,0.000365
_1241_,VSS,Metal1,348.0765,109.3880,0.000365
_1240_,VSS,Metal1,387.1975,157.0760,0.000309
_1239_,VSS,Metal1,383.5165,149.3165,0.000405
_1238_,VSS,Metal1,366.8830,164.9965,0.000390
_1237_,VSS,Metal1,357.6025,156.5235,0.000306
_1236_,VSS,Metal1,338.8830,140.7630,0.000221
_1235_,VSS,Metal1,383.5165,141.4765,0.000235
_1234_,VSS,Metal1,351.0125,117.8760,0.000346
_1233_,VSS,Metal1,384.8030,125.7965,0.000286
_1232_,VSS,Metal1,230.0765,117.9565,0.000343
_1231_,VSS,Metal1,257.7865,110.1200,0.000333
_1230_,VSS,Metal1,200.4375,109.4260,0.000288
_1229_,VSS,Metal1,342.2675,117.8760,0.000343
_1228_,VSS,Metal1,221.6800,101.5725,0.000359
_1227_,VSS,Metal1,213.6030,102.2915,0.000341
_1226_,VSS,Metal1,214.6065,55.2350,0.000373
_1225_,VSS,Metal1,219.8930,102.2800,0.000359
_1224_,VSS,Metal1,382.7230,102.2915,0.000385
_1223_,VSS,Metal1,232.3165,110.1165,0.000289
_1222_,VSS,Metal1,213.2265,63.1590,0.000265
_1221_,VSS,Metal1,209.5475,55.1560,0.000374
_1220_,VSS,Metal1,203.7975,102.2535,0.000337
_1219_,VSS,Metal1,211.5300,85.8125,0.000224
_1218_,VSS,Metal1,207.0665,85.8005,0.000217
_1217_,VSS,Metal1,200.9130,86.5950,0.000211
_1216_,VSS,Metal1,207.6800,70.9075,0.000366
_1215_,VSS,Metal1,193.6100,93.6525,0.000176
_1214_,VSS,Metal1,189.9900,86.6675,0.000208
_1213_,VSS,Metal1,198.6925,102.1960,0.000333
_1212_,VSS,Metal1,212.8530,86.6130,0.000224
_1211_,VSS,Metal1,211.5465,93.6405,0.000183
_1210_,VSS,Metal1,198.4100,78.0205,0.000143
_1209_,VSS,Metal1,211.7330,78.7730,0.000149
_1208_,VSS,Metal1,208.0825,78.6760,0.000149
_1207_,VSS,Metal1,207.1200,62.3725,0.000262
_1206_,VSS,Metal1,193.8675,70.8360,0.000384
_1205_,VSS,Metal1,166.1930,243.3950,0.000247
_1204_,VSS,Metal1,171.3830,234.8190,0.000408
_1203_,VSS,Metal1,176.7700,211.9460,0.000394
_1202_,VSS,Metal1,290.1310,126.0180,0.000325
_1201_,VSS,Metal1,290.6910,164.0620,0.000485
_1200_,VSS,Metal1,329.8910,109.1820,0.000360
_1199_,VSS,Metal1,330.4510,126.0180,0.000276
_1198_,VSS,Metal1,318.1310,157.3780,0.000319
_1197_,VSS,Metal1,352.2910,165.2180,0.000388
_1196_,VSS,Metal1,350.0510,69.9820,0.000279
_1195_,VSS,Metal1,290.6910,101.3420,0.000392
_1194_,VSS,Metal1,339.7865,344.5205,0.000146
_1193_,VSS,Metal1,334.6300,344.5780,0.000146
_1192_,VSS,Metal1,317.0930,352.3605,0.000187
_1191_,VSS,Metal1,315.0100,344.6950,0.000167
_1190_,VSS,Metal1,326.8775,336.8000,0.000377
_1189_,VSS,Metal1,308.5830,344.5790,0.000180
_1188_,VSS,Metal1,314.8000,336.7725,0.000380
_1187_,VSS,Metal1,318.5065,328.8405,0.000317
_1186_,VSS,Metal1,315.5900,321.0580,0.000397
_1185_,VSS,Metal1,311.0375,337.3960,0.000396
_1184_,VSS,Metal1,317.0130,305.3865,0.000250
_1183_,VSS,Metal1,316.4800,297.5725,0.000226
_1182_,VSS,Metal1,280.4100,298.3475,0.000243
_1181_,VSS,Metal1,323.2530,305.3205,0.000219
_1180_,VSS,Metal1,337.1730,313.9730,0.000186
_1179_,VSS,Metal1,330.9175,313.2660,0.000191
_1178_,VSS,Metal1,352.6665,314.0390,0.000186
_1177_,VSS,Metal1,348.3730,313.9730,0.000186
_1176_,VSS,Metal1,343.4065,306.1150,0.000181
_1175_,VSS,Metal1,344.3200,313.9475,0.000186
_1174_,VSS,Metal1,338.1065,298.3590,0.000214
_1173_,VSS,Metal1,331.2700,298.3015,0.000216
_1172_,VSS,Metal1,336.6130,290.4530,0.000114
_1171_,VSS,Metal1,333.0665,290.5190,0.000113
_1170_,VSS,Metal1,330.0300,297.6535,0.000216
_1169_,VSS,Metal1,332.1330,274.7730,0.000168
_1168_,VSS,Metal1,325.2330,274.0450,0.000171
_1167_,VSS,Metal1,318.0375,274.0660,0.000171
_1166_,VSS,Metal1,315.1465,282.6790,0.000114
_1165_,VSS,Metal1,314.4100,281.8580,0.000114
_1164_,VSS,Metal1,317.5730,258.3465,0.000205
_1163_,VSS,Metal1,312.9065,259.1590,0.000229
_1162_,VSS,Metal1,318.2700,266.2935,0.000414
_1161_,VSS,Metal1,297.9730,251.2530,0.000241
_1160_,VSS,Metal1,287.9730,266.1205,0.000450
_1159_,VSS,Metal1,299.5575,274.0660,0.000190
_1158_,VSS,Metal1,292.2665,266.1865,0.000444
_1157_,VSS,Metal1,292.7530,274.0450,0.000198
_1156_,VSS,Metal1,293.5200,266.9075,0.000444
_1155_,VSS,Metal1,260.5330,281.8005,0.000132
_1154_,VSS,Metal1,266.2500,282.6215,0.000131
_1153_,VSS,Metal1,264.1865,266.9990,0.000458
_1152_,VSS,Metal1,273.3800,259.0175,0.000234
_1151_,VSS,Metal1,247.2825,195.7235,0.000211
_1150_,VSS,Metal1,232.0100,251.2590,0.000241
_1149_,VSS,Metal1,207.9300,258.3405,0.000236
_1148_,VSS,Metal1,191.6530,345.3990,0.000222
_1147_,VSS,Metal1,199.6300,329.0150,0.000387
_1146_,VSS,Metal1,211.6265,321.8130,0.000362
_1145_,VSS,Metal1,214.2900,336.8535,0.000426
_1144_,VSS,Metal1,214.9065,321.8790,0.000363
_1143_,VSS,Metal1,213.8665,298.2930,0.000257
_1142_,VSS,Metal1,219.6700,290.5075,0.000169
_1141_,VSS,Metal1,217.6025,297.6435,0.000257
_1140_,VSS,Metal1,214.3530,297.5650,0.000257
_1139_,VSS,Metal1,208.2965,281.8590,0.000150
_1138_,VSS,Metal1,207.3330,289.6405,0.000172
_1137_,VSS,Metal1,230.2130,282.6130,0.000146
_1136_,VSS,Metal1,225.0665,289.7065,0.000165
_1135_,VSS,Metal1,238.7975,290.3560,0.000163
_1134_,VSS,Metal1,237.3130,281.8850,0.000139
_1133_,VSS,Metal1,235.3330,266.1205,0.000445
_1132_,VSS,Metal1,236.5900,274.6650,0.000239
_1131_,VSS,Metal1,218.9830,266.9405,0.000407
_1130_,VSS,Metal1,228.3465,289.6405,0.000164
_1129_,VSS,Metal1,226.0025,290.3560,0.000165
_1128_,VSS,Metal1,206.1030,259.1005,0.000236
_1127_,VSS,Metal1,213.1225,266.8360,0.000407
_1126_,VSS,Metal1,207.8930,273.9605,0.000244
_1125_,VSS,Metal1,189.7865,266.1865,0.000390
_1124_,VSS,Metal1,186.3175,289.7600,0.000178
_1123_,VSS,Metal1,187.7900,274.6660,0.000247
_1122_,VSS,Metal1,188.5300,281.9735,0.000155
_1121_,VSS,Metal1,187.4730,274.0450,0.000247
_1120_,VSS,Metal1,174.8530,259.1590,0.000244
_1119_,VSS,Metal1,178.9100,274.1350,0.000258
_1118_,VSS,Metal1,175.2265,282.6130,0.000159
_1117_,VSS,Metal1,177.3930,290.4350,0.000180
_1116_,VSS,Metal1,179.8400,282.5875,0.000157
_1115_,VSS,Metal1,178.7730,298.3590,0.000253
_1114_,VSS,Metal1,178.3700,306.0250,0.000278
_1113_,VSS,Metal1,171.9730,336.7465,0.000422
_1112_,VSS,Metal1,167.3065,328.8405,0.000387
_1111_,VSS,Metal1,174.6775,321.7735,0.000317
_1110_,VSS,Metal1,156.1865,328.9065,0.000387
_1109_,VSS,Metal1,158.9130,336.7650,0.000417
_1108_,VSS,Metal1,160.2400,328.9325,0.000387
_1107_,VSS,Metal1,141.5465,321.0005,0.000318
_1106_,VSS,Metal1,140.8300,321.7050,0.000318
_1105_,VSS,Metal1,142.3730,337.5590,0.000417
_1104_,VSS,Metal1,185.4675,251.1560,0.000240
_1103_,VSS,Metal1,170.9900,383.8935,0.000054
_1102_,VSS,Metal1,273.6500,384.4260,0.000071
_1101_,VSS,Metal1,214.6700,368.7460,0.000025
_1100_,VSS,Metal1,204.5900,376.5860,0.000061
_1099_,VSS,Metal1,253.3100,368.7460,0.000028
_1098_,VSS,Metal1,257.7900,368.7460,0.000028
_1097_,VSS,Metal1,229.7900,368.2135,0.000026
_1096_,VSS,Metal1,294.9300,391.7335,0.000016
_1095_,VSS,Metal1,161.0900,305.4935,0.000309
_1094_,VSS,Metal1,220.2700,376.5860,0.000066
_1093_,VSS,Metal1,245.4700,383.8935,0.000071
_1092_,VSS,Metal1,249.9500,360.3735,0.000107
_1091_,VSS,Metal1,195.0700,376.5860,0.000054
_1090_,VSS,Metal1,177.1500,384.4260,0.000055
_1089_,VSS,Metal1,287.6500,384.4260,0.000067
_1088_,VSS,Metal1,229.2300,376.5860,0.000066
_1087_,VSS,Metal1,207.6030,70.2175,0.000366
_1086_,VSS,Metal1,206.2130,77.9605,0.000145
_1085_,VSS,Metal1,197.7875,70.8360,0.000379
_1084_,VSS,Metal1,200.4000,54.5325,0.000375
_1083_,VSS,Metal1,199.4130,70.1865,0.000379
_1082_,VSS,Metal1,198.6665,94.5190,0.000180
_1081_,VSS,Metal1,189.9475,70.8360,0.000385
_1080_,VSS,Metal1,199.1225,78.6760,0.000143
_1079_,VSS,Metal1,249.9400,70.2525,0.000364
_1078_,VSS,Metal1,260.0200,70.8950,0.000347
_1077_,VSS,Metal1,256.0465,140.7650,0.000282
_1076_,VSS,Metal1,258.2930,187.7550,0.000390
_1075_,VSS,Metal1,246.5000,140.8860,0.000283
_1074_,VSS,Metal1,252.7975,140.8435,0.000283
_1073_,VSS,Metal1,271.4100,258.4535,0.000235
_1072_,VSS,Metal1,273.6600,266.8675,0.000458
_1071_,VSS,Metal1,289.0850,313.1905,0.000226
_1070_,VSS,Metal1,295.2825,328.9600,0.000348
_1069_,VSS,Metal1,297.3830,313.9805,0.000210
_1068_,VSS,Metal1,293.0665,329.6400,0.000348
_1067_,VSS,Metal1,291.5100,282.6215,0.000130
_1066_,VSS,Metal1,298.1630,313.2280,0.000210
_1065_,VSS,Metal1,284.7230,328.9080,0.000354
_1064_,VSS,Metal1,294.1800,321.6735,0.000406
_1063_,VSS,Metal1,276.2425,298.2400,0.000245
_1062_,VSS,Metal1,278.6365,297.5480,0.000243
_1061_,VSS,Metal1,274.6430,344.5880,0.000188
_1060_,VSS,Metal1,271.6830,297.5630,0.000245
_1059_,VSS,Metal1,283.5400,313.8335,0.000243
_1058_,VSS,Metal1,278.5630,313.9715,0.000259
_1057_,VSS,Metal1,268.9865,298.2800,0.000245
_1056_,VSS,Metal1,266.3100,290.4615,0.000139
_1055_,VSS,Metal1,295.3900,337.3850,0.000413
_1054_,VSS,Metal1,296.5500,321.0580,0.000405
_1053_,VSS,Metal1,277.8330,274.7450,0.000220
_1052_,VSS,Metal1,277.0375,274.0800,0.000220
_1051_,VSS,Metal1,278.0100,289.6980,0.000139
_1050_,VSS,Metal1,296.3475,282.5160,0.000130
_1049_,VSS,Metal1,297.6100,305.3780,0.000254
_1048_,VSS,Metal1,297.7700,290.5075,0.000126
_1047_,VSS,Metal1,291.5100,297.5380,0.000239
_1046_,VSS,Metal1,295.9900,336.7380,0.000413
_1045_,VSS,Metal1,270.3175,328.9600,0.000369
_1044_,VSS,Metal1,276.2665,328.9200,0.000358
_1043_,VSS,Metal1,271.4130,321.8000,0.000420
_1042_,VSS,Metal1,268.4265,313.9600,0.000260
_1041_,VSS,Metal1,260.1500,328.8980,0.000369
_1040_,VSS,Metal1,272.9700,336.7380,0.000436
_1039_,VSS,Metal1,294.8700,298.3015,0.000237
_1038_,VSS,Metal1,285.8500,336.7380,0.000436
_1037_,VSS,Metal1,269.5500,258.9860,0.000236
_1036_,VSS,Metal1,294.8500,289.8150,0.000126
_1035_,VSS,Metal1,310.6665,321.0005,0.000398
_1034_,VSS,Metal1,310.4900,321.8215,0.000398
_1033_,VSS,Metal1,316.0900,313.9815,0.000206
_1032_,VSS,Metal1,284.7500,274.6650,0.000208
_1031_,VSS,Metal1,298.7900,297.5380,0.000235
_1030_,VSS,Metal1,258.8275,243.3160,0.000297
_1029_,VSS,Metal1,256.8600,235.5075,0.000366
_1028_,VSS,Metal1,258.2400,227.7075,0.000187
_1027_,VSS,Metal1,265.3665,227.7050,0.000175
_1026_,VSS,Metal1,258.7730,219.8930,0.000066
_1025_,VSS,Metal1,257.7075,234.9235,0.000365
_1024_,VSS,Metal1,261.2825,234.9235,0.000347
_1023_,VSS,Metal1,247.3400,164.9750,0.000441
_1022_,VSS,Metal1,255.3065,219.1465,0.000066
_1021_,VSS,Metal1,297.2525,54.6035,0.000355
_1020_,VSS,Metal1,301.1725,54.6035,0.000353
_1019_,VSS,Metal1,304.5325,47.3160,0.000375
_1018_,VSS,Metal1,297.2525,46.7635,0.000382
_1017_,VSS,Metal1,303.0675,62.9960,0.000206
_1016_,VSS,Metal1,306.6425,62.9960,0.000187
_1015_,VSS,Metal1,297.7330,62.3600,0.000218
_1014_,VSS,Metal1,307.2025,55.1560,0.000294
_1013_,VSS,Metal1,292.5000,62.3850,0.000237
_1012_,VSS,Metal1,295.4425,62.9960,0.000224
_1011_,VSS,Metal1,305.9975,54.6035,0.000351
_1010_,VSS,Metal1,302.7225,62.4435,0.000206
_1009_,VSS,Metal1,285.2300,62.4535,0.000258
_1008_,VSS,Metal1,303.9530,55.2350,0.000351
_1007_,VSS,Metal1,298.8025,62.9960,0.000218
_1006_,VSS,Metal1,248.8775,149.2360,0.000402
_1005_,VSS,Metal1,260.0025,211.3600,0.000445
_1004_,VSS,Metal1,262.4025,211.4035,0.000374
_1003_,VSS,Metal1,259.1465,219.0805,0.000065
_1002_,VSS,Metal1,181.5730,251.3190,0.000240
_1001_,VSS,Metal1,182.2375,243.3160,0.000268
_1000_,VSS,Metal1,183.3575,242.7635,0.000269
_0999_,VSS,Metal1,181.6775,211.9560,0.000401
_0998_,VSS,Metal1,168.1330,212.1190,0.000394
_0997_,VSS,Metal1,185.7865,212.1190,0.000401
_0996_,VSS,Metal1,195.8925,298.1960,0.000256
_0995_,VSS,Metal1,234.7900,305.3325,0.000276
_0994_,VSS,Metal1,233.2700,298.3015,0.000257
_0993_,VSS,Metal1,198.6500,321.8675,0.000333
_0992_,VSS,Metal1,190.1500,321.8215,0.000321
_0991_,VSS,Metal1,199.1700,298.1860,0.000256
_0990_,VSS,Metal1,209.8500,313.1725,0.000263
_0989_,VSS,Metal1,206.9500,336.7380,0.000426
_0988_,VSS,Metal1,197.5300,297.4925,0.000256
_0987_,VSS,Metal1,191.2700,297.5380,0.000256
_0986_,VSS,Metal1,233.2700,297.5380,0.000257
_0985_,VSS,Metal1,211.9300,321.0580,0.000362
_0984_,VSS,Metal1,216.4100,313.2180,0.000263
_0983_,VSS,Metal1,191.2700,328.8980,0.000387
_0982_,VSS,Metal1,248.3300,298.3015,0.000255
_0981_,VSS,Metal1,246.6500,290.4615,0.000144
_0980_,VSS,Metal1,226.4900,328.8980,0.000383
_0979_,VSS,Metal1,202.4100,313.9815,0.000263
_0978_,VSS,Metal1,194.0700,290.4615,0.000173
_0977_,VSS,Metal1,197.4300,321.0580,0.000332
_0976_,VSS,Metal1,176.7100,321.0580,0.000317
_0975_,VSS,Metal1,194.6300,289.6980,0.000173
_0974_,VSS,Metal1,115.2525,203.5635,0.000424
_0973_,VSS,Metal1,119.3875,203.5635,0.000423
_0972_,VSS,Metal1,108.9625,204.1160,0.000424
_0971_,VSS,Metal1,103.2775,211.4035,0.000393
_0970_,VSS,Metal1,102.6700,204.1060,0.000428
_0969_,VSS,Metal1,111.3325,203.5635,0.000424
_0968_,VSS,Metal1,113.9175,204.1160,0.000424
_0967_,VSS,Metal1,111.8665,211.2405,0.000394
_0966_,VSS,Metal1,106.8600,211.4460,0.000394
_0965_,VSS,Metal1,96.6425,203.5635,0.000431
_0964_,VSS,Metal1,121.1975,219.2435,0.000079
_0963_,VSS,Metal1,128.4200,219.2125,0.000072
_0962_,VSS,Metal1,99.4425,203.5635,0.000430
_0961_,VSS,Metal1,120.1625,227.0835,0.000256
_0960_,VSS,Metal1,116.8500,227.0935,0.000256
_0959_,VSS,Metal1,131.3625,219.7960,0.000070
_0958_,VSS,Metal1,116.0465,211.3250,0.000394
_0957_,VSS,Metal1,107.1975,203.5635,0.000425
_0956_,VSS,Metal1,134.0775,204.1160,0.000414
_0955_,VSS,Metal1,127.3575,211.9560,0.000395
_0954_,VSS,Metal1,72.1665,164.9850,0.000471
_0953_,VSS,Metal1,43.0200,164.3425,0.000471
_0952_,VSS,Metal1,41.9265,157.1450,0.000245
_0951_,VSS,Metal1,33.1400,164.9375,0.000454
_0950_,VSS,Metal1,41.1175,172.2035,0.000608
_0949_,VSS,Metal1,68.5575,172.7560,0.000726
_0948_,VSS,Metal1,304.2130,31.7990,0.000180
_0947_,VSS,Metal1,307.8665,31.7650,0.000177
_0946_,VSS,Metal1,309.2275,38.9235,0.000258
_0945_,VSS,Metal1,301.0425,38.9235,0.000263
_0944_,VSS,Metal1,298.8025,31.6360,0.000199
_0943_,VSS,Metal1,308.3800,31.0525,0.000177
_0942_,VSS,Metal1,304.4775,38.8800,0.000259
_0941_,VSS,Metal1,314.3975,31.6360,0.000161
_0940_,VSS,Metal1,301.0425,31.0835,0.000188
_0939_,VSS,Metal1,165.1465,94.4530,0.000166
_0938_,VSS,Metal1,171.4330,86.5850,0.000208
_0937_,VSS,Metal1,164.5325,86.5160,0.000208
_0936_,VSS,Metal1,160.2400,85.8925,0.000206
_0935_,VSS,Metal1,186.6700,31.6260,0.000244
_0934_,VSS,Metal1,206.8300,23.2535,0.000282
_0933_,VSS,Metal1,182.6130,70.1865,0.000397
_0932_,VSS,Metal1,172.1100,62.4535,0.000271
_0931_,VSS,Metal1,179.3900,47.3060,0.000391
_0930_,VSS,Metal1,177.1100,70.9875,0.000400
_0929_,VSS,Metal1,197.4425,93.8035,0.000180
_0928_,VSS,Metal1,189.1465,93.6405,0.000176
_0927_,VSS,Metal1,173.3625,78.6760,0.000153
_0926_,VSS,Metal1,175.1725,70.2835,0.000405
_0925_,VSS,Metal1,176.8525,78.1235,0.000144
_0924_,VSS,Metal1,172.0530,77.9605,0.000153
_0923_,VSS,Metal1,362.1865,85.8005,0.000274
_0922_,VSS,Metal1,225.1730,47.4130,0.000395
_0921_,VSS,Metal1,220.4025,47.3160,0.000395
_0920_,VSS,Metal1,194.4465,125.0850,0.000300
_0919_,VSS,Metal1,216.3975,157.0760,0.000318
_0918_,VSS,Metal1,201.2775,133.5560,0.000078
_0917_,VSS,Metal1,229.7800,211.3450,0.000434
_0916_,VSS,Metal1,133.6600,259.0550,0.000220
_0915_,VSS,Metal1,224.9400,235.5350,0.000387
_0914_,VSS,Metal1,214.3000,219.8550,0.000069
_0913_,VSS,Metal1,329.1000,242.7050,0.000217
_0912_,VSS,Metal1,220.8200,204.1750,0.000475
_0911_,VSS,Metal1,228.6600,196.3350,0.000215
_0910_,VSS,Metal1,247.7000,78.0650,0.000149
_0909_,VSS,Metal1,260.2200,172.8150,0.000691
_0908_,VSS,Metal1,240.4200,148.6250,0.000401
_0907_,VSS,Metal1,302.5800,337.4550,0.000408
_0906_,VSS,Metal1,315.1000,321.7750,0.000398
_0905_,VSS,Metal1,293.2600,305.4250,0.000254
_0904_,VSS,Metal1,273.6600,313.9350,0.000260
_0903_,VSS,Metal1,284.8600,298.2550,0.000243
_0902_,VSS,Metal1,322.7400,306.0950,0.000219
_0901_,VSS,Metal1,293.2600,290.4150,0.000128
_0900_,VSS,Metal1,274.5800,321.7750,0.000420
_0899_,VSS,Metal1,309.3000,289.7450,0.000125
_0898_,VSS,Metal1,280.3800,329.6150,0.000357
_0897_,VSS,Metal1,266.7400,289.7450,0.000139
_0896_,VSS,Metal1,254.0600,250.5450,0.000241
_0895_,VSS,Metal1,274.2200,188.4950,0.000390
_0894_,VSS,Metal1,283.7400,203.5050,0.000380
_0893_,VSS,Metal1,290.4600,78.0650,0.000143
_0892_,VSS,Metal1,250.1400,140.7850,0.000283
_0891_,VSS,Metal1,257.7800,195.6650,0.000211
_0890_,VSS,Metal1,290.4600,242.7050,0.000295
_0889_,VSS,Metal1,249.3800,227.6950,0.000195
_0888_,VSS,Metal1,261.1400,227.0250,0.000180
_0887_,VSS,Metal1,237.0600,38.8650,0.000338
_0886_,VSS,Metal1,274.0200,352.4650,0.000225
_0885_,VSS,Metal1,257.9800,298.2550,0.000255
_0884_,VSS,Metal1,256.8600,313.9350,0.000260
_0883_,VSS,Metal1,226.0600,266.8950,0.000415
_0882_,VSS,Metal1,295.8600,360.3050,0.000120
_0881_,VSS,Metal1,237.6200,313.2650,0.000260
_0880_,VSS,Metal1,270.6600,345.2950,0.000205
_0879_,VSS,Metal1,255.5400,328.9450,0.000373
_0878_,VSS,Metal1,296.0600,345.2950,0.000188
_0877_,VSS,Metal1,162.5800,243.3750,0.000249
_0876_,VSS,Metal1,54.1400,281.9050,0.000238
_0875_,VSS,Metal1,198.4200,195.6650,0.000207
_0874_,VSS,Metal1,179.0200,211.3450,0.000394
_0873_,VSS,Metal1,170.0600,203.5050,0.000396
_0872_,VSS,Metal1,148.7800,203.5050,0.000407
_0871_,VSS,Metal1,151.0200,203.5050,0.000405
_0870_,VSS,Metal1,65.3400,172.1450,0.000710
_0869_,VSS,Metal1,313.4200,38.8650,0.000246
_0868_,VSS,Metal1,329.1000,31.6950,0.000152
_0867_,VSS,Metal1,157.1800,94.4150,0.000178
_0866_,VSS,Metal1,186.3000,86.5750,0.000208
_0865_,VSS,Metal1,181.2600,70.8950,0.000398
_0864_,VSS,Metal1,172.6600,63.0550,0.000271
_0863_,VSS,Metal1,367.1800,86.5750,0.000274
_0862_,VSS,Metal1,196.9400,117.2650,0.000342
_0861_,VSS,Metal1,221.5800,164.9750,0.000432
_0860_,VSS,Metal1,205.3400,140.7850,0.000290
_0859_,VSS,Metal1,70.1800,179.9850,0.000328
_0858_,VSS,Metal1,30.6200,164.9750,0.000454
