
===========================================================================
report_checks -path_delay min (Hold)
============================================================================
======================= nom_tt_025C_5v00 Corner ===================================

Startpoint: _377_ (rising edge-triggered flip-flop clocked by clk_i)
Endpoint: _377_ (rising edge-triggered flip-flop clocked by clk_i)
Path Group: clk_i
Path Type: min

Fanout         Cap        Slew       Delay        Time   Description
---------------------------------------------------------------------------------------------
                                  0.000000    0.000000   clock clk_i (rise edge)
                                  0.000000    0.000000   clock source latency
     1    0.034554    0.173625    0.085924    0.085924 ^ clk_i (in)
                                                         clk_i (net)
                      0.173630    0.000000    0.085924 ^ clkbuf_0_clk_i/I (gf180mcu_fd_sc_mcu7t5v0__clkbuf_16)
     4    0.098873    0.157324    0.292079    0.378003 ^ clkbuf_0_clk_i/Z (gf180mcu_fd_sc_mcu7t5v0__clkbuf_16)
                                                         clknet_0_clk_i (net)
                      0.157324    0.000345    0.378347 ^ clkbuf_2_2__f_clk_i/I (gf180mcu_fd_sc_mcu7t5v0__clkbuf_16)
    10    0.057356    0.121510    0.261050    0.639397 ^ clkbuf_2_2__f_clk_i/Z (gf180mcu_fd_sc_mcu7t5v0__clkbuf_16)
                                                         clknet_2_2__leaf_clk_i (net)
                      0.121510    0.000414    0.639811 ^ _377_/CLK (gf180mcu_fd_sc_mcu7t5v0__dffrnq_1)
     2    0.010461    0.161610    0.731835    1.371645 v _377_/Q (gf180mcu_fd_sc_mcu7t5v0__dffrnq_1)
                                                         _021_ (net)
                      0.161610    0.000200    1.371846 v _198_/I (gf180mcu_fd_sc_mcu7t5v0__clkinv_1)
     2    0.010750    0.220930    0.174131    1.545977 ^ _198_/ZN (gf180mcu_fd_sc_mcu7t5v0__clkinv_1)
                                                         _056_ (net)
                      0.220930    0.000182    1.546159 ^ _359_/A1 (gf180mcu_fd_sc_mcu7t5v0__oai21_1)
     1    0.003578    0.140350    0.115152    1.661311 v _359_/ZN (gf180mcu_fd_sc_mcu7t5v0__oai21_1)
                                                         _036_ (net)
                      0.140350    0.000036    1.661347 v _377_/D (gf180mcu_fd_sc_mcu7t5v0__dffrnq_1)
                                              1.661347   data arrival time

                                  0.000000    0.000000   clock clk_i (rise edge)
                                  0.000000    0.000000   clock source latency
     1    0.034554    0.173625    0.085924    0.085924 ^ clk_i (in)
                                                         clk_i (net)
                      0.173630    0.000000    0.085924 ^ clkbuf_0_clk_i/I (gf180mcu_fd_sc_mcu7t5v0__clkbuf_16)
     4    0.098873    0.157324    0.292079    0.378003 ^ clkbuf_0_clk_i/Z (gf180mcu_fd_sc_mcu7t5v0__clkbuf_16)
                                                         clknet_0_clk_i (net)
                      0.157324    0.000345    0.378347 ^ clkbuf_2_2__f_clk_i/I (gf180mcu_fd_sc_mcu7t5v0__clkbuf_16)
    10    0.057356    0.121510    0.261050    0.639397 ^ clkbuf_2_2__f_clk_i/Z (gf180mcu_fd_sc_mcu7t5v0__clkbuf_16)
                                                         clknet_2_2__leaf_clk_i (net)
                      0.121510    0.000414    0.639811 ^ _377_/CLK (gf180mcu_fd_sc_mcu7t5v0__dffrnq_1)
                                  0.250000    0.889811   clock uncertainty
                                  0.000000    0.889811   clock reconvergence pessimism
                                  0.131828    1.021639   library hold time
                                              1.021639   data required time
---------------------------------------------------------------------------------------------
                                              1.021639   data required time
                                             -1.661347   data arrival time
---------------------------------------------------------------------------------------------
                                              0.639708   slack (MET)


Startpoint: _378_ (rising edge-triggered flip-flop clocked by clk_i)
Endpoint: _378_ (rising edge-triggered flip-flop clocked by clk_i)
Path Group: clk_i
Path Type: min

Fanout         Cap        Slew       Delay        Time   Description
---------------------------------------------------------------------------------------------
                                  0.000000    0.000000   clock clk_i (rise edge)
                                  0.000000    0.000000   clock source latency
     1    0.034554    0.173625    0.085924    0.085924 ^ clk_i (in)
                                                         clk_i (net)
                      0.173630    0.000000    0.085924 ^ clkbuf_0_clk_i/I (gf180mcu_fd_sc_mcu7t5v0__clkbuf_16)
     4    0.098873    0.157324    0.292079    0.378003 ^ clkbuf_0_clk_i/Z (gf180mcu_fd_sc_mcu7t5v0__clkbuf_16)
                                                         clknet_0_clk_i (net)
                      0.157324    0.000345    0.378347 ^ clkbuf_2_2__f_clk_i/I (gf180mcu_fd_sc_mcu7t5v0__clkbuf_16)
    10    0.057356    0.121510    0.261050    0.639397 ^ clkbuf_2_2__f_clk_i/Z (gf180mcu_fd_sc_mcu7t5v0__clkbuf_16)
                                                         clknet_2_2__leaf_clk_i (net)
                      0.121510    0.000548    0.639945 ^ _378_/CLK (gf180mcu_fd_sc_mcu7t5v0__dffrnq_1)
     2    0.015541    0.203674    0.766002    1.405947 v _378_/Q (gf180mcu_fd_sc_mcu7t5v0__dffrnq_1)
                                                         parity_bit (net)
                      0.203674    0.000269    1.406216 v _361_/A1 (gf180mcu_fd_sc_mcu7t5v0__nand3_1)
     1    0.007195    0.241323    0.204913    1.611129 ^ _361_/ZN (gf180mcu_fd_sc_mcu7t5v0__nand3_1)
                                                         _179_ (net)
                      0.241323    0.000090    1.611219 ^ _362_/B (gf180mcu_fd_sc_mcu7t5v0__oai21_1)
     1    0.003774    0.140809    0.127239    1.738459 v _362_/ZN (gf180mcu_fd_sc_mcu7t5v0__oai21_1)
                                                         _037_ (net)
                      0.140809    0.000038    1.738497 v _378_/D (gf180mcu_fd_sc_mcu7t5v0__dffrnq_1)
                                              1.738497   data arrival time

                                  0.000000    0.000000   clock clk_i (rise edge)
                                  0.000000    0.000000   clock source latency
     1    0.034554    0.173625    0.085924    0.085924 ^ clk_i (in)
                                                         clk_i (net)
                      0.173630    0.000000    0.085924 ^ clkbuf_0_clk_i/I (gf180mcu_fd_sc_mcu7t5v0__clkbuf_16)
     4    0.098873    0.157324    0.292079    0.378003 ^ clkbuf_0_clk_i/Z (gf180mcu_fd_sc_mcu7t5v0__clkbuf_16)
                                                         clknet_0_clk_i (net)
                      0.157324    0.000345    0.378347 ^ clkbuf_2_2__f_clk_i/I (gf180mcu_fd_sc_mcu7t5v0__clkbuf_16)
    10    0.057356    0.121510    0.261050    0.639397 ^ clkbuf_2_2__f_clk_i/Z (gf180mcu_fd_sc_mcu7t5v0__clkbuf_16)
                                                         clknet_2_2__leaf_clk_i (net)
                      0.121510    0.000548    0.639945 ^ _378_/CLK (gf180mcu_fd_sc_mcu7t5v0__dffrnq_1)
                                  0.250000    0.889945   clock uncertainty
                                  0.000000    0.889945   clock reconvergence pessimism
                                  0.131728    1.021673   library hold time
                                              1.021673   data required time
---------------------------------------------------------------------------------------------
                                              1.021673   data required time
                                             -1.738497   data arrival time
---------------------------------------------------------------------------------------------
                                              0.716824   slack (MET)


Startpoint: _396_ (rising edge-triggered flip-flop clocked by clk_i)
Endpoint: _397_ (rising edge-triggered flip-flop clocked by clk_i)
Path Group: clk_i
Path Type: min

Fanout         Cap        Slew       Delay        Time   Description
---------------------------------------------------------------------------------------------
                                  0.000000    0.000000   clock clk_i (rise edge)
                                  0.000000    0.000000   clock source latency
     1    0.034554    0.173625    0.085924    0.085924 ^ clk_i (in)
                                                         clk_i (net)
                      0.173630    0.000000    0.085924 ^ clkbuf_0_clk_i/I (gf180mcu_fd_sc_mcu7t5v0__clkbuf_16)
     4    0.098873    0.157324    0.292079    0.378003 ^ clkbuf_0_clk_i/Z (gf180mcu_fd_sc_mcu7t5v0__clkbuf_16)
                                                         clknet_0_clk_i (net)
                      0.157325    0.001046    0.379048 ^ clkbuf_2_0__f_clk_i/I (gf180mcu_fd_sc_mcu7t5v0__clkbuf_16)
    10    0.055009    0.119410    0.259034    0.638082 ^ clkbuf_2_0__f_clk_i/Z (gf180mcu_fd_sc_mcu7t5v0__clkbuf_16)
                                                         clknet_2_0__leaf_clk_i (net)
                      0.119418    0.001713    0.639795 ^ _396_/CLK (gf180mcu_fd_sc_mcu7t5v0__dffsnq_1)
     1    0.003256    0.128863    0.737103    1.376898 ^ _396_/Q (gf180mcu_fd_sc_mcu7t5v0__dffsnq_1)
                                                         reg_rx_sync[0] (net)
                      0.128863    0.000032    1.376929 ^ _307_/A2 (gf180mcu_fd_sc_mcu7t5v0__or2_1)
     1    0.005039    0.143598    0.246366    1.623296 ^ _307_/Z (gf180mcu_fd_sc_mcu7t5v0__or2_1)
                                                         _018_ (net)
                      0.143598    0.000066    1.623362 ^ _397_/D (gf180mcu_fd_sc_mcu7t5v0__dffsnq_1)
                                              1.623362   data arrival time

                                  0.000000    0.000000   clock clk_i (rise edge)
                                  0.000000    0.000000   clock source latency
     1    0.034554    0.173625    0.085924    0.085924 ^ clk_i (in)
                                                         clk_i (net)
                      0.173630    0.000000    0.085924 ^ clkbuf_0_clk_i/I (gf180mcu_fd_sc_mcu7t5v0__clkbuf_16)
     4    0.098873    0.157324    0.292079    0.378003 ^ clkbuf_0_clk_i/Z (gf180mcu_fd_sc_mcu7t5v0__clkbuf_16)
                                                         clknet_0_clk_i (net)
                      0.157324    0.000345    0.378347 ^ clkbuf_2_2__f_clk_i/I (gf180mcu_fd_sc_mcu7t5v0__clkbuf_16)
    10    0.057356    0.121510    0.261050    0.639397 ^ clkbuf_2_2__f_clk_i/Z (gf180mcu_fd_sc_mcu7t5v0__clkbuf_16)
                                                         clknet_2_2__leaf_clk_i (net)
                      0.121510    0.000581    0.639978 ^ _397_/CLK (gf180mcu_fd_sc_mcu7t5v0__dffsnq_1)
                                  0.250000    0.889978   clock uncertainty
                                  0.000000    0.889978   clock reconvergence pessimism
                                 -0.030350    0.859627   library hold time
                                              0.859627   data required time
---------------------------------------------------------------------------------------------
                                              0.859627   data required time
                                             -1.623362   data arrival time
---------------------------------------------------------------------------------------------
                                              0.763735   slack (MET)


Startpoint: _383_ (rising edge-triggered flip-flop clocked by clk_i)
Endpoint: _384_ (rising edge-triggered flip-flop clocked by clk_i)
Path Group: clk_i
Path Type: min

Fanout         Cap        Slew       Delay        Time   Description
---------------------------------------------------------------------------------------------
                                  0.000000    0.000000   clock clk_i (rise edge)
                                  0.000000    0.000000   clock source latency
     1    0.034554    0.173625    0.085924    0.085924 ^ clk_i (in)
                                                         clk_i (net)
                      0.173630    0.000000    0.085924 ^ clkbuf_0_clk_i/I (gf180mcu_fd_sc_mcu7t5v0__clkbuf_16)
     4    0.098873    0.157324    0.292079    0.378003 ^ clkbuf_0_clk_i/Z (gf180mcu_fd_sc_mcu7t5v0__clkbuf_16)
                                                         clknet_0_clk_i (net)
                      0.157325    0.001046    0.379048 ^ clkbuf_2_0__f_clk_i/I (gf180mcu_fd_sc_mcu7t5v0__clkbuf_16)
    10    0.055009    0.119410    0.259034    0.638082 ^ clkbuf_2_0__f_clk_i/Z (gf180mcu_fd_sc_mcu7t5v0__clkbuf_16)
                                                         clknet_2_0__leaf_clk_i (net)
                      0.119426    0.002371    0.640453 ^ _383_/CLK (gf180mcu_fd_sc_mcu7t5v0__dffrnq_1)
     3    0.014228    0.192819    0.756855    1.397308 v _383_/Q (gf180mcu_fd_sc_mcu7t5v0__dffrnq_1)
                                                         baud_cnt[4] (net)
                      0.192819    0.000095    1.397402 v _273_/A1 (gf180mcu_fd_sc_mcu7t5v0__aoi21_1)
     1    0.004722    0.272848    0.205165    1.602567 ^ _273_/ZN (gf180mcu_fd_sc_mcu7t5v0__aoi21_1)
                                                         _120_ (net)
                      0.272848    0.000048    1.602615 ^ _274_/A3 (gf180mcu_fd_sc_mcu7t5v0__nor3_1)
     1    0.004649    0.223164    0.191319    1.793934 v _274_/ZN (gf180mcu_fd_sc_mcu7t5v0__nor3_1)
                                                         _011_ (net)
                      0.223164    0.000093    1.794027 v _384_/D (gf180mcu_fd_sc_mcu7t5v0__dffrnq_1)
                                              1.794027   data arrival time

                                  0.000000    0.000000   clock clk_i (rise edge)
                                  0.000000    0.000000   clock source latency
     1    0.034554    0.173625    0.085924    0.085924 ^ clk_i (in)
                                                         clk_i (net)
                      0.173630    0.000000    0.085924 ^ clkbuf_0_clk_i/I (gf180mcu_fd_sc_mcu7t5v0__clkbuf_16)
     4    0.098873    0.157324    0.292079    0.378003 ^ clkbuf_0_clk_i/Z (gf180mcu_fd_sc_mcu7t5v0__clkbuf_16)
                                                         clknet_0_clk_i (net)
                      0.157325    0.001046    0.379048 ^ clkbuf_2_0__f_clk_i/I (gf180mcu_fd_sc_mcu7t5v0__clkbuf_16)
    10    0.055009    0.119410    0.259034    0.638082 ^ clkbuf_2_0__f_clk_i/Z (gf180mcu_fd_sc_mcu7t5v0__clkbuf_16)
                                                         clknet_2_0__leaf_clk_i (net)
                      0.119416    0.001470    0.639552 ^ _384_/CLK (gf180mcu_fd_sc_mcu7t5v0__dffrnq_1)
                                  0.250000    0.889552   clock uncertainty
                                  0.000000    0.889552   clock reconvergence pessimism
                                  0.114747    1.004299   library hold time
                                              1.004299   data required time
---------------------------------------------------------------------------------------------
                                              1.004299   data required time
                                             -1.794027   data arrival time
---------------------------------------------------------------------------------------------
                                              0.789729   slack (MET)


Startpoint: _376_ (rising edge-triggered flip-flop clocked by clk_i)
Endpoint: _376_ (rising edge-triggered flip-flop clocked by clk_i)
Path Group: clk_i
Path Type: min

Fanout         Cap        Slew       Delay        Time   Description
---------------------------------------------------------------------------------------------
                                  0.000000    0.000000   clock clk_i (rise edge)
                                  0.000000    0.000000   clock source latency
     1    0.034554    0.173625    0.085924    0.085924 ^ clk_i (in)
                                                         clk_i (net)
                      0.173630    0.000000    0.085924 ^ clkbuf_0_clk_i/I (gf180mcu_fd_sc_mcu7t5v0__clkbuf_16)
     4    0.098873    0.157324    0.292079    0.378003 ^ clkbuf_0_clk_i/Z (gf180mcu_fd_sc_mcu7t5v0__clkbuf_16)
                                                         clknet_0_clk_i (net)
                      0.157325    0.001047    0.379049 ^ clkbuf_2_1__f_clk_i/I (gf180mcu_fd_sc_mcu7t5v0__clkbuf_16)
    10    0.059838    0.123586    0.262425    0.641474 ^ clkbuf_2_1__f_clk_i/Z (gf180mcu_fd_sc_mcu7t5v0__clkbuf_16)
                                                         clknet_2_1__leaf_clk_i (net)
                      0.123586    0.000088    0.641562 ^ _376_/CLK (gf180mcu_fd_sc_mcu7t5v0__dffrnq_1)
     4    0.023888    0.275837    0.819754    1.461316 v _376_/Q (gf180mcu_fd_sc_mcu7t5v0__dffrnq_1)
                                                         _020_ (net)
                      0.275837    0.000145    1.461461 v _356_/B (gf180mcu_fd_sc_mcu7t5v0__aoi21_1)
     1    0.004687    0.257738    0.219920    1.681381 ^ _356_/ZN (gf180mcu_fd_sc_mcu7t5v0__aoi21_1)
                                                         _176_ (net)
                      0.257738    0.000048    1.681428 ^ _357_/A2 (gf180mcu_fd_sc_mcu7t5v0__nor2_1)
     1    0.005286    0.178101    0.153000    1.834428 v _357_/ZN (gf180mcu_fd_sc_mcu7t5v0__nor2_1)
                                                         _035_ (net)
                      0.178101    0.000111    1.834539 v _376_/D (gf180mcu_fd_sc_mcu7t5v0__dffrnq_1)
                                              1.834539   data arrival time

                                  0.000000    0.000000   clock clk_i (rise edge)
                                  0.000000    0.000000   clock source latency
     1    0.034554    0.173625    0.085924    0.085924 ^ clk_i (in)
                                                         clk_i (net)
                      0.173630    0.000000    0.085924 ^ clkbuf_0_clk_i/I (gf180mcu_fd_sc_mcu7t5v0__clkbuf_16)
     4    0.098873    0.157324    0.292079    0.378003 ^ clkbuf_0_clk_i/Z (gf180mcu_fd_sc_mcu7t5v0__clkbuf_16)
                                                         clknet_0_clk_i (net)
                      0.157325    0.001047    0.379049 ^ clkbuf_2_1__f_clk_i/I (gf180mcu_fd_sc_mcu7t5v0__clkbuf_16)
    10    0.059838    0.123586    0.262425    0.641474 ^ clkbuf_2_1__f_clk_i/Z (gf180mcu_fd_sc_mcu7t5v0__clkbuf_16)
                                                         clknet_2_1__leaf_clk_i (net)
                      0.123586    0.000088    0.641562 ^ _376_/CLK (gf180mcu_fd_sc_mcu7t5v0__dffrnq_1)
                                  0.250000    0.891562   clock uncertainty
                                  0.000000    0.891562   clock reconvergence pessimism
                                  0.124574    1.016136   library hold time
                                              1.016136   data required time
---------------------------------------------------------------------------------------------
                                              1.016136   data required time
                                             -1.834539   data arrival time
---------------------------------------------------------------------------------------------
                                              0.818403   slack (MET)


Startpoint: _363_ (rising edge-triggered flip-flop clocked by clk_i)
Endpoint: _363_ (rising edge-triggered flip-flop clocked by clk_i)
Path Group: clk_i
Path Type: min

Fanout         Cap        Slew       Delay        Time   Description
---------------------------------------------------------------------------------------------
                                  0.000000    0.000000   clock clk_i (rise edge)
                                  0.000000    0.000000   clock source latency
     1    0.034554    0.173625    0.085924    0.085924 ^ clk_i (in)
                                                         clk_i (net)
                      0.173630    0.000000    0.085924 ^ clkbuf_0_clk_i/I (gf180mcu_fd_sc_mcu7t5v0__clkbuf_16)
     4    0.098873    0.157324    0.292079    0.378003 ^ clkbuf_0_clk_i/Z (gf180mcu_fd_sc_mcu7t5v0__clkbuf_16)
                                                         clknet_0_clk_i (net)
                      0.157324    0.000345    0.378347 ^ clkbuf_2_2__f_clk_i/I (gf180mcu_fd_sc_mcu7t5v0__clkbuf_16)
    10    0.057356    0.121510    0.261050    0.639397 ^ clkbuf_2_2__f_clk_i/Z (gf180mcu_fd_sc_mcu7t5v0__clkbuf_16)
                                                         clknet_2_2__leaf_clk_i (net)
                      0.121511    0.000770    0.640167 ^ _363_/CLK (gf180mcu_fd_sc_mcu7t5v0__dffrnq_1)
     4    0.022323    0.262078    0.809741    1.449907 v _363_/Q (gf180mcu_fd_sc_mcu7t5v0__dffrnq_1)
                                                         r_error_parity (net)
                      0.262079    0.000440    1.450347 v _312_/A1 (gf180mcu_fd_sc_mcu7t5v0__oai21_1)
     1    0.006442    0.334224    0.265667    1.716014 ^ _312_/ZN (gf180mcu_fd_sc_mcu7t5v0__oai21_1)
                                                         _145_ (net)
                      0.334224    0.000084    1.716098 ^ _313_/I (gf180mcu_fd_sc_mcu7t5v0__clkinv_1)
     1    0.003784    0.150626    0.127531    1.843629 v _313_/ZN (gf180mcu_fd_sc_mcu7t5v0__clkinv_1)
                                                         _022_ (net)
                      0.150626    0.000071    1.843699 v _363_/D (gf180mcu_fd_sc_mcu7t5v0__dffrnq_1)
                                              1.843699   data arrival time

                                  0.000000    0.000000   clock clk_i (rise edge)
                                  0.000000    0.000000   clock source latency
     1    0.034554    0.173625    0.085924    0.085924 ^ clk_i (in)
                                                         clk_i (net)
                      0.173630    0.000000    0.085924 ^ clkbuf_0_clk_i/I (gf180mcu_fd_sc_mcu7t5v0__clkbuf_16)
     4    0.098873    0.157324    0.292079    0.378003 ^ clkbuf_0_clk_i/Z (gf180mcu_fd_sc_mcu7t5v0__clkbuf_16)
                                                         clknet_0_clk_i (net)
                      0.157324    0.000345    0.378347 ^ clkbuf_2_2__f_clk_i/I (gf180mcu_fd_sc_mcu7t5v0__clkbuf_16)
    10    0.057356    0.121510    0.261050    0.639397 ^ clkbuf_2_2__f_clk_i/Z (gf180mcu_fd_sc_mcu7t5v0__clkbuf_16)
                                                         clknet_2_2__leaf_clk_i (net)
                      0.121511    0.000770    0.640167 ^ _363_/CLK (gf180mcu_fd_sc_mcu7t5v0__dffrnq_1)
                                  0.250000    0.890167   clock uncertainty
                                  0.000000    0.890167   clock reconvergence pessimism
                                  0.129704    1.019870   library hold time
                                              1.019870   data required time
---------------------------------------------------------------------------------------------
                                              1.019870   data required time
                                             -1.843699   data arrival time
---------------------------------------------------------------------------------------------
                                              0.823829   slack (MET)


Startpoint: _374_ (rising edge-triggered flip-flop clocked by clk_i)
Endpoint: _374_ (rising edge-triggered flip-flop clocked by clk_i)
Path Group: clk_i
Path Type: min

Fanout         Cap        Slew       Delay        Time   Description
---------------------------------------------------------------------------------------------
                                  0.000000    0.000000   clock clk_i (rise edge)
                                  0.000000    0.000000   clock source latency
     1    0.034554    0.173625    0.085924    0.085924 ^ clk_i (in)
                                                         clk_i (net)
                      0.173630    0.000000    0.085924 ^ clkbuf_0_clk_i/I (gf180mcu_fd_sc_mcu7t5v0__clkbuf_16)
     4    0.098873    0.157324    0.292079    0.378003 ^ clkbuf_0_clk_i/Z (gf180mcu_fd_sc_mcu7t5v0__clkbuf_16)
                                                         clknet_0_clk_i (net)
                      0.157324    0.000345    0.378347 ^ clkbuf_2_2__f_clk_i/I (gf180mcu_fd_sc_mcu7t5v0__clkbuf_16)
    10    0.057356    0.121510    0.261050    0.639397 ^ clkbuf_2_2__f_clk_i/Z (gf180mcu_fd_sc_mcu7t5v0__clkbuf_16)
                                                         clknet_2_2__leaf_clk_i (net)
                      0.121510    0.000581    0.639977 ^ _374_/CLK (gf180mcu_fd_sc_mcu7t5v0__dffsnq_1)
     3    0.014156    0.205763    0.834185    1.474163 v _374_/Q (gf180mcu_fd_sc_mcu7t5v0__dffsnq_1)
                                                         net35 (net)
                      0.205763    0.000245    1.474408 v _350_/A1 (gf180mcu_fd_sc_mcu7t5v0__nand2_1)
     1    0.005247    0.168246    0.155338    1.629745 ^ _350_/ZN (gf180mcu_fd_sc_mcu7t5v0__nand2_1)
                                                         _172_ (net)
                      0.168246    0.000099    1.629844 ^ _351_/B (gf180mcu_fd_sc_mcu7t5v0__oai21_1)
     1    0.003536    0.124138    0.119554    1.749399 v _351_/ZN (gf180mcu_fd_sc_mcu7t5v0__oai21_1)
                                                         _033_ (net)
                      0.124138    0.000039    1.749437 v _374_/D (gf180mcu_fd_sc_mcu7t5v0__dffsnq_1)
                                              1.749437   data arrival time

                                  0.000000    0.000000   clock clk_i (rise edge)
                                  0.000000    0.000000   clock source latency
     1    0.034554    0.173625    0.085924    0.085924 ^ clk_i (in)
                                                         clk_i (net)
                      0.173630    0.000000    0.085924 ^ clkbuf_0_clk_i/I (gf180mcu_fd_sc_mcu7t5v0__clkbuf_16)
     4    0.098873    0.157324    0.292079    0.378003 ^ clkbuf_0_clk_i/Z (gf180mcu_fd_sc_mcu7t5v0__clkbuf_16)
                                                         clknet_0_clk_i (net)
                      0.157324    0.000345    0.378347 ^ clkbuf_2_2__f_clk_i/I (gf180mcu_fd_sc_mcu7t5v0__clkbuf_16)
    10    0.057356    0.121510    0.261050    0.639397 ^ clkbuf_2_2__f_clk_i/Z (gf180mcu_fd_sc_mcu7t5v0__clkbuf_16)
                                                         clknet_2_2__leaf_clk_i (net)
                      0.121510    0.000581    0.639977 ^ _374_/CLK (gf180mcu_fd_sc_mcu7t5v0__dffsnq_1)
                                  0.250000    0.889977   clock uncertainty
                                  0.000000    0.889977   clock reconvergence pessimism
                                  0.033558    0.923535   library hold time
                                              0.923535   data required time
---------------------------------------------------------------------------------------------
                                              0.923535   data required time
                                             -1.749437   data arrival time
---------------------------------------------------------------------------------------------
                                              0.825902   slack (MET)


Startpoint: _367_ (rising edge-triggered flip-flop clocked by clk_i)
Endpoint: _367_ (rising edge-triggered flip-flop clocked by clk_i)
Path Group: clk_i
Path Type: min

Fanout         Cap        Slew       Delay        Time   Description
---------------------------------------------------------------------------------------------
                                  0.000000    0.000000   clock clk_i (rise edge)
                                  0.000000    0.000000   clock source latency
     1    0.034554    0.173625    0.085924    0.085924 ^ clk_i (in)
                                                         clk_i (net)
                      0.173630    0.000000    0.085924 ^ clkbuf_0_clk_i/I (gf180mcu_fd_sc_mcu7t5v0__clkbuf_16)
     4    0.098873    0.157324    0.292079    0.378003 ^ clkbuf_0_clk_i/Z (gf180mcu_fd_sc_mcu7t5v0__clkbuf_16)
                                                         clknet_0_clk_i (net)
                      0.157324    0.000696    0.378698 ^ clkbuf_2_3__f_clk_i/I (gf180mcu_fd_sc_mcu7t5v0__clkbuf_16)
     9    0.050413    0.115523    0.256319    0.635017 ^ clkbuf_2_3__f_clk_i/Z (gf180mcu_fd_sc_mcu7t5v0__clkbuf_16)
                                                         clknet_2_3__leaf_clk_i (net)
                      0.115526    0.000963    0.635980 ^ _367_/CLK (gf180mcu_fd_sc_mcu7t5v0__dffsnq_1)
     2    0.009452    0.219022    0.796096    1.432076 ^ _367_/Q (gf180mcu_fd_sc_mcu7t5v0__dffsnq_1)
                                                         net28 (net)
                      0.219022    0.000176    1.432253 ^ _333_/I1 (gf180mcu_fd_sc_mcu7t5v0__mux2_2)
     1    0.003921    0.095917    0.271558    1.703810 ^ _333_/Z (gf180mcu_fd_sc_mcu7t5v0__mux2_2)
                                                         _026_ (net)
                      0.095917    0.000078    1.703888 ^ _367_/D (gf180mcu_fd_sc_mcu7t5v0__dffsnq_1)
                                              1.703888   data arrival time

                                  0.000000    0.000000   clock clk_i (rise edge)
                                  0.000000    0.000000   clock source latency
     1    0.034554    0.173625    0.085924    0.085924 ^ clk_i (in)
                                                         clk_i (net)
                      0.173630    0.000000    0.085924 ^ clkbuf_0_clk_i/I (gf180mcu_fd_sc_mcu7t5v0__clkbuf_16)
     4    0.098873    0.157324    0.292079    0.378003 ^ clkbuf_0_clk_i/Z (gf180mcu_fd_sc_mcu7t5v0__clkbuf_16)
                                                         clknet_0_clk_i (net)
                      0.157324    0.000696    0.378698 ^ clkbuf_2_3__f_clk_i/I (gf180mcu_fd_sc_mcu7t5v0__clkbuf_16)
     9    0.050413    0.115523    0.256319    0.635017 ^ clkbuf_2_3__f_clk_i/Z (gf180mcu_fd_sc_mcu7t5v0__clkbuf_16)
                                                         clknet_2_3__leaf_clk_i (net)
                      0.115526    0.000963    0.635980 ^ _367_/CLK (gf180mcu_fd_sc_mcu7t5v0__dffsnq_1)
                                  0.250000    0.885980   clock uncertainty
                                  0.000000    0.885980   clock reconvergence pessimism
                                 -0.021932    0.864048   library hold time
                                              0.864048   data required time
---------------------------------------------------------------------------------------------
                                              0.864048   data required time
                                             -1.703888   data arrival time
---------------------------------------------------------------------------------------------
                                              0.839840   slack (MET)


Startpoint: _397_ (rising edge-triggered flip-flop clocked by clk_i)
Endpoint: _398_ (rising edge-triggered flip-flop clocked by clk_i)
Path Group: clk_i
Path Type: min

Fanout         Cap        Slew       Delay        Time   Description
---------------------------------------------------------------------------------------------
                                  0.000000    0.000000   clock clk_i (rise edge)
                                  0.000000    0.000000   clock source latency
     1    0.034554    0.173625    0.085924    0.085924 ^ clk_i (in)
                                                         clk_i (net)
                      0.173630    0.000000    0.085924 ^ clkbuf_0_clk_i/I (gf180mcu_fd_sc_mcu7t5v0__clkbuf_16)
     4    0.098873    0.157324    0.292079    0.378003 ^ clkbuf_0_clk_i/Z (gf180mcu_fd_sc_mcu7t5v0__clkbuf_16)
                                                         clknet_0_clk_i (net)
                      0.157324    0.000345    0.378347 ^ clkbuf_2_2__f_clk_i/I (gf180mcu_fd_sc_mcu7t5v0__clkbuf_16)
    10    0.057356    0.121510    0.261050    0.639397 ^ clkbuf_2_2__f_clk_i/Z (gf180mcu_fd_sc_mcu7t5v0__clkbuf_16)
                                                         clknet_2_2__leaf_clk_i (net)
                      0.121510    0.000581    0.639978 ^ _397_/CLK (gf180mcu_fd_sc_mcu7t5v0__dffsnq_1)
     2    0.012656    0.193291    0.823693    1.463671 v _397_/Q (gf180mcu_fd_sc_mcu7t5v0__dffsnq_1)
                                                         reg_rx_sync[1] (net)
                      0.193291    0.000228    1.463899 v _183_/I (gf180mcu_fd_sc_mcu7t5v0__clkinv_1)
     2    0.011840    0.242573    0.193061    1.656960 ^ _183_/ZN (gf180mcu_fd_sc_mcu7t5v0__clkinv_1)
                                                         _041_ (net)
                      0.242573    0.000198    1.657159 ^ _308_/A1 (gf180mcu_fd_sc_mcu7t5v0__nand2_1)
     1    0.003409    0.135691    0.107428    1.764587 v _308_/ZN (gf180mcu_fd_sc_mcu7t5v0__nand2_1)
                                                         _019_ (net)
                      0.135691    0.000034    1.764621 v _398_/D (gf180mcu_fd_sc_mcu7t5v0__dffsnq_1)
                                              1.764621   data arrival time

                                  0.000000    0.000000   clock clk_i (rise edge)
                                  0.000000    0.000000   clock source latency
     1    0.034554    0.173625    0.085924    0.085924 ^ clk_i (in)
                                                         clk_i (net)
                      0.173630    0.000000    0.085924 ^ clkbuf_0_clk_i/I (gf180mcu_fd_sc_mcu7t5v0__clkbuf_16)
     4    0.098873    0.157324    0.292079    0.378003 ^ clkbuf_0_clk_i/Z (gf180mcu_fd_sc_mcu7t5v0__clkbuf_16)
                                                         clknet_0_clk_i (net)
                      0.157324    0.000345    0.378347 ^ clkbuf_2_2__f_clk_i/I (gf180mcu_fd_sc_mcu7t5v0__clkbuf_16)
    10    0.057356    0.121510    0.261050    0.639397 ^ clkbuf_2_2__f_clk_i/Z (gf180mcu_fd_sc_mcu7t5v0__clkbuf_16)
                                                         clknet_2_2__leaf_clk_i (net)
                      0.121510    0.000573    0.639970 ^ _398_/CLK (gf180mcu_fd_sc_mcu7t5v0__dffsnq_1)
                                  0.250000    0.889970   clock uncertainty
                                  0.000000    0.889970   clock reconvergence pessimism
                                  0.029891    0.919861   library hold time
                                              0.919861   data required time
---------------------------------------------------------------------------------------------
                                              0.919861   data required time
                                             -1.764621   data arrival time
---------------------------------------------------------------------------------------------
                                              0.844760   slack (MET)


Startpoint: _373_ (rising edge-triggered flip-flop clocked by clk_i)
Endpoint: _373_ (rising edge-triggered flip-flop clocked by clk_i)
Path Group: clk_i
Path Type: min

Fanout         Cap        Slew       Delay        Time   Description
---------------------------------------------------------------------------------------------
                                  0.000000    0.000000   clock clk_i (rise edge)
                                  0.000000    0.000000   clock source latency
     1    0.034554    0.173625    0.085924    0.085924 ^ clk_i (in)
                                                         clk_i (net)
                      0.173630    0.000000    0.085924 ^ clkbuf_0_clk_i/I (gf180mcu_fd_sc_mcu7t5v0__clkbuf_16)
     4    0.098873    0.157324    0.292079    0.378003 ^ clkbuf_0_clk_i/Z (gf180mcu_fd_sc_mcu7t5v0__clkbuf_16)
                                                         clknet_0_clk_i (net)
                      0.157324    0.000696    0.378698 ^ clkbuf_2_3__f_clk_i/I (gf180mcu_fd_sc_mcu7t5v0__clkbuf_16)
     9    0.050413    0.115523    0.256319    0.635017 ^ clkbuf_2_3__f_clk_i/Z (gf180mcu_fd_sc_mcu7t5v0__clkbuf_16)
                                                         clknet_2_3__leaf_clk_i (net)
                      0.115524    0.000573    0.635590 ^ _373_/CLK (gf180mcu_fd_sc_mcu7t5v0__dffsnq_1)
     3    0.018204    0.239655    0.861343    1.496933 v _373_/Q (gf180mcu_fd_sc_mcu7t5v0__dffsnq_1)
                                                         net34 (net)
                      0.239655    0.000284    1.497218 v _347_/A1 (gf180mcu_fd_sc_mcu7t5v0__nand2_1)
     1    0.005197    0.173763    0.164043    1.661261 ^ _347_/ZN (gf180mcu_fd_sc_mcu7t5v0__nand2_1)
                                                         _170_ (net)
                      0.173763    0.000051    1.661312 ^ _348_/B (gf180mcu_fd_sc_mcu7t5v0__oai21_1)
     1    0.003458    0.125002    0.119368    1.780680 v _348_/ZN (gf180mcu_fd_sc_mcu7t5v0__oai21_1)
                                                         _032_ (net)
                      0.125002    0.000065    1.780746 v _373_/D (gf180mcu_fd_sc_mcu7t5v0__dffsnq_1)
                                              1.780746   data arrival time

                                  0.000000    0.000000   clock clk_i (rise edge)
                                  0.000000    0.000000   clock source latency
     1    0.034554    0.173625    0.085924    0.085924 ^ clk_i (in)
                                                         clk_i (net)
                      0.173630    0.000000    0.085924 ^ clkbuf_0_clk_i/I (gf180mcu_fd_sc_mcu7t5v0__clkbuf_16)
     4    0.098873    0.157324    0.292079    0.378003 ^ clkbuf_0_clk_i/Z (gf180mcu_fd_sc_mcu7t5v0__clkbuf_16)
                                                         clknet_0_clk_i (net)
                      0.157324    0.000696    0.378698 ^ clkbuf_2_3__f_clk_i/I (gf180mcu_fd_sc_mcu7t5v0__clkbuf_16)
     9    0.050413    0.115523    0.256319    0.635017 ^ clkbuf_2_3__f_clk_i/Z (gf180mcu_fd_sc_mcu7t5v0__clkbuf_16)
                                                         clknet_2_3__leaf_clk_i (net)
                      0.115524    0.000573    0.635590 ^ _373_/CLK (gf180mcu_fd_sc_mcu7t5v0__dffsnq_1)
                                  0.250000    0.885590   clock uncertainty
                                  0.000000    0.885590   clock reconvergence pessimism
                                  0.032217    0.917808   library hold time
                                              0.917808   data required time
---------------------------------------------------------------------------------------------
                                              0.917808   data required time
                                             -1.780746   data arrival time
---------------------------------------------------------------------------------------------
                                              0.862938   slack (MET)


Startpoint: _392_ (rising edge-triggered flip-flop clocked by clk_i)
Endpoint: _392_ (rising edge-triggered flip-flop clocked by clk_i)
Path Group: clk_i
Path Type: min

Fanout         Cap        Slew       Delay        Time   Description
---------------------------------------------------------------------------------------------
                                  0.000000    0.000000   clock clk_i (rise edge)
                                  0.000000    0.000000   clock source latency
     1    0.034554    0.173625    0.085924    0.085924 ^ clk_i (in)
                                                         clk_i (net)
                      0.173630    0.000000    0.085924 ^ clkbuf_0_clk_i/I (gf180mcu_fd_sc_mcu7t5v0__clkbuf_16)
     4    0.098873    0.157324    0.292079    0.378003 ^ clkbuf_0_clk_i/Z (gf180mcu_fd_sc_mcu7t5v0__clkbuf_16)
                                                         clknet_0_clk_i (net)
                      0.157325    0.001047    0.379049 ^ clkbuf_2_1__f_clk_i/I (gf180mcu_fd_sc_mcu7t5v0__clkbuf_16)
    10    0.059838    0.123586    0.262425    0.641474 ^ clkbuf_2_1__f_clk_i/Z (gf180mcu_fd_sc_mcu7t5v0__clkbuf_16)
                                                         clknet_2_1__leaf_clk_i (net)
                      0.123595    0.001915    0.643389 ^ _392_/CLK (gf180mcu_fd_sc_mcu7t5v0__dffrnq_1)
     4    0.028717    0.318527    0.849062    1.492451 v _392_/Q (gf180mcu_fd_sc_mcu7t5v0__dffrnq_1)
                                                         baud_cnt[13] (net)
                      0.318528    0.000439    1.492890 v _297_/B (gf180mcu_fd_sc_mcu7t5v0__aoi21_1)
     1    0.004594    0.262018    0.227265    1.720155 ^ _297_/ZN (gf180mcu_fd_sc_mcu7t5v0__aoi21_1)
                                                         _136_ (net)
                      0.262018    0.000047    1.720202 ^ _300_/A2 (gf180mcu_fd_sc_mcu7t5v0__nor3_1)
     1    0.003834    0.187297    0.167467    1.887669 v _300_/ZN (gf180mcu_fd_sc_mcu7t5v0__nor3_1)
                                                         _004_ (net)
                      0.187297    0.000039    1.887708 v _392_/D (gf180mcu_fd_sc_mcu7t5v0__dffrnq_1)
                                              1.887708   data arrival time

                                  0.000000    0.000000   clock clk_i (rise edge)
                                  0.000000    0.000000   clock source latency
     1    0.034554    0.173625    0.085924    0.085924 ^ clk_i (in)
                                                         clk_i (net)
                      0.173630    0.000000    0.085924 ^ clkbuf_0_clk_i/I (gf180mcu_fd_sc_mcu7t5v0__clkbuf_16)
     4    0.098873    0.157324    0.292079    0.378003 ^ clkbuf_0_clk_i/Z (gf180mcu_fd_sc_mcu7t5v0__clkbuf_16)
                                                         clknet_0_clk_i (net)
                      0.157325    0.001047    0.379049 ^ clkbuf_2_1__f_clk_i/I (gf180mcu_fd_sc_mcu7t5v0__clkbuf_16)
    10    0.059838    0.123586    0.262425    0.641474 ^ clkbuf_2_1__f_clk_i/Z (gf180mcu_fd_sc_mcu7t5v0__clkbuf_16)
                                                         clknet_2_1__leaf_clk_i (net)
                      0.123595    0.001915    0.643389 ^ _392_/CLK (gf180mcu_fd_sc_mcu7t5v0__dffrnq_1)
                                  0.250000    0.893389   clock uncertainty
                                  0.000000    0.893389   clock reconvergence pessimism
                                  0.122736    1.016125   library hold time
                                              1.016125   data required time
---------------------------------------------------------------------------------------------
                                              1.016125   data required time
                                             -1.887708   data arrival time
---------------------------------------------------------------------------------------------
                                              0.871583   slack (MET)


Startpoint: _393_ (rising edge-triggered flip-flop clocked by clk_i)
Endpoint: _393_ (rising edge-triggered flip-flop clocked by clk_i)
Path Group: clk_i
Path Type: min

Fanout         Cap        Slew       Delay        Time   Description
---------------------------------------------------------------------------------------------
                                  0.000000    0.000000   clock clk_i (rise edge)
                                  0.000000    0.000000   clock source latency
     1    0.034554    0.173625    0.085924    0.085924 ^ clk_i (in)
                                                         clk_i (net)
                      0.173630    0.000000    0.085924 ^ clkbuf_0_clk_i/I (gf180mcu_fd_sc_mcu7t5v0__clkbuf_16)
     4    0.098873    0.157324    0.292079    0.378003 ^ clkbuf_0_clk_i/Z (gf180mcu_fd_sc_mcu7t5v0__clkbuf_16)
                                                         clknet_0_clk_i (net)
                      0.157325    0.001047    0.379049 ^ clkbuf_2_1__f_clk_i/I (gf180mcu_fd_sc_mcu7t5v0__clkbuf_16)
    10    0.059838    0.123586    0.262425    0.641474 ^ clkbuf_2_1__f_clk_i/Z (gf180mcu_fd_sc_mcu7t5v0__clkbuf_16)
                                                         clknet_2_1__leaf_clk_i (net)
                      0.123596    0.001952    0.643426 ^ _393_/CLK (gf180mcu_fd_sc_mcu7t5v0__dffrnq_1)
     4    0.029232    0.323078    0.852074    1.495500 v _393_/Q (gf180mcu_fd_sc_mcu7t5v0__dffrnq_1)
                                                         baud_cnt[14] (net)
                      0.323079    0.000509    1.496009 v _301_/A1 (gf180mcu_fd_sc_mcu7t5v0__nor2_1)
     1    0.004527    0.266296    0.231518    1.727527 ^ _301_/ZN (gf180mcu_fd_sc_mcu7t5v0__nor2_1)
                                                         _139_ (net)
                      0.266296    0.000085    1.727612 ^ _303_/A2 (gf180mcu_fd_sc_mcu7t5v0__nor3_1)
     1    0.003448    0.183101    0.163826    1.891438 v _303_/ZN (gf180mcu_fd_sc_mcu7t5v0__nor3_1)
                                                         _005_ (net)
                      0.183101    0.000034    1.891472 v _393_/D (gf180mcu_fd_sc_mcu7t5v0__dffrnq_1)
                                              1.891472   data arrival time

                                  0.000000    0.000000   clock clk_i (rise edge)
                                  0.000000    0.000000   clock source latency
     1    0.034554    0.173625    0.085924    0.085924 ^ clk_i (in)
                                                         clk_i (net)
                      0.173630    0.000000    0.085924 ^ clkbuf_0_clk_i/I (gf180mcu_fd_sc_mcu7t5v0__clkbuf_16)
     4    0.098873    0.157324    0.292079    0.378003 ^ clkbuf_0_clk_i/Z (gf180mcu_fd_sc_mcu7t5v0__clkbuf_16)
                                                         clknet_0_clk_i (net)
                      0.157325    0.001047    0.379049 ^ clkbuf_2_1__f_clk_i/I (gf180mcu_fd_sc_mcu7t5v0__clkbuf_16)
    10    0.059838    0.123586    0.262425    0.641474 ^ clkbuf_2_1__f_clk_i/Z (gf180mcu_fd_sc_mcu7t5v0__clkbuf_16)
                                                         clknet_2_1__leaf_clk_i (net)
                      0.123596    0.001952    0.643426 ^ _393_/CLK (gf180mcu_fd_sc_mcu7t5v0__dffrnq_1)
                                  0.250000    0.893426   clock uncertainty
                                  0.000000    0.893426   clock reconvergence pessimism
                                  0.123576    1.017002   library hold time
                                              1.017002   data required time
---------------------------------------------------------------------------------------------
                                              1.017002   data required time
                                             -1.891472   data arrival time
---------------------------------------------------------------------------------------------
                                              0.874470   slack (MET)


Startpoint: _372_ (rising edge-triggered flip-flop clocked by clk_i)
Endpoint: _372_ (rising edge-triggered flip-flop clocked by clk_i)
Path Group: clk_i
Path Type: min

Fanout         Cap        Slew       Delay        Time   Description
---------------------------------------------------------------------------------------------
                                  0.000000    0.000000   clock clk_i (rise edge)
                                  0.000000    0.000000   clock source latency
     1    0.034554    0.173625    0.085924    0.085924 ^ clk_i (in)
                                                         clk_i (net)
                      0.173630    0.000000    0.085924 ^ clkbuf_0_clk_i/I (gf180mcu_fd_sc_mcu7t5v0__clkbuf_16)
     4    0.098873    0.157324    0.292079    0.378003 ^ clkbuf_0_clk_i/Z (gf180mcu_fd_sc_mcu7t5v0__clkbuf_16)
                                                         clknet_0_clk_i (net)
                      0.157324    0.000696    0.378698 ^ clkbuf_2_3__f_clk_i/I (gf180mcu_fd_sc_mcu7t5v0__clkbuf_16)
     9    0.050413    0.115523    0.256319    0.635017 ^ clkbuf_2_3__f_clk_i/Z (gf180mcu_fd_sc_mcu7t5v0__clkbuf_16)
                                                         clknet_2_3__leaf_clk_i (net)
                      0.115524    0.000545    0.635562 ^ _372_/CLK (gf180mcu_fd_sc_mcu7t5v0__dffsnq_1)
     3    0.018138    0.239095    0.860866    1.496428 v _372_/Q (gf180mcu_fd_sc_mcu7t5v0__dffsnq_1)
                                                         net33 (net)
                      0.239095    0.000342    1.496770 v _343_/A1 (gf180mcu_fd_sc_mcu7t5v0__nand2_1)
     1    0.005378    0.176312    0.165888    1.662658 ^ _343_/ZN (gf180mcu_fd_sc_mcu7t5v0__nand2_1)
                                                         _167_ (net)
                      0.176312    0.000053    1.662712 ^ _344_/B (gf180mcu_fd_sc_mcu7t5v0__oai21_1)
     1    0.004495    0.134197    0.127656    1.790368 v _344_/ZN (gf180mcu_fd_sc_mcu7t5v0__oai21_1)
                                                         _031_ (net)
                      0.134197    0.000052    1.790420 v _372_/D (gf180mcu_fd_sc_mcu7t5v0__dffsnq_1)
                                              1.790420   data arrival time

                                  0.000000    0.000000   clock clk_i (rise edge)
                                  0.000000    0.000000   clock source latency
     1    0.034554    0.173625    0.085924    0.085924 ^ clk_i (in)
                                                         clk_i (net)
                      0.173630    0.000000    0.085924 ^ clkbuf_0_clk_i/I (gf180mcu_fd_sc_mcu7t5v0__clkbuf_16)
     4    0.098873    0.157324    0.292079    0.378003 ^ clkbuf_0_clk_i/Z (gf180mcu_fd_sc_mcu7t5v0__clkbuf_16)
                                                         clknet_0_clk_i (net)
                      0.157324    0.000696    0.378698 ^ clkbuf_2_3__f_clk_i/I (gf180mcu_fd_sc_mcu7t5v0__clkbuf_16)
     9    0.050413    0.115523    0.256319    0.635017 ^ clkbuf_2_3__f_clk_i/Z (gf180mcu_fd_sc_mcu7t5v0__clkbuf_16)
                                                         clknet_2_3__leaf_clk_i (net)
                      0.115524    0.000545    0.635562 ^ _372_/CLK (gf180mcu_fd_sc_mcu7t5v0__dffsnq_1)
                                  0.250000    0.885562   clock uncertainty
                                  0.000000    0.885562   clock reconvergence pessimism
                                  0.029334    0.914896   library hold time
                                              0.914896   data required time
---------------------------------------------------------------------------------------------
                                              0.914896   data required time
                                             -1.790420   data arrival time
---------------------------------------------------------------------------------------------
                                              0.875524   slack (MET)


Startpoint: _394_ (rising edge-triggered flip-flop clocked by clk_i)
Endpoint: _394_ (rising edge-triggered flip-flop clocked by clk_i)
Path Group: clk_i
Path Type: min

Fanout         Cap        Slew       Delay        Time   Description
---------------------------------------------------------------------------------------------
                                  0.000000    0.000000   clock clk_i (rise edge)
                                  0.000000    0.000000   clock source latency
     1    0.034554    0.173625    0.085924    0.085924 ^ clk_i (in)
                                                         clk_i (net)
                      0.173630    0.000000    0.085924 ^ clkbuf_0_clk_i/I (gf180mcu_fd_sc_mcu7t5v0__clkbuf_16)
     4    0.098873    0.157324    0.292079    0.378003 ^ clkbuf_0_clk_i/Z (gf180mcu_fd_sc_mcu7t5v0__clkbuf_16)
                                                         clknet_0_clk_i (net)
                      0.157325    0.001047    0.379049 ^ clkbuf_2_1__f_clk_i/I (gf180mcu_fd_sc_mcu7t5v0__clkbuf_16)
    10    0.059838    0.123586    0.262425    0.641474 ^ clkbuf_2_1__f_clk_i/Z (gf180mcu_fd_sc_mcu7t5v0__clkbuf_16)
                                                         clknet_2_1__leaf_clk_i (net)
                      0.123596    0.001952    0.643426 ^ _394_/CLK (gf180mcu_fd_sc_mcu7t5v0__dffrnq_1)
     4    0.028290    0.314728    0.846452    1.489878 v _394_/Q (gf180mcu_fd_sc_mcu7t5v0__dffrnq_1)
                                                         baud_cnt[15] (net)
                      0.314728    0.000404    1.490282 v _304_/A1 (gf180mcu_fd_sc_mcu7t5v0__nor2_1)
     1    0.004511    0.259293    0.228762    1.719044 ^ _304_/ZN (gf180mcu_fd_sc_mcu7t5v0__nor2_1)
                                                         _141_ (net)
                      0.259293    0.000044    1.719088 ^ _305_/B (gf180mcu_fd_sc_mcu7t5v0__aoi211_1)
     1    0.003380    0.167657    0.185888    1.904976 v _305_/ZN (gf180mcu_fd_sc_mcu7t5v0__aoi211_1)
                                                         _006_ (net)
                      0.167657    0.000033    1.905009 v _394_/D (gf180mcu_fd_sc_mcu7t5v0__dffrnq_1)
                                              1.905009   data arrival time

                                  0.000000    0.000000   clock clk_i (rise edge)
                                  0.000000    0.000000   clock source latency
     1    0.034554    0.173625    0.085924    0.085924 ^ clk_i (in)
                                                         clk_i (net)
                      0.173630    0.000000    0.085924 ^ clkbuf_0_clk_i/I (gf180mcu_fd_sc_mcu7t5v0__clkbuf_16)
     4    0.098873    0.157324    0.292079    0.378003 ^ clkbuf_0_clk_i/Z (gf180mcu_fd_sc_mcu7t5v0__clkbuf_16)
                                                         clknet_0_clk_i (net)
                      0.157325    0.001047    0.379049 ^ clkbuf_2_1__f_clk_i/I (gf180mcu_fd_sc_mcu7t5v0__clkbuf_16)
    10    0.059838    0.123586    0.262425    0.641474 ^ clkbuf_2_1__f_clk_i/Z (gf180mcu_fd_sc_mcu7t5v0__clkbuf_16)
                                                         clknet_2_1__leaf_clk_i (net)
                      0.123596    0.001952    0.643426 ^ _394_/CLK (gf180mcu_fd_sc_mcu7t5v0__dffrnq_1)
                                  0.250000    0.893426   clock uncertainty
                                  0.000000    0.893426   clock reconvergence pessimism
                                  0.126666    1.020092   library hold time
                                              1.020092   data required time
---------------------------------------------------------------------------------------------
                                              1.020092   data required time
                                             -1.905009   data arrival time
---------------------------------------------------------------------------------------------
                                              0.884917   slack (MET)


Startpoint: _375_ (rising edge-triggered flip-flop clocked by clk_i)
Endpoint: _375_ (rising edge-triggered flip-flop clocked by clk_i)
Path Group: clk_i
Path Type: min

Fanout         Cap        Slew       Delay        Time   Description
---------------------------------------------------------------------------------------------
                                  0.000000    0.000000   clock clk_i (rise edge)
                                  0.000000    0.000000   clock source latency
     1    0.034554    0.173625    0.085924    0.085924 ^ clk_i (in)
                                                         clk_i (net)
                      0.173630    0.000000    0.085924 ^ clkbuf_0_clk_i/I (gf180mcu_fd_sc_mcu7t5v0__clkbuf_16)
     4    0.098873    0.157324    0.292079    0.378003 ^ clkbuf_0_clk_i/Z (gf180mcu_fd_sc_mcu7t5v0__clkbuf_16)
                                                         clknet_0_clk_i (net)
                      0.157325    0.001047    0.379049 ^ clkbuf_2_1__f_clk_i/I (gf180mcu_fd_sc_mcu7t5v0__clkbuf_16)
    10    0.059838    0.123586    0.262425    0.641474 ^ clkbuf_2_1__f_clk_i/Z (gf180mcu_fd_sc_mcu7t5v0__clkbuf_16)
                                                         clknet_2_1__leaf_clk_i (net)
                      0.123586    0.000241    0.641715 ^ _375_/CLK (gf180mcu_fd_sc_mcu7t5v0__dffrnq_1)
     5    0.037210    0.394089    0.900765    1.542479 v _375_/Q (gf180mcu_fd_sc_mcu7t5v0__dffrnq_1)
                                                         reg_bit_count (net)
                      0.394089    0.000258    1.542737 v _353_/S (gf180mcu_fd_sc_mcu7t5v0__mux2_2)
     1    0.004168    0.117593    0.375719    1.918457 v _353_/Z (gf180mcu_fd_sc_mcu7t5v0__mux2_2)
                                                         _034_ (net)
                      0.117593    0.000080    1.918537 v _375_/D (gf180mcu_fd_sc_mcu7t5v0__dffrnq_1)
                                              1.918537   data arrival time

                                  0.000000    0.000000   clock clk_i (rise edge)
                                  0.000000    0.000000   clock source latency
     1    0.034554    0.173625    0.085924    0.085924 ^ clk_i (in)
                                                         clk_i (net)
                      0.173630    0.000000    0.085924 ^ clkbuf_0_clk_i/I (gf180mcu_fd_sc_mcu7t5v0__clkbuf_16)
     4    0.098873    0.157324    0.292079    0.378003 ^ clkbuf_0_clk_i/Z (gf180mcu_fd_sc_mcu7t5v0__clkbuf_16)
                                                         clknet_0_clk_i (net)
                      0.157325    0.001047    0.379049 ^ clkbuf_2_1__f_clk_i/I (gf180mcu_fd_sc_mcu7t5v0__clkbuf_16)
    10    0.059838    0.123586    0.262425    0.641474 ^ clkbuf_2_1__f_clk_i/Z (gf180mcu_fd_sc_mcu7t5v0__clkbuf_16)
                                                         clknet_2_1__leaf_clk_i (net)
                      0.123586    0.000241    0.641715 ^ _375_/CLK (gf180mcu_fd_sc_mcu7t5v0__dffrnq_1)
                                  0.250000    0.891715   clock uncertainty
                                  0.000000    0.891715   clock reconvergence pessimism
                                  0.137191    1.028905   library hold time
                                              1.028905   data required time
---------------------------------------------------------------------------------------------
                                              1.028905   data required time
                                             -1.918537   data arrival time
---------------------------------------------------------------------------------------------
                                              0.889632   slack (MET)


Startpoint: _364_ (rising edge-triggered flip-flop clocked by clk_i)
Endpoint: _366_ (rising edge-triggered flip-flop clocked by clk_i)
Path Group: clk_i
Path Type: min

Fanout         Cap        Slew       Delay        Time   Description
---------------------------------------------------------------------------------------------
                                  0.000000    0.000000   clock clk_i (rise edge)
                                  0.000000    0.000000   clock source latency
     1    0.034554    0.173625    0.085924    0.085924 ^ clk_i (in)
                                                         clk_i (net)
                      0.173630    0.000000    0.085924 ^ clkbuf_0_clk_i/I (gf180mcu_fd_sc_mcu7t5v0__clkbuf_16)
     4    0.098873    0.157324    0.292079    0.378003 ^ clkbuf_0_clk_i/Z (gf180mcu_fd_sc_mcu7t5v0__clkbuf_16)
                                                         clknet_0_clk_i (net)
                      0.157324    0.000345    0.378347 ^ clkbuf_2_2__f_clk_i/I (gf180mcu_fd_sc_mcu7t5v0__clkbuf_16)
    10    0.057356    0.121510    0.261050    0.639397 ^ clkbuf_2_2__f_clk_i/Z (gf180mcu_fd_sc_mcu7t5v0__clkbuf_16)
                                                         clknet_2_2__leaf_clk_i (net)
                      0.121510    0.000601    0.639998 ^ _364_/CLK (gf180mcu_fd_sc_mcu7t5v0__dffrnq_1)
     5    0.030696    0.336121    0.860652    1.500650 v _364_/Q (gf180mcu_fd_sc_mcu7t5v0__dffrnq_1)
                                                         CS[0] (net)
                      0.336122    0.000563    1.501213 v _329_/A1 (gf180mcu_fd_sc_mcu7t5v0__oai211_1)
     1    0.005640    0.353533    0.296534    1.797748 ^ _329_/ZN (gf180mcu_fd_sc_mcu7t5v0__oai211_1)
                                                         _159_ (net)
                      0.353533    0.000061    1.797809 ^ _331_/A2 (gf180mcu_fd_sc_mcu7t5v0__aoi21_1)
     1    0.003700    0.152524    0.114314    1.912123 v _331_/ZN (gf180mcu_fd_sc_mcu7t5v0__aoi21_1)
                                                         _025_ (net)
                      0.152524    0.000070    1.912193 v _366_/D (gf180mcu_fd_sc_mcu7t5v0__dffrnq_1)
                                              1.912193   data arrival time

                                  0.000000    0.000000   clock clk_i (rise edge)
                                  0.000000    0.000000   clock source latency
     1    0.034554    0.173625    0.085924    0.085924 ^ clk_i (in)
                                                         clk_i (net)
                      0.173630    0.000000    0.085924 ^ clkbuf_0_clk_i/I (gf180mcu_fd_sc_mcu7t5v0__clkbuf_16)
     4    0.098873    0.157324    0.292079    0.378003 ^ clkbuf_0_clk_i/Z (gf180mcu_fd_sc_mcu7t5v0__clkbuf_16)
                                                         clknet_0_clk_i (net)
                      0.157324    0.000345    0.378347 ^ clkbuf_2_2__f_clk_i/I (gf180mcu_fd_sc_mcu7t5v0__clkbuf_16)
    10    0.057356    0.121510    0.261050    0.639397 ^ clkbuf_2_2__f_clk_i/Z (gf180mcu_fd_sc_mcu7t5v0__clkbuf_16)
                                                         clknet_2_2__leaf_clk_i (net)
                      0.121511    0.000812    0.640209 ^ _366_/CLK (gf180mcu_fd_sc_mcu7t5v0__dffrnq_1)
                                  0.250000    0.890209   clock uncertainty
                                  0.000000    0.890209   clock reconvergence pessimism
                                  0.129323    1.019532   library hold time
                                              1.019532   data required time
---------------------------------------------------------------------------------------------
                                              1.019532   data required time
                                             -1.912193   data arrival time
---------------------------------------------------------------------------------------------
                                              0.892661   slack (MET)


Startpoint: _370_ (rising edge-triggered flip-flop clocked by clk_i)
Endpoint: _369_ (rising edge-triggered flip-flop clocked by clk_i)
Path Group: clk_i
Path Type: min

Fanout         Cap        Slew       Delay        Time   Description
---------------------------------------------------------------------------------------------
                                  0.000000    0.000000   clock clk_i (rise edge)
                                  0.000000    0.000000   clock source latency
     1    0.034554    0.173625    0.085924    0.085924 ^ clk_i (in)
                                                         clk_i (net)
                      0.173630    0.000000    0.085924 ^ clkbuf_0_clk_i/I (gf180mcu_fd_sc_mcu7t5v0__clkbuf_16)
     4    0.098873    0.157324    0.292079    0.378003 ^ clkbuf_0_clk_i/Z (gf180mcu_fd_sc_mcu7t5v0__clkbuf_16)
                                                         clknet_0_clk_i (net)
                      0.157324    0.000696    0.378698 ^ clkbuf_2_3__f_clk_i/I (gf180mcu_fd_sc_mcu7t5v0__clkbuf_16)
     9    0.050413    0.115523    0.256319    0.635017 ^ clkbuf_2_3__f_clk_i/Z (gf180mcu_fd_sc_mcu7t5v0__clkbuf_16)
                                                         clknet_2_3__leaf_clk_i (net)
                      0.115528    0.001268    0.636285 ^ _370_/CLK (gf180mcu_fd_sc_mcu7t5v0__dffsnq_1)
     3    0.016002    0.318648    0.857016    1.493302 ^ _370_/Q (gf180mcu_fd_sc_mcu7t5v0__dffsnq_1)
                                                         net31 (net)
                      0.318648    0.000158    1.493459 ^ _335_/I0 (gf180mcu_fd_sc_mcu7t5v0__mux2_2)
     1    0.003968    0.096279    0.278738    1.772197 ^ _335_/Z (gf180mcu_fd_sc_mcu7t5v0__mux2_2)
                                                         _028_ (net)
                      0.096279    0.000044    1.772241 ^ _369_/D (gf180mcu_fd_sc_mcu7t5v0__dffsnq_1)
                                              1.772241   data arrival time

                                  0.000000    0.000000   clock clk_i (rise edge)
                                  0.000000    0.000000   clock source latency
     1    0.034554    0.173625    0.085924    0.085924 ^ clk_i (in)
                                                         clk_i (net)
                      0.173630    0.000000    0.085924 ^ clkbuf_0_clk_i/I (gf180mcu_fd_sc_mcu7t5v0__clkbuf_16)
     4    0.098873    0.157324    0.292079    0.378003 ^ clkbuf_0_clk_i/Z (gf180mcu_fd_sc_mcu7t5v0__clkbuf_16)
                                                         clknet_0_clk_i (net)
                      0.157324    0.000696    0.378698 ^ clkbuf_2_3__f_clk_i/I (gf180mcu_fd_sc_mcu7t5v0__clkbuf_16)
     9    0.050413    0.115523    0.256319    0.635017 ^ clkbuf_2_3__f_clk_i/Z (gf180mcu_fd_sc_mcu7t5v0__clkbuf_16)
                                                         clknet_2_3__leaf_clk_i (net)
                      0.115527    0.001083    0.636100 ^ _369_/CLK (gf180mcu_fd_sc_mcu7t5v0__dffsnq_1)
                                  0.250000    0.886100   clock uncertainty
                                  0.000000    0.886100   clock reconvergence pessimism
                                 -0.022004    0.864095   library hold time
                                              0.864095   data required time
---------------------------------------------------------------------------------------------
                                              0.864095   data required time
                                             -1.772241   data arrival time
---------------------------------------------------------------------------------------------
                                              0.908145   slack (MET)


Startpoint: _382_ (rising edge-triggered flip-flop clocked by clk_i)
Endpoint: _382_ (rising edge-triggered flip-flop clocked by clk_i)
Path Group: clk_i
Path Type: min

Fanout         Cap        Slew       Delay        Time   Description
---------------------------------------------------------------------------------------------
                                  0.000000    0.000000   clock clk_i (rise edge)
                                  0.000000    0.000000   clock source latency
     1    0.034554    0.173625    0.085924    0.085924 ^ clk_i (in)
                                                         clk_i (net)
                      0.173630    0.000000    0.085924 ^ clkbuf_0_clk_i/I (gf180mcu_fd_sc_mcu7t5v0__clkbuf_16)
     4    0.098873    0.157324    0.292079    0.378003 ^ clkbuf_0_clk_i/Z (gf180mcu_fd_sc_mcu7t5v0__clkbuf_16)
                                                         clknet_0_clk_i (net)
                      0.157325    0.001046    0.379048 ^ clkbuf_2_0__f_clk_i/I (gf180mcu_fd_sc_mcu7t5v0__clkbuf_16)
    10    0.055009    0.119410    0.259034    0.638082 ^ clkbuf_2_0__f_clk_i/Z (gf180mcu_fd_sc_mcu7t5v0__clkbuf_16)
                                                         clknet_2_0__leaf_clk_i (net)
                      0.119426    0.002332    0.640414 ^ _382_/CLK (gf180mcu_fd_sc_mcu7t5v0__dffrnq_1)
     4    0.030668    0.335869    0.860088    1.500502 v _382_/Q (gf180mcu_fd_sc_mcu7t5v0__dffrnq_1)
                                                         baud_cnt[3] (net)
                      0.335870    0.000415    1.500917 v _267_/A1 (gf180mcu_fd_sc_mcu7t5v0__nor2_1)
     1    0.004450    0.255850    0.233832    1.734749 ^ _267_/ZN (gf180mcu_fd_sc_mcu7t5v0__nor2_1)
                                                         _116_ (net)
                      0.255850    0.000044    1.734793 ^ _268_/A3 (gf180mcu_fd_sc_mcu7t5v0__nor3_1)
     1    0.004081    0.216646    0.181569    1.916362 v _268_/ZN (gf180mcu_fd_sc_mcu7t5v0__nor3_1)
                                                         _009_ (net)
                      0.216646    0.000045    1.916406 v _382_/D (gf180mcu_fd_sc_mcu7t5v0__dffrnq_1)
                                              1.916406   data arrival time

                                  0.000000    0.000000   clock clk_i (rise edge)
                                  0.000000    0.000000   clock source latency
     1    0.034554    0.173625    0.085924    0.085924 ^ clk_i (in)
                                                         clk_i (net)
                      0.173630    0.000000    0.085924 ^ clkbuf_0_clk_i/I (gf180mcu_fd_sc_mcu7t5v0__clkbuf_16)
     4    0.098873    0.157324    0.292079    0.378003 ^ clkbuf_0_clk_i/Z (gf180mcu_fd_sc_mcu7t5v0__clkbuf_16)
                                                         clknet_0_clk_i (net)
                      0.157325    0.001046    0.379048 ^ clkbuf_2_0__f_clk_i/I (gf180mcu_fd_sc_mcu7t5v0__clkbuf_16)
    10    0.055009    0.119410    0.259034    0.638082 ^ clkbuf_2_0__f_clk_i/Z (gf180mcu_fd_sc_mcu7t5v0__clkbuf_16)
                                                         clknet_2_0__leaf_clk_i (net)
                      0.119426    0.002332    0.640414 ^ _382_/CLK (gf180mcu_fd_sc_mcu7t5v0__dffrnq_1)
                                  0.250000    0.890414   clock uncertainty
                                  0.000000    0.890414   clock reconvergence pessimism
                                  0.116059    1.006473   library hold time
                                              1.006473   data required time
---------------------------------------------------------------------------------------------
                                              1.006473   data required time
                                             -1.916406   data arrival time
---------------------------------------------------------------------------------------------
                                              0.909934   slack (MET)


Startpoint: _370_ (rising edge-triggered flip-flop clocked by clk_i)
Endpoint: _370_ (rising edge-triggered flip-flop clocked by clk_i)
Path Group: clk_i
Path Type: min

Fanout         Cap        Slew       Delay        Time   Description
---------------------------------------------------------------------------------------------
                                  0.000000    0.000000   clock clk_i (rise edge)
                                  0.000000    0.000000   clock source latency
     1    0.034554    0.173625    0.085924    0.085924 ^ clk_i (in)
                                                         clk_i (net)
                      0.173630    0.000000    0.085924 ^ clkbuf_0_clk_i/I (gf180mcu_fd_sc_mcu7t5v0__clkbuf_16)
     4    0.098873    0.157324    0.292079    0.378003 ^ clkbuf_0_clk_i/Z (gf180mcu_fd_sc_mcu7t5v0__clkbuf_16)
                                                         clknet_0_clk_i (net)
                      0.157324    0.000696    0.378698 ^ clkbuf_2_3__f_clk_i/I (gf180mcu_fd_sc_mcu7t5v0__clkbuf_16)
     9    0.050413    0.115523    0.256319    0.635017 ^ clkbuf_2_3__f_clk_i/Z (gf180mcu_fd_sc_mcu7t5v0__clkbuf_16)
                                                         clknet_2_3__leaf_clk_i (net)
                      0.115528    0.001268    0.636285 ^ _370_/CLK (gf180mcu_fd_sc_mcu7t5v0__dffsnq_1)
     3    0.016002    0.318648    0.857016    1.493302 ^ _370_/Q (gf180mcu_fd_sc_mcu7t5v0__dffsnq_1)
                                                         net31 (net)
                      0.318648    0.000198    1.493500 ^ _336_/I1 (gf180mcu_fd_sc_mcu7t5v0__mux2_2)
     1    0.004093    0.097255    0.281553    1.775053 ^ _336_/Z (gf180mcu_fd_sc_mcu7t5v0__mux2_2)
                                                         _029_ (net)
                      0.097255    0.000078    1.775131 ^ _370_/D (gf180mcu_fd_sc_mcu7t5v0__dffsnq_1)
                                              1.775131   data arrival time

                                  0.000000    0.000000   clock clk_i (rise edge)
                                  0.000000    0.000000   clock source latency
     1    0.034554    0.173625    0.085924    0.085924 ^ clk_i (in)
                                                         clk_i (net)
                      0.173630    0.000000    0.085924 ^ clkbuf_0_clk_i/I (gf180mcu_fd_sc_mcu7t5v0__clkbuf_16)
     4    0.098873    0.157324    0.292079    0.378003 ^ clkbuf_0_clk_i/Z (gf180mcu_fd_sc_mcu7t5v0__clkbuf_16)
                                                         clknet_0_clk_i (net)
                      0.157324    0.000696    0.378698 ^ clkbuf_2_3__f_clk_i/I (gf180mcu_fd_sc_mcu7t5v0__clkbuf_16)
     9    0.050413    0.115523    0.256319    0.635017 ^ clkbuf_2_3__f_clk_i/Z (gf180mcu_fd_sc_mcu7t5v0__clkbuf_16)
                                                         clknet_2_3__leaf_clk_i (net)
                      0.115528    0.001268    0.636285 ^ _370_/CLK (gf180mcu_fd_sc_mcu7t5v0__dffsnq_1)
                                  0.250000    0.886285   clock uncertainty
                                  0.000000    0.886285   clock reconvergence pessimism
                                 -0.022201    0.864085   library hold time
                                              0.864085   data required time
---------------------------------------------------------------------------------------------
                                              0.864085   data required time
                                             -1.775131   data arrival time
---------------------------------------------------------------------------------------------
                                              0.911047   slack (MET)


Startpoint: _369_ (rising edge-triggered flip-flop clocked by clk_i)
Endpoint: _368_ (rising edge-triggered flip-flop clocked by clk_i)
Path Group: clk_i
Path Type: min

Fanout         Cap        Slew       Delay        Time   Description
---------------------------------------------------------------------------------------------
                                  0.000000    0.000000   clock clk_i (rise edge)
                                  0.000000    0.000000   clock source latency
     1    0.034554    0.173625    0.085924    0.085924 ^ clk_i (in)
                                                         clk_i (net)
                      0.173630    0.000000    0.085924 ^ clkbuf_0_clk_i/I (gf180mcu_fd_sc_mcu7t5v0__clkbuf_16)
     4    0.098873    0.157324    0.292079    0.378003 ^ clkbuf_0_clk_i/Z (gf180mcu_fd_sc_mcu7t5v0__clkbuf_16)
                                                         clknet_0_clk_i (net)
                      0.157324    0.000696    0.378698 ^ clkbuf_2_3__f_clk_i/I (gf180mcu_fd_sc_mcu7t5v0__clkbuf_16)
     9    0.050413    0.115523    0.256319    0.635017 ^ clkbuf_2_3__f_clk_i/Z (gf180mcu_fd_sc_mcu7t5v0__clkbuf_16)
                                                         clknet_2_3__leaf_clk_i (net)
                      0.115527    0.001083    0.636100 ^ _369_/CLK (gf180mcu_fd_sc_mcu7t5v0__dffsnq_1)
     3    0.017540    0.342016    0.871268    1.507368 ^ _369_/Q (gf180mcu_fd_sc_mcu7t5v0__dffsnq_1)
                                                         net30 (net)
                      0.342016    0.000248    1.507616 ^ _334_/I0 (gf180mcu_fd_sc_mcu7t5v0__mux2_2)
     1    0.003243    0.090706    0.275911    1.783527 ^ _334_/Z (gf180mcu_fd_sc_mcu7t5v0__mux2_2)
                                                         _027_ (net)
                      0.090706    0.000032    1.783559 ^ _368_/D (gf180mcu_fd_sc_mcu7t5v0__dffsnq_1)
                                              1.783559   data arrival time

                                  0.000000    0.000000   clock clk_i (rise edge)
                                  0.000000    0.000000   clock source latency
     1    0.034554    0.173625    0.085924    0.085924 ^ clk_i (in)
                                                         clk_i (net)
                      0.173630    0.000000    0.085924 ^ clkbuf_0_clk_i/I (gf180mcu_fd_sc_mcu7t5v0__clkbuf_16)
     4    0.098873    0.157324    0.292079    0.378003 ^ clkbuf_0_clk_i/Z (gf180mcu_fd_sc_mcu7t5v0__clkbuf_16)
                                                         clknet_0_clk_i (net)
                      0.157324    0.000696    0.378698 ^ clkbuf_2_3__f_clk_i/I (gf180mcu_fd_sc_mcu7t5v0__clkbuf_16)
     9    0.050413    0.115523    0.256319    0.635017 ^ clkbuf_2_3__f_clk_i/Z (gf180mcu_fd_sc_mcu7t5v0__clkbuf_16)
                                                         clknet_2_3__leaf_clk_i (net)
                      0.115525    0.000745    0.635763 ^ _368_/CLK (gf180mcu_fd_sc_mcu7t5v0__dffsnq_1)
                                  0.250000    0.885763   clock uncertainty
                                  0.000000    0.885763   clock reconvergence pessimism
                                 -0.020883    0.864880   library hold time
                                              0.864880   data required time
---------------------------------------------------------------------------------------------
                                              0.864880   data required time
                                             -1.783559   data arrival time
---------------------------------------------------------------------------------------------
                                              0.918679   slack (MET)


Startpoint: _371_ (rising edge-triggered flip-flop clocked by clk_i)
Endpoint: _371_ (rising edge-triggered flip-flop clocked by clk_i)
Path Group: clk_i
Path Type: min

Fanout         Cap        Slew       Delay        Time   Description
---------------------------------------------------------------------------------------------
                                  0.000000    0.000000   clock clk_i (rise edge)
                                  0.000000    0.000000   clock source latency
     1    0.034554    0.173625    0.085924    0.085924 ^ clk_i (in)
                                                         clk_i (net)
                      0.173630    0.000000    0.085924 ^ clkbuf_0_clk_i/I (gf180mcu_fd_sc_mcu7t5v0__clkbuf_16)
     4    0.098873    0.157324    0.292079    0.378003 ^ clkbuf_0_clk_i/Z (gf180mcu_fd_sc_mcu7t5v0__clkbuf_16)
                                                         clknet_0_clk_i (net)
                      0.157324    0.000696    0.378698 ^ clkbuf_2_3__f_clk_i/I (gf180mcu_fd_sc_mcu7t5v0__clkbuf_16)
     9    0.050413    0.115523    0.256319    0.635017 ^ clkbuf_2_3__f_clk_i/Z (gf180mcu_fd_sc_mcu7t5v0__clkbuf_16)
                                                         clknet_2_3__leaf_clk_i (net)
                      0.115529    0.001409    0.636426 ^ _371_/CLK (gf180mcu_fd_sc_mcu7t5v0__dffsnq_1)
     3    0.017312    0.338514    0.869093    1.505519 ^ _371_/Q (gf180mcu_fd_sc_mcu7t5v0__dffsnq_1)
                                                         net32 (net)
                      0.338514    0.000298    1.505817 ^ _339_/I1 (gf180mcu_fd_sc_mcu7t5v0__mux2_2)
     1    0.003572    0.093296    0.279865    1.785682 ^ _339_/Z (gf180mcu_fd_sc_mcu7t5v0__mux2_2)
                                                         _030_ (net)
                      0.093296    0.000067    1.785749 ^ _371_/D (gf180mcu_fd_sc_mcu7t5v0__dffsnq_1)
                                              1.785749   data arrival time

                                  0.000000    0.000000   clock clk_i (rise edge)
                                  0.000000    0.000000   clock source latency
     1    0.034554    0.173625    0.085924    0.085924 ^ clk_i (in)
                                                         clk_i (net)
                      0.173630    0.000000    0.085924 ^ clkbuf_0_clk_i/I (gf180mcu_fd_sc_mcu7t5v0__clkbuf_16)
     4    0.098873    0.157324    0.292079    0.378003 ^ clkbuf_0_clk_i/Z (gf180mcu_fd_sc_mcu7t5v0__clkbuf_16)
                                                         clknet_0_clk_i (net)
                      0.157324    0.000696    0.378698 ^ clkbuf_2_3__f_clk_i/I (gf180mcu_fd_sc_mcu7t5v0__clkbuf_16)
     9    0.050413    0.115523    0.256319    0.635017 ^ clkbuf_2_3__f_clk_i/Z (gf180mcu_fd_sc_mcu7t5v0__clkbuf_16)
                                                         clknet_2_3__leaf_clk_i (net)
                      0.115529    0.001409    0.636426 ^ _371_/CLK (gf180mcu_fd_sc_mcu7t5v0__dffsnq_1)
                                  0.250000    0.886426   clock uncertainty
                                  0.000000    0.886426   clock reconvergence pessimism
                                 -0.021403    0.865023   library hold time
                                              0.865023   data required time
---------------------------------------------------------------------------------------------
                                              0.865023   data required time
                                             -1.785749   data arrival time
---------------------------------------------------------------------------------------------
                                              0.920726   slack (MET)


Startpoint: _390_ (rising edge-triggered flip-flop clocked by clk_i)
Endpoint: _390_ (rising edge-triggered flip-flop clocked by clk_i)
Path Group: clk_i
Path Type: min

Fanout         Cap        Slew       Delay        Time   Description
---------------------------------------------------------------------------------------------
                                  0.000000    0.000000   clock clk_i (rise edge)
                                  0.000000    0.000000   clock source latency
     1    0.034554    0.173625    0.085924    0.085924 ^ clk_i (in)
                                                         clk_i (net)
                      0.173630    0.000000    0.085924 ^ clkbuf_0_clk_i/I (gf180mcu_fd_sc_mcu7t5v0__clkbuf_16)
     4    0.098873    0.157324    0.292079    0.378003 ^ clkbuf_0_clk_i/Z (gf180mcu_fd_sc_mcu7t5v0__clkbuf_16)
                                                         clknet_0_clk_i (net)
                      0.157325    0.001047    0.379049 ^ clkbuf_2_1__f_clk_i/I (gf180mcu_fd_sc_mcu7t5v0__clkbuf_16)
    10    0.059838    0.123586    0.262425    0.641474 ^ clkbuf_2_1__f_clk_i/Z (gf180mcu_fd_sc_mcu7t5v0__clkbuf_16)
                                                         clknet_2_1__leaf_clk_i (net)
                      0.123597    0.002062    0.643536 ^ _390_/CLK (gf180mcu_fd_sc_mcu7t5v0__dffrnq_1)
     5    0.038956    0.410090    0.910284    1.553820 v _390_/Q (gf180mcu_fd_sc_mcu7t5v0__dffrnq_1)
                                                         baud_cnt[11] (net)
                      0.410093    0.000756    1.554575 v _291_/A1 (gf180mcu_fd_sc_mcu7t5v0__nor2_1)
     1    0.004813    0.267001    0.260693    1.815268 ^ _291_/ZN (gf180mcu_fd_sc_mcu7t5v0__nor2_1)
                                                         _132_ (net)
                      0.267001    0.000090    1.815359 ^ _294_/A2 (gf180mcu_fd_sc_mcu7t5v0__nor3_1)
     1    0.003910    0.189451    0.169157    1.984516 v _294_/ZN (gf180mcu_fd_sc_mcu7t5v0__nor3_1)
                                                         _002_ (net)
                      0.189451    0.000042    1.984558 v _390_/D (gf180mcu_fd_sc_mcu7t5v0__dffrnq_1)
                                              1.984558   data arrival time

                                  0.000000    0.000000   clock clk_i (rise edge)
                                  0.000000    0.000000   clock source latency
     1    0.034554    0.173625    0.085924    0.085924 ^ clk_i (in)
                                                         clk_i (net)
                      0.173630    0.000000    0.085924 ^ clkbuf_0_clk_i/I (gf180mcu_fd_sc_mcu7t5v0__clkbuf_16)
     4    0.098873    0.157324    0.292079    0.378003 ^ clkbuf_0_clk_i/Z (gf180mcu_fd_sc_mcu7t5v0__clkbuf_16)
                                                         clknet_0_clk_i (net)
                      0.157325    0.001047    0.379049 ^ clkbuf_2_1__f_clk_i/I (gf180mcu_fd_sc_mcu7t5v0__clkbuf_16)
    10    0.059838    0.123586    0.262425    0.641474 ^ clkbuf_2_1__f_clk_i/Z (gf180mcu_fd_sc_mcu7t5v0__clkbuf_16)
                                                         clknet_2_1__leaf_clk_i (net)
                      0.123597    0.002062    0.643536 ^ _390_/CLK (gf180mcu_fd_sc_mcu7t5v0__dffrnq_1)
                                  0.250000    0.893536   clock uncertainty
                                  0.000000    0.893536   clock reconvergence pessimism
                                  0.122305    1.015841   library hold time
                                              1.015841   data required time
---------------------------------------------------------------------------------------------
                                              1.015841   data required time
                                             -1.984558   data arrival time
---------------------------------------------------------------------------------------------
                                              0.968717   slack (MET)


Startpoint: _388_ (rising edge-triggered flip-flop clocked by clk_i)
Endpoint: _388_ (rising edge-triggered flip-flop clocked by clk_i)
Path Group: clk_i
Path Type: min

Fanout         Cap        Slew       Delay        Time   Description
---------------------------------------------------------------------------------------------
                                  0.000000    0.000000   clock clk_i (rise edge)
                                  0.000000    0.000000   clock source latency
     1    0.034554    0.173625    0.085924    0.085924 ^ clk_i (in)
                                                         clk_i (net)
                      0.173630    0.000000    0.085924 ^ clkbuf_0_clk_i/I (gf180mcu_fd_sc_mcu7t5v0__clkbuf_16)
     4    0.098873    0.157324    0.292079    0.378003 ^ clkbuf_0_clk_i/Z (gf180mcu_fd_sc_mcu7t5v0__clkbuf_16)
                                                         clknet_0_clk_i (net)
                      0.157325    0.001047    0.379049 ^ clkbuf_2_1__f_clk_i/I (gf180mcu_fd_sc_mcu7t5v0__clkbuf_16)
    10    0.059838    0.123586    0.262425    0.641474 ^ clkbuf_2_1__f_clk_i/Z (gf180mcu_fd_sc_mcu7t5v0__clkbuf_16)
                                                         clknet_2_1__leaf_clk_i (net)
                      0.123586    0.000510    0.641984 ^ _388_/CLK (gf180mcu_fd_sc_mcu7t5v0__dffrnq_1)
     6    0.041949    0.438216    0.928618    1.570602 v _388_/Q (gf180mcu_fd_sc_mcu7t5v0__dffrnq_1)
                                                         baud_cnt[9] (net)
                      0.438219    0.000689    1.571291 v _284_/A1 (gf180mcu_fd_sc_mcu7t5v0__nor2_1)
     1    0.004266    0.244156    0.258365    1.829656 ^ _284_/ZN (gf180mcu_fd_sc_mcu7t5v0__nor2_1)
                                                         _127_ (net)
                      0.244156    0.000079    1.829735 ^ _286_/A2 (gf180mcu_fd_sc_mcu7t5v0__nor3_1)
     1    0.003807    0.182791    0.164114    1.993849 v _286_/ZN (gf180mcu_fd_sc_mcu7t5v0__nor3_1)
                                                         _015_ (net)
                      0.182791    0.000039    1.993888 v _388_/D (gf180mcu_fd_sc_mcu7t5v0__dffrnq_1)
                                              1.993888   data arrival time

                                  0.000000    0.000000   clock clk_i (rise edge)
                                  0.000000    0.000000   clock source latency
     1    0.034554    0.173625    0.085924    0.085924 ^ clk_i (in)
                                                         clk_i (net)
                      0.173630    0.000000    0.085924 ^ clkbuf_0_clk_i/I (gf180mcu_fd_sc_mcu7t5v0__clkbuf_16)
     4    0.098873    0.157324    0.292079    0.378003 ^ clkbuf_0_clk_i/Z (gf180mcu_fd_sc_mcu7t5v0__clkbuf_16)
                                                         clknet_0_clk_i (net)
                      0.157325    0.001047    0.379049 ^ clkbuf_2_1__f_clk_i/I (gf180mcu_fd_sc_mcu7t5v0__clkbuf_16)
    10    0.059838    0.123586    0.262425    0.641474 ^ clkbuf_2_1__f_clk_i/Z (gf180mcu_fd_sc_mcu7t5v0__clkbuf_16)
                                                         clknet_2_1__leaf_clk_i (net)
                      0.123586    0.000510    0.641984 ^ _388_/CLK (gf180mcu_fd_sc_mcu7t5v0__dffrnq_1)
                                  0.250000    0.891984   clock uncertainty
                                  0.000000    0.891984   clock reconvergence pessimism
                                  0.123636    1.015620   library hold time
                                              1.015620   data required time
---------------------------------------------------------------------------------------------
                                              1.015620   data required time
                                             -1.993888   data arrival time
---------------------------------------------------------------------------------------------
                                              0.978269   slack (MET)


Startpoint: _381_ (rising edge-triggered flip-flop clocked by clk_i)
Endpoint: _381_ (rising edge-triggered flip-flop clocked by clk_i)
Path Group: clk_i
Path Type: min

Fanout         Cap        Slew       Delay        Time   Description
---------------------------------------------------------------------------------------------
                                  0.000000    0.000000   clock clk_i (rise edge)
                                  0.000000    0.000000   clock source latency
     1    0.034554    0.173625    0.085924    0.085924 ^ clk_i (in)
                                                         clk_i (net)
                      0.173630    0.000000    0.085924 ^ clkbuf_0_clk_i/I (gf180mcu_fd_sc_mcu7t5v0__clkbuf_16)
     4    0.098873    0.157324    0.292079    0.378003 ^ clkbuf_0_clk_i/Z (gf180mcu_fd_sc_mcu7t5v0__clkbuf_16)
                                                         clknet_0_clk_i (net)
                      0.157325    0.001046    0.379048 ^ clkbuf_2_0__f_clk_i/I (gf180mcu_fd_sc_mcu7t5v0__clkbuf_16)
    10    0.055009    0.119410    0.259034    0.638082 ^ clkbuf_2_0__f_clk_i/Z (gf180mcu_fd_sc_mcu7t5v0__clkbuf_16)
                                                         clknet_2_0__leaf_clk_i (net)
                      0.119428    0.002510    0.640592 ^ _381_/CLK (gf180mcu_fd_sc_mcu7t5v0__dffrnq_1)
     5    0.039651    0.416615    0.913836    1.554428 v _381_/Q (gf180mcu_fd_sc_mcu7t5v0__dffrnq_1)
                                                         baud_cnt[2] (net)
                      0.416620    0.001004    1.555432 v _264_/B (gf180mcu_fd_sc_mcu7t5v0__aoi21_1)
     1    0.005119    0.291358    0.252701    1.808133 ^ _264_/ZN (gf180mcu_fd_sc_mcu7t5v0__aoi21_1)
                                                         _114_ (net)
                      0.291358    0.000096    1.808229 ^ _265_/A3 (gf180mcu_fd_sc_mcu7t5v0__nor3_1)
     1    0.004470    0.196106    0.192992    2.001220 v _265_/ZN (gf180mcu_fd_sc_mcu7t5v0__nor3_1)
                                                         _008_ (net)
                      0.196106    0.000050    2.001271 v _381_/D (gf180mcu_fd_sc_mcu7t5v0__dffrnq_1)
                                              2.001271   data arrival time

                                  0.000000    0.000000   clock clk_i (rise edge)
                                  0.000000    0.000000   clock source latency
     1    0.034554    0.173625    0.085924    0.085924 ^ clk_i (in)
                                                         clk_i (net)
                      0.173630    0.000000    0.085924 ^ clkbuf_0_clk_i/I (gf180mcu_fd_sc_mcu7t5v0__clkbuf_16)
     4    0.098873    0.157324    0.292079    0.378003 ^ clkbuf_0_clk_i/Z (gf180mcu_fd_sc_mcu7t5v0__clkbuf_16)
                                                         clknet_0_clk_i (net)
                      0.157325    0.001046    0.379048 ^ clkbuf_2_0__f_clk_i/I (gf180mcu_fd_sc_mcu7t5v0__clkbuf_16)
    10    0.055009    0.119410    0.259034    0.638082 ^ clkbuf_2_0__f_clk_i/Z (gf180mcu_fd_sc_mcu7t5v0__clkbuf_16)
                                                         clknet_2_0__leaf_clk_i (net)
                      0.119428    0.002510    0.640592 ^ _381_/CLK (gf180mcu_fd_sc_mcu7t5v0__dffrnq_1)
                                  0.250000    0.890592   clock uncertainty
                                  0.000000    0.890592   clock reconvergence pessimism
                                  0.120189    1.010782   library hold time
                                              1.010782   data required time
---------------------------------------------------------------------------------------------
                                              1.010782   data required time
                                             -2.001271   data arrival time
---------------------------------------------------------------------------------------------
                                              0.990489   slack (MET)


Startpoint: _389_ (rising edge-triggered flip-flop clocked by clk_i)
Endpoint: _389_ (rising edge-triggered flip-flop clocked by clk_i)
Path Group: clk_i
Path Type: min

Fanout         Cap        Slew       Delay        Time   Description
---------------------------------------------------------------------------------------------
                                  0.000000    0.000000   clock clk_i (rise edge)
                                  0.000000    0.000000   clock source latency
     1    0.034554    0.173625    0.085924    0.085924 ^ clk_i (in)
                                                         clk_i (net)
                      0.173630    0.000000    0.085924 ^ clkbuf_0_clk_i/I (gf180mcu_fd_sc_mcu7t5v0__clkbuf_16)
     4    0.098873    0.157324    0.292079    0.378003 ^ clkbuf_0_clk_i/Z (gf180mcu_fd_sc_mcu7t5v0__clkbuf_16)
                                                         clknet_0_clk_i (net)
                      0.157324    0.000696    0.378698 ^ clkbuf_2_3__f_clk_i/I (gf180mcu_fd_sc_mcu7t5v0__clkbuf_16)
     9    0.050413    0.115523    0.256319    0.635017 ^ clkbuf_2_3__f_clk_i/Z (gf180mcu_fd_sc_mcu7t5v0__clkbuf_16)
                                                         clknet_2_3__leaf_clk_i (net)
                      0.115529    0.001449    0.636466 ^ _389_/CLK (gf180mcu_fd_sc_mcu7t5v0__dffrnq_1)
     5    0.041229    0.431448    0.922650    1.559116 v _389_/Q (gf180mcu_fd_sc_mcu7t5v0__dffrnq_1)
                                                         baud_cnt[10] (net)
                      0.431448    0.000318    1.559434 v _287_/A1 (gf180mcu_fd_sc_mcu7t5v0__nor2_1)
     1    0.004389    0.261731    0.258806    1.818240 ^ _287_/ZN (gf180mcu_fd_sc_mcu7t5v0__nor2_1)
                                                         _129_ (net)
                      0.261731    0.000044    1.818283 ^ _290_/A2 (gf180mcu_fd_sc_mcu7t5v0__nor3_1)
     1    0.004833    0.200436    0.178345    1.996628 v _290_/ZN (gf180mcu_fd_sc_mcu7t5v0__nor3_1)
                                                         _001_ (net)
                      0.200436    0.000102    1.996730 v _389_/D (gf180mcu_fd_sc_mcu7t5v0__dffrnq_1)
                                              1.996730   data arrival time

                                  0.000000    0.000000   clock clk_i (rise edge)
                                  0.000000    0.000000   clock source latency
     1    0.034554    0.173625    0.085924    0.085924 ^ clk_i (in)
                                                         clk_i (net)
                      0.173630    0.000000    0.085924 ^ clkbuf_0_clk_i/I (gf180mcu_fd_sc_mcu7t5v0__clkbuf_16)
     4    0.098873    0.157324    0.292079    0.378003 ^ clkbuf_0_clk_i/Z (gf180mcu_fd_sc_mcu7t5v0__clkbuf_16)
                                                         clknet_0_clk_i (net)
                      0.157324    0.000696    0.378698 ^ clkbuf_2_3__f_clk_i/I (gf180mcu_fd_sc_mcu7t5v0__clkbuf_16)
     9    0.050413    0.115523    0.256319    0.635017 ^ clkbuf_2_3__f_clk_i/Z (gf180mcu_fd_sc_mcu7t5v0__clkbuf_16)
                                                         clknet_2_3__leaf_clk_i (net)
                      0.115529    0.001449    0.636466 ^ _389_/CLK (gf180mcu_fd_sc_mcu7t5v0__dffrnq_1)
                                  0.250000    0.886466   clock uncertainty
                                  0.000000    0.886466   clock reconvergence pessimism
                                  0.118582    1.005048   library hold time
                                              1.005048   data required time
---------------------------------------------------------------------------------------------
                                              1.005048   data required time
                                             -1.996730   data arrival time
---------------------------------------------------------------------------------------------
                                              0.991683   slack (MET)


Startpoint: _391_ (rising edge-triggered flip-flop clocked by clk_i)
Endpoint: _391_ (rising edge-triggered flip-flop clocked by clk_i)
Path Group: clk_i
Path Type: min

Fanout         Cap        Slew       Delay        Time   Description
---------------------------------------------------------------------------------------------
                                  0.000000    0.000000   clock clk_i (rise edge)
                                  0.000000    0.000000   clock source latency
     1    0.034554    0.173625    0.085924    0.085924 ^ clk_i (in)
                                                         clk_i (net)
                      0.173630    0.000000    0.085924 ^ clkbuf_0_clk_i/I (gf180mcu_fd_sc_mcu7t5v0__clkbuf_16)
     4    0.098873    0.157324    0.292079    0.378003 ^ clkbuf_0_clk_i/Z (gf180mcu_fd_sc_mcu7t5v0__clkbuf_16)
                                                         clknet_0_clk_i (net)
                      0.157325    0.001047    0.379049 ^ clkbuf_2_1__f_clk_i/I (gf180mcu_fd_sc_mcu7t5v0__clkbuf_16)
    10    0.059838    0.123586    0.262425    0.641474 ^ clkbuf_2_1__f_clk_i/Z (gf180mcu_fd_sc_mcu7t5v0__clkbuf_16)
                                                         clknet_2_1__leaf_clk_i (net)
                      0.123596    0.001983    0.643457 ^ _391_/CLK (gf180mcu_fd_sc_mcu7t5v0__dffrnq_1)
     5    0.039366    0.414060    0.913268    1.556724 v _391_/Q (gf180mcu_fd_sc_mcu7t5v0__dffrnq_1)
                                                         baud_cnt[12] (net)
                      0.414063    0.000801    1.557526 v _295_/A1 (gf180mcu_fd_sc_mcu7t5v0__xnor2_1)
     1    0.005020    0.275931    0.318634    1.876160 ^ _295_/ZN (gf180mcu_fd_sc_mcu7t5v0__xnor2_1)
                                                         _135_ (net)
                      0.275931    0.000053    1.876213 ^ _296_/A2 (gf180mcu_fd_sc_mcu7t5v0__nor2_1)
     1    0.003709    0.164602    0.139655    2.015868 v _296_/ZN (gf180mcu_fd_sc_mcu7t5v0__nor2_1)
                                                         _003_ (net)
                      0.164602    0.000037    2.015905 v _391_/D (gf180mcu_fd_sc_mcu7t5v0__dffrnq_1)
                                              2.015905   data arrival time

                                  0.000000    0.000000   clock clk_i (rise edge)
                                  0.000000    0.000000   clock source latency
     1    0.034554    0.173625    0.085924    0.085924 ^ clk_i (in)
                                                         clk_i (net)
                      0.173630    0.000000    0.085924 ^ clkbuf_0_clk_i/I (gf180mcu_fd_sc_mcu7t5v0__clkbuf_16)
     4    0.098873    0.157324    0.292079    0.378003 ^ clkbuf_0_clk_i/Z (gf180mcu_fd_sc_mcu7t5v0__clkbuf_16)
                                                         clknet_0_clk_i (net)
                      0.157325    0.001047    0.379049 ^ clkbuf_2_1__f_clk_i/I (gf180mcu_fd_sc_mcu7t5v0__clkbuf_16)
    10    0.059838    0.123586    0.262425    0.641474 ^ clkbuf_2_1__f_clk_i/Z (gf180mcu_fd_sc_mcu7t5v0__clkbuf_16)
                                                         clknet_2_1__leaf_clk_i (net)
                      0.123596    0.001983    0.643457 ^ _391_/CLK (gf180mcu_fd_sc_mcu7t5v0__dffrnq_1)
                                  0.250000    0.893457   clock uncertainty
                                  0.000000    0.893457   clock reconvergence pessimism
                                  0.127278    1.020734   library hold time
                                              1.020734   data required time
---------------------------------------------------------------------------------------------
                                              1.020734   data required time
                                             -2.015905   data arrival time
---------------------------------------------------------------------------------------------
                                              0.995171   slack (MET)


Startpoint: _387_ (rising edge-triggered flip-flop clocked by clk_i)
Endpoint: _387_ (rising edge-triggered flip-flop clocked by clk_i)
Path Group: clk_i
Path Type: min

Fanout         Cap        Slew       Delay        Time   Description
---------------------------------------------------------------------------------------------
                                  0.000000    0.000000   clock clk_i (rise edge)
                                  0.000000    0.000000   clock source latency
     1    0.034554    0.173625    0.085924    0.085924 ^ clk_i (in)
                                                         clk_i (net)
                      0.173630    0.000000    0.085924 ^ clkbuf_0_clk_i/I (gf180mcu_fd_sc_mcu7t5v0__clkbuf_16)
     4    0.098873    0.157324    0.292079    0.378003 ^ clkbuf_0_clk_i/Z (gf180mcu_fd_sc_mcu7t5v0__clkbuf_16)
                                                         clknet_0_clk_i (net)
                      0.157324    0.000696    0.378698 ^ clkbuf_2_3__f_clk_i/I (gf180mcu_fd_sc_mcu7t5v0__clkbuf_16)
     9    0.050413    0.115523    0.256319    0.635017 ^ clkbuf_2_3__f_clk_i/Z (gf180mcu_fd_sc_mcu7t5v0__clkbuf_16)
                                                         clknet_2_3__leaf_clk_i (net)
                      0.115530    0.001540    0.636557 ^ _387_/CLK (gf180mcu_fd_sc_mcu7t5v0__dffrnq_1)
     6    0.047078    0.485831    0.956623    1.593181 v _387_/Q (gf180mcu_fd_sc_mcu7t5v0__dffrnq_1)
                                                         baud_cnt[8] (net)
                      0.485837    0.000953    1.594133 v _282_/A1 (gf180mcu_fd_sc_mcu7t5v0__xor2_1)
     1    0.004864    0.301901    0.300673    1.894807 ^ _282_/Z (gf180mcu_fd_sc_mcu7t5v0__xor2_1)
                                                         _126_ (net)
                      0.301901    0.000049    1.894856 ^ _283_/A2 (gf180mcu_fd_sc_mcu7t5v0__nor2_1)
     1    0.004031    0.175031    0.146930    2.041786 v _283_/ZN (gf180mcu_fd_sc_mcu7t5v0__nor2_1)
                                                         _014_ (net)
                      0.175031    0.000043    2.041829 v _387_/D (gf180mcu_fd_sc_mcu7t5v0__dffrnq_1)
                                              2.041829   data arrival time

                                  0.000000    0.000000   clock clk_i (rise edge)
                                  0.000000    0.000000   clock source latency
     1    0.034554    0.173625    0.085924    0.085924 ^ clk_i (in)
                                                         clk_i (net)
                      0.173630    0.000000    0.085924 ^ clkbuf_0_clk_i/I (gf180mcu_fd_sc_mcu7t5v0__clkbuf_16)
     4    0.098873    0.157324    0.292079    0.378003 ^ clkbuf_0_clk_i/Z (gf180mcu_fd_sc_mcu7t5v0__clkbuf_16)
                                                         clknet_0_clk_i (net)
                      0.157324    0.000696    0.378698 ^ clkbuf_2_3__f_clk_i/I (gf180mcu_fd_sc_mcu7t5v0__clkbuf_16)
     9    0.050413    0.115523    0.256319    0.635017 ^ clkbuf_2_3__f_clk_i/Z (gf180mcu_fd_sc_mcu7t5v0__clkbuf_16)
                                                         clknet_2_3__leaf_clk_i (net)
                      0.115530    0.001540    0.636557 ^ _387_/CLK (gf180mcu_fd_sc_mcu7t5v0__dffrnq_1)
                                  0.250000    0.886557   clock uncertainty
                                  0.000000    0.886557   clock reconvergence pessimism
                                  0.123712    1.010269   library hold time
                                              1.010269   data required time
---------------------------------------------------------------------------------------------
                                              1.010269   data required time
                                             -2.041829   data arrival time
---------------------------------------------------------------------------------------------
                                              1.031560   slack (MET)


Startpoint: _379_ (rising edge-triggered flip-flop clocked by clk_i)
Endpoint: _380_ (rising edge-triggered flip-flop clocked by clk_i)
Path Group: clk_i
Path Type: min

Fanout         Cap        Slew       Delay        Time   Description
---------------------------------------------------------------------------------------------
                                  0.000000    0.000000   clock clk_i (rise edge)
                                  0.000000    0.000000   clock source latency
     1    0.034554    0.173625    0.085924    0.085924 ^ clk_i (in)
                                                         clk_i (net)
                      0.173630    0.000000    0.085924 ^ clkbuf_0_clk_i/I (gf180mcu_fd_sc_mcu7t5v0__clkbuf_16)
     4    0.098873    0.157324    0.292079    0.378003 ^ clkbuf_0_clk_i/Z (gf180mcu_fd_sc_mcu7t5v0__clkbuf_16)
                                                         clknet_0_clk_i (net)
                      0.157325    0.001046    0.379048 ^ clkbuf_2_0__f_clk_i/I (gf180mcu_fd_sc_mcu7t5v0__clkbuf_16)
    10    0.055009    0.119410    0.259034    0.638082 ^ clkbuf_2_0__f_clk_i/Z (gf180mcu_fd_sc_mcu7t5v0__clkbuf_16)
                                                         clknet_2_0__leaf_clk_i (net)
                      0.119430    0.002605    0.640687 ^ _379_/CLK (gf180mcu_fd_sc_mcu7t5v0__dffrnq_1)
     7    0.048540    0.499533    0.966240    1.606927 v _379_/Q (gf180mcu_fd_sc_mcu7t5v0__dffrnq_1)
                                                         baud_cnt[0] (net)
                      0.499553    0.001766    1.608693 v _261_/A1 (gf180mcu_fd_sc_mcu7t5v0__xor2_1)
     1    0.004628    0.286461    0.300444    1.909137 ^ _261_/Z (gf180mcu_fd_sc_mcu7t5v0__xor2_1)
                                                         _112_ (net)
                      0.286461    0.000046    1.909183 ^ _262_/A2 (gf180mcu_fd_sc_mcu7t5v0__nor2_1)
     1    0.003762    0.167924    0.141735    2.050918 v _262_/ZN (gf180mcu_fd_sc_mcu7t5v0__nor2_1)
                                                         _007_ (net)
                      0.167924    0.000039    2.050956 v _380_/D (gf180mcu_fd_sc_mcu7t5v0__dffrnq_1)
                                              2.050956   data arrival time

                                  0.000000    0.000000   clock clk_i (rise edge)
                                  0.000000    0.000000   clock source latency
     1    0.034554    0.173625    0.085924    0.085924 ^ clk_i (in)
                                                         clk_i (net)
                      0.173630    0.000000    0.085924 ^ clkbuf_0_clk_i/I (gf180mcu_fd_sc_mcu7t5v0__clkbuf_16)
     4    0.098873    0.157324    0.292079    0.378003 ^ clkbuf_0_clk_i/Z (gf180mcu_fd_sc_mcu7t5v0__clkbuf_16)
                                                         clknet_0_clk_i (net)
                      0.157325    0.001046    0.379048 ^ clkbuf_2_0__f_clk_i/I (gf180mcu_fd_sc_mcu7t5v0__clkbuf_16)
    10    0.055009    0.119410    0.259034    0.638082 ^ clkbuf_2_0__f_clk_i/Z (gf180mcu_fd_sc_mcu7t5v0__clkbuf_16)
                                                         clknet_2_0__leaf_clk_i (net)
                      0.119430    0.002630    0.640712 ^ _380_/CLK (gf180mcu_fd_sc_mcu7t5v0__dffrnq_1)
                                  0.250000    0.890712   clock uncertainty
                                  0.000000    0.890712   clock reconvergence pessimism
                                  0.125856    1.016568   library hold time
                                              1.016568   data required time
---------------------------------------------------------------------------------------------
                                              1.016568   data required time
                                             -2.050956   data arrival time
---------------------------------------------------------------------------------------------
                                              1.034388   slack (MET)


Startpoint: _385_ (rising edge-triggered flip-flop clocked by clk_i)
Endpoint: _385_ (rising edge-triggered flip-flop clocked by clk_i)
Path Group: clk_i
Path Type: min

Fanout         Cap        Slew       Delay        Time   Description
---------------------------------------------------------------------------------------------
                                  0.000000    0.000000   clock clk_i (rise edge)
                                  0.000000    0.000000   clock source latency
     1    0.034554    0.173625    0.085924    0.085924 ^ clk_i (in)
                                                         clk_i (net)
                      0.173630    0.000000    0.085924 ^ clkbuf_0_clk_i/I (gf180mcu_fd_sc_mcu7t5v0__clkbuf_16)
     4    0.098873    0.157324    0.292079    0.378003 ^ clkbuf_0_clk_i/Z (gf180mcu_fd_sc_mcu7t5v0__clkbuf_16)
                                                         clknet_0_clk_i (net)
                      0.157325    0.001046    0.379048 ^ clkbuf_2_0__f_clk_i/I (gf180mcu_fd_sc_mcu7t5v0__clkbuf_16)
    10    0.055009    0.119410    0.259034    0.638082 ^ clkbuf_2_0__f_clk_i/Z (gf180mcu_fd_sc_mcu7t5v0__clkbuf_16)
                                                         clknet_2_0__leaf_clk_i (net)
                      0.119421    0.001975    0.640057 ^ _385_/CLK (gf180mcu_fd_sc_mcu7t5v0__dffrnq_1)
     5    0.044908    0.465664    0.944809    1.584866 v _385_/Q (gf180mcu_fd_sc_mcu7t5v0__dffrnq_1)
                                                         baud_cnt[6] (net)
                      0.465670    0.000919    1.585785 v _276_/A1 (gf180mcu_fd_sc_mcu7t5v0__xnor2_1)
     1    0.005172    0.278754    0.337423    1.923208 ^ _276_/ZN (gf180mcu_fd_sc_mcu7t5v0__xnor2_1)
                                                         _122_ (net)
                      0.278754    0.000056    1.923264 ^ _277_/A2 (gf180mcu_fd_sc_mcu7t5v0__nor2_1)
     1    0.003564    0.163698    0.138506    2.061769 v _277_/ZN (gf180mcu_fd_sc_mcu7t5v0__nor2_1)
                                                         _012_ (net)
                      0.163698    0.000035    2.061804 v _385_/D (gf180mcu_fd_sc_mcu7t5v0__dffrnq_1)
                                              2.061804   data arrival time

                                  0.000000    0.000000   clock clk_i (rise edge)
                                  0.000000    0.000000   clock source latency
     1    0.034554    0.173625    0.085924    0.085924 ^ clk_i (in)
                                                         clk_i (net)
                      0.173630    0.000000    0.085924 ^ clkbuf_0_clk_i/I (gf180mcu_fd_sc_mcu7t5v0__clkbuf_16)
     4    0.098873    0.157324    0.292079    0.378003 ^ clkbuf_0_clk_i/Z (gf180mcu_fd_sc_mcu7t5v0__clkbuf_16)
                                                         clknet_0_clk_i (net)
                      0.157325    0.001046    0.379048 ^ clkbuf_2_0__f_clk_i/I (gf180mcu_fd_sc_mcu7t5v0__clkbuf_16)
    10    0.055009    0.119410    0.259034    0.638082 ^ clkbuf_2_0__f_clk_i/Z (gf180mcu_fd_sc_mcu7t5v0__clkbuf_16)
                                                         clknet_2_0__leaf_clk_i (net)
                      0.119421    0.001975    0.640057 ^ _385_/CLK (gf180mcu_fd_sc_mcu7t5v0__dffrnq_1)
                                  0.250000    0.890057   clock uncertainty
                                  0.000000    0.890057   clock reconvergence pessimism
                                  0.126704    1.016761   library hold time
                                              1.016761   data required time
---------------------------------------------------------------------------------------------
                                              1.016761   data required time
                                             -2.061804   data arrival time
---------------------------------------------------------------------------------------------
                                              1.045044   slack (MET)


Startpoint: _379_ (rising edge-triggered flip-flop clocked by clk_i)
Endpoint: _379_ (rising edge-triggered flip-flop clocked by clk_i)
Path Group: clk_i
Path Type: min

Fanout         Cap        Slew       Delay        Time   Description
---------------------------------------------------------------------------------------------
                                  0.000000    0.000000   clock clk_i (rise edge)
                                  0.000000    0.000000   clock source latency
     1    0.034554    0.173625    0.085924    0.085924 ^ clk_i (in)
                                                         clk_i (net)
                      0.173630    0.000000    0.085924 ^ clkbuf_0_clk_i/I (gf180mcu_fd_sc_mcu7t5v0__clkbuf_16)
     4    0.098873    0.157324    0.292079    0.378003 ^ clkbuf_0_clk_i/Z (gf180mcu_fd_sc_mcu7t5v0__clkbuf_16)
                                                         clknet_0_clk_i (net)
                      0.157325    0.001046    0.379048 ^ clkbuf_2_0__f_clk_i/I (gf180mcu_fd_sc_mcu7t5v0__clkbuf_16)
    10    0.055009    0.119410    0.259034    0.638082 ^ clkbuf_2_0__f_clk_i/Z (gf180mcu_fd_sc_mcu7t5v0__clkbuf_16)
                                                         clknet_2_0__leaf_clk_i (net)
                      0.119430    0.002605    0.640687 ^ _379_/CLK (gf180mcu_fd_sc_mcu7t5v0__dffrnq_1)
     7    0.048540    0.834493    1.298073    1.938761 ^ _379_/Q (gf180mcu_fd_sc_mcu7t5v0__dffrnq_1)
                                                         baud_cnt[0] (net)
                      0.834497    0.001045    1.939806 ^ _260_/A1 (gf180mcu_fd_sc_mcu7t5v0__nor2_1)
     1    0.003556    0.247274    0.116923    2.056729 v _260_/ZN (gf180mcu_fd_sc_mcu7t5v0__nor2_1)
                                                         _000_ (net)
                      0.247274    0.000036    2.056765 v _379_/D (gf180mcu_fd_sc_mcu7t5v0__dffrnq_1)
                                              2.056765   data arrival time

                                  0.000000    0.000000   clock clk_i (rise edge)
                                  0.000000    0.000000   clock source latency
     1    0.034554    0.173625    0.085924    0.085924 ^ clk_i (in)
                                                         clk_i (net)
                      0.173630    0.000000    0.085924 ^ clkbuf_0_clk_i/I (gf180mcu_fd_sc_mcu7t5v0__clkbuf_16)
     4    0.098873    0.157324    0.292079    0.378003 ^ clkbuf_0_clk_i/Z (gf180mcu_fd_sc_mcu7t5v0__clkbuf_16)
                                                         clknet_0_clk_i (net)
                      0.157325    0.001046    0.379048 ^ clkbuf_2_0__f_clk_i/I (gf180mcu_fd_sc_mcu7t5v0__clkbuf_16)
    10    0.055009    0.119410    0.259034    0.638082 ^ clkbuf_2_0__f_clk_i/Z (gf180mcu_fd_sc_mcu7t5v0__clkbuf_16)
                                                         clknet_2_0__leaf_clk_i (net)
                      0.119430    0.002605    0.640687 ^ _379_/CLK (gf180mcu_fd_sc_mcu7t5v0__dffrnq_1)
                                  0.250000    0.890687   clock uncertainty
                                  0.000000    0.890687   clock reconvergence pessimism
                                  0.109902    1.000589   library hold time
                                              1.000589   data required time
---------------------------------------------------------------------------------------------
                                              1.000589   data required time
                                             -2.056765   data arrival time
---------------------------------------------------------------------------------------------
                                              1.056176   slack (MET)


Startpoint: _366_ (rising edge-triggered flip-flop clocked by clk_i)
Endpoint: _395_ (rising edge-triggered flip-flop clocked by clk_i)
Path Group: clk_i
Path Type: min

Fanout         Cap        Slew       Delay        Time   Description
---------------------------------------------------------------------------------------------
                                  0.000000    0.000000   clock clk_i (rise edge)
                                  0.000000    0.000000   clock source latency
     1    0.034554    0.173625    0.085924    0.085924 ^ clk_i (in)
                                                         clk_i (net)
                      0.173630    0.000000    0.085924 ^ clkbuf_0_clk_i/I (gf180mcu_fd_sc_mcu7t5v0__clkbuf_16)
     4    0.098873    0.157324    0.292079    0.378003 ^ clkbuf_0_clk_i/Z (gf180mcu_fd_sc_mcu7t5v0__clkbuf_16)
                                                         clknet_0_clk_i (net)
                      0.157324    0.000345    0.378347 ^ clkbuf_2_2__f_clk_i/I (gf180mcu_fd_sc_mcu7t5v0__clkbuf_16)
    10    0.057356    0.121510    0.261050    0.639397 ^ clkbuf_2_2__f_clk_i/Z (gf180mcu_fd_sc_mcu7t5v0__clkbuf_16)
                                                         clknet_2_2__leaf_clk_i (net)
                      0.121511    0.000812    0.640209 ^ _366_/CLK (gf180mcu_fd_sc_mcu7t5v0__dffrnq_1)
     5    0.036710    0.389317    0.897001    1.537209 v _366_/Q (gf180mcu_fd_sc_mcu7t5v0__dffrnq_1)
                                                         CS[2] (net)
                      0.389324    0.001109    1.538318 v _251_/A1 (gf180mcu_fd_sc_mcu7t5v0__xor2_1)
     3    0.019974    0.721565    0.518904    2.057222 ^ _251_/Z (gf180mcu_fd_sc_mcu7t5v0__xor2_1)
                                                         _108_ (net)
                      0.721565    0.000308    2.057530 ^ _253_/A2 (gf180mcu_fd_sc_mcu7t5v0__aoi21_1)
     1    0.003396    0.176715    0.098023    2.155553 v _253_/ZN (gf180mcu_fd_sc_mcu7t5v0__aoi21_1)
                                                         _016_ (net)
                      0.176715    0.000033    2.155586 v _395_/D (gf180mcu_fd_sc_mcu7t5v0__dffrnq_1)
                                              2.155586   data arrival time

                                  0.000000    0.000000   clock clk_i (rise edge)
                                  0.000000    0.000000   clock source latency
     1    0.034554    0.173625    0.085924    0.085924 ^ clk_i (in)
                                                         clk_i (net)
                      0.173630    0.000000    0.085924 ^ clkbuf_0_clk_i/I (gf180mcu_fd_sc_mcu7t5v0__clkbuf_16)
     4    0.098873    0.157324    0.292079    0.378003 ^ clkbuf_0_clk_i/Z (gf180mcu_fd_sc_mcu7t5v0__clkbuf_16)
                                                         clknet_0_clk_i (net)
                      0.157325    0.001047    0.379049 ^ clkbuf_2_1__f_clk_i/I (gf180mcu_fd_sc_mcu7t5v0__clkbuf_16)
    10    0.059838    0.123586    0.262425    0.641474 ^ clkbuf_2_1__f_clk_i/Z (gf180mcu_fd_sc_mcu7t5v0__clkbuf_16)
                                                         clknet_2_1__leaf_clk_i (net)
                      0.123586    0.000269    0.641743 ^ _395_/CLK (gf180mcu_fd_sc_mcu7t5v0__dffrnq_1)
                                  0.250000    0.891743   clock uncertainty
                                  0.000000    0.891743   clock reconvergence pessimism
                                  0.124852    1.016595   library hold time
                                              1.016595   data required time
---------------------------------------------------------------------------------------------
                                              1.016595   data required time
                                             -2.155586   data arrival time
---------------------------------------------------------------------------------------------
                                              1.138991   slack (MET)


Startpoint: _385_ (rising edge-triggered flip-flop clocked by clk_i)
Endpoint: _386_ (rising edge-triggered flip-flop clocked by clk_i)
Path Group: clk_i
Path Type: min

Fanout         Cap        Slew       Delay        Time   Description
---------------------------------------------------------------------------------------------
                                  0.000000    0.000000   clock clk_i (rise edge)
                                  0.000000    0.000000   clock source latency
     1    0.034554    0.173625    0.085924    0.085924 ^ clk_i (in)
                                                         clk_i (net)
                      0.173630    0.000000    0.085924 ^ clkbuf_0_clk_i/I (gf180mcu_fd_sc_mcu7t5v0__clkbuf_16)
     4    0.098873    0.157324    0.292079    0.378003 ^ clkbuf_0_clk_i/Z (gf180mcu_fd_sc_mcu7t5v0__clkbuf_16)
                                                         clknet_0_clk_i (net)
                      0.157325    0.001046    0.379048 ^ clkbuf_2_0__f_clk_i/I (gf180mcu_fd_sc_mcu7t5v0__clkbuf_16)
    10    0.055009    0.119410    0.259034    0.638082 ^ clkbuf_2_0__f_clk_i/Z (gf180mcu_fd_sc_mcu7t5v0__clkbuf_16)
                                                         clknet_2_0__leaf_clk_i (net)
                      0.119421    0.001975    0.640057 ^ _385_/CLK (gf180mcu_fd_sc_mcu7t5v0__dffrnq_1)
     5    0.044908    0.465664    0.944809    1.584866 v _385_/Q (gf180mcu_fd_sc_mcu7t5v0__dffrnq_1)
                                                         baud_cnt[6] (net)
                      0.465674    0.001201    1.586067 v _275_/A1 (gf180mcu_fd_sc_mcu7t5v0__nand2_1)
     1    0.005127    0.202856    0.217585    1.803652 ^ _275_/ZN (gf180mcu_fd_sc_mcu7t5v0__nand2_1)
                                                         _121_ (net)
                      0.202856    0.000051    1.803703 ^ _278_/A2 (gf180mcu_fd_sc_mcu7t5v0__nand2_1)
     1    0.003354    0.121069    0.101265    1.904969 v _278_/ZN (gf180mcu_fd_sc_mcu7t5v0__nand2_1)
                                                         _123_ (net)
                      0.121069    0.000061    1.905030 v _280_/A3 (gf180mcu_fd_sc_mcu7t5v0__and4_1)
     1    0.004938    0.128975    0.334338    2.239368 v _280_/Z (gf180mcu_fd_sc_mcu7t5v0__and4_1)
                                                         _013_ (net)
                      0.128975    0.000099    2.239467 v _386_/D (gf180mcu_fd_sc_mcu7t5v0__dffrnq_1)
                                              2.239467   data arrival time

                                  0.000000    0.000000   clock clk_i (rise edge)
                                  0.000000    0.000000   clock source latency
     1    0.034554    0.173625    0.085924    0.085924 ^ clk_i (in)
                                                         clk_i (net)
                      0.173630    0.000000    0.085924 ^ clkbuf_0_clk_i/I (gf180mcu_fd_sc_mcu7t5v0__clkbuf_16)
     4    0.098873    0.157324    0.292079    0.378003 ^ clkbuf_0_clk_i/Z (gf180mcu_fd_sc_mcu7t5v0__clkbuf_16)
                                                         clknet_0_clk_i (net)
                      0.157325    0.001046    0.379048 ^ clkbuf_2_0__f_clk_i/I (gf180mcu_fd_sc_mcu7t5v0__clkbuf_16)
    10    0.055009    0.119410    0.259034    0.638082 ^ clkbuf_2_0__f_clk_i/Z (gf180mcu_fd_sc_mcu7t5v0__clkbuf_16)
                                                         clknet_2_0__leaf_clk_i (net)
                      0.119412    0.001010    0.639092 ^ _386_/CLK (gf180mcu_fd_sc_mcu7t5v0__dffrnq_1)
                                  0.250000    0.889092   clock uncertainty
                                  0.000000    0.889092   clock reconvergence pessimism
                                  0.133931    1.023023   library hold time
                                              1.023023   data required time
---------------------------------------------------------------------------------------------
                                              1.023023   data required time
                                             -2.239467   data arrival time
---------------------------------------------------------------------------------------------
                                              1.216444   slack (MET)


Startpoint: _365_ (rising edge-triggered flip-flop clocked by clk_i)
Endpoint: _365_ (rising edge-triggered flip-flop clocked by clk_i)
Path Group: clk_i
Path Type: min

Fanout         Cap        Slew       Delay        Time   Description
---------------------------------------------------------------------------------------------
                                  0.000000    0.000000   clock clk_i (rise edge)
                                  0.000000    0.000000   clock source latency
     1    0.034554    0.173625    0.085924    0.085924 ^ clk_i (in)
                                                         clk_i (net)
                      0.173630    0.000000    0.085924 ^ clkbuf_0_clk_i/I (gf180mcu_fd_sc_mcu7t5v0__clkbuf_16)
     4    0.098873    0.157324    0.292079    0.378003 ^ clkbuf_0_clk_i/Z (gf180mcu_fd_sc_mcu7t5v0__clkbuf_16)
                                                         clknet_0_clk_i (net)
                      0.157324    0.000345    0.378347 ^ clkbuf_2_2__f_clk_i/I (gf180mcu_fd_sc_mcu7t5v0__clkbuf_16)
    10    0.057356    0.121510    0.261050    0.639397 ^ clkbuf_2_2__f_clk_i/Z (gf180mcu_fd_sc_mcu7t5v0__clkbuf_16)
                                                         clknet_2_2__leaf_clk_i (net)
                      0.121512    0.000920    0.640317 ^ _365_/CLK (gf180mcu_fd_sc_mcu7t5v0__dffrnq_1)
     7    0.049620    0.509647    0.973165    1.613481 v _365_/Q (gf180mcu_fd_sc_mcu7t5v0__dffrnq_1)
                                                         CS[1] (net)
                      0.509665    0.001707    1.615188 v _327_/I0 (gf180mcu_fd_sc_mcu7t5v0__mux2_2)
     1    0.003265    0.109430    0.419513    2.034701 v _327_/Z (gf180mcu_fd_sc_mcu7t5v0__mux2_2)
                                                         _158_ (net)
                      0.109430    0.000032    2.034732 v _328_/A2 (gf180mcu_fd_sc_mcu7t5v0__and2_1)
     1    0.003375    0.106817    0.249696    2.284429 v _328_/Z (gf180mcu_fd_sc_mcu7t5v0__and2_1)
                                                         _024_ (net)
                      0.106817    0.000032    2.284461 v _365_/D (gf180mcu_fd_sc_mcu7t5v0__dffrnq_1)
                                              2.284461   data arrival time

                                  0.000000    0.000000   clock clk_i (rise edge)
                                  0.000000    0.000000   clock source latency
     1    0.034554    0.173625    0.085924    0.085924 ^ clk_i (in)
                                                         clk_i (net)
                      0.173630    0.000000    0.085924 ^ clkbuf_0_clk_i/I (gf180mcu_fd_sc_mcu7t5v0__clkbuf_16)
     4    0.098873    0.157324    0.292079    0.378003 ^ clkbuf_0_clk_i/Z (gf180mcu_fd_sc_mcu7t5v0__clkbuf_16)
                                                         clknet_0_clk_i (net)
                      0.157324    0.000345    0.378347 ^ clkbuf_2_2__f_clk_i/I (gf180mcu_fd_sc_mcu7t5v0__clkbuf_16)
    10    0.057356    0.121510    0.261050    0.639397 ^ clkbuf_2_2__f_clk_i/Z (gf180mcu_fd_sc_mcu7t5v0__clkbuf_16)
                                                         clknet_2_2__leaf_clk_i (net)
                      0.121512    0.000920    0.640317 ^ _365_/CLK (gf180mcu_fd_sc_mcu7t5v0__dffrnq_1)
                                  0.250000    0.890317   clock uncertainty
                                  0.000000    0.890317   clock reconvergence pessimism
                                  0.139156    1.029473   library hold time
                                              1.029473   data required time
---------------------------------------------------------------------------------------------
                                              1.029473   data required time
                                             -2.284461   data arrival time
---------------------------------------------------------------------------------------------
                                              1.254987   slack (MET)


Startpoint: _383_ (rising edge-triggered flip-flop clocked by clk_i)
Endpoint: _383_ (rising edge-triggered flip-flop clocked by clk_i)
Path Group: clk_i
Path Type: min

Fanout         Cap        Slew       Delay        Time   Description
---------------------------------------------------------------------------------------------
                                  0.000000    0.000000   clock clk_i (rise edge)
                                  0.000000    0.000000   clock source latency
     1    0.034554    0.173625    0.085924    0.085924 ^ clk_i (in)
                                                         clk_i (net)
                      0.173630    0.000000    0.085924 ^ clkbuf_0_clk_i/I (gf180mcu_fd_sc_mcu7t5v0__clkbuf_16)
     4    0.098873    0.157324    0.292079    0.378003 ^ clkbuf_0_clk_i/Z (gf180mcu_fd_sc_mcu7t5v0__clkbuf_16)
                                                         clknet_0_clk_i (net)
                      0.157325    0.001046    0.379048 ^ clkbuf_2_0__f_clk_i/I (gf180mcu_fd_sc_mcu7t5v0__clkbuf_16)
    10    0.055009    0.119410    0.259034    0.638082 ^ clkbuf_2_0__f_clk_i/Z (gf180mcu_fd_sc_mcu7t5v0__clkbuf_16)
                                                         clknet_2_0__leaf_clk_i (net)
                      0.119426    0.002371    0.640453 ^ _383_/CLK (gf180mcu_fd_sc_mcu7t5v0__dffrnq_1)
     3    0.014228    0.192819    0.756855    1.397308 v _383_/Q (gf180mcu_fd_sc_mcu7t5v0__dffrnq_1)
                                                         baud_cnt[4] (net)
                      0.192819    0.000115    1.397423 v _187_/I (gf180mcu_fd_sc_mcu7t5v0__clkinv_1)
     4    0.032104    0.557792    0.380276    1.777699 ^ _187_/ZN (gf180mcu_fd_sc_mcu7t5v0__clkinv_1)
                                                         _045_ (net)
                      0.557792    0.000476    1.778175 ^ _269_/A1 (gf180mcu_fd_sc_mcu7t5v0__xor2_1)
     1    0.004839    0.292710    0.418431    2.196606 ^ _269_/Z (gf180mcu_fd_sc_mcu7t5v0__xor2_1)
                                                         _117_ (net)
                      0.292710    0.000049    2.196656 ^ _270_/A2 (gf180mcu_fd_sc_mcu7t5v0__nor2_1)
     1    0.003563    0.167304    0.140466    2.337122 v _270_/ZN (gf180mcu_fd_sc_mcu7t5v0__nor2_1)
                                                         _010_ (net)
                      0.167304    0.000035    2.337156 v _383_/D (gf180mcu_fd_sc_mcu7t5v0__dffrnq_1)
                                              2.337156   data arrival time

                                  0.000000    0.000000   clock clk_i (rise edge)
                                  0.000000    0.000000   clock source latency
     1    0.034554    0.173625    0.085924    0.085924 ^ clk_i (in)
                                                         clk_i (net)
                      0.173630    0.000000    0.085924 ^ clkbuf_0_clk_i/I (gf180mcu_fd_sc_mcu7t5v0__clkbuf_16)
     4    0.098873    0.157324    0.292079    0.378003 ^ clkbuf_0_clk_i/Z (gf180mcu_fd_sc_mcu7t5v0__clkbuf_16)
                                                         clknet_0_clk_i (net)
                      0.157325    0.001046    0.379048 ^ clkbuf_2_0__f_clk_i/I (gf180mcu_fd_sc_mcu7t5v0__clkbuf_16)
    10    0.055009    0.119410    0.259034    0.638082 ^ clkbuf_2_0__f_clk_i/Z (gf180mcu_fd_sc_mcu7t5v0__clkbuf_16)
                                                         clknet_2_0__leaf_clk_i (net)
                      0.119426    0.002371    0.640453 ^ _383_/CLK (gf180mcu_fd_sc_mcu7t5v0__dffrnq_1)
                                  0.250000    0.890453   clock uncertainty
                                  0.000000    0.890453   clock reconvergence pessimism
                                  0.125980    1.016433   library hold time
                                              1.016433   data required time
---------------------------------------------------------------------------------------------
                                              1.016433   data required time
                                             -2.337156   data arrival time
---------------------------------------------------------------------------------------------
                                              1.320724   slack (MET)


Startpoint: _395_ (rising edge-triggered flip-flop clocked by clk_i)
Endpoint: _364_ (rising edge-triggered flip-flop clocked by clk_i)
Path Group: clk_i
Path Type: min

Fanout         Cap        Slew       Delay        Time   Description
---------------------------------------------------------------------------------------------
                                  0.000000    0.000000   clock clk_i (rise edge)
                                  0.000000    0.000000   clock source latency
     1    0.034554    0.173625    0.085924    0.085924 ^ clk_i (in)
                                                         clk_i (net)
                      0.173630    0.000000    0.085924 ^ clkbuf_0_clk_i/I (gf180mcu_fd_sc_mcu7t5v0__clkbuf_16)
     4    0.098873    0.157324    0.292079    0.378003 ^ clkbuf_0_clk_i/Z (gf180mcu_fd_sc_mcu7t5v0__clkbuf_16)
                                                         clknet_0_clk_i (net)
                      0.157325    0.001047    0.379049 ^ clkbuf_2_1__f_clk_i/I (gf180mcu_fd_sc_mcu7t5v0__clkbuf_16)
    10    0.059838    0.123586    0.262425    0.641474 ^ clkbuf_2_1__f_clk_i/Z (gf180mcu_fd_sc_mcu7t5v0__clkbuf_16)
                                                         clknet_2_1__leaf_clk_i (net)
                      0.123586    0.000269    0.641743 ^ _395_/CLK (gf180mcu_fd_sc_mcu7t5v0__dffrnq_1)
     7    0.042062    0.732942    1.239563    1.881306 ^ _395_/Q (gf180mcu_fd_sc_mcu7t5v0__dffrnq_1)
                                                         bit_done (net)
                      0.732942    0.000604    1.881911 ^ _314_/A1 (gf180mcu_fd_sc_mcu7t5v0__nor2_1)
     1    0.005262    0.252850    0.147842    2.029752 v _314_/ZN (gf180mcu_fd_sc_mcu7t5v0__nor2_1)
                                                         _146_ (net)
                      0.252850    0.000057    2.029809 v _324_/B (gf180mcu_fd_sc_mcu7t5v0__aoi21_1)
     1    0.007214    0.304758    0.248235    2.278044 ^ _324_/ZN (gf180mcu_fd_sc_mcu7t5v0__aoi21_1)
                                                         _156_ (net)
                      0.304758    0.000164    2.278208 ^ _325_/A2 (gf180mcu_fd_sc_mcu7t5v0__nor2_1)
     1    0.003746    0.139954    0.144192    2.422400 v _325_/ZN (gf180mcu_fd_sc_mcu7t5v0__nor2_1)
                                                         _023_ (net)
                      0.139954    0.000039    2.422439 v _364_/D (gf180mcu_fd_sc_mcu7t5v0__dffrnq_1)
                                              2.422439   data arrival time

                                  0.000000    0.000000   clock clk_i (rise edge)
                                  0.000000    0.000000   clock source latency
     1    0.034554    0.173625    0.085924    0.085924 ^ clk_i (in)
                                                         clk_i (net)
                      0.173630    0.000000    0.085924 ^ clkbuf_0_clk_i/I (gf180mcu_fd_sc_mcu7t5v0__clkbuf_16)
     4    0.098873    0.157324    0.292079    0.378003 ^ clkbuf_0_clk_i/Z (gf180mcu_fd_sc_mcu7t5v0__clkbuf_16)
                                                         clknet_0_clk_i (net)
                      0.157324    0.000345    0.378347 ^ clkbuf_2_2__f_clk_i/I (gf180mcu_fd_sc_mcu7t5v0__clkbuf_16)
    10    0.057356    0.121510    0.261050    0.639397 ^ clkbuf_2_2__f_clk_i/Z (gf180mcu_fd_sc_mcu7t5v0__clkbuf_16)
                                                         clknet_2_2__leaf_clk_i (net)
                      0.121510    0.000601    0.639998 ^ _364_/CLK (gf180mcu_fd_sc_mcu7t5v0__dffrnq_1)
                                  0.250000    0.889998   clock uncertainty
                                  0.000000    0.889998   clock reconvergence pessimism
                                  0.131915    1.021913   library hold time
                                              1.021913   data required time
---------------------------------------------------------------------------------------------
                                              1.021913   data required time
                                             -2.422439   data arrival time
---------------------------------------------------------------------------------------------
                                              1.400525   slack (MET)


Startpoint: rx_i (input port clocked by clk_i)
Endpoint: _396_ (rising edge-triggered flip-flop clocked by clk_i)
Path Group: clk_i
Path Type: min

Fanout         Cap        Slew       Delay        Time   Description
---------------------------------------------------------------------------------------------
                                  0.000000    0.000000   clock clk_i (rise edge)
                                  0.000000    0.000000   clock network delay (propagated)
                                  4.000000    4.000000 ^ input external delay
     1    0.004810    0.126645    0.047600    4.047600 ^ rx_i (in)
                                                         rx_i (net)
                      0.126645    0.000000    4.047600 ^ input22/I (gf180mcu_fd_sc_mcu7t5v0__dlyb_1)
     1    0.004064    0.153619    0.869310    4.916910 ^ input22/Z (gf180mcu_fd_sc_mcu7t5v0__dlyb_1)
                                                         net22 (net)
                      0.153619    0.000076    4.916986 ^ _306_/A2 (gf180mcu_fd_sc_mcu7t5v0__or2_1)
     1    0.003475    0.120684    0.236016    5.153001 ^ _306_/Z (gf180mcu_fd_sc_mcu7t5v0__or2_1)
                                                         _017_ (net)
                      0.120684    0.000036    5.153037 ^ _396_/D (gf180mcu_fd_sc_mcu7t5v0__dffsnq_1)
                                              5.153037   data arrival time

                                  0.000000    0.000000   clock clk_i (rise edge)
                                  0.000000    0.000000   clock source latency
     1    0.034554    0.173625    0.085924    0.085924 ^ clk_i (in)
                                                         clk_i (net)
                      0.173630    0.000000    0.085924 ^ clkbuf_0_clk_i/I (gf180mcu_fd_sc_mcu7t5v0__clkbuf_16)
     4    0.098873    0.157324    0.292079    0.378003 ^ clkbuf_0_clk_i/Z (gf180mcu_fd_sc_mcu7t5v0__clkbuf_16)
                                                         clknet_0_clk_i (net)
                      0.157325    0.001046    0.379048 ^ clkbuf_2_0__f_clk_i/I (gf180mcu_fd_sc_mcu7t5v0__clkbuf_16)
    10    0.055009    0.119410    0.259034    0.638082 ^ clkbuf_2_0__f_clk_i/Z (gf180mcu_fd_sc_mcu7t5v0__clkbuf_16)
                                                         clknet_2_0__leaf_clk_i (net)
                      0.119418    0.001713    0.639795 ^ _396_/CLK (gf180mcu_fd_sc_mcu7t5v0__dffsnq_1)
                                  0.250000    0.889795   clock uncertainty
                                  0.000000    0.889795   clock reconvergence pessimism
                                 -0.026131    0.863664   library hold time
                                              0.863664   data required time
---------------------------------------------------------------------------------------------
                                              0.863664   data required time
                                             -5.153037   data arrival time
---------------------------------------------------------------------------------------------
                                              4.289373   slack (MET)


Startpoint: rstn_i (input port clocked by clk_i)
Endpoint: _391_ (removal check against rising-edge clock clk_i)
Path Group: asynchronous
Path Type: min

Fanout         Cap        Slew       Delay        Time   Description
---------------------------------------------------------------------------------------------
                                  0.000000    0.000000   clock clk_i (rise edge)
                                  0.000000    0.000000   clock network delay (propagated)
                                  4.000000    4.000000 ^ input external delay
     1    0.004595    0.123209    0.045516    4.045516 ^ rstn_i (in)
                                                         rstn_i (net)
                      0.123209    0.000000    4.045516 ^ input21/I (gf180mcu_fd_sc_mcu7t5v0__dlyb_1)
     1    0.004898    0.165305    0.877398    4.922915 ^ input21/Z (gf180mcu_fd_sc_mcu7t5v0__dlyb_1)
                                                         net21 (net)
                      0.165305    0.000060    4.922974 ^ fanout44/I (gf180mcu_fd_sc_mcu7t5v0__dlyb_1)
     9    0.090819    1.503682    1.680217    6.603191 ^ fanout44/Z (gf180mcu_fd_sc_mcu7t5v0__dlyb_1)
                                                         net44 (net)
                      1.503732    0.004869    6.608059 ^ _391_/RN (gf180mcu_fd_sc_mcu7t5v0__dffrnq_1)
                                              6.608059   data arrival time

                                  0.000000    0.000000   clock clk_i (rise edge)
                                  0.000000    0.000000   clock source latency
     1    0.034554    0.173625    0.085924    0.085924 ^ clk_i (in)
                                                         clk_i (net)
                      0.173630    0.000000    0.085924 ^ clkbuf_0_clk_i/I (gf180mcu_fd_sc_mcu7t5v0__clkbuf_16)
     4    0.098873    0.157324    0.292079    0.378003 ^ clkbuf_0_clk_i/Z (gf180mcu_fd_sc_mcu7t5v0__clkbuf_16)
                                                         clknet_0_clk_i (net)
                      0.157325    0.001047    0.379049 ^ clkbuf_2_1__f_clk_i/I (gf180mcu_fd_sc_mcu7t5v0__clkbuf_16)
    10    0.059838    0.123586    0.262425    0.641474 ^ clkbuf_2_1__f_clk_i/Z (gf180mcu_fd_sc_mcu7t5v0__clkbuf_16)
                                                         clknet_2_1__leaf_clk_i (net)
                      0.123596    0.001983    0.643457 ^ _391_/CLK (gf180mcu_fd_sc_mcu7t5v0__dffrnq_1)
                                  0.250000    0.893457   clock uncertainty
                                  0.000000    0.893457   clock reconvergence pessimism
                                  0.443098    1.336554   library removal time
                                              1.336554   data required time
---------------------------------------------------------------------------------------------
                                              1.336554   data required time
                                             -6.608059   data arrival time
---------------------------------------------------------------------------------------------
                                              5.271505   slack (MET)


Startpoint: rstn_i (input port clocked by clk_i)
Endpoint: _392_ (removal check against rising-edge clock clk_i)
Path Group: asynchronous
Path Type: min

Fanout         Cap        Slew       Delay        Time   Description
---------------------------------------------------------------------------------------------
                                  0.000000    0.000000   clock clk_i (rise edge)
                                  0.000000    0.000000   clock network delay (propagated)
                                  4.000000    4.000000 ^ input external delay
     1    0.004595    0.123209    0.045516    4.045516 ^ rstn_i (in)
                                                         rstn_i (net)
                      0.123209    0.000000    4.045516 ^ input21/I (gf180mcu_fd_sc_mcu7t5v0__dlyb_1)
     1    0.004898    0.165305    0.877398    4.922915 ^ input21/Z (gf180mcu_fd_sc_mcu7t5v0__dlyb_1)
                                                         net21 (net)
                      0.165305    0.000060    4.922974 ^ fanout44/I (gf180mcu_fd_sc_mcu7t5v0__dlyb_1)
     9    0.090819    1.503682    1.680217    6.603191 ^ fanout44/Z (gf180mcu_fd_sc_mcu7t5v0__dlyb_1)
                                                         net44 (net)
                      1.503731    0.004847    6.608038 ^ _392_/RN (gf180mcu_fd_sc_mcu7t5v0__dffrnq_1)
                                              6.608038   data arrival time

                                  0.000000    0.000000   clock clk_i (rise edge)
                                  0.000000    0.000000   clock source latency
     1    0.034554    0.173625    0.085924    0.085924 ^ clk_i (in)
                                                         clk_i (net)
                      0.173630    0.000000    0.085924 ^ clkbuf_0_clk_i/I (gf180mcu_fd_sc_mcu7t5v0__clkbuf_16)
     4    0.098873    0.157324    0.292079    0.378003 ^ clkbuf_0_clk_i/Z (gf180mcu_fd_sc_mcu7t5v0__clkbuf_16)
                                                         clknet_0_clk_i (net)
                      0.157325    0.001047    0.379049 ^ clkbuf_2_1__f_clk_i/I (gf180mcu_fd_sc_mcu7t5v0__clkbuf_16)
    10    0.059838    0.123586    0.262425    0.641474 ^ clkbuf_2_1__f_clk_i/Z (gf180mcu_fd_sc_mcu7t5v0__clkbuf_16)
                                                         clknet_2_1__leaf_clk_i (net)
                      0.123595    0.001915    0.643389 ^ _392_/CLK (gf180mcu_fd_sc_mcu7t5v0__dffrnq_1)
                                  0.250000    0.893389   clock uncertainty
                                  0.000000    0.893389   clock reconvergence pessimism
                                  0.443098    1.336487   library removal time
                                              1.336487   data required time
---------------------------------------------------------------------------------------------
                                              1.336487   data required time
                                             -6.608038   data arrival time
---------------------------------------------------------------------------------------------
                                              5.271552   slack (MET)


Startpoint: rstn_i (input port clocked by clk_i)
Endpoint: _393_ (removal check against rising-edge clock clk_i)
Path Group: asynchronous
Path Type: min

Fanout         Cap        Slew       Delay        Time   Description
---------------------------------------------------------------------------------------------
                                  0.000000    0.000000   clock clk_i (rise edge)
                                  0.000000    0.000000   clock network delay (propagated)
                                  4.000000    4.000000 ^ input external delay
     1    0.004595    0.123209    0.045516    4.045516 ^ rstn_i (in)
                                                         rstn_i (net)
                      0.123209    0.000000    4.045516 ^ input21/I (gf180mcu_fd_sc_mcu7t5v0__dlyb_1)
     1    0.004898    0.165305    0.877398    4.922915 ^ input21/Z (gf180mcu_fd_sc_mcu7t5v0__dlyb_1)
                                                         net21 (net)
                      0.165305    0.000060    4.922974 ^ fanout44/I (gf180mcu_fd_sc_mcu7t5v0__dlyb_1)
     9    0.090819    1.503682    1.680217    6.603191 ^ fanout44/Z (gf180mcu_fd_sc_mcu7t5v0__dlyb_1)
                                                         net44 (net)
                      1.503735    0.005014    6.608205 ^ _393_/RN (gf180mcu_fd_sc_mcu7t5v0__dffrnq_1)
                                              6.608205   data arrival time

                                  0.000000    0.000000   clock clk_i (rise edge)
                                  0.000000    0.000000   clock source latency
     1    0.034554    0.173625    0.085924    0.085924 ^ clk_i (in)
                                                         clk_i (net)
                      0.173630    0.000000    0.085924 ^ clkbuf_0_clk_i/I (gf180mcu_fd_sc_mcu7t5v0__clkbuf_16)
     4    0.098873    0.157324    0.292079    0.378003 ^ clkbuf_0_clk_i/Z (gf180mcu_fd_sc_mcu7t5v0__clkbuf_16)
                                                         clknet_0_clk_i (net)
                      0.157325    0.001047    0.379049 ^ clkbuf_2_1__f_clk_i/I (gf180mcu_fd_sc_mcu7t5v0__clkbuf_16)
    10    0.059838    0.123586    0.262425    0.641474 ^ clkbuf_2_1__f_clk_i/Z (gf180mcu_fd_sc_mcu7t5v0__clkbuf_16)
                                                         clknet_2_1__leaf_clk_i (net)
                      0.123596    0.001952    0.643426 ^ _393_/CLK (gf180mcu_fd_sc_mcu7t5v0__dffrnq_1)
                                  0.250000    0.893426   clock uncertainty
                                  0.000000    0.893426   clock reconvergence pessimism
                                  0.443098    1.336524   library removal time
                                              1.336524   data required time
---------------------------------------------------------------------------------------------
                                              1.336524   data required time
                                             -6.608205   data arrival time
---------------------------------------------------------------------------------------------
                                              5.271681   slack (MET)


Startpoint: rstn_i (input port clocked by clk_i)
Endpoint: _394_ (removal check against rising-edge clock clk_i)
Path Group: asynchronous
Path Type: min

Fanout         Cap        Slew       Delay        Time   Description
---------------------------------------------------------------------------------------------
                                  0.000000    0.000000   clock clk_i (rise edge)
                                  0.000000    0.000000   clock network delay (propagated)
                                  4.000000    4.000000 ^ input external delay
     1    0.004595    0.123209    0.045516    4.045516 ^ rstn_i (in)
                                                         rstn_i (net)
                      0.123209    0.000000    4.045516 ^ input21/I (gf180mcu_fd_sc_mcu7t5v0__dlyb_1)
     1    0.004898    0.165305    0.877398    4.922915 ^ input21/Z (gf180mcu_fd_sc_mcu7t5v0__dlyb_1)
                                                         net21 (net)
                      0.165305    0.000060    4.922974 ^ fanout44/I (gf180mcu_fd_sc_mcu7t5v0__dlyb_1)
     9    0.090819    1.503682    1.680217    6.603191 ^ fanout44/Z (gf180mcu_fd_sc_mcu7t5v0__dlyb_1)
                                                         net44 (net)
                      1.503735    0.005011    6.608202 ^ _394_/RN (gf180mcu_fd_sc_mcu7t5v0__dffrnq_1)
                                              6.608202   data arrival time

                                  0.000000    0.000000   clock clk_i (rise edge)
                                  0.000000    0.000000   clock source latency
     1    0.034554    0.173625    0.085924    0.085924 ^ clk_i (in)
                                                         clk_i (net)
                      0.173630    0.000000    0.085924 ^ clkbuf_0_clk_i/I (gf180mcu_fd_sc_mcu7t5v0__clkbuf_16)
     4    0.098873    0.157324    0.292079    0.378003 ^ clkbuf_0_clk_i/Z (gf180mcu_fd_sc_mcu7t5v0__clkbuf_16)
                                                         clknet_0_clk_i (net)
                      0.157325    0.001047    0.379049 ^ clkbuf_2_1__f_clk_i/I (gf180mcu_fd_sc_mcu7t5v0__clkbuf_16)
    10    0.059838    0.123586    0.262425    0.641474 ^ clkbuf_2_1__f_clk_i/Z (gf180mcu_fd_sc_mcu7t5v0__clkbuf_16)
                                                         clknet_2_1__leaf_clk_i (net)
                      0.123596    0.001952    0.643426 ^ _394_/CLK (gf180mcu_fd_sc_mcu7t5v0__dffrnq_1)
                                  0.250000    0.893426   clock uncertainty
                                  0.000000    0.893426   clock reconvergence pessimism
                                  0.443098    1.336524   library removal time
                                              1.336524   data required time
---------------------------------------------------------------------------------------------
                                              1.336524   data required time
                                             -6.608202   data arrival time
---------------------------------------------------------------------------------------------
                                              5.271677   slack (MET)


Startpoint: rstn_i (input port clocked by clk_i)
Endpoint: _374_ (removal check against rising-edge clock clk_i)
Path Group: asynchronous
Path Type: min

Fanout         Cap        Slew       Delay        Time   Description
---------------------------------------------------------------------------------------------
                                  0.000000    0.000000   clock clk_i (rise edge)
                                  0.000000    0.000000   clock network delay (propagated)
                                  4.000000    4.000000 ^ input external delay
     1    0.004595    0.123209    0.045516    4.045516 ^ rstn_i (in)
                                                         rstn_i (net)
                      0.123209    0.000000    4.045516 ^ input21/I (gf180mcu_fd_sc_mcu7t5v0__dlyb_1)
     1    0.004898    0.165305    0.877398    4.922915 ^ input21/Z (gf180mcu_fd_sc_mcu7t5v0__dlyb_1)
                                                         net21 (net)
                      0.165305    0.000060    4.922974 ^ fanout44/I (gf180mcu_fd_sc_mcu7t5v0__dlyb_1)
     9    0.090819    1.503682    1.680217    6.603191 ^ fanout44/Z (gf180mcu_fd_sc_mcu7t5v0__dlyb_1)
                                                         net44 (net)
                      1.503697    0.002692    6.605883 ^ _374_/SETN (gf180mcu_fd_sc_mcu7t5v0__dffsnq_1)
                                              6.605883   data arrival time

                                  0.000000    0.000000   clock clk_i (rise edge)
                                  0.000000    0.000000   clock source latency
     1    0.034554    0.173625    0.085924    0.085924 ^ clk_i (in)
                                                         clk_i (net)
                      0.173630    0.000000    0.085924 ^ clkbuf_0_clk_i/I (gf180mcu_fd_sc_mcu7t5v0__clkbuf_16)
     4    0.098873    0.157324    0.292079    0.378003 ^ clkbuf_0_clk_i/Z (gf180mcu_fd_sc_mcu7t5v0__clkbuf_16)
                                                         clknet_0_clk_i (net)
                      0.157324    0.000345    0.378347 ^ clkbuf_2_2__f_clk_i/I (gf180mcu_fd_sc_mcu7t5v0__clkbuf_16)
    10    0.057356    0.121510    0.261050    0.639397 ^ clkbuf_2_2__f_clk_i/Z (gf180mcu_fd_sc_mcu7t5v0__clkbuf_16)
                                                         clknet_2_2__leaf_clk_i (net)
                      0.121510    0.000581    0.639977 ^ _374_/CLK (gf180mcu_fd_sc_mcu7t5v0__dffsnq_1)
                                  0.250000    0.889977   clock uncertainty
                                  0.000000    0.889977   clock reconvergence pessimism
                                  0.066024    0.956002   library removal time
                                              0.956002   data required time
---------------------------------------------------------------------------------------------
                                              0.956002   data required time
                                             -6.605883   data arrival time
---------------------------------------------------------------------------------------------
                                              5.649882   slack (MET)


Startpoint: rstn_i (input port clocked by clk_i)
Endpoint: _373_ (removal check against rising-edge clock clk_i)
Path Group: asynchronous
Path Type: min

Fanout         Cap        Slew       Delay        Time   Description
---------------------------------------------------------------------------------------------
                                  0.000000    0.000000   clock clk_i (rise edge)
                                  0.000000    0.000000   clock network delay (propagated)
                                  4.000000    4.000000 ^ input external delay
     1    0.004595    0.123209    0.045516    4.045516 ^ rstn_i (in)
                                                         rstn_i (net)
                      0.123209    0.000000    4.045516 ^ input21/I (gf180mcu_fd_sc_mcu7t5v0__dlyb_1)
     1    0.004898    0.165305    0.877398    4.922915 ^ input21/Z (gf180mcu_fd_sc_mcu7t5v0__dlyb_1)
                                                         net21 (net)
                      0.165305    0.000060    4.922974 ^ fanout44/I (gf180mcu_fd_sc_mcu7t5v0__dlyb_1)
     9    0.090819    1.503682    1.680217    6.603191 ^ fanout44/Z (gf180mcu_fd_sc_mcu7t5v0__dlyb_1)
                                                         net44 (net)
                      1.503706    0.003400    6.606591 ^ _373_/SETN (gf180mcu_fd_sc_mcu7t5v0__dffsnq_1)
                                              6.606591   data arrival time

                                  0.000000    0.000000   clock clk_i (rise edge)
                                  0.000000    0.000000   clock source latency
     1    0.034554    0.173625    0.085924    0.085924 ^ clk_i (in)
                                                         clk_i (net)
                      0.173630    0.000000    0.085924 ^ clkbuf_0_clk_i/I (gf180mcu_fd_sc_mcu7t5v0__clkbuf_16)
     4    0.098873    0.157324    0.292079    0.378003 ^ clkbuf_0_clk_i/Z (gf180mcu_fd_sc_mcu7t5v0__clkbuf_16)
                                                         clknet_0_clk_i (net)
                      0.157324    0.000696    0.378698 ^ clkbuf_2_3__f_clk_i/I (gf180mcu_fd_sc_mcu7t5v0__clkbuf_16)
     9    0.050413    0.115523    0.256319    0.635017 ^ clkbuf_2_3__f_clk_i/Z (gf180mcu_fd_sc_mcu7t5v0__clkbuf_16)
                                                         clknet_2_3__leaf_clk_i (net)
                      0.115524    0.000573    0.635590 ^ _373_/CLK (gf180mcu_fd_sc_mcu7t5v0__dffsnq_1)
                                  0.250000    0.885590   clock uncertainty
                                  0.000000    0.885590   clock reconvergence pessimism
                                  0.065025    0.950616   library removal time
                                              0.950616   data required time
---------------------------------------------------------------------------------------------
                                              0.950616   data required time
                                             -6.606591   data arrival time
---------------------------------------------------------------------------------------------
                                              5.655976   slack (MET)


Startpoint: _367_ (rising edge-triggered flip-flop clocked by clk_i)
Endpoint: rx_data_o[0] (output port clocked by clk_i)
Path Group: clk_i
Path Type: min

Fanout         Cap        Slew       Delay        Time   Description
---------------------------------------------------------------------------------------------
                                  0.000000    0.000000   clock clk_i (rise edge)
                                  0.000000    0.000000   clock source latency
     1    0.034554    0.173625    0.085924    0.085924 ^ clk_i (in)
                                                         clk_i (net)
                      0.173630    0.000000    0.085924 ^ clkbuf_0_clk_i/I (gf180mcu_fd_sc_mcu7t5v0__clkbuf_16)
     4    0.098873    0.157324    0.292079    0.378003 ^ clkbuf_0_clk_i/Z (gf180mcu_fd_sc_mcu7t5v0__clkbuf_16)
                                                         clknet_0_clk_i (net)
                      0.157324    0.000696    0.378698 ^ clkbuf_2_3__f_clk_i/I (gf180mcu_fd_sc_mcu7t5v0__clkbuf_16)
     9    0.050413    0.115523    0.256319    0.635017 ^ clkbuf_2_3__f_clk_i/Z (gf180mcu_fd_sc_mcu7t5v0__clkbuf_16)
                                                         clknet_2_3__leaf_clk_i (net)
                      0.115526    0.000963    0.635980 ^ _367_/CLK (gf180mcu_fd_sc_mcu7t5v0__dffsnq_1)
     2    0.009452    0.166671    0.800072    1.436052 v _367_/Q (gf180mcu_fd_sc_mcu7t5v0__dffsnq_1)
                                                         net28 (net)
                      0.166671    0.000171    1.436223 v output28/I (gf180mcu_fd_sc_mcu7t5v0__dlyb_1)
     1    0.074184    0.812312    1.500219    2.936443 v output28/Z (gf180mcu_fd_sc_mcu7t5v0__dlyb_1)
                                                         rx_data_o[0] (net)
                      0.812316    0.001008    2.937451 v rx_data_o[0] (out)
                                              2.937451   data arrival time

                                  0.000000    0.000000   clock clk_i (rise edge)
                                  0.000000    0.000000   clock network delay (propagated)
                                  0.250000    0.250000   clock uncertainty
                                  0.000000    0.250000   clock reconvergence pessimism
                                 -4.000000   -3.750000   output external delay
                                             -3.750000   data required time
---------------------------------------------------------------------------------------------
                                             -3.750000   data required time
                                             -2.937451   data arrival time
---------------------------------------------------------------------------------------------
                                              6.687451   slack (MET)


Startpoint: _374_ (rising edge-triggered flip-flop clocked by clk_i)
Endpoint: rx_data_o[7] (output port clocked by clk_i)
Path Group: clk_i
Path Type: min

Fanout         Cap        Slew       Delay        Time   Description
---------------------------------------------------------------------------------------------
                                  0.000000    0.000000   clock clk_i (rise edge)
                                  0.000000    0.000000   clock source latency
     1    0.034554    0.173625    0.085924    0.085924 ^ clk_i (in)
                                                         clk_i (net)
                      0.173630    0.000000    0.085924 ^ clkbuf_0_clk_i/I (gf180mcu_fd_sc_mcu7t5v0__clkbuf_16)
     4    0.098873    0.157324    0.292079    0.378003 ^ clkbuf_0_clk_i/Z (gf180mcu_fd_sc_mcu7t5v0__clkbuf_16)
                                                         clknet_0_clk_i (net)
                      0.157324    0.000345    0.378347 ^ clkbuf_2_2__f_clk_i/I (gf180mcu_fd_sc_mcu7t5v0__clkbuf_16)
    10    0.057356    0.121510    0.261050    0.639397 ^ clkbuf_2_2__f_clk_i/Z (gf180mcu_fd_sc_mcu7t5v0__clkbuf_16)
                                                         clknet_2_2__leaf_clk_i (net)
                      0.121510    0.000581    0.639977 ^ _374_/CLK (gf180mcu_fd_sc_mcu7t5v0__dffsnq_1)
     3    0.014156    0.205763    0.834185    1.474163 v _374_/Q (gf180mcu_fd_sc_mcu7t5v0__dffsnq_1)
                                                         net35 (net)
                      0.205763    0.000252    1.474415 v output35/I (gf180mcu_fd_sc_mcu7t5v0__dlyb_1)
     1    0.074668    0.816557    1.517189    2.991604 v output35/Z (gf180mcu_fd_sc_mcu7t5v0__dlyb_1)
                                                         rx_data_o[7] (net)
                      0.816561    0.001070    2.992674 v rx_data_o[7] (out)
                                              2.992674   data arrival time

                                  0.000000    0.000000   clock clk_i (rise edge)
                                  0.000000    0.000000   clock network delay (propagated)
                                  0.250000    0.250000   clock uncertainty
                                  0.000000    0.250000   clock reconvergence pessimism
                                 -4.000000   -3.750000   output external delay
                                             -3.750000   data required time
---------------------------------------------------------------------------------------------
                                             -3.750000   data required time
                                             -2.992674   data arrival time
---------------------------------------------------------------------------------------------
                                              6.742673   slack (MET)


Startpoint: _370_ (rising edge-triggered flip-flop clocked by clk_i)
Endpoint: rx_data_o[3] (output port clocked by clk_i)
Path Group: clk_i
Path Type: min

Fanout         Cap        Slew       Delay        Time   Description
---------------------------------------------------------------------------------------------
                                  0.000000    0.000000   clock clk_i (rise edge)
                                  0.000000    0.000000   clock source latency
     1    0.034554    0.173625    0.085924    0.085924 ^ clk_i (in)
                                                         clk_i (net)
                      0.173630    0.000000    0.085924 ^ clkbuf_0_clk_i/I (gf180mcu_fd_sc_mcu7t5v0__clkbuf_16)
     4    0.098873    0.157324    0.292079    0.378003 ^ clkbuf_0_clk_i/Z (gf180mcu_fd_sc_mcu7t5v0__clkbuf_16)
                                                         clknet_0_clk_i (net)
                      0.157324    0.000696    0.378698 ^ clkbuf_2_3__f_clk_i/I (gf180mcu_fd_sc_mcu7t5v0__clkbuf_16)
     9    0.050413    0.115523    0.256319    0.635017 ^ clkbuf_2_3__f_clk_i/Z (gf180mcu_fd_sc_mcu7t5v0__clkbuf_16)
                                                         clknet_2_3__leaf_clk_i (net)
                      0.115528    0.001268    0.636285 ^ _370_/CLK (gf180mcu_fd_sc_mcu7t5v0__dffsnq_1)
     3    0.016002    0.221153    0.845996    1.482281 v _370_/Q (gf180mcu_fd_sc_mcu7t5v0__dffsnq_1)
                                                         net31 (net)
                      0.221153    0.000184    1.482465 v output31/I (gf180mcu_fd_sc_mcu7t5v0__dlyb_1)
     1    0.075414    0.823128    1.527370    3.009835 v output31/Z (gf180mcu_fd_sc_mcu7t5v0__dlyb_1)
                                                         rx_data_o[3] (net)
                      0.823132    0.001048    3.010883 v rx_data_o[3] (out)
                                              3.010883   data arrival time

                                  0.000000    0.000000   clock clk_i (rise edge)
                                  0.000000    0.000000   clock network delay (propagated)
                                  0.250000    0.250000   clock uncertainty
                                  0.000000    0.250000   clock reconvergence pessimism
                                 -4.000000   -3.750000   output external delay
                                             -3.750000   data required time
---------------------------------------------------------------------------------------------
                                             -3.750000   data required time
                                             -3.010883   data arrival time
---------------------------------------------------------------------------------------------
                                              6.760883   slack (MET)


Startpoint: _371_ (rising edge-triggered flip-flop clocked by clk_i)
Endpoint: rx_data_o[4] (output port clocked by clk_i)
Path Group: clk_i
Path Type: min

Fanout         Cap        Slew       Delay        Time   Description
---------------------------------------------------------------------------------------------
                                  0.000000    0.000000   clock clk_i (rise edge)
                                  0.000000    0.000000   clock source latency
     1    0.034554    0.173625    0.085924    0.085924 ^ clk_i (in)
                                                         clk_i (net)
                      0.173630    0.000000    0.085924 ^ clkbuf_0_clk_i/I (gf180mcu_fd_sc_mcu7t5v0__clkbuf_16)
     4    0.098873    0.157324    0.292079    0.378003 ^ clkbuf_0_clk_i/Z (gf180mcu_fd_sc_mcu7t5v0__clkbuf_16)
                                                         clknet_0_clk_i (net)
                      0.157324    0.000696    0.378698 ^ clkbuf_2_3__f_clk_i/I (gf180mcu_fd_sc_mcu7t5v0__clkbuf_16)
     9    0.050413    0.115523    0.256319    0.635017 ^ clkbuf_2_3__f_clk_i/Z (gf180mcu_fd_sc_mcu7t5v0__clkbuf_16)
                                                         clknet_2_3__leaf_clk_i (net)
                      0.115529    0.001409    0.636426 ^ _371_/CLK (gf180mcu_fd_sc_mcu7t5v0__dffsnq_1)
     3    0.017312    0.232094    0.855060    1.491486 v _371_/Q (gf180mcu_fd_sc_mcu7t5v0__dffsnq_1)
                                                         net32 (net)
                      0.232096    0.000411    1.491897 v output32/I (gf180mcu_fd_sc_mcu7t5v0__dlyb_1)
     1    0.074914    0.818677    1.527774    3.019670 v output32/Z (gf180mcu_fd_sc_mcu7t5v0__dlyb_1)
                                                         rx_data_o[4] (net)
                      0.818686    0.001547    3.021217 v rx_data_o[4] (out)
                                              3.021217   data arrival time

                                  0.000000    0.000000   clock clk_i (rise edge)
                                  0.000000    0.000000   clock network delay (propagated)
                                  0.250000    0.250000   clock uncertainty
                                  0.000000    0.250000   clock reconvergence pessimism
                                 -4.000000   -3.750000   output external delay
                                             -3.750000   data required time
---------------------------------------------------------------------------------------------
                                             -3.750000   data required time
                                             -3.021217   data arrival time
---------------------------------------------------------------------------------------------
                                              6.771217   slack (MET)


Startpoint: _369_ (rising edge-triggered flip-flop clocked by clk_i)
Endpoint: rx_data_o[2] (output port clocked by clk_i)
Path Group: clk_i
Path Type: min

Fanout         Cap        Slew       Delay        Time   Description
---------------------------------------------------------------------------------------------
                                  0.000000    0.000000   clock clk_i (rise edge)
                                  0.000000    0.000000   clock source latency
     1    0.034554    0.173625    0.085924    0.085924 ^ clk_i (in)
                                                         clk_i (net)
                      0.173630    0.000000    0.085924 ^ clkbuf_0_clk_i/I (gf180mcu_fd_sc_mcu7t5v0__clkbuf_16)
     4    0.098873    0.157324    0.292079    0.378003 ^ clkbuf_0_clk_i/Z (gf180mcu_fd_sc_mcu7t5v0__clkbuf_16)
                                                         clknet_0_clk_i (net)
                      0.157324    0.000696    0.378698 ^ clkbuf_2_3__f_clk_i/I (gf180mcu_fd_sc_mcu7t5v0__clkbuf_16)
     9    0.050413    0.115523    0.256319    0.635017 ^ clkbuf_2_3__f_clk_i/Z (gf180mcu_fd_sc_mcu7t5v0__clkbuf_16)
                                                         clknet_2_3__leaf_clk_i (net)
                      0.115527    0.001083    0.636100 ^ _369_/CLK (gf180mcu_fd_sc_mcu7t5v0__dffsnq_1)
     3    0.017540    0.234027    0.856720    1.492820 v _369_/Q (gf180mcu_fd_sc_mcu7t5v0__dffsnq_1)
                                                         net30 (net)
                      0.234027    0.000253    1.493073 v output30/I (gf180mcu_fd_sc_mcu7t5v0__dlyb_1)
     1    0.074929    0.818859    1.529107    3.022180 v output30/Z (gf180mcu_fd_sc_mcu7t5v0__dlyb_1)
                                                         rx_data_o[2] (net)
                      0.818862    0.000880    3.023060 v rx_data_o[2] (out)
                                              3.023060   data arrival time

                                  0.000000    0.000000   clock clk_i (rise edge)
                                  0.000000    0.000000   clock network delay (propagated)
                                  0.250000    0.250000   clock uncertainty
                                  0.000000    0.250000   clock reconvergence pessimism
                                 -4.000000   -3.750000   output external delay
                                             -3.750000   data required time
---------------------------------------------------------------------------------------------
                                             -3.750000   data required time
                                             -3.023060   data arrival time
---------------------------------------------------------------------------------------------
                                              6.773060   slack (MET)


Startpoint: _373_ (rising edge-triggered flip-flop clocked by clk_i)
Endpoint: rx_data_o[6] (output port clocked by clk_i)
Path Group: clk_i
Path Type: min

Fanout         Cap        Slew       Delay        Time   Description
---------------------------------------------------------------------------------------------
                                  0.000000    0.000000   clock clk_i (rise edge)
                                  0.000000    0.000000   clock source latency
     1    0.034554    0.173625    0.085924    0.085924 ^ clk_i (in)
                                                         clk_i (net)
                      0.173630    0.000000    0.085924 ^ clkbuf_0_clk_i/I (gf180mcu_fd_sc_mcu7t5v0__clkbuf_16)
     4    0.098873    0.157324    0.292079    0.378003 ^ clkbuf_0_clk_i/Z (gf180mcu_fd_sc_mcu7t5v0__clkbuf_16)
                                                         clknet_0_clk_i (net)
                      0.157324    0.000696    0.378698 ^ clkbuf_2_3__f_clk_i/I (gf180mcu_fd_sc_mcu7t5v0__clkbuf_16)
     9    0.050413    0.115523    0.256319    0.635017 ^ clkbuf_2_3__f_clk_i/Z (gf180mcu_fd_sc_mcu7t5v0__clkbuf_16)
                                                         clknet_2_3__leaf_clk_i (net)
                      0.115524    0.000573    0.635590 ^ _373_/CLK (gf180mcu_fd_sc_mcu7t5v0__dffsnq_1)
     3    0.018204    0.239655    0.861343    1.496933 v _373_/Q (gf180mcu_fd_sc_mcu7t5v0__dffsnq_1)
                                                         net34 (net)
                      0.239655    0.000295    1.497228 v output34/I (gf180mcu_fd_sc_mcu7t5v0__dlyb_1)
     1    0.073939    0.810133    1.524915    3.022143 v output34/Z (gf180mcu_fd_sc_mcu7t5v0__dlyb_1)
                                                         rx_data_o[6] (net)
                      0.810136    0.000941    3.023084 v rx_data_o[6] (out)
                                              3.023084   data arrival time

                                  0.000000    0.000000   clock clk_i (rise edge)
                                  0.000000    0.000000   clock network delay (propagated)
                                  0.250000    0.250000   clock uncertainty
                                  0.000000    0.250000   clock reconvergence pessimism
                                 -4.000000   -3.750000   output external delay
                                             -3.750000   data required time
---------------------------------------------------------------------------------------------
                                             -3.750000   data required time
                                             -3.023084   data arrival time
---------------------------------------------------------------------------------------------
                                              6.773084   slack (MET)


Startpoint: _372_ (rising edge-triggered flip-flop clocked by clk_i)
Endpoint: rx_data_o[5] (output port clocked by clk_i)
Path Group: clk_i
Path Type: min

Fanout         Cap        Slew       Delay        Time   Description
---------------------------------------------------------------------------------------------
                                  0.000000    0.000000   clock clk_i (rise edge)
                                  0.000000    0.000000   clock source latency
     1    0.034554    0.173625    0.085924    0.085924 ^ clk_i (in)
                                                         clk_i (net)
                      0.173630    0.000000    0.085924 ^ clkbuf_0_clk_i/I (gf180mcu_fd_sc_mcu7t5v0__clkbuf_16)
     4    0.098873    0.157324    0.292079    0.378003 ^ clkbuf_0_clk_i/Z (gf180mcu_fd_sc_mcu7t5v0__clkbuf_16)
                                                         clknet_0_clk_i (net)
                      0.157324    0.000696    0.378698 ^ clkbuf_2_3__f_clk_i/I (gf180mcu_fd_sc_mcu7t5v0__clkbuf_16)
     9    0.050413    0.115523    0.256319    0.635017 ^ clkbuf_2_3__f_clk_i/Z (gf180mcu_fd_sc_mcu7t5v0__clkbuf_16)
                                                         clknet_2_3__leaf_clk_i (net)
                      0.115524    0.000545    0.635562 ^ _372_/CLK (gf180mcu_fd_sc_mcu7t5v0__dffsnq_1)
     3    0.018138    0.239095    0.860866    1.496428 v _372_/Q (gf180mcu_fd_sc_mcu7t5v0__dffsnq_1)
                                                         net33 (net)
                      0.239095    0.000199    1.496628 v output33/I (gf180mcu_fd_sc_mcu7t5v0__dlyb_1)
     1    0.074254    0.812904    1.526599    3.023227 v output33/Z (gf180mcu_fd_sc_mcu7t5v0__dlyb_1)
                                                         rx_data_o[5] (net)
                      0.812908    0.001036    3.024262 v rx_data_o[5] (out)
                                              3.024262   data arrival time

                                  0.000000    0.000000   clock clk_i (rise edge)
                                  0.000000    0.000000   clock network delay (propagated)
                                  0.250000    0.250000   clock uncertainty
                                  0.000000    0.250000   clock reconvergence pessimism
                                 -4.000000   -3.750000   output external delay
                                             -3.750000   data required time
---------------------------------------------------------------------------------------------
                                             -3.750000   data required time
                                             -3.024262   data arrival time
---------------------------------------------------------------------------------------------
                                              6.774262   slack (MET)


Startpoint: _368_ (rising edge-triggered flip-flop clocked by clk_i)
Endpoint: rx_data_o[1] (output port clocked by clk_i)
Path Group: clk_i
Path Type: min

Fanout         Cap        Slew       Delay        Time   Description
---------------------------------------------------------------------------------------------
                                  0.000000    0.000000   clock clk_i (rise edge)
                                  0.000000    0.000000   clock source latency
     1    0.034554    0.173625    0.085924    0.085924 ^ clk_i (in)
                                                         clk_i (net)
                      0.173630    0.000000    0.085924 ^ clkbuf_0_clk_i/I (gf180mcu_fd_sc_mcu7t5v0__clkbuf_16)
     4    0.098873    0.157324    0.292079    0.378003 ^ clkbuf_0_clk_i/Z (gf180mcu_fd_sc_mcu7t5v0__clkbuf_16)
                                                         clknet_0_clk_i (net)
                      0.157324    0.000696    0.378698 ^ clkbuf_2_3__f_clk_i/I (gf180mcu_fd_sc_mcu7t5v0__clkbuf_16)
     9    0.050413    0.115523    0.256319    0.635017 ^ clkbuf_2_3__f_clk_i/Z (gf180mcu_fd_sc_mcu7t5v0__clkbuf_16)
                                                         clknet_2_3__leaf_clk_i (net)
                      0.115525    0.000745    0.635763 ^ _368_/CLK (gf180mcu_fd_sc_mcu7t5v0__dffsnq_1)
     3    0.018703    0.244043    0.864878    1.500641 v _368_/Q (gf180mcu_fd_sc_mcu7t5v0__dffsnq_1)
                                                         net29 (net)
                      0.244043    0.000247    1.500888 v output29/I (gf180mcu_fd_sc_mcu7t5v0__dlyb_1)
     1    0.074591    0.815882    1.530661    3.031549 v output29/Z (gf180mcu_fd_sc_mcu7t5v0__dlyb_1)
                                                         rx_data_o[1] (net)
                      0.815882    0.000799    3.032348 v rx_data_o[1] (out)
                                              3.032348   data arrival time

                                  0.000000    0.000000   clock clk_i (rise edge)
                                  0.000000    0.000000   clock network delay (propagated)
                                  0.250000    0.250000   clock uncertainty
                                  0.000000    0.250000   clock reconvergence pessimism
                                 -4.000000   -3.750000   output external delay
                                             -3.750000   data required time
---------------------------------------------------------------------------------------------
                                             -3.750000   data required time
                                             -3.032348   data arrival time
---------------------------------------------------------------------------------------------
                                              6.782348   slack (MET)


Startpoint: _363_ (rising edge-triggered flip-flop clocked by clk_i)
Endpoint: err_parity_o (output port clocked by clk_i)
Path Group: clk_i
Path Type: min

Fanout         Cap        Slew       Delay        Time   Description
---------------------------------------------------------------------------------------------
                                  0.000000    0.000000   clock clk_i (rise edge)
                                  0.000000    0.000000   clock source latency
     1    0.034554    0.173625    0.085924    0.085924 ^ clk_i (in)
                                                         clk_i (net)
                      0.173630    0.000000    0.085924 ^ clkbuf_0_clk_i/I (gf180mcu_fd_sc_mcu7t5v0__clkbuf_16)
     4    0.098873    0.157324    0.292079    0.378003 ^ clkbuf_0_clk_i/Z (gf180mcu_fd_sc_mcu7t5v0__clkbuf_16)
                                                         clknet_0_clk_i (net)
                      0.157324    0.000345    0.378347 ^ clkbuf_2_2__f_clk_i/I (gf180mcu_fd_sc_mcu7t5v0__clkbuf_16)
    10    0.057356    0.121510    0.261050    0.639397 ^ clkbuf_2_2__f_clk_i/Z (gf180mcu_fd_sc_mcu7t5v0__clkbuf_16)
                                                         clknet_2_2__leaf_clk_i (net)
                      0.121511    0.000770    0.640167 ^ _363_/CLK (gf180mcu_fd_sc_mcu7t5v0__dffrnq_1)
     4    0.022323    0.262078    0.809741    1.449907 v _363_/Q (gf180mcu_fd_sc_mcu7t5v0__dffrnq_1)
                                                         r_error_parity (net)
                      0.262078    0.000288    1.450196 v _196_/I (gf180mcu_fd_sc_mcu7t5v0__clkinv_1)
     1    0.006425    0.177895    0.158592    1.608787 ^ _196_/ZN (gf180mcu_fd_sc_mcu7t5v0__clkinv_1)
                                                         _054_ (net)
                      0.177895    0.000136    1.608923 ^ _258_/A1 (gf180mcu_fd_sc_mcu7t5v0__nor2_1)
     1    0.003226    0.107406    0.099727    1.708651 v _258_/ZN (gf180mcu_fd_sc_mcu7t5v0__nor2_1)
                                                         net27 (net)
                      0.107406    0.000031    1.708682 v output27/I (gf180mcu_fd_sc_mcu7t5v0__dlyb_1)
     1    0.074494    0.815215    1.483359    3.192041 v output27/Z (gf180mcu_fd_sc_mcu7t5v0__dlyb_1)
                                                         err_parity_o (net)
                      0.815219    0.001041    3.193083 v err_parity_o (out)
                                              3.193083   data arrival time

                                  0.000000    0.000000   clock clk_i (rise edge)
                                  0.000000    0.000000   clock network delay (propagated)
                                  0.250000    0.250000   clock uncertainty
                                  0.000000    0.250000   clock reconvergence pessimism
                                 -4.000000   -3.750000   output external delay
                                             -3.750000   data required time
---------------------------------------------------------------------------------------------
                                             -3.750000   data required time
                                             -3.193083   data arrival time
---------------------------------------------------------------------------------------------
                                              6.943083   slack (MET)


Startpoint: rstn_i (input port clocked by clk_i)
Endpoint: _375_ (removal check against rising-edge clock clk_i)
Path Group: asynchronous
Path Type: min

Fanout         Cap        Slew       Delay        Time   Description
---------------------------------------------------------------------------------------------
                                  0.000000    0.000000   clock clk_i (rise edge)
                                  0.000000    0.000000   clock network delay (propagated)
                                  4.000000    4.000000 ^ input external delay
     1    0.004595    0.123209    0.045516    4.045516 ^ rstn_i (in)
                                                         rstn_i (net)
                      0.123209    0.000000    4.045516 ^ input21/I (gf180mcu_fd_sc_mcu7t5v0__dlyb_1)
     1    0.004898    0.165305    0.877398    4.922915 ^ input21/Z (gf180mcu_fd_sc_mcu7t5v0__dlyb_1)
                                                         net21 (net)
                      0.165305    0.000060    4.922974 ^ fanout44/I (gf180mcu_fd_sc_mcu7t5v0__dlyb_1)
     9    0.090819    1.503682    1.680217    6.603191 ^ fanout44/Z (gf180mcu_fd_sc_mcu7t5v0__dlyb_1)
                                                         net44 (net)
                      1.503692    0.002176    6.605367 ^ fanout42/I (gf180mcu_fd_sc_mcu7t5v0__dlyb_1)
    10    0.091282    1.512616    1.685301    8.290668 ^ fanout42/Z (gf180mcu_fd_sc_mcu7t5v0__dlyb_1)
                                                         net42 (net)
                      1.512616    0.001442    8.292109 ^ _375_/RN (gf180mcu_fd_sc_mcu7t5v0__dffrnq_1)
                                              8.292109   data arrival time

                                  0.000000    0.000000   clock clk_i (rise edge)
                                  0.000000    0.000000   clock source latency
     1    0.034554    0.173625    0.085924    0.085924 ^ clk_i (in)
                                                         clk_i (net)
                      0.173630    0.000000    0.085924 ^ clkbuf_0_clk_i/I (gf180mcu_fd_sc_mcu7t5v0__clkbuf_16)
     4    0.098873    0.157324    0.292079    0.378003 ^ clkbuf_0_clk_i/Z (gf180mcu_fd_sc_mcu7t5v0__clkbuf_16)
                                                         clknet_0_clk_i (net)
                      0.157325    0.001047    0.379049 ^ clkbuf_2_1__f_clk_i/I (gf180mcu_fd_sc_mcu7t5v0__clkbuf_16)
    10    0.059838    0.123586    0.262425    0.641474 ^ clkbuf_2_1__f_clk_i/Z (gf180mcu_fd_sc_mcu7t5v0__clkbuf_16)
                                                         clknet_2_1__leaf_clk_i (net)
                      0.123586    0.000241    0.641715 ^ _375_/CLK (gf180mcu_fd_sc_mcu7t5v0__dffrnq_1)
                                  0.250000    0.891715   clock uncertainty
                                  0.000000    0.891715   clock reconvergence pessimism
                                  0.443594    1.335308   library removal time
                                              1.335308   data required time
---------------------------------------------------------------------------------------------
                                              1.335308   data required time
                                             -8.292109   data arrival time
---------------------------------------------------------------------------------------------
                                              6.956801   slack (MET)


Startpoint: rstn_i (input port clocked by clk_i)
Endpoint: _376_ (removal check against rising-edge clock clk_i)
Path Group: asynchronous
Path Type: min

Fanout         Cap        Slew       Delay        Time   Description
---------------------------------------------------------------------------------------------
                                  0.000000    0.000000   clock clk_i (rise edge)
                                  0.000000    0.000000   clock network delay (propagated)
                                  4.000000    4.000000 ^ input external delay
     1    0.004595    0.123209    0.045516    4.045516 ^ rstn_i (in)
                                                         rstn_i (net)
                      0.123209    0.000000    4.045516 ^ input21/I (gf180mcu_fd_sc_mcu7t5v0__dlyb_1)
     1    0.004898    0.165305    0.877398    4.922915 ^ input21/Z (gf180mcu_fd_sc_mcu7t5v0__dlyb_1)
                                                         net21 (net)
                      0.165305    0.000060    4.922974 ^ fanout44/I (gf180mcu_fd_sc_mcu7t5v0__dlyb_1)
     9    0.090819    1.503682    1.680217    6.603191 ^ fanout44/Z (gf180mcu_fd_sc_mcu7t5v0__dlyb_1)
                                                         net44 (net)
                      1.503692    0.002176    6.605367 ^ fanout42/I (gf180mcu_fd_sc_mcu7t5v0__dlyb_1)
    10    0.091282    1.512616    1.685301    8.290668 ^ fanout42/Z (gf180mcu_fd_sc_mcu7t5v0__dlyb_1)
                                                         net42 (net)
                      1.512624    0.001912    8.292581 ^ _376_/RN (gf180mcu_fd_sc_mcu7t5v0__dffrnq_1)
                                              8.292581   data arrival time

                                  0.000000    0.000000   clock clk_i (rise edge)
                                  0.000000    0.000000   clock source latency
     1    0.034554    0.173625    0.085924    0.085924 ^ clk_i (in)
                                                         clk_i (net)
                      0.173630    0.000000    0.085924 ^ clkbuf_0_clk_i/I (gf180mcu_fd_sc_mcu7t5v0__clkbuf_16)
     4    0.098873    0.157324    0.292079    0.378003 ^ clkbuf_0_clk_i/Z (gf180mcu_fd_sc_mcu7t5v0__clkbuf_16)
                                                         clknet_0_clk_i (net)
                      0.157325    0.001047    0.379049 ^ clkbuf_2_1__f_clk_i/I (gf180mcu_fd_sc_mcu7t5v0__clkbuf_16)
    10    0.059838    0.123586    0.262425    0.641474 ^ clkbuf_2_1__f_clk_i/Z (gf180mcu_fd_sc_mcu7t5v0__clkbuf_16)
                                                         clknet_2_1__leaf_clk_i (net)
                      0.123586    0.000088    0.641562 ^ _376_/CLK (gf180mcu_fd_sc_mcu7t5v0__dffrnq_1)
                                  0.250000    0.891562   clock uncertainty
                                  0.000000    0.891562   clock reconvergence pessimism
                                  0.443594    1.335156   library removal time
                                              1.335156   data required time
---------------------------------------------------------------------------------------------
                                              1.335156   data required time
                                             -8.292581   data arrival time
---------------------------------------------------------------------------------------------
                                              6.957424   slack (MET)


Startpoint: rstn_i (input port clocked by clk_i)
Endpoint: _377_ (removal check against rising-edge clock clk_i)
Path Group: asynchronous
Path Type: min

Fanout         Cap        Slew       Delay        Time   Description
---------------------------------------------------------------------------------------------
                                  0.000000    0.000000   clock clk_i (rise edge)
                                  0.000000    0.000000   clock network delay (propagated)
                                  4.000000    4.000000 ^ input external delay
     1    0.004595    0.123209    0.045516    4.045516 ^ rstn_i (in)
                                                         rstn_i (net)
                      0.123209    0.000000    4.045516 ^ input21/I (gf180mcu_fd_sc_mcu7t5v0__dlyb_1)
     1    0.004898    0.165305    0.877398    4.922915 ^ input21/Z (gf180mcu_fd_sc_mcu7t5v0__dlyb_1)
                                                         net21 (net)
                      0.165305    0.000060    4.922974 ^ fanout44/I (gf180mcu_fd_sc_mcu7t5v0__dlyb_1)
     9    0.090819    1.503682    1.680217    6.603191 ^ fanout44/Z (gf180mcu_fd_sc_mcu7t5v0__dlyb_1)
                                                         net44 (net)
                      1.503692    0.002176    6.605367 ^ fanout42/I (gf180mcu_fd_sc_mcu7t5v0__dlyb_1)
    10    0.091282    1.512616    1.685301    8.290668 ^ fanout42/Z (gf180mcu_fd_sc_mcu7t5v0__dlyb_1)
                                                         net42 (net)
                      1.512631    0.002657    8.293325 ^ _377_/RN (gf180mcu_fd_sc_mcu7t5v0__dffrnq_1)
                                              8.293325   data arrival time

                                  0.000000    0.000000   clock clk_i (rise edge)
                                  0.000000    0.000000   clock source latency
     1    0.034554    0.173625    0.085924    0.085924 ^ clk_i (in)
                                                         clk_i (net)
                      0.173630    0.000000    0.085924 ^ clkbuf_0_clk_i/I (gf180mcu_fd_sc_mcu7t5v0__clkbuf_16)
     4    0.098873    0.157324    0.292079    0.378003 ^ clkbuf_0_clk_i/Z (gf180mcu_fd_sc_mcu7t5v0__clkbuf_16)
                                                         clknet_0_clk_i (net)
                      0.157324    0.000345    0.378347 ^ clkbuf_2_2__f_clk_i/I (gf180mcu_fd_sc_mcu7t5v0__clkbuf_16)
    10    0.057356    0.121510    0.261050    0.639397 ^ clkbuf_2_2__f_clk_i/Z (gf180mcu_fd_sc_mcu7t5v0__clkbuf_16)
                                                         clknet_2_2__leaf_clk_i (net)
                      0.121510    0.000414    0.639811 ^ _377_/CLK (gf180mcu_fd_sc_mcu7t5v0__dffrnq_1)
                                  0.250000    0.889811   clock uncertainty
                                  0.000000    0.889811   clock reconvergence pessimism
                                  0.443043    1.332854   library removal time
                                              1.332854   data required time
---------------------------------------------------------------------------------------------
                                              1.332854   data required time
                                             -8.293325   data arrival time
---------------------------------------------------------------------------------------------
                                              6.960472   slack (MET)


Startpoint: rstn_i (input port clocked by clk_i)
Endpoint: _387_ (removal check against rising-edge clock clk_i)
Path Group: asynchronous
Path Type: min

Fanout         Cap        Slew       Delay        Time   Description
---------------------------------------------------------------------------------------------
                                  0.000000    0.000000   clock clk_i (rise edge)
                                  0.000000    0.000000   clock network delay (propagated)
                                  4.000000    4.000000 ^ input external delay
     1    0.004595    0.123209    0.045516    4.045516 ^ rstn_i (in)
                                                         rstn_i (net)
                      0.123209    0.000000    4.045516 ^ input21/I (gf180mcu_fd_sc_mcu7t5v0__dlyb_1)
     1    0.004898    0.165305    0.877398    4.922915 ^ input21/Z (gf180mcu_fd_sc_mcu7t5v0__dlyb_1)
                                                         net21 (net)
                      0.165305    0.000060    4.922974 ^ fanout44/I (gf180mcu_fd_sc_mcu7t5v0__dlyb_1)
     9    0.090819    1.503682    1.680217    6.603191 ^ fanout44/Z (gf180mcu_fd_sc_mcu7t5v0__dlyb_1)
                                                         net44 (net)
                      1.503692    0.002176    6.605367 ^ fanout42/I (gf180mcu_fd_sc_mcu7t5v0__dlyb_1)
    10    0.091282    1.512616    1.685301    8.290668 ^ fanout42/Z (gf180mcu_fd_sc_mcu7t5v0__dlyb_1)
                                                         net42 (net)
                      1.512624    0.001971    8.292639 ^ _387_/RN (gf180mcu_fd_sc_mcu7t5v0__dffrnq_1)
                                              8.292639   data arrival time

                                  0.000000    0.000000   clock clk_i (rise edge)
                                  0.000000    0.000000   clock source latency
     1    0.034554    0.173625    0.085924    0.085924 ^ clk_i (in)
                                                         clk_i (net)
                      0.173630    0.000000    0.085924 ^ clkbuf_0_clk_i/I (gf180mcu_fd_sc_mcu7t5v0__clkbuf_16)
     4    0.098873    0.157324    0.292079    0.378003 ^ clkbuf_0_clk_i/Z (gf180mcu_fd_sc_mcu7t5v0__clkbuf_16)
                                                         clknet_0_clk_i (net)
                      0.157324    0.000696    0.378698 ^ clkbuf_2_3__f_clk_i/I (gf180mcu_fd_sc_mcu7t5v0__clkbuf_16)
     9    0.050413    0.115523    0.256319    0.635017 ^ clkbuf_2_3__f_clk_i/Z (gf180mcu_fd_sc_mcu7t5v0__clkbuf_16)
                                                         clknet_2_3__leaf_clk_i (net)
                      0.115530    0.001540    0.636557 ^ _387_/CLK (gf180mcu_fd_sc_mcu7t5v0__dffrnq_1)
                                  0.250000    0.886557   clock uncertainty
                                  0.000000    0.886557   clock reconvergence pessimism
                                  0.441455    1.328012   library removal time
                                              1.328012   data required time
---------------------------------------------------------------------------------------------
                                              1.328012   data required time
                                             -8.292639   data arrival time
---------------------------------------------------------------------------------------------
                                              6.964627   slack (MET)


Startpoint: rstn_i (input port clocked by clk_i)
Endpoint: _395_ (removal check against rising-edge clock clk_i)
Path Group: asynchronous
Path Type: min

Fanout         Cap        Slew       Delay        Time   Description
---------------------------------------------------------------------------------------------
                                  0.000000    0.000000   clock clk_i (rise edge)
                                  0.000000    0.000000   clock network delay (propagated)
                                  4.000000    4.000000 ^ input external delay
     1    0.004595    0.123209    0.045516    4.045516 ^ rstn_i (in)
                                                         rstn_i (net)
                      0.123209    0.000000    4.045516 ^ input21/I (gf180mcu_fd_sc_mcu7t5v0__dlyb_1)
     1    0.004898    0.165305    0.877398    4.922915 ^ input21/Z (gf180mcu_fd_sc_mcu7t5v0__dlyb_1)
                                                         net21 (net)
                      0.165305    0.000060    4.922974 ^ fanout44/I (gf180mcu_fd_sc_mcu7t5v0__dlyb_1)
     9    0.090819    1.503682    1.680217    6.603191 ^ fanout44/Z (gf180mcu_fd_sc_mcu7t5v0__dlyb_1)
                                                         net44 (net)
                      1.503682    0.000510    6.603701 ^ fanout43/I (gf180mcu_fd_sc_mcu7t5v0__dlyb_1)
    10    0.092763    1.536995    1.699680    8.303381 ^ fanout43/Z (gf180mcu_fd_sc_mcu7t5v0__dlyb_1)
                                                         net43 (net)
                      1.537013    0.002942    8.306323 ^ _395_/RN (gf180mcu_fd_sc_mcu7t5v0__dffrnq_1)
                                              8.306323   data arrival time

                                  0.000000    0.000000   clock clk_i (rise edge)
                                  0.000000    0.000000   clock source latency
     1    0.034554    0.173625    0.085924    0.085924 ^ clk_i (in)
                                                         clk_i (net)
                      0.173630    0.000000    0.085924 ^ clkbuf_0_clk_i/I (gf180mcu_fd_sc_mcu7t5v0__clkbuf_16)
     4    0.098873    0.157324    0.292079    0.378003 ^ clkbuf_0_clk_i/Z (gf180mcu_fd_sc_mcu7t5v0__clkbuf_16)
                                                         clknet_0_clk_i (net)
                      0.157325    0.001047    0.379049 ^ clkbuf_2_1__f_clk_i/I (gf180mcu_fd_sc_mcu7t5v0__clkbuf_16)
    10    0.059838    0.123586    0.262425    0.641474 ^ clkbuf_2_1__f_clk_i/Z (gf180mcu_fd_sc_mcu7t5v0__clkbuf_16)
                                                         clknet_2_1__leaf_clk_i (net)
                      0.123586    0.000269    0.641743 ^ _395_/CLK (gf180mcu_fd_sc_mcu7t5v0__dffrnq_1)
                                  0.250000    0.891743   clock uncertainty
                                  0.000000    0.891743   clock reconvergence pessimism
                                  0.444962    1.336705   library removal time
                                              1.336705   data required time
---------------------------------------------------------------------------------------------
                                              1.336705   data required time
                                             -8.306323   data arrival time
---------------------------------------------------------------------------------------------
                                              6.969617   slack (MET)


Startpoint: rstn_i (input port clocked by clk_i)
Endpoint: _365_ (removal check against rising-edge clock clk_i)
Path Group: asynchronous
Path Type: min

Fanout         Cap        Slew       Delay        Time   Description
---------------------------------------------------------------------------------------------
                                  0.000000    0.000000   clock clk_i (rise edge)
                                  0.000000    0.000000   clock network delay (propagated)
                                  4.000000    4.000000 ^ input external delay
     1    0.004595    0.123209    0.045516    4.045516 ^ rstn_i (in)
                                                         rstn_i (net)
                      0.123209    0.000000    4.045516 ^ input21/I (gf180mcu_fd_sc_mcu7t5v0__dlyb_1)
     1    0.004898    0.165305    0.877398    4.922915 ^ input21/Z (gf180mcu_fd_sc_mcu7t5v0__dlyb_1)
                                                         net21 (net)
                      0.165305    0.000060    4.922974 ^ fanout44/I (gf180mcu_fd_sc_mcu7t5v0__dlyb_1)
     9    0.090819    1.503682    1.680217    6.603191 ^ fanout44/Z (gf180mcu_fd_sc_mcu7t5v0__dlyb_1)
                                                         net44 (net)
                      1.503682    0.000510    6.603701 ^ fanout43/I (gf180mcu_fd_sc_mcu7t5v0__dlyb_1)
    10    0.092763    1.536995    1.699680    8.303381 ^ fanout43/Z (gf180mcu_fd_sc_mcu7t5v0__dlyb_1)
                                                         net43 (net)
                      1.536995    0.001067    8.304448 ^ _365_/RN (gf180mcu_fd_sc_mcu7t5v0__dffrnq_1)
                                              8.304448   data arrival time

                                  0.000000    0.000000   clock clk_i (rise edge)
                                  0.000000    0.000000   clock source latency
     1    0.034554    0.173625    0.085924    0.085924 ^ clk_i (in)
                                                         clk_i (net)
                      0.173630    0.000000    0.085924 ^ clkbuf_0_clk_i/I (gf180mcu_fd_sc_mcu7t5v0__clkbuf_16)
     4    0.098873    0.157324    0.292079    0.378003 ^ clkbuf_0_clk_i/Z (gf180mcu_fd_sc_mcu7t5v0__clkbuf_16)
                                                         clknet_0_clk_i (net)
                      0.157324    0.000345    0.378347 ^ clkbuf_2_2__f_clk_i/I (gf180mcu_fd_sc_mcu7t5v0__clkbuf_16)
    10    0.057356    0.121510    0.261050    0.639397 ^ clkbuf_2_2__f_clk_i/Z (gf180mcu_fd_sc_mcu7t5v0__clkbuf_16)
                                                         clknet_2_2__leaf_clk_i (net)
                      0.121512    0.000920    0.640317 ^ _365_/CLK (gf180mcu_fd_sc_mcu7t5v0__dffrnq_1)
                                  0.250000    0.890317   clock uncertainty
                                  0.000000    0.890317   clock reconvergence pessimism
                                  0.444405    1.334721   library removal time
                                              1.334721   data required time
---------------------------------------------------------------------------------------------
                                              1.334721   data required time
                                             -8.304448   data arrival time
---------------------------------------------------------------------------------------------
                                              6.969727   slack (MET)


Startpoint: rstn_i (input port clocked by clk_i)
Endpoint: _366_ (removal check against rising-edge clock clk_i)
Path Group: asynchronous
Path Type: min

Fanout         Cap        Slew       Delay        Time   Description
---------------------------------------------------------------------------------------------
                                  0.000000    0.000000   clock clk_i (rise edge)
                                  0.000000    0.000000   clock network delay (propagated)
                                  4.000000    4.000000 ^ input external delay
     1    0.004595    0.123209    0.045516    4.045516 ^ rstn_i (in)
                                                         rstn_i (net)
                      0.123209    0.000000    4.045516 ^ input21/I (gf180mcu_fd_sc_mcu7t5v0__dlyb_1)
     1    0.004898    0.165305    0.877398    4.922915 ^ input21/Z (gf180mcu_fd_sc_mcu7t5v0__dlyb_1)
                                                         net21 (net)
                      0.165305    0.000060    4.922974 ^ fanout44/I (gf180mcu_fd_sc_mcu7t5v0__dlyb_1)
     9    0.090819    1.503682    1.680217    6.603191 ^ fanout44/Z (gf180mcu_fd_sc_mcu7t5v0__dlyb_1)
                                                         net44 (net)
                      1.503682    0.000510    6.603701 ^ fanout43/I (gf180mcu_fd_sc_mcu7t5v0__dlyb_1)
    10    0.092763    1.536995    1.699680    8.303381 ^ fanout43/Z (gf180mcu_fd_sc_mcu7t5v0__dlyb_1)
                                                         net43 (net)
                      1.536995    0.001437    8.304818 ^ _366_/RN (gf180mcu_fd_sc_mcu7t5v0__dffrnq_1)
                                              8.304818   data arrival time

                                  0.000000    0.000000   clock clk_i (rise edge)
                                  0.000000    0.000000   clock source latency
     1    0.034554    0.173625    0.085924    0.085924 ^ clk_i (in)
                                                         clk_i (net)
                      0.173630    0.000000    0.085924 ^ clkbuf_0_clk_i/I (gf180mcu_fd_sc_mcu7t5v0__clkbuf_16)
     4    0.098873    0.157324    0.292079    0.378003 ^ clkbuf_0_clk_i/Z (gf180mcu_fd_sc_mcu7t5v0__clkbuf_16)
                                                         clknet_0_clk_i (net)
                      0.157324    0.000345    0.378347 ^ clkbuf_2_2__f_clk_i/I (gf180mcu_fd_sc_mcu7t5v0__clkbuf_16)
    10    0.057356    0.121510    0.261050    0.639397 ^ clkbuf_2_2__f_clk_i/Z (gf180mcu_fd_sc_mcu7t5v0__clkbuf_16)
                                                         clknet_2_2__leaf_clk_i (net)
                      0.121511    0.000812    0.640209 ^ _366_/CLK (gf180mcu_fd_sc_mcu7t5v0__dffrnq_1)
                                  0.250000    0.890209   clock uncertainty
                                  0.000000    0.890209   clock reconvergence pessimism
                                  0.444404    1.334613   library removal time
                                              1.334613   data required time
---------------------------------------------------------------------------------------------
                                              1.334613   data required time
                                             -8.304818   data arrival time
---------------------------------------------------------------------------------------------
                                              6.970205   slack (MET)


Startpoint: rstn_i (input port clocked by clk_i)
Endpoint: _363_ (removal check against rising-edge clock clk_i)
Path Group: asynchronous
Path Type: min

Fanout         Cap        Slew       Delay        Time   Description
---------------------------------------------------------------------------------------------
                                  0.000000    0.000000   clock clk_i (rise edge)
                                  0.000000    0.000000   clock network delay (propagated)
                                  4.000000    4.000000 ^ input external delay
     1    0.004595    0.123209    0.045516    4.045516 ^ rstn_i (in)
                                                         rstn_i (net)
                      0.123209    0.000000    4.045516 ^ input21/I (gf180mcu_fd_sc_mcu7t5v0__dlyb_1)
     1    0.004898    0.165305    0.877398    4.922915 ^ input21/Z (gf180mcu_fd_sc_mcu7t5v0__dlyb_1)
                                                         net21 (net)
                      0.165305    0.000060    4.922974 ^ fanout44/I (gf180mcu_fd_sc_mcu7t5v0__dlyb_1)
     9    0.090819    1.503682    1.680217    6.603191 ^ fanout44/Z (gf180mcu_fd_sc_mcu7t5v0__dlyb_1)
                                                         net44 (net)
                      1.503682    0.000510    6.603701 ^ fanout43/I (gf180mcu_fd_sc_mcu7t5v0__dlyb_1)
    10    0.092763    1.536995    1.699680    8.303381 ^ fanout43/Z (gf180mcu_fd_sc_mcu7t5v0__dlyb_1)
                                                         net43 (net)
                      1.537000    0.001648    8.305030 ^ _363_/RN (gf180mcu_fd_sc_mcu7t5v0__dffrnq_1)
                                              8.305030   data arrival time

                                  0.000000    0.000000   clock clk_i (rise edge)
                                  0.000000    0.000000   clock source latency
     1    0.034554    0.173625    0.085924    0.085924 ^ clk_i (in)
                                                         clk_i (net)
                      0.173630    0.000000    0.085924 ^ clkbuf_0_clk_i/I (gf180mcu_fd_sc_mcu7t5v0__clkbuf_16)
     4    0.098873    0.157324    0.292079    0.378003 ^ clkbuf_0_clk_i/Z (gf180mcu_fd_sc_mcu7t5v0__clkbuf_16)
                                                         clknet_0_clk_i (net)
                      0.157324    0.000345    0.378347 ^ clkbuf_2_2__f_clk_i/I (gf180mcu_fd_sc_mcu7t5v0__clkbuf_16)
    10    0.057356    0.121510    0.261050    0.639397 ^ clkbuf_2_2__f_clk_i/Z (gf180mcu_fd_sc_mcu7t5v0__clkbuf_16)
                                                         clknet_2_2__leaf_clk_i (net)
                      0.121511    0.000770    0.640167 ^ _363_/CLK (gf180mcu_fd_sc_mcu7t5v0__dffrnq_1)
                                  0.250000    0.890167   clock uncertainty
                                  0.000000    0.890167   clock reconvergence pessimism
                                  0.444405    1.334571   library removal time
                                              1.334571   data required time
---------------------------------------------------------------------------------------------
                                              1.334571   data required time
                                             -8.305030   data arrival time
---------------------------------------------------------------------------------------------
                                              6.970459   slack (MET)


Startpoint: rstn_i (input port clocked by clk_i)
Endpoint: _378_ (removal check against rising-edge clock clk_i)
Path Group: asynchronous
Path Type: min

Fanout         Cap        Slew       Delay        Time   Description
---------------------------------------------------------------------------------------------
                                  0.000000    0.000000   clock clk_i (rise edge)
                                  0.000000    0.000000   clock network delay (propagated)
                                  4.000000    4.000000 ^ input external delay
     1    0.004595    0.123209    0.045516    4.045516 ^ rstn_i (in)
                                                         rstn_i (net)
                      0.123209    0.000000    4.045516 ^ input21/I (gf180mcu_fd_sc_mcu7t5v0__dlyb_1)
     1    0.004898    0.165305    0.877398    4.922915 ^ input21/Z (gf180mcu_fd_sc_mcu7t5v0__dlyb_1)
                                                         net21 (net)
                      0.165305    0.000060    4.922974 ^ fanout44/I (gf180mcu_fd_sc_mcu7t5v0__dlyb_1)
     9    0.090819    1.503682    1.680217    6.603191 ^ fanout44/Z (gf180mcu_fd_sc_mcu7t5v0__dlyb_1)
                                                         net44 (net)
                      1.503682    0.000510    6.603701 ^ fanout43/I (gf180mcu_fd_sc_mcu7t5v0__dlyb_1)
    10    0.092763    1.536995    1.699680    8.303381 ^ fanout43/Z (gf180mcu_fd_sc_mcu7t5v0__dlyb_1)
                                                         net43 (net)
                      1.537005    0.002209    8.305591 ^ _378_/RN (gf180mcu_fd_sc_mcu7t5v0__dffrnq_1)
                                              8.305591   data arrival time

                                  0.000000    0.000000   clock clk_i (rise edge)
                                  0.000000    0.000000   clock source latency
     1    0.034554    0.173625    0.085924    0.085924 ^ clk_i (in)
                                                         clk_i (net)
                      0.173630    0.000000    0.085924 ^ clkbuf_0_clk_i/I (gf180mcu_fd_sc_mcu7t5v0__clkbuf_16)
     4    0.098873    0.157324    0.292079    0.378003 ^ clkbuf_0_clk_i/Z (gf180mcu_fd_sc_mcu7t5v0__clkbuf_16)
                                                         clknet_0_clk_i (net)
                      0.157324    0.000345    0.378347 ^ clkbuf_2_2__f_clk_i/I (gf180mcu_fd_sc_mcu7t5v0__clkbuf_16)
    10    0.057356    0.121510    0.261050    0.639397 ^ clkbuf_2_2__f_clk_i/Z (gf180mcu_fd_sc_mcu7t5v0__clkbuf_16)
                                                         clknet_2_2__leaf_clk_i (net)
                      0.121510    0.000548    0.639945 ^ _378_/CLK (gf180mcu_fd_sc_mcu7t5v0__dffrnq_1)
                                  0.250000    0.889945   clock uncertainty
                                  0.000000    0.889945   clock reconvergence pessimism
                                  0.444405    1.334350   library removal time
                                              1.334350   data required time
---------------------------------------------------------------------------------------------
                                              1.334350   data required time
                                             -8.305591   data arrival time
---------------------------------------------------------------------------------------------
                                              6.971241   slack (MET)


Startpoint: rstn_i (input port clocked by clk_i)
Endpoint: _364_ (removal check against rising-edge clock clk_i)
Path Group: asynchronous
Path Type: min

Fanout         Cap        Slew       Delay        Time   Description
---------------------------------------------------------------------------------------------
                                  0.000000    0.000000   clock clk_i (rise edge)
                                  0.000000    0.000000   clock network delay (propagated)
                                  4.000000    4.000000 ^ input external delay
     1    0.004595    0.123209    0.045516    4.045516 ^ rstn_i (in)
                                                         rstn_i (net)
                      0.123209    0.000000    4.045516 ^ input21/I (gf180mcu_fd_sc_mcu7t5v0__dlyb_1)
     1    0.004898    0.165305    0.877398    4.922915 ^ input21/Z (gf180mcu_fd_sc_mcu7t5v0__dlyb_1)
                                                         net21 (net)
                      0.165305    0.000060    4.922974 ^ fanout44/I (gf180mcu_fd_sc_mcu7t5v0__dlyb_1)
     9    0.090819    1.503682    1.680217    6.603191 ^ fanout44/Z (gf180mcu_fd_sc_mcu7t5v0__dlyb_1)
                                                         net44 (net)
                      1.503682    0.000510    6.603701 ^ fanout43/I (gf180mcu_fd_sc_mcu7t5v0__dlyb_1)
    10    0.092763    1.536995    1.699680    8.303381 ^ fanout43/Z (gf180mcu_fd_sc_mcu7t5v0__dlyb_1)
                                                         net43 (net)
                      1.537015    0.003141    8.306522 ^ _364_/RN (gf180mcu_fd_sc_mcu7t5v0__dffrnq_1)
                                              8.306522   data arrival time

                                  0.000000    0.000000   clock clk_i (rise edge)
                                  0.000000    0.000000   clock source latency
     1    0.034554    0.173625    0.085924    0.085924 ^ clk_i (in)
                                                         clk_i (net)
                      0.173630    0.000000    0.085924 ^ clkbuf_0_clk_i/I (gf180mcu_fd_sc_mcu7t5v0__clkbuf_16)
     4    0.098873    0.157324    0.292079    0.378003 ^ clkbuf_0_clk_i/Z (gf180mcu_fd_sc_mcu7t5v0__clkbuf_16)
                                                         clknet_0_clk_i (net)
                      0.157324    0.000345    0.378347 ^ clkbuf_2_2__f_clk_i/I (gf180mcu_fd_sc_mcu7t5v0__clkbuf_16)
    10    0.057356    0.121510    0.261050    0.639397 ^ clkbuf_2_2__f_clk_i/Z (gf180mcu_fd_sc_mcu7t5v0__clkbuf_16)
                                                         clknet_2_2__leaf_clk_i (net)
                      0.121510    0.000601    0.639998 ^ _364_/CLK (gf180mcu_fd_sc_mcu7t5v0__dffrnq_1)
                                  0.250000    0.889998   clock uncertainty
                                  0.000000    0.889998   clock reconvergence pessimism
                                  0.444405    1.334403   library removal time
                                              1.334403   data required time
---------------------------------------------------------------------------------------------
                                              1.334403   data required time
                                             -8.306522   data arrival time
---------------------------------------------------------------------------------------------
                                              6.972119   slack (MET)


Startpoint: rstn_i (input port clocked by clk_i)
Endpoint: _386_ (removal check against rising-edge clock clk_i)
Path Group: asynchronous
Path Type: min

Fanout         Cap        Slew       Delay        Time   Description
---------------------------------------------------------------------------------------------
                                  0.000000    0.000000   clock clk_i (rise edge)
                                  0.000000    0.000000   clock network delay (propagated)
                                  4.000000    4.000000 ^ input external delay
     1    0.004595    0.123209    0.045516    4.045516 ^ rstn_i (in)
                                                         rstn_i (net)
                      0.123209    0.000000    4.045516 ^ input21/I (gf180mcu_fd_sc_mcu7t5v0__dlyb_1)
     1    0.004898    0.165305    0.877398    4.922915 ^ input21/Z (gf180mcu_fd_sc_mcu7t5v0__dlyb_1)
                                                         net21 (net)
                      0.165305    0.000060    4.922974 ^ fanout44/I (gf180mcu_fd_sc_mcu7t5v0__dlyb_1)
     9    0.090819    1.503682    1.680217    6.603191 ^ fanout44/Z (gf180mcu_fd_sc_mcu7t5v0__dlyb_1)
                                                         net44 (net)
                      1.503682    0.000510    6.603701 ^ fanout43/I (gf180mcu_fd_sc_mcu7t5v0__dlyb_1)
    10    0.092763    1.536995    1.699680    8.303381 ^ fanout43/Z (gf180mcu_fd_sc_mcu7t5v0__dlyb_1)
                                                         net43 (net)
                      1.537016    0.003219    8.306600 ^ _386_/RN (gf180mcu_fd_sc_mcu7t5v0__dffrnq_1)
                                              8.306600   data arrival time

                                  0.000000    0.000000   clock clk_i (rise edge)
                                  0.000000    0.000000   clock source latency
     1    0.034554    0.173625    0.085924    0.085924 ^ clk_i (in)
                                                         clk_i (net)
                      0.173630    0.000000    0.085924 ^ clkbuf_0_clk_i/I (gf180mcu_fd_sc_mcu7t5v0__clkbuf_16)
     4    0.098873    0.157324    0.292079    0.378003 ^ clkbuf_0_clk_i/Z (gf180mcu_fd_sc_mcu7t5v0__clkbuf_16)
                                                         clknet_0_clk_i (net)
                      0.157325    0.001046    0.379048 ^ clkbuf_2_0__f_clk_i/I (gf180mcu_fd_sc_mcu7t5v0__clkbuf_16)
    10    0.055009    0.119410    0.259034    0.638082 ^ clkbuf_2_0__f_clk_i/Z (gf180mcu_fd_sc_mcu7t5v0__clkbuf_16)
                                                         clknet_2_0__leaf_clk_i (net)
                      0.119412    0.001010    0.639092 ^ _386_/CLK (gf180mcu_fd_sc_mcu7t5v0__dffrnq_1)
                                  0.250000    0.889092   clock uncertainty
                                  0.000000    0.889092   clock reconvergence pessimism
                                  0.443842    1.332934   library removal time
                                              1.332934   data required time
---------------------------------------------------------------------------------------------
                                              1.332934   data required time
                                             -8.306600   data arrival time
---------------------------------------------------------------------------------------------
                                              6.973666   slack (MET)


Startpoint: _363_ (rising edge-triggered flip-flop clocked by clk_i)
Endpoint: rx_valid_o (output port clocked by clk_i)
Path Group: clk_i
Path Type: min

Fanout         Cap        Slew       Delay        Time   Description
---------------------------------------------------------------------------------------------
                                  0.000000    0.000000   clock clk_i (rise edge)
                                  0.000000    0.000000   clock source latency
     1    0.034554    0.173625    0.085924    0.085924 ^ clk_i (in)
                                                         clk_i (net)
                      0.173630    0.000000    0.085924 ^ clkbuf_0_clk_i/I (gf180mcu_fd_sc_mcu7t5v0__clkbuf_16)
     4    0.098873    0.157324    0.292079    0.378003 ^ clkbuf_0_clk_i/Z (gf180mcu_fd_sc_mcu7t5v0__clkbuf_16)
                                                         clknet_0_clk_i (net)
                      0.157324    0.000345    0.378347 ^ clkbuf_2_2__f_clk_i/I (gf180mcu_fd_sc_mcu7t5v0__clkbuf_16)
    10    0.057356    0.121510    0.261050    0.639397 ^ clkbuf_2_2__f_clk_i/Z (gf180mcu_fd_sc_mcu7t5v0__clkbuf_16)
                                                         clknet_2_2__leaf_clk_i (net)
                      0.121511    0.000770    0.640167 ^ _363_/CLK (gf180mcu_fd_sc_mcu7t5v0__dffrnq_1)
     4    0.022323    0.262078    0.809741    1.449907 v _363_/Q (gf180mcu_fd_sc_mcu7t5v0__dffrnq_1)
                                                         r_error_parity (net)
                      0.262079    0.000417    1.450324 v _255_/A1 (gf180mcu_fd_sc_mcu7t5v0__nor2_1)
     2    0.007922    0.359533    0.268761    1.719085 ^ _255_/ZN (gf180mcu_fd_sc_mcu7t5v0__nor2_1)
                                                         net36 (net)
                      0.359533    0.000089    1.719174 ^ output36/I (gf180mcu_fd_sc_mcu7t5v0__dlyb_1)
     1    0.074171    1.239567    1.547348    3.266522 ^ output36/Z (gf180mcu_fd_sc_mcu7t5v0__dlyb_1)
                                                         rx_valid_o (net)
                      1.239567    0.000896    3.267418 ^ rx_valid_o (out)
                                              3.267418   data arrival time

                                  0.000000    0.000000   clock clk_i (rise edge)
                                  0.000000    0.000000   clock network delay (propagated)
                                  0.250000    0.250000   clock uncertainty
                                  0.000000    0.250000   clock reconvergence pessimism
                                 -4.000000   -3.750000   output external delay
                                             -3.750000   data required time
---------------------------------------------------------------------------------------------
                                             -3.750000   data required time
                                             -3.267418   data arrival time
---------------------------------------------------------------------------------------------
                                              7.017418   slack (MET)


Startpoint: _363_ (rising edge-triggered flip-flop clocked by clk_i)
Endpoint: err_overflow_o (output port clocked by clk_i)
Path Group: clk_i
Path Type: min

Fanout         Cap        Slew       Delay        Time   Description
---------------------------------------------------------------------------------------------
                                  0.000000    0.000000   clock clk_i (rise edge)
                                  0.000000    0.000000   clock source latency
     1    0.034554    0.173625    0.085924    0.085924 ^ clk_i (in)
                                                         clk_i (net)
                      0.173630    0.000000    0.085924 ^ clkbuf_0_clk_i/I (gf180mcu_fd_sc_mcu7t5v0__clkbuf_16)
     4    0.098873    0.157324    0.292079    0.378003 ^ clkbuf_0_clk_i/Z (gf180mcu_fd_sc_mcu7t5v0__clkbuf_16)
                                                         clknet_0_clk_i (net)
                      0.157324    0.000345    0.378347 ^ clkbuf_2_2__f_clk_i/I (gf180mcu_fd_sc_mcu7t5v0__clkbuf_16)
    10    0.057356    0.121510    0.261050    0.639397 ^ clkbuf_2_2__f_clk_i/Z (gf180mcu_fd_sc_mcu7t5v0__clkbuf_16)
                                                         clknet_2_2__leaf_clk_i (net)
                      0.121511    0.000770    0.640167 ^ _363_/CLK (gf180mcu_fd_sc_mcu7t5v0__dffrnq_1)
     4    0.022323    0.262078    0.809741    1.449907 v _363_/Q (gf180mcu_fd_sc_mcu7t5v0__dffrnq_1)
                                                         r_error_parity (net)
                      0.262079    0.000399    1.450306 v _257_/A1 (gf180mcu_fd_sc_mcu7t5v0__nor3_1)
     1    0.003940    0.380061    0.261184    1.711490 ^ _257_/ZN (gf180mcu_fd_sc_mcu7t5v0__nor3_1)
                                                         net26 (net)
                      0.380061    0.000076    1.711566 ^ output26/I (gf180mcu_fd_sc_mcu7t5v0__dlyb_1)
     1    0.074931    1.251745    1.555004    3.266570 ^ output26/Z (gf180mcu_fd_sc_mcu7t5v0__dlyb_1)
                                                         err_overflow_o (net)
                      1.251745    0.001063    3.267633 ^ err_overflow_o (out)
                                              3.267633   data arrival time

                                  0.000000    0.000000   clock clk_i (rise edge)
                                  0.000000    0.000000   clock network delay (propagated)
                                  0.250000    0.250000   clock uncertainty
                                  0.000000    0.250000   clock reconvergence pessimism
                                 -4.000000   -3.750000   output external delay
                                             -3.750000   data required time
---------------------------------------------------------------------------------------------
                                             -3.750000   data required time
                                             -3.267633   data arrival time
---------------------------------------------------------------------------------------------
                                              7.017633   slack (MET)


Startpoint: rstn_i (input port clocked by clk_i)
Endpoint: _390_ (removal check against rising-edge clock clk_i)
Path Group: asynchronous
Path Type: min

Fanout         Cap        Slew       Delay        Time   Description
---------------------------------------------------------------------------------------------
                                  0.000000    0.000000   clock clk_i (rise edge)
                                  0.000000    0.000000   clock network delay (propagated)
                                  4.000000    4.000000 ^ input external delay
     1    0.004595    0.123209    0.045516    4.045516 ^ rstn_i (in)
                                                         rstn_i (net)
                      0.123209    0.000000    4.045516 ^ input21/I (gf180mcu_fd_sc_mcu7t5v0__dlyb_1)
     1    0.004898    0.165305    0.877398    4.922915 ^ input21/Z (gf180mcu_fd_sc_mcu7t5v0__dlyb_1)
                                                         net21 (net)
                      0.165305    0.000060    4.922974 ^ fanout44/I (gf180mcu_fd_sc_mcu7t5v0__dlyb_1)
     9    0.090819    1.503682    1.680217    6.603191 ^ fanout44/Z (gf180mcu_fd_sc_mcu7t5v0__dlyb_1)
                                                         net44 (net)
                      1.503682    0.000774    6.603966 ^ fanout41/I (gf180mcu_fd_sc_mcu7t5v0__dlyb_1)
    10    0.101295    1.673825    1.778553    8.382519 ^ fanout41/Z (gf180mcu_fd_sc_mcu7t5v0__dlyb_1)
                                                         net41 (net)
                      1.673838    0.002702    8.385221 ^ _390_/RN (gf180mcu_fd_sc_mcu7t5v0__dffrnq_1)
                                              8.385221   data arrival time

                                  0.000000    0.000000   clock clk_i (rise edge)
                                  0.000000    0.000000   clock source latency
     1    0.034554    0.173625    0.085924    0.085924 ^ clk_i (in)
                                                         clk_i (net)
                      0.173630    0.000000    0.085924 ^ clkbuf_0_clk_i/I (gf180mcu_fd_sc_mcu7t5v0__clkbuf_16)
     4    0.098873    0.157324    0.292079    0.378003 ^ clkbuf_0_clk_i/Z (gf180mcu_fd_sc_mcu7t5v0__clkbuf_16)
                                                         clknet_0_clk_i (net)
                      0.157325    0.001047    0.379049 ^ clkbuf_2_1__f_clk_i/I (gf180mcu_fd_sc_mcu7t5v0__clkbuf_16)
    10    0.059838    0.123586    0.262425    0.641474 ^ clkbuf_2_1__f_clk_i/Z (gf180mcu_fd_sc_mcu7t5v0__clkbuf_16)
                                                         clknet_2_1__leaf_clk_i (net)
                      0.123597    0.002062    0.643536 ^ _390_/CLK (gf180mcu_fd_sc_mcu7t5v0__dffrnq_1)
                                  0.250000    0.893536   clock uncertainty
                                  0.000000    0.893536   clock reconvergence pessimism
                                  0.449529    1.343065   library removal time
                                              1.343065   data required time
---------------------------------------------------------------------------------------------
                                              1.343065   data required time
                                             -8.385221   data arrival time
---------------------------------------------------------------------------------------------
                                              7.042155   slack (MET)


Startpoint: rstn_i (input port clocked by clk_i)
Endpoint: _388_ (removal check against rising-edge clock clk_i)
Path Group: asynchronous
Path Type: min

Fanout         Cap        Slew       Delay        Time   Description
---------------------------------------------------------------------------------------------
                                  0.000000    0.000000   clock clk_i (rise edge)
                                  0.000000    0.000000   clock network delay (propagated)
                                  4.000000    4.000000 ^ input external delay
     1    0.004595    0.123209    0.045516    4.045516 ^ rstn_i (in)
                                                         rstn_i (net)
                      0.123209    0.000000    4.045516 ^ input21/I (gf180mcu_fd_sc_mcu7t5v0__dlyb_1)
     1    0.004898    0.165305    0.877398    4.922915 ^ input21/Z (gf180mcu_fd_sc_mcu7t5v0__dlyb_1)
                                                         net21 (net)
                      0.165305    0.000060    4.922974 ^ fanout44/I (gf180mcu_fd_sc_mcu7t5v0__dlyb_1)
     9    0.090819    1.503682    1.680217    6.603191 ^ fanout44/Z (gf180mcu_fd_sc_mcu7t5v0__dlyb_1)
                                                         net44 (net)
                      1.503682    0.000774    6.603966 ^ fanout41/I (gf180mcu_fd_sc_mcu7t5v0__dlyb_1)
    10    0.101295    1.673825    1.778553    8.382519 ^ fanout41/Z (gf180mcu_fd_sc_mcu7t5v0__dlyb_1)
                                                         net41 (net)
                      1.673835    0.002296    8.384815 ^ _388_/RN (gf180mcu_fd_sc_mcu7t5v0__dffrnq_1)
                                              8.384815   data arrival time

                                  0.000000    0.000000   clock clk_i (rise edge)
                                  0.000000    0.000000   clock source latency
     1    0.034554    0.173625    0.085924    0.085924 ^ clk_i (in)
                                                         clk_i (net)
                      0.173630    0.000000    0.085924 ^ clkbuf_0_clk_i/I (gf180mcu_fd_sc_mcu7t5v0__clkbuf_16)
     4    0.098873    0.157324    0.292079    0.378003 ^ clkbuf_0_clk_i/Z (gf180mcu_fd_sc_mcu7t5v0__clkbuf_16)
                                                         clknet_0_clk_i (net)
                      0.157325    0.001047    0.379049 ^ clkbuf_2_1__f_clk_i/I (gf180mcu_fd_sc_mcu7t5v0__clkbuf_16)
    10    0.059838    0.123586    0.262425    0.641474 ^ clkbuf_2_1__f_clk_i/Z (gf180mcu_fd_sc_mcu7t5v0__clkbuf_16)
                                                         clknet_2_1__leaf_clk_i (net)
                      0.123586    0.000510    0.641984 ^ _388_/CLK (gf180mcu_fd_sc_mcu7t5v0__dffrnq_1)
                                  0.250000    0.891984   clock uncertainty
                                  0.000000    0.891984   clock reconvergence pessimism
                                  0.449526    1.341510   library removal time
                                              1.341510   data required time
---------------------------------------------------------------------------------------------
                                              1.341510   data required time
                                             -8.384815   data arrival time
---------------------------------------------------------------------------------------------
                                              7.043305   slack (MET)


Startpoint: rstn_i (input port clocked by clk_i)
Endpoint: _385_ (removal check against rising-edge clock clk_i)
Path Group: asynchronous
Path Type: min

Fanout         Cap        Slew       Delay        Time   Description
---------------------------------------------------------------------------------------------
                                  0.000000    0.000000   clock clk_i (rise edge)
                                  0.000000    0.000000   clock network delay (propagated)
                                  4.000000    4.000000 ^ input external delay
     1    0.004595    0.123209    0.045516    4.045516 ^ rstn_i (in)
                                                         rstn_i (net)
                      0.123209    0.000000    4.045516 ^ input21/I (gf180mcu_fd_sc_mcu7t5v0__dlyb_1)
     1    0.004898    0.165305    0.877398    4.922915 ^ input21/Z (gf180mcu_fd_sc_mcu7t5v0__dlyb_1)
                                                         net21 (net)
                      0.165305    0.000060    4.922974 ^ fanout44/I (gf180mcu_fd_sc_mcu7t5v0__dlyb_1)
     9    0.090819    1.503682    1.680217    6.603191 ^ fanout44/Z (gf180mcu_fd_sc_mcu7t5v0__dlyb_1)
                                                         net44 (net)
                      1.503682    0.000774    6.603966 ^ fanout41/I (gf180mcu_fd_sc_mcu7t5v0__dlyb_1)
    10    0.101295    1.673825    1.778553    8.382519 ^ fanout41/Z (gf180mcu_fd_sc_mcu7t5v0__dlyb_1)
                                                         net41 (net)
                      1.673825    0.001645    8.384164 ^ _385_/RN (gf180mcu_fd_sc_mcu7t5v0__dffrnq_1)
                                              8.384164   data arrival time

                                  0.000000    0.000000   clock clk_i (rise edge)
                                  0.000000    0.000000   clock source latency
     1    0.034554    0.173625    0.085924    0.085924 ^ clk_i (in)
                                                         clk_i (net)
                      0.173630    0.000000    0.085924 ^ clkbuf_0_clk_i/I (gf180mcu_fd_sc_mcu7t5v0__clkbuf_16)
     4    0.098873    0.157324    0.292079    0.378003 ^ clkbuf_0_clk_i/Z (gf180mcu_fd_sc_mcu7t5v0__clkbuf_16)
                                                         clknet_0_clk_i (net)
                      0.157325    0.001046    0.379048 ^ clkbuf_2_0__f_clk_i/I (gf180mcu_fd_sc_mcu7t5v0__clkbuf_16)
    10    0.055009    0.119410    0.259034    0.638082 ^ clkbuf_2_0__f_clk_i/Z (gf180mcu_fd_sc_mcu7t5v0__clkbuf_16)
                                                         clknet_2_0__leaf_clk_i (net)
                      0.119421    0.001975    0.640057 ^ _385_/CLK (gf180mcu_fd_sc_mcu7t5v0__dffrnq_1)
                                  0.250000    0.890057   clock uncertainty
                                  0.000000    0.890057   clock reconvergence pessimism
                                  0.448444    1.338501   library removal time
                                              1.338501   data required time
---------------------------------------------------------------------------------------------
                                              1.338501   data required time
                                             -8.384164   data arrival time
---------------------------------------------------------------------------------------------
                                              7.045663   slack (MET)


Startpoint: rstn_i (input port clocked by clk_i)
Endpoint: _383_ (removal check against rising-edge clock clk_i)
Path Group: asynchronous
Path Type: min

Fanout         Cap        Slew       Delay        Time   Description
---------------------------------------------------------------------------------------------
                                  0.000000    0.000000   clock clk_i (rise edge)
                                  0.000000    0.000000   clock network delay (propagated)
                                  4.000000    4.000000 ^ input external delay
     1    0.004595    0.123209    0.045516    4.045516 ^ rstn_i (in)
                                                         rstn_i (net)
                      0.123209    0.000000    4.045516 ^ input21/I (gf180mcu_fd_sc_mcu7t5v0__dlyb_1)
     1    0.004898    0.165305    0.877398    4.922915 ^ input21/Z (gf180mcu_fd_sc_mcu7t5v0__dlyb_1)
                                                         net21 (net)
                      0.165305    0.000060    4.922974 ^ fanout44/I (gf180mcu_fd_sc_mcu7t5v0__dlyb_1)
     9    0.090819    1.503682    1.680217    6.603191 ^ fanout44/Z (gf180mcu_fd_sc_mcu7t5v0__dlyb_1)
                                                         net44 (net)
                      1.503682    0.000774    6.603966 ^ fanout41/I (gf180mcu_fd_sc_mcu7t5v0__dlyb_1)
    10    0.101295    1.673825    1.778553    8.382519 ^ fanout41/Z (gf180mcu_fd_sc_mcu7t5v0__dlyb_1)
                                                         net41 (net)
                      1.673837    0.002552    8.385071 ^ _383_/RN (gf180mcu_fd_sc_mcu7t5v0__dffrnq_1)
                                              8.385071   data arrival time

                                  0.000000    0.000000   clock clk_i (rise edge)
                                  0.000000    0.000000   clock source latency
     1    0.034554    0.173625    0.085924    0.085924 ^ clk_i (in)
                                                         clk_i (net)
                      0.173630    0.000000    0.085924 ^ clkbuf_0_clk_i/I (gf180mcu_fd_sc_mcu7t5v0__clkbuf_16)
     4    0.098873    0.157324    0.292079    0.378003 ^ clkbuf_0_clk_i/Z (gf180mcu_fd_sc_mcu7t5v0__clkbuf_16)
                                                         clknet_0_clk_i (net)
                      0.157325    0.001046    0.379048 ^ clkbuf_2_0__f_clk_i/I (gf180mcu_fd_sc_mcu7t5v0__clkbuf_16)
    10    0.055009    0.119410    0.259034    0.638082 ^ clkbuf_2_0__f_clk_i/Z (gf180mcu_fd_sc_mcu7t5v0__clkbuf_16)
                                                         clknet_2_0__leaf_clk_i (net)
                      0.119426    0.002371    0.640453 ^ _383_/CLK (gf180mcu_fd_sc_mcu7t5v0__dffrnq_1)
                                  0.250000    0.890453   clock uncertainty
                                  0.000000    0.890453   clock reconvergence pessimism
                                  0.448446    1.338899   library removal time
                                              1.338899   data required time
---------------------------------------------------------------------------------------------
                                              1.338899   data required time
                                             -8.385071   data arrival time
---------------------------------------------------------------------------------------------
                                              7.046172   slack (MET)


Startpoint: rstn_i (input port clocked by clk_i)
Endpoint: _382_ (removal check against rising-edge clock clk_i)
Path Group: asynchronous
Path Type: min

Fanout         Cap        Slew       Delay        Time   Description
---------------------------------------------------------------------------------------------
                                  0.000000    0.000000   clock clk_i (rise edge)
                                  0.000000    0.000000   clock network delay (propagated)
                                  4.000000    4.000000 ^ input external delay
     1    0.004595    0.123209    0.045516    4.045516 ^ rstn_i (in)
                                                         rstn_i (net)
                      0.123209    0.000000    4.045516 ^ input21/I (gf180mcu_fd_sc_mcu7t5v0__dlyb_1)
     1    0.004898    0.165305    0.877398    4.922915 ^ input21/Z (gf180mcu_fd_sc_mcu7t5v0__dlyb_1)
                                                         net21 (net)
                      0.165305    0.000060    4.922974 ^ fanout44/I (gf180mcu_fd_sc_mcu7t5v0__dlyb_1)
     9    0.090819    1.503682    1.680217    6.603191 ^ fanout44/Z (gf180mcu_fd_sc_mcu7t5v0__dlyb_1)
                                                         net44 (net)
                      1.503682    0.000774    6.603966 ^ fanout41/I (gf180mcu_fd_sc_mcu7t5v0__dlyb_1)
    10    0.101295    1.673825    1.778553    8.382519 ^ fanout41/Z (gf180mcu_fd_sc_mcu7t5v0__dlyb_1)
                                                         net41 (net)
                      1.673839    0.002731    8.385250 ^ _382_/RN (gf180mcu_fd_sc_mcu7t5v0__dffrnq_1)
                                              8.385250   data arrival time

                                  0.000000    0.000000   clock clk_i (rise edge)
                                  0.000000    0.000000   clock source latency
     1    0.034554    0.173625    0.085924    0.085924 ^ clk_i (in)
                                                         clk_i (net)
                      0.173630    0.000000    0.085924 ^ clkbuf_0_clk_i/I (gf180mcu_fd_sc_mcu7t5v0__clkbuf_16)
     4    0.098873    0.157324    0.292079    0.378003 ^ clkbuf_0_clk_i/Z (gf180mcu_fd_sc_mcu7t5v0__clkbuf_16)
                                                         clknet_0_clk_i (net)
                      0.157325    0.001046    0.379048 ^ clkbuf_2_0__f_clk_i/I (gf180mcu_fd_sc_mcu7t5v0__clkbuf_16)
    10    0.055009    0.119410    0.259034    0.638082 ^ clkbuf_2_0__f_clk_i/Z (gf180mcu_fd_sc_mcu7t5v0__clkbuf_16)
                                                         clknet_2_0__leaf_clk_i (net)
                      0.119426    0.002332    0.640414 ^ _382_/CLK (gf180mcu_fd_sc_mcu7t5v0__dffrnq_1)
                                  0.250000    0.890414   clock uncertainty
                                  0.000000    0.890414   clock reconvergence pessimism
                                  0.448446    1.338860   library removal time
                                              1.338860   data required time
---------------------------------------------------------------------------------------------
                                              1.338860   data required time
                                             -8.385250   data arrival time
---------------------------------------------------------------------------------------------
                                              7.046391   slack (MET)


Startpoint: rstn_i (input port clocked by clk_i)
Endpoint: _381_ (removal check against rising-edge clock clk_i)
Path Group: asynchronous
Path Type: min

Fanout         Cap        Slew       Delay        Time   Description
---------------------------------------------------------------------------------------------
                                  0.000000    0.000000   clock clk_i (rise edge)
                                  0.000000    0.000000   clock network delay (propagated)
                                  4.000000    4.000000 ^ input external delay
     1    0.004595    0.123209    0.045516    4.045516 ^ rstn_i (in)
                                                         rstn_i (net)
                      0.123209    0.000000    4.045516 ^ input21/I (gf180mcu_fd_sc_mcu7t5v0__dlyb_1)
     1    0.004898    0.165305    0.877398    4.922915 ^ input21/Z (gf180mcu_fd_sc_mcu7t5v0__dlyb_1)
                                                         net21 (net)
                      0.165305    0.000060    4.922974 ^ fanout44/I (gf180mcu_fd_sc_mcu7t5v0__dlyb_1)
     9    0.090819    1.503682    1.680217    6.603191 ^ fanout44/Z (gf180mcu_fd_sc_mcu7t5v0__dlyb_1)
                                                         net44 (net)
                      1.503682    0.000774    6.603966 ^ fanout41/I (gf180mcu_fd_sc_mcu7t5v0__dlyb_1)
    10    0.101295    1.673825    1.778553    8.382519 ^ fanout41/Z (gf180mcu_fd_sc_mcu7t5v0__dlyb_1)
                                                         net41 (net)
                      1.673843    0.003159    8.385678 ^ _381_/RN (gf180mcu_fd_sc_mcu7t5v0__dffrnq_1)
                                              8.385678   data arrival time

                                  0.000000    0.000000   clock clk_i (rise edge)
                                  0.000000    0.000000   clock source latency
     1    0.034554    0.173625    0.085924    0.085924 ^ clk_i (in)
                                                         clk_i (net)
                      0.173630    0.000000    0.085924 ^ clkbuf_0_clk_i/I (gf180mcu_fd_sc_mcu7t5v0__clkbuf_16)
     4    0.098873    0.157324    0.292079    0.378003 ^ clkbuf_0_clk_i/Z (gf180mcu_fd_sc_mcu7t5v0__clkbuf_16)
                                                         clknet_0_clk_i (net)
                      0.157325    0.001046    0.379048 ^ clkbuf_2_0__f_clk_i/I (gf180mcu_fd_sc_mcu7t5v0__clkbuf_16)
    10    0.055009    0.119410    0.259034    0.638082 ^ clkbuf_2_0__f_clk_i/Z (gf180mcu_fd_sc_mcu7t5v0__clkbuf_16)
                                                         clknet_2_0__leaf_clk_i (net)
                      0.119428    0.002510    0.640592 ^ _381_/CLK (gf180mcu_fd_sc_mcu7t5v0__dffrnq_1)
                                  0.250000    0.890592   clock uncertainty
                                  0.000000    0.890592   clock reconvergence pessimism
                                  0.448446    1.339039   library removal time
                                              1.339039   data required time
---------------------------------------------------------------------------------------------
                                              1.339039   data required time
                                             -8.385678   data arrival time
---------------------------------------------------------------------------------------------
                                              7.046639   slack (MET)


Startpoint: rstn_i (input port clocked by clk_i)
Endpoint: _379_ (removal check against rising-edge clock clk_i)
Path Group: asynchronous
Path Type: min

Fanout         Cap        Slew       Delay        Time   Description
---------------------------------------------------------------------------------------------
                                  0.000000    0.000000   clock clk_i (rise edge)
                                  0.000000    0.000000   clock network delay (propagated)
                                  4.000000    4.000000 ^ input external delay
     1    0.004595    0.123209    0.045516    4.045516 ^ rstn_i (in)
                                                         rstn_i (net)
                      0.123209    0.000000    4.045516 ^ input21/I (gf180mcu_fd_sc_mcu7t5v0__dlyb_1)
     1    0.004898    0.165305    0.877398    4.922915 ^ input21/Z (gf180mcu_fd_sc_mcu7t5v0__dlyb_1)
                                                         net21 (net)
                      0.165305    0.000060    4.922974 ^ fanout44/I (gf180mcu_fd_sc_mcu7t5v0__dlyb_1)
     9    0.090819    1.503682    1.680217    6.603191 ^ fanout44/Z (gf180mcu_fd_sc_mcu7t5v0__dlyb_1)
                                                         net44 (net)
                      1.503682    0.000774    6.603966 ^ fanout41/I (gf180mcu_fd_sc_mcu7t5v0__dlyb_1)
    10    0.101295    1.673825    1.778553    8.382519 ^ fanout41/Z (gf180mcu_fd_sc_mcu7t5v0__dlyb_1)
                                                         net41 (net)
                      1.673846    0.003415    8.385934 ^ _379_/RN (gf180mcu_fd_sc_mcu7t5v0__dffrnq_1)
                                              8.385934   data arrival time

                                  0.000000    0.000000   clock clk_i (rise edge)
                                  0.000000    0.000000   clock source latency
     1    0.034554    0.173625    0.085924    0.085924 ^ clk_i (in)
                                                         clk_i (net)
                      0.173630    0.000000    0.085924 ^ clkbuf_0_clk_i/I (gf180mcu_fd_sc_mcu7t5v0__clkbuf_16)
     4    0.098873    0.157324    0.292079    0.378003 ^ clkbuf_0_clk_i/Z (gf180mcu_fd_sc_mcu7t5v0__clkbuf_16)
                                                         clknet_0_clk_i (net)
                      0.157325    0.001046    0.379048 ^ clkbuf_2_0__f_clk_i/I (gf180mcu_fd_sc_mcu7t5v0__clkbuf_16)
    10    0.055009    0.119410    0.259034    0.638082 ^ clkbuf_2_0__f_clk_i/Z (gf180mcu_fd_sc_mcu7t5v0__clkbuf_16)
                                                         clknet_2_0__leaf_clk_i (net)
                      0.119430    0.002605    0.640687 ^ _379_/CLK (gf180mcu_fd_sc_mcu7t5v0__dffrnq_1)
                                  0.250000    0.890687   clock uncertainty
                                  0.000000    0.890687   clock reconvergence pessimism
                                  0.448447    1.339134   library removal time
                                              1.339134   data required time
---------------------------------------------------------------------------------------------
                                              1.339134   data required time
                                             -8.385934   data arrival time
---------------------------------------------------------------------------------------------
                                              7.046800   slack (MET)


Startpoint: rstn_i (input port clocked by clk_i)
Endpoint: _380_ (removal check against rising-edge clock clk_i)
Path Group: asynchronous
Path Type: min

Fanout         Cap        Slew       Delay        Time   Description
---------------------------------------------------------------------------------------------
                                  0.000000    0.000000   clock clk_i (rise edge)
                                  0.000000    0.000000   clock network delay (propagated)
                                  4.000000    4.000000 ^ input external delay
     1    0.004595    0.123209    0.045516    4.045516 ^ rstn_i (in)
                                                         rstn_i (net)
                      0.123209    0.000000    4.045516 ^ input21/I (gf180mcu_fd_sc_mcu7t5v0__dlyb_1)
     1    0.004898    0.165305    0.877398    4.922915 ^ input21/Z (gf180mcu_fd_sc_mcu7t5v0__dlyb_1)
                                                         net21 (net)
                      0.165305    0.000060    4.922974 ^ fanout44/I (gf180mcu_fd_sc_mcu7t5v0__dlyb_1)
     9    0.090819    1.503682    1.680217    6.603191 ^ fanout44/Z (gf180mcu_fd_sc_mcu7t5v0__dlyb_1)
                                                         net44 (net)
                      1.503682    0.000774    6.603966 ^ fanout41/I (gf180mcu_fd_sc_mcu7t5v0__dlyb_1)
    10    0.101295    1.673825    1.778553    8.382519 ^ fanout41/Z (gf180mcu_fd_sc_mcu7t5v0__dlyb_1)
                                                         net41 (net)
                      1.673848    0.003519    8.386038 ^ _380_/RN (gf180mcu_fd_sc_mcu7t5v0__dffrnq_1)
                                              8.386038   data arrival time

                                  0.000000    0.000000   clock clk_i (rise edge)
                                  0.000000    0.000000   clock source latency
     1    0.034554    0.173625    0.085924    0.085924 ^ clk_i (in)
                                                         clk_i (net)
                      0.173630    0.000000    0.085924 ^ clkbuf_0_clk_i/I (gf180mcu_fd_sc_mcu7t5v0__clkbuf_16)
     4    0.098873    0.157324    0.292079    0.378003 ^ clkbuf_0_clk_i/Z (gf180mcu_fd_sc_mcu7t5v0__clkbuf_16)
                                                         clknet_0_clk_i (net)
                      0.157325    0.001046    0.379048 ^ clkbuf_2_0__f_clk_i/I (gf180mcu_fd_sc_mcu7t5v0__clkbuf_16)
    10    0.055009    0.119410    0.259034    0.638082 ^ clkbuf_2_0__f_clk_i/Z (gf180mcu_fd_sc_mcu7t5v0__clkbuf_16)
                                                         clknet_2_0__leaf_clk_i (net)
                      0.119430    0.002630    0.640712 ^ _380_/CLK (gf180mcu_fd_sc_mcu7t5v0__dffrnq_1)
                                  0.250000    0.890712   clock uncertainty
                                  0.000000    0.890712   clock reconvergence pessimism
                                  0.448447    1.339160   library removal time
                                              1.339160   data required time
---------------------------------------------------------------------------------------------
                                              1.339160   data required time
                                             -8.386038   data arrival time
---------------------------------------------------------------------------------------------
                                              7.046878   slack (MET)


Startpoint: rstn_i (input port clocked by clk_i)
Endpoint: _384_ (removal check against rising-edge clock clk_i)
Path Group: asynchronous
Path Type: min

Fanout         Cap        Slew       Delay        Time   Description
---------------------------------------------------------------------------------------------
                                  0.000000    0.000000   clock clk_i (rise edge)
                                  0.000000    0.000000   clock network delay (propagated)
                                  4.000000    4.000000 ^ input external delay
     1    0.004595    0.123209    0.045516    4.045516 ^ rstn_i (in)
                                                         rstn_i (net)
                      0.123209    0.000000    4.045516 ^ input21/I (gf180mcu_fd_sc_mcu7t5v0__dlyb_1)
     1    0.004898    0.165305    0.877398    4.922915 ^ input21/Z (gf180mcu_fd_sc_mcu7t5v0__dlyb_1)
                                                         net21 (net)
                      0.165305    0.000060    4.922974 ^ fanout44/I (gf180mcu_fd_sc_mcu7t5v0__dlyb_1)
     9    0.090819    1.503682    1.680217    6.603191 ^ fanout44/Z (gf180mcu_fd_sc_mcu7t5v0__dlyb_1)
                                                         net44 (net)
                      1.503682    0.000774    6.603966 ^ fanout41/I (gf180mcu_fd_sc_mcu7t5v0__dlyb_1)
    10    0.101295    1.673825    1.778553    8.382519 ^ fanout41/Z (gf180mcu_fd_sc_mcu7t5v0__dlyb_1)
                                                         net41 (net)
                      1.673835    0.002406    8.384925 ^ _384_/RN (gf180mcu_fd_sc_mcu7t5v0__dffrnq_1)
                                              8.384925   data arrival time

                                  0.000000    0.000000   clock clk_i (rise edge)
                                  0.000000    0.000000   clock source latency
     1    0.034554    0.173625    0.085924    0.085924 ^ clk_i (in)
                                                         clk_i (net)
                      0.173630    0.000000    0.085924 ^ clkbuf_0_clk_i/I (gf180mcu_fd_sc_mcu7t5v0__clkbuf_16)
     4    0.098873    0.157324    0.292079    0.378003 ^ clkbuf_0_clk_i/Z (gf180mcu_fd_sc_mcu7t5v0__clkbuf_16)
                                                         clknet_0_clk_i (net)
                      0.157325    0.001046    0.379048 ^ clkbuf_2_0__f_clk_i/I (gf180mcu_fd_sc_mcu7t5v0__clkbuf_16)
    10    0.055009    0.119410    0.259034    0.638082 ^ clkbuf_2_0__f_clk_i/Z (gf180mcu_fd_sc_mcu7t5v0__clkbuf_16)
                                                         clknet_2_0__leaf_clk_i (net)
                      0.119416    0.001470    0.639552 ^ _384_/CLK (gf180mcu_fd_sc_mcu7t5v0__dffrnq_1)
                                  0.250000    0.889552   clock uncertainty
                                  0.000000    0.889552   clock reconvergence pessimism
                                  0.448443    1.337995   library removal time
                                              1.337995   data required time
---------------------------------------------------------------------------------------------
                                              1.337995   data required time
                                             -8.384925   data arrival time
---------------------------------------------------------------------------------------------
                                              7.046930   slack (MET)


Startpoint: rstn_i (input port clocked by clk_i)
Endpoint: _389_ (removal check against rising-edge clock clk_i)
Path Group: asynchronous
Path Type: min

Fanout         Cap        Slew       Delay        Time   Description
---------------------------------------------------------------------------------------------
                                  0.000000    0.000000   clock clk_i (rise edge)
                                  0.000000    0.000000   clock network delay (propagated)
                                  4.000000    4.000000 ^ input external delay
     1    0.004595    0.123209    0.045516    4.045516 ^ rstn_i (in)
                                                         rstn_i (net)
                      0.123209    0.000000    4.045516 ^ input21/I (gf180mcu_fd_sc_mcu7t5v0__dlyb_1)
     1    0.004898    0.165305    0.877398    4.922915 ^ input21/Z (gf180mcu_fd_sc_mcu7t5v0__dlyb_1)
                                                         net21 (net)
                      0.165305    0.000060    4.922974 ^ fanout44/I (gf180mcu_fd_sc_mcu7t5v0__dlyb_1)
     9    0.090819    1.503682    1.680217    6.603191 ^ fanout44/Z (gf180mcu_fd_sc_mcu7t5v0__dlyb_1)
                                                         net44 (net)
                      1.503682    0.000774    6.603966 ^ fanout41/I (gf180mcu_fd_sc_mcu7t5v0__dlyb_1)
    10    0.101295    1.673825    1.778553    8.382519 ^ fanout41/Z (gf180mcu_fd_sc_mcu7t5v0__dlyb_1)
                                                         net41 (net)
                      1.673838    0.002660    8.385179 ^ _389_/RN (gf180mcu_fd_sc_mcu7t5v0__dffrnq_1)
                                              8.385179   data arrival time

                                  0.000000    0.000000   clock clk_i (rise edge)
                                  0.000000    0.000000   clock source latency
     1    0.034554    0.173625    0.085924    0.085924 ^ clk_i (in)
                                                         clk_i (net)
                      0.173630    0.000000    0.085924 ^ clkbuf_0_clk_i/I (gf180mcu_fd_sc_mcu7t5v0__clkbuf_16)
     4    0.098873    0.157324    0.292079    0.378003 ^ clkbuf_0_clk_i/Z (gf180mcu_fd_sc_mcu7t5v0__clkbuf_16)
                                                         clknet_0_clk_i (net)
                      0.157324    0.000696    0.378698 ^ clkbuf_2_3__f_clk_i/I (gf180mcu_fd_sc_mcu7t5v0__clkbuf_16)
     9    0.050413    0.115523    0.256319    0.635017 ^ clkbuf_2_3__f_clk_i/Z (gf180mcu_fd_sc_mcu7t5v0__clkbuf_16)
                                                         clknet_2_3__leaf_clk_i (net)
                      0.115529    0.001449    0.636466 ^ _389_/CLK (gf180mcu_fd_sc_mcu7t5v0__dffrnq_1)
                                  0.250000    0.886466   clock uncertainty
                                  0.000000    0.886466   clock reconvergence pessimism
                                  0.447434    1.333899   library removal time
                                              1.333899   data required time
---------------------------------------------------------------------------------------------
                                              1.333899   data required time
                                             -8.385179   data arrival time
---------------------------------------------------------------------------------------------
                                              7.051280   slack (MET)


Startpoint: _363_ (rising edge-triggered flip-flop clocked by clk_i)
Endpoint: char_event_o (output port clocked by clk_i)
Path Group: clk_i
Path Type: min

Fanout         Cap        Slew       Delay        Time   Description
---------------------------------------------------------------------------------------------
                                  0.000000    0.000000   clock clk_i (rise edge)
                                  0.000000    0.000000   clock source latency
     1    0.034554    0.173625    0.085924    0.085924 ^ clk_i (in)
                                                         clk_i (net)
                      0.173630    0.000000    0.085924 ^ clkbuf_0_clk_i/I (gf180mcu_fd_sc_mcu7t5v0__clkbuf_16)
     4    0.098873    0.157324    0.292079    0.378003 ^ clkbuf_0_clk_i/Z (gf180mcu_fd_sc_mcu7t5v0__clkbuf_16)
                                                         clknet_0_clk_i (net)
                      0.157324    0.000345    0.378347 ^ clkbuf_2_2__f_clk_i/I (gf180mcu_fd_sc_mcu7t5v0__clkbuf_16)
    10    0.057356    0.121510    0.261050    0.639397 ^ clkbuf_2_2__f_clk_i/Z (gf180mcu_fd_sc_mcu7t5v0__clkbuf_16)
                                                         clknet_2_2__leaf_clk_i (net)
                      0.121511    0.000770    0.640167 ^ _363_/CLK (gf180mcu_fd_sc_mcu7t5v0__dffrnq_1)
     4    0.022323    0.262078    0.809741    1.449907 v _363_/Q (gf180mcu_fd_sc_mcu7t5v0__dffrnq_1)
                                                         r_error_parity (net)
                      0.262079    0.000417    1.450324 v _255_/A1 (gf180mcu_fd_sc_mcu7t5v0__nor2_1)
     2    0.007922    0.359533    0.268761    1.719085 ^ _255_/ZN (gf180mcu_fd_sc_mcu7t5v0__nor2_1)
                                                         net36 (net)
                      0.359533    0.000066    1.719151 ^ _256_/A2 (gf180mcu_fd_sc_mcu7t5v0__and2_1)
     1    0.004963    0.155303    0.304880    2.024032 ^ _256_/Z (gf180mcu_fd_sc_mcu7t5v0__and2_1)
                                                         net25 (net)
                      0.155303    0.000066    2.024097 ^ output25/I (gf180mcu_fd_sc_mcu7t5v0__dlyb_1)
     1    0.075113    1.253501    1.535717    3.559814 ^ output25/Z (gf180mcu_fd_sc_mcu7t5v0__dlyb_1)
                                                         char_event_o (net)
                      1.253501    0.001146    3.560960 ^ char_event_o (out)
                                              3.560960   data arrival time

                                  0.000000    0.000000   clock clk_i (rise edge)
                                  0.000000    0.000000   clock network delay (propagated)
                                  0.250000    0.250000   clock uncertainty
                                  0.000000    0.250000   clock reconvergence pessimism
                                 -4.000000   -3.750000   output external delay
                                             -3.750000   data required time
---------------------------------------------------------------------------------------------
                                             -3.750000   data required time
                                             -3.560960   data arrival time
---------------------------------------------------------------------------------------------
                                              7.310960   slack (MET)


Startpoint: rstn_i (input port clocked by clk_i)
Endpoint: _371_ (removal check against rising-edge clock clk_i)
Path Group: asynchronous
Path Type: min

Fanout         Cap        Slew       Delay        Time   Description
---------------------------------------------------------------------------------------------
                                  0.000000    0.000000   clock clk_i (rise edge)
                                  0.000000    0.000000   clock network delay (propagated)
                                  4.000000    4.000000 ^ input external delay
     1    0.004595    0.123209    0.045516    4.045516 ^ rstn_i (in)
                                                         rstn_i (net)
                      0.123209    0.000000    4.045516 ^ input21/I (gf180mcu_fd_sc_mcu7t5v0__dlyb_1)
     1    0.004898    0.165305    0.877398    4.922915 ^ input21/Z (gf180mcu_fd_sc_mcu7t5v0__dlyb_1)
                                                         net21 (net)
                      0.165305    0.000060    4.922974 ^ fanout44/I (gf180mcu_fd_sc_mcu7t5v0__dlyb_1)
     9    0.090819    1.503682    1.680217    6.603191 ^ fanout44/Z (gf180mcu_fd_sc_mcu7t5v0__dlyb_1)
                                                         net44 (net)
                      1.503692    0.002176    6.605367 ^ fanout42/I (gf180mcu_fd_sc_mcu7t5v0__dlyb_1)
    10    0.091282    1.512616    1.685301    8.290668 ^ fanout42/Z (gf180mcu_fd_sc_mcu7t5v0__dlyb_1)
                                                         net42 (net)
                      1.512635    0.003002    8.293670 ^ _371_/SETN (gf180mcu_fd_sc_mcu7t5v0__dffsnq_1)
                                              8.293670   data arrival time

                                  0.000000    0.000000   clock clk_i (rise edge)
                                  0.000000    0.000000   clock source latency
     1    0.034554    0.173625    0.085924    0.085924 ^ clk_i (in)
                                                         clk_i (net)
                      0.173630    0.000000    0.085924 ^ clkbuf_0_clk_i/I (gf180mcu_fd_sc_mcu7t5v0__clkbuf_16)
     4    0.098873    0.157324    0.292079    0.378003 ^ clkbuf_0_clk_i/Z (gf180mcu_fd_sc_mcu7t5v0__clkbuf_16)
                                                         clknet_0_clk_i (net)
                      0.157324    0.000696    0.378698 ^ clkbuf_2_3__f_clk_i/I (gf180mcu_fd_sc_mcu7t5v0__clkbuf_16)
     9    0.050413    0.115523    0.256319    0.635017 ^ clkbuf_2_3__f_clk_i/Z (gf180mcu_fd_sc_mcu7t5v0__clkbuf_16)
                                                         clknet_2_3__leaf_clk_i (net)
                      0.115529    0.001409    0.636426 ^ _371_/CLK (gf180mcu_fd_sc_mcu7t5v0__dffsnq_1)
                                  0.250000    0.886426   clock uncertainty
                                  0.000000    0.886426   clock reconvergence pessimism
                                  0.064256    0.950682   library removal time
                                              0.950682   data required time
---------------------------------------------------------------------------------------------
                                              0.950682   data required time
                                             -8.293670   data arrival time
---------------------------------------------------------------------------------------------
                                              7.342988   slack (MET)


Startpoint: rstn_i (input port clocked by clk_i)
Endpoint: _370_ (removal check against rising-edge clock clk_i)
Path Group: asynchronous
Path Type: min

Fanout         Cap        Slew       Delay        Time   Description
---------------------------------------------------------------------------------------------
                                  0.000000    0.000000   clock clk_i (rise edge)
                                  0.000000    0.000000   clock network delay (propagated)
                                  4.000000    4.000000 ^ input external delay
     1    0.004595    0.123209    0.045516    4.045516 ^ rstn_i (in)
                                                         rstn_i (net)
                      0.123209    0.000000    4.045516 ^ input21/I (gf180mcu_fd_sc_mcu7t5v0__dlyb_1)
     1    0.004898    0.165305    0.877398    4.922915 ^ input21/Z (gf180mcu_fd_sc_mcu7t5v0__dlyb_1)
                                                         net21 (net)
                      0.165305    0.000060    4.922974 ^ fanout44/I (gf180mcu_fd_sc_mcu7t5v0__dlyb_1)
     9    0.090819    1.503682    1.680217    6.603191 ^ fanout44/Z (gf180mcu_fd_sc_mcu7t5v0__dlyb_1)
                                                         net44 (net)
                      1.503692    0.002176    6.605367 ^ fanout42/I (gf180mcu_fd_sc_mcu7t5v0__dlyb_1)
    10    0.091282    1.512616    1.685301    8.290668 ^ fanout42/Z (gf180mcu_fd_sc_mcu7t5v0__dlyb_1)
                                                         net42 (net)
                      1.512641    0.003486    8.294154 ^ _370_/SETN (gf180mcu_fd_sc_mcu7t5v0__dffsnq_1)
                                              8.294154   data arrival time

                                  0.000000    0.000000   clock clk_i (rise edge)
                                  0.000000    0.000000   clock source latency
     1    0.034554    0.173625    0.085924    0.085924 ^ clk_i (in)
                                                         clk_i (net)
                      0.173630    0.000000    0.085924 ^ clkbuf_0_clk_i/I (gf180mcu_fd_sc_mcu7t5v0__clkbuf_16)
     4    0.098873    0.157324    0.292079    0.378003 ^ clkbuf_0_clk_i/Z (gf180mcu_fd_sc_mcu7t5v0__clkbuf_16)
                                                         clknet_0_clk_i (net)
                      0.157324    0.000696    0.378698 ^ clkbuf_2_3__f_clk_i/I (gf180mcu_fd_sc_mcu7t5v0__clkbuf_16)
     9    0.050413    0.115523    0.256319    0.635017 ^ clkbuf_2_3__f_clk_i/Z (gf180mcu_fd_sc_mcu7t5v0__clkbuf_16)
                                                         clknet_2_3__leaf_clk_i (net)
                      0.115528    0.001268    0.636285 ^ _370_/CLK (gf180mcu_fd_sc_mcu7t5v0__dffsnq_1)
                                  0.250000    0.886285   clock uncertainty
                                  0.000000    0.886285   clock reconvergence pessimism
                                  0.064255    0.950541   library removal time
                                              0.950541   data required time
---------------------------------------------------------------------------------------------
                                              0.950541   data required time
                                             -8.294154   data arrival time
---------------------------------------------------------------------------------------------
                                              7.343613   slack (MET)


Startpoint: rstn_i (input port clocked by clk_i)
Endpoint: _369_ (removal check against rising-edge clock clk_i)
Path Group: asynchronous
Path Type: min

Fanout         Cap        Slew       Delay        Time   Description
---------------------------------------------------------------------------------------------
                                  0.000000    0.000000   clock clk_i (rise edge)
                                  0.000000    0.000000   clock network delay (propagated)
                                  4.000000    4.000000 ^ input external delay
     1    0.004595    0.123209    0.045516    4.045516 ^ rstn_i (in)
                                                         rstn_i (net)
                      0.123209    0.000000    4.045516 ^ input21/I (gf180mcu_fd_sc_mcu7t5v0__dlyb_1)
     1    0.004898    0.165305    0.877398    4.922915 ^ input21/Z (gf180mcu_fd_sc_mcu7t5v0__dlyb_1)
                                                         net21 (net)
                      0.165305    0.000060    4.922974 ^ fanout44/I (gf180mcu_fd_sc_mcu7t5v0__dlyb_1)
     9    0.090819    1.503682    1.680217    6.603191 ^ fanout44/Z (gf180mcu_fd_sc_mcu7t5v0__dlyb_1)
                                                         net44 (net)
                      1.503692    0.002176    6.605367 ^ fanout42/I (gf180mcu_fd_sc_mcu7t5v0__dlyb_1)
    10    0.091282    1.512616    1.685301    8.290668 ^ fanout42/Z (gf180mcu_fd_sc_mcu7t5v0__dlyb_1)
                                                         net42 (net)
                      1.512645    0.003721    8.294390 ^ _369_/SETN (gf180mcu_fd_sc_mcu7t5v0__dffsnq_1)
                                              8.294390   data arrival time

                                  0.000000    0.000000   clock clk_i (rise edge)
                                  0.000000    0.000000   clock source latency
     1    0.034554    0.173625    0.085924    0.085924 ^ clk_i (in)
                                                         clk_i (net)
                      0.173630    0.000000    0.085924 ^ clkbuf_0_clk_i/I (gf180mcu_fd_sc_mcu7t5v0__clkbuf_16)
     4    0.098873    0.157324    0.292079    0.378003 ^ clkbuf_0_clk_i/Z (gf180mcu_fd_sc_mcu7t5v0__clkbuf_16)
                                                         clknet_0_clk_i (net)
                      0.157324    0.000696    0.378698 ^ clkbuf_2_3__f_clk_i/I (gf180mcu_fd_sc_mcu7t5v0__clkbuf_16)
     9    0.050413    0.115523    0.256319    0.635017 ^ clkbuf_2_3__f_clk_i/Z (gf180mcu_fd_sc_mcu7t5v0__clkbuf_16)
                                                         clknet_2_3__leaf_clk_i (net)
                      0.115527    0.001083    0.636100 ^ _369_/CLK (gf180mcu_fd_sc_mcu7t5v0__dffsnq_1)
                                  0.250000    0.886100   clock uncertainty
                                  0.000000    0.886100   clock reconvergence pessimism
                                  0.064255    0.950355   library removal time
                                              0.950355   data required time
---------------------------------------------------------------------------------------------
                                              0.950355   data required time
                                             -8.294390   data arrival time
---------------------------------------------------------------------------------------------
                                              7.344035   slack (MET)


Startpoint: rstn_i (input port clocked by clk_i)
Endpoint: _367_ (removal check against rising-edge clock clk_i)
Path Group: asynchronous
Path Type: min

Fanout         Cap        Slew       Delay        Time   Description
---------------------------------------------------------------------------------------------
                                  0.000000    0.000000   clock clk_i (rise edge)
                                  0.000000    0.000000   clock network delay (propagated)
                                  4.000000    4.000000 ^ input external delay
     1    0.004595    0.123209    0.045516    4.045516 ^ rstn_i (in)
                                                         rstn_i (net)
                      0.123209    0.000000    4.045516 ^ input21/I (gf180mcu_fd_sc_mcu7t5v0__dlyb_1)
     1    0.004898    0.165305    0.877398    4.922915 ^ input21/Z (gf180mcu_fd_sc_mcu7t5v0__dlyb_1)
                                                         net21 (net)
                      0.165305    0.000060    4.922974 ^ fanout44/I (gf180mcu_fd_sc_mcu7t5v0__dlyb_1)
     9    0.090819    1.503682    1.680217    6.603191 ^ fanout44/Z (gf180mcu_fd_sc_mcu7t5v0__dlyb_1)
                                                         net44 (net)
                      1.503692    0.002176    6.605367 ^ fanout42/I (gf180mcu_fd_sc_mcu7t5v0__dlyb_1)
    10    0.091282    1.512616    1.685301    8.290668 ^ fanout42/Z (gf180mcu_fd_sc_mcu7t5v0__dlyb_1)
                                                         net42 (net)
                      1.512651    0.004100    8.294767 ^ _367_/SETN (gf180mcu_fd_sc_mcu7t5v0__dffsnq_1)
                                              8.294767   data arrival time

                                  0.000000    0.000000   clock clk_i (rise edge)
                                  0.000000    0.000000   clock source latency
     1    0.034554    0.173625    0.085924    0.085924 ^ clk_i (in)
                                                         clk_i (net)
                      0.173630    0.000000    0.085924 ^ clkbuf_0_clk_i/I (gf180mcu_fd_sc_mcu7t5v0__clkbuf_16)
     4    0.098873    0.157324    0.292079    0.378003 ^ clkbuf_0_clk_i/Z (gf180mcu_fd_sc_mcu7t5v0__clkbuf_16)
                                                         clknet_0_clk_i (net)
                      0.157324    0.000696    0.378698 ^ clkbuf_2_3__f_clk_i/I (gf180mcu_fd_sc_mcu7t5v0__clkbuf_16)
     9    0.050413    0.115523    0.256319    0.635017 ^ clkbuf_2_3__f_clk_i/Z (gf180mcu_fd_sc_mcu7t5v0__clkbuf_16)
                                                         clknet_2_3__leaf_clk_i (net)
                      0.115526    0.000963    0.635980 ^ _367_/CLK (gf180mcu_fd_sc_mcu7t5v0__dffsnq_1)
                                  0.250000    0.885980   clock uncertainty
                                  0.000000    0.885980   clock reconvergence pessimism
                                  0.064254    0.950234   library removal time
                                              0.950234   data required time
---------------------------------------------------------------------------------------------
                                              0.950234   data required time
                                             -8.294767   data arrival time
---------------------------------------------------------------------------------------------
                                              7.344533   slack (MET)


Startpoint: rstn_i (input port clocked by clk_i)
Endpoint: _368_ (removal check against rising-edge clock clk_i)
Path Group: asynchronous
Path Type: min

Fanout         Cap        Slew       Delay        Time   Description
---------------------------------------------------------------------------------------------
                                  0.000000    0.000000   clock clk_i (rise edge)
                                  0.000000    0.000000   clock network delay (propagated)
                                  4.000000    4.000000 ^ input external delay
     1    0.004595    0.123209    0.045516    4.045516 ^ rstn_i (in)
                                                         rstn_i (net)
                      0.123209    0.000000    4.045516 ^ input21/I (gf180mcu_fd_sc_mcu7t5v0__dlyb_1)
     1    0.004898    0.165305    0.877398    4.922915 ^ input21/Z (gf180mcu_fd_sc_mcu7t5v0__dlyb_1)
                                                         net21 (net)
                      0.165305    0.000060    4.922974 ^ fanout44/I (gf180mcu_fd_sc_mcu7t5v0__dlyb_1)
     9    0.090819    1.503682    1.680217    6.603191 ^ fanout44/Z (gf180mcu_fd_sc_mcu7t5v0__dlyb_1)
                                                         net44 (net)
                      1.503692    0.002176    6.605367 ^ fanout42/I (gf180mcu_fd_sc_mcu7t5v0__dlyb_1)
    10    0.091282    1.512616    1.685301    8.290668 ^ fanout42/Z (gf180mcu_fd_sc_mcu7t5v0__dlyb_1)
                                                         net42 (net)
                      1.512650    0.004062    8.294729 ^ _368_/SETN (gf180mcu_fd_sc_mcu7t5v0__dffsnq_1)
                                              8.294729   data arrival time

                                  0.000000    0.000000   clock clk_i (rise edge)
                                  0.000000    0.000000   clock source latency
     1    0.034554    0.173625    0.085924    0.085924 ^ clk_i (in)
                                                         clk_i (net)
                      0.173630    0.000000    0.085924 ^ clkbuf_0_clk_i/I (gf180mcu_fd_sc_mcu7t5v0__clkbuf_16)
     4    0.098873    0.157324    0.292079    0.378003 ^ clkbuf_0_clk_i/Z (gf180mcu_fd_sc_mcu7t5v0__clkbuf_16)
                                                         clknet_0_clk_i (net)
                      0.157324    0.000696    0.378698 ^ clkbuf_2_3__f_clk_i/I (gf180mcu_fd_sc_mcu7t5v0__clkbuf_16)
     9    0.050413    0.115523    0.256319    0.635017 ^ clkbuf_2_3__f_clk_i/Z (gf180mcu_fd_sc_mcu7t5v0__clkbuf_16)
                                                         clknet_2_3__leaf_clk_i (net)
                      0.115525    0.000745    0.635763 ^ _368_/CLK (gf180mcu_fd_sc_mcu7t5v0__dffsnq_1)
                                  0.250000    0.885763   clock uncertainty
                                  0.000000    0.885763   clock reconvergence pessimism
                                  0.064254    0.950017   library removal time
                                              0.950017   data required time
---------------------------------------------------------------------------------------------
                                              0.950017   data required time
                                             -8.294729   data arrival time
---------------------------------------------------------------------------------------------
                                              7.344713   slack (MET)


Startpoint: rstn_i (input port clocked by clk_i)
Endpoint: _372_ (removal check against rising-edge clock clk_i)
Path Group: asynchronous
Path Type: min

Fanout         Cap        Slew       Delay        Time   Description
---------------------------------------------------------------------------------------------
                                  0.000000    0.000000   clock clk_i (rise edge)
                                  0.000000    0.000000   clock network delay (propagated)
                                  4.000000    4.000000 ^ input external delay
     1    0.004595    0.123209    0.045516    4.045516 ^ rstn_i (in)
                                                         rstn_i (net)
                      0.123209    0.000000    4.045516 ^ input21/I (gf180mcu_fd_sc_mcu7t5v0__dlyb_1)
     1    0.004898    0.165305    0.877398    4.922915 ^ input21/Z (gf180mcu_fd_sc_mcu7t5v0__dlyb_1)
                                                         net21 (net)
                      0.165305    0.000060    4.922974 ^ fanout44/I (gf180mcu_fd_sc_mcu7t5v0__dlyb_1)
     9    0.090819    1.503682    1.680217    6.603191 ^ fanout44/Z (gf180mcu_fd_sc_mcu7t5v0__dlyb_1)
                                                         net44 (net)
                      1.503692    0.002176    6.605367 ^ fanout42/I (gf180mcu_fd_sc_mcu7t5v0__dlyb_1)
    10    0.091282    1.512616    1.685301    8.290668 ^ fanout42/Z (gf180mcu_fd_sc_mcu7t5v0__dlyb_1)
                                                         net42 (net)
                      1.512651    0.004105    8.294773 ^ _372_/SETN (gf180mcu_fd_sc_mcu7t5v0__dffsnq_1)
                                              8.294773   data arrival time

                                  0.000000    0.000000   clock clk_i (rise edge)
                                  0.000000    0.000000   clock source latency
     1    0.034554    0.173625    0.085924    0.085924 ^ clk_i (in)
                                                         clk_i (net)
                      0.173630    0.000000    0.085924 ^ clkbuf_0_clk_i/I (gf180mcu_fd_sc_mcu7t5v0__clkbuf_16)
     4    0.098873    0.157324    0.292079    0.378003 ^ clkbuf_0_clk_i/Z (gf180mcu_fd_sc_mcu7t5v0__clkbuf_16)
                                                         clknet_0_clk_i (net)
                      0.157324    0.000696    0.378698 ^ clkbuf_2_3__f_clk_i/I (gf180mcu_fd_sc_mcu7t5v0__clkbuf_16)
     9    0.050413    0.115523    0.256319    0.635017 ^ clkbuf_2_3__f_clk_i/Z (gf180mcu_fd_sc_mcu7t5v0__clkbuf_16)
                                                         clknet_2_3__leaf_clk_i (net)
                      0.115524    0.000545    0.635562 ^ _372_/CLK (gf180mcu_fd_sc_mcu7t5v0__dffsnq_1)
                                  0.250000    0.885562   clock uncertainty
                                  0.000000    0.885562   clock reconvergence pessimism
                                  0.064254    0.949816   library removal time
                                              0.949816   data required time
---------------------------------------------------------------------------------------------
                                              0.949816   data required time
                                             -8.294773   data arrival time
---------------------------------------------------------------------------------------------
                                              7.344957   slack (MET)


Startpoint: rstn_i (input port clocked by clk_i)
Endpoint: _396_ (removal check against rising-edge clock clk_i)
Path Group: asynchronous
Path Type: min

Fanout         Cap        Slew       Delay        Time   Description
---------------------------------------------------------------------------------------------
                                  0.000000    0.000000   clock clk_i (rise edge)
                                  0.000000    0.000000   clock network delay (propagated)
                                  4.000000    4.000000 ^ input external delay
     1    0.004595    0.123209    0.045516    4.045516 ^ rstn_i (in)
                                                         rstn_i (net)
                      0.123209    0.000000    4.045516 ^ input21/I (gf180mcu_fd_sc_mcu7t5v0__dlyb_1)
     1    0.004898    0.165305    0.877398    4.922915 ^ input21/Z (gf180mcu_fd_sc_mcu7t5v0__dlyb_1)
                                                         net21 (net)
                      0.165305    0.000060    4.922974 ^ fanout44/I (gf180mcu_fd_sc_mcu7t5v0__dlyb_1)
     9    0.090819    1.503682    1.680217    6.603191 ^ fanout44/Z (gf180mcu_fd_sc_mcu7t5v0__dlyb_1)
                                                         net44 (net)
                      1.503682    0.000510    6.603701 ^ fanout43/I (gf180mcu_fd_sc_mcu7t5v0__dlyb_1)
    10    0.092763    1.536995    1.699680    8.303381 ^ fanout43/Z (gf180mcu_fd_sc_mcu7t5v0__dlyb_1)
                                                         net43 (net)
                      1.536995    0.001156    8.304537 ^ _396_/SETN (gf180mcu_fd_sc_mcu7t5v0__dffsnq_1)
                                              8.304537   data arrival time

                                  0.000000    0.000000   clock clk_i (rise edge)
                                  0.000000    0.000000   clock source latency
     1    0.034554    0.173625    0.085924    0.085924 ^ clk_i (in)
                                                         clk_i (net)
                      0.173630    0.000000    0.085924 ^ clkbuf_0_clk_i/I (gf180mcu_fd_sc_mcu7t5v0__clkbuf_16)
     4    0.098873    0.157324    0.292079    0.378003 ^ clkbuf_0_clk_i/Z (gf180mcu_fd_sc_mcu7t5v0__clkbuf_16)
                                                         clknet_0_clk_i (net)
                      0.157325    0.001046    0.379048 ^ clkbuf_2_0__f_clk_i/I (gf180mcu_fd_sc_mcu7t5v0__clkbuf_16)
    10    0.055009    0.119410    0.259034    0.638082 ^ clkbuf_2_0__f_clk_i/Z (gf180mcu_fd_sc_mcu7t5v0__clkbuf_16)
                                                         clknet_2_0__leaf_clk_i (net)
                      0.119418    0.001713    0.639795 ^ _396_/CLK (gf180mcu_fd_sc_mcu7t5v0__dffsnq_1)
                                  0.250000    0.889795   clock uncertainty
                                  0.000000    0.889795   clock reconvergence pessimism
                                  0.062801    0.952596   library removal time
                                              0.952596   data required time
---------------------------------------------------------------------------------------------
                                              0.952596   data required time
                                             -8.304537   data arrival time
---------------------------------------------------------------------------------------------
                                              7.351941   slack (MET)


Startpoint: rstn_i (input port clocked by clk_i)
Endpoint: _398_ (removal check against rising-edge clock clk_i)
Path Group: asynchronous
Path Type: min

Fanout         Cap        Slew       Delay        Time   Description
---------------------------------------------------------------------------------------------
                                  0.000000    0.000000   clock clk_i (rise edge)
                                  0.000000    0.000000   clock network delay (propagated)
                                  4.000000    4.000000 ^ input external delay
     1    0.004595    0.123209    0.045516    4.045516 ^ rstn_i (in)
                                                         rstn_i (net)
                      0.123209    0.000000    4.045516 ^ input21/I (gf180mcu_fd_sc_mcu7t5v0__dlyb_1)
     1    0.004898    0.165305    0.877398    4.922915 ^ input21/Z (gf180mcu_fd_sc_mcu7t5v0__dlyb_1)
                                                         net21 (net)
                      0.165305    0.000060    4.922974 ^ fanout44/I (gf180mcu_fd_sc_mcu7t5v0__dlyb_1)
     9    0.090819    1.503682    1.680217    6.603191 ^ fanout44/Z (gf180mcu_fd_sc_mcu7t5v0__dlyb_1)
                                                         net44 (net)
                      1.503682    0.000510    6.603701 ^ fanout43/I (gf180mcu_fd_sc_mcu7t5v0__dlyb_1)
    10    0.092763    1.536995    1.699680    8.303381 ^ fanout43/Z (gf180mcu_fd_sc_mcu7t5v0__dlyb_1)
                                                         net43 (net)
                      1.537005    0.002189    8.305571 ^ _398_/SETN (gf180mcu_fd_sc_mcu7t5v0__dffsnq_1)
                                              8.305571   data arrival time

                                  0.000000    0.000000   clock clk_i (rise edge)
                                  0.000000    0.000000   clock source latency
     1    0.034554    0.173625    0.085924    0.085924 ^ clk_i (in)
                                                         clk_i (net)
                      0.173630    0.000000    0.085924 ^ clkbuf_0_clk_i/I (gf180mcu_fd_sc_mcu7t5v0__clkbuf_16)
     4    0.098873    0.157324    0.292079    0.378003 ^ clkbuf_0_clk_i/Z (gf180mcu_fd_sc_mcu7t5v0__clkbuf_16)
                                                         clknet_0_clk_i (net)
                      0.157324    0.000345    0.378347 ^ clkbuf_2_2__f_clk_i/I (gf180mcu_fd_sc_mcu7t5v0__clkbuf_16)
    10    0.057356    0.121510    0.261050    0.639397 ^ clkbuf_2_2__f_clk_i/Z (gf180mcu_fd_sc_mcu7t5v0__clkbuf_16)
                                                         clknet_2_2__leaf_clk_i (net)
                      0.121510    0.000573    0.639970 ^ _398_/CLK (gf180mcu_fd_sc_mcu7t5v0__dffsnq_1)
                                  0.250000    0.889970   clock uncertainty
                                  0.000000    0.889970   clock reconvergence pessimism
                                  0.063148    0.953118   library removal time
                                              0.953118   data required time
---------------------------------------------------------------------------------------------
                                              0.953118   data required time
                                             -8.305571   data arrival time
---------------------------------------------------------------------------------------------
                                              7.352452   slack (MET)


Startpoint: rstn_i (input port clocked by clk_i)
Endpoint: _397_ (removal check against rising-edge clock clk_i)
Path Group: asynchronous
Path Type: min

Fanout         Cap        Slew       Delay        Time   Description
---------------------------------------------------------------------------------------------
                                  0.000000    0.000000   clock clk_i (rise edge)
                                  0.000000    0.000000   clock network delay (propagated)
                                  4.000000    4.000000 ^ input external delay
     1    0.004595    0.123209    0.045516    4.045516 ^ rstn_i (in)
                                                         rstn_i (net)
                      0.123209    0.000000    4.045516 ^ input21/I (gf180mcu_fd_sc_mcu7t5v0__dlyb_1)
     1    0.004898    0.165305    0.877398    4.922915 ^ input21/Z (gf180mcu_fd_sc_mcu7t5v0__dlyb_1)
                                                         net21 (net)
                      0.165305    0.000060    4.922974 ^ fanout44/I (gf180mcu_fd_sc_mcu7t5v0__dlyb_1)
     9    0.090819    1.503682    1.680217    6.603191 ^ fanout44/Z (gf180mcu_fd_sc_mcu7t5v0__dlyb_1)
                                                         net44 (net)
                      1.503682    0.000510    6.603701 ^ fanout43/I (gf180mcu_fd_sc_mcu7t5v0__dlyb_1)
    10    0.092763    1.536995    1.699680    8.303381 ^ fanout43/Z (gf180mcu_fd_sc_mcu7t5v0__dlyb_1)
                                                         net43 (net)
                      1.537014    0.003078    8.306458 ^ _397_/SETN (gf180mcu_fd_sc_mcu7t5v0__dffsnq_1)
                                              8.306458   data arrival time

                                  0.000000    0.000000   clock clk_i (rise edge)
                                  0.000000    0.000000   clock source latency
     1    0.034554    0.173625    0.085924    0.085924 ^ clk_i (in)
                                                         clk_i (net)
                      0.173630    0.000000    0.085924 ^ clkbuf_0_clk_i/I (gf180mcu_fd_sc_mcu7t5v0__clkbuf_16)
     4    0.098873    0.157324    0.292079    0.378003 ^ clkbuf_0_clk_i/Z (gf180mcu_fd_sc_mcu7t5v0__clkbuf_16)
                                                         clknet_0_clk_i (net)
                      0.157324    0.000345    0.378347 ^ clkbuf_2_2__f_clk_i/I (gf180mcu_fd_sc_mcu7t5v0__clkbuf_16)
    10    0.057356    0.121510    0.261050    0.639397 ^ clkbuf_2_2__f_clk_i/Z (gf180mcu_fd_sc_mcu7t5v0__clkbuf_16)
                                                         clknet_2_2__leaf_clk_i (net)
                      0.121510    0.000581    0.639978 ^ _397_/CLK (gf180mcu_fd_sc_mcu7t5v0__dffsnq_1)
                                  0.250000    0.889978   clock uncertainty
                                  0.000000    0.889978   clock reconvergence pessimism
                                  0.063147    0.953125   library removal time
                                              0.953125   data required time
---------------------------------------------------------------------------------------------
                                              0.953125   data required time
                                             -8.306458   data arrival time
---------------------------------------------------------------------------------------------
                                              7.353334   slack (MET)


Startpoint: _366_ (rising edge-triggered flip-flop clocked by clk_i)
Endpoint: busy_o (output port clocked by clk_i)
Path Group: clk_i
Path Type: min

Fanout         Cap        Slew       Delay        Time   Description
---------------------------------------------------------------------------------------------
                                  0.000000    0.000000   clock clk_i (rise edge)
                                  0.000000    0.000000   clock source latency
     1    0.034554    0.173625    0.085924    0.085924 ^ clk_i (in)
                                                         clk_i (net)
                      0.173630    0.000000    0.085924 ^ clkbuf_0_clk_i/I (gf180mcu_fd_sc_mcu7t5v0__clkbuf_16)
     4    0.098873    0.157324    0.292079    0.378003 ^ clkbuf_0_clk_i/Z (gf180mcu_fd_sc_mcu7t5v0__clkbuf_16)
                                                         clknet_0_clk_i (net)
                      0.157324    0.000345    0.378347 ^ clkbuf_2_2__f_clk_i/I (gf180mcu_fd_sc_mcu7t5v0__clkbuf_16)
    10    0.057356    0.121510    0.261050    0.639397 ^ clkbuf_2_2__f_clk_i/Z (gf180mcu_fd_sc_mcu7t5v0__clkbuf_16)
                                                         clknet_2_2__leaf_clk_i (net)
                      0.121511    0.000812    0.640209 ^ _366_/CLK (gf180mcu_fd_sc_mcu7t5v0__dffrnq_1)
     5    0.036710    0.389317    0.897001    1.537209 v _366_/Q (gf180mcu_fd_sc_mcu7t5v0__dffrnq_1)
                                                         CS[2] (net)
                      0.389321    0.000860    1.538070 v _181_/I (gf180mcu_fd_sc_mcu7t5v0__clkinv_1)
     5    0.026121    0.475196    0.381509    1.919579 ^ _181_/ZN (gf180mcu_fd_sc_mcu7t5v0__clkinv_1)
                                                         _039_ (net)
                      0.475196    0.000240    1.919819 ^ _202_/A1 (gf180mcu_fd_sc_mcu7t5v0__nand2_1)
     3    0.023182    0.425575    0.330147    2.249966 v _202_/ZN (gf180mcu_fd_sc_mcu7t5v0__nand2_1)
                                                         net24 (net)
                      0.425575    0.000390    2.250356 v output24/I (gf180mcu_fd_sc_mcu7t5v0__dlyb_1)
     1    0.074187    0.812508    1.593154    3.843510 v output24/Z (gf180mcu_fd_sc_mcu7t5v0__dlyb_1)
                                                         busy_o (net)
                      0.812512    0.000945    3.844455 v busy_o (out)
                                              3.844455   data arrival time

                                  0.000000    0.000000   clock clk_i (rise edge)
                                  0.000000    0.000000   clock network delay (propagated)
                                  0.250000    0.250000   clock uncertainty
                                  0.000000    0.250000   clock reconvergence pessimism
                                 -4.000000   -3.750000   output external delay
                                             -3.750000   data required time
---------------------------------------------------------------------------------------------
                                             -3.750000   data required time
                                             -3.844455   data arrival time
---------------------------------------------------------------------------------------------
                                              7.594455   slack (MET)



