Instance,Terminal,Layer,X location,Y location,Voltage
FILLER_96_664,VSS,Metal1,380.2930,392.4615,0.000017
FILLER_96_648,VSS,Metal1,373.4720,392.5480,0.000017
FILLER_96_614,VSS,Metal1,358.8440,392.5975,0.000017
FILLER_96_580,VSS,Metal1,339.8040,392.5975,0.000017
FILLER_96_546,VSS,Metal1,320.7640,392.5975,0.000017
FILLER_96_512,VSS,Metal1,301.7240,392.5975,0.000018
FILLER_96_441,VSS,Metal1,253.9600,392.0000,0.000021
FILLER_96_406,VSS,Metal1,234.6400,392.0000,0.000021
FILLER_96_402,VSS,Metal1,232.5800,392.3485,0.000021
FILLER_96_378,VSS,Metal1,218.6800,392.0000,0.000021
FILLER_96_376,VSS,Metal1,217.8400,392.0000,0.000021
FILLER_96_372,VSS,Metal1,215.6000,392.0000,0.000021
FILLER_96_348,VSS,Metal1,201.8800,392.0000,0.000020
FILLER_96_346,VSS,Metal1,201.0400,392.0000,0.000020
FILLER_96_342,VSS,Metal1,198.9800,392.3485,0.000020
FILLER_96_305,VSS,Metal1,177.8000,392.0000,0.000018
FILLER_96_289,VSS,Metal1,172.4320,392.5480,0.000018
FILLER_96_240,VSS,Metal1,149.4040,392.5975,0.000015
FILLER_96_206,VSS,Metal1,130.3640,392.5975,0.000015
FILLER_96_172,VSS,Metal1,111.3240,392.5975,0.000015
FILLER_96_138,VSS,Metal1,92.2840,392.5975,0.000015
FILLER_96_104,VSS,Metal1,73.2440,392.5975,0.000014
FILLER_96_70,VSS,Metal1,54.2040,392.5975,0.000014
FILLER_96_36,VSS,Metal1,35.1640,392.5975,0.000013
FILLER_96_33,VSS,Metal1,25.4800,392.0000,0.000013
FILLER_96_25,VSS,Metal1,22.4530,392.4615,0.000014
FILLER_96_16,VSS,Metal1,15.9600,392.0000,0.000014
FILLER_96_14,VSS,Metal1,15.1200,392.0000,0.000014
FILLER_96_10,VSS,Metal1,13.0600,392.3485,0.000014
FILLER_96_2,VSS,Metal1,9.5730,392.4615,0.000014
FILLER_95_668,VSS,Metal1,381.3600,392.0000,0.000017
FILLER_95_664,VSS,Metal1,379.3000,391.6510,0.000017
FILLER_95_632,VSS,Metal1,368.9240,391.4020,0.000017
FILLER_95_626,VSS,Metal1,358.0200,391.6510,0.000017
FILLER_95_562,VSS,Metal1,338.6445,391.3620,0.000017
FILLER_95_559,VSS,Metal1,320.0400,392.0000,0.000017
FILLER_95_543,VSS,Metal1,314.6720,391.4520,0.000017
FILLER_95_511,VSS,Metal1,301.1640,391.4020,0.000018
FILLER_95_492,VSS,Metal1,282.9800,391.6510,0.000020
FILLER_95_276,VSS,Metal1,162.0200,391.6510,0.000018
FILLER_95_212,VSS,Metal1,142.6445,391.3620,0.000015
FILLER_95_206,VSS,Metal1,122.8200,391.6510,0.000015
FILLER_95_142,VSS,Metal1,103.4445,391.3620,0.000015
FILLER_95_136,VSS,Metal1,83.6200,391.6510,0.000015
FILLER_95_72,VSS,Metal1,64.2445,391.3620,0.000014
FILLER_95_68,VSS,Metal1,45.3600,392.0000,0.000014
FILLER_95_36,VSS,Metal1,35.1640,391.4020,0.000013
FILLER_94_669,VSS,Metal1,381.6400,384.1600,0.000063
FILLER_94_667,VSS,Metal1,380.8000,384.1600,0.000063
FILLER_94_661,VSS,Metal1,377.6200,384.5085,0.000063
FILLER_94_597,VSS,Metal1,358.2445,384.7975,0.000063
FILLER_94_591,VSS,Metal1,338.4200,384.5085,0.000063
FILLER_94_527,VSS,Metal1,319.0445,384.7975,0.000063
FILLER_94_517,VSS,Metal1,297.9730,384.6215,0.000064
FILLER_94_508,VSS,Metal1,291.4800,384.1600,0.000064
FILLER_94_506,VSS,Metal1,290.6400,384.1600,0.000064
FILLER_94_384,VSS,Metal1,222.0400,384.1600,0.000066
FILLER_94_382,VSS,Metal1,221.2000,384.1600,0.000066
FILLER_94_347,VSS,Metal1,201.3200,384.1600,0.000062
FILLER_94_345,VSS,Metal1,200.4800,384.1600,0.000062
FILLER_94_341,VSS,Metal1,198.4200,384.5085,0.000060
FILLER_94_317,VSS,Metal1,184.5200,384.1600,0.000060
FILLER_94_314,VSS,Metal1,182.8400,384.1600,0.000060
FILLER_94_312,VSS,Metal1,182.0000,384.1600,0.000053
FILLER_94_308,VSS,Metal1,179.9400,384.5085,0.000053
FILLER_94_298,VSS,Metal1,174.1600,384.1600,0.000052
FILLER_94_294,VSS,Metal1,172.1000,384.5085,0.000052
FILLER_94_259,VSS,Metal1,152.0400,384.1600,0.000050
FILLER_94_255,VSS,Metal1,150.2600,384.5085,0.000050
FILLER_94_247,VSS,Metal1,146.7730,384.6215,0.000050
FILLER_94_241,VSS,Metal1,142.4200,384.5085,0.000050
FILLER_94_177,VSS,Metal1,123.0445,384.7975,0.000050
FILLER_94_171,VSS,Metal1,103.2200,384.5085,0.000050
FILLER_94_107,VSS,Metal1,83.8445,384.7975,0.000050
FILLER_94_101,VSS,Metal1,64.0200,384.5085,0.000050
FILLER_94_37,VSS,Metal1,44.6445,384.7975,0.000050
FILLER_94_34,VSS,Metal1,26.0400,384.1600,0.000050
FILLER_94_2,VSS,Metal1,16.1240,384.7575,0.000050
FILLER_93_672,VSS,Metal1,383.6000,384.1600,0.000063
FILLER_93_664,VSS,Metal1,380.2930,383.6980,0.000063
FILLER_93_632,VSS,Metal1,368.9240,383.5620,0.000063
FILLER_93_626,VSS,Metal1,358.0200,383.8110,0.000063
FILLER_93_562,VSS,Metal1,338.6445,383.5220,0.000063
FILLER_93_558,VSS,Metal1,319.7600,384.1600,0.000063
FILLER_93_550,VSS,Metal1,316.4530,383.6980,0.000063
FILLER_93_534,VSS,Metal1,309.6320,383.6120,0.000063
FILLER_93_488,VSS,Metal1,280.5600,384.1600,0.000067
FILLER_93_430,VSS,Metal1,247.8000,384.1600,0.000068
FILLER_93_349,VSS,Metal1,202.4400,384.1600,0.000062
FILLER_93_345,VSS,Metal1,200.6600,383.8110,0.000062
FILLER_93_303,VSS,Metal1,178.1330,383.6980,0.000053
FILLER_93_294,VSS,Metal1,171.6400,384.1600,0.000052
FILLER_93_290,VSS,Metal1,169.8600,383.8110,0.000050
FILLER_93_282,VSS,Metal1,166.3730,383.6980,0.000050
FILLER_93_276,VSS,Metal1,162.0200,383.8110,0.000050
FILLER_93_212,VSS,Metal1,142.6445,383.5220,0.000050
FILLER_93_206,VSS,Metal1,122.8200,383.8110,0.000050
FILLER_93_142,VSS,Metal1,103.4445,383.5220,0.000050
FILLER_93_136,VSS,Metal1,83.6200,383.8110,0.000050
FILLER_93_72,VSS,Metal1,64.2445,383.5220,0.000050
FILLER_93_66,VSS,Metal1,44.4200,383.8110,0.000050
FILLER_93_2,VSS,Metal1,25.0445,383.5220,0.000050
FILLER_92_677,VSS,Metal1,386.1200,376.3200,0.000070
FILLER_92_675,VSS,Metal1,385.2800,376.3200,0.000070
FILLER_92_667,VSS,Metal1,381.9730,376.7815,0.000070
FILLER_92_661,VSS,Metal1,377.6200,376.6685,0.000070
FILLER_92_597,VSS,Metal1,358.2445,376.9575,0.000070
FILLER_92_591,VSS,Metal1,338.4200,376.6685,0.000070
FILLER_92_527,VSS,Metal1,319.0445,376.9575,0.000070
FILLER_92_454,VSS,Metal1,261.2400,376.3200,0.000075
FILLER_92_450,VSS,Metal1,259.4600,376.6685,0.000075
FILLER_92_399,VSS,Metal1,230.7200,376.3200,0.000074
FILLER_92_395,VSS,Metal1,228.6600,376.6685,0.000074
FILLER_92_383,VSS,Metal1,221.7600,376.3200,0.000074
FILLER_92_379,VSS,Metal1,219.7000,376.6685,0.000074
FILLER_92_343,VSS,Metal1,199.3600,376.3200,0.000071
FILLER_92_334,VSS,Metal1,194.0400,376.3200,0.000060
FILLER_92_332,VSS,Metal1,193.2000,376.3200,0.000060
FILLER_92_313,VSS,Metal1,182.5600,376.3200,0.000054
FILLER_92_281,VSS,Metal1,172.3640,376.9175,0.000053
FILLER_92_265,VSS,Metal1,155.4000,376.3200,0.000050
FILLER_92_263,VSS,Metal1,154.5600,376.3200,0.000050
FILLER_92_247,VSS,Metal1,148.9120,376.8680,0.000050
FILLER_92_241,VSS,Metal1,142.4200,376.6685,0.000050
FILLER_92_177,VSS,Metal1,123.0445,376.9575,0.000050
FILLER_92_171,VSS,Metal1,103.2200,376.6685,0.000050
FILLER_92_107,VSS,Metal1,83.8445,376.9575,0.000050
FILLER_92_101,VSS,Metal1,64.0200,376.6685,0.000050
FILLER_92_37,VSS,Metal1,44.6445,376.9575,0.000050
FILLER_92_34,VSS,Metal1,26.0400,376.3200,0.000050
FILLER_92_2,VSS,Metal1,16.1240,376.9175,0.000050
FILLER_91_680,VSS,Metal1,388.0800,376.3200,0.000070
FILLER_91_664,VSS,Metal1,382.4320,375.7720,0.000070
FILLER_91_632,VSS,Metal1,368.9240,375.7220,0.000070
FILLER_91_626,VSS,Metal1,358.0200,375.9710,0.000070
FILLER_91_562,VSS,Metal1,338.6445,375.6820,0.000070
FILLER_91_559,VSS,Metal1,320.0400,376.3200,0.000070
FILLER_91_557,VSS,Metal1,319.2000,376.3200,0.000070
FILLER_91_553,VSS,Metal1,317.1400,375.9710,0.000070
FILLER_91_545,VSS,Metal1,313.6530,375.8580,0.000070
FILLER_91_510,VSS,Metal1,292.6000,376.3200,0.000071
FILLER_91_508,VSS,Metal1,291.7600,376.3200,0.000071
FILLER_91_492,VSS,Metal1,286.1120,375.7720,0.000071
FILLER_91_419,VSS,Metal1,241.6400,376.3200,0.000075
FILLER_91_415,VSS,Metal1,239.8600,375.9710,0.000075
FILLER_91_371,VSS,Metal1,215.0400,376.3200,0.000072
FILLER_91_367,VSS,Metal1,212.9800,375.9710,0.000072
FILLER_91_340,VSS,Metal1,197.6800,376.3200,0.000068
FILLER_91_282,VSS,Metal1,168.5120,375.7720,0.000053
FILLER_91_276,VSS,Metal1,162.0200,375.9710,0.000050
FILLER_91_212,VSS,Metal1,142.6445,375.6820,0.000050
FILLER_91_206,VSS,Metal1,122.8200,375.9710,0.000050
FILLER_91_142,VSS,Metal1,103.4445,375.6820,0.000050
FILLER_91_136,VSS,Metal1,83.6200,375.9710,0.000050
FILLER_91_72,VSS,Metal1,64.2445,375.6820,0.000050
FILLER_91_66,VSS,Metal1,44.4200,375.9710,0.000050
FILLER_91_2,VSS,Metal1,25.0445,375.6820,0.000050
FILLER_90_681,VSS,Metal1,388.3600,368.4800,0.000028
FILLER_90_679,VSS,Metal1,387.5200,368.4800,0.000028
FILLER_90_675,VSS,Metal1,385.4600,368.8285,0.000028
FILLER_90_667,VSS,Metal1,381.9730,368.9415,0.000028
FILLER_90_661,VSS,Metal1,377.6200,368.8285,0.000028
FILLER_90_597,VSS,Metal1,358.2445,369.1175,0.000028
FILLER_90_591,VSS,Metal1,338.4200,368.8285,0.000028
FILLER_90_527,VSS,Metal1,319.0445,369.1175,0.000028
FILLER_90_524,VSS,Metal1,300.4400,368.4800,0.000028
FILLER_90_522,VSS,Metal1,299.6000,368.4800,0.000029
FILLER_90_518,VSS,Metal1,297.5400,368.8285,0.000029
FILLER_90_510,VSS,Metal1,294.0530,368.9415,0.000030
FILLER_90_501,VSS,Metal1,287.5600,368.4800,0.000031
FILLER_90_497,VSS,Metal1,285.7800,368.8285,0.000031
FILLER_90_465,VSS,Metal1,275.4040,369.0775,0.000031
FILLER_90_384,VSS,Metal1,222.0400,368.4800,0.000029
FILLER_90_380,VSS,Metal1,220.2600,368.8285,0.000029
FILLER_90_337,VSS,Metal1,195.7200,368.4800,0.000028
FILLER_90_333,VSS,Metal1,193.9400,368.8285,0.000028
FILLER_90_317,VSS,Metal1,188.1120,369.0280,0.000028
FILLER_90_305,VSS,Metal1,178.0800,368.4800,0.000028
FILLER_90_297,VSS,Metal1,174.7730,368.9415,0.000028
FILLER_90_247,VSS,Metal1,148.9120,369.0280,0.000028
FILLER_90_241,VSS,Metal1,142.4200,368.8285,0.000028
FILLER_90_177,VSS,Metal1,123.0445,369.1175,0.000027
FILLER_90_171,VSS,Metal1,103.2200,368.8285,0.000027
FILLER_90_107,VSS,Metal1,83.8445,369.1175,0.000027
FILLER_90_101,VSS,Metal1,64.0200,368.8285,0.000027
FILLER_90_37,VSS,Metal1,44.6445,369.1175,0.000027
FILLER_90_34,VSS,Metal1,26.0400,368.4800,0.000027
FILLER_90_2,VSS,Metal1,16.1240,369.0775,0.000027
FILLER_89_676,VSS,Metal1,385.8400,368.4800,0.000028
FILLER_89_672,VSS,Metal1,383.7800,368.1310,0.000028
FILLER_89_664,VSS,Metal1,380.2930,368.0180,0.000028
FILLER_89_632,VSS,Metal1,368.9240,367.8820,0.000028
FILLER_89_626,VSS,Metal1,358.0200,368.1310,0.000028
FILLER_89_562,VSS,Metal1,338.6445,367.8420,0.000028
FILLER_89_559,VSS,Metal1,320.0400,368.4800,0.000028
FILLER_89_555,VSS,Metal1,318.2600,368.1310,0.000028
FILLER_89_523,VSS,Metal1,307.8840,367.8820,0.000028
FILLER_89_516,VSS,Metal1,295.9600,368.4800,0.000030
FILLER_89_514,VSS,Metal1,295.1200,368.4800,0.000030
FILLER_89_492,VSS,Metal1,286.1120,367.9320,0.000031
FILLER_89_482,VSS,Metal1,278.3730,368.0180,0.000031
FILLER_89_472,VSS,Metal1,271.7800,368.1310,0.000031
FILLER_89_464,VSS,Metal1,268.2930,368.0180,0.000031
FILLER_89_419,VSS,Metal1,241.6400,368.4800,0.000032
FILLER_89_407,VSS,Metal1,235.3800,368.1310,0.000030
FILLER_89_356,VSS,Metal1,206.3600,368.4800,0.000029
FILLER_89_352,VSS,Metal1,204.5800,368.1310,0.000029
FILLER_89_349,VSS,Metal1,202.4400,368.4800,0.000029
FILLER_89_341,VSS,Metal1,199.4130,368.0180,0.000029
FILLER_89_325,VSS,Metal1,192.5920,367.9320,0.000028
FILLER_89_290,VSS,Metal1,169.4000,368.4800,0.000028
FILLER_89_282,VSS,Metal1,166.3730,368.0180,0.000028
FILLER_89_276,VSS,Metal1,162.0200,368.1310,0.000028
FILLER_89_212,VSS,Metal1,142.6445,367.8420,0.000028
FILLER_89_206,VSS,Metal1,122.8200,368.1310,0.000027
FILLER_89_142,VSS,Metal1,103.4445,367.8420,0.000027
FILLER_89_136,VSS,Metal1,83.6200,368.1310,0.000027
FILLER_89_72,VSS,Metal1,64.2445,367.8420,0.000027
FILLER_89_66,VSS,Metal1,44.4200,368.1310,0.000027
FILLER_89_2,VSS,Metal1,25.0445,367.8420,0.000027
FILLER_88_681,VSS,Metal1,388.3600,360.6400,0.000134
FILLER_88_679,VSS,Metal1,387.5200,360.6400,0.000134
FILLER_88_675,VSS,Metal1,385.4600,360.9885,0.000134
FILLER_88_667,VSS,Metal1,381.9730,361.1015,0.000134
FILLER_88_661,VSS,Metal1,377.6200,360.9885,0.000134
FILLER_88_597,VSS,Metal1,358.2445,361.2775,0.000134
FILLER_88_591,VSS,Metal1,338.4200,360.9885,0.000134
FILLER_88_527,VSS,Metal1,319.0445,361.2775,0.000134
FILLER_88_524,VSS,Metal1,300.4400,360.6400,0.000135
FILLER_88_515,VSS,Metal1,295.4000,360.6400,0.000135
FILLER_88_513,VSS,Metal1,294.5600,360.6400,0.000139
FILLER_88_509,VSS,Metal1,292.5000,360.9885,0.000139
FILLER_88_473,VSS,Metal1,272.1600,360.6400,0.000135
FILLER_88_457,VSS,Metal1,266.5120,361.1880,0.000135
FILLER_88_454,VSS,Metal1,261.2400,360.6400,0.000134
FILLER_88_452,VSS,Metal1,260.4000,360.6400,0.000134
FILLER_88_417,VSS,Metal1,240.9800,360.9885,0.000130
FILLER_88_401,VSS,Metal1,235.1520,361.1880,0.000130
FILLER_88_395,VSS,Metal1,228.6600,360.9885,0.000116
FILLER_88_387,VSS,Metal1,225.1730,361.1015,0.000116
FILLER_88_332,VSS,Metal1,193.3800,360.9885,0.000103
FILLER_88_313,VSS,Metal1,182.5600,360.6400,0.000103
FILLER_88_305,VSS,Metal1,179.2530,361.1015,0.000103
FILLER_88_287,VSS,Metal1,168.0000,360.6400,0.000075
FILLER_88_279,VSS,Metal1,164.6930,361.1015,0.000074
FILLER_88_247,VSS,Metal1,153.3240,361.2375,0.000070
FILLER_88_241,VSS,Metal1,142.4200,360.9885,0.000070
FILLER_88_177,VSS,Metal1,123.0445,361.2775,0.000070
FILLER_88_171,VSS,Metal1,103.2200,360.9885,0.000070
FILLER_88_107,VSS,Metal1,83.8445,361.2775,0.000070
FILLER_88_101,VSS,Metal1,64.0200,360.9885,0.000070
FILLER_88_37,VSS,Metal1,44.6445,361.2775,0.000069
FILLER_88_34,VSS,Metal1,26.0400,360.6400,0.000069
FILLER_88_2,VSS,Metal1,16.1240,361.2375,0.000069
FILLER_87_680,VSS,Metal1,388.0800,360.6400,0.000134
FILLER_87_664,VSS,Metal1,382.4320,360.0920,0.000134
FILLER_87_632,VSS,Metal1,368.9240,360.0420,0.000134
FILLER_87_626,VSS,Metal1,358.0200,360.2910,0.000134
FILLER_87_562,VSS,Metal1,338.6445,360.0020,0.000134
FILLER_87_559,VSS,Metal1,320.0400,360.6400,0.000134
FILLER_87_557,VSS,Metal1,319.2000,360.6400,0.000134
FILLER_87_553,VSS,Metal1,317.1400,360.2910,0.000134
FILLER_87_514,VSS,Metal1,294.8400,360.6400,0.000139
FILLER_87_512,VSS,Metal1,294.0000,360.6400,0.000139
FILLER_87_508,VSS,Metal1,291.9400,360.2910,0.000139
FILLER_87_492,VSS,Metal1,286.1120,360.0920,0.000140
FILLER_87_489,VSS,Metal1,280.8400,360.6400,0.000140
FILLER_87_487,VSS,Metal1,280.0000,360.6400,0.000140
FILLER_87_483,VSS,Metal1,277.9400,360.2910,0.000140
FILLER_87_473,VSS,Metal1,272.1600,360.6400,0.000135
FILLER_87_465,VSS,Metal1,268.8530,360.1780,0.000135
FILLER_87_422,VSS,Metal1,243.3200,360.6400,0.000133
FILLER_87_404,VSS,Metal1,233.2400,360.6400,0.000130
FILLER_87_368,VSS,Metal1,213.3600,360.6400,0.000111
FILLER_87_352,VSS,Metal1,207.7120,360.0920,0.000110
FILLER_87_349,VSS,Metal1,202.4400,360.6400,0.000110
FILLER_87_345,VSS,Metal1,200.6600,360.2910,0.000110
FILLER_87_301,VSS,Metal1,175.8400,360.6400,0.000077
FILLER_87_297,VSS,Metal1,173.7800,360.2910,0.000077
FILLER_87_276,VSS,Metal1,162.0200,360.2910,0.000071
FILLER_87_212,VSS,Metal1,142.6445,360.0020,0.000070
FILLER_87_206,VSS,Metal1,122.8200,360.2910,0.000070
FILLER_87_142,VSS,Metal1,103.4445,360.0020,0.000070
FILLER_87_136,VSS,Metal1,83.6200,360.2910,0.000070
FILLER_87_72,VSS,Metal1,64.2445,360.0020,0.000070
FILLER_87_66,VSS,Metal1,44.4200,360.2910,0.000069
FILLER_87_2,VSS,Metal1,25.0445,360.0020,0.000069
FILLER_86_681,VSS,Metal1,388.3600,352.8000,0.000206
FILLER_86_679,VSS,Metal1,387.5200,352.8000,0.000206
FILLER_86_675,VSS,Metal1,385.4600,353.1485,0.000206
FILLER_86_667,VSS,Metal1,381.9730,353.2615,0.000206
FILLER_86_661,VSS,Metal1,377.6200,353.1485,0.000206
FILLER_86_597,VSS,Metal1,358.2445,353.4375,0.000206
FILLER_86_594,VSS,Metal1,339.6400,352.8000,0.000206
FILLER_86_590,VSS,Metal1,337.8600,353.1485,0.000206
FILLER_86_582,VSS,Metal1,334.3730,353.2615,0.000206
FILLER_86_547,VSS,Metal1,313.3200,352.8000,0.000226
FILLER_86_543,VSS,Metal1,311.5400,353.1485,0.000226
FILLER_86_535,VSS,Metal1,308.0530,353.2615,0.000235
FILLER_86_523,VSS,Metal1,300.1600,352.8000,0.000243
FILLER_86_515,VSS,Metal1,296.8530,353.2615,0.000243
FILLER_86_505,VSS,Metal1,290.0800,352.8000,0.000243
FILLER_86_501,VSS,Metal1,288.0200,353.1485,0.000247
FILLER_86_493,VSS,Metal1,284.5330,353.2615,0.000254
FILLER_86_457,VSS,Metal1,263.2000,352.8000,0.000257
FILLER_86_448,VSS,Metal1,257.8800,352.8000,0.000255
FILLER_86_407,VSS,Metal1,234.9200,352.8000,0.000255
FILLER_86_403,VSS,Metal1,233.1400,353.1485,0.000255
FILLER_86_383,VSS,Metal1,221.7600,352.8000,0.000254
FILLER_86_351,VSS,Metal1,211.5640,353.3975,0.000253
FILLER_86_313,VSS,Metal1,182.5600,352.8000,0.000245
FILLER_86_305,VSS,Metal1,179.2530,353.2615,0.000237
FILLER_86_263,VSS,Metal1,155.7330,353.2615,0.000238
FILLER_86_247,VSS,Metal1,148.9120,353.3480,0.000238
FILLER_86_241,VSS,Metal1,142.4200,353.1485,0.000238
FILLER_86_177,VSS,Metal1,123.0445,353.4375,0.000238
FILLER_86_171,VSS,Metal1,103.2200,353.1485,0.000237
FILLER_86_107,VSS,Metal1,83.8445,353.4375,0.000237
FILLER_86_101,VSS,Metal1,64.0200,353.1485,0.000229
FILLER_86_37,VSS,Metal1,44.6445,353.4375,0.000226
FILLER_86_34,VSS,Metal1,26.0400,352.8000,0.000219
FILLER_86_2,VSS,Metal1,16.1240,353.3975,0.000219
FILLER_85_680,VSS,Metal1,388.0800,352.8000,0.000206
FILLER_85_664,VSS,Metal1,382.4320,352.2520,0.000206
FILLER_85_632,VSS,Metal1,368.9240,352.2020,0.000206
FILLER_85_626,VSS,Metal1,358.0200,352.4510,0.000206
FILLER_85_562,VSS,Metal1,338.6445,352.1620,0.000206
FILLER_85_559,VSS,Metal1,320.0400,352.8000,0.000207
FILLER_85_557,VSS,Metal1,319.2000,352.8000,0.000207
FILLER_85_550,VSS,Metal1,315.0000,352.8000,0.000207
FILLER_85_548,VSS,Metal1,314.1600,352.8000,0.000226
FILLER_85_544,VSS,Metal1,312.1000,352.4510,0.000226
FILLER_85_536,VSS,Metal1,308.6130,352.3380,0.000235
FILLER_85_500,VSS,Metal1,287.2800,352.8000,0.000253
FILLER_85_492,VSS,Metal1,283.9730,352.3380,0.000254
FILLER_85_488,VSS,Metal1,280.5600,352.8000,0.000257
FILLER_85_480,VSS,Metal1,277.2530,352.3380,0.000257
FILLER_85_475,VSS,Metal1,273.0000,352.8000,0.000257
FILLER_85_467,VSS,Metal1,269.9730,352.3380,0.000257
FILLER_85_458,VSS,Metal1,263.4800,352.8000,0.000257
FILLER_85_454,VSS,Metal1,261.7000,352.4510,0.000257
FILLER_85_422,VSS,Metal1,251.3240,352.2020,0.000255
FILLER_85_418,VSS,Metal1,241.3600,352.8000,0.000255
FILLER_85_386,VSS,Metal1,231.1640,352.2020,0.000255
FILLER_85_342,VSS,Metal1,199.9730,352.3380,0.000249
FILLER_85_325,VSS,Metal1,189.2800,352.8000,0.000249
FILLER_85_321,VSS,Metal1,187.2200,352.4510,0.000249
FILLER_85_313,VSS,Metal1,183.7330,352.3380,0.000245
FILLER_85_297,VSS,Metal1,176.9120,352.2520,0.000237
FILLER_85_216,VSS,Metal1,128.2400,352.8000,0.000238
FILLER_85_212,VSS,Metal1,126.1800,352.4510,0.000238
FILLER_85_206,VSS,Metal1,122.8200,352.4510,0.000238
FILLER_85_142,VSS,Metal1,103.4445,352.1620,0.000237
FILLER_85_138,VSS,Metal1,84.5600,352.8000,0.000237
FILLER_85_122,VSS,Metal1,78.9120,352.2520,0.000237
FILLER_85_116,VSS,Metal1,71.9600,352.8000,0.000237
FILLER_85_112,VSS,Metal1,70.1800,352.4510,0.000237
FILLER_85_104,VSS,Metal1,66.6930,352.3380,0.000237
FILLER_85_72,VSS,Metal1,55.3240,352.2020,0.000227
FILLER_85_68,VSS,Metal1,45.3600,352.8000,0.000226
FILLER_85_36,VSS,Metal1,35.1640,352.2020,0.000226
FILLER_84_681,VSS,Metal1,388.3600,344.9600,0.000386
FILLER_84_679,VSS,Metal1,387.5200,344.9600,0.000386
FILLER_84_675,VSS,Metal1,385.4600,345.3085,0.000386
FILLER_84_667,VSS,Metal1,381.9730,345.4215,0.000386
FILLER_84_661,VSS,Metal1,377.6200,345.3085,0.000386
FILLER_84_597,VSS,Metal1,358.2445,345.5975,0.000386
FILLER_84_588,VSS,Metal1,336.2800,344.9600,0.000386
FILLER_84_580,VSS,Metal1,333.2530,345.4215,0.000385
FILLER_84_545,VSS,Metal1,312.2000,344.9600,0.000404
FILLER_84_543,VSS,Metal1,311.3600,344.9600,0.000404
FILLER_84_527,VSS,Metal1,305.7120,345.5080,0.000405
FILLER_84_523,VSS,Metal1,300.1600,344.9600,0.000406
FILLER_84_457,VSS,Metal1,263.3800,345.3085,0.000406
FILLER_84_451,VSS,Metal1,260.0200,345.3085,0.000403
FILLER_84_443,VSS,Metal1,256.5330,345.4215,0.000403
FILLER_84_433,VSS,Metal1,249.9400,345.3085,0.000394
FILLER_84_425,VSS,Metal1,246.4530,345.4215,0.000393
FILLER_84_409,VSS,Metal1,239.6320,345.5080,0.000392
FILLER_84_393,VSS,Metal1,227.0800,344.9600,0.000391
FILLER_84_391,VSS,Metal1,226.2400,344.9600,0.000391
FILLER_84_387,VSS,Metal1,224.1800,345.3085,0.000391
FILLER_84_383,VSS,Metal1,221.7600,344.9600,0.000376
FILLER_84_379,VSS,Metal1,219.7000,345.3085,0.000371
FILLER_84_303,VSS,Metal1,177.1400,345.3085,0.000360
FILLER_84_295,VSS,Metal1,173.6530,345.4215,0.000360
FILLER_84_259,VSS,Metal1,152.3200,344.9600,0.000359
FILLER_84_255,VSS,Metal1,150.2600,345.3085,0.000357
FILLER_84_247,VSS,Metal1,146.7730,345.4215,0.000353
FILLER_84_213,VSS,Metal1,134.2840,345.5575,0.000349
FILLER_84_177,VSS,Metal1,106.4000,344.9600,0.000342
FILLER_84_174,VSS,Metal1,104.4400,344.9600,0.000342
FILLER_84_170,VSS,Metal1,102.6600,345.3085,0.000342
FILLER_84_162,VSS,Metal1,99.1730,345.4215,0.000342
FILLER_84_146,VSS,Metal1,92.3520,345.5080,0.000342
FILLER_84_111,VSS,Metal1,69.1600,344.9600,0.000339
FILLER_84_107,VSS,Metal1,67.3800,345.3085,0.000339
FILLER_84_101,VSS,Metal1,64.0200,345.3085,0.000339
FILLER_84_37,VSS,Metal1,44.6445,345.5975,0.000339
FILLER_84_34,VSS,Metal1,26.0400,344.9600,0.000326
FILLER_84_2,VSS,Metal1,16.1240,345.5575,0.000327
FILLER_83_680,VSS,Metal1,388.0800,344.9600,0.000386
FILLER_83_664,VSS,Metal1,382.4320,344.4120,0.000386
FILLER_83_632,VSS,Metal1,368.9240,344.3620,0.000386
FILLER_83_628,VSS,Metal1,358.9600,344.9600,0.000386
FILLER_83_624,VSS,Metal1,356.9000,344.6110,0.000386
FILLER_83_558,VSS,Metal1,319.7600,344.9600,0.000387
FILLER_83_534,VSS,Metal1,306.0400,344.9600,0.000405
FILLER_83_518,VSS,Metal1,300.6720,344.4120,0.000406
FILLER_83_512,VSS,Metal1,294.0000,344.9600,0.000406
FILLER_83_508,VSS,Metal1,291.9400,344.6110,0.000406
FILLER_83_492,VSS,Metal1,286.1120,344.4120,0.000406
FILLER_83_489,VSS,Metal1,280.8400,344.9600,0.000406
FILLER_83_487,VSS,Metal1,280.0000,344.9600,0.000406
FILLER_83_483,VSS,Metal1,277.9400,344.6110,0.000406
FILLER_83_469,VSS,Metal1,269.6400,344.9600,0.000406
FILLER_83_453,VSS,Metal1,264.2720,344.4120,0.000406
FILLER_83_438,VSS,Metal1,252.2800,344.9600,0.000401
FILLER_83_422,VSS,Metal1,246.9120,344.4120,0.000393
FILLER_83_385,VSS,Metal1,222.6000,344.9600,0.000376
FILLER_83_381,VSS,Metal1,220.8200,344.6110,0.000376
FILLER_83_373,VSS,Metal1,217.3330,344.4980,0.000361
FILLER_83_356,VSS,Metal1,206.6400,344.9600,0.000361
FILLER_83_352,VSS,Metal1,204.5800,344.6110,0.000361
FILLER_83_346,VSS,Metal1,201.2200,344.6110,0.000361
FILLER_83_282,VSS,Metal1,181.8445,344.3220,0.000360
FILLER_83_279,VSS,Metal1,163.2400,344.9600,0.000359
FILLER_83_275,VSS,Metal1,161.4600,344.6110,0.000359
FILLER_83_259,VSS,Metal1,155.6320,344.4120,0.000359
FILLER_83_250,VSS,Metal1,147.0000,344.9600,0.000353
FILLER_83_246,VSS,Metal1,145.2200,344.6110,0.000353
FILLER_83_236,VSS,Metal1,139.6200,344.6110,0.000349
FILLER_83_228,VSS,Metal1,136.1330,344.4980,0.000349
FILLER_83_212,VSS,Metal1,129.3120,344.4120,0.000349
FILLER_83_186,VSS,Metal1,114.7520,344.4120,0.000344
FILLER_83_150,VSS,Metal1,91.2800,344.9600,0.000342
FILLER_83_142,VSS,Metal1,87.9730,344.4980,0.000342
FILLER_83_139,VSS,Metal1,84.8400,344.9600,0.000342
FILLER_83_135,VSS,Metal1,83.0600,344.6110,0.000342
FILLER_83_129,VSS,Metal1,79.2400,344.9600,0.000342
FILLER_83_94,VSS,Metal1,59.6400,344.9600,0.000339
FILLER_83_92,VSS,Metal1,58.8000,344.9600,0.000339
FILLER_83_88,VSS,Metal1,56.7400,344.6110,0.000339
FILLER_83_72,VSS,Metal1,50.9120,344.4120,0.000339
FILLER_83_68,VSS,Metal1,45.3600,344.9600,0.000339
FILLER_83_36,VSS,Metal1,35.1640,344.3620,0.000339
FILLER_82_681,VSS,Metal1,388.3600,337.1200,0.000188
FILLER_82_679,VSS,Metal1,387.5200,337.1200,0.000188
FILLER_82_675,VSS,Metal1,385.4600,337.4685,0.000188
FILLER_82_667,VSS,Metal1,381.9730,337.5815,0.000188
FILLER_82_661,VSS,Metal1,377.6200,337.4685,0.000188
FILLER_82_597,VSS,Metal1,358.2445,337.7575,0.000188
FILLER_82_594,VSS,Metal1,339.6400,337.1200,0.000188
FILLER_82_592,VSS,Metal1,338.8000,337.1200,0.000188
FILLER_82_578,VSS,Metal1,330.9600,337.1200,0.000188
FILLER_82_568,VSS,Metal1,325.0800,337.1200,0.000200
FILLER_82_564,VSS,Metal1,323.3000,337.4685,0.000200
FILLER_82_556,VSS,Metal1,319.8130,337.5815,0.000250
FILLER_82_539,VSS,Metal1,309.1200,337.1200,0.000267
FILLER_82_531,VSS,Metal1,305.8130,337.5815,0.000277
FILLER_82_524,VSS,Metal1,300.4400,337.1200,0.000277
FILLER_82_516,VSS,Metal1,297.4130,337.5815,0.000282
FILLER_82_489,VSS,Metal1,281.1200,337.1200,0.000312
FILLER_82_457,VSS,Metal1,270.9240,337.7175,0.000312
FILLER_82_454,VSS,Metal1,261.2400,337.1200,0.000313
FILLER_82_452,VSS,Metal1,260.4000,337.1200,0.000313
FILLER_82_448,VSS,Metal1,258.3400,337.4685,0.000313
FILLER_82_405,VSS,Metal1,233.8000,337.1200,0.000314
FILLER_82_403,VSS,Metal1,232.9600,337.1200,0.000314
FILLER_82_387,VSS,Metal1,227.3120,337.6680,0.000314
FILLER_82_383,VSS,Metal1,221.7600,337.1200,0.000318
FILLER_82_379,VSS,Metal1,219.7000,337.4685,0.000318
FILLER_82_313,VSS,Metal1,182.5600,337.1200,0.000298
FILLER_82_309,VSS,Metal1,180.5000,337.4685,0.000296
FILLER_82_293,VSS,Metal1,174.6720,337.6680,0.000296
FILLER_82_284,VSS,Metal1,166.0400,337.1200,0.000297
FILLER_82_276,VSS,Metal1,163.0130,337.5815,0.000278
FILLER_82_260,VSS,Metal1,156.1920,337.6680,0.000276
FILLER_82_251,VSS,Metal1,147.5600,337.1200,0.000276
FILLER_82_247,VSS,Metal1,145.7800,337.4685,0.000276
FILLER_82_169,VSS,Metal1,101.6400,337.1200,0.000247
FILLER_82_167,VSS,Metal1,100.8000,337.1200,0.000247
FILLER_82_157,VSS,Metal1,95.2000,337.1200,0.000247
FILLER_82_125,VSS,Metal1,85.0040,337.7175,0.000245
FILLER_82_107,VSS,Metal1,67.2000,337.1200,0.000219
FILLER_82_93,VSS,Metal1,59.5400,337.4685,0.000219
FILLER_82_85,VSS,Metal1,56.0530,337.5815,0.000218
FILLER_82_69,VSS,Metal1,49.2320,337.6680,0.000205
FILLER_82_37,VSS,Metal1,35.7240,337.7175,0.000192
FILLER_82_34,VSS,Metal1,26.0400,337.1200,0.000191
FILLER_82_2,VSS,Metal1,16.1240,337.7175,0.000192
FILLER_81_680,VSS,Metal1,388.0800,337.1200,0.000188
FILLER_81_664,VSS,Metal1,382.4320,336.5720,0.000188
FILLER_81_632,VSS,Metal1,368.9240,336.5220,0.000188
FILLER_81_629,VSS,Metal1,359.2400,337.1200,0.000188
FILLER_81_621,VSS,Metal1,356.2130,336.6580,0.000188
FILLER_81_586,VSS,Metal1,335.1600,337.1200,0.000188
FILLER_81_578,VSS,Metal1,332.1330,336.6580,0.000188
FILLER_81_562,VSS,Metal1,325.3120,336.5720,0.000200
FILLER_81_559,VSS,Metal1,320.0400,337.1200,0.000250
FILLER_81_557,VSS,Metal1,319.2000,337.1200,0.000250
FILLER_81_547,VSS,Metal1,313.6000,337.1200,0.000267
FILLER_81_539,VSS,Metal1,310.2930,336.6580,0.000267
FILLER_81_523,VSS,Metal1,303.4720,336.5720,0.000277
FILLER_81_510,VSS,Metal1,292.6000,337.1200,0.000291
FILLER_81_508,VSS,Metal1,291.7600,337.1200,0.000291
FILLER_81_492,VSS,Metal1,286.1120,336.5720,0.000298
FILLER_81_489,VSS,Metal1,280.8400,337.1200,0.000312
FILLER_81_481,VSS,Metal1,277.8130,336.6580,0.000312
FILLER_81_468,VSS,Metal1,269.0800,337.1200,0.000312
FILLER_81_466,VSS,Metal1,268.2400,337.1200,0.000312
FILLER_81_422,VSS,Metal1,243.6000,337.1200,0.000314
FILLER_81_412,VSS,Metal1,239.1730,336.6580,0.000314
FILLER_81_393,VSS,Metal1,227.5400,336.7710,0.000314
FILLER_81_383,VSS,Metal1,221.7600,337.1200,0.000318
FILLER_81_375,VSS,Metal1,218.4530,336.6580,0.000318
FILLER_81_366,VSS,Metal1,211.9600,337.1200,0.000318
FILLER_81_364,VSS,Metal1,211.1200,337.1200,0.000318
FILLER_81_276,VSS,Metal1,162.0200,336.7710,0.000278
FILLER_81_264,VSS,Metal1,155.3000,336.7710,0.000276
FILLER_81_228,VSS,Metal1,134.9600,337.1200,0.000276
FILLER_81_212,VSS,Metal1,129.3120,336.5720,0.000275
FILLER_81_206,VSS,Metal1,122.8200,336.7710,0.000267
FILLER_81_198,VSS,Metal1,119.3330,336.6580,0.000267
FILLER_81_192,VSS,Metal1,114.5200,337.1200,0.000267
FILLER_81_182,VSS,Metal1,109.2000,337.1200,0.000267
FILLER_81_146,VSS,Metal1,89.0400,337.1200,0.000245
FILLER_81_142,VSS,Metal1,86.9800,336.7710,0.000245
FILLER_81_139,VSS,Metal1,84.8400,337.1200,0.000245
FILLER_81_135,VSS,Metal1,83.0600,336.7710,0.000245
FILLER_81_119,VSS,Metal1,77.2320,336.5720,0.000245
FILLER_81_84,VSS,Metal1,54.0400,337.1200,0.000206
FILLER_81_80,VSS,Metal1,52.2600,336.7710,0.000206
FILLER_81_72,VSS,Metal1,48.7730,336.6580,0.000205
FILLER_81_69,VSS,Metal1,45.6400,337.1200,0.000205
FILLER_81_65,VSS,Metal1,43.8600,336.7710,0.000192
FILLER_81_30,VSS,Metal1,23.8000,337.1200,0.000192
FILLER_81_26,VSS,Metal1,22.0200,336.7710,0.000192
FILLER_81_18,VSS,Metal1,18.5330,336.6580,0.000192
FILLER_81_2,VSS,Metal1,11.7120,336.5720,0.000192
FILLER_80_681,VSS,Metal1,388.3600,329.2800,0.000346
FILLER_80_679,VSS,Metal1,387.5200,329.2800,0.000346
FILLER_80_675,VSS,Metal1,385.4600,329.6285,0.000346
FILLER_80_667,VSS,Metal1,381.9730,329.7415,0.000346
FILLER_80_661,VSS,Metal1,377.6200,329.6285,0.000346
FILLER_80_597,VSS,Metal1,358.2445,329.9175,0.000346
FILLER_80_591,VSS,Metal1,338.4200,329.6285,0.000346
FILLER_80_527,VSS,Metal1,319.0445,329.9175,0.000346
FILLER_80_524,VSS,Metal1,300.4400,329.2800,0.000522
FILLER_80_522,VSS,Metal1,299.6000,329.2800,0.000522
FILLER_80_518,VSS,Metal1,297.5400,329.6285,0.000535
FILLER_80_506,VSS,Metal1,290.3600,329.2800,0.000546
FILLER_80_504,VSS,Metal1,289.5200,329.2800,0.000546
FILLER_80_500,VSS,Metal1,287.4600,329.6285,0.000546
FILLER_80_492,VSS,Metal1,283.9730,329.7415,0.000548
FILLER_80_482,VSS,Metal1,277.2000,329.2800,0.000591
FILLER_80_457,VSS,Metal1,266.5120,329.8280,0.000592
FILLER_80_454,VSS,Metal1,261.2400,329.2800,0.000592
FILLER_80_450,VSS,Metal1,259.4600,329.6285,0.000592
FILLER_80_436,VSS,Metal1,251.4400,329.2800,0.000592
FILLER_80_432,VSS,Metal1,249.3800,329.6285,0.000592
FILLER_80_397,VSS,Metal1,229.3200,329.2800,0.000590
FILLER_80_395,VSS,Metal1,228.4800,329.2800,0.000590
FILLER_80_387,VSS,Metal1,225.1730,329.7415,0.000590
FILLER_80_350,VSS,Metal1,203.0000,329.2800,0.000569
FILLER_80_333,VSS,Metal1,193.9400,329.6285,0.000555
FILLER_80_325,VSS,Metal1,189.2800,329.2800,0.000554
FILLER_80_317,VSS,Metal1,185.9730,329.7415,0.000544
FILLER_80_314,VSS,Metal1,182.8400,329.2800,0.000531
FILLER_80_251,VSS,Metal1,147.5600,329.2800,0.000534
FILLER_80_247,VSS,Metal1,145.7800,329.6285,0.000534
FILLER_80_181,VSS,Metal1,108.6400,329.2800,0.000522
FILLER_80_177,VSS,Metal1,106.5800,329.6285,0.000522
FILLER_80_174,VSS,Metal1,104.4400,329.2800,0.000522
FILLER_80_165,VSS,Metal1,99.8600,329.6285,0.000517
FILLER_80_156,VSS,Metal1,94.3600,329.2800,0.000517
FILLER_80_148,VSS,Metal1,91.3330,329.7415,0.000517
FILLER_80_132,VSS,Metal1,84.5120,329.8280,0.000515
FILLER_80_126,VSS,Metal1,77.5600,329.2800,0.000512
FILLER_80_124,VSS,Metal1,76.7200,329.2800,0.000512
FILLER_80_120,VSS,Metal1,74.6600,329.6285,0.000512
FILLER_80_103,VSS,Metal1,64.9600,329.2800,0.000512
FILLER_80_99,VSS,Metal1,62.9000,329.6285,0.000512
FILLER_80_84,VSS,Metal1,54.3200,329.2800,0.000512
FILLER_80_80,VSS,Metal1,52.2600,329.6285,0.000512
FILLER_80_71,VSS,Metal1,46.7600,329.2800,0.000492
FILLER_80_34,VSS,Metal1,26.0400,329.2800,0.000425
FILLER_80_2,VSS,Metal1,16.1240,329.8775,0.000425
FILLER_79_680,VSS,Metal1,388.0800,329.2800,0.000346
FILLER_79_664,VSS,Metal1,382.4320,328.7320,0.000346
FILLER_79_632,VSS,Metal1,368.9240,328.6820,0.000346
FILLER_79_629,VSS,Metal1,359.2400,329.2800,0.000346
FILLER_79_627,VSS,Metal1,358.4000,329.2800,0.000346
FILLER_79_623,VSS,Metal1,356.3400,328.9310,0.000346
FILLER_79_591,VSS,Metal1,345.9640,328.6820,0.000346
FILLER_79_582,VSS,Metal1,332.9200,329.2800,0.000346
FILLER_79_578,VSS,Metal1,331.1400,328.9310,0.000346
FILLER_79_562,VSS,Metal1,325.3120,328.7320,0.000346
FILLER_79_553,VSS,Metal1,316.6800,329.2800,0.000346
FILLER_79_551,VSS,Metal1,315.8400,329.2800,0.000346
FILLER_79_543,VSS,Metal1,312.5330,328.8180,0.000346
FILLER_79_527,VSS,Metal1,305.7120,328.7320,0.000346
FILLER_79_509,VSS,Metal1,292.0400,329.2800,0.000539
FILLER_79_501,VSS,Metal1,289.0130,328.8180,0.000546
FILLER_79_426,VSS,Metal1,245.8400,329.2800,0.000592
FILLER_79_422,VSS,Metal1,243.7800,328.9310,0.000592
FILLER_79_419,VSS,Metal1,241.6400,329.2800,0.000592
FILLER_79_415,VSS,Metal1,239.8600,328.9310,0.000592
FILLER_79_407,VSS,Metal1,236.3730,328.8180,0.000592
FILLER_79_391,VSS,Metal1,229.5520,328.7320,0.000590
FILLER_79_375,VSS,Metal1,217.4600,328.9310,0.000588
FILLER_79_360,VSS,Metal1,208.6000,329.2800,0.000588
FILLER_79_352,VSS,Metal1,205.5730,328.8180,0.000588
FILLER_79_348,VSS,Metal1,202.1600,329.2800,0.000569
FILLER_79_336,VSS,Metal1,195.4400,329.2800,0.000555
FILLER_79_322,VSS,Metal1,187.6000,329.2800,0.000545
FILLER_79_313,VSS,Metal1,182.2800,329.2800,0.000531
FILLER_79_311,VSS,Metal1,181.4400,329.2800,0.000528
FILLER_79_303,VSS,Metal1,178.1330,328.8180,0.000530
FILLER_79_282,VSS,Metal1,165.3800,328.9310,0.000530
FILLER_79_261,VSS,Metal1,153.1600,329.2800,0.000530
FILLER_79_257,VSS,Metal1,151.3800,328.9310,0.000530
FILLER_79_222,VSS,Metal1,131.3200,329.2800,0.000534
FILLER_79_220,VSS,Metal1,130.4800,329.2800,0.000534
FILLER_79_212,VSS,Metal1,127.1730,328.8180,0.000534
FILLER_79_208,VSS,Metal1,123.7600,329.2800,0.000534
FILLER_79_204,VSS,Metal1,121.7000,328.9310,0.000534
FILLER_79_196,VSS,Metal1,118.2130,328.8180,0.000534
FILLER_79_186,VSS,Metal1,111.4400,329.2800,0.000534
FILLER_79_182,VSS,Metal1,109.3800,328.9310,0.000534
FILLER_79_174,VSS,Metal1,105.8930,328.8180,0.000522
FILLER_79_142,VSS,Metal1,94.5240,328.6820,0.000517
FILLER_79_136,VSS,Metal1,83.6200,328.9310,0.000515
FILLER_79_72,VSS,Metal1,47.6000,329.2800,0.000502
FILLER_78_681,VSS,Metal1,388.3600,321.4400,0.000381
FILLER_78_679,VSS,Metal1,387.5200,321.4400,0.000381
FILLER_78_675,VSS,Metal1,385.4600,321.7885,0.000381
FILLER_78_667,VSS,Metal1,381.9730,321.9015,0.000381
FILLER_78_661,VSS,Metal1,377.6200,321.7885,0.000381
FILLER_78_597,VSS,Metal1,358.2445,322.0775,0.000381
FILLER_78_594,VSS,Metal1,339.6400,321.4400,0.000381
FILLER_78_586,VSS,Metal1,336.6130,321.9015,0.000381
FILLER_78_535,VSS,Metal1,306.6000,321.4400,0.000385
FILLER_78_527,VSS,Metal1,303.5730,321.9015,0.000385
FILLER_78_502,VSS,Metal1,288.1200,321.4400,0.000397
FILLER_78_500,VSS,Metal1,287.2800,321.4400,0.000397
FILLER_78_492,VSS,Metal1,283.9730,321.9015,0.000397
FILLER_78_465,VSS,Metal1,267.4000,321.4400,0.000423
FILLER_78_457,VSS,Metal1,264.3730,321.9015,0.000425
FILLER_78_441,VSS,Metal1,254.2400,321.4400,0.000430
FILLER_78_437,VSS,Metal1,252.1800,321.7885,0.000430
FILLER_78_429,VSS,Metal1,248.6930,321.9015,0.000430
FILLER_78_397,VSS,Metal1,237.3240,322.0375,0.000430
FILLER_78_387,VSS,Metal1,224.1800,321.7885,0.000430
FILLER_78_383,VSS,Metal1,221.7600,321.4400,0.000430
FILLER_78_379,VSS,Metal1,219.7000,321.7885,0.000430
FILLER_78_313,VSS,Metal1,182.5600,321.4400,0.000397
FILLER_78_309,VSS,Metal1,180.5000,321.7885,0.000397
FILLER_78_301,VSS,Metal1,177.0130,321.9015,0.000380
FILLER_78_247,VSS,Metal1,145.7800,321.7885,0.000387
FILLER_78_231,VSS,Metal1,136.3600,321.4400,0.000386
FILLER_78_227,VSS,Metal1,134.5800,321.7885,0.000386
FILLER_78_192,VSS,Metal1,114.5200,321.4400,0.000383
FILLER_78_190,VSS,Metal1,113.6800,321.4400,0.000383
FILLER_78_182,VSS,Metal1,110.3730,321.9015,0.000381
FILLER_78_174,VSS,Metal1,104.4400,321.4400,0.000379
FILLER_78_172,VSS,Metal1,103.6000,321.4400,0.000379
FILLER_78_168,VSS,Metal1,101.5400,321.7885,0.000379
FILLER_78_160,VSS,Metal1,98.0530,321.9015,0.000379
FILLER_78_153,VSS,Metal1,92.9600,321.4400,0.000379
FILLER_78_149,VSS,Metal1,90.9000,321.7885,0.000379
FILLER_78_141,VSS,Metal1,87.4130,321.9015,0.000375
FILLER_78_104,VSS,Metal1,65.2400,321.4400,0.000356
FILLER_78_100,VSS,Metal1,63.4600,321.7885,0.000350
FILLER_78_92,VSS,Metal1,59.9730,321.9015,0.000349
FILLER_78_56,VSS,Metal1,38.6400,321.4400,0.000348
FILLER_78_37,VSS,Metal1,28.1800,321.7885,0.000348
FILLER_78_4,VSS,Metal1,9.2400,321.4400,0.000338
FILLER_78_2,VSS,Metal1,8.4000,321.4400,0.000338
FILLER_77_680,VSS,Metal1,388.0800,321.4400,0.000381
FILLER_77_664,VSS,Metal1,382.4320,320.8920,0.000381
FILLER_77_632,VSS,Metal1,368.9240,320.8420,0.000381
FILLER_77_628,VSS,Metal1,358.9600,321.4400,0.000381
FILLER_77_624,VSS,Metal1,356.9000,321.0910,0.000381
FILLER_77_558,VSS,Metal1,319.7600,321.4400,0.000383
FILLER_77_524,VSS,Metal1,304.0320,320.8920,0.000385
FILLER_77_508,VSS,Metal1,291.9400,321.0910,0.000389
FILLER_77_492,VSS,Metal1,286.1120,320.8920,0.000397
FILLER_77_489,VSS,Metal1,280.8400,321.4400,0.000405
FILLER_77_487,VSS,Metal1,280.0000,321.4400,0.000418
FILLER_77_479,VSS,Metal1,276.6930,320.9780,0.000421
FILLER_77_474,VSS,Metal1,272.4400,321.4400,0.000423
FILLER_77_461,VSS,Metal1,265.4400,321.4400,0.000425
FILLER_77_457,VSS,Metal1,263.3800,321.0910,0.000425
FILLER_77_422,VSS,Metal1,243.3200,321.4400,0.000430
FILLER_77_418,VSS,Metal1,241.3600,321.4400,0.000430
FILLER_77_414,VSS,Metal1,239.3000,321.0910,0.000430
FILLER_77_406,VSS,Metal1,235.8130,320.9780,0.000430
FILLER_77_396,VSS,Metal1,229.0400,321.4400,0.000430
FILLER_77_388,VSS,Metal1,225.7330,320.9780,0.000430
FILLER_77_372,VSS,Metal1,218.9120,320.8920,0.000430
FILLER_77_352,VSS,Metal1,205.5730,320.9780,0.000430
FILLER_77_349,VSS,Metal1,202.4400,321.4400,0.000430
FILLER_77_347,VSS,Metal1,201.6000,321.4400,0.000430
FILLER_77_334,VSS,Metal1,194.0400,321.4400,0.000430
FILLER_77_314,VSS,Metal1,184.2930,320.9780,0.000418
FILLER_77_292,VSS,Metal1,170.5200,321.4400,0.000386
FILLER_77_290,VSS,Metal1,169.6800,321.4400,0.000386
FILLER_77_282,VSS,Metal1,166.3730,320.9780,0.000387
FILLER_77_278,VSS,Metal1,162.9600,321.4400,0.000387
FILLER_77_274,VSS,Metal1,160.9000,321.0910,0.000387
FILLER_77_232,VSS,Metal1,137.2000,321.4400,0.000386
FILLER_77_228,VSS,Metal1,135.1400,321.0910,0.000386
FILLER_77_212,VSS,Metal1,129.3120,320.8920,0.000385
FILLER_77_202,VSS,Metal1,121.5730,320.9780,0.000385
FILLER_77_195,VSS,Metal1,116.4800,321.4400,0.000385
FILLER_77_187,VSS,Metal1,113.1730,320.9780,0.000383
FILLER_77_146,VSS,Metal1,89.0400,321.4400,0.000375
FILLER_77_142,VSS,Metal1,86.9800,321.0910,0.000375
FILLER_77_138,VSS,Metal1,84.5600,321.4400,0.000372
FILLER_77_129,VSS,Metal1,79.7000,321.0910,0.000372
FILLER_77_115,VSS,Metal1,71.4000,321.4400,0.000372
FILLER_77_113,VSS,Metal1,70.5600,321.4400,0.000372
FILLER_77_109,VSS,Metal1,68.5000,321.0910,0.000372
FILLER_77_103,VSS,Metal1,64.6800,321.4400,0.000350
FILLER_77_87,VSS,Metal1,59.3120,320.8920,0.000349
FILLER_76_681,VSS,Metal1,388.3600,313.6000,0.000170
FILLER_76_679,VSS,Metal1,387.5200,313.6000,0.000170
FILLER_76_675,VSS,Metal1,385.4600,313.9485,0.000170
FILLER_76_667,VSS,Metal1,381.9730,314.0615,0.000170
FILLER_76_661,VSS,Metal1,377.6200,313.9485,0.000170
FILLER_76_653,VSS,Metal1,374.1330,314.0615,0.000170
FILLER_76_621,VSS,Metal1,362.7640,314.1975,0.000170
FILLER_76_586,VSS,Metal1,335.1600,313.6000,0.000169
FILLER_76_582,VSS,Metal1,333.3800,313.9485,0.000169
FILLER_76_574,VSS,Metal1,329.8930,314.0615,0.000174
FILLER_76_558,VSS,Metal1,323.0720,314.1480,0.000184
FILLER_76_545,VSS,Metal1,312.2000,313.6000,0.000188
FILLER_76_543,VSS,Metal1,311.3600,313.6000,0.000188
FILLER_76_527,VSS,Metal1,305.7120,314.1480,0.000188
FILLER_76_524,VSS,Metal1,300.4400,313.6000,0.000191
FILLER_76_522,VSS,Metal1,299.6000,313.6000,0.000191
FILLER_76_518,VSS,Metal1,297.5400,313.9485,0.000191
FILLER_76_502,VSS,Metal1,291.7120,314.1480,0.000196
FILLER_76_477,VSS,Metal1,274.5800,313.9485,0.000227
FILLER_76_457,VSS,Metal1,266.5120,314.1480,0.000227
FILLER_76_454,VSS,Metal1,261.2400,313.6000,0.000227
FILLER_76_452,VSS,Metal1,260.4000,313.6000,0.000227
FILLER_76_448,VSS,Metal1,258.3400,313.9485,0.000227
FILLER_76_443,VSS,Metal1,255.0800,313.6000,0.000227
FILLER_76_434,VSS,Metal1,250.0400,313.6000,0.000227
FILLER_76_430,VSS,Metal1,248.2600,313.9485,0.000227
FILLER_76_395,VSS,Metal1,228.2000,313.6000,0.000229
FILLER_76_387,VSS,Metal1,225.1730,314.0615,0.000229
FILLER_76_383,VSS,Metal1,221.7600,313.6000,0.000229
FILLER_76_379,VSS,Metal1,219.7000,313.9485,0.000229
FILLER_76_371,VSS,Metal1,216.2130,314.0615,0.000229
FILLER_76_355,VSS,Metal1,209.3920,314.1480,0.000229
FILLER_76_339,VSS,Metal1,197.3000,313.9485,0.000229
FILLER_76_331,VSS,Metal1,193.8130,314.0615,0.000229
FILLER_76_321,VSS,Metal1,187.0400,313.6000,0.000229
FILLER_76_317,VSS,Metal1,184.9800,313.9485,0.000229
FILLER_76_313,VSS,Metal1,182.5600,313.6000,0.000229
FILLER_76_309,VSS,Metal1,180.5000,313.9485,0.000229
FILLER_76_301,VSS,Metal1,177.0130,314.0615,0.000229
FILLER_76_269,VSS,Metal1,165.6440,314.1975,0.000321
FILLER_76_259,VSS,Metal1,152.3200,313.6000,0.000323
FILLER_76_255,VSS,Metal1,150.2600,313.9485,0.000323
FILLER_76_247,VSS,Metal1,146.7730,314.0615,0.000323
FILLER_76_244,VSS,Metal1,143.6400,313.6000,0.000331
FILLER_76_242,VSS,Metal1,142.8000,313.6000,0.000331
FILLER_76_202,VSS,Metal1,120.1200,313.6000,0.000344
FILLER_76_186,VSS,Metal1,114.7520,314.1480,0.000344
FILLER_76_177,VSS,Metal1,106.5800,313.9485,0.000348
FILLER_76_173,VSS,Metal1,104.1600,313.6000,0.000353
FILLER_76_169,VSS,Metal1,102.1000,313.9485,0.000353
FILLER_76_153,VSS,Metal1,92.6800,313.6000,0.000353
FILLER_76_151,VSS,Metal1,91.8400,313.6000,0.000353
FILLER_76_147,VSS,Metal1,89.7800,313.9485,0.000353
FILLER_76_131,VSS,Metal1,83.9520,314.1480,0.000353
FILLER_76_125,VSS,Metal1,77.0000,313.6000,0.000354
FILLER_76_123,VSS,Metal1,76.1600,313.6000,0.000354
FILLER_76_107,VSS,Metal1,70.5120,314.1480,0.000354
FILLER_76_97,VSS,Metal1,62.7730,314.0615,0.000354
FILLER_76_73,VSS,Metal1,47.8800,313.6000,0.000338
FILLER_76_69,VSS,Metal1,46.1000,313.9485,0.000337
FILLER_76_37,VSS,Metal1,35.7240,314.1975,0.000319
FILLER_76_34,VSS,Metal1,26.0400,313.6000,0.000316
FILLER_76_2,VSS,Metal1,16.1240,314.1975,0.000316
FILLER_75_680,VSS,Metal1,388.0800,313.6000,0.000170
FILLER_75_664,VSS,Metal1,382.4320,313.0520,0.000170
FILLER_75_632,VSS,Metal1,368.9240,313.0020,0.000170
FILLER_75_628,VSS,Metal1,358.9600,313.6000,0.000170
FILLER_75_624,VSS,Metal1,356.9000,313.2510,0.000170
FILLER_75_589,VSS,Metal1,336.8400,313.6000,0.000170
FILLER_75_587,VSS,Metal1,336.0000,313.6000,0.000170
FILLER_75_583,VSS,Metal1,333.9400,313.2510,0.000169
FILLER_75_570,VSS,Metal1,326.4800,313.6000,0.000184
FILLER_75_562,VSS,Metal1,323.1730,313.1380,0.000184
FILLER_75_559,VSS,Metal1,320.0400,313.6000,0.000184
FILLER_75_557,VSS,Metal1,319.2000,313.6000,0.000187
FILLER_75_525,VSS,Metal1,309.0040,313.0020,0.000188
FILLER_75_515,VSS,Metal1,295.4000,313.6000,0.000196
FILLER_75_511,VSS,Metal1,293.6200,313.2510,0.000196
FILLER_75_498,VSS,Metal1,285.8800,313.6000,0.000196
FILLER_75_496,VSS,Metal1,285.0400,313.6000,0.000212
FILLER_75_492,VSS,Metal1,282.9800,313.2510,0.000212
FILLER_75_486,VSS,Metal1,279.6200,313.2510,0.000227
FILLER_75_422,VSS,Metal1,260.2445,312.9620,0.000227
FILLER_75_419,VSS,Metal1,241.6400,313.6000,0.000228
FILLER_75_415,VSS,Metal1,239.8600,313.2510,0.000228
FILLER_75_410,VSS,Metal1,236.6000,313.6000,0.000228
FILLER_75_408,VSS,Metal1,235.7600,313.6000,0.000228
FILLER_75_404,VSS,Metal1,233.7000,313.2510,0.000228
FILLER_75_396,VSS,Metal1,230.2130,313.1380,0.000228
FILLER_75_380,VSS,Metal1,223.3920,313.0520,0.000229
FILLER_75_356,VSS,Metal1,206.6400,313.6000,0.000229
FILLER_75_352,VSS,Metal1,204.5800,313.2510,0.000229
FILLER_75_349,VSS,Metal1,202.4400,313.6000,0.000229
FILLER_75_333,VSS,Metal1,197.0720,313.0520,0.000229
FILLER_75_297,VSS,Metal1,173.6000,313.6000,0.000320
FILLER_75_244,VSS,Metal1,143.9200,313.6000,0.000331
FILLER_75_212,VSS,Metal1,133.7240,313.0020,0.000331
FILLER_75_189,VSS,Metal1,116.4320,313.0520,0.000344
FILLER_75_178,VSS,Metal1,106.9600,313.6000,0.000348
FILLER_75_174,VSS,Metal1,104.9000,313.2510,0.000349
FILLER_75_142,VSS,Metal1,94.5240,313.0020,0.000353
FILLER_75_134,VSS,Metal1,82.0400,313.6000,0.000354
FILLER_75_68,VSS,Metal1,45.3600,313.6000,0.000320
FILLER_75_52,VSS,Metal1,39.7120,313.0520,0.000319
FILLER_75_2,VSS,Metal1,11.7120,313.0520,0.000316
FILLER_74_681,VSS,Metal1,388.3600,305.7600,0.000174
FILLER_74_679,VSS,Metal1,387.5200,305.7600,0.000174
FILLER_74_675,VSS,Metal1,385.4600,306.1085,0.000174
FILLER_74_667,VSS,Metal1,381.9730,306.2215,0.000174
FILLER_74_663,VSS,Metal1,378.5600,305.7600,0.000174
FILLER_74_655,VSS,Metal1,375.2530,306.2215,0.000174
FILLER_74_639,VSS,Metal1,368.4320,306.3080,0.000174
FILLER_74_591,VSS,Metal1,338.4200,306.1085,0.000173
FILLER_74_583,VSS,Metal1,334.9330,306.2215,0.000172
FILLER_74_567,VSS,Metal1,328.1120,306.3080,0.000173
FILLER_74_559,VSS,Metal1,320.5000,306.1085,0.000215
FILLER_74_527,VSS,Metal1,310.1240,306.3575,0.000239
FILLER_74_523,VSS,Metal1,300.1600,305.7600,0.000242
FILLER_74_519,VSS,Metal1,298.1000,306.1085,0.000242
FILLER_74_511,VSS,Metal1,294.6130,306.2215,0.000243
FILLER_74_479,VSS,Metal1,283.2440,306.3575,0.000244
FILLER_74_469,VSS,Metal1,269.9200,305.7600,0.000253
FILLER_74_465,VSS,Metal1,267.8600,306.1085,0.000253
FILLER_74_457,VSS,Metal1,264.3730,306.2215,0.000253
FILLER_74_451,VSS,Metal1,260.0200,306.1085,0.000253
FILLER_74_387,VSS,Metal1,240.6445,306.3975,0.000254
FILLER_74_383,VSS,Metal1,221.7600,305.7600,0.000256
FILLER_74_317,VSS,Metal1,184.9800,306.1085,0.000251
FILLER_74_311,VSS,Metal1,181.6200,306.1085,0.000239
FILLER_74_295,VSS,Metal1,175.7920,306.3080,0.000239
FILLER_74_263,VSS,Metal1,162.2840,306.3575,0.000240
FILLER_74_247,VSS,Metal1,145.3200,305.7600,0.000249
FILLER_74_244,VSS,Metal1,143.6400,305.7600,0.000250
FILLER_74_242,VSS,Metal1,142.8000,305.7600,0.000250
FILLER_74_238,VSS,Metal1,140.7400,306.1085,0.000250
FILLER_74_230,VSS,Metal1,137.2530,306.2215,0.000250
FILLER_74_214,VSS,Metal1,130.4320,306.3080,0.000250
FILLER_74_204,VSS,Metal1,121.2400,305.7600,0.000254
FILLER_74_188,VSS,Metal1,115.8720,306.3080,0.000255
FILLER_74_179,VSS,Metal1,107.2400,305.7600,0.000257
FILLER_74_177,VSS,Metal1,106.4000,305.7600,0.000257
FILLER_74_174,VSS,Metal1,104.4400,305.7600,0.000257
FILLER_74_172,VSS,Metal1,103.6000,305.7600,0.000257
FILLER_74_168,VSS,Metal1,101.5400,306.1085,0.000257
FILLER_74_136,VSS,Metal1,91.1640,306.3575,0.000257
FILLER_74_128,VSS,Metal1,78.6800,305.7600,0.000259
FILLER_74_126,VSS,Metal1,77.8400,305.7600,0.000259
FILLER_74_115,VSS,Metal1,71.4000,305.7600,0.000260
FILLER_74_107,VSS,Metal1,68.3730,306.2215,0.000260
FILLER_74_104,VSS,Metal1,65.2400,305.7600,0.000260
FILLER_74_102,VSS,Metal1,64.4000,305.7600,0.000260
FILLER_74_98,VSS,Metal1,62.3400,306.1085,0.000260
FILLER_74_60,VSS,Metal1,41.0600,306.1085,0.000254
FILLER_74_52,VSS,Metal1,37.5730,306.2215,0.000253
FILLER_74_4,VSS,Metal1,9.2400,305.7600,0.000252
FILLER_74_2,VSS,Metal1,8.4000,305.7600,0.000252
FILLER_73_680,VSS,Metal1,388.0800,305.7600,0.000174
FILLER_73_664,VSS,Metal1,382.4320,305.2120,0.000174
FILLER_73_632,VSS,Metal1,368.9240,305.1620,0.000174
FILLER_73_628,VSS,Metal1,358.9600,305.7600,0.000174
FILLER_73_624,VSS,Metal1,356.9000,305.4110,0.000174
FILLER_73_616,VSS,Metal1,353.4130,305.2980,0.000174
FILLER_73_600,VSS,Metal1,346.5920,305.2120,0.000173
FILLER_73_568,VSS,Metal1,333.0840,305.1620,0.000173
FILLER_73_559,VSS,Metal1,320.0400,305.7600,0.000215
FILLER_73_549,VSS,Metal1,314.7200,305.7600,0.000239
FILLER_73_541,VSS,Metal1,311.4130,305.2980,0.000239
FILLER_73_525,VSS,Metal1,304.5920,305.2120,0.000239
FILLER_73_508,VSS,Metal1,291.4800,305.7600,0.000243
FILLER_73_492,VSS,Metal1,286.1120,305.2120,0.000244
FILLER_73_488,VSS,Metal1,280.5600,305.7600,0.000244
FILLER_73_472,VSS,Metal1,274.9120,305.2120,0.000244
FILLER_73_422,VSS,Metal1,246.9120,305.2120,0.000254
FILLER_73_412,VSS,Metal1,239.1730,305.2980,0.000254
FILLER_73_400,VSS,Metal1,231.2800,305.7600,0.000255
FILLER_73_392,VSS,Metal1,227.9730,305.2980,0.000254
FILLER_73_356,VSS,Metal1,206.6400,305.7600,0.000256
FILLER_73_352,VSS,Metal1,204.5800,305.4110,0.000256
FILLER_73_348,VSS,Metal1,202.1600,305.7600,0.000256
FILLER_73_331,VSS,Metal1,192.6400,305.7600,0.000256
FILLER_73_323,VSS,Metal1,189.3330,305.2980,0.000256
FILLER_73_316,VSS,Metal1,183.9600,305.7600,0.000248
FILLER_73_264,VSS,Metal1,156.2930,305.2980,0.000240
FILLER_73_248,VSS,Metal1,149.4720,305.2120,0.000245
FILLER_73_208,VSS,Metal1,123.7600,305.7600,0.000254
FILLER_73_204,VSS,Metal1,121.7000,305.4110,0.000254
FILLER_73_195,VSS,Metal1,116.2000,305.7600,0.000255
FILLER_73_193,VSS,Metal1,115.3600,305.7600,0.000255
FILLER_73_189,VSS,Metal1,113.3000,305.4110,0.000255
FILLER_73_181,VSS,Metal1,109.8130,305.2980,0.000255
FILLER_73_149,VSS,Metal1,98.4440,305.1620,0.000257
FILLER_73_120,VSS,Metal1,74.2000,305.7600,0.000260
FILLER_73_84,VSS,Metal1,54.3200,305.7600,0.000260
FILLER_73_80,VSS,Metal1,52.2600,305.4110,0.000260
FILLER_73_72,VSS,Metal1,48.7730,305.2980,0.000260
FILLER_73_69,VSS,Metal1,45.6400,305.7600,0.000259
FILLER_73_65,VSS,Metal1,43.8600,305.4110,0.000259
FILLER_73_49,VSS,Metal1,38.0320,305.2120,0.000253
FILLER_73_14,VSS,Metal1,14.8400,305.7600,0.000252
FILLER_73_10,VSS,Metal1,13.0600,305.4110,0.000252
FILLER_73_2,VSS,Metal1,9.5730,305.2980,0.000252
FILLER_72_681,VSS,Metal1,388.3600,297.9200,0.000243
FILLER_72_679,VSS,Metal1,387.5200,297.9200,0.000243
FILLER_72_675,VSS,Metal1,385.4600,298.2685,0.000243
FILLER_72_667,VSS,Metal1,381.9730,298.3815,0.000243
FILLER_72_663,VSS,Metal1,378.5600,297.9200,0.000243
FILLER_72_631,VSS,Metal1,368.3640,298.5175,0.000243
FILLER_72_588,VSS,Metal1,336.2800,297.9200,0.000243
FILLER_72_586,VSS,Metal1,335.4400,297.9200,0.000243
FILLER_72_539,VSS,Metal1,308.8400,297.9200,0.000264
FILLER_72_535,VSS,Metal1,307.0600,298.2685,0.000264
FILLER_72_527,VSS,Metal1,303.5730,298.3815,0.000265
FILLER_72_521,VSS,Metal1,299.2200,298.2685,0.000268
FILLER_72_508,VSS,Metal1,291.4800,297.9200,0.000272
FILLER_72_506,VSS,Metal1,290.6400,297.9200,0.000272
FILLER_72_498,VSS,Metal1,287.3330,298.3815,0.000274
FILLER_72_463,VSS,Metal1,266.2800,297.9200,0.000292
FILLER_72_461,VSS,Metal1,265.4400,297.9200,0.000292
FILLER_72_457,VSS,Metal1,263.3800,298.2685,0.000293
FILLER_72_454,VSS,Metal1,261.2400,297.9200,0.000293
FILLER_72_450,VSS,Metal1,259.4600,298.2685,0.000293
FILLER_72_445,VSS,Metal1,256.2000,297.9200,0.000293
FILLER_72_423,VSS,Metal1,244.1600,297.9200,0.000295
FILLER_72_419,VSS,Metal1,242.1000,298.2685,0.000296
FILLER_72_411,VSS,Metal1,238.6130,298.3815,0.000298
FILLER_72_395,VSS,Metal1,228.6600,298.2685,0.000301
FILLER_72_387,VSS,Metal1,225.1730,298.3815,0.000304
FILLER_72_381,VSS,Metal1,220.8200,298.2685,0.000304
FILLER_72_373,VSS,Metal1,217.3330,298.3815,0.000304
FILLER_72_349,VSS,Metal1,206.0320,298.4680,0.000306
FILLER_72_317,VSS,Metal1,192.5240,298.5175,0.000307
FILLER_72_314,VSS,Metal1,182.8400,297.9200,0.000307
FILLER_72_310,VSS,Metal1,181.0600,298.2685,0.000307
FILLER_72_247,VSS,Metal1,145.3200,297.9200,0.000324
FILLER_72_241,VSS,Metal1,142.4200,298.2685,0.000324
FILLER_72_233,VSS,Metal1,138.9330,298.3815,0.000324
FILLER_72_223,VSS,Metal1,131.8800,297.9200,0.000325
FILLER_72_217,VSS,Metal1,128.5200,297.9200,0.000325
FILLER_72_209,VSS,Metal1,125.4930,298.3815,0.000325
FILLER_72_177,VSS,Metal1,114.1240,298.5175,0.000325
FILLER_72_159,VSS,Metal1,96.0400,297.9200,0.000319
FILLER_72_151,VSS,Metal1,93.0130,298.3815,0.000319
FILLER_72_135,VSS,Metal1,82.8800,297.9200,0.000312
FILLER_72_131,VSS,Metal1,80.8200,298.2685,0.000312
FILLER_72_123,VSS,Metal1,77.3330,298.3815,0.000312
FILLER_72_117,VSS,Metal1,72.5200,297.9200,0.000312
FILLER_72_115,VSS,Metal1,71.6800,297.9200,0.000312
FILLER_72_107,VSS,Metal1,68.3730,298.3815,0.000312
FILLER_72_86,VSS,Metal1,55.6200,298.2685,0.000312
FILLER_72_51,VSS,Metal1,35.5600,297.9200,0.000289
FILLER_72_49,VSS,Metal1,34.7200,297.9200,0.000289
FILLER_72_45,VSS,Metal1,32.6600,298.2685,0.000288
FILLER_72_37,VSS,Metal1,29.1730,298.3815,0.000288
FILLER_72_34,VSS,Metal1,26.0400,297.9200,0.000278
FILLER_72_26,VSS,Metal1,23.0130,298.3815,0.000278
FILLER_72_10,VSS,Metal1,16.1920,298.4680,0.000278
FILLER_71_680,VSS,Metal1,388.0800,297.9200,0.000243
FILLER_71_664,VSS,Metal1,382.4320,297.3720,0.000243
FILLER_71_632,VSS,Metal1,368.9240,297.3220,0.000243
FILLER_71_629,VSS,Metal1,359.2400,297.9200,0.000243
FILLER_71_613,VSS,Metal1,353.8720,297.3720,0.000243
FILLER_71_581,VSS,Metal1,340.3640,297.3220,0.000243
FILLER_71_572,VSS,Metal1,327.3200,297.9200,0.000256
FILLER_71_570,VSS,Metal1,326.4800,297.9200,0.000257
FILLER_71_562,VSS,Metal1,323.1730,297.4580,0.000257
FILLER_71_559,VSS,Metal1,320.0400,297.9200,0.000257
FILLER_71_548,VSS,Metal1,313.8800,297.9200,0.000257
FILLER_71_544,VSS,Metal1,312.1000,297.5710,0.000257
FILLER_71_528,VSS,Metal1,306.2720,297.3720,0.000264
FILLER_71_515,VSS,Metal1,295.4000,297.9200,0.000270
FILLER_71_502,VSS,Metal1,288.1200,297.9200,0.000274
FILLER_71_500,VSS,Metal1,287.2800,297.9200,0.000274
FILLER_71_492,VSS,Metal1,283.9730,297.4580,0.000278
FILLER_71_479,VSS,Metal1,275.5200,297.9200,0.000279
FILLER_71_464,VSS,Metal1,266.8400,297.9200,0.000280
FILLER_71_462,VSS,Metal1,266.0000,297.9200,0.000292
FILLER_71_426,VSS,Metal1,245.8400,297.9200,0.000293
FILLER_71_422,VSS,Metal1,243.7800,297.5710,0.000295
FILLER_71_419,VSS,Metal1,241.6400,297.9200,0.000296
FILLER_71_411,VSS,Metal1,238.6130,297.4580,0.000298
FILLER_71_398,VSS,Metal1,229.8800,297.9200,0.000301
FILLER_71_396,VSS,Metal1,229.0400,297.9200,0.000301
FILLER_71_377,VSS,Metal1,218.1200,297.9200,0.000304
FILLER_71_375,VSS,Metal1,217.2800,297.9200,0.000304
FILLER_71_366,VSS,Metal1,211.9600,297.9200,0.000306
FILLER_71_364,VSS,Metal1,211.1200,297.9200,0.000306
FILLER_71_360,VSS,Metal1,209.0600,297.5710,0.000306
FILLER_71_352,VSS,Metal1,205.5730,297.4580,0.000306
FILLER_71_346,VSS,Metal1,201.2200,297.5710,0.000307
FILLER_71_322,VSS,Metal1,187.6000,297.9200,0.000307
FILLER_71_318,VSS,Metal1,185.5400,297.5710,0.000307
FILLER_71_310,VSS,Metal1,182.0530,297.4580,0.000307
FILLER_71_282,VSS,Metal1,168.5120,297.3720,0.000323
FILLER_71_279,VSS,Metal1,163.2400,297.9200,0.000323
FILLER_71_271,VSS,Metal1,160.2130,297.4580,0.000323
FILLER_71_234,VSS,Metal1,138.0400,297.9200,0.000324
FILLER_71_230,VSS,Metal1,136.2600,297.5710,0.000324
FILLER_71_224,VSS,Metal1,132.4400,297.9200,0.000325
FILLER_71_214,VSS,Metal1,126.8400,297.9200,0.000325
FILLER_71_212,VSS,Metal1,126.0000,297.9200,0.000325
FILLER_71_208,VSS,Metal1,123.7600,297.9200,0.000325
FILLER_71_192,VSS,Metal1,118.1120,297.3720,0.000325
FILLER_71_142,VSS,Metal1,90.1120,297.3720,0.000319
FILLER_71_136,VSS,Metal1,83.6200,297.5710,0.000316
FILLER_71_72,VSS,Metal1,64.2445,297.2820,0.000312
FILLER_71_54,VSS,Metal1,37.2400,297.9200,0.000311
FILLER_71_52,VSS,Metal1,36.4000,297.9200,0.000289
FILLER_71_36,VSS,Metal1,30.7520,297.3720,0.000288
FILLER_70_681,VSS,Metal1,388.3600,290.0800,0.000084
FILLER_70_679,VSS,Metal1,387.5200,290.0800,0.000084
FILLER_70_675,VSS,Metal1,385.4600,290.4285,0.000084
FILLER_70_667,VSS,Metal1,381.9730,290.5415,0.000084
FILLER_70_661,VSS,Metal1,377.6200,290.4285,0.000084
FILLER_70_597,VSS,Metal1,358.2445,290.7175,0.000084
FILLER_70_594,VSS,Metal1,339.6400,290.0800,0.000084
FILLER_70_579,VSS,Metal1,331.2400,290.0800,0.000083
FILLER_70_575,VSS,Metal1,329.4600,290.4285,0.000086
FILLER_70_559,VSS,Metal1,323.6320,290.6280,0.000087
FILLER_70_527,VSS,Metal1,310.1240,290.6775,0.000091
FILLER_70_513,VSS,Metal1,294.5600,290.0800,0.000092
FILLER_70_508,VSS,Metal1,291.4800,290.0800,0.000099
FILLER_70_506,VSS,Metal1,290.6400,290.0800,0.000099
FILLER_70_502,VSS,Metal1,288.5800,290.4285,0.000099
FILLER_70_470,VSS,Metal1,278.2040,290.6775,0.000099
FILLER_70_457,VSS,Metal1,262.9200,290.0800,0.000099
FILLER_70_454,VSS,Metal1,261.2400,290.0800,0.000102
FILLER_70_450,VSS,Metal1,259.4600,290.4285,0.000102
FILLER_70_434,VSS,Metal1,253.6320,290.6280,0.000102
FILLER_70_420,VSS,Metal1,242.4800,290.0800,0.000104
FILLER_70_416,VSS,Metal1,240.4200,290.4285,0.000105
FILLER_70_410,VSS,Metal1,236.6000,290.0800,0.000106
FILLER_70_406,VSS,Metal1,234.8200,290.4285,0.000107
FILLER_70_398,VSS,Metal1,231.3330,290.5415,0.000108
FILLER_70_384,VSS,Metal1,222.0400,290.0800,0.000110
FILLER_70_380,VSS,Metal1,220.2600,290.4285,0.000110
FILLER_70_373,VSS,Metal1,216.1600,290.0800,0.000110
FILLER_70_341,VSS,Metal1,205.9640,290.6775,0.000110
FILLER_70_325,VSS,Metal1,189.4600,290.4285,0.000110
FILLER_70_317,VSS,Metal1,185.9730,290.5415,0.000111
FILLER_70_313,VSS,Metal1,182.5600,290.0800,0.000111
FILLER_70_309,VSS,Metal1,180.5000,290.4285,0.000111
FILLER_70_297,VSS,Metal1,173.7800,290.4285,0.000111
FILLER_70_289,VSS,Metal1,170.2930,290.5415,0.000111
FILLER_70_257,VSS,Metal1,158.9240,290.6775,0.000112
FILLER_70_243,VSS,Metal1,143.3600,290.0800,0.000115
FILLER_70_206,VSS,Metal1,130.3640,290.6775,0.000120
FILLER_70_197,VSS,Metal1,117.3200,290.0800,0.000121
FILLER_70_193,VSS,Metal1,115.5400,290.4285,0.000121
FILLER_70_177,VSS,Metal1,109.7120,290.6280,0.000121
FILLER_70_171,VSS,Metal1,103.2200,290.4285,0.000118
FILLER_70_107,VSS,Metal1,83.8445,290.7175,0.000118
FILLER_70_103,VSS,Metal1,64.9600,290.0800,0.000111
FILLER_70_71,VSS,Metal1,54.7640,290.6775,0.000110
FILLER_70_34,VSS,Metal1,26.0400,290.0800,0.000105
FILLER_70_2,VSS,Metal1,16.1240,290.6775,0.000106
FILLER_69_680,VSS,Metal1,388.0800,290.0800,0.000084
FILLER_69_664,VSS,Metal1,382.4320,289.5320,0.000084
FILLER_69_632,VSS,Metal1,368.9240,289.4820,0.000084
FILLER_69_629,VSS,Metal1,359.2400,290.0800,0.000084
FILLER_69_627,VSS,Metal1,358.4000,290.0800,0.000084
FILLER_69_623,VSS,Metal1,356.3400,289.7310,0.000084
FILLER_69_588,VSS,Metal1,336.2800,290.0800,0.000084
FILLER_69_586,VSS,Metal1,335.4400,290.0800,0.000084
FILLER_69_578,VSS,Metal1,332.1330,289.6180,0.000083
FILLER_69_562,VSS,Metal1,325.3120,289.5320,0.000087
FILLER_69_559,VSS,Metal1,320.0400,290.0800,0.000087
FILLER_69_543,VSS,Metal1,314.6720,289.5320,0.000091
FILLER_69_538,VSS,Metal1,308.2800,290.0800,0.000091
FILLER_69_522,VSS,Metal1,302.9120,289.5320,0.000091
FILLER_69_508,VSS,Metal1,291.4800,290.0800,0.000099
FILLER_69_492,VSS,Metal1,286.1120,289.5320,0.000099
FILLER_69_477,VSS,Metal1,274.1200,290.0800,0.000099
FILLER_69_475,VSS,Metal1,273.2800,290.0800,0.000099
FILLER_69_467,VSS,Metal1,269.9730,289.6180,0.000099
FILLER_69_455,VSS,Metal1,263.2530,289.6180,0.000100
FILLER_69_439,VSS,Metal1,256.4320,289.5320,0.000102
FILLER_69_430,VSS,Metal1,247.8000,290.0800,0.000103
FILLER_69_422,VSS,Metal1,244.7730,289.6180,0.000103
FILLER_69_416,VSS,Metal1,240.4200,289.7310,0.000105
FILLER_69_408,VSS,Metal1,236.9330,289.6180,0.000106
FILLER_69_399,VSS,Metal1,230.4400,290.0800,0.000108
FILLER_69_395,VSS,Metal1,228.6600,289.7310,0.000108
FILLER_69_354,VSS,Metal1,205.2400,290.0800,0.000110
FILLER_69_352,VSS,Metal1,204.4000,290.0800,0.000110
FILLER_69_342,VSS,Metal1,199.9730,289.6180,0.000110
FILLER_69_329,VSS,Metal1,191.2400,290.0800,0.000110
FILLER_69_327,VSS,Metal1,190.4000,290.0800,0.000110
FILLER_69_282,VSS,Metal1,165.2000,290.0800,0.000112
FILLER_69_242,VSS,Metal1,142.8000,290.0800,0.000115
FILLER_69_232,VSS,Metal1,137.2000,290.0800,0.000120
FILLER_69_228,VSS,Metal1,135.1400,289.7310,0.000120
FILLER_69_212,VSS,Metal1,129.3120,289.5320,0.000120
FILLER_69_209,VSS,Metal1,124.0400,290.0800,0.000120
FILLER_69_207,VSS,Metal1,123.2000,290.0800,0.000120
FILLER_69_164,VSS,Metal1,98.8400,290.0800,0.000118
FILLER_69_162,VSS,Metal1,98.0000,290.0800,0.000118
FILLER_69_158,VSS,Metal1,95.9400,289.7310,0.000118
FILLER_69_142,VSS,Metal1,90.1120,289.5320,0.000118
FILLER_69_130,VSS,Metal1,80.0800,290.0800,0.000118
FILLER_69_126,VSS,Metal1,78.0200,289.7310,0.000118
FILLER_69_119,VSS,Metal1,73.9200,290.0800,0.000118
FILLER_69_115,VSS,Metal1,71.8600,289.7310,0.000118
FILLER_69_106,VSS,Metal1,66.3600,290.0800,0.000117
FILLER_69_104,VSS,Metal1,65.5200,290.0800,0.000111
FILLER_69_96,VSS,Metal1,62.2130,289.6180,0.000111
FILLER_69_80,VSS,Metal1,55.3920,289.5320,0.000110
FILLER_69_69,VSS,Metal1,45.6400,290.0800,0.000107
FILLER_69_26,VSS,Metal1,21.5600,290.0800,0.000106
FILLER_69_22,VSS,Metal1,19.7800,289.7310,0.000106
FILLER_69_6,VSS,Metal1,10.3600,290.0800,0.000106
FILLER_69_2,VSS,Metal1,8.5800,289.7310,0.000106
FILLER_68_681,VSS,Metal1,388.3600,282.2400,0.000168
FILLER_68_679,VSS,Metal1,387.5200,282.2400,0.000168
FILLER_68_675,VSS,Metal1,385.4600,282.5885,0.000168
FILLER_68_667,VSS,Metal1,381.9730,282.7015,0.000168
FILLER_68_661,VSS,Metal1,377.6200,282.5885,0.000168
FILLER_68_597,VSS,Metal1,358.2445,282.8775,0.000168
FILLER_68_594,VSS,Metal1,339.6400,282.2400,0.000168
FILLER_68_586,VSS,Metal1,336.6130,282.7015,0.000168
FILLER_68_554,VSS,Metal1,325.2440,282.8375,0.000168
FILLER_68_547,VSS,Metal1,313.3200,282.2400,0.000172
FILLER_68_543,VSS,Metal1,311.5400,282.5885,0.000173
FILLER_68_527,VSS,Metal1,305.7120,282.7880,0.000184
FILLER_68_524,VSS,Metal1,300.4400,282.2400,0.000185
FILLER_68_522,VSS,Metal1,299.6000,282.2400,0.000196
FILLER_68_501,VSS,Metal1,287.8400,282.2400,0.000197
FILLER_68_469,VSS,Metal1,277.6440,282.8375,0.000197
FILLER_68_454,VSS,Metal1,261.2400,282.2400,0.000200
FILLER_68_438,VSS,Metal1,255.8720,282.7880,0.000201
FILLER_68_403,VSS,Metal1,232.6800,282.2400,0.000217
FILLER_68_401,VSS,Metal1,231.8400,282.2400,0.000217
FILLER_68_384,VSS,Metal1,222.0400,282.2400,0.000218
FILLER_68_380,VSS,Metal1,220.2600,282.5885,0.000218
FILLER_68_345,VSS,Metal1,200.2000,282.2400,0.000224
FILLER_68_341,VSS,Metal1,198.4200,282.5885,0.000231
FILLER_68_333,VSS,Metal1,194.9330,282.7015,0.000231
FILLER_68_317,VSS,Metal1,188.1120,282.7880,0.000231
FILLER_68_304,VSS,Metal1,177.2400,282.2400,0.000246
FILLER_68_295,VSS,Metal1,172.2000,282.2400,0.000274
FILLER_68_291,VSS,Metal1,170.4200,282.5885,0.000275
FILLER_68_275,VSS,Metal1,164.5920,282.7880,0.000276
FILLER_68_257,VSS,Metal1,150.9200,282.2400,0.000283
FILLER_68_255,VSS,Metal1,150.0800,282.2400,0.000284
FILLER_68_247,VSS,Metal1,146.7730,282.7015,0.000285
FILLER_68_244,VSS,Metal1,143.6400,282.2400,0.000285
FILLER_68_242,VSS,Metal1,142.8000,282.2400,0.000285
FILLER_68_234,VSS,Metal1,139.4930,282.7015,0.000285
FILLER_68_192,VSS,Metal1,115.9730,282.7015,0.000301
FILLER_68_173,VSS,Metal1,104.1600,282.2400,0.000314
FILLER_68_169,VSS,Metal1,102.1000,282.5885,0.000316
FILLER_68_96,VSS,Metal1,60.7600,282.2400,0.000312
FILLER_68_52,VSS,Metal1,36.4000,282.2400,0.000310
FILLER_68_18,VSS,Metal1,17.3600,282.2400,0.000297
FILLER_68_2,VSS,Metal1,11.7120,282.7880,0.000297
FILLER_67_680,VSS,Metal1,388.0800,282.2400,0.000168
FILLER_67_664,VSS,Metal1,382.4320,281.6920,0.000168
FILLER_67_632,VSS,Metal1,368.9240,281.6420,0.000168
FILLER_67_626,VSS,Metal1,358.0200,281.8910,0.000168
FILLER_67_618,VSS,Metal1,354.5330,281.7780,0.000168
FILLER_67_602,VSS,Metal1,347.7120,281.6920,0.000168
FILLER_67_570,VSS,Metal1,334.2040,281.6420,0.000168
FILLER_67_559,VSS,Metal1,320.0400,282.2400,0.000168
FILLER_67_555,VSS,Metal1,318.2600,281.8910,0.000168
FILLER_67_542,VSS,Metal1,310.5200,282.2400,0.000184
FILLER_67_540,VSS,Metal1,309.6800,282.2400,0.000184
FILLER_67_524,VSS,Metal1,304.0320,281.6920,0.000185
FILLER_67_492,VSS,Metal1,290.5240,281.6420,0.000197
FILLER_67_488,VSS,Metal1,280.5600,282.2400,0.000197
FILLER_67_456,VSS,Metal1,270.3640,281.6420,0.000198
FILLER_67_446,VSS,Metal1,257.2200,281.8910,0.000201
FILLER_67_438,VSS,Metal1,253.7330,281.7780,0.000201
FILLER_67_422,VSS,Metal1,246.9120,281.6920,0.000211
FILLER_67_416,VSS,Metal1,240.4200,281.8910,0.000211
FILLER_67_407,VSS,Metal1,234.9200,282.2400,0.000211
FILLER_67_372,VSS,Metal1,215.3200,282.2400,0.000219
FILLER_67_364,VSS,Metal1,212.2930,281.7780,0.000219
FILLER_67_352,VSS,Metal1,204.4000,282.2400,0.000219
FILLER_67_349,VSS,Metal1,202.4400,282.2400,0.000219
FILLER_67_345,VSS,Metal1,200.6600,281.8910,0.000224
FILLER_67_329,VSS,Metal1,194.8320,281.6920,0.000231
FILLER_67_320,VSS,Metal1,186.2000,282.2400,0.000231
FILLER_67_318,VSS,Metal1,185.3600,282.2400,0.000231
FILLER_67_310,VSS,Metal1,182.0530,281.7780,0.000235
FILLER_67_298,VSS,Metal1,174.3400,281.8910,0.000251
FILLER_67_282,VSS,Metal1,168.5120,281.6920,0.000275
FILLER_67_264,VSS,Metal1,158.4320,281.6920,0.000279
FILLER_67_228,VSS,Metal1,134.9600,282.2400,0.000297
FILLER_67_216,VSS,Metal1,128.2400,282.2400,0.000297
FILLER_67_212,VSS,Metal1,126.1800,281.8910,0.000297
FILLER_67_208,VSS,Metal1,123.7600,282.2400,0.000301
FILLER_67_176,VSS,Metal1,113.5640,281.6420,0.000301
FILLER_67_139,VSS,Metal1,84.8400,282.2400,0.000317
FILLER_67_137,VSS,Metal1,84.0000,282.2400,0.000317
FILLER_67_133,VSS,Metal1,81.9400,281.8910,0.000317
FILLER_67_95,VSS,Metal1,60.6600,281.8910,0.000312
FILLER_67_87,VSS,Metal1,57.1730,281.7780,0.000311
FILLER_67_82,VSS,Metal1,52.9200,282.2400,0.000310
FILLER_67_80,VSS,Metal1,52.0800,282.2400,0.000310
FILLER_67_72,VSS,Metal1,48.7730,281.7780,0.000310
FILLER_67_60,VSS,Metal1,40.8800,282.2400,0.000310
FILLER_67_52,VSS,Metal1,37.5730,281.7780,0.000310
FILLER_67_36,VSS,Metal1,30.7520,281.6920,0.000307
FILLER_66_681,VSS,Metal1,388.3600,274.4000,0.000111
FILLER_66_679,VSS,Metal1,387.5200,274.4000,0.000111
FILLER_66_675,VSS,Metal1,385.4600,274.7485,0.000111
FILLER_66_667,VSS,Metal1,381.9730,274.8615,0.000111
FILLER_66_661,VSS,Metal1,377.6200,274.7485,0.000111
FILLER_66_597,VSS,Metal1,358.2445,275.0375,0.000111
FILLER_66_594,VSS,Metal1,339.6400,274.4000,0.000111
FILLER_66_586,VSS,Metal1,336.6130,274.8615,0.000111
FILLER_66_543,VSS,Metal1,311.0800,274.4000,0.000116
FILLER_66_527,VSS,Metal1,305.7120,274.9480,0.000120
FILLER_66_523,VSS,Metal1,300.1600,274.4000,0.000123
FILLER_66_515,VSS,Metal1,296.8530,274.8615,0.000123
FILLER_66_506,VSS,Metal1,290.3600,274.4000,0.000130
FILLER_66_502,VSS,Metal1,288.5800,274.7485,0.000130
FILLER_66_477,VSS,Metal1,274.4000,274.4000,0.000143
FILLER_66_473,VSS,Metal1,272.3400,274.7485,0.000143
FILLER_66_457,VSS,Metal1,266.5120,274.9480,0.000149
FILLER_66_454,VSS,Metal1,261.2400,274.4000,0.000149
FILLER_66_452,VSS,Metal1,260.4000,274.4000,0.000149
FILLER_66_448,VSS,Metal1,258.3400,274.7485,0.000149
FILLER_66_416,VSS,Metal1,247.9640,274.9975,0.000149
FILLER_66_387,VSS,Metal1,227.3120,274.9480,0.000151
FILLER_66_373,VSS,Metal1,216.1600,274.4000,0.000151
FILLER_66_369,VSS,Metal1,214.1000,274.7485,0.000151
FILLER_66_361,VSS,Metal1,210.6130,274.8615,0.000151
FILLER_66_317,VSS,Metal1,184.8000,274.4000,0.000149
FILLER_66_313,VSS,Metal1,182.5600,274.4000,0.000149
FILLER_66_296,VSS,Metal1,173.2200,274.7485,0.000149
FILLER_66_288,VSS,Metal1,169.7330,274.8615,0.000149
FILLER_66_272,VSS,Metal1,162.9120,274.9480,0.000149
FILLER_66_263,VSS,Metal1,154.2800,274.4000,0.000170
FILLER_66_247,VSS,Metal1,148.9120,274.9480,0.000170
FILLER_66_244,VSS,Metal1,143.6400,274.4000,0.000170
FILLER_66_240,VSS,Metal1,141.8600,274.7485,0.000170
FILLER_66_203,VSS,Metal1,120.6800,274.4000,0.000181
FILLER_66_201,VSS,Metal1,119.8400,274.4000,0.000181
FILLER_66_193,VSS,Metal1,116.5330,274.8615,0.000181
FILLER_66_177,VSS,Metal1,109.7120,274.9480,0.000181
FILLER_66_167,VSS,Metal1,101.9730,274.8615,0.000181
FILLER_66_148,VSS,Metal1,90.3400,274.7485,0.000181
FILLER_66_140,VSS,Metal1,86.8530,274.8615,0.000181
FILLER_66_131,VSS,Metal1,80.3600,274.4000,0.000180
FILLER_66_129,VSS,Metal1,79.5200,274.4000,0.000180
FILLER_66_125,VSS,Metal1,77.4600,274.7485,0.000180
FILLER_66_111,VSS,Metal1,69.1600,274.4000,0.000178
FILLER_66_107,VSS,Metal1,67.3800,274.7485,0.000178
FILLER_66_93,VSS,Metal1,59.5400,274.7485,0.000178
FILLER_66_86,VSS,Metal1,55.4400,274.4000,0.000168
FILLER_66_82,VSS,Metal1,53.3800,274.7485,0.000168
FILLER_66_74,VSS,Metal1,49.8930,274.8615,0.000168
FILLER_66_67,VSS,Metal1,44.5200,274.4000,0.000163
FILLER_66_65,VSS,Metal1,43.6800,274.4000,0.000157
FILLER_66_61,VSS,Metal1,41.6200,274.7485,0.000157
FILLER_66_53,VSS,Metal1,38.1330,274.8615,0.000157
FILLER_66_37,VSS,Metal1,31.3120,274.9480,0.000156
FILLER_66_34,VSS,Metal1,26.0400,274.4000,0.000155
FILLER_66_2,VSS,Metal1,16.1240,274.9975,0.000155
FILLER_65_680,VSS,Metal1,388.0800,274.4000,0.000111
FILLER_65_664,VSS,Metal1,382.4320,273.8520,0.000111
FILLER_65_632,VSS,Metal1,368.9240,273.8020,0.000111
FILLER_65_628,VSS,Metal1,358.9600,274.4000,0.000111
FILLER_65_624,VSS,Metal1,356.9000,274.0510,0.000111
FILLER_65_608,VSS,Metal1,351.0720,273.8520,0.000111
FILLER_65_573,VSS,Metal1,327.8800,274.4000,0.000113
FILLER_65_564,VSS,Metal1,322.8400,274.4000,0.000113
FILLER_65_562,VSS,Metal1,322.0000,274.4000,0.000113
FILLER_65_547,VSS,Metal1,313.6000,274.4000,0.000113
FILLER_65_543,VSS,Metal1,311.5400,274.0510,0.000116
FILLER_65_527,VSS,Metal1,305.7120,273.8520,0.000120
FILLER_65_504,VSS,Metal1,289.5200,274.4000,0.000130
FILLER_65_500,VSS,Metal1,287.4600,274.0510,0.000132
FILLER_65_492,VSS,Metal1,283.9730,273.9380,0.000135
FILLER_65_489,VSS,Metal1,280.8400,274.4000,0.000141
FILLER_65_422,VSS,Metal1,246.9120,273.8520,0.000149
FILLER_65_419,VSS,Metal1,241.6400,274.4000,0.000149
FILLER_65_411,VSS,Metal1,238.6130,273.9380,0.000149
FILLER_65_362,VSS,Metal1,210.0000,274.4000,0.000151
FILLER_65_352,VSS,Metal1,204.5800,274.0510,0.000150
FILLER_65_349,VSS,Metal1,202.4400,274.4000,0.000150
FILLER_65_345,VSS,Metal1,200.6600,274.0510,0.000150
FILLER_65_329,VSS,Metal1,194.8320,273.8520,0.000150
FILLER_65_320,VSS,Metal1,186.2000,274.4000,0.000149
FILLER_65_316,VSS,Metal1,184.4200,274.0510,0.000149
FILLER_65_278,VSS,Metal1,162.9600,274.4000,0.000149
FILLER_65_274,VSS,Metal1,160.9000,274.0510,0.000149
FILLER_65_236,VSS,Metal1,139.4400,274.4000,0.000181
FILLER_65_228,VSS,Metal1,136.1330,273.9380,0.000181
FILLER_65_212,VSS,Metal1,129.3120,273.8520,0.000181
FILLER_65_206,VSS,Metal1,122.8200,274.0510,0.000181
FILLER_65_142,VSS,Metal1,103.4445,273.7620,0.000181
FILLER_65_139,VSS,Metal1,84.8400,274.4000,0.000180
FILLER_65_88,VSS,Metal1,56.5600,274.4000,0.000173
FILLER_65_72,VSS,Metal1,50.9120,273.8520,0.000168
FILLER_65_66,VSS,Metal1,44.4200,274.0510,0.000163
FILLER_65_50,VSS,Metal1,38.5920,273.8520,0.000157
FILLER_65_14,VSS,Metal1,15.1200,274.4000,0.000155
FILLER_65_10,VSS,Metal1,13.0600,274.0510,0.000155
FILLER_64_681,VSS,Metal1,388.3600,266.5600,0.000478
FILLER_64_679,VSS,Metal1,387.5200,266.5600,0.000478
FILLER_64_675,VSS,Metal1,385.4600,266.9085,0.000478
FILLER_64_667,VSS,Metal1,381.9730,267.0215,0.000478
FILLER_64_661,VSS,Metal1,377.6200,266.9085,0.000478
FILLER_64_597,VSS,Metal1,358.2445,267.1975,0.000478
FILLER_64_594,VSS,Metal1,339.6400,266.5600,0.000478
FILLER_64_592,VSS,Metal1,338.8000,266.5600,0.000478
FILLER_64_588,VSS,Metal1,336.7400,266.9085,0.000478
FILLER_64_580,VSS,Metal1,333.2530,267.0215,0.000477
FILLER_64_529,VSS,Metal1,303.2400,266.5600,0.000533
FILLER_64_527,VSS,Metal1,302.4000,266.5600,0.000533
FILLER_64_523,VSS,Metal1,300.1600,266.5600,0.000535
FILLER_64_519,VSS,Metal1,298.1000,266.9085,0.000535
FILLER_64_453,VSS,Metal1,260.9600,266.5600,0.000536
FILLER_64_438,VSS,Metal1,252.2800,266.5600,0.000536
FILLER_64_403,VSS,Metal1,232.6800,266.5600,0.000526
FILLER_64_401,VSS,Metal1,231.8400,266.5600,0.000526
FILLER_64_393,VSS,Metal1,228.5330,267.0215,0.000526
FILLER_64_387,VSS,Metal1,224.0000,266.5600,0.000526
FILLER_64_384,VSS,Metal1,222.0400,266.5600,0.000523
FILLER_64_338,VSS,Metal1,196.7400,266.9085,0.000516
FILLER_64_330,VSS,Metal1,193.2530,267.0215,0.000516
FILLER_64_321,VSS,Metal1,186.7600,266.5600,0.000516
FILLER_64_317,VSS,Metal1,184.9800,266.9085,0.000516
FILLER_64_313,VSS,Metal1,182.5600,266.5600,0.000484
FILLER_64_309,VSS,Metal1,180.5000,266.9085,0.000484
FILLER_64_238,VSS,Metal1,140.5600,266.5600,0.000498
FILLER_64_222,VSS,Metal1,134.9120,267.1080,0.000498
FILLER_64_212,VSS,Metal1,125.7200,266.5600,0.000501
FILLER_64_210,VSS,Metal1,124.8800,266.5600,0.000502
FILLER_64_206,VSS,Metal1,122.8200,266.9085,0.000506
FILLER_64_198,VSS,Metal1,119.3330,267.0215,0.000513
FILLER_64_191,VSS,Metal1,114.2400,266.5600,0.000513
FILLER_64_185,VSS,Metal1,110.6000,266.5600,0.000513
FILLER_64_177,VSS,Metal1,107.5730,267.0215,0.000513
FILLER_64_174,VSS,Metal1,104.4400,266.5600,0.000513
FILLER_64_142,VSS,Metal1,94.5240,267.1575,0.000513
FILLER_64_133,VSS,Metal1,81.4800,266.5600,0.000469
FILLER_64_129,VSS,Metal1,79.7000,266.9085,0.000469
FILLER_64_119,VSS,Metal1,73.9200,266.5600,0.000469
FILLER_64_115,VSS,Metal1,71.8600,266.9085,0.000451
FILLER_64_107,VSS,Metal1,68.3730,267.0215,0.000451
FILLER_64_104,VSS,Metal1,65.2400,266.5600,0.000451
FILLER_64_102,VSS,Metal1,64.4000,266.5600,0.000451
FILLER_64_98,VSS,Metal1,62.3400,266.9085,0.000451
FILLER_64_90,VSS,Metal1,58.8530,267.0215,0.000451
FILLER_64_52,VSS,Metal1,36.5800,266.9085,0.000380
FILLER_64_31,VSS,Metal1,24.8200,266.9085,0.000362
FILLER_64_23,VSS,Metal1,21.3330,267.0215,0.000362
FILLER_64_6,VSS,Metal1,10.6400,266.5600,0.000362
FILLER_64_2,VSS,Metal1,8.5800,266.9085,0.000362
FILLER_63_680,VSS,Metal1,388.0800,266.5600,0.000478
FILLER_63_664,VSS,Metal1,382.4320,266.0120,0.000478
FILLER_63_632,VSS,Metal1,368.9240,265.9620,0.000478
FILLER_63_628,VSS,Metal1,358.9600,266.5600,0.000478
FILLER_63_624,VSS,Metal1,356.9000,266.2110,0.000478
FILLER_63_559,VSS,Metal1,320.0400,266.5600,0.000532
FILLER_63_555,VSS,Metal1,318.2600,266.2110,0.000532
FILLER_63_504,VSS,Metal1,289.2400,266.5600,0.000536
FILLER_63_500,VSS,Metal1,287.4600,266.2110,0.000536
FILLER_63_492,VSS,Metal1,283.9730,266.0980,0.000536
FILLER_63_489,VSS,Metal1,280.8400,266.5600,0.000536
FILLER_63_487,VSS,Metal1,280.0000,266.5600,0.000536
FILLER_63_483,VSS,Metal1,277.9400,266.2110,0.000536
FILLER_63_469,VSS,Metal1,270.1000,266.2110,0.000536
FILLER_63_434,VSS,Metal1,250.0400,266.5600,0.000535
FILLER_63_430,VSS,Metal1,248.2600,266.2110,0.000535
FILLER_63_422,VSS,Metal1,244.7730,266.0980,0.000535
FILLER_63_419,VSS,Metal1,241.6400,266.5600,0.000535
FILLER_63_411,VSS,Metal1,238.6130,266.0980,0.000535
FILLER_63_404,VSS,Metal1,233.2400,266.5600,0.000534
FILLER_63_402,VSS,Metal1,232.4000,266.5600,0.000526
FILLER_63_386,VSS,Metal1,226.7520,266.0120,0.000526
FILLER_63_349,VSS,Metal1,202.4400,266.5600,0.000516
FILLER_63_313,VSS,Metal1,182.5600,266.5600,0.000484
FILLER_63_309,VSS,Metal1,180.5000,266.2110,0.000484
FILLER_63_301,VSS,Metal1,177.0130,266.0980,0.000483
FILLER_63_294,VSS,Metal1,171.6400,266.5600,0.000483
FILLER_63_290,VSS,Metal1,169.8600,266.2110,0.000483
FILLER_63_282,VSS,Metal1,166.3730,266.0980,0.000483
FILLER_63_276,VSS,Metal1,162.0200,266.2110,0.000483
FILLER_63_250,VSS,Metal1,147.0000,266.5600,0.000496
FILLER_63_248,VSS,Metal1,146.1600,266.5600,0.000496
FILLER_63_208,VSS,Metal1,123.7600,266.5600,0.000506
FILLER_63_204,VSS,Metal1,121.7000,266.2110,0.000509
FILLER_63_139,VSS,Metal1,84.8400,266.5600,0.000477
FILLER_63_135,VSS,Metal1,83.0600,266.2110,0.000477
FILLER_63_119,VSS,Metal1,77.2320,266.0120,0.000469
FILLER_63_87,VSS,Metal1,63.7240,265.9620,0.000451
FILLER_63_68,VSS,Metal1,45.3600,266.5600,0.000380
FILLER_63_36,VSS,Metal1,35.1640,265.9620,0.000380
FILLER_62_681,VSS,Metal1,388.3600,258.7200,0.000220
FILLER_62_679,VSS,Metal1,387.5200,258.7200,0.000220
FILLER_62_675,VSS,Metal1,385.4600,259.0685,0.000220
FILLER_62_667,VSS,Metal1,381.9730,259.1815,0.000220
FILLER_62_661,VSS,Metal1,377.6200,259.0685,0.000220
FILLER_62_597,VSS,Metal1,358.2445,259.3575,0.000220
FILLER_62_502,VSS,Metal1,288.1200,258.7200,0.000241
FILLER_62_500,VSS,Metal1,287.2800,258.7200,0.000241
FILLER_62_492,VSS,Metal1,283.9730,259.1815,0.000247
FILLER_62_483,VSS,Metal1,277.4800,258.7200,0.000251
FILLER_62_479,VSS,Metal1,275.7000,259.0685,0.000251
FILLER_62_469,VSS,Metal1,269.9200,258.7200,0.000250
FILLER_62_465,VSS,Metal1,267.8600,259.0685,0.000249
FILLER_62_457,VSS,Metal1,264.3730,259.1815,0.000248
FILLER_62_451,VSS,Metal1,260.0200,259.0685,0.000248
FILLER_62_387,VSS,Metal1,240.6445,259.3575,0.000248
FILLER_62_384,VSS,Metal1,222.0400,258.7200,0.000248
FILLER_62_382,VSS,Metal1,221.2000,258.7200,0.000248
FILLER_62_378,VSS,Metal1,219.1400,259.0685,0.000248
FILLER_62_362,VSS,Metal1,213.3120,259.2680,0.000247
FILLER_62_351,VSS,Metal1,203.5600,258.7200,0.000227
FILLER_62_349,VSS,Metal1,202.7200,258.7200,0.000226
FILLER_62_317,VSS,Metal1,192.5240,259.3175,0.000226
FILLER_62_313,VSS,Metal1,182.5600,258.7200,0.000226
FILLER_62_309,VSS,Metal1,180.5000,259.0685,0.000225
FILLER_62_277,VSS,Metal1,170.1240,259.3175,0.000228
FILLER_62_255,VSS,Metal1,150.0800,258.7200,0.000238
FILLER_62_247,VSS,Metal1,146.7730,259.1815,0.000243
FILLER_62_244,VSS,Metal1,143.6400,258.7200,0.000243
FILLER_62_228,VSS,Metal1,138.2720,259.2680,0.000244
FILLER_62_216,VSS,Metal1,129.4130,259.1815,0.000244
FILLER_62_200,VSS,Metal1,122.5920,259.2680,0.000244
FILLER_62_192,VSS,Metal1,114.5200,258.7200,0.000244
FILLER_62_190,VSS,Metal1,113.6800,258.7200,0.000244
FILLER_62_139,VSS,Metal1,85.1200,258.7200,0.000240
FILLER_62_135,VSS,Metal1,83.0600,259.0685,0.000240
FILLER_62_129,VSS,Metal1,79.2400,258.7200,0.000236
FILLER_62_127,VSS,Metal1,78.4000,258.7200,0.000236
FILLER_62_123,VSS,Metal1,76.3400,259.0685,0.000235
FILLER_62_107,VSS,Metal1,70.5120,259.2680,0.000235
FILLER_62_101,VSS,Metal1,64.0200,259.0685,0.000235
FILLER_62_93,VSS,Metal1,60.5330,259.1815,0.000235
FILLER_62_77,VSS,Metal1,53.7120,259.2680,0.000230
FILLER_62_61,VSS,Metal1,41.1600,258.7200,0.000228
FILLER_62_53,VSS,Metal1,38.1330,259.1815,0.000228
FILLER_62_37,VSS,Metal1,31.3120,259.2680,0.000228
FILLER_62_18,VSS,Metal1,17.3600,258.7200,0.000214
FILLER_62_2,VSS,Metal1,11.7120,259.2680,0.000214
FILLER_61_680,VSS,Metal1,388.0800,258.7200,0.000220
FILLER_61_664,VSS,Metal1,382.4320,258.1720,0.000220
FILLER_61_632,VSS,Metal1,368.9240,258.1220,0.000220
FILLER_61_626,VSS,Metal1,358.0200,258.3710,0.000220
FILLER_61_618,VSS,Metal1,354.5330,258.2580,0.000220
FILLER_61_602,VSS,Metal1,347.7120,258.1720,0.000220
FILLER_61_570,VSS,Metal1,334.2040,258.1220,0.000220
FILLER_61_544,VSS,Metal1,311.9200,258.7200,0.000239
FILLER_61_540,VSS,Metal1,309.8600,258.3710,0.000239
FILLER_61_532,VSS,Metal1,306.3730,258.2580,0.000239
FILLER_61_496,VSS,Metal1,285.0400,258.7200,0.000246
FILLER_61_492,VSS,Metal1,282.9800,258.3710,0.000247
FILLER_61_474,VSS,Metal1,276.0320,258.1720,0.000251
FILLER_61_462,VSS,Metal1,266.1800,258.3710,0.000249
FILLER_61_454,VSS,Metal1,262.6930,258.2580,0.000248
FILLER_61_422,VSS,Metal1,251.3240,258.1220,0.000248
FILLER_61_412,VSS,Metal1,239.1730,258.2580,0.000248
FILLER_61_396,VSS,Metal1,232.3520,258.1720,0.000248
FILLER_61_364,VSS,Metal1,218.8440,258.1220,0.000248
FILLER_61_352,VSS,Metal1,204.5800,258.3710,0.000247
FILLER_61_348,VSS,Metal1,202.1600,258.7200,0.000226
FILLER_61_344,VSS,Metal1,200.1000,258.3710,0.000226
FILLER_61_312,VSS,Metal1,189.7240,258.1220,0.000226
FILLER_61_302,VSS,Metal1,176.4000,258.7200,0.000228
FILLER_61_298,VSS,Metal1,174.3400,258.3710,0.000228
FILLER_61_282,VSS,Metal1,168.5120,258.1720,0.000228
FILLER_61_279,VSS,Metal1,163.2400,258.7200,0.000228
FILLER_61_277,VSS,Metal1,162.4000,258.7200,0.000228
FILLER_61_260,VSS,Metal1,152.6000,258.7200,0.000238
FILLER_61_240,VSS,Metal1,141.6800,258.7200,0.000243
FILLER_61_236,VSS,Metal1,139.6200,258.3710,0.000244
FILLER_61_228,VSS,Metal1,136.1330,258.2580,0.000244
FILLER_61_212,VSS,Metal1,129.3120,258.1720,0.000244
FILLER_61_168,VSS,Metal1,101.0800,258.7200,0.000243
FILLER_61_152,VSS,Metal1,92.1200,258.7200,0.000243
FILLER_61_150,VSS,Metal1,91.2800,258.7200,0.000243
FILLER_61_142,VSS,Metal1,87.9730,258.2580,0.000243
FILLER_61_139,VSS,Metal1,84.8400,258.7200,0.000240
FILLER_61_129,VSS,Metal1,79.5200,258.7200,0.000236
FILLER_61_94,VSS,Metal1,59.6400,258.7200,0.000235
FILLER_61_92,VSS,Metal1,58.8000,258.7200,0.000230
FILLER_61_88,VSS,Metal1,56.7400,258.3710,0.000230
FILLER_61_72,VSS,Metal1,50.9120,258.1720,0.000230
FILLER_60_681,VSS,Metal1,388.3600,250.8800,0.000266
FILLER_60_679,VSS,Metal1,387.5200,250.8800,0.000266
FILLER_60_675,VSS,Metal1,385.4600,251.2285,0.000266
FILLER_60_667,VSS,Metal1,381.9730,251.3415,0.000266
FILLER_60_661,VSS,Metal1,377.6200,251.2285,0.000266
FILLER_60_597,VSS,Metal1,358.2445,251.5175,0.000266
FILLER_60_593,VSS,Metal1,339.3600,250.8800,0.000266
FILLER_60_561,VSS,Metal1,329.1640,251.4775,0.000266
FILLER_60_524,VSS,Metal1,300.4400,250.8800,0.000270
FILLER_60_520,VSS,Metal1,298.6600,251.2285,0.000270
FILLER_60_512,VSS,Metal1,295.1730,251.3415,0.000270
FILLER_60_496,VSS,Metal1,288.3520,251.4280,0.000270
FILLER_60_461,VSS,Metal1,265.1600,250.8800,0.000270
FILLER_60_457,VSS,Metal1,263.3800,251.2285,0.000270
FILLER_60_451,VSS,Metal1,260.0200,251.2285,0.000270
FILLER_60_443,VSS,Metal1,256.5330,251.3415,0.000270
FILLER_60_395,VSS,Metal1,228.6600,251.2285,0.000270
FILLER_60_387,VSS,Metal1,225.1730,251.3415,0.000270
FILLER_60_384,VSS,Metal1,222.0400,250.8800,0.000270
FILLER_60_380,VSS,Metal1,220.2600,251.2285,0.000270
FILLER_60_372,VSS,Metal1,216.7730,251.3415,0.000270
FILLER_60_356,VSS,Metal1,209.9520,251.4280,0.000270
FILLER_60_324,VSS,Metal1,196.4440,251.4775,0.000265
FILLER_60_308,VSS,Metal1,179.4800,250.8800,0.000264
FILLER_60_292,VSS,Metal1,174.1120,251.4280,0.000274
FILLER_60_255,VSS,Metal1,149.8000,250.8800,0.000277
FILLER_60_247,VSS,Metal1,146.7730,251.3415,0.000284
FILLER_60_244,VSS,Metal1,143.6400,250.8800,0.000284
FILLER_60_242,VSS,Metal1,142.8000,250.8800,0.000284
FILLER_60_238,VSS,Metal1,140.7400,251.2285,0.000284
FILLER_60_217,VSS,Metal1,128.8000,250.8800,0.000289
FILLER_60_209,VSS,Metal1,125.4930,251.3415,0.000289
FILLER_60_177,VSS,Metal1,114.1240,251.4775,0.000291
FILLER_60_174,VSS,Metal1,104.4400,250.8800,0.000291
FILLER_60_172,VSS,Metal1,103.6000,250.8800,0.000293
FILLER_60_165,VSS,Metal1,99.6800,250.8800,0.000293
FILLER_60_157,VSS,Metal1,96.3730,251.3415,0.000293
FILLER_60_141,VSS,Metal1,89.5520,251.4280,0.000293
FILLER_60_131,VSS,Metal1,80.3600,250.8800,0.000294
FILLER_60_123,VSS,Metal1,77.3330,251.3415,0.000294
FILLER_60_117,VSS,Metal1,72.5200,250.8800,0.000294
FILLER_60_115,VSS,Metal1,71.6800,250.8800,0.000294
FILLER_60_95,VSS,Metal1,60.4800,250.8800,0.000294
FILLER_60_89,VSS,Metal1,56.8400,250.8800,0.000294
FILLER_60_85,VSS,Metal1,55.0600,251.2285,0.000294
FILLER_60_49,VSS,Metal1,34.7200,250.8800,0.000288
FILLER_60_45,VSS,Metal1,32.6600,251.2285,0.000288
FILLER_60_37,VSS,Metal1,29.1730,251.3415,0.000288
FILLER_60_34,VSS,Metal1,26.0400,250.8800,0.000285
FILLER_60_2,VSS,Metal1,16.1240,251.4775,0.000286
FILLER_59_680,VSS,Metal1,388.0800,250.8800,0.000266
FILLER_59_664,VSS,Metal1,382.4320,250.3320,0.000266
FILLER_59_632,VSS,Metal1,368.9240,250.2820,0.000266
FILLER_59_628,VSS,Metal1,358.9600,250.8800,0.000266
FILLER_59_624,VSS,Metal1,356.9000,250.5310,0.000266
FILLER_59_558,VSS,Metal1,319.7600,250.8800,0.000268
FILLER_59_526,VSS,Metal1,309.5640,250.2820,0.000269
FILLER_59_489,VSS,Metal1,280.8400,250.8800,0.000270
FILLER_59_487,VSS,Metal1,280.0000,250.8800,0.000270
FILLER_59_483,VSS,Metal1,277.9400,250.5310,0.000270
FILLER_59_475,VSS,Metal1,274.4530,250.4180,0.000270
FILLER_59_443,VSS,Metal1,263.0840,250.2820,0.000270
FILLER_59_438,VSS,Metal1,252.2800,250.8800,0.000270
FILLER_59_422,VSS,Metal1,246.9120,250.3320,0.000270
FILLER_59_418,VSS,Metal1,241.3600,250.8800,0.000270
FILLER_59_402,VSS,Metal1,235.7120,250.3320,0.000270
FILLER_59_356,VSS,Metal1,206.6400,250.8800,0.000270
FILLER_59_352,VSS,Metal1,204.5800,250.5310,0.000265
FILLER_59_349,VSS,Metal1,202.4400,250.8800,0.000265
FILLER_59_347,VSS,Metal1,201.6000,250.8800,0.000265
FILLER_59_339,VSS,Metal1,198.2930,250.4180,0.000265
FILLER_59_304,VSS,Metal1,177.2400,250.8800,0.000274
FILLER_59_302,VSS,Metal1,176.4000,250.8800,0.000274
FILLER_59_298,VSS,Metal1,174.3400,250.5310,0.000274
FILLER_59_282,VSS,Metal1,168.5120,250.3320,0.000276
FILLER_59_279,VSS,Metal1,163.2400,250.8800,0.000276
FILLER_59_271,VSS,Metal1,160.2130,250.4180,0.000276
FILLER_59_255,VSS,Metal1,153.3920,250.3320,0.000277
FILLER_59_218,VSS,Metal1,129.0800,250.8800,0.000289
FILLER_59_216,VSS,Metal1,128.2400,250.8800,0.000289
FILLER_59_212,VSS,Metal1,126.1800,250.5310,0.000289
FILLER_59_202,VSS,Metal1,121.5730,250.4180,0.000291
FILLER_59_194,VSS,Metal1,115.6400,250.8800,0.000291
FILLER_59_190,VSS,Metal1,113.8600,250.5310,0.000291
FILLER_59_184,VSS,Metal1,110.0400,250.8800,0.000291
FILLER_59_182,VSS,Metal1,109.2000,250.8800,0.000291
FILLER_59_174,VSS,Metal1,105.8930,250.4180,0.000291
FILLER_59_142,VSS,Metal1,94.5240,250.2820,0.000293
FILLER_59_138,VSS,Metal1,84.5600,250.8800,0.000294
FILLER_59_134,VSS,Metal1,82.5000,250.5310,0.000294
FILLER_59_69,VSS,Metal1,45.6400,250.8800,0.000291
FILLER_59_61,VSS,Metal1,42.6130,250.4180,0.000290
FILLER_59_26,VSS,Metal1,21.5600,250.8800,0.000286
FILLER_59_18,VSS,Metal1,18.5330,250.4180,0.000286
FILLER_59_2,VSS,Metal1,11.7120,250.3320,0.000286
FILLER_58_681,VSS,Metal1,388.3600,243.0400,0.000234
FILLER_58_679,VSS,Metal1,387.5200,243.0400,0.000234
FILLER_58_675,VSS,Metal1,385.4600,243.3885,0.000234
FILLER_58_667,VSS,Metal1,381.9730,243.5015,0.000234
FILLER_58_661,VSS,Metal1,377.6200,243.3885,0.000234
FILLER_58_597,VSS,Metal1,358.2445,243.6775,0.000234
FILLER_58_591,VSS,Metal1,338.4200,243.3885,0.000234
FILLER_58_583,VSS,Metal1,334.9330,243.5015,0.000233
FILLER_58_567,VSS,Metal1,328.1120,243.5880,0.000236
FILLER_58_535,VSS,Metal1,314.6040,243.6375,0.000334
FILLER_58_523,VSS,Metal1,300.1600,243.0400,0.000390
FILLER_58_519,VSS,Metal1,298.1000,243.3885,0.000390
FILLER_58_447,VSS,Metal1,257.3200,243.0400,0.000391
FILLER_58_443,VSS,Metal1,255.5400,243.3885,0.000391
FILLER_58_427,VSS,Metal1,249.7120,243.5880,0.000391
FILLER_58_395,VSS,Metal1,236.2040,243.6375,0.000392
FILLER_58_321,VSS,Metal1,187.0400,243.0400,0.000357
FILLER_58_317,VSS,Metal1,184.9800,243.3885,0.000357
FILLER_58_308,VSS,Metal1,179.7600,243.0400,0.000307
FILLER_58_304,VSS,Metal1,177.7000,243.3885,0.000308
FILLER_58_296,VSS,Metal1,174.2130,243.5015,0.000310
FILLER_58_275,VSS,Metal1,161.2800,243.0400,0.000313
FILLER_58_271,VSS,Metal1,159.2200,243.3885,0.000313
FILLER_58_263,VSS,Metal1,155.7330,243.5015,0.000315
FILLER_58_247,VSS,Metal1,148.9120,243.5880,0.000315
FILLER_58_244,VSS,Metal1,143.6400,243.0400,0.000317
FILLER_58_240,VSS,Metal1,141.8600,243.3885,0.000317
FILLER_58_232,VSS,Metal1,138.3730,243.5015,0.000317
FILLER_58_222,VSS,Metal1,131.6000,243.0400,0.000317
FILLER_58_214,VSS,Metal1,128.2930,243.5015,0.000317
FILLER_58_198,VSS,Metal1,121.4720,243.5880,0.000318
FILLER_58_186,VSS,Metal1,111.4400,243.0400,0.000318
FILLER_58_177,VSS,Metal1,106.1200,243.0400,0.000318
FILLER_58_174,VSS,Metal1,104.4400,243.0400,0.000316
FILLER_58_172,VSS,Metal1,103.6000,243.0400,0.000316
FILLER_58_140,VSS,Metal1,93.4040,243.6375,0.000315
FILLER_58_126,VSS,Metal1,77.5600,243.0400,0.000312
FILLER_58_122,VSS,Metal1,75.7800,243.3885,0.000311
FILLER_58_115,VSS,Metal1,71.6800,243.0400,0.000311
FILLER_58_107,VSS,Metal1,68.3730,243.5015,0.000311
FILLER_58_54,VSS,Metal1,37.2400,243.0400,0.000297
FILLER_58_52,VSS,Metal1,36.4000,243.0400,0.000296
FILLER_58_34,VSS,Metal1,26.0400,243.0400,0.000291
FILLER_58_32,VSS,Metal1,25.2000,243.0400,0.000296
FILLER_58_16,VSS,Metal1,15.9600,243.0400,0.000296
FILLER_58_14,VSS,Metal1,15.1200,243.0400,0.000296
FILLER_58_10,VSS,Metal1,13.0600,243.3885,0.000296
FILLER_58_2,VSS,Metal1,9.5730,243.5015,0.000296
FILLER_57_680,VSS,Metal1,388.0800,243.0400,0.000234
FILLER_57_664,VSS,Metal1,382.4320,242.4920,0.000234
FILLER_57_632,VSS,Metal1,368.9240,242.4420,0.000234
FILLER_57_629,VSS,Metal1,359.2400,243.0400,0.000234
FILLER_57_625,VSS,Metal1,357.4600,242.6910,0.000234
FILLER_57_609,VSS,Metal1,351.6320,242.4920,0.000234
FILLER_57_577,VSS,Metal1,338.1240,242.4420,0.000234
FILLER_57_572,VSS,Metal1,327.3200,243.0400,0.000236
FILLER_57_570,VSS,Metal1,326.4800,243.0400,0.000236
FILLER_57_559,VSS,Metal1,320.0400,243.0400,0.000334
FILLER_57_557,VSS,Metal1,319.2000,243.0400,0.000334
FILLER_57_553,VSS,Metal1,317.1400,242.6910,0.000334
FILLER_57_537,VSS,Metal1,311.3120,242.4920,0.000334
FILLER_57_528,VSS,Metal1,302.6800,243.0400,0.000373
FILLER_57_524,VSS,Metal1,300.9000,242.6910,0.000375
FILLER_57_508,VSS,Metal1,295.0720,242.4920,0.000390
FILLER_57_500,VSS,Metal1,287.4600,242.6910,0.000391
FILLER_57_492,VSS,Metal1,283.9730,242.5780,0.000391
FILLER_57_484,VSS,Metal1,278.0400,243.0400,0.000391
FILLER_57_476,VSS,Metal1,274.0200,242.6910,0.000391
FILLER_57_468,VSS,Metal1,270.5330,242.5780,0.000391
FILLER_57_452,VSS,Metal1,263.7120,242.4920,0.000391
FILLER_57_442,VSS,Metal1,254.8000,243.0400,0.000391
FILLER_57_438,VSS,Metal1,252.7400,242.6910,0.000391
FILLER_57_422,VSS,Metal1,246.9120,242.4920,0.000391
FILLER_57_418,VSS,Metal1,241.3600,243.0400,0.000392
FILLER_57_410,VSS,Metal1,238.0530,242.5780,0.000392
FILLER_57_403,VSS,Metal1,232.6800,243.0400,0.000392
FILLER_57_401,VSS,Metal1,231.8400,243.0400,0.000392
FILLER_57_393,VSS,Metal1,228.5330,242.5780,0.000392
FILLER_57_358,VSS,Metal1,207.4800,243.0400,0.000392
FILLER_57_356,VSS,Metal1,206.6400,243.0400,0.000392
FILLER_57_352,VSS,Metal1,204.5800,242.6910,0.000392
FILLER_57_340,VSS,Metal1,197.6800,243.0400,0.000392
FILLER_57_332,VSS,Metal1,194.3730,242.5780,0.000392
FILLER_57_323,VSS,Metal1,187.8800,243.0400,0.000391
FILLER_57_321,VSS,Metal1,187.0400,243.0400,0.000357
FILLER_57_317,VSS,Metal1,184.9800,242.6910,0.000357
FILLER_57_310,VSS,Metal1,180.8800,243.0400,0.000307
FILLER_57_306,VSS,Metal1,178.8200,242.6910,0.000307
FILLER_57_298,VSS,Metal1,175.3330,242.5780,0.000310
FILLER_57_282,VSS,Metal1,168.5120,242.4920,0.000311
FILLER_57_270,VSS,Metal1,158.4800,243.0400,0.000315
FILLER_57_254,VSS,Metal1,152.8320,242.4920,0.000315
FILLER_57_245,VSS,Metal1,144.2000,243.0400,0.000317
FILLER_57_229,VSS,Metal1,138.8320,242.4920,0.000317
FILLER_57_212,VSS,Metal1,127.1730,242.5780,0.000317
FILLER_57_208,VSS,Metal1,123.7600,243.0400,0.000318
FILLER_57_170,VSS,Metal1,102.6600,242.6910,0.000316
FILLER_57_154,VSS,Metal1,93.2400,243.0400,0.000315
FILLER_57_150,VSS,Metal1,91.4600,242.6910,0.000315
FILLER_57_142,VSS,Metal1,87.9730,242.5780,0.000315
FILLER_57_139,VSS,Metal1,84.8400,243.0400,0.000313
FILLER_57_137,VSS,Metal1,84.0000,243.0400,0.000313
FILLER_57_129,VSS,Metal1,80.6930,242.5780,0.000313
FILLER_57_87,VSS,Metal1,57.1730,242.5780,0.000306
FILLER_57_69,VSS,Metal1,45.6400,243.0400,0.000306
FILLER_57_60,VSS,Metal1,40.6000,243.0400,0.000303
FILLER_57_56,VSS,Metal1,38.8200,242.6910,0.000303
FILLER_57_6,VSS,Metal1,10.3600,243.0400,0.000296
FILLER_57_2,VSS,Metal1,8.5800,242.6910,0.000296
FILLER_56_681,VSS,Metal1,388.3600,235.2000,0.000235
FILLER_56_679,VSS,Metal1,387.5200,235.2000,0.000235
FILLER_56_675,VSS,Metal1,385.4600,235.5485,0.000235
FILLER_56_667,VSS,Metal1,381.9730,235.6615,0.000235
FILLER_56_661,VSS,Metal1,377.6200,235.5485,0.000235
FILLER_56_597,VSS,Metal1,358.2445,235.8375,0.000235
FILLER_56_593,VSS,Metal1,339.3600,235.2000,0.000235
FILLER_56_589,VSS,Metal1,337.3000,235.5485,0.000235
FILLER_56_581,VSS,Metal1,333.8130,235.6615,0.000234
FILLER_56_565,VSS,Metal1,323.6800,235.2000,0.000244
FILLER_56_561,VSS,Metal1,321.6200,235.5485,0.000244
FILLER_56_523,VSS,Metal1,300.1600,235.2000,0.000277
FILLER_56_519,VSS,Metal1,298.1000,235.5485,0.000277
FILLER_56_476,VSS,Metal1,273.5600,235.2000,0.000334
FILLER_56_474,VSS,Metal1,272.7200,235.2000,0.000347
FILLER_56_466,VSS,Metal1,269.4130,235.6615,0.000358
FILLER_56_454,VSS,Metal1,261.2400,235.2000,0.000358
FILLER_56_452,VSS,Metal1,260.4000,235.2000,0.000358
FILLER_56_436,VSS,Metal1,251.1600,235.2000,0.000359
FILLER_56_434,VSS,Metal1,250.3200,235.2000,0.000377
FILLER_56_430,VSS,Metal1,248.2600,235.5485,0.000377
FILLER_56_395,VSS,Metal1,228.2000,235.2000,0.000386
FILLER_56_391,VSS,Metal1,226.4200,235.5485,0.000386
FILLER_56_321,VSS,Metal1,187.0400,235.2000,0.000381
FILLER_56_317,VSS,Metal1,184.9800,235.5485,0.000380
FILLER_56_313,VSS,Metal1,182.5600,235.2000,0.000380
FILLER_56_309,VSS,Metal1,180.5000,235.5485,0.000380
FILLER_56_241,VSS,Metal1,142.4200,235.5485,0.000387
FILLER_56_177,VSS,Metal1,123.0445,235.8375,0.000387
FILLER_56_139,VSS,Metal1,85.1200,235.2000,0.000385
FILLER_56_107,VSS,Metal1,74.9240,235.7975,0.000385
FILLER_56_41,VSS,Metal1,30.2400,235.2000,0.000384
FILLER_56_37,VSS,Metal1,28.1800,235.5485,0.000383
FILLER_56_34,VSS,Metal1,26.0400,235.2000,0.000343
FILLER_56_2,VSS,Metal1,16.1240,235.7975,0.000343
FILLER_55_680,VSS,Metal1,388.0800,235.2000,0.000235
FILLER_55_664,VSS,Metal1,382.4320,234.6520,0.000235
FILLER_55_632,VSS,Metal1,368.9240,234.6020,0.000235
FILLER_55_629,VSS,Metal1,359.2400,235.2000,0.000235
FILLER_55_627,VSS,Metal1,358.4000,235.2000,0.000235
FILLER_55_619,VSS,Metal1,355.0930,234.7380,0.000235
FILLER_55_603,VSS,Metal1,348.2720,234.6520,0.000235
FILLER_55_556,VSS,Metal1,318.8200,234.8510,0.000255
FILLER_55_528,VSS,Metal1,302.9600,235.2000,0.000265
FILLER_55_524,VSS,Metal1,300.9000,234.8510,0.000265
FILLER_55_516,VSS,Metal1,297.4130,234.7380,0.000277
FILLER_55_500,VSS,Metal1,290.5920,234.6520,0.000324
FILLER_55_489,VSS,Metal1,280.8400,235.2000,0.000324
FILLER_55_487,VSS,Metal1,280.0000,235.2000,0.000324
FILLER_55_483,VSS,Metal1,277.9400,234.8510,0.000334
FILLER_55_475,VSS,Metal1,274.4530,234.7380,0.000334
FILLER_55_434,VSS,Metal1,250.0400,235.2000,0.000377
FILLER_55_430,VSS,Metal1,248.2600,234.8510,0.000377
FILLER_55_422,VSS,Metal1,244.7730,234.7380,0.000386
FILLER_55_410,VSS,Metal1,236.6000,235.2000,0.000386
FILLER_55_402,VSS,Metal1,233.5730,234.7380,0.000386
FILLER_55_386,VSS,Metal1,226.7520,234.6520,0.000386
FILLER_55_346,VSS,Metal1,201.2200,234.8510,0.000391
FILLER_55_329,VSS,Metal1,191.5200,235.2000,0.000391
FILLER_55_325,VSS,Metal1,189.4600,234.8510,0.000388
FILLER_55_309,VSS,Metal1,183.6320,234.6520,0.000380
FILLER_55_289,VSS,Metal1,168.8400,235.2000,0.000387
FILLER_55_276,VSS,Metal1,162.0200,234.8510,0.000387
FILLER_55_212,VSS,Metal1,142.6445,234.5620,0.000387
FILLER_55_206,VSS,Metal1,122.8200,234.8510,0.000387
FILLER_55_142,VSS,Metal1,103.4445,234.5620,0.000387
FILLER_55_136,VSS,Metal1,83.6200,234.8510,0.000385
FILLER_55_128,VSS,Metal1,80.1330,234.7380,0.000385
FILLER_55_112,VSS,Metal1,73.3120,234.6520,0.000385
FILLER_55_80,VSS,Metal1,59.8040,234.6020,0.000385
FILLER_55_34,VSS,Metal1,26.3200,235.2000,0.000343
FILLER_55_2,VSS,Metal1,16.1240,234.6020,0.000343
FILLER_54_681,VSS,Metal1,388.3600,227.3600,0.000093
FILLER_54_679,VSS,Metal1,387.5200,227.3600,0.000093
FILLER_54_675,VSS,Metal1,385.4600,227.7085,0.000093
FILLER_54_667,VSS,Metal1,381.9730,227.8215,0.000093
FILLER_54_661,VSS,Metal1,377.6200,227.7085,0.000093
FILLER_54_597,VSS,Metal1,358.2445,227.9975,0.000093
FILLER_54_594,VSS,Metal1,339.6400,227.3600,0.000093
FILLER_54_590,VSS,Metal1,337.8600,227.7085,0.000093
FILLER_54_582,VSS,Metal1,334.3730,227.8215,0.000093
FILLER_54_565,VSS,Metal1,323.4000,227.3600,0.000105
FILLER_54_563,VSS,Metal1,322.5600,227.3600,0.000105
FILLER_54_551,VSS,Metal1,315.8400,227.3600,0.000117
FILLER_54_540,VSS,Metal1,309.8600,227.7085,0.000117
FILLER_54_531,VSS,Metal1,304.3600,227.3600,0.000118
FILLER_54_527,VSS,Metal1,302.5800,227.7085,0.000118
FILLER_54_524,VSS,Metal1,300.4400,227.3600,0.000118
FILLER_54_520,VSS,Metal1,298.6600,227.7085,0.000118
FILLER_54_485,VSS,Metal1,278.6000,227.3600,0.000120
FILLER_54_483,VSS,Metal1,277.7600,227.3600,0.000120
FILLER_54_467,VSS,Metal1,272.1120,227.9080,0.000120
FILLER_54_436,VSS,Metal1,251.6200,227.7085,0.000132
FILLER_54_431,VSS,Metal1,248.3600,227.3600,0.000134
FILLER_54_423,VSS,Metal1,245.3330,227.8215,0.000134
FILLER_54_411,VSS,Metal1,237.4400,227.3600,0.000140
FILLER_54_403,VSS,Metal1,234.1330,227.8215,0.000141
FILLER_54_387,VSS,Metal1,227.3120,227.9080,0.000142
FILLER_54_372,VSS,Metal1,215.3200,227.3600,0.000143
FILLER_54_362,VSS,Metal1,209.7200,227.3600,0.000143
FILLER_54_321,VSS,Metal1,187.0400,227.3600,0.000144
FILLER_54_317,VSS,Metal1,184.9800,227.7085,0.000144
FILLER_54_313,VSS,Metal1,182.5600,227.3600,0.000144
FILLER_54_296,VSS,Metal1,172.7600,227.3600,0.000150
FILLER_54_294,VSS,Metal1,171.9200,227.3600,0.000150
FILLER_54_290,VSS,Metal1,169.8600,227.7085,0.000150
FILLER_54_255,VSS,Metal1,149.8000,227.3600,0.000150
FILLER_54_247,VSS,Metal1,146.7730,227.8215,0.000150
FILLER_54_177,VSS,Metal1,114.1240,227.9575,0.000154
FILLER_54_173,VSS,Metal1,104.1600,227.3600,0.000155
FILLER_54_163,VSS,Metal1,98.2800,227.3600,0.000159
FILLER_54_161,VSS,Metal1,97.4400,227.3600,0.000159
FILLER_54_153,VSS,Metal1,94.1330,227.8215,0.000159
FILLER_54_137,VSS,Metal1,87.3120,227.9080,0.000162
FILLER_54_130,VSS,Metal1,80.0800,227.3600,0.000172
FILLER_54_123,VSS,Metal1,76.1600,227.3600,0.000172
FILLER_54_107,VSS,Metal1,70.5120,227.9080,0.000172
FILLER_54_73,VSS,Metal1,55.8840,227.9575,0.000173
FILLER_54_56,VSS,Metal1,38.6400,227.3600,0.000175
FILLER_54_52,VSS,Metal1,36.5800,227.7085,0.000175
FILLER_54_34,VSS,Metal1,26.0400,227.3600,0.000165
FILLER_54_18,VSS,Metal1,18.5330,227.8215,0.000165
FILLER_54_2,VSS,Metal1,11.7120,227.9080,0.000165
FILLER_53_680,VSS,Metal1,388.0800,227.3600,0.000093
FILLER_53_664,VSS,Metal1,382.4320,226.8120,0.000093
FILLER_53_632,VSS,Metal1,368.9240,226.7620,0.000093
FILLER_53_628,VSS,Metal1,358.9600,227.3600,0.000093
FILLER_53_624,VSS,Metal1,356.9000,227.0110,0.000093
FILLER_53_608,VSS,Metal1,351.0720,226.8120,0.000093
FILLER_53_570,VSS,Metal1,326.6600,227.0110,0.000100
FILLER_53_562,VSS,Metal1,323.1730,226.8980,0.000105
FILLER_53_558,VSS,Metal1,319.7600,227.3600,0.000109
FILLER_53_554,VSS,Metal1,317.7000,227.0110,0.000114
FILLER_53_538,VSS,Metal1,311.8720,226.8120,0.000117
FILLER_53_506,VSS,Metal1,298.3640,226.7620,0.000118
FILLER_53_492,VSS,Metal1,282.5200,227.3600,0.000118
FILLER_53_489,VSS,Metal1,280.8400,227.3600,0.000118
FILLER_53_457,VSS,Metal1,270.9240,226.7620,0.000120
FILLER_53_452,VSS,Metal1,260.1200,227.3600,0.000127
FILLER_53_450,VSS,Metal1,259.2800,227.3600,0.000127
FILLER_53_446,VSS,Metal1,257.2200,227.0110,0.000128
FILLER_53_438,VSS,Metal1,253.7330,226.8980,0.000131
FILLER_53_422,VSS,Metal1,246.9120,226.8120,0.000134
FILLER_53_409,VSS,Metal1,236.0400,227.3600,0.000140
FILLER_53_405,VSS,Metal1,234.2600,227.0110,0.000141
FILLER_53_397,VSS,Metal1,230.7730,226.8980,0.000142
FILLER_53_381,VSS,Metal1,223.9520,226.8120,0.000142
FILLER_53_370,VSS,Metal1,214.2000,227.3600,0.000143
FILLER_53_368,VSS,Metal1,213.3600,227.3600,0.000143
FILLER_53_348,VSS,Metal1,202.1600,227.3600,0.000143
FILLER_53_344,VSS,Metal1,200.1000,227.0110,0.000143
FILLER_53_336,VSS,Metal1,196.6130,226.8980,0.000143
FILLER_53_298,VSS,Metal1,174.3400,227.0110,0.000144
FILLER_53_282,VSS,Metal1,168.5120,226.8120,0.000150
FILLER_53_276,VSS,Metal1,162.0200,227.0110,0.000150
FILLER_53_268,VSS,Metal1,158.5330,226.8980,0.000150
FILLER_53_216,VSS,Metal1,127.9600,227.3600,0.000151
FILLER_53_212,VSS,Metal1,126.1800,227.0110,0.000151
FILLER_53_206,VSS,Metal1,122.8200,227.0110,0.000154
FILLER_53_192,VSS,Metal1,114.5200,227.3600,0.000154
FILLER_53_190,VSS,Metal1,113.6800,227.3600,0.000154
FILLER_53_174,VSS,Metal1,108.0320,226.8120,0.000154
FILLER_53_153,VSS,Metal1,92.6800,227.3600,0.000159
FILLER_53_151,VSS,Metal1,91.8400,227.3600,0.000162
FILLER_53_147,VSS,Metal1,89.7800,227.0110,0.000162
FILLER_53_96,VSS,Metal1,61.0400,227.3600,0.000173
FILLER_53_88,VSS,Metal1,57.7330,226.8980,0.000173
FILLER_53_72,VSS,Metal1,50.9120,226.8120,0.000173
FILLER_52_681,VSS,Metal1,388.3600,219.5200,0.000057
FILLER_52_679,VSS,Metal1,387.5200,219.5200,0.000057
FILLER_52_675,VSS,Metal1,385.4600,219.8685,0.000057
FILLER_52_667,VSS,Metal1,381.9730,219.9815,0.000057
FILLER_52_661,VSS,Metal1,377.6200,219.8685,0.000057
FILLER_52_597,VSS,Metal1,358.2445,220.1575,0.000057
FILLER_52_591,VSS,Metal1,338.4200,219.8685,0.000057
FILLER_52_527,VSS,Metal1,319.0445,220.1575,0.000057
FILLER_52_524,VSS,Metal1,300.4400,219.5200,0.000058
FILLER_52_522,VSS,Metal1,299.6000,219.5200,0.000058
FILLER_52_514,VSS,Metal1,296.2930,219.9815,0.000059
FILLER_52_498,VSS,Metal1,289.4720,220.0680,0.000060
FILLER_52_491,VSS,Metal1,282.2400,219.5200,0.000061
FILLER_52_477,VSS,Metal1,274.1200,219.5200,0.000068
FILLER_52_473,VSS,Metal1,272.3400,219.8685,0.000068
FILLER_52_457,VSS,Metal1,266.5120,220.0680,0.000070
FILLER_52_446,VSS,Metal1,256.7600,219.5200,0.000070
FILLER_52_440,VSS,Metal1,253.4000,219.5200,0.000070
FILLER_52_436,VSS,Metal1,251.6200,219.8685,0.000071
FILLER_52_420,VSS,Metal1,245.7920,220.0680,0.000072
FILLER_52_403,VSS,Metal1,232.6800,219.5200,0.000073
FILLER_52_387,VSS,Metal1,227.3120,220.0680,0.000073
FILLER_52_377,VSS,Metal1,219.5730,219.9815,0.000074
FILLER_52_347,VSS,Metal1,202.7730,219.9815,0.000076
FILLER_52_331,VSS,Metal1,195.9520,220.0680,0.000076
FILLER_52_323,VSS,Metal1,187.8800,219.5200,0.000076
FILLER_52_321,VSS,Metal1,187.0400,219.5200,0.000076
FILLER_52_317,VSS,Metal1,184.9800,219.8685,0.000076
FILLER_52_299,VSS,Metal1,178.0320,220.0680,0.000076
FILLER_52_267,VSS,Metal1,164.5240,220.1175,0.000077
FILLER_52_257,VSS,Metal1,150.9200,219.5200,0.000079
FILLER_52_255,VSS,Metal1,150.0800,219.5200,0.000088
FILLER_52_247,VSS,Metal1,146.7730,219.9815,0.000089
FILLER_52_226,VSS,Metal1,134.0200,219.8685,0.000097
FILLER_52_217,VSS,Metal1,128.9800,219.8685,0.000103
FILLER_52_209,VSS,Metal1,125.4930,219.9815,0.000105
FILLER_52_193,VSS,Metal1,116.5330,219.9815,0.000158
FILLER_52_177,VSS,Metal1,109.7120,220.0680,0.000163
FILLER_52_158,VSS,Metal1,95.4800,219.5200,0.000171
FILLER_52_156,VSS,Metal1,94.6400,219.5200,0.000174
FILLER_52_152,VSS,Metal1,92.5800,219.8685,0.000174
FILLER_52_144,VSS,Metal1,89.0930,219.9815,0.000174
FILLER_52_125,VSS,Metal1,77.2800,219.5200,0.000176
FILLER_52_118,VSS,Metal1,73.3600,219.5200,0.000176
FILLER_52_109,VSS,Metal1,68.0400,219.5200,0.000176
FILLER_52_107,VSS,Metal1,67.2000,219.5200,0.000176
FILLER_52_101,VSS,Metal1,64.0200,219.8685,0.000176
FILLER_52_65,VSS,Metal1,43.6800,219.5200,0.000174
FILLER_52_57,VSS,Metal1,40.3730,219.9815,0.000174
FILLER_52_41,VSS,Metal1,29.9600,219.5200,0.000173
FILLER_52_37,VSS,Metal1,28.1800,219.8685,0.000173
FILLER_52_34,VSS,Metal1,26.0400,219.5200,0.000166
FILLER_52_2,VSS,Metal1,16.1240,220.1175,0.000167
FILLER_51_680,VSS,Metal1,388.0800,219.5200,0.000057
FILLER_51_664,VSS,Metal1,382.4320,218.9720,0.000057
FILLER_51_632,VSS,Metal1,368.9240,218.9220,0.000057
FILLER_51_626,VSS,Metal1,358.0200,219.1710,0.000057
FILLER_51_562,VSS,Metal1,338.6445,218.8820,0.000057
FILLER_51_556,VSS,Metal1,318.8200,219.1710,0.000057
FILLER_51_548,VSS,Metal1,315.3330,219.0580,0.000057
FILLER_51_516,VSS,Metal1,296.2400,219.5200,0.000059
FILLER_51_508,VSS,Metal1,292.9330,219.0580,0.000060
FILLER_51_492,VSS,Metal1,286.1120,218.9720,0.000060
FILLER_51_489,VSS,Metal1,280.8400,219.5200,0.000063
FILLER_51_485,VSS,Metal1,279.0600,219.1710,0.000063
FILLER_51_473,VSS,Metal1,272.3400,219.1710,0.000068
FILLER_51_465,VSS,Metal1,268.8530,219.0580,0.000070
FILLER_51_438,VSS,Metal1,252.2800,219.5200,0.000071
FILLER_51_422,VSS,Metal1,246.9120,218.9720,0.000072
FILLER_51_384,VSS,Metal1,222.3200,219.5200,0.000074
FILLER_51_376,VSS,Metal1,219.0130,219.0580,0.000074
FILLER_51_370,VSS,Metal1,214.2000,219.5200,0.000075
FILLER_51_368,VSS,Metal1,213.3600,219.5200,0.000075
FILLER_51_352,VSS,Metal1,207.7120,218.9720,0.000075
FILLER_51_348,VSS,Metal1,202.1600,219.5200,0.000076
FILLER_51_344,VSS,Metal1,200.1000,219.1710,0.000076
FILLER_51_312,VSS,Metal1,189.7240,218.9220,0.000076
FILLER_51_294,VSS,Metal1,171.9200,219.5200,0.000077
FILLER_51_290,VSS,Metal1,169.8600,219.1710,0.000077
FILLER_51_282,VSS,Metal1,164.9200,219.5200,0.000077
FILLER_51_276,VSS,Metal1,162.0200,219.1710,0.000077
FILLER_51_268,VSS,Metal1,158.5330,219.0580,0.000077
FILLER_51_257,VSS,Metal1,150.9200,219.5200,0.000079
FILLER_51_255,VSS,Metal1,150.0800,219.5200,0.000088
FILLER_51_239,VSS,Metal1,144.4320,218.9720,0.000089
FILLER_51_206,VSS,Metal1,122.8200,219.1710,0.000109
FILLER_51_193,VSS,Metal1,115.5400,219.1710,0.000158
FILLER_51_185,VSS,Metal1,112.0530,219.0580,0.000163
FILLER_51_174,VSS,Metal1,104.4400,219.5200,0.000171
FILLER_51_170,VSS,Metal1,102.6600,219.1710,0.000171
FILLER_51_158,VSS,Metal1,95.9400,219.1710,0.000171
FILLER_51_142,VSS,Metal1,90.1120,218.9720,0.000174
FILLER_51_139,VSS,Metal1,84.8400,219.5200,0.000176
FILLER_51_131,VSS,Metal1,81.8130,219.0580,0.000176
FILLER_51_95,VSS,Metal1,60.4800,219.5200,0.000176
FILLER_51_91,VSS,Metal1,58.4200,219.1710,0.000176
FILLER_51_72,VSS,Metal1,47.7800,219.1710,0.000176
FILLER_51_69,VSS,Metal1,45.6400,219.5200,0.000176
FILLER_51_67,VSS,Metal1,44.8000,219.5200,0.000174
FILLER_51_51,VSS,Metal1,39.1520,218.9720,0.000174
FILLER_50_681,VSS,Metal1,388.3600,211.6800,0.000292
FILLER_50_679,VSS,Metal1,387.5200,211.6800,0.000292
FILLER_50_675,VSS,Metal1,385.4600,212.0285,0.000292
FILLER_50_667,VSS,Metal1,381.9730,212.1415,0.000292
FILLER_50_661,VSS,Metal1,377.6200,212.0285,0.000292
FILLER_50_597,VSS,Metal1,358.2445,212.3175,0.000292
FILLER_50_594,VSS,Metal1,339.6400,211.6800,0.000292
FILLER_50_592,VSS,Metal1,338.8000,211.6800,0.000292
FILLER_50_588,VSS,Metal1,336.7400,212.0285,0.000292
FILLER_50_572,VSS,Metal1,330.9120,212.2280,0.000292
FILLER_50_535,VSS,Metal1,306.6000,211.6800,0.000297
FILLER_50_533,VSS,Metal1,305.7600,211.6800,0.000297
FILLER_50_524,VSS,Metal1,300.4400,211.6800,0.000297
FILLER_50_522,VSS,Metal1,299.6000,211.6800,0.000297
FILLER_50_514,VSS,Metal1,296.2930,212.1415,0.000298
FILLER_50_497,VSS,Metal1,285.3200,211.6800,0.000309
FILLER_50_489,VSS,Metal1,282.2930,212.1415,0.000321
FILLER_50_457,VSS,Metal1,270.9240,212.2775,0.000333
FILLER_50_431,VSS,Metal1,248.3600,211.6800,0.000334
FILLER_50_419,VSS,Metal1,242.1000,212.0285,0.000324
FILLER_50_387,VSS,Metal1,231.7240,212.2775,0.000313
FILLER_50_377,VSS,Metal1,219.5730,212.1415,0.000312
FILLER_50_339,VSS,Metal1,197.3000,212.0285,0.000302
FILLER_50_331,VSS,Metal1,193.8130,212.1415,0.000293
FILLER_50_323,VSS,Metal1,188.1600,211.6800,0.000293
FILLER_50_314,VSS,Metal1,182.8400,211.6800,0.000293
FILLER_50_308,VSS,Metal1,179.4800,211.6800,0.000288
FILLER_50_281,VSS,Metal1,164.8200,212.0285,0.000289
FILLER_50_247,VSS,Metal1,145.7800,212.0285,0.000289
FILLER_50_244,VSS,Metal1,143.6400,211.6800,0.000289
FILLER_50_236,VSS,Metal1,139.1600,211.6800,0.000290
FILLER_50_220,VSS,Metal1,133.7920,212.2280,0.000290
FILLER_50_205,VSS,Metal1,122.0800,211.6800,0.000290
FILLER_50_201,VSS,Metal1,120.0200,212.0285,0.000290
FILLER_50_193,VSS,Metal1,116.5330,212.1415,0.000290
FILLER_50_177,VSS,Metal1,109.7120,212.2280,0.000291
FILLER_50_155,VSS,Metal1,93.8000,211.6800,0.000282
FILLER_50_139,VSS,Metal1,88.4320,212.2280,0.000282
FILLER_50_123,VSS,Metal1,77.3330,212.1415,0.000276
FILLER_50_107,VSS,Metal1,70.5120,212.2280,0.000273
FILLER_50_99,VSS,Metal1,62.4400,211.6800,0.000259
FILLER_50_95,VSS,Metal1,60.6600,212.0285,0.000259
FILLER_50_87,VSS,Metal1,57.1730,212.1415,0.000259
FILLER_50_71,VSS,Metal1,50.3520,212.2280,0.000258
FILLER_50_34,VSS,Metal1,26.0400,211.6800,0.000252
FILLER_50_30,VSS,Metal1,24.2600,212.0285,0.000252
FILLER_50_22,VSS,Metal1,20.7730,212.1415,0.000252
FILLER_50_6,VSS,Metal1,10.3600,211.6800,0.000252
FILLER_50_2,VSS,Metal1,8.5800,212.0285,0.000252
FILLER_49_680,VSS,Metal1,388.0800,211.6800,0.000292
FILLER_49_664,VSS,Metal1,382.4320,211.1320,0.000292
FILLER_49_632,VSS,Metal1,368.9240,211.0820,0.000292
FILLER_49_598,VSS,Metal1,349.8840,211.0820,0.000292
FILLER_49_558,VSS,Metal1,319.7600,211.6800,0.000294
FILLER_49_550,VSS,Metal1,316.4530,211.2180,0.000294
FILLER_49_513,VSS,Metal1,294.2800,211.6800,0.000302
FILLER_49_511,VSS,Metal1,293.4400,211.6800,0.000302
FILLER_49_507,VSS,Metal1,291.3800,211.3310,0.000302
FILLER_49_496,VSS,Metal1,284.7600,211.6800,0.000321
FILLER_49_492,VSS,Metal1,282.9800,211.3310,0.000321
FILLER_49_488,VSS,Metal1,280.5600,211.6800,0.000333
FILLER_49_484,VSS,Metal1,278.5000,211.3310,0.000333
FILLER_49_419,VSS,Metal1,241.6400,211.6800,0.000324
FILLER_49_417,VSS,Metal1,240.8000,211.6800,0.000313
FILLER_49_413,VSS,Metal1,238.7400,211.3310,0.000313
FILLER_49_405,VSS,Metal1,235.2530,211.2180,0.000313
FILLER_49_366,VSS,Metal1,211.9600,211.6800,0.000310
FILLER_49_364,VSS,Metal1,211.1200,211.6800,0.000310
FILLER_49_360,VSS,Metal1,209.0600,211.3310,0.000310
FILLER_49_352,VSS,Metal1,205.5730,211.2180,0.000310
FILLER_49_349,VSS,Metal1,202.4400,211.6800,0.000310
FILLER_49_341,VSS,Metal1,199.4130,211.2180,0.000310
FILLER_49_309,VSS,Metal1,188.0440,211.0820,0.000293
FILLER_49_304,VSS,Metal1,177.2400,211.6800,0.000288
FILLER_49_302,VSS,Metal1,176.4000,211.6800,0.000289
FILLER_49_298,VSS,Metal1,174.3400,211.3310,0.000289
FILLER_49_282,VSS,Metal1,168.5120,211.1320,0.000289
FILLER_49_236,VSS,Metal1,139.1600,211.6800,0.000290
FILLER_49_228,VSS,Metal1,136.1330,211.2180,0.000290
FILLER_49_212,VSS,Metal1,129.3120,211.1320,0.000290
FILLER_49_209,VSS,Metal1,124.0400,211.6800,0.000290
FILLER_49_207,VSS,Metal1,123.2000,211.6800,0.000290
FILLER_49_203,VSS,Metal1,121.1400,211.3310,0.000290
FILLER_49_142,VSS,Metal1,90.1120,211.1320,0.000282
FILLER_49_139,VSS,Metal1,84.8400,211.6800,0.000282
FILLER_49_137,VSS,Metal1,84.0000,211.6800,0.000280
FILLER_49_133,VSS,Metal1,81.9400,211.3310,0.000280
FILLER_49_125,VSS,Metal1,78.4530,211.2180,0.000276
FILLER_49_109,VSS,Metal1,71.6320,211.1320,0.000273
FILLER_49_100,VSS,Metal1,63.0000,211.6800,0.000266
FILLER_49_84,VSS,Metal1,57.6320,211.1320,0.000259
FILLER_49_43,VSS,Metal1,31.5400,211.3310,0.000252
FILLER_49_8,VSS,Metal1,11.4800,211.6800,0.000252
FILLER_49_6,VSS,Metal1,10.6400,211.6800,0.000252
FILLER_49_2,VSS,Metal1,8.5800,211.3310,0.000252
FILLER_48_681,VSS,Metal1,388.3600,203.8400,0.000230
FILLER_48_679,VSS,Metal1,387.5200,203.8400,0.000230
FILLER_48_675,VSS,Metal1,385.4600,204.1885,0.000230
FILLER_48_667,VSS,Metal1,381.9730,204.3015,0.000230
FILLER_48_661,VSS,Metal1,377.6200,204.1885,0.000230
FILLER_48_597,VSS,Metal1,358.2445,204.4775,0.000230
FILLER_48_555,VSS,Metal1,318.0800,203.8400,0.000299
FILLER_48_551,VSS,Metal1,316.0200,204.1885,0.000300
FILLER_48_543,VSS,Metal1,312.5330,204.3015,0.000306
FILLER_48_527,VSS,Metal1,305.7120,204.3880,0.000307
FILLER_48_457,VSS,Metal1,266.5120,204.3880,0.000350
FILLER_48_454,VSS,Metal1,261.2400,203.8400,0.000361
FILLER_48_452,VSS,Metal1,260.4000,203.8400,0.000361
FILLER_48_415,VSS,Metal1,239.4000,203.8400,0.000371
FILLER_48_411,VSS,Metal1,237.6200,204.1885,0.000372
FILLER_48_395,VSS,Metal1,231.7920,204.3880,0.000372
FILLER_48_383,VSS,Metal1,221.7600,203.8400,0.000378
FILLER_48_379,VSS,Metal1,219.7000,204.1885,0.000378
FILLER_48_313,VSS,Metal1,182.5600,203.8400,0.000315
FILLER_48_309,VSS,Metal1,180.5000,204.1885,0.000315
FILLER_48_301,VSS,Metal1,177.0130,204.3015,0.000306
FILLER_48_294,VSS,Metal1,171.9200,203.8400,0.000314
FILLER_48_290,VSS,Metal1,169.8600,204.1885,0.000319
FILLER_48_280,VSS,Metal1,164.0800,203.8400,0.000328
FILLER_48_272,VSS,Metal1,160.7730,204.3015,0.000335
FILLER_48_256,VSS,Metal1,153.9520,204.3880,0.000335
FILLER_48_247,VSS,Metal1,145.6000,203.8400,0.000345
FILLER_48_237,VSS,Metal1,140.1800,204.1885,0.000352
FILLER_48_229,VSS,Metal1,136.6930,204.3015,0.000358
FILLER_48_223,VSS,Metal1,131.8800,203.8400,0.000359
FILLER_48_219,VSS,Metal1,130.1000,204.1885,0.000359
FILLER_48_211,VSS,Metal1,126.6130,204.3015,0.000362
FILLER_48_195,VSS,Metal1,119.7920,204.3880,0.000367
FILLER_48_177,VSS,Metal1,106.4000,203.8400,0.000388
FILLER_48_154,VSS,Metal1,94.6930,204.3015,0.000396
FILLER_48_122,VSS,Metal1,83.3240,204.4375,0.000402
FILLER_48_41,VSS,Metal1,30.2400,203.8400,0.000402
FILLER_48_37,VSS,Metal1,28.1800,204.1885,0.000402
FILLER_48_31,VSS,Metal1,24.8200,204.1885,0.000379
FILLER_48_14,VSS,Metal1,15.1200,203.8400,0.000379
FILLER_48_10,VSS,Metal1,13.0600,204.1885,0.000379
FILLER_47_672,VSS,Metal1,383.6000,203.8400,0.000230
FILLER_47_664,VSS,Metal1,380.2930,203.3780,0.000230
FILLER_47_632,VSS,Metal1,368.9240,203.2420,0.000230
FILLER_47_626,VSS,Metal1,358.0200,203.4910,0.000230
FILLER_47_586,VSS,Metal1,335.6200,203.4910,0.000230
FILLER_47_578,VSS,Metal1,332.1330,203.3780,0.000276
FILLER_47_562,VSS,Metal1,325.3120,203.2920,0.000277
FILLER_47_559,VSS,Metal1,320.0400,203.8400,0.000279
FILLER_47_557,VSS,Metal1,319.2000,203.8400,0.000299
FILLER_47_549,VSS,Metal1,315.8930,203.3780,0.000300
FILLER_47_517,VSS,Metal1,304.5240,203.2420,0.000307
FILLER_47_512,VSS,Metal1,293.7200,203.8400,0.000320
FILLER_47_496,VSS,Metal1,288.3520,203.2920,0.000320
FILLER_47_489,VSS,Metal1,280.8400,203.8400,0.000320
FILLER_47_481,VSS,Metal1,277.8130,203.3780,0.000321
FILLER_47_455,VSS,Metal1,265.3920,203.2920,0.000350
FILLER_47_443,VSS,Metal1,255.5400,203.4910,0.000363
FILLER_47_435,VSS,Metal1,252.0530,203.3780,0.000363
FILLER_47_419,VSS,Metal1,241.6400,203.8400,0.000363
FILLER_47_417,VSS,Metal1,240.8000,203.8400,0.000363
FILLER_47_401,VSS,Metal1,235.1520,203.2920,0.000372
FILLER_47_358,VSS,Metal1,207.4800,203.8400,0.000378
FILLER_47_356,VSS,Metal1,206.6400,203.8400,0.000378
FILLER_47_352,VSS,Metal1,204.5800,203.4910,0.000378
FILLER_47_346,VSS,Metal1,201.2200,203.4910,0.000378
FILLER_47_330,VSS,Metal1,195.3920,203.2920,0.000378
FILLER_47_302,VSS,Metal1,177.5730,203.3780,0.000306
FILLER_47_292,VSS,Metal1,170.5200,203.8400,0.000319
FILLER_47_290,VSS,Metal1,169.6800,203.8400,0.000319
FILLER_47_276,VSS,Metal1,162.0200,203.4910,0.000335
FILLER_47_264,VSS,Metal1,155.1200,203.8400,0.000335
FILLER_47_246,VSS,Metal1,145.2200,203.4910,0.000345
FILLER_47_236,VSS,Metal1,139.4400,203.8400,0.000358
FILLER_47_232,VSS,Metal1,137.3800,203.4910,0.000358
FILLER_47_216,VSS,Metal1,127.9600,203.8400,0.000361
FILLER_47_212,VSS,Metal1,126.1800,203.4910,0.000362
FILLER_47_206,VSS,Metal1,122.8200,203.4910,0.000367
FILLER_47_198,VSS,Metal1,117.8800,203.8400,0.000367
FILLER_47_196,VSS,Metal1,117.0400,203.8400,0.000367
FILLER_47_188,VSS,Metal1,112.2800,203.8400,0.000375
FILLER_47_154,VSS,Metal1,93.2400,203.8400,0.000396
FILLER_47_150,VSS,Metal1,91.4600,203.4910,0.000402
FILLER_47_142,VSS,Metal1,87.9730,203.3780,0.000402
FILLER_47_108,VSS,Metal1,75.4840,203.2420,0.000402
FILLER_46_673,VSS,Metal1,383.8800,196.0000,0.000143
FILLER_46_671,VSS,Metal1,383.0400,196.0000,0.000143
FILLER_46_667,VSS,Metal1,380.9800,196.3485,0.000143
FILLER_46_661,VSS,Metal1,377.6200,196.3485,0.000143
FILLER_46_597,VSS,Metal1,358.2445,196.6375,0.000143
FILLER_46_579,VSS,Metal1,331.2400,196.0000,0.000169
FILLER_46_575,VSS,Metal1,329.4600,196.3485,0.000175
FILLER_46_559,VSS,Metal1,323.6320,196.5480,0.000176
FILLER_46_527,VSS,Metal1,310.1240,196.5975,0.000181
FILLER_46_524,VSS,Metal1,300.4400,196.0000,0.000182
FILLER_46_516,VSS,Metal1,297.4130,196.4615,0.000189
FILLER_46_465,VSS,Metal1,267.4000,196.0000,0.000202
FILLER_46_409,VSS,Metal1,236.3200,196.0000,0.000211
FILLER_46_401,VSS,Metal1,233.0130,196.4615,0.000211
FILLER_46_380,VSS,Metal1,219.8000,196.0000,0.000212
FILLER_46_378,VSS,Metal1,218.9600,196.0000,0.000212
FILLER_46_366,VSS,Metal1,212.4200,196.3485,0.000212
FILLER_46_331,VSS,Metal1,192.3600,196.0000,0.000195
FILLER_46_329,VSS,Metal1,191.5200,196.0000,0.000193
FILLER_46_321,VSS,Metal1,187.0400,196.0000,0.000193
FILLER_46_317,VSS,Metal1,184.9800,196.3485,0.000193
FILLER_46_314,VSS,Metal1,182.8400,196.0000,0.000193
FILLER_46_306,VSS,Metal1,179.8130,196.4615,0.000189
FILLER_46_294,VSS,Metal1,171.9200,196.0000,0.000189
FILLER_46_288,VSS,Metal1,168.5600,196.0000,0.000189
FILLER_46_272,VSS,Metal1,162.9120,196.5480,0.000191
FILLER_46_263,VSS,Metal1,154.2800,196.0000,0.000192
FILLER_46_247,VSS,Metal1,145.3200,196.0000,0.000196
FILLER_46_244,VSS,Metal1,143.6400,196.0000,0.000202
FILLER_46_194,VSS,Metal1,119.2320,196.5480,0.000211
FILLER_46_185,VSS,Metal1,110.8800,196.0000,0.000212
FILLER_46_177,VSS,Metal1,107.5730,196.4615,0.000212
FILLER_46_169,VSS,Metal1,101.6400,196.0000,0.000212
FILLER_46_167,VSS,Metal1,100.8000,196.0000,0.000212
FILLER_46_127,VSS,Metal1,78.1200,196.0000,0.000219
FILLER_46_123,VSS,Metal1,76.3400,196.3485,0.000219
FILLER_46_107,VSS,Metal1,70.5120,196.5480,0.000219
FILLER_46_103,VSS,Metal1,64.9600,196.0000,0.000219
FILLER_46_87,VSS,Metal1,59.3120,196.5480,0.000217
FILLER_46_71,VSS,Metal1,46.7600,196.0000,0.000207
FILLER_46_18,VSS,Metal1,17.3600,196.0000,0.000191
FILLER_46_2,VSS,Metal1,11.7120,196.5480,0.000191
FILLER_45_632,VSS,Metal1,364.5120,195.4520,0.000143
FILLER_45_629,VSS,Metal1,359.2400,196.0000,0.000143
FILLER_45_625,VSS,Metal1,357.4600,195.6510,0.000143
FILLER_45_588,VSS,Metal1,336.2800,196.0000,0.000143
FILLER_45_586,VSS,Metal1,335.4400,196.0000,0.000143
FILLER_45_578,VSS,Metal1,332.1330,195.5380,0.000169
FILLER_45_562,VSS,Metal1,325.3120,195.4520,0.000176
FILLER_45_544,VSS,Metal1,311.6400,196.0000,0.000181
FILLER_45_540,VSS,Metal1,309.8600,195.6510,0.000181
FILLER_45_524,VSS,Metal1,304.0320,195.4520,0.000182
FILLER_45_492,VSS,Metal1,290.5240,195.4020,0.000189
FILLER_45_486,VSS,Metal1,279.6200,195.6510,0.000189
FILLER_45_478,VSS,Metal1,276.1330,195.5380,0.000189
FILLER_45_468,VSS,Metal1,269.3600,196.0000,0.000199
FILLER_45_464,VSS,Metal1,267.3000,195.6510,0.000202
FILLER_45_456,VSS,Metal1,263.8130,195.5380,0.000202
FILLER_45_419,VSS,Metal1,241.6400,196.0000,0.000209
FILLER_45_411,VSS,Metal1,238.6130,195.5380,0.000209
FILLER_45_362,VSS,Metal1,209.7200,196.0000,0.000211
FILLER_45_360,VSS,Metal1,208.8800,196.0000,0.000211
FILLER_45_352,VSS,Metal1,205.5730,195.5380,0.000211
FILLER_45_349,VSS,Metal1,202.4400,196.0000,0.000211
FILLER_45_345,VSS,Metal1,200.6600,195.6510,0.000211
FILLER_45_340,VSS,Metal1,197.4000,196.0000,0.000211
FILLER_45_330,VSS,Metal1,192.2600,195.6510,0.000195
FILLER_45_314,VSS,Metal1,186.4320,195.4520,0.000193
FILLER_45_282,VSS,Metal1,172.9240,195.4020,0.000189
FILLER_45_209,VSS,Metal1,124.0400,196.0000,0.000211
FILLER_45_207,VSS,Metal1,123.2000,196.0000,0.000211
FILLER_45_199,VSS,Metal1,119.8930,195.5380,0.000211
FILLER_45_167,VSS,Metal1,108.5240,195.4020,0.000212
FILLER_45_157,VSS,Metal1,95.2000,196.0000,0.000218
FILLER_45_138,VSS,Metal1,84.5600,196.0000,0.000218
FILLER_45_134,VSS,Metal1,82.5000,195.6510,0.000218
FILLER_45_96,VSS,Metal1,61.2200,195.6510,0.000217
FILLER_45_88,VSS,Metal1,57.7330,195.5380,0.000217
FILLER_44_673,VSS,Metal1,383.8800,188.1600,0.000387
FILLER_44_671,VSS,Metal1,383.0400,188.1600,0.000387
FILLER_44_656,VSS,Metal1,374.3600,188.1600,0.000387
FILLER_44_647,VSS,Metal1,369.3200,188.1600,0.000386
FILLER_44_645,VSS,Metal1,368.4800,188.1600,0.000386
FILLER_44_629,VSS,Metal1,362.8320,188.7080,0.000386
FILLER_44_597,VSS,Metal1,349.3240,188.7575,0.000385
FILLER_44_594,VSS,Metal1,339.6400,188.1600,0.000385
FILLER_44_592,VSS,Metal1,338.8000,188.1600,0.000385
FILLER_44_529,VSS,Metal1,303.2400,188.1600,0.000385
FILLER_44_527,VSS,Metal1,302.4000,188.1600,0.000385
FILLER_44_523,VSS,Metal1,300.1600,188.1600,0.000385
FILLER_44_519,VSS,Metal1,298.1000,188.5085,0.000385
FILLER_44_511,VSS,Metal1,294.6130,188.6215,0.000386
FILLER_44_479,VSS,Metal1,283.2440,188.7575,0.000392
FILLER_44_473,VSS,Metal1,272.1600,188.1600,0.000393
FILLER_44_457,VSS,Metal1,266.5120,188.7080,0.000393
FILLER_44_451,VSS,Metal1,260.0200,188.5085,0.000395
FILLER_44_445,VSS,Metal1,256.4800,188.1600,0.000407
FILLER_44_437,VSS,Metal1,253.1730,188.6215,0.000408
FILLER_44_421,VSS,Metal1,246.3520,188.7080,0.000413
FILLER_44_384,VSS,Metal1,222.0400,188.1600,0.000419
FILLER_44_333,VSS,Metal1,194.9330,188.6215,0.000416
FILLER_44_317,VSS,Metal1,188.1120,188.7080,0.000416
FILLER_44_311,VSS,Metal1,181.6200,188.5085,0.000414
FILLER_44_287,VSS,Metal1,169.1730,188.6215,0.000413
FILLER_44_255,VSS,Metal1,157.8040,188.7575,0.000416
FILLER_44_209,VSS,Metal1,124.3200,188.1600,0.000430
FILLER_44_177,VSS,Metal1,114.1240,188.7575,0.000431
FILLER_44_173,VSS,Metal1,104.1600,188.1600,0.000445
FILLER_44_169,VSS,Metal1,102.1000,188.5085,0.000445
FILLER_44_104,VSS,Metal1,65.2400,188.1600,0.000445
FILLER_44_96,VSS,Metal1,62.2130,188.6215,0.000445
FILLER_44_80,VSS,Metal1,55.3920,188.7080,0.000443
FILLER_44_45,VSS,Metal1,32.2000,188.1600,0.000416
FILLER_44_37,VSS,Metal1,29.1730,188.6215,0.000416
FILLER_44_8,VSS,Metal1,11.4800,188.1600,0.000407
FILLER_44_6,VSS,Metal1,10.6400,188.1600,0.000407
FILLER_44_2,VSS,Metal1,8.5800,188.5085,0.000407
FILLER_43_632,VSS,Metal1,364.5120,187.6120,0.000386
FILLER_43_614,VSS,Metal1,350.8400,188.1600,0.000385
FILLER_43_606,VSS,Metal1,347.8130,187.6980,0.000385
FILLER_43_582,VSS,Metal1,332.9200,188.1600,0.000385
FILLER_43_578,VSS,Metal1,331.1400,187.8110,0.000385
FILLER_43_562,VSS,Metal1,325.3120,187.6120,0.000385
FILLER_43_558,VSS,Metal1,319.7600,188.1600,0.000385
FILLER_43_554,VSS,Metal1,317.7000,187.8110,0.000385
FILLER_43_546,VSS,Metal1,314.2130,187.6980,0.000385
FILLER_43_508,VSS,Metal1,291.9400,187.8110,0.000391
FILLER_43_492,VSS,Metal1,286.1120,187.6120,0.000392
FILLER_43_489,VSS,Metal1,280.8400,188.1600,0.000392
FILLER_43_485,VSS,Metal1,279.0600,187.8110,0.000392
FILLER_43_453,VSS,Metal1,268.6840,187.5620,0.000393
FILLER_43_440,VSS,Metal1,253.4000,188.1600,0.000408
FILLER_43_438,VSS,Metal1,252.5600,188.1600,0.000408
FILLER_43_422,VSS,Metal1,246.9120,187.6120,0.000413
FILLER_43_418,VSS,Metal1,241.3600,188.1600,0.000418
FILLER_43_410,VSS,Metal1,238.0530,187.6980,0.000419
FILLER_43_378,VSS,Metal1,226.6840,187.5620,0.000419
FILLER_43_368,VSS,Metal1,213.5400,187.8110,0.000419
FILLER_43_352,VSS,Metal1,207.7120,187.6120,0.000419
FILLER_43_282,VSS,Metal1,172.9240,187.5620,0.000413
FILLER_43_216,VSS,Metal1,128.2400,188.1600,0.000418
FILLER_43_212,VSS,Metal1,126.1800,187.8110,0.000418
FILLER_43_175,VSS,Metal1,105.0000,188.1600,0.000433
FILLER_43_173,VSS,Metal1,104.1600,188.1600,0.000445
FILLER_43_165,VSS,Metal1,100.8530,187.6980,0.000445
FILLER_43_142,VSS,Metal1,87.9730,187.6980,0.000446
FILLER_43_139,VSS,Metal1,84.8400,188.1600,0.000446
FILLER_43_137,VSS,Metal1,84.0000,188.1600,0.000446
FILLER_43_133,VSS,Metal1,81.9400,187.8110,0.000446
FILLER_43_125,VSS,Metal1,78.4530,187.6980,0.000446
FILLER_43_90,VSS,Metal1,57.4000,188.1600,0.000443
FILLER_43_88,VSS,Metal1,56.5600,188.1600,0.000443
FILLER_43_80,VSS,Metal1,53.2530,187.6980,0.000443
FILLER_43_69,VSS,Metal1,45.6400,188.1600,0.000418
FILLER_43_2,VSS,Metal1,8.4000,188.1600,0.000407
FILLER_42_681,VSS,Metal1,388.3600,180.3200,0.000385
FILLER_42_663,VSS,Metal1,378.5600,180.3200,0.000385
FILLER_42_659,VSS,Metal1,376.5000,180.6685,0.000385
FILLER_42_591,VSS,Metal1,338.4200,180.6685,0.000385
FILLER_42_575,VSS,Metal1,332.5920,180.8680,0.000385
FILLER_42_535,VSS,Metal1,307.0600,180.6685,0.000392
FILLER_42_527,VSS,Metal1,303.5730,180.7815,0.000392
FILLER_42_517,VSS,Metal1,297.9730,180.7815,0.000398
FILLER_42_465,VSS,Metal1,267.4000,180.3200,0.000398
FILLER_42_457,VSS,Metal1,264.3730,180.7815,0.000398
FILLER_42_321,VSS,Metal1,187.0400,180.3200,0.000396
FILLER_42_317,VSS,Metal1,184.9800,180.6685,0.000396
FILLER_42_279,VSS,Metal1,163.5200,180.3200,0.000388
FILLER_42_247,VSS,Metal1,153.3240,180.9175,0.000389
FILLER_42_209,VSS,Metal1,124.3200,180.3200,0.000387
FILLER_42_177,VSS,Metal1,114.1240,180.9175,0.000387
FILLER_42_107,VSS,Metal1,74.9240,180.9175,0.000380
FILLER_42_103,VSS,Metal1,64.9600,180.3200,0.000370
FILLER_42_71,VSS,Metal1,54.7640,180.9175,0.000369
FILLER_42_33,VSS,Metal1,25.7600,180.3200,0.000357
FILLER_42_17,VSS,Metal1,20.1120,180.8680,0.000360
FILLER_42_10,VSS,Metal1,12.8800,180.3200,0.000380
FILLER_41_629,VSS,Metal1,359.2400,180.3200,0.000385
FILLER_41_619,VSS,Metal1,353.9200,180.3200,0.000385
FILLER_41_577,VSS,Metal1,331.5730,179.8580,0.000385
FILLER_41_558,VSS,Metal1,319.7600,180.3200,0.000388
FILLER_41_542,VSS,Metal1,314.1120,179.7720,0.000388
FILLER_41_526,VSS,Metal1,301.5600,180.3200,0.000393
FILLER_41_488,VSS,Metal1,280.5600,180.3200,0.000398
FILLER_41_484,VSS,Metal1,278.5000,179.9710,0.000398
FILLER_41_438,VSS,Metal1,253.7330,179.8580,0.000398
FILLER_41_422,VSS,Metal1,246.9120,179.7720,0.000398
FILLER_41_419,VSS,Metal1,241.6400,180.3200,0.000397
FILLER_41_417,VSS,Metal1,240.8000,180.3200,0.000397
FILLER_41_413,VSS,Metal1,238.7400,179.9710,0.000397
FILLER_41_397,VSS,Metal1,232.9120,179.7720,0.000397
FILLER_41_368,VSS,Metal1,214.5330,179.8580,0.000396
FILLER_41_352,VSS,Metal1,207.7120,179.7720,0.000396
FILLER_41_349,VSS,Metal1,202.4400,180.3200,0.000396
FILLER_41_347,VSS,Metal1,201.6000,180.3200,0.000396
FILLER_41_331,VSS,Metal1,193.8130,179.8580,0.000396
FILLER_41_315,VSS,Metal1,186.9920,179.7720,0.000396
FILLER_41_305,VSS,Metal1,178.0800,180.3200,0.000384
FILLER_41_297,VSS,Metal1,174.7730,179.8580,0.000384
FILLER_41_276,VSS,Metal1,162.0200,179.9710,0.000388
FILLER_41_260,VSS,Metal1,156.1920,179.7720,0.000389
FILLER_41_220,VSS,Metal1,130.6600,179.9710,0.000389
FILLER_41_209,VSS,Metal1,124.0400,180.3200,0.000387
FILLER_41_207,VSS,Metal1,123.2000,180.3200,0.000387
FILLER_41_199,VSS,Metal1,119.8930,179.8580,0.000387
FILLER_41_167,VSS,Metal1,108.5240,179.7220,0.000387
FILLER_41_158,VSS,Metal1,95.4800,180.3200,0.000387
FILLER_41_142,VSS,Metal1,90.1120,179.7720,0.000387
FILLER_41_139,VSS,Metal1,84.8400,180.3200,0.000380
FILLER_41_137,VSS,Metal1,84.0000,180.3200,0.000380
FILLER_41_102,VSS,Metal1,64.1200,180.3200,0.000370
FILLER_41_100,VSS,Metal1,63.2800,180.3200,0.000370
FILLER_41_69,VSS,Metal1,45.6400,180.3200,0.000361
FILLER_41_61,VSS,Metal1,42.6130,179.8580,0.000359
FILLER_41_23,VSS,Metal1,20.3400,179.9710,0.000360
FILLER_41_16,VSS,Metal1,15.9600,180.3200,0.000375
FILLER_41_14,VSS,Metal1,15.1200,180.3200,0.000375
FILLER_41_10,VSS,Metal1,13.0600,179.9710,0.000380
FILLER_40_681,VSS,Metal1,388.3600,172.4800,0.000439
FILLER_40_664,VSS,Metal1,378.8400,172.4800,0.000439
FILLER_40_662,VSS,Metal1,378.0000,172.4800,0.000439
FILLER_40_654,VSS,Metal1,374.6930,172.9415,0.000439
FILLER_40_601,VSS,Metal1,343.8400,172.4800,0.000437
FILLER_40_597,VSS,Metal1,341.7800,172.8285,0.000437
FILLER_40_591,VSS,Metal1,338.4200,172.8285,0.000437
FILLER_40_583,VSS,Metal1,334.9330,172.9415,0.000437
FILLER_40_547,VSS,Metal1,313.6000,172.4800,0.000520
FILLER_40_543,VSS,Metal1,311.5400,172.8285,0.000521
FILLER_40_527,VSS,Metal1,305.7120,173.0280,0.000521
FILLER_40_524,VSS,Metal1,300.4400,172.4800,0.000530
FILLER_40_522,VSS,Metal1,299.6000,172.4800,0.000553
FILLER_40_514,VSS,Metal1,296.2930,172.9415,0.000555
FILLER_40_482,VSS,Metal1,284.9240,173.0775,0.000555
FILLER_40_465,VSS,Metal1,267.6800,172.4800,0.000557
FILLER_40_457,VSS,Metal1,264.3730,172.9415,0.000557
FILLER_40_454,VSS,Metal1,261.2400,172.4800,0.000557
FILLER_40_450,VSS,Metal1,259.4600,172.8285,0.000557
FILLER_40_415,VSS,Metal1,239.4000,172.4800,0.000564
FILLER_40_411,VSS,Metal1,237.6200,172.8285,0.000564
FILLER_40_403,VSS,Metal1,234.1330,172.9415,0.000564
FILLER_40_387,VSS,Metal1,227.3120,173.0280,0.000564
FILLER_40_369,VSS,Metal1,217.2320,173.0280,0.000569
FILLER_40_333,VSS,Metal1,193.7600,172.4800,0.000570
FILLER_40_317,VSS,Metal1,188.1120,173.0280,0.000570
FILLER_40_307,VSS,Metal1,180.3730,172.9415,0.000570
FILLER_40_255,VSS,Metal1,150.0800,172.4800,0.000572
FILLER_40_247,VSS,Metal1,146.7730,172.9415,0.000572
FILLER_40_237,VSS,Metal1,141.1730,172.9415,0.000572
FILLER_40_221,VSS,Metal1,134.3520,173.0280,0.000572
FILLER_40_177,VSS,Metal1,107.5730,172.9415,0.000572
FILLER_40_174,VSS,Metal1,104.4400,172.4800,0.000572
FILLER_40_172,VSS,Metal1,103.6000,172.4800,0.000572
FILLER_40_156,VSS,Metal1,94.3600,172.4800,0.000560
FILLER_40_154,VSS,Metal1,93.5200,172.4800,0.000549
FILLER_40_150,VSS,Metal1,91.4600,172.8285,0.000549
FILLER_40_142,VSS,Metal1,87.9730,172.9415,0.000542
FILLER_40_126,VSS,Metal1,81.1520,173.0280,0.000537
FILLER_40_116,VSS,Metal1,71.9600,172.4800,0.000537
FILLER_40_103,VSS,Metal1,64.9600,172.4800,0.000526
FILLER_40_95,VSS,Metal1,61.6530,172.9415,0.000526
FILLER_40_79,VSS,Metal1,51.2400,172.4800,0.000475
FILLER_40_77,VSS,Metal1,50.4000,172.4800,0.000475
FILLER_40_69,VSS,Metal1,47.0930,172.9415,0.000473
FILLER_40_37,VSS,Metal1,35.7240,173.0775,0.000462
FILLER_40_31,VSS,Metal1,24.8200,172.8285,0.000442
FILLER_40_8,VSS,Metal1,11.4800,172.4800,0.000442
FILLER_40_6,VSS,Metal1,10.6400,172.4800,0.000442
FILLER_40_2,VSS,Metal1,8.5800,172.8285,0.000442
FILLER_39_680,VSS,Metal1,388.0800,172.4800,0.000439
FILLER_39_676,VSS,Metal1,386.0200,172.1310,0.000439
FILLER_39_666,VSS,Metal1,379.9600,172.4800,0.000439
FILLER_39_617,VSS,Metal1,352.5200,172.4800,0.000439
FILLER_39_574,VSS,Metal1,328.4400,172.4800,0.000450
FILLER_39_570,VSS,Metal1,326.6600,172.1310,0.000450
FILLER_39_562,VSS,Metal1,323.1730,172.0180,0.000450
FILLER_39_559,VSS,Metal1,320.0400,172.4800,0.000450
FILLER_39_551,VSS,Metal1,317.0130,172.0180,0.000450
FILLER_39_535,VSS,Metal1,310.1920,171.9320,0.000521
FILLER_39_524,VSS,Metal1,300.9000,172.1310,0.000530
FILLER_39_492,VSS,Metal1,290.5240,171.8820,0.000555
FILLER_39_426,VSS,Metal1,245.8400,172.4800,0.000557
FILLER_39_422,VSS,Metal1,243.7800,172.1310,0.000557
FILLER_39_418,VSS,Metal1,241.3600,172.4800,0.000557
FILLER_39_386,VSS,Metal1,231.1640,171.8820,0.000564
FILLER_39_348,VSS,Metal1,202.1600,172.4800,0.000570
FILLER_39_344,VSS,Metal1,200.1000,172.1310,0.000570
FILLER_39_279,VSS,Metal1,163.2400,172.4800,0.000572
FILLER_39_216,VSS,Metal1,127.9600,172.4800,0.000572
FILLER_39_212,VSS,Metal1,126.1800,172.1310,0.000572
FILLER_39_209,VSS,Metal1,124.0400,172.4800,0.000572
FILLER_39_207,VSS,Metal1,123.2000,172.4800,0.000572
FILLER_39_191,VSS,Metal1,117.5520,171.9320,0.000572
FILLER_39_154,VSS,Metal1,93.2400,172.4800,0.000549
FILLER_39_150,VSS,Metal1,91.4600,172.1310,0.000549
FILLER_39_142,VSS,Metal1,87.9730,172.0180,0.000542
FILLER_39_101,VSS,Metal1,63.5600,172.4800,0.000526
FILLER_39_99,VSS,Metal1,62.7200,172.4800,0.000526
FILLER_39_91,VSS,Metal1,59.4130,172.0180,0.000526
FILLER_39_82,VSS,Metal1,52.9200,172.4800,0.000492
FILLER_39_80,VSS,Metal1,52.0800,172.4800,0.000492
FILLER_39_72,VSS,Metal1,48.7730,172.0180,0.000474
FILLER_38_680,VSS,Metal1,388.0800,164.6400,0.000343
FILLER_38_597,VSS,Metal1,341.6000,164.6400,0.000338
FILLER_38_586,VSS,Metal1,335.1600,164.6400,0.000338
FILLER_38_584,VSS,Metal1,334.3200,164.6400,0.000338
FILLER_38_524,VSS,Metal1,300.4400,164.6400,0.000393
FILLER_38_520,VSS,Metal1,298.6600,164.9885,0.000393
FILLER_38_504,VSS,Metal1,292.8320,165.1880,0.000396
FILLER_38_498,VSS,Metal1,285.8800,164.6400,0.000396
FILLER_38_490,VSS,Metal1,282.8530,165.1015,0.000396
FILLER_38_469,VSS,Metal1,269.6400,164.6400,0.000403
FILLER_38_465,VSS,Metal1,267.8600,164.9885,0.000403
FILLER_38_457,VSS,Metal1,264.3730,165.1015,0.000403
FILLER_38_447,VSS,Metal1,258.7730,165.1015,0.000403
FILLER_38_431,VSS,Metal1,249.8130,165.1015,0.000402
FILLER_38_426,VSS,Metal1,245.5600,164.6400,0.000380
FILLER_38_422,VSS,Metal1,243.7800,164.9885,0.000380
FILLER_38_387,VSS,Metal1,223.7200,164.6400,0.000371
FILLER_38_380,VSS,Metal1,219.8000,164.6400,0.000371
FILLER_38_376,VSS,Metal1,218.0200,164.9885,0.000371
FILLER_38_367,VSS,Metal1,212.9800,164.9885,0.000371
FILLER_38_351,VSS,Metal1,207.1520,165.1880,0.000361
FILLER_38_314,VSS,Metal1,182.8400,164.6400,0.000351
FILLER_38_279,VSS,Metal1,163.2400,164.6400,0.000369
FILLER_38_247,VSS,Metal1,153.3240,165.2375,0.000369
FILLER_38_243,VSS,Metal1,143.3600,164.6400,0.000370
FILLER_38_227,VSS,Metal1,137.7120,165.1880,0.000370
FILLER_38_189,VSS,Metal1,113.1200,164.6400,0.000379
FILLER_38_185,VSS,Metal1,111.0600,164.9885,0.000379
FILLER_38_177,VSS,Metal1,107.5730,165.1015,0.000379
FILLER_38_150,VSS,Metal1,91.2800,164.6400,0.000378
FILLER_38_146,VSS,Metal1,89.2200,164.9885,0.000378
FILLER_38_138,VSS,Metal1,85.7330,165.1015,0.000378
FILLER_38_122,VSS,Metal1,78.9120,165.1880,0.000376
FILLER_38_111,VSS,Metal1,69.1600,164.6400,0.000374
FILLER_38_107,VSS,Metal1,67.3800,164.9885,0.000374
FILLER_38_104,VSS,Metal1,65.2400,164.6400,0.000374
FILLER_38_100,VSS,Metal1,63.4600,164.9885,0.000374
FILLER_38_92,VSS,Metal1,59.9730,165.1015,0.000374
FILLER_38_76,VSS,Metal1,53.1520,165.1880,0.000373
FILLER_38_37,VSS,Metal1,28.1800,164.9885,0.000367
FILLER_38_33,VSS,Metal1,25.7600,164.6400,0.000345
FILLER_38_29,VSS,Metal1,23.7000,164.9885,0.000345
FILLER_38_2,VSS,Metal1,8.5800,164.9885,0.000345
FILLER_37_632,VSS,Metal1,361.2000,164.6400,0.000343
FILLER_37_629,VSS,Metal1,359.2400,164.6400,0.000342
FILLER_37_627,VSS,Metal1,358.4000,164.6400,0.000342
FILLER_37_623,VSS,Metal1,356.3400,164.2910,0.000342
FILLER_37_606,VSS,Metal1,346.6400,164.6400,0.000342
FILLER_37_602,VSS,Metal1,344.5800,164.2910,0.000342
FILLER_37_566,VSS,Metal1,324.2400,164.6400,0.000368
FILLER_37_562,VSS,Metal1,322.1800,164.2910,0.000368
FILLER_37_556,VSS,Metal1,318.8200,164.2910,0.000380
FILLER_37_548,VSS,Metal1,315.3330,164.1780,0.000380
FILLER_37_526,VSS,Metal1,301.5600,164.6400,0.000384
FILLER_37_524,VSS,Metal1,300.7200,164.6400,0.000393
FILLER_37_426,VSS,Metal1,245.8400,164.6400,0.000380
FILLER_37_422,VSS,Metal1,243.7800,164.2910,0.000380
FILLER_37_418,VSS,Metal1,241.3600,164.6400,0.000372
FILLER_37_414,VSS,Metal1,239.3000,164.2910,0.000372
FILLER_37_398,VSS,Metal1,233.4720,164.0920,0.000372
FILLER_37_360,VSS,Metal1,209.0600,164.2910,0.000361
FILLER_37_352,VSS,Metal1,205.5730,164.1780,0.000361
FILLER_37_349,VSS,Metal1,202.4400,164.6400,0.000352
FILLER_37_347,VSS,Metal1,201.6000,164.6400,0.000351
FILLER_37_339,VSS,Metal1,198.2930,164.1780,0.000351
FILLER_37_304,VSS,Metal1,177.2400,164.6400,0.000350
FILLER_37_302,VSS,Metal1,176.4000,164.6400,0.000350
FILLER_37_298,VSS,Metal1,174.3400,164.2910,0.000350
FILLER_37_282,VSS,Metal1,168.5120,164.0920,0.000350
FILLER_37_279,VSS,Metal1,163.2400,164.6400,0.000369
FILLER_37_277,VSS,Metal1,162.4000,164.6400,0.000369
FILLER_37_261,VSS,Metal1,156.7520,164.0920,0.000369
FILLER_37_224,VSS,Metal1,132.4400,164.6400,0.000378
FILLER_37_220,VSS,Metal1,130.6600,164.2910,0.000378
FILLER_37_212,VSS,Metal1,127.1730,164.1780,0.000378
FILLER_37_209,VSS,Metal1,124.0400,164.6400,0.000378
FILLER_37_207,VSS,Metal1,123.2000,164.6400,0.000378
FILLER_37_203,VSS,Metal1,121.1400,164.2910,0.000378
FILLER_37_195,VSS,Metal1,117.6530,164.1780,0.000378
FILLER_37_160,VSS,Metal1,96.6000,164.6400,0.000379
FILLER_37_158,VSS,Metal1,95.7600,164.6400,0.000379
FILLER_37_142,VSS,Metal1,90.1120,164.0920,0.000378
FILLER_37_132,VSS,Metal1,82.3730,164.1780,0.000376
FILLER_37_116,VSS,Metal1,75.5520,164.0920,0.000375
FILLER_37_80,VSS,Metal1,52.0800,164.6400,0.000373
FILLER_37_72,VSS,Metal1,48.7730,164.1780,0.000373
FILLER_36_680,VSS,Metal1,388.0800,156.8000,0.000492
FILLER_36_593,VSS,Metal1,339.3600,156.8000,0.000491
FILLER_36_539,VSS,Metal1,309.1200,156.8000,0.000511
FILLER_36_535,VSS,Metal1,307.0600,157.1485,0.000512
FILLER_36_527,VSS,Metal1,303.5730,157.2615,0.000513
FILLER_36_521,VSS,Metal1,299.2200,157.1485,0.000623
FILLER_36_513,VSS,Metal1,295.7330,157.2615,0.000639
FILLER_36_469,VSS,Metal1,269.9200,156.8000,0.000648
FILLER_36_465,VSS,Metal1,267.8600,157.1485,0.000648
FILLER_36_457,VSS,Metal1,264.3730,157.2615,0.000648
FILLER_36_391,VSS,Metal1,226.2400,156.8000,0.000617
FILLER_36_387,VSS,Metal1,224.1800,157.1485,0.000617
FILLER_36_384,VSS,Metal1,222.0400,156.8000,0.000616
FILLER_36_382,VSS,Metal1,221.2000,156.8000,0.000602
FILLER_36_347,VSS,Metal1,201.3200,156.8000,0.000571
FILLER_36_345,VSS,Metal1,200.4800,156.8000,0.000571
FILLER_36_341,VSS,Metal1,198.4200,157.1485,0.000571
FILLER_36_333,VSS,Metal1,194.9330,157.2615,0.000571
FILLER_36_317,VSS,Metal1,188.1120,157.3480,0.000570
FILLER_36_313,VSS,Metal1,182.5600,156.8000,0.000554
FILLER_36_309,VSS,Metal1,180.5000,157.1485,0.000551
FILLER_36_301,VSS,Metal1,177.0130,157.2615,0.000552
FILLER_36_285,VSS,Metal1,170.1920,157.3480,0.000552
FILLER_36_247,VSS,Metal1,145.7800,157.1485,0.000582
FILLER_36_237,VSS,Metal1,141.1730,157.2615,0.000582
FILLER_36_221,VSS,Metal1,134.3520,157.3480,0.000582
FILLER_36_185,VSS,Metal1,110.8800,156.8000,0.000591
FILLER_36_177,VSS,Metal1,107.5730,157.2615,0.000591
FILLER_36_173,VSS,Metal1,104.1600,156.8000,0.000591
FILLER_36_169,VSS,Metal1,102.1000,157.1485,0.000591
FILLER_36_96,VSS,Metal1,60.7600,156.8000,0.000588
FILLER_36_94,VSS,Metal1,59.9200,156.8000,0.000584
FILLER_36_90,VSS,Metal1,57.8600,157.1485,0.000584
FILLER_36_77,VSS,Metal1,50.1200,156.8000,0.000569
FILLER_36_73,VSS,Metal1,48.3400,157.1485,0.000567
FILLER_36_57,VSS,Metal1,40.3730,157.2615,0.000541
FILLER_36_37,VSS,Metal1,31.3120,157.3480,0.000541
FILLER_36_31,VSS,Metal1,24.8200,157.1485,0.000514
FILLER_36_18,VSS,Metal1,17.0800,156.8000,0.000514
FILLER_36_2,VSS,Metal1,11.7120,157.3480,0.000514
FILLER_35_632,VSS,Metal1,361.2000,156.8000,0.000492
FILLER_35_566,VSS,Metal1,324.2400,156.8000,0.000494
FILLER_35_562,VSS,Metal1,322.1800,156.4510,0.000494
FILLER_35_556,VSS,Metal1,318.8200,156.4510,0.000494
FILLER_35_544,VSS,Metal1,312.1000,156.4510,0.000494
FILLER_35_522,VSS,Metal1,299.3200,156.8000,0.000623
FILLER_35_520,VSS,Metal1,298.4800,156.8000,0.000638
FILLER_35_516,VSS,Metal1,296.4200,156.4510,0.000638
FILLER_35_508,VSS,Metal1,292.9330,156.3380,0.000642
FILLER_35_492,VSS,Metal1,286.1120,156.2520,0.000643
FILLER_35_489,VSS,Metal1,280.8400,156.8000,0.000643
FILLER_35_487,VSS,Metal1,280.0000,156.8000,0.000643
FILLER_35_483,VSS,Metal1,277.9400,156.4510,0.000643
FILLER_35_448,VSS,Metal1,257.8800,156.8000,0.000649
FILLER_35_446,VSS,Metal1,257.0400,156.8000,0.000649
FILLER_35_442,VSS,Metal1,254.9800,156.4510,0.000649
FILLER_35_434,VSS,Metal1,251.4930,156.3380,0.000649
FILLER_35_428,VSS,Metal1,246.6800,156.8000,0.000649
FILLER_35_426,VSS,Metal1,245.8400,156.8000,0.000649
FILLER_35_422,VSS,Metal1,243.7800,156.4510,0.000649
FILLER_35_418,VSS,Metal1,241.3600,156.8000,0.000649
FILLER_35_414,VSS,Metal1,239.3000,156.4510,0.000649
FILLER_35_404,VSS,Metal1,233.5200,156.8000,0.000650
FILLER_35_392,VSS,Metal1,226.9800,156.4510,0.000631
FILLER_35_384,VSS,Metal1,223.4930,156.3380,0.000616
FILLER_35_352,VSS,Metal1,212.1240,156.2020,0.000601
FILLER_35_278,VSS,Metal1,162.9600,156.8000,0.000563
FILLER_35_270,VSS,Metal1,159.6530,156.3380,0.000563
FILLER_35_254,VSS,Metal1,149.2400,156.8000,0.000563
FILLER_35_252,VSS,Metal1,148.4000,156.8000,0.000581
FILLER_35_216,VSS,Metal1,128.2400,156.8000,0.000591
FILLER_35_212,VSS,Metal1,126.1800,156.4510,0.000591
FILLER_35_146,VSS,Metal1,89.0400,156.8000,0.000590
FILLER_35_142,VSS,Metal1,86.9800,156.4510,0.000590
FILLER_35_138,VSS,Metal1,84.5600,156.8000,0.000590
FILLER_35_134,VSS,Metal1,82.5000,156.4510,0.000590
FILLER_35_122,VSS,Metal1,75.7800,156.4510,0.000590
FILLER_35_114,VSS,Metal1,72.2930,156.3380,0.000590
FILLER_35_72,VSS,Metal1,48.7730,156.3380,0.000567
FILLER_35_68,VSS,Metal1,45.3600,156.8000,0.000550
FILLER_35_36,VSS,Metal1,35.1640,156.2020,0.000541
FILLER_34_681,VSS,Metal1,388.3600,148.9600,0.000403
FILLER_34_594,VSS,Metal1,339.6400,148.9600,0.000399
FILLER_34_521,VSS,Metal1,299.2200,149.3085,0.000384
FILLER_34_457,VSS,Metal1,279.8445,149.5975,0.000389
FILLER_34_453,VSS,Metal1,260.9600,148.9600,0.000392
FILLER_34_449,VSS,Metal1,258.9000,149.3085,0.000393
FILLER_34_441,VSS,Metal1,255.4130,149.4215,0.000393
FILLER_34_406,VSS,Metal1,234.3600,148.9600,0.000393
FILLER_34_404,VSS,Metal1,233.5200,148.9600,0.000393
FILLER_34_400,VSS,Metal1,231.4600,149.3085,0.000393
FILLER_34_391,VSS,Metal1,225.9600,148.9600,0.000393
FILLER_34_387,VSS,Metal1,224.1800,149.3085,0.000393
FILLER_34_381,VSS,Metal1,220.8200,149.3085,0.000393
FILLER_34_317,VSS,Metal1,201.4445,149.5975,0.000392
FILLER_34_314,VSS,Metal1,182.8400,148.9600,0.000390
FILLER_34_310,VSS,Metal1,181.0600,149.3085,0.000390
FILLER_34_247,VSS,Metal1,145.3200,148.9600,0.000384
FILLER_34_244,VSS,Metal1,143.6400,148.9600,0.000377
FILLER_34_242,VSS,Metal1,142.8000,148.9600,0.000377
FILLER_34_234,VSS,Metal1,139.4930,149.4215,0.000377
FILLER_34_191,VSS,Metal1,113.9600,148.9600,0.000372
FILLER_34_189,VSS,Metal1,113.1200,148.9600,0.000372
FILLER_34_185,VSS,Metal1,111.0600,149.3085,0.000372
FILLER_34_177,VSS,Metal1,107.5730,149.4215,0.000372
FILLER_34_139,VSS,Metal1,85.1200,148.9600,0.000343
FILLER_34_107,VSS,Metal1,74.9240,149.5575,0.000339
FILLER_34_101,VSS,Metal1,64.0200,149.3085,0.000339
FILLER_34_37,VSS,Metal1,44.6445,149.5975,0.000339
FILLER_34_34,VSS,Metal1,26.0400,148.9600,0.000324
FILLER_34_18,VSS,Metal1,20.6720,149.5080,0.000324
FILLER_33_632,VSS,Metal1,361.2000,148.9600,0.000403
FILLER_33_558,VSS,Metal1,319.7600,148.9600,0.000383
FILLER_33_554,VSS,Metal1,317.7000,148.6110,0.000383
FILLER_33_516,VSS,Metal1,296.4200,148.6110,0.000389
FILLER_33_508,VSS,Metal1,292.9330,148.4980,0.000389
FILLER_33_492,VSS,Metal1,286.1120,148.4120,0.000389
FILLER_33_488,VSS,Metal1,280.5600,148.9600,0.000389
FILLER_33_456,VSS,Metal1,270.3640,148.3620,0.000389
FILLER_33_418,VSS,Metal1,241.3600,148.9600,0.000393
FILLER_33_352,VSS,Metal1,204.5800,148.6110,0.000392
FILLER_33_348,VSS,Metal1,202.1600,148.9600,0.000392
FILLER_33_332,VSS,Metal1,196.5120,148.4120,0.000392
FILLER_33_282,VSS,Metal1,168.5120,148.4120,0.000390
FILLER_33_264,VSS,Metal1,154.8400,148.9600,0.000390
FILLER_33_256,VSS,Metal1,151.8130,148.4980,0.000390
FILLER_33_247,VSS,Metal1,145.3200,148.9600,0.000384
FILLER_33_245,VSS,Metal1,144.4800,148.9600,0.000384
FILLER_33_237,VSS,Metal1,141.1730,148.4980,0.000377
FILLER_33_221,VSS,Metal1,134.3520,148.4120,0.000375
FILLER_33_212,VSS,Metal1,125.7200,148.9600,0.000374
FILLER_33_209,VSS,Metal1,124.0400,148.9600,0.000374
FILLER_33_207,VSS,Metal1,123.2000,148.9600,0.000374
FILLER_33_199,VSS,Metal1,119.8930,148.4980,0.000374
FILLER_33_164,VSS,Metal1,98.8400,148.9600,0.000370
FILLER_33_162,VSS,Metal1,98.0000,148.9600,0.000370
FILLER_33_158,VSS,Metal1,95.9400,148.6110,0.000370
FILLER_33_142,VSS,Metal1,90.1120,148.4120,0.000368
FILLER_33_136,VSS,Metal1,83.6200,148.6110,0.000343
FILLER_33_72,VSS,Metal1,64.2445,148.3220,0.000339
FILLER_33_68,VSS,Metal1,45.3600,148.9600,0.000339
FILLER_33_36,VSS,Metal1,35.1640,148.3620,0.000338
FILLER_32_681,VSS,Metal1,388.3600,141.1200,0.000157
FILLER_32_559,VSS,Metal1,320.5000,141.4685,0.000157
FILLER_32_527,VSS,Metal1,310.1240,141.7175,0.000165
FILLER_32_490,VSS,Metal1,281.4000,141.1200,0.000203
FILLER_32_488,VSS,Metal1,280.5600,141.1200,0.000203
FILLER_32_480,VSS,Metal1,277.2530,141.5815,0.000204
FILLER_32_457,VSS,Metal1,264.3730,141.5815,0.000227
FILLER_32_454,VSS,Metal1,261.2400,141.1200,0.000227
FILLER_32_450,VSS,Metal1,259.4600,141.4685,0.000227
FILLER_32_441,VSS,Metal1,253.9600,141.1200,0.000229
FILLER_32_431,VSS,Metal1,248.3600,141.1200,0.000232
FILLER_32_383,VSS,Metal1,221.7600,141.1200,0.000242
FILLER_32_379,VSS,Metal1,219.7000,141.4685,0.000242
FILLER_32_371,VSS,Metal1,216.2130,141.5815,0.000242
FILLER_32_333,VSS,Metal1,193.9400,141.4685,0.000242
FILLER_32_317,VSS,Metal1,188.1120,141.6680,0.000241
FILLER_32_314,VSS,Metal1,182.8400,141.1200,0.000236
FILLER_32_310,VSS,Metal1,181.0600,141.4685,0.000236
FILLER_32_302,VSS,Metal1,177.5730,141.5815,0.000236
FILLER_32_267,VSS,Metal1,156.5200,141.1200,0.000237
FILLER_32_263,VSS,Metal1,154.7400,141.4685,0.000238
FILLER_32_247,VSS,Metal1,148.9120,141.6680,0.000238
FILLER_32_244,VSS,Metal1,143.6400,141.1200,0.000238
FILLER_32_228,VSS,Metal1,138.2720,141.6680,0.000238
FILLER_32_196,VSS,Metal1,124.7640,141.7175,0.000237
FILLER_32_177,VSS,Metal1,106.5800,141.4685,0.000236
FILLER_32_171,VSS,Metal1,103.2200,141.4685,0.000236
FILLER_32_107,VSS,Metal1,83.8445,141.7575,0.000236
FILLER_32_104,VSS,Metal1,65.2400,141.1200,0.000236
FILLER_32_72,VSS,Metal1,55.3240,141.7175,0.000236
FILLER_32_37,VSS,Metal1,27.7200,141.1200,0.000232
FILLER_32_34,VSS,Metal1,26.0400,141.1200,0.000226
FILLER_32_30,VSS,Metal1,24.2600,141.4685,0.000226
FILLER_32_6,VSS,Metal1,10.3600,141.1200,0.000226
FILLER_32_2,VSS,Metal1,8.5800,141.4685,0.000226
FILLER_31_647,VSS,Metal1,369.3200,141.1200,0.000157
FILLER_31_559,VSS,Metal1,320.0400,141.1200,0.000157
FILLER_31_557,VSS,Metal1,319.2000,141.1200,0.000164
FILLER_31_553,VSS,Metal1,317.1400,140.7710,0.000165
FILLER_31_537,VSS,Metal1,311.3120,140.5720,0.000165
FILLER_31_521,VSS,Metal1,300.2130,140.6580,0.000198
FILLER_31_492,VSS,Metal1,283.9730,140.6580,0.000199
FILLER_31_448,VSS,Metal1,257.8800,141.1200,0.000228
FILLER_31_446,VSS,Metal1,257.0400,141.1200,0.000228
FILLER_31_438,VSS,Metal1,253.7330,140.6580,0.000229
FILLER_31_422,VSS,Metal1,246.9120,140.5720,0.000233
FILLER_31_415,VSS,Metal1,239.4000,141.1200,0.000237
FILLER_31_413,VSS,Metal1,238.5600,141.1200,0.000237
FILLER_31_409,VSS,Metal1,236.5000,140.7710,0.000237
FILLER_31_401,VSS,Metal1,233.0130,140.6580,0.000237
FILLER_31_392,VSS,Metal1,226.5200,141.1200,0.000237
FILLER_31_352,VSS,Metal1,204.4000,141.1200,0.000242
FILLER_31_314,VSS,Metal1,183.1200,141.1200,0.000236
FILLER_31_282,VSS,Metal1,172.9240,140.5220,0.000236
FILLER_31_216,VSS,Metal1,128.2400,141.1200,0.000237
FILLER_31_212,VSS,Metal1,126.1800,140.7710,0.000237
FILLER_31_206,VSS,Metal1,122.8200,140.7710,0.000237
FILLER_31_142,VSS,Metal1,103.4445,140.4820,0.000236
FILLER_31_136,VSS,Metal1,83.6200,140.7710,0.000236
FILLER_31_72,VSS,Metal1,64.2445,140.4820,0.000236
FILLER_31_69,VSS,Metal1,45.6400,141.1200,0.000232
FILLER_31_67,VSS,Metal1,44.8000,141.1200,0.000232
FILLER_31_59,VSS,Metal1,41.4930,140.6580,0.000232
FILLER_31_36,VSS,Metal1,28.6130,140.6580,0.000232
FILLER_30_681,VSS,Metal1,388.3600,133.2800,0.000073
FILLER_30_559,VSS,Metal1,320.3200,133.2800,0.000076
FILLER_30_527,VSS,Metal1,310.1240,133.8775,0.000076
FILLER_30_523,VSS,Metal1,300.1600,133.2800,0.000076
FILLER_30_519,VSS,Metal1,298.1000,133.6285,0.000077
FILLER_30_511,VSS,Metal1,294.6130,133.7415,0.000077
FILLER_30_473,VSS,Metal1,272.3400,133.6285,0.000078
FILLER_30_457,VSS,Metal1,266.5120,133.8280,0.000078
FILLER_30_454,VSS,Metal1,261.2400,133.2800,0.000078
FILLER_30_452,VSS,Metal1,260.4000,133.2800,0.000079
FILLER_30_448,VSS,Metal1,258.3400,133.6285,0.000079
FILLER_30_440,VSS,Metal1,254.8530,133.7415,0.000079
FILLER_30_424,VSS,Metal1,248.0320,133.8280,0.000079
FILLER_30_389,VSS,Metal1,224.8400,133.2800,0.000078
FILLER_30_387,VSS,Metal1,224.0000,133.2800,0.000078
FILLER_30_381,VSS,Metal1,220.8200,133.6285,0.000078
FILLER_30_349,VSS,Metal1,210.4440,133.8775,0.000078
FILLER_30_343,VSS,Metal1,199.0800,133.2800,0.000075
FILLER_30_341,VSS,Metal1,198.2400,133.2800,0.000075
FILLER_30_333,VSS,Metal1,194.9330,133.7415,0.000074
FILLER_30_317,VSS,Metal1,188.1120,133.8280,0.000074
FILLER_30_311,VSS,Metal1,181.6200,133.6285,0.000074
FILLER_30_247,VSS,Metal1,162.2445,133.9175,0.000074
FILLER_30_241,VSS,Metal1,142.4200,133.6285,0.000074
FILLER_30_177,VSS,Metal1,123.0445,133.9175,0.000073
FILLER_30_171,VSS,Metal1,103.2200,133.6285,0.000073
FILLER_30_107,VSS,Metal1,83.8445,133.9175,0.000073
FILLER_30_101,VSS,Metal1,64.0200,133.6285,0.000073
FILLER_30_37,VSS,Metal1,44.6445,133.9175,0.000073
FILLER_30_31,VSS,Metal1,24.8200,133.6285,0.000073
FILLER_30_23,VSS,Metal1,21.3330,133.7415,0.000073
FILLER_30_6,VSS,Metal1,10.6400,133.2800,0.000073
FILLER_30_2,VSS,Metal1,8.5800,133.6285,0.000073
FILLER_29_647,VSS,Metal1,369.3200,133.2800,0.000073
FILLER_29_571,VSS,Metal1,327.0400,133.2800,0.000071
FILLER_29_562,VSS,Metal1,321.7200,133.2800,0.000073
FILLER_29_558,VSS,Metal1,319.7600,133.2800,0.000076
FILLER_29_554,VSS,Metal1,317.7000,132.9310,0.000076
FILLER_29_516,VSS,Metal1,296.4200,132.9310,0.000077
FILLER_29_508,VSS,Metal1,292.9330,132.8180,0.000077
FILLER_29_492,VSS,Metal1,286.1120,132.7320,0.000077
FILLER_29_489,VSS,Metal1,280.8400,133.2800,0.000077
FILLER_29_487,VSS,Metal1,280.0000,133.2800,0.000077
FILLER_29_474,VSS,Metal1,272.7200,133.2800,0.000078
FILLER_29_470,VSS,Metal1,270.6600,132.9310,0.000078
FILLER_29_454,VSS,Metal1,264.8320,132.7320,0.000078
FILLER_29_422,VSS,Metal1,251.3240,132.6820,0.000079
FILLER_29_419,VSS,Metal1,241.6400,133.2800,0.000079
FILLER_29_417,VSS,Metal1,240.8000,133.2800,0.000079
FILLER_29_409,VSS,Metal1,237.4930,132.8180,0.000079
FILLER_29_393,VSS,Metal1,230.6720,132.7320,0.000079
FILLER_29_358,VSS,Metal1,207.4800,133.2800,0.000078
FILLER_29_356,VSS,Metal1,206.6400,133.2800,0.000078
FILLER_29_352,VSS,Metal1,204.5800,132.9310,0.000078
FILLER_29_348,VSS,Metal1,202.1600,133.2800,0.000078
FILLER_29_344,VSS,Metal1,200.1000,132.9310,0.000077
FILLER_29_328,VSS,Metal1,194.2720,132.7320,0.000074
FILLER_29_290,VSS,Metal1,169.8600,132.9310,0.000074
FILLER_29_263,VSS,Metal1,154.5600,133.2800,0.000074
FILLER_29_255,VSS,Metal1,151.2530,132.8180,0.000074
FILLER_29_239,VSS,Metal1,140.8400,133.2800,0.000073
FILLER_29_231,VSS,Metal1,137.8130,132.8180,0.000073
FILLER_29_222,VSS,Metal1,131.3200,133.2800,0.000073
FILLER_29_220,VSS,Metal1,130.4800,133.2800,0.000073
FILLER_29_212,VSS,Metal1,127.1730,132.8180,0.000073
FILLER_29_206,VSS,Metal1,122.8200,132.9310,0.000073
FILLER_29_142,VSS,Metal1,103.4445,132.6420,0.000073
FILLER_29_136,VSS,Metal1,83.6200,132.9310,0.000073
FILLER_29_72,VSS,Metal1,64.2445,132.6420,0.000073
FILLER_29_68,VSS,Metal1,45.3600,133.2800,0.000073
FILLER_29_36,VSS,Metal1,35.1640,132.6820,0.000073
FILLER_28_681,VSS,Metal1,388.3600,125.4400,0.000274
FILLER_28_664,VSS,Metal1,378.8400,125.4400,0.000273
FILLER_28_662,VSS,Metal1,378.0000,125.4400,0.000273
FILLER_28_658,VSS,Metal1,375.9400,125.7885,0.000273
FILLER_28_597,VSS,Metal1,341.6000,125.4400,0.000270
FILLER_28_557,VSS,Metal1,319.3800,125.7885,0.000289
FILLER_28_549,VSS,Metal1,314.4400,125.4400,0.000328
FILLER_28_533,VSS,Metal1,305.4800,125.4400,0.000330
FILLER_28_523,VSS,Metal1,300.1600,125.4400,0.000330
FILLER_28_391,VSS,Metal1,226.2400,125.4400,0.000342
FILLER_28_387,VSS,Metal1,224.1800,125.7885,0.000341
FILLER_28_383,VSS,Metal1,221.7600,125.4400,0.000341
FILLER_28_379,VSS,Metal1,219.7000,125.7885,0.000341
FILLER_28_371,VSS,Metal1,216.2130,125.9015,0.000341
FILLER_28_357,VSS,Metal1,206.9200,125.4400,0.000316
FILLER_28_349,VSS,Metal1,203.8930,125.9015,0.000313
FILLER_28_317,VSS,Metal1,192.5240,126.0375,0.000290
FILLER_28_314,VSS,Metal1,182.8400,125.4400,0.000289
FILLER_28_298,VSS,Metal1,173.8800,125.4400,0.000275
FILLER_28_296,VSS,Metal1,173.0400,125.4400,0.000275
FILLER_28_261,VSS,Metal1,153.1600,125.4400,0.000276
FILLER_28_259,VSS,Metal1,152.3200,125.4400,0.000276
FILLER_28_255,VSS,Metal1,150.2600,125.7885,0.000276
FILLER_28_247,VSS,Metal1,146.7730,125.9015,0.000276
FILLER_28_244,VSS,Metal1,143.6400,125.4400,0.000276
FILLER_28_242,VSS,Metal1,142.8000,125.4400,0.000276
FILLER_28_238,VSS,Metal1,140.7400,125.7885,0.000276
FILLER_28_230,VSS,Metal1,137.2530,125.9015,0.000276
FILLER_28_195,VSS,Metal1,116.2000,125.4400,0.000232
FILLER_28_193,VSS,Metal1,115.3600,125.4400,0.000232
FILLER_28_177,VSS,Metal1,109.7120,125.9880,0.000232
FILLER_28_171,VSS,Metal1,103.2200,125.7885,0.000232
FILLER_28_107,VSS,Metal1,83.8445,126.0775,0.000230
FILLER_28_73,VSS,Metal1,55.8840,126.0375,0.000230
FILLER_28_61,VSS,Metal1,41.6200,125.7885,0.000228
FILLER_28_53,VSS,Metal1,38.1330,125.9015,0.000228
FILLER_28_37,VSS,Metal1,31.3120,125.9880,0.000228
FILLER_28_34,VSS,Metal1,26.0400,125.4400,0.000213
FILLER_28_30,VSS,Metal1,24.2600,125.7885,0.000213
FILLER_28_6,VSS,Metal1,10.3600,125.4400,0.000213
FILLER_28_2,VSS,Metal1,8.5800,125.7885,0.000213
FILLER_27_681,VSS,Metal1,388.3600,125.4400,0.000274
FILLER_27_666,VSS,Metal1,379.9600,125.4400,0.000273
FILLER_27_559,VSS,Metal1,320.0400,125.4400,0.000289
FILLER_27_557,VSS,Metal1,319.2000,125.4400,0.000289
FILLER_27_536,VSS,Metal1,307.1600,125.4400,0.000330
FILLER_27_492,VSS,Metal1,282.8000,125.4400,0.000340
FILLER_27_478,VSS,Metal1,275.1400,125.0910,0.000355
FILLER_27_468,VSS,Metal1,269.3600,125.4400,0.000355
FILLER_27_464,VSS,Metal1,267.3000,125.0910,0.000355
FILLER_27_456,VSS,Metal1,263.8130,124.9780,0.000356
FILLER_27_418,VSS,Metal1,241.3600,125.4400,0.000362
FILLER_27_352,VSS,Metal1,204.4000,125.4400,0.000313
FILLER_27_346,VSS,Metal1,201.2200,125.0910,0.000302
FILLER_27_339,VSS,Metal1,197.1200,125.4400,0.000290
FILLER_27_330,VSS,Metal1,191.8000,125.4400,0.000290
FILLER_27_314,VSS,Metal1,186.4320,124.8920,0.000289
FILLER_27_282,VSS,Metal1,172.9240,124.8420,0.000275
FILLER_27_279,VSS,Metal1,163.2400,125.4400,0.000275
FILLER_27_263,VSS,Metal1,157.8720,124.8920,0.000275
FILLER_27_228,VSS,Metal1,134.6800,125.4400,0.000274
FILLER_27_212,VSS,Metal1,125.7200,125.4400,0.000274
FILLER_27_206,VSS,Metal1,122.8200,125.0910,0.000274
FILLER_27_198,VSS,Metal1,119.3330,124.9780,0.000274
FILLER_27_148,VSS,Metal1,89.8800,125.4400,0.000230
FILLER_27_146,VSS,Metal1,89.0400,125.4400,0.000230
FILLER_27_142,VSS,Metal1,86.9800,125.0910,0.000230
FILLER_27_136,VSS,Metal1,83.6200,125.0910,0.000230
FILLER_27_72,VSS,Metal1,64.2445,124.8020,0.000230
FILLER_26_680,VSS,Metal1,388.0800,117.6000,0.000413
FILLER_26_676,VSS,Metal1,386.0200,117.9485,0.000413
FILLER_26_593,VSS,Metal1,339.3600,117.6000,0.000411
FILLER_26_589,VSS,Metal1,337.3000,117.9485,0.000411
FILLER_26_569,VSS,Metal1,326.1000,117.9485,0.000413
FILLER_26_527,VSS,Metal1,303.5730,118.0615,0.000416
FILLER_26_516,VSS,Metal1,295.9600,117.6000,0.000416
FILLER_26_514,VSS,Metal1,295.1200,117.6000,0.000416
FILLER_26_479,VSS,Metal1,275.2400,117.6000,0.000420
FILLER_26_477,VSS,Metal1,274.4000,117.6000,0.000420
FILLER_26_473,VSS,Metal1,272.3400,117.9485,0.000421
FILLER_26_457,VSS,Metal1,266.5120,118.1480,0.000425
FILLER_26_454,VSS,Metal1,261.2400,117.6000,0.000428
FILLER_26_452,VSS,Metal1,260.4000,117.6000,0.000428
FILLER_26_444,VSS,Metal1,257.0930,118.0615,0.000428
FILLER_26_406,VSS,Metal1,234.8200,117.9485,0.000428
FILLER_26_397,VSS,Metal1,229.3200,117.6000,0.000428
FILLER_26_395,VSS,Metal1,228.4800,117.6000,0.000428
FILLER_26_387,VSS,Metal1,225.1730,118.0615,0.000428
FILLER_26_384,VSS,Metal1,222.0400,117.6000,0.000428
FILLER_26_382,VSS,Metal1,221.2000,117.6000,0.000428
FILLER_26_366,VSS,Metal1,215.5520,118.1480,0.000428
FILLER_26_331,VSS,Metal1,192.3600,117.6000,0.000386
FILLER_26_329,VSS,Metal1,191.5200,117.6000,0.000386
FILLER_26_325,VSS,Metal1,189.4600,117.9485,0.000386
FILLER_26_317,VSS,Metal1,185.9730,118.0615,0.000386
FILLER_26_300,VSS,Metal1,175.2800,117.6000,0.000386
FILLER_26_296,VSS,Metal1,173.2200,117.9485,0.000386
FILLER_26_261,VSS,Metal1,153.1600,117.6000,0.000391
FILLER_26_259,VSS,Metal1,152.3200,117.6000,0.000391
FILLER_26_255,VSS,Metal1,150.2600,117.9485,0.000391
FILLER_26_247,VSS,Metal1,146.7730,118.0615,0.000391
FILLER_26_244,VSS,Metal1,143.6400,117.6000,0.000391
FILLER_26_240,VSS,Metal1,141.8600,117.9485,0.000391
FILLER_26_224,VSS,Metal1,136.0320,118.1480,0.000392
FILLER_26_192,VSS,Metal1,122.5240,118.1975,0.000392
FILLER_26_139,VSS,Metal1,85.1200,117.6000,0.000389
FILLER_26_107,VSS,Metal1,74.9240,118.1975,0.000388
FILLER_26_104,VSS,Metal1,65.2400,117.6000,0.000388
FILLER_26_100,VSS,Metal1,63.4600,117.9485,0.000388
FILLER_26_92,VSS,Metal1,59.9730,118.0615,0.000388
FILLER_26_60,VSS,Metal1,48.6040,118.1975,0.000386
FILLER_26_37,VSS,Metal1,29.1730,118.0615,0.000385
FILLER_26_18,VSS,Metal1,17.3600,117.6000,0.000389
FILLER_26_10,VSS,Metal1,14.0530,118.0615,0.000389
FILLER_25_647,VSS,Metal1,369.3200,117.6000,0.000413
FILLER_25_496,VSS,Metal1,285.0400,117.6000,0.000416
FILLER_25_492,VSS,Metal1,282.9800,117.2510,0.000416
FILLER_25_481,VSS,Metal1,276.3600,117.6000,0.000419
FILLER_25_472,VSS,Metal1,271.3200,117.6000,0.000425
FILLER_25_456,VSS,Metal1,265.9520,117.0520,0.000425
FILLER_25_418,VSS,Metal1,241.3600,117.6000,0.000428
FILLER_25_414,VSS,Metal1,239.3000,117.2510,0.000428
FILLER_25_349,VSS,Metal1,202.4400,117.6000,0.000427
FILLER_25_341,VSS,Metal1,199.4130,117.1380,0.000427
FILLER_25_294,VSS,Metal1,171.6400,117.6000,0.000390
FILLER_25_290,VSS,Metal1,169.8600,117.2510,0.000391
FILLER_25_282,VSS,Metal1,166.3730,117.1380,0.000391
FILLER_25_276,VSS,Metal1,162.0200,117.2510,0.000391
FILLER_25_268,VSS,Metal1,158.5330,117.1380,0.000391
FILLER_25_252,VSS,Metal1,151.7120,117.0520,0.000391
FILLER_25_235,VSS,Metal1,138.8800,117.6000,0.000392
FILLER_25_227,VSS,Metal1,135.5730,117.1380,0.000392
FILLER_25_206,VSS,Metal1,122.8200,117.2510,0.000392
FILLER_25_142,VSS,Metal1,103.4445,116.9620,0.000392
FILLER_25_76,VSS,Metal1,49.8400,117.6000,0.000387
FILLER_25_72,VSS,Metal1,47.7800,117.2510,0.000386
FILLER_25_54,VSS,Metal1,40.8320,117.0520,0.000386
FILLER_25_18,VSS,Metal1,17.3600,117.6000,0.000389
FILLER_25_10,VSS,Metal1,14.0530,117.1380,0.000389
FILLER_24_681,VSS,Metal1,388.3600,109.7600,0.000336
FILLER_24_461,VSS,Metal1,265.4400,109.7600,0.000369
FILLER_24_457,VSS,Metal1,263.3800,110.1085,0.000369
FILLER_24_430,VSS,Metal1,248.0800,109.7600,0.000353
FILLER_24_422,VSS,Metal1,244.7730,110.2215,0.000352
FILLER_24_395,VSS,Metal1,228.4800,109.7600,0.000331
FILLER_24_387,VSS,Metal1,225.1730,110.2215,0.000331
FILLER_24_383,VSS,Metal1,221.7600,109.7600,0.000331
FILLER_24_367,VSS,Metal1,212.5200,109.7600,0.000283
FILLER_24_365,VSS,Metal1,211.6800,109.7600,0.000261
FILLER_24_357,VSS,Metal1,208.3730,110.2215,0.000261
FILLER_24_351,VSS,Metal1,203.5600,109.7600,0.000246
FILLER_24_349,VSS,Metal1,202.7200,109.7600,0.000235
FILLER_24_317,VSS,Metal1,192.5240,110.3575,0.000234
FILLER_24_314,VSS,Metal1,182.8400,109.7600,0.000230
FILLER_24_312,VSS,Metal1,182.0000,109.7600,0.000230
FILLER_24_308,VSS,Metal1,179.9400,110.1085,0.000224
FILLER_24_255,VSS,Metal1,150.2600,110.1085,0.000228
FILLER_24_247,VSS,Metal1,146.7730,110.2215,0.000228
FILLER_24_243,VSS,Metal1,143.3600,109.7600,0.000228
FILLER_24_239,VSS,Metal1,141.3000,110.1085,0.000228
FILLER_24_231,VSS,Metal1,137.8130,110.2215,0.000228
FILLER_24_193,VSS,Metal1,115.5400,110.1085,0.000224
FILLER_24_177,VSS,Metal1,109.7120,110.3080,0.000220
FILLER_24_171,VSS,Metal1,103.2200,110.1085,0.000217
FILLER_24_107,VSS,Metal1,83.8445,110.3975,0.000216
FILLER_24_101,VSS,Metal1,64.0200,110.1085,0.000215
FILLER_24_69,VSS,Metal1,53.6440,110.3575,0.000205
FILLER_24_53,VSS,Metal1,38.1330,110.2215,0.000197
FILLER_24_37,VSS,Metal1,31.3120,110.3080,0.000197
FILLER_24_34,VSS,Metal1,26.0400,109.7600,0.000187
FILLER_24_2,VSS,Metal1,16.1240,110.3575,0.000187
FILLER_23_638,VSS,Metal1,364.2800,109.7600,0.000336
FILLER_23_559,VSS,Metal1,320.0400,109.7600,0.000363
FILLER_23_557,VSS,Metal1,319.2000,109.7600,0.000365
FILLER_23_489,VSS,Metal1,280.8400,109.7600,0.000369
FILLER_23_487,VSS,Metal1,280.0000,109.7600,0.000369
FILLER_23_471,VSS,Metal1,270.7600,109.7600,0.000369
FILLER_23_467,VSS,Metal1,268.9800,109.4110,0.000369
FILLER_23_432,VSS,Metal1,248.9200,109.7600,0.000353
FILLER_23_430,VSS,Metal1,248.0800,109.7600,0.000353
FILLER_23_412,VSS,Metal1,239.1730,109.2980,0.000339
FILLER_23_400,VSS,Metal1,231.4600,109.4110,0.000339
FILLER_23_364,VSS,Metal1,211.1200,109.7600,0.000261
FILLER_23_360,VSS,Metal1,209.0600,109.4110,0.000261
FILLER_23_352,VSS,Metal1,205.5730,109.2980,0.000250
FILLER_23_338,VSS,Metal1,196.2800,109.7600,0.000234
FILLER_23_336,VSS,Metal1,195.4400,109.7600,0.000234
FILLER_23_332,VSS,Metal1,193.3800,109.4110,0.000234
FILLER_23_316,VSS,Metal1,187.5520,109.2120,0.000233
FILLER_23_306,VSS,Metal1,178.6400,109.7600,0.000226
FILLER_23_298,VSS,Metal1,175.3330,109.2980,0.000226
FILLER_23_282,VSS,Metal1,168.5120,109.2120,0.000226
FILLER_23_279,VSS,Metal1,163.2400,109.7600,0.000226
FILLER_23_263,VSS,Metal1,157.8720,109.2120,0.000227
FILLER_23_228,VSS,Metal1,134.6800,109.7600,0.000226
FILLER_23_224,VSS,Metal1,132.9000,109.4110,0.000226
FILLER_23_212,VSS,Metal1,126.1800,109.4110,0.000226
FILLER_23_194,VSS,Metal1,115.6400,109.7600,0.000224
FILLER_23_190,VSS,Metal1,113.8600,109.4110,0.000221
FILLER_23_174,VSS,Metal1,108.0320,109.2120,0.000220
FILLER_23_142,VSS,Metal1,94.5240,109.1620,0.000216
FILLER_23_108,VSS,Metal1,75.4840,109.1620,0.000216
FILLER_23_96,VSS,Metal1,61.2200,109.4110,0.000205
FILLER_23_88,VSS,Metal1,57.7330,109.2980,0.000205
FILLER_23_72,VSS,Metal1,50.9120,109.2120,0.000205
FILLER_22_681,VSS,Metal1,388.3600,101.9200,0.000410
FILLER_22_593,VSS,Metal1,339.3600,101.9200,0.000403
FILLER_22_589,VSS,Metal1,337.3000,102.2685,0.000403
FILLER_22_523,VSS,Metal1,300.1600,101.9200,0.000404
FILLER_22_519,VSS,Metal1,298.1000,102.2685,0.000404
FILLER_22_419,VSS,Metal1,241.9200,101.9200,0.000379
FILLER_22_387,VSS,Metal1,231.7240,102.5175,0.000378
FILLER_22_364,VSS,Metal1,210.8400,101.9200,0.000322
FILLER_22_356,VSS,Metal1,207.8130,102.3815,0.000322
FILLER_22_337,VSS,Metal1,195.7200,101.9200,0.000282
FILLER_22_333,VSS,Metal1,193.9400,102.2685,0.000282
FILLER_22_317,VSS,Metal1,188.1120,102.4680,0.000282
FILLER_22_299,VSS,Metal1,174.4400,101.9200,0.000281
FILLER_22_295,VSS,Metal1,172.6600,102.2685,0.000281
FILLER_22_287,VSS,Metal1,169.1730,102.3815,0.000281
FILLER_22_255,VSS,Metal1,157.8040,102.5175,0.000281
FILLER_22_241,VSS,Metal1,142.4200,102.2685,0.000281
FILLER_22_225,VSS,Metal1,136.5920,102.4680,0.000281
FILLER_22_189,VSS,Metal1,113.1200,101.9200,0.000280
FILLER_22_185,VSS,Metal1,111.0600,102.2685,0.000279
FILLER_22_177,VSS,Metal1,107.5730,102.3815,0.000279
FILLER_22_159,VSS,Metal1,96.0400,101.9200,0.000274
FILLER_22_155,VSS,Metal1,94.2600,102.2685,0.000274
FILLER_22_139,VSS,Metal1,88.4320,102.4680,0.000274
FILLER_22_107,VSS,Metal1,74.9240,102.5175,0.000264
FILLER_22_103,VSS,Metal1,64.9600,101.9200,0.000264
FILLER_22_95,VSS,Metal1,61.6530,102.3815,0.000264
FILLER_22_79,VSS,Metal1,54.8320,102.4680,0.000264
FILLER_22_34,VSS,Metal1,26.0400,101.9200,0.000250
FILLER_22_18,VSS,Metal1,17.0800,101.9200,0.000251
FILLER_21_681,VSS,Metal1,388.3600,101.9200,0.000410
FILLER_21_679,VSS,Metal1,387.5200,101.9200,0.000410
FILLER_21_675,VSS,Metal1,385.4600,101.5710,0.000410
FILLER_21_554,VSS,Metal1,317.2400,101.9200,0.000404
FILLER_21_500,VSS,Metal1,287.4600,101.5710,0.000404
FILLER_21_489,VSS,Metal1,280.8400,101.9200,0.000404
FILLER_21_485,VSS,Metal1,279.0600,101.5710,0.000404
FILLER_21_426,VSS,Metal1,245.8400,101.9200,0.000401
FILLER_21_422,VSS,Metal1,243.7800,101.5710,0.000401
FILLER_21_404,VSS,Metal1,233.2400,101.9200,0.000378
FILLER_21_388,VSS,Metal1,227.8720,101.3720,0.000378
FILLER_21_376,VSS,Metal1,217.8400,101.9200,0.000333
FILLER_21_368,VSS,Metal1,214.5330,101.4580,0.000327
FILLER_21_352,VSS,Metal1,207.7120,101.3720,0.000322
FILLER_21_346,VSS,Metal1,201.2200,101.5710,0.000321
FILLER_21_339,VSS,Metal1,196.8400,101.9200,0.000312
FILLER_21_337,VSS,Metal1,196.0000,101.9200,0.000282
FILLER_21_329,VSS,Metal1,192.6930,101.4580,0.000282
FILLER_21_288,VSS,Metal1,168.2800,101.9200,0.000281
FILLER_21_286,VSS,Metal1,167.4400,101.9200,0.000281
FILLER_21_282,VSS,Metal1,165.3800,101.5710,0.000281
FILLER_21_279,VSS,Metal1,163.2400,101.9200,0.000281
FILLER_21_277,VSS,Metal1,162.4000,101.9200,0.000281
FILLER_21_273,VSS,Metal1,160.3400,101.5710,0.000281
FILLER_21_265,VSS,Metal1,156.8530,101.4580,0.000281
FILLER_21_230,VSS,Metal1,135.8000,101.9200,0.000281
FILLER_21_228,VSS,Metal1,134.9600,101.9200,0.000280
FILLER_21_212,VSS,Metal1,127.1730,101.4580,0.000280
FILLER_21_136,VSS,Metal1,83.6200,101.5710,0.000266
FILLER_21_72,VSS,Metal1,64.2445,101.2820,0.000264
FILLER_21_61,VSS,Metal1,41.1600,101.9200,0.000253
FILLER_21_26,VSS,Metal1,21.5600,101.9200,0.000251
FILLER_21_22,VSS,Metal1,19.7800,101.5710,0.000251
FILLER_21_6,VSS,Metal1,10.3600,101.9200,0.000251
FILLER_21_2,VSS,Metal1,8.5800,101.5710,0.000251
FILLER_20_681,VSS,Metal1,388.3600,94.0800,0.000230
FILLER_20_677,VSS,Metal1,386.5800,94.4285,0.000230
FILLER_20_470,VSS,Metal1,270.2000,94.0800,0.000250
FILLER_20_461,VSS,Metal1,265.1600,94.0800,0.000250
FILLER_20_457,VSS,Metal1,263.3800,94.4285,0.000250
FILLER_20_453,VSS,Metal1,260.9600,94.0800,0.000250
FILLER_20_445,VSS,Metal1,257.6530,94.5415,0.000250
FILLER_20_435,VSS,Metal1,250.8800,94.0800,0.000240
FILLER_20_431,VSS,Metal1,248.8200,94.4285,0.000240
FILLER_20_395,VSS,Metal1,228.4800,94.0800,0.000238
FILLER_20_387,VSS,Metal1,225.1730,94.5415,0.000238
FILLER_20_383,VSS,Metal1,221.7600,94.0800,0.000238
FILLER_20_375,VSS,Metal1,218.4530,94.5415,0.000238
FILLER_20_359,VSS,Metal1,211.6320,94.6280,0.000222
FILLER_20_321,VSS,Metal1,186.7600,94.0800,0.000208
FILLER_20_317,VSS,Metal1,184.9800,94.4285,0.000208
FILLER_20_314,VSS,Metal1,182.8400,94.0800,0.000201
FILLER_20_310,VSS,Metal1,181.0600,94.4285,0.000201
FILLER_20_302,VSS,Metal1,177.5730,94.5415,0.000191
FILLER_20_286,VSS,Metal1,170.7520,94.6280,0.000191
FILLER_20_270,VSS,Metal1,159.6530,94.5415,0.000198
FILLER_20_265,VSS,Metal1,155.4000,94.0800,0.000199
FILLER_20_263,VSS,Metal1,154.5600,94.0800,0.000199
FILLER_20_255,VSS,Metal1,151.2530,94.5415,0.000199
FILLER_20_241,VSS,Metal1,142.4200,94.4285,0.000202
FILLER_20_233,VSS,Metal1,138.9330,94.5415,0.000203
FILLER_20_217,VSS,Metal1,132.1120,94.6280,0.000203
FILLER_20_201,VSS,Metal1,119.5600,94.0800,0.000205
FILLER_20_185,VSS,Metal1,114.1920,94.6280,0.000205
FILLER_20_159,VSS,Metal1,96.0400,94.0800,0.000206
FILLER_20_155,VSS,Metal1,94.2600,94.4285,0.000206
FILLER_20_139,VSS,Metal1,88.4320,94.6280,0.000205
FILLER_20_107,VSS,Metal1,74.9240,94.6775,0.000202
FILLER_20_103,VSS,Metal1,64.9600,94.0800,0.000202
FILLER_20_95,VSS,Metal1,61.6530,94.5415,0.000202
FILLER_20_79,VSS,Metal1,54.8320,94.6280,0.000202
FILLER_20_10,VSS,Metal1,12.8800,94.0800,0.000196
FILLER_19_647,VSS,Metal1,369.3200,94.0800,0.000230
FILLER_19_621,VSS,Metal1,354.7600,94.0800,0.000229
FILLER_19_619,VSS,Metal1,353.9200,94.0800,0.000229
FILLER_19_554,VSS,Metal1,317.2400,94.0800,0.000256
FILLER_19_484,VSS,Metal1,278.0400,94.0800,0.000255
FILLER_19_476,VSS,Metal1,275.0130,93.6180,0.000255
FILLER_19_438,VSS,Metal1,252.7400,93.7310,0.000249
FILLER_19_422,VSS,Metal1,246.9120,93.5320,0.000240
FILLER_19_419,VSS,Metal1,241.6400,94.0800,0.000239
FILLER_19_417,VSS,Metal1,240.8000,94.0800,0.000239
FILLER_19_413,VSS,Metal1,238.7400,93.7310,0.000239
FILLER_19_405,VSS,Metal1,235.2530,93.6180,0.000239
FILLER_19_373,VSS,Metal1,223.8840,93.4820,0.000238
FILLER_19_362,VSS,Metal1,209.7200,94.0800,0.000222
FILLER_19_360,VSS,Metal1,208.8800,94.0800,0.000222
FILLER_19_352,VSS,Metal1,205.5730,93.6180,0.000218
FILLER_19_348,VSS,Metal1,202.1600,94.0800,0.000218
FILLER_19_339,VSS,Metal1,196.8400,94.0800,0.000218
FILLER_19_333,VSS,Metal1,193.4800,94.0800,0.000218
FILLER_19_329,VSS,Metal1,191.7000,93.7310,0.000218
FILLER_19_322,VSS,Metal1,187.3200,94.0800,0.000218
FILLER_19_318,VSS,Metal1,185.5400,93.7310,0.000208
FILLER_19_310,VSS,Metal1,182.0530,93.6180,0.000201
FILLER_19_294,VSS,Metal1,175.2320,93.5320,0.000191
FILLER_19_286,VSS,Metal1,167.1600,94.0800,0.000191
FILLER_19_282,VSS,Metal1,165.3800,93.7310,0.000192
FILLER_19_270,VSS,Metal1,158.4800,94.0800,0.000198
FILLER_19_254,VSS,Metal1,152.8320,93.5320,0.000199
FILLER_19_244,VSS,Metal1,144.1000,93.7310,0.000201
FILLER_19_212,VSS,Metal1,133.7240,93.4820,0.000203
FILLER_19_202,VSS,Metal1,121.5730,93.6180,0.000203
FILLER_19_186,VSS,Metal1,114.7520,93.5320,0.000205
FILLER_19_150,VSS,Metal1,91.2800,94.0800,0.000205
FILLER_19_142,VSS,Metal1,87.9730,93.6180,0.000205
FILLER_19_136,VSS,Metal1,83.6200,93.7310,0.000203
FILLER_19_72,VSS,Metal1,64.2445,93.4420,0.000202
FILLER_18_680,VSS,Metal1,388.0800,86.2400,0.000297
FILLER_18_593,VSS,Metal1,339.3600,86.2400,0.000294
FILLER_18_572,VSS,Metal1,327.3200,86.2400,0.000294
FILLER_18_529,VSS,Metal1,303.2400,86.2400,0.000299
FILLER_18_527,VSS,Metal1,302.4000,86.2400,0.000299
FILLER_18_515,VSS,Metal1,295.6800,86.2400,0.000300
FILLER_18_511,VSS,Metal1,293.6200,86.5885,0.000300
FILLER_18_473,VSS,Metal1,272.3400,86.5885,0.000300
FILLER_18_457,VSS,Metal1,266.5120,86.7880,0.000300
FILLER_18_454,VSS,Metal1,261.2400,86.2400,0.000300
FILLER_18_452,VSS,Metal1,260.4000,86.2400,0.000300
FILLER_18_444,VSS,Metal1,257.0930,86.7015,0.000300
FILLER_18_409,VSS,Metal1,236.0400,86.2400,0.000299
FILLER_18_407,VSS,Metal1,235.2000,86.2400,0.000299
FILLER_18_403,VSS,Metal1,233.1400,86.5885,0.000299
FILLER_18_387,VSS,Metal1,227.3120,86.7880,0.000299
FILLER_18_384,VSS,Metal1,222.0400,86.2400,0.000293
FILLER_18_380,VSS,Metal1,220.2600,86.5885,0.000293
FILLER_18_328,VSS,Metal1,190.6800,86.2400,0.000284
FILLER_18_326,VSS,Metal1,189.8400,86.2400,0.000284
FILLER_18_322,VSS,Metal1,187.7800,86.5885,0.000284
FILLER_18_317,VSS,Metal1,184.5200,86.2400,0.000284
FILLER_18_299,VSS,Metal1,178.0320,86.7880,0.000280
FILLER_18_288,VSS,Metal1,168.2800,86.2400,0.000280
FILLER_18_284,VSS,Metal1,166.5000,86.5885,0.000280
FILLER_18_276,VSS,Metal1,161.5600,86.2400,0.000300
FILLER_18_274,VSS,Metal1,160.7200,86.2400,0.000302
FILLER_18_270,VSS,Metal1,158.6600,86.5885,0.000302
FILLER_18_261,VSS,Metal1,153.4400,86.2400,0.000302
FILLER_18_253,VSS,Metal1,150.1330,86.7015,0.000302
FILLER_18_243,VSS,Metal1,143.3600,86.2400,0.000325
FILLER_18_227,VSS,Metal1,137.7120,86.7880,0.000326
FILLER_18_177,VSS,Metal1,109.7120,86.7880,0.000375
FILLER_18_173,VSS,Metal1,104.1600,86.2400,0.000375
FILLER_18_169,VSS,Metal1,102.1000,86.5885,0.000375
FILLER_18_104,VSS,Metal1,65.2400,86.2400,0.000374
FILLER_18_102,VSS,Metal1,64.4000,86.2400,0.000357
FILLER_18_94,VSS,Metal1,61.0930,86.7015,0.000356
FILLER_18_62,VSS,Metal1,49.7240,86.8375,0.000356
FILLER_18_45,VSS,Metal1,32.4800,86.2400,0.000349
FILLER_18_37,VSS,Metal1,29.1730,86.7015,0.000349
FILLER_18_34,VSS,Metal1,26.0400,86.2400,0.000332
FILLER_18_18,VSS,Metal1,20.6720,86.7880,0.000332
FILLER_17_632,VSS,Metal1,361.2000,86.2400,0.000296
FILLER_17_628,VSS,Metal1,358.9600,86.2400,0.000294
FILLER_17_624,VSS,Metal1,356.9000,85.8910,0.000294
FILLER_17_556,VSS,Metal1,318.8200,85.8910,0.000299
FILLER_17_550,VSS,Metal1,315.0000,86.2400,0.000299
FILLER_17_548,VSS,Metal1,314.1600,86.2400,0.000299
FILLER_17_532,VSS,Metal1,306.3730,85.7780,0.000299
FILLER_17_486,VSS,Metal1,279.6200,85.8910,0.000300
FILLER_17_422,VSS,Metal1,260.2445,85.6020,0.000300
FILLER_17_419,VSS,Metal1,241.6400,86.2400,0.000300
FILLER_17_417,VSS,Metal1,240.8000,86.2400,0.000300
FILLER_17_382,VSS,Metal1,220.9200,86.2400,0.000293
FILLER_17_366,VSS,Metal1,215.5520,85.6920,0.000290
FILLER_17_354,VSS,Metal1,205.2400,86.2400,0.000288
FILLER_17_352,VSS,Metal1,204.4000,86.2400,0.000288
FILLER_17_336,VSS,Metal1,195.1600,86.2400,0.000288
FILLER_17_334,VSS,Metal1,194.3200,86.2400,0.000288
FILLER_17_330,VSS,Metal1,192.2600,85.8910,0.000288
FILLER_17_314,VSS,Metal1,186.4320,85.6920,0.000284
FILLER_17_282,VSS,Metal1,172.9240,85.6420,0.000280
FILLER_17_278,VSS,Metal1,162.9600,86.2400,0.000300
FILLER_17_243,VSS,Metal1,143.0800,86.2400,0.000325
FILLER_17_241,VSS,Metal1,142.2400,86.2400,0.000325
FILLER_17_232,VSS,Metal1,136.9200,86.2400,0.000326
FILLER_17_228,VSS,Metal1,135.1400,85.8910,0.000326
FILLER_17_220,VSS,Metal1,131.6530,85.7780,0.000364
FILLER_17_209,VSS,Metal1,124.0400,86.2400,0.000365
FILLER_17_193,VSS,Metal1,118.6720,85.6920,0.000365
FILLER_17_142,VSS,Metal1,86.5200,86.2400,0.000375
FILLER_17_124,VSS,Metal1,76.4400,86.2400,0.000375
FILLER_17_120,VSS,Metal1,74.6600,85.8910,0.000375
FILLER_17_104,VSS,Metal1,68.8320,85.6920,0.000374
FILLER_17_72,VSS,Metal1,55.3240,85.6420,0.000356
FILLER_16_680,VSS,Metal1,388.0800,78.4000,0.000187
FILLER_16_676,VSS,Metal1,386.0200,78.7485,0.000187
FILLER_16_551,VSS,Metal1,315.8400,78.4000,0.000194
FILLER_16_535,VSS,Metal1,310.1920,78.9480,0.000198
FILLER_16_515,VSS,Metal1,295.4000,78.4000,0.000209
FILLER_16_463,VSS,Metal1,267.7330,78.8615,0.000217
FILLER_16_446,VSS,Metal1,256.7600,78.4000,0.000217
FILLER_16_444,VSS,Metal1,255.9200,78.4000,0.000217
FILLER_16_436,VSS,Metal1,252.6130,78.8615,0.000217
FILLER_16_383,VSS,Metal1,221.7600,78.4000,0.000240
FILLER_16_379,VSS,Metal1,219.7000,78.7485,0.000240
FILLER_16_333,VSS,Metal1,193.9400,78.7485,0.000243
FILLER_16_317,VSS,Metal1,188.1120,78.9480,0.000243
FILLER_16_313,VSS,Metal1,182.5600,78.4000,0.000243
FILLER_16_309,VSS,Metal1,180.5000,78.7485,0.000243
FILLER_16_301,VSS,Metal1,177.0130,78.8615,0.000247
FILLER_16_280,VSS,Metal1,167.3920,78.9480,0.000252
FILLER_16_258,VSS,Metal1,151.9400,78.7485,0.000310
FILLER_16_249,VSS,Metal1,146.4400,78.4000,0.000328
FILLER_16_247,VSS,Metal1,145.6000,78.4000,0.000328
FILLER_16_221,VSS,Metal1,130.7600,78.4000,0.000335
FILLER_16_212,VSS,Metal1,125.7200,78.4000,0.000345
FILLER_16_210,VSS,Metal1,124.8800,78.4000,0.000346
FILLER_16_201,VSS,Metal1,119.5600,78.4000,0.000356
FILLER_16_193,VSS,Metal1,116.5330,78.8615,0.000356
FILLER_16_150,VSS,Metal1,91.2800,78.4000,0.000356
FILLER_16_107,VSS,Metal1,66.9200,78.4000,0.000351
FILLER_16_101,VSS,Metal1,64.0200,78.7485,0.000339
FILLER_16_37,VSS,Metal1,44.6445,79.0375,0.000335
FILLER_16_34,VSS,Metal1,26.0400,78.4000,0.000319
FILLER_16_30,VSS,Metal1,24.2600,78.7485,0.000319
FILLER_16_6,VSS,Metal1,10.3600,78.4000,0.000331
FILLER_16_2,VSS,Metal1,8.5800,78.7485,0.000331
FILLER_15_614,VSS,Metal1,350.8400,78.4000,0.000185
FILLER_15_612,VSS,Metal1,350.0000,78.4000,0.000185
FILLER_15_608,VSS,Metal1,347.9400,78.0510,0.000185
FILLER_15_570,VSS,Metal1,326.6600,78.0510,0.000184
FILLER_15_559,VSS,Metal1,320.0400,78.4000,0.000194
FILLER_15_557,VSS,Metal1,319.2000,78.4000,0.000194
FILLER_15_549,VSS,Metal1,315.8930,77.9380,0.000194
FILLER_15_514,VSS,Metal1,295.1200,78.4000,0.000209
FILLER_15_510,VSS,Metal1,293.0600,78.0510,0.000210
FILLER_15_496,VSS,Metal1,284.7600,78.4000,0.000213
FILLER_15_492,VSS,Metal1,282.9800,78.0510,0.000213
FILLER_15_437,VSS,Metal1,251.7200,78.4000,0.000217
FILLER_15_433,VSS,Metal1,249.9400,78.0510,0.000221
FILLER_15_428,VSS,Metal1,246.6800,78.4000,0.000240
FILLER_15_426,VSS,Metal1,245.8400,78.4000,0.000240
FILLER_15_422,VSS,Metal1,243.7800,78.0510,0.000240
FILLER_15_419,VSS,Metal1,241.6400,78.4000,0.000240
FILLER_15_417,VSS,Metal1,240.8000,78.4000,0.000240
FILLER_15_409,VSS,Metal1,237.4930,77.9380,0.000240
FILLER_15_377,VSS,Metal1,226.1240,77.8020,0.000240
FILLER_15_359,VSS,Metal1,208.5000,78.0510,0.000240
FILLER_15_352,VSS,Metal1,204.1200,78.4000,0.000240
FILLER_15_349,VSS,Metal1,202.4400,78.4000,0.000240
FILLER_15_347,VSS,Metal1,201.6000,78.4000,0.000240
FILLER_15_338,VSS,Metal1,196.2800,78.4000,0.000242
FILLER_15_306,VSS,Metal1,186.3640,77.8020,0.000243
FILLER_15_298,VSS,Metal1,173.8800,78.4000,0.000249
FILLER_15_288,VSS,Metal1,168.7400,78.0510,0.000252
FILLER_15_278,VSS,Metal1,162.9600,78.4000,0.000280
FILLER_15_256,VSS,Metal1,150.3600,78.4000,0.000325
FILLER_15_212,VSS,Metal1,126.0000,78.4000,0.000345
FILLER_15_208,VSS,Metal1,123.7600,78.4000,0.000352
FILLER_15_204,VSS,Metal1,121.7000,78.0510,0.000352
FILLER_15_128,VSS,Metal1,79.1400,78.0510,0.000356
FILLER_15_120,VSS,Metal1,75.6530,77.9380,0.000356
FILLER_15_104,VSS,Metal1,68.8320,77.8520,0.000351
FILLER_15_72,VSS,Metal1,55.3240,77.8020,0.000335
FILLER_15_68,VSS,Metal1,45.3600,78.4000,0.000335
FILLER_15_60,VSS,Metal1,42.0530,77.9380,0.000335
FILLER_15_44,VSS,Metal1,35.2320,77.8520,0.000335
FILLER_14_673,VSS,Metal1,383.8800,70.5600,0.000227
FILLER_14_671,VSS,Metal1,383.0400,70.5600,0.000227
FILLER_14_667,VSS,Metal1,380.9800,70.9085,0.000227
FILLER_14_547,VSS,Metal1,313.6000,70.5600,0.000269
FILLER_14_543,VSS,Metal1,311.5400,70.9085,0.000269
FILLER_14_527,VSS,Metal1,305.7120,71.1080,0.000271
FILLER_14_505,VSS,Metal1,290.0800,70.5600,0.000277
FILLER_14_497,VSS,Metal1,285.7800,70.9085,0.000288
FILLER_14_489,VSS,Metal1,282.2930,71.0215,0.000290
FILLER_14_457,VSS,Metal1,270.9240,71.1575,0.000306
FILLER_14_450,VSS,Metal1,259.0000,70.5600,0.000317
FILLER_14_446,VSS,Metal1,257.2200,70.9085,0.000317
FILLER_14_438,VSS,Metal1,253.7330,71.0215,0.000322
FILLER_14_403,VSS,Metal1,232.6800,70.5600,0.000327
FILLER_14_387,VSS,Metal1,227.3120,71.1080,0.000327
FILLER_14_383,VSS,Metal1,221.7600,70.5600,0.000328
FILLER_14_379,VSS,Metal1,219.7000,70.9085,0.000328
FILLER_14_363,VSS,Metal1,213.8720,71.1080,0.000328
FILLER_14_352,VSS,Metal1,204.1200,70.5600,0.000334
FILLER_14_317,VSS,Metal1,185.9730,71.0215,0.000344
FILLER_14_295,VSS,Metal1,172.4800,70.5600,0.000359
FILLER_14_271,VSS,Metal1,162.3520,71.1080,0.000386
FILLER_14_261,VSS,Metal1,153.4400,70.5600,0.000386
FILLER_14_257,VSS,Metal1,151.3800,70.9085,0.000386
FILLER_14_247,VSS,Metal1,145.6000,70.5600,0.000386
FILLER_14_244,VSS,Metal1,143.6400,70.5600,0.000386
FILLER_14_242,VSS,Metal1,142.8000,70.5600,0.000386
FILLER_14_238,VSS,Metal1,140.7400,70.9085,0.000386
FILLER_14_187,VSS,Metal1,111.7200,70.5600,0.000392
FILLER_14_185,VSS,Metal1,110.8800,70.5600,0.000392
FILLER_14_132,VSS,Metal1,80.9200,70.5600,0.000381
FILLER_14_123,VSS,Metal1,75.8800,70.5600,0.000381
FILLER_14_107,VSS,Metal1,70.5120,71.1080,0.000381
FILLER_14_101,VSS,Metal1,64.0200,70.9085,0.000381
FILLER_14_37,VSS,Metal1,44.6445,71.1975,0.000380
FILLER_14_34,VSS,Metal1,26.0400,70.5600,0.000365
FILLER_14_32,VSS,Metal1,25.2000,70.5600,0.000365
FILLER_14_28,VSS,Metal1,23.1400,70.9085,0.000365
FILLER_14_4,VSS,Metal1,9.2400,70.5600,0.000365
FILLER_14_2,VSS,Metal1,8.4000,70.5600,0.000365
FILLER_13_672,VSS,Metal1,383.6000,70.5600,0.000227
FILLER_13_656,VSS,Metal1,377.9520,70.0120,0.000227
FILLER_13_594,VSS,Metal1,339.9200,70.5600,0.000218
FILLER_13_559,VSS,Metal1,320.0400,70.5600,0.000217
FILLER_13_557,VSS,Metal1,319.2000,70.5600,0.000230
FILLER_13_553,VSS,Metal1,317.1400,70.2110,0.000230
FILLER_13_537,VSS,Metal1,311.3120,70.0120,0.000269
FILLER_13_500,VSS,Metal1,287.0000,70.5600,0.000288
FILLER_13_492,VSS,Metal1,283.9730,70.0980,0.000290
FILLER_13_486,VSS,Metal1,279.6200,70.2110,0.000298
FILLER_13_480,VSS,Metal1,275.8000,70.5600,0.000306
FILLER_13_472,VSS,Metal1,272.7730,70.0980,0.000306
FILLER_13_456,VSS,Metal1,262.3600,70.5600,0.000309
FILLER_13_447,VSS,Metal1,257.3200,70.5600,0.000317
FILLER_13_445,VSS,Metal1,256.4800,70.5600,0.000322
FILLER_13_437,VSS,Metal1,253.1730,70.0980,0.000322
FILLER_13_428,VSS,Metal1,246.6800,70.5600,0.000326
FILLER_13_426,VSS,Metal1,245.8400,70.5600,0.000326
FILLER_13_422,VSS,Metal1,243.7800,70.2110,0.000326
FILLER_13_419,VSS,Metal1,241.6400,70.5600,0.000326
FILLER_13_417,VSS,Metal1,240.8000,70.5600,0.000326
FILLER_13_409,VSS,Metal1,237.4930,70.0980,0.000326
FILLER_13_393,VSS,Metal1,230.6720,70.0120,0.000327
FILLER_13_361,VSS,Metal1,217.1640,69.9620,0.000328
FILLER_13_352,VSS,Metal1,204.1200,70.5600,0.000334
FILLER_13_349,VSS,Metal1,202.4400,70.5600,0.000340
FILLER_13_325,VSS,Metal1,192.5920,70.0120,0.000341
FILLER_13_307,VSS,Metal1,179.3800,70.2110,0.000335
FILLER_13_290,VSS,Metal1,169.6800,70.5600,0.000361
FILLER_13_282,VSS,Metal1,166.3730,70.0980,0.000385
FILLER_13_216,VSS,Metal1,128.2400,70.5600,0.000386
FILLER_13_212,VSS,Metal1,126.1800,70.2110,0.000386
FILLER_13_209,VSS,Metal1,124.0400,70.5600,0.000386
FILLER_13_205,VSS,Metal1,122.2600,70.2110,0.000386
FILLER_13_170,VSS,Metal1,102.2000,70.5600,0.000391
FILLER_13_166,VSS,Metal1,100.4200,70.2110,0.000391
FILLER_13_142,VSS,Metal1,86.5200,70.5600,0.000383
FILLER_13_76,VSS,Metal1,49.8400,70.5600,0.000380
FILLER_13_72,VSS,Metal1,47.7800,70.2110,0.000380
FILLER_13_68,VSS,Metal1,45.3600,70.5600,0.000380
FILLER_13_36,VSS,Metal1,35.1640,69.9620,0.000380
FILLER_12_673,VSS,Metal1,383.8800,62.7200,0.000292
FILLER_12_671,VSS,Metal1,383.0400,62.7200,0.000292
FILLER_12_667,VSS,Metal1,380.9800,63.0685,0.000292
FILLER_12_661,VSS,Metal1,377.6200,63.0685,0.000292
FILLER_12_645,VSS,Metal1,371.7920,63.2680,0.000292
FILLER_12_601,VSS,Metal1,343.8400,62.7200,0.000292
FILLER_12_597,VSS,Metal1,341.7800,63.0685,0.000292
FILLER_12_579,VSS,Metal1,331.2400,62.7200,0.000347
FILLER_12_571,VSS,Metal1,328.2130,63.1815,0.000360
FILLER_12_539,VSS,Metal1,316.8440,63.3175,0.000361
FILLER_12_529,VSS,Metal1,303.2400,62.7200,0.000369
FILLER_12_527,VSS,Metal1,302.4000,62.7200,0.000369
FILLER_12_461,VSS,Metal1,265.4400,62.7200,0.000378
FILLER_12_457,VSS,Metal1,263.3800,63.0685,0.000378
FILLER_12_453,VSS,Metal1,260.9600,62.7200,0.000378
FILLER_12_421,VSS,Metal1,250.7640,63.3175,0.000378
FILLER_12_384,VSS,Metal1,222.0400,62.7200,0.000376
FILLER_12_380,VSS,Metal1,220.2600,63.0685,0.000376
FILLER_12_372,VSS,Metal1,216.7730,63.1815,0.000376
FILLER_12_365,VSS,Metal1,211.4000,62.7200,0.000302
FILLER_12_349,VSS,Metal1,206.0320,63.2680,0.000302
FILLER_12_317,VSS,Metal1,192.5240,63.3175,0.000297
FILLER_12_314,VSS,Metal1,182.8400,62.7200,0.000297
FILLER_12_312,VSS,Metal1,182.0000,62.7200,0.000288
FILLER_12_308,VSS,Metal1,179.9400,63.0685,0.000288
FILLER_12_292,VSS,Metal1,174.1120,63.2680,0.000302
FILLER_12_279,VSS,Metal1,163.5200,62.7200,0.000323
FILLER_12_275,VSS,Metal1,161.4600,63.0685,0.000324
FILLER_12_267,VSS,Metal1,157.9730,63.1815,0.000324
FILLER_12_251,VSS,Metal1,147.5600,62.7200,0.000325
FILLER_12_247,VSS,Metal1,145.7800,63.0685,0.000325
FILLER_12_236,VSS,Metal1,139.1600,62.7200,0.000334
FILLER_12_232,VSS,Metal1,137.3800,63.0685,0.000334
FILLER_12_200,VSS,Metal1,119.0000,62.7200,0.000335
FILLER_12_124,VSS,Metal1,76.4400,62.7200,0.000302
FILLER_12_107,VSS,Metal1,67.2000,62.7200,0.000302
FILLER_12_103,VSS,Metal1,64.9600,62.7200,0.000301
FILLER_12_71,VSS,Metal1,54.7640,63.3175,0.000294
FILLER_12_34,VSS,Metal1,26.0400,62.7200,0.000278
FILLER_12_26,VSS,Metal1,23.0130,63.1815,0.000279
FILLER_12_10,VSS,Metal1,16.1920,63.2680,0.000281
FILLER_11_632,VSS,Metal1,364.5120,62.1720,0.000292
FILLER_11_628,VSS,Metal1,358.9600,62.7200,0.000292
FILLER_11_620,VSS,Metal1,355.6530,62.2580,0.000292
FILLER_11_578,VSS,Metal1,332.1330,62.2580,0.000347
FILLER_11_562,VSS,Metal1,325.3120,62.1720,0.000360
FILLER_11_559,VSS,Metal1,320.0400,62.7200,0.000361
FILLER_11_555,VSS,Metal1,318.2600,62.3710,0.000361
FILLER_11_539,VSS,Metal1,312.4320,62.1720,0.000361
FILLER_11_524,VSS,Metal1,300.7200,62.7200,0.000377
FILLER_11_512,VSS,Metal1,293.7200,62.7200,0.000378
FILLER_11_510,VSS,Metal1,292.8800,62.7200,0.000378
FILLER_11_492,VSS,Metal1,282.8000,62.7200,0.000378
FILLER_11_489,VSS,Metal1,280.8400,62.7200,0.000378
FILLER_11_438,VSS,Metal1,252.5600,62.7200,0.000378
FILLER_11_422,VSS,Metal1,246.9120,62.1720,0.000378
FILLER_11_418,VSS,Metal1,241.3600,62.7200,0.000376
FILLER_11_410,VSS,Metal1,238.0530,62.2580,0.000376
FILLER_11_356,VSS,Metal1,206.3600,62.7200,0.000302
FILLER_11_352,VSS,Metal1,204.5800,62.3710,0.000302
FILLER_11_349,VSS,Metal1,202.4400,62.7200,0.000302
FILLER_11_345,VSS,Metal1,200.6600,62.3710,0.000297
FILLER_11_337,VSS,Metal1,197.1730,62.2580,0.000297
FILLER_11_302,VSS,Metal1,176.1200,62.7200,0.000302
FILLER_11_298,VSS,Metal1,174.3400,62.3710,0.000302
FILLER_11_282,VSS,Metal1,168.5120,62.1720,0.000304
FILLER_11_163,VSS,Metal1,98.2800,62.7200,0.000330
FILLER_11_159,VSS,Metal1,96.5000,62.3710,0.000330
FILLER_11_142,VSS,Metal1,86.8000,62.7200,0.000330
FILLER_11_139,VSS,Metal1,84.8400,62.7200,0.000330
FILLER_11_137,VSS,Metal1,84.0000,62.7200,0.000330
FILLER_11_133,VSS,Metal1,81.9400,62.3710,0.000326
FILLER_11_98,VSS,Metal1,61.8800,62.7200,0.000294
FILLER_11_96,VSS,Metal1,61.0400,62.7200,0.000294
FILLER_11_88,VSS,Metal1,57.7330,62.2580,0.000294
FILLER_11_72,VSS,Metal1,50.9120,62.1720,0.000294
FILLER_11_69,VSS,Metal1,45.6400,62.7200,0.000281
FILLER_11_67,VSS,Metal1,44.8000,62.7200,0.000279
FILLER_11_26,VSS,Metal1,21.5600,62.7200,0.000279
FILLER_11_18,VSS,Metal1,18.5330,62.2580,0.000281
FILLER_11_2,VSS,Metal1,11.7120,62.1720,0.000281
FILLER_10_673,VSS,Metal1,383.8800,54.8800,0.000327
FILLER_10_671,VSS,Metal1,383.0400,54.8800,0.000327
FILLER_10_667,VSS,Metal1,380.9800,55.2285,0.000327
FILLER_10_630,VSS,Metal1,359.8000,54.8800,0.000326
FILLER_10_597,VSS,Metal1,341.3200,54.8800,0.000326
FILLER_10_594,VSS,Metal1,339.6400,54.8800,0.000325
FILLER_10_578,VSS,Metal1,334.2720,55.4280,0.000325
FILLER_10_546,VSS,Metal1,320.7640,55.4775,0.000325
FILLER_10_529,VSS,Metal1,303.2400,54.8800,0.000351
FILLER_10_527,VSS,Metal1,302.4000,54.8800,0.000351
FILLER_10_461,VSS,Metal1,265.4400,54.8800,0.000368
FILLER_10_457,VSS,Metal1,263.3800,55.2285,0.000368
FILLER_10_454,VSS,Metal1,261.2400,54.8800,0.000368
FILLER_10_452,VSS,Metal1,260.4000,54.8800,0.000372
FILLER_10_448,VSS,Metal1,258.3400,55.2285,0.000372
FILLER_10_413,VSS,Metal1,238.2800,54.8800,0.000375
FILLER_10_411,VSS,Metal1,237.4400,54.8800,0.000375
FILLER_10_395,VSS,Metal1,231.7920,55.4280,0.000377
FILLER_10_383,VSS,Metal1,221.7600,54.8800,0.000374
FILLER_10_375,VSS,Metal1,218.4530,55.3415,0.000374
FILLER_10_358,VSS,Metal1,207.7600,54.8800,0.000374
FILLER_10_350,VSS,Metal1,204.4530,55.3415,0.000374
FILLER_10_332,VSS,Metal1,194.3730,55.3415,0.000364
FILLER_10_313,VSS,Metal1,182.5600,54.8800,0.000356
FILLER_10_309,VSS,Metal1,180.5000,55.2285,0.000355
FILLER_10_299,VSS,Metal1,174.7200,54.8800,0.000356
FILLER_10_295,VSS,Metal1,172.6600,55.2285,0.000356
FILLER_10_251,VSS,Metal1,147.8400,54.8800,0.000372
FILLER_10_247,VSS,Metal1,145.7800,55.2285,0.000373
FILLER_10_221,VSS,Metal1,130.7600,54.8800,0.000390
FILLER_10_219,VSS,Metal1,129.9200,54.8800,0.000390
FILLER_10_174,VSS,Metal1,104.4400,54.8800,0.000394
FILLER_10_172,VSS,Metal1,103.6000,54.8800,0.000394
FILLER_10_168,VSS,Metal1,101.5400,55.2285,0.000394
FILLER_10_122,VSS,Metal1,75.7800,55.2285,0.000342
FILLER_10_93,VSS,Metal1,59.5400,55.2285,0.000318
FILLER_10_85,VSS,Metal1,56.0530,55.3415,0.000306
FILLER_10_69,VSS,Metal1,49.2320,55.4280,0.000303
FILLER_10_37,VSS,Metal1,35.7240,55.4775,0.000287
FILLER_10_34,VSS,Metal1,26.0400,54.8800,0.000276
FILLER_10_30,VSS,Metal1,24.2600,55.2285,0.000277
FILLER_10_22,VSS,Metal1,20.7730,55.3415,0.000277
FILLER_10_6,VSS,Metal1,10.3600,54.8800,0.000277
FILLER_10_2,VSS,Metal1,8.5800,55.2285,0.000277
FILLER_9_632,VSS,Metal1,364.5120,54.3320,0.000327
FILLER_9_628,VSS,Metal1,358.9600,54.8800,0.000326
FILLER_9_624,VSS,Metal1,356.9000,54.5310,0.000326
FILLER_9_608,VSS,Metal1,351.0720,54.3320,0.000326
FILLER_9_598,VSS,Metal1,342.1600,54.8800,0.000326
FILLER_9_594,VSS,Metal1,340.1000,54.5310,0.000325
FILLER_9_562,VSS,Metal1,329.7240,54.2820,0.000325
FILLER_9_556,VSS,Metal1,318.8200,54.5310,0.000325
FILLER_9_540,VSS,Metal1,312.9920,54.3320,0.000325
FILLER_9_529,VSS,Metal1,303.5200,54.8800,0.000351
FILLER_9_525,VSS,Metal1,301.4600,54.5310,0.000351
FILLER_9_506,VSS,Metal1,290.3600,54.8800,0.000360
FILLER_9_504,VSS,Metal1,289.5200,54.8800,0.000360
FILLER_9_500,VSS,Metal1,287.4600,54.5310,0.000360
FILLER_9_492,VSS,Metal1,283.9730,54.4180,0.000360
FILLER_9_488,VSS,Metal1,280.5600,54.8800,0.000360
FILLER_9_484,VSS,Metal1,278.5000,54.5310,0.000360
FILLER_9_476,VSS,Metal1,275.0130,54.4180,0.000360
FILLER_9_466,VSS,Metal1,268.2400,54.8800,0.000364
FILLER_9_462,VSS,Metal1,266.1800,54.5310,0.000364
FILLER_9_454,VSS,Metal1,262.6930,54.4180,0.000368
FILLER_9_422,VSS,Metal1,251.3240,54.2820,0.000372
FILLER_9_414,VSS,Metal1,238.8400,54.8800,0.000375
FILLER_9_410,VSS,Metal1,237.0600,54.5310,0.000375
FILLER_9_394,VSS,Metal1,231.2320,54.3320,0.000377
FILLER_9_278,VSS,Metal1,162.9600,54.8800,0.000358
FILLER_9_270,VSS,Metal1,159.6530,54.4180,0.000358
FILLER_9_254,VSS,Metal1,152.8320,54.3320,0.000361
FILLER_9_88,VSS,Metal1,56.5600,54.8800,0.000306
FILLER_9_72,VSS,Metal1,50.9120,54.3320,0.000303
FILLER_9_68,VSS,Metal1,45.3600,54.8800,0.000288
FILLER_9_36,VSS,Metal1,35.1640,54.2820,0.000287
FILLER_8_673,VSS,Metal1,383.8800,47.0400,0.000410
FILLER_8_671,VSS,Metal1,383.0400,47.0400,0.000410
FILLER_8_667,VSS,Metal1,380.9800,47.3885,0.000410
FILLER_8_661,VSS,Metal1,377.6200,47.3885,0.000410
FILLER_8_597,VSS,Metal1,358.2445,47.6775,0.000410
FILLER_8_594,VSS,Metal1,339.6400,47.0400,0.000410
FILLER_8_590,VSS,Metal1,337.8600,47.3885,0.000410
FILLER_8_582,VSS,Metal1,334.3730,47.5015,0.000410
FILLER_8_542,VSS,Metal1,310.9800,47.3885,0.000413
FILLER_8_534,VSS,Metal1,307.4930,47.5015,0.000413
FILLER_8_524,VSS,Metal1,300.4400,47.0400,0.000416
FILLER_8_501,VSS,Metal1,291.1520,47.5880,0.000419
FILLER_8_465,VSS,Metal1,267.6800,47.0400,0.000434
FILLER_8_457,VSS,Metal1,264.3730,47.5015,0.000434
FILLER_8_370,VSS,Metal1,214.4800,47.0400,0.000464
FILLER_8_366,VSS,Metal1,212.4200,47.3885,0.000464
FILLER_8_356,VSS,Metal1,206.6400,47.0400,0.000464
FILLER_8_321,VSS,Metal1,186.7600,47.0400,0.000464
FILLER_8_317,VSS,Metal1,184.9800,47.3885,0.000464
FILLER_8_244,VSS,Metal1,143.6400,47.0400,0.000505
FILLER_8_240,VSS,Metal1,141.8600,47.3885,0.000518
FILLER_8_177,VSS,Metal1,106.1200,47.0400,0.000532
FILLER_8_174,VSS,Metal1,104.4400,47.0400,0.000532
FILLER_8_172,VSS,Metal1,103.6000,47.0400,0.000532
FILLER_8_168,VSS,Metal1,101.5400,47.3885,0.000532
FILLER_8_122,VSS,Metal1,75.7800,47.3885,0.000522
FILLER_8_77,VSS,Metal1,50.5800,47.3885,0.000466
FILLER_8_69,VSS,Metal1,47.0930,47.5015,0.000459
FILLER_8_37,VSS,Metal1,35.7240,47.6375,0.000431
FILLER_8_18,VSS,Metal1,17.3600,47.0400,0.000430
FILLER_8_2,VSS,Metal1,11.7120,47.5880,0.000430
FILLER_7_632,VSS,Metal1,364.5120,46.4920,0.000410
FILLER_7_629,VSS,Metal1,359.2400,47.0400,0.000410
FILLER_7_625,VSS,Metal1,357.4600,46.6910,0.000410
FILLER_7_609,VSS,Metal1,351.6320,46.4920,0.000410
FILLER_7_572,VSS,Metal1,327.3200,47.0400,0.000410
FILLER_7_570,VSS,Metal1,326.4800,47.0400,0.000410
FILLER_7_562,VSS,Metal1,323.1730,46.5780,0.000410
FILLER_7_559,VSS,Metal1,320.0400,47.0400,0.000410
FILLER_7_557,VSS,Metal1,319.2000,47.0400,0.000410
FILLER_7_553,VSS,Metal1,317.1400,46.6910,0.000410
FILLER_7_521,VSS,Metal1,306.7640,46.4420,0.000413
FILLER_7_510,VSS,Metal1,293.0600,46.6910,0.000419
FILLER_7_502,VSS,Metal1,289.5730,46.5780,0.000419
FILLER_7_492,VSS,Metal1,282.8000,47.0400,0.000434
FILLER_7_489,VSS,Metal1,280.8400,47.0400,0.000434
FILLER_7_487,VSS,Metal1,280.0000,47.0400,0.000434
FILLER_7_449,VSS,Metal1,258.7200,47.0400,0.000443
FILLER_7_433,VSS,Metal1,253.0720,46.4920,0.000443
FILLER_7_356,VSS,Metal1,206.6400,47.0400,0.000464
FILLER_7_352,VSS,Metal1,204.5800,46.6910,0.000464
FILLER_7_349,VSS,Metal1,202.4400,47.0400,0.000464
FILLER_7_347,VSS,Metal1,201.6000,47.0400,0.000464
FILLER_7_343,VSS,Metal1,199.5400,46.6910,0.000464
FILLER_7_335,VSS,Metal1,196.0530,46.5780,0.000464
FILLER_7_300,VSS,Metal1,175.0000,47.0400,0.000468
FILLER_7_290,VSS,Metal1,169.6800,47.0400,0.000468
FILLER_7_278,VSS,Metal1,162.9600,47.0400,0.000500
FILLER_7_274,VSS,Metal1,160.9000,46.6910,0.000503
FILLER_7_216,VSS,Metal1,127.9600,47.0400,0.000532
FILLER_7_212,VSS,Metal1,126.1800,46.6910,0.000532
FILLER_7_208,VSS,Metal1,123.7600,47.0400,0.000532
FILLER_7_131,VSS,Metal1,80.3600,47.0400,0.000525
FILLER_7_129,VSS,Metal1,79.5200,47.0400,0.000524
FILLER_7_86,VSS,Metal1,55.1600,47.0400,0.000488
FILLER_7_84,VSS,Metal1,54.3200,47.0400,0.000485
FILLER_7_80,VSS,Metal1,52.2600,46.6910,0.000485
FILLER_7_72,VSS,Metal1,48.7730,46.5780,0.000460
FILLER_7_69,VSS,Metal1,45.6400,47.0400,0.000459
FILLER_7_67,VSS,Metal1,44.8000,47.0400,0.000433
FILLER_7_51,VSS,Metal1,39.1520,46.4920,0.000431
FILLER_7_16,VSS,Metal1,15.9600,47.0400,0.000430
FILLER_7_14,VSS,Metal1,15.1200,47.0400,0.000430
FILLER_7_10,VSS,Metal1,13.0600,46.6910,0.000430
FILLER_7_2,VSS,Metal1,9.5730,46.5780,0.000430
FILLER_6_681,VSS,Metal1,388.3600,39.2000,0.000246
FILLER_6_671,VSS,Metal1,383.0400,39.2000,0.000246
FILLER_6_667,VSS,Metal1,380.9800,39.5485,0.000246
FILLER_6_661,VSS,Metal1,377.6200,39.5485,0.000246
FILLER_6_597,VSS,Metal1,358.2445,39.8375,0.000246
FILLER_6_591,VSS,Metal1,338.4200,39.5485,0.000246
FILLER_6_583,VSS,Metal1,334.9330,39.6615,0.000245
FILLER_6_547,VSS,Metal1,313.6000,39.2000,0.000254
FILLER_6_543,VSS,Metal1,311.5400,39.5485,0.000254
FILLER_6_527,VSS,Metal1,305.7120,39.7480,0.000267
FILLER_6_523,VSS,Metal1,300.1600,39.2000,0.000284
FILLER_6_519,VSS,Metal1,298.1000,39.5485,0.000284
FILLER_6_481,VSS,Metal1,276.6400,39.2000,0.000286
FILLER_6_473,VSS,Metal1,273.3330,39.6615,0.000286
FILLER_6_457,VSS,Metal1,266.5120,39.7480,0.000286
FILLER_6_391,VSS,Metal1,226.2400,39.2000,0.000282
FILLER_6_387,VSS,Metal1,224.1800,39.5485,0.000281
FILLER_6_383,VSS,Metal1,221.7600,39.2000,0.000281
FILLER_6_351,VSS,Metal1,211.5640,39.7975,0.000281
FILLER_6_303,VSS,Metal1,177.1400,39.5485,0.000257
FILLER_6_253,VSS,Metal1,148.6800,39.2000,0.000275
FILLER_6_251,VSS,Metal1,147.8400,39.2000,0.000275
FILLER_6_247,VSS,Metal1,145.7800,39.5485,0.000275
FILLER_6_244,VSS,Metal1,143.6400,39.2000,0.000275
FILLER_6_242,VSS,Metal1,142.8000,39.2000,0.000275
FILLER_6_238,VSS,Metal1,140.7400,39.5485,0.000275
FILLER_6_177,VSS,Metal1,106.5800,39.5485,0.000277
FILLER_6_69,VSS,Metal1,46.1000,39.5485,0.000253
FILLER_6_37,VSS,Metal1,35.7240,39.7975,0.000238
FILLER_6_34,VSS,Metal1,26.0400,39.2000,0.000238
FILLER_6_2,VSS,Metal1,16.1240,39.7975,0.000238
FILLER_5_632,VSS,Metal1,364.5120,38.6520,0.000246
FILLER_5_628,VSS,Metal1,358.9600,39.2000,0.000246
FILLER_5_624,VSS,Metal1,356.9000,38.8510,0.000246
FILLER_5_608,VSS,Metal1,351.0720,38.6520,0.000246
FILLER_5_570,VSS,Metal1,326.6600,38.8510,0.000249
FILLER_5_562,VSS,Metal1,323.1730,38.7380,0.000249
FILLER_5_559,VSS,Metal1,320.0400,39.2000,0.000249
FILLER_5_557,VSS,Metal1,319.2000,39.2000,0.000249
FILLER_5_549,VSS,Metal1,315.8930,38.7380,0.000250
FILLER_5_492,VSS,Metal1,290.5240,38.6020,0.000284
FILLER_5_488,VSS,Metal1,280.5600,39.2000,0.000284
FILLER_5_456,VSS,Metal1,270.3640,38.6020,0.000286
FILLER_5_419,VSS,Metal1,241.6400,39.2000,0.000293
FILLER_5_417,VSS,Metal1,240.8000,39.2000,0.000293
FILLER_5_409,VSS,Metal1,237.4930,38.7380,0.000293
FILLER_5_402,VSS,Metal1,232.1200,39.2000,0.000293
FILLER_5_400,VSS,Metal1,231.2800,39.2000,0.000292
FILLER_5_356,VSS,Metal1,206.6400,39.2000,0.000281
FILLER_5_352,VSS,Metal1,204.5800,38.8510,0.000281
FILLER_5_279,VSS,Metal1,163.2400,39.2000,0.000258
FILLER_5_254,VSS,Metal1,149.2400,39.2000,0.000270
FILLER_5_66,VSS,Metal1,44.4200,38.8510,0.000241
FILLER_5_2,VSS,Metal1,25.0445,38.5620,0.000238
FILLER_4_673,VSS,Metal1,383.8800,31.3600,0.000182
FILLER_4_671,VSS,Metal1,383.0400,31.3600,0.000182
FILLER_4_667,VSS,Metal1,380.9800,31.7085,0.000182
FILLER_4_661,VSS,Metal1,377.6200,31.7085,0.000182
FILLER_4_597,VSS,Metal1,358.2445,31.9975,0.000182
FILLER_4_593,VSS,Metal1,339.3600,31.3600,0.000182
FILLER_4_589,VSS,Metal1,337.3000,31.7085,0.000182
FILLER_4_557,VSS,Metal1,326.9240,31.9575,0.000182
FILLER_4_533,VSS,Metal1,305.4800,31.3600,0.000202
FILLER_4_531,VSS,Metal1,304.6400,31.3600,0.000202
FILLER_4_527,VSS,Metal1,302.5800,31.7085,0.000202
FILLER_4_519,VSS,Metal1,297.6400,31.3600,0.000216
FILLER_4_511,VSS,Metal1,294.6130,31.8215,0.000229
FILLER_4_474,VSS,Metal1,272.4400,31.3600,0.000245
FILLER_4_472,VSS,Metal1,271.6000,31.3600,0.000245
FILLER_4_384,VSS,Metal1,222.0400,31.3600,0.000254
FILLER_4_382,VSS,Metal1,221.2000,31.3600,0.000254
FILLER_4_374,VSS,Metal1,217.8930,31.8215,0.000254
FILLER_4_314,VSS,Metal1,182.8400,31.3600,0.000256
FILLER_4_312,VSS,Metal1,182.0000,31.3600,0.000256
FILLER_4_139,VSS,Metal1,85.1200,31.3600,0.000350
FILLER_4_131,VSS,Metal1,81.8130,31.8215,0.000349
FILLER_4_115,VSS,Metal1,74.9920,31.9080,0.000349
FILLER_4_86,VSS,Metal1,55.6200,31.7085,0.000334
FILLER_4_51,VSS,Metal1,35.5600,31.3600,0.000314
FILLER_4_49,VSS,Metal1,34.7200,31.3600,0.000295
FILLER_4_45,VSS,Metal1,32.6600,31.7085,0.000295
FILLER_4_37,VSS,Metal1,29.1730,31.8215,0.000290
FILLER_4_34,VSS,Metal1,26.0400,31.3600,0.000289
FILLER_4_30,VSS,Metal1,24.2600,31.7085,0.000289
FILLER_4_22,VSS,Metal1,20.7730,31.8215,0.000289
FILLER_4_6,VSS,Metal1,13.9520,31.9080,0.000289
FILLER_3_672,VSS,Metal1,383.6000,31.3600,0.000182
FILLER_3_664,VSS,Metal1,380.2930,30.8980,0.000182
FILLER_3_632,VSS,Metal1,368.9240,30.7620,0.000182
FILLER_3_629,VSS,Metal1,359.2400,31.3600,0.000182
FILLER_3_625,VSS,Metal1,357.4600,31.0110,0.000182
FILLER_3_609,VSS,Metal1,351.6320,30.8120,0.000182
FILLER_3_577,VSS,Metal1,338.1240,30.7620,0.000182
FILLER_3_572,VSS,Metal1,327.3200,31.3600,0.000182
FILLER_3_570,VSS,Metal1,326.4800,31.3600,0.000182
FILLER_3_562,VSS,Metal1,323.1730,30.8980,0.000182
FILLER_3_559,VSS,Metal1,320.0400,31.3600,0.000182
FILLER_3_551,VSS,Metal1,317.0130,30.8980,0.000188
FILLER_3_544,VSS,Metal1,311.9200,31.3600,0.000192
FILLER_3_534,VSS,Metal1,306.3200,31.3600,0.000201
FILLER_3_518,VSS,Metal1,297.0800,31.3600,0.000229
FILLER_3_516,VSS,Metal1,296.2400,31.3600,0.000229
FILLER_3_508,VSS,Metal1,292.9330,30.8980,0.000230
FILLER_3_492,VSS,Metal1,286.1120,30.8120,0.000231
FILLER_3_473,VSS,Metal1,272.1600,31.3600,0.000245
FILLER_3_438,VSS,Metal1,252.2800,31.3600,0.000247
FILLER_3_436,VSS,Metal1,251.4400,31.3600,0.000247
FILLER_3_404,VSS,Metal1,233.2400,31.3600,0.000253
FILLER_3_402,VSS,Metal1,232.4000,31.3600,0.000253
FILLER_3_394,VSS,Metal1,229.0930,30.8980,0.000253
FILLER_3_349,VSS,Metal1,202.4400,31.3600,0.000256
FILLER_3_282,VSS,Metal1,164.9200,31.3600,0.000326
FILLER_3_216,VSS,Metal1,128.2400,31.3600,0.000366
FILLER_3_212,VSS,Metal1,126.1800,31.0110,0.000366
FILLER_3_200,VSS,Metal1,119.2800,31.3600,0.000364
FILLER_3_196,VSS,Metal1,117.2200,31.0110,0.000364
FILLER_3_161,VSS,Metal1,97.1600,31.3600,0.000364
FILLER_3_159,VSS,Metal1,96.3200,31.3600,0.000364
FILLER_3_142,VSS,Metal1,86.8000,31.3600,0.000358
FILLER_3_54,VSS,Metal1,37.2400,31.3600,0.000333
FILLER_3_50,VSS,Metal1,35.4600,31.0110,0.000314
FILLER_3_42,VSS,Metal1,31.9730,30.8980,0.000295
FILLER_3_10,VSS,Metal1,20.6040,30.7620,0.000289
FILLER_2_673,VSS,Metal1,383.8800,23.5200,0.000151
FILLER_2_671,VSS,Metal1,383.0400,23.5200,0.000151
FILLER_2_667,VSS,Metal1,380.9800,23.8685,0.000151
FILLER_2_661,VSS,Metal1,377.6200,23.8685,0.000151
FILLER_2_597,VSS,Metal1,358.2445,24.1575,0.000151
FILLER_2_524,VSS,Metal1,300.4400,23.5200,0.000160
FILLER_2_522,VSS,Metal1,299.6000,23.5200,0.000160
FILLER_2_484,VSS,Metal1,278.3200,23.5200,0.000162
FILLER_2_480,VSS,Metal1,276.2600,23.8685,0.000162
FILLER_2_472,VSS,Metal1,272.7730,23.9815,0.000162
FILLER_2_454,VSS,Metal1,261.2400,23.5200,0.000165
FILLER_2_446,VSS,Metal1,258.2130,23.9815,0.000165
FILLER_2_436,VSS,Metal1,251.4400,23.5200,0.000165
FILLER_2_428,VSS,Metal1,248.1330,23.9815,0.000165
FILLER_2_412,VSS,Metal1,241.3120,24.0680,0.000165
FILLER_2_403,VSS,Metal1,232.6800,23.5200,0.000166
FILLER_2_387,VSS,Metal1,227.3120,24.0680,0.000166
FILLER_2_349,VSS,Metal1,202.7200,23.5200,0.000165
FILLER_2_317,VSS,Metal1,192.5240,24.1175,0.000165
FILLER_2_247,VSS,Metal1,145.3200,23.5200,0.000179
FILLER_2_243,VSS,Metal1,143.3600,23.5200,0.000183
FILLER_2_235,VSS,Metal1,140.0530,23.9815,0.000184
FILLER_2_219,VSS,Metal1,133.2320,24.0680,0.000184
FILLER_2_209,VSS,Metal1,124.3200,23.5200,0.000191
FILLER_2_201,VSS,Metal1,121.0130,23.9815,0.000191
FILLER_2_185,VSS,Metal1,114.1920,24.0680,0.000195
FILLER_2_53,VSS,Metal1,36.9600,23.5200,0.000175
FILLER_2_37,VSS,Metal1,31.3120,24.0680,0.000174
FILLER_2_34,VSS,Metal1,26.0400,23.5200,0.000173
FILLER_2_26,VSS,Metal1,23.0130,23.9815,0.000173
FILLER_2_10,VSS,Metal1,16.1920,24.0680,0.000173
FILLER_1_680,VSS,Metal1,388.0800,23.5200,0.000151
FILLER_1_664,VSS,Metal1,382.4320,22.9720,0.000151
FILLER_1_632,VSS,Metal1,368.9240,22.9220,0.000151
FILLER_1_626,VSS,Metal1,358.0200,23.1710,0.000151
FILLER_1_562,VSS,Metal1,338.6445,22.8820,0.000151
FILLER_1_556,VSS,Metal1,318.8200,23.1710,0.000160
FILLER_1_492,VSS,Metal1,299.4445,22.8820,0.000160
FILLER_1_419,VSS,Metal1,241.6400,23.5200,0.000165
FILLER_1_399,VSS,Metal1,230.4400,23.5200,0.000166
FILLER_1_397,VSS,Metal1,229.6000,23.5200,0.000166
FILLER_1_361,VSS,Metal1,209.4400,23.5200,0.000166
FILLER_1_352,VSS,Metal1,204.1200,23.5200,0.000166
FILLER_1_208,VSS,Metal1,123.7600,23.5200,0.000191
FILLER_1_200,VSS,Metal1,120.4530,23.0580,0.000191
FILLER_1_184,VSS,Metal1,113.6320,22.9720,0.000195
FILLER_1_42,VSS,Metal1,30.9800,23.1710,0.000174
FILLER_1_34,VSS,Metal1,27.4930,23.0580,0.000173
FILLER_1_2,VSS,Metal1,16.1240,22.9220,0.000173
FILLER_0_679,VSS,Metal1,387.2400,15.6800,0.000052
FILLER_0_677,VSS,Metal1,386.4000,15.6800,0.000052
FILLER_0_669,VSS,Metal1,383.0930,16.1415,0.000052
FILLER_0_664,VSS,Metal1,378.8400,15.6800,0.000052
FILLER_0_648,VSS,Metal1,373.4720,16.2280,0.000052
FILLER_0_614,VSS,Metal1,358.8440,16.2775,0.000052
FILLER_0_607,VSS,Metal1,346.9200,15.6800,0.000052
FILLER_0_602,VSS,Metal1,344.1200,15.6800,0.000052
FILLER_0_600,VSS,Metal1,343.2800,15.6800,0.000052
FILLER_0_596,VSS,Metal1,341.2200,16.0285,0.000052
FILLER_0_580,VSS,Metal1,335.3920,16.2280,0.000052
FILLER_0_546,VSS,Metal1,320.7640,16.2775,0.000057
FILLER_0_512,VSS,Metal1,301.7240,16.2775,0.000062
FILLER_0_508,VSS,Metal1,291.7600,15.6800,0.000069
FILLER_0_500,VSS,Metal1,288.4530,16.1415,0.000069
FILLER_0_484,VSS,Metal1,278.0400,15.6800,0.000070
FILLER_0_482,VSS,Metal1,277.2000,15.6800,0.000078
FILLER_0_478,VSS,Metal1,275.1400,16.0285,0.000078
FILLER_0_468,VSS,Metal1,270.5330,16.1415,0.000083
FILLER_0_452,VSS,Metal1,263.7120,16.2280,0.000086
FILLER_0_418,VSS,Metal1,241.3600,15.6800,0.000109
FILLER_0_399,VSS,Metal1,230.4400,15.6800,0.000114
FILLER_0_395,VSS,Metal1,228.6600,16.0285,0.000114
FILLER_0_390,VSS,Metal1,225.4000,15.6800,0.000115
FILLER_0_388,VSS,Metal1,224.5600,15.6800,0.000119
FILLER_0_384,VSS,Metal1,222.5000,16.0285,0.000119
FILLER_0_376,VSS,Metal1,219.0130,16.1415,0.000121
FILLER_0_373,VSS,Metal1,215.8800,15.6800,0.000124
FILLER_0_369,VSS,Metal1,214.1000,16.0285,0.000124
FILLER_0_360,VSS,Metal1,208.6000,15.6800,0.000127
FILLER_0_358,VSS,Metal1,207.7600,15.6800,0.000127
FILLER_0_339,VSS,Metal1,196.8400,15.6800,0.000129
FILLER_0_337,VSS,Metal1,196.0000,15.6800,0.000131
FILLER_0_310,VSS,Metal1,180.6000,15.6800,0.000130
FILLER_0_308,VSS,Metal1,179.7600,15.6800,0.000130
FILLER_0_263,VSS,Metal1,154.2800,15.6800,0.000177
FILLER_0_206,VSS,Metal1,122.3600,15.6800,0.000210
FILLER_0_188,VSS,Metal1,112.2800,15.6800,0.000214
FILLER_0_70,VSS,Metal1,46.2000,15.6800,0.000207
FILLER_0_172,VSS,Metal1,103.3200,15.6800,0.000216
FILLER_0_153,VSS,Metal1,92.6800,15.6800,0.000220
FILLER_0_36,VSS,Metal1,28.6130,16.1415,0.000170
FILLER_0_2,VSS,Metal1,16.1240,16.2775,0.000166
FILLER_0_169,VSS,Metal1,101.6400,15.6800,0.000219
FILLER_0_104,VSS,Metal1,65.2400,15.6800,0.000219
ANTENNA_1,VSS,Metal1,230.7200,360.6400,0.000116
clkload21,VSS,Metal1,316.7600,336.6625,0.000251
clkload20,VSS,Metal1,325.1600,267.0175,0.000479
clkload19,VSS,Metal1,258.5200,267.0175,0.000536
clkload18,VSS,Metal1,185.1600,328.8225,0.000544
clkload17,VSS,Metal1,150.4400,337.5775,0.000276
clkload16,VSS,Metal1,190.0400,242.5825,0.000391
clkload15,VSS,Metal1,147.0800,242.5825,0.000316
clkload14,VSS,Metal1,335.8000,187.7025,0.000385
clkload13,VSS,Metal1,302.2000,156.3425,0.000514
clkload12,VSS,Metal1,310.6000,101.4625,0.000404
clkload11,VSS,Metal1,274.2000,117.1425,0.000420
clkload10,VSS,Metal1,199.1600,179.8625,0.000396
clkload9,VSS,Metal1,255.1600,165.0975,0.000403
clkbuf_5_31__f_periph_clk_i,VSS,Metal1,339.7750,344.3470,0.000386
clkbuf_5_30__f_periph_clk_i,VSS,Metal1,339.7750,320.8270,0.000381
clkbuf_5_29__f_periph_clk_i,VSS,Metal1,283.2150,345.5725,0.000406
clkbuf_5_28__f_periph_clk_i,VSS,Metal1,262.7850,328.6670,0.000592
clkbuf_5_27__f_periph_clk_i,VSS,Metal1,339.7750,265.9470,0.000478
clkbuf_5_26__f_periph_clk_i,VSS,Metal1,339.7750,250.2670,0.000266
clkbuf_5_25__f_periph_clk_i,VSS,Metal1,280.9750,267.1725,0.000536
clkbuf_5_24__f_periph_clk_i,VSS,Metal1,280.9750,243.6525,0.000391
clkbuf_5_23__f_periph_clk_i,VSS,Metal1,202.5750,322.0525,0.000430
clkbuf_5_22__f_periph_clk_i,VSS,Metal1,204.8150,306.3725,0.000256
clkbuf_5_21__f_periph_clk_i,VSS,Metal1,166.1750,329.8925,0.000530
clkbuf_5_20__f_periph_clk_i,VSS,Metal1,163.9350,298.5325,0.000323
clkbuf_5_19__f_periph_clk_i,VSS,Metal1,205.9350,243.6525,0.000392
clkbuf_5_18__f_periph_clk_i,VSS,Metal1,205.9350,235.8125,0.000391
clkbuf_5_17__f_periph_clk_i,VSS,Metal1,163.3750,267.1725,0.000483
clkbuf_5_16__f_periph_clk_i,VSS,Metal1,163.3750,235.8125,0.000387
clkbuf_5_15__f_periph_clk_i,VSS,Metal1,359.3750,180.9325,0.000385
clkbuf_5_14__f_periph_clk_i,VSS,Metal1,341.1850,156.1870,0.000491
clkbuf_5_13__f_periph_clk_i,VSS,Metal1,321.8550,188.7725,0.000385
clkbuf_5_12__f_periph_clk_i,VSS,Metal1,320.1750,149.5725,0.000383
clkbuf_5_11__f_periph_clk_i,VSS,Metal1,318.2250,102.5325,0.000404
clkbuf_5_10__f_periph_clk_i,VSS,Metal1,339.7750,85.6270,0.000294
clkbuf_5_9__f_periph_clk_i,VSS,Metal1,282.3850,110.3725,0.000369
clkbuf_5_8__f_periph_clk_i,VSS,Metal1,300.5750,93.4670,0.000256
clkbuf_5_7__f_periph_clk_i,VSS,Metal1,205.9350,180.9325,0.000396
clkbuf_5_6__f_periph_clk_i,VSS,Metal1,181.0250,171.8670,0.000570
clkbuf_5_5__f_periph_clk_i,VSS,Metal1,145.1850,187.5470,0.000418
clkbuf_5_4__f_periph_clk_i,VSS,Metal1,144.6250,171.8670,0.000572
clkbuf_5_3__f_periph_clk_i,VSS,Metal1,264.7350,171.8670,0.000557
clkbuf_5_2__f_periph_clk_i,VSS,Metal1,264.7350,164.0270,0.000403
clkbuf_5_1__f_periph_clk_i,VSS,Metal1,245.1350,157.4125,0.000649
clkbuf_5_0__f_periph_clk_i,VSS,Metal1,245.1350,126.0525,0.000362
clkbuf_4_15_0_periph_clk_i,VSS,Metal1,299.9600,328.8225,0.000522
clkbuf_4_14_0_periph_clk_i,VSS,Metal1,279.6400,329.7375,0.000588
clkbuf_4_13_0_periph_clk_i,VSS,Metal1,294.3600,259.1775,0.000242
clkbuf_4_12_0_periph_clk_i,VSS,Metal1,279.6400,259.1775,0.000251
clkbuf_4_11_0_periph_clk_i,VSS,Metal1,173.4000,320.9825,0.000384
clkbuf_4_10_0_periph_clk_i,VSS,Metal1,154.7600,314.0575,0.000323
clkbuf_4_9_0_periph_clk_i,VSS,Metal1,179.5600,258.2625,0.000225
clkbuf_4_8_0_periph_clk_i,VSS,Metal1,159.2400,258.2625,0.000235
clkbuf_4_7_0_periph_clk_i,VSS,Metal1,331.8800,165.0975,0.000343
clkbuf_4_6_0_periph_clk_i,VSS,Metal1,308.2000,164.1825,0.000382
clkbuf_4_5_0_periph_clk_i,VSS,Metal1,314.3600,101.4625,0.000404
clkbuf_4_4_0_periph_clk_i,VSS,Metal1,284.8400,109.3025,0.000369
clkbuf_4_3_0_periph_clk_i,VSS,Metal1,176.7600,172.9375,0.000570
clkbuf_4_2_0_periph_clk_i,VSS,Metal1,152.5200,172.9375,0.000574
clkbuf_4_1_0_periph_clk_i,VSS,Metal1,236.6800,156.3425,0.000649
clkbuf_4_0_0_periph_clk_i,VSS,Metal1,231.0800,156.3425,0.000650
clkbuf_0_periph_clk_i,VSS,Metal1,261.3750,211.0670,0.000334
clkload8,VSS,Metal1,180.5200,345.4175,0.000359
clkload7,VSS,Metal1,63.6400,282.6975,0.000316
clkload6,VSS,Metal1,44.0400,211.2225,0.000253
clkload5,VSS,Metal1,147.4800,148.5025,0.000388
clkload4,VSS,Metal1,63.6400,157.2575,0.000588
clkload3,VSS,Metal1,278.5200,117.1425,0.000416
clkload2,VSS,Metal1,271.4000,54.4225,0.000360
clkload1,VSS,Metal1,209.8000,47.4975,0.000464
clkload0,VSS,Metal1,83.2400,77.9425,0.000357
clkbuf_5_31__f_sys_clk_i,VSS,Metal1,202.5750,337.7325,0.000318
clkbuf_5_30__f_sys_clk_i,VSS,Metal1,202.5750,345.5725,0.000361
clkbuf_5_29__f_sys_clk_i,VSS,Metal1,147.1350,352.1870,0.000238
clkbuf_5_28__f_sys_clk_i,VSS,Metal1,125.5850,329.8925,0.000534
clkbuf_5_27__f_sys_clk_i,VSS,Metal1,83.0250,282.8525,0.000317
clkbuf_5_26__f_sys_clk_i,VSS,Metal1,104.5750,265.9470,0.000513
clkbuf_5_25__f_sys_clk_i,VSS,Metal1,66.4950,328.6670,0.000512
clkbuf_5_24__f_sys_clk_i,VSS,Metal1,65.3750,312.9870,0.000354
clkbuf_5_23__f_sys_clk_i,VSS,Metal1,47.1850,204.4525,0.000403
clkbuf_5_22__f_sys_clk_i,VSS,Metal1,84.9750,188.7725,0.000446
clkbuf_5_21__f_sys_clk_i,VSS,Metal1,65.3750,250.2670,0.000294
clkbuf_5_20__f_sys_clk_i,VSS,Metal1,47.1850,235.8125,0.000384
clkbuf_5_19__f_sys_clk_i,VSS,Metal1,163.9350,149.5725,0.000390
clkbuf_5_18__f_sys_clk_i,VSS,Metal1,147.1350,140.5070,0.000238
clkbuf_5_17__f_sys_clk_i,VSS,Metal1,83.0250,157.4125,0.000590
clkbuf_5_16__f_sys_clk_i,VSS,Metal1,107.9350,156.1870,0.000591
clkbuf_5_15__f_sys_clk_i,VSS,Metal1,303.9350,116.9870,0.000416
clkbuf_5_14__f_sys_clk_i,VSS,Metal1,279.0250,102.5325,0.000404
clkbuf_5_13__f_sys_clk_i,VSS,Metal1,224.4150,148.3470,0.000393
clkbuf_5_12__f_sys_clk_i,VSS,Metal1,222.1750,116.9870,0.000428
clkbuf_5_11__f_sys_clk_i,VSS,Metal1,284.3350,63.3325,0.000378
clkbuf_5_10__f_sys_clk_i,VSS,Metal1,284.3350,55.4925,0.000360
clkbuf_5_9__f_sys_clk_i,VSS,Metal1,223.5850,46.4270,0.000464
clkbuf_5_8__f_sys_clk_i,VSS,Metal1,245.1350,39.8125,0.000293
clkbuf_5_7__f_sys_clk_i,VSS,Metal1,104.5750,77.7870,0.000356
clkbuf_5_6__f_sys_clk_i,VSS,Metal1,66.7850,69.9470,0.000381
clkbuf_5_5__f_sys_clk_i,VSS,Metal1,66.7850,116.9870,0.000388
clkbuf_5_4__f_sys_clk_i,VSS,Metal1,84.9750,86.8525,0.000375
clkbuf_5_3__f_sys_clk_i,VSS,Metal1,147.1350,69.9470,0.000386
clkbuf_5_2__f_sys_clk_i,VSS,Metal1,147.1350,30.7470,0.000366
clkbuf_5_1__f_sys_clk_i,VSS,Metal1,124.7350,47.6525,0.000532
clkbuf_5_0__f_sys_clk_i,VSS,Metal1,102.6250,46.4270,0.000532
clkbuf_4_15_0_sys_clk_i,VSS,Metal1,168.9200,337.5775,0.000297
clkbuf_4_14_0_sys_clk_i,VSS,Metal1,121.7200,344.5025,0.000346
clkbuf_4_13_0_sys_clk_i,VSS,Metal1,77.0800,267.0175,0.000469
clkbuf_4_12_0_sys_clk_i,VSS,Metal1,58.4400,314.0575,0.000354
clkbuf_4_11_0_sys_clk_i,VSS,Metal1,48.9200,187.7025,0.000418
clkbuf_4_10_0_sys_clk_i,VSS,Metal1,48.9200,234.7425,0.000385
clkbuf_4_9_0_sys_clk_i,VSS,Metal1,128.6000,148.5025,0.000376
clkbuf_4_8_0_sys_clk_i,VSS,Metal1,79.8800,156.3425,0.000591
clkbuf_4_7_0_sys_clk_i,VSS,Metal1,273.6400,109.3025,0.000369
clkbuf_4_6_0_sys_clk_i,VSS,Metal1,211.8800,125.8975,0.000342
clkbuf_4_5_0_sys_clk_i,VSS,Metal1,260.2000,70.1025,0.000312
clkbuf_4_4_0_sys_clk_i,VSS,Metal1,224.7600,54.4225,0.000378
clkbuf_4_3_0_sys_clk_i,VSS,Metal1,69.8000,78.8575,0.000351
clkbuf_4_2_0_sys_clk_i,VSS,Metal1,65.3200,109.3025,0.000215
clkbuf_4_1_0_sys_clk_i,VSS,Metal1,108.4400,55.3375,0.000392
clkbuf_4_0_0_sys_clk_i,VSS,Metal1,78.7600,54.4225,0.000384
clkbuf_0_sys_clk_i,VSS,Metal1,202.5750,204.4525,0.000378
udma_uart_top,VSS,Metal1,383.7800,392.3650,0.000017
fanout458,VSS,Metal1,213.3440,391.6205,0.000021
wire457,VSS,Metal1,289.7200,368.9375,0.000031
fanout456,VSS,Metal1,209.4240,376.6995,0.000072
load_slew455,VSS,Metal1,303.7200,353.2575,0.000243
wire454,VSS,Metal1,335.8000,328.8225,0.000346
fanout453,VSS,Metal1,302.3840,375.9405,0.000071
load_slew452,VSS,Metal1,200.1200,375.8625,0.000071
load_slew451,VSS,Metal1,224.9200,336.6625,0.000314
load_slew450,VSS,Metal1,246.0400,336.6625,0.000314
fanout449,VSS,Metal1,213.3760,383.7805,0.000066
load_slew448,VSS,Metal1,229.9600,392.4575,0.000021
load_slew447,VSS,Metal1,225.3200,376.7775,0.000074
load_slew446,VSS,Metal1,246.6000,392.4575,0.000021
fanout445,VSS,Metal1,205.5040,368.8595,0.000029
wire444,VSS,Metal1,329.6400,267.0175,0.000478
fanout443,VSS,Metal1,311.3440,259.0995,0.000239
load_slew442,VSS,Metal1,304.4150,243.3950,0.000334
load_slew441,VSS,Metal1,323.3450,242.6850,0.000333
fanout440,VSS,Metal1,291.7760,250.5005,0.000270
load_slew439,VSS,Metal1,250.6800,289.6225,0.000103
fanout438,VSS,Metal1,225.1360,281.8605,0.000217
load_slew437,VSS,Metal1,215.2400,273.9425,0.000151
load_slew436,VSS,Metal1,219.8550,266.9150,0.000517
load_slew435,VSS,Metal1,226.0400,243.4975,0.000392
fanout434,VSS,Metal1,207.7440,266.9395,0.000517
fanout433,VSS,Metal1,36.9440,329.6595,0.000468
load_slew432,VSS,Metal1,171.1600,361.0975,0.000076
load_slew431,VSS,Metal1,174.9450,360.9950,0.000077
fanout430,VSS,Metal1,116.4960,345.3395,0.000345
load_slew429,VSS,Metal1,149.8800,344.5025,0.000357
wire428,VSS,Metal1,149.8800,321.8975,0.000387
fanout427,VSS,Metal1,134.4160,337.4995,0.000276
wire426,VSS,Metal1,70.3600,337.5775,0.000219
fanout425,VSS,Metal1,33.5840,336.7405,0.000192
load_slew424,VSS,Metal1,48.9450,329.6350,0.000502
load_slew423,VSS,Metal1,59.5600,329.7375,0.000512
fanout422,VSS,Metal1,36.3840,328.9005,0.000468
load_slew421,VSS,Metal1,158.8150,282.5950,0.000279
fanout420,VSS,Metal1,145.0240,281.8605,0.000285
load_slew419,VSS,Metal1,139.6400,289.6225,0.000116
load_slew418,VSS,Metal1,157.1600,274.8575,0.000170
load_slew417,VSS,Metal1,157.1350,259.0750,0.000236
fanout416,VSS,Metal1,128.2240,282.6195,0.000297
load_slew415,VSS,Metal1,74.8400,274.8575,0.000178
fanout414,VSS,Metal1,36.9760,290.4595,0.000106
wire413,VSS,Metal1,49.6400,289.6225,0.000110
load_slew412,VSS,Metal1,42.7850,289.7250,0.000106
load_slew411,VSS,Metal1,58.6000,282.6975,0.000311
fanout410,VSS,Metal1,31.3440,289.7005,0.000106
load_slew409,VSS,Metal1,42.7850,242.6850,0.000303
load_slew408,VSS,Metal1,40.0950,243.3950,0.000303
fanout407,VSS,Metal1,31.3440,250.5005,0.000288
wire406,VSS,Metal1,167.2400,203.3825,0.000322
fanout405,VSS,Metal1,36.3840,195.6205,0.000202
load_slew404,VSS,Metal1,239.4800,196.4575,0.000209
wire403,VSS,Metal1,357.0800,179.8625,0.000385
fanout402,VSS,Metal1,219.5040,195.6205,0.000212
load_slew401,VSS,Metal1,258.9200,203.3825,0.000362
load_slew400,VSS,Metal1,265.2150,196.3550,0.000202
fanout399,VSS,Metal1,252.5440,195.6205,0.000207
load_slew398,VSS,Metal1,228.6800,203.3825,0.000373
wire397,VSS,Metal1,225.3200,204.2975,0.000378
fanout396,VSS,Metal1,217.2640,203.4605,0.000378
load_slew395,VSS,Metal1,228.1200,149.4175,0.000393
wire394,VSS,Metal1,229.4000,140.6625,0.000237
fanout393,VSS,Metal1,211.1360,157.1795,0.000601
load_slew392,VSS,Metal1,268.0400,94.5375,0.000250
fanout391,VSS,Metal1,255.9360,101.5405,0.000402
load_slew390,VSS,Metal1,254.0400,94.5375,0.000249
fanout389,VSS,Metal1,252.0160,102.2995,0.000401
wire388,VSS,Metal1,228.8400,38.7425,0.000292
load_slew387,VSS,Metal1,225.3450,55.2350,0.000378
fanout386,VSS,Metal1,213.3760,54.5005,0.000374
load_slew385,VSS,Metal1,54.1200,195.5425,0.000217
fanout384,VSS,Metal1,35.8240,187.7805,0.000418
load_slew383,VSS,Metal1,147.6400,188.6175,0.000418
load_slew382,VSS,Metal1,181.2400,179.8625,0.000387
fanout381,VSS,Metal1,134.3840,188.5395,0.000418
load_slew380,VSS,Metal1,142.6000,203.3825,0.000347
load_slew379,VSS,Metal1,127.3200,179.8625,0.000389
fanout378,VSS,Metal1,134.9760,195.6205,0.000203
load_slew377,VSS,Metal1,135.1600,149.4175,0.000375
load_slew376,VSS,Metal1,134.1750,132.9250,0.000073
fanout375,VSS,Metal1,123.7760,149.3395,0.000374
load_slew374,VSS,Metal1,45.0250,157.1550,0.000550
wire373,VSS,Metal1,45.7200,125.8975,0.000229
fanout372,VSS,Metal1,36.9760,180.6995,0.000359
load_slew371,VSS,Metal1,49.6150,195.6450,0.000217
wire370,VSS,Metal1,65.8800,211.2225,0.000271
fanout369,VSS,Metal1,31.3760,179.9405,0.000359
wire368,VSS,Metal1,49.0800,102.3775,0.000264
load_slew367,VSS,Metal1,44.0150,101.5650,0.000255
fanout366,VSS,Metal1,36.9440,102.2995,0.000253
load_slew365,VSS,Metal1,130.2800,109.3025,0.000226
load_slew364,VSS,Metal1,131.8000,101.4625,0.000280
load_slew363,VSS,Metal1,129.1600,77.9425,0.000336
fanout362,VSS,Metal1,114.7840,101.5405,0.000280
load_slew361,VSS,Metal1,180.5200,39.6575,0.000255
fanout360,VSS,Metal1,173.5840,47.4195,0.000468
load_slew359,VSS,Metal1,127.3450,38.8450,0.000277
load_slew358,VSS,Metal1,109.9600,39.6575,0.000277
fanout357,VSS,Metal1,122.0640,39.5795,0.000277
load_slew356,VSS,Metal1,42.7600,110.2175,0.000197
load_slew355,VSS,Metal1,89.4000,85.7825,0.000375
load_slew354,VSS,Metal1,108.4400,71.0175,0.000392
fanout353,VSS,Metal1,31.3440,101.5405,0.000253
load_slew352,VSS,Metal1,42.4600,62.4135,0.000280
load_slew351,VSS,Metal1,62.9450,55.2350,0.000318
load_slew350,VSS,Metal1,78.7600,71.0175,0.000381
fanout349,VSS,Metal1,31.3440,62.3405,0.000279
load_slew348,VSS,Metal1,315.4800,156.3425,0.000494
fanout347,VSS,Metal1,350.0160,125.0605,0.000272
load_slew346,VSS,Metal1,367.1600,102.3775,0.000409
load_slew345,VSS,Metal1,333.9600,118.0575,0.000411
load_slew344,VSS,Metal1,346.2800,172.9375,0.000437
fanout343,VSS,Metal1,346.0640,132.9005,0.000072
load_slew342,VSS,Metal1,298.1200,118.0575,0.000416
load_slew341,VSS,Metal1,288.0400,124.9825,0.000340
load_slew340,VSS,Metal1,275.0600,132.9735,0.000077
fanout339,VSS,Metal1,311.3760,110.1395,0.000365
wire338,VSS,Metal1,386.2000,39.6575,0.000246
load_slew337,VSS,Metal1,324.4400,86.6975,0.000294
fanout336,VSS,Metal1,349.9840,70.1805,0.000224
load_slew335,VSS,Metal1,346.3050,63.0750,0.000292
load_slew334,VSS,Metal1,344.6250,54.5250,0.000326
fanout333,VSS,Metal1,369.6160,55.2595,0.000327
load_slew332,VSS,Metal1,294.2000,94.5375,0.000256
load_slew331,VSS,Metal1,285.9600,62.2625,0.000378
load_slew330,VSS,Metal1,285.2650,46.6850,0.000434
fanout329,VSS,Metal1,298.4960,101.5405,0.000404
fanout328,VSS,Metal1,167.2400,204.2975,0.000322
load_slew327,VSS,Metal1,121.1850,219.8750,0.000139
fanout326,VSS,Metal1,125.2400,212.1375,0.000290
fanout325,VSS,Metal1,132.7360,313.9795,0.000331
fanout324,VSS,Metal1,134.7600,243.4975,0.000317
load_slew323,VSS,Metal1,245.6150,109.4050,0.000353
load_slew322,VSS,Metal1,234.8650,109.4050,0.000339
wire319,VSS,Metal1,181.2400,368.9375,0.000027
fanout318,VSS,Metal1,174.1760,305.3805,0.000239
load_slew317,VSS,Metal1,199.7200,93.6225,0.000218
wire316,VSS,Metal1,206.4400,30.9025,0.000256
wire315,VSS,Metal1,357.6400,93.6225,0.000229
fanout314,VSS,Metal1,189.8560,30.9805,0.000256
load_slew313,VSS,Metal1,232.2000,118.0575,0.000428
load_slew311,VSS,Metal1,386.7600,71.0175,0.000229
fanout310,VSS,Metal1,369.5840,94.4595,0.000230
fanout309,VSS,Metal1,235.5600,23.9775,0.000166
fanout308,VSS,Metal1,386.7600,63.1775,0.000292
wire307,VSS,Metal1,303.4200,125.7460,0.000330
load_slew306,VSS,Metal1,233.7200,62.2625,0.000376
wire305,VSS,Metal1,371.4800,70.1025,0.000227
fanout304,VSS,Metal1,222.3040,62.3405,0.000376
load_slew303,VSS,Metal1,102.1200,165.0975,0.000379
load_slew302,VSS,Metal1,97.6650,179.9650,0.000388
load_slew301,VSS,Metal1,98.3600,195.5425,0.000216
load_slew300,VSS,Metal1,100.0400,219.0625,0.000171
fanout299,VSS,Metal1,106.3840,164.2605,0.000379
load_slew298,VSS,Metal1,232.8000,195.5740,0.000211
load_slew295,VSS,Metal1,190.1750,313.9550,0.000229
load_slew294,VSS,Metal1,197.3450,360.2850,0.000110
load_slew292,VSS,Metal1,273.0800,306.2175,0.000244
fanout291,VSS,Metal1,261.5040,305.3805,0.000253
load_slew290,VSS,Metal1,255.0000,337.5775,0.000313
load_slew289,VSS,Metal1,255.1600,344.5025,0.000403
fanout288,VSS,Metal1,243.5840,337.4995,0.000314
load_slew287,VSS,Metal1,296.7000,140.8135,0.000198
load_slew286,VSS,Metal1,304.8650,140.7650,0.000165
fanout285,VSS,Metal1,283.3440,133.6595,0.000077
load_slew284,VSS,Metal1,293.2400,78.8575,0.000210
load_slew283,VSS,Metal1,278.5450,78.0450,0.000213
fanout282,VSS,Metal1,282.7840,94.4595,0.000256
load_slew281,VSS,Metal1,149.7450,258.3650,0.000238
load_slew280,VSS,Metal1,181.2400,118.0575,0.000384
load_slew279,VSS,Metal1,166.5200,132.8225,0.000074
wire278,VSS,Metal1,156.4400,196.4575,0.000192
load_slew277,VSS,Metal1,181.8000,109.3025,0.000230
fanout276,VSS,Metal1,169.6640,110.1395,0.000226
wire275,VSS,Metal1,262.4400,392.4575,0.000021
load_slew273,VSS,Metal1,187.3750,384.5150,0.000060
load_slew272,VSS,Metal1,196.2000,376.7775,0.000068
load_slew271,VSS,Metal1,195.2400,392.4575,0.000020
load_slew270,VSS,Metal1,239.4800,368.0225,0.000030
load_slew268,VSS,Metal1,155.3200,78.8575,0.000303
load_slew267,VSS,Metal1,148.0400,71.0175,0.000386
load_slew266,VSS,Metal1,146.9200,94.5375,0.000200
load_slew265,VSS,Metal1,107.7200,94.5375,0.000206
load_slew264,VSS,Metal1,125.6400,63.1775,0.000334
fanout263,VSS,Metal1,162.4160,55.2595,0.000358
load_slew262,VSS,Metal1,121.7200,30.9025,0.000364
load_slew261,VSS,Metal1,104.9200,62.2625,0.000334
fanout260,VSS,Metal1,166.8960,39.5795,0.000258
wire259,VSS,Metal1,169.8800,30.9025,0.000326
load_slew258,VSS,Metal1,160.3850,38.8450,0.000258
load_slew257,VSS,Metal1,67.4000,16.1375,0.000220
load_slew256,VSS,Metal1,53.9600,47.4975,0.000485
load_slew255,VSS,Metal1,20.9200,78.8575,0.000330
fanout254,VSS,Metal1,171.9040,31.7395,0.000326
load_slew253,VSS,Metal1,298.8150,204.1950,0.000307
load_slew252,VSS,Metal1,321.2150,204.1950,0.000279
fanout251,VSS,Metal1,286.7360,204.2195,0.000320
load_slew250,VSS,Metal1,200.1200,242.5825,0.000392
load_slew249,VSS,Metal1,154.7850,258.3650,0.000236
fanout248,VSS,Metal1,213.3760,234.8205,0.000391
wire247,VSS,Metal1,69.2400,251.3375,0.000294
load_slew246,VSS,Metal1,23.1850,227.7150,0.000166
load_slew245,VSS,Metal1,146.8200,86.5460,0.000302
load_slew244,VSS,Metal1,148.6250,78.7550,0.000327
load_slew243,VSS,Metal1,132.9200,78.8575,0.000329
load_slew242,VSS,Metal1,107.7200,78.8575,0.000356
load_slew241,VSS,Metal1,29.3200,94.5375,0.000201
fanout240,VSS,Metal1,152.8960,85.8605,0.000302
load_slew239,VSS,Metal1,146.9450,31.7150,0.000366
wire238,VSS,Metal1,152.1200,16.1375,0.000177
fanout237,VSS,Metal1,150.6560,46.6605,0.000505
load_slew236,VSS,Metal1,93.7200,78.8575,0.000356
wire235,VSS,Metal1,57.3200,46.5825,0.000498
load_slew234,VSS,Metal1,11.4000,71.0175,0.000365
load_slew233,VSS,Metal1,16.0400,94.5375,0.000196
fanout232,VSS,Metal1,95.2160,70.9395,0.000391
fanout231,VSS,Metal1,218.3840,289.7005,0.000110
load_slew230,VSS,Metal1,177.7200,281.7825,0.000246
fanout229,VSS,Metal1,199.3440,274.7795,0.000150
load_slew228,VSS,Metal1,315.6400,266.1025,0.000532
fanout227,VSS,Metal1,303.5040,266.1805,0.000533
load_slew226,VSS,Metal1,324.0400,281.7825,0.000168
fanout225,VSS,Metal1,313.0240,266.9395,0.000532
load_slew224,VSS,Metal1,303.0120,124.9260,0.000330
load_slew223,VSS,Metal1,298.1450,86.5950,0.000300
load_slew222,VSS,Metal1,316.0650,109.4050,0.000365
load_slew221,VSS,Metal1,367.6950,78.0450,0.000187
output220,VSS,Metal1,9.7200,273.9425,0.000155
output219,VSS,Metal1,210.7600,16.1375,0.000125
output218,VSS,Metal1,171.0000,16.1375,0.000146
output217,VSS,Metal1,9.7200,179.8625,0.000389
output216,VSS,Metal1,9.7200,180.7775,0.000389
output215,VSS,Metal1,257.2400,16.1375,0.000090
output214,VSS,Metal1,253.8800,23.9775,0.000165
output213,VSS,Metal1,338.0400,165.0975,0.000338
output212,VSS,Metal1,386.7600,47.4975,0.000410
output211,VSS,Metal1,330.2000,132.8225,0.000071
output210,VSS,Metal1,363.2400,77.9425,0.000187
output209,VSS,Metal1,386.7600,55.3375,0.000327
output208,VSS,Metal1,363.2400,70.1025,0.000227
output207,VSS,Metal1,232.6000,16.1375,0.000112
output206,VSS,Metal1,88.6800,70.1025,0.000391
output205,VSS,Metal1,43.8800,23.9775,0.000191
output204,VSS,Metal1,61.9600,16.1375,0.000219
output203,VSS,Metal1,113.8800,71.0175,0.000392
output202,VSS,Metal1,121.1600,63.1775,0.000335
output201,VSS,Metal1,127.3200,85.7825,0.000365
output200,VSS,Metal1,107.7200,63.1775,0.000335
output199,VSS,Metal1,130.1200,46.5825,0.000532
output198,VSS,Metal1,167.2400,46.5825,0.000468
output197,VSS,Metal1,9.7200,118.0575,0.000392
output196,VSS,Metal1,14.2000,102.3775,0.000251
output195,VSS,Metal1,102.8400,63.1775,0.000334
output194,VSS,Metal1,101.1600,62.2625,0.000334
output193,VSS,Metal1,43.3200,23.0625,0.000191
output192,VSS,Metal1,38.8400,23.0625,0.000185
output191,VSS,Metal1,127.8800,78.8575,0.000336
output190,VSS,Metal1,37.7200,16.1375,0.000192
output189,VSS,Metal1,150.2800,55.3375,0.000362
output188,VSS,Metal1,112.2000,78.8575,0.000356
output187,VSS,Metal1,151.4000,31.8175,0.000366
output186,VSS,Metal1,151.4000,38.7425,0.000270
output185,VSS,Metal1,50.2000,39.6575,0.000268
output184,VSS,Metal1,14.2000,86.6975,0.000333
output183,VSS,Metal1,83.8000,71.0175,0.000381
output182,VSS,Metal1,34.3600,23.0625,0.000174
output181,VSS,Metal1,20.9200,125.8975,0.000213
output180,VSS,Metal1,9.7200,86.6975,0.000332
output179,VSS,Metal1,82.5200,54.4225,0.000394
output178,VSS,Metal1,200.1200,16.1375,0.000129
output177,VSS,Metal1,192.8400,16.1375,0.000131
output176,VSS,Metal1,166.5200,16.1375,0.000153
output175,VSS,Metal1,9.7200,149.4175,0.000324
output174,VSS,Metal1,78.6000,63.1775,0.000302
output173,VSS,Metal1,33.2400,16.1375,0.000183
output172,VSS,Metal1,82.5200,46.5825,0.000532
output171,VSS,Metal1,79.1600,55.3375,0.000384
output170,VSS,Metal1,142.0400,63.1775,0.000334
output169,VSS,Metal1,118.3600,71.0175,0.000392
output168,VSS,Metal1,139.0800,85.7825,0.000326
output167,VSS,Metal1,48.3600,16.1375,0.000211
output166,VSS,Metal1,9.7200,117.1425,0.000392
output165,VSS,Metal1,9.7200,102.3775,0.000251
output164,VSS,Metal1,58.4400,39.6575,0.000268
output163,VSS,Metal1,14.2000,149.4175,0.000324
output162,VSS,Metal1,122.4400,78.8575,0.000352
output161,VSS,Metal1,63.6400,47.4975,0.000522
output160,VSS,Metal1,53.9600,39.6575,0.000268
output159,VSS,Metal1,42.2000,16.1375,0.000201
output158,VSS,Metal1,112.2000,85.7825,0.000373
output157,VSS,Metal1,9.7200,204.2975,0.000379
output156,VSS,Metal1,133.6400,55.3375,0.000388
output155,VSS,Metal1,79.1600,47.4975,0.000524
output154,VSS,Metal1,9.7200,63.1775,0.000282
output153,VSS,Metal1,9.7200,77.9425,0.000331
output152,VSS,Metal1,58.4400,47.4975,0.000499
output151,VSS,Metal1,39.4000,23.9775,0.000185
output150,VSS,Metal1,20.9200,141.5775,0.000227
output149,VSS,Metal1,9.7200,94.5375,0.000196
output148,VSS,Metal1,62.9200,39.6575,0.000268
output147,VSS,Metal1,162.0400,16.1375,0.000161
output146,VSS,Metal1,126.7600,16.1375,0.000209
output145,VSS,Metal1,156.4400,16.1375,0.000172
output144,VSS,Metal1,176.2000,16.1375,0.000134
output143,VSS,Metal1,205.3200,16.1375,0.000127
output142,VSS,Metal1,238.2000,16.1375,0.000109
output141,VSS,Metal1,356.9200,172.0225,0.000439
output140,VSS,Metal1,367.0000,70.1025,0.000227
output139,VSS,Metal1,342.9200,102.3775,0.000409
output138,VSS,Metal1,363.2400,179.8625,0.000385
output137,VSS,Metal1,181.7750,392.3550,0.000018
output136,VSS,Metal1,285.9600,392.4575,0.000019
output135,VSS,Metal1,333.9850,132.9250,0.000071
output134,VSS,Metal1,208.5450,368.1250,0.000029
output133,VSS,Metal1,257.9350,392.3550,0.000021
output132,VSS,Metal1,265.2400,368.9375,0.000031
output131,VSS,Metal1,257.2400,361.0975,0.000134
output130,VSS,Metal1,229.8000,353.2575,0.000255
output129,VSS,Metal1,263.9600,368.0225,0.000031
output128,VSS,Metal1,9.7200,298.3775,0.000278
output127,VSS,Metal1,225.3450,353.1550,0.000255
output126,VSS,Metal1,276.9750,392.3550,0.000021
output125,VSS,Metal1,281.4550,392.3550,0.000020
output124,VSS,Metal1,386.7600,70.1025,0.000229
output123,VSS,Metal1,190.0650,392.3550,0.000020
output122,VSS,Metal1,186.2550,392.3550,0.000019
output121,VSS,Metal1,290.4400,392.4575,0.000019
output120,VSS,Metal1,271.3750,392.3550,0.000021
output119,VSS,Metal1,386.7600,203.3825,0.000230
output118,VSS,Metal1,386.7600,196.4575,0.000143
output117,VSS,Metal1,376.5200,188.6175,0.000387
output116,VSS,Metal1,371.4800,188.6175,0.000387
output115,VSS,Metal1,367.0000,179.8625,0.000385
output114,VSS,Metal1,386.7600,188.6175,0.000387
output113,VSS,Metal1,330.2000,118.0575,0.000411
input112,VSS,Metal1,232.4160,391.6205,0.000021
input111,VSS,Metal1,17.3440,391.6205,0.000014
input110,VSS,Metal1,17.3440,164.2605,0.000345
input109,VSS,Metal1,17.3440,203.4605,0.000379
input108,VSS,Metal1,36.3840,203.4605,0.000402
input107,VSS,Metal1,17.3440,195.6205,0.000191
input106,VSS,Metal1,36.9760,212.0595,0.000252
input105,VSS,Metal1,17.3440,258.3405,0.000214
input104,VSS,Metal1,36.4160,234.8205,0.000384
input103,VSS,Metal1,17.3440,266.1805,0.000362
input102,VSS,Metal1,17.3440,226.9805,0.000165
input101,VSS,Metal1,17.3440,156.4205,0.000514
input100,VSS,Metal1,252.0160,47.4195,0.000443
input99,VSS,Metal1,107.1600,23.0625,0.000198
input98,VSS,Metal1,379.1360,54.5005,0.000327
input97,VSS,Metal1,330.9440,117.2205,0.000411
input96,VSS,Metal1,174.1760,38.8205,0.000257
input95,VSS,Metal1,193.2160,54.5005,0.000364
input94,VSS,Metal1,252.0160,31.7395,0.000247
input93,VSS,Metal1,379.1360,85.8605,0.000297
input92,VSS,Metal1,330.3840,110.1395,0.000333
input91,VSS,Metal1,330.9440,101.5405,0.000403
input90,VSS,Metal1,350.5440,157.1795,0.000491
input89,VSS,Metal1,350.5440,133.6595,0.000072
input88,VSS,Metal1,370.1440,101.5405,0.000409
input87,VSS,Metal1,379.1360,164.2605,0.000343
input86,VSS,Metal1,369.5840,165.0195,0.000343
input85,VSS,Metal1,350.0160,109.3805,0.000335
input84,VSS,Metal1,193.2160,38.8205,0.000273
input83,VSS,Metal1,193.1840,23.1405,0.000165
input82,VSS,Metal1,330.3840,78.7795,0.000184
input81,VSS,Metal1,350.5440,117.9795,0.000413
input80,VSS,Metal1,350.5440,94.4595,0.000229
input79,VSS,Metal1,379.1360,46.6605,0.000410
input78,VSS,Metal1,379.1360,109.3805,0.000336
input77,VSS,Metal1,379.1360,93.7005,0.000230
input76,VSS,Metal1,379.1360,78.0205,0.000187
input75,VSS,Metal1,369.5840,149.3395,0.000403
input74,VSS,Metal1,369.5840,133.6595,0.000073
input73,VSS,Metal1,379.1360,132.9005,0.000073
input72,VSS,Metal1,379.1360,187.7805,0.000387
input71,VSS,Metal1,379.1360,140.7405,0.000157
input70,VSS,Metal1,369.6160,141.4995,0.000157
input69,VSS,Metal1,369.5840,78.7795,0.000187
input68,VSS,Metal1,330.9440,109.3805,0.000333
input67,VSS,Metal1,369.5840,70.9395,0.000227
input66,VSS,Metal1,174.1440,23.1405,0.000164
input65,VSS,Metal1,193.7440,39.5795,0.000273
input64,VSS,Metal1,379.1360,38.8205,0.000246
input63,VSS,Metal1,330.9440,140.7405,0.000152
input62,VSS,Metal1,350.5440,86.6195,0.000294
input61,VSS,Metal1,350.5440,78.7795,0.000185
input60,VSS,Metal1,379.1360,117.2205,0.000413
input59,VSS,Metal1,369.5840,117.9795,0.000413
input58,VSS,Metal1,350.5440,110.1395,0.000335
input57,VSS,Metal1,379.1360,156.4205,0.000492
input56,VSS,Metal1,369.6160,157.1795,0.000492
input55,VSS,Metal1,219.5040,23.1405,0.000166
input54,VSS,Metal1,185.9040,62.3405,0.000297
input53,VSS,Metal1,134.9440,23.1405,0.000184
input52,VSS,Metal1,232.9760,31.7395,0.000253
input51,VSS,Metal1,349.9840,117.2205,0.000413
input50,VSS,Metal1,379.1360,62.3405,0.000292
input49,VSS,Metal1,350.5440,70.9395,0.000224
input48,VSS,Metal1,350.5440,141.4995,0.000156
input47,VSS,Metal1,369.5840,110.1395,0.000336
input46,VSS,Metal1,330.3840,133.6595,0.000071
input45,VSS,Metal1,379.1360,195.6205,0.000143
input44,VSS,Metal1,379.1360,148.5805,0.000403
input43,VSS,Metal1,370.1440,125.0605,0.000273
input42,VSS,Metal1,349.9840,148.5805,0.000402
input41,VSS,Metal1,379.1360,179.9405,0.000385
input40,VSS,Metal1,370.1440,172.1005,0.000439
input39,VSS,Metal1,330.3840,125.8195,0.000268
input38,VSS,Metal1,107.7200,23.9775,0.000198
input37,VSS,Metal1,17.3440,148.5805,0.000324
input36,VSS,Metal1,95.7760,54.5005,0.000394
input35,VSS,Metal1,56.5440,23.1405,0.000198
input34,VSS,Metal1,75.5840,23.1405,0.000202
input33,VSS,Metal1,114.7840,54.5005,0.000391
input32,VSS,Metal1,95.1840,23.8995,0.000202
input31,VSS,Metal1,115.3760,31.7395,0.000364
input30,VSS,Metal1,174.1760,391.6205,0.000018
input29,VSS,Metal1,271.5840,391.6205,0.000021
input28,VSS,Metal1,95.7440,38.8205,0.000276
input27,VSS,Metal1,232.4160,383.7805,0.000067
input26,VSS,Metal1,232.9760,384.5395,0.000067
input25,VSS,Metal1,251.9840,368.8595,0.000033
input24,VSS,Metal1,272.1760,384.5395,0.000067
input23,VSS,Metal1,232.9760,368.8595,0.000030
input22,VSS,Metal1,271.5840,375.9405,0.000074
input21,VSS,Metal1,17.3440,328.9005,0.000425
input20,VSS,Metal1,220.6560,368.1005,0.000029
input19,VSS,Metal1,252.0160,384.5395,0.000068
input18,VSS,Metal1,252.5760,375.9405,0.000075
input17,VSS,Metal1,134.9440,54.5005,0.000388
input16,VSS,Metal1,193.2160,391.6205,0.000020
input15,VSS,Metal1,179.2160,368.1005,0.000028
input14,VSS,Metal1,257.5840,360.2605,0.000134
input13,VSS,Metal1,252.5760,391.6205,0.000021
input12,VSS,Metal1,36.9760,63.0995,0.000279
input11,VSS,Metal1,36.4160,85.8605,0.000350
input10,VSS,Metal1,95.2160,39.5795,0.000276
input9,VSS,Metal1,75.6160,38.8205,0.000275
input8,VSS,Metal1,17.3440,125.0605,0.000213
input7,VSS,Metal1,36.3840,109.3805,0.000197
input6,VSS,Metal1,68.5200,31.8175,0.000349
input5,VSS,Metal1,155.8800,38.7425,0.000270
input4,VSS,Metal1,167.1530,63.0980,0.000304
input3,VSS,Metal1,126.7600,23.9775,0.000184
input2,VSS,Metal1,71.8800,16.1375,0.000220
input1,VSS,Metal1,146.3600,54.4225,0.000373
udma_uart_top_490,VSS,Metal1,9.3375,31.7250,0.000289
udma_uart_top_489,VSS,Metal1,386.0200,392.3650,0.000017
udma_uart_top_488,VSS,Metal1,122.4600,46.6750,0.000532
udma_uart_top_487,VSS,Metal1,384.9000,30.9950,0.000182
udma_uart_top_486,VSS,Metal1,384.9000,383.7950,0.000063
udma_uart_top_485,VSS,Metal1,19.9800,392.3650,0.000014
udma_uart_top_484,VSS,Metal1,380.6200,16.0450,0.000052
udma_uart_top_483,VSS,Metal1,387.1400,23.8850,0.000151
udma_uart_top_482,VSS,Metal1,387.1400,391.6350,0.000017
udma_uart_top_481,VSS,Metal1,387.1400,31.7250,0.000182
udma_uart_top_480,VSS,Metal1,384.9000,391.6350,0.000017
udma_uart_top_479,VSS,Metal1,11.5800,23.8850,0.000173
udma_uart_top_478,VSS,Metal1,345.9000,16.0450,0.000052
udma_uart_top_477,VSS,Metal1,138.5000,16.0450,0.000198
udma_uart_top_476,VSS,Metal1,9.3400,30.9950,0.000289
udma_uart_top_475,VSS,Metal1,384.9000,23.8850,0.000151
udma_uart_top_474,VSS,Metal1,9.3400,23.8850,0.000173
udma_uart_top_473,VSS,Metal1,387.1400,384.5250,0.000063
udma_uart_top_472,VSS,Metal1,384.9000,384.5250,0.000063
udma_uart_top_471,VSS,Metal1,124.1400,16.0450,0.000210
udma_uart_top_470,VSS,Metal1,17.7400,392.3650,0.000014
udma_uart_top_469,VSS,Metal1,227.1800,16.0450,0.000115
udma_uart_top_468,VSS,Metal1,146.3400,23.8850,0.000165
udma_uart_top_467,VSS,Metal1,387.1400,383.7950,0.000063
udma_uart_top_466,VSS,Metal1,387.1400,30.9950,0.000182
udma_uart_top_465,VSS,Metal1,387.1400,376.6850,0.000070
udma_uart_top_464,VSS,Metal1,348.7000,16.0450,0.000052
udma_uart_top_463,VSS,Metal1,387.1400,368.1150,0.000028
udma_uart_top_462,VSS,Metal1,11.5800,30.9950,0.000289
udma_uart_top_461,VSS,Metal1,382.6600,384.5250,0.000063
udma_uart_top_460,VSS,Metal1,382.6600,391.6350,0.000017
udma_uart_top_459,VSS,Metal1,384.9000,31.7250,0.000182
TAP_TAPCELL_ROW_96_1135,VSS,Metal1,388.0800,392.4690,0.000017
TAP_TAPCELL_ROW_96_1134,VSS,Metal1,369.0400,392.4690,0.000017
TAP_TAPCELL_ROW_96_1133,VSS,Metal1,350.0000,392.4690,0.000017
TAP_TAPCELL_ROW_96_1132,VSS,Metal1,330.9600,392.4690,0.000017
TAP_TAPCELL_ROW_96_1131,VSS,Metal1,311.9200,392.4690,0.000017
TAP_TAPCELL_ROW_96_1130,VSS,Metal1,292.8800,392.4690,0.000018
TAP_TAPCELL_ROW_96_1129,VSS,Metal1,273.8400,392.4690,0.000021
TAP_TAPCELL_ROW_96_1128,VSS,Metal1,254.8000,392.4690,0.000021
TAP_TAPCELL_ROW_96_1127,VSS,Metal1,235.7600,392.4690,0.000021
TAP_TAPCELL_ROW_96_1126,VSS,Metal1,216.7200,392.4690,0.000021
TAP_TAPCELL_ROW_96_1125,VSS,Metal1,197.6800,392.4690,0.000020
TAP_TAPCELL_ROW_96_1124,VSS,Metal1,178.6400,392.4690,0.000017
TAP_TAPCELL_ROW_96_1123,VSS,Metal1,159.6000,392.4690,0.000017
TAP_TAPCELL_ROW_96_1122,VSS,Metal1,140.5600,392.4690,0.000015
TAP_TAPCELL_ROW_96_1121,VSS,Metal1,121.5200,392.4690,0.000015
TAP_TAPCELL_ROW_96_1120,VSS,Metal1,102.4800,392.4690,0.000015
TAP_TAPCELL_ROW_96_1119,VSS,Metal1,83.4400,392.4690,0.000015
TAP_TAPCELL_ROW_96_1118,VSS,Metal1,64.4000,392.4690,0.000014
TAP_TAPCELL_ROW_96_1117,VSS,Metal1,45.3600,392.4690,0.000014
TAP_TAPCELL_ROW_96_1116,VSS,Metal1,26.3200,392.4690,0.000013
TAP_TAPCELL_ROW_95_1115,VSS,Metal1,360.0800,391.5305,0.000017
TAP_TAPCELL_ROW_95_1114,VSS,Metal1,320.8800,391.5305,0.000017
TAP_TAPCELL_ROW_95_1113,VSS,Metal1,281.6800,391.5305,0.000020
TAP_TAPCELL_ROW_95_1112,VSS,Metal1,242.4800,391.5305,0.000021
TAP_TAPCELL_ROW_95_1111,VSS,Metal1,203.2800,391.5305,0.000021
TAP_TAPCELL_ROW_95_1110,VSS,Metal1,164.0800,391.5305,0.000018
TAP_TAPCELL_ROW_95_1109,VSS,Metal1,124.8800,391.5305,0.000015
TAP_TAPCELL_ROW_95_1108,VSS,Metal1,85.6800,391.5305,0.000015
TAP_TAPCELL_ROW_95_1107,VSS,Metal1,46.4800,391.5305,0.000014
TAP_TAPCELL_ROW_94_1106,VSS,Metal1,379.6800,384.6290,0.000063
TAP_TAPCELL_ROW_94_1105,VSS,Metal1,340.4800,384.6290,0.000063
TAP_TAPCELL_ROW_94_1104,VSS,Metal1,301.2800,384.6290,0.000064
TAP_TAPCELL_ROW_94_1103,VSS,Metal1,262.0800,384.6290,0.000068
TAP_TAPCELL_ROW_94_1102,VSS,Metal1,222.8800,384.6290,0.000067
TAP_TAPCELL_ROW_94_1101,VSS,Metal1,183.6800,384.6290,0.000060
TAP_TAPCELL_ROW_94_1100,VSS,Metal1,144.4800,384.6290,0.000050
TAP_TAPCELL_ROW_94_1099,VSS,Metal1,105.2800,384.6290,0.000050
TAP_TAPCELL_ROW_94_1098,VSS,Metal1,66.0800,384.6290,0.000050
TAP_TAPCELL_ROW_94_1097,VSS,Metal1,26.8800,384.6290,0.000050
TAP_TAPCELL_ROW_93_1096,VSS,Metal1,360.0800,383.6905,0.000063
TAP_TAPCELL_ROW_93_1095,VSS,Metal1,320.8800,383.6905,0.000063
TAP_TAPCELL_ROW_93_1094,VSS,Metal1,281.6800,383.6905,0.000066
TAP_TAPCELL_ROW_93_1093,VSS,Metal1,242.4800,383.6905,0.000068
TAP_TAPCELL_ROW_93_1092,VSS,Metal1,203.2800,383.6905,0.000066
TAP_TAPCELL_ROW_93_1091,VSS,Metal1,164.0800,383.6905,0.000050
TAP_TAPCELL_ROW_93_1090,VSS,Metal1,124.8800,383.6905,0.000050
TAP_TAPCELL_ROW_93_1089,VSS,Metal1,85.6800,383.6905,0.000050
TAP_TAPCELL_ROW_93_1088,VSS,Metal1,46.4800,383.6905,0.000050
TAP_TAPCELL_ROW_92_1087,VSS,Metal1,379.6800,376.7890,0.000070
TAP_TAPCELL_ROW_92_1086,VSS,Metal1,340.4800,376.7890,0.000070
TAP_TAPCELL_ROW_92_1085,VSS,Metal1,301.2800,376.7890,0.000070
TAP_TAPCELL_ROW_92_1084,VSS,Metal1,262.0800,376.7890,0.000074
TAP_TAPCELL_ROW_92_1083,VSS,Metal1,222.8800,376.7890,0.000074
TAP_TAPCELL_ROW_92_1082,VSS,Metal1,183.6800,376.7890,0.000054
TAP_TAPCELL_ROW_92_1081,VSS,Metal1,144.4800,376.7890,0.000050
TAP_TAPCELL_ROW_92_1080,VSS,Metal1,105.2800,376.7890,0.000050
TAP_TAPCELL_ROW_92_1079,VSS,Metal1,66.0800,376.7890,0.000050
TAP_TAPCELL_ROW_92_1078,VSS,Metal1,26.8800,376.7890,0.000050
TAP_TAPCELL_ROW_91_1077,VSS,Metal1,360.0800,375.8505,0.000070
TAP_TAPCELL_ROW_91_1076,VSS,Metal1,320.8800,375.8505,0.000070
TAP_TAPCELL_ROW_91_1075,VSS,Metal1,281.6800,375.8505,0.000072
TAP_TAPCELL_ROW_91_1074,VSS,Metal1,242.4800,375.8505,0.000075
TAP_TAPCELL_ROW_91_1073,VSS,Metal1,203.2800,375.8505,0.000072
TAP_TAPCELL_ROW_91_1072,VSS,Metal1,164.0800,375.8505,0.000053
TAP_TAPCELL_ROW_91_1071,VSS,Metal1,124.8800,375.8505,0.000050
TAP_TAPCELL_ROW_91_1070,VSS,Metal1,85.6800,375.8505,0.000050
TAP_TAPCELL_ROW_91_1069,VSS,Metal1,46.4800,375.8505,0.000050
TAP_TAPCELL_ROW_90_1068,VSS,Metal1,379.6800,368.9490,0.000028
TAP_TAPCELL_ROW_90_1067,VSS,Metal1,340.4800,368.9490,0.000028
TAP_TAPCELL_ROW_90_1066,VSS,Metal1,301.2800,368.9490,0.000028
TAP_TAPCELL_ROW_90_1065,VSS,Metal1,262.0800,368.9490,0.000032
TAP_TAPCELL_ROW_90_1064,VSS,Metal1,222.8800,368.9490,0.000029
TAP_TAPCELL_ROW_90_1063,VSS,Metal1,183.6800,368.9490,0.000028
TAP_TAPCELL_ROW_90_1062,VSS,Metal1,144.4800,368.9490,0.000028
TAP_TAPCELL_ROW_90_1061,VSS,Metal1,105.2800,368.9490,0.000027
TAP_TAPCELL_ROW_90_1060,VSS,Metal1,66.0800,368.9490,0.000027
TAP_TAPCELL_ROW_90_1059,VSS,Metal1,26.8800,368.9490,0.000027
TAP_TAPCELL_ROW_89_1058,VSS,Metal1,360.0800,368.0105,0.000028
TAP_TAPCELL_ROW_89_1057,VSS,Metal1,320.8800,368.0105,0.000028
TAP_TAPCELL_ROW_89_1056,VSS,Metal1,281.6800,368.0105,0.000031
TAP_TAPCELL_ROW_89_1055,VSS,Metal1,242.4800,368.0105,0.000032
TAP_TAPCELL_ROW_89_1054,VSS,Metal1,203.2800,368.0105,0.000029
TAP_TAPCELL_ROW_89_1053,VSS,Metal1,164.0800,368.0105,0.000028
TAP_TAPCELL_ROW_89_1052,VSS,Metal1,124.8800,368.0105,0.000028
TAP_TAPCELL_ROW_89_1051,VSS,Metal1,85.6800,368.0105,0.000027
TAP_TAPCELL_ROW_89_1050,VSS,Metal1,46.4800,368.0105,0.000027
TAP_TAPCELL_ROW_88_1049,VSS,Metal1,379.6800,361.1090,0.000134
TAP_TAPCELL_ROW_88_1048,VSS,Metal1,340.4800,361.1090,0.000134
TAP_TAPCELL_ROW_88_1047,VSS,Metal1,301.2800,361.1090,0.000135
TAP_TAPCELL_ROW_88_1046,VSS,Metal1,262.0800,361.1090,0.000135
TAP_TAPCELL_ROW_88_1045,VSS,Metal1,222.8800,361.1090,0.000116
TAP_TAPCELL_ROW_88_1044,VSS,Metal1,183.6800,361.1090,0.000103
TAP_TAPCELL_ROW_88_1043,VSS,Metal1,144.4800,361.1090,0.000070
TAP_TAPCELL_ROW_88_1042,VSS,Metal1,105.2800,361.1090,0.000070
TAP_TAPCELL_ROW_88_1041,VSS,Metal1,66.0800,361.1090,0.000070
TAP_TAPCELL_ROW_88_1040,VSS,Metal1,26.8800,361.1090,0.000069
TAP_TAPCELL_ROW_87_1039,VSS,Metal1,360.0800,360.1705,0.000134
TAP_TAPCELL_ROW_87_1038,VSS,Metal1,320.8800,360.1705,0.000134
TAP_TAPCELL_ROW_87_1037,VSS,Metal1,281.6800,360.1705,0.000140
TAP_TAPCELL_ROW_87_1036,VSS,Metal1,242.4800,360.1705,0.000133
TAP_TAPCELL_ROW_87_1035,VSS,Metal1,203.2800,360.1705,0.000110
TAP_TAPCELL_ROW_87_1034,VSS,Metal1,164.0800,360.1705,0.000075
TAP_TAPCELL_ROW_87_1033,VSS,Metal1,124.8800,360.1705,0.000070
TAP_TAPCELL_ROW_87_1032,VSS,Metal1,85.6800,360.1705,0.000070
TAP_TAPCELL_ROW_87_1031,VSS,Metal1,46.4800,360.1705,0.000069
TAP_TAPCELL_ROW_86_1030,VSS,Metal1,379.6800,353.2690,0.000206
TAP_TAPCELL_ROW_86_1029,VSS,Metal1,340.4800,353.2690,0.000206
TAP_TAPCELL_ROW_86_1028,VSS,Metal1,301.2800,353.2690,0.000243
TAP_TAPCELL_ROW_86_1027,VSS,Metal1,262.0800,353.2690,0.000257
TAP_TAPCELL_ROW_86_1026,VSS,Metal1,222.8800,353.2690,0.000255
TAP_TAPCELL_ROW_86_1025,VSS,Metal1,183.6800,353.2690,0.000245
TAP_TAPCELL_ROW_86_1024,VSS,Metal1,144.4800,353.2690,0.000238
TAP_TAPCELL_ROW_86_1023,VSS,Metal1,105.2800,353.2690,0.000237
TAP_TAPCELL_ROW_86_1022,VSS,Metal1,66.0800,353.2690,0.000237
TAP_TAPCELL_ROW_86_1021,VSS,Metal1,26.8800,353.2690,0.000225
TAP_TAPCELL_ROW_85_1020,VSS,Metal1,360.0800,352.3305,0.000206
TAP_TAPCELL_ROW_85_1019,VSS,Metal1,320.8800,352.3305,0.000207
TAP_TAPCELL_ROW_85_1018,VSS,Metal1,281.6800,352.3305,0.000256
TAP_TAPCELL_ROW_85_1017,VSS,Metal1,242.4800,352.3305,0.000255
TAP_TAPCELL_ROW_85_1016,VSS,Metal1,203.2800,352.3305,0.000253
TAP_TAPCELL_ROW_85_1015,VSS,Metal1,164.0800,352.3305,0.000238
TAP_TAPCELL_ROW_85_1014,VSS,Metal1,124.8800,352.3305,0.000238
TAP_TAPCELL_ROW_85_1013,VSS,Metal1,85.6800,352.3305,0.000237
TAP_TAPCELL_ROW_85_1012,VSS,Metal1,46.4800,352.3305,0.000226
TAP_TAPCELL_ROW_84_1011,VSS,Metal1,379.6800,345.4290,0.000386
TAP_TAPCELL_ROW_84_1010,VSS,Metal1,340.4800,345.4290,0.000386
TAP_TAPCELL_ROW_84_1009,VSS,Metal1,301.2800,345.4290,0.000406
TAP_TAPCELL_ROW_84_1008,VSS,Metal1,262.0800,345.4290,0.000406
TAP_TAPCELL_ROW_84_1007,VSS,Metal1,222.8800,345.4290,0.000387
TAP_TAPCELL_ROW_84_1006,VSS,Metal1,183.6800,345.4290,0.000360
TAP_TAPCELL_ROW_84_1005,VSS,Metal1,144.4800,345.4290,0.000352
TAP_TAPCELL_ROW_84_1004,VSS,Metal1,105.2800,345.4290,0.000342
TAP_TAPCELL_ROW_84_1003,VSS,Metal1,66.0800,345.4290,0.000339
TAP_TAPCELL_ROW_84_1002,VSS,Metal1,26.8800,345.4290,0.000337
TAP_TAPCELL_ROW_83_1001,VSS,Metal1,360.0800,344.4905,0.000386
TAP_TAPCELL_ROW_83_1000,VSS,Metal1,320.8800,344.4905,0.000387
TAP_TAPCELL_ROW_83_999,VSS,Metal1,281.6800,344.4905,0.000406
TAP_TAPCELL_ROW_83_998,VSS,Metal1,242.4800,344.4905,0.000392
TAP_TAPCELL_ROW_83_997,VSS,Metal1,203.2800,344.4905,0.000361
TAP_TAPCELL_ROW_83_996,VSS,Metal1,164.0800,344.4905,0.000360
TAP_TAPCELL_ROW_83_995,VSS,Metal1,124.8800,344.4905,0.000346
TAP_TAPCELL_ROW_83_994,VSS,Metal1,85.6800,344.4905,0.000342
TAP_TAPCELL_ROW_83_993,VSS,Metal1,46.4800,344.4905,0.000339
TAP_TAPCELL_ROW_82_992,VSS,Metal1,379.6800,337.5890,0.000188
TAP_TAPCELL_ROW_82_991,VSS,Metal1,340.4800,337.5890,0.000188
TAP_TAPCELL_ROW_82_990,VSS,Metal1,301.2800,337.5890,0.000277
TAP_TAPCELL_ROW_82_989,VSS,Metal1,262.0800,337.5890,0.000312
TAP_TAPCELL_ROW_82_988,VSS,Metal1,222.8800,337.5890,0.000315
TAP_TAPCELL_ROW_82_987,VSS,Metal1,183.6800,337.5890,0.000307
TAP_TAPCELL_ROW_82_986,VSS,Metal1,144.4800,337.5890,0.000276
TAP_TAPCELL_ROW_82_985,VSS,Metal1,105.2800,337.5890,0.000247
TAP_TAPCELL_ROW_82_984,VSS,Metal1,66.0800,337.5890,0.000219
TAP_TAPCELL_ROW_82_983,VSS,Metal1,26.8800,337.5890,0.000192
TAP_TAPCELL_ROW_81_982,VSS,Metal1,360.0800,336.6505,0.000188
TAP_TAPCELL_ROW_81_981,VSS,Metal1,320.8800,336.6505,0.000209
TAP_TAPCELL_ROW_81_980,VSS,Metal1,281.6800,336.6505,0.000301
TAP_TAPCELL_ROW_81_979,VSS,Metal1,242.4800,336.6505,0.000314
TAP_TAPCELL_ROW_81_978,VSS,Metal1,203.2800,336.6505,0.000318
TAP_TAPCELL_ROW_81_977,VSS,Metal1,164.0800,336.6505,0.000292
TAP_TAPCELL_ROW_81_976,VSS,Metal1,124.8800,336.6505,0.000272
TAP_TAPCELL_ROW_81_975,VSS,Metal1,85.6800,336.6505,0.000245
TAP_TAPCELL_ROW_81_974,VSS,Metal1,46.4800,336.6505,0.000205
TAP_TAPCELL_ROW_80_973,VSS,Metal1,379.6800,329.7490,0.000346
TAP_TAPCELL_ROW_80_972,VSS,Metal1,340.4800,329.7490,0.000346
TAP_TAPCELL_ROW_80_971,VSS,Metal1,301.2800,329.7490,0.000522
TAP_TAPCELL_ROW_80_970,VSS,Metal1,262.0800,329.7490,0.000592
TAP_TAPCELL_ROW_80_969,VSS,Metal1,222.8800,329.7490,0.000589
TAP_TAPCELL_ROW_80_968,VSS,Metal1,183.6800,329.7490,0.000542
TAP_TAPCELL_ROW_80_967,VSS,Metal1,144.4800,329.7490,0.000534
TAP_TAPCELL_ROW_80_966,VSS,Metal1,105.2800,329.7490,0.000522
TAP_TAPCELL_ROW_80_965,VSS,Metal1,66.0800,329.7490,0.000512
TAP_TAPCELL_ROW_80_964,VSS,Metal1,26.8800,329.7490,0.000446
TAP_TAPCELL_ROW_79_963,VSS,Metal1,360.0800,328.8105,0.000346
TAP_TAPCELL_ROW_79_962,VSS,Metal1,320.8800,328.8105,0.000346
TAP_TAPCELL_ROW_79_961,VSS,Metal1,281.6800,328.8105,0.000581
TAP_TAPCELL_ROW_79_960,VSS,Metal1,242.4800,328.8105,0.000592
TAP_TAPCELL_ROW_79_959,VSS,Metal1,203.2800,328.8105,0.000583
TAP_TAPCELL_ROW_79_958,VSS,Metal1,164.0800,328.8105,0.000530
TAP_TAPCELL_ROW_79_957,VSS,Metal1,124.8800,328.8105,0.000534
TAP_TAPCELL_ROW_79_956,VSS,Metal1,85.6800,328.8105,0.000517
TAP_TAPCELL_ROW_79_955,VSS,Metal1,46.4800,328.8105,0.000490
TAP_TAPCELL_ROW_78_954,VSS,Metal1,379.6800,321.9090,0.000381
TAP_TAPCELL_ROW_78_953,VSS,Metal1,340.4800,321.9090,0.000381
TAP_TAPCELL_ROW_78_952,VSS,Metal1,301.2800,321.9090,0.000385
TAP_TAPCELL_ROW_78_951,VSS,Metal1,262.0800,321.9090,0.000428
TAP_TAPCELL_ROW_78_950,VSS,Metal1,222.8800,321.9090,0.000430
TAP_TAPCELL_ROW_78_949,VSS,Metal1,183.6800,321.9090,0.000418
TAP_TAPCELL_ROW_78_948,VSS,Metal1,144.4800,321.9090,0.000387
TAP_TAPCELL_ROW_78_947,VSS,Metal1,105.2800,321.9090,0.000379
TAP_TAPCELL_ROW_78_946,VSS,Metal1,66.0800,321.9090,0.000356
TAP_TAPCELL_ROW_78_945,VSS,Metal1,26.8800,321.9090,0.000342
TAP_TAPCELL_ROW_77_944,VSS,Metal1,360.0800,320.9705,0.000381
TAP_TAPCELL_ROW_77_943,VSS,Metal1,320.8800,320.9705,0.000381
TAP_TAPCELL_ROW_77_942,VSS,Metal1,281.6800,320.9705,0.000405
TAP_TAPCELL_ROW_77_941,VSS,Metal1,242.4800,320.9705,0.000430
TAP_TAPCELL_ROW_77_940,VSS,Metal1,203.2800,320.9705,0.000430
TAP_TAPCELL_ROW_77_939,VSS,Metal1,164.0800,320.9705,0.000387
TAP_TAPCELL_ROW_77_938,VSS,Metal1,124.8800,320.9705,0.000385
TAP_TAPCELL_ROW_77_937,VSS,Metal1,85.6800,320.9705,0.000374
TAP_TAPCELL_ROW_77_936,VSS,Metal1,46.4800,320.9705,0.000348
TAP_TAPCELL_ROW_76_935,VSS,Metal1,379.6800,314.0690,0.000170
TAP_TAPCELL_ROW_76_934,VSS,Metal1,340.4800,314.0690,0.000170
TAP_TAPCELL_ROW_76_933,VSS,Metal1,301.2800,314.0690,0.000188
TAP_TAPCELL_ROW_76_932,VSS,Metal1,262.0800,314.0690,0.000227
TAP_TAPCELL_ROW_76_931,VSS,Metal1,222.8800,314.0690,0.000229
TAP_TAPCELL_ROW_76_930,VSS,Metal1,183.6800,314.0690,0.000229
TAP_TAPCELL_ROW_76_929,VSS,Metal1,144.4800,314.0690,0.000325
TAP_TAPCELL_ROW_76_928,VSS,Metal1,105.2800,314.0690,0.000349
TAP_TAPCELL_ROW_76_927,VSS,Metal1,66.0800,314.0690,0.000354
TAP_TAPCELL_ROW_76_926,VSS,Metal1,26.8800,314.0690,0.000318
TAP_TAPCELL_ROW_75_925,VSS,Metal1,360.0800,313.1305,0.000170
TAP_TAPCELL_ROW_75_924,VSS,Metal1,320.8800,313.1305,0.000184
TAP_TAPCELL_ROW_75_923,VSS,Metal1,281.6800,313.1305,0.000223
TAP_TAPCELL_ROW_75_922,VSS,Metal1,242.4800,313.1305,0.000228
TAP_TAPCELL_ROW_75_921,VSS,Metal1,203.2800,313.1305,0.000229
TAP_TAPCELL_ROW_75_920,VSS,Metal1,164.0800,313.1305,0.000321
TAP_TAPCELL_ROW_75_919,VSS,Metal1,124.8800,313.1305,0.000331
TAP_TAPCELL_ROW_75_918,VSS,Metal1,85.6800,313.1305,0.000353
TAP_TAPCELL_ROW_75_917,VSS,Metal1,46.4800,313.1305,0.000337
TAP_TAPCELL_ROW_74_916,VSS,Metal1,379.6800,306.2290,0.000174
TAP_TAPCELL_ROW_74_915,VSS,Metal1,340.4800,306.2290,0.000173
TAP_TAPCELL_ROW_74_914,VSS,Metal1,301.2800,306.2290,0.000239
TAP_TAPCELL_ROW_74_913,VSS,Metal1,262.0800,306.2290,0.000253
TAP_TAPCELL_ROW_74_912,VSS,Metal1,222.8800,306.2290,0.000256
TAP_TAPCELL_ROW_74_911,VSS,Metal1,183.6800,306.2290,0.000247
TAP_TAPCELL_ROW_74_910,VSS,Metal1,144.4800,306.2290,0.000249
TAP_TAPCELL_ROW_74_909,VSS,Metal1,105.2800,306.2290,0.000257
TAP_TAPCELL_ROW_74_908,VSS,Metal1,66.0800,306.2290,0.000260
TAP_TAPCELL_ROW_74_907,VSS,Metal1,26.8800,306.2290,0.000252
TAP_TAPCELL_ROW_73_906,VSS,Metal1,360.0800,305.2905,0.000174
TAP_TAPCELL_ROW_73_905,VSS,Metal1,320.8800,305.2905,0.000215
TAP_TAPCELL_ROW_73_904,VSS,Metal1,281.6800,305.2905,0.000244
TAP_TAPCELL_ROW_73_903,VSS,Metal1,242.4800,305.2905,0.000254
TAP_TAPCELL_ROW_73_902,VSS,Metal1,203.2800,305.2905,0.000256
TAP_TAPCELL_ROW_73_901,VSS,Metal1,164.0800,305.2905,0.000240
TAP_TAPCELL_ROW_73_900,VSS,Metal1,124.8800,305.2905,0.000254
TAP_TAPCELL_ROW_73_899,VSS,Metal1,85.6800,305.2905,0.000257
TAP_TAPCELL_ROW_73_898,VSS,Metal1,46.4800,305.2905,0.000260
TAP_TAPCELL_ROW_72_897,VSS,Metal1,379.6800,298.3890,0.000243
TAP_TAPCELL_ROW_72_896,VSS,Metal1,340.4800,298.3890,0.000243
TAP_TAPCELL_ROW_72_895,VSS,Metal1,301.2800,298.3890,0.000268
TAP_TAPCELL_ROW_72_894,VSS,Metal1,262.0800,298.3890,0.000293
TAP_TAPCELL_ROW_72_893,VSS,Metal1,222.8800,298.3890,0.000304
TAP_TAPCELL_ROW_72_892,VSS,Metal1,183.6800,298.3890,0.000307
TAP_TAPCELL_ROW_72_891,VSS,Metal1,144.4800,298.3890,0.000324
TAP_TAPCELL_ROW_72_890,VSS,Metal1,105.2800,298.3890,0.000325
TAP_TAPCELL_ROW_72_889,VSS,Metal1,66.0800,298.3890,0.000312
TAP_TAPCELL_ROW_72_888,VSS,Metal1,26.8800,298.3890,0.000287
TAP_TAPCELL_ROW_71_887,VSS,Metal1,360.0800,297.4505,0.000243
TAP_TAPCELL_ROW_71_886,VSS,Metal1,320.8800,297.4505,0.000257
TAP_TAPCELL_ROW_71_885,VSS,Metal1,281.6800,297.4505,0.000278
TAP_TAPCELL_ROW_71_884,VSS,Metal1,242.4800,297.4505,0.000296
TAP_TAPCELL_ROW_71_883,VSS,Metal1,203.2800,297.4505,0.000306
TAP_TAPCELL_ROW_71_882,VSS,Metal1,164.0800,297.4505,0.000323
TAP_TAPCELL_ROW_71_881,VSS,Metal1,124.8800,297.4505,0.000325
TAP_TAPCELL_ROW_71_880,VSS,Metal1,85.6800,297.4505,0.000318
TAP_TAPCELL_ROW_71_879,VSS,Metal1,46.4800,297.4505,0.000312
TAP_TAPCELL_ROW_70_878,VSS,Metal1,379.6800,290.5490,0.000084
TAP_TAPCELL_ROW_70_877,VSS,Metal1,340.4800,290.5490,0.000084
TAP_TAPCELL_ROW_70_876,VSS,Metal1,301.2800,290.5490,0.000091
TAP_TAPCELL_ROW_70_875,VSS,Metal1,262.0800,290.5490,0.000099
TAP_TAPCELL_ROW_70_874,VSS,Metal1,222.8800,290.5490,0.000110
TAP_TAPCELL_ROW_70_873,VSS,Metal1,183.6800,290.5490,0.000111
TAP_TAPCELL_ROW_70_872,VSS,Metal1,144.4800,290.5490,0.000112
TAP_TAPCELL_ROW_70_871,VSS,Metal1,105.2800,290.5490,0.000121
TAP_TAPCELL_ROW_70_870,VSS,Metal1,66.0800,290.5490,0.000116
TAP_TAPCELL_ROW_70_869,VSS,Metal1,26.8800,290.5490,0.000106
TAP_TAPCELL_ROW_69_868,VSS,Metal1,360.0800,289.6105,0.000084
TAP_TAPCELL_ROW_69_867,VSS,Metal1,320.8800,289.6105,0.000087
TAP_TAPCELL_ROW_69_866,VSS,Metal1,281.6800,289.6105,0.000099
TAP_TAPCELL_ROW_69_865,VSS,Metal1,242.4800,289.6105,0.000104
TAP_TAPCELL_ROW_69_864,VSS,Metal1,203.2800,289.6105,0.000110
TAP_TAPCELL_ROW_69_863,VSS,Metal1,164.0800,289.6105,0.000112
TAP_TAPCELL_ROW_69_862,VSS,Metal1,124.8800,289.6105,0.000120
TAP_TAPCELL_ROW_69_861,VSS,Metal1,85.6800,289.6105,0.000118
TAP_TAPCELL_ROW_69_860,VSS,Metal1,46.4800,289.6105,0.000110
TAP_TAPCELL_ROW_68_859,VSS,Metal1,379.6800,282.7090,0.000168
TAP_TAPCELL_ROW_68_858,VSS,Metal1,340.4800,282.7090,0.000168
TAP_TAPCELL_ROW_68_857,VSS,Metal1,301.2800,282.7090,0.000185
TAP_TAPCELL_ROW_68_856,VSS,Metal1,262.0800,282.7090,0.000199
TAP_TAPCELL_ROW_68_855,VSS,Metal1,222.8800,282.7090,0.000217
TAP_TAPCELL_ROW_68_854,VSS,Metal1,183.6800,282.7090,0.000233
TAP_TAPCELL_ROW_68_853,VSS,Metal1,144.4800,282.7090,0.000285
TAP_TAPCELL_ROW_68_852,VSS,Metal1,105.2800,282.7090,0.000303
TAP_TAPCELL_ROW_68_851,VSS,Metal1,66.0800,282.7090,0.000317
TAP_TAPCELL_ROW_68_850,VSS,Metal1,26.8800,282.7090,0.000305
TAP_TAPCELL_ROW_67_849,VSS,Metal1,360.0800,281.7705,0.000168
TAP_TAPCELL_ROW_67_848,VSS,Metal1,320.8800,281.7705,0.000168
TAP_TAPCELL_ROW_67_847,VSS,Metal1,281.6800,281.7705,0.000197
TAP_TAPCELL_ROW_67_846,VSS,Metal1,242.4800,281.7705,0.000211
TAP_TAPCELL_ROW_67_845,VSS,Metal1,203.2800,281.7705,0.000219
TAP_TAPCELL_ROW_67_844,VSS,Metal1,164.0800,281.7705,0.000276
TAP_TAPCELL_ROW_67_843,VSS,Metal1,124.8800,281.7705,0.000297
TAP_TAPCELL_ROW_67_842,VSS,Metal1,85.6800,281.7705,0.000317
TAP_TAPCELL_ROW_67_841,VSS,Metal1,46.4800,281.7705,0.000310
TAP_TAPCELL_ROW_66_840,VSS,Metal1,379.6800,274.8690,0.000111
TAP_TAPCELL_ROW_66_839,VSS,Metal1,340.4800,274.8690,0.000111
TAP_TAPCELL_ROW_66_838,VSS,Metal1,301.2800,274.8690,0.000122
TAP_TAPCELL_ROW_66_837,VSS,Metal1,262.0800,274.8690,0.000149
TAP_TAPCELL_ROW_66_836,VSS,Metal1,222.8800,274.8690,0.000151
TAP_TAPCELL_ROW_66_835,VSS,Metal1,183.6800,274.8690,0.000149
TAP_TAPCELL_ROW_66_834,VSS,Metal1,144.4800,274.8690,0.000170
TAP_TAPCELL_ROW_66_833,VSS,Metal1,105.2800,274.8690,0.000181
TAP_TAPCELL_ROW_66_832,VSS,Metal1,66.0800,274.8690,0.000178
TAP_TAPCELL_ROW_66_831,VSS,Metal1,26.8800,274.8690,0.000156
TAP_TAPCELL_ROW_65_830,VSS,Metal1,360.0800,273.9305,0.000111
TAP_TAPCELL_ROW_65_829,VSS,Metal1,320.8800,273.9305,0.000113
TAP_TAPCELL_ROW_65_828,VSS,Metal1,281.6800,273.9305,0.000137
TAP_TAPCELL_ROW_65_827,VSS,Metal1,242.4800,273.9305,0.000149
TAP_TAPCELL_ROW_65_826,VSS,Metal1,203.2800,273.9305,0.000150
TAP_TAPCELL_ROW_65_825,VSS,Metal1,164.0800,273.9305,0.000149
TAP_TAPCELL_ROW_65_824,VSS,Metal1,124.8800,273.9305,0.000181
TAP_TAPCELL_ROW_65_823,VSS,Metal1,85.6800,273.9305,0.000181
TAP_TAPCELL_ROW_65_822,VSS,Metal1,46.4800,273.9305,0.000167
TAP_TAPCELL_ROW_64_821,VSS,Metal1,379.6800,267.0290,0.000478
TAP_TAPCELL_ROW_64_820,VSS,Metal1,340.4800,267.0290,0.000478
TAP_TAPCELL_ROW_64_819,VSS,Metal1,301.2800,267.0290,0.000533
TAP_TAPCELL_ROW_64_818,VSS,Metal1,262.0800,267.0290,0.000536
TAP_TAPCELL_ROW_64_817,VSS,Metal1,222.8800,267.0290,0.000526
TAP_TAPCELL_ROW_64_816,VSS,Metal1,183.6800,267.0290,0.000497
TAP_TAPCELL_ROW_64_815,VSS,Metal1,144.4800,267.0290,0.000497
TAP_TAPCELL_ROW_64_814,VSS,Metal1,105.2800,267.0290,0.000513
TAP_TAPCELL_ROW_64_813,VSS,Metal1,66.0800,267.0290,0.000451
TAP_TAPCELL_ROW_64_812,VSS,Metal1,26.8800,267.0290,0.000378
TAP_TAPCELL_ROW_63_811,VSS,Metal1,360.0800,266.0905,0.000478
TAP_TAPCELL_ROW_63_810,VSS,Metal1,320.8800,266.0905,0.000532
TAP_TAPCELL_ROW_63_809,VSS,Metal1,281.6800,266.0905,0.000536
TAP_TAPCELL_ROW_63_808,VSS,Metal1,242.4800,266.0905,0.000535
TAP_TAPCELL_ROW_63_807,VSS,Metal1,203.2800,266.0905,0.000517
TAP_TAPCELL_ROW_63_806,VSS,Metal1,164.0800,266.0905,0.000483
TAP_TAPCELL_ROW_63_805,VSS,Metal1,124.8800,266.0905,0.000502
TAP_TAPCELL_ROW_63_804,VSS,Metal1,85.6800,266.0905,0.000504
TAP_TAPCELL_ROW_63_803,VSS,Metal1,46.4800,266.0905,0.000381
TAP_TAPCELL_ROW_62_802,VSS,Metal1,379.6800,259.1890,0.000220
TAP_TAPCELL_ROW_62_801,VSS,Metal1,340.4800,259.1890,0.000220
TAP_TAPCELL_ROW_62_800,VSS,Metal1,301.2800,259.1890,0.000241
TAP_TAPCELL_ROW_62_799,VSS,Metal1,262.0800,259.1890,0.000248
TAP_TAPCELL_ROW_62_798,VSS,Metal1,222.8800,259.1890,0.000248
TAP_TAPCELL_ROW_62_797,VSS,Metal1,183.6800,259.1890,0.000226
TAP_TAPCELL_ROW_62_796,VSS,Metal1,144.4800,259.1890,0.000243
TAP_TAPCELL_ROW_62_795,VSS,Metal1,105.2800,259.1890,0.000244
TAP_TAPCELL_ROW_62_794,VSS,Metal1,66.0800,259.1890,0.000235
TAP_TAPCELL_ROW_62_793,VSS,Metal1,26.8800,259.1890,0.000223
TAP_TAPCELL_ROW_61_792,VSS,Metal1,360.0800,258.2505,0.000220
TAP_TAPCELL_ROW_61_791,VSS,Metal1,320.8800,258.2505,0.000229
TAP_TAPCELL_ROW_61_790,VSS,Metal1,281.6800,258.2505,0.000249
TAP_TAPCELL_ROW_61_789,VSS,Metal1,242.4800,258.2505,0.000248
TAP_TAPCELL_ROW_61_788,VSS,Metal1,203.2800,258.2505,0.000227
TAP_TAPCELL_ROW_61_787,VSS,Metal1,164.0800,258.2505,0.000228
TAP_TAPCELL_ROW_61_786,VSS,Metal1,124.8800,258.2505,0.000244
TAP_TAPCELL_ROW_61_785,VSS,Metal1,85.6800,258.2505,0.000242
TAP_TAPCELL_ROW_61_784,VSS,Metal1,46.4800,258.2505,0.000229
TAP_TAPCELL_ROW_60_783,VSS,Metal1,379.6800,251.3490,0.000266
TAP_TAPCELL_ROW_60_782,VSS,Metal1,340.4800,251.3490,0.000266
TAP_TAPCELL_ROW_60_781,VSS,Metal1,301.2800,251.3490,0.000269
TAP_TAPCELL_ROW_60_780,VSS,Metal1,262.0800,251.3490,0.000270
TAP_TAPCELL_ROW_60_779,VSS,Metal1,222.8800,251.3490,0.000270
TAP_TAPCELL_ROW_60_778,VSS,Metal1,183.6800,251.3490,0.000265
TAP_TAPCELL_ROW_60_777,VSS,Metal1,144.4800,251.3490,0.000284
TAP_TAPCELL_ROW_60_776,VSS,Metal1,105.2800,251.3490,0.000291
TAP_TAPCELL_ROW_60_775,VSS,Metal1,66.0800,251.3490,0.000294
TAP_TAPCELL_ROW_60_774,VSS,Metal1,26.8800,251.3490,0.000287
TAP_TAPCELL_ROW_59_773,VSS,Metal1,360.0800,250.4105,0.000266
TAP_TAPCELL_ROW_59_772,VSS,Metal1,320.8800,250.4105,0.000267
TAP_TAPCELL_ROW_59_771,VSS,Metal1,281.6800,250.4105,0.000270
TAP_TAPCELL_ROW_59_770,VSS,Metal1,242.4800,250.4105,0.000270
TAP_TAPCELL_ROW_59_769,VSS,Metal1,203.2800,250.4105,0.000265
TAP_TAPCELL_ROW_59_768,VSS,Metal1,164.0800,250.4105,0.000276
TAP_TAPCELL_ROW_59_767,VSS,Metal1,124.8800,250.4105,0.000289
TAP_TAPCELL_ROW_59_766,VSS,Metal1,85.6800,250.4105,0.000293
TAP_TAPCELL_ROW_59_765,VSS,Metal1,46.4800,250.4105,0.000291
TAP_TAPCELL_ROW_58_764,VSS,Metal1,379.6800,243.5090,0.000234
TAP_TAPCELL_ROW_58_763,VSS,Metal1,340.4800,243.5090,0.000234
TAP_TAPCELL_ROW_58_762,VSS,Metal1,301.2800,243.5090,0.000374
TAP_TAPCELL_ROW_58_761,VSS,Metal1,262.0800,243.5090,0.000391
TAP_TAPCELL_ROW_58_760,VSS,Metal1,222.8800,243.5090,0.000392
TAP_TAPCELL_ROW_58_759,VSS,Metal1,183.6800,243.5090,0.000343
TAP_TAPCELL_ROW_58_758,VSS,Metal1,144.4800,243.5090,0.000316
TAP_TAPCELL_ROW_58_757,VSS,Metal1,105.2800,243.5090,0.000318
TAP_TAPCELL_ROW_58_756,VSS,Metal1,66.0800,243.5090,0.000311
TAP_TAPCELL_ROW_58_755,VSS,Metal1,26.8800,243.5090,0.000291
TAP_TAPCELL_ROW_57_754,VSS,Metal1,360.0800,242.5705,0.000234
TAP_TAPCELL_ROW_57_753,VSS,Metal1,320.8800,242.5705,0.000333
TAP_TAPCELL_ROW_57_752,VSS,Metal1,281.6800,242.5705,0.000391
TAP_TAPCELL_ROW_57_751,VSS,Metal1,242.4800,242.5705,0.000392
TAP_TAPCELL_ROW_57_750,VSS,Metal1,203.2800,242.5705,0.000392
TAP_TAPCELL_ROW_57_749,VSS,Metal1,164.0800,242.5705,0.000311
TAP_TAPCELL_ROW_57_748,VSS,Metal1,124.8800,242.5705,0.000317
TAP_TAPCELL_ROW_57_747,VSS,Metal1,85.6800,242.5705,0.000315
TAP_TAPCELL_ROW_57_746,VSS,Metal1,46.4800,242.5705,0.000306
TAP_TAPCELL_ROW_56_745,VSS,Metal1,379.6800,235.6690,0.000235
TAP_TAPCELL_ROW_56_744,VSS,Metal1,340.4800,235.6690,0.000235
TAP_TAPCELL_ROW_56_743,VSS,Metal1,301.2800,235.6690,0.000265
TAP_TAPCELL_ROW_56_742,VSS,Metal1,262.0800,235.6690,0.000358
TAP_TAPCELL_ROW_56_741,VSS,Metal1,222.8800,235.6690,0.000387
TAP_TAPCELL_ROW_56_740,VSS,Metal1,183.6800,235.6690,0.000380
TAP_TAPCELL_ROW_56_739,VSS,Metal1,144.4800,235.6690,0.000387
TAP_TAPCELL_ROW_56_738,VSS,Metal1,105.2800,235.6690,0.000387
TAP_TAPCELL_ROW_56_737,VSS,Metal1,66.0800,235.6690,0.000385
TAP_TAPCELL_ROW_56_736,VSS,Metal1,26.8800,235.6690,0.000374
TAP_TAPCELL_ROW_55_735,VSS,Metal1,360.0800,234.7305,0.000235
TAP_TAPCELL_ROW_55_734,VSS,Metal1,320.8800,234.7305,0.000245
TAP_TAPCELL_ROW_55_733,VSS,Metal1,281.6800,234.7305,0.000324
TAP_TAPCELL_ROW_55_732,VSS,Metal1,242.4800,234.7305,0.000386
TAP_TAPCELL_ROW_55_731,VSS,Metal1,203.2800,234.7305,0.000391
TAP_TAPCELL_ROW_55_730,VSS,Metal1,164.0800,234.7305,0.000387
TAP_TAPCELL_ROW_55_729,VSS,Metal1,124.8800,234.7305,0.000387
TAP_TAPCELL_ROW_55_728,VSS,Metal1,85.6800,234.7305,0.000386
TAP_TAPCELL_ROW_55_727,VSS,Metal1,46.4800,234.7305,0.000384
TAP_TAPCELL_ROW_54_726,VSS,Metal1,379.6800,227.8290,0.000093
TAP_TAPCELL_ROW_54_725,VSS,Metal1,340.4800,227.8290,0.000093
TAP_TAPCELL_ROW_54_724,VSS,Metal1,301.2800,227.8290,0.000118
TAP_TAPCELL_ROW_54_723,VSS,Metal1,262.0800,227.8290,0.000121
TAP_TAPCELL_ROW_54_722,VSS,Metal1,222.8800,227.8290,0.000142
TAP_TAPCELL_ROW_54_721,VSS,Metal1,183.6800,227.8290,0.000144
TAP_TAPCELL_ROW_54_720,VSS,Metal1,144.4800,227.8290,0.000150
TAP_TAPCELL_ROW_54_719,VSS,Metal1,105.2800,227.8290,0.000154
TAP_TAPCELL_ROW_54_718,VSS,Metal1,66.0800,227.8290,0.000172
TAP_TAPCELL_ROW_54_717,VSS,Metal1,26.8800,227.8290,0.000171
TAP_TAPCELL_ROW_53_716,VSS,Metal1,360.0800,226.8905,0.000093
TAP_TAPCELL_ROW_53_715,VSS,Metal1,320.8800,226.8905,0.000107
TAP_TAPCELL_ROW_53_714,VSS,Metal1,281.6800,226.8905,0.000118
TAP_TAPCELL_ROW_53_713,VSS,Metal1,242.4800,226.8905,0.000135
TAP_TAPCELL_ROW_53_712,VSS,Metal1,203.2800,226.8905,0.000143
TAP_TAPCELL_ROW_53_711,VSS,Metal1,164.0800,226.8905,0.000150
TAP_TAPCELL_ROW_53_710,VSS,Metal1,124.8800,226.8905,0.000151
TAP_TAPCELL_ROW_53_709,VSS,Metal1,85.6800,226.8905,0.000162
TAP_TAPCELL_ROW_53_708,VSS,Metal1,46.4800,226.8905,0.000175
TAP_TAPCELL_ROW_52_707,VSS,Metal1,379.6800,219.9890,0.000057
TAP_TAPCELL_ROW_52_706,VSS,Metal1,340.4800,219.9890,0.000057
TAP_TAPCELL_ROW_52_705,VSS,Metal1,301.2800,219.9890,0.000057
TAP_TAPCELL_ROW_52_704,VSS,Metal1,262.0800,219.9890,0.000070
TAP_TAPCELL_ROW_52_703,VSS,Metal1,222.8800,219.9890,0.000074
TAP_TAPCELL_ROW_52_702,VSS,Metal1,183.6800,219.9890,0.000076
TAP_TAPCELL_ROW_52_701,VSS,Metal1,144.4800,219.9890,0.000089
TAP_TAPCELL_ROW_52_700,VSS,Metal1,105.2800,219.9890,0.000169
TAP_TAPCELL_ROW_52_699,VSS,Metal1,66.0800,219.9890,0.000176
TAP_TAPCELL_ROW_52_698,VSS,Metal1,26.8800,219.9890,0.000171
TAP_TAPCELL_ROW_51_697,VSS,Metal1,360.0800,219.0505,0.000057
TAP_TAPCELL_ROW_51_696,VSS,Metal1,320.8800,219.0505,0.000057
TAP_TAPCELL_ROW_51_695,VSS,Metal1,281.6800,219.0505,0.000061
TAP_TAPCELL_ROW_51_694,VSS,Metal1,242.4800,219.0505,0.000072
TAP_TAPCELL_ROW_51_693,VSS,Metal1,203.2800,219.0505,0.000076
TAP_TAPCELL_ROW_51_692,VSS,Metal1,164.0800,219.0505,0.000077
TAP_TAPCELL_ROW_51_691,VSS,Metal1,124.8800,219.0505,0.000105
TAP_TAPCELL_ROW_51_690,VSS,Metal1,85.6800,219.0505,0.000174
TAP_TAPCELL_ROW_51_689,VSS,Metal1,46.4800,219.0505,0.000176
TAP_TAPCELL_ROW_50_688,VSS,Metal1,379.6800,212.1490,0.000292
TAP_TAPCELL_ROW_50_687,VSS,Metal1,340.4800,212.1490,0.000292
TAP_TAPCELL_ROW_50_686,VSS,Metal1,301.2800,212.1490,0.000297
TAP_TAPCELL_ROW_50_685,VSS,Metal1,262.0800,212.1490,0.000334
TAP_TAPCELL_ROW_50_684,VSS,Metal1,222.8800,212.1490,0.000313
TAP_TAPCELL_ROW_50_683,VSS,Metal1,183.6800,212.1490,0.000293
TAP_TAPCELL_ROW_50_682,VSS,Metal1,144.4800,212.1490,0.000289
TAP_TAPCELL_ROW_50_681,VSS,Metal1,105.2800,212.1490,0.000290
TAP_TAPCELL_ROW_50_680,VSS,Metal1,66.0800,212.1490,0.000272
TAP_TAPCELL_ROW_50_679,VSS,Metal1,26.8800,212.1490,0.000251
TAP_TAPCELL_ROW_49_678,VSS,Metal1,360.0800,211.2105,0.000292
TAP_TAPCELL_ROW_49_677,VSS,Metal1,320.8800,211.2105,0.000293
TAP_TAPCELL_ROW_49_676,VSS,Metal1,281.6800,211.2105,0.000321
TAP_TAPCELL_ROW_49_675,VSS,Metal1,242.4800,211.2105,0.000324
TAP_TAPCELL_ROW_49_674,VSS,Metal1,203.2800,211.2105,0.000310
TAP_TAPCELL_ROW_49_673,VSS,Metal1,164.0800,211.2105,0.000289
TAP_TAPCELL_ROW_49_672,VSS,Metal1,124.8800,211.2105,0.000290
TAP_TAPCELL_ROW_49_671,VSS,Metal1,85.6800,211.2105,0.000282
TAP_TAPCELL_ROW_49_670,VSS,Metal1,46.4800,211.2105,0.000257
TAP_TAPCELL_ROW_48_669,VSS,Metal1,379.6800,204.3090,0.000230
TAP_TAPCELL_ROW_48_668,VSS,Metal1,340.4800,204.3090,0.000230
TAP_TAPCELL_ROW_48_667,VSS,Metal1,301.2800,204.3090,0.000307
TAP_TAPCELL_ROW_48_666,VSS,Metal1,262.0800,204.3090,0.000350
TAP_TAPCELL_ROW_48_665,VSS,Metal1,222.8800,204.3090,0.000378
TAP_TAPCELL_ROW_48_664,VSS,Metal1,183.6800,204.3090,0.000334
TAP_TAPCELL_ROW_48_663,VSS,Metal1,144.4800,204.3090,0.000346
TAP_TAPCELL_ROW_48_662,VSS,Metal1,105.2800,204.3090,0.000388
TAP_TAPCELL_ROW_48_661,VSS,Metal1,66.0800,204.3090,0.000403
TAP_TAPCELL_ROW_48_660,VSS,Metal1,26.8800,204.3090,0.000394
TAP_TAPCELL_ROW_47_659,VSS,Metal1,360.0800,203.3705,0.000230
TAP_TAPCELL_ROW_47_658,VSS,Metal1,320.8800,203.3705,0.000279
TAP_TAPCELL_ROW_47_657,VSS,Metal1,281.6800,203.3705,0.000320
TAP_TAPCELL_ROW_47_656,VSS,Metal1,242.4800,203.3705,0.000363
TAP_TAPCELL_ROW_47_655,VSS,Metal1,203.2800,203.3705,0.000378
TAP_TAPCELL_ROW_47_654,VSS,Metal1,164.0800,203.3705,0.000328
TAP_TAPCELL_ROW_47_653,VSS,Metal1,124.8800,203.3705,0.000362
TAP_TAPCELL_ROW_47_652,VSS,Metal1,85.6800,203.3705,0.000402
TAP_TAPCELL_ROW_47_651,VSS,Metal1,46.4800,203.3705,0.000403
TAP_TAPCELL_ROW_46_650,VSS,Metal1,379.6800,196.4690,0.000143
TAP_TAPCELL_ROW_46_649,VSS,Metal1,340.4800,196.4690,0.000143
TAP_TAPCELL_ROW_46_648,VSS,Metal1,301.2800,196.4690,0.000182
TAP_TAPCELL_ROW_46_647,VSS,Metal1,262.0800,196.4690,0.000203
TAP_TAPCELL_ROW_46_646,VSS,Metal1,222.8800,196.4690,0.000212
TAP_TAPCELL_ROW_46_645,VSS,Metal1,183.6800,196.4690,0.000193
TAP_TAPCELL_ROW_46_644,VSS,Metal1,144.4800,196.4690,0.000197
TAP_TAPCELL_ROW_46_643,VSS,Metal1,105.2800,196.4690,0.000212
TAP_TAPCELL_ROW_46_642,VSS,Metal1,66.0800,196.4690,0.000219
TAP_TAPCELL_ROW_46_641,VSS,Metal1,26.8800,196.4690,0.000194
TAP_TAPCELL_ROW_45_640,VSS,Metal1,360.0800,195.5305,0.000143
TAP_TAPCELL_ROW_45_639,VSS,Metal1,320.8800,195.5305,0.000176
TAP_TAPCELL_ROW_45_638,VSS,Metal1,281.6800,195.5305,0.000189
TAP_TAPCELL_ROW_45_637,VSS,Metal1,242.4800,195.5305,0.000207
TAP_TAPCELL_ROW_45_636,VSS,Metal1,203.2800,195.5305,0.000211
TAP_TAPCELL_ROW_45_635,VSS,Metal1,164.0800,195.5305,0.000190
TAP_TAPCELL_ROW_45_634,VSS,Metal1,124.8800,195.5305,0.000205
TAP_TAPCELL_ROW_45_633,VSS,Metal1,85.6800,195.5305,0.000218
TAP_TAPCELL_ROW_45_632,VSS,Metal1,46.4800,195.5305,0.000207
TAP_TAPCELL_ROW_44_631,VSS,Metal1,379.6800,188.6290,0.000387
TAP_TAPCELL_ROW_44_630,VSS,Metal1,340.4800,188.6290,0.000385
TAP_TAPCELL_ROW_44_629,VSS,Metal1,301.2800,188.6290,0.000385
TAP_TAPCELL_ROW_44_628,VSS,Metal1,262.0800,188.6290,0.000393
TAP_TAPCELL_ROW_44_627,VSS,Metal1,222.8800,188.6290,0.000419
TAP_TAPCELL_ROW_44_626,VSS,Metal1,183.6800,188.6290,0.000416
TAP_TAPCELL_ROW_44_625,VSS,Metal1,144.4800,188.6290,0.000418
TAP_TAPCELL_ROW_44_624,VSS,Metal1,105.2800,188.6290,0.000433
TAP_TAPCELL_ROW_44_623,VSS,Metal1,66.0800,188.6290,0.000445
TAP_TAPCELL_ROW_44_622,VSS,Metal1,26.8800,188.6290,0.000408
TAP_TAPCELL_ROW_43_621,VSS,Metal1,360.0800,187.6905,0.000386
TAP_TAPCELL_ROW_43_620,VSS,Metal1,320.8800,187.6905,0.000385
TAP_TAPCELL_ROW_43_619,VSS,Metal1,281.6800,187.6905,0.000392
TAP_TAPCELL_ROW_43_618,VSS,Metal1,242.4800,187.6905,0.000414
TAP_TAPCELL_ROW_43_617,VSS,Metal1,203.2800,187.6905,0.000417
TAP_TAPCELL_ROW_43_616,VSS,Metal1,164.0800,187.6905,0.000415
TAP_TAPCELL_ROW_43_615,VSS,Metal1,124.8800,187.6905,0.000422
TAP_TAPCELL_ROW_43_614,VSS,Metal1,85.6800,187.6905,0.000446
TAP_TAPCELL_ROW_43_613,VSS,Metal1,46.4800,187.6905,0.000418
TAP_TAPCELL_ROW_42_612,VSS,Metal1,379.6800,180.7890,0.000385
TAP_TAPCELL_ROW_42_611,VSS,Metal1,340.4800,180.7890,0.000385
TAP_TAPCELL_ROW_42_610,VSS,Metal1,301.2800,180.7890,0.000394
TAP_TAPCELL_ROW_42_609,VSS,Metal1,262.0800,180.7890,0.000398
TAP_TAPCELL_ROW_42_608,VSS,Metal1,222.8800,180.7890,0.000397
TAP_TAPCELL_ROW_42_607,VSS,Metal1,183.6800,180.7890,0.000396
TAP_TAPCELL_ROW_42_606,VSS,Metal1,144.4800,180.7890,0.000389
TAP_TAPCELL_ROW_42_605,VSS,Metal1,105.2800,180.7890,0.000387
TAP_TAPCELL_ROW_42_604,VSS,Metal1,66.0800,180.7890,0.000380
TAP_TAPCELL_ROW_42_603,VSS,Metal1,26.8800,180.7890,0.000358
TAP_TAPCELL_ROW_41_602,VSS,Metal1,360.0800,179.8505,0.000385
TAP_TAPCELL_ROW_41_601,VSS,Metal1,320.8800,179.8505,0.000388
TAP_TAPCELL_ROW_41_600,VSS,Metal1,281.6800,179.8505,0.000398
TAP_TAPCELL_ROW_41_599,VSS,Metal1,242.4800,179.8505,0.000398
TAP_TAPCELL_ROW_41_598,VSS,Metal1,203.2800,179.8505,0.000396
TAP_TAPCELL_ROW_41_597,VSS,Metal1,164.0800,179.8505,0.000385
TAP_TAPCELL_ROW_41_596,VSS,Metal1,124.8800,179.8505,0.000389
TAP_TAPCELL_ROW_41_595,VSS,Metal1,85.6800,179.8505,0.000387
TAP_TAPCELL_ROW_41_594,VSS,Metal1,46.4800,179.8505,0.000368
TAP_TAPCELL_ROW_40_593,VSS,Metal1,379.6800,172.9490,0.000439
TAP_TAPCELL_ROW_40_592,VSS,Metal1,340.4800,172.9490,0.000437
TAP_TAPCELL_ROW_40_591,VSS,Metal1,301.2800,172.9490,0.000530
TAP_TAPCELL_ROW_40_590,VSS,Metal1,262.0800,172.9490,0.000557
TAP_TAPCELL_ROW_40_589,VSS,Metal1,222.8800,172.9490,0.000565
TAP_TAPCELL_ROW_40_588,VSS,Metal1,183.6800,172.9490,0.000570
TAP_TAPCELL_ROW_40_587,VSS,Metal1,144.4800,172.9490,0.000572
TAP_TAPCELL_ROW_40_586,VSS,Metal1,105.2800,172.9490,0.000572
TAP_TAPCELL_ROW_40_585,VSS,Metal1,66.0800,172.9490,0.000528
TAP_TAPCELL_ROW_40_584,VSS,Metal1,26.8800,172.9490,0.000454
TAP_TAPCELL_ROW_39_583,VSS,Metal1,360.0800,172.0105,0.000439
TAP_TAPCELL_ROW_39_582,VSS,Metal1,320.8800,172.0105,0.000450
TAP_TAPCELL_ROW_39_581,VSS,Metal1,281.6800,172.0105,0.000555
TAP_TAPCELL_ROW_39_580,VSS,Metal1,242.4800,172.0105,0.000557
TAP_TAPCELL_ROW_39_579,VSS,Metal1,203.2800,172.0105,0.000570
TAP_TAPCELL_ROW_39_578,VSS,Metal1,164.0800,172.0105,0.000571
TAP_TAPCELL_ROW_39_577,VSS,Metal1,124.8800,172.0105,0.000572
TAP_TAPCELL_ROW_39_576,VSS,Metal1,85.6800,172.0105,0.000540
TAP_TAPCELL_ROW_39_575,VSS,Metal1,46.4800,172.0105,0.000473
TAP_TAPCELL_ROW_38_574,VSS,Metal1,379.6800,165.1090,0.000343
TAP_TAPCELL_ROW_38_573,VSS,Metal1,340.4800,165.1090,0.000338
TAP_TAPCELL_ROW_38_572,VSS,Metal1,301.2800,165.1090,0.000385
TAP_TAPCELL_ROW_38_571,VSS,Metal1,262.0800,165.1090,0.000403
TAP_TAPCELL_ROW_38_570,VSS,Metal1,222.8800,165.1090,0.000371
TAP_TAPCELL_ROW_38_569,VSS,Metal1,183.6800,165.1090,0.000351
TAP_TAPCELL_ROW_38_568,VSS,Metal1,144.4800,165.1090,0.000369
TAP_TAPCELL_ROW_38_567,VSS,Metal1,105.2800,165.1090,0.000379
TAP_TAPCELL_ROW_38_566,VSS,Metal1,66.0800,165.1090,0.000374
TAP_TAPCELL_ROW_38_565,VSS,Metal1,26.8800,165.1090,0.000359
TAP_TAPCELL_ROW_37_564,VSS,Metal1,360.0800,164.1705,0.000343
TAP_TAPCELL_ROW_37_563,VSS,Metal1,320.8800,164.1705,0.000371
TAP_TAPCELL_ROW_37_562,VSS,Metal1,281.6800,164.1705,0.000396
TAP_TAPCELL_ROW_37_561,VSS,Metal1,242.4800,164.1705,0.000376
TAP_TAPCELL_ROW_37_560,VSS,Metal1,203.2800,164.1705,0.000360
TAP_TAPCELL_ROW_37_559,VSS,Metal1,164.0800,164.1705,0.000362
TAP_TAPCELL_ROW_37_558,VSS,Metal1,124.8800,164.1705,0.000378
TAP_TAPCELL_ROW_37_557,VSS,Metal1,85.6800,164.1705,0.000378
TAP_TAPCELL_ROW_37_556,VSS,Metal1,46.4800,164.1705,0.000373
TAP_TAPCELL_ROW_36_555,VSS,Metal1,379.6800,157.2690,0.000492
TAP_TAPCELL_ROW_36_554,VSS,Metal1,340.4800,157.2690,0.000491
TAP_TAPCELL_ROW_36_553,VSS,Metal1,301.2800,157.2690,0.000514
TAP_TAPCELL_ROW_36_552,VSS,Metal1,262.0800,157.2690,0.000648
TAP_TAPCELL_ROW_36_551,VSS,Metal1,222.8800,157.2690,0.000616
TAP_TAPCELL_ROW_36_550,VSS,Metal1,183.6800,157.2690,0.000563
TAP_TAPCELL_ROW_36_549,VSS,Metal1,144.4800,157.2690,0.000582
TAP_TAPCELL_ROW_36_548,VSS,Metal1,105.2800,157.2690,0.000591
TAP_TAPCELL_ROW_36_547,VSS,Metal1,66.0800,157.2690,0.000588
TAP_TAPCELL_ROW_36_546,VSS,Metal1,26.8800,157.2690,0.000537
TAP_TAPCELL_ROW_35_545,VSS,Metal1,360.0800,156.3305,0.000492
TAP_TAPCELL_ROW_35_544,VSS,Metal1,320.8800,156.3305,0.000494
TAP_TAPCELL_ROW_35_543,VSS,Metal1,281.6800,156.3305,0.000643
TAP_TAPCELL_ROW_35_542,VSS,Metal1,242.4800,156.3305,0.000649
TAP_TAPCELL_ROW_35_541,VSS,Metal1,203.2800,156.3305,0.000601
TAP_TAPCELL_ROW_35_540,VSS,Metal1,164.0800,156.3305,0.000563
TAP_TAPCELL_ROW_35_539,VSS,Metal1,124.8800,156.3305,0.000591
TAP_TAPCELL_ROW_35_538,VSS,Metal1,85.6800,156.3305,0.000590
TAP_TAPCELL_ROW_35_537,VSS,Metal1,46.4800,156.3305,0.000555
TAP_TAPCELL_ROW_34_536,VSS,Metal1,379.6800,149.4290,0.000403
TAP_TAPCELL_ROW_34_535,VSS,Metal1,340.4800,149.4290,0.000400
TAP_TAPCELL_ROW_34_534,VSS,Metal1,301.2800,149.4290,0.000384
TAP_TAPCELL_ROW_34_533,VSS,Metal1,262.0800,149.4290,0.000390
TAP_TAPCELL_ROW_34_532,VSS,Metal1,222.8800,149.4290,0.000393
TAP_TAPCELL_ROW_34_531,VSS,Metal1,183.6800,149.4290,0.000390
TAP_TAPCELL_ROW_34_530,VSS,Metal1,144.4800,149.4290,0.000384
TAP_TAPCELL_ROW_34_529,VSS,Metal1,105.2800,149.4290,0.000371
TAP_TAPCELL_ROW_34_528,VSS,Metal1,66.0800,149.4290,0.000339
TAP_TAPCELL_ROW_34_527,VSS,Metal1,26.8800,149.4290,0.000336
TAP_TAPCELL_ROW_33_526,VSS,Metal1,360.0800,148.4905,0.000403
TAP_TAPCELL_ROW_33_525,VSS,Metal1,320.8800,148.4905,0.000383
TAP_TAPCELL_ROW_33_524,VSS,Metal1,281.6800,148.4905,0.000389
TAP_TAPCELL_ROW_33_523,VSS,Metal1,242.4800,148.4905,0.000393
TAP_TAPCELL_ROW_33_522,VSS,Metal1,203.2800,148.4905,0.000392
TAP_TAPCELL_ROW_33_521,VSS,Metal1,164.0800,148.4905,0.000390
TAP_TAPCELL_ROW_33_520,VSS,Metal1,124.8800,148.4905,0.000374
TAP_TAPCELL_ROW_33_519,VSS,Metal1,85.6800,148.4905,0.000362
TAP_TAPCELL_ROW_33_518,VSS,Metal1,46.4800,148.4905,0.000339
TAP_TAPCELL_ROW_32_517,VSS,Metal1,379.6800,141.5890,0.000157
TAP_TAPCELL_ROW_32_516,VSS,Metal1,340.4800,141.5890,0.000154
TAP_TAPCELL_ROW_32_515,VSS,Metal1,301.2800,141.5890,0.000171
TAP_TAPCELL_ROW_32_514,VSS,Metal1,262.0800,141.5890,0.000227
TAP_TAPCELL_ROW_32_513,VSS,Metal1,222.8800,141.5890,0.000242
TAP_TAPCELL_ROW_32_512,VSS,Metal1,183.6800,141.5890,0.000240
TAP_TAPCELL_ROW_32_511,VSS,Metal1,144.4800,141.5890,0.000238
TAP_TAPCELL_ROW_32_510,VSS,Metal1,105.2800,141.5890,0.000236
TAP_TAPCELL_ROW_32_509,VSS,Metal1,66.0800,141.5890,0.000236
TAP_TAPCELL_ROW_32_508,VSS,Metal1,26.8800,141.5890,0.000231
TAP_TAPCELL_ROW_31_507,VSS,Metal1,360.0800,140.6505,0.000157
TAP_TAPCELL_ROW_31_506,VSS,Metal1,320.8800,140.6505,0.000157
TAP_TAPCELL_ROW_31_505,VSS,Metal1,281.6800,140.6505,0.000201
TAP_TAPCELL_ROW_31_504,VSS,Metal1,242.4800,140.6505,0.000234
TAP_TAPCELL_ROW_31_503,VSS,Metal1,203.2800,140.6505,0.000242
TAP_TAPCELL_ROW_31_502,VSS,Metal1,164.0800,140.6505,0.000237
TAP_TAPCELL_ROW_31_501,VSS,Metal1,124.8800,140.6505,0.000237
TAP_TAPCELL_ROW_31_500,VSS,Metal1,85.6800,140.6505,0.000236
TAP_TAPCELL_ROW_31_499,VSS,Metal1,46.4800,140.6505,0.000234
TAP_TAPCELL_ROW_30_498,VSS,Metal1,379.6800,133.7490,0.000073
TAP_TAPCELL_ROW_30_497,VSS,Metal1,340.4800,133.7490,0.000072
TAP_TAPCELL_ROW_30_496,VSS,Metal1,301.2800,133.7490,0.000076
TAP_TAPCELL_ROW_30_495,VSS,Metal1,262.0800,133.7490,0.000078
TAP_TAPCELL_ROW_30_494,VSS,Metal1,222.8800,133.7490,0.000078
TAP_TAPCELL_ROW_30_493,VSS,Metal1,183.6800,133.7490,0.000074
TAP_TAPCELL_ROW_30_492,VSS,Metal1,144.4800,133.7490,0.000074
TAP_TAPCELL_ROW_30_491,VSS,Metal1,105.2800,133.7490,0.000073
TAP_TAPCELL_ROW_30_490,VSS,Metal1,66.0800,133.7490,0.000073
TAP_TAPCELL_ROW_30_489,VSS,Metal1,26.8800,133.7490,0.000073
TAP_TAPCELL_ROW_29_488,VSS,Metal1,360.0800,132.8105,0.000073
TAP_TAPCELL_ROW_29_487,VSS,Metal1,320.8800,132.8105,0.000073
TAP_TAPCELL_ROW_29_486,VSS,Metal1,281.6800,132.8105,0.000077
TAP_TAPCELL_ROW_29_485,VSS,Metal1,242.4800,132.8105,0.000079
TAP_TAPCELL_ROW_29_484,VSS,Metal1,203.2800,132.8105,0.000078
TAP_TAPCELL_ROW_29_483,VSS,Metal1,164.0800,132.8105,0.000074
TAP_TAPCELL_ROW_29_482,VSS,Metal1,124.8800,132.8105,0.000073
TAP_TAPCELL_ROW_29_481,VSS,Metal1,85.6800,132.8105,0.000073
TAP_TAPCELL_ROW_29_480,VSS,Metal1,46.4800,132.8105,0.000073
TAP_TAPCELL_ROW_28_479,VSS,Metal1,379.6800,125.9090,0.000273
TAP_TAPCELL_ROW_28_478,VSS,Metal1,340.4800,125.9090,0.000270
TAP_TAPCELL_ROW_28_477,VSS,Metal1,301.2800,125.9090,0.000330
TAP_TAPCELL_ROW_28_476,VSS,Metal1,262.0800,125.9090,0.000357
TAP_TAPCELL_ROW_28_475,VSS,Metal1,222.8800,125.9090,0.000341
TAP_TAPCELL_ROW_28_474,VSS,Metal1,183.6800,125.9090,0.000289
TAP_TAPCELL_ROW_28_473,VSS,Metal1,144.4800,125.9090,0.000276
TAP_TAPCELL_ROW_28_472,VSS,Metal1,105.2800,125.9090,0.000232
TAP_TAPCELL_ROW_28_471,VSS,Metal1,66.0800,125.9090,0.000230
TAP_TAPCELL_ROW_28_470,VSS,Metal1,26.8800,125.9090,0.000223
TAP_TAPCELL_ROW_27_469,VSS,Metal1,360.0800,124.9705,0.000273
TAP_TAPCELL_ROW_27_468,VSS,Metal1,320.8800,124.9705,0.000279
TAP_TAPCELL_ROW_27_467,VSS,Metal1,281.6800,124.9705,0.000341
TAP_TAPCELL_ROW_27_466,VSS,Metal1,242.4800,124.9705,0.000362
TAP_TAPCELL_ROW_27_465,VSS,Metal1,203.2800,124.9705,0.000313
TAP_TAPCELL_ROW_27_464,VSS,Metal1,164.0800,124.9705,0.000275
TAP_TAPCELL_ROW_27_463,VSS,Metal1,124.8800,124.9705,0.000274
TAP_TAPCELL_ROW_27_462,VSS,Metal1,85.6800,124.9705,0.000230
TAP_TAPCELL_ROW_27_461,VSS,Metal1,46.4800,124.9705,0.000229
TAP_TAPCELL_ROW_26_460,VSS,Metal1,379.6800,118.0690,0.000413
TAP_TAPCELL_ROW_26_459,VSS,Metal1,340.4800,118.0690,0.000412
TAP_TAPCELL_ROW_26_458,VSS,Metal1,301.2800,118.0690,0.000416
TAP_TAPCELL_ROW_26_457,VSS,Metal1,262.0800,118.0690,0.000426
TAP_TAPCELL_ROW_26_456,VSS,Metal1,222.8800,118.0690,0.000428
TAP_TAPCELL_ROW_26_455,VSS,Metal1,183.6800,118.0690,0.000385
TAP_TAPCELL_ROW_26_454,VSS,Metal1,144.4800,118.0690,0.000391
TAP_TAPCELL_ROW_26_453,VSS,Metal1,105.2800,118.0690,0.000392
TAP_TAPCELL_ROW_26_452,VSS,Metal1,66.0800,118.0690,0.000388
TAP_TAPCELL_ROW_26_451,VSS,Metal1,26.8800,118.0690,0.000385
TAP_TAPCELL_ROW_25_450,VSS,Metal1,360.0800,117.1305,0.000413
TAP_TAPCELL_ROW_25_449,VSS,Metal1,320.8800,117.1305,0.000415
TAP_TAPCELL_ROW_25_448,VSS,Metal1,281.6800,117.1305,0.000416
TAP_TAPCELL_ROW_25_447,VSS,Metal1,242.4800,117.1305,0.000428
TAP_TAPCELL_ROW_25_446,VSS,Metal1,203.2800,117.1305,0.000427
TAP_TAPCELL_ROW_25_445,VSS,Metal1,164.0800,117.1305,0.000391
TAP_TAPCELL_ROW_25_444,VSS,Metal1,124.8800,117.1305,0.000392
TAP_TAPCELL_ROW_25_443,VSS,Metal1,85.6800,117.1305,0.000391
TAP_TAPCELL_ROW_25_442,VSS,Metal1,46.4800,117.1305,0.000386
TAP_TAPCELL_ROW_24_441,VSS,Metal1,379.6800,110.2290,0.000336
TAP_TAPCELL_ROW_24_440,VSS,Metal1,340.4800,110.2290,0.000334
TAP_TAPCELL_ROW_24_439,VSS,Metal1,301.2800,110.2290,0.000368
TAP_TAPCELL_ROW_24_438,VSS,Metal1,262.0800,110.2290,0.000369
TAP_TAPCELL_ROW_24_437,VSS,Metal1,222.8800,110.2290,0.000331
TAP_TAPCELL_ROW_24_436,VSS,Metal1,183.6800,110.2290,0.000232
TAP_TAPCELL_ROW_24_435,VSS,Metal1,144.4800,110.2290,0.000228
TAP_TAPCELL_ROW_24_434,VSS,Metal1,105.2800,110.2290,0.000220
TAP_TAPCELL_ROW_24_433,VSS,Metal1,66.0800,110.2290,0.000215
TAP_TAPCELL_ROW_24_432,VSS,Metal1,26.8800,110.2290,0.000193
TAP_TAPCELL_ROW_23_431,VSS,Metal1,360.0800,109.2905,0.000335
TAP_TAPCELL_ROW_23_430,VSS,Metal1,320.8800,109.2905,0.000348
TAP_TAPCELL_ROW_23_429,VSS,Metal1,281.6800,109.2905,0.000369
TAP_TAPCELL_ROW_23_428,VSS,Metal1,242.4800,109.2905,0.000349
TAP_TAPCELL_ROW_23_427,VSS,Metal1,203.2800,109.2905,0.000246
TAP_TAPCELL_ROW_23_426,VSS,Metal1,164.0800,109.2905,0.000226
TAP_TAPCELL_ROW_23_425,VSS,Metal1,124.8800,109.2905,0.000226
TAP_TAPCELL_ROW_23_424,VSS,Metal1,85.6800,109.2905,0.000216
TAP_TAPCELL_ROW_23_423,VSS,Metal1,46.4800,109.2905,0.000205
TAP_TAPCELL_ROW_22_422,VSS,Metal1,379.6800,102.3890,0.000410
TAP_TAPCELL_ROW_22_421,VSS,Metal1,340.4800,102.3890,0.000407
TAP_TAPCELL_ROW_22_420,VSS,Metal1,301.2800,102.3890,0.000404
TAP_TAPCELL_ROW_22_419,VSS,Metal1,262.0800,102.3890,0.000403
TAP_TAPCELL_ROW_22_418,VSS,Metal1,222.8800,102.3890,0.000371
TAP_TAPCELL_ROW_22_417,VSS,Metal1,183.6800,102.3890,0.000282
TAP_TAPCELL_ROW_22_416,VSS,Metal1,144.4800,102.3890,0.000281
TAP_TAPCELL_ROW_22_415,VSS,Metal1,105.2800,102.3890,0.000277
TAP_TAPCELL_ROW_22_414,VSS,Metal1,66.0800,102.3890,0.000264
TAP_TAPCELL_ROW_22_413,VSS,Metal1,26.8800,102.3890,0.000252
TAP_TAPCELL_ROW_21_412,VSS,Metal1,360.0800,101.4505,0.000409
TAP_TAPCELL_ROW_21_411,VSS,Metal1,320.8800,101.4505,0.000404
TAP_TAPCELL_ROW_21_410,VSS,Metal1,281.6800,101.4505,0.000404
TAP_TAPCELL_ROW_21_409,VSS,Metal1,242.4800,101.4505,0.000395
TAP_TAPCELL_ROW_21_408,VSS,Metal1,203.2800,101.4505,0.000322
TAP_TAPCELL_ROW_21_407,VSS,Metal1,164.0800,101.4505,0.000281
TAP_TAPCELL_ROW_21_406,VSS,Metal1,124.8800,101.4505,0.000280
TAP_TAPCELL_ROW_21_405,VSS,Metal1,85.6800,101.4505,0.000274
TAP_TAPCELL_ROW_21_404,VSS,Metal1,46.4800,101.4505,0.000260
TAP_TAPCELL_ROW_20_403,VSS,Metal1,379.6800,94.5490,0.000230
TAP_TAPCELL_ROW_20_402,VSS,Metal1,340.4800,94.5490,0.000229
TAP_TAPCELL_ROW_20_401,VSS,Metal1,301.2800,94.5490,0.000256
TAP_TAPCELL_ROW_20_400,VSS,Metal1,262.0800,94.5490,0.000250
TAP_TAPCELL_ROW_20_399,VSS,Metal1,222.8800,94.5490,0.000238
TAP_TAPCELL_ROW_20_398,VSS,Metal1,183.6800,94.5490,0.000204
TAP_TAPCELL_ROW_20_397,VSS,Metal1,144.4800,94.5490,0.000201
TAP_TAPCELL_ROW_20_396,VSS,Metal1,105.2800,94.5490,0.000206
TAP_TAPCELL_ROW_20_395,VSS,Metal1,66.0800,94.5490,0.000202
TAP_TAPCELL_ROW_20_394,VSS,Metal1,26.8800,94.5490,0.000197
TAP_TAPCELL_ROW_19_393,VSS,Metal1,360.0800,93.6105,0.000229
TAP_TAPCELL_ROW_19_392,VSS,Metal1,320.8800,93.6105,0.000249
TAP_TAPCELL_ROW_19_391,VSS,Metal1,281.6800,93.6105,0.000256
TAP_TAPCELL_ROW_19_390,VSS,Metal1,242.4800,93.6105,0.000239
TAP_TAPCELL_ROW_19_389,VSS,Metal1,203.2800,93.6105,0.000218
TAP_TAPCELL_ROW_19_388,VSS,Metal1,164.0800,93.6105,0.000197
TAP_TAPCELL_ROW_19_387,VSS,Metal1,124.8800,93.6105,0.000203
TAP_TAPCELL_ROW_19_386,VSS,Metal1,85.6800,93.6105,0.000205
TAP_TAPCELL_ROW_19_385,VSS,Metal1,46.4800,93.6105,0.000202
TAP_TAPCELL_ROW_18_384,VSS,Metal1,379.6800,86.7090,0.000297
TAP_TAPCELL_ROW_18_383,VSS,Metal1,340.4800,86.7090,0.000294
TAP_TAPCELL_ROW_18_382,VSS,Metal1,301.2800,86.7090,0.000299
TAP_TAPCELL_ROW_18_381,VSS,Metal1,262.0800,86.7090,0.000300
TAP_TAPCELL_ROW_18_380,VSS,Metal1,222.8800,86.7090,0.000299
TAP_TAPCELL_ROW_18_379,VSS,Metal1,183.6800,86.7090,0.000284
TAP_TAPCELL_ROW_18_378,VSS,Metal1,144.4800,86.7090,0.000305
TAP_TAPCELL_ROW_18_377,VSS,Metal1,105.2800,86.7090,0.000375
TAP_TAPCELL_ROW_18_376,VSS,Metal1,66.0800,86.7090,0.000374
TAP_TAPCELL_ROW_18_375,VSS,Metal1,26.8800,86.7090,0.000342
TAP_TAPCELL_ROW_17_374,VSS,Metal1,360.0800,85.7705,0.000296
TAP_TAPCELL_ROW_17_373,VSS,Metal1,320.8800,85.7705,0.000299
TAP_TAPCELL_ROW_17_372,VSS,Metal1,281.6800,85.7705,0.000300
TAP_TAPCELL_ROW_17_371,VSS,Metal1,242.4800,85.7705,0.000300
TAP_TAPCELL_ROW_17_370,VSS,Metal1,203.2800,85.7705,0.000288
TAP_TAPCELL_ROW_17_369,VSS,Metal1,164.0800,85.7705,0.000281
TAP_TAPCELL_ROW_17_368,VSS,Metal1,124.8800,85.7705,0.000365
TAP_TAPCELL_ROW_17_367,VSS,Metal1,85.6800,85.7705,0.000375
TAP_TAPCELL_ROW_17_366,VSS,Metal1,46.4800,85.7705,0.000356
TAP_TAPCELL_ROW_16_365,VSS,Metal1,379.6800,78.8690,0.000187
TAP_TAPCELL_ROW_16_364,VSS,Metal1,340.4800,78.8690,0.000184
TAP_TAPCELL_ROW_16_363,VSS,Metal1,301.2800,78.8690,0.000200
TAP_TAPCELL_ROW_16_362,VSS,Metal1,262.0800,78.8690,0.000217
TAP_TAPCELL_ROW_16_361,VSS,Metal1,222.8800,78.8690,0.000240
TAP_TAPCELL_ROW_16_360,VSS,Metal1,183.6800,78.8690,0.000243
TAP_TAPCELL_ROW_16_359,VSS,Metal1,144.4800,78.8690,0.000328
TAP_TAPCELL_ROW_16_358,VSS,Metal1,105.2800,78.8690,0.000356
TAP_TAPCELL_ROW_16_357,VSS,Metal1,66.0800,78.8690,0.000351
TAP_TAPCELL_ROW_16_356,VSS,Metal1,26.8800,78.8690,0.000331
TAP_TAPCELL_ROW_15_355,VSS,Metal1,360.0800,77.9305,0.000186
TAP_TAPCELL_ROW_15_354,VSS,Metal1,320.8800,77.9305,0.000191
TAP_TAPCELL_ROW_15_353,VSS,Metal1,281.6800,77.9305,0.000213
TAP_TAPCELL_ROW_15_352,VSS,Metal1,242.4800,77.9305,0.000240
TAP_TAPCELL_ROW_15_351,VSS,Metal1,203.2800,77.9305,0.000240
TAP_TAPCELL_ROW_15_350,VSS,Metal1,164.0800,77.9305,0.000252
TAP_TAPCELL_ROW_15_349,VSS,Metal1,124.8800,77.9305,0.000346
TAP_TAPCELL_ROW_15_348,VSS,Metal1,85.6800,77.9305,0.000357
TAP_TAPCELL_ROW_15_347,VSS,Metal1,46.4800,77.9305,0.000335
TAP_TAPCELL_ROW_14_346,VSS,Metal1,379.6800,71.0290,0.000227
TAP_TAPCELL_ROW_14_345,VSS,Metal1,340.4800,71.0290,0.000222
TAP_TAPCELL_ROW_14_344,VSS,Metal1,301.2800,71.0290,0.000272
TAP_TAPCELL_ROW_14_343,VSS,Metal1,262.0800,71.0290,0.000310
TAP_TAPCELL_ROW_14_342,VSS,Metal1,222.8800,71.0290,0.000327
TAP_TAPCELL_ROW_14_341,VSS,Metal1,183.6800,71.0290,0.000344
TAP_TAPCELL_ROW_14_340,VSS,Metal1,144.4800,71.0290,0.000386
TAP_TAPCELL_ROW_14_339,VSS,Metal1,105.2800,71.0290,0.000392
TAP_TAPCELL_ROW_14_338,VSS,Metal1,66.0800,71.0290,0.000381
TAP_TAPCELL_ROW_14_337,VSS,Metal1,26.8800,71.0290,0.000377
TAP_TAPCELL_ROW_13_336,VSS,Metal1,360.0800,70.0905,0.000225
TAP_TAPCELL_ROW_13_335,VSS,Metal1,320.8800,70.0905,0.000217
TAP_TAPCELL_ROW_13_334,VSS,Metal1,281.6800,70.0905,0.000290
TAP_TAPCELL_ROW_13_333,VSS,Metal1,242.4800,70.0905,0.000326
TAP_TAPCELL_ROW_13_332,VSS,Metal1,203.2800,70.0905,0.000340
TAP_TAPCELL_ROW_13_331,VSS,Metal1,164.0800,70.0905,0.000385
TAP_TAPCELL_ROW_13_330,VSS,Metal1,124.8800,70.0905,0.000386
TAP_TAPCELL_ROW_13_329,VSS,Metal1,85.6800,70.0905,0.000382
TAP_TAPCELL_ROW_13_328,VSS,Metal1,46.4800,70.0905,0.000380
TAP_TAPCELL_ROW_12_327,VSS,Metal1,379.6800,63.1890,0.000292
TAP_TAPCELL_ROW_12_326,VSS,Metal1,340.4800,63.1890,0.000292
TAP_TAPCELL_ROW_12_325,VSS,Metal1,301.2800,63.1890,0.000370
TAP_TAPCELL_ROW_12_324,VSS,Metal1,262.0800,63.1890,0.000378
TAP_TAPCELL_ROW_12_323,VSS,Metal1,222.8800,63.1890,0.000376
TAP_TAPCELL_ROW_12_322,VSS,Metal1,183.6800,63.1890,0.000297
TAP_TAPCELL_ROW_12_321,VSS,Metal1,144.4800,63.1890,0.000329
TAP_TAPCELL_ROW_12_320,VSS,Metal1,105.2800,63.1890,0.000334
TAP_TAPCELL_ROW_12_319,VSS,Metal1,66.0800,63.1890,0.000302
TAP_TAPCELL_ROW_12_318,VSS,Metal1,26.8800,63.1890,0.000278
TAP_TAPCELL_ROW_11_317,VSS,Metal1,360.0800,62.2505,0.000292
TAP_TAPCELL_ROW_11_316,VSS,Metal1,320.8800,62.2505,0.000361
TAP_TAPCELL_ROW_11_315,VSS,Metal1,281.6800,62.2505,0.000378
TAP_TAPCELL_ROW_11_314,VSS,Metal1,242.4800,62.2505,0.000377
TAP_TAPCELL_ROW_11_313,VSS,Metal1,203.2800,62.2505,0.000302
TAP_TAPCELL_ROW_11_312,VSS,Metal1,164.0800,62.2505,0.000310
TAP_TAPCELL_ROW_11_311,VSS,Metal1,124.8800,62.2505,0.000334
TAP_TAPCELL_ROW_11_310,VSS,Metal1,85.6800,62.2505,0.000330
TAP_TAPCELL_ROW_11_309,VSS,Metal1,46.4800,62.2505,0.000292
TAP_TAPCELL_ROW_10_308,VSS,Metal1,379.6800,55.3490,0.000327
TAP_TAPCELL_ROW_10_307,VSS,Metal1,340.4800,55.3490,0.000325
TAP_TAPCELL_ROW_10_306,VSS,Metal1,301.2800,55.3490,0.000351
TAP_TAPCELL_ROW_10_305,VSS,Metal1,262.0800,55.3490,0.000368
TAP_TAPCELL_ROW_10_304,VSS,Metal1,222.8800,55.3490,0.000377
TAP_TAPCELL_ROW_10_303,VSS,Metal1,183.6800,55.3490,0.000360
TAP_TAPCELL_ROW_10_302,VSS,Metal1,144.4800,55.3490,0.000376
TAP_TAPCELL_ROW_10_301,VSS,Metal1,105.2800,55.3490,0.000392
TAP_TAPCELL_ROW_10_300,VSS,Metal1,66.0800,55.3490,0.000318
TAP_TAPCELL_ROW_10_299,VSS,Metal1,26.8800,55.3490,0.000285
TAP_TAPCELL_ROW_9_298,VSS,Metal1,360.0800,54.4105,0.000327
TAP_TAPCELL_ROW_9_297,VSS,Metal1,320.8800,54.4105,0.000325
TAP_TAPCELL_ROW_9_296,VSS,Metal1,281.6800,54.4105,0.000360
TAP_TAPCELL_ROW_9_295,VSS,Metal1,242.4800,54.4105,0.000372
TAP_TAPCELL_ROW_9_294,VSS,Metal1,203.2800,54.4105,0.000374
TAP_TAPCELL_ROW_9_293,VSS,Metal1,164.0800,54.4105,0.000358
TAP_TAPCELL_ROW_9_292,VSS,Metal1,124.8800,54.4105,0.000391
TAP_TAPCELL_ROW_9_291,VSS,Metal1,85.6800,54.4105,0.000394
TAP_TAPCELL_ROW_9_290,VSS,Metal1,46.4800,54.4105,0.000303
TAP_TAPCELL_ROW_8_289,VSS,Metal1,379.6800,47.5090,0.000410
TAP_TAPCELL_ROW_8_288,VSS,Metal1,340.4800,47.5090,0.000410
TAP_TAPCELL_ROW_8_287,VSS,Metal1,301.2800,47.5090,0.000413
TAP_TAPCELL_ROW_8_286,VSS,Metal1,262.0800,47.5090,0.000434
TAP_TAPCELL_ROW_8_285,VSS,Metal1,222.8800,47.5090,0.000464
TAP_TAPCELL_ROW_8_284,VSS,Metal1,183.6800,47.5090,0.000465
TAP_TAPCELL_ROW_8_283,VSS,Metal1,144.4800,47.5090,0.000504
TAP_TAPCELL_ROW_8_282,VSS,Metal1,105.2800,47.5090,0.000532
TAP_TAPCELL_ROW_8_281,VSS,Metal1,66.0800,47.5090,0.000522
TAP_TAPCELL_ROW_8_280,VSS,Metal1,26.8800,47.5090,0.000431
TAP_TAPCELL_ROW_7_279,VSS,Metal1,360.0800,46.5705,0.000410
TAP_TAPCELL_ROW_7_278,VSS,Metal1,320.8800,46.5705,0.000410
TAP_TAPCELL_ROW_7_277,VSS,Metal1,281.6800,46.5705,0.000434
TAP_TAPCELL_ROW_7_276,VSS,Metal1,242.4800,46.5705,0.000451
TAP_TAPCELL_ROW_7_275,VSS,Metal1,203.2800,46.5705,0.000464
TAP_TAPCELL_ROW_7_274,VSS,Metal1,164.0800,46.5705,0.000486
TAP_TAPCELL_ROW_7_273,VSS,Metal1,124.8800,46.5705,0.000532
TAP_TAPCELL_ROW_7_272,VSS,Metal1,85.6800,46.5705,0.000532
TAP_TAPCELL_ROW_7_271,VSS,Metal1,46.4800,46.5705,0.000460
TAP_TAPCELL_ROW_6_270,VSS,Metal1,379.6800,39.6690,0.000246
TAP_TAPCELL_ROW_6_269,VSS,Metal1,340.4800,39.6690,0.000246
TAP_TAPCELL_ROW_6_268,VSS,Metal1,301.2800,39.6690,0.000271
TAP_TAPCELL_ROW_6_267,VSS,Metal1,262.0800,39.6690,0.000288
TAP_TAPCELL_ROW_6_266,VSS,Metal1,222.8800,39.6690,0.000281
TAP_TAPCELL_ROW_6_265,VSS,Metal1,183.6800,39.6690,0.000265
TAP_TAPCELL_ROW_6_264,VSS,Metal1,144.4800,39.6690,0.000275
TAP_TAPCELL_ROW_6_263,VSS,Metal1,105.2800,39.6690,0.000277
TAP_TAPCELL_ROW_6_262,VSS,Metal1,66.0800,39.6690,0.000271
TAP_TAPCELL_ROW_6_261,VSS,Metal1,26.8800,39.6690,0.000237
TAP_TAPCELL_ROW_5_260,VSS,Metal1,360.0800,38.7305,0.000246
TAP_TAPCELL_ROW_5_259,VSS,Metal1,320.8800,38.7305,0.000249
TAP_TAPCELL_ROW_5_258,VSS,Metal1,281.6800,38.7305,0.000284
TAP_TAPCELL_ROW_5_257,VSS,Metal1,242.4800,38.7305,0.000293
TAP_TAPCELL_ROW_5_256,VSS,Metal1,203.2800,38.7305,0.000280
TAP_TAPCELL_ROW_5_255,VSS,Metal1,164.0800,38.7305,0.000258
TAP_TAPCELL_ROW_5_254,VSS,Metal1,124.8800,38.7305,0.000277
TAP_TAPCELL_ROW_5_253,VSS,Metal1,85.6800,38.7305,0.000276
TAP_TAPCELL_ROW_5_252,VSS,Metal1,46.4800,38.7305,0.000253
TAP_TAPCELL_ROW_4_251,VSS,Metal1,379.6800,31.8290,0.000182
TAP_TAPCELL_ROW_4_250,VSS,Metal1,340.4800,31.8290,0.000182
TAP_TAPCELL_ROW_4_249,VSS,Metal1,301.2800,31.8290,0.000202
TAP_TAPCELL_ROW_4_248,VSS,Metal1,262.0800,31.8290,0.000246
TAP_TAPCELL_ROW_4_247,VSS,Metal1,222.8800,31.8290,0.000254
TAP_TAPCELL_ROW_4_246,VSS,Metal1,183.6800,31.8290,0.000256
TAP_TAPCELL_ROW_4_245,VSS,Metal1,144.4800,31.8290,0.000366
TAP_TAPCELL_ROW_4_244,VSS,Metal1,105.2800,31.8290,0.000364
TAP_TAPCELL_ROW_4_243,VSS,Metal1,66.0800,31.8290,0.000343
TAP_TAPCELL_ROW_4_242,VSS,Metal1,26.8800,31.8290,0.000289
TAP_TAPCELL_ROW_3_241,VSS,Metal1,360.0800,30.8905,0.000182
TAP_TAPCELL_ROW_3_240,VSS,Metal1,320.8800,30.8905,0.000182
TAP_TAPCELL_ROW_3_239,VSS,Metal1,281.6800,30.8905,0.000231
TAP_TAPCELL_ROW_3_238,VSS,Metal1,242.4800,30.8905,0.000250
TAP_TAPCELL_ROW_3_237,VSS,Metal1,203.2800,30.8905,0.000256
TAP_TAPCELL_ROW_3_236,VSS,Metal1,164.0800,30.8905,0.000326
TAP_TAPCELL_ROW_3_235,VSS,Metal1,124.8800,30.8905,0.000366
TAP_TAPCELL_ROW_3_234,VSS,Metal1,85.6800,30.8905,0.000358
TAP_TAPCELL_ROW_3_233,VSS,Metal1,46.4800,30.8905,0.000334
TAP_TAPCELL_ROW_2_232,VSS,Metal1,379.6800,23.9890,0.000151
TAP_TAPCELL_ROW_2_231,VSS,Metal1,340.4800,23.9890,0.000151
TAP_TAPCELL_ROW_2_230,VSS,Metal1,301.2800,23.9890,0.000160
TAP_TAPCELL_ROW_2_229,VSS,Metal1,262.0800,23.9890,0.000164
TAP_TAPCELL_ROW_2_228,VSS,Metal1,222.8800,23.9890,0.000166
TAP_TAPCELL_ROW_2_227,VSS,Metal1,183.6800,23.9890,0.000165
TAP_TAPCELL_ROW_2_226,VSS,Metal1,144.4800,23.9890,0.000180
TAP_TAPCELL_ROW_2_225,VSS,Metal1,105.2800,23.9890,0.000199
TAP_TAPCELL_ROW_2_224,VSS,Metal1,66.0800,23.9890,0.000200
TAP_TAPCELL_ROW_2_223,VSS,Metal1,26.8800,23.9890,0.000173
TAP_TAPCELL_ROW_1_222,VSS,Metal1,360.0800,23.0505,0.000151
TAP_TAPCELL_ROW_1_221,VSS,Metal1,320.8800,23.0505,0.000154
TAP_TAPCELL_ROW_1_220,VSS,Metal1,281.6800,23.0505,0.000161
TAP_TAPCELL_ROW_1_219,VSS,Metal1,242.4800,23.0505,0.000165
TAP_TAPCELL_ROW_1_218,VSS,Metal1,203.2800,23.0505,0.000166
TAP_TAPCELL_ROW_1_217,VSS,Metal1,164.0800,23.0505,0.000164
TAP_TAPCELL_ROW_1_216,VSS,Metal1,124.8800,23.0505,0.000185
TAP_TAPCELL_ROW_1_215,VSS,Metal1,85.6800,23.0505,0.000202
TAP_TAPCELL_ROW_1_214,VSS,Metal1,46.4800,23.0505,0.000195
TAP_TAPCELL_ROW_0_213,VSS,Metal1,388.0800,16.1490,0.000052
TAP_TAPCELL_ROW_0_212,VSS,Metal1,369.0400,16.1490,0.000052
TAP_TAPCELL_ROW_0_211,VSS,Metal1,350.0000,16.1490,0.000052
TAP_TAPCELL_ROW_0_210,VSS,Metal1,330.9600,16.1490,0.000053
TAP_TAPCELL_ROW_0_209,VSS,Metal1,311.9200,16.1490,0.000058
TAP_TAPCELL_ROW_0_208,VSS,Metal1,292.8800,16.1490,0.000063
TAP_TAPCELL_ROW_0_207,VSS,Metal1,273.8400,16.1490,0.000079
TAP_TAPCELL_ROW_0_206,VSS,Metal1,254.8000,16.1490,0.000091
TAP_TAPCELL_ROW_0_205,VSS,Metal1,235.7600,16.1490,0.000110
TAP_TAPCELL_ROW_0_204,VSS,Metal1,216.7200,16.1490,0.000121
TAP_TAPCELL_ROW_0_203,VSS,Metal1,197.6800,16.1490,0.000129
TAP_TAPCELL_ROW_0_202,VSS,Metal1,178.6400,16.1490,0.000130
TAP_TAPCELL_ROW_0_201,VSS,Metal1,159.6000,16.1490,0.000164
TAP_TAPCELL_ROW_0_200,VSS,Metal1,140.5600,16.1490,0.000191
TAP_TAPCELL_ROW_0_199,VSS,Metal1,121.5200,16.1490,0.000210
TAP_TAPCELL_ROW_0_198,VSS,Metal1,102.4800,16.1490,0.000217
TAP_TAPCELL_ROW_0_197,VSS,Metal1,83.4400,16.1490,0.000220
TAP_TAPCELL_ROW_0_196,VSS,Metal1,64.4000,16.1490,0.000219
TAP_TAPCELL_ROW_0_195,VSS,Metal1,45.3600,16.1490,0.000206
TAP_TAPCELL_ROW_0_194,VSS,Metal1,26.3200,16.1490,0.000166
PHY_EDGE_ROW_96_Left_193,VSS,Metal1,7.2730,392.4700,0.000014
PHY_EDGE_ROW_95_Left_192,VSS,Metal1,7.2730,391.5300,0.000014
PHY_EDGE_ROW_94_Left_191,VSS,Metal1,7.2730,384.6300,0.000050
PHY_EDGE_ROW_93_Left_190,VSS,Metal1,7.2730,383.6900,0.000050
PHY_EDGE_ROW_92_Left_189,VSS,Metal1,7.2730,376.7900,0.000050
PHY_EDGE_ROW_91_Left_188,VSS,Metal1,7.2730,375.8500,0.000050
PHY_EDGE_ROW_90_Left_187,VSS,Metal1,7.2730,368.9500,0.000027
PHY_EDGE_ROW_89_Left_186,VSS,Metal1,7.2730,368.0100,0.000027
PHY_EDGE_ROW_88_Left_185,VSS,Metal1,7.2730,361.1100,0.000069
PHY_EDGE_ROW_87_Left_184,VSS,Metal1,7.2730,360.1700,0.000069
PHY_EDGE_ROW_86_Left_183,VSS,Metal1,7.2730,353.2700,0.000219
PHY_EDGE_ROW_85_Left_182,VSS,Metal1,7.2730,352.3300,0.000219
PHY_EDGE_ROW_84_Left_181,VSS,Metal1,7.2730,345.4300,0.000327
PHY_EDGE_ROW_83_Left_180,VSS,Metal1,7.2730,344.4900,0.000327
PHY_EDGE_ROW_82_Left_179,VSS,Metal1,7.2730,337.5900,0.000192
PHY_EDGE_ROW_81_Left_178,VSS,Metal1,7.2730,336.6500,0.000192
PHY_EDGE_ROW_80_Left_177,VSS,Metal1,7.2730,329.7500,0.000425
PHY_EDGE_ROW_79_Left_176,VSS,Metal1,7.2730,328.8100,0.000425
PHY_EDGE_ROW_78_Left_175,VSS,Metal1,7.2730,321.9100,0.000338
PHY_EDGE_ROW_77_Left_174,VSS,Metal1,7.2730,320.9700,0.000338
PHY_EDGE_ROW_76_Left_173,VSS,Metal1,7.2730,314.0700,0.000316
PHY_EDGE_ROW_75_Left_172,VSS,Metal1,7.2730,313.1300,0.000316
PHY_EDGE_ROW_74_Left_171,VSS,Metal1,7.2730,306.2300,0.000252
PHY_EDGE_ROW_73_Left_170,VSS,Metal1,7.2730,305.2900,0.000252
PHY_EDGE_ROW_72_Left_169,VSS,Metal1,7.2730,298.3900,0.000278
PHY_EDGE_ROW_71_Left_168,VSS,Metal1,7.2730,297.4500,0.000278
PHY_EDGE_ROW_70_Left_167,VSS,Metal1,7.2730,290.5500,0.000106
PHY_EDGE_ROW_69_Left_166,VSS,Metal1,7.2730,289.6100,0.000106
PHY_EDGE_ROW_68_Left_165,VSS,Metal1,7.2730,282.7100,0.000297
PHY_EDGE_ROW_67_Left_164,VSS,Metal1,7.2730,281.7700,0.000297
PHY_EDGE_ROW_66_Left_163,VSS,Metal1,7.2730,274.8700,0.000155
PHY_EDGE_ROW_65_Left_162,VSS,Metal1,7.2730,273.9300,0.000155
PHY_EDGE_ROW_64_Left_161,VSS,Metal1,7.2730,267.0300,0.000362
PHY_EDGE_ROW_63_Left_160,VSS,Metal1,7.2730,266.0900,0.000362
PHY_EDGE_ROW_62_Left_159,VSS,Metal1,7.2730,259.1900,0.000214
PHY_EDGE_ROW_61_Left_158,VSS,Metal1,7.2730,258.2500,0.000214
PHY_EDGE_ROW_60_Left_157,VSS,Metal1,7.2730,251.3500,0.000286
PHY_EDGE_ROW_59_Left_156,VSS,Metal1,7.2730,250.4100,0.000286
PHY_EDGE_ROW_58_Left_155,VSS,Metal1,7.2730,243.5100,0.000296
PHY_EDGE_ROW_57_Left_154,VSS,Metal1,7.2730,242.5700,0.000296
PHY_EDGE_ROW_56_Left_153,VSS,Metal1,7.2730,235.6700,0.000343
PHY_EDGE_ROW_55_Left_152,VSS,Metal1,7.2730,234.7300,0.000343
PHY_EDGE_ROW_54_Left_151,VSS,Metal1,7.2730,227.8300,0.000165
PHY_EDGE_ROW_53_Left_150,VSS,Metal1,7.2730,226.8900,0.000165
PHY_EDGE_ROW_52_Left_149,VSS,Metal1,7.2730,219.9900,0.000167
PHY_EDGE_ROW_51_Left_148,VSS,Metal1,7.2730,219.0500,0.000167
PHY_EDGE_ROW_50_Left_147,VSS,Metal1,7.2730,212.1500,0.000252
PHY_EDGE_ROW_49_Left_146,VSS,Metal1,7.2730,211.2100,0.000252
PHY_EDGE_ROW_48_Left_145,VSS,Metal1,7.2730,204.3100,0.000379
PHY_EDGE_ROW_47_Left_144,VSS,Metal1,7.2730,203.3700,0.000379
PHY_EDGE_ROW_46_Left_143,VSS,Metal1,7.2730,196.4700,0.000191
PHY_EDGE_ROW_45_Left_142,VSS,Metal1,7.2730,195.5300,0.000191
PHY_EDGE_ROW_44_Left_141,VSS,Metal1,7.2730,188.6300,0.000407
PHY_EDGE_ROW_43_Left_140,VSS,Metal1,7.2730,187.6900,0.000407
PHY_EDGE_ROW_42_Left_139,VSS,Metal1,7.2730,180.7900,0.000389
PHY_EDGE_ROW_41_Left_138,VSS,Metal1,7.2730,179.8500,0.000389
PHY_EDGE_ROW_40_Left_137,VSS,Metal1,7.2730,172.9500,0.000442
PHY_EDGE_ROW_39_Left_136,VSS,Metal1,7.2730,172.0100,0.000442
PHY_EDGE_ROW_38_Left_135,VSS,Metal1,7.2730,165.1100,0.000345
PHY_EDGE_ROW_37_Left_134,VSS,Metal1,7.2730,164.1700,0.000345
PHY_EDGE_ROW_36_Left_133,VSS,Metal1,7.2730,157.2700,0.000514
PHY_EDGE_ROW_35_Left_132,VSS,Metal1,7.2730,156.3300,0.000514
PHY_EDGE_ROW_34_Left_131,VSS,Metal1,7.2730,149.4300,0.000324
PHY_EDGE_ROW_33_Left_130,VSS,Metal1,7.2730,148.4900,0.000324
PHY_EDGE_ROW_32_Left_129,VSS,Metal1,7.2730,141.5900,0.000226
PHY_EDGE_ROW_31_Left_128,VSS,Metal1,7.2730,140.6500,0.000226
PHY_EDGE_ROW_30_Left_127,VSS,Metal1,7.2730,133.7500,0.000073
PHY_EDGE_ROW_29_Left_126,VSS,Metal1,7.2730,132.8100,0.000073
PHY_EDGE_ROW_28_Left_125,VSS,Metal1,7.2730,125.9100,0.000213
PHY_EDGE_ROW_27_Left_124,VSS,Metal1,7.2730,124.9700,0.000213
PHY_EDGE_ROW_26_Left_123,VSS,Metal1,7.2730,118.0700,0.000392
PHY_EDGE_ROW_25_Left_122,VSS,Metal1,7.2730,117.1300,0.000392
PHY_EDGE_ROW_24_Left_121,VSS,Metal1,7.2730,110.2300,0.000187
PHY_EDGE_ROW_23_Left_120,VSS,Metal1,7.2730,109.2900,0.000187
PHY_EDGE_ROW_22_Left_119,VSS,Metal1,7.2730,102.3900,0.000251
PHY_EDGE_ROW_21_Left_118,VSS,Metal1,7.2730,101.4500,0.000251
PHY_EDGE_ROW_20_Left_117,VSS,Metal1,7.2730,94.5500,0.000196
PHY_EDGE_ROW_19_Left_116,VSS,Metal1,7.2730,93.6100,0.000196
PHY_EDGE_ROW_18_Left_115,VSS,Metal1,7.2730,86.7100,0.000332
PHY_EDGE_ROW_17_Left_114,VSS,Metal1,7.2730,85.7700,0.000332
PHY_EDGE_ROW_16_Left_113,VSS,Metal1,7.2730,78.8700,0.000331
PHY_EDGE_ROW_15_Left_112,VSS,Metal1,7.2730,77.9300,0.000331
PHY_EDGE_ROW_14_Left_111,VSS,Metal1,7.2730,71.0300,0.000365
PHY_EDGE_ROW_13_Left_110,VSS,Metal1,7.2730,70.0900,0.000365
PHY_EDGE_ROW_12_Left_109,VSS,Metal1,7.2730,63.1900,0.000281
PHY_EDGE_ROW_11_Left_108,VSS,Metal1,7.2730,62.2500,0.000281
PHY_EDGE_ROW_10_Left_107,VSS,Metal1,7.2730,55.3500,0.000277
PHY_EDGE_ROW_9_Left_106,VSS,Metal1,7.2730,54.4100,0.000277
PHY_EDGE_ROW_8_Left_105,VSS,Metal1,7.2730,47.5100,0.000430
PHY_EDGE_ROW_7_Left_104,VSS,Metal1,7.2730,46.5700,0.000430
PHY_EDGE_ROW_6_Left_103,VSS,Metal1,7.2730,39.6700,0.000238
PHY_EDGE_ROW_5_Left_102,VSS,Metal1,7.2730,38.7300,0.000238
PHY_EDGE_ROW_4_Left_101,VSS,Metal1,7.2730,31.8300,0.000289
PHY_EDGE_ROW_3_Left_100,VSS,Metal1,7.2730,30.8900,0.000289
PHY_EDGE_ROW_2_Left_99,VSS,Metal1,7.2730,23.9900,0.000173
PHY_EDGE_ROW_1_Left_98,VSS,Metal1,7.2730,23.0500,0.000173
PHY_EDGE_ROW_0_Left_97,VSS,Metal1,7.2730,16.1500,0.000166
PHY_EDGE_ROW_96_Right_96,VSS,Metal1,389.2065,392.4700,0.000017
PHY_EDGE_ROW_95_Right_95,VSS,Metal1,389.2065,391.5300,0.000017
PHY_EDGE_ROW_94_Right_94,VSS,Metal1,389.2065,384.6300,0.000063
PHY_EDGE_ROW_93_Right_93,VSS,Metal1,389.2065,383.6900,0.000063
PHY_EDGE_ROW_92_Right_92,VSS,Metal1,389.2065,376.7900,0.000070
PHY_EDGE_ROW_91_Right_91,VSS,Metal1,389.2065,375.8500,0.000070
PHY_EDGE_ROW_90_Right_90,VSS,Metal1,389.2065,368.9500,0.000028
PHY_EDGE_ROW_89_Right_89,VSS,Metal1,389.2065,368.0100,0.000028
PHY_EDGE_ROW_88_Right_88,VSS,Metal1,389.2065,361.1100,0.000134
PHY_EDGE_ROW_87_Right_87,VSS,Metal1,389.2065,360.1700,0.000134
PHY_EDGE_ROW_86_Right_86,VSS,Metal1,389.2065,353.2700,0.000206
PHY_EDGE_ROW_85_Right_85,VSS,Metal1,389.2065,352.3300,0.000206
PHY_EDGE_ROW_84_Right_84,VSS,Metal1,389.2065,345.4300,0.000386
PHY_EDGE_ROW_83_Right_83,VSS,Metal1,389.2065,344.4900,0.000386
PHY_EDGE_ROW_82_Right_82,VSS,Metal1,389.2065,337.5900,0.000188
PHY_EDGE_ROW_81_Right_81,VSS,Metal1,389.2065,336.6500,0.000188
PHY_EDGE_ROW_80_Right_80,VSS,Metal1,389.2065,329.7500,0.000346
PHY_EDGE_ROW_79_Right_79,VSS,Metal1,389.2065,328.8100,0.000346
PHY_EDGE_ROW_78_Right_78,VSS,Metal1,389.2065,321.9100,0.000381
PHY_EDGE_ROW_77_Right_77,VSS,Metal1,389.2065,320.9700,0.000381
PHY_EDGE_ROW_76_Right_76,VSS,Metal1,389.2065,314.0700,0.000170
PHY_EDGE_ROW_75_Right_75,VSS,Metal1,389.2065,313.1300,0.000170
PHY_EDGE_ROW_74_Right_74,VSS,Metal1,389.2065,306.2300,0.000174
PHY_EDGE_ROW_73_Right_73,VSS,Metal1,389.2065,305.2900,0.000174
PHY_EDGE_ROW_72_Right_72,VSS,Metal1,389.2065,298.3900,0.000243
PHY_EDGE_ROW_71_Right_71,VSS,Metal1,389.2065,297.4500,0.000243
PHY_EDGE_ROW_70_Right_70,VSS,Metal1,389.2065,290.5500,0.000084
PHY_EDGE_ROW_69_Right_69,VSS,Metal1,389.2065,289.6100,0.000084
PHY_EDGE_ROW_68_Right_68,VSS,Metal1,389.2065,282.7100,0.000168
PHY_EDGE_ROW_67_Right_67,VSS,Metal1,389.2065,281.7700,0.000168
PHY_EDGE_ROW_66_Right_66,VSS,Metal1,389.2065,274.8700,0.000111
PHY_EDGE_ROW_65_Right_65,VSS,Metal1,389.2065,273.9300,0.000111
PHY_EDGE_ROW_64_Right_64,VSS,Metal1,389.2065,267.0300,0.000478
PHY_EDGE_ROW_63_Right_63,VSS,Metal1,389.2065,266.0900,0.000478
PHY_EDGE_ROW_62_Right_62,VSS,Metal1,389.2065,259.1900,0.000220
PHY_EDGE_ROW_61_Right_61,VSS,Metal1,389.2065,258.2500,0.000220
PHY_EDGE_ROW_60_Right_60,VSS,Metal1,389.2065,251.3500,0.000266
PHY_EDGE_ROW_59_Right_59,VSS,Metal1,389.2065,250.4100,0.000266
PHY_EDGE_ROW_58_Right_58,VSS,Metal1,389.2065,243.5100,0.000234
PHY_EDGE_ROW_57_Right_57,VSS,Metal1,389.2065,242.5700,0.000234
PHY_EDGE_ROW_56_Right_56,VSS,Metal1,389.2065,235.6700,0.000235
PHY_EDGE_ROW_55_Right_55,VSS,Metal1,389.2065,234.7300,0.000235
PHY_EDGE_ROW_54_Right_54,VSS,Metal1,389.2065,227.8300,0.000093
PHY_EDGE_ROW_53_Right_53,VSS,Metal1,389.2065,226.8900,0.000093
PHY_EDGE_ROW_52_Right_52,VSS,Metal1,389.2065,219.9900,0.000057
PHY_EDGE_ROW_51_Right_51,VSS,Metal1,389.2065,219.0500,0.000057
PHY_EDGE_ROW_50_Right_50,VSS,Metal1,389.2065,212.1500,0.000292
PHY_EDGE_ROW_49_Right_49,VSS,Metal1,389.2065,211.2100,0.000292
PHY_EDGE_ROW_48_Right_48,VSS,Metal1,389.2065,204.3100,0.000230
PHY_EDGE_ROW_47_Right_47,VSS,Metal1,389.2065,203.3700,0.000230
PHY_EDGE_ROW_46_Right_46,VSS,Metal1,389.2065,196.4700,0.000143
PHY_EDGE_ROW_45_Right_45,VSS,Metal1,389.2065,195.5300,0.000143
PHY_EDGE_ROW_44_Right_44,VSS,Metal1,389.2065,188.6300,0.000387
PHY_EDGE_ROW_43_Right_43,VSS,Metal1,389.2065,187.6900,0.000387
PHY_EDGE_ROW_42_Right_42,VSS,Metal1,389.2065,180.7900,0.000385
PHY_EDGE_ROW_41_Right_41,VSS,Metal1,389.2065,179.8500,0.000385
PHY_EDGE_ROW_40_Right_40,VSS,Metal1,389.2065,172.9500,0.000439
PHY_EDGE_ROW_39_Right_39,VSS,Metal1,389.2065,172.0100,0.000439
PHY_EDGE_ROW_38_Right_38,VSS,Metal1,389.2065,165.1100,0.000343
PHY_EDGE_ROW_37_Right_37,VSS,Metal1,389.2065,164.1700,0.000343
PHY_EDGE_ROW_36_Right_36,VSS,Metal1,389.2065,157.2700,0.000492
PHY_EDGE_ROW_35_Right_35,VSS,Metal1,389.2065,156.3300,0.000492
PHY_EDGE_ROW_34_Right_34,VSS,Metal1,389.2065,149.4300,0.000403
PHY_EDGE_ROW_33_Right_33,VSS,Metal1,389.2065,148.4900,0.000403
PHY_EDGE_ROW_32_Right_32,VSS,Metal1,389.2065,141.5900,0.000157
PHY_EDGE_ROW_31_Right_31,VSS,Metal1,389.2065,140.6500,0.000157
PHY_EDGE_ROW_30_Right_30,VSS,Metal1,389.2065,133.7500,0.000073
PHY_EDGE_ROW_29_Right_29,VSS,Metal1,389.2065,132.8100,0.000073
PHY_EDGE_ROW_28_Right_28,VSS,Metal1,389.2065,125.9100,0.000274
PHY_EDGE_ROW_27_Right_27,VSS,Metal1,389.2065,124.9700,0.000274
PHY_EDGE_ROW_26_Right_26,VSS,Metal1,389.2065,118.0700,0.000413
PHY_EDGE_ROW_25_Right_25,VSS,Metal1,389.2065,117.1300,0.000413
PHY_EDGE_ROW_24_Right_24,VSS,Metal1,389.2065,110.2300,0.000336
PHY_EDGE_ROW_23_Right_23,VSS,Metal1,389.2065,109.2900,0.000336
PHY_EDGE_ROW_22_Right_22,VSS,Metal1,389.2065,102.3900,0.000410
PHY_EDGE_ROW_21_Right_21,VSS,Metal1,389.2065,101.4500,0.000410
PHY_EDGE_ROW_20_Right_20,VSS,Metal1,389.2065,94.5500,0.000230
PHY_EDGE_ROW_19_Right_19,VSS,Metal1,389.2065,93.6100,0.000230
PHY_EDGE_ROW_18_Right_18,VSS,Metal1,389.2065,86.7100,0.000297
PHY_EDGE_ROW_17_Right_17,VSS,Metal1,389.2065,85.7700,0.000297
PHY_EDGE_ROW_16_Right_16,VSS,Metal1,389.2065,78.8700,0.000187
PHY_EDGE_ROW_15_Right_15,VSS,Metal1,389.2065,77.9300,0.000187
PHY_EDGE_ROW_14_Right_14,VSS,Metal1,389.2065,71.0300,0.000229
PHY_EDGE_ROW_13_Right_13,VSS,Metal1,389.2065,70.0900,0.000229
PHY_EDGE_ROW_12_Right_12,VSS,Metal1,389.2065,63.1900,0.000292
PHY_EDGE_ROW_11_Right_11,VSS,Metal1,389.2065,62.2500,0.000292
PHY_EDGE_ROW_10_Right_10,VSS,Metal1,389.2065,55.3500,0.000327
PHY_EDGE_ROW_9_Right_9,VSS,Metal1,389.2065,54.4100,0.000327
PHY_EDGE_ROW_8_Right_8,VSS,Metal1,389.2065,47.5100,0.000410
PHY_EDGE_ROW_7_Right_7,VSS,Metal1,389.2065,46.5700,0.000410
PHY_EDGE_ROW_6_Right_6,VSS,Metal1,389.2065,39.6700,0.000246
PHY_EDGE_ROW_5_Right_5,VSS,Metal1,389.2065,38.7300,0.000246
PHY_EDGE_ROW_4_Right_4,VSS,Metal1,389.2065,31.8300,0.000182
PHY_EDGE_ROW_3_Right_3,VSS,Metal1,389.2065,30.8900,0.000182
PHY_EDGE_ROW_2_Right_2,VSS,Metal1,389.2065,23.9900,0.000151
PHY_EDGE_ROW_1_Right_1,VSS,Metal1,389.2065,23.0500,0.000151
PHY_EDGE_ROW_0_Right_0,VSS,Metal1,389.2065,16.1500,0.000052
_2108_,VSS,Metal1,242.0620,71.1050,0.000326
_2107_,VSS,Metal1,232.5420,63.2650,0.000376
_2106_,VSS,Metal1,240.9420,78.9450,0.000240
_2105_,VSS,Metal1,217.1375,38.6545,0.000281
_2104_,VSS,Metal1,248.4975,55.4250,0.000372
_2103_,VSS,Metal1,233.3775,47.5850,0.000463
_2102_,VSS,Metal1,252.4175,180.8650,0.000398
_2101_,VSS,Metal1,233.1020,165.1850,0.000372
_2100_,VSS,Metal1,248.7820,173.0250,0.000557
_2099_,VSS,Metal1,212.9420,171.9345,0.000569
_2098_,VSS,Metal1,203.4220,173.0250,0.000570
_2097_,VSS,Metal1,219.6620,164.0945,0.000371
_2096_,VSS,Metal1,235.0575,133.8250,0.000079
_2095_,VSS,Metal1,216.8620,132.7345,0.000078
_2094_,VSS,Metal1,232.5420,141.6650,0.000237
_2093_,VSS,Metal1,192.7820,140.5745,0.000242
_2092_,VSS,Metal1,183.5375,148.4145,0.000390
_2091_,VSS,Metal1,204.5420,141.6650,0.000242
_2090_,VSS,Metal1,344.5420,336.5745,0.000188
_2089_,VSS,Metal1,322.7020,353.3450,0.000207
_2088_,VSS,Metal1,321.5820,345.5050,0.000387
_2087_,VSS,Metal1,325.7775,321.9850,0.000381
_2086_,VSS,Metal1,319.0575,298.4650,0.000257
_2085_,VSS,Metal1,346.2220,313.0545,0.000170
_2084_,VSS,Metal1,354.6220,306.3050,0.000174
_2083_,VSS,Metal1,350.1420,298.4650,0.000243
_2082_,VSS,Metal1,346.4975,289.5345,0.000084
_2081_,VSS,Metal1,338.0975,273.8545,0.000111
_2080_,VSS,Metal1,320.4620,274.9450,0.000113
_2079_,VSS,Metal1,330.8175,259.2650,0.000220
_2078_,VSS,Metal1,311.7775,251.4250,0.000269
_2077_,VSS,Metal1,294.7020,258.1745,0.000241
_2076_,VSS,Metal1,261.1020,273.8545,0.000149
_2075_,VSS,Metal1,259.4220,266.0145,0.000536
_2074_,VSS,Metal1,274.5420,251.4250,0.000270
_2073_,VSS,Metal1,250.9925,196.5425,0.000207
_2072_,VSS,Metal1,244.2725,251.4225,0.000270
_2071_,VSS,Metal1,221.3125,250.3370,0.000270
_2070_,VSS,Metal1,252.1420,148.4145,0.000393
_2069_,VSS,Metal1,252.1420,124.8945,0.000362
_2068_,VSS,Metal1,246.2575,118.1450,0.000428
_2067_,VSS,Metal1,268.9125,46.4970,0.000434
_2066_,VSS,Metal1,322.1125,47.5825,0.000410
_2065_,VSS,Metal1,323.2620,39.7450,0.000249
_2064_,VSS,Metal1,310.9420,24.0650,0.000160
_2063_,VSS,Metal1,286.8325,39.7425,0.000284
_2062_,VSS,Metal1,337.2325,46.4970,0.000410
_2061_,VSS,Metal1,338.0975,38.6545,0.000246
_2060_,VSS,Metal1,329.9820,24.0650,0.000151
_2059_,VSS,Metal1,192.7820,336.5745,0.000318
_2058_,VSS,Metal1,212.3820,329.8250,0.000588
_2057_,VSS,Metal1,217.1375,305.2145,0.000256
_2056_,VSS,Metal1,209.5820,282.7850,0.000219
_2055_,VSS,Metal1,242.0620,282.7850,0.000211
_2054_,VSS,Metal1,242.8975,267.1050,0.000535
_2053_,VSS,Metal1,226.9420,273.8545,0.000151
_2052_,VSS,Metal1,212.9420,266.0145,0.000517
_2051_,VSS,Metal1,192.2220,266.0145,0.000516
_2050_,VSS,Metal1,173.7420,273.8545,0.000149
_2049_,VSS,Metal1,174.8620,289.5345,0.000111
_2048_,VSS,Metal1,184.0975,313.0545,0.000229
_2047_,VSS,Metal1,174.5775,336.5745,0.000297
_2046_,VSS,Metal1,160.8620,321.9850,0.000387
_2045_,VSS,Metal1,140.7020,328.7345,0.000534
_2044_,VSS,Metal1,144.6220,336.5745,0.000276
_2043_,VSS,Metal1,186.6220,250.3345,0.000265
_2042_,VSS,Metal1,76.0175,171.9345,0.000537
_2041_,VSS,Metal1,73.5020,179.7745,0.000380
_2040_,VSS,Metal1,67.6175,187.6145,0.000445
_2039_,VSS,Metal1,123.3125,165.1825,0.000378
_2038_,VSS,Metal1,119.9525,173.0225,0.000572
_2037_,VSS,Metal1,114.3820,187.6145,0.000430
_2036_,VSS,Metal1,120.5420,157.3450,0.000591
_2035_,VSS,Metal1,142.3525,164.0970,0.000370
_2034_,VSS,Metal1,141.7925,179.7770,0.000389
_2033_,VSS,Metal1,133.9820,180.8650,0.000389
_2032_,VSS,Metal1,137.9020,156.2545,0.000582
_2031_,VSS,Metal1,185.2175,46.4945,0.000464
_2030_,VSS,Metal1,245.4220,86.7850,0.000300
_2029_,VSS,Metal1,174.5775,54.3345,0.000356
_2028_,VSS,Metal1,213.2175,24.0650,0.000166
_2027_,VSS,Metal1,197.8220,31.9050,0.000256
_2026_,VSS,Metal1,252.9775,117.0545,0.000428
_2025_,VSS,Metal1,216.3020,140.5745,0.000242
_2024_,VSS,Metal1,243.7420,149.5050,0.000393
_2023_,VSS,Metal1,192.7820,156.2545,0.000571
_2022_,VSS,Metal1,192.0200,187.6205,0.000416
_2021_,VSS,Metal1,186.6220,164.0945,0.000350
_2020_,VSS,Metal1,172.6220,165.1850,0.000350
_2019_,VSS,Metal1,211.8220,188.7050,0.000419
_2018_,VSS,Metal1,193.3420,165.1850,0.000351
_2017_,VSS,Metal1,173.7420,156.2545,0.000552
_2016_,VSS,Metal1,232.5420,188.7050,0.000419
_2015_,VSS,Metal1,232.5420,180.8650,0.000397
_2014_,VSS,Metal1,161.9820,345.5050,0.000359
_2013_,VSS,Metal1,281.8220,361.1850,0.000140
_2012_,VSS,Metal1,212.9420,352.2545,0.000253
_2011_,VSS,Metal1,193.3420,353.3450,0.000249
_2010_,VSS,Metal1,255.5020,297.3745,0.000293
_2009_,VSS,Metal1,252.7020,320.8945,0.000430
_2008_,VSS,Metal1,232.8175,344.4145,0.000391
_2007_,VSS,Metal1,307.2975,360.0945,0.000134
_2006_,VSS,Metal1,153.5820,313.0545,0.000323
_2005_,VSS,Metal1,237.5820,314.1450,0.000228
_2004_,VSS,Metal1,272.8620,353.3450,0.000257
_2003_,VSS,Metal1,258.5775,336.5745,0.000313
_2002_,VSS,Metal1,186.3375,360.0945,0.000103
_2001_,VSS,Metal1,167.5820,353.3450,0.000238
_2000_,VSS,Metal1,296.9420,352.2545,0.000243
_1999_,VSS,Metal1,238.7020,329.8250,0.000592
_1998_,VSS,Metal1,221.3420,211.1345,0.000312
_1997_,VSS,Metal1,164.2220,173.0250,0.000571
_1996_,VSS,Metal1,159.1820,227.9050,0.000150
_1995_,VSS,Metal1,216.8620,242.4945,0.000392
_1994_,VSS,Metal1,207.9020,212.2250,0.000310
_1993_,VSS,Metal1,196.7020,227.9050,0.000143
_1992_,VSS,Metal1,135.0725,266.0170,0.000498
_1991_,VSS,Metal1,138.9925,250.3370,0.000284
_1990_,VSS,Metal1,130.5925,274.9425,0.000181
_1989_,VSS,Metal1,135.9675,305.2170,0.000250
_1988_,VSS,Metal1,147.9525,297.3770,0.000324
_1987_,VSS,Metal1,152.9925,289.5370,0.000112
_1986_,VSS,Metal1,149.6325,273.8570,0.000170
_1985_,VSS,Metal1,159.7125,251.4225,0.000276
_1984_,VSS,Metal1,202.5775,196.5450,0.000211
_1983_,VSS,Metal1,185.7775,226.8145,0.000144
_1982_,VSS,Metal1,173.1820,180.8650,0.000384
_1981_,VSS,Metal1,287.9820,227.9050,0.000118
_1980_,VSS,Metal1,338.0975,226.8145,0.000093
_1979_,VSS,Metal1,335.2975,234.6545,0.000235
_1978_,VSS,Metal1,310.9420,235.7450,0.000255
_1977_,VSS,Metal1,277.3125,180.8625,0.000398
_1976_,VSS,Metal1,285.1525,196.5425,0.000189
_1975_,VSS,Metal1,304.1925,211.1370,0.000297
_1974_,VSS,Metal1,316.5125,212.2225,0.000294
_1973_,VSS,Metal1,331.9675,211.1370,0.000292
_1972_,VSS,Metal1,346.7525,203.2970,0.000230
_1971_,VSS,Metal1,346.1925,195.4570,0.000143
_1970_,VSS,Metal1,318.1925,180.8625,0.000388
_1969_,VSS,Metal1,231.9820,218.9745,0.000073
_1968_,VSS,Metal1,249.1400,204.3790,0.000363
_1967_,VSS,Metal1,237.5820,235.7450,0.000386
_1966_,VSS,Metal1,287.4220,235.7450,0.000324
_1965_,VSS,Metal1,252.9775,38.6545,0.000293
_1964_,VSS,Metal1,252.9775,22.9745,0.000165
_1963_,VSS,Metal1,349.5820,140.5745,0.000156
_1962_,VSS,Metal1,369.1820,86.7850,0.000297
_1961_,VSS,Metal1,354.6220,102.4650,0.000409
_1960_,VSS,Metal1,350.1420,149.5050,0.000402
_1959_,VSS,Metal1,351.2620,125.9850,0.000273
_1958_,VSS,Metal1,349.5820,101.3745,0.000409
_1957_,VSS,Metal1,238.1420,94.6250,0.000239
_1956_,VSS,Metal1,181.0220,101.3745,0.000281
_1955_,VSS,Metal1,185.5020,117.0545,0.000386
_1954_,VSS,Metal1,230.3020,85.6945,0.000299
_1953_,VSS,Metal1,201.7420,118.1450,0.000427
_1952_,VSS,Metal1,216.8620,124.8945,0.000341
_1951_,VSS,Metal1,165.9020,141.6650,0.000236
_1950_,VSS,Metal1,162.5420,118.1450,0.000391
_1949_,VSS,Metal1,217.4220,30.8145,0.000254
_1948_,VSS,Metal1,25.3420,46.4945,0.000430
_1947_,VSS,Metal1,21.4220,77.8545,0.000330
_1946_,VSS,Metal1,55.5820,24.0650,0.000198
_1945_,VSS,Metal1,56.1420,30.8145,0.000334
_1944_,VSS,Metal1,16.9420,109.2145,0.000187
_1943_,VSS,Metal1,36.8175,93.5345,0.000201
_1942_,VSS,Metal1,94.7820,118.1450,0.000392
_1941_,VSS,Metal1,91.6975,47.5850,0.000532
_1940_,VSS,Metal1,69.8575,46.4945,0.000522
_1939_,VSS,Metal1,114.3820,38.6545,0.000277
_1938_,VSS,Metal1,76.5775,24.0650,0.000202
_1937_,VSS,Metal1,154.1420,47.5850,0.000503
_1936_,VSS,Metal1,124.7375,86.7850,0.000365
_1935_,VSS,Metal1,153.5820,22.9745,0.000165
_1934_,VSS,Metal1,166.1775,24.0650,0.000164
_1933_,VSS,Metal1,122.7820,102.4650,0.000280
_1932_,VSS,Metal1,36.8175,124.8945,0.000228
_1931_,VSS,Metal1,41.0220,94.6250,0.000202
_1930_,VSS,Metal1,107.6620,124.8945,0.000232
_1929_,VSS,Metal1,91.6975,55.4250,0.000394
_1928_,VSS,Metal1,67.0575,54.3345,0.000318
_1927_,VSS,Metal1,120.2575,55.4250,0.000390
_1926_,VSS,Metal1,145.1820,101.3745,0.000281
_1925_,VSS,Metal1,135.3775,62.1745,0.000334
_1924_,VSS,Metal1,126.9775,110.3050,0.000226
_1923_,VSS,Metal1,153.5820,62.1745,0.000324
_1922_,VSS,Metal1,144.0620,109.2145,0.000228
_1921_,VSS,Metal1,95.3420,101.3745,0.000274
_1920_,VSS,Metal1,196.1420,47.5850,0.000464
_1919_,VSS,Metal1,16.9420,54.3345,0.000277
_1918_,VSS,Metal1,16.9420,70.0145,0.000365
_1917_,VSS,Metal1,76.5775,39.7450,0.000275
_1916_,VSS,Metal1,44.9420,31.9050,0.000333
_1915_,VSS,Metal1,16.9420,132.7345,0.000073
_1914_,VSS,Metal1,17.7775,85.6945,0.000332
_1913_,VSS,Metal1,16.9420,140.5745,0.000226
_1912_,VSS,Metal1,75.1820,30.8145,0.000349
_1911_,VSS,Metal1,56.1420,38.6545,0.000267
_1910_,VSS,Metal1,107.3775,30.8145,0.000364
_1909_,VSS,Metal1,95.6175,31.9050,0.000364
_1908_,VSS,Metal1,139.8575,38.6545,0.000275
_1907_,VSS,Metal1,108.2220,148.4145,0.000372
_1906_,VSS,Metal1,134.8175,31.9050,0.000366
_1905_,VSS,Metal1,96.1775,22.9745,0.000202
_1904_,VSS,Metal1,91.1375,63.2650,0.000330
_1903_,VSS,Metal1,27.8575,117.0545,0.000385
_1902_,VSS,Metal1,17.7775,93.5345,0.000196
_1901_,VSS,Metal1,37.9375,141.6650,0.000232
_1900_,VSS,Metal1,80.7820,78.9450,0.000356
_1899_,VSS,Metal1,71.2620,62.1745,0.000302
_1898_,VSS,Metal1,111.5820,70.0145,0.000392
_1897_,VSS,Metal1,101.2175,85.6945,0.000375
_1896_,VSS,Metal1,140.1420,77.8545,0.000328
_1895_,VSS,Metal1,130.8975,71.1050,0.000386
_1894_,VSS,Metal1,144.8975,124.8945,0.000276
_1893_,VSS,Metal1,126.4175,125.9850,0.000274
_1892_,VSS,Metal1,101.7775,93.5345,0.000206
_1891_,VSS,Metal1,162.5420,125.9850,0.000275
_1890_,VSS,Metal1,180.4620,132.7345,0.000074
_1889_,VSS,Metal1,161.4220,384.7050,0.000050
_1888_,VSS,Metal1,271.7420,376.8650,0.000074
_1887_,VSS,Metal1,203.9820,361.1850,0.000110
_1886_,VSS,Metal1,189.9820,383.6145,0.000060
_1885_,VSS,Metal1,252.1420,367.9345,0.000033
_1884_,VSS,Metal1,257.1820,383.6145,0.000068
_1883_,VSS,Metal1,223.0220,360.0945,0.000116
_1882_,VSS,Metal1,295.8220,383.6145,0.000064
_1881_,VSS,Metal1,150.2220,320.8945,0.000387
_1880_,VSS,Metal1,210.7020,384.7050,0.000066
_1879_,VSS,Metal1,240.3820,376.8650,0.000075
_1878_,VSS,Metal1,244.3020,353.3450,0.000255
_1877_,VSS,Metal1,182.7020,375.7745,0.000054
_1876_,VSS,Metal1,163.1020,369.0250,0.000028
_1875_,VSS,Metal1,290.7820,376.8650,0.000071
_1874_,VSS,Metal1,224.7020,375.7745,0.000074
_1873_,VSS,Metal1,221.6175,109.2145,0.000331
_1872_,VSS,Metal1,156.3820,157.3450,0.000563
_1871_,VSS,Metal1,61.7420,164.0945,0.000374
_1870_,VSS,Metal1,60.6220,156.2545,0.000588
_1869_,VSS,Metal1,16.9420,297.3745,0.000278
_1868_,VSS,Metal1,36.5420,196.5450,0.000203
_1867_,VSS,Metal1,16.9420,281.6945,0.000297
_1866_,VSS,Metal1,16.9420,218.9745,0.000167
_1865_,VSS,Metal1,16.9420,320.8945,0.000338
_1864_,VSS,Metal1,16.9420,344.4145,0.000327
_1863_,VSS,Metal1,16.9420,352.2545,0.000219
_1862_,VSS,Metal1,28.1420,242.4945,0.000296
_1861_,VSS,Metal1,24.7820,273.8545,0.000155
_1860_,VSS,Metal1,41.5820,188.7050,0.000418
_1859_,VSS,Metal1,36.8175,258.1745,0.000228
_1858_,VSS,Metal1,20.8620,211.1345,0.000252
_1857_,VSS,Metal1,24.2220,305.2145,0.000251
_1856_,VSS,Metal1,25.9020,313.0545,0.000316
_1855_,VSS,Metal1,36.8175,320.8945,0.000348
_1854_,VSS,Metal1,35.9820,226.8145,0.000175
_1853_,VSS,Metal1,57.7395,203.3005,0.000403
_1852_,VSS,Metal1,17.7775,171.9345,0.000442
_1851_,VSS,Metal1,35.9820,164.0945,0.000368
_1850_,VSS,Metal1,35.9820,171.9345,0.000462
_1849_,VSS,Metal1,133.4220,196.5450,0.000203
_1848_,VSS,Metal1,154.4175,195.4545,0.000192
_1847_,VSS,Metal1,146.2725,226.8170,0.000150
_1846_,VSS,Metal1,133.3925,227.9025,0.000151
_1845_,VSS,Metal1,103.1525,171.9370,0.000572
_1844_,VSS,Metal1,94.1925,180.8625,0.000387
_1843_,VSS,Metal1,87.5020,196.5450,0.000218
_1842_,VSS,Metal1,94.7820,149.5050,0.000370
_1841_,VSS,Metal1,66.2220,273.8545,0.000178
_1840_,VSS,Metal1,75.1820,226.8145,0.000172
_1839_,VSS,Metal1,69.0220,258.1745,0.000235
_1838_,VSS,Metal1,100.9420,344.4145,0.000342
_1837_,VSS,Metal1,114.9420,337.6650,0.000267
_1836_,VSS,Metal1,78.5420,345.5050,0.000342
_1835_,VSS,Metal1,69.0220,344.4145,0.000339
_1834_,VSS,Metal1,110.4620,258.1745,0.000244
_1833_,VSS,Metal1,47.1820,267.1050,0.000382
_1832_,VSS,Metal1,53.3420,220.0650,0.000176
_1831_,VSS,Metal1,51.1020,243.5850,0.000306
_1830_,VSS,Metal1,98.7020,320.8945,0.000379
_1829_,VSS,Metal1,104.3020,297.3745,0.000325
_1828_,VSS,Metal1,51.6620,306.3050,0.000260
_1827_,VSS,Metal1,48.3020,321.9850,0.000348
_1826_,VSS,Metal1,94.7820,259.2650,0.000243
_1825_,VSS,Metal1,71.2620,281.6945,0.000317
_1824_,VSS,Metal1,70.1420,218.9745,0.000176
_1823_,VSS,Metal1,69.0220,242.4945,0.000311
_1822_,VSS,Metal1,98.7020,336.5745,0.000247
_1821_,VSS,Metal1,123.9020,321.9850,0.000385
_1820_,VSS,Metal1,75.7420,321.9850,0.000372
_1819_,VSS,Metal1,63.4220,336.5745,0.000219
_1818_,VSS,Metal1,113.2620,242.4945,0.000318
_1817_,VSS,Metal1,46.0620,282.7850,0.000310
_1816_,VSS,Metal1,71.8220,195.4545,0.000219
_1815_,VSS,Metal1,44.3820,251.4250,0.000291
_1814_,VSS,Metal1,95.3420,281.6945,0.000316
_1813_,VSS,Metal1,112.7020,289.5345,0.000121
_1812_,VSS,Metal1,63.9820,305.2145,0.000260
_1811_,VSS,Metal1,44.9420,298.4650,0.000311
_1810_,VSS,Metal1,95.6175,235.7450,0.000387
_1809_,VSS,Metal1,271.1820,22.9745,0.000162
_1808_,VSS,Metal1,261.6620,30.8145,0.000246
_1807_,VSS,Metal1,282.3525,31.9025,0.000231
_1806_,VSS,Metal1,288.5125,24.0625,0.000161
_1805_,VSS,Metal1,261.6325,77.8570,0.000217
_1804_,VSS,Metal1,280.1125,78.9425,0.000213
_1803_,VSS,Metal1,277.3420,47.5850,0.000434
_1802_,VSS,Metal1,262.2220,62.1745,0.000378
_1801_,VSS,Metal1,271.7420,125.9850,0.000355
_1800_,VSS,Metal1,267.2620,156.2545,0.000648
_1799_,VSS,Metal1,312.6220,86.7850,0.000299
_1798_,VSS,Metal1,315.4220,118.1450,0.000415
_1797_,VSS,Metal1,307.0220,148.4145,0.000384
_1796_,VSS,Metal1,333.9020,164.0945,0.000338
_1795_,VSS,Metal1,327.1820,71.1050,0.000217
_1794_,VSS,Metal1,263.3420,93.5345,0.000250
_1793_,VSS,Metal1,267.2620,140.5745,0.000227
_1792_,VSS,Metal1,267.8220,179.7745,0.000398
_1791_,VSS,Metal1,310.9420,94.6250,0.000256
_1790_,VSS,Metal1,307.0220,132.7345,0.000076
_1789_,VSS,Metal1,302.5420,187.6145,0.000385
_1788_,VSS,Metal1,343.4220,179.7745,0.000385
_1787_,VSS,Metal1,343.9820,62.1745,0.000292
_1786_,VSS,Metal1,258.3020,109.2145,0.000369
_1785_,VSS,Metal1,284.6220,118.1450,0.000416
_1784_,VSS,Metal1,284.0620,157.3450,0.000643
_1783_,VSS,Metal1,329.9820,94.6250,0.000229
_1782_,VSS,Metal1,330.5420,124.8945,0.000268
_1781_,VSS,Metal1,310.9420,165.1850,0.000380
_1780_,VSS,Metal1,342.3020,171.9345,0.000437
_1779_,VSS,Metal1,337.2620,77.8545,0.000185
_1778_,VSS,Metal1,282.9420,86.7850,0.000300
_1777_,VSS,Metal1,290.7820,141.6650,0.000198
_1776_,VSS,Metal1,291.3420,179.7745,0.000398
_1775_,VSS,Metal1,335.0220,93.5345,0.000229
_1774_,VSS,Metal1,330.5420,148.4145,0.000384
_1773_,VSS,Metal1,323.2620,173.0250,0.000450
_1772_,VSS,Metal1,357.9820,173.0250,0.000439
_1771_,VSS,Metal1,357.9820,63.2650,0.000292
_1770_,VSS,Metal1,296.6575,109.2145,0.000368
_1769_,VSS,Metal1,225.8065,196.3550,0.000212
_1768_,VSS,Metal1,218.8265,179.8805,0.000396
_1767_,VSS,Metal1,225.5600,179.8940,0.000397
_1766_,VSS,Metal1,168.1200,352.3740,0.000238
_1765_,VSS,Metal1,275.0865,360.2850,0.000140
_1764_,VSS,Metal1,275.0930,368.0405,0.000031
_1763_,VSS,Metal1,210.6800,344.5340,0.000361
_1762_,VSS,Metal1,193.3200,352.3740,0.000249
_1761_,VSS,Metal1,253.5530,298.2750,0.000293
_1760_,VSS,Metal1,256.0530,353.2390,0.000255
_1759_,VSS,Metal1,252.4330,313.9550,0.000227
_1758_,VSS,Metal1,258.5865,344.5205,0.000403
_1757_,VSS,Metal1,230.8400,345.3855,0.000391
_1756_,VSS,Metal1,297.7930,360.9950,0.000135
_1755_,VSS,Metal1,297.7865,368.0405,0.000029
_1754_,VSS,Metal1,168.1200,313.1740,0.000321
_1753_,VSS,Metal1,231.9665,321.0850,0.000430
_1752_,VSS,Metal1,227.2265,321.8790,0.000430
_1751_,VSS,Metal1,266.1265,352.4450,0.000257
_1750_,VSS,Metal1,259.9730,353.2390,0.000255
_1749_,VSS,Metal1,254.3665,329.6350,0.000592
_1748_,VSS,Metal1,253.2530,345.3990,0.000401
_1747_,VSS,Metal1,187.7200,361.0655,0.000103
_1746_,VSS,Metal1,168.1200,360.2140,0.000075
_1745_,VSS,Metal1,292.7530,353.1550,0.000243
_1744_,VSS,Metal1,292.7465,368.0405,0.000030
_1743_,VSS,Metal1,232.5200,336.6940,0.000314
_1742_,VSS,Metal1,216.0330,196.3550,0.000212
_1741_,VSS,Metal1,216.5865,187.7205,0.000419
_1740_,VSS,Metal1,168.1200,179.8940,0.000384
_1739_,VSS,Metal1,200.2365,188.5315,0.000416
_1738_,VSS,Metal1,162.0200,242.7325,0.000313
_1737_,VSS,Metal1,167.3325,234.9235,0.000387
_1736_,VSS,Metal1,166.4275,219.2435,0.000077
_1735_,VSS,Metal1,171.2525,243.3160,0.000311
_1734_,VSS,Metal1,210.1800,250.5725,0.000270
_1733_,VSS,Metal1,213.5225,227.6800,0.000143
_1732_,VSS,Metal1,205.9530,227.0050,0.000143
_1731_,VSS,Metal1,208.5575,227.6360,0.000143
_1730_,VSS,Metal1,207.8865,219.8750,0.000075
_1729_,VSS,Metal1,211.9175,219.7960,0.000075
_1728_,VSS,Metal1,195.5600,234.7740,0.000391
_1727_,VSS,Metal1,128.4830,266.9315,0.000499
_1726_,VSS,Metal1,83.8730,266.9150,0.000477
_1725_,VSS,Metal1,83.0065,274.7550,0.000180
_1724_,VSS,Metal1,82.1400,289.7725,0.000118
_1723_,VSS,Metal1,81.0800,273.9740,0.000180
_1722_,VSS,Metal1,135.2825,251.1560,0.000284
_1721_,VSS,Metal1,132.4030,242.6680,0.000317
_1720_,VSS,Metal1,84.8030,219.8915,0.000176
_1719_,VSS,Metal1,82.4465,212.0350,0.000280
_1718_,VSS,Metal1,81.5225,227.6360,0.000172
_1717_,VSS,Metal1,79.9530,219.8750,0.000176
_1716_,VSS,Metal1,88.1575,227.0835,0.000162
_1715_,VSS,Metal1,139.1175,251.1560,0.000284
_1714_,VSS,Metal1,130.7175,281.9635,0.000297
_1713_,VSS,Metal1,131.8430,251.2515,0.000284
_1712_,VSS,Metal1,83.1965,251.2515,0.000294
_1711_,VSS,Metal1,82.4465,258.3650,0.000240
_1710_,VSS,Metal1,78.7225,243.3160,0.000313
_1709_,VSS,Metal1,82.7530,243.3950,0.000313
_1708_,VSS,Metal1,80.4025,258.9960,0.000240
_1707_,VSS,Metal1,133.5175,281.9635,0.000297
_1706_,VSS,Metal1,129.6825,298.1960,0.000325
_1705_,VSS,Metal1,129.6030,297.5480,0.000325
_1704_,VSS,Metal1,110.0030,313.2280,0.000345
_1703_,VSS,Metal1,101.4865,289.7250,0.000118
_1702_,VSS,Metal1,110.5575,321.1635,0.000381
_1701_,VSS,Metal1,109.8865,306.1150,0.000255
_1700_,VSS,Metal1,108.9625,313.8760,0.000345
_1699_,VSS,Metal1,134.6375,297.6435,0.000324
_1698_,VSS,Metal1,140.8825,290.3560,0.000115
_1697_,VSS,Metal1,134.6430,298.2915,0.000324
_1696_,VSS,Metal1,124.0030,306.1315,0.000254
_1695_,VSS,Metal1,119.9665,290.4350,0.000121
_1694_,VSS,Metal1,121.2825,313.8760,0.000342
_1693_,VSS,Metal1,118.8465,305.4050,0.000255
_1692_,VSS,Metal1,122.4025,313.3235,0.000342
_1691_,VSS,Metal1,149.7575,290.3560,0.000112
_1690_,VSS,Metal1,146.9575,290.3560,0.000112
_1689_,VSS,Metal1,153.7565,282.6115,0.000283
_1688_,VSS,Metal1,88.5875,298.1960,0.000319
_1687_,VSS,Metal1,82.4275,305.4835,0.000257
_1686_,VSS,Metal1,83.1175,321.1635,0.000372
_1685_,VSS,Metal1,75.3625,305.4835,0.000260
_1684_,VSS,Metal1,87.4675,305.4835,0.000257
_1683_,VSS,Metal1,75.3625,306.0360,0.000260
_1682_,VSS,Metal1,83.2025,313.3235,0.000353
_1681_,VSS,Metal1,143.0375,266.8360,0.000498
_1680_,VSS,Metal1,153.3130,266.2050,0.000483
_1679_,VSS,Metal1,158.0000,266.2125,0.000483
_1678_,VSS,Metal1,84.6675,298.1960,0.000316
_1677_,VSS,Metal1,78.5075,305.4835,0.000259
_1676_,VSS,Metal1,78.0775,321.1635,0.000372
_1675_,VSS,Metal1,73.6825,298.1960,0.000312
_1674_,VSS,Metal1,80.1875,306.0360,0.000258
_1673_,VSS,Metal1,73.5975,306.0360,0.000260
_1672_,VSS,Metal1,78.1625,313.8760,0.000354
_1671_,VSS,Metal1,151.8675,258.9960,0.000238
_1670_,VSS,Metal1,121.6275,258.4435,0.000244
_1669_,VSS,Metal1,117.1475,250.6035,0.000291
_1668_,VSS,Metal1,111.2025,250.6035,0.000291
_1667_,VSS,Metal1,115.6825,243.3160,0.000318
_1666_,VSS,Metal1,116.0275,258.9960,0.000244
_1665_,VSS,Metal1,111.2025,258.9960,0.000244
_1664_,VSS,Metal1,115.6825,266.8360,0.000513
_1663_,VSS,Metal1,148.5075,266.2835,0.000483
_1662_,VSS,Metal1,159.9225,258.9960,0.000235
_1661_,VSS,Metal1,145.1900,258.3000,0.000243
_1660_,VSS,Metal1,210.6865,227.0050,0.000143
_1659_,VSS,Metal1,189.3875,219.7960,0.000076
_1658_,VSS,Metal1,195.3065,195.5605,0.000211
_1657_,VSS,Metal1,188.9630,203.4680,0.000378
_1656_,VSS,Metal1,182.0400,203.5285,0.000315
_1655_,VSS,Metal1,189.4130,196.4390,0.000193
_1654_,VSS,Metal1,190.5330,212.1190,0.000293
_1653_,VSS,Metal1,174.5930,219.1650,0.000076
_1652_,VSS,Metal1,179.9400,219.2125,0.000076
_1651_,VSS,Metal1,172.2365,212.0515,0.000289
_1650_,VSS,Metal1,174.0330,188.5150,0.000413
_1649_,VSS,Metal1,179.3800,188.4675,0.000412
_1648_,VSS,Metal1,174.8000,196.3475,0.000189
_1647_,VSS,Metal1,172.3175,203.5200,0.000314
_1646_,VSS,Metal1,173.3625,204.1160,0.000314
_1645_,VSS,Metal1,177.4900,227.7785,0.000144
_1644_,VSS,Metal1,177.2765,234.8280,0.000386
_1643_,VSS,Metal1,214.7175,219.7960,0.000075
_1642_,VSS,Metal1,216.7430,226.9790,0.000143
_1641_,VSS,Metal1,218.7100,227.7415,0.000143
_1640_,VSS,Metal1,216.3975,219.2435,0.000075
_1639_,VSS,Metal1,285.2200,234.8925,0.000324
_1638_,VSS,Metal1,283.6825,219.7960,0.000060
_1637_,VSS,Metal1,275.9000,219.8275,0.000065
_1636_,VSS,Metal1,330.9200,227.6710,0.000093
_1635_,VSS,Metal1,331.1975,235.4760,0.000235
_1634_,VSS,Metal1,326.7230,235.5715,0.000235
_1633_,VSS,Metal1,324.5625,227.6360,0.000105
_1632_,VSS,Metal1,320.0825,227.6360,0.000109
_1631_,VSS,Metal1,317.2825,227.6360,0.000114
_1630_,VSS,Metal1,324.1325,234.9235,0.000244
_1629_,VSS,Metal1,305.0730,242.6850,0.000334
_1628_,VSS,Metal1,306.7530,227.7150,0.000117
_1627_,VSS,Metal1,272.9000,195.6925,0.000192
_1626_,VSS,Metal1,271.9975,196.3200,0.000192
_1625_,VSS,Metal1,273.7400,204.0735,0.000341
_1624_,VSS,Metal1,272.2600,203.5425,0.000341
_1623_,VSS,Metal1,268.5625,196.2760,0.000199
_1622_,VSS,Metal1,294.7400,203.5050,0.000319
_1621_,VSS,Metal1,292.4465,212.0350,0.000302
_1620_,VSS,Metal1,287.3030,211.2990,0.000309
_1619_,VSS,Metal1,287.9665,212.0350,0.000309
_1618_,VSS,Metal1,308.6800,219.0940,0.000057
_1617_,VSS,Metal1,301.7200,219.0940,0.000058
_1616_,VSS,Metal1,303.6530,212.1190,0.000297
_1615_,VSS,Metal1,328.0400,204.2655,0.000277
_1614_,VSS,Metal1,336.4400,204.2655,0.000230
_1613_,VSS,Metal1,336.4400,196.4255,0.000143
_1612_,VSS,Metal1,315.4000,195.5740,0.000181
_1611_,VSS,Metal1,279.7625,219.7960,0.000063
_1610_,VSS,Metal1,276.2700,219.2535,0.000065
_1609_,VSS,Metal1,236.2965,219.9005,0.000073
_1608_,VSS,Metal1,240.1400,227.0625,0.000136
_1607_,VSS,Metal1,240.1065,219.9590,0.000073
_1606_,VSS,Metal1,245.9665,212.0350,0.000333
_1605_,VSS,Metal1,244.5400,203.5325,0.000363
_1604_,VSS,Metal1,250.7530,212.0350,0.000334
_1603_,VSS,Metal1,234.7730,242.6005,0.000392
_1602_,VSS,Metal1,239.4365,234.8280,0.000386
_1601_,VSS,Metal1,240.2630,227.7405,0.000136
_1600_,VSS,Metal1,261.5340,234.7635,0.000358
_1599_,VSS,Metal1,312.5875,227.6360,0.000117
_1598_,VSS,Metal1,306.6100,234.9350,0.000255
_1597_,VSS,Metal1,314.9900,234.9350,0.000255
_1596_,VSS,Metal1,257.4730,242.6850,0.000391
_1595_,VSS,Metal1,276.2600,242.7050,0.000391
_1594_,VSS,Metal1,280.2375,242.7635,0.000391
_1593_,VSS,Metal1,276.8200,235.5075,0.000334
_1592_,VSS,Metal1,266.1625,235.5200,0.000358
_1591_,VSS,Metal1,286.9900,227.0950,0.000118
_1590_,VSS,Metal1,241.0375,54.6035,0.000372
_1589_,VSS,Metal1,248.3175,46.7635,0.000443
_1588_,VSS,Metal1,238.4400,30.9340,0.000253
_1587_,VSS,Metal1,364.1200,140.6940,0.000157
_1586_,VSS,Metal1,364.1200,93.6540,0.000230
_1585_,VSS,Metal1,364.1200,117.1740,0.000413
_1584_,VSS,Metal1,350.6800,164.2140,0.000342
_1583_,VSS,Metal1,364.1200,132.8540,0.000073
_1582_,VSS,Metal1,348.4400,93.6540,0.000229
_1581_,VSS,Metal1,237.0000,101.4940,0.000378
_1580_,VSS,Metal1,245.6400,31.0030,0.000247
_1579_,VSS,Metal1,178.2000,102.3455,0.000281
_1578_,VSS,Metal1,174.9000,117.2925,0.000386
_1577_,VSS,Metal1,177.7575,117.8760,0.000386
_1576_,VSS,Metal1,170.3730,101.4805,0.000281
_1575_,VSS,Metal1,168.6675,93.8035,0.000191
_1574_,VSS,Metal1,226.9200,78.8255,0.000240
_1573_,VSS,Metal1,199.5975,125.1635,0.000290
_1572_,VSS,Metal1,205.7575,110.0360,0.000250
_1571_,VSS,Metal1,208.0825,125.7160,0.000331
_1570_,VSS,Metal1,205.8425,125.1635,0.000316
_1569_,VSS,Metal1,158.6000,148.5340,0.000390
_1568_,VSS,Metal1,155.2400,110.1855,0.000227
_1567_,VSS,Metal1,212.6800,31.7855,0.000254
_1566_,VSS,Metal1,21.4000,47.4655,0.000430
_1565_,VSS,Metal1,17.4800,70.9855,0.000365
_1564_,VSS,Metal1,87.4800,16.1055,0.000220
_1563_,VSS,Metal1,54.4400,16.1055,0.000214
_1562_,VSS,Metal1,14.1200,125.8655,0.000213
_1561_,VSS,Metal1,22.8400,94.5055,0.000195
_1560_,VSS,Metal1,93.6400,125.0140,0.000230
_1559_,VSS,Metal1,92.2800,30.9340,0.000364
_1558_,VSS,Metal1,71.5600,47.4655,0.000522
_1557_,VSS,Metal1,135.0800,39.6255,0.000275
_1556_,VSS,Metal1,108.5200,16.1055,0.000214
_1555_,VSS,Metal1,152.4400,39.6255,0.000270
_1554_,VSS,Metal1,123.3200,94.5055,0.000203
_1553_,VSS,Metal1,151.3200,23.9455,0.000165
_1552_,VSS,Metal1,158.9200,31.7855,0.000366
_1551_,VSS,Metal1,119.4000,109.3340,0.000226
_1550_,VSS,Metal1,160.3500,78.1335,0.000281
_1549_,VSS,Metal1,36.8400,118.0255,0.000385
_1548_,VSS,Metal1,36.5200,86.6655,0.000350
_1547_,VSS,Metal1,109.3200,118.0255,0.000392
_1546_,VSS,Metal1,92.2800,62.2940,0.000330
_1545_,VSS,Metal1,71.5600,55.3055,0.000318
_1544_,VSS,Metal1,120.8400,62.2940,0.000335
_1543_,VSS,Metal1,147.1530,102.2750,0.000281
_1542_,VSS,Metal1,147.1465,93.6405,0.000200
_1541_,VSS,Metal1,139.0000,55.3055,0.000388
_1540_,VSS,Metal1,130.3600,117.1740,0.000392
_1539_,VSS,Metal1,151.3200,63.1455,0.000324
_1538_,VSS,Metal1,142.9200,117.1740,0.000391
_1537_,VSS,Metal1,99.8000,94.5055,0.000206
_1536_,VSS,Metal1,156.4300,70.8260,0.000386
_1535_,VSS,Metal1,170.1865,70.9330,0.000361
_1534_,VSS,Metal1,189.1600,55.3055,0.000364
_1533_,VSS,Metal1,14.1200,55.3055,0.000277
_1532_,VSS,Metal1,14.1200,78.8255,0.000330
_1531_,VSS,Metal1,77.9600,16.1055,0.000221
_1530_,VSS,Metal1,41.0000,30.9340,0.000333
_1529_,VSS,Metal1,14.6800,133.7055,0.000073
_1528_,VSS,Metal1,14.1200,101.4940,0.000251
_1527_,VSS,Metal1,14.1200,141.5455,0.000226
_1526_,VSS,Metal1,96.4400,16.1055,0.000219
_1525_,VSS,Metal1,60.6000,31.7855,0.000334
_1524_,VSS,Metal1,111.0000,62.2940,0.000335
_1523_,VSS,Metal1,116.0400,16.1055,0.000213
_1522_,VSS,Metal1,137.6400,46.6140,0.000531
_1521_,VSS,Metal1,111.5600,141.5455,0.000236
_1520_,VSS,Metal1,144.6000,16.1055,0.000188
_1519_,VSS,Metal1,132.8400,16.1055,0.000203
_1518_,VSS,Metal1,96.2000,70.1340,0.000391
_1517_,VSS,Metal1,152.5575,78.1235,0.000310
_1516_,VSS,Metal1,21.4000,118.0255,0.000382
_1515_,VSS,Metal1,20.8400,102.3455,0.000251
_1514_,VSS,Metal1,36.2800,140.6940,0.000232
_1513_,VSS,Metal1,80.2000,85.8140,0.000375
_1512_,VSS,Metal1,71.2400,63.1455,0.000302
_1511_,VSS,Metal1,113.8000,63.1455,0.000335
_1510_,VSS,Metal1,99.8000,78.8255,0.000356
_1509_,VSS,Metal1,139.0000,78.8255,0.000328
_1508_,VSS,Metal1,131.7200,63.1455,0.000334
_1507_,VSS,Metal1,144.6000,132.8540,0.000074
_1506_,VSS,Metal1,129.4800,125.0140,0.000274
_1505_,VSS,Metal1,101.2400,102.3455,0.000274
_1504_,VSS,Metal1,155.2275,86.5160,0.000302
_1503_,VSS,Metal1,156.4200,78.0925,0.000303
_1502_,VSS,Metal1,166.4530,77.9605,0.000252
_1501_,VSS,Metal1,158.6000,132.8540,0.000074
_1500_,VSS,Metal1,177.6400,125.8655,0.000275
_1499_,VSS,Metal1,163.6400,392.4255,0.000018
_1498_,VSS,Metal1,270.6000,383.7340,0.000067
_1497_,VSS,Metal1,207.3200,375.8940,0.000072
_1496_,VSS,Metal1,192.7600,384.5855,0.000060
_1495_,VSS,Metal1,245.9600,361.0655,0.000133
_1494_,VSS,Metal1,253.8000,376.7455,0.000075
_1493_,VSS,Metal1,217.4000,361.0655,0.000115
_1492_,VSS,Metal1,287.9600,391.5740,0.000019
_1491_,VSS,Metal1,149.0800,306.1855,0.000245
_1490_,VSS,Metal1,210.1200,392.4255,0.000021
_1489_,VSS,Metal1,239.8000,392.4255,0.000021
_1488_,VSS,Metal1,237.0000,360.2140,0.000130
_1487_,VSS,Metal1,187.7200,376.7455,0.000054
_1486_,VSS,Metal1,159.1600,376.7455,0.000050
_1485_,VSS,Metal1,285.1600,384.5855,0.000065
_1484_,VSS,Metal1,222.4400,392.4255,0.000021
_1483_,VSS,Metal1,216.2800,110.1855,0.000331
_1482_,VSS,Metal1,153.0000,156.3740,0.000563
_1481_,VSS,Metal1,161.7865,93.7065,0.000198
_1480_,VSS,Metal1,54.7000,172.1725,0.000507
_1479_,VSS,Metal1,55.0000,179.8940,0.000369
_1478_,VSS,Metal1,60.8025,180.0435,0.000369
_1477_,VSS,Metal1,58.0025,172.7560,0.000526
_1476_,VSS,Metal1,53.5100,157.1815,0.000582
_1475_,VSS,Metal1,55.2025,172.7560,0.000507
_1474_,VSS,Metal1,48.8900,179.9405,0.000369
_1473_,VSS,Metal1,52.4025,172.7560,0.000492
_1472_,VSS,Metal1,14.6800,266.9855,0.000362
_1471_,VSS,Metal1,22.8400,196.4255,0.000191
_1470_,VSS,Metal1,14.1200,242.6140,0.000296
_1469_,VSS,Metal1,14.1200,212.1055,0.000252
_1468_,VSS,Metal1,14.1200,289.6540,0.000106
_1467_,VSS,Metal1,13.0000,306.1855,0.000252
_1466_,VSS,Metal1,13.0000,321.8655,0.000338
_1465_,VSS,Metal1,30.9200,227.7855,0.000174
_1464_,VSS,Metal1,21.4000,259.1455,0.000214
_1463_,VSS,Metal1,36.5200,211.2540,0.000252
_1462_,VSS,Metal1,19.7200,243.4655,0.000296
_1461_,VSS,Metal1,19.1600,204.2655,0.000379
_1460_,VSS,Metal1,21.4000,282.6655,0.000297
_1459_,VSS,Metal1,21.4000,306.1855,0.000251
_1458_,VSS,Metal1,22.8400,321.8655,0.000338
_1457_,VSS,Metal1,33.7200,219.9455,0.000174
_1456_,VSS,Metal1,50.1500,211.2980,0.000258
_1455_,VSS,Metal1,12.0500,187.8950,0.000407
_1454_,VSS,Metal1,21.4465,187.7700,0.000403
_1453_,VSS,Metal1,20.8000,188.4715,0.000403
_1452_,VSS,Metal1,20.4700,157.1815,0.000514
_1451_,VSS,Metal1,19.4800,165.0655,0.000345
_1450_,VSS,Metal1,20.4700,172.8615,0.000442
_1449_,VSS,Metal1,18.0530,179.8805,0.000360
_1448_,VSS,Metal1,12.1930,164.9950,0.000345
_1447_,VSS,Metal1,15.0400,172.8275,0.000442
_1446_,VSS,Metal1,14.3225,180.5960,0.000375
_1445_,VSS,Metal1,131.7200,203.4140,0.000359
_1444_,VSS,Metal1,150.5200,196.4255,0.000192
_1443_,VSS,Metal1,140.4400,219.9455,0.000089
_1442_,VSS,Metal1,131.7200,226.9340,0.000151
_1441_,VSS,Metal1,153.8000,219.8765,0.000079
_1440_,VSS,Metal1,154.0730,219.1750,0.000079
_1439_,VSS,Metal1,156.6250,212.0975,0.000289
_1438_,VSS,Metal1,150.7900,203.4815,0.000336
_1437_,VSS,Metal1,147.4040,211.2790,0.000289
_1436_,VSS,Metal1,140.6675,211.9560,0.000289
_1435_,VSS,Metal1,159.5000,203.5425,0.000335
_1434_,VSS,Metal1,147.3875,204.1160,0.000341
_1433_,VSS,Metal1,98.1200,172.9055,0.000572
_1432_,VSS,Metal1,94.2000,187.7340,0.000446
_1431_,VSS,Metal1,89.7200,195.5740,0.000218
_1430_,VSS,Metal1,95.3200,165.0655,0.000379
_1429_,VSS,Metal1,64.0200,274.7075,0.000178
_1428_,VSS,Metal1,71.3575,274.6760,0.000178
_1427_,VSS,Metal1,71.3000,219.8275,0.000176
_1426_,VSS,Metal1,78.6375,227.6360,0.000172
_1425_,VSS,Metal1,64.0200,251.1875,0.000294
_1424_,VSS,Metal1,74.7175,251.1560,0.000294
_1423_,VSS,Metal1,98.7400,337.4275,0.000247
_1422_,VSS,Metal1,103.8375,337.3960,0.000247
_1421_,VSS,Metal1,112.7400,336.8125,0.000267
_1420_,VSS,Metal1,115.6825,336.8435,0.000267
_1419_,VSS,Metal1,75.2200,337.4275,0.000245
_1418_,VSS,Metal1,81.4375,344.6835,0.000342
_1417_,VSS,Metal1,64.0200,337.4275,0.000219
_1416_,VSS,Metal1,74.1575,352.5235,0.000237
_1415_,VSS,Metal1,108.8200,259.0275,0.000244
_1414_,VSS,Metal1,112.7975,266.8360,0.000513
_1413_,VSS,Metal1,99.6265,203.5280,0.000395
_1412_,VSS,Metal1,50.5200,266.1340,0.000382
_1411_,VSS,Metal1,52.7600,219.0940,0.000176
_1410_,VSS,Metal1,50.5200,242.6140,0.000306
_1409_,VSS,Metal1,96.4400,314.0255,0.000353
_1408_,VSS,Metal1,99.8000,298.3455,0.000325
_1407_,VSS,Metal1,51.6400,314.0255,0.000353
_1406_,VSS,Metal1,50.5200,321.0140,0.000348
_1405_,VSS,Metal1,95.8800,258.2940,0.000243
_1404_,VSS,Metal1,100.2585,219.9040,0.000171
_1403_,VSS,Metal1,69.6200,289.7725,0.000118
_1402_,VSS,Metal1,76.3975,289.8035,0.000118
_1401_,VSS,Metal1,56.8825,274.6760,0.000173
_1400_,VSS,Metal1,63.1000,227.0525,0.000173
_1399_,VSS,Metal1,75.8375,219.7960,0.000176
_1398_,VSS,Metal1,63.6025,211.9560,0.000266
_1397_,VSS,Metal1,64.0200,243.3475,0.000311
_1396_,VSS,Metal1,74.1575,243.3160,0.000311
_1395_,VSS,Metal1,58.0025,251.1560,0.000294
_1394_,VSS,Metal1,97.6200,329.5875,0.000517
_1393_,VSS,Metal1,103.2775,329.5560,0.000518
_1392_,VSS,Metal1,94.4025,321.7160,0.000379
_1391_,VSS,Metal1,114.9800,328.9725,0.000534
_1390_,VSS,Metal1,117.9225,321.1635,0.000385
_1389_,VSS,Metal1,106.7225,321.7160,0.000379
_1388_,VSS,Metal1,74.6600,321.1325,0.000372
_1387_,VSS,Metal1,79.7575,329.5560,0.000513
_1386_,VSS,Metal1,65.8425,321.1635,0.000356
_1385_,VSS,Metal1,69.6200,329.5875,0.000512
_1384_,VSS,Metal1,73.0375,329.5560,0.000512
_1383_,VSS,Metal1,56.7975,329.5560,0.000512
_1382_,VSS,Metal1,109.3800,243.3475,0.000318
_1381_,VSS,Metal1,113.9175,243.3160,0.000318
_1380_,VSS,Metal1,101.0000,227.7165,0.000156
_1379_,VSS,Metal1,95.9100,226.9580,0.000159
_1378_,VSS,Metal1,101.2100,226.9400,0.000156
_1377_,VSS,Metal1,99.8130,211.2405,0.000290
_1376_,VSS,Metal1,102.0700,212.1000,0.000290
_1375_,VSS,Metal1,101.1225,251.1560,0.000293
_1374_,VSS,Metal1,95.9165,212.0225,0.000284
_1373_,VSS,Metal1,43.5530,281.8850,0.000310
_1372_,VSS,Metal1,46.6130,274.8390,0.000167
_1371_,VSS,Metal1,32.3600,266.9855,0.000380
_1370_,VSS,Metal1,71.5600,204.2655,0.000402
_1369_,VSS,Metal1,51.9600,196.4255,0.000217
_1368_,VSS,Metal1,44.9200,259.1455,0.000228
_1367_,VSS,Metal1,32.3600,243.4655,0.000296
_1366_,VSS,Metal1,95.3200,274.8255,0.000181
_1365_,VSS,Metal1,31.8000,219.0940,0.000173
_1364_,VSS,Metal1,110.7600,282.6655,0.000301
_1363_,VSS,Metal1,32.3600,282.6655,0.000307
_1362_,VSS,Metal1,60.6000,298.3455,0.000312
_1361_,VSS,Metal1,32.3600,306.1855,0.000253
_1360_,VSS,Metal1,41.0000,297.4940,0.000311
_1359_,VSS,Metal1,34.6000,321.8655,0.000348
_1358_,VSS,Metal1,98.4400,242.6140,0.000316
_1357_,VSS,Metal1,44.1200,227.7855,0.000175
_1356_,VSS,Metal1,106.8800,211.3680,0.000291
_1355_,VSS,Metal1,74.7230,172.8515,0.000537
_1354_,VSS,Metal1,266.1200,23.9455,0.000162
_1353_,VSS,Metal1,266.1200,31.7855,0.000246
_1352_,VSS,Metal1,276.2000,30.9340,0.000231
_1351_,VSS,Metal1,283.2400,16.1055,0.000070
_1350_,VSS,Metal1,250.3925,15.9135,0.000096
_1349_,VSS,Metal1,248.9625,31.0835,0.000247
_1348_,VSS,Metal1,244.5865,46.6005,0.000444
_1347_,VSS,Metal1,234.2130,38.7605,0.000293
_1346_,VSS,Metal1,259.1530,78.7550,0.000217
_1345_,VSS,Metal1,264.4530,78.8390,0.000217
_1344_,VSS,Metal1,275.1400,78.0925,0.000213
_1343_,VSS,Metal1,277.9975,70.2835,0.000306
_1342_,VSS,Metal1,275.6400,62.2940,0.000378
_1341_,VSS,Metal1,266.1200,70.1340,0.000306
_1340_,VSS,Metal1,272.9000,125.1325,0.000355
_1339_,VSS,Metal1,278.5575,133.0035,0.000077
_1338_,VSS,Metal1,271.9800,157.1075,0.000648
_1337_,VSS,Metal1,270.8025,164.9160,0.000403
_1336_,VSS,Metal1,312.1000,85.9325,0.000299
_1335_,VSS,Metal1,317.1975,85.9635,0.000299
_1334_,VSS,Metal1,315.6600,125.1325,0.000313
_1333_,VSS,Metal1,308.3225,125.1635,0.000329
_1332_,VSS,Metal1,307.0600,156.4925,0.000512
_1331_,VSS,Metal1,310.4775,156.5235,0.000494
_1330_,VSS,Metal1,327.7800,164.9475,0.000339
_1329_,VSS,Metal1,336.8825,157.0760,0.000491
_1328_,VSS,Metal1,324.4200,78.0925,0.000184
_1327_,VSS,Metal1,336.8825,86.5160,0.000294
_1326_,VSS,Metal1,275.3400,101.6125,0.000404
_1325_,VSS,Metal1,271.3625,94.3560,0.000250
_1324_,VSS,Metal1,308.0530,78.0880,0.000199
_1323_,VSS,Metal1,270.6000,141.5455,0.000227
_1322_,VSS,Metal1,271.7200,172.9055,0.000557
_1321_,VSS,Metal1,309.2400,109.3340,0.000365
_1320_,VSS,Metal1,309.2400,125.8655,0.000329
_1319_,VSS,Metal1,305.3200,179.8940,0.000392
_1318_,VSS,Metal1,341.1600,187.7340,0.000385
_1317_,VSS,Metal1,336.4400,63.1455,0.000292
_1316_,VSS,Metal1,268.9200,101.4940,0.000404
_1315_,VSS,Metal1,297.1850,70.1420,0.000272
_1314_,VSS,Metal1,279.6200,125.1325,0.000354
_1313_,VSS,Metal1,279.8925,140.8435,0.000203
_1312_,VSS,Metal1,285.2775,125.1635,0.000340
_1311_,VSS,Metal1,279.6200,164.9475,0.000403
_1310_,VSS,Metal1,275.4125,164.9160,0.000403
_1309_,VSS,Metal1,288.0775,164.9160,0.000396
_1308_,VSS,Metal1,322.9400,93.7725,0.000232
_1307_,VSS,Metal1,299.4925,94.3560,0.000256
_1306_,VSS,Metal1,318.4025,93.8035,0.000256
_1305_,VSS,Metal1,323.5000,132.9725,0.000071
_1304_,VSS,Metal1,315.9475,125.7160,0.000313
_1303_,VSS,Metal1,318.4025,101.6435,0.000404
_1302_,VSS,Metal1,303.3400,164.3325,0.000381
_1301_,VSS,Metal1,303.6275,172.2035,0.000521
_1300_,VSS,Metal1,312.7175,164.3635,0.000380
_1299_,VSS,Metal1,331.7000,172.1725,0.000449
_1298_,VSS,Metal1,322.1075,164.9160,0.000368
_1297_,VSS,Metal1,338.4775,149.2360,0.000384
_1296_,VSS,Metal1,319.3800,78.7075,0.000194
_1295_,VSS,Metal1,315.3875,70.8360,0.000240
_1294_,VSS,Metal1,338.0025,70.8360,0.000218
_1293_,VSS,Metal1,285.2200,101.6125,0.000404
_1292_,VSS,Metal1,278.2125,109.4835,0.000369
_1291_,VSS,Metal1,298.2800,78.7565,0.000203
_1290_,VSS,Metal1,304.2700,78.6660,0.000200
_1289_,VSS,Metal1,303.1400,85.9325,0.000299
_1288_,VSS,Metal1,279.2025,93.8035,0.000256
_1287_,VSS,Metal1,288.5930,78.0440,0.000213
_1286_,VSS,Metal1,290.2000,140.6940,0.000198
_1285_,VSS,Metal1,291.3200,180.7455,0.000398
_1284_,VSS,Metal1,331.0800,86.6655,0.000294
_1283_,VSS,Metal1,331.0800,157.2255,0.000491
_1282_,VSS,Metal1,324.9200,179.8940,0.000388
_1281_,VSS,Metal1,354.6000,187.7340,0.000385
_1280_,VSS,Metal1,354.6000,77.9740,0.000185
_1279_,VSS,Metal1,294.1200,125.0140,0.000340
_1278_,VSS,Metal1,295.8465,70.9495,0.000272
_1277_,VSS,Metal1,353.5400,172.1450,0.000439
_1276_,VSS,Metal1,382.7965,172.8515,0.000439
_1275_,VSS,Metal1,380.9800,188.4950,0.000387
_1274_,VSS,Metal1,382.7965,157.1715,0.000492
_1273_,VSS,Metal1,386.7800,157.1350,0.000492
_1272_,VSS,Metal1,382.7230,180.6915,0.000385
_1271_,VSS,Metal1,386.7800,164.9750,0.000343
_1270_,VSS,Metal1,382.7230,149.3315,0.000403
_1269_,VSS,Metal1,387.1975,180.5960,0.000385
_1268_,VSS,Metal1,382.7965,172.1080,0.000439
_1267_,VSS,Metal1,370.4765,172.8515,0.000439
_1266_,VSS,Metal1,387.1975,172.7560,0.000439
_1265_,VSS,Metal1,382.7230,165.0115,0.000343
_1264_,VSS,Metal1,367.0430,164.2680,0.000343
_1263_,VSS,Metal1,166.0825,31.0835,0.000326
_1262_,VSS,Metal1,177.0430,31.0030,0.000326
_1261_,VSS,Metal1,183.3630,16.0515,0.000131
_1260_,VSS,Metal1,200.2425,31.0835,0.000256
_1259_,VSS,Metal1,178.5565,23.8765,0.000163
_1258_,VSS,Metal1,188.4765,16.0515,0.000131
_1257_,VSS,Metal1,239.4425,23.2435,0.000165
_1256_,VSS,Metal1,233.9965,23.1630,0.000166
_1255_,VSS,Metal1,382.7965,86.6115,0.000297
_1254_,VSS,Metal1,387.1975,125.1635,0.000274
_1253_,VSS,Metal1,384.8030,125.7965,0.000274
_1252_,VSS,Metal1,382.7230,125.0680,0.000274
_1251_,VSS,Metal1,387.1975,102.1960,0.000410
_1250_,VSS,Metal1,383.5200,94.4275,0.000230
_1249_,VSS,Metal1,367.1165,85.8680,0.000297
_1248_,VSS,Metal1,382.7965,78.7715,0.000187
_1247_,VSS,Metal1,382.7230,102.2915,0.000410
_1246_,VSS,Metal1,376.5630,102.2915,0.000409
_1245_,VSS,Metal1,372.5625,102.2400,0.000409
_1244_,VSS,Metal1,384.8030,110.1165,0.000336
_1243_,VSS,Metal1,367.1165,109.3880,0.000336
_1242_,VSS,Metal1,362.6425,85.9635,0.000297
_1241_,VSS,Metal1,382.2365,101.5480,0.000410
_1240_,VSS,Metal1,363.6775,164.3635,0.000343
_1239_,VSS,Metal1,366.3230,148.6030,0.000403
_1238_,VSS,Metal1,366.3230,156.4430,0.000492
_1237_,VSS,Metal1,387.1975,149.2360,0.000403
_1236_,VSS,Metal1,368.1525,125.7905,0.000273
_1235_,VSS,Metal1,383.5165,141.4765,0.000157
_1234_,VSS,Metal1,358.2925,133.0035,0.000072
_1233_,VSS,Metal1,384.8030,133.6365,0.000073
_1232_,VSS,Metal1,233.8475,125.0890,0.000362
_1231_,VSS,Metal1,255.0175,110.0905,0.000368
_1230_,VSS,Metal1,200.4375,109.4260,0.000234
_1229_,VSS,Metal1,311.4675,125.1635,0.000329
_1228_,VSS,Metal1,221.6800,101.5725,0.000355
_1227_,VSS,Metal1,213.6030,102.2915,0.000327
_1226_,VSS,Metal1,214.6065,55.2350,0.000374
_1225_,VSS,Metal1,219.8930,102.2800,0.000354
_1224_,VSS,Metal1,382.7230,117.9715,0.000413
_1223_,VSS,Metal1,235.9925,110.1105,0.000339
_1222_,VSS,Metal1,213.2265,63.1590,0.000302
_1221_,VSS,Metal1,209.5475,55.1560,0.000374
_1220_,VSS,Metal1,203.7975,102.2535,0.000321
_1219_,VSS,Metal1,208.7695,78.8770,0.000240
_1218_,VSS,Metal1,207.0665,85.8005,0.000288
_1217_,VSS,Metal1,199.3460,85.8560,0.000288
_1216_,VSS,Metal1,207.6800,70.9075,0.000329
_1215_,VSS,Metal1,201.1505,86.7170,0.000288
_1214_,VSS,Metal1,197.5695,94.5570,0.000218
_1213_,VSS,Metal1,198.6925,102.1960,0.000313
_1212_,VSS,Metal1,215.4500,86.5980,0.000290
_1211_,VSS,Metal1,212.6500,93.6600,0.000222
_1210_,VSS,Metal1,198.4100,78.0205,0.000240
_1209_,VSS,Metal1,214.0700,78.0415,0.000240
_1208_,VSS,Metal1,209.7625,85.9635,0.000288
_1207_,VSS,Metal1,210.7300,62.3650,0.000302
_1206_,VSS,Metal1,193.8675,70.8360,0.000341
_1205_,VSS,Metal1,166.1930,243.3950,0.000311
_1204_,VSS,Metal1,171.3830,234.8190,0.000387
_1203_,VSS,Metal1,176.7700,211.9460,0.000288
_1202_,VSS,Metal1,290.1310,126.0180,0.000340
_1201_,VSS,Metal1,290.6910,164.0620,0.000396
_1200_,VSS,Metal1,329.8910,69.9820,0.000217
_1199_,VSS,Metal1,330.4510,141.6980,0.000152
_1198_,VSS,Metal1,318.1310,157.3780,0.000494
_1197_,VSS,Metal1,350.6110,165.2180,0.000342
_1196_,VSS,Metal1,350.0510,55.4580,0.000326
_1195_,VSS,Metal1,290.6910,85.6620,0.000300
_1194_,VSS,Metal1,338.1065,345.3990,0.000386
_1193_,VSS,Metal1,334.6300,337.5015,0.000188
_1192_,VSS,Metal1,317.0930,352.3605,0.000207
_1191_,VSS,Metal1,315.0100,344.6950,0.000387
_1190_,VSS,Metal1,326.8775,337.4400,0.000200
_1189_,VSS,Metal1,308.5830,344.5790,0.000405
_1188_,VSS,Metal1,314.8000,337.4675,0.000257
_1187_,VSS,Metal1,318.5065,328.8405,0.000346
_1186_,VSS,Metal1,315.5900,321.0580,0.000383
_1185_,VSS,Metal1,311.5975,337.3960,0.000267
_1184_,VSS,Metal1,317.0130,305.3865,0.000239
_1183_,VSS,Metal1,316.4800,297.5725,0.000257
_1182_,VSS,Metal1,280.4100,298.3475,0.000278
_1181_,VSS,Metal1,323.2530,305.3205,0.000209
_1180_,VSS,Metal1,337.1730,313.9730,0.000170
_1179_,VSS,Metal1,330.9175,313.2660,0.000174
_1178_,VSS,Metal1,352.6665,314.0390,0.000170
_1177_,VSS,Metal1,348.3730,313.9730,0.000170
_1176_,VSS,Metal1,343.4065,306.1150,0.000173
_1175_,VSS,Metal1,344.3200,313.9475,0.000170
_1174_,VSS,Metal1,338.1065,298.3590,0.000243
_1173_,VSS,Metal1,331.2700,298.3015,0.000245
_1172_,VSS,Metal1,336.6130,290.4530,0.000084
_1171_,VSS,Metal1,333.0665,290.5190,0.000083
_1170_,VSS,Metal1,330.0300,297.6535,0.000245
_1169_,VSS,Metal1,332.1330,274.7730,0.000111
_1168_,VSS,Metal1,325.2330,274.0450,0.000113
_1167_,VSS,Metal1,318.0375,274.0660,0.000113
_1166_,VSS,Metal1,315.1465,282.6790,0.000172
_1165_,VSS,Metal1,314.4100,281.8580,0.000172
_1164_,VSS,Metal1,317.5730,258.3465,0.000239
_1163_,VSS,Metal1,314.0265,258.2805,0.000239
_1162_,VSS,Metal1,323.8700,258.4535,0.000220
_1161_,VSS,Metal1,297.9730,259.0930,0.000242
_1160_,VSS,Metal1,290.2130,259.1590,0.000242
_1159_,VSS,Metal1,299.5575,274.0660,0.000123
_1158_,VSS,Metal1,292.2665,266.1865,0.000536
_1157_,VSS,Metal1,292.7530,274.7550,0.000125
_1156_,VSS,Metal1,292.4000,274.0525,0.000125
_1155_,VSS,Metal1,260.5330,281.8005,0.000200
_1154_,VSS,Metal1,266.2500,282.6215,0.000198
_1153_,VSS,Metal1,254.3730,266.9990,0.000536
_1152_,VSS,Metal1,273.3800,266.2625,0.000536
_1151_,VSS,Metal1,248.4025,203.5635,0.000363
_1150_,VSS,Metal1,232.0100,251.2590,0.000270
_1149_,VSS,Metal1,207.9300,258.3405,0.000247
_1148_,VSS,Metal1,191.6530,329.7190,0.000554
_1147_,VSS,Metal1,199.6300,329.5450,0.000568
_1146_,VSS,Metal1,211.6265,328.9065,0.000588
_1145_,VSS,Metal1,214.2900,336.8535,0.000318
_1144_,VSS,Metal1,214.9065,328.8405,0.000588
_1143_,VSS,Metal1,213.8665,298.2930,0.000304
_1142_,VSS,Metal1,223.4275,297.4720,0.000304
_1141_,VSS,Metal1,217.6025,290.3560,0.000110
_1140_,VSS,Metal1,214.3530,297.5650,0.000304
_1139_,VSS,Metal1,208.2965,281.8590,0.000219
_1138_,VSS,Metal1,207.3330,289.6405,0.000110
_1137_,VSS,Metal1,232.4530,289.7065,0.000108
_1136_,VSS,Metal1,227.2100,282.5980,0.000217
_1135_,VSS,Metal1,238.7975,290.3560,0.000106
_1134_,VSS,Metal1,237.3130,281.8850,0.000211
_1133_,VSS,Metal1,235.3330,266.1205,0.000534
_1132_,VSS,Metal1,235.4900,274.6650,0.000151
_1131_,VSS,Metal1,218.9830,274.7805,0.000151
_1130_,VSS,Metal1,225.2530,290.5190,0.000110
_1129_,VSS,Metal1,228.7175,290.3560,0.000108
_1128_,VSS,Metal1,206.1030,259.1005,0.000247
_1127_,VSS,Metal1,211.4425,274.1235,0.000151
_1126_,VSS,Metal1,207.8930,273.9605,0.000150
_1125_,VSS,Metal1,189.7865,266.9330,0.000516
_1124_,VSS,Metal1,186.3175,289.7600,0.000111
_1123_,VSS,Metal1,187.7900,274.6660,0.000150
_1122_,VSS,Metal1,188.5300,281.9735,0.000231
_1121_,VSS,Metal1,188.5930,274.0450,0.000150
_1120_,VSS,Metal1,173.7330,266.1205,0.000483
_1119_,VSS,Metal1,178.9100,274.6650,0.000149
_1118_,VSS,Metal1,175.2265,282.6130,0.000251
_1117_,VSS,Metal1,177.3930,290.4350,0.000111
_1116_,VSS,Metal1,179.8400,282.5875,0.000239
_1115_,VSS,Metal1,185.7865,305.3205,0.000251
_1114_,VSS,Metal1,178.3700,321.1750,0.000380
_1113_,VSS,Metal1,172.5330,321.8130,0.000384
_1112_,VSS,Metal1,168.4265,328.8405,0.000530
_1111_,VSS,Metal1,174.1175,328.9460,0.000530
_1110_,VSS,Metal1,156.1865,328.9065,0.000530
_1109_,VSS,Metal1,158.9130,336.7650,0.000276
_1108_,VSS,Metal1,160.2400,328.9325,0.000530
_1107_,VSS,Metal1,139.5730,321.0005,0.000387
_1106_,VSS,Metal1,140.8300,321.7050,0.000387
_1105_,VSS,Metal1,142.9330,344.5205,0.000352
_1104_,VSS,Metal1,185.4675,251.1560,0.000265
_1103_,VSS,Metal1,174.3500,383.8935,0.000052
_1102_,VSS,Metal1,277.9500,383.8935,0.000067
_1101_,VSS,Metal1,217.0900,368.7460,0.000029
_1100_,VSS,Metal1,204.5900,392.2660,0.000021
_1099_,VSS,Metal1,253.3100,360.9060,0.000134
_1098_,VSS,Metal1,266.3700,392.2660,0.000021
_1097_,VSS,Metal1,232.2100,368.2135,0.000030
_1096_,VSS,Metal1,293.8100,384.4260,0.000064
_1095_,VSS,Metal1,161.0900,305.4935,0.000240
_1094_,VSS,Metal1,236.6900,376.0535,0.000075
_1093_,VSS,Metal1,251.6300,392.2660,0.000021
_1092_,VSS,Metal1,246.0300,360.3735,0.000133
_1091_,VSS,Metal1,194.6900,376.0535,0.000068
_1090_,VSS,Metal1,177.1500,384.4260,0.000053
_1089_,VSS,Metal1,284.6700,383.8935,0.000065
_1088_,VSS,Metal1,245.4700,383.8935,0.000068
_1087_,VSS,Metal1,206.8300,70.2935,0.000329
_1086_,VSS,Metal1,206.2130,77.9605,0.000240
_1085_,VSS,Metal1,200.2865,70.9155,0.000340
_1084_,VSS,Metal1,200.4000,55.2275,0.000364
_1083_,VSS,Metal1,199.4130,70.1865,0.000340
_1082_,VSS,Metal1,198.6665,101.4805,0.000313
_1081_,VSS,Metal1,189.9475,70.8360,0.000342
_1080_,VSS,Metal1,196.3225,78.6760,0.000242
_1079_,VSS,Metal1,249.9400,70.2525,0.000326
_1078_,VSS,Metal1,260.7800,70.8950,0.000312
_1077_,VSS,Metal1,256.6065,141.4750,0.000228
_1076_,VSS,Metal1,258.2930,187.7550,0.000395
_1075_,VSS,Metal1,245.9400,141.3535,0.000233
_1074_,VSS,Metal1,252.7975,141.3960,0.000229
_1073_,VSS,Metal1,269.7300,258.4535,0.000250
_1072_,VSS,Metal1,274.0200,274.0925,0.000143
_1071_,VSS,Metal1,289.0850,313.1905,0.000196
_1070_,VSS,Metal1,295.8425,328.9600,0.000537
_1069_,VSS,Metal1,297.3830,321.8205,0.000389
_1068_,VSS,Metal1,293.0665,329.6400,0.000539
_1067_,VSS,Metal1,291.5100,282.6215,0.000197
_1066_,VSS,Metal1,298.1630,313.2280,0.000191
_1065_,VSS,Metal1,284.7230,328.9080,0.000548
_1064_,VSS,Metal1,292.7000,321.6735,0.000389
_1063_,VSS,Metal1,276.2425,298.2400,0.000279
_1062_,VSS,Metal1,278.6365,297.5480,0.000278
_1061_,VSS,Metal1,274.6430,344.5880,0.000406
_1060_,VSS,Metal1,271.6830,297.5630,0.000280
_1059_,VSS,Metal1,283.5400,313.8335,0.000212
_1058_,VSS,Metal1,278.5630,313.9715,0.000227
_1057_,VSS,Metal1,268.9865,298.2800,0.000280
_1056_,VSS,Metal1,266.3100,290.4615,0.000099
_1055_,VSS,Metal1,291.4900,337.3850,0.000292
_1054_,VSS,Metal1,296.5500,321.0580,0.000389
_1053_,VSS,Metal1,277.8330,274.7450,0.000141
_1052_,VSS,Metal1,277.0375,274.0800,0.000141
_1051_,VSS,Metal1,278.0100,289.6980,0.000099
_1050_,VSS,Metal1,296.3475,282.5160,0.000197
_1049_,VSS,Metal1,297.6100,305.3780,0.000242
_1048_,VSS,Metal1,297.7700,290.5075,0.000092
_1047_,VSS,Metal1,291.5100,297.5380,0.000272
_1046_,VSS,Metal1,295.9900,336.7380,0.000282
_1045_,VSS,Metal1,273.1175,329.6000,0.000592
_1044_,VSS,Metal1,276.2665,321.8000,0.000421
_1043_,VSS,Metal1,271.4130,321.8000,0.000423
_1042_,VSS,Metal1,268.4265,321.0800,0.000423
_1041_,VSS,Metal1,257.9100,321.8215,0.000430
_1040_,VSS,Metal1,272.9700,336.7380,0.000312
_1039_,VSS,Metal1,294.8700,298.3015,0.000270
_1038_,VSS,Metal1,285.2900,337.5015,0.000298
_1037_,VSS,Metal1,272.9100,258.9860,0.000251
_1036_,VSS,Metal1,294.8500,289.8150,0.000092
_1035_,VSS,Metal1,310.6665,321.0005,0.000384
_1034_,VSS,Metal1,310.4900,321.8215,0.000384
_1033_,VSS,Metal1,316.0900,313.9815,0.000188
_1032_,VSS,Metal1,284.7500,274.6650,0.000135
_1031_,VSS,Metal1,298.7900,297.5380,0.000268
_1030_,VSS,Metal1,258.8275,243.3160,0.000391
_1029_,VSS,Metal1,256.8600,235.5075,0.000358
_1028_,VSS,Metal1,258.2400,227.7075,0.000127
_1027_,VSS,Metal1,265.3665,227.7050,0.000120
_1026_,VSS,Metal1,258.7730,219.8930,0.000070
_1025_,VSS,Metal1,252.6675,235.4760,0.000359
_1024_,VSS,Metal1,254.0025,227.6360,0.000131
_1023_,VSS,Metal1,247.3400,164.9750,0.000400
_1022_,VSS,Metal1,259.6650,219.1020,0.000070
_1021_,VSS,Metal1,295.5725,54.6035,0.000360
_1020_,VSS,Metal1,298.9325,47.3160,0.000416
_1019_,VSS,Metal1,304.5325,47.3160,0.000413
_1018_,VSS,Metal1,297.2525,46.7635,0.000418
_1017_,VSS,Metal1,298.0275,54.6035,0.000360
_1016_,VSS,Metal1,306.1200,63.0765,0.000366
_1015_,VSS,Metal1,297.7330,62.3600,0.000378
_1014_,VSS,Metal1,308.0185,55.2640,0.000327
_1013_,VSS,Metal1,291.3800,54.5450,0.000360
_1012_,VSS,Metal1,288.1625,70.2835,0.000277
_1011_,VSS,Metal1,306.6800,54.5230,0.000326
_1010_,VSS,Metal1,305.5225,70.2835,0.000271
_1009_,VSS,Metal1,290.2700,62.4535,0.000378
_1008_,VSS,Metal1,303.3930,62.3650,0.000369
_1007_,VSS,Metal1,306.6425,62.4435,0.000366
_1006_,VSS,Metal1,248.8775,156.5235,0.000649
_1005_,VSS,Metal1,257.9975,212.0000,0.000334
_1004_,VSS,Metal1,254.5625,219.7960,0.000070
_1003_,VSS,Metal1,254.9330,212.1190,0.000334
_1002_,VSS,Metal1,181.5730,251.3190,0.000265
_1001_,VSS,Metal1,182.2375,243.3160,0.000343
_1000_,VSS,Metal1,183.3575,242.7635,0.000343
_0999_,VSS,Metal1,181.6775,211.9560,0.000293
_0998_,VSS,Metal1,168.1330,212.1190,0.000289
_0997_,VSS,Metal1,185.7865,212.1190,0.000293
_0996_,VSS,Metal1,195.8925,305.4835,0.000256
_0995_,VSS,Metal1,234.7900,305.3325,0.000255
_0994_,VSS,Metal1,233.2700,298.3015,0.000300
_0993_,VSS,Metal1,198.6500,328.8525,0.000568
_0992_,VSS,Metal1,190.1500,321.0580,0.000430
_0991_,VSS,Metal1,199.1700,305.4935,0.000256
_0990_,VSS,Metal1,209.8500,313.1725,0.000229
_0989_,VSS,Metal1,206.9500,336.7380,0.000318
_0988_,VSS,Metal1,197.5300,297.4925,0.000307
_0987_,VSS,Metal1,191.2700,297.5380,0.000307
_0986_,VSS,Metal1,233.2700,297.5380,0.000300
_0985_,VSS,Metal1,211.9300,321.0580,0.000430
_0984_,VSS,Metal1,216.4100,313.2180,0.000229
_0983_,VSS,Metal1,191.2700,328.8980,0.000554
_0982_,VSS,Metal1,248.3300,298.3015,0.000293
_0981_,VSS,Metal1,246.6500,290.4615,0.000103
_0980_,VSS,Metal1,222.5700,328.8980,0.000589
_0979_,VSS,Metal1,202.4100,313.9815,0.000229
_0978_,VSS,Metal1,194.0700,290.4615,0.000110
_0977_,VSS,Metal1,197.4300,321.0580,0.000430
_0976_,VSS,Metal1,176.7100,297.5380,0.000323
_0975_,VSS,Metal1,194.6300,289.6980,0.000110
_0974_,VSS,Metal1,115.2525,203.5635,0.000368
_0973_,VSS,Metal1,119.3875,203.5635,0.000367
_0972_,VSS,Metal1,107.8425,204.1160,0.000383
_0971_,VSS,Metal1,96.0825,211.4035,0.000284
_0970_,VSS,Metal1,102.6700,204.1060,0.000395
_0969_,VSS,Metal1,112.6675,196.2760,0.000212
_0968_,VSS,Metal1,110.6425,204.1160,0.000375
_0967_,VSS,Metal1,114.1065,204.2790,0.000368
_0966_,VSS,Metal1,106.8600,219.2860,0.000163
_0965_,VSS,Metal1,99.3575,196.2760,0.000216
_0964_,VSS,Metal1,119.6400,219.1630,0.000140
_0963_,VSS,Metal1,130.0400,219.1165,0.000103
_0962_,VSS,Metal1,103.8375,196.2760,0.000212
_0961_,VSS,Metal1,120.1625,227.0835,0.000154
_0960_,VSS,Metal1,116.8500,227.0935,0.000154
_0959_,VSS,Metal1,131.3625,219.7960,0.000103
_0958_,VSS,Metal1,118.2865,211.3250,0.000290
_0957_,VSS,Metal1,99.3575,204.1160,0.000395
_0956_,VSS,Metal1,133.0425,204.1160,0.000359
_0955_,VSS,Metal1,129.0375,211.9560,0.000290
_0954_,VSS,Metal1,72.1665,164.9850,0.000375
_0953_,VSS,Metal1,41.9000,164.9375,0.000368
_0952_,VSS,Metal1,46.5530,164.9850,0.000373
_0951_,VSS,Metal1,34.2600,164.9375,0.000369
_0950_,VSS,Metal1,30.5625,164.9160,0.000368
_0949_,VSS,Metal1,68.5575,172.7560,0.000537
_0948_,VSS,Metal1,303.1100,30.9400,0.000202
_0947_,VSS,Metal1,310.1600,31.7105,0.000192
_0946_,VSS,Metal1,309.2275,38.9235,0.000266
_0945_,VSS,Metal1,301.0425,38.9235,0.000271
_0944_,VSS,Metal1,298.8025,31.6360,0.000216
_0943_,VSS,Metal1,308.3800,31.0525,0.000192
_0942_,VSS,Metal1,304.4775,38.8800,0.000267
_0941_,VSS,Metal1,314.3975,31.0835,0.000192
_0940_,VSS,Metal1,298.2425,31.0835,0.000216
_0939_,VSS,Metal1,165.1465,94.4530,0.000192
_0938_,VSS,Metal1,171.4330,86.5850,0.000280
_0937_,VSS,Metal1,164.5325,86.5160,0.000281
_0936_,VSS,Metal1,160.2400,78.7475,0.000281
_0935_,VSS,Metal1,186.6700,31.6260,0.000256
_0934_,VSS,Metal1,206.8300,23.2535,0.000166
_0933_,VSS,Metal1,184.9500,70.2015,0.000344
_0932_,VSS,Metal1,172.6700,46.7735,0.000468
_0931_,VSS,Metal1,177.7100,55.1460,0.000354
_0930_,VSS,Metal1,178.0925,71.0075,0.000344
_0929_,VSS,Metal1,194.6425,93.8035,0.000218
_0928_,VSS,Metal1,189.1465,93.6405,0.000218
_0927_,VSS,Metal1,174.3975,78.6760,0.000249
_0926_,VSS,Metal1,173.7075,70.2835,0.000345
_0925_,VSS,Metal1,175.3875,78.1235,0.000247
_0924_,VSS,Metal1,172.0530,77.9605,0.000250
_0923_,VSS,Metal1,362.1865,109.3205,0.000336
_0922_,VSS,Metal1,219.5730,47.4130,0.000464
_0921_,VSS,Metal1,215.9225,47.3160,0.000464
_0920_,VSS,Metal1,194.4465,125.0850,0.000290
_0919_,VSS,Metal1,216.3975,164.9160,0.000371
_0918_,VSS,Metal1,201.2775,133.5560,0.000077
_0917_,VSS,Metal1,232.0200,211.3450,0.000313
_0916_,VSS,Metal1,133.6600,259.0550,0.000244
_0915_,VSS,Metal1,224.9400,235.5350,0.000386
_0914_,VSS,Metal1,217.1000,219.8550,0.000075
_0913_,VSS,Metal1,329.1000,242.7050,0.000236
_0912_,VSS,Metal1,220.8200,196.3350,0.000212
_0911_,VSS,Metal1,229.4765,196.4165,0.000211
_0910_,VSS,Metal1,247.7000,78.0650,0.000240
_0909_,VSS,Metal1,257.9800,179.9850,0.000398
_0908_,VSS,Metal1,240.4200,140.7850,0.000237
_0907_,VSS,Metal1,302.5800,337.4550,0.000277
_0906_,VSS,Metal1,315.1000,321.7750,0.000384
_0905_,VSS,Metal1,293.2600,305.4250,0.000243
_0904_,VSS,Metal1,272.3400,313.9350,0.000227
_0903_,VSS,Metal1,284.8600,298.2550,0.000278
_0902_,VSS,Metal1,322.7400,306.0950,0.000209
_0901_,VSS,Metal1,293.2600,290.4150,0.000092
_0900_,VSS,Metal1,273.4600,321.1050,0.000422
_0899_,VSS,Metal1,309.3000,289.7450,0.000091
_0898_,VSS,Metal1,281.5000,321.7750,0.000405
_0897_,VSS,Metal1,266.7400,289.7450,0.000099
_0896_,VSS,Metal1,254.0600,250.5450,0.000270
_0895_,VSS,Metal1,274.2200,188.4950,0.000393
_0894_,VSS,Metal1,283.7400,203.5050,0.000320
_0893_,VSS,Metal1,288.7800,70.8950,0.000277
_0892_,VSS,Metal1,250.1400,141.4550,0.000232
_0891_,VSS,Metal1,258.5400,188.4950,0.000395
_0890_,VSS,Metal1,290.4600,242.7050,0.000391
_0889_,VSS,Metal1,249.3800,227.6950,0.000134
_0888_,VSS,Metal1,261.1400,227.0250,0.000123
_0887_,VSS,Metal1,242.6600,16.0150,0.000106
_0886_,VSS,Metal1,274.0200,352.4650,0.000257
_0885_,VSS,Metal1,257.9800,298.2550,0.000293
_0884_,VSS,Metal1,256.1000,313.9350,0.000227
_0883_,VSS,Metal1,226.0600,266.8950,0.000526
_0882_,VSS,Metal1,295.8600,360.3050,0.000135
_0881_,VSS,Metal1,237.6200,313.2650,0.000228
_0880_,VSS,Metal1,271.4200,344.6250,0.000407
_0879_,VSS,Metal1,257.9800,329.6150,0.000592
_0878_,VSS,Metal1,296.0600,344.6250,0.000407
_0877_,VSS,Metal1,162.5800,243.3750,0.000313
_0876_,VSS,Metal1,54.7000,281.9050,0.000310
_0875_,VSS,Metal1,198.4200,195.6650,0.000211
_0874_,VSS,Metal1,179.0200,211.3450,0.000288
_0873_,VSS,Metal1,170.6200,196.3350,0.000189
_0872_,VSS,Metal1,148.7800,212.0150,0.000289
_0871_,VSS,Metal1,142.4200,204.1750,0.000347
_0870_,VSS,Metal1,65.3400,172.1450,0.000527
_0869_,VSS,Metal1,313.4200,38.8650,0.000254
_0868_,VSS,Metal1,329.1000,31.0250,0.000182
_0867_,VSS,Metal1,157.1800,94.4150,0.000199
_0866_,VSS,Metal1,186.3000,86.5750,0.000284
_0865_,VSS,Metal1,170.9800,70.2250,0.000361
_0864_,VSS,Metal1,177.9000,70.2250,0.000343
_0863_,VSS,Metal1,386.7800,86.5750,0.000297
_0862_,VSS,Metal1,196.9400,117.2650,0.000427
_0861_,VSS,Metal1,221.5800,164.9750,0.000371
_0860_,VSS,Metal1,206.4600,140.7850,0.000242
_0859_,VSS,Metal1,70.1800,172.8150,0.000537
_0858_,VSS,Metal1,37.9000,157.1350,0.000541
