+ define_corners max_ss_125C_4v50
Reading timing models for corner max_ss_125C_4v50…
Reading cell library for the 'max_ss_125C_4v50' corner at '/home/sahana/.ciel/gf180mcuD/libs.ref/gf180mcu_fd_sc_mcu7t5v0/lib/gf180mcu_fd_sc_mcu7t5v0__ss_125C_4v50.lib'…
Reading top-level netlist at '/home/sahana/core5_udma/hardening/uart_tx/runs/RUN_2026-07-25_16-50-47/52-openroad-fillinsertion/udma_uart_tx.nl.v'…
Linking design 'udma_uart_tx' from netlist…
Reading design constraints file at '/nix/store/ffl2vg3m80k0p74pyffnmai83fnv38mf-python3-3.13.9-env/lib/python3.13/site-packages/librelane/scripts/base.sdc'…
[INFO] Using clock clk_i…
[INFO] Setting output delay to: 4
[INFO] Setting input delay to: 4
[INFO] Setting load to: 0.07291
[INFO] Setting clock uncertainty to: 0.25
[INFO] Setting clock transition to: 0.1499999999999999944488848768742172978818416595458984375
[INFO] Setting timing derate to: 5%
Reading top-level design parasitics for the 'max_ss_125C_4v50' corner at '/home/sahana/core5_udma/hardening/uart_tx/runs/RUN_2026-07-25_16-50-47/54-openroad-rcx/max/udma_uart_tx.max.spef'…
%OL_CREATE_REPORT min.rpt

===========================================================================
report_checks -path_delay min (Hold)
============================================================================
======================= max_ss_125C_4v50 Corner ===================================

Startpoint: _291_ (rising edge-triggered flip-flop clocked by clk_i)
Endpoint: _291_ (rising edge-triggered flip-flop clocked by clk_i)
Path Group: clk_i
Path Type: min

Fanout         Cap        Slew       Delay        Time   Description
---------------------------------------------------------------------------------------------
                                  0.000000    0.000000   clock clk_i (rise edge)
                                  0.000000    0.000000   clock source latency
     1    0.036259    0.309013    0.147338    0.147338 ^ clk_i (in)
                                                         clk_i (net)
                      0.309017    0.000000    0.147338 ^ clkbuf_0_clk_i/I (gf180mcu_fd_sc_mcu7t5v0__clkbuf_16)
     4    0.098105    0.277298    0.525363    0.672701 ^ clkbuf_0_clk_i/Z (gf180mcu_fd_sc_mcu7t5v0__clkbuf_16)
                                                         clknet_0_clk_i (net)
                      0.277298    0.001106    0.673807 ^ clkbuf_2_1__f_clk_i/I (gf180mcu_fd_sc_mcu7t5v0__clkbuf_16)
     8    0.043398    0.195047    0.453583    1.127390 ^ clkbuf_2_1__f_clk_i/Z (gf180mcu_fd_sc_mcu7t5v0__clkbuf_16)
                                                         clknet_2_1__leaf_clk_i (net)
                      0.195050    0.001502    1.128892 ^ _291_/CLK (gf180mcu_fd_sc_mcu7t5v0__dffrnq_1)
     2    0.015399    0.348640    1.415982    2.544874 v _291_/Q (gf180mcu_fd_sc_mcu7t5v0__dffrnq_1)
                                                         _017_ (net)
                      0.348640    0.000251    2.545125 v _144_/I (gf180mcu_fd_sc_mcu7t5v0__clkinv_1)
     2    0.010546    0.385382    0.321301    2.866426 ^ _144_/ZN (gf180mcu_fd_sc_mcu7t5v0__clkinv_1)
                                                         _037_ (net)
                      0.385382    0.000127    2.866553 ^ _274_/A1 (gf180mcu_fd_sc_mcu7t5v0__oai22_1)
     1    0.005068    0.239623    0.207006    3.073559 v _274_/ZN (gf180mcu_fd_sc_mcu7t5v0__oai22_1)
                                                         _031_ (net)
                      0.239623    0.000102    3.073661 v _291_/D (gf180mcu_fd_sc_mcu7t5v0__dffrnq_1)
                                              3.073661   data arrival time

                                  0.000000    0.000000   clock clk_i (rise edge)
                                  0.000000    0.000000   clock source latency
     1    0.036259    0.309013    0.147338    0.147338 ^ clk_i (in)
                                                         clk_i (net)
                      0.309017    0.000000    0.147338 ^ clkbuf_0_clk_i/I (gf180mcu_fd_sc_mcu7t5v0__clkbuf_16)
     4    0.098105    0.277298    0.525363    0.672701 ^ clkbuf_0_clk_i/Z (gf180mcu_fd_sc_mcu7t5v0__clkbuf_16)
                                                         clknet_0_clk_i (net)
                      0.277298    0.001106    0.673807 ^ clkbuf_2_1__f_clk_i/I (gf180mcu_fd_sc_mcu7t5v0__clkbuf_16)
     8    0.043398    0.195047    0.453583    1.127390 ^ clkbuf_2_1__f_clk_i/Z (gf180mcu_fd_sc_mcu7t5v0__clkbuf_16)
                                                         clknet_2_1__leaf_clk_i (net)
                      0.195050    0.001502    1.128892 ^ _291_/CLK (gf180mcu_fd_sc_mcu7t5v0__dffrnq_1)
                                  0.250000    1.378892   clock uncertainty
                                  0.000000    1.378892   clock reconvergence pessimism
                                  0.212994    1.591886   library hold time
                                              1.591886   data required time
---------------------------------------------------------------------------------------------
                                              1.591886   data required time
                                             -3.073661   data arrival time
---------------------------------------------------------------------------------------------
                                              1.481775   slack (MET)


Startpoint: _290_ (rising edge-triggered flip-flop clocked by clk_i)
Endpoint: _290_ (rising edge-triggered flip-flop clocked by clk_i)
Path Group: clk_i
Path Type: min

Fanout         Cap        Slew       Delay        Time   Description
---------------------------------------------------------------------------------------------
                                  0.000000    0.000000   clock clk_i (rise edge)
                                  0.000000    0.000000   clock source latency
     1    0.036259    0.309013    0.147338    0.147338 ^ clk_i (in)
                                                         clk_i (net)
                      0.309017    0.000000    0.147338 ^ clkbuf_0_clk_i/I (gf180mcu_fd_sc_mcu7t5v0__clkbuf_16)
     4    0.098105    0.277298    0.525363    0.672701 ^ clkbuf_0_clk_i/Z (gf180mcu_fd_sc_mcu7t5v0__clkbuf_16)
                                                         clknet_0_clk_i (net)
                      0.277298    0.001106    0.673807 ^ clkbuf_2_1__f_clk_i/I (gf180mcu_fd_sc_mcu7t5v0__clkbuf_16)
     8    0.043398    0.195047    0.453583    1.127390 ^ clkbuf_2_1__f_clk_i/Z (gf180mcu_fd_sc_mcu7t5v0__clkbuf_16)
                                                         clknet_2_1__leaf_clk_i (net)
                      0.195050    0.001518    1.128908 ^ _290_/CLK (gf180mcu_fd_sc_mcu7t5v0__dffrnq_1)
     3    0.021033    0.429140    1.478907    2.607816 v _290_/Q (gf180mcu_fd_sc_mcu7t5v0__dffrnq_1)
                                                         reg_bit_count[1] (net)
                      0.429140    0.000201    2.608016 v _143_/I (gf180mcu_fd_sc_mcu7t5v0__clkinv_1)
     2    0.013170    0.461546    0.386696    2.994713 ^ _143_/ZN (gf180mcu_fd_sc_mcu7t5v0__clkinv_1)
                                                         _036_ (net)
                      0.461546    0.000233    2.994946 ^ _272_/A1 (gf180mcu_fd_sc_mcu7t5v0__aoi21_1)
     1    0.004430    0.255979    0.235025    3.229971 v _272_/ZN (gf180mcu_fd_sc_mcu7t5v0__aoi21_1)
                                                         _030_ (net)
                      0.255979    0.000085    3.230057 v _290_/D (gf180mcu_fd_sc_mcu7t5v0__dffrnq_1)
                                              3.230057   data arrival time

                                  0.000000    0.000000   clock clk_i (rise edge)
                                  0.000000    0.000000   clock source latency
     1    0.036259    0.309013    0.147338    0.147338 ^ clk_i (in)
                                                         clk_i (net)
                      0.309017    0.000000    0.147338 ^ clkbuf_0_clk_i/I (gf180mcu_fd_sc_mcu7t5v0__clkbuf_16)
     4    0.098105    0.277298    0.525363    0.672701 ^ clkbuf_0_clk_i/Z (gf180mcu_fd_sc_mcu7t5v0__clkbuf_16)
                                                         clknet_0_clk_i (net)
                      0.277298    0.001106    0.673807 ^ clkbuf_2_1__f_clk_i/I (gf180mcu_fd_sc_mcu7t5v0__clkbuf_16)
     8    0.043398    0.195047    0.453583    1.127390 ^ clkbuf_2_1__f_clk_i/Z (gf180mcu_fd_sc_mcu7t5v0__clkbuf_16)
                                                         clknet_2_1__leaf_clk_i (net)
                      0.195050    0.001518    1.128908 ^ _290_/CLK (gf180mcu_fd_sc_mcu7t5v0__dffrnq_1)
                                  0.250000    1.378908   clock uncertainty
                                  0.000000    1.378908   clock reconvergence pessimism
                                  0.209385    1.588293   library hold time
                                              1.588293   data required time
---------------------------------------------------------------------------------------------
                                              1.588293   data required time
                                             -3.230057   data arrival time
---------------------------------------------------------------------------------------------
                                              1.641764   slack (MET)


Startpoint: _308_ (rising edge-triggered flip-flop clocked by clk_i)
Endpoint: _308_ (rising edge-triggered flip-flop clocked by clk_i)
Path Group: clk_i
Path Type: min

Fanout         Cap        Slew       Delay        Time   Description
---------------------------------------------------------------------------------------------
                                  0.000000    0.000000   clock clk_i (rise edge)
                                  0.000000    0.000000   clock source latency
     1    0.036259    0.309013    0.147338    0.147338 ^ clk_i (in)
                                                         clk_i (net)
                      0.309017    0.000000    0.147338 ^ clkbuf_0_clk_i/I (gf180mcu_fd_sc_mcu7t5v0__clkbuf_16)
     4    0.098105    0.277298    0.525363    0.672701 ^ clkbuf_0_clk_i/Z (gf180mcu_fd_sc_mcu7t5v0__clkbuf_16)
                                                         clknet_0_clk_i (net)
                      0.277298    0.001075    0.673776 ^ clkbuf_2_3__f_clk_i/I (gf180mcu_fd_sc_mcu7t5v0__clkbuf_16)
     9    0.046731    0.200080    0.457702    1.131478 ^ clkbuf_2_3__f_clk_i/Z (gf180mcu_fd_sc_mcu7t5v0__clkbuf_16)
                                                         clknet_2_3__leaf_clk_i (net)
                      0.200080    0.000484    1.131962 ^ _308_/CLK (gf180mcu_fd_sc_mcu7t5v0__dffrnq_1)
     3    0.020420    0.420283    1.473670    2.605632 v _308_/Q (gf180mcu_fd_sc_mcu7t5v0__dffrnq_1)
                                                         baud_cnt[15] (net)
                      0.420283    0.000299    2.605931 v _218_/B (gf180mcu_fd_sc_mcu7t5v0__aoi21_1)
     1    0.005413    0.475970    0.411925    3.017856 ^ _218_/ZN (gf180mcu_fd_sc_mcu7t5v0__aoi21_1)
                                                         _093_ (net)
                      0.475970    0.000107    3.017963 ^ _220_/A2 (gf180mcu_fd_sc_mcu7t5v0__nor3_1)
     1    0.003973    0.334935    0.309451    3.327414 v _220_/ZN (gf180mcu_fd_sc_mcu7t5v0__nor3_1)
                                                         _006_ (net)
                      0.334935    0.000042    3.327456 v _308_/D (gf180mcu_fd_sc_mcu7t5v0__dffrnq_1)
                                              3.327456   data arrival time

                                  0.000000    0.000000   clock clk_i (rise edge)
                                  0.000000    0.000000   clock source latency
     1    0.036259    0.309013    0.147338    0.147338 ^ clk_i (in)
                                                         clk_i (net)
                      0.309017    0.000000    0.147338 ^ clkbuf_0_clk_i/I (gf180mcu_fd_sc_mcu7t5v0__clkbuf_16)
     4    0.098105    0.277298    0.525363    0.672701 ^ clkbuf_0_clk_i/Z (gf180mcu_fd_sc_mcu7t5v0__clkbuf_16)
                                                         clknet_0_clk_i (net)
                      0.277298    0.001075    0.673776 ^ clkbuf_2_3__f_clk_i/I (gf180mcu_fd_sc_mcu7t5v0__clkbuf_16)
     9    0.046731    0.200080    0.457702    1.131478 ^ clkbuf_2_3__f_clk_i/Z (gf180mcu_fd_sc_mcu7t5v0__clkbuf_16)
                                                         clknet_2_3__leaf_clk_i (net)
                      0.200080    0.000484    1.131962 ^ _308_/CLK (gf180mcu_fd_sc_mcu7t5v0__dffrnq_1)
                                  0.250000    1.381962   clock uncertainty
                                  0.000000    1.381962   clock reconvergence pessimism
                                  0.193019    1.574981   library hold time
                                              1.574981   data required time
---------------------------------------------------------------------------------------------
                                              1.574981   data required time
                                             -3.327456   data arrival time
---------------------------------------------------------------------------------------------
                                              1.752475   slack (MET)


Startpoint: _292_ (rising edge-triggered flip-flop clocked by clk_i)
Endpoint: _292_ (rising edge-triggered flip-flop clocked by clk_i)
Path Group: clk_i
Path Type: min

Fanout         Cap        Slew       Delay        Time   Description
---------------------------------------------------------------------------------------------
                                  0.000000    0.000000   clock clk_i (rise edge)
                                  0.000000    0.000000   clock source latency
     1    0.036259    0.309013    0.147338    0.147338 ^ clk_i (in)
                                                         clk_i (net)
                      0.309017    0.000000    0.147338 ^ clkbuf_0_clk_i/I (gf180mcu_fd_sc_mcu7t5v0__clkbuf_16)
     4    0.098105    0.277298    0.525363    0.672701 ^ clkbuf_0_clk_i/Z (gf180mcu_fd_sc_mcu7t5v0__clkbuf_16)
                                                         clknet_0_clk_i (net)
                      0.277298    0.001106    0.673807 ^ clkbuf_2_1__f_clk_i/I (gf180mcu_fd_sc_mcu7t5v0__clkbuf_16)
     8    0.043398    0.195047    0.453583    1.127390 ^ clkbuf_2_1__f_clk_i/Z (gf180mcu_fd_sc_mcu7t5v0__clkbuf_16)
                                                         clknet_2_1__leaf_clk_i (net)
                      0.195047    0.000556    1.127946 ^ _292_/CLK (gf180mcu_fd_sc_mcu7t5v0__dffrnq_1)
     3    0.019233    0.676027    1.939684    3.067630 ^ _292_/Q (gf180mcu_fd_sc_mcu7t5v0__dffrnq_1)
                                                         parity_bit (net)
                      0.676027    0.000267    3.067897 ^ _277_/A1 (gf180mcu_fd_sc_mcu7t5v0__oai21_1)
     1    0.004765    0.317322    0.265129    3.333026 v _277_/ZN (gf180mcu_fd_sc_mcu7t5v0__oai21_1)
                                                         _032_ (net)
                      0.317322    0.000098    3.333123 v _292_/D (gf180mcu_fd_sc_mcu7t5v0__dffrnq_1)
                                              3.333123   data arrival time

                                  0.000000    0.000000   clock clk_i (rise edge)
                                  0.000000    0.000000   clock source latency
     1    0.036259    0.309013    0.147338    0.147338 ^ clk_i (in)
                                                         clk_i (net)
                      0.309017    0.000000    0.147338 ^ clkbuf_0_clk_i/I (gf180mcu_fd_sc_mcu7t5v0__clkbuf_16)
     4    0.098105    0.277298    0.525363    0.672701 ^ clkbuf_0_clk_i/Z (gf180mcu_fd_sc_mcu7t5v0__clkbuf_16)
                                                         clknet_0_clk_i (net)
                      0.277298    0.001106    0.673807 ^ clkbuf_2_1__f_clk_i/I (gf180mcu_fd_sc_mcu7t5v0__clkbuf_16)
     8    0.043398    0.195047    0.453583    1.127390 ^ clkbuf_2_1__f_clk_i/Z (gf180mcu_fd_sc_mcu7t5v0__clkbuf_16)
                                                         clknet_2_1__leaf_clk_i (net)
                      0.195047    0.000556    1.127946 ^ _292_/CLK (gf180mcu_fd_sc_mcu7t5v0__dffrnq_1)
                                  0.250000    1.377946   clock uncertainty
                                  0.000000    1.377946   clock reconvergence pessimism
                                  0.195848    1.573795   library hold time
                                              1.573795   data required time
---------------------------------------------------------------------------------------------
                                              1.573795   data required time
                                             -3.333123   data arrival time
---------------------------------------------------------------------------------------------
                                              1.759329   slack (MET)


Startpoint: _295_ (rising edge-triggered flip-flop clocked by clk_i)
Endpoint: _295_ (rising edge-triggered flip-flop clocked by clk_i)
Path Group: clk_i
Path Type: min

Fanout         Cap        Slew       Delay        Time   Description
---------------------------------------------------------------------------------------------
                                  0.000000    0.000000   clock clk_i (rise edge)
                                  0.000000    0.000000   clock source latency
     1    0.036259    0.309013    0.147338    0.147338 ^ clk_i (in)
                                                         clk_i (net)
                      0.309017    0.000000    0.147338 ^ clkbuf_0_clk_i/I (gf180mcu_fd_sc_mcu7t5v0__clkbuf_16)
     4    0.098105    0.277298    0.525363    0.672701 ^ clkbuf_0_clk_i/Z (gf180mcu_fd_sc_mcu7t5v0__clkbuf_16)
                                                         clknet_0_clk_i (net)
                      0.277298    0.001091    0.673792 ^ clkbuf_2_2__f_clk_i/I (gf180mcu_fd_sc_mcu7t5v0__clkbuf_16)
     9    0.056159    0.214209    0.468739    1.142532 ^ clkbuf_2_2__f_clk_i/Z (gf180mcu_fd_sc_mcu7t5v0__clkbuf_16)
                                                         clknet_2_2__leaf_clk_i (net)
                      0.214210    0.000641    1.143172 ^ _295_/CLK (gf180mcu_fd_sc_mcu7t5v0__dffrnq_1)
     4    0.023111    0.458808    1.503928    2.647100 v _295_/Q (gf180mcu_fd_sc_mcu7t5v0__dffrnq_1)
                                                         baud_cnt[2] (net)
                      0.458808    0.000421    2.647521 v _181_/B (gf180mcu_fd_sc_mcu7t5v0__aoi21_1)
     1    0.004647    0.456434    0.401997    3.049518 ^ _181_/ZN (gf180mcu_fd_sc_mcu7t5v0__aoi21_1)
                                                         _069_ (net)
                      0.456434    0.000048    3.049566 ^ _182_/A3 (gf180mcu_fd_sc_mcu7t5v0__nor3_1)
     1    0.003651    0.349695    0.320525    3.370091 v _182_/ZN (gf180mcu_fd_sc_mcu7t5v0__nor3_1)
                                                         _008_ (net)
                      0.349695    0.000036    3.370127 v _295_/D (gf180mcu_fd_sc_mcu7t5v0__dffrnq_1)
                                              3.370127   data arrival time

                                  0.000000    0.000000   clock clk_i (rise edge)
                                  0.000000    0.000000   clock source latency
     1    0.036259    0.309013    0.147338    0.147338 ^ clk_i (in)
                                                         clk_i (net)
                      0.309017    0.000000    0.147338 ^ clkbuf_0_clk_i/I (gf180mcu_fd_sc_mcu7t5v0__clkbuf_16)
     4    0.098105    0.277298    0.525363    0.672701 ^ clkbuf_0_clk_i/Z (gf180mcu_fd_sc_mcu7t5v0__clkbuf_16)
                                                         clknet_0_clk_i (net)
                      0.277298    0.001091    0.673792 ^ clkbuf_2_2__f_clk_i/I (gf180mcu_fd_sc_mcu7t5v0__clkbuf_16)
     9    0.056159    0.214209    0.468739    1.142532 ^ clkbuf_2_2__f_clk_i/Z (gf180mcu_fd_sc_mcu7t5v0__clkbuf_16)
                                                         clknet_2_2__leaf_clk_i (net)
                      0.214210    0.000641    1.143172 ^ _295_/CLK (gf180mcu_fd_sc_mcu7t5v0__dffrnq_1)
                                  0.250000    1.393172   clock uncertainty
                                  0.000000    1.393172   clock reconvergence pessimism
                                  0.192755    1.585927   library hold time
                                              1.585927   data required time
---------------------------------------------------------------------------------------------
                                              1.585927   data required time
                                             -3.370127   data arrival time
---------------------------------------------------------------------------------------------
                                              1.784200   slack (MET)


Startpoint: _298_ (rising edge-triggered flip-flop clocked by clk_i)
Endpoint: _298_ (rising edge-triggered flip-flop clocked by clk_i)
Path Group: clk_i
Path Type: min

Fanout         Cap        Slew       Delay        Time   Description
---------------------------------------------------------------------------------------------
                                  0.000000    0.000000   clock clk_i (rise edge)
                                  0.000000    0.000000   clock source latency
     1    0.036259    0.309013    0.147338    0.147338 ^ clk_i (in)
                                                         clk_i (net)
                      0.309017    0.000000    0.147338 ^ clkbuf_0_clk_i/I (gf180mcu_fd_sc_mcu7t5v0__clkbuf_16)
     4    0.098105    0.277298    0.525363    0.672701 ^ clkbuf_0_clk_i/Z (gf180mcu_fd_sc_mcu7t5v0__clkbuf_16)
                                                         clknet_0_clk_i (net)
                      0.277298    0.000846    0.673547 ^ clkbuf_2_0__f_clk_i/I (gf180mcu_fd_sc_mcu7t5v0__clkbuf_16)
     8    0.042636    0.193915    0.452769    1.126316 ^ clkbuf_2_0__f_clk_i/Z (gf180mcu_fd_sc_mcu7t5v0__clkbuf_16)
                                                         clknet_2_0__leaf_clk_i (net)
                      0.193916    0.001003    1.127319 ^ _298_/CLK (gf180mcu_fd_sc_mcu7t5v0__dffrnq_1)
     3    0.020863    0.426648    1.476797    2.604116 v _298_/Q (gf180mcu_fd_sc_mcu7t5v0__dffrnq_1)
                                                         baud_cnt[5] (net)
                      0.426648    0.000353    2.604469 v _191_/B (gf180mcu_fd_sc_mcu7t5v0__aoi21_1)
     1    0.004531    0.448763    0.392269    2.996738 ^ _191_/ZN (gf180mcu_fd_sc_mcu7t5v0__aoi21_1)
                                                         _076_ (net)
                      0.448763    0.000045    2.996784 ^ _192_/A3 (gf180mcu_fd_sc_mcu7t5v0__nor3_1)
     1    0.005522    0.407348    0.354699    3.351482 v _192_/ZN (gf180mcu_fd_sc_mcu7t5v0__nor3_1)
                                                         _011_ (net)
                      0.407348    0.000119    3.351601 v _298_/D (gf180mcu_fd_sc_mcu7t5v0__dffrnq_1)
                                              3.351601   data arrival time

                                  0.000000    0.000000   clock clk_i (rise edge)
                                  0.000000    0.000000   clock source latency
     1    0.036259    0.309013    0.147338    0.147338 ^ clk_i (in)
                                                         clk_i (net)
                      0.309017    0.000000    0.147338 ^ clkbuf_0_clk_i/I (gf180mcu_fd_sc_mcu7t5v0__clkbuf_16)
     4    0.098105    0.277298    0.525363    0.672701 ^ clkbuf_0_clk_i/Z (gf180mcu_fd_sc_mcu7t5v0__clkbuf_16)
                                                         clknet_0_clk_i (net)
                      0.277298    0.000846    0.673547 ^ clkbuf_2_0__f_clk_i/I (gf180mcu_fd_sc_mcu7t5v0__clkbuf_16)
     8    0.042636    0.193915    0.452769    1.126316 ^ clkbuf_2_0__f_clk_i/Z (gf180mcu_fd_sc_mcu7t5v0__clkbuf_16)
                                                         clknet_2_0__leaf_clk_i (net)
                      0.193916    0.001003    1.127319 ^ _298_/CLK (gf180mcu_fd_sc_mcu7t5v0__dffrnq_1)
                                  0.250000    1.377319   clock uncertainty
                                  0.000000    1.377319   clock reconvergence pessimism
                                  0.175739    1.553058   library hold time
                                              1.553058   data required time
---------------------------------------------------------------------------------------------
                                              1.553058   data required time
                                             -3.351601   data arrival time
---------------------------------------------------------------------------------------------
                                              1.798543   slack (MET)


Startpoint: _300_ (rising edge-triggered flip-flop clocked by clk_i)
Endpoint: _300_ (rising edge-triggered flip-flop clocked by clk_i)
Path Group: clk_i
Path Type: min

Fanout         Cap        Slew       Delay        Time   Description
---------------------------------------------------------------------------------------------
                                  0.000000    0.000000   clock clk_i (rise edge)
                                  0.000000    0.000000   clock source latency
     1    0.036259    0.309013    0.147338    0.147338 ^ clk_i (in)
                                                         clk_i (net)
                      0.309017    0.000000    0.147338 ^ clkbuf_0_clk_i/I (gf180mcu_fd_sc_mcu7t5v0__clkbuf_16)
     4    0.098105    0.277298    0.525363    0.672701 ^ clkbuf_0_clk_i/Z (gf180mcu_fd_sc_mcu7t5v0__clkbuf_16)
                                                         clknet_0_clk_i (net)
                      0.277298    0.001091    0.673792 ^ clkbuf_2_2__f_clk_i/I (gf180mcu_fd_sc_mcu7t5v0__clkbuf_16)
     9    0.056159    0.214209    0.468739    1.142532 ^ clkbuf_2_2__f_clk_i/Z (gf180mcu_fd_sc_mcu7t5v0__clkbuf_16)
                                                         clknet_2_2__leaf_clk_i (net)
                      0.214210    0.000430    1.142961 ^ _300_/CLK (gf180mcu_fd_sc_mcu7t5v0__dffrnq_1)
     3    0.020247    0.417810    1.475110    2.618072 v _300_/Q (gf180mcu_fd_sc_mcu7t5v0__dffrnq_1)
                                                         baud_cnt[7] (net)
                      0.417810    0.000298    2.618369 v _197_/B (gf180mcu_fd_sc_mcu7t5v0__aoi21_1)
     1    0.006342    0.509518    0.433220    3.051589 ^ _197_/ZN (gf180mcu_fd_sc_mcu7t5v0__aoi21_1)
                                                         _080_ (net)
                      0.509518    0.000130    3.051719 ^ _198_/A3 (gf180mcu_fd_sc_mcu7t5v0__nor3_1)
     1    0.003557    0.375038    0.330429    3.382149 v _198_/ZN (gf180mcu_fd_sc_mcu7t5v0__nor3_1)
                                                         _013_ (net)
                      0.375038    0.000035    3.382184 v _300_/D (gf180mcu_fd_sc_mcu7t5v0__dffrnq_1)
                                              3.382184   data arrival time

                                  0.000000    0.000000   clock clk_i (rise edge)
                                  0.000000    0.000000   clock source latency
     1    0.036259    0.309013    0.147338    0.147338 ^ clk_i (in)
                                                         clk_i (net)
                      0.309017    0.000000    0.147338 ^ clkbuf_0_clk_i/I (gf180mcu_fd_sc_mcu7t5v0__clkbuf_16)
     4    0.098105    0.277298    0.525363    0.672701 ^ clkbuf_0_clk_i/Z (gf180mcu_fd_sc_mcu7t5v0__clkbuf_16)
                                                         clknet_0_clk_i (net)
                      0.277298    0.001091    0.673792 ^ clkbuf_2_2__f_clk_i/I (gf180mcu_fd_sc_mcu7t5v0__clkbuf_16)
     9    0.056159    0.214209    0.468739    1.142532 ^ clkbuf_2_2__f_clk_i/Z (gf180mcu_fd_sc_mcu7t5v0__clkbuf_16)
                                                         clknet_2_2__leaf_clk_i (net)
                      0.214210    0.000430    1.142961 ^ _300_/CLK (gf180mcu_fd_sc_mcu7t5v0__dffrnq_1)
                                  0.250000    1.392961   clock uncertainty
                                  0.000000    1.392961   clock reconvergence pessimism
                                  0.187207    1.580168   library hold time
                                              1.580168   data required time
---------------------------------------------------------------------------------------------
                                              1.580168   data required time
                                             -3.382184   data arrival time
---------------------------------------------------------------------------------------------
                                              1.802015   slack (MET)


Startpoint: _304_ (rising edge-triggered flip-flop clocked by clk_i)
Endpoint: _304_ (rising edge-triggered flip-flop clocked by clk_i)
Path Group: clk_i
Path Type: min

Fanout         Cap        Slew       Delay        Time   Description
---------------------------------------------------------------------------------------------
                                  0.000000    0.000000   clock clk_i (rise edge)
                                  0.000000    0.000000   clock source latency
     1    0.036259    0.309013    0.147338    0.147338 ^ clk_i (in)
                                                         clk_i (net)
                      0.309017    0.000000    0.147338 ^ clkbuf_0_clk_i/I (gf180mcu_fd_sc_mcu7t5v0__clkbuf_16)
     4    0.098105    0.277298    0.525363    0.672701 ^ clkbuf_0_clk_i/Z (gf180mcu_fd_sc_mcu7t5v0__clkbuf_16)
                                                         clknet_0_clk_i (net)
                      0.277298    0.001091    0.673792 ^ clkbuf_2_2__f_clk_i/I (gf180mcu_fd_sc_mcu7t5v0__clkbuf_16)
     9    0.056159    0.214209    0.468739    1.142532 ^ clkbuf_2_2__f_clk_i/Z (gf180mcu_fd_sc_mcu7t5v0__clkbuf_16)
                                                         clknet_2_2__leaf_clk_i (net)
                      0.214210    0.000834    1.143365 ^ _304_/CLK (gf180mcu_fd_sc_mcu7t5v0__dffrnq_1)
     3    0.022838    0.454977    1.501384    2.644749 v _304_/Q (gf180mcu_fd_sc_mcu7t5v0__dffrnq_1)
                                                         baud_cnt[11] (net)
                      0.454977    0.000136    2.644885 v _207_/B (gf180mcu_fd_sc_mcu7t5v0__aoi21_1)
     1    0.006269    0.510144    0.439465    3.084350 ^ _207_/ZN (gf180mcu_fd_sc_mcu7t5v0__aoi21_1)
                                                         _086_ (net)
                      0.510144    0.000129    3.084480 ^ _210_/A2 (gf180mcu_fd_sc_mcu7t5v0__nor3_1)
     1    0.004237    0.345321    0.321341    3.405821 v _210_/ZN (gf180mcu_fd_sc_mcu7t5v0__nor3_1)
                                                         _002_ (net)
                      0.345321    0.000081    3.405902 v _304_/D (gf180mcu_fd_sc_mcu7t5v0__dffrnq_1)
                                              3.405902   data arrival time

                                  0.000000    0.000000   clock clk_i (rise edge)
                                  0.000000    0.000000   clock source latency
     1    0.036259    0.309013    0.147338    0.147338 ^ clk_i (in)
                                                         clk_i (net)
                      0.309017    0.000000    0.147338 ^ clkbuf_0_clk_i/I (gf180mcu_fd_sc_mcu7t5v0__clkbuf_16)
     4    0.098105    0.277298    0.525363    0.672701 ^ clkbuf_0_clk_i/Z (gf180mcu_fd_sc_mcu7t5v0__clkbuf_16)
                                                         clknet_0_clk_i (net)
                      0.277298    0.001091    0.673792 ^ clkbuf_2_2__f_clk_i/I (gf180mcu_fd_sc_mcu7t5v0__clkbuf_16)
     9    0.056159    0.214209    0.468739    1.142532 ^ clkbuf_2_2__f_clk_i/Z (gf180mcu_fd_sc_mcu7t5v0__clkbuf_16)
                                                         clknet_2_2__leaf_clk_i (net)
                      0.214210    0.000834    1.143365 ^ _304_/CLK (gf180mcu_fd_sc_mcu7t5v0__dffrnq_1)
                                  0.250000    1.393366   clock uncertainty
                                  0.000000    1.393366   clock reconvergence pessimism
                                  0.193712    1.587078   library hold time
                                              1.587078   data required time
---------------------------------------------------------------------------------------------
                                              1.587078   data required time
                                             -3.405902   data arrival time
---------------------------------------------------------------------------------------------
                                              1.818824   slack (MET)


Startpoint: _306_ (rising edge-triggered flip-flop clocked by clk_i)
Endpoint: _306_ (rising edge-triggered flip-flop clocked by clk_i)
Path Group: clk_i
Path Type: min

Fanout         Cap        Slew       Delay        Time   Description
---------------------------------------------------------------------------------------------
                                  0.000000    0.000000   clock clk_i (rise edge)
                                  0.000000    0.000000   clock source latency
     1    0.036259    0.309013    0.147338    0.147338 ^ clk_i (in)
                                                         clk_i (net)
                      0.309017    0.000000    0.147338 ^ clkbuf_0_clk_i/I (gf180mcu_fd_sc_mcu7t5v0__clkbuf_16)
     4    0.098105    0.277298    0.525363    0.672701 ^ clkbuf_0_clk_i/Z (gf180mcu_fd_sc_mcu7t5v0__clkbuf_16)
                                                         clknet_0_clk_i (net)
                      0.277298    0.001075    0.673776 ^ clkbuf_2_3__f_clk_i/I (gf180mcu_fd_sc_mcu7t5v0__clkbuf_16)
     9    0.046731    0.200080    0.457702    1.131478 ^ clkbuf_2_3__f_clk_i/Z (gf180mcu_fd_sc_mcu7t5v0__clkbuf_16)
                                                         clknet_2_3__leaf_clk_i (net)
                      0.200080    0.000430    1.131908 ^ _306_/CLK (gf180mcu_fd_sc_mcu7t5v0__dffrnq_1)
     3    0.018039    0.385475    1.447276    2.579185 v _306_/Q (gf180mcu_fd_sc_mcu7t5v0__dffrnq_1)
                                                         baud_cnt[13] (net)
                      0.385475    0.000143    2.579327 v _213_/B (gf180mcu_fd_sc_mcu7t5v0__aoi21_1)
     1    0.007559    0.551510    0.454853    3.034180 ^ _213_/ZN (gf180mcu_fd_sc_mcu7t5v0__aoi21_1)
                                                         _090_ (net)
                      0.551510    0.000171    3.034351 ^ _215_/A2 (gf180mcu_fd_sc_mcu7t5v0__nor3_1)
     1    0.005625    0.382244    0.356729    3.391080 v _215_/ZN (gf180mcu_fd_sc_mcu7t5v0__nor3_1)
                                                         _004_ (net)
                      0.382244    0.000119    3.391199 v _306_/D (gf180mcu_fd_sc_mcu7t5v0__dffrnq_1)
                                              3.391199   data arrival time

                                  0.000000    0.000000   clock clk_i (rise edge)
                                  0.000000    0.000000   clock source latency
     1    0.036259    0.309013    0.147338    0.147338 ^ clk_i (in)
                                                         clk_i (net)
                      0.309017    0.000000    0.147338 ^ clkbuf_0_clk_i/I (gf180mcu_fd_sc_mcu7t5v0__clkbuf_16)
     4    0.098105    0.277298    0.525363    0.672701 ^ clkbuf_0_clk_i/Z (gf180mcu_fd_sc_mcu7t5v0__clkbuf_16)
                                                         clknet_0_clk_i (net)
                      0.277298    0.001075    0.673776 ^ clkbuf_2_3__f_clk_i/I (gf180mcu_fd_sc_mcu7t5v0__clkbuf_16)
     9    0.046731    0.200080    0.457702    1.131478 ^ clkbuf_2_3__f_clk_i/Z (gf180mcu_fd_sc_mcu7t5v0__clkbuf_16)
                                                         clknet_2_3__leaf_clk_i (net)
                      0.200080    0.000430    1.131908 ^ _306_/CLK (gf180mcu_fd_sc_mcu7t5v0__dffrnq_1)
                                  0.250000    1.381908   clock uncertainty
                                  0.000000    1.381908   clock reconvergence pessimism
                                  0.182602    1.564510   library hold time
                                              1.564510   data required time
---------------------------------------------------------------------------------------------
                                              1.564510   data required time
                                             -3.391199   data arrival time
---------------------------------------------------------------------------------------------
                                              1.826689   slack (MET)


Startpoint: _296_ (rising edge-triggered flip-flop clocked by clk_i)
Endpoint: _296_ (rising edge-triggered flip-flop clocked by clk_i)
Path Group: clk_i
Path Type: min

Fanout         Cap        Slew       Delay        Time   Description
---------------------------------------------------------------------------------------------
                                  0.000000    0.000000   clock clk_i (rise edge)
                                  0.000000    0.000000   clock source latency
     1    0.036259    0.309013    0.147338    0.147338 ^ clk_i (in)
                                                         clk_i (net)
                      0.309017    0.000000    0.147338 ^ clkbuf_0_clk_i/I (gf180mcu_fd_sc_mcu7t5v0__clkbuf_16)
     4    0.098105    0.277298    0.525363    0.672701 ^ clkbuf_0_clk_i/Z (gf180mcu_fd_sc_mcu7t5v0__clkbuf_16)
                                                         clknet_0_clk_i (net)
                      0.277298    0.000846    0.673547 ^ clkbuf_2_0__f_clk_i/I (gf180mcu_fd_sc_mcu7t5v0__clkbuf_16)
     8    0.042636    0.193915    0.452769    1.126316 ^ clkbuf_2_0__f_clk_i/Z (gf180mcu_fd_sc_mcu7t5v0__clkbuf_16)
                                                         clknet_2_0__leaf_clk_i (net)
                      0.193915    0.000593    1.126909 ^ _296_/CLK (gf180mcu_fd_sc_mcu7t5v0__dffrnq_1)
     4    0.025476    0.492916    1.523551    2.650460 v _296_/Q (gf180mcu_fd_sc_mcu7t5v0__dffrnq_1)
                                                         baud_cnt[3] (net)
                      0.492916    0.000407    2.650867 v _185_/A1 (gf180mcu_fd_sc_mcu7t5v0__nor2_1)
     1    0.004539    0.478865    0.400307    3.051174 ^ _185_/ZN (gf180mcu_fd_sc_mcu7t5v0__nor2_1)
                                                         _072_ (net)
                      0.478865    0.000044    3.051218 ^ _186_/A3 (gf180mcu_fd_sc_mcu7t5v0__nor3_1)
     1    0.004559    0.343619    0.342987    3.394205 v _186_/ZN (gf180mcu_fd_sc_mcu7t5v0__nor3_1)
                                                         _009_ (net)
                      0.343619    0.000053    3.394257 v _296_/D (gf180mcu_fd_sc_mcu7t5v0__dffrnq_1)
                                              3.394257   data arrival time

                                  0.000000    0.000000   clock clk_i (rise edge)
                                  0.000000    0.000000   clock source latency
     1    0.036259    0.309013    0.147338    0.147338 ^ clk_i (in)
                                                         clk_i (net)
                      0.309017    0.000000    0.147338 ^ clkbuf_0_clk_i/I (gf180mcu_fd_sc_mcu7t5v0__clkbuf_16)
     4    0.098105    0.277298    0.525363    0.672701 ^ clkbuf_0_clk_i/Z (gf180mcu_fd_sc_mcu7t5v0__clkbuf_16)
                                                         clknet_0_clk_i (net)
                      0.277298    0.000846    0.673547 ^ clkbuf_2_0__f_clk_i/I (gf180mcu_fd_sc_mcu7t5v0__clkbuf_16)
     8    0.042636    0.193915    0.452769    1.126316 ^ clkbuf_2_0__f_clk_i/Z (gf180mcu_fd_sc_mcu7t5v0__clkbuf_16)
                                                         clknet_2_0__leaf_clk_i (net)
                      0.193915    0.000593    1.126909 ^ _296_/CLK (gf180mcu_fd_sc_mcu7t5v0__dffrnq_1)
                                  0.250000    1.376909   clock uncertainty
                                  0.000000    1.376909   clock reconvergence pessimism
                                  0.189807    1.566716   library hold time
                                              1.566716   data required time
---------------------------------------------------------------------------------------------
                                              1.566716   data required time
                                             -3.394257   data arrival time
---------------------------------------------------------------------------------------------
                                              1.827541   slack (MET)


Startpoint: _282_ (rising edge-triggered flip-flop clocked by clk_i)
Endpoint: _282_ (rising edge-triggered flip-flop clocked by clk_i)
Path Group: clk_i
Path Type: min

Fanout         Cap        Slew       Delay        Time   Description
---------------------------------------------------------------------------------------------
                                  0.000000    0.000000   clock clk_i (rise edge)
                                  0.000000    0.000000   clock source latency
     1    0.036259    0.309013    0.147338    0.147338 ^ clk_i (in)
                                                         clk_i (net)
                      0.309017    0.000000    0.147338 ^ clkbuf_0_clk_i/I (gf180mcu_fd_sc_mcu7t5v0__clkbuf_16)
     4    0.098105    0.277298    0.525363    0.672701 ^ clkbuf_0_clk_i/Z (gf180mcu_fd_sc_mcu7t5v0__clkbuf_16)
                                                         clknet_0_clk_i (net)
                      0.277298    0.000846    0.673547 ^ clkbuf_2_0__f_clk_i/I (gf180mcu_fd_sc_mcu7t5v0__clkbuf_16)
     8    0.042636    0.193915    0.452769    1.126316 ^ clkbuf_2_0__f_clk_i/Z (gf180mcu_fd_sc_mcu7t5v0__clkbuf_16)
                                                         clknet_2_0__leaf_clk_i (net)
                      0.193915    0.000357    1.126673 ^ _282_/CLK (gf180mcu_fd_sc_mcu7t5v0__dffsnq_1)
     2    0.011536    0.439376    1.528235    2.654908 ^ _282_/Q (gf180mcu_fd_sc_mcu7t5v0__dffsnq_1)
                                                         reg_data[1] (net)
                      0.439376    0.000177    2.655085 ^ _252_/I0 (gf180mcu_fd_sc_mcu7t5v0__mux2_2)
     1    0.003555    0.166864    0.495906    3.150991 ^ _252_/Z (gf180mcu_fd_sc_mcu7t5v0__mux2_2)
                                                         _022_ (net)
                      0.166864    0.000067    3.151058 ^ _282_/D (gf180mcu_fd_sc_mcu7t5v0__dffsnq_1)
                                              3.151058   data arrival time

                                  0.000000    0.000000   clock clk_i (rise edge)
                                  0.000000    0.000000   clock source latency
     1    0.036259    0.309013    0.147338    0.147338 ^ clk_i (in)
                                                         clk_i (net)
                      0.309017    0.000000    0.147338 ^ clkbuf_0_clk_i/I (gf180mcu_fd_sc_mcu7t5v0__clkbuf_16)
     4    0.098105    0.277298    0.525363    0.672701 ^ clkbuf_0_clk_i/Z (gf180mcu_fd_sc_mcu7t5v0__clkbuf_16)
                                                         clknet_0_clk_i (net)
                      0.277298    0.000846    0.673547 ^ clkbuf_2_0__f_clk_i/I (gf180mcu_fd_sc_mcu7t5v0__clkbuf_16)
     8    0.042636    0.193915    0.452769    1.126316 ^ clkbuf_2_0__f_clk_i/Z (gf180mcu_fd_sc_mcu7t5v0__clkbuf_16)
                                                         clknet_2_0__leaf_clk_i (net)
                      0.193915    0.000357    1.126673 ^ _282_/CLK (gf180mcu_fd_sc_mcu7t5v0__dffsnq_1)
                                  0.250000    1.376673   clock uncertainty
                                  0.000000    1.376673   clock reconvergence pessimism
                                 -0.062536    1.314137   library hold time
                                              1.314137   data required time
---------------------------------------------------------------------------------------------
                                              1.314137   data required time
                                             -3.151058   data arrival time
---------------------------------------------------------------------------------------------
                                              1.836921   slack (MET)


Startpoint: _285_ (rising edge-triggered flip-flop clocked by clk_i)
Endpoint: _285_ (rising edge-triggered flip-flop clocked by clk_i)
Path Group: clk_i
Path Type: min

Fanout         Cap        Slew       Delay        Time   Description
---------------------------------------------------------------------------------------------
                                  0.000000    0.000000   clock clk_i (rise edge)
                                  0.000000    0.000000   clock source latency
     1    0.036259    0.309013    0.147338    0.147338 ^ clk_i (in)
                                                         clk_i (net)
                      0.309017    0.000000    0.147338 ^ clkbuf_0_clk_i/I (gf180mcu_fd_sc_mcu7t5v0__clkbuf_16)
     4    0.098105    0.277298    0.525363    0.672701 ^ clkbuf_0_clk_i/Z (gf180mcu_fd_sc_mcu7t5v0__clkbuf_16)
                                                         clknet_0_clk_i (net)
                      0.277298    0.000846    0.673547 ^ clkbuf_2_0__f_clk_i/I (gf180mcu_fd_sc_mcu7t5v0__clkbuf_16)
     8    0.042636    0.193915    0.452769    1.126316 ^ clkbuf_2_0__f_clk_i/Z (gf180mcu_fd_sc_mcu7t5v0__clkbuf_16)
                                                         clknet_2_0__leaf_clk_i (net)
                      0.193915    0.000641    1.126957 ^ _285_/CLK (gf180mcu_fd_sc_mcu7t5v0__dffsnq_1)
     2    0.012007    0.451357    1.535723    2.662679 ^ _285_/Q (gf180mcu_fd_sc_mcu7t5v0__dffsnq_1)
                                                         reg_data[4] (net)
                      0.451357    0.000193    2.662872 ^ _258_/I0 (gf180mcu_fd_sc_mcu7t5v0__mux2_2)
     1    0.003941    0.172022    0.501259    3.164131 ^ _258_/Z (gf180mcu_fd_sc_mcu7t5v0__mux2_2)
                                                         _025_ (net)
                      0.172022    0.000074    3.164205 ^ _285_/D (gf180mcu_fd_sc_mcu7t5v0__dffsnq_1)
                                              3.164205   data arrival time

                                  0.000000    0.000000   clock clk_i (rise edge)
                                  0.000000    0.000000   clock source latency
     1    0.036259    0.309013    0.147338    0.147338 ^ clk_i (in)
                                                         clk_i (net)
                      0.309017    0.000000    0.147338 ^ clkbuf_0_clk_i/I (gf180mcu_fd_sc_mcu7t5v0__clkbuf_16)
     4    0.098105    0.277298    0.525363    0.672701 ^ clkbuf_0_clk_i/Z (gf180mcu_fd_sc_mcu7t5v0__clkbuf_16)
                                                         clknet_0_clk_i (net)
                      0.277298    0.000846    0.673547 ^ clkbuf_2_0__f_clk_i/I (gf180mcu_fd_sc_mcu7t5v0__clkbuf_16)
     8    0.042636    0.193915    0.452769    1.126316 ^ clkbuf_2_0__f_clk_i/Z (gf180mcu_fd_sc_mcu7t5v0__clkbuf_16)
                                                         clknet_2_0__leaf_clk_i (net)
                      0.193915    0.000641    1.126957 ^ _285_/CLK (gf180mcu_fd_sc_mcu7t5v0__dffsnq_1)
                                  0.250000    1.376957   clock uncertainty
                                  0.000000    1.376957   clock reconvergence pessimism
                                 -0.063611    1.313346   library hold time
                                              1.313346   data required time
---------------------------------------------------------------------------------------------
                                              1.313346   data required time
                                             -3.164205   data arrival time
---------------------------------------------------------------------------------------------
                                              1.850859   slack (MET)


Startpoint: _283_ (rising edge-triggered flip-flop clocked by clk_i)
Endpoint: _283_ (rising edge-triggered flip-flop clocked by clk_i)
Path Group: clk_i
Path Type: min

Fanout         Cap        Slew       Delay        Time   Description
---------------------------------------------------------------------------------------------
                                  0.000000    0.000000   clock clk_i (rise edge)
                                  0.000000    0.000000   clock source latency
     1    0.036259    0.309013    0.147338    0.147338 ^ clk_i (in)
                                                         clk_i (net)
                      0.309017    0.000000    0.147338 ^ clkbuf_0_clk_i/I (gf180mcu_fd_sc_mcu7t5v0__clkbuf_16)
     4    0.098105    0.277298    0.525363    0.672701 ^ clkbuf_0_clk_i/Z (gf180mcu_fd_sc_mcu7t5v0__clkbuf_16)
                                                         clknet_0_clk_i (net)
                      0.277298    0.000846    0.673547 ^ clkbuf_2_0__f_clk_i/I (gf180mcu_fd_sc_mcu7t5v0__clkbuf_16)
     8    0.042636    0.193915    0.452769    1.126316 ^ clkbuf_2_0__f_clk_i/Z (gf180mcu_fd_sc_mcu7t5v0__clkbuf_16)
                                                         clknet_2_0__leaf_clk_i (net)
                      0.193915    0.000619    1.126934 ^ _283_/CLK (gf180mcu_fd_sc_mcu7t5v0__dffsnq_1)
     2    0.012618    0.466921    1.545458    2.672392 ^ _283_/Q (gf180mcu_fd_sc_mcu7t5v0__dffsnq_1)
                                                         reg_data[2] (net)
                      0.466921    0.000168    2.672560 ^ _254_/I0 (gf180mcu_fd_sc_mcu7t5v0__mux2_2)
     1    0.003377    0.164518    0.496548    3.169108 ^ _254_/Z (gf180mcu_fd_sc_mcu7t5v0__mux2_2)
                                                         _023_ (net)
                      0.164518    0.000036    3.169144 ^ _283_/D (gf180mcu_fd_sc_mcu7t5v0__dffsnq_1)
                                              3.169144   data arrival time

                                  0.000000    0.000000   clock clk_i (rise edge)
                                  0.000000    0.000000   clock source latency
     1    0.036259    0.309013    0.147338    0.147338 ^ clk_i (in)
                                                         clk_i (net)
                      0.309017    0.000000    0.147338 ^ clkbuf_0_clk_i/I (gf180mcu_fd_sc_mcu7t5v0__clkbuf_16)
     4    0.098105    0.277298    0.525363    0.672701 ^ clkbuf_0_clk_i/Z (gf180mcu_fd_sc_mcu7t5v0__clkbuf_16)
                                                         clknet_0_clk_i (net)
                      0.277298    0.000846    0.673547 ^ clkbuf_2_0__f_clk_i/I (gf180mcu_fd_sc_mcu7t5v0__clkbuf_16)
     8    0.042636    0.193915    0.452769    1.126316 ^ clkbuf_2_0__f_clk_i/Z (gf180mcu_fd_sc_mcu7t5v0__clkbuf_16)
                                                         clknet_2_0__leaf_clk_i (net)
                      0.193915    0.000619    1.126934 ^ _283_/CLK (gf180mcu_fd_sc_mcu7t5v0__dffsnq_1)
                                  0.250000    1.376935   clock uncertainty
                                  0.000000    1.376935   clock reconvergence pessimism
                                 -0.062047    1.314887   library hold time
                                              1.314887   data required time
---------------------------------------------------------------------------------------------
                                              1.314887   data required time
                                             -3.169144   data arrival time
---------------------------------------------------------------------------------------------
                                              1.854257   slack (MET)


Startpoint: _287_ (rising edge-triggered flip-flop clocked by clk_i)
Endpoint: _287_ (rising edge-triggered flip-flop clocked by clk_i)
Path Group: clk_i
Path Type: min

Fanout         Cap        Slew       Delay        Time   Description
---------------------------------------------------------------------------------------------
                                  0.000000    0.000000   clock clk_i (rise edge)
                                  0.000000    0.000000   clock source latency
     1    0.036259    0.309013    0.147338    0.147338 ^ clk_i (in)
                                                         clk_i (net)
                      0.309017    0.000000    0.147338 ^ clkbuf_0_clk_i/I (gf180mcu_fd_sc_mcu7t5v0__clkbuf_16)
     4    0.098105    0.277298    0.525363    0.672701 ^ clkbuf_0_clk_i/Z (gf180mcu_fd_sc_mcu7t5v0__clkbuf_16)
                                                         clknet_0_clk_i (net)
                      0.277298    0.001106    0.673807 ^ clkbuf_2_1__f_clk_i/I (gf180mcu_fd_sc_mcu7t5v0__clkbuf_16)
     8    0.043398    0.195047    0.453583    1.127390 ^ clkbuf_2_1__f_clk_i/Z (gf180mcu_fd_sc_mcu7t5v0__clkbuf_16)
                                                         clknet_2_1__leaf_clk_i (net)
                      0.195049    0.001243    1.128633 ^ _287_/CLK (gf180mcu_fd_sc_mcu7t5v0__dffsnq_1)
     2    0.012959    0.475605    1.551124    2.679757 ^ _287_/Q (gf180mcu_fd_sc_mcu7t5v0__dffsnq_1)
                                                         reg_data[6] (net)
                      0.475605    0.000222    2.679979 ^ _264_/I0 (gf180mcu_fd_sc_mcu7t5v0__mux2_2)
     1    0.003019    0.159925    0.493438    3.173417 ^ _264_/Z (gf180mcu_fd_sc_mcu7t5v0__mux2_2)
                                                         _027_ (net)
                      0.159925    0.000029    3.173446 ^ _287_/D (gf180mcu_fd_sc_mcu7t5v0__dffsnq_1)
                                              3.173446   data arrival time

                                  0.000000    0.000000   clock clk_i (rise edge)
                                  0.000000    0.000000   clock source latency
     1    0.036259    0.309013    0.147338    0.147338 ^ clk_i (in)
                                                         clk_i (net)
                      0.309017    0.000000    0.147338 ^ clkbuf_0_clk_i/I (gf180mcu_fd_sc_mcu7t5v0__clkbuf_16)
     4    0.098105    0.277298    0.525363    0.672701 ^ clkbuf_0_clk_i/Z (gf180mcu_fd_sc_mcu7t5v0__clkbuf_16)
                                                         clknet_0_clk_i (net)
                      0.277298    0.001106    0.673807 ^ clkbuf_2_1__f_clk_i/I (gf180mcu_fd_sc_mcu7t5v0__clkbuf_16)
     8    0.043398    0.195047    0.453583    1.127390 ^ clkbuf_2_1__f_clk_i/Z (gf180mcu_fd_sc_mcu7t5v0__clkbuf_16)
                                                         clknet_2_1__leaf_clk_i (net)
                      0.195049    0.001243    1.128633 ^ _287_/CLK (gf180mcu_fd_sc_mcu7t5v0__dffsnq_1)
                                  0.250000    1.378633   clock uncertainty
                                  0.000000    1.378633   clock reconvergence pessimism
                                 -0.060867    1.317766   library hold time
                                              1.317766   data required time
---------------------------------------------------------------------------------------------
                                              1.317766   data required time
                                             -3.173446   data arrival time
---------------------------------------------------------------------------------------------
                                              1.855680   slack (MET)


Startpoint: _305_ (rising edge-triggered flip-flop clocked by clk_i)
Endpoint: _305_ (rising edge-triggered flip-flop clocked by clk_i)
Path Group: clk_i
Path Type: min

Fanout         Cap        Slew       Delay        Time   Description
---------------------------------------------------------------------------------------------
                                  0.000000    0.000000   clock clk_i (rise edge)
                                  0.000000    0.000000   clock source latency
     1    0.036259    0.309013    0.147338    0.147338 ^ clk_i (in)
                                                         clk_i (net)
                      0.309017    0.000000    0.147338 ^ clkbuf_0_clk_i/I (gf180mcu_fd_sc_mcu7t5v0__clkbuf_16)
     4    0.098105    0.277298    0.525363    0.672701 ^ clkbuf_0_clk_i/Z (gf180mcu_fd_sc_mcu7t5v0__clkbuf_16)
                                                         clknet_0_clk_i (net)
                      0.277298    0.001091    0.673792 ^ clkbuf_2_2__f_clk_i/I (gf180mcu_fd_sc_mcu7t5v0__clkbuf_16)
     9    0.056159    0.214209    0.468739    1.142532 ^ clkbuf_2_2__f_clk_i/Z (gf180mcu_fd_sc_mcu7t5v0__clkbuf_16)
                                                         clknet_2_2__leaf_clk_i (net)
                      0.214209    0.000362    1.142893 ^ _305_/CLK (gf180mcu_fd_sc_mcu7t5v0__dffrnq_1)
     4    0.026908    0.513670    1.542656    2.685549 v _305_/Q (gf180mcu_fd_sc_mcu7t5v0__dffrnq_1)
                                                         baud_cnt[12] (net)
                      0.513670    0.000421    2.685970 v _211_/A1 (gf180mcu_fd_sc_mcu7t5v0__xnor2_1)
     1    0.005304    0.505906    0.527871    3.213841 ^ _211_/ZN (gf180mcu_fd_sc_mcu7t5v0__xnor2_1)
                                                         _089_ (net)
                      0.505906    0.000056    3.213897 ^ _212_/A2 (gf180mcu_fd_sc_mcu7t5v0__nor2_1)
     1    0.004420    0.302831    0.270082    3.483979 v _212_/ZN (gf180mcu_fd_sc_mcu7t5v0__nor2_1)
                                                         _003_ (net)
                      0.302831    0.000053    3.484031 v _305_/D (gf180mcu_fd_sc_mcu7t5v0__dffrnq_1)
                                              3.484031   data arrival time

                                  0.000000    0.000000   clock clk_i (rise edge)
                                  0.000000    0.000000   clock source latency
     1    0.036259    0.309013    0.147338    0.147338 ^ clk_i (in)
                                                         clk_i (net)
                      0.309017    0.000000    0.147338 ^ clkbuf_0_clk_i/I (gf180mcu_fd_sc_mcu7t5v0__clkbuf_16)
     4    0.098105    0.277298    0.525363    0.672701 ^ clkbuf_0_clk_i/Z (gf180mcu_fd_sc_mcu7t5v0__clkbuf_16)
                                                         clknet_0_clk_i (net)
                      0.277298    0.001091    0.673792 ^ clkbuf_2_2__f_clk_i/I (gf180mcu_fd_sc_mcu7t5v0__clkbuf_16)
     9    0.056159    0.214209    0.468739    1.142532 ^ clkbuf_2_2__f_clk_i/Z (gf180mcu_fd_sc_mcu7t5v0__clkbuf_16)
                                                         clknet_2_2__leaf_clk_i (net)
                      0.214209    0.000362    1.142893 ^ _305_/CLK (gf180mcu_fd_sc_mcu7t5v0__dffrnq_1)
                                  0.250000    1.392894   clock uncertainty
                                  0.000000    1.392894   clock reconvergence pessimism
                                  0.203013    1.595907   library hold time
                                              1.595907   data required time
---------------------------------------------------------------------------------------------
                                              1.595907   data required time
                                             -3.484031   data arrival time
---------------------------------------------------------------------------------------------
                                              1.888125   slack (MET)


Startpoint: _302_ (rising edge-triggered flip-flop clocked by clk_i)
Endpoint: _302_ (rising edge-triggered flip-flop clocked by clk_i)
Path Group: clk_i
Path Type: min

Fanout         Cap        Slew       Delay        Time   Description
---------------------------------------------------------------------------------------------
                                  0.000000    0.000000   clock clk_i (rise edge)
                                  0.000000    0.000000   clock source latency
     1    0.036259    0.309013    0.147338    0.147338 ^ clk_i (in)
                                                         clk_i (net)
                      0.309017    0.000000    0.147338 ^ clkbuf_0_clk_i/I (gf180mcu_fd_sc_mcu7t5v0__clkbuf_16)
     4    0.098105    0.277298    0.525363    0.672701 ^ clkbuf_0_clk_i/Z (gf180mcu_fd_sc_mcu7t5v0__clkbuf_16)
                                                         clknet_0_clk_i (net)
                      0.277298    0.001091    0.673792 ^ clkbuf_2_2__f_clk_i/I (gf180mcu_fd_sc_mcu7t5v0__clkbuf_16)
     9    0.056159    0.214209    0.468739    1.142532 ^ clkbuf_2_2__f_clk_i/Z (gf180mcu_fd_sc_mcu7t5v0__clkbuf_16)
                                                         clknet_2_2__leaf_clk_i (net)
                      0.214210    0.000841    1.143373 ^ _302_/CLK (gf180mcu_fd_sc_mcu7t5v0__dffrnq_1)
     4    0.027074    0.516050    1.544259    2.687632 v _302_/Q (gf180mcu_fd_sc_mcu7t5v0__dffrnq_1)
                                                         baud_cnt[9] (net)
                      0.516050    0.000445    2.688076 v _202_/B (gf180mcu_fd_sc_mcu7t5v0__aoi21_1)
     1    0.006353    0.518450    0.454512    3.142588 ^ _202_/ZN (gf180mcu_fd_sc_mcu7t5v0__aoi21_1)
                                                         _083_ (net)
                      0.518450    0.000135    3.142724 ^ _203_/A3 (gf180mcu_fd_sc_mcu7t5v0__nor3_1)
     1    0.003452    0.374413    0.330347    3.473071 v _203_/ZN (gf180mcu_fd_sc_mcu7t5v0__nor3_1)
                                                         _015_ (net)
                      0.374413    0.000034    3.473105 v _302_/D (gf180mcu_fd_sc_mcu7t5v0__dffrnq_1)
                                              3.473105   data arrival time

                                  0.000000    0.000000   clock clk_i (rise edge)
                                  0.000000    0.000000   clock source latency
     1    0.036259    0.309013    0.147338    0.147338 ^ clk_i (in)
                                                         clk_i (net)
                      0.309017    0.000000    0.147338 ^ clkbuf_0_clk_i/I (gf180mcu_fd_sc_mcu7t5v0__clkbuf_16)
     4    0.098105    0.277298    0.525363    0.672701 ^ clkbuf_0_clk_i/Z (gf180mcu_fd_sc_mcu7t5v0__clkbuf_16)
                                                         clknet_0_clk_i (net)
                      0.277298    0.001091    0.673792 ^ clkbuf_2_2__f_clk_i/I (gf180mcu_fd_sc_mcu7t5v0__clkbuf_16)
     9    0.056159    0.214209    0.468739    1.142532 ^ clkbuf_2_2__f_clk_i/Z (gf180mcu_fd_sc_mcu7t5v0__clkbuf_16)
                                                         clknet_2_2__leaf_clk_i (net)
                      0.214210    0.000841    1.143373 ^ _302_/CLK (gf180mcu_fd_sc_mcu7t5v0__dffrnq_1)
                                  0.250000    1.393373   clock uncertainty
                                  0.000000    1.393373   clock reconvergence pessimism
                                  0.187344    1.580717   library hold time
                                              1.580717   data required time
---------------------------------------------------------------------------------------------
                                              1.580717   data required time
                                             -3.473105   data arrival time
---------------------------------------------------------------------------------------------
                                              1.892388   slack (MET)


Startpoint: _284_ (rising edge-triggered flip-flop clocked by clk_i)
Endpoint: _284_ (rising edge-triggered flip-flop clocked by clk_i)
Path Group: clk_i
Path Type: min

Fanout         Cap        Slew       Delay        Time   Description
---------------------------------------------------------------------------------------------
                                  0.000000    0.000000   clock clk_i (rise edge)
                                  0.000000    0.000000   clock source latency
     1    0.036259    0.309013    0.147338    0.147338 ^ clk_i (in)
                                                         clk_i (net)
                      0.309017    0.000000    0.147338 ^ clkbuf_0_clk_i/I (gf180mcu_fd_sc_mcu7t5v0__clkbuf_16)
     4    0.098105    0.277298    0.525363    0.672701 ^ clkbuf_0_clk_i/Z (gf180mcu_fd_sc_mcu7t5v0__clkbuf_16)
                                                         clknet_0_clk_i (net)
                      0.277298    0.000846    0.673547 ^ clkbuf_2_0__f_clk_i/I (gf180mcu_fd_sc_mcu7t5v0__clkbuf_16)
     8    0.042636    0.193915    0.452769    1.126316 ^ clkbuf_2_0__f_clk_i/Z (gf180mcu_fd_sc_mcu7t5v0__clkbuf_16)
                                                         clknet_2_0__leaf_clk_i (net)
                      0.193915    0.000723    1.127039 ^ _284_/CLK (gf180mcu_fd_sc_mcu7t5v0__dffsnq_1)
     2    0.015292    0.535069    1.587936    2.714975 ^ _284_/Q (gf180mcu_fd_sc_mcu7t5v0__dffsnq_1)
                                                         reg_data[3] (net)
                      0.535069    0.000326    2.715301 ^ _256_/I0 (gf180mcu_fd_sc_mcu7t5v0__mux2_2)
     1    0.003033    0.160101    0.499152    3.214453 ^ _256_/Z (gf180mcu_fd_sc_mcu7t5v0__mux2_2)
                                                         _024_ (net)
                      0.160101    0.000029    3.214482 ^ _284_/D (gf180mcu_fd_sc_mcu7t5v0__dffsnq_1)
                                              3.214482   data arrival time

                                  0.000000    0.000000   clock clk_i (rise edge)
                                  0.000000    0.000000   clock source latency
     1    0.036259    0.309013    0.147338    0.147338 ^ clk_i (in)
                                                         clk_i (net)
                      0.309017    0.000000    0.147338 ^ clkbuf_0_clk_i/I (gf180mcu_fd_sc_mcu7t5v0__clkbuf_16)
     4    0.098105    0.277298    0.525363    0.672701 ^ clkbuf_0_clk_i/Z (gf180mcu_fd_sc_mcu7t5v0__clkbuf_16)
                                                         clknet_0_clk_i (net)
                      0.277298    0.000846    0.673547 ^ clkbuf_2_0__f_clk_i/I (gf180mcu_fd_sc_mcu7t5v0__clkbuf_16)
     8    0.042636    0.193915    0.452769    1.126316 ^ clkbuf_2_0__f_clk_i/Z (gf180mcu_fd_sc_mcu7t5v0__clkbuf_16)
                                                         clknet_2_0__leaf_clk_i (net)
                      0.193915    0.000723    1.127039 ^ _284_/CLK (gf180mcu_fd_sc_mcu7t5v0__dffsnq_1)
                                  0.250000    1.377039   clock uncertainty
                                  0.000000    1.377039   clock reconvergence pessimism
                                 -0.061127    1.315912   library hold time
                                              1.315912   data required time
---------------------------------------------------------------------------------------------
                                              1.315912   data required time
                                             -3.214482   data arrival time
---------------------------------------------------------------------------------------------
                                              1.898570   slack (MET)


Startpoint: _286_ (rising edge-triggered flip-flop clocked by clk_i)
Endpoint: _286_ (rising edge-triggered flip-flop clocked by clk_i)
Path Group: clk_i
Path Type: min

Fanout         Cap        Slew       Delay        Time   Description
---------------------------------------------------------------------------------------------
                                  0.000000    0.000000   clock clk_i (rise edge)
                                  0.000000    0.000000   clock source latency
     1    0.036259    0.309013    0.147338    0.147338 ^ clk_i (in)
                                                         clk_i (net)
                      0.309017    0.000000    0.147338 ^ clkbuf_0_clk_i/I (gf180mcu_fd_sc_mcu7t5v0__clkbuf_16)
     4    0.098105    0.277298    0.525363    0.672701 ^ clkbuf_0_clk_i/Z (gf180mcu_fd_sc_mcu7t5v0__clkbuf_16)
                                                         clknet_0_clk_i (net)
                      0.277298    0.001106    0.673807 ^ clkbuf_2_1__f_clk_i/I (gf180mcu_fd_sc_mcu7t5v0__clkbuf_16)
     8    0.043398    0.195047    0.453583    1.127390 ^ clkbuf_2_1__f_clk_i/Z (gf180mcu_fd_sc_mcu7t5v0__clkbuf_16)
                                                         clknet_2_1__leaf_clk_i (net)
                      0.195049    0.001141    1.128531 ^ _286_/CLK (gf180mcu_fd_sc_mcu7t5v0__dffsnq_1)
     2    0.015179    0.532215    1.586428    2.714959 ^ _286_/Q (gf180mcu_fd_sc_mcu7t5v0__dffsnq_1)
                                                         reg_data[5] (net)
                      0.532215    0.000155    2.715114 ^ _260_/I0 (gf180mcu_fd_sc_mcu7t5v0__mux2_2)
     1    0.004147    0.174785    0.511090    3.226204 ^ _260_/Z (gf180mcu_fd_sc_mcu7t5v0__mux2_2)
                                                         _026_ (net)
                      0.174785    0.000080    3.226284 ^ _286_/D (gf180mcu_fd_sc_mcu7t5v0__dffsnq_1)
                                              3.226284   data arrival time

                                  0.000000    0.000000   clock clk_i (rise edge)
                                  0.000000    0.000000   clock source latency
     1    0.036259    0.309013    0.147338    0.147338 ^ clk_i (in)
                                                         clk_i (net)
                      0.309017    0.000000    0.147338 ^ clkbuf_0_clk_i/I (gf180mcu_fd_sc_mcu7t5v0__clkbuf_16)
     4    0.098105    0.277298    0.525363    0.672701 ^ clkbuf_0_clk_i/Z (gf180mcu_fd_sc_mcu7t5v0__clkbuf_16)
                                                         clknet_0_clk_i (net)
                      0.277298    0.001106    0.673807 ^ clkbuf_2_1__f_clk_i/I (gf180mcu_fd_sc_mcu7t5v0__clkbuf_16)
     8    0.043398    0.195047    0.453583    1.127390 ^ clkbuf_2_1__f_clk_i/Z (gf180mcu_fd_sc_mcu7t5v0__clkbuf_16)
                                                         clknet_2_1__leaf_clk_i (net)
                      0.195049    0.001141    1.128531 ^ _286_/CLK (gf180mcu_fd_sc_mcu7t5v0__dffsnq_1)
                                  0.250000    1.378531   clock uncertainty
                                  0.000000    1.378531   clock reconvergence pessimism
                                 -0.063964    1.314567   library hold time
                                              1.314567   data required time
---------------------------------------------------------------------------------------------
                                              1.314567   data required time
                                             -3.226284   data arrival time
---------------------------------------------------------------------------------------------
                                              1.911718   slack (MET)


Startpoint: _294_ (rising edge-triggered flip-flop clocked by clk_i)
Endpoint: _294_ (rising edge-triggered flip-flop clocked by clk_i)
Path Group: clk_i
Path Type: min

Fanout         Cap        Slew       Delay        Time   Description
---------------------------------------------------------------------------------------------
                                  0.000000    0.000000   clock clk_i (rise edge)
                                  0.000000    0.000000   clock source latency
     1    0.036259    0.309013    0.147338    0.147338 ^ clk_i (in)
                                                         clk_i (net)
                      0.309017    0.000000    0.147338 ^ clkbuf_0_clk_i/I (gf180mcu_fd_sc_mcu7t5v0__clkbuf_16)
     4    0.098105    0.277298    0.525363    0.672701 ^ clkbuf_0_clk_i/Z (gf180mcu_fd_sc_mcu7t5v0__clkbuf_16)
                                                         clknet_0_clk_i (net)
                      0.277298    0.001075    0.673776 ^ clkbuf_2_3__f_clk_i/I (gf180mcu_fd_sc_mcu7t5v0__clkbuf_16)
     9    0.046731    0.200080    0.457702    1.131478 ^ clkbuf_2_3__f_clk_i/Z (gf180mcu_fd_sc_mcu7t5v0__clkbuf_16)
                                                         clknet_2_3__leaf_clk_i (net)
                      0.200080    0.000446    1.131924 ^ _294_/CLK (gf180mcu_fd_sc_mcu7t5v0__dffrnq_1)
     5    0.031578    0.581760    1.586975    2.718899 v _294_/Q (gf180mcu_fd_sc_mcu7t5v0__dffrnq_1)
                                                         baud_cnt[1] (net)
                      0.581760    0.000254    2.719153 v _178_/A2 (gf180mcu_fd_sc_mcu7t5v0__xnor2_1)
     1    0.004753    0.486045    0.534487    3.253640 ^ _178_/ZN (gf180mcu_fd_sc_mcu7t5v0__xnor2_1)
                                                         _067_ (net)
                      0.486045    0.000048    3.253687 ^ _179_/A2 (gf180mcu_fd_sc_mcu7t5v0__nor2_1)
     1    0.005045    0.310082    0.277367    3.531055 v _179_/ZN (gf180mcu_fd_sc_mcu7t5v0__nor2_1)
                                                         _007_ (net)
                      0.310082    0.000107    3.531162 v _294_/D (gf180mcu_fd_sc_mcu7t5v0__dffrnq_1)
                                              3.531162   data arrival time

                                  0.000000    0.000000   clock clk_i (rise edge)
                                  0.000000    0.000000   clock source latency
     1    0.036259    0.309013    0.147338    0.147338 ^ clk_i (in)
                                                         clk_i (net)
                      0.309017    0.000000    0.147338 ^ clkbuf_0_clk_i/I (gf180mcu_fd_sc_mcu7t5v0__clkbuf_16)
     4    0.098105    0.277298    0.525363    0.672701 ^ clkbuf_0_clk_i/Z (gf180mcu_fd_sc_mcu7t5v0__clkbuf_16)
                                                         clknet_0_clk_i (net)
                      0.277298    0.001075    0.673776 ^ clkbuf_2_3__f_clk_i/I (gf180mcu_fd_sc_mcu7t5v0__clkbuf_16)
     9    0.046731    0.200080    0.457702    1.131478 ^ clkbuf_2_3__f_clk_i/Z (gf180mcu_fd_sc_mcu7t5v0__clkbuf_16)
                                                         clknet_2_3__leaf_clk_i (net)
                      0.200080    0.000446    1.131924 ^ _294_/CLK (gf180mcu_fd_sc_mcu7t5v0__dffrnq_1)
                                  0.250000    1.381924   clock uncertainty
                                  0.000000    1.381924   clock reconvergence pessimism
                                  0.198491    1.580415   library hold time
                                              1.580415   data required time
---------------------------------------------------------------------------------------------
                                              1.580415   data required time
                                             -3.531162   data arrival time
---------------------------------------------------------------------------------------------
                                              1.950746   slack (MET)


Startpoint: _297_ (rising edge-triggered flip-flop clocked by clk_i)
Endpoint: _297_ (rising edge-triggered flip-flop clocked by clk_i)
Path Group: clk_i
Path Type: min

Fanout         Cap        Slew       Delay        Time   Description
---------------------------------------------------------------------------------------------
                                  0.000000    0.000000   clock clk_i (rise edge)
                                  0.000000    0.000000   clock source latency
     1    0.036259    0.309013    0.147338    0.147338 ^ clk_i (in)
                                                         clk_i (net)
                      0.309017    0.000000    0.147338 ^ clkbuf_0_clk_i/I (gf180mcu_fd_sc_mcu7t5v0__clkbuf_16)
     4    0.098105    0.277298    0.525363    0.672701 ^ clkbuf_0_clk_i/Z (gf180mcu_fd_sc_mcu7t5v0__clkbuf_16)
                                                         clknet_0_clk_i (net)
                      0.277298    0.001091    0.673792 ^ clkbuf_2_2__f_clk_i/I (gf180mcu_fd_sc_mcu7t5v0__clkbuf_16)
     9    0.056159    0.214209    0.468739    1.142532 ^ clkbuf_2_2__f_clk_i/Z (gf180mcu_fd_sc_mcu7t5v0__clkbuf_16)
                                                         clknet_2_2__leaf_clk_i (net)
                      0.214210    0.000458    1.142990 ^ _297_/CLK (gf180mcu_fd_sc_mcu7t5v0__dffrnq_1)
     4    0.035768    0.643210    1.632099    2.775089 v _297_/Q (gf180mcu_fd_sc_mcu7t5v0__dffrnq_1)
                                                         baud_cnt[4] (net)
                      0.643210    0.000600    2.775688 v _187_/A1 (gf180mcu_fd_sc_mcu7t5v0__xor2_1)
     1    0.005722    0.588279    0.508829    3.284517 ^ _187_/Z (gf180mcu_fd_sc_mcu7t5v0__xor2_1)
                                                         _073_ (net)
                      0.588279    0.000068    3.284585 ^ _188_/A2 (gf180mcu_fd_sc_mcu7t5v0__nor2_1)
     1    0.003943    0.315601    0.272741    3.557326 v _188_/ZN (gf180mcu_fd_sc_mcu7t5v0__nor2_1)
                                                         _010_ (net)
                      0.315601    0.000040    3.557366 v _297_/D (gf180mcu_fd_sc_mcu7t5v0__dffrnq_1)
                                              3.557366   data arrival time

                                  0.000000    0.000000   clock clk_i (rise edge)
                                  0.000000    0.000000   clock source latency
     1    0.036259    0.309013    0.147338    0.147338 ^ clk_i (in)
                                                         clk_i (net)
                      0.309017    0.000000    0.147338 ^ clkbuf_0_clk_i/I (gf180mcu_fd_sc_mcu7t5v0__clkbuf_16)
     4    0.098105    0.277298    0.525363    0.672701 ^ clkbuf_0_clk_i/Z (gf180mcu_fd_sc_mcu7t5v0__clkbuf_16)
                                                         clknet_0_clk_i (net)
                      0.277298    0.001091    0.673792 ^ clkbuf_2_2__f_clk_i/I (gf180mcu_fd_sc_mcu7t5v0__clkbuf_16)
     9    0.056159    0.214209    0.468739    1.142532 ^ clkbuf_2_2__f_clk_i/Z (gf180mcu_fd_sc_mcu7t5v0__clkbuf_16)
                                                         clknet_2_2__leaf_clk_i (net)
                      0.214210    0.000458    1.142990 ^ _297_/CLK (gf180mcu_fd_sc_mcu7t5v0__dffrnq_1)
                                  0.250000    1.392990   clock uncertainty
                                  0.000000    1.392990   clock reconvergence pessimism
                                  0.200218    1.593207   library hold time
                                              1.593207   data required time
---------------------------------------------------------------------------------------------
                                              1.593207   data required time
                                             -3.557366   data arrival time
---------------------------------------------------------------------------------------------
                                              1.964158   slack (MET)


Startpoint: _303_ (rising edge-triggered flip-flop clocked by clk_i)
Endpoint: _303_ (rising edge-triggered flip-flop clocked by clk_i)
Path Group: clk_i
Path Type: min

Fanout         Cap        Slew       Delay        Time   Description
---------------------------------------------------------------------------------------------
                                  0.000000    0.000000   clock clk_i (rise edge)
                                  0.000000    0.000000   clock source latency
     1    0.036259    0.309013    0.147338    0.147338 ^ clk_i (in)
                                                         clk_i (net)
                      0.309017    0.000000    0.147338 ^ clkbuf_0_clk_i/I (gf180mcu_fd_sc_mcu7t5v0__clkbuf_16)
     4    0.098105    0.277298    0.525363    0.672701 ^ clkbuf_0_clk_i/Z (gf180mcu_fd_sc_mcu7t5v0__clkbuf_16)
                                                         clknet_0_clk_i (net)
                      0.277298    0.001091    0.673792 ^ clkbuf_2_2__f_clk_i/I (gf180mcu_fd_sc_mcu7t5v0__clkbuf_16)
     9    0.056159    0.214209    0.468739    1.142532 ^ clkbuf_2_2__f_clk_i/Z (gf180mcu_fd_sc_mcu7t5v0__clkbuf_16)
                                                         clknet_2_2__leaf_clk_i (net)
                      0.214210    0.000603    1.143135 ^ _303_/CLK (gf180mcu_fd_sc_mcu7t5v0__dffrnq_1)
     5    0.034147    0.619412    1.615974    2.759109 v _303_/Q (gf180mcu_fd_sc_mcu7t5v0__dffrnq_1)
                                                         baud_cnt[10] (net)
                      0.619412    0.000529    2.759638 v _204_/A1 (gf180mcu_fd_sc_mcu7t5v0__nor2_1)
     1    0.005886    0.556967    0.477290    3.236928 ^ _204_/ZN (gf180mcu_fd_sc_mcu7t5v0__nor2_1)
                                                         _084_ (net)
                      0.556967    0.000117    3.237045 ^ _206_/A2 (gf180mcu_fd_sc_mcu7t5v0__nor3_1)
     1    0.004468    0.352018    0.335325    3.572371 v _206_/ZN (gf180mcu_fd_sc_mcu7t5v0__nor3_1)
                                                         _001_ (net)
                      0.352018    0.000087    3.572457 v _303_/D (gf180mcu_fd_sc_mcu7t5v0__dffrnq_1)
                                              3.572457   data arrival time

                                  0.000000    0.000000   clock clk_i (rise edge)
                                  0.000000    0.000000   clock source latency
     1    0.036259    0.309013    0.147338    0.147338 ^ clk_i (in)
                                                         clk_i (net)
                      0.309017    0.000000    0.147338 ^ clkbuf_0_clk_i/I (gf180mcu_fd_sc_mcu7t5v0__clkbuf_16)
     4    0.098105    0.277298    0.525363    0.672701 ^ clkbuf_0_clk_i/Z (gf180mcu_fd_sc_mcu7t5v0__clkbuf_16)
                                                         clknet_0_clk_i (net)
                      0.277298    0.001091    0.673792 ^ clkbuf_2_2__f_clk_i/I (gf180mcu_fd_sc_mcu7t5v0__clkbuf_16)
     9    0.056159    0.214209    0.468739    1.142532 ^ clkbuf_2_2__f_clk_i/Z (gf180mcu_fd_sc_mcu7t5v0__clkbuf_16)
                                                         clknet_2_2__leaf_clk_i (net)
                      0.214210    0.000603    1.143135 ^ _303_/CLK (gf180mcu_fd_sc_mcu7t5v0__dffrnq_1)
                                  0.250000    1.393135   clock uncertainty
                                  0.000000    1.393135   clock reconvergence pessimism
                                  0.192246    1.585381   library hold time
                                              1.585381   data required time
---------------------------------------------------------------------------------------------
                                              1.585381   data required time
                                             -3.572457   data arrival time
---------------------------------------------------------------------------------------------
                                              1.987076   slack (MET)


Startpoint: _301_ (rising edge-triggered flip-flop clocked by clk_i)
Endpoint: _301_ (rising edge-triggered flip-flop clocked by clk_i)
Path Group: clk_i
Path Type: min

Fanout         Cap        Slew       Delay        Time   Description
---------------------------------------------------------------------------------------------
                                  0.000000    0.000000   clock clk_i (rise edge)
                                  0.000000    0.000000   clock source latency
     1    0.036259    0.309013    0.147338    0.147338 ^ clk_i (in)
                                                         clk_i (net)
                      0.309017    0.000000    0.147338 ^ clkbuf_0_clk_i/I (gf180mcu_fd_sc_mcu7t5v0__clkbuf_16)
     4    0.098105    0.277298    0.525363    0.672701 ^ clkbuf_0_clk_i/Z (gf180mcu_fd_sc_mcu7t5v0__clkbuf_16)
                                                         clknet_0_clk_i (net)
                      0.277298    0.001091    0.673792 ^ clkbuf_2_2__f_clk_i/I (gf180mcu_fd_sc_mcu7t5v0__clkbuf_16)
     9    0.056159    0.214209    0.468739    1.142532 ^ clkbuf_2_2__f_clk_i/Z (gf180mcu_fd_sc_mcu7t5v0__clkbuf_16)
                                                         clknet_2_2__leaf_clk_i (net)
                      0.214210    0.000858    1.143390 ^ _301_/CLK (gf180mcu_fd_sc_mcu7t5v0__dffrnq_1)
     5    0.035965    0.646179    1.634512    2.777902 v _301_/Q (gf180mcu_fd_sc_mcu7t5v0__dffrnq_1)
                                                         baud_cnt[8] (net)
                      0.646179    0.000524    2.778426 v _199_/A1 (gf180mcu_fd_sc_mcu7t5v0__xnor2_1)
     1    0.005213    0.500867    0.565236    3.343662 ^ _199_/ZN (gf180mcu_fd_sc_mcu7t5v0__xnor2_1)
                                                         _081_ (net)
                      0.500867    0.000056    3.343718 ^ _200_/A2 (gf180mcu_fd_sc_mcu7t5v0__nor2_1)
     1    0.003532    0.285954    0.252693    3.596411 v _200_/ZN (gf180mcu_fd_sc_mcu7t5v0__nor2_1)
                                                         _014_ (net)
                      0.285954    0.000036    3.596447 v _301_/D (gf180mcu_fd_sc_mcu7t5v0__dffrnq_1)
                                              3.596447   data arrival time

                                  0.000000    0.000000   clock clk_i (rise edge)
                                  0.000000    0.000000   clock source latency
     1    0.036259    0.309013    0.147338    0.147338 ^ clk_i (in)
                                                         clk_i (net)
                      0.309017    0.000000    0.147338 ^ clkbuf_0_clk_i/I (gf180mcu_fd_sc_mcu7t5v0__clkbuf_16)
     4    0.098105    0.277298    0.525363    0.672701 ^ clkbuf_0_clk_i/Z (gf180mcu_fd_sc_mcu7t5v0__clkbuf_16)
                                                         clknet_0_clk_i (net)
                      0.277298    0.001091    0.673792 ^ clkbuf_2_2__f_clk_i/I (gf180mcu_fd_sc_mcu7t5v0__clkbuf_16)
     9    0.056159    0.214209    0.468739    1.142532 ^ clkbuf_2_2__f_clk_i/Z (gf180mcu_fd_sc_mcu7t5v0__clkbuf_16)
                                                         clknet_2_2__leaf_clk_i (net)
                      0.214210    0.000858    1.143390 ^ _301_/CLK (gf180mcu_fd_sc_mcu7t5v0__dffrnq_1)
                                  0.250000    1.393390   clock uncertainty
                                  0.000000    1.393390   clock reconvergence pessimism
                                  0.206708    1.600098   library hold time
                                              1.600098   data required time
---------------------------------------------------------------------------------------------
                                              1.600098   data required time
                                             -3.596447   data arrival time
---------------------------------------------------------------------------------------------
                                              1.996349   slack (MET)


Startpoint: _299_ (rising edge-triggered flip-flop clocked by clk_i)
Endpoint: _299_ (rising edge-triggered flip-flop clocked by clk_i)
Path Group: clk_i
Path Type: min

Fanout         Cap        Slew       Delay        Time   Description
---------------------------------------------------------------------------------------------
                                  0.000000    0.000000   clock clk_i (rise edge)
                                  0.000000    0.000000   clock source latency
     1    0.036259    0.309013    0.147338    0.147338 ^ clk_i (in)
                                                         clk_i (net)
                      0.309017    0.000000    0.147338 ^ clkbuf_0_clk_i/I (gf180mcu_fd_sc_mcu7t5v0__clkbuf_16)
     4    0.098105    0.277298    0.525363    0.672701 ^ clkbuf_0_clk_i/Z (gf180mcu_fd_sc_mcu7t5v0__clkbuf_16)
                                                         clknet_0_clk_i (net)
                      0.277298    0.000846    0.673547 ^ clkbuf_2_0__f_clk_i/I (gf180mcu_fd_sc_mcu7t5v0__clkbuf_16)
     8    0.042636    0.193915    0.452769    1.126316 ^ clkbuf_2_0__f_clk_i/Z (gf180mcu_fd_sc_mcu7t5v0__clkbuf_16)
                                                         clknet_2_0__leaf_clk_i (net)
                      0.193916    0.000989    1.127305 ^ _299_/CLK (gf180mcu_fd_sc_mcu7t5v0__dffrnq_1)
     4    0.031896    0.586325    1.588348    2.715653 v _299_/Q (gf180mcu_fd_sc_mcu7t5v0__dffrnq_1)
                                                         baud_cnt[6] (net)
                      0.586326    0.000792    2.716444 v _193_/A1 (gf180mcu_fd_sc_mcu7t5v0__xnor2_1)
     1    0.005587    0.510747    0.559046    3.275490 ^ _193_/ZN (gf180mcu_fd_sc_mcu7t5v0__xnor2_1)
                                                         _077_ (net)
                      0.510747    0.000065    3.275555 ^ _194_/A2 (gf180mcu_fd_sc_mcu7t5v0__nor2_1)
     1    0.005873    0.330823    0.295478    3.571033 v _194_/ZN (gf180mcu_fd_sc_mcu7t5v0__nor2_1)
                                                         _012_ (net)
                      0.330823    0.000125    3.571158 v _299_/D (gf180mcu_fd_sc_mcu7t5v0__dffrnq_1)
                                              3.571158   data arrival time

                                  0.000000    0.000000   clock clk_i (rise edge)
                                  0.000000    0.000000   clock source latency
     1    0.036259    0.309013    0.147338    0.147338 ^ clk_i (in)
                                                         clk_i (net)
                      0.309017    0.000000    0.147338 ^ clkbuf_0_clk_i/I (gf180mcu_fd_sc_mcu7t5v0__clkbuf_16)
     4    0.098105    0.277298    0.525363    0.672701 ^ clkbuf_0_clk_i/Z (gf180mcu_fd_sc_mcu7t5v0__clkbuf_16)
                                                         clknet_0_clk_i (net)
                      0.277298    0.000846    0.673547 ^ clkbuf_2_0__f_clk_i/I (gf180mcu_fd_sc_mcu7t5v0__clkbuf_16)
     8    0.042636    0.193915    0.452769    1.126316 ^ clkbuf_2_0__f_clk_i/Z (gf180mcu_fd_sc_mcu7t5v0__clkbuf_16)
                                                         clknet_2_0__leaf_clk_i (net)
                      0.193916    0.000989    1.127305 ^ _299_/CLK (gf180mcu_fd_sc_mcu7t5v0__dffrnq_1)
                                  0.250000    1.377305   clock uncertainty
                                  0.000000    1.377305   clock reconvergence pessimism
                                  0.192632    1.569937   library hold time
                                              1.569937   data required time
---------------------------------------------------------------------------------------------
                                              1.569937   data required time
                                             -3.571158   data arrival time
---------------------------------------------------------------------------------------------
                                              2.001221   slack (MET)


Startpoint: _288_ (rising edge-triggered flip-flop clocked by clk_i)
Endpoint: _288_ (rising edge-triggered flip-flop clocked by clk_i)
Path Group: clk_i
Path Type: min

Fanout         Cap        Slew       Delay        Time   Description
---------------------------------------------------------------------------------------------
                                  0.000000    0.000000   clock clk_i (rise edge)
                                  0.000000    0.000000   clock source latency
     1    0.036259    0.309013    0.147338    0.147338 ^ clk_i (in)
                                                         clk_i (net)
                      0.309017    0.000000    0.147338 ^ clkbuf_0_clk_i/I (gf180mcu_fd_sc_mcu7t5v0__clkbuf_16)
     4    0.098105    0.277298    0.525363    0.672701 ^ clkbuf_0_clk_i/Z (gf180mcu_fd_sc_mcu7t5v0__clkbuf_16)
                                                         clknet_0_clk_i (net)
                      0.277298    0.001106    0.673807 ^ clkbuf_2_1__f_clk_i/I (gf180mcu_fd_sc_mcu7t5v0__clkbuf_16)
     8    0.043398    0.195047    0.453583    1.127390 ^ clkbuf_2_1__f_clk_i/Z (gf180mcu_fd_sc_mcu7t5v0__clkbuf_16)
                                                         clknet_2_1__leaf_clk_i (net)
                      0.195048    0.001007    1.128397 ^ _288_/CLK (gf180mcu_fd_sc_mcu7t5v0__dffsnq_1)
     1    0.005533    0.233256    1.445522    2.573918 v _288_/Q (gf180mcu_fd_sc_mcu7t5v0__dffsnq_1)
                                                         reg_data[7] (net)
                      0.233256    0.000069    2.573988 v _261_/B (gf180mcu_fd_sc_mcu7t5v0__aoi21_1)
     2    0.016188    0.878973    0.622119    3.196107 ^ _261_/ZN (gf180mcu_fd_sc_mcu7t5v0__aoi21_1)
                                                         _125_ (net)
                      0.878973    0.000303    3.196410 ^ _266_/A2 (gf180mcu_fd_sc_mcu7t5v0__aoi21_1)
     1    0.004118    0.316102    0.221458    3.417868 v _266_/ZN (gf180mcu_fd_sc_mcu7t5v0__aoi21_1)
                                                         _028_ (net)
                      0.316102    0.000081    3.417949 v _288_/D (gf180mcu_fd_sc_mcu7t5v0__dffsnq_1)
                                              3.417949   data arrival time

                                  0.000000    0.000000   clock clk_i (rise edge)
                                  0.000000    0.000000   clock source latency
     1    0.036259    0.309013    0.147338    0.147338 ^ clk_i (in)
                                                         clk_i (net)
                      0.309017    0.000000    0.147338 ^ clkbuf_0_clk_i/I (gf180mcu_fd_sc_mcu7t5v0__clkbuf_16)
     4    0.098105    0.277298    0.525363    0.672701 ^ clkbuf_0_clk_i/Z (gf180mcu_fd_sc_mcu7t5v0__clkbuf_16)
                                                         clknet_0_clk_i (net)
                      0.277298    0.001106    0.673807 ^ clkbuf_2_1__f_clk_i/I (gf180mcu_fd_sc_mcu7t5v0__clkbuf_16)
     8    0.043398    0.195047    0.453583    1.127390 ^ clkbuf_2_1__f_clk_i/Z (gf180mcu_fd_sc_mcu7t5v0__clkbuf_16)
                                                         clknet_2_1__leaf_clk_i (net)
                      0.195048    0.001007    1.128397 ^ _288_/CLK (gf180mcu_fd_sc_mcu7t5v0__dffsnq_1)
                                  0.250000    1.378397   clock uncertainty
                                  0.000000    1.378397   clock reconvergence pessimism
                                  0.015901    1.394297   library hold time
                                              1.394297   data required time
---------------------------------------------------------------------------------------------
                                              1.394297   data required time
                                             -3.417949   data arrival time
---------------------------------------------------------------------------------------------
                                              2.023652   slack (MET)


Startpoint: _307_ (rising edge-triggered flip-flop clocked by clk_i)
Endpoint: _307_ (rising edge-triggered flip-flop clocked by clk_i)
Path Group: clk_i
Path Type: min

Fanout         Cap        Slew       Delay        Time   Description
---------------------------------------------------------------------------------------------
                                  0.000000    0.000000   clock clk_i (rise edge)
                                  0.000000    0.000000   clock source latency
     1    0.036259    0.309013    0.147338    0.147338 ^ clk_i (in)
                                                         clk_i (net)
                      0.309017    0.000000    0.147338 ^ clkbuf_0_clk_i/I (gf180mcu_fd_sc_mcu7t5v0__clkbuf_16)
     4    0.098105    0.277298    0.525363    0.672701 ^ clkbuf_0_clk_i/Z (gf180mcu_fd_sc_mcu7t5v0__clkbuf_16)
                                                         clknet_0_clk_i (net)
                      0.277298    0.001075    0.673776 ^ clkbuf_2_3__f_clk_i/I (gf180mcu_fd_sc_mcu7t5v0__clkbuf_16)
     9    0.046731    0.200080    0.457702    1.131478 ^ clkbuf_2_3__f_clk_i/Z (gf180mcu_fd_sc_mcu7t5v0__clkbuf_16)
                                                         clknet_2_3__leaf_clk_i (net)
                      0.200080    0.000417    1.131895 ^ _307_/CLK (gf180mcu_fd_sc_mcu7t5v0__dffrnq_1)
     5    0.036059    1.102502    2.209802    3.341697 ^ _307_/Q (gf180mcu_fd_sc_mcu7t5v0__dffrnq_1)
                                                         baud_cnt[14] (net)
                      1.102502    0.000721    3.342418 ^ _217_/A1 (gf180mcu_fd_sc_mcu7t5v0__aoi21_1)
     1    0.004057    0.363065    0.256488    3.598906 v _217_/ZN (gf180mcu_fd_sc_mcu7t5v0__aoi21_1)
                                                         _005_ (net)
                      0.363065    0.000042    3.598948 v _307_/D (gf180mcu_fd_sc_mcu7t5v0__dffrnq_1)
                                              3.598948   data arrival time

                                  0.000000    0.000000   clock clk_i (rise edge)
                                  0.000000    0.000000   clock source latency
     1    0.036259    0.309013    0.147338    0.147338 ^ clk_i (in)
                                                         clk_i (net)
                      0.309017    0.000000    0.147338 ^ clkbuf_0_clk_i/I (gf180mcu_fd_sc_mcu7t5v0__clkbuf_16)
     4    0.098105    0.277298    0.525363    0.672701 ^ clkbuf_0_clk_i/Z (gf180mcu_fd_sc_mcu7t5v0__clkbuf_16)
                                                         clknet_0_clk_i (net)
                      0.277298    0.001075    0.673776 ^ clkbuf_2_3__f_clk_i/I (gf180mcu_fd_sc_mcu7t5v0__clkbuf_16)
     9    0.046731    0.200080    0.457702    1.131478 ^ clkbuf_2_3__f_clk_i/Z (gf180mcu_fd_sc_mcu7t5v0__clkbuf_16)
                                                         clknet_2_3__leaf_clk_i (net)
                      0.200080    0.000417    1.131895 ^ _307_/CLK (gf180mcu_fd_sc_mcu7t5v0__dffrnq_1)
                                  0.250000    1.381895   clock uncertainty
                                  0.000000    1.381895   clock reconvergence pessimism
                                  0.186825    1.568720   library hold time
                                              1.568720   data required time
---------------------------------------------------------------------------------------------
                                              1.568720   data required time
                                             -3.598948   data arrival time
---------------------------------------------------------------------------------------------
                                              2.030228   slack (MET)


Startpoint: _281_ (rising edge-triggered flip-flop clocked by clk_i)
Endpoint: _281_ (rising edge-triggered flip-flop clocked by clk_i)
Path Group: clk_i
Path Type: min

Fanout         Cap        Slew       Delay        Time   Description
---------------------------------------------------------------------------------------------
                                  0.000000    0.000000   clock clk_i (rise edge)
                                  0.000000    0.000000   clock source latency
     1    0.036259    0.309013    0.147338    0.147338 ^ clk_i (in)
                                                         clk_i (net)
                      0.309017    0.000000    0.147338 ^ clkbuf_0_clk_i/I (gf180mcu_fd_sc_mcu7t5v0__clkbuf_16)
     4    0.098105    0.277298    0.525363    0.672701 ^ clkbuf_0_clk_i/Z (gf180mcu_fd_sc_mcu7t5v0__clkbuf_16)
                                                         clknet_0_clk_i (net)
                      0.277298    0.001106    0.673807 ^ clkbuf_2_1__f_clk_i/I (gf180mcu_fd_sc_mcu7t5v0__clkbuf_16)
     8    0.043398    0.195047    0.453583    1.127390 ^ clkbuf_2_1__f_clk_i/Z (gf180mcu_fd_sc_mcu7t5v0__clkbuf_16)
                                                         clknet_2_1__leaf_clk_i (net)
                      0.195048    0.000753    1.128143 ^ _281_/CLK (gf180mcu_fd_sc_mcu7t5v0__dffsnq_1)
     3    0.023006    0.735200    1.709952    2.838096 ^ _281_/Q (gf180mcu_fd_sc_mcu7t5v0__dffsnq_1)
                                                         reg_data[0] (net)
                      0.735200    0.000196    2.838292 ^ _250_/I0 (gf180mcu_fd_sc_mcu7t5v0__mux2_2)
     1    0.004289    0.176728    0.528077    3.366369 ^ _250_/Z (gf180mcu_fd_sc_mcu7t5v0__mux2_2)
                                                         _021_ (net)
                      0.176728    0.000052    3.366420 ^ _281_/D (gf180mcu_fd_sc_mcu7t5v0__dffsnq_1)
                                              3.366420   data arrival time

                                  0.000000    0.000000   clock clk_i (rise edge)
                                  0.000000    0.000000   clock source latency
     1    0.036259    0.309013    0.147338    0.147338 ^ clk_i (in)
                                                         clk_i (net)
                      0.309017    0.000000    0.147338 ^ clkbuf_0_clk_i/I (gf180mcu_fd_sc_mcu7t5v0__clkbuf_16)
     4    0.098105    0.277298    0.525363    0.672701 ^ clkbuf_0_clk_i/Z (gf180mcu_fd_sc_mcu7t5v0__clkbuf_16)
                                                         clknet_0_clk_i (net)
                      0.277298    0.001106    0.673807 ^ clkbuf_2_1__f_clk_i/I (gf180mcu_fd_sc_mcu7t5v0__clkbuf_16)
     8    0.043398    0.195047    0.453583    1.127390 ^ clkbuf_2_1__f_clk_i/Z (gf180mcu_fd_sc_mcu7t5v0__clkbuf_16)
                                                         clknet_2_1__leaf_clk_i (net)
                      0.195048    0.000753    1.128143 ^ _281_/CLK (gf180mcu_fd_sc_mcu7t5v0__dffsnq_1)
                                  0.250000    1.378143   clock uncertainty
                                  0.000000    1.378143   clock reconvergence pessimism
                                 -0.064369    1.313774   library hold time
                                              1.313774   data required time
---------------------------------------------------------------------------------------------
                                              1.313774   data required time
                                             -3.366420   data arrival time
---------------------------------------------------------------------------------------------
                                              2.052646   slack (MET)


Startpoint: _278_ (rising edge-triggered flip-flop clocked by clk_i)
Endpoint: _278_ (rising edge-triggered flip-flop clocked by clk_i)
Path Group: clk_i
Path Type: min

Fanout         Cap        Slew       Delay        Time   Description
---------------------------------------------------------------------------------------------
                                  0.000000    0.000000   clock clk_i (rise edge)
                                  0.000000    0.000000   clock source latency
     1    0.036259    0.309013    0.147338    0.147338 ^ clk_i (in)
                                                         clk_i (net)
                      0.309017    0.000000    0.147338 ^ clkbuf_0_clk_i/I (gf180mcu_fd_sc_mcu7t5v0__clkbuf_16)
     4    0.098105    0.277298    0.525363    0.672701 ^ clkbuf_0_clk_i/Z (gf180mcu_fd_sc_mcu7t5v0__clkbuf_16)
                                                         clknet_0_clk_i (net)
                      0.277298    0.001075    0.673776 ^ clkbuf_2_3__f_clk_i/I (gf180mcu_fd_sc_mcu7t5v0__clkbuf_16)
     9    0.046731    0.200080    0.457702    1.131478 ^ clkbuf_2_3__f_clk_i/Z (gf180mcu_fd_sc_mcu7t5v0__clkbuf_16)
                                                         clknet_2_3__leaf_clk_i (net)
                      0.200080    0.000256    1.131734 ^ _278_/CLK (gf180mcu_fd_sc_mcu7t5v0__dffrnq_1)
     8    0.049872    0.859454    1.767422    2.899157 v _278_/Q (gf180mcu_fd_sc_mcu7t5v0__dffrnq_1)
                                                         CS[0] (net)
                      0.859454    0.000518    2.899674 v _226_/A1 (gf180mcu_fd_sc_mcu7t5v0__nand2_1)
     1    0.006814    0.413485    0.437190    3.336864 ^ _226_/ZN (gf180mcu_fd_sc_mcu7t5v0__nand2_1)
                                                         _099_ (net)
                      0.413485    0.000085    3.336949 ^ _239_/A1 (gf180mcu_fd_sc_mcu7t5v0__aoi21_1)
     1    0.007978    0.340656    0.290574    3.627523 v _239_/ZN (gf180mcu_fd_sc_mcu7t5v0__aoi21_1)
                                                         _018_ (net)
                      0.340656    0.000199    3.627722 v _278_/D (gf180mcu_fd_sc_mcu7t5v0__dffrnq_1)
                                              3.627722   data arrival time

                                  0.000000    0.000000   clock clk_i (rise edge)
                                  0.000000    0.000000   clock source latency
     1    0.036259    0.309013    0.147338    0.147338 ^ clk_i (in)
                                                         clk_i (net)
                      0.309017    0.000000    0.147338 ^ clkbuf_0_clk_i/I (gf180mcu_fd_sc_mcu7t5v0__clkbuf_16)
     4    0.098105    0.277298    0.525363    0.672701 ^ clkbuf_0_clk_i/Z (gf180mcu_fd_sc_mcu7t5v0__clkbuf_16)
                                                         clknet_0_clk_i (net)
                      0.277298    0.001075    0.673776 ^ clkbuf_2_3__f_clk_i/I (gf180mcu_fd_sc_mcu7t5v0__clkbuf_16)
     9    0.046731    0.200080    0.457702    1.131478 ^ clkbuf_2_3__f_clk_i/Z (gf180mcu_fd_sc_mcu7t5v0__clkbuf_16)
                                                         clknet_2_3__leaf_clk_i (net)
                      0.200080    0.000256    1.131734 ^ _278_/CLK (gf180mcu_fd_sc_mcu7t5v0__dffrnq_1)
                                  0.250000    1.381734   clock uncertainty
                                  0.000000    1.381734   clock reconvergence pessimism
                                  0.191759    1.573493   library hold time
                                              1.573493   data required time
---------------------------------------------------------------------------------------------
                                              1.573493   data required time
                                             -3.627722   data arrival time
---------------------------------------------------------------------------------------------
                                              2.054228   slack (MET)


Startpoint: _293_ (rising edge-triggered flip-flop clocked by clk_i)
Endpoint: _293_ (rising edge-triggered flip-flop clocked by clk_i)
Path Group: clk_i
Path Type: min

Fanout         Cap        Slew       Delay        Time   Description
---------------------------------------------------------------------------------------------
                                  0.000000    0.000000   clock clk_i (rise edge)
                                  0.000000    0.000000   clock source latency
     1    0.036259    0.309013    0.147338    0.147338 ^ clk_i (in)
                                                         clk_i (net)
                      0.309017    0.000000    0.147338 ^ clkbuf_0_clk_i/I (gf180mcu_fd_sc_mcu7t5v0__clkbuf_16)
     4    0.098105    0.277298    0.525363    0.672701 ^ clkbuf_0_clk_i/Z (gf180mcu_fd_sc_mcu7t5v0__clkbuf_16)
                                                         clknet_0_clk_i (net)
                      0.277298    0.000846    0.673547 ^ clkbuf_2_0__f_clk_i/I (gf180mcu_fd_sc_mcu7t5v0__clkbuf_16)
     8    0.042636    0.193915    0.452769    1.126316 ^ clkbuf_2_0__f_clk_i/Z (gf180mcu_fd_sc_mcu7t5v0__clkbuf_16)
                                                         clknet_2_0__leaf_clk_i (net)
                      0.193916    0.000908    1.127224 ^ _293_/CLK (gf180mcu_fd_sc_mcu7t5v0__dffrnq_1)
     6    0.044011    1.311871    2.333004    3.460228 ^ _293_/Q (gf180mcu_fd_sc_mcu7t5v0__dffrnq_1)
                                                         baud_cnt[0] (net)
                      1.311871    0.000734    3.460962 ^ _177_/A1 (gf180mcu_fd_sc_mcu7t5v0__nor2_1)
     1    0.003769    0.406901    0.234423    3.695385 v _177_/ZN (gf180mcu_fd_sc_mcu7t5v0__nor2_1)
                                                         _000_ (net)
                      0.406901    0.000038    3.695424 v _293_/D (gf180mcu_fd_sc_mcu7t5v0__dffrnq_1)
                                              3.695424   data arrival time

                                  0.000000    0.000000   clock clk_i (rise edge)
                                  0.000000    0.000000   clock source latency
     1    0.036259    0.309013    0.147338    0.147338 ^ clk_i (in)
                                                         clk_i (net)
                      0.309017    0.000000    0.147338 ^ clkbuf_0_clk_i/I (gf180mcu_fd_sc_mcu7t5v0__clkbuf_16)
     4    0.098105    0.277298    0.525363    0.672701 ^ clkbuf_0_clk_i/Z (gf180mcu_fd_sc_mcu7t5v0__clkbuf_16)
                                                         clknet_0_clk_i (net)
                      0.277298    0.000846    0.673547 ^ clkbuf_2_0__f_clk_i/I (gf180mcu_fd_sc_mcu7t5v0__clkbuf_16)
     8    0.042636    0.193915    0.452769    1.126316 ^ clkbuf_2_0__f_clk_i/Z (gf180mcu_fd_sc_mcu7t5v0__clkbuf_16)
                                                         clknet_2_0__leaf_clk_i (net)
                      0.193916    0.000908    1.127224 ^ _293_/CLK (gf180mcu_fd_sc_mcu7t5v0__dffrnq_1)
                                  0.250000    1.377224   clock uncertainty
                                  0.000000    1.377224   clock reconvergence pessimism
                                  0.175837    1.553061   library hold time
                                              1.553061   data required time
---------------------------------------------------------------------------------------------
                                              1.553061   data required time
                                             -3.695424   data arrival time
---------------------------------------------------------------------------------------------
                                              2.142362   slack (MET)


Startpoint: _289_ (rising edge-triggered flip-flop clocked by clk_i)
Endpoint: _289_ (rising edge-triggered flip-flop clocked by clk_i)
Path Group: clk_i
Path Type: min

Fanout         Cap        Slew       Delay        Time   Description
---------------------------------------------------------------------------------------------
                                  0.000000    0.000000   clock clk_i (rise edge)
                                  0.000000    0.000000   clock source latency
     1    0.036259    0.309013    0.147338    0.147338 ^ clk_i (in)
                                                         clk_i (net)
                      0.309017    0.000000    0.147338 ^ clkbuf_0_clk_i/I (gf180mcu_fd_sc_mcu7t5v0__clkbuf_16)
     4    0.098105    0.277298    0.525363    0.672701 ^ clkbuf_0_clk_i/Z (gf180mcu_fd_sc_mcu7t5v0__clkbuf_16)
                                                         clknet_0_clk_i (net)
                      0.277298    0.001106    0.673807 ^ clkbuf_2_1__f_clk_i/I (gf180mcu_fd_sc_mcu7t5v0__clkbuf_16)
     8    0.043398    0.195047    0.453583    1.127390 ^ clkbuf_2_1__f_clk_i/Z (gf180mcu_fd_sc_mcu7t5v0__clkbuf_16)
                                                         clknet_2_1__leaf_clk_i (net)
                      0.195047    0.000219    1.127609 ^ _289_/CLK (gf180mcu_fd_sc_mcu7t5v0__dffrnq_1)
     1    0.006078    0.215411    1.303637    2.431246 v _289_/Q (gf180mcu_fd_sc_mcu7t5v0__dffrnq_1)
                                                         reg_bit_count[0] (net)
                      0.215411    0.000124    2.431370 v _142_/I (gf180mcu_fd_sc_mcu7t5v0__clkinv_1)
     5    0.030950    0.917473    0.599152    3.030522 ^ _142_/ZN (gf180mcu_fd_sc_mcu7t5v0__clkinv_1)
                                                         _035_ (net)
                      0.917473    0.000745    3.031267 ^ _267_/S (gf180mcu_fd_sc_mcu7t5v0__mux2_2)
     1    0.004562    0.180236    0.550643    3.581910 ^ _267_/Z (gf180mcu_fd_sc_mcu7t5v0__mux2_2)
                                                         _129_ (net)
                      0.180236    0.000085    3.581995 ^ _268_/I (gf180mcu_fd_sc_mcu7t5v0__clkinv_1)
     1    0.003677    0.182249    0.168187    3.750182 v _268_/ZN (gf180mcu_fd_sc_mcu7t5v0__clkinv_1)
                                                         _029_ (net)
                      0.182249    0.000039    3.750221 v _289_/D (gf180mcu_fd_sc_mcu7t5v0__dffrnq_1)
                                              3.750221   data arrival time

                                  0.000000    0.000000   clock clk_i (rise edge)
                                  0.000000    0.000000   clock source latency
     1    0.036259    0.309013    0.147338    0.147338 ^ clk_i (in)
                                                         clk_i (net)
                      0.309017    0.000000    0.147338 ^ clkbuf_0_clk_i/I (gf180mcu_fd_sc_mcu7t5v0__clkbuf_16)
     4    0.098105    0.277298    0.525363    0.672701 ^ clkbuf_0_clk_i/Z (gf180mcu_fd_sc_mcu7t5v0__clkbuf_16)
                                                         clknet_0_clk_i (net)
                      0.277298    0.001106    0.673807 ^ clkbuf_2_1__f_clk_i/I (gf180mcu_fd_sc_mcu7t5v0__clkbuf_16)
     8    0.043398    0.195047    0.453583    1.127390 ^ clkbuf_2_1__f_clk_i/Z (gf180mcu_fd_sc_mcu7t5v0__clkbuf_16)
                                                         clknet_2_1__leaf_clk_i (net)
                      0.195047    0.000219    1.127609 ^ _289_/CLK (gf180mcu_fd_sc_mcu7t5v0__dffrnq_1)
                                  0.250000    1.377609   clock uncertainty
                                  0.000000    1.377609   clock reconvergence pessimism
                                  0.228154    1.605763   library hold time
                                              1.605763   data required time
---------------------------------------------------------------------------------------------
                                              1.605763   data required time
                                             -3.750221   data arrival time
---------------------------------------------------------------------------------------------
                                              2.144458   slack (MET)


Startpoint: _279_ (rising edge-triggered flip-flop clocked by clk_i)
Endpoint: _279_ (rising edge-triggered flip-flop clocked by clk_i)
Path Group: clk_i
Path Type: min

Fanout         Cap        Slew       Delay        Time   Description
---------------------------------------------------------------------------------------------
                                  0.000000    0.000000   clock clk_i (rise edge)
                                  0.000000    0.000000   clock source latency
     1    0.036259    0.309013    0.147338    0.147338 ^ clk_i (in)
                                                         clk_i (net)
                      0.309017    0.000000    0.147338 ^ clkbuf_0_clk_i/I (gf180mcu_fd_sc_mcu7t5v0__clkbuf_16)
     4    0.098105    0.277298    0.525363    0.672701 ^ clkbuf_0_clk_i/Z (gf180mcu_fd_sc_mcu7t5v0__clkbuf_16)
                                                         clknet_0_clk_i (net)
                      0.277298    0.001075    0.673776 ^ clkbuf_2_3__f_clk_i/I (gf180mcu_fd_sc_mcu7t5v0__clkbuf_16)
     9    0.046731    0.200080    0.457702    1.131478 ^ clkbuf_2_3__f_clk_i/Z (gf180mcu_fd_sc_mcu7t5v0__clkbuf_16)
                                                         clknet_2_3__leaf_clk_i (net)
                      0.200080    0.000099    1.131577 ^ _279_/CLK (gf180mcu_fd_sc_mcu7t5v0__dffrnq_1)
     7    0.043042    0.753379    1.700733    2.832310 v _279_/Q (gf180mcu_fd_sc_mcu7t5v0__dffrnq_1)
                                                         CS[1] (net)
                      0.753380    0.000993    2.833303 v _140_/I (gf180mcu_fd_sc_mcu7t5v0__clkinv_1)
     5    0.032288    0.974543    0.785013    3.618316 ^ _140_/ZN (gf180mcu_fd_sc_mcu7t5v0__clkinv_1)
                                                         _033_ (net)
                      0.974543    0.000597    3.618913 ^ _241_/A1 (gf180mcu_fd_sc_mcu7t5v0__aoi211_1)
     1    0.004537    0.331933    0.334516    3.953429 v _241_/ZN (gf180mcu_fd_sc_mcu7t5v0__aoi211_1)
                                                         _019_ (net)
                      0.331933    0.000088    3.953518 v _279_/D (gf180mcu_fd_sc_mcu7t5v0__dffrnq_1)
                                              3.953518   data arrival time

                                  0.000000    0.000000   clock clk_i (rise edge)
                                  0.000000    0.000000   clock source latency
     1    0.036259    0.309013    0.147338    0.147338 ^ clk_i (in)
                                                         clk_i (net)
                      0.309017    0.000000    0.147338 ^ clkbuf_0_clk_i/I (gf180mcu_fd_sc_mcu7t5v0__clkbuf_16)
     4    0.098105    0.277298    0.525363    0.672701 ^ clkbuf_0_clk_i/Z (gf180mcu_fd_sc_mcu7t5v0__clkbuf_16)
                                                         clknet_0_clk_i (net)
                      0.277298    0.001075    0.673776 ^ clkbuf_2_3__f_clk_i/I (gf180mcu_fd_sc_mcu7t5v0__clkbuf_16)
     9    0.046731    0.200080    0.457702    1.131478 ^ clkbuf_2_3__f_clk_i/Z (gf180mcu_fd_sc_mcu7t5v0__clkbuf_16)
                                                         clknet_2_3__leaf_clk_i (net)
                      0.200080    0.000099    1.131577 ^ _279_/CLK (gf180mcu_fd_sc_mcu7t5v0__dffrnq_1)
                                  0.250000    1.381577   clock uncertainty
                                  0.000000    1.381577   clock reconvergence pessimism
                                  0.193680    1.575257   library hold time
                                              1.575257   data required time
---------------------------------------------------------------------------------------------
                                              1.575257   data required time
                                             -3.953518   data arrival time
---------------------------------------------------------------------------------------------
                                              2.378261   slack (MET)


Startpoint: _280_ (rising edge-triggered flip-flop clocked by clk_i)
Endpoint: _280_ (rising edge-triggered flip-flop clocked by clk_i)
Path Group: clk_i
Path Type: min

Fanout         Cap        Slew       Delay        Time   Description
---------------------------------------------------------------------------------------------
                                  0.000000    0.000000   clock clk_i (rise edge)
                                  0.000000    0.000000   clock source latency
     1    0.036259    0.309013    0.147338    0.147338 ^ clk_i (in)
                                                         clk_i (net)
                      0.309017    0.000000    0.147338 ^ clkbuf_0_clk_i/I (gf180mcu_fd_sc_mcu7t5v0__clkbuf_16)
     4    0.098105    0.277298    0.525363    0.672701 ^ clkbuf_0_clk_i/Z (gf180mcu_fd_sc_mcu7t5v0__clkbuf_16)
                                                         clknet_0_clk_i (net)
                      0.277298    0.001075    0.673776 ^ clkbuf_2_3__f_clk_i/I (gf180mcu_fd_sc_mcu7t5v0__clkbuf_16)
     9    0.046731    0.200080    0.457702    1.131478 ^ clkbuf_2_3__f_clk_i/Z (gf180mcu_fd_sc_mcu7t5v0__clkbuf_16)
                                                         clknet_2_3__leaf_clk_i (net)
                      0.200080    0.000160    1.131638 ^ _280_/CLK (gf180mcu_fd_sc_mcu7t5v0__dffrnq_1)
     9    0.059333    1.006186    1.858655    2.990293 v _280_/Q (gf180mcu_fd_sc_mcu7t5v0__dffrnq_1)
                                                         CS[2] (net)
                      1.006192    0.001413    2.991706 v _138_/I (gf180mcu_fd_sc_mcu7t5v0__clkinv_1)
     3    0.018663    0.691234    0.644512    3.636219 ^ _138_/ZN (gf180mcu_fd_sc_mcu7t5v0__clkinv_1)
                                                         _136_ (net)
                      0.691234    0.000232    3.636450 ^ _244_/A1 (gf180mcu_fd_sc_mcu7t5v0__aoi211_1)
     1    0.004613    0.333936    0.317226    3.953676 v _244_/ZN (gf180mcu_fd_sc_mcu7t5v0__aoi211_1)
                                                         _020_ (net)
                      0.333936    0.000091    3.953767 v _280_/D (gf180mcu_fd_sc_mcu7t5v0__dffrnq_1)
                                              3.953767   data arrival time

                                  0.000000    0.000000   clock clk_i (rise edge)
                                  0.000000    0.000000   clock source latency
     1    0.036259    0.309013    0.147338    0.147338 ^ clk_i (in)
                                                         clk_i (net)
                      0.309017    0.000000    0.147338 ^ clkbuf_0_clk_i/I (gf180mcu_fd_sc_mcu7t5v0__clkbuf_16)
     4    0.098105    0.277298    0.525363    0.672701 ^ clkbuf_0_clk_i/Z (gf180mcu_fd_sc_mcu7t5v0__clkbuf_16)
                                                         clknet_0_clk_i (net)
                      0.277298    0.001075    0.673776 ^ clkbuf_2_3__f_clk_i/I (gf180mcu_fd_sc_mcu7t5v0__clkbuf_16)
     9    0.046731    0.200080    0.457702    1.131478 ^ clkbuf_2_3__f_clk_i/Z (gf180mcu_fd_sc_mcu7t5v0__clkbuf_16)
                                                         clknet_2_3__leaf_clk_i (net)
                      0.200080    0.000160    1.131638 ^ _280_/CLK (gf180mcu_fd_sc_mcu7t5v0__dffrnq_1)
                                  0.250000    1.381638   clock uncertainty
                                  0.000000    1.381638   clock reconvergence pessimism
                                  0.193239    1.574877   library hold time
                                              1.574877   data required time
---------------------------------------------------------------------------------------------
                                              1.574877   data required time
                                             -3.953767   data arrival time
---------------------------------------------------------------------------------------------
                                              2.378890   slack (MET)


Startpoint: _279_ (rising edge-triggered flip-flop clocked by clk_i)
Endpoint: _309_ (rising edge-triggered flip-flop clocked by clk_i)
Path Group: clk_i
Path Type: min

Fanout         Cap        Slew       Delay        Time   Description
---------------------------------------------------------------------------------------------
                                  0.000000    0.000000   clock clk_i (rise edge)
                                  0.000000    0.000000   clock source latency
     1    0.036259    0.309013    0.147338    0.147338 ^ clk_i (in)
                                                         clk_i (net)
                      0.309017    0.000000    0.147338 ^ clkbuf_0_clk_i/I (gf180mcu_fd_sc_mcu7t5v0__clkbuf_16)
     4    0.098105    0.277298    0.525363    0.672701 ^ clkbuf_0_clk_i/Z (gf180mcu_fd_sc_mcu7t5v0__clkbuf_16)
                                                         clknet_0_clk_i (net)
                      0.277298    0.001075    0.673776 ^ clkbuf_2_3__f_clk_i/I (gf180mcu_fd_sc_mcu7t5v0__clkbuf_16)
     9    0.046731    0.200080    0.457702    1.131478 ^ clkbuf_2_3__f_clk_i/Z (gf180mcu_fd_sc_mcu7t5v0__clkbuf_16)
                                                         clknet_2_3__leaf_clk_i (net)
                      0.200080    0.000099    1.131577 ^ _279_/CLK (gf180mcu_fd_sc_mcu7t5v0__dffrnq_1)
     7    0.043042    1.286139    2.319016    3.450593 ^ _279_/Q (gf180mcu_fd_sc_mcu7t5v0__dffrnq_1)
                                                         CS[1] (net)
                      1.286144    0.001419    3.452012 ^ _150_/A2 (gf180mcu_fd_sc_mcu7t5v0__aoi21_1)
     3    0.019351    0.724986    0.518920    3.970932 v _150_/ZN (gf180mcu_fd_sc_mcu7t5v0__aoi21_1)
                                                         _042_ (net)
                      0.724986    0.000403    3.971335 v _174_/A1 (gf180mcu_fd_sc_mcu7t5v0__and2_1)
     1    0.003447    0.189596    0.584345    4.555681 v _174_/Z (gf180mcu_fd_sc_mcu7t5v0__and2_1)
                                                         _016_ (net)
                      0.189596    0.000034    4.555715 v _309_/D (gf180mcu_fd_sc_mcu7t5v0__dffrnq_1)
                                              4.555715   data arrival time

                                  0.000000    0.000000   clock clk_i (rise edge)
                                  0.000000    0.000000   clock source latency
     1    0.036259    0.309013    0.147338    0.147338 ^ clk_i (in)
                                                         clk_i (net)
                      0.309017    0.000000    0.147338 ^ clkbuf_0_clk_i/I (gf180mcu_fd_sc_mcu7t5v0__clkbuf_16)
     4    0.098105    0.277298    0.525363    0.672701 ^ clkbuf_0_clk_i/Z (gf180mcu_fd_sc_mcu7t5v0__clkbuf_16)
                                                         clknet_0_clk_i (net)
                      0.277298    0.001075    0.673776 ^ clkbuf_2_3__f_clk_i/I (gf180mcu_fd_sc_mcu7t5v0__clkbuf_16)
     9    0.046731    0.200080    0.457702    1.131478 ^ clkbuf_2_3__f_clk_i/Z (gf180mcu_fd_sc_mcu7t5v0__clkbuf_16)
                                                         clknet_2_3__leaf_clk_i (net)
                      0.200080    0.000405    1.131883 ^ _309_/CLK (gf180mcu_fd_sc_mcu7t5v0__dffrnq_1)
                                  0.250000    1.381883   clock uncertainty
                                  0.000000    1.381883   clock reconvergence pessimism
                                  0.227211    1.609093   library hold time
                                              1.609093   data required time
---------------------------------------------------------------------------------------------
                                              1.609093   data required time
                                             -4.555715   data arrival time
---------------------------------------------------------------------------------------------
                                              2.946621   slack (MET)


Startpoint: rstn_i (input port clocked by clk_i)
Endpoint: _307_ (removal check against rising-edge clock clk_i)
Path Group: asynchronous
Path Type: min

Fanout         Cap        Slew       Delay        Time   Description
---------------------------------------------------------------------------------------------
                                  0.000000    0.000000   clock clk_i (rise edge)
                                  0.000000    0.000000   clock network delay (propagated)
                                  4.000000    4.000000 ^ input external delay
     1    0.004720    0.216836    0.075813    4.075813 ^ rstn_i (in)
                                                         rstn_i (net)
                      0.216836    0.000000    4.075813 ^ input22/I (gf180mcu_fd_sc_mcu7t5v0__dlyb_1)
     1    0.004676    0.294932    1.684947    5.760760 ^ input22/Z (gf180mcu_fd_sc_mcu7t5v0__dlyb_1)
                                                         net22 (net)
                      0.294932    0.000057    5.760818 ^ fanout46/I (gf180mcu_fd_sc_mcu7t5v0__dlyb_1)
     7    0.073974    2.103177    2.795901    8.556718 ^ fanout46/Z (gf180mcu_fd_sc_mcu7t5v0__dlyb_1)
                                                         net46 (net)
                      2.103186    0.002455    8.559174 ^ _307_/RN (gf180mcu_fd_sc_mcu7t5v0__dffrnq_1)
                                              8.559174   data arrival time

                                  0.000000    0.000000   clock clk_i (rise edge)
                                  0.000000    0.000000   clock source latency
     1    0.036259    0.309013    0.147338    0.147338 ^ clk_i (in)
                                                         clk_i (net)
                      0.309017    0.000000    0.147338 ^ clkbuf_0_clk_i/I (gf180mcu_fd_sc_mcu7t5v0__clkbuf_16)
     4    0.098105    0.277298    0.525363    0.672701 ^ clkbuf_0_clk_i/Z (gf180mcu_fd_sc_mcu7t5v0__clkbuf_16)
                                                         clknet_0_clk_i (net)
                      0.277298    0.001075    0.673776 ^ clkbuf_2_3__f_clk_i/I (gf180mcu_fd_sc_mcu7t5v0__clkbuf_16)
     9    0.046731    0.200080    0.457702    1.131478 ^ clkbuf_2_3__f_clk_i/Z (gf180mcu_fd_sc_mcu7t5v0__clkbuf_16)
                                                         clknet_2_3__leaf_clk_i (net)
                      0.200080    0.000417    1.131895 ^ _307_/CLK (gf180mcu_fd_sc_mcu7t5v0__dffrnq_1)
                                  0.250000    1.381895   clock uncertainty
                                  0.000000    1.381895   clock reconvergence pessimism
                                  0.825698    2.207593   library removal time
                                              2.207593   data required time
---------------------------------------------------------------------------------------------
                                              2.207593   data required time
                                             -8.559174   data arrival time
---------------------------------------------------------------------------------------------
                                              6.351580   slack (MET)


Startpoint: rstn_i (input port clocked by clk_i)
Endpoint: _309_ (removal check against rising-edge clock clk_i)
Path Group: asynchronous
Path Type: min

Fanout         Cap        Slew       Delay        Time   Description
---------------------------------------------------------------------------------------------
                                  0.000000    0.000000   clock clk_i (rise edge)
                                  0.000000    0.000000   clock network delay (propagated)
                                  4.000000    4.000000 ^ input external delay
     1    0.004720    0.216836    0.075813    4.075813 ^ rstn_i (in)
                                                         rstn_i (net)
                      0.216836    0.000000    4.075813 ^ input22/I (gf180mcu_fd_sc_mcu7t5v0__dlyb_1)
     1    0.004676    0.294932    1.684947    5.760760 ^ input22/Z (gf180mcu_fd_sc_mcu7t5v0__dlyb_1)
                                                         net22 (net)
                      0.294932    0.000057    5.760818 ^ fanout46/I (gf180mcu_fd_sc_mcu7t5v0__dlyb_1)
     7    0.073974    2.103177    2.795901    8.556718 ^ fanout46/Z (gf180mcu_fd_sc_mcu7t5v0__dlyb_1)
                                                         net46 (net)
                      2.103185    0.002443    8.559161 ^ _309_/RN (gf180mcu_fd_sc_mcu7t5v0__dffrnq_1)
                                              8.559161   data arrival time

                                  0.000000    0.000000   clock clk_i (rise edge)
                                  0.000000    0.000000   clock source latency
     1    0.036259    0.309013    0.147338    0.147338 ^ clk_i (in)
                                                         clk_i (net)
                      0.309017    0.000000    0.147338 ^ clkbuf_0_clk_i/I (gf180mcu_fd_sc_mcu7t5v0__clkbuf_16)
     4    0.098105    0.277298    0.525363    0.672701 ^ clkbuf_0_clk_i/Z (gf180mcu_fd_sc_mcu7t5v0__clkbuf_16)
                                                         clknet_0_clk_i (net)
                      0.277298    0.001075    0.673776 ^ clkbuf_2_3__f_clk_i/I (gf180mcu_fd_sc_mcu7t5v0__clkbuf_16)
     9    0.046731    0.200080    0.457702    1.131478 ^ clkbuf_2_3__f_clk_i/Z (gf180mcu_fd_sc_mcu7t5v0__clkbuf_16)
                                                         clknet_2_3__leaf_clk_i (net)
                      0.200080    0.000405    1.131883 ^ _309_/CLK (gf180mcu_fd_sc_mcu7t5v0__dffrnq_1)
                                  0.250000    1.381883   clock uncertainty
                                  0.000000    1.381883   clock reconvergence pessimism
                                  0.825698    2.207581   library removal time
                                              2.207581   data required time
---------------------------------------------------------------------------------------------
                                              2.207581   data required time
                                             -8.559161   data arrival time
---------------------------------------------------------------------------------------------
                                              6.351581   slack (MET)


Startpoint: rstn_i (input port clocked by clk_i)
Endpoint: _308_ (removal check against rising-edge clock clk_i)
Path Group: asynchronous
Path Type: min

Fanout         Cap        Slew       Delay        Time   Description
---------------------------------------------------------------------------------------------
                                  0.000000    0.000000   clock clk_i (rise edge)
                                  0.000000    0.000000   clock network delay (propagated)
                                  4.000000    4.000000 ^ input external delay
     1    0.004720    0.216836    0.075813    4.075813 ^ rstn_i (in)
                                                         rstn_i (net)
                      0.216836    0.000000    4.075813 ^ input22/I (gf180mcu_fd_sc_mcu7t5v0__dlyb_1)
     1    0.004676    0.294932    1.684947    5.760760 ^ input22/Z (gf180mcu_fd_sc_mcu7t5v0__dlyb_1)
                                                         net22 (net)
                      0.294932    0.000057    5.760818 ^ fanout46/I (gf180mcu_fd_sc_mcu7t5v0__dlyb_1)
     7    0.073974    2.103177    2.795901    8.556718 ^ fanout46/Z (gf180mcu_fd_sc_mcu7t5v0__dlyb_1)
                                                         net46 (net)
                      2.103188    0.002728    8.559446 ^ _308_/RN (gf180mcu_fd_sc_mcu7t5v0__dffrnq_1)
                                              8.559446   data arrival time

                                  0.000000    0.000000   clock clk_i (rise edge)
                                  0.000000    0.000000   clock source latency
     1    0.036259    0.309013    0.147338    0.147338 ^ clk_i (in)
                                                         clk_i (net)
                      0.309017    0.000000    0.147338 ^ clkbuf_0_clk_i/I (gf180mcu_fd_sc_mcu7t5v0__clkbuf_16)
     4    0.098105    0.277298    0.525363    0.672701 ^ clkbuf_0_clk_i/Z (gf180mcu_fd_sc_mcu7t5v0__clkbuf_16)
                                                         clknet_0_clk_i (net)
                      0.277298    0.001075    0.673776 ^ clkbuf_2_3__f_clk_i/I (gf180mcu_fd_sc_mcu7t5v0__clkbuf_16)
     9    0.046731    0.200080    0.457702    1.131478 ^ clkbuf_2_3__f_clk_i/Z (gf180mcu_fd_sc_mcu7t5v0__clkbuf_16)
                                                         clknet_2_3__leaf_clk_i (net)
                      0.200080    0.000484    1.131962 ^ _308_/CLK (gf180mcu_fd_sc_mcu7t5v0__dffrnq_1)
                                  0.250000    1.381962   clock uncertainty
                                  0.000000    1.381962   clock reconvergence pessimism
                                  0.825698    2.207660   library removal time
                                              2.207660   data required time
---------------------------------------------------------------------------------------------
                                              2.207660   data required time
                                             -8.559446   data arrival time
---------------------------------------------------------------------------------------------
                                              6.351787   slack (MET)


Startpoint: rstn_i (input port clocked by clk_i)
Endpoint: _306_ (removal check against rising-edge clock clk_i)
Path Group: asynchronous
Path Type: min

Fanout         Cap        Slew       Delay        Time   Description
---------------------------------------------------------------------------------------------
                                  0.000000    0.000000   clock clk_i (rise edge)
                                  0.000000    0.000000   clock network delay (propagated)
                                  4.000000    4.000000 ^ input external delay
     1    0.004720    0.216836    0.075813    4.075813 ^ rstn_i (in)
                                                         rstn_i (net)
                      0.216836    0.000000    4.075813 ^ input22/I (gf180mcu_fd_sc_mcu7t5v0__dlyb_1)
     1    0.004676    0.294932    1.684947    5.760760 ^ input22/Z (gf180mcu_fd_sc_mcu7t5v0__dlyb_1)
                                                         net22 (net)
                      0.294932    0.000057    5.760818 ^ fanout46/I (gf180mcu_fd_sc_mcu7t5v0__dlyb_1)
     7    0.073974    2.103177    2.795901    8.556718 ^ fanout46/Z (gf180mcu_fd_sc_mcu7t5v0__dlyb_1)
                                                         net46 (net)
                      2.103189    0.002912    8.559630 ^ _306_/RN (gf180mcu_fd_sc_mcu7t5v0__dffrnq_1)
                                              8.559630   data arrival time

                                  0.000000    0.000000   clock clk_i (rise edge)
                                  0.000000    0.000000   clock source latency
     1    0.036259    0.309013    0.147338    0.147338 ^ clk_i (in)
                                                         clk_i (net)
                      0.309017    0.000000    0.147338 ^ clkbuf_0_clk_i/I (gf180mcu_fd_sc_mcu7t5v0__clkbuf_16)
     4    0.098105    0.277298    0.525363    0.672701 ^ clkbuf_0_clk_i/Z (gf180mcu_fd_sc_mcu7t5v0__clkbuf_16)
                                                         clknet_0_clk_i (net)
                      0.277298    0.001075    0.673776 ^ clkbuf_2_3__f_clk_i/I (gf180mcu_fd_sc_mcu7t5v0__clkbuf_16)
     9    0.046731    0.200080    0.457702    1.131478 ^ clkbuf_2_3__f_clk_i/Z (gf180mcu_fd_sc_mcu7t5v0__clkbuf_16)
                                                         clknet_2_3__leaf_clk_i (net)
                      0.200080    0.000430    1.131908 ^ _306_/CLK (gf180mcu_fd_sc_mcu7t5v0__dffrnq_1)
                                  0.250000    1.381908   clock uncertainty
                                  0.000000    1.381908   clock reconvergence pessimism
                                  0.825698    2.207607   library removal time
                                              2.207607   data required time
---------------------------------------------------------------------------------------------
                                              2.207607   data required time
                                             -8.559630   data arrival time
---------------------------------------------------------------------------------------------
                                              6.352024   slack (MET)


Startpoint: rstn_i (input port clocked by clk_i)
Endpoint: _291_ (removal check against rising-edge clock clk_i)
Path Group: asynchronous
Path Type: min

Fanout         Cap        Slew       Delay        Time   Description
---------------------------------------------------------------------------------------------
                                  0.000000    0.000000   clock clk_i (rise edge)
                                  0.000000    0.000000   clock network delay (propagated)
                                  4.000000    4.000000 ^ input external delay
     1    0.004720    0.216836    0.075813    4.075813 ^ rstn_i (in)
                                                         rstn_i (net)
                      0.216836    0.000000    4.075813 ^ input22/I (gf180mcu_fd_sc_mcu7t5v0__dlyb_1)
     1    0.004676    0.294932    1.684947    5.760760 ^ input22/Z (gf180mcu_fd_sc_mcu7t5v0__dlyb_1)
                                                         net22 (net)
                      0.294932    0.000057    5.760818 ^ fanout46/I (gf180mcu_fd_sc_mcu7t5v0__dlyb_1)
     7    0.073974    2.103177    2.795901    8.556718 ^ fanout46/Z (gf180mcu_fd_sc_mcu7t5v0__dlyb_1)
                                                         net46 (net)
                      2.103177    0.000486    8.557204 ^ fanout44/I (gf180mcu_fd_sc_mcu7t5v0__dlyb_1)
     8    0.079134    2.242869    2.927831   11.485036 ^ fanout44/Z (gf180mcu_fd_sc_mcu7t5v0__dlyb_1)
                                                         net44 (net)
                      2.242869    0.000407   11.485442 ^ _291_/RN (gf180mcu_fd_sc_mcu7t5v0__dffrnq_1)
                                             11.485442   data arrival time

                                  0.000000    0.000000   clock clk_i (rise edge)
                                  0.000000    0.000000   clock source latency
     1    0.036259    0.309013    0.147338    0.147338 ^ clk_i (in)
                                                         clk_i (net)
                      0.309017    0.000000    0.147338 ^ clkbuf_0_clk_i/I (gf180mcu_fd_sc_mcu7t5v0__clkbuf_16)
     4    0.098105    0.277298    0.525363    0.672701 ^ clkbuf_0_clk_i/Z (gf180mcu_fd_sc_mcu7t5v0__clkbuf_16)
                                                         clknet_0_clk_i (net)
                      0.277298    0.001106    0.673807 ^ clkbuf_2_1__f_clk_i/I (gf180mcu_fd_sc_mcu7t5v0__clkbuf_16)
     8    0.043398    0.195047    0.453583    1.127390 ^ clkbuf_2_1__f_clk_i/Z (gf180mcu_fd_sc_mcu7t5v0__clkbuf_16)
                                                         clknet_2_1__leaf_clk_i (net)
                      0.195050    0.001502    1.128892 ^ _291_/CLK (gf180mcu_fd_sc_mcu7t5v0__dffrnq_1)
                                  0.250000    1.378892   clock uncertainty
                                  0.000000    1.378892   clock reconvergence pessimism
                                  0.834809    2.213701   library removal time
                                              2.213701   data required time
---------------------------------------------------------------------------------------------
                                              2.213701   data required time
                                            -11.485442   data arrival time
---------------------------------------------------------------------------------------------
                                              9.271741   slack (MET)


Startpoint: rstn_i (input port clocked by clk_i)
Endpoint: _290_ (removal check against rising-edge clock clk_i)
Path Group: asynchronous
Path Type: min

Fanout         Cap        Slew       Delay        Time   Description
---------------------------------------------------------------------------------------------
                                  0.000000    0.000000   clock clk_i (rise edge)
                                  0.000000    0.000000   clock network delay (propagated)
                                  4.000000    4.000000 ^ input external delay
     1    0.004720    0.216836    0.075813    4.075813 ^ rstn_i (in)
                                                         rstn_i (net)
                      0.216836    0.000000    4.075813 ^ input22/I (gf180mcu_fd_sc_mcu7t5v0__dlyb_1)
     1    0.004676    0.294932    1.684947    5.760760 ^ input22/Z (gf180mcu_fd_sc_mcu7t5v0__dlyb_1)
                                                         net22 (net)
                      0.294932    0.000057    5.760818 ^ fanout46/I (gf180mcu_fd_sc_mcu7t5v0__dlyb_1)
     7    0.073974    2.103177    2.795901    8.556718 ^ fanout46/Z (gf180mcu_fd_sc_mcu7t5v0__dlyb_1)
                                                         net46 (net)
                      2.103177    0.000486    8.557204 ^ fanout44/I (gf180mcu_fd_sc_mcu7t5v0__dlyb_1)
     8    0.079134    2.242869    2.927831   11.485036 ^ fanout44/Z (gf180mcu_fd_sc_mcu7t5v0__dlyb_1)
                                                         net44 (net)
                      2.242869    0.000946   11.485981 ^ _290_/RN (gf180mcu_fd_sc_mcu7t5v0__dffrnq_1)
                                             11.485981   data arrival time

                                  0.000000    0.000000   clock clk_i (rise edge)
                                  0.000000    0.000000   clock source latency
     1    0.036259    0.309013    0.147338    0.147338 ^ clk_i (in)
                                                         clk_i (net)
                      0.309017    0.000000    0.147338 ^ clkbuf_0_clk_i/I (gf180mcu_fd_sc_mcu7t5v0__clkbuf_16)
     4    0.098105    0.277298    0.525363    0.672701 ^ clkbuf_0_clk_i/Z (gf180mcu_fd_sc_mcu7t5v0__clkbuf_16)
                                                         clknet_0_clk_i (net)
                      0.277298    0.001106    0.673807 ^ clkbuf_2_1__f_clk_i/I (gf180mcu_fd_sc_mcu7t5v0__clkbuf_16)
     8    0.043398    0.195047    0.453583    1.127390 ^ clkbuf_2_1__f_clk_i/Z (gf180mcu_fd_sc_mcu7t5v0__clkbuf_16)
                                                         clknet_2_1__leaf_clk_i (net)
                      0.195050    0.001518    1.128908 ^ _290_/CLK (gf180mcu_fd_sc_mcu7t5v0__dffrnq_1)
                                  0.250000    1.378908   clock uncertainty
                                  0.000000    1.378908   clock reconvergence pessimism
                                  0.834809    2.213717   library removal time
                                              2.213717   data required time
---------------------------------------------------------------------------------------------
                                              2.213717   data required time
                                            -11.485981   data arrival time
---------------------------------------------------------------------------------------------
                                              9.272264   slack (MET)


Startpoint: rstn_i (input port clocked by clk_i)
Endpoint: _292_ (removal check against rising-edge clock clk_i)
Path Group: asynchronous
Path Type: min

Fanout         Cap        Slew       Delay        Time   Description
---------------------------------------------------------------------------------------------
                                  0.000000    0.000000   clock clk_i (rise edge)
                                  0.000000    0.000000   clock network delay (propagated)
                                  4.000000    4.000000 ^ input external delay
     1    0.004720    0.216836    0.075813    4.075813 ^ rstn_i (in)
                                                         rstn_i (net)
                      0.216836    0.000000    4.075813 ^ input22/I (gf180mcu_fd_sc_mcu7t5v0__dlyb_1)
     1    0.004676    0.294932    1.684947    5.760760 ^ input22/Z (gf180mcu_fd_sc_mcu7t5v0__dlyb_1)
                                                         net22 (net)
                      0.294932    0.000057    5.760818 ^ fanout46/I (gf180mcu_fd_sc_mcu7t5v0__dlyb_1)
     7    0.073974    2.103177    2.795901    8.556718 ^ fanout46/Z (gf180mcu_fd_sc_mcu7t5v0__dlyb_1)
                                                         net46 (net)
                      2.103177    0.000486    8.557204 ^ fanout44/I (gf180mcu_fd_sc_mcu7t5v0__dlyb_1)
     8    0.079134    2.242869    2.927831   11.485036 ^ fanout44/Z (gf180mcu_fd_sc_mcu7t5v0__dlyb_1)
                                                         net44 (net)
                      2.242869    0.001370   11.486406 ^ _292_/RN (gf180mcu_fd_sc_mcu7t5v0__dffrnq_1)
                                             11.486406   data arrival time

                                  0.000000    0.000000   clock clk_i (rise edge)
                                  0.000000    0.000000   clock source latency
     1    0.036259    0.309013    0.147338    0.147338 ^ clk_i (in)
                                                         clk_i (net)
                      0.309017    0.000000    0.147338 ^ clkbuf_0_clk_i/I (gf180mcu_fd_sc_mcu7t5v0__clkbuf_16)
     4    0.098105    0.277298    0.525363    0.672701 ^ clkbuf_0_clk_i/Z (gf180mcu_fd_sc_mcu7t5v0__clkbuf_16)
                                                         clknet_0_clk_i (net)
                      0.277298    0.001106    0.673807 ^ clkbuf_2_1__f_clk_i/I (gf180mcu_fd_sc_mcu7t5v0__clkbuf_16)
     8    0.043398    0.195047    0.453583    1.127390 ^ clkbuf_2_1__f_clk_i/Z (gf180mcu_fd_sc_mcu7t5v0__clkbuf_16)
                                                         clknet_2_1__leaf_clk_i (net)
                      0.195047    0.000556    1.127946 ^ _292_/CLK (gf180mcu_fd_sc_mcu7t5v0__dffrnq_1)
                                  0.250000    1.377946   clock uncertainty
                                  0.000000    1.377946   clock reconvergence pessimism
                                  0.834809    2.212755   library removal time
                                              2.212755   data required time
---------------------------------------------------------------------------------------------
                                              2.212755   data required time
                                            -11.486406   data arrival time
---------------------------------------------------------------------------------------------
                                              9.273650   slack (MET)


Startpoint: rstn_i (input port clocked by clk_i)
Endpoint: _289_ (removal check against rising-edge clock clk_i)
Path Group: asynchronous
Path Type: min

Fanout         Cap        Slew       Delay        Time   Description
---------------------------------------------------------------------------------------------
                                  0.000000    0.000000   clock clk_i (rise edge)
                                  0.000000    0.000000   clock network delay (propagated)
                                  4.000000    4.000000 ^ input external delay
     1    0.004720    0.216836    0.075813    4.075813 ^ rstn_i (in)
                                                         rstn_i (net)
                      0.216836    0.000000    4.075813 ^ input22/I (gf180mcu_fd_sc_mcu7t5v0__dlyb_1)
     1    0.004676    0.294932    1.684947    5.760760 ^ input22/Z (gf180mcu_fd_sc_mcu7t5v0__dlyb_1)
                                                         net22 (net)
                      0.294932    0.000057    5.760818 ^ fanout46/I (gf180mcu_fd_sc_mcu7t5v0__dlyb_1)
     7    0.073974    2.103177    2.795901    8.556718 ^ fanout46/Z (gf180mcu_fd_sc_mcu7t5v0__dlyb_1)
                                                         net46 (net)
                      2.103177    0.000486    8.557204 ^ fanout44/I (gf180mcu_fd_sc_mcu7t5v0__dlyb_1)
     8    0.079134    2.242869    2.927831   11.485036 ^ fanout44/Z (gf180mcu_fd_sc_mcu7t5v0__dlyb_1)
                                                         net44 (net)
                      2.242869    0.001278   11.486314 ^ _289_/RN (gf180mcu_fd_sc_mcu7t5v0__dffrnq_1)
                                             11.486314   data arrival time

                                  0.000000    0.000000   clock clk_i (rise edge)
                                  0.000000    0.000000   clock source latency
     1    0.036259    0.309013    0.147338    0.147338 ^ clk_i (in)
                                                         clk_i (net)
                      0.309017    0.000000    0.147338 ^ clkbuf_0_clk_i/I (gf180mcu_fd_sc_mcu7t5v0__clkbuf_16)
     4    0.098105    0.277298    0.525363    0.672701 ^ clkbuf_0_clk_i/Z (gf180mcu_fd_sc_mcu7t5v0__clkbuf_16)
                                                         clknet_0_clk_i (net)
                      0.277298    0.001106    0.673807 ^ clkbuf_2_1__f_clk_i/I (gf180mcu_fd_sc_mcu7t5v0__clkbuf_16)
     8    0.043398    0.195047    0.453583    1.127390 ^ clkbuf_2_1__f_clk_i/Z (gf180mcu_fd_sc_mcu7t5v0__clkbuf_16)
                                                         clknet_2_1__leaf_clk_i (net)
                      0.195047    0.000219    1.127609 ^ _289_/CLK (gf180mcu_fd_sc_mcu7t5v0__dffrnq_1)
                                  0.250000    1.377609   clock uncertainty
                                  0.000000    1.377609   clock reconvergence pessimism
                                  0.834809    2.212418   library removal time
                                              2.212418   data required time
---------------------------------------------------------------------------------------------
                                              2.212418   data required time
                                            -11.486314   data arrival time
---------------------------------------------------------------------------------------------
                                              9.273895   slack (MET)


Startpoint: rstn_i (input port clocked by clk_i)
Endpoint: _295_ (removal check against rising-edge clock clk_i)
Path Group: asynchronous
Path Type: min

Fanout         Cap        Slew       Delay        Time   Description
---------------------------------------------------------------------------------------------
                                  0.000000    0.000000   clock clk_i (rise edge)
                                  0.000000    0.000000   clock network delay (propagated)
                                  4.000000    4.000000 ^ input external delay
     1    0.004720    0.216836    0.075813    4.075813 ^ rstn_i (in)
                                                         rstn_i (net)
                      0.216836    0.000000    4.075813 ^ input22/I (gf180mcu_fd_sc_mcu7t5v0__dlyb_1)
     1    0.004676    0.294932    1.684947    5.760760 ^ input22/Z (gf180mcu_fd_sc_mcu7t5v0__dlyb_1)
                                                         net22 (net)
                      0.294932    0.000057    5.760818 ^ fanout46/I (gf180mcu_fd_sc_mcu7t5v0__dlyb_1)
     7    0.073974    2.103177    2.795901    8.556718 ^ fanout46/Z (gf180mcu_fd_sc_mcu7t5v0__dlyb_1)
                                                         net46 (net)
                      2.103177    0.000878    8.557596 ^ fanout43/I (gf180mcu_fd_sc_mcu7t5v0__dlyb_1)
    10    0.090777    2.557116    3.108451   11.666048 ^ fanout43/Z (gf180mcu_fd_sc_mcu7t5v0__dlyb_1)
                                                         net43 (net)
                      2.557116    0.002322   11.668369 ^ _295_/RN (gf180mcu_fd_sc_mcu7t5v0__dffrnq_1)
                                             11.668369   data arrival time

                                  0.000000    0.000000   clock clk_i (rise edge)
                                  0.000000    0.000000   clock source latency
     1    0.036259    0.309013    0.147338    0.147338 ^ clk_i (in)
                                                         clk_i (net)
                      0.309017    0.000000    0.147338 ^ clkbuf_0_clk_i/I (gf180mcu_fd_sc_mcu7t5v0__clkbuf_16)
     4    0.098105    0.277298    0.525363    0.672701 ^ clkbuf_0_clk_i/Z (gf180mcu_fd_sc_mcu7t5v0__clkbuf_16)
                                                         clknet_0_clk_i (net)
                      0.277298    0.001091    0.673792 ^ clkbuf_2_2__f_clk_i/I (gf180mcu_fd_sc_mcu7t5v0__clkbuf_16)
     9    0.056159    0.214209    0.468739    1.142532 ^ clkbuf_2_2__f_clk_i/Z (gf180mcu_fd_sc_mcu7t5v0__clkbuf_16)
                                                         clknet_2_2__leaf_clk_i (net)
                      0.214210    0.000641    1.143172 ^ _295_/CLK (gf180mcu_fd_sc_mcu7t5v0__dffrnq_1)
                                  0.250000    1.393172   clock uncertainty
                                  0.000000    1.393172   clock reconvergence pessimism
                                  0.861313    2.254486   library removal time
                                              2.254486   data required time
---------------------------------------------------------------------------------------------
                                              2.254486   data required time
                                            -11.668369   data arrival time
---------------------------------------------------------------------------------------------
                                              9.413884   slack (MET)


Startpoint: rstn_i (input port clocked by clk_i)
Endpoint: _294_ (removal check against rising-edge clock clk_i)
Path Group: asynchronous
Path Type: min

Fanout         Cap        Slew       Delay        Time   Description
---------------------------------------------------------------------------------------------
                                  0.000000    0.000000   clock clk_i (rise edge)
                                  0.000000    0.000000   clock network delay (propagated)
                                  4.000000    4.000000 ^ input external delay
     1    0.004720    0.216836    0.075813    4.075813 ^ rstn_i (in)
                                                         rstn_i (net)
                      0.216836    0.000000    4.075813 ^ input22/I (gf180mcu_fd_sc_mcu7t5v0__dlyb_1)
     1    0.004676    0.294932    1.684947    5.760760 ^ input22/Z (gf180mcu_fd_sc_mcu7t5v0__dlyb_1)
                                                         net22 (net)
                      0.294932    0.000057    5.760818 ^ fanout46/I (gf180mcu_fd_sc_mcu7t5v0__dlyb_1)
     7    0.073974    2.103177    2.795901    8.556718 ^ fanout46/Z (gf180mcu_fd_sc_mcu7t5v0__dlyb_1)
                                                         net46 (net)
                      2.103177    0.000878    8.557596 ^ fanout43/I (gf180mcu_fd_sc_mcu7t5v0__dlyb_1)
    10    0.090777    2.557116    3.108451   11.666048 ^ fanout43/Z (gf180mcu_fd_sc_mcu7t5v0__dlyb_1)
                                                         net43 (net)
                      2.557116    0.002342   11.668390 ^ _294_/RN (gf180mcu_fd_sc_mcu7t5v0__dffrnq_1)
                                             11.668390   data arrival time

                                  0.000000    0.000000   clock clk_i (rise edge)
                                  0.000000    0.000000   clock source latency
     1    0.036259    0.309013    0.147338    0.147338 ^ clk_i (in)
                                                         clk_i (net)
                      0.309017    0.000000    0.147338 ^ clkbuf_0_clk_i/I (gf180mcu_fd_sc_mcu7t5v0__clkbuf_16)
     4    0.098105    0.277298    0.525363    0.672701 ^ clkbuf_0_clk_i/Z (gf180mcu_fd_sc_mcu7t5v0__clkbuf_16)
                                                         clknet_0_clk_i (net)
                      0.277298    0.001075    0.673776 ^ clkbuf_2_3__f_clk_i/I (gf180mcu_fd_sc_mcu7t5v0__clkbuf_16)
     9    0.046731    0.200080    0.457702    1.131478 ^ clkbuf_2_3__f_clk_i/Z (gf180mcu_fd_sc_mcu7t5v0__clkbuf_16)
                                                         clknet_2_3__leaf_clk_i (net)
                      0.200080    0.000446    1.131924 ^ _294_/CLK (gf180mcu_fd_sc_mcu7t5v0__dffrnq_1)
                                  0.250000    1.381924   clock uncertainty
                                  0.000000    1.381924   clock reconvergence pessimism
                                  0.858543    2.240468   library removal time
                                              2.240468   data required time
---------------------------------------------------------------------------------------------
                                              2.240468   data required time
                                            -11.668390   data arrival time
---------------------------------------------------------------------------------------------
                                              9.427922   slack (MET)


Startpoint: rstn_i (input port clocked by clk_i)
Endpoint: _296_ (removal check against rising-edge clock clk_i)
Path Group: asynchronous
Path Type: min

Fanout         Cap        Slew       Delay        Time   Description
---------------------------------------------------------------------------------------------
                                  0.000000    0.000000   clock clk_i (rise edge)
                                  0.000000    0.000000   clock network delay (propagated)
                                  4.000000    4.000000 ^ input external delay
     1    0.004720    0.216836    0.075813    4.075813 ^ rstn_i (in)
                                                         rstn_i (net)
                      0.216836    0.000000    4.075813 ^ input22/I (gf180mcu_fd_sc_mcu7t5v0__dlyb_1)
     1    0.004676    0.294932    1.684947    5.760760 ^ input22/Z (gf180mcu_fd_sc_mcu7t5v0__dlyb_1)
                                                         net22 (net)
                      0.294932    0.000057    5.760818 ^ fanout46/I (gf180mcu_fd_sc_mcu7t5v0__dlyb_1)
     7    0.073974    2.103177    2.795901    8.556718 ^ fanout46/Z (gf180mcu_fd_sc_mcu7t5v0__dlyb_1)
                                                         net46 (net)
                      2.103177    0.000878    8.557596 ^ fanout43/I (gf180mcu_fd_sc_mcu7t5v0__dlyb_1)
    10    0.090777    2.557116    3.108451   11.666048 ^ fanout43/Z (gf180mcu_fd_sc_mcu7t5v0__dlyb_1)
                                                         net43 (net)
                      2.557116    0.001785   11.667833 ^ _296_/RN (gf180mcu_fd_sc_mcu7t5v0__dffrnq_1)
                                             11.667833   data arrival time

                                  0.000000    0.000000   clock clk_i (rise edge)
                                  0.000000    0.000000   clock source latency
     1    0.036259    0.309013    0.147338    0.147338 ^ clk_i (in)
                                                         clk_i (net)
                      0.309017    0.000000    0.147338 ^ clkbuf_0_clk_i/I (gf180mcu_fd_sc_mcu7t5v0__clkbuf_16)
     4    0.098105    0.277298    0.525363    0.672701 ^ clkbuf_0_clk_i/Z (gf180mcu_fd_sc_mcu7t5v0__clkbuf_16)
                                                         clknet_0_clk_i (net)
                      0.277298    0.000846    0.673547 ^ clkbuf_2_0__f_clk_i/I (gf180mcu_fd_sc_mcu7t5v0__clkbuf_16)
     8    0.042636    0.193915    0.452769    1.126316 ^ clkbuf_2_0__f_clk_i/Z (gf180mcu_fd_sc_mcu7t5v0__clkbuf_16)
                                                         clknet_2_0__leaf_clk_i (net)
                      0.193915    0.000593    1.126909 ^ _296_/CLK (gf180mcu_fd_sc_mcu7t5v0__dffrnq_1)
                                  0.250000    1.376909   clock uncertainty
                                  0.000000    1.376909   clock reconvergence pessimism
                                  0.857335    2.234244   library removal time
                                              2.234244   data required time
---------------------------------------------------------------------------------------------
                                              2.234244   data required time
                                            -11.667833   data arrival time
---------------------------------------------------------------------------------------------
                                              9.433589   slack (MET)


Startpoint: rstn_i (input port clocked by clk_i)
Endpoint: _293_ (removal check against rising-edge clock clk_i)
Path Group: asynchronous
Path Type: min

Fanout         Cap        Slew       Delay        Time   Description
---------------------------------------------------------------------------------------------
                                  0.000000    0.000000   clock clk_i (rise edge)
                                  0.000000    0.000000   clock network delay (propagated)
                                  4.000000    4.000000 ^ input external delay
     1    0.004720    0.216836    0.075813    4.075813 ^ rstn_i (in)
                                                         rstn_i (net)
                      0.216836    0.000000    4.075813 ^ input22/I (gf180mcu_fd_sc_mcu7t5v0__dlyb_1)
     1    0.004676    0.294932    1.684947    5.760760 ^ input22/Z (gf180mcu_fd_sc_mcu7t5v0__dlyb_1)
                                                         net22 (net)
                      0.294932    0.000057    5.760818 ^ fanout46/I (gf180mcu_fd_sc_mcu7t5v0__dlyb_1)
     7    0.073974    2.103177    2.795901    8.556718 ^ fanout46/Z (gf180mcu_fd_sc_mcu7t5v0__dlyb_1)
                                                         net46 (net)
                      2.103177    0.000878    8.557596 ^ fanout43/I (gf180mcu_fd_sc_mcu7t5v0__dlyb_1)
    10    0.090777    2.557116    3.108451   11.666048 ^ fanout43/Z (gf180mcu_fd_sc_mcu7t5v0__dlyb_1)
                                                         net43 (net)
                      2.557116    0.002535   11.668583 ^ _293_/RN (gf180mcu_fd_sc_mcu7t5v0__dffrnq_1)
                                             11.668583   data arrival time

                                  0.000000    0.000000   clock clk_i (rise edge)
                                  0.000000    0.000000   clock source latency
     1    0.036259    0.309013    0.147338    0.147338 ^ clk_i (in)
                                                         clk_i (net)
                      0.309017    0.000000    0.147338 ^ clkbuf_0_clk_i/I (gf180mcu_fd_sc_mcu7t5v0__clkbuf_16)
     4    0.098105    0.277298    0.525363    0.672701 ^ clkbuf_0_clk_i/Z (gf180mcu_fd_sc_mcu7t5v0__clkbuf_16)
                                                         clknet_0_clk_i (net)
                      0.277298    0.000846    0.673547 ^ clkbuf_2_0__f_clk_i/I (gf180mcu_fd_sc_mcu7t5v0__clkbuf_16)
     8    0.042636    0.193915    0.452769    1.126316 ^ clkbuf_2_0__f_clk_i/Z (gf180mcu_fd_sc_mcu7t5v0__clkbuf_16)
                                                         clknet_2_0__leaf_clk_i (net)
                      0.193916    0.000908    1.127224 ^ _293_/CLK (gf180mcu_fd_sc_mcu7t5v0__dffrnq_1)
                                  0.250000    1.377224   clock uncertainty
                                  0.000000    1.377224   clock reconvergence pessimism
                                  0.857335    2.234559   library removal time
                                              2.234559   data required time
---------------------------------------------------------------------------------------------
                                              2.234559   data required time
                                            -11.668583   data arrival time
---------------------------------------------------------------------------------------------
                                              9.434024   slack (MET)


Startpoint: rstn_i (input port clocked by clk_i)
Endpoint: _299_ (removal check against rising-edge clock clk_i)
Path Group: asynchronous
Path Type: min

Fanout         Cap        Slew       Delay        Time   Description
---------------------------------------------------------------------------------------------
                                  0.000000    0.000000   clock clk_i (rise edge)
                                  0.000000    0.000000   clock network delay (propagated)
                                  4.000000    4.000000 ^ input external delay
     1    0.004720    0.216836    0.075813    4.075813 ^ rstn_i (in)
                                                         rstn_i (net)
                      0.216836    0.000000    4.075813 ^ input22/I (gf180mcu_fd_sc_mcu7t5v0__dlyb_1)
     1    0.004676    0.294932    1.684947    5.760760 ^ input22/Z (gf180mcu_fd_sc_mcu7t5v0__dlyb_1)
                                                         net22 (net)
                      0.294932    0.000057    5.760818 ^ fanout46/I (gf180mcu_fd_sc_mcu7t5v0__dlyb_1)
     7    0.073974    2.103177    2.795901    8.556718 ^ fanout46/Z (gf180mcu_fd_sc_mcu7t5v0__dlyb_1)
                                                         net46 (net)
                      2.103177    0.000878    8.557596 ^ fanout43/I (gf180mcu_fd_sc_mcu7t5v0__dlyb_1)
    10    0.090777    2.557116    3.108451   11.666048 ^ fanout43/Z (gf180mcu_fd_sc_mcu7t5v0__dlyb_1)
                                                         net43 (net)
                      2.557124    0.002631   11.668679 ^ _299_/RN (gf180mcu_fd_sc_mcu7t5v0__dffrnq_1)
                                             11.668679   data arrival time

                                  0.000000    0.000000   clock clk_i (rise edge)
                                  0.000000    0.000000   clock source latency
     1    0.036259    0.309013    0.147338    0.147338 ^ clk_i (in)
                                                         clk_i (net)
                      0.309017    0.000000    0.147338 ^ clkbuf_0_clk_i/I (gf180mcu_fd_sc_mcu7t5v0__clkbuf_16)
     4    0.098105    0.277298    0.525363    0.672701 ^ clkbuf_0_clk_i/Z (gf180mcu_fd_sc_mcu7t5v0__clkbuf_16)
                                                         clknet_0_clk_i (net)
                      0.277298    0.000846    0.673547 ^ clkbuf_2_0__f_clk_i/I (gf180mcu_fd_sc_mcu7t5v0__clkbuf_16)
     8    0.042636    0.193915    0.452769    1.126316 ^ clkbuf_2_0__f_clk_i/Z (gf180mcu_fd_sc_mcu7t5v0__clkbuf_16)
                                                         clknet_2_0__leaf_clk_i (net)
                      0.193916    0.000989    1.127305 ^ _299_/CLK (gf180mcu_fd_sc_mcu7t5v0__dffrnq_1)
                                  0.250000    1.377305   clock uncertainty
                                  0.000000    1.377305   clock reconvergence pessimism
                                  0.857336    2.234640   library removal time
                                              2.234640   data required time
---------------------------------------------------------------------------------------------
                                              2.234640   data required time
                                            -11.668679   data arrival time
---------------------------------------------------------------------------------------------
                                              9.434039   slack (MET)


Startpoint: rstn_i (input port clocked by clk_i)
Endpoint: _298_ (removal check against rising-edge clock clk_i)
Path Group: asynchronous
Path Type: min

Fanout         Cap        Slew       Delay        Time   Description
---------------------------------------------------------------------------------------------
                                  0.000000    0.000000   clock clk_i (rise edge)
                                  0.000000    0.000000   clock network delay (propagated)
                                  4.000000    4.000000 ^ input external delay
     1    0.004720    0.216836    0.075813    4.075813 ^ rstn_i (in)
                                                         rstn_i (net)
                      0.216836    0.000000    4.075813 ^ input22/I (gf180mcu_fd_sc_mcu7t5v0__dlyb_1)
     1    0.004676    0.294932    1.684947    5.760760 ^ input22/Z (gf180mcu_fd_sc_mcu7t5v0__dlyb_1)
                                                         net22 (net)
                      0.294932    0.000057    5.760818 ^ fanout46/I (gf180mcu_fd_sc_mcu7t5v0__dlyb_1)
     7    0.073974    2.103177    2.795901    8.556718 ^ fanout46/Z (gf180mcu_fd_sc_mcu7t5v0__dlyb_1)
                                                         net46 (net)
                      2.103177    0.000878    8.557596 ^ fanout43/I (gf180mcu_fd_sc_mcu7t5v0__dlyb_1)
    10    0.090777    2.557116    3.108451   11.666048 ^ fanout43/Z (gf180mcu_fd_sc_mcu7t5v0__dlyb_1)
                                                         net43 (net)
                      2.557125    0.002666   11.668715 ^ _298_/RN (gf180mcu_fd_sc_mcu7t5v0__dffrnq_1)
                                             11.668715   data arrival time

                                  0.000000    0.000000   clock clk_i (rise edge)
                                  0.000000    0.000000   clock source latency
     1    0.036259    0.309013    0.147338    0.147338 ^ clk_i (in)
                                                         clk_i (net)
                      0.309017    0.000000    0.147338 ^ clkbuf_0_clk_i/I (gf180mcu_fd_sc_mcu7t5v0__clkbuf_16)
     4    0.098105    0.277298    0.525363    0.672701 ^ clkbuf_0_clk_i/Z (gf180mcu_fd_sc_mcu7t5v0__clkbuf_16)
                                                         clknet_0_clk_i (net)
                      0.277298    0.000846    0.673547 ^ clkbuf_2_0__f_clk_i/I (gf180mcu_fd_sc_mcu7t5v0__clkbuf_16)
     8    0.042636    0.193915    0.452769    1.126316 ^ clkbuf_2_0__f_clk_i/Z (gf180mcu_fd_sc_mcu7t5v0__clkbuf_16)
                                                         clknet_2_0__leaf_clk_i (net)
                      0.193916    0.001003    1.127319 ^ _298_/CLK (gf180mcu_fd_sc_mcu7t5v0__dffrnq_1)
                                  0.250000    1.377319   clock uncertainty
                                  0.000000    1.377319   clock reconvergence pessimism
                                  0.857336    2.234655   library removal time
                                              2.234655   data required time
---------------------------------------------------------------------------------------------
                                              2.234655   data required time
                                            -11.668715   data arrival time
---------------------------------------------------------------------------------------------
                                              9.434059   slack (MET)


Startpoint: rstn_i (input port clocked by clk_i)
Endpoint: _297_ (removal check against rising-edge clock clk_i)
Path Group: asynchronous
Path Type: min

Fanout         Cap        Slew       Delay        Time   Description
---------------------------------------------------------------------------------------------
                                  0.000000    0.000000   clock clk_i (rise edge)
                                  0.000000    0.000000   clock network delay (propagated)
                                  4.000000    4.000000 ^ input external delay
     1    0.004720    0.216836    0.075813    4.075813 ^ rstn_i (in)
                                                         rstn_i (net)
                      0.216836    0.000000    4.075813 ^ input22/I (gf180mcu_fd_sc_mcu7t5v0__dlyb_1)
     1    0.004676    0.294932    1.684947    5.760760 ^ input22/Z (gf180mcu_fd_sc_mcu7t5v0__dlyb_1)
                                                         net22 (net)
                      0.294932    0.000057    5.760818 ^ fanout46/I (gf180mcu_fd_sc_mcu7t5v0__dlyb_1)
     7    0.073974    2.103177    2.795901    8.556718 ^ fanout46/Z (gf180mcu_fd_sc_mcu7t5v0__dlyb_1)
                                                         net46 (net)
                      2.103184    0.002156    8.558875 ^ fanout45/I (gf180mcu_fd_sc_mcu7t5v0__dlyb_1)
    10    0.106978    2.995145    3.359036   11.917911 ^ fanout45/Z (gf180mcu_fd_sc_mcu7t5v0__dlyb_1)
                                                         net45 (net)
                      2.995145    0.002956   11.920866 ^ _297_/RN (gf180mcu_fd_sc_mcu7t5v0__dffrnq_1)
                                             11.920866   data arrival time

                                  0.000000    0.000000   clock clk_i (rise edge)
                                  0.000000    0.000000   clock source latency
     1    0.036259    0.309013    0.147338    0.147338 ^ clk_i (in)
                                                         clk_i (net)
                      0.309017    0.000000    0.147338 ^ clkbuf_0_clk_i/I (gf180mcu_fd_sc_mcu7t5v0__clkbuf_16)
     4    0.098105    0.277298    0.525363    0.672701 ^ clkbuf_0_clk_i/Z (gf180mcu_fd_sc_mcu7t5v0__clkbuf_16)
                                                         clknet_0_clk_i (net)
                      0.277298    0.001091    0.673792 ^ clkbuf_2_2__f_clk_i/I (gf180mcu_fd_sc_mcu7t5v0__clkbuf_16)
     9    0.056159    0.214209    0.468739    1.142532 ^ clkbuf_2_2__f_clk_i/Z (gf180mcu_fd_sc_mcu7t5v0__clkbuf_16)
                                                         clknet_2_2__leaf_clk_i (net)
                      0.214210    0.000458    1.142990 ^ _297_/CLK (gf180mcu_fd_sc_mcu7t5v0__dffrnq_1)
                                  0.250000    1.392990   clock uncertainty
                                  0.000000    1.392990   clock reconvergence pessimism
                                  0.888680    2.281670   library removal time
                                              2.281670   data required time
---------------------------------------------------------------------------------------------
                                              2.281670   data required time
                                            -11.920866   data arrival time
---------------------------------------------------------------------------------------------
                                              9.639196   slack (MET)


Startpoint: rstn_i (input port clocked by clk_i)
Endpoint: _300_ (removal check against rising-edge clock clk_i)
Path Group: asynchronous
Path Type: min

Fanout         Cap        Slew       Delay        Time   Description
---------------------------------------------------------------------------------------------
                                  0.000000    0.000000   clock clk_i (rise edge)
                                  0.000000    0.000000   clock network delay (propagated)
                                  4.000000    4.000000 ^ input external delay
     1    0.004720    0.216836    0.075813    4.075813 ^ rstn_i (in)
                                                         rstn_i (net)
                      0.216836    0.000000    4.075813 ^ input22/I (gf180mcu_fd_sc_mcu7t5v0__dlyb_1)
     1    0.004676    0.294932    1.684947    5.760760 ^ input22/Z (gf180mcu_fd_sc_mcu7t5v0__dlyb_1)
                                                         net22 (net)
                      0.294932    0.000057    5.760818 ^ fanout46/I (gf180mcu_fd_sc_mcu7t5v0__dlyb_1)
     7    0.073974    2.103177    2.795901    8.556718 ^ fanout46/Z (gf180mcu_fd_sc_mcu7t5v0__dlyb_1)
                                                         net46 (net)
                      2.103184    0.002156    8.558875 ^ fanout45/I (gf180mcu_fd_sc_mcu7t5v0__dlyb_1)
    10    0.106978    2.995145    3.359036   11.917911 ^ fanout45/Z (gf180mcu_fd_sc_mcu7t5v0__dlyb_1)
                                                         net45 (net)
                      2.995156    0.003271   11.921182 ^ _300_/RN (gf180mcu_fd_sc_mcu7t5v0__dffrnq_1)
                                             11.921182   data arrival time

                                  0.000000    0.000000   clock clk_i (rise edge)
                                  0.000000    0.000000   clock source latency
     1    0.036259    0.309013    0.147338    0.147338 ^ clk_i (in)
                                                         clk_i (net)
                      0.309017    0.000000    0.147338 ^ clkbuf_0_clk_i/I (gf180mcu_fd_sc_mcu7t5v0__clkbuf_16)
     4    0.098105    0.277298    0.525363    0.672701 ^ clkbuf_0_clk_i/Z (gf180mcu_fd_sc_mcu7t5v0__clkbuf_16)
                                                         clknet_0_clk_i (net)
                      0.277298    0.001091    0.673792 ^ clkbuf_2_2__f_clk_i/I (gf180mcu_fd_sc_mcu7t5v0__clkbuf_16)
     9    0.056159    0.214209    0.468739    1.142532 ^ clkbuf_2_2__f_clk_i/Z (gf180mcu_fd_sc_mcu7t5v0__clkbuf_16)
                                                         clknet_2_2__leaf_clk_i (net)
                      0.214210    0.000430    1.142961 ^ _300_/CLK (gf180mcu_fd_sc_mcu7t5v0__dffrnq_1)
                                  0.250000    1.392961   clock uncertainty
                                  0.000000    1.392961   clock reconvergence pessimism
                                  0.888681    2.281642   library removal time
                                              2.281642   data required time
---------------------------------------------------------------------------------------------
                                              2.281642   data required time
                                            -11.921182   data arrival time
---------------------------------------------------------------------------------------------
                                              9.639539   slack (MET)


Startpoint: rstn_i (input port clocked by clk_i)
Endpoint: _303_ (removal check against rising-edge clock clk_i)
Path Group: asynchronous
Path Type: min

Fanout         Cap        Slew       Delay        Time   Description
---------------------------------------------------------------------------------------------
                                  0.000000    0.000000   clock clk_i (rise edge)
                                  0.000000    0.000000   clock network delay (propagated)
                                  4.000000    4.000000 ^ input external delay
     1    0.004720    0.216836    0.075813    4.075813 ^ rstn_i (in)
                                                         rstn_i (net)
                      0.216836    0.000000    4.075813 ^ input22/I (gf180mcu_fd_sc_mcu7t5v0__dlyb_1)
     1    0.004676    0.294932    1.684947    5.760760 ^ input22/Z (gf180mcu_fd_sc_mcu7t5v0__dlyb_1)
                                                         net22 (net)
                      0.294932    0.000057    5.760818 ^ fanout46/I (gf180mcu_fd_sc_mcu7t5v0__dlyb_1)
     7    0.073974    2.103177    2.795901    8.556718 ^ fanout46/Z (gf180mcu_fd_sc_mcu7t5v0__dlyb_1)
                                                         net46 (net)
                      2.103184    0.002156    8.558875 ^ fanout45/I (gf180mcu_fd_sc_mcu7t5v0__dlyb_1)
    10    0.106978    2.995145    3.359036   11.917911 ^ fanout45/Z (gf180mcu_fd_sc_mcu7t5v0__dlyb_1)
                                                         net45 (net)
                      2.995163    0.004142   11.922052 ^ _303_/RN (gf180mcu_fd_sc_mcu7t5v0__dffrnq_1)
                                             11.922052   data arrival time

                                  0.000000    0.000000   clock clk_i (rise edge)
                                  0.000000    0.000000   clock source latency
     1    0.036259    0.309013    0.147338    0.147338 ^ clk_i (in)
                                                         clk_i (net)
                      0.309017    0.000000    0.147338 ^ clkbuf_0_clk_i/I (gf180mcu_fd_sc_mcu7t5v0__clkbuf_16)
     4    0.098105    0.277298    0.525363    0.672701 ^ clkbuf_0_clk_i/Z (gf180mcu_fd_sc_mcu7t5v0__clkbuf_16)
                                                         clknet_0_clk_i (net)
                      0.277298    0.001091    0.673792 ^ clkbuf_2_2__f_clk_i/I (gf180mcu_fd_sc_mcu7t5v0__clkbuf_16)
     9    0.056159    0.214209    0.468739    1.142532 ^ clkbuf_2_2__f_clk_i/Z (gf180mcu_fd_sc_mcu7t5v0__clkbuf_16)
                                                         clknet_2_2__leaf_clk_i (net)
                      0.214210    0.000603    1.143135 ^ _303_/CLK (gf180mcu_fd_sc_mcu7t5v0__dffrnq_1)
                                  0.250000    1.393135   clock uncertainty
                                  0.000000    1.393135   clock reconvergence pessimism
                                  0.888681    2.281816   library removal time
                                              2.281816   data required time
---------------------------------------------------------------------------------------------
                                              2.281816   data required time
                                            -11.922052   data arrival time
---------------------------------------------------------------------------------------------
                                              9.640236   slack (MET)


Startpoint: rstn_i (input port clocked by clk_i)
Endpoint: _305_ (removal check against rising-edge clock clk_i)
Path Group: asynchronous
Path Type: min

Fanout         Cap        Slew       Delay        Time   Description
---------------------------------------------------------------------------------------------
                                  0.000000    0.000000   clock clk_i (rise edge)
                                  0.000000    0.000000   clock network delay (propagated)
                                  4.000000    4.000000 ^ input external delay
     1    0.004720    0.216836    0.075813    4.075813 ^ rstn_i (in)
                                                         rstn_i (net)
                      0.216836    0.000000    4.075813 ^ input22/I (gf180mcu_fd_sc_mcu7t5v0__dlyb_1)
     1    0.004676    0.294932    1.684947    5.760760 ^ input22/Z (gf180mcu_fd_sc_mcu7t5v0__dlyb_1)
                                                         net22 (net)
                      0.294932    0.000057    5.760818 ^ fanout46/I (gf180mcu_fd_sc_mcu7t5v0__dlyb_1)
     7    0.073974    2.103177    2.795901    8.556718 ^ fanout46/Z (gf180mcu_fd_sc_mcu7t5v0__dlyb_1)
                                                         net46 (net)
                      2.103184    0.002156    8.558875 ^ fanout45/I (gf180mcu_fd_sc_mcu7t5v0__dlyb_1)
    10    0.106978    2.995145    3.359036   11.917911 ^ fanout45/Z (gf180mcu_fd_sc_mcu7t5v0__dlyb_1)
                                                         net45 (net)
                      2.995161    0.003917   11.921827 ^ _305_/RN (gf180mcu_fd_sc_mcu7t5v0__dffrnq_1)
                                             11.921827   data arrival time

                                  0.000000    0.000000   clock clk_i (rise edge)
                                  0.000000    0.000000   clock source latency
     1    0.036259    0.309013    0.147338    0.147338 ^ clk_i (in)
                                                         clk_i (net)
                      0.309017    0.000000    0.147338 ^ clkbuf_0_clk_i/I (gf180mcu_fd_sc_mcu7t5v0__clkbuf_16)
     4    0.098105    0.277298    0.525363    0.672701 ^ clkbuf_0_clk_i/Z (gf180mcu_fd_sc_mcu7t5v0__clkbuf_16)
                                                         clknet_0_clk_i (net)
                      0.277298    0.001091    0.673792 ^ clkbuf_2_2__f_clk_i/I (gf180mcu_fd_sc_mcu7t5v0__clkbuf_16)
     9    0.056159    0.214209    0.468739    1.142532 ^ clkbuf_2_2__f_clk_i/Z (gf180mcu_fd_sc_mcu7t5v0__clkbuf_16)
                                                         clknet_2_2__leaf_clk_i (net)
                      0.214209    0.000362    1.142893 ^ _305_/CLK (gf180mcu_fd_sc_mcu7t5v0__dffrnq_1)
                                  0.250000    1.392894   clock uncertainty
                                  0.000000    1.392894   clock reconvergence pessimism
                                  0.888681    2.281575   library removal time
                                              2.281575   data required time
---------------------------------------------------------------------------------------------
                                              2.281575   data required time
                                            -11.921827   data arrival time
---------------------------------------------------------------------------------------------
                                              9.640252   slack (MET)


Startpoint: rstn_i (input port clocked by clk_i)
Endpoint: _301_ (removal check against rising-edge clock clk_i)
Path Group: asynchronous
Path Type: min

Fanout         Cap        Slew       Delay        Time   Description
---------------------------------------------------------------------------------------------
                                  0.000000    0.000000   clock clk_i (rise edge)
                                  0.000000    0.000000   clock network delay (propagated)
                                  4.000000    4.000000 ^ input external delay
     1    0.004720    0.216836    0.075813    4.075813 ^ rstn_i (in)
                                                         rstn_i (net)
                      0.216836    0.000000    4.075813 ^ input22/I (gf180mcu_fd_sc_mcu7t5v0__dlyb_1)
     1    0.004676    0.294932    1.684947    5.760760 ^ input22/Z (gf180mcu_fd_sc_mcu7t5v0__dlyb_1)
                                                         net22 (net)
                      0.294932    0.000057    5.760818 ^ fanout46/I (gf180mcu_fd_sc_mcu7t5v0__dlyb_1)
     7    0.073974    2.103177    2.795901    8.556718 ^ fanout46/Z (gf180mcu_fd_sc_mcu7t5v0__dlyb_1)
                                                         net46 (net)
                      2.103184    0.002156    8.558875 ^ fanout45/I (gf180mcu_fd_sc_mcu7t5v0__dlyb_1)
    10    0.106978    2.995145    3.359036   11.917911 ^ fanout45/Z (gf180mcu_fd_sc_mcu7t5v0__dlyb_1)
                                                         net45 (net)
                      2.995167    0.004606   11.922517 ^ _301_/RN (gf180mcu_fd_sc_mcu7t5v0__dffrnq_1)
                                             11.922517   data arrival time

                                  0.000000    0.000000   clock clk_i (rise edge)
                                  0.000000    0.000000   clock source latency
     1    0.036259    0.309013    0.147338    0.147338 ^ clk_i (in)
                                                         clk_i (net)
                      0.309017    0.000000    0.147338 ^ clkbuf_0_clk_i/I (gf180mcu_fd_sc_mcu7t5v0__clkbuf_16)
     4    0.098105    0.277298    0.525363    0.672701 ^ clkbuf_0_clk_i/Z (gf180mcu_fd_sc_mcu7t5v0__clkbuf_16)
                                                         clknet_0_clk_i (net)
                      0.277298    0.001091    0.673792 ^ clkbuf_2_2__f_clk_i/I (gf180mcu_fd_sc_mcu7t5v0__clkbuf_16)
     9    0.056159    0.214209    0.468739    1.142532 ^ clkbuf_2_2__f_clk_i/Z (gf180mcu_fd_sc_mcu7t5v0__clkbuf_16)
                                                         clknet_2_2__leaf_clk_i (net)
                      0.214210    0.000858    1.143390 ^ _301_/CLK (gf180mcu_fd_sc_mcu7t5v0__dffrnq_1)
                                  0.250000    1.393390   clock uncertainty
                                  0.000000    1.393390   clock reconvergence pessimism
                                  0.888682    2.282072   library removal time
                                              2.282072   data required time
---------------------------------------------------------------------------------------------
                                              2.282072   data required time
                                            -11.922517   data arrival time
---------------------------------------------------------------------------------------------
                                              9.640445   slack (MET)


Startpoint: rstn_i (input port clocked by clk_i)
Endpoint: _302_ (removal check against rising-edge clock clk_i)
Path Group: asynchronous
Path Type: min

Fanout         Cap        Slew       Delay        Time   Description
---------------------------------------------------------------------------------------------
                                  0.000000    0.000000   clock clk_i (rise edge)
                                  0.000000    0.000000   clock network delay (propagated)
                                  4.000000    4.000000 ^ input external delay
     1    0.004720    0.216836    0.075813    4.075813 ^ rstn_i (in)
                                                         rstn_i (net)
                      0.216836    0.000000    4.075813 ^ input22/I (gf180mcu_fd_sc_mcu7t5v0__dlyb_1)
     1    0.004676    0.294932    1.684947    5.760760 ^ input22/Z (gf180mcu_fd_sc_mcu7t5v0__dlyb_1)
                                                         net22 (net)
                      0.294932    0.000057    5.760818 ^ fanout46/I (gf180mcu_fd_sc_mcu7t5v0__dlyb_1)
     7    0.073974    2.103177    2.795901    8.556718 ^ fanout46/Z (gf180mcu_fd_sc_mcu7t5v0__dlyb_1)
                                                         net46 (net)
                      2.103184    0.002156    8.558875 ^ fanout45/I (gf180mcu_fd_sc_mcu7t5v0__dlyb_1)
    10    0.106978    2.995145    3.359036   11.917911 ^ fanout45/Z (gf180mcu_fd_sc_mcu7t5v0__dlyb_1)
                                                         net45 (net)
                      2.995167    0.004630   11.922541 ^ _302_/RN (gf180mcu_fd_sc_mcu7t5v0__dffrnq_1)
                                             11.922541   data arrival time

                                  0.000000    0.000000   clock clk_i (rise edge)
                                  0.000000    0.000000   clock source latency
     1    0.036259    0.309013    0.147338    0.147338 ^ clk_i (in)
                                                         clk_i (net)
                      0.309017    0.000000    0.147338 ^ clkbuf_0_clk_i/I (gf180mcu_fd_sc_mcu7t5v0__clkbuf_16)
     4    0.098105    0.277298    0.525363    0.672701 ^ clkbuf_0_clk_i/Z (gf180mcu_fd_sc_mcu7t5v0__clkbuf_16)
                                                         clknet_0_clk_i (net)
                      0.277298    0.001091    0.673792 ^ clkbuf_2_2__f_clk_i/I (gf180mcu_fd_sc_mcu7t5v0__clkbuf_16)
     9    0.056159    0.214209    0.468739    1.142532 ^ clkbuf_2_2__f_clk_i/Z (gf180mcu_fd_sc_mcu7t5v0__clkbuf_16)
                                                         clknet_2_2__leaf_clk_i (net)
                      0.214210    0.000841    1.143373 ^ _302_/CLK (gf180mcu_fd_sc_mcu7t5v0__dffrnq_1)
                                  0.250000    1.393373   clock uncertainty
                                  0.000000    1.393373   clock reconvergence pessimism
                                  0.888682    2.282055   library removal time
                                              2.282055   data required time
---------------------------------------------------------------------------------------------
                                              2.282055   data required time
                                            -11.922541   data arrival time
---------------------------------------------------------------------------------------------
                                              9.640486   slack (MET)


Startpoint: rstn_i (input port clocked by clk_i)
Endpoint: _304_ (removal check against rising-edge clock clk_i)
Path Group: asynchronous
Path Type: min

Fanout         Cap        Slew       Delay        Time   Description
---------------------------------------------------------------------------------------------
                                  0.000000    0.000000   clock clk_i (rise edge)
                                  0.000000    0.000000   clock network delay (propagated)
                                  4.000000    4.000000 ^ input external delay
     1    0.004720    0.216836    0.075813    4.075813 ^ rstn_i (in)
                                                         rstn_i (net)
                      0.216836    0.000000    4.075813 ^ input22/I (gf180mcu_fd_sc_mcu7t5v0__dlyb_1)
     1    0.004676    0.294932    1.684947    5.760760 ^ input22/Z (gf180mcu_fd_sc_mcu7t5v0__dlyb_1)
                                                         net22 (net)
                      0.294932    0.000057    5.760818 ^ fanout46/I (gf180mcu_fd_sc_mcu7t5v0__dlyb_1)
     7    0.073974    2.103177    2.795901    8.556718 ^ fanout46/Z (gf180mcu_fd_sc_mcu7t5v0__dlyb_1)
                                                         net46 (net)
                      2.103184    0.002156    8.558875 ^ fanout45/I (gf180mcu_fd_sc_mcu7t5v0__dlyb_1)
    10    0.106978    2.995145    3.359036   11.917911 ^ fanout45/Z (gf180mcu_fd_sc_mcu7t5v0__dlyb_1)
                                                         net45 (net)
                      2.995167    0.004628   11.922539 ^ _304_/RN (gf180mcu_fd_sc_mcu7t5v0__dffrnq_1)
                                             11.922539   data arrival time

                                  0.000000    0.000000   clock clk_i (rise edge)
                                  0.000000    0.000000   clock source latency
     1    0.036259    0.309013    0.147338    0.147338 ^ clk_i (in)
                                                         clk_i (net)
                      0.309017    0.000000    0.147338 ^ clkbuf_0_clk_i/I (gf180mcu_fd_sc_mcu7t5v0__clkbuf_16)
     4    0.098105    0.277298    0.525363    0.672701 ^ clkbuf_0_clk_i/Z (gf180mcu_fd_sc_mcu7t5v0__clkbuf_16)
                                                         clknet_0_clk_i (net)
                      0.277298    0.001091    0.673792 ^ clkbuf_2_2__f_clk_i/I (gf180mcu_fd_sc_mcu7t5v0__clkbuf_16)
     9    0.056159    0.214209    0.468739    1.142532 ^ clkbuf_2_2__f_clk_i/Z (gf180mcu_fd_sc_mcu7t5v0__clkbuf_16)
                                                         clknet_2_2__leaf_clk_i (net)
                      0.214210    0.000834    1.143365 ^ _304_/CLK (gf180mcu_fd_sc_mcu7t5v0__dffrnq_1)
                                  0.250000    1.393366   clock uncertainty
                                  0.000000    1.393366   clock reconvergence pessimism
                                  0.888682    2.282047   library removal time
                                              2.282047   data required time
---------------------------------------------------------------------------------------------
                                              2.282047   data required time
                                            -11.922539   data arrival time
---------------------------------------------------------------------------------------------
                                              9.640491   slack (MET)


Startpoint: rstn_i (input port clocked by clk_i)
Endpoint: _278_ (removal check against rising-edge clock clk_i)
Path Group: asynchronous
Path Type: min

Fanout         Cap        Slew       Delay        Time   Description
---------------------------------------------------------------------------------------------
                                  0.000000    0.000000   clock clk_i (rise edge)
                                  0.000000    0.000000   clock network delay (propagated)
                                  4.000000    4.000000 ^ input external delay
     1    0.004720    0.216836    0.075813    4.075813 ^ rstn_i (in)
                                                         rstn_i (net)
                      0.216836    0.000000    4.075813 ^ input22/I (gf180mcu_fd_sc_mcu7t5v0__dlyb_1)
     1    0.004676    0.294932    1.684947    5.760760 ^ input22/Z (gf180mcu_fd_sc_mcu7t5v0__dlyb_1)
                                                         net22 (net)
                      0.294932    0.000057    5.760818 ^ fanout46/I (gf180mcu_fd_sc_mcu7t5v0__dlyb_1)
     7    0.073974    2.103177    2.795901    8.556718 ^ fanout46/Z (gf180mcu_fd_sc_mcu7t5v0__dlyb_1)
                                                         net46 (net)
                      2.103184    0.002156    8.558875 ^ fanout45/I (gf180mcu_fd_sc_mcu7t5v0__dlyb_1)
    10    0.106978    2.995145    3.359036   11.917911 ^ fanout45/Z (gf180mcu_fd_sc_mcu7t5v0__dlyb_1)
                                                         net45 (net)
                      2.995145    0.001418   11.919328 ^ _278_/RN (gf180mcu_fd_sc_mcu7t5v0__dffrnq_1)
                                             11.919328   data arrival time

                                  0.000000    0.000000   clock clk_i (rise edge)
                                  0.000000    0.000000   clock source latency
     1    0.036259    0.309013    0.147338    0.147338 ^ clk_i (in)
                                                         clk_i (net)
                      0.309017    0.000000    0.147338 ^ clkbuf_0_clk_i/I (gf180mcu_fd_sc_mcu7t5v0__clkbuf_16)
     4    0.098105    0.277298    0.525363    0.672701 ^ clkbuf_0_clk_i/Z (gf180mcu_fd_sc_mcu7t5v0__clkbuf_16)
                                                         clknet_0_clk_i (net)
                      0.277298    0.001075    0.673776 ^ clkbuf_2_3__f_clk_i/I (gf180mcu_fd_sc_mcu7t5v0__clkbuf_16)
     9    0.046731    0.200080    0.457702    1.131478 ^ clkbuf_2_3__f_clk_i/Z (gf180mcu_fd_sc_mcu7t5v0__clkbuf_16)
                                                         clknet_2_3__leaf_clk_i (net)
                      0.200080    0.000256    1.131734 ^ _278_/CLK (gf180mcu_fd_sc_mcu7t5v0__dffrnq_1)
                                  0.250000    1.381734   clock uncertainty
                                  0.000000    1.381734   clock reconvergence pessimism
                                  0.885881    2.267615   library removal time
                                              2.267615   data required time
---------------------------------------------------------------------------------------------
                                              2.267615   data required time
                                            -11.919328   data arrival time
---------------------------------------------------------------------------------------------
                                              9.651712   slack (MET)


Startpoint: rstn_i (input port clocked by clk_i)
Endpoint: _280_ (removal check against rising-edge clock clk_i)
Path Group: asynchronous
Path Type: min

Fanout         Cap        Slew       Delay        Time   Description
---------------------------------------------------------------------------------------------
                                  0.000000    0.000000   clock clk_i (rise edge)
                                  0.000000    0.000000   clock network delay (propagated)
                                  4.000000    4.000000 ^ input external delay
     1    0.004720    0.216836    0.075813    4.075813 ^ rstn_i (in)
                                                         rstn_i (net)
                      0.216836    0.000000    4.075813 ^ input22/I (gf180mcu_fd_sc_mcu7t5v0__dlyb_1)
     1    0.004676    0.294932    1.684947    5.760760 ^ input22/Z (gf180mcu_fd_sc_mcu7t5v0__dlyb_1)
                                                         net22 (net)
                      0.294932    0.000057    5.760818 ^ fanout46/I (gf180mcu_fd_sc_mcu7t5v0__dlyb_1)
     7    0.073974    2.103177    2.795901    8.556718 ^ fanout46/Z (gf180mcu_fd_sc_mcu7t5v0__dlyb_1)
                                                         net46 (net)
                      2.103184    0.002156    8.558875 ^ fanout45/I (gf180mcu_fd_sc_mcu7t5v0__dlyb_1)
    10    0.106978    2.995145    3.359036   11.917911 ^ fanout45/Z (gf180mcu_fd_sc_mcu7t5v0__dlyb_1)
                                                         net45 (net)
                      2.995145    0.001389   11.919300 ^ _280_/RN (gf180mcu_fd_sc_mcu7t5v0__dffrnq_1)
                                             11.919300   data arrival time

                                  0.000000    0.000000   clock clk_i (rise edge)
                                  0.000000    0.000000   clock source latency
     1    0.036259    0.309013    0.147338    0.147338 ^ clk_i (in)
                                                         clk_i (net)
                      0.309017    0.000000    0.147338 ^ clkbuf_0_clk_i/I (gf180mcu_fd_sc_mcu7t5v0__clkbuf_16)
     4    0.098105    0.277298    0.525363    0.672701 ^ clkbuf_0_clk_i/Z (gf180mcu_fd_sc_mcu7t5v0__clkbuf_16)
                                                         clknet_0_clk_i (net)
                      0.277298    0.001075    0.673776 ^ clkbuf_2_3__f_clk_i/I (gf180mcu_fd_sc_mcu7t5v0__clkbuf_16)
     9    0.046731    0.200080    0.457702    1.131478 ^ clkbuf_2_3__f_clk_i/Z (gf180mcu_fd_sc_mcu7t5v0__clkbuf_16)
                                                         clknet_2_3__leaf_clk_i (net)
                      0.200080    0.000160    1.131638 ^ _280_/CLK (gf180mcu_fd_sc_mcu7t5v0__dffrnq_1)
                                  0.250000    1.381638   clock uncertainty
                                  0.000000    1.381638   clock reconvergence pessimism
                                  0.885881    2.267519   library removal time
                                              2.267519   data required time
---------------------------------------------------------------------------------------------
                                              2.267519   data required time
                                            -11.919300   data arrival time
---------------------------------------------------------------------------------------------
                                              9.651781   slack (MET)


Startpoint: rstn_i (input port clocked by clk_i)
Endpoint: _279_ (removal check against rising-edge clock clk_i)
Path Group: asynchronous
Path Type: min

Fanout         Cap        Slew       Delay        Time   Description
---------------------------------------------------------------------------------------------
                                  0.000000    0.000000   clock clk_i (rise edge)
                                  0.000000    0.000000   clock network delay (propagated)
                                  4.000000    4.000000 ^ input external delay
     1    0.004720    0.216836    0.075813    4.075813 ^ rstn_i (in)
                                                         rstn_i (net)
                      0.216836    0.000000    4.075813 ^ input22/I (gf180mcu_fd_sc_mcu7t5v0__dlyb_1)
     1    0.004676    0.294932    1.684947    5.760760 ^ input22/Z (gf180mcu_fd_sc_mcu7t5v0__dlyb_1)
                                                         net22 (net)
                      0.294932    0.000057    5.760818 ^ fanout46/I (gf180mcu_fd_sc_mcu7t5v0__dlyb_1)
     7    0.073974    2.103177    2.795901    8.556718 ^ fanout46/Z (gf180mcu_fd_sc_mcu7t5v0__dlyb_1)
                                                         net46 (net)
                      2.103184    0.002156    8.558875 ^ fanout45/I (gf180mcu_fd_sc_mcu7t5v0__dlyb_1)
    10    0.106978    2.995145    3.359036   11.917911 ^ fanout45/Z (gf180mcu_fd_sc_mcu7t5v0__dlyb_1)
                                                         net45 (net)
                      2.995145    0.001354   11.919264 ^ _279_/RN (gf180mcu_fd_sc_mcu7t5v0__dffrnq_1)
                                             11.919264   data arrival time

                                  0.000000    0.000000   clock clk_i (rise edge)
                                  0.000000    0.000000   clock source latency
     1    0.036259    0.309013    0.147338    0.147338 ^ clk_i (in)
                                                         clk_i (net)
                      0.309017    0.000000    0.147338 ^ clkbuf_0_clk_i/I (gf180mcu_fd_sc_mcu7t5v0__clkbuf_16)
     4    0.098105    0.277298    0.525363    0.672701 ^ clkbuf_0_clk_i/Z (gf180mcu_fd_sc_mcu7t5v0__clkbuf_16)
                                                         clknet_0_clk_i (net)
                      0.277298    0.001075    0.673776 ^ clkbuf_2_3__f_clk_i/I (gf180mcu_fd_sc_mcu7t5v0__clkbuf_16)
     9    0.046731    0.200080    0.457702    1.131478 ^ clkbuf_2_3__f_clk_i/Z (gf180mcu_fd_sc_mcu7t5v0__clkbuf_16)
                                                         clknet_2_3__leaf_clk_i (net)
                      0.200080    0.000099    1.131577 ^ _279_/CLK (gf180mcu_fd_sc_mcu7t5v0__dffrnq_1)
                                  0.250000    1.381577   clock uncertainty
                                  0.000000    1.381577   clock reconvergence pessimism
                                  0.885881    2.267458   library removal time
                                              2.267458   data required time
---------------------------------------------------------------------------------------------
                                              2.267458   data required time
                                            -11.919264   data arrival time
---------------------------------------------------------------------------------------------
                                              9.651806   slack (MET)


Startpoint: _292_ (rising edge-triggered flip-flop clocked by clk_i)
Endpoint: tx_o (output port clocked by clk_i)
Path Group: clk_i
Path Type: min

Fanout         Cap        Slew       Delay        Time   Description
---------------------------------------------------------------------------------------------
                                  0.000000    0.000000   clock clk_i (rise edge)
                                  0.000000    0.000000   clock source latency
     1    0.036259    0.309013    0.147338    0.147338 ^ clk_i (in)
                                                         clk_i (net)
                      0.309017    0.000000    0.147338 ^ clkbuf_0_clk_i/I (gf180mcu_fd_sc_mcu7t5v0__clkbuf_16)
     4    0.098105    0.277298    0.525363    0.672701 ^ clkbuf_0_clk_i/Z (gf180mcu_fd_sc_mcu7t5v0__clkbuf_16)
                                                         clknet_0_clk_i (net)
                      0.277298    0.001106    0.673807 ^ clkbuf_2_1__f_clk_i/I (gf180mcu_fd_sc_mcu7t5v0__clkbuf_16)
     8    0.043398    0.195047    0.453583    1.127390 ^ clkbuf_2_1__f_clk_i/Z (gf180mcu_fd_sc_mcu7t5v0__clkbuf_16)
                                                         clknet_2_1__leaf_clk_i (net)
                      0.195047    0.000556    1.127946 ^ _292_/CLK (gf180mcu_fd_sc_mcu7t5v0__dffrnq_1)
     3    0.019233    0.402438    1.459727    2.587673 v _292_/Q (gf180mcu_fd_sc_mcu7t5v0__dffrnq_1)
                                                         parity_bit (net)
                      0.402438    0.000234    2.587907 v _222_/A2 (gf180mcu_fd_sc_mcu7t5v0__nand2_1)
     1    0.005314    0.355490    0.325702    2.913609 ^ _222_/ZN (gf180mcu_fd_sc_mcu7t5v0__nand2_1)
                                                         _096_ (net)
                      0.355490    0.000054    2.913663 ^ _224_/B1 (gf180mcu_fd_sc_mcu7t5v0__aoi22_1)
     1    0.003236    0.313113    0.275000    3.188663 v _224_/ZN (gf180mcu_fd_sc_mcu7t5v0__aoi22_1)
                                                         net33 (net)
                      0.313113    0.000032    3.188695 v output33/I (gf180mcu_fd_sc_mcu7t5v0__dlyb_1)
     1    0.074087    1.400934    2.799134    5.987829 v output33/Z (gf180mcu_fd_sc_mcu7t5v0__dlyb_1)
                                                         tx_o (net)
                      1.400934    0.001003    5.988832 v tx_o (out)
                                              5.988832   data arrival time

                                  0.000000    0.000000   clock clk_i (rise edge)
                                  0.000000    0.000000   clock network delay (propagated)
                                  0.250000    0.250000   clock uncertainty
                                  0.000000    0.250000   clock reconvergence pessimism
                                 -4.000000   -3.750000   output external delay
                                             -3.750000   data required time
---------------------------------------------------------------------------------------------
                                             -3.750000   data required time
                                             -5.988832   data arrival time
---------------------------------------------------------------------------------------------
                                              9.738832   slack (MET)


Startpoint: rstn_i (input port clocked by clk_i)
Endpoint: _287_ (removal check against rising-edge clock clk_i)
Path Group: asynchronous
Path Type: min

Fanout         Cap        Slew       Delay        Time   Description
---------------------------------------------------------------------------------------------
                                  0.000000    0.000000   clock clk_i (rise edge)
                                  0.000000    0.000000   clock network delay (propagated)
                                  4.000000    4.000000 ^ input external delay
     1    0.004720    0.216836    0.075813    4.075813 ^ rstn_i (in)
                                                         rstn_i (net)
                      0.216836    0.000000    4.075813 ^ input22/I (gf180mcu_fd_sc_mcu7t5v0__dlyb_1)
     1    0.004676    0.294932    1.684947    5.760760 ^ input22/Z (gf180mcu_fd_sc_mcu7t5v0__dlyb_1)
                                                         net22 (net)
                      0.294932    0.000057    5.760818 ^ fanout46/I (gf180mcu_fd_sc_mcu7t5v0__dlyb_1)
     7    0.073974    2.103177    2.795901    8.556718 ^ fanout46/Z (gf180mcu_fd_sc_mcu7t5v0__dlyb_1)
                                                         net46 (net)
                      2.103177    0.000486    8.557204 ^ fanout44/I (gf180mcu_fd_sc_mcu7t5v0__dlyb_1)
     8    0.079134    2.242869    2.927831   11.485036 ^ fanout44/Z (gf180mcu_fd_sc_mcu7t5v0__dlyb_1)
                                                         net44 (net)
                      2.242869    0.001442   11.486477 ^ _287_/SETN (gf180mcu_fd_sc_mcu7t5v0__dffsnq_1)
                                             11.486477   data arrival time

                                  0.000000    0.000000   clock clk_i (rise edge)
                                  0.000000    0.000000   clock source latency
     1    0.036259    0.309013    0.147338    0.147338 ^ clk_i (in)
                                                         clk_i (net)
                      0.309017    0.000000    0.147338 ^ clkbuf_0_clk_i/I (gf180mcu_fd_sc_mcu7t5v0__clkbuf_16)
     4    0.098105    0.277298    0.525363    0.672701 ^ clkbuf_0_clk_i/Z (gf180mcu_fd_sc_mcu7t5v0__clkbuf_16)
                                                         clknet_0_clk_i (net)
                      0.277298    0.001106    0.673807 ^ clkbuf_2_1__f_clk_i/I (gf180mcu_fd_sc_mcu7t5v0__clkbuf_16)
     8    0.043398    0.195047    0.453583    1.127390 ^ clkbuf_2_1__f_clk_i/Z (gf180mcu_fd_sc_mcu7t5v0__clkbuf_16)
                                                         clknet_2_1__leaf_clk_i (net)
                      0.195049    0.001243    1.128633 ^ _287_/CLK (gf180mcu_fd_sc_mcu7t5v0__dffsnq_1)
                                  0.250000    1.378633   clock uncertainty
                                  0.000000    1.378633   clock reconvergence pessimism
                                  0.168114    1.546747   library removal time
                                              1.546747   data required time
---------------------------------------------------------------------------------------------
                                              1.546747   data required time
                                            -11.486477   data arrival time
---------------------------------------------------------------------------------------------
                                              9.939731   slack (MET)


Startpoint: rstn_i (input port clocked by clk_i)
Endpoint: _286_ (removal check against rising-edge clock clk_i)
Path Group: asynchronous
Path Type: min

Fanout         Cap        Slew       Delay        Time   Description
---------------------------------------------------------------------------------------------
                                  0.000000    0.000000   clock clk_i (rise edge)
                                  0.000000    0.000000   clock network delay (propagated)
                                  4.000000    4.000000 ^ input external delay
     1    0.004720    0.216836    0.075813    4.075813 ^ rstn_i (in)
                                                         rstn_i (net)
                      0.216836    0.000000    4.075813 ^ input22/I (gf180mcu_fd_sc_mcu7t5v0__dlyb_1)
     1    0.004676    0.294932    1.684947    5.760760 ^ input22/Z (gf180mcu_fd_sc_mcu7t5v0__dlyb_1)
                                                         net22 (net)
                      0.294932    0.000057    5.760818 ^ fanout46/I (gf180mcu_fd_sc_mcu7t5v0__dlyb_1)
     7    0.073974    2.103177    2.795901    8.556718 ^ fanout46/Z (gf180mcu_fd_sc_mcu7t5v0__dlyb_1)
                                                         net46 (net)
                      2.103177    0.000486    8.557204 ^ fanout44/I (gf180mcu_fd_sc_mcu7t5v0__dlyb_1)
     8    0.079134    2.242869    2.927831   11.485036 ^ fanout44/Z (gf180mcu_fd_sc_mcu7t5v0__dlyb_1)
                                                         net44 (net)
                      2.242869    0.001407   11.486443 ^ _286_/SETN (gf180mcu_fd_sc_mcu7t5v0__dffsnq_1)
                                             11.486443   data arrival time

                                  0.000000    0.000000   clock clk_i (rise edge)
                                  0.000000    0.000000   clock source latency
     1    0.036259    0.309013    0.147338    0.147338 ^ clk_i (in)
                                                         clk_i (net)
                      0.309017    0.000000    0.147338 ^ clkbuf_0_clk_i/I (gf180mcu_fd_sc_mcu7t5v0__clkbuf_16)
     4    0.098105    0.277298    0.525363    0.672701 ^ clkbuf_0_clk_i/Z (gf180mcu_fd_sc_mcu7t5v0__clkbuf_16)
                                                         clknet_0_clk_i (net)
                      0.277298    0.001106    0.673807 ^ clkbuf_2_1__f_clk_i/I (gf180mcu_fd_sc_mcu7t5v0__clkbuf_16)
     8    0.043398    0.195047    0.453583    1.127390 ^ clkbuf_2_1__f_clk_i/Z (gf180mcu_fd_sc_mcu7t5v0__clkbuf_16)
                                                         clknet_2_1__leaf_clk_i (net)
                      0.195049    0.001141    1.128531 ^ _286_/CLK (gf180mcu_fd_sc_mcu7t5v0__dffsnq_1)
                                  0.250000    1.378531   clock uncertainty
                                  0.000000    1.378531   clock reconvergence pessimism
                                  0.168114    1.546645   library removal time
                                              1.546645   data required time
---------------------------------------------------------------------------------------------
                                              1.546645   data required time
                                            -11.486443   data arrival time
---------------------------------------------------------------------------------------------
                                              9.939797   slack (MET)


Startpoint: rstn_i (input port clocked by clk_i)
Endpoint: _288_ (removal check against rising-edge clock clk_i)
Path Group: asynchronous
Path Type: min

Fanout         Cap        Slew       Delay        Time   Description
---------------------------------------------------------------------------------------------
                                  0.000000    0.000000   clock clk_i (rise edge)
                                  0.000000    0.000000   clock network delay (propagated)
                                  4.000000    4.000000 ^ input external delay
     1    0.004720    0.216836    0.075813    4.075813 ^ rstn_i (in)
                                                         rstn_i (net)
                      0.216836    0.000000    4.075813 ^ input22/I (gf180mcu_fd_sc_mcu7t5v0__dlyb_1)
     1    0.004676    0.294932    1.684947    5.760760 ^ input22/Z (gf180mcu_fd_sc_mcu7t5v0__dlyb_1)
                                                         net22 (net)
                      0.294932    0.000057    5.760818 ^ fanout46/I (gf180mcu_fd_sc_mcu7t5v0__dlyb_1)
     7    0.073974    2.103177    2.795901    8.556718 ^ fanout46/Z (gf180mcu_fd_sc_mcu7t5v0__dlyb_1)
                                                         net46 (net)
                      2.103177    0.000486    8.557204 ^ fanout44/I (gf180mcu_fd_sc_mcu7t5v0__dlyb_1)
     8    0.079134    2.242869    2.927831   11.485036 ^ fanout44/Z (gf180mcu_fd_sc_mcu7t5v0__dlyb_1)
                                                         net44 (net)
                      2.242869    0.001521   11.486556 ^ _288_/SETN (gf180mcu_fd_sc_mcu7t5v0__dffsnq_1)
                                             11.486556   data arrival time

                                  0.000000    0.000000   clock clk_i (rise edge)
                                  0.000000    0.000000   clock source latency
     1    0.036259    0.309013    0.147338    0.147338 ^ clk_i (in)
                                                         clk_i (net)
                      0.309017    0.000000    0.147338 ^ clkbuf_0_clk_i/I (gf180mcu_fd_sc_mcu7t5v0__clkbuf_16)
     4    0.098105    0.277298    0.525363    0.672701 ^ clkbuf_0_clk_i/Z (gf180mcu_fd_sc_mcu7t5v0__clkbuf_16)
                                                         clknet_0_clk_i (net)
                      0.277298    0.001106    0.673807 ^ clkbuf_2_1__f_clk_i/I (gf180mcu_fd_sc_mcu7t5v0__clkbuf_16)
     8    0.043398    0.195047    0.453583    1.127390 ^ clkbuf_2_1__f_clk_i/Z (gf180mcu_fd_sc_mcu7t5v0__clkbuf_16)
                                                         clknet_2_1__leaf_clk_i (net)
                      0.195048    0.001007    1.128397 ^ _288_/CLK (gf180mcu_fd_sc_mcu7t5v0__dffsnq_1)
                                  0.250000    1.378397   clock uncertainty
                                  0.000000    1.378397   clock reconvergence pessimism
                                  0.168114    1.546510   library removal time
                                              1.546510   data required time
---------------------------------------------------------------------------------------------
                                              1.546510   data required time
                                            -11.486556   data arrival time
---------------------------------------------------------------------------------------------
                                              9.940045   slack (MET)


Startpoint: rstn_i (input port clocked by clk_i)
Endpoint: _281_ (removal check against rising-edge clock clk_i)
Path Group: asynchronous
Path Type: min

Fanout         Cap        Slew       Delay        Time   Description
---------------------------------------------------------------------------------------------
                                  0.000000    0.000000   clock clk_i (rise edge)
                                  0.000000    0.000000   clock network delay (propagated)
                                  4.000000    4.000000 ^ input external delay
     1    0.004720    0.216836    0.075813    4.075813 ^ rstn_i (in)
                                                         rstn_i (net)
                      0.216836    0.000000    4.075813 ^ input22/I (gf180mcu_fd_sc_mcu7t5v0__dlyb_1)
     1    0.004676    0.294932    1.684947    5.760760 ^ input22/Z (gf180mcu_fd_sc_mcu7t5v0__dlyb_1)
                                                         net22 (net)
                      0.294932    0.000057    5.760818 ^ fanout46/I (gf180mcu_fd_sc_mcu7t5v0__dlyb_1)
     7    0.073974    2.103177    2.795901    8.556718 ^ fanout46/Z (gf180mcu_fd_sc_mcu7t5v0__dlyb_1)
                                                         net46 (net)
                      2.103177    0.000486    8.557204 ^ fanout44/I (gf180mcu_fd_sc_mcu7t5v0__dlyb_1)
     8    0.079134    2.242869    2.927831   11.485036 ^ fanout44/Z (gf180mcu_fd_sc_mcu7t5v0__dlyb_1)
                                                         net44 (net)
                      2.242869    0.001585   11.486620 ^ _281_/SETN (gf180mcu_fd_sc_mcu7t5v0__dffsnq_1)
                                             11.486620   data arrival time

                                  0.000000    0.000000   clock clk_i (rise edge)
                                  0.000000    0.000000   clock source latency
     1    0.036259    0.309013    0.147338    0.147338 ^ clk_i (in)
                                                         clk_i (net)
                      0.309017    0.000000    0.147338 ^ clkbuf_0_clk_i/I (gf180mcu_fd_sc_mcu7t5v0__clkbuf_16)
     4    0.098105    0.277298    0.525363    0.672701 ^ clkbuf_0_clk_i/Z (gf180mcu_fd_sc_mcu7t5v0__clkbuf_16)
                                                         clknet_0_clk_i (net)
                      0.277298    0.001106    0.673807 ^ clkbuf_2_1__f_clk_i/I (gf180mcu_fd_sc_mcu7t5v0__clkbuf_16)
     8    0.043398    0.195047    0.453583    1.127390 ^ clkbuf_2_1__f_clk_i/Z (gf180mcu_fd_sc_mcu7t5v0__clkbuf_16)
                                                         clknet_2_1__leaf_clk_i (net)
                      0.195048    0.000753    1.128143 ^ _281_/CLK (gf180mcu_fd_sc_mcu7t5v0__dffsnq_1)
                                  0.250000    1.378143   clock uncertainty
                                  0.000000    1.378143   clock reconvergence pessimism
                                  0.168114    1.546257   library removal time
                                              1.546257   data required time
---------------------------------------------------------------------------------------------
                                              1.546257   data required time
                                            -11.486620   data arrival time
---------------------------------------------------------------------------------------------
                                              9.940363   slack (MET)


Startpoint: rstn_i (input port clocked by clk_i)
Endpoint: _284_ (removal check against rising-edge clock clk_i)
Path Group: asynchronous
Path Type: min

Fanout         Cap        Slew       Delay        Time   Description
---------------------------------------------------------------------------------------------
                                  0.000000    0.000000   clock clk_i (rise edge)
                                  0.000000    0.000000   clock network delay (propagated)
                                  4.000000    4.000000 ^ input external delay
     1    0.004720    0.216836    0.075813    4.075813 ^ rstn_i (in)
                                                         rstn_i (net)
                      0.216836    0.000000    4.075813 ^ input22/I (gf180mcu_fd_sc_mcu7t5v0__dlyb_1)
     1    0.004676    0.294932    1.684947    5.760760 ^ input22/Z (gf180mcu_fd_sc_mcu7t5v0__dlyb_1)
                                                         net22 (net)
                      0.294932    0.000057    5.760818 ^ fanout46/I (gf180mcu_fd_sc_mcu7t5v0__dlyb_1)
     7    0.073974    2.103177    2.795901    8.556718 ^ fanout46/Z (gf180mcu_fd_sc_mcu7t5v0__dlyb_1)
                                                         net46 (net)
                      2.103177    0.000878    8.557596 ^ fanout43/I (gf180mcu_fd_sc_mcu7t5v0__dlyb_1)
    10    0.090777    2.557116    3.108451   11.666048 ^ fanout43/Z (gf180mcu_fd_sc_mcu7t5v0__dlyb_1)
                                                         net43 (net)
                      2.557116    0.000095   11.666143 ^ _284_/SETN (gf180mcu_fd_sc_mcu7t5v0__dffsnq_1)
                                             11.666143   data arrival time

                                  0.000000    0.000000   clock clk_i (rise edge)
                                  0.000000    0.000000   clock source latency
     1    0.036259    0.309013    0.147338    0.147338 ^ clk_i (in)
                                                         clk_i (net)
                      0.309017    0.000000    0.147338 ^ clkbuf_0_clk_i/I (gf180mcu_fd_sc_mcu7t5v0__clkbuf_16)
     4    0.098105    0.277298    0.525363    0.672701 ^ clkbuf_0_clk_i/Z (gf180mcu_fd_sc_mcu7t5v0__clkbuf_16)
                                                         clknet_0_clk_i (net)
                      0.277298    0.000846    0.673547 ^ clkbuf_2_0__f_clk_i/I (gf180mcu_fd_sc_mcu7t5v0__clkbuf_16)
     8    0.042636    0.193915    0.452769    1.126316 ^ clkbuf_2_0__f_clk_i/Z (gf180mcu_fd_sc_mcu7t5v0__clkbuf_16)
                                                         clknet_2_0__leaf_clk_i (net)
                      0.193915    0.000723    1.127039 ^ _284_/CLK (gf180mcu_fd_sc_mcu7t5v0__dffsnq_1)
                                  0.250000    1.377039   clock uncertainty
                                  0.000000    1.377039   clock reconvergence pessimism
                                  0.137927    1.514966   library removal time
                                              1.514966   data required time
---------------------------------------------------------------------------------------------
                                              1.514966   data required time
                                            -11.666143   data arrival time
---------------------------------------------------------------------------------------------
                                             10.151176   slack (MET)


Startpoint: rstn_i (input port clocked by clk_i)
Endpoint: _283_ (removal check against rising-edge clock clk_i)
Path Group: asynchronous
Path Type: min

Fanout         Cap        Slew       Delay        Time   Description
---------------------------------------------------------------------------------------------
                                  0.000000    0.000000   clock clk_i (rise edge)
                                  0.000000    0.000000   clock network delay (propagated)
                                  4.000000    4.000000 ^ input external delay
     1    0.004720    0.216836    0.075813    4.075813 ^ rstn_i (in)
                                                         rstn_i (net)
                      0.216836    0.000000    4.075813 ^ input22/I (gf180mcu_fd_sc_mcu7t5v0__dlyb_1)
     1    0.004676    0.294932    1.684947    5.760760 ^ input22/Z (gf180mcu_fd_sc_mcu7t5v0__dlyb_1)
                                                         net22 (net)
                      0.294932    0.000057    5.760818 ^ fanout46/I (gf180mcu_fd_sc_mcu7t5v0__dlyb_1)
     7    0.073974    2.103177    2.795901    8.556718 ^ fanout46/Z (gf180mcu_fd_sc_mcu7t5v0__dlyb_1)
                                                         net46 (net)
                      2.103177    0.000878    8.557596 ^ fanout43/I (gf180mcu_fd_sc_mcu7t5v0__dlyb_1)
    10    0.090777    2.557116    3.108451   11.666048 ^ fanout43/Z (gf180mcu_fd_sc_mcu7t5v0__dlyb_1)
                                                         net43 (net)
                      2.557116    0.000743   11.666791 ^ _283_/SETN (gf180mcu_fd_sc_mcu7t5v0__dffsnq_1)
                                             11.666791   data arrival time

                                  0.000000    0.000000   clock clk_i (rise edge)
                                  0.000000    0.000000   clock source latency
     1    0.036259    0.309013    0.147338    0.147338 ^ clk_i (in)
                                                         clk_i (net)
                      0.309017    0.000000    0.147338 ^ clkbuf_0_clk_i/I (gf180mcu_fd_sc_mcu7t5v0__clkbuf_16)
     4    0.098105    0.277298    0.525363    0.672701 ^ clkbuf_0_clk_i/Z (gf180mcu_fd_sc_mcu7t5v0__clkbuf_16)
                                                         clknet_0_clk_i (net)
                      0.277298    0.000846    0.673547 ^ clkbuf_2_0__f_clk_i/I (gf180mcu_fd_sc_mcu7t5v0__clkbuf_16)
     8    0.042636    0.193915    0.452769    1.126316 ^ clkbuf_2_0__f_clk_i/Z (gf180mcu_fd_sc_mcu7t5v0__clkbuf_16)
                                                         clknet_2_0__leaf_clk_i (net)
                      0.193915    0.000619    1.126934 ^ _283_/CLK (gf180mcu_fd_sc_mcu7t5v0__dffsnq_1)
                                  0.250000    1.376935   clock uncertainty
                                  0.000000    1.376935   clock reconvergence pessimism
                                  0.137927    1.514862   library removal time
                                              1.514862   data required time
---------------------------------------------------------------------------------------------
                                              1.514862   data required time
                                            -11.666791   data arrival time
---------------------------------------------------------------------------------------------
                                             10.151929   slack (MET)


Startpoint: rstn_i (input port clocked by clk_i)
Endpoint: _285_ (removal check against rising-edge clock clk_i)
Path Group: asynchronous
Path Type: min

Fanout         Cap        Slew       Delay        Time   Description
---------------------------------------------------------------------------------------------
                                  0.000000    0.000000   clock clk_i (rise edge)
                                  0.000000    0.000000   clock network delay (propagated)
                                  4.000000    4.000000 ^ input external delay
     1    0.004720    0.216836    0.075813    4.075813 ^ rstn_i (in)
                                                         rstn_i (net)
                      0.216836    0.000000    4.075813 ^ input22/I (gf180mcu_fd_sc_mcu7t5v0__dlyb_1)
     1    0.004676    0.294932    1.684947    5.760760 ^ input22/Z (gf180mcu_fd_sc_mcu7t5v0__dlyb_1)
                                                         net22 (net)
                      0.294932    0.000057    5.760818 ^ fanout46/I (gf180mcu_fd_sc_mcu7t5v0__dlyb_1)
     7    0.073974    2.103177    2.795901    8.556718 ^ fanout46/Z (gf180mcu_fd_sc_mcu7t5v0__dlyb_1)
                                                         net46 (net)
                      2.103177    0.000878    8.557596 ^ fanout43/I (gf180mcu_fd_sc_mcu7t5v0__dlyb_1)
    10    0.090777    2.557116    3.108451   11.666048 ^ fanout43/Z (gf180mcu_fd_sc_mcu7t5v0__dlyb_1)
                                                         net43 (net)
                      2.557116    0.000766   11.666815 ^ _285_/SETN (gf180mcu_fd_sc_mcu7t5v0__dffsnq_1)
                                             11.666815   data arrival time

                                  0.000000    0.000000   clock clk_i (rise edge)
                                  0.000000    0.000000   clock source latency
     1    0.036259    0.309013    0.147338    0.147338 ^ clk_i (in)
                                                         clk_i (net)
                      0.309017    0.000000    0.147338 ^ clkbuf_0_clk_i/I (gf180mcu_fd_sc_mcu7t5v0__clkbuf_16)
     4    0.098105    0.277298    0.525363    0.672701 ^ clkbuf_0_clk_i/Z (gf180mcu_fd_sc_mcu7t5v0__clkbuf_16)
                                                         clknet_0_clk_i (net)
                      0.277298    0.000846    0.673547 ^ clkbuf_2_0__f_clk_i/I (gf180mcu_fd_sc_mcu7t5v0__clkbuf_16)
     8    0.042636    0.193915    0.452769    1.126316 ^ clkbuf_2_0__f_clk_i/Z (gf180mcu_fd_sc_mcu7t5v0__clkbuf_16)
                                                         clknet_2_0__leaf_clk_i (net)
                      0.193915    0.000641    1.126957 ^ _285_/CLK (gf180mcu_fd_sc_mcu7t5v0__dffsnq_1)
                                  0.250000    1.376957   clock uncertainty
                                  0.000000    1.376957   clock reconvergence pessimism
                                  0.137927    1.514884   library removal time
                                              1.514884   data required time
---------------------------------------------------------------------------------------------
                                              1.514884   data required time
                                            -11.666815   data arrival time
---------------------------------------------------------------------------------------------
                                             10.151930   slack (MET)


Startpoint: rstn_i (input port clocked by clk_i)
Endpoint: _282_ (removal check against rising-edge clock clk_i)
Path Group: asynchronous
Path Type: min

Fanout         Cap        Slew       Delay        Time   Description
---------------------------------------------------------------------------------------------
                                  0.000000    0.000000   clock clk_i (rise edge)
                                  0.000000    0.000000   clock network delay (propagated)
                                  4.000000    4.000000 ^ input external delay
     1    0.004720    0.216836    0.075813    4.075813 ^ rstn_i (in)
                                                         rstn_i (net)
                      0.216836    0.000000    4.075813 ^ input22/I (gf180mcu_fd_sc_mcu7t5v0__dlyb_1)
     1    0.004676    0.294932    1.684947    5.760760 ^ input22/Z (gf180mcu_fd_sc_mcu7t5v0__dlyb_1)
                                                         net22 (net)
                      0.294932    0.000057    5.760818 ^ fanout46/I (gf180mcu_fd_sc_mcu7t5v0__dlyb_1)
     7    0.073974    2.103177    2.795901    8.556718 ^ fanout46/Z (gf180mcu_fd_sc_mcu7t5v0__dlyb_1)
                                                         net46 (net)
                      2.103177    0.000878    8.557596 ^ fanout43/I (gf180mcu_fd_sc_mcu7t5v0__dlyb_1)
    10    0.090777    2.557116    3.108451   11.666048 ^ fanout43/Z (gf180mcu_fd_sc_mcu7t5v0__dlyb_1)
                                                         net43 (net)
                      2.557116    0.000798   11.666845 ^ _282_/SETN (gf180mcu_fd_sc_mcu7t5v0__dffsnq_1)
                                             11.666845   data arrival time

                                  0.000000    0.000000   clock clk_i (rise edge)
                                  0.000000    0.000000   clock source latency
     1    0.036259    0.309013    0.147338    0.147338 ^ clk_i (in)
                                                         clk_i (net)
                      0.309017    0.000000    0.147338 ^ clkbuf_0_clk_i/I (gf180mcu_fd_sc_mcu7t5v0__clkbuf_16)
     4    0.098105    0.277298    0.525363    0.672701 ^ clkbuf_0_clk_i/Z (gf180mcu_fd_sc_mcu7t5v0__clkbuf_16)
                                                         clknet_0_clk_i (net)
                      0.277298    0.000846    0.673547 ^ clkbuf_2_0__f_clk_i/I (gf180mcu_fd_sc_mcu7t5v0__clkbuf_16)
     8    0.042636    0.193915    0.452769    1.126316 ^ clkbuf_2_0__f_clk_i/Z (gf180mcu_fd_sc_mcu7t5v0__clkbuf_16)
                                                         clknet_2_0__leaf_clk_i (net)
                      0.193915    0.000357    1.126673 ^ _282_/CLK (gf180mcu_fd_sc_mcu7t5v0__dffsnq_1)
                                  0.250000    1.376673   clock uncertainty
                                  0.000000    1.376673   clock reconvergence pessimism
                                  0.137927    1.514600   library removal time
                                              1.514600   data required time
---------------------------------------------------------------------------------------------
                                              1.514600   data required time
                                            -11.666845   data arrival time
---------------------------------------------------------------------------------------------
                                             10.152246   slack (MET)


Startpoint: _279_ (rising edge-triggered flip-flop clocked by clk_i)
Endpoint: busy_o (output port clocked by clk_i)
Path Group: clk_i
Path Type: min

Fanout         Cap        Slew       Delay        Time   Description
---------------------------------------------------------------------------------------------
                                  0.000000    0.000000   clock clk_i (rise edge)
                                  0.000000    0.000000   clock source latency
     1    0.036259    0.309013    0.147338    0.147338 ^ clk_i (in)
                                                         clk_i (net)
                      0.309017    0.000000    0.147338 ^ clkbuf_0_clk_i/I (gf180mcu_fd_sc_mcu7t5v0__clkbuf_16)
     4    0.098105    0.277298    0.525363    0.672701 ^ clkbuf_0_clk_i/Z (gf180mcu_fd_sc_mcu7t5v0__clkbuf_16)
                                                         clknet_0_clk_i (net)
                      0.277298    0.001075    0.673776 ^ clkbuf_2_3__f_clk_i/I (gf180mcu_fd_sc_mcu7t5v0__clkbuf_16)
     9    0.046731    0.200080    0.457702    1.131478 ^ clkbuf_2_3__f_clk_i/Z (gf180mcu_fd_sc_mcu7t5v0__clkbuf_16)
                                                         clknet_2_3__leaf_clk_i (net)
                      0.200080    0.000099    1.131577 ^ _279_/CLK (gf180mcu_fd_sc_mcu7t5v0__dffrnq_1)
     7    0.043042    1.286139    2.319016    3.450593 ^ _279_/Q (gf180mcu_fd_sc_mcu7t5v0__dffrnq_1)
                                                         CS[1] (net)
                      1.286143    0.001296    3.451889 ^ _148_/A3 (gf180mcu_fd_sc_mcu7t5v0__nor3_1)
     3    0.022172    0.973656    0.826585    4.278475 v _148_/ZN (gf180mcu_fd_sc_mcu7t5v0__nor3_1)
                                                         _041_ (net)
                      0.973656    0.000201    4.278675 v max_cap42/I (gf180mcu_fd_sc_mcu7t5v0__clkbuf_1)
     4    0.024459    0.710766    0.867586    5.146261 v max_cap42/Z (gf180mcu_fd_sc_mcu7t5v0__clkbuf_1)
                                                         net42 (net)
                      0.710766    0.000307    5.146568 v _149_/I (gf180mcu_fd_sc_mcu7t5v0__clkinv_1)
     3    0.014232    0.533039    0.482311    5.628879 ^ _149_/ZN (gf180mcu_fd_sc_mcu7t5v0__clkinv_1)
                                                         net32 (net)
                      0.533039    0.000213    5.629092 ^ output32/I (gf180mcu_fd_sc_mcu7t5v0__dlyb_1)
     1    0.073974    2.103560    2.829851    8.458943 ^ output32/Z (gf180mcu_fd_sc_mcu7t5v0__dlyb_1)
                                                         busy_o (net)
                      2.103560    0.000972    8.459915 ^ busy_o (out)
                                              8.459915   data arrival time

                                  0.000000    0.000000   clock clk_i (rise edge)
                                  0.000000    0.000000   clock network delay (propagated)
                                  0.250000    0.250000   clock uncertainty
                                  0.000000    0.250000   clock reconvergence pessimism
                                 -4.000000   -3.750000   output external delay
                                             -3.750000   data required time
---------------------------------------------------------------------------------------------
                                             -3.750000   data required time
                                             -8.459915   data arrival time
---------------------------------------------------------------------------------------------
                                             12.209915   slack (MET)


Startpoint: _279_ (rising edge-triggered flip-flop clocked by clk_i)
Endpoint: tx_ready_o (output port clocked by clk_i)
Path Group: clk_i
Path Type: min

Fanout         Cap        Slew       Delay        Time   Description
---------------------------------------------------------------------------------------------
                                  0.000000    0.000000   clock clk_i (rise edge)
                                  0.000000    0.000000   clock source latency
     1    0.036259    0.309013    0.147338    0.147338 ^ clk_i (in)
                                                         clk_i (net)
                      0.309017    0.000000    0.147338 ^ clkbuf_0_clk_i/I (gf180mcu_fd_sc_mcu7t5v0__clkbuf_16)
     4    0.098105    0.277298    0.525363    0.672701 ^ clkbuf_0_clk_i/Z (gf180mcu_fd_sc_mcu7t5v0__clkbuf_16)
                                                         clknet_0_clk_i (net)
                      0.277298    0.001075    0.673776 ^ clkbuf_2_3__f_clk_i/I (gf180mcu_fd_sc_mcu7t5v0__clkbuf_16)
     9    0.046731    0.200080    0.457702    1.131478 ^ clkbuf_2_3__f_clk_i/Z (gf180mcu_fd_sc_mcu7t5v0__clkbuf_16)
                                                         clknet_2_3__leaf_clk_i (net)
                      0.200080    0.000099    1.131577 ^ _279_/CLK (gf180mcu_fd_sc_mcu7t5v0__dffrnq_1)
     7    0.043042    1.286139    2.319016    3.450593 ^ _279_/Q (gf180mcu_fd_sc_mcu7t5v0__dffrnq_1)
                                                         CS[1] (net)
                      1.286143    0.001296    3.451889 ^ _148_/A3 (gf180mcu_fd_sc_mcu7t5v0__nor3_1)
     3    0.022172    0.973656    0.826585    4.278475 v _148_/ZN (gf180mcu_fd_sc_mcu7t5v0__nor3_1)
                                                         _041_ (net)
                      0.973656    0.000201    4.278675 v max_cap42/I (gf180mcu_fd_sc_mcu7t5v0__clkbuf_1)
     4    0.024459    0.710766    0.867586    5.146261 v max_cap42/Z (gf180mcu_fd_sc_mcu7t5v0__clkbuf_1)
                                                         net42 (net)
                      0.710766    0.000307    5.146568 v _149_/I (gf180mcu_fd_sc_mcu7t5v0__clkinv_1)
     3    0.014232    0.533039    0.482311    5.628879 ^ _149_/ZN (gf180mcu_fd_sc_mcu7t5v0__clkinv_1)
                                                         net32 (net)
                      0.533039    0.000211    5.629090 ^ _175_/A2 (gf180mcu_fd_sc_mcu7t5v0__nor2_1)
     1    0.004629    0.309760    0.278912    5.908001 v _175_/ZN (gf180mcu_fd_sc_mcu7t5v0__nor2_1)
                                                         net34 (net)
                      0.309760    0.000058    5.908059 v output34/I (gf180mcu_fd_sc_mcu7t5v0__dlyb_1)
     1    0.074681    1.409521    2.804131    8.712191 v output34/Z (gf180mcu_fd_sc_mcu7t5v0__dlyb_1)
                                                         tx_ready_o (net)
                      1.409521    0.001045    8.713236 v tx_ready_o (out)
                                              8.713236   data arrival time

                                  0.000000    0.000000   clock clk_i (rise edge)
                                  0.000000    0.000000   clock network delay (propagated)
                                  0.250000    0.250000   clock uncertainty
                                  0.000000    0.250000   clock reconvergence pessimism
                                 -4.000000   -3.750000   output external delay
                                             -3.750000   data required time
---------------------------------------------------------------------------------------------
                                             -3.750000   data required time
                                             -8.713236   data arrival time
---------------------------------------------------------------------------------------------
                                             12.463236   slack (MET)



%OL_END_REPORT
%OL_CREATE_REPORT max.rpt

===========================================================================
report_checks -path_delay max (Setup)
============================================================================
======================= max_ss_125C_4v50 Corner ===================================

Startpoint: cfg_en_i (input port clocked by clk_i)
Endpoint: tx_ready_o (output port clocked by clk_i)
Path Group: clk_i
Path Type: max

Fanout         Cap        Slew       Delay        Time   Description
---------------------------------------------------------------------------------------------
                                  0.000000    0.000000   clock clk_i (rise edge)
                                  0.000000    0.000000   clock network delay (propagated)
                                  4.000000    4.000000 ^ input external delay
     1    0.005126    0.227786    0.082230    4.082230 ^ cfg_en_i (in)
                                                         cfg_en_i (net)
                      0.227786    0.000000    4.082230 ^ input19/I (gf180mcu_fd_sc_mcu7t5v0__dlyb_1)
     1    0.005609    0.323402    1.704515    5.786745 ^ input19/Z (gf180mcu_fd_sc_mcu7t5v0__dlyb_1)
                                                         net19 (net)
                      0.323402    0.000066    5.786811 ^ _141_/I (gf180mcu_fd_sc_mcu7t5v0__clkinv_1)
     4    0.022837    0.678910    0.511635    6.298446 v _141_/ZN (gf180mcu_fd_sc_mcu7t5v0__clkinv_1)
                                                         _034_ (net)
                      0.678910    0.000145    6.298591 v _175_/A1 (gf180mcu_fd_sc_mcu7t5v0__nor2_1)
     1    0.004629    0.513260    0.456073    6.754663 ^ _175_/ZN (gf180mcu_fd_sc_mcu7t5v0__nor2_1)
                                                         net34 (net)
                      0.513260    0.000058    6.754722 ^ output34/I (gf180mcu_fd_sc_mcu7t5v0__dlyb_1)
     1    0.074681    2.122602    2.837997    9.592719 ^ output34/Z (gf180mcu_fd_sc_mcu7t5v0__dlyb_1)
                                                         tx_ready_o (net)
                      2.122602    0.001045    9.593764 ^ tx_ready_o (out)
                                              9.593764   data arrival time

                                 20.000000   20.000000   clock clk_i (rise edge)
                                  0.000000   20.000000   clock network delay (propagated)
                                 -0.250000   19.750002   clock uncertainty
                                  0.000000   19.750002   clock reconvergence pessimism
                                 -4.000000   15.750001   output external delay
                                             15.750001   data required time
---------------------------------------------------------------------------------------------
                                             15.750001   data required time
                                             -9.593764   data arrival time
---------------------------------------------------------------------------------------------
                                              6.156237   slack (MET)


Startpoint: _280_ (rising edge-triggered flip-flop clocked by clk_i)
Endpoint: busy_o (output port clocked by clk_i)
Path Group: clk_i
Path Type: max

Fanout         Cap        Slew       Delay        Time   Description
---------------------------------------------------------------------------------------------
                                  0.000000    0.000000   clock clk_i (rise edge)
                                  0.000000    0.000000   clock source latency
     1    0.036259    0.309013    0.147338    0.147338 ^ clk_i (in)
                                                         clk_i (net)
                      0.309017    0.000000    0.147338 ^ clkbuf_0_clk_i/I (gf180mcu_fd_sc_mcu7t5v0__clkbuf_16)
     4    0.098105    0.277298    0.525363    0.672701 ^ clkbuf_0_clk_i/Z (gf180mcu_fd_sc_mcu7t5v0__clkbuf_16)
                                                         clknet_0_clk_i (net)
                      0.277298    0.001075    0.673776 ^ clkbuf_2_3__f_clk_i/I (gf180mcu_fd_sc_mcu7t5v0__clkbuf_16)
     9    0.046731    0.200080    0.457702    1.131478 ^ clkbuf_2_3__f_clk_i/Z (gf180mcu_fd_sc_mcu7t5v0__clkbuf_16)
                                                         clknet_2_3__leaf_clk_i (net)
                      0.200080    0.000160    1.131638 ^ _280_/CLK (gf180mcu_fd_sc_mcu7t5v0__dffrnq_1)
     9    0.059333    1.006186    1.858655    2.990293 v _280_/Q (gf180mcu_fd_sc_mcu7t5v0__dffrnq_1)
                                                         CS[2] (net)
                      1.006220    0.003369    2.993662 v _148_/A1 (gf180mcu_fd_sc_mcu7t5v0__nor3_1)
     3    0.022172    2.185239    1.441048    4.434710 ^ _148_/ZN (gf180mcu_fd_sc_mcu7t5v0__nor3_1)
                                                         _041_ (net)
                      2.185239    0.000201    4.434911 ^ max_cap42/I (gf180mcu_fd_sc_mcu7t5v0__clkbuf_1)
     4    0.024459    0.760925    0.917224    5.352135 ^ max_cap42/Z (gf180mcu_fd_sc_mcu7t5v0__clkbuf_1)
                                                         net42 (net)
                      0.760925    0.000307    5.352442 ^ _149_/I (gf180mcu_fd_sc_mcu7t5v0__clkinv_1)
     3    0.014232    0.533729    0.459603    5.812045 v _149_/ZN (gf180mcu_fd_sc_mcu7t5v0__clkinv_1)
                                                         net32 (net)
                      0.533729    0.000213    5.812258 v output32/I (gf180mcu_fd_sc_mcu7t5v0__dlyb_1)
     1    0.073974    1.398770    2.877673    8.689932 v output32/Z (gf180mcu_fd_sc_mcu7t5v0__dlyb_1)
                                                         busy_o (net)
                      1.398770    0.000972    8.690904 v busy_o (out)
                                              8.690904   data arrival time

                                 20.000000   20.000000   clock clk_i (rise edge)
                                  0.000000   20.000000   clock network delay (propagated)
                                 -0.250000   19.750002   clock uncertainty
                                  0.000000   19.750002   clock reconvergence pessimism
                                 -4.000000   15.750001   output external delay
                                             15.750001   data required time
---------------------------------------------------------------------------------------------
                                             15.750001   data required time
                                             -8.690904   data arrival time
---------------------------------------------------------------------------------------------
                                              7.059097   slack (MET)


Startpoint: _279_ (rising edge-triggered flip-flop clocked by clk_i)
Endpoint: tx_o (output port clocked by clk_i)
Path Group: clk_i
Path Type: max

Fanout         Cap        Slew       Delay        Time   Description
---------------------------------------------------------------------------------------------
                                  0.000000    0.000000   clock clk_i (rise edge)
                                  0.000000    0.000000   clock source latency
     1    0.036259    0.309013    0.147338    0.147338 ^ clk_i (in)
                                                         clk_i (net)
                      0.309017    0.000000    0.147338 ^ clkbuf_0_clk_i/I (gf180mcu_fd_sc_mcu7t5v0__clkbuf_16)
     4    0.098105    0.277298    0.525363    0.672701 ^ clkbuf_0_clk_i/Z (gf180mcu_fd_sc_mcu7t5v0__clkbuf_16)
                                                         clknet_0_clk_i (net)
                      0.277298    0.001075    0.673776 ^ clkbuf_2_3__f_clk_i/I (gf180mcu_fd_sc_mcu7t5v0__clkbuf_16)
     9    0.046731    0.200080    0.457702    1.131478 ^ clkbuf_2_3__f_clk_i/Z (gf180mcu_fd_sc_mcu7t5v0__clkbuf_16)
                                                         clknet_2_3__leaf_clk_i (net)
                      0.200080    0.000099    1.131577 ^ _279_/CLK (gf180mcu_fd_sc_mcu7t5v0__dffrnq_1)
     7    0.043042    1.286139    2.319016    3.450593 ^ _279_/Q (gf180mcu_fd_sc_mcu7t5v0__dffrnq_1)
                                                         CS[1] (net)
                      1.286139    0.000993    3.451586 ^ _140_/I (gf180mcu_fd_sc_mcu7t5v0__clkinv_1)
     5    0.032288    1.040593    0.881530    4.333117 v _140_/ZN (gf180mcu_fd_sc_mcu7t5v0__clkinv_1)
                                                         _033_ (net)
                      1.040593    0.000603    4.333719 v _223_/B (gf180mcu_fd_sc_mcu7t5v0__aoi211_1)
     1    0.005573    1.131451    0.921620    5.255339 ^ _223_/ZN (gf180mcu_fd_sc_mcu7t5v0__aoi211_1)
                                                         _097_ (net)
                      1.131451    0.000062    5.255401 ^ _224_/B2 (gf180mcu_fd_sc_mcu7t5v0__aoi22_1)
     1    0.003236    0.546126    0.356283    5.611684 v _224_/ZN (gf180mcu_fd_sc_mcu7t5v0__aoi22_1)
                                                         net33 (net)
                      0.546126    0.000032    5.611716 v output33/I (gf180mcu_fd_sc_mcu7t5v0__dlyb_1)
     1    0.074087    1.400361    2.883312    8.495028 v output33/Z (gf180mcu_fd_sc_mcu7t5v0__dlyb_1)
                                                         tx_o (net)
                      1.400361    0.001004    8.496031 v tx_o (out)
                                              8.496031   data arrival time

                                 20.000000   20.000000   clock clk_i (rise edge)
                                  0.000000   20.000000   clock network delay (propagated)
                                 -0.250000   19.750002   clock uncertainty
                                  0.000000   19.750002   clock reconvergence pessimism
                                 -4.000000   15.750001   output external delay
                                             15.750001   data required time
---------------------------------------------------------------------------------------------
                                             15.750001   data required time
                                             -8.496031   data arrival time
---------------------------------------------------------------------------------------------
                                              7.253970   slack (MET)


Startpoint: cfg_div_i[3] (input port clocked by clk_i)
Endpoint: _298_ (rising edge-triggered flip-flop clocked by clk_i)
Path Group: clk_i
Path Type: max

Fanout         Cap        Slew       Delay        Time   Description
---------------------------------------------------------------------------------------------
                                  0.000000    0.000000   clock clk_i (rise edge)
                                  0.000000    0.000000   clock network delay (propagated)
                                  4.000000    4.000000 ^ input external delay
     1    0.005687    0.242911    0.091099    4.091099 ^ cfg_div_i[3] (in)
                                                         cfg_div_i[3] (net)
                      0.242911    0.000000    4.091099 ^ input12/I (gf180mcu_fd_sc_mcu7t5v0__dlyb_1)
     1    0.014676    0.543257    1.862784    5.953883 ^ input12/Z (gf180mcu_fd_sc_mcu7t5v0__dlyb_1)
                                                         net12 (net)
                      0.543257    0.000453    5.954336 ^ _159_/A1 (gf180mcu_fd_sc_mcu7t5v0__xor2_1)
     1    0.012738    1.042874    0.993857    6.948193 ^ _159_/Z (gf180mcu_fd_sc_mcu7t5v0__xor2_1)
                                                         _051_ (net)
                      1.042874    0.000419    6.948611 ^ _171_/A3 (gf180mcu_fd_sc_mcu7t5v0__nor4_1)
     1    0.007120    0.672932    0.581788    7.530399 v _171_/ZN (gf180mcu_fd_sc_mcu7t5v0__nor4_1)
                                                         _063_ (net)
                      0.672932    0.000162    7.530560 v _172_/A4 (gf180mcu_fd_sc_mcu7t5v0__nand4_1)
     3    0.020831    1.264174    0.960299    8.490860 ^ _172_/ZN (gf180mcu_fd_sc_mcu7t5v0__nand4_1)
                                                         _064_ (net)
                      1.264174    0.000611    8.491471 ^ _176_/A2 (gf180mcu_fd_sc_mcu7t5v0__oai21_1)
     2    0.015495    0.756597    0.581882    9.073353 v _176_/ZN (gf180mcu_fd_sc_mcu7t5v0__oai21_1)
                                                         _066_ (net)
                      0.756597    0.000223    9.073576 v fanout36/I (gf180mcu_fd_sc_mcu7t5v0__dlyb_1)
    10    0.071646    1.364904    2.933865   12.007441 v fanout36/Z (gf180mcu_fd_sc_mcu7t5v0__dlyb_1)
                                                         net36 (net)
                      1.364919    0.003116   12.010556 v _192_/A1 (gf180mcu_fd_sc_mcu7t5v0__nor3_1)
     1    0.005522    0.927620    0.824757   12.835314 ^ _192_/ZN (gf180mcu_fd_sc_mcu7t5v0__nor3_1)
                                                         _011_ (net)
                      0.927620    0.000119   12.835433 ^ _298_/D (gf180mcu_fd_sc_mcu7t5v0__dffrnq_1)
                                             12.835433   data arrival time

                                 20.000000   20.000000   clock clk_i (rise edge)
                                  0.000000   20.000000   clock source latency
     1    0.036259    0.309013    0.147338   20.147339 ^ clk_i (in)
                                                         clk_i (net)
                      0.309017    0.000000   20.147339 ^ clkbuf_0_clk_i/I (gf180mcu_fd_sc_mcu7t5v0__clkbuf_16)
     4    0.098105    0.277298    0.525363   20.672701 ^ clkbuf_0_clk_i/Z (gf180mcu_fd_sc_mcu7t5v0__clkbuf_16)
                                                         clknet_0_clk_i (net)
                      0.277298    0.000846   20.673548 ^ clkbuf_2_0__f_clk_i/I (gf180mcu_fd_sc_mcu7t5v0__clkbuf_16)
     8    0.042636    0.193915    0.452769   21.126316 ^ clkbuf_2_0__f_clk_i/Z (gf180mcu_fd_sc_mcu7t5v0__clkbuf_16)
                                                         clknet_2_0__leaf_clk_i (net)
                      0.193916    0.001004   21.127319 ^ _298_/CLK (gf180mcu_fd_sc_mcu7t5v0__dffrnq_1)
                                 -0.250000   20.877319   clock uncertainty
                                  0.000000   20.877319   clock reconvergence pessimism
                                 -0.718015   20.159306   library setup time
                                             20.159306   data required time
---------------------------------------------------------------------------------------------
                                             20.159306   data required time
                                            -12.835433   data arrival time
---------------------------------------------------------------------------------------------
                                              7.323873   slack (MET)


Startpoint: cfg_div_i[3] (input port clocked by clk_i)
Endpoint: _296_ (rising edge-triggered flip-flop clocked by clk_i)
Path Group: clk_i
Path Type: max

Fanout         Cap        Slew       Delay        Time   Description
---------------------------------------------------------------------------------------------
                                  0.000000    0.000000   clock clk_i (rise edge)
                                  0.000000    0.000000   clock network delay (propagated)
                                  4.000000    4.000000 ^ input external delay
     1    0.005687    0.242911    0.091099    4.091099 ^ cfg_div_i[3] (in)
                                                         cfg_div_i[3] (net)
                      0.242911    0.000000    4.091099 ^ input12/I (gf180mcu_fd_sc_mcu7t5v0__dlyb_1)
     1    0.014676    0.543257    1.862784    5.953883 ^ input12/Z (gf180mcu_fd_sc_mcu7t5v0__dlyb_1)
                                                         net12 (net)
                      0.543257    0.000453    5.954336 ^ _159_/A1 (gf180mcu_fd_sc_mcu7t5v0__xor2_1)
     1    0.012738    1.042874    0.993857    6.948193 ^ _159_/Z (gf180mcu_fd_sc_mcu7t5v0__xor2_1)
                                                         _051_ (net)
                      1.042874    0.000419    6.948611 ^ _171_/A3 (gf180mcu_fd_sc_mcu7t5v0__nor4_1)
     1    0.007120    0.672932    0.581788    7.530399 v _171_/ZN (gf180mcu_fd_sc_mcu7t5v0__nor4_1)
                                                         _063_ (net)
                      0.672932    0.000162    7.530560 v _172_/A4 (gf180mcu_fd_sc_mcu7t5v0__nand4_1)
     3    0.020831    1.264174    0.960299    8.490860 ^ _172_/ZN (gf180mcu_fd_sc_mcu7t5v0__nand4_1)
                                                         _064_ (net)
                      1.264174    0.000611    8.491471 ^ _176_/A2 (gf180mcu_fd_sc_mcu7t5v0__oai21_1)
     2    0.015495    0.756597    0.581882    9.073353 v _176_/ZN (gf180mcu_fd_sc_mcu7t5v0__oai21_1)
                                                         _066_ (net)
                      0.756597    0.000223    9.073576 v fanout36/I (gf180mcu_fd_sc_mcu7t5v0__dlyb_1)
    10    0.071646    1.364904    2.933865   12.007441 v fanout36/Z (gf180mcu_fd_sc_mcu7t5v0__dlyb_1)
                                                         net36 (net)
                      1.364909    0.002151   12.009592 v _186_/A1 (gf180mcu_fd_sc_mcu7t5v0__nor3_1)
     1    0.004559    0.856637    0.780484   12.790076 ^ _186_/ZN (gf180mcu_fd_sc_mcu7t5v0__nor3_1)
                                                         _009_ (net)
                      0.856637    0.000052   12.790129 ^ _296_/D (gf180mcu_fd_sc_mcu7t5v0__dffrnq_1)
                                             12.790129   data arrival time

                                 20.000000   20.000000   clock clk_i (rise edge)
                                  0.000000   20.000000   clock source latency
     1    0.036259    0.309013    0.147338   20.147339 ^ clk_i (in)
                                                         clk_i (net)
                      0.309017    0.000000   20.147339 ^ clkbuf_0_clk_i/I (gf180mcu_fd_sc_mcu7t5v0__clkbuf_16)
     4    0.098105    0.277298    0.525363   20.672701 ^ clkbuf_0_clk_i/Z (gf180mcu_fd_sc_mcu7t5v0__clkbuf_16)
                                                         clknet_0_clk_i (net)
                      0.277298    0.000846   20.673548 ^ clkbuf_2_0__f_clk_i/I (gf180mcu_fd_sc_mcu7t5v0__clkbuf_16)
     8    0.042636    0.193915    0.452769   21.126316 ^ clkbuf_2_0__f_clk_i/Z (gf180mcu_fd_sc_mcu7t5v0__clkbuf_16)
                                                         clknet_2_0__leaf_clk_i (net)
                      0.193915    0.000593   21.126909 ^ _296_/CLK (gf180mcu_fd_sc_mcu7t5v0__dffrnq_1)
                                 -0.250000   20.876909   clock uncertainty
                                  0.000000   20.876909   clock reconvergence pessimism
                                 -0.708165   20.168743   library setup time
                                             20.168743   data required time
---------------------------------------------------------------------------------------------
                                             20.168743   data required time
                                            -12.790129   data arrival time
---------------------------------------------------------------------------------------------
                                              7.378615   slack (MET)


Startpoint: cfg_div_i[3] (input port clocked by clk_i)
Endpoint: _295_ (rising edge-triggered flip-flop clocked by clk_i)
Path Group: clk_i
Path Type: max

Fanout         Cap        Slew       Delay        Time   Description
---------------------------------------------------------------------------------------------
                                  0.000000    0.000000   clock clk_i (rise edge)
                                  0.000000    0.000000   clock network delay (propagated)
                                  4.000000    4.000000 ^ input external delay
     1    0.005687    0.242911    0.091099    4.091099 ^ cfg_div_i[3] (in)
                                                         cfg_div_i[3] (net)
                      0.242911    0.000000    4.091099 ^ input12/I (gf180mcu_fd_sc_mcu7t5v0__dlyb_1)
     1    0.014676    0.543257    1.862784    5.953883 ^ input12/Z (gf180mcu_fd_sc_mcu7t5v0__dlyb_1)
                                                         net12 (net)
                      0.543257    0.000453    5.954336 ^ _159_/A1 (gf180mcu_fd_sc_mcu7t5v0__xor2_1)
     1    0.012738    1.042874    0.993857    6.948193 ^ _159_/Z (gf180mcu_fd_sc_mcu7t5v0__xor2_1)
                                                         _051_ (net)
                      1.042874    0.000419    6.948611 ^ _171_/A3 (gf180mcu_fd_sc_mcu7t5v0__nor4_1)
     1    0.007120    0.672932    0.581788    7.530399 v _171_/ZN (gf180mcu_fd_sc_mcu7t5v0__nor4_1)
                                                         _063_ (net)
                      0.672932    0.000162    7.530560 v _172_/A4 (gf180mcu_fd_sc_mcu7t5v0__nand4_1)
     3    0.020831    1.264174    0.960299    8.490860 ^ _172_/ZN (gf180mcu_fd_sc_mcu7t5v0__nand4_1)
                                                         _064_ (net)
                      1.264174    0.000611    8.491471 ^ _176_/A2 (gf180mcu_fd_sc_mcu7t5v0__oai21_1)
     2    0.015495    0.756597    0.581882    9.073353 v _176_/ZN (gf180mcu_fd_sc_mcu7t5v0__oai21_1)
                                                         _066_ (net)
                      0.756597    0.000223    9.073576 v fanout36/I (gf180mcu_fd_sc_mcu7t5v0__dlyb_1)
    10    0.071646    1.364904    2.933865   12.007441 v fanout36/Z (gf180mcu_fd_sc_mcu7t5v0__dlyb_1)
                                                         net36 (net)
                      1.364905    0.001537   12.008977 v _182_/A1 (gf180mcu_fd_sc_mcu7t5v0__nor3_1)
     1    0.003651    0.789735    0.738757   12.747735 ^ _182_/ZN (gf180mcu_fd_sc_mcu7t5v0__nor3_1)
                                                         _008_ (net)
                      0.789735    0.000036   12.747770 ^ _295_/D (gf180mcu_fd_sc_mcu7t5v0__dffrnq_1)
                                             12.747770   data arrival time

                                 20.000000   20.000000   clock clk_i (rise edge)
                                  0.000000   20.000000   clock source latency
     1    0.036259    0.309013    0.147338   20.147339 ^ clk_i (in)
                                                         clk_i (net)
                      0.309017    0.000000   20.147339 ^ clkbuf_0_clk_i/I (gf180mcu_fd_sc_mcu7t5v0__clkbuf_16)
     4    0.098105    0.277298    0.525363   20.672701 ^ clkbuf_0_clk_i/Z (gf180mcu_fd_sc_mcu7t5v0__clkbuf_16)
                                                         clknet_0_clk_i (net)
                      0.277298    0.001091   20.673792 ^ clkbuf_2_2__f_clk_i/I (gf180mcu_fd_sc_mcu7t5v0__clkbuf_16)
     9    0.056159    0.214209    0.468740   21.142532 ^ clkbuf_2_2__f_clk_i/Z (gf180mcu_fd_sc_mcu7t5v0__clkbuf_16)
                                                         clknet_2_2__leaf_clk_i (net)
                      0.214210    0.000641   21.143173 ^ _295_/CLK (gf180mcu_fd_sc_mcu7t5v0__dffrnq_1)
                                 -0.250000   20.893173   clock uncertainty
                                  0.000000   20.893173   clock reconvergence pessimism
                                 -0.693557   20.199617   library setup time
                                             20.199617   data required time
---------------------------------------------------------------------------------------------
                                             20.199617   data required time
                                            -12.747770   data arrival time
---------------------------------------------------------------------------------------------
                                              7.451847   slack (MET)


Startpoint: cfg_div_i[3] (input port clocked by clk_i)
Endpoint: _300_ (rising edge-triggered flip-flop clocked by clk_i)
Path Group: clk_i
Path Type: max

Fanout         Cap        Slew       Delay        Time   Description
---------------------------------------------------------------------------------------------
                                  0.000000    0.000000   clock clk_i (rise edge)
                                  0.000000    0.000000   clock network delay (propagated)
                                  4.000000    4.000000 ^ input external delay
     1    0.005687    0.242911    0.091099    4.091099 ^ cfg_div_i[3] (in)
                                                         cfg_div_i[3] (net)
                      0.242911    0.000000    4.091099 ^ input12/I (gf180mcu_fd_sc_mcu7t5v0__dlyb_1)
     1    0.014676    0.543257    1.862784    5.953883 ^ input12/Z (gf180mcu_fd_sc_mcu7t5v0__dlyb_1)
                                                         net12 (net)
                      0.543257    0.000453    5.954336 ^ _159_/A1 (gf180mcu_fd_sc_mcu7t5v0__xor2_1)
     1    0.012738    1.042874    0.993857    6.948193 ^ _159_/Z (gf180mcu_fd_sc_mcu7t5v0__xor2_1)
                                                         _051_ (net)
                      1.042874    0.000419    6.948611 ^ _171_/A3 (gf180mcu_fd_sc_mcu7t5v0__nor4_1)
     1    0.007120    0.672932    0.581788    7.530399 v _171_/ZN (gf180mcu_fd_sc_mcu7t5v0__nor4_1)
                                                         _063_ (net)
                      0.672932    0.000162    7.530560 v _172_/A4 (gf180mcu_fd_sc_mcu7t5v0__nand4_1)
     3    0.020831    1.264174    0.960299    8.490860 ^ _172_/ZN (gf180mcu_fd_sc_mcu7t5v0__nand4_1)
                                                         _064_ (net)
                      1.264174    0.000611    8.491471 ^ _176_/A2 (gf180mcu_fd_sc_mcu7t5v0__oai21_1)
     2    0.015495    0.756597    0.581882    9.073353 v _176_/ZN (gf180mcu_fd_sc_mcu7t5v0__oai21_1)
                                                         _066_ (net)
                      0.756597    0.000223    9.073576 v fanout36/I (gf180mcu_fd_sc_mcu7t5v0__dlyb_1)
    10    0.071646    1.364904    2.933865   12.007441 v fanout36/Z (gf180mcu_fd_sc_mcu7t5v0__dlyb_1)
                                                         net36 (net)
                      1.364924    0.003517   12.010958 v _198_/A1 (gf180mcu_fd_sc_mcu7t5v0__nor3_1)
     1    0.003557    0.791611    0.734447   12.745405 ^ _198_/ZN (gf180mcu_fd_sc_mcu7t5v0__nor3_1)
                                                         _013_ (net)
                      0.791611    0.000036   12.745440 ^ _300_/D (gf180mcu_fd_sc_mcu7t5v0__dffrnq_1)
                                             12.745440   data arrival time

                                 20.000000   20.000000   clock clk_i (rise edge)
                                  0.000000   20.000000   clock source latency
     1    0.036259    0.309013    0.147338   20.147339 ^ clk_i (in)
                                                         clk_i (net)
                      0.309017    0.000000   20.147339 ^ clkbuf_0_clk_i/I (gf180mcu_fd_sc_mcu7t5v0__clkbuf_16)
     4    0.098105    0.277298    0.525363   20.672701 ^ clkbuf_0_clk_i/Z (gf180mcu_fd_sc_mcu7t5v0__clkbuf_16)
                                                         clknet_0_clk_i (net)
                      0.277298    0.001091   20.673792 ^ clkbuf_2_2__f_clk_i/I (gf180mcu_fd_sc_mcu7t5v0__clkbuf_16)
     9    0.056159    0.214209    0.468740   21.142532 ^ clkbuf_2_2__f_clk_i/Z (gf180mcu_fd_sc_mcu7t5v0__clkbuf_16)
                                                         clknet_2_2__leaf_clk_i (net)
                      0.214210    0.000430   21.142962 ^ _300_/CLK (gf180mcu_fd_sc_mcu7t5v0__dffrnq_1)
                                 -0.250000   20.892963   clock uncertainty
                                  0.000000   20.892963   clock reconvergence pessimism
                                 -0.693816   20.199146   library setup time
                                             20.199146   data required time
---------------------------------------------------------------------------------------------
                                             20.199146   data required time
                                            -12.745440   data arrival time
---------------------------------------------------------------------------------------------
                                              7.453705   slack (MET)


Startpoint: cfg_div_i[3] (input port clocked by clk_i)
Endpoint: _302_ (rising edge-triggered flip-flop clocked by clk_i)
Path Group: clk_i
Path Type: max

Fanout         Cap        Slew       Delay        Time   Description
---------------------------------------------------------------------------------------------
                                  0.000000    0.000000   clock clk_i (rise edge)
                                  0.000000    0.000000   clock network delay (propagated)
                                  4.000000    4.000000 ^ input external delay
     1    0.005687    0.242911    0.091099    4.091099 ^ cfg_div_i[3] (in)
                                                         cfg_div_i[3] (net)
                      0.242911    0.000000    4.091099 ^ input12/I (gf180mcu_fd_sc_mcu7t5v0__dlyb_1)
     1    0.014676    0.543257    1.862784    5.953883 ^ input12/Z (gf180mcu_fd_sc_mcu7t5v0__dlyb_1)
                                                         net12 (net)
                      0.543257    0.000453    5.954336 ^ _159_/A1 (gf180mcu_fd_sc_mcu7t5v0__xor2_1)
     1    0.012738    1.042874    0.993857    6.948193 ^ _159_/Z (gf180mcu_fd_sc_mcu7t5v0__xor2_1)
                                                         _051_ (net)
                      1.042874    0.000419    6.948611 ^ _171_/A3 (gf180mcu_fd_sc_mcu7t5v0__nor4_1)
     1    0.007120    0.672932    0.581788    7.530399 v _171_/ZN (gf180mcu_fd_sc_mcu7t5v0__nor4_1)
                                                         _063_ (net)
                      0.672932    0.000162    7.530560 v _172_/A4 (gf180mcu_fd_sc_mcu7t5v0__nand4_1)
     3    0.020831    1.264174    0.960299    8.490860 ^ _172_/ZN (gf180mcu_fd_sc_mcu7t5v0__nand4_1)
                                                         _064_ (net)
                      1.264174    0.000611    8.491471 ^ _176_/A2 (gf180mcu_fd_sc_mcu7t5v0__oai21_1)
     2    0.015495    0.756597    0.581882    9.073353 v _176_/ZN (gf180mcu_fd_sc_mcu7t5v0__oai21_1)
                                                         _066_ (net)
                      0.756597    0.000223    9.073576 v fanout36/I (gf180mcu_fd_sc_mcu7t5v0__dlyb_1)
    10    0.071646    1.364904    2.933865   12.007441 v fanout36/Z (gf180mcu_fd_sc_mcu7t5v0__dlyb_1)
                                                         net36 (net)
                      1.364925    0.003643   12.011084 v _203_/A1 (gf180mcu_fd_sc_mcu7t5v0__nor3_1)
     1    0.003452    0.775054    0.729600   12.740684 ^ _203_/ZN (gf180mcu_fd_sc_mcu7t5v0__nor3_1)
                                                         _015_ (net)
                      0.775054    0.000035   12.740718 ^ _302_/D (gf180mcu_fd_sc_mcu7t5v0__dffrnq_1)
                                             12.740718   data arrival time

                                 20.000000   20.000000   clock clk_i (rise edge)
                                  0.000000   20.000000   clock source latency
     1    0.036259    0.309013    0.147338   20.147339 ^ clk_i (in)
                                                         clk_i (net)
                      0.309017    0.000000   20.147339 ^ clkbuf_0_clk_i/I (gf180mcu_fd_sc_mcu7t5v0__clkbuf_16)
     4    0.098105    0.277298    0.525363   20.672701 ^ clkbuf_0_clk_i/Z (gf180mcu_fd_sc_mcu7t5v0__clkbuf_16)
                                                         clknet_0_clk_i (net)
                      0.277298    0.001091   20.673792 ^ clkbuf_2_2__f_clk_i/I (gf180mcu_fd_sc_mcu7t5v0__clkbuf_16)
     9    0.056159    0.214209    0.468740   21.142532 ^ clkbuf_2_2__f_clk_i/Z (gf180mcu_fd_sc_mcu7t5v0__clkbuf_16)
                                                         clknet_2_2__leaf_clk_i (net)
                      0.214210    0.000842   21.143373 ^ _302_/CLK (gf180mcu_fd_sc_mcu7t5v0__dffrnq_1)
                                 -0.250000   20.893375   clock uncertainty
                                  0.000000   20.893375   clock reconvergence pessimism
                                 -0.691530   20.201845   library setup time
                                             20.201845   data required time
---------------------------------------------------------------------------------------------
                                             20.201845   data required time
                                            -12.740718   data arrival time
---------------------------------------------------------------------------------------------
                                              7.461126   slack (MET)


Startpoint: cfg_div_i[3] (input port clocked by clk_i)
Endpoint: _293_ (rising edge-triggered flip-flop clocked by clk_i)
Path Group: clk_i
Path Type: max

Fanout         Cap        Slew       Delay        Time   Description
---------------------------------------------------------------------------------------------
                                  0.000000    0.000000   clock clk_i (rise edge)
                                  0.000000    0.000000   clock network delay (propagated)
                                  4.000000    4.000000 v input external delay
     1    0.005687    0.139424    0.055818    4.055818 v cfg_div_i[3] (in)
                                                         cfg_div_i[3] (net)
                      0.139424    0.000000    4.055818 v input12/I (gf180mcu_fd_sc_mcu7t5v0__dlyb_1)
     1    0.014676    0.541264    2.016576    6.072394 v input12/Z (gf180mcu_fd_sc_mcu7t5v0__dlyb_1)
                                                         net12 (net)
                      0.541264    0.000453    6.072847 v _159_/A1 (gf180mcu_fd_sc_mcu7t5v0__xor2_1)
     1    0.012738    0.516938    1.026039    7.098886 v _159_/Z (gf180mcu_fd_sc_mcu7t5v0__xor2_1)
                                                         _051_ (net)
                      0.516938    0.000419    7.099305 v _171_/A3 (gf180mcu_fd_sc_mcu7t5v0__nor4_1)
     1    0.007120    1.372777    0.988761    8.088065 ^ _171_/ZN (gf180mcu_fd_sc_mcu7t5v0__nor4_1)
                                                         _063_ (net)
                      1.372777    0.000162    8.088227 ^ _172_/A4 (gf180mcu_fd_sc_mcu7t5v0__nand4_1)
     3    0.020831    1.271028    0.837617    8.925844 v _172_/ZN (gf180mcu_fd_sc_mcu7t5v0__nand4_1)
                                                         _064_ (net)
                      1.271028    0.000611    8.926455 v _176_/A2 (gf180mcu_fd_sc_mcu7t5v0__oai21_1)
     2    0.015495    1.164336    0.923684    9.850140 ^ _176_/ZN (gf180mcu_fd_sc_mcu7t5v0__oai21_1)
                                                         _066_ (net)
                      1.164336    0.000223    9.850363 ^ fanout36/I (gf180mcu_fd_sc_mcu7t5v0__dlyb_1)
    10    0.071646    2.041356    2.822230   12.672592 ^ fanout36/Z (gf180mcu_fd_sc_mcu7t5v0__dlyb_1)
                                                         net36 (net)
                      2.041368    0.002765   12.675357 ^ _177_/A2 (gf180mcu_fd_sc_mcu7t5v0__nor2_1)
     1    0.003769    0.608447    0.328500   13.003857 v _177_/ZN (gf180mcu_fd_sc_mcu7t5v0__nor2_1)
                                                         _000_ (net)
                      0.608447    0.000038   13.003895 v _293_/D (gf180mcu_fd_sc_mcu7t5v0__dffrnq_1)
                                             13.003895   data arrival time

                                 20.000000   20.000000   clock clk_i (rise edge)
                                  0.000000   20.000000   clock source latency
     1    0.036259    0.309013    0.147338   20.147339 ^ clk_i (in)
                                                         clk_i (net)
                      0.309017    0.000000   20.147339 ^ clkbuf_0_clk_i/I (gf180mcu_fd_sc_mcu7t5v0__clkbuf_16)
     4    0.098105    0.277298    0.525363   20.672701 ^ clkbuf_0_clk_i/Z (gf180mcu_fd_sc_mcu7t5v0__clkbuf_16)
                                                         clknet_0_clk_i (net)
                      0.277298    0.000846   20.673548 ^ clkbuf_2_0__f_clk_i/I (gf180mcu_fd_sc_mcu7t5v0__clkbuf_16)
     8    0.042636    0.193915    0.452769   21.126316 ^ clkbuf_2_0__f_clk_i/Z (gf180mcu_fd_sc_mcu7t5v0__clkbuf_16)
                                                         clknet_2_0__leaf_clk_i (net)
                      0.193916    0.000909   21.127226 ^ _293_/CLK (gf180mcu_fd_sc_mcu7t5v0__dffrnq_1)
                                 -0.250000   20.877226   clock uncertainty
                                  0.000000   20.877226   clock reconvergence pessimism
                                 -0.380802   20.496426   library setup time
                                             20.496426   data required time
---------------------------------------------------------------------------------------------
                                             20.496426   data required time
                                            -13.003895   data arrival time
---------------------------------------------------------------------------------------------
                                              7.492529   slack (MET)


Startpoint: cfg_div_i[3] (input port clocked by clk_i)
Endpoint: _299_ (rising edge-triggered flip-flop clocked by clk_i)
Path Group: clk_i
Path Type: max

Fanout         Cap        Slew       Delay        Time   Description
---------------------------------------------------------------------------------------------
                                  0.000000    0.000000   clock clk_i (rise edge)
                                  0.000000    0.000000   clock network delay (propagated)
                                  4.000000    4.000000 ^ input external delay
     1    0.005687    0.242911    0.091099    4.091099 ^ cfg_div_i[3] (in)
                                                         cfg_div_i[3] (net)
                      0.242911    0.000000    4.091099 ^ input12/I (gf180mcu_fd_sc_mcu7t5v0__dlyb_1)
     1    0.014676    0.543257    1.862784    5.953883 ^ input12/Z (gf180mcu_fd_sc_mcu7t5v0__dlyb_1)
                                                         net12 (net)
                      0.543257    0.000453    5.954336 ^ _159_/A1 (gf180mcu_fd_sc_mcu7t5v0__xor2_1)
     1    0.012738    1.042874    0.993857    6.948193 ^ _159_/Z (gf180mcu_fd_sc_mcu7t5v0__xor2_1)
                                                         _051_ (net)
                      1.042874    0.000419    6.948611 ^ _171_/A3 (gf180mcu_fd_sc_mcu7t5v0__nor4_1)
     1    0.007120    0.672932    0.581788    7.530399 v _171_/ZN (gf180mcu_fd_sc_mcu7t5v0__nor4_1)
                                                         _063_ (net)
                      0.672932    0.000162    7.530560 v _172_/A4 (gf180mcu_fd_sc_mcu7t5v0__nand4_1)
     3    0.020831    1.264174    0.960299    8.490860 ^ _172_/ZN (gf180mcu_fd_sc_mcu7t5v0__nand4_1)
                                                         _064_ (net)
                      1.264174    0.000611    8.491471 ^ _176_/A2 (gf180mcu_fd_sc_mcu7t5v0__oai21_1)
     2    0.015495    0.756597    0.581882    9.073353 v _176_/ZN (gf180mcu_fd_sc_mcu7t5v0__oai21_1)
                                                         _066_ (net)
                      0.756597    0.000223    9.073576 v fanout36/I (gf180mcu_fd_sc_mcu7t5v0__dlyb_1)
    10    0.071646    1.364904    2.933865   12.007441 v fanout36/Z (gf180mcu_fd_sc_mcu7t5v0__dlyb_1)
                                                         net36 (net)
                      1.364915    0.002819   12.010260 v _194_/A1 (gf180mcu_fd_sc_mcu7t5v0__nor2_1)
     1    0.005873    0.678902    0.677064   12.687324 ^ _194_/ZN (gf180mcu_fd_sc_mcu7t5v0__nor2_1)
                                                         _012_ (net)
                      0.678902    0.000125   12.687449 ^ _299_/D (gf180mcu_fd_sc_mcu7t5v0__dffrnq_1)
                                             12.687449   data arrival time

                                 20.000000   20.000000   clock clk_i (rise edge)
                                  0.000000   20.000000   clock source latency
     1    0.036259    0.309013    0.147338   20.147339 ^ clk_i (in)
                                                         clk_i (net)
                      0.309017    0.000000   20.147339 ^ clkbuf_0_clk_i/I (gf180mcu_fd_sc_mcu7t5v0__clkbuf_16)
     4    0.098105    0.277298    0.525363   20.672701 ^ clkbuf_0_clk_i/Z (gf180mcu_fd_sc_mcu7t5v0__clkbuf_16)
                                                         clknet_0_clk_i (net)
                      0.277298    0.000846   20.673548 ^ clkbuf_2_0__f_clk_i/I (gf180mcu_fd_sc_mcu7t5v0__clkbuf_16)
     8    0.042636    0.193915    0.452769   21.126316 ^ clkbuf_2_0__f_clk_i/Z (gf180mcu_fd_sc_mcu7t5v0__clkbuf_16)
                                                         clknet_2_0__leaf_clk_i (net)
                      0.193916    0.000989   21.127304 ^ _299_/CLK (gf180mcu_fd_sc_mcu7t5v0__dffrnq_1)
                                 -0.250000   20.877306   clock uncertainty
                                  0.000000   20.877306   clock reconvergence pessimism
                                 -0.683502   20.193804   library setup time
                                             20.193804   data required time
---------------------------------------------------------------------------------------------
                                             20.193804   data required time
                                            -12.687449   data arrival time
---------------------------------------------------------------------------------------------
                                              7.506356   slack (MET)


Startpoint: cfg_div_i[3] (input port clocked by clk_i)
Endpoint: _294_ (rising edge-triggered flip-flop clocked by clk_i)
Path Group: clk_i
Path Type: max

Fanout         Cap        Slew       Delay        Time   Description
---------------------------------------------------------------------------------------------
                                  0.000000    0.000000   clock clk_i (rise edge)
                                  0.000000    0.000000   clock network delay (propagated)
                                  4.000000    4.000000 ^ input external delay
     1    0.005687    0.242911    0.091099    4.091099 ^ cfg_div_i[3] (in)
                                                         cfg_div_i[3] (net)
                      0.242911    0.000000    4.091099 ^ input12/I (gf180mcu_fd_sc_mcu7t5v0__dlyb_1)
     1    0.014676    0.543257    1.862784    5.953883 ^ input12/Z (gf180mcu_fd_sc_mcu7t5v0__dlyb_1)
                                                         net12 (net)
                      0.543257    0.000453    5.954336 ^ _159_/A1 (gf180mcu_fd_sc_mcu7t5v0__xor2_1)
     1    0.012738    1.042874    0.993857    6.948193 ^ _159_/Z (gf180mcu_fd_sc_mcu7t5v0__xor2_1)
                                                         _051_ (net)
                      1.042874    0.000419    6.948611 ^ _171_/A3 (gf180mcu_fd_sc_mcu7t5v0__nor4_1)
     1    0.007120    0.672932    0.581788    7.530399 v _171_/ZN (gf180mcu_fd_sc_mcu7t5v0__nor4_1)
                                                         _063_ (net)
                      0.672932    0.000162    7.530560 v _172_/A4 (gf180mcu_fd_sc_mcu7t5v0__nand4_1)
     3    0.020831    1.264174    0.960299    8.490860 ^ _172_/ZN (gf180mcu_fd_sc_mcu7t5v0__nand4_1)
                                                         _064_ (net)
                      1.264174    0.000611    8.491471 ^ _176_/A2 (gf180mcu_fd_sc_mcu7t5v0__oai21_1)
     2    0.015495    0.756597    0.581882    9.073353 v _176_/ZN (gf180mcu_fd_sc_mcu7t5v0__oai21_1)
                                                         _066_ (net)
                      0.756597    0.000223    9.073576 v fanout36/I (gf180mcu_fd_sc_mcu7t5v0__dlyb_1)
    10    0.071646    1.364904    2.933865   12.007441 v fanout36/Z (gf180mcu_fd_sc_mcu7t5v0__dlyb_1)
                                                         net36 (net)
                      1.364904    0.001026   12.008467 v _179_/A1 (gf180mcu_fd_sc_mcu7t5v0__nor2_1)
     1    0.005045    0.632128    0.648768   12.657235 ^ _179_/ZN (gf180mcu_fd_sc_mcu7t5v0__nor2_1)
                                                         _007_ (net)
                      0.632128    0.000107   12.657342 ^ _294_/D (gf180mcu_fd_sc_mcu7t5v0__dffrnq_1)
                                             12.657342   data arrival time

                                 20.000000   20.000000   clock clk_i (rise edge)
                                  0.000000   20.000000   clock source latency
     1    0.036259    0.309013    0.147338   20.147339 ^ clk_i (in)
                                                         clk_i (net)
                      0.309017    0.000000   20.147339 ^ clkbuf_0_clk_i/I (gf180mcu_fd_sc_mcu7t5v0__clkbuf_16)
     4    0.098105    0.277298    0.525363   20.672701 ^ clkbuf_0_clk_i/Z (gf180mcu_fd_sc_mcu7t5v0__clkbuf_16)
                                                         clknet_0_clk_i (net)
                      0.277298    0.001075   20.673777 ^ clkbuf_2_3__f_clk_i/I (gf180mcu_fd_sc_mcu7t5v0__clkbuf_16)
     9    0.046731    0.200080    0.457701   21.131477 ^ clkbuf_2_3__f_clk_i/Z (gf180mcu_fd_sc_mcu7t5v0__clkbuf_16)
                                                         clknet_2_3__leaf_clk_i (net)
                      0.200080    0.000448   21.131926 ^ _294_/CLK (gf180mcu_fd_sc_mcu7t5v0__dffrnq_1)
                                 -0.250000   20.881926   clock uncertainty
                                  0.000000   20.881926   clock reconvergence pessimism
                                 -0.675429   20.206497   library setup time
                                             20.206497   data required time
---------------------------------------------------------------------------------------------
                                             20.206497   data required time
                                            -12.657342   data arrival time
---------------------------------------------------------------------------------------------
                                              7.549154   slack (MET)


Startpoint: cfg_div_i[3] (input port clocked by clk_i)
Endpoint: _297_ (rising edge-triggered flip-flop clocked by clk_i)
Path Group: clk_i
Path Type: max

Fanout         Cap        Slew       Delay        Time   Description
---------------------------------------------------------------------------------------------
                                  0.000000    0.000000   clock clk_i (rise edge)
                                  0.000000    0.000000   clock network delay (propagated)
                                  4.000000    4.000000 ^ input external delay
     1    0.005687    0.242911    0.091099    4.091099 ^ cfg_div_i[3] (in)
                                                         cfg_div_i[3] (net)
                      0.242911    0.000000    4.091099 ^ input12/I (gf180mcu_fd_sc_mcu7t5v0__dlyb_1)
     1    0.014676    0.543257    1.862784    5.953883 ^ input12/Z (gf180mcu_fd_sc_mcu7t5v0__dlyb_1)
                                                         net12 (net)
                      0.543257    0.000453    5.954336 ^ _159_/A1 (gf180mcu_fd_sc_mcu7t5v0__xor2_1)
     1    0.012738    1.042874    0.993857    6.948193 ^ _159_/Z (gf180mcu_fd_sc_mcu7t5v0__xor2_1)
                                                         _051_ (net)
                      1.042874    0.000419    6.948611 ^ _171_/A3 (gf180mcu_fd_sc_mcu7t5v0__nor4_1)
     1    0.007120    0.672932    0.581788    7.530399 v _171_/ZN (gf180mcu_fd_sc_mcu7t5v0__nor4_1)
                                                         _063_ (net)
                      0.672932    0.000162    7.530560 v _172_/A4 (gf180mcu_fd_sc_mcu7t5v0__nand4_1)
     3    0.020831    1.264174    0.960299    8.490860 ^ _172_/ZN (gf180mcu_fd_sc_mcu7t5v0__nand4_1)
                                                         _064_ (net)
                      1.264174    0.000611    8.491471 ^ _176_/A2 (gf180mcu_fd_sc_mcu7t5v0__oai21_1)
     2    0.015495    0.756597    0.581882    9.073353 v _176_/ZN (gf180mcu_fd_sc_mcu7t5v0__oai21_1)
                                                         _066_ (net)
                      0.756597    0.000223    9.073576 v fanout36/I (gf180mcu_fd_sc_mcu7t5v0__dlyb_1)
    10    0.071646    1.364904    2.933865   12.007441 v fanout36/Z (gf180mcu_fd_sc_mcu7t5v0__dlyb_1)
                                                         net36 (net)
                      1.364904    0.000049   12.007489 v _188_/A1 (gf180mcu_fd_sc_mcu7t5v0__nor2_1)
     1    0.003943    0.584504    0.607339   12.614829 ^ _188_/ZN (gf180mcu_fd_sc_mcu7t5v0__nor2_1)
                                                         _010_ (net)
                      0.584504    0.000040   12.614868 ^ _297_/D (gf180mcu_fd_sc_mcu7t5v0__dffrnq_1)
                                             12.614868   data arrival time

                                 20.000000   20.000000   clock clk_i (rise edge)
                                  0.000000   20.000000   clock source latency
     1    0.036259    0.309013    0.147338   20.147339 ^ clk_i (in)
                                                         clk_i (net)
                      0.309017    0.000000   20.147339 ^ clkbuf_0_clk_i/I (gf180mcu_fd_sc_mcu7t5v0__clkbuf_16)
     4    0.098105    0.277298    0.525363   20.672701 ^ clkbuf_0_clk_i/Z (gf180mcu_fd_sc_mcu7t5v0__clkbuf_16)
                                                         clknet_0_clk_i (net)
                      0.277298    0.001091   20.673792 ^ clkbuf_2_2__f_clk_i/I (gf180mcu_fd_sc_mcu7t5v0__clkbuf_16)
     9    0.056159    0.214209    0.468740   21.142532 ^ clkbuf_2_2__f_clk_i/Z (gf180mcu_fd_sc_mcu7t5v0__clkbuf_16)
                                                         clknet_2_2__leaf_clk_i (net)
                      0.214210    0.000458   21.142990 ^ _297_/CLK (gf180mcu_fd_sc_mcu7t5v0__dffrnq_1)
                                 -0.250000   20.892990   clock uncertainty
                                  0.000000   20.892990   clock reconvergence pessimism
                                 -0.665226   20.227764   library setup time
                                             20.227764   data required time
---------------------------------------------------------------------------------------------
                                             20.227764   data required time
                                            -12.614868   data arrival time
---------------------------------------------------------------------------------------------
                                              7.612896   slack (MET)


Startpoint: cfg_div_i[3] (input port clocked by clk_i)
Endpoint: _301_ (rising edge-triggered flip-flop clocked by clk_i)
Path Group: clk_i
Path Type: max

Fanout         Cap        Slew       Delay        Time   Description
---------------------------------------------------------------------------------------------
                                  0.000000    0.000000   clock clk_i (rise edge)
                                  0.000000    0.000000   clock network delay (propagated)
                                  4.000000    4.000000 ^ input external delay
     1    0.005687    0.242911    0.091099    4.091099 ^ cfg_div_i[3] (in)
                                                         cfg_div_i[3] (net)
                      0.242911    0.000000    4.091099 ^ input12/I (gf180mcu_fd_sc_mcu7t5v0__dlyb_1)
     1    0.014676    0.543257    1.862784    5.953883 ^ input12/Z (gf180mcu_fd_sc_mcu7t5v0__dlyb_1)
                                                         net12 (net)
                      0.543257    0.000453    5.954336 ^ _159_/A1 (gf180mcu_fd_sc_mcu7t5v0__xor2_1)
     1    0.012738    1.042874    0.993857    6.948193 ^ _159_/Z (gf180mcu_fd_sc_mcu7t5v0__xor2_1)
                                                         _051_ (net)
                      1.042874    0.000419    6.948611 ^ _171_/A3 (gf180mcu_fd_sc_mcu7t5v0__nor4_1)
     1    0.007120    0.672932    0.581788    7.530399 v _171_/ZN (gf180mcu_fd_sc_mcu7t5v0__nor4_1)
                                                         _063_ (net)
                      0.672932    0.000162    7.530560 v _172_/A4 (gf180mcu_fd_sc_mcu7t5v0__nand4_1)
     3    0.020831    1.264174    0.960299    8.490860 ^ _172_/ZN (gf180mcu_fd_sc_mcu7t5v0__nand4_1)
                                                         _064_ (net)
                      1.264174    0.000611    8.491471 ^ _176_/A2 (gf180mcu_fd_sc_mcu7t5v0__oai21_1)
     2    0.015495    0.756597    0.581882    9.073353 v _176_/ZN (gf180mcu_fd_sc_mcu7t5v0__oai21_1)
                                                         _066_ (net)
                      0.756597    0.000223    9.073576 v fanout36/I (gf180mcu_fd_sc_mcu7t5v0__dlyb_1)
    10    0.071646    1.364904    2.933865   12.007441 v fanout36/Z (gf180mcu_fd_sc_mcu7t5v0__dlyb_1)
                                                         net36 (net)
                      1.364925    0.003605   12.011045 v _200_/A1 (gf180mcu_fd_sc_mcu7t5v0__nor2_1)
     1    0.003532    0.563725    0.591358   12.602404 ^ _200_/ZN (gf180mcu_fd_sc_mcu7t5v0__nor2_1)
                                                         _014_ (net)
                      0.563725    0.000036   12.602440 ^ _301_/D (gf180mcu_fd_sc_mcu7t5v0__dffrnq_1)
                                             12.602440   data arrival time

                                 20.000000   20.000000   clock clk_i (rise edge)
                                  0.000000   20.000000   clock source latency
     1    0.036259    0.309013    0.147338   20.147339 ^ clk_i (in)
                                                         clk_i (net)
                      0.309017    0.000000   20.147339 ^ clkbuf_0_clk_i/I (gf180mcu_fd_sc_mcu7t5v0__clkbuf_16)
     4    0.098105    0.277298    0.525363   20.672701 ^ clkbuf_0_clk_i/Z (gf180mcu_fd_sc_mcu7t5v0__clkbuf_16)
                                                         clknet_0_clk_i (net)
                      0.277298    0.001091   20.673792 ^ clkbuf_2_2__f_clk_i/I (gf180mcu_fd_sc_mcu7t5v0__clkbuf_16)
     9    0.056159    0.214209    0.468740   21.142532 ^ clkbuf_2_2__f_clk_i/Z (gf180mcu_fd_sc_mcu7t5v0__clkbuf_16)
                                                         clknet_2_2__leaf_clk_i (net)
                      0.214210    0.000858   21.143391 ^ _301_/CLK (gf180mcu_fd_sc_mcu7t5v0__dffrnq_1)
                                 -0.250000   20.893391   clock uncertainty
                                  0.000000   20.893391   clock reconvergence pessimism
                                 -0.662357   20.231033   library setup time
                                             20.231033   data required time
---------------------------------------------------------------------------------------------
                                             20.231033   data required time
                                            -12.602440   data arrival time
---------------------------------------------------------------------------------------------
                                              7.628594   slack (MET)


Startpoint: cfg_div_i[3] (input port clocked by clk_i)
Endpoint: _306_ (rising edge-triggered flip-flop clocked by clk_i)
Path Group: clk_i
Path Type: max

Fanout         Cap        Slew       Delay        Time   Description
---------------------------------------------------------------------------------------------
                                  0.000000    0.000000   clock clk_i (rise edge)
                                  0.000000    0.000000   clock network delay (propagated)
                                  4.000000    4.000000 ^ input external delay
     1    0.005687    0.242911    0.091099    4.091099 ^ cfg_div_i[3] (in)
                                                         cfg_div_i[3] (net)
                      0.242911    0.000000    4.091099 ^ input12/I (gf180mcu_fd_sc_mcu7t5v0__dlyb_1)
     1    0.014676    0.543257    1.862784    5.953883 ^ input12/Z (gf180mcu_fd_sc_mcu7t5v0__dlyb_1)
                                                         net12 (net)
                      0.543257    0.000453    5.954336 ^ _159_/A1 (gf180mcu_fd_sc_mcu7t5v0__xor2_1)
     1    0.012738    1.042874    0.993857    6.948193 ^ _159_/Z (gf180mcu_fd_sc_mcu7t5v0__xor2_1)
                                                         _051_ (net)
                      1.042874    0.000419    6.948611 ^ _171_/A3 (gf180mcu_fd_sc_mcu7t5v0__nor4_1)
     1    0.007120    0.672932    0.581788    7.530399 v _171_/ZN (gf180mcu_fd_sc_mcu7t5v0__nor4_1)
                                                         _063_ (net)
                      0.672932    0.000162    7.530560 v _172_/A4 (gf180mcu_fd_sc_mcu7t5v0__nand4_1)
     3    0.020831    1.264174    0.960299    8.490860 ^ _172_/ZN (gf180mcu_fd_sc_mcu7t5v0__nand4_1)
                                                         _064_ (net)
                      1.264174    0.000611    8.491471 ^ _176_/A2 (gf180mcu_fd_sc_mcu7t5v0__oai21_1)
     2    0.015495    0.756597    0.581882    9.073353 v _176_/ZN (gf180mcu_fd_sc_mcu7t5v0__oai21_1)
                                                         _066_ (net)
                      0.756597    0.000245    9.073598 v fanout37/I (gf180mcu_fd_sc_mcu7t5v0__dlyb_1)
     5    0.036119    0.860205    2.532860   11.606459 v fanout37/Z (gf180mcu_fd_sc_mcu7t5v0__dlyb_1)
                                                         net37 (net)
                      0.860205    0.000233   11.606691 v _215_/A1 (gf180mcu_fd_sc_mcu7t5v0__nor3_1)
     1    0.005625    0.877876    0.680486   12.287177 ^ _215_/ZN (gf180mcu_fd_sc_mcu7t5v0__nor3_1)
                                                         _004_ (net)
                      0.877876    0.000119   12.287296 ^ _306_/D (gf180mcu_fd_sc_mcu7t5v0__dffrnq_1)
                                             12.287296   data arrival time

                                 20.000000   20.000000   clock clk_i (rise edge)
                                  0.000000   20.000000   clock source latency
     1    0.036259    0.309013    0.147338   20.147339 ^ clk_i (in)
                                                         clk_i (net)
                      0.309017    0.000000   20.147339 ^ clkbuf_0_clk_i/I (gf180mcu_fd_sc_mcu7t5v0__clkbuf_16)
     4    0.098105    0.277298    0.525363   20.672701 ^ clkbuf_0_clk_i/Z (gf180mcu_fd_sc_mcu7t5v0__clkbuf_16)
                                                         clknet_0_clk_i (net)
                      0.277298    0.001075   20.673777 ^ clkbuf_2_3__f_clk_i/I (gf180mcu_fd_sc_mcu7t5v0__clkbuf_16)
     9    0.046731    0.200080    0.457701   21.131477 ^ clkbuf_2_3__f_clk_i/Z (gf180mcu_fd_sc_mcu7t5v0__clkbuf_16)
                                                         clknet_2_3__leaf_clk_i (net)
                      0.200080    0.000432   21.131908 ^ _306_/CLK (gf180mcu_fd_sc_mcu7t5v0__dffrnq_1)
                                 -0.250000   20.881910   clock uncertainty
                                  0.000000   20.881910   clock reconvergence pessimism
                                 -0.709476   20.172436   library setup time
                                             20.172436   data required time
---------------------------------------------------------------------------------------------
                                             20.172436   data required time
                                            -12.287296   data arrival time
---------------------------------------------------------------------------------------------
                                              7.885139   slack (MET)


Startpoint: cfg_div_i[3] (input port clocked by clk_i)
Endpoint: _303_ (rising edge-triggered flip-flop clocked by clk_i)
Path Group: clk_i
Path Type: max

Fanout         Cap        Slew       Delay        Time   Description
---------------------------------------------------------------------------------------------
                                  0.000000    0.000000   clock clk_i (rise edge)
                                  0.000000    0.000000   clock network delay (propagated)
                                  4.000000    4.000000 ^ input external delay
     1    0.005687    0.242911    0.091099    4.091099 ^ cfg_div_i[3] (in)
                                                         cfg_div_i[3] (net)
                      0.242911    0.000000    4.091099 ^ input12/I (gf180mcu_fd_sc_mcu7t5v0__dlyb_1)
     1    0.014676    0.543257    1.862784    5.953883 ^ input12/Z (gf180mcu_fd_sc_mcu7t5v0__dlyb_1)
                                                         net12 (net)
                      0.543257    0.000453    5.954336 ^ _159_/A1 (gf180mcu_fd_sc_mcu7t5v0__xor2_1)
     1    0.012738    1.042874    0.993857    6.948193 ^ _159_/Z (gf180mcu_fd_sc_mcu7t5v0__xor2_1)
                                                         _051_ (net)
                      1.042874    0.000419    6.948611 ^ _171_/A3 (gf180mcu_fd_sc_mcu7t5v0__nor4_1)
     1    0.007120    0.672932    0.581788    7.530399 v _171_/ZN (gf180mcu_fd_sc_mcu7t5v0__nor4_1)
                                                         _063_ (net)
                      0.672932    0.000162    7.530560 v _172_/A4 (gf180mcu_fd_sc_mcu7t5v0__nand4_1)
     3    0.020831    1.264174    0.960299    8.490860 ^ _172_/ZN (gf180mcu_fd_sc_mcu7t5v0__nand4_1)
                                                         _064_ (net)
                      1.264174    0.000611    8.491471 ^ _176_/A2 (gf180mcu_fd_sc_mcu7t5v0__oai21_1)
     2    0.015495    0.756597    0.581882    9.073353 v _176_/ZN (gf180mcu_fd_sc_mcu7t5v0__oai21_1)
                                                         _066_ (net)
                      0.756597    0.000245    9.073598 v fanout37/I (gf180mcu_fd_sc_mcu7t5v0__dlyb_1)
     5    0.036119    0.860205    2.532860   11.606459 v fanout37/Z (gf180mcu_fd_sc_mcu7t5v0__dlyb_1)
                                                         net37 (net)
                      0.860205    0.000806   11.607264 v _206_/A1 (gf180mcu_fd_sc_mcu7t5v0__nor3_1)
     1    0.004468    0.790469    0.629783   12.237047 ^ _206_/ZN (gf180mcu_fd_sc_mcu7t5v0__nor3_1)
                                                         _001_ (net)
                      0.790469    0.000087   12.237134 ^ _303_/D (gf180mcu_fd_sc_mcu7t5v0__dffrnq_1)
                                             12.237134   data arrival time

                                 20.000000   20.000000   clock clk_i (rise edge)
                                  0.000000   20.000000   clock source latency
     1    0.036259    0.309013    0.147338   20.147339 ^ clk_i (in)
                                                         clk_i (net)
                      0.309017    0.000000   20.147339 ^ clkbuf_0_clk_i/I (gf180mcu_fd_sc_mcu7t5v0__clkbuf_16)
     4    0.098105    0.277298    0.525363   20.672701 ^ clkbuf_0_clk_i/Z (gf180mcu_fd_sc_mcu7t5v0__clkbuf_16)
                                                         clknet_0_clk_i (net)
                      0.277298    0.001091   20.673792 ^ clkbuf_2_2__f_clk_i/I (gf180mcu_fd_sc_mcu7t5v0__clkbuf_16)
     9    0.056159    0.214209    0.468740   21.142532 ^ clkbuf_2_2__f_clk_i/Z (gf180mcu_fd_sc_mcu7t5v0__clkbuf_16)
                                                         clknet_2_2__leaf_clk_i (net)
                      0.214210    0.000604   21.143135 ^ _303_/CLK (gf180mcu_fd_sc_mcu7t5v0__dffrnq_1)
                                 -0.250000   20.893137   clock uncertainty
                                  0.000000   20.893137   clock reconvergence pessimism
                                 -0.693659   20.199478   library setup time
                                             20.199478   data required time
---------------------------------------------------------------------------------------------
                                             20.199478   data required time
                                            -12.237134   data arrival time
---------------------------------------------------------------------------------------------
                                              7.962344   slack (MET)


Startpoint: cfg_div_i[3] (input port clocked by clk_i)
Endpoint: _304_ (rising edge-triggered flip-flop clocked by clk_i)
Path Group: clk_i
Path Type: max

Fanout         Cap        Slew       Delay        Time   Description
---------------------------------------------------------------------------------------------
                                  0.000000    0.000000   clock clk_i (rise edge)
                                  0.000000    0.000000   clock network delay (propagated)
                                  4.000000    4.000000 ^ input external delay
     1    0.005687    0.242911    0.091099    4.091099 ^ cfg_div_i[3] (in)
                                                         cfg_div_i[3] (net)
                      0.242911    0.000000    4.091099 ^ input12/I (gf180mcu_fd_sc_mcu7t5v0__dlyb_1)
     1    0.014676    0.543257    1.862784    5.953883 ^ input12/Z (gf180mcu_fd_sc_mcu7t5v0__dlyb_1)
                                                         net12 (net)
                      0.543257    0.000453    5.954336 ^ _159_/A1 (gf180mcu_fd_sc_mcu7t5v0__xor2_1)
     1    0.012738    1.042874    0.993857    6.948193 ^ _159_/Z (gf180mcu_fd_sc_mcu7t5v0__xor2_1)
                                                         _051_ (net)
                      1.042874    0.000419    6.948611 ^ _171_/A3 (gf180mcu_fd_sc_mcu7t5v0__nor4_1)
     1    0.007120    0.672932    0.581788    7.530399 v _171_/ZN (gf180mcu_fd_sc_mcu7t5v0__nor4_1)
                                                         _063_ (net)
                      0.672932    0.000162    7.530560 v _172_/A4 (gf180mcu_fd_sc_mcu7t5v0__nand4_1)
     3    0.020831    1.264174    0.960299    8.490860 ^ _172_/ZN (gf180mcu_fd_sc_mcu7t5v0__nand4_1)
                                                         _064_ (net)
                      1.264174    0.000611    8.491471 ^ _176_/A2 (gf180mcu_fd_sc_mcu7t5v0__oai21_1)
     2    0.015495    0.756597    0.581882    9.073353 v _176_/ZN (gf180mcu_fd_sc_mcu7t5v0__oai21_1)
                                                         _066_ (net)
                      0.756597    0.000245    9.073598 v fanout37/I (gf180mcu_fd_sc_mcu7t5v0__dlyb_1)
     5    0.036119    0.860205    2.532860   11.606459 v fanout37/Z (gf180mcu_fd_sc_mcu7t5v0__dlyb_1)
                                                         net37 (net)
                      0.860206    0.000941   11.607400 v _210_/A1 (gf180mcu_fd_sc_mcu7t5v0__nor3_1)
     1    0.004237    0.784712    0.619640   12.227040 ^ _210_/ZN (gf180mcu_fd_sc_mcu7t5v0__nor3_1)
                                                         _002_ (net)
                      0.784712    0.000081   12.227121 ^ _304_/D (gf180mcu_fd_sc_mcu7t5v0__dffrnq_1)
                                             12.227121   data arrival time

                                 20.000000   20.000000   clock clk_i (rise edge)
                                  0.000000   20.000000   clock source latency
     1    0.036259    0.309013    0.147338   20.147339 ^ clk_i (in)
                                                         clk_i (net)
                      0.309017    0.000000   20.147339 ^ clkbuf_0_clk_i/I (gf180mcu_fd_sc_mcu7t5v0__clkbuf_16)
     4    0.098105    0.277298    0.525363   20.672701 ^ clkbuf_0_clk_i/Z (gf180mcu_fd_sc_mcu7t5v0__clkbuf_16)
                                                         clknet_0_clk_i (net)
                      0.277298    0.001091   20.673792 ^ clkbuf_2_2__f_clk_i/I (gf180mcu_fd_sc_mcu7t5v0__clkbuf_16)
     9    0.056159    0.214209    0.468740   21.142532 ^ clkbuf_2_2__f_clk_i/Z (gf180mcu_fd_sc_mcu7t5v0__clkbuf_16)
                                                         clknet_2_2__leaf_clk_i (net)
                      0.214210    0.000833   21.143366 ^ _304_/CLK (gf180mcu_fd_sc_mcu7t5v0__dffrnq_1)
                                 -0.250000   20.893366   clock uncertainty
                                  0.000000   20.893366   clock reconvergence pessimism
                                 -0.692864   20.200500   library setup time
                                             20.200500   data required time
---------------------------------------------------------------------------------------------
                                             20.200500   data required time
                                            -12.227121   data arrival time
---------------------------------------------------------------------------------------------
                                              7.973381   slack (MET)


Startpoint: cfg_div_i[3] (input port clocked by clk_i)
Endpoint: _308_ (rising edge-triggered flip-flop clocked by clk_i)
Path Group: clk_i
Path Type: max

Fanout         Cap        Slew       Delay        Time   Description
---------------------------------------------------------------------------------------------
                                  0.000000    0.000000   clock clk_i (rise edge)
                                  0.000000    0.000000   clock network delay (propagated)
                                  4.000000    4.000000 ^ input external delay
     1    0.005687    0.242911    0.091099    4.091099 ^ cfg_div_i[3] (in)
                                                         cfg_div_i[3] (net)
                      0.242911    0.000000    4.091099 ^ input12/I (gf180mcu_fd_sc_mcu7t5v0__dlyb_1)
     1    0.014676    0.543257    1.862784    5.953883 ^ input12/Z (gf180mcu_fd_sc_mcu7t5v0__dlyb_1)
                                                         net12 (net)
                      0.543257    0.000453    5.954336 ^ _159_/A1 (gf180mcu_fd_sc_mcu7t5v0__xor2_1)
     1    0.012738    1.042874    0.993857    6.948193 ^ _159_/Z (gf180mcu_fd_sc_mcu7t5v0__xor2_1)
                                                         _051_ (net)
                      1.042874    0.000419    6.948611 ^ _171_/A3 (gf180mcu_fd_sc_mcu7t5v0__nor4_1)
     1    0.007120    0.672932    0.581788    7.530399 v _171_/ZN (gf180mcu_fd_sc_mcu7t5v0__nor4_1)
                                                         _063_ (net)
                      0.672932    0.000162    7.530560 v _172_/A4 (gf180mcu_fd_sc_mcu7t5v0__nand4_1)
     3    0.020831    1.264174    0.960299    8.490860 ^ _172_/ZN (gf180mcu_fd_sc_mcu7t5v0__nand4_1)
                                                         _064_ (net)
                      1.264174    0.000611    8.491471 ^ _176_/A2 (gf180mcu_fd_sc_mcu7t5v0__oai21_1)
     2    0.015495    0.756597    0.581882    9.073353 v _176_/ZN (gf180mcu_fd_sc_mcu7t5v0__oai21_1)
                                                         _066_ (net)
                      0.756597    0.000245    9.073598 v fanout37/I (gf180mcu_fd_sc_mcu7t5v0__dlyb_1)
     5    0.036119    0.860205    2.532860   11.606459 v fanout37/Z (gf180mcu_fd_sc_mcu7t5v0__dlyb_1)
                                                         net37 (net)
                      0.860205    0.000266   11.606725 v _220_/A1 (gf180mcu_fd_sc_mcu7t5v0__nor3_1)
     1    0.003973    0.753047    0.608076   12.214801 ^ _220_/ZN (gf180mcu_fd_sc_mcu7t5v0__nor3_1)
                                                         _006_ (net)
                      0.753047    0.000042   12.214843 ^ _308_/D (gf180mcu_fd_sc_mcu7t5v0__dffrnq_1)
                                             12.214843   data arrival time

                                 20.000000   20.000000   clock clk_i (rise edge)
                                  0.000000   20.000000   clock source latency
     1    0.036259    0.309013    0.147338   20.147339 ^ clk_i (in)
                                                         clk_i (net)
                      0.309017    0.000000   20.147339 ^ clkbuf_0_clk_i/I (gf180mcu_fd_sc_mcu7t5v0__clkbuf_16)
     4    0.098105    0.277298    0.525363   20.672701 ^ clkbuf_0_clk_i/Z (gf180mcu_fd_sc_mcu7t5v0__clkbuf_16)
                                                         clknet_0_clk_i (net)
                      0.277298    0.001075   20.673777 ^ clkbuf_2_3__f_clk_i/I (gf180mcu_fd_sc_mcu7t5v0__clkbuf_16)
     9    0.046731    0.200080    0.457701   21.131477 ^ clkbuf_2_3__f_clk_i/Z (gf180mcu_fd_sc_mcu7t5v0__clkbuf_16)
                                                         clknet_2_3__leaf_clk_i (net)
                      0.200080    0.000485   21.131962 ^ _308_/CLK (gf180mcu_fd_sc_mcu7t5v0__dffrnq_1)
                                 -0.250000   20.881964   clock uncertainty
                                  0.000000   20.881964   clock reconvergence pessimism
                                 -0.692181   20.189783   library setup time
                                             20.189783   data required time
---------------------------------------------------------------------------------------------
                                             20.189783   data required time
                                            -12.214843   data arrival time
---------------------------------------------------------------------------------------------
                                              7.974940   slack (MET)


Startpoint: cfg_div_i[3] (input port clocked by clk_i)
Endpoint: _305_ (rising edge-triggered flip-flop clocked by clk_i)
Path Group: clk_i
Path Type: max

Fanout         Cap        Slew       Delay        Time   Description
---------------------------------------------------------------------------------------------
                                  0.000000    0.000000   clock clk_i (rise edge)
                                  0.000000    0.000000   clock network delay (propagated)
                                  4.000000    4.000000 ^ input external delay
     1    0.005687    0.242911    0.091099    4.091099 ^ cfg_div_i[3] (in)
                                                         cfg_div_i[3] (net)
                      0.242911    0.000000    4.091099 ^ input12/I (gf180mcu_fd_sc_mcu7t5v0__dlyb_1)
     1    0.014676    0.543257    1.862784    5.953883 ^ input12/Z (gf180mcu_fd_sc_mcu7t5v0__dlyb_1)
                                                         net12 (net)
                      0.543257    0.000453    5.954336 ^ _159_/A1 (gf180mcu_fd_sc_mcu7t5v0__xor2_1)
     1    0.012738    1.042874    0.993857    6.948193 ^ _159_/Z (gf180mcu_fd_sc_mcu7t5v0__xor2_1)
                                                         _051_ (net)
                      1.042874    0.000419    6.948611 ^ _171_/A3 (gf180mcu_fd_sc_mcu7t5v0__nor4_1)
     1    0.007120    0.672932    0.581788    7.530399 v _171_/ZN (gf180mcu_fd_sc_mcu7t5v0__nor4_1)
                                                         _063_ (net)
                      0.672932    0.000162    7.530560 v _172_/A4 (gf180mcu_fd_sc_mcu7t5v0__nand4_1)
     3    0.020831    1.264174    0.960299    8.490860 ^ _172_/ZN (gf180mcu_fd_sc_mcu7t5v0__nand4_1)
                                                         _064_ (net)
                      1.264174    0.000611    8.491471 ^ _176_/A2 (gf180mcu_fd_sc_mcu7t5v0__oai21_1)
     2    0.015495    0.756597    0.581882    9.073353 v _176_/ZN (gf180mcu_fd_sc_mcu7t5v0__oai21_1)
                                                         _066_ (net)
                      0.756597    0.000245    9.073598 v fanout37/I (gf180mcu_fd_sc_mcu7t5v0__dlyb_1)
     5    0.036119    0.860205    2.532860   11.606459 v fanout37/Z (gf180mcu_fd_sc_mcu7t5v0__dlyb_1)
                                                         net37 (net)
                      0.860205    0.000557   11.607016 v _212_/A1 (gf180mcu_fd_sc_mcu7t5v0__nor2_1)
     1    0.004420    0.531994    0.498422   12.105437 ^ _212_/ZN (gf180mcu_fd_sc_mcu7t5v0__nor2_1)
                                                         _003_ (net)
                      0.531994    0.000052   12.105490 ^ _305_/D (gf180mcu_fd_sc_mcu7t5v0__dffrnq_1)
                                             12.105490   data arrival time

                                 20.000000   20.000000   clock clk_i (rise edge)
                                  0.000000   20.000000   clock source latency
     1    0.036259    0.309013    0.147338   20.147339 ^ clk_i (in)
                                                         clk_i (net)
                      0.309017    0.000000   20.147339 ^ clkbuf_0_clk_i/I (gf180mcu_fd_sc_mcu7t5v0__clkbuf_16)
     4    0.098105    0.277298    0.525363   20.672701 ^ clkbuf_0_clk_i/Z (gf180mcu_fd_sc_mcu7t5v0__clkbuf_16)
                                                         clknet_0_clk_i (net)
                      0.277298    0.001091   20.673792 ^ clkbuf_2_2__f_clk_i/I (gf180mcu_fd_sc_mcu7t5v0__clkbuf_16)
     9    0.056159    0.214209    0.468740   21.142532 ^ clkbuf_2_2__f_clk_i/Z (gf180mcu_fd_sc_mcu7t5v0__clkbuf_16)
                                                         clknet_2_2__leaf_clk_i (net)
                      0.214209    0.000362   21.142895 ^ _305_/CLK (gf180mcu_fd_sc_mcu7t5v0__dffrnq_1)
                                 -0.250000   20.892895   clock uncertainty
                                  0.000000   20.892895   clock reconvergence pessimism
                                 -0.656082   20.236814   library setup time
                                             20.236814   data required time
---------------------------------------------------------------------------------------------
                                             20.236814   data required time
                                            -12.105490   data arrival time
---------------------------------------------------------------------------------------------
                                              8.131324   slack (MET)


Startpoint: rstn_i (input port clocked by clk_i)
Endpoint: _279_ (recovery check against rising-edge clock clk_i)
Path Group: asynchronous
Path Type: max

Fanout         Cap        Slew       Delay        Time   Description
---------------------------------------------------------------------------------------------
                                  0.000000    0.000000   clock clk_i (rise edge)
                                  0.000000    0.000000   clock network delay (propagated)
                                  4.000000    4.000000 ^ input external delay
     1    0.004720    0.216836    0.075813    4.075813 ^ rstn_i (in)
                                                         rstn_i (net)
                      0.216836    0.000000    4.075813 ^ input22/I (gf180mcu_fd_sc_mcu7t5v0__dlyb_1)
     1    0.004676    0.294932    1.684947    5.760760 ^ input22/Z (gf180mcu_fd_sc_mcu7t5v0__dlyb_1)
                                                         net22 (net)
                      0.294932    0.000057    5.760818 ^ fanout46/I (gf180mcu_fd_sc_mcu7t5v0__dlyb_1)
     7    0.073974    2.103177    2.795901    8.556718 ^ fanout46/Z (gf180mcu_fd_sc_mcu7t5v0__dlyb_1)
                                                         net46 (net)
                      2.103184    0.002156    8.558875 ^ fanout45/I (gf180mcu_fd_sc_mcu7t5v0__dlyb_1)
    10    0.106978    2.995145    3.359036   11.917911 ^ fanout45/Z (gf180mcu_fd_sc_mcu7t5v0__dlyb_1)
                                                         net45 (net)
                      2.995145    0.001354   11.919264 ^ _279_/RN (gf180mcu_fd_sc_mcu7t5v0__dffrnq_1)
                                             11.919264   data arrival time

                                 20.000000   20.000000   clock clk_i (rise edge)
                                  0.000000   20.000000   clock source latency
     1    0.036259    0.309013    0.147338   20.147339 ^ clk_i (in)
                                                         clk_i (net)
                      0.309017    0.000000   20.147339 ^ clkbuf_0_clk_i/I (gf180mcu_fd_sc_mcu7t5v0__clkbuf_16)
     4    0.098105    0.277298    0.525363   20.672701 ^ clkbuf_0_clk_i/Z (gf180mcu_fd_sc_mcu7t5v0__clkbuf_16)
                                                         clknet_0_clk_i (net)
                      0.277298    0.001075   20.673777 ^ clkbuf_2_3__f_clk_i/I (gf180mcu_fd_sc_mcu7t5v0__clkbuf_16)
     9    0.046731    0.200080    0.457701   21.131477 ^ clkbuf_2_3__f_clk_i/Z (gf180mcu_fd_sc_mcu7t5v0__clkbuf_16)
                                                         clknet_2_3__leaf_clk_i (net)
                      0.200080    0.000099   21.131577 ^ _279_/CLK (gf180mcu_fd_sc_mcu7t5v0__dffrnq_1)
                                 -0.250000   20.881578   clock uncertainty
                                  0.000000   20.881578   clock reconvergence pessimism
                                 -0.280433   20.601145   library recovery time
                                             20.601145   data required time
---------------------------------------------------------------------------------------------
                                             20.601145   data required time
                                            -11.919264   data arrival time
---------------------------------------------------------------------------------------------
                                              8.681880   slack (MET)


Startpoint: rstn_i (input port clocked by clk_i)
Endpoint: _280_ (recovery check against rising-edge clock clk_i)
Path Group: asynchronous
Path Type: max

Fanout         Cap        Slew       Delay        Time   Description
---------------------------------------------------------------------------------------------
                                  0.000000    0.000000   clock clk_i (rise edge)
                                  0.000000    0.000000   clock network delay (propagated)
                                  4.000000    4.000000 ^ input external delay
     1    0.004720    0.216836    0.075813    4.075813 ^ rstn_i (in)
                                                         rstn_i (net)
                      0.216836    0.000000    4.075813 ^ input22/I (gf180mcu_fd_sc_mcu7t5v0__dlyb_1)
     1    0.004676    0.294932    1.684947    5.760760 ^ input22/Z (gf180mcu_fd_sc_mcu7t5v0__dlyb_1)
                                                         net22 (net)
                      0.294932    0.000057    5.760818 ^ fanout46/I (gf180mcu_fd_sc_mcu7t5v0__dlyb_1)
     7    0.073974    2.103177    2.795901    8.556718 ^ fanout46/Z (gf180mcu_fd_sc_mcu7t5v0__dlyb_1)
                                                         net46 (net)
                      2.103184    0.002156    8.558875 ^ fanout45/I (gf180mcu_fd_sc_mcu7t5v0__dlyb_1)
    10    0.106978    2.995145    3.359036   11.917911 ^ fanout45/Z (gf180mcu_fd_sc_mcu7t5v0__dlyb_1)
                                                         net45 (net)
                      2.995145    0.001389   11.919300 ^ _280_/RN (gf180mcu_fd_sc_mcu7t5v0__dffrnq_1)
                                             11.919300   data arrival time

                                 20.000000   20.000000   clock clk_i (rise edge)
                                  0.000000   20.000000   clock source latency
     1    0.036259    0.309013    0.147338   20.147339 ^ clk_i (in)
                                                         clk_i (net)
                      0.309017    0.000000   20.147339 ^ clkbuf_0_clk_i/I (gf180mcu_fd_sc_mcu7t5v0__clkbuf_16)
     4    0.098105    0.277298    0.525363   20.672701 ^ clkbuf_0_clk_i/Z (gf180mcu_fd_sc_mcu7t5v0__clkbuf_16)
                                                         clknet_0_clk_i (net)
                      0.277298    0.001075   20.673777 ^ clkbuf_2_3__f_clk_i/I (gf180mcu_fd_sc_mcu7t5v0__clkbuf_16)
     9    0.046731    0.200080    0.457701   21.131477 ^ clkbuf_2_3__f_clk_i/Z (gf180mcu_fd_sc_mcu7t5v0__clkbuf_16)
                                                         clknet_2_3__leaf_clk_i (net)
                      0.200080    0.000160   21.131638 ^ _280_/CLK (gf180mcu_fd_sc_mcu7t5v0__dffrnq_1)
                                 -0.250000   20.881638   clock uncertainty
                                  0.000000   20.881638   clock reconvergence pessimism
                                 -0.280433   20.601206   library recovery time
                                             20.601206   data required time
---------------------------------------------------------------------------------------------
                                             20.601206   data required time
                                            -11.919300   data arrival time
---------------------------------------------------------------------------------------------
                                              8.681905   slack (MET)


Startpoint: rstn_i (input port clocked by clk_i)
Endpoint: _278_ (recovery check against rising-edge clock clk_i)
Path Group: asynchronous
Path Type: max

Fanout         Cap        Slew       Delay        Time   Description
---------------------------------------------------------------------------------------------
                                  0.000000    0.000000   clock clk_i (rise edge)
                                  0.000000    0.000000   clock network delay (propagated)
                                  4.000000    4.000000 ^ input external delay
     1    0.004720    0.216836    0.075813    4.075813 ^ rstn_i (in)
                                                         rstn_i (net)
                      0.216836    0.000000    4.075813 ^ input22/I (gf180mcu_fd_sc_mcu7t5v0__dlyb_1)
     1    0.004676    0.294932    1.684947    5.760760 ^ input22/Z (gf180mcu_fd_sc_mcu7t5v0__dlyb_1)
                                                         net22 (net)
                      0.294932    0.000057    5.760818 ^ fanout46/I (gf180mcu_fd_sc_mcu7t5v0__dlyb_1)
     7    0.073974    2.103177    2.795901    8.556718 ^ fanout46/Z (gf180mcu_fd_sc_mcu7t5v0__dlyb_1)
                                                         net46 (net)
                      2.103184    0.002156    8.558875 ^ fanout45/I (gf180mcu_fd_sc_mcu7t5v0__dlyb_1)
    10    0.106978    2.995145    3.359036   11.917911 ^ fanout45/Z (gf180mcu_fd_sc_mcu7t5v0__dlyb_1)
                                                         net45 (net)
                      2.995145    0.001418   11.919328 ^ _278_/RN (gf180mcu_fd_sc_mcu7t5v0__dffrnq_1)
                                             11.919328   data arrival time

                                 20.000000   20.000000   clock clk_i (rise edge)
                                  0.000000   20.000000   clock source latency
     1    0.036259    0.309013    0.147338   20.147339 ^ clk_i (in)
                                                         clk_i (net)
                      0.309017    0.000000   20.147339 ^ clkbuf_0_clk_i/I (gf180mcu_fd_sc_mcu7t5v0__clkbuf_16)
     4    0.098105    0.277298    0.525363   20.672701 ^ clkbuf_0_clk_i/Z (gf180mcu_fd_sc_mcu7t5v0__clkbuf_16)
                                                         clknet_0_clk_i (net)
                      0.277298    0.001075   20.673777 ^ clkbuf_2_3__f_clk_i/I (gf180mcu_fd_sc_mcu7t5v0__clkbuf_16)
     9    0.046731    0.200080    0.457701   21.131477 ^ clkbuf_2_3__f_clk_i/Z (gf180mcu_fd_sc_mcu7t5v0__clkbuf_16)
                                                         clknet_2_3__leaf_clk_i (net)
                      0.200080    0.000258   21.131735 ^ _278_/CLK (gf180mcu_fd_sc_mcu7t5v0__dffrnq_1)
                                 -0.250000   20.881737   clock uncertainty
                                  0.000000   20.881737   clock reconvergence pessimism
                                 -0.280433   20.601303   library recovery time
                                             20.601303   data required time
---------------------------------------------------------------------------------------------
                                             20.601303   data required time
                                            -11.919328   data arrival time
---------------------------------------------------------------------------------------------
                                              8.681974   slack (MET)


Startpoint: rstn_i (input port clocked by clk_i)
Endpoint: _302_ (recovery check against rising-edge clock clk_i)
Path Group: asynchronous
Path Type: max

Fanout         Cap        Slew       Delay        Time   Description
---------------------------------------------------------------------------------------------
                                  0.000000    0.000000   clock clk_i (rise edge)
                                  0.000000    0.000000   clock network delay (propagated)
                                  4.000000    4.000000 ^ input external delay
     1    0.004720    0.216836    0.075813    4.075813 ^ rstn_i (in)
                                                         rstn_i (net)
                      0.216836    0.000000    4.075813 ^ input22/I (gf180mcu_fd_sc_mcu7t5v0__dlyb_1)
     1    0.004676    0.294932    1.684947    5.760760 ^ input22/Z (gf180mcu_fd_sc_mcu7t5v0__dlyb_1)
                                                         net22 (net)
                      0.294932    0.000057    5.760818 ^ fanout46/I (gf180mcu_fd_sc_mcu7t5v0__dlyb_1)
     7    0.073974    2.103177    2.795901    8.556718 ^ fanout46/Z (gf180mcu_fd_sc_mcu7t5v0__dlyb_1)
                                                         net46 (net)
                      2.103184    0.002156    8.558875 ^ fanout45/I (gf180mcu_fd_sc_mcu7t5v0__dlyb_1)
    10    0.106978    2.995145    3.359036   11.917911 ^ fanout45/Z (gf180mcu_fd_sc_mcu7t5v0__dlyb_1)
                                                         net45 (net)
                      2.995167    0.004630   11.922541 ^ _302_/RN (gf180mcu_fd_sc_mcu7t5v0__dffrnq_1)
                                             11.922541   data arrival time

                                 20.000000   20.000000   clock clk_i (rise edge)
                                  0.000000   20.000000   clock source latency
     1    0.036259    0.309013    0.147338   20.147339 ^ clk_i (in)
                                                         clk_i (net)
                      0.309017    0.000000   20.147339 ^ clkbuf_0_clk_i/I (gf180mcu_fd_sc_mcu7t5v0__clkbuf_16)
     4    0.098105    0.277298    0.525363   20.672701 ^ clkbuf_0_clk_i/Z (gf180mcu_fd_sc_mcu7t5v0__clkbuf_16)
                                                         clknet_0_clk_i (net)
                      0.277298    0.001091   20.673792 ^ clkbuf_2_2__f_clk_i/I (gf180mcu_fd_sc_mcu7t5v0__clkbuf_16)
     9    0.056159    0.214209    0.468740   21.142532 ^ clkbuf_2_2__f_clk_i/Z (gf180mcu_fd_sc_mcu7t5v0__clkbuf_16)
                                                         clknet_2_2__leaf_clk_i (net)
                      0.214210    0.000842   21.143373 ^ _302_/CLK (gf180mcu_fd_sc_mcu7t5v0__dffrnq_1)
                                 -0.250000   20.893375   clock uncertainty
                                  0.000000   20.893375   clock reconvergence pessimism
                                 -0.276870   20.616505   library recovery time
                                             20.616505   data required time
---------------------------------------------------------------------------------------------
                                             20.616505   data required time
                                            -11.922541   data arrival time
---------------------------------------------------------------------------------------------
                                              8.693964   slack (MET)


Startpoint: rstn_i (input port clocked by clk_i)
Endpoint: _304_ (recovery check against rising-edge clock clk_i)
Path Group: asynchronous
Path Type: max

Fanout         Cap        Slew       Delay        Time   Description
---------------------------------------------------------------------------------------------
                                  0.000000    0.000000   clock clk_i (rise edge)
                                  0.000000    0.000000   clock network delay (propagated)
                                  4.000000    4.000000 ^ input external delay
     1    0.004720    0.216836    0.075813    4.075813 ^ rstn_i (in)
                                                         rstn_i (net)
                      0.216836    0.000000    4.075813 ^ input22/I (gf180mcu_fd_sc_mcu7t5v0__dlyb_1)
     1    0.004676    0.294932    1.684947    5.760760 ^ input22/Z (gf180mcu_fd_sc_mcu7t5v0__dlyb_1)
                                                         net22 (net)
                      0.294932    0.000057    5.760818 ^ fanout46/I (gf180mcu_fd_sc_mcu7t5v0__dlyb_1)
     7    0.073974    2.103177    2.795901    8.556718 ^ fanout46/Z (gf180mcu_fd_sc_mcu7t5v0__dlyb_1)
                                                         net46 (net)
                      2.103184    0.002156    8.558875 ^ fanout45/I (gf180mcu_fd_sc_mcu7t5v0__dlyb_1)
    10    0.106978    2.995145    3.359036   11.917911 ^ fanout45/Z (gf180mcu_fd_sc_mcu7t5v0__dlyb_1)
                                                         net45 (net)
                      2.995167    0.004628   11.922539 ^ _304_/RN (gf180mcu_fd_sc_mcu7t5v0__dffrnq_1)
                                             11.922539   data arrival time

                                 20.000000   20.000000   clock clk_i (rise edge)
                                  0.000000   20.000000   clock source latency
     1    0.036259    0.309013    0.147338   20.147339 ^ clk_i (in)
                                                         clk_i (net)
                      0.309017    0.000000   20.147339 ^ clkbuf_0_clk_i/I (gf180mcu_fd_sc_mcu7t5v0__clkbuf_16)
     4    0.098105    0.277298    0.525363   20.672701 ^ clkbuf_0_clk_i/Z (gf180mcu_fd_sc_mcu7t5v0__clkbuf_16)
                                                         clknet_0_clk_i (net)
                      0.277298    0.001091   20.673792 ^ clkbuf_2_2__f_clk_i/I (gf180mcu_fd_sc_mcu7t5v0__clkbuf_16)
     9    0.056159    0.214209    0.468740   21.142532 ^ clkbuf_2_2__f_clk_i/Z (gf180mcu_fd_sc_mcu7t5v0__clkbuf_16)
                                                         clknet_2_2__leaf_clk_i (net)
                      0.214210    0.000833   21.143366 ^ _304_/CLK (gf180mcu_fd_sc_mcu7t5v0__dffrnq_1)
                                 -0.250000   20.893366   clock uncertainty
                                  0.000000   20.893366   clock reconvergence pessimism
                                 -0.276870   20.616495   library recovery time
                                             20.616495   data required time
---------------------------------------------------------------------------------------------
                                             20.616495   data required time
                                            -11.922539   data arrival time
---------------------------------------------------------------------------------------------
                                              8.693957   slack (MET)


Startpoint: rstn_i (input port clocked by clk_i)
Endpoint: _301_ (recovery check against rising-edge clock clk_i)
Path Group: asynchronous
Path Type: max

Fanout         Cap        Slew       Delay        Time   Description
---------------------------------------------------------------------------------------------
                                  0.000000    0.000000   clock clk_i (rise edge)
                                  0.000000    0.000000   clock network delay (propagated)
                                  4.000000    4.000000 ^ input external delay
     1    0.004720    0.216836    0.075813    4.075813 ^ rstn_i (in)
                                                         rstn_i (net)
                      0.216836    0.000000    4.075813 ^ input22/I (gf180mcu_fd_sc_mcu7t5v0__dlyb_1)
     1    0.004676    0.294932    1.684947    5.760760 ^ input22/Z (gf180mcu_fd_sc_mcu7t5v0__dlyb_1)
                                                         net22 (net)
                      0.294932    0.000057    5.760818 ^ fanout46/I (gf180mcu_fd_sc_mcu7t5v0__dlyb_1)
     7    0.073974    2.103177    2.795901    8.556718 ^ fanout46/Z (gf180mcu_fd_sc_mcu7t5v0__dlyb_1)
                                                         net46 (net)
                      2.103184    0.002156    8.558875 ^ fanout45/I (gf180mcu_fd_sc_mcu7t5v0__dlyb_1)
    10    0.106978    2.995145    3.359036   11.917911 ^ fanout45/Z (gf180mcu_fd_sc_mcu7t5v0__dlyb_1)
                                                         net45 (net)
                      2.995167    0.004606   11.922517 ^ _301_/RN (gf180mcu_fd_sc_mcu7t5v0__dffrnq_1)
                                             11.922517   data arrival time

                                 20.000000   20.000000   clock clk_i (rise edge)
                                  0.000000   20.000000   clock source latency
     1    0.036259    0.309013    0.147338   20.147339 ^ clk_i (in)
                                                         clk_i (net)
                      0.309017    0.000000   20.147339 ^ clkbuf_0_clk_i/I (gf180mcu_fd_sc_mcu7t5v0__clkbuf_16)
     4    0.098105    0.277298    0.525363   20.672701 ^ clkbuf_0_clk_i/Z (gf180mcu_fd_sc_mcu7t5v0__clkbuf_16)
                                                         clknet_0_clk_i (net)
                      0.277298    0.001091   20.673792 ^ clkbuf_2_2__f_clk_i/I (gf180mcu_fd_sc_mcu7t5v0__clkbuf_16)
     9    0.056159    0.214209    0.468740   21.142532 ^ clkbuf_2_2__f_clk_i/Z (gf180mcu_fd_sc_mcu7t5v0__clkbuf_16)
                                                         clknet_2_2__leaf_clk_i (net)
                      0.214210    0.000858   21.143391 ^ _301_/CLK (gf180mcu_fd_sc_mcu7t5v0__dffrnq_1)
                                 -0.250000   20.893391   clock uncertainty
                                  0.000000   20.893391   clock reconvergence pessimism
                                 -0.276870   20.616520   library recovery time
                                             20.616520   data required time
---------------------------------------------------------------------------------------------
                                             20.616520   data required time
                                            -11.922517   data arrival time
---------------------------------------------------------------------------------------------
                                              8.694004   slack (MET)


Startpoint: rstn_i (input port clocked by clk_i)
Endpoint: _305_ (recovery check against rising-edge clock clk_i)
Path Group: asynchronous
Path Type: max

Fanout         Cap        Slew       Delay        Time   Description
---------------------------------------------------------------------------------------------
                                  0.000000    0.000000   clock clk_i (rise edge)
                                  0.000000    0.000000   clock network delay (propagated)
                                  4.000000    4.000000 ^ input external delay
     1    0.004720    0.216836    0.075813    4.075813 ^ rstn_i (in)
                                                         rstn_i (net)
                      0.216836    0.000000    4.075813 ^ input22/I (gf180mcu_fd_sc_mcu7t5v0__dlyb_1)
     1    0.004676    0.294932    1.684947    5.760760 ^ input22/Z (gf180mcu_fd_sc_mcu7t5v0__dlyb_1)
                                                         net22 (net)
                      0.294932    0.000057    5.760818 ^ fanout46/I (gf180mcu_fd_sc_mcu7t5v0__dlyb_1)
     7    0.073974    2.103177    2.795901    8.556718 ^ fanout46/Z (gf180mcu_fd_sc_mcu7t5v0__dlyb_1)
                                                         net46 (net)
                      2.103184    0.002156    8.558875 ^ fanout45/I (gf180mcu_fd_sc_mcu7t5v0__dlyb_1)
    10    0.106978    2.995145    3.359036   11.917911 ^ fanout45/Z (gf180mcu_fd_sc_mcu7t5v0__dlyb_1)
                                                         net45 (net)
                      2.995161    0.003917   11.921827 ^ _305_/RN (gf180mcu_fd_sc_mcu7t5v0__dffrnq_1)
                                             11.921827   data arrival time

                                 20.000000   20.000000   clock clk_i (rise edge)
                                  0.000000   20.000000   clock source latency
     1    0.036259    0.309013    0.147338   20.147339 ^ clk_i (in)
                                                         clk_i (net)
                      0.309017    0.000000   20.147339 ^ clkbuf_0_clk_i/I (gf180mcu_fd_sc_mcu7t5v0__clkbuf_16)
     4    0.098105    0.277298    0.525363   20.672701 ^ clkbuf_0_clk_i/Z (gf180mcu_fd_sc_mcu7t5v0__clkbuf_16)
                                                         clknet_0_clk_i (net)
                      0.277298    0.001091   20.673792 ^ clkbuf_2_2__f_clk_i/I (gf180mcu_fd_sc_mcu7t5v0__clkbuf_16)
     9    0.056159    0.214209    0.468740   21.142532 ^ clkbuf_2_2__f_clk_i/Z (gf180mcu_fd_sc_mcu7t5v0__clkbuf_16)
                                                         clknet_2_2__leaf_clk_i (net)
                      0.214209    0.000362   21.142895 ^ _305_/CLK (gf180mcu_fd_sc_mcu7t5v0__dffrnq_1)
                                 -0.250000   20.892895   clock uncertainty
                                  0.000000   20.892895   clock reconvergence pessimism
                                 -0.276868   20.616026   library recovery time
                                             20.616026   data required time
---------------------------------------------------------------------------------------------
                                             20.616026   data required time
                                            -11.921827   data arrival time
---------------------------------------------------------------------------------------------
                                              8.694200   slack (MET)


Startpoint: rstn_i (input port clocked by clk_i)
Endpoint: _303_ (recovery check against rising-edge clock clk_i)
Path Group: asynchronous
Path Type: max

Fanout         Cap        Slew       Delay        Time   Description
---------------------------------------------------------------------------------------------
                                  0.000000    0.000000   clock clk_i (rise edge)
                                  0.000000    0.000000   clock network delay (propagated)
                                  4.000000    4.000000 ^ input external delay
     1    0.004720    0.216836    0.075813    4.075813 ^ rstn_i (in)
                                                         rstn_i (net)
                      0.216836    0.000000    4.075813 ^ input22/I (gf180mcu_fd_sc_mcu7t5v0__dlyb_1)
     1    0.004676    0.294932    1.684947    5.760760 ^ input22/Z (gf180mcu_fd_sc_mcu7t5v0__dlyb_1)
                                                         net22 (net)
                      0.294932    0.000057    5.760818 ^ fanout46/I (gf180mcu_fd_sc_mcu7t5v0__dlyb_1)
     7    0.073974    2.103177    2.795901    8.556718 ^ fanout46/Z (gf180mcu_fd_sc_mcu7t5v0__dlyb_1)
                                                         net46 (net)
                      2.103184    0.002156    8.558875 ^ fanout45/I (gf180mcu_fd_sc_mcu7t5v0__dlyb_1)
    10    0.106978    2.995145    3.359036   11.917911 ^ fanout45/Z (gf180mcu_fd_sc_mcu7t5v0__dlyb_1)
                                                         net45 (net)
                      2.995163    0.004142   11.922052 ^ _303_/RN (gf180mcu_fd_sc_mcu7t5v0__dffrnq_1)
                                             11.922052   data arrival time

                                 20.000000   20.000000   clock clk_i (rise edge)
                                  0.000000   20.000000   clock source latency
     1    0.036259    0.309013    0.147338   20.147339 ^ clk_i (in)
                                                         clk_i (net)
                      0.309017    0.000000   20.147339 ^ clkbuf_0_clk_i/I (gf180mcu_fd_sc_mcu7t5v0__clkbuf_16)
     4    0.098105    0.277298    0.525363   20.672701 ^ clkbuf_0_clk_i/Z (gf180mcu_fd_sc_mcu7t5v0__clkbuf_16)
                                                         clknet_0_clk_i (net)
                      0.277298    0.001091   20.673792 ^ clkbuf_2_2__f_clk_i/I (gf180mcu_fd_sc_mcu7t5v0__clkbuf_16)
     9    0.056159    0.214209    0.468740   21.142532 ^ clkbuf_2_2__f_clk_i/Z (gf180mcu_fd_sc_mcu7t5v0__clkbuf_16)
                                                         clknet_2_2__leaf_clk_i (net)
                      0.214210    0.000604   21.143135 ^ _303_/CLK (gf180mcu_fd_sc_mcu7t5v0__dffrnq_1)
                                 -0.250000   20.893137   clock uncertainty
                                  0.000000   20.893137   clock reconvergence pessimism
                                 -0.276869   20.616268   library recovery time
                                             20.616268   data required time
---------------------------------------------------------------------------------------------
                                             20.616268   data required time
                                            -11.922052   data arrival time
---------------------------------------------------------------------------------------------
                                              8.694217   slack (MET)


Startpoint: rstn_i (input port clocked by clk_i)
Endpoint: _300_ (recovery check against rising-edge clock clk_i)
Path Group: asynchronous
Path Type: max

Fanout         Cap        Slew       Delay        Time   Description
---------------------------------------------------------------------------------------------
                                  0.000000    0.000000   clock clk_i (rise edge)
                                  0.000000    0.000000   clock network delay (propagated)
                                  4.000000    4.000000 ^ input external delay
     1    0.004720    0.216836    0.075813    4.075813 ^ rstn_i (in)
                                                         rstn_i (net)
                      0.216836    0.000000    4.075813 ^ input22/I (gf180mcu_fd_sc_mcu7t5v0__dlyb_1)
     1    0.004676    0.294932    1.684947    5.760760 ^ input22/Z (gf180mcu_fd_sc_mcu7t5v0__dlyb_1)
                                                         net22 (net)
                      0.294932    0.000057    5.760818 ^ fanout46/I (gf180mcu_fd_sc_mcu7t5v0__dlyb_1)
     7    0.073974    2.103177    2.795901    8.556718 ^ fanout46/Z (gf180mcu_fd_sc_mcu7t5v0__dlyb_1)
                                                         net46 (net)
                      2.103184    0.002156    8.558875 ^ fanout45/I (gf180mcu_fd_sc_mcu7t5v0__dlyb_1)
    10    0.106978    2.995145    3.359036   11.917911 ^ fanout45/Z (gf180mcu_fd_sc_mcu7t5v0__dlyb_1)
                                                         net45 (net)
                      2.995156    0.003271   11.921182 ^ _300_/RN (gf180mcu_fd_sc_mcu7t5v0__dffrnq_1)
                                             11.921182   data arrival time

                                 20.000000   20.000000   clock clk_i (rise edge)
                                  0.000000   20.000000   clock source latency
     1    0.036259    0.309013    0.147338   20.147339 ^ clk_i (in)
                                                         clk_i (net)
                      0.309017    0.000000   20.147339 ^ clkbuf_0_clk_i/I (gf180mcu_fd_sc_mcu7t5v0__clkbuf_16)
     4    0.098105    0.277298    0.525363   20.672701 ^ clkbuf_0_clk_i/Z (gf180mcu_fd_sc_mcu7t5v0__clkbuf_16)
                                                         clknet_0_clk_i (net)
                      0.277298    0.001091   20.673792 ^ clkbuf_2_2__f_clk_i/I (gf180mcu_fd_sc_mcu7t5v0__clkbuf_16)
     9    0.056159    0.214209    0.468740   21.142532 ^ clkbuf_2_2__f_clk_i/Z (gf180mcu_fd_sc_mcu7t5v0__clkbuf_16)
                                                         clknet_2_2__leaf_clk_i (net)
                      0.214210    0.000430   21.142962 ^ _300_/CLK (gf180mcu_fd_sc_mcu7t5v0__dffrnq_1)
                                 -0.250000   20.892963   clock uncertainty
                                  0.000000   20.892963   clock reconvergence pessimism
                                 -0.276866   20.616096   library recovery time
                                             20.616096   data required time
---------------------------------------------------------------------------------------------
                                             20.616096   data required time
                                            -11.921182   data arrival time
---------------------------------------------------------------------------------------------
                                              8.694915   slack (MET)


Startpoint: rstn_i (input port clocked by clk_i)
Endpoint: _297_ (recovery check against rising-edge clock clk_i)
Path Group: asynchronous
Path Type: max

Fanout         Cap        Slew       Delay        Time   Description
---------------------------------------------------------------------------------------------
                                  0.000000    0.000000   clock clk_i (rise edge)
                                  0.000000    0.000000   clock network delay (propagated)
                                  4.000000    4.000000 ^ input external delay
     1    0.004720    0.216836    0.075813    4.075813 ^ rstn_i (in)
                                                         rstn_i (net)
                      0.216836    0.000000    4.075813 ^ input22/I (gf180mcu_fd_sc_mcu7t5v0__dlyb_1)
     1    0.004676    0.294932    1.684947    5.760760 ^ input22/Z (gf180mcu_fd_sc_mcu7t5v0__dlyb_1)
                                                         net22 (net)
                      0.294932    0.000057    5.760818 ^ fanout46/I (gf180mcu_fd_sc_mcu7t5v0__dlyb_1)
     7    0.073974    2.103177    2.795901    8.556718 ^ fanout46/Z (gf180mcu_fd_sc_mcu7t5v0__dlyb_1)
                                                         net46 (net)
                      2.103184    0.002156    8.558875 ^ fanout45/I (gf180mcu_fd_sc_mcu7t5v0__dlyb_1)
    10    0.106978    2.995145    3.359036   11.917911 ^ fanout45/Z (gf180mcu_fd_sc_mcu7t5v0__dlyb_1)
                                                         net45 (net)
                      2.995145    0.002956   11.920866 ^ _297_/RN (gf180mcu_fd_sc_mcu7t5v0__dffrnq_1)
                                             11.920866   data arrival time

                                 20.000000   20.000000   clock clk_i (rise edge)
                                  0.000000   20.000000   clock source latency
     1    0.036259    0.309013    0.147338   20.147339 ^ clk_i (in)
                                                         clk_i (net)
                      0.309017    0.000000   20.147339 ^ clkbuf_0_clk_i/I (gf180mcu_fd_sc_mcu7t5v0__clkbuf_16)
     4    0.098105    0.277298    0.525363   20.672701 ^ clkbuf_0_clk_i/Z (gf180mcu_fd_sc_mcu7t5v0__clkbuf_16)
                                                         clknet_0_clk_i (net)
                      0.277298    0.001091   20.673792 ^ clkbuf_2_2__f_clk_i/I (gf180mcu_fd_sc_mcu7t5v0__clkbuf_16)
     9    0.056159    0.214209    0.468740   21.142532 ^ clkbuf_2_2__f_clk_i/Z (gf180mcu_fd_sc_mcu7t5v0__clkbuf_16)
                                                         clknet_2_2__leaf_clk_i (net)
                      0.214210    0.000458   21.142990 ^ _297_/CLK (gf180mcu_fd_sc_mcu7t5v0__dffrnq_1)
                                 -0.250000   20.892990   clock uncertainty
                                  0.000000   20.892990   clock reconvergence pessimism
                                 -0.276862   20.616129   library recovery time
                                             20.616129   data required time
---------------------------------------------------------------------------------------------
                                             20.616129   data required time
                                            -11.920866   data arrival time
---------------------------------------------------------------------------------------------
                                              8.695264   slack (MET)


Startpoint: rstn_i (input port clocked by clk_i)
Endpoint: _282_ (recovery check against rising-edge clock clk_i)
Path Group: asynchronous
Path Type: max

Fanout         Cap        Slew       Delay        Time   Description
---------------------------------------------------------------------------------------------
                                  0.000000    0.000000   clock clk_i (rise edge)
                                  0.000000    0.000000   clock network delay (propagated)
                                  4.000000    4.000000 ^ input external delay
     1    0.004720    0.216836    0.075813    4.075813 ^ rstn_i (in)
                                                         rstn_i (net)
                      0.216836    0.000000    4.075813 ^ input22/I (gf180mcu_fd_sc_mcu7t5v0__dlyb_1)
     1    0.004676    0.294932    1.684947    5.760760 ^ input22/Z (gf180mcu_fd_sc_mcu7t5v0__dlyb_1)
                                                         net22 (net)
                      0.294932    0.000057    5.760818 ^ fanout46/I (gf180mcu_fd_sc_mcu7t5v0__dlyb_1)
     7    0.073974    2.103177    2.795901    8.556718 ^ fanout46/Z (gf180mcu_fd_sc_mcu7t5v0__dlyb_1)
                                                         net46 (net)
                      2.103177    0.000878    8.557596 ^ fanout43/I (gf180mcu_fd_sc_mcu7t5v0__dlyb_1)
    10    0.090777    2.557116    3.108451   11.666048 ^ fanout43/Z (gf180mcu_fd_sc_mcu7t5v0__dlyb_1)
                                                         net43 (net)
                      2.557116    0.000798   11.666845 ^ _282_/SETN (gf180mcu_fd_sc_mcu7t5v0__dffsnq_1)
                                             11.666845   data arrival time

                                 20.000000   20.000000   clock clk_i (rise edge)
                                  0.000000   20.000000   clock source latency
     1    0.036259    0.309013    0.147338   20.147339 ^ clk_i (in)
                                                         clk_i (net)
                      0.309017    0.000000   20.147339 ^ clkbuf_0_clk_i/I (gf180mcu_fd_sc_mcu7t5v0__clkbuf_16)
     4    0.098105    0.277298    0.525363   20.672701 ^ clkbuf_0_clk_i/Z (gf180mcu_fd_sc_mcu7t5v0__clkbuf_16)
                                                         clknet_0_clk_i (net)
                      0.277298    0.000846   20.673548 ^ clkbuf_2_0__f_clk_i/I (gf180mcu_fd_sc_mcu7t5v0__clkbuf_16)
     8    0.042636    0.193915    0.452769   21.126316 ^ clkbuf_2_0__f_clk_i/Z (gf180mcu_fd_sc_mcu7t5v0__clkbuf_16)
                                                         clknet_2_0__leaf_clk_i (net)
                      0.193915    0.000357   21.126673 ^ _282_/CLK (gf180mcu_fd_sc_mcu7t5v0__dffsnq_1)
                                 -0.250000   20.876673   clock uncertainty
                                  0.000000   20.876673   clock reconvergence pessimism
                                 -0.431177   20.445496   library recovery time
                                             20.445496   data required time
---------------------------------------------------------------------------------------------
                                             20.445496   data required time
                                            -11.666845   data arrival time
---------------------------------------------------------------------------------------------
                                              8.778651   slack (MET)


Startpoint: rstn_i (input port clocked by clk_i)
Endpoint: _283_ (recovery check against rising-edge clock clk_i)
Path Group: asynchronous
Path Type: max

Fanout         Cap        Slew       Delay        Time   Description
---------------------------------------------------------------------------------------------
                                  0.000000    0.000000   clock clk_i (rise edge)
                                  0.000000    0.000000   clock network delay (propagated)
                                  4.000000    4.000000 ^ input external delay
     1    0.004720    0.216836    0.075813    4.075813 ^ rstn_i (in)
                                                         rstn_i (net)
                      0.216836    0.000000    4.075813 ^ input22/I (gf180mcu_fd_sc_mcu7t5v0__dlyb_1)
     1    0.004676    0.294932    1.684947    5.760760 ^ input22/Z (gf180mcu_fd_sc_mcu7t5v0__dlyb_1)
                                                         net22 (net)
                      0.294932    0.000057    5.760818 ^ fanout46/I (gf180mcu_fd_sc_mcu7t5v0__dlyb_1)
     7    0.073974    2.103177    2.795901    8.556718 ^ fanout46/Z (gf180mcu_fd_sc_mcu7t5v0__dlyb_1)
                                                         net46 (net)
                      2.103177    0.000878    8.557596 ^ fanout43/I (gf180mcu_fd_sc_mcu7t5v0__dlyb_1)
    10    0.090777    2.557116    3.108451   11.666048 ^ fanout43/Z (gf180mcu_fd_sc_mcu7t5v0__dlyb_1)
                                                         net43 (net)
                      2.557116    0.000743   11.666791 ^ _283_/SETN (gf180mcu_fd_sc_mcu7t5v0__dffsnq_1)
                                             11.666791   data arrival time

                                 20.000000   20.000000   clock clk_i (rise edge)
                                  0.000000   20.000000   clock source latency
     1    0.036259    0.309013    0.147338   20.147339 ^ clk_i (in)
                                                         clk_i (net)
                      0.309017    0.000000   20.147339 ^ clkbuf_0_clk_i/I (gf180mcu_fd_sc_mcu7t5v0__clkbuf_16)
     4    0.098105    0.277298    0.525363   20.672701 ^ clkbuf_0_clk_i/Z (gf180mcu_fd_sc_mcu7t5v0__clkbuf_16)
                                                         clknet_0_clk_i (net)
                      0.277298    0.000846   20.673548 ^ clkbuf_2_0__f_clk_i/I (gf180mcu_fd_sc_mcu7t5v0__clkbuf_16)
     8    0.042636    0.193915    0.452769   21.126316 ^ clkbuf_2_0__f_clk_i/Z (gf180mcu_fd_sc_mcu7t5v0__clkbuf_16)
                                                         clknet_2_0__leaf_clk_i (net)
                      0.193915    0.000620   21.126936 ^ _283_/CLK (gf180mcu_fd_sc_mcu7t5v0__dffsnq_1)
                                 -0.250000   20.876936   clock uncertainty
                                  0.000000   20.876936   clock reconvergence pessimism
                                 -0.431177   20.445759   library recovery time
                                             20.445759   data required time
---------------------------------------------------------------------------------------------
                                             20.445759   data required time
                                            -11.666791   data arrival time
---------------------------------------------------------------------------------------------
                                              8.778969   slack (MET)


Startpoint: rstn_i (input port clocked by clk_i)
Endpoint: _285_ (recovery check against rising-edge clock clk_i)
Path Group: asynchronous
Path Type: max

Fanout         Cap        Slew       Delay        Time   Description
---------------------------------------------------------------------------------------------
                                  0.000000    0.000000   clock clk_i (rise edge)
                                  0.000000    0.000000   clock network delay (propagated)
                                  4.000000    4.000000 ^ input external delay
     1    0.004720    0.216836    0.075813    4.075813 ^ rstn_i (in)
                                                         rstn_i (net)
                      0.216836    0.000000    4.075813 ^ input22/I (gf180mcu_fd_sc_mcu7t5v0__dlyb_1)
     1    0.004676    0.294932    1.684947    5.760760 ^ input22/Z (gf180mcu_fd_sc_mcu7t5v0__dlyb_1)
                                                         net22 (net)
                      0.294932    0.000057    5.760818 ^ fanout46/I (gf180mcu_fd_sc_mcu7t5v0__dlyb_1)
     7    0.073974    2.103177    2.795901    8.556718 ^ fanout46/Z (gf180mcu_fd_sc_mcu7t5v0__dlyb_1)
                                                         net46 (net)
                      2.103177    0.000878    8.557596 ^ fanout43/I (gf180mcu_fd_sc_mcu7t5v0__dlyb_1)
    10    0.090777    2.557116    3.108451   11.666048 ^ fanout43/Z (gf180mcu_fd_sc_mcu7t5v0__dlyb_1)
                                                         net43 (net)
                      2.557116    0.000766   11.666815 ^ _285_/SETN (gf180mcu_fd_sc_mcu7t5v0__dffsnq_1)
                                             11.666815   data arrival time

                                 20.000000   20.000000   clock clk_i (rise edge)
                                  0.000000   20.000000   clock source latency
     1    0.036259    0.309013    0.147338   20.147339 ^ clk_i (in)
                                                         clk_i (net)
                      0.309017    0.000000   20.147339 ^ clkbuf_0_clk_i/I (gf180mcu_fd_sc_mcu7t5v0__clkbuf_16)
     4    0.098105    0.277298    0.525363   20.672701 ^ clkbuf_0_clk_i/Z (gf180mcu_fd_sc_mcu7t5v0__clkbuf_16)
                                                         clknet_0_clk_i (net)
                      0.277298    0.000846   20.673548 ^ clkbuf_2_0__f_clk_i/I (gf180mcu_fd_sc_mcu7t5v0__clkbuf_16)
     8    0.042636    0.193915    0.452769   21.126316 ^ clkbuf_2_0__f_clk_i/Z (gf180mcu_fd_sc_mcu7t5v0__clkbuf_16)
                                                         clknet_2_0__leaf_clk_i (net)
                      0.193915    0.000641   21.126957 ^ _285_/CLK (gf180mcu_fd_sc_mcu7t5v0__dffsnq_1)
                                 -0.250000   20.876957   clock uncertainty
                                  0.000000   20.876957   clock reconvergence pessimism
                                 -0.431177   20.445782   library recovery time
                                             20.445782   data required time
---------------------------------------------------------------------------------------------
                                             20.445782   data required time
                                            -11.666815   data arrival time
---------------------------------------------------------------------------------------------
                                              8.778966   slack (MET)


Startpoint: rstn_i (input port clocked by clk_i)
Endpoint: _284_ (recovery check against rising-edge clock clk_i)
Path Group: asynchronous
Path Type: max

Fanout         Cap        Slew       Delay        Time   Description
---------------------------------------------------------------------------------------------
                                  0.000000    0.000000   clock clk_i (rise edge)
                                  0.000000    0.000000   clock network delay (propagated)
                                  4.000000    4.000000 ^ input external delay
     1    0.004720    0.216836    0.075813    4.075813 ^ rstn_i (in)
                                                         rstn_i (net)
                      0.216836    0.000000    4.075813 ^ input22/I (gf180mcu_fd_sc_mcu7t5v0__dlyb_1)
     1    0.004676    0.294932    1.684947    5.760760 ^ input22/Z (gf180mcu_fd_sc_mcu7t5v0__dlyb_1)
                                                         net22 (net)
                      0.294932    0.000057    5.760818 ^ fanout46/I (gf180mcu_fd_sc_mcu7t5v0__dlyb_1)
     7    0.073974    2.103177    2.795901    8.556718 ^ fanout46/Z (gf180mcu_fd_sc_mcu7t5v0__dlyb_1)
                                                         net46 (net)
                      2.103177    0.000878    8.557596 ^ fanout43/I (gf180mcu_fd_sc_mcu7t5v0__dlyb_1)
    10    0.090777    2.557116    3.108451   11.666048 ^ fanout43/Z (gf180mcu_fd_sc_mcu7t5v0__dlyb_1)
                                                         net43 (net)
                      2.557116    0.000095   11.666143 ^ _284_/SETN (gf180mcu_fd_sc_mcu7t5v0__dffsnq_1)
                                             11.666143   data arrival time

                                 20.000000   20.000000   clock clk_i (rise edge)
                                  0.000000   20.000000   clock source latency
     1    0.036259    0.309013    0.147338   20.147339 ^ clk_i (in)
                                                         clk_i (net)
                      0.309017    0.000000   20.147339 ^ clkbuf_0_clk_i/I (gf180mcu_fd_sc_mcu7t5v0__clkbuf_16)
     4    0.098105    0.277298    0.525363   20.672701 ^ clkbuf_0_clk_i/Z (gf180mcu_fd_sc_mcu7t5v0__clkbuf_16)
                                                         clknet_0_clk_i (net)
                      0.277298    0.000846   20.673548 ^ clkbuf_2_0__f_clk_i/I (gf180mcu_fd_sc_mcu7t5v0__clkbuf_16)
     8    0.042636    0.193915    0.452769   21.126316 ^ clkbuf_2_0__f_clk_i/Z (gf180mcu_fd_sc_mcu7t5v0__clkbuf_16)
                                                         clknet_2_0__leaf_clk_i (net)
                      0.193915    0.000725   21.127041 ^ _284_/CLK (gf180mcu_fd_sc_mcu7t5v0__dffsnq_1)
                                 -0.250000   20.877041   clock uncertainty
                                  0.000000   20.877041   clock reconvergence pessimism
                                 -0.431177   20.445864   library recovery time
                                             20.445864   data required time
---------------------------------------------------------------------------------------------
                                             20.445864   data required time
                                            -11.666143   data arrival time
---------------------------------------------------------------------------------------------
                                              8.779721   slack (MET)


Startpoint: rstn_i (input port clocked by clk_i)
Endpoint: _281_ (recovery check against rising-edge clock clk_i)
Path Group: asynchronous
Path Type: max

Fanout         Cap        Slew       Delay        Time   Description
---------------------------------------------------------------------------------------------
                                  0.000000    0.000000   clock clk_i (rise edge)
                                  0.000000    0.000000   clock network delay (propagated)
                                  4.000000    4.000000 ^ input external delay
     1    0.004720    0.216836    0.075813    4.075813 ^ rstn_i (in)
                                                         rstn_i (net)
                      0.216836    0.000000    4.075813 ^ input22/I (gf180mcu_fd_sc_mcu7t5v0__dlyb_1)
     1    0.004676    0.294932    1.684947    5.760760 ^ input22/Z (gf180mcu_fd_sc_mcu7t5v0__dlyb_1)
                                                         net22 (net)
                      0.294932    0.000057    5.760818 ^ fanout46/I (gf180mcu_fd_sc_mcu7t5v0__dlyb_1)
     7    0.073974    2.103177    2.795901    8.556718 ^ fanout46/Z (gf180mcu_fd_sc_mcu7t5v0__dlyb_1)
                                                         net46 (net)
                      2.103177    0.000486    8.557204 ^ fanout44/I (gf180mcu_fd_sc_mcu7t5v0__dlyb_1)
     8    0.079134    2.242869    2.927831   11.485036 ^ fanout44/Z (gf180mcu_fd_sc_mcu7t5v0__dlyb_1)
                                                         net44 (net)
                      2.242869    0.001585   11.486620 ^ _281_/SETN (gf180mcu_fd_sc_mcu7t5v0__dffsnq_1)
                                             11.486620   data arrival time

                                 20.000000   20.000000   clock clk_i (rise edge)
                                  0.000000   20.000000   clock source latency
     1    0.036259    0.309013    0.147338   20.147339 ^ clk_i (in)
                                                         clk_i (net)
                      0.309017    0.000000   20.147339 ^ clkbuf_0_clk_i/I (gf180mcu_fd_sc_mcu7t5v0__clkbuf_16)
     4    0.098105    0.277298    0.525363   20.672701 ^ clkbuf_0_clk_i/Z (gf180mcu_fd_sc_mcu7t5v0__clkbuf_16)
                                                         clknet_0_clk_i (net)
                      0.277298    0.001107   20.673809 ^ clkbuf_2_1__f_clk_i/I (gf180mcu_fd_sc_mcu7t5v0__clkbuf_16)
     8    0.043398    0.195047    0.453582   21.127390 ^ clkbuf_2_1__f_clk_i/Z (gf180mcu_fd_sc_mcu7t5v0__clkbuf_16)
                                                         clknet_2_1__leaf_clk_i (net)
                      0.195048    0.000753   21.128143 ^ _281_/CLK (gf180mcu_fd_sc_mcu7t5v0__dffsnq_1)
                                 -0.250000   20.878143   clock uncertainty
                                  0.000000   20.878143   clock reconvergence pessimism
                                 -0.361560   20.516584   library recovery time
                                             20.516584   data required time
---------------------------------------------------------------------------------------------
                                             20.516584   data required time
                                            -11.486620   data arrival time
---------------------------------------------------------------------------------------------
                                              9.029964   slack (MET)


Startpoint: rstn_i (input port clocked by clk_i)
Endpoint: _288_ (recovery check against rising-edge clock clk_i)
Path Group: asynchronous
Path Type: max

Fanout         Cap        Slew       Delay        Time   Description
---------------------------------------------------------------------------------------------
                                  0.000000    0.000000   clock clk_i (rise edge)
                                  0.000000    0.000000   clock network delay (propagated)
                                  4.000000    4.000000 ^ input external delay
     1    0.004720    0.216836    0.075813    4.075813 ^ rstn_i (in)
                                                         rstn_i (net)
                      0.216836    0.000000    4.075813 ^ input22/I (gf180mcu_fd_sc_mcu7t5v0__dlyb_1)
     1    0.004676    0.294932    1.684947    5.760760 ^ input22/Z (gf180mcu_fd_sc_mcu7t5v0__dlyb_1)
                                                         net22 (net)
                      0.294932    0.000057    5.760818 ^ fanout46/I (gf180mcu_fd_sc_mcu7t5v0__dlyb_1)
     7    0.073974    2.103177    2.795901    8.556718 ^ fanout46/Z (gf180mcu_fd_sc_mcu7t5v0__dlyb_1)
                                                         net46 (net)
                      2.103177    0.000486    8.557204 ^ fanout44/I (gf180mcu_fd_sc_mcu7t5v0__dlyb_1)
     8    0.079134    2.242869    2.927831   11.485036 ^ fanout44/Z (gf180mcu_fd_sc_mcu7t5v0__dlyb_1)
                                                         net44 (net)
                      2.242869    0.001521   11.486556 ^ _288_/SETN (gf180mcu_fd_sc_mcu7t5v0__dffsnq_1)
                                             11.486556   data arrival time

                                 20.000000   20.000000   clock clk_i (rise edge)
                                  0.000000   20.000000   clock source latency
     1    0.036259    0.309013    0.147338   20.147339 ^ clk_i (in)
                                                         clk_i (net)
                      0.309017    0.000000   20.147339 ^ clkbuf_0_clk_i/I (gf180mcu_fd_sc_mcu7t5v0__clkbuf_16)
     4    0.098105    0.277298    0.525363   20.672701 ^ clkbuf_0_clk_i/Z (gf180mcu_fd_sc_mcu7t5v0__clkbuf_16)
                                                         clknet_0_clk_i (net)
                      0.277298    0.001107   20.673809 ^ clkbuf_2_1__f_clk_i/I (gf180mcu_fd_sc_mcu7t5v0__clkbuf_16)
     8    0.043398    0.195047    0.453582   21.127390 ^ clkbuf_2_1__f_clk_i/Z (gf180mcu_fd_sc_mcu7t5v0__clkbuf_16)
                                                         clknet_2_1__leaf_clk_i (net)
                      0.195048    0.001007   21.128397 ^ _288_/CLK (gf180mcu_fd_sc_mcu7t5v0__dffsnq_1)
                                 -0.250000   20.878399   clock uncertainty
                                  0.000000   20.878399   clock reconvergence pessimism
                                 -0.361560   20.516838   library recovery time
                                             20.516838   data required time
---------------------------------------------------------------------------------------------
                                             20.516838   data required time
                                            -11.486556   data arrival time
---------------------------------------------------------------------------------------------
                                              9.030283   slack (MET)


Startpoint: rstn_i (input port clocked by clk_i)
Endpoint: _286_ (recovery check against rising-edge clock clk_i)
Path Group: asynchronous
Path Type: max

Fanout         Cap        Slew       Delay        Time   Description
---------------------------------------------------------------------------------------------
                                  0.000000    0.000000   clock clk_i (rise edge)
                                  0.000000    0.000000   clock network delay (propagated)
                                  4.000000    4.000000 ^ input external delay
     1    0.004720    0.216836    0.075813    4.075813 ^ rstn_i (in)
                                                         rstn_i (net)
                      0.216836    0.000000    4.075813 ^ input22/I (gf180mcu_fd_sc_mcu7t5v0__dlyb_1)
     1    0.004676    0.294932    1.684947    5.760760 ^ input22/Z (gf180mcu_fd_sc_mcu7t5v0__dlyb_1)
                                                         net22 (net)
                      0.294932    0.000057    5.760818 ^ fanout46/I (gf180mcu_fd_sc_mcu7t5v0__dlyb_1)
     7    0.073974    2.103177    2.795901    8.556718 ^ fanout46/Z (gf180mcu_fd_sc_mcu7t5v0__dlyb_1)
                                                         net46 (net)
                      2.103177    0.000486    8.557204 ^ fanout44/I (gf180mcu_fd_sc_mcu7t5v0__dlyb_1)
     8    0.079134    2.242869    2.927831   11.485036 ^ fanout44/Z (gf180mcu_fd_sc_mcu7t5v0__dlyb_1)
                                                         net44 (net)
                      2.242869    0.001407   11.486443 ^ _286_/SETN (gf180mcu_fd_sc_mcu7t5v0__dffsnq_1)
                                             11.486443   data arrival time

                                 20.000000   20.000000   clock clk_i (rise edge)
                                  0.000000   20.000000   clock source latency
     1    0.036259    0.309013    0.147338   20.147339 ^ clk_i (in)
                                                         clk_i (net)
                      0.309017    0.000000   20.147339 ^ clkbuf_0_clk_i/I (gf180mcu_fd_sc_mcu7t5v0__clkbuf_16)
     4    0.098105    0.277298    0.525363   20.672701 ^ clkbuf_0_clk_i/Z (gf180mcu_fd_sc_mcu7t5v0__clkbuf_16)
                                                         clknet_0_clk_i (net)
                      0.277298    0.001107   20.673809 ^ clkbuf_2_1__f_clk_i/I (gf180mcu_fd_sc_mcu7t5v0__clkbuf_16)
     8    0.043398    0.195047    0.453582   21.127390 ^ clkbuf_2_1__f_clk_i/Z (gf180mcu_fd_sc_mcu7t5v0__clkbuf_16)
                                                         clknet_2_1__leaf_clk_i (net)
                      0.195049    0.001140   21.128531 ^ _286_/CLK (gf180mcu_fd_sc_mcu7t5v0__dffsnq_1)
                                 -0.250000   20.878532   clock uncertainty
                                  0.000000   20.878532   clock reconvergence pessimism
                                 -0.361560   20.516972   library recovery time
                                             20.516972   data required time
---------------------------------------------------------------------------------------------
                                             20.516972   data required time
                                            -11.486443   data arrival time
---------------------------------------------------------------------------------------------
                                              9.030529   slack (MET)


Startpoint: rstn_i (input port clocked by clk_i)
Endpoint: _287_ (recovery check against rising-edge clock clk_i)
Path Group: asynchronous
Path Type: max

Fanout         Cap        Slew       Delay        Time   Description
---------------------------------------------------------------------------------------------
                                  0.000000    0.000000   clock clk_i (rise edge)
                                  0.000000    0.000000   clock network delay (propagated)
                                  4.000000    4.000000 ^ input external delay
     1    0.004720    0.216836    0.075813    4.075813 ^ rstn_i (in)
                                                         rstn_i (net)
                      0.216836    0.000000    4.075813 ^ input22/I (gf180mcu_fd_sc_mcu7t5v0__dlyb_1)
     1    0.004676    0.294932    1.684947    5.760760 ^ input22/Z (gf180mcu_fd_sc_mcu7t5v0__dlyb_1)
                                                         net22 (net)
                      0.294932    0.000057    5.760818 ^ fanout46/I (gf180mcu_fd_sc_mcu7t5v0__dlyb_1)
     7    0.073974    2.103177    2.795901    8.556718 ^ fanout46/Z (gf180mcu_fd_sc_mcu7t5v0__dlyb_1)
                                                         net46 (net)
                      2.103177    0.000486    8.557204 ^ fanout44/I (gf180mcu_fd_sc_mcu7t5v0__dlyb_1)
     8    0.079134    2.242869    2.927831   11.485036 ^ fanout44/Z (gf180mcu_fd_sc_mcu7t5v0__dlyb_1)
                                                         net44 (net)
                      2.242869    0.001442   11.486477 ^ _287_/SETN (gf180mcu_fd_sc_mcu7t5v0__dffsnq_1)
                                             11.486477   data arrival time

                                 20.000000   20.000000   clock clk_i (rise edge)
                                  0.000000   20.000000   clock source latency
     1    0.036259    0.309013    0.147338   20.147339 ^ clk_i (in)
                                                         clk_i (net)
                      0.309017    0.000000   20.147339 ^ clkbuf_0_clk_i/I (gf180mcu_fd_sc_mcu7t5v0__clkbuf_16)
     4    0.098105    0.277298    0.525363   20.672701 ^ clkbuf_0_clk_i/Z (gf180mcu_fd_sc_mcu7t5v0__clkbuf_16)
                                                         clknet_0_clk_i (net)
                      0.277298    0.001107   20.673809 ^ clkbuf_2_1__f_clk_i/I (gf180mcu_fd_sc_mcu7t5v0__clkbuf_16)
     8    0.043398    0.195047    0.453582   21.127390 ^ clkbuf_2_1__f_clk_i/Z (gf180mcu_fd_sc_mcu7t5v0__clkbuf_16)
                                                         clknet_2_1__leaf_clk_i (net)
                      0.195049    0.001243   21.128633 ^ _287_/CLK (gf180mcu_fd_sc_mcu7t5v0__dffsnq_1)
                                 -0.250000   20.878635   clock uncertainty
                                  0.000000   20.878635   clock reconvergence pessimism
                                 -0.361560   20.517075   library recovery time
                                             20.517075   data required time
---------------------------------------------------------------------------------------------
                                             20.517075   data required time
                                            -11.486477   data arrival time
---------------------------------------------------------------------------------------------
                                              9.030598   slack (MET)


Startpoint: rstn_i (input port clocked by clk_i)
Endpoint: _298_ (recovery check against rising-edge clock clk_i)
Path Group: asynchronous
Path Type: max

Fanout         Cap        Slew       Delay        Time   Description
---------------------------------------------------------------------------------------------
                                  0.000000    0.000000   clock clk_i (rise edge)
                                  0.000000    0.000000   clock network delay (propagated)
                                  4.000000    4.000000 ^ input external delay
     1    0.004720    0.216836    0.075813    4.075813 ^ rstn_i (in)
                                                         rstn_i (net)
                      0.216836    0.000000    4.075813 ^ input22/I (gf180mcu_fd_sc_mcu7t5v0__dlyb_1)
     1    0.004676    0.294932    1.684947    5.760760 ^ input22/Z (gf180mcu_fd_sc_mcu7t5v0__dlyb_1)
                                                         net22 (net)
                      0.294932    0.000057    5.760818 ^ fanout46/I (gf180mcu_fd_sc_mcu7t5v0__dlyb_1)
     7    0.073974    2.103177    2.795901    8.556718 ^ fanout46/Z (gf180mcu_fd_sc_mcu7t5v0__dlyb_1)
                                                         net46 (net)
                      2.103177    0.000878    8.557596 ^ fanout43/I (gf180mcu_fd_sc_mcu7t5v0__dlyb_1)
    10    0.090777    2.557116    3.108451   11.666048 ^ fanout43/Z (gf180mcu_fd_sc_mcu7t5v0__dlyb_1)
                                                         net43 (net)
                      2.557125    0.002666   11.668715 ^ _298_/RN (gf180mcu_fd_sc_mcu7t5v0__dffrnq_1)
                                             11.668715   data arrival time

                                 20.000000   20.000000   clock clk_i (rise edge)
                                  0.000000   20.000000   clock source latency
     1    0.036259    0.309013    0.147338   20.147339 ^ clk_i (in)
                                                         clk_i (net)
                      0.309017    0.000000   20.147339 ^ clkbuf_0_clk_i/I (gf180mcu_fd_sc_mcu7t5v0__clkbuf_16)
     4    0.098105    0.277298    0.525363   20.672701 ^ clkbuf_0_clk_i/Z (gf180mcu_fd_sc_mcu7t5v0__clkbuf_16)
                                                         clknet_0_clk_i (net)
                      0.277298    0.000846   20.673548 ^ clkbuf_2_0__f_clk_i/I (gf180mcu_fd_sc_mcu7t5v0__clkbuf_16)
     8    0.042636    0.193915    0.452769   21.126316 ^ clkbuf_2_0__f_clk_i/Z (gf180mcu_fd_sc_mcu7t5v0__clkbuf_16)
                                                         clknet_2_0__leaf_clk_i (net)
                      0.193916    0.001004   21.127319 ^ _298_/CLK (gf180mcu_fd_sc_mcu7t5v0__dffrnq_1)
                                 -0.250000   20.877319   clock uncertainty
                                  0.000000   20.877319   clock reconvergence pessimism
                                 -0.110438   20.766882   library recovery time
                                             20.766882   data required time
---------------------------------------------------------------------------------------------
                                             20.766882   data required time
                                            -11.668715   data arrival time
---------------------------------------------------------------------------------------------
                                              9.098167   slack (MET)


Startpoint: rstn_i (input port clocked by clk_i)
Endpoint: _299_ (recovery check against rising-edge clock clk_i)
Path Group: asynchronous
Path Type: max

Fanout         Cap        Slew       Delay        Time   Description
---------------------------------------------------------------------------------------------
                                  0.000000    0.000000   clock clk_i (rise edge)
                                  0.000000    0.000000   clock network delay (propagated)
                                  4.000000    4.000000 ^ input external delay
     1    0.004720    0.216836    0.075813    4.075813 ^ rstn_i (in)
                                                         rstn_i (net)
                      0.216836    0.000000    4.075813 ^ input22/I (gf180mcu_fd_sc_mcu7t5v0__dlyb_1)
     1    0.004676    0.294932    1.684947    5.760760 ^ input22/Z (gf180mcu_fd_sc_mcu7t5v0__dlyb_1)
                                                         net22 (net)
                      0.294932    0.000057    5.760818 ^ fanout46/I (gf180mcu_fd_sc_mcu7t5v0__dlyb_1)
     7    0.073974    2.103177    2.795901    8.556718 ^ fanout46/Z (gf180mcu_fd_sc_mcu7t5v0__dlyb_1)
                                                         net46 (net)
                      2.103177    0.000878    8.557596 ^ fanout43/I (gf180mcu_fd_sc_mcu7t5v0__dlyb_1)
    10    0.090777    2.557116    3.108451   11.666048 ^ fanout43/Z (gf180mcu_fd_sc_mcu7t5v0__dlyb_1)
                                                         net43 (net)
                      2.557124    0.002631   11.668679 ^ _299_/RN (gf180mcu_fd_sc_mcu7t5v0__dffrnq_1)
                                             11.668679   data arrival time

                                 20.000000   20.000000   clock clk_i (rise edge)
                                  0.000000   20.000000   clock source latency
     1    0.036259    0.309013    0.147338   20.147339 ^ clk_i (in)
                                                         clk_i (net)
                      0.309017    0.000000   20.147339 ^ clkbuf_0_clk_i/I (gf180mcu_fd_sc_mcu7t5v0__clkbuf_16)
     4    0.098105    0.277298    0.525363   20.672701 ^ clkbuf_0_clk_i/Z (gf180mcu_fd_sc_mcu7t5v0__clkbuf_16)
                                                         clknet_0_clk_i (net)
                      0.277298    0.000846   20.673548 ^ clkbuf_2_0__f_clk_i/I (gf180mcu_fd_sc_mcu7t5v0__clkbuf_16)
     8    0.042636    0.193915    0.452769   21.126316 ^ clkbuf_2_0__f_clk_i/Z (gf180mcu_fd_sc_mcu7t5v0__clkbuf_16)
                                                         clknet_2_0__leaf_clk_i (net)
                      0.193916    0.000989   21.127304 ^ _299_/CLK (gf180mcu_fd_sc_mcu7t5v0__dffrnq_1)
                                 -0.250000   20.877306   clock uncertainty
                                  0.000000   20.877306   clock reconvergence pessimism
                                 -0.110437   20.766869   library recovery time
                                             20.766869   data required time
---------------------------------------------------------------------------------------------
                                             20.766869   data required time
                                            -11.668679   data arrival time
---------------------------------------------------------------------------------------------
                                              9.098189   slack (MET)


Startpoint: rstn_i (input port clocked by clk_i)
Endpoint: _293_ (recovery check against rising-edge clock clk_i)
Path Group: asynchronous
Path Type: max

Fanout         Cap        Slew       Delay        Time   Description
---------------------------------------------------------------------------------------------
                                  0.000000    0.000000   clock clk_i (rise edge)
                                  0.000000    0.000000   clock network delay (propagated)
                                  4.000000    4.000000 ^ input external delay
     1    0.004720    0.216836    0.075813    4.075813 ^ rstn_i (in)
                                                         rstn_i (net)
                      0.216836    0.000000    4.075813 ^ input22/I (gf180mcu_fd_sc_mcu7t5v0__dlyb_1)
     1    0.004676    0.294932    1.684947    5.760760 ^ input22/Z (gf180mcu_fd_sc_mcu7t5v0__dlyb_1)
                                                         net22 (net)
                      0.294932    0.000057    5.760818 ^ fanout46/I (gf180mcu_fd_sc_mcu7t5v0__dlyb_1)
     7    0.073974    2.103177    2.795901    8.556718 ^ fanout46/Z (gf180mcu_fd_sc_mcu7t5v0__dlyb_1)
                                                         net46 (net)
                      2.103177    0.000878    8.557596 ^ fanout43/I (gf180mcu_fd_sc_mcu7t5v0__dlyb_1)
    10    0.090777    2.557116    3.108451   11.666048 ^ fanout43/Z (gf180mcu_fd_sc_mcu7t5v0__dlyb_1)
                                                         net43 (net)
                      2.557116    0.002535   11.668583 ^ _293_/RN (gf180mcu_fd_sc_mcu7t5v0__dffrnq_1)
                                             11.668583   data arrival time

                                 20.000000   20.000000   clock clk_i (rise edge)
                                  0.000000   20.000000   clock source latency
     1    0.036259    0.309013    0.147338   20.147339 ^ clk_i (in)
                                                         clk_i (net)
                      0.309017    0.000000   20.147339 ^ clkbuf_0_clk_i/I (gf180mcu_fd_sc_mcu7t5v0__clkbuf_16)
     4    0.098105    0.277298    0.525363   20.672701 ^ clkbuf_0_clk_i/Z (gf180mcu_fd_sc_mcu7t5v0__clkbuf_16)
                                                         clknet_0_clk_i (net)
                      0.277298    0.000846   20.673548 ^ clkbuf_2_0__f_clk_i/I (gf180mcu_fd_sc_mcu7t5v0__clkbuf_16)
     8    0.042636    0.193915    0.452769   21.126316 ^ clkbuf_2_0__f_clk_i/Z (gf180mcu_fd_sc_mcu7t5v0__clkbuf_16)
                                                         clknet_2_0__leaf_clk_i (net)
                      0.193916    0.000909   21.127226 ^ _293_/CLK (gf180mcu_fd_sc_mcu7t5v0__dffrnq_1)
                                 -0.250000   20.877226   clock uncertainty
                                  0.000000   20.877226   clock reconvergence pessimism
                                 -0.110435   20.766792   library recovery time
                                             20.766792   data required time
---------------------------------------------------------------------------------------------
                                             20.766792   data required time
                                            -11.668583   data arrival time
---------------------------------------------------------------------------------------------
                                              9.098208   slack (MET)


Startpoint: rstn_i (input port clocked by clk_i)
Endpoint: _296_ (recovery check against rising-edge clock clk_i)
Path Group: asynchronous
Path Type: max

Fanout         Cap        Slew       Delay        Time   Description
---------------------------------------------------------------------------------------------
                                  0.000000    0.000000   clock clk_i (rise edge)
                                  0.000000    0.000000   clock network delay (propagated)
                                  4.000000    4.000000 ^ input external delay
     1    0.004720    0.216836    0.075813    4.075813 ^ rstn_i (in)
                                                         rstn_i (net)
                      0.216836    0.000000    4.075813 ^ input22/I (gf180mcu_fd_sc_mcu7t5v0__dlyb_1)
     1    0.004676    0.294932    1.684947    5.760760 ^ input22/Z (gf180mcu_fd_sc_mcu7t5v0__dlyb_1)
                                                         net22 (net)
                      0.294932    0.000057    5.760818 ^ fanout46/I (gf180mcu_fd_sc_mcu7t5v0__dlyb_1)
     7    0.073974    2.103177    2.795901    8.556718 ^ fanout46/Z (gf180mcu_fd_sc_mcu7t5v0__dlyb_1)
                                                         net46 (net)
                      2.103177    0.000878    8.557596 ^ fanout43/I (gf180mcu_fd_sc_mcu7t5v0__dlyb_1)
    10    0.090777    2.557116    3.108451   11.666048 ^ fanout43/Z (gf180mcu_fd_sc_mcu7t5v0__dlyb_1)
                                                         net43 (net)
                      2.557116    0.001785   11.667833 ^ _296_/RN (gf180mcu_fd_sc_mcu7t5v0__dffrnq_1)
                                             11.667833   data arrival time

                                 20.000000   20.000000   clock clk_i (rise edge)
                                  0.000000   20.000000   clock source latency
     1    0.036259    0.309013    0.147338   20.147339 ^ clk_i (in)
                                                         clk_i (net)
                      0.309017    0.000000   20.147339 ^ clkbuf_0_clk_i/I (gf180mcu_fd_sc_mcu7t5v0__clkbuf_16)
     4    0.098105    0.277298    0.525363   20.672701 ^ clkbuf_0_clk_i/Z (gf180mcu_fd_sc_mcu7t5v0__clkbuf_16)
                                                         clknet_0_clk_i (net)
                      0.277298    0.000846   20.673548 ^ clkbuf_2_0__f_clk_i/I (gf180mcu_fd_sc_mcu7t5v0__clkbuf_16)
     8    0.042636    0.193915    0.452769   21.126316 ^ clkbuf_2_0__f_clk_i/Z (gf180mcu_fd_sc_mcu7t5v0__clkbuf_16)
                                                         clknet_2_0__leaf_clk_i (net)
                      0.193915    0.000593   21.126909 ^ _296_/CLK (gf180mcu_fd_sc_mcu7t5v0__dffrnq_1)
                                 -0.250000   20.876909   clock uncertainty
                                  0.000000   20.876909   clock reconvergence pessimism
                                 -0.110435   20.766476   library recovery time
                                             20.766476   data required time
---------------------------------------------------------------------------------------------
                                             20.766476   data required time
                                            -11.667833   data arrival time
---------------------------------------------------------------------------------------------
                                              9.098642   slack (MET)


Startpoint: rstn_i (input port clocked by clk_i)
Endpoint: _294_ (recovery check against rising-edge clock clk_i)
Path Group: asynchronous
Path Type: max

Fanout         Cap        Slew       Delay        Time   Description
---------------------------------------------------------------------------------------------
                                  0.000000    0.000000   clock clk_i (rise edge)
                                  0.000000    0.000000   clock network delay (propagated)
                                  4.000000    4.000000 ^ input external delay
     1    0.004720    0.216836    0.075813    4.075813 ^ rstn_i (in)
                                                         rstn_i (net)
                      0.216836    0.000000    4.075813 ^ input22/I (gf180mcu_fd_sc_mcu7t5v0__dlyb_1)
     1    0.004676    0.294932    1.684947    5.760760 ^ input22/Z (gf180mcu_fd_sc_mcu7t5v0__dlyb_1)
                                                         net22 (net)
                      0.294932    0.000057    5.760818 ^ fanout46/I (gf180mcu_fd_sc_mcu7t5v0__dlyb_1)
     7    0.073974    2.103177    2.795901    8.556718 ^ fanout46/Z (gf180mcu_fd_sc_mcu7t5v0__dlyb_1)
                                                         net46 (net)
                      2.103177    0.000878    8.557596 ^ fanout43/I (gf180mcu_fd_sc_mcu7t5v0__dlyb_1)
    10    0.090777    2.557116    3.108451   11.666048 ^ fanout43/Z (gf180mcu_fd_sc_mcu7t5v0__dlyb_1)
                                                         net43 (net)
                      2.557116    0.002342   11.668390 ^ _294_/RN (gf180mcu_fd_sc_mcu7t5v0__dffrnq_1)
                                             11.668390   data arrival time

                                 20.000000   20.000000   clock clk_i (rise edge)
                                  0.000000   20.000000   clock source latency
     1    0.036259    0.309013    0.147338   20.147339 ^ clk_i (in)
                                                         clk_i (net)
                      0.309017    0.000000   20.147339 ^ clkbuf_0_clk_i/I (gf180mcu_fd_sc_mcu7t5v0__clkbuf_16)
     4    0.098105    0.277298    0.525363   20.672701 ^ clkbuf_0_clk_i/Z (gf180mcu_fd_sc_mcu7t5v0__clkbuf_16)
                                                         clknet_0_clk_i (net)
                      0.277298    0.001075   20.673777 ^ clkbuf_2_3__f_clk_i/I (gf180mcu_fd_sc_mcu7t5v0__clkbuf_16)
     9    0.046731    0.200080    0.457701   21.131477 ^ clkbuf_2_3__f_clk_i/Z (gf180mcu_fd_sc_mcu7t5v0__clkbuf_16)
                                                         clknet_2_3__leaf_clk_i (net)
                      0.200080    0.000448   21.131926 ^ _294_/CLK (gf180mcu_fd_sc_mcu7t5v0__dffrnq_1)
                                 -0.250000   20.881926   clock uncertainty
                                  0.000000   20.881926   clock reconvergence pessimism
                                 -0.108851   20.773077   library recovery time
                                             20.773077   data required time
---------------------------------------------------------------------------------------------
                                             20.773077   data required time
                                            -11.668390   data arrival time
---------------------------------------------------------------------------------------------
                                              9.104686   slack (MET)


Startpoint: rstn_i (input port clocked by clk_i)
Endpoint: _295_ (recovery check against rising-edge clock clk_i)
Path Group: asynchronous
Path Type: max

Fanout         Cap        Slew       Delay        Time   Description
---------------------------------------------------------------------------------------------
                                  0.000000    0.000000   clock clk_i (rise edge)
                                  0.000000    0.000000   clock network delay (propagated)
                                  4.000000    4.000000 ^ input external delay
     1    0.004720    0.216836    0.075813    4.075813 ^ rstn_i (in)
                                                         rstn_i (net)
                      0.216836    0.000000    4.075813 ^ input22/I (gf180mcu_fd_sc_mcu7t5v0__dlyb_1)
     1    0.004676    0.294932    1.684947    5.760760 ^ input22/Z (gf180mcu_fd_sc_mcu7t5v0__dlyb_1)
                                                         net22 (net)
                      0.294932    0.000057    5.760818 ^ fanout46/I (gf180mcu_fd_sc_mcu7t5v0__dlyb_1)
     7    0.073974    2.103177    2.795901    8.556718 ^ fanout46/Z (gf180mcu_fd_sc_mcu7t5v0__dlyb_1)
                                                         net46 (net)
                      2.103177    0.000878    8.557596 ^ fanout43/I (gf180mcu_fd_sc_mcu7t5v0__dlyb_1)
    10    0.090777    2.557116    3.108451   11.666048 ^ fanout43/Z (gf180mcu_fd_sc_mcu7t5v0__dlyb_1)
                                                         net43 (net)
                      2.557116    0.002322   11.668369 ^ _295_/RN (gf180mcu_fd_sc_mcu7t5v0__dffrnq_1)
                                             11.668369   data arrival time

                                 20.000000   20.000000   clock clk_i (rise edge)
                                  0.000000   20.000000   clock source latency
     1    0.036259    0.309013    0.147338   20.147339 ^ clk_i (in)
                                                         clk_i (net)
                      0.309017    0.000000   20.147339 ^ clkbuf_0_clk_i/I (gf180mcu_fd_sc_mcu7t5v0__clkbuf_16)
     4    0.098105    0.277298    0.525363   20.672701 ^ clkbuf_0_clk_i/Z (gf180mcu_fd_sc_mcu7t5v0__clkbuf_16)
                                                         clknet_0_clk_i (net)
                      0.277298    0.001091   20.673792 ^ clkbuf_2_2__f_clk_i/I (gf180mcu_fd_sc_mcu7t5v0__clkbuf_16)
     9    0.056159    0.214209    0.468740   21.142532 ^ clkbuf_2_2__f_clk_i/Z (gf180mcu_fd_sc_mcu7t5v0__clkbuf_16)
                                                         clknet_2_2__leaf_clk_i (net)
                      0.214210    0.000641   21.143173 ^ _295_/CLK (gf180mcu_fd_sc_mcu7t5v0__dffrnq_1)
                                 -0.250000   20.893173   clock uncertainty
                                  0.000000   20.893173   clock reconvergence pessimism
                                 -0.105220   20.787952   library recovery time
                                             20.787952   data required time
---------------------------------------------------------------------------------------------
                                             20.787952   data required time
                                            -11.668369   data arrival time
---------------------------------------------------------------------------------------------
                                              9.119583   slack (MET)


Startpoint: rstn_i (input port clocked by clk_i)
Endpoint: _289_ (recovery check against rising-edge clock clk_i)
Path Group: asynchronous
Path Type: max

Fanout         Cap        Slew       Delay        Time   Description
---------------------------------------------------------------------------------------------
                                  0.000000    0.000000   clock clk_i (rise edge)
                                  0.000000    0.000000   clock network delay (propagated)
                                  4.000000    4.000000 ^ input external delay
     1    0.004720    0.216836    0.075813    4.075813 ^ rstn_i (in)
                                                         rstn_i (net)
                      0.216836    0.000000    4.075813 ^ input22/I (gf180mcu_fd_sc_mcu7t5v0__dlyb_1)
     1    0.004676    0.294932    1.684947    5.760760 ^ input22/Z (gf180mcu_fd_sc_mcu7t5v0__dlyb_1)
                                                         net22 (net)
                      0.294932    0.000057    5.760818 ^ fanout46/I (gf180mcu_fd_sc_mcu7t5v0__dlyb_1)
     7    0.073974    2.103177    2.795901    8.556718 ^ fanout46/Z (gf180mcu_fd_sc_mcu7t5v0__dlyb_1)
                                                         net46 (net)
                      2.103177    0.000486    8.557204 ^ fanout44/I (gf180mcu_fd_sc_mcu7t5v0__dlyb_1)
     8    0.079134    2.242869    2.927831   11.485036 ^ fanout44/Z (gf180mcu_fd_sc_mcu7t5v0__dlyb_1)
                                                         net44 (net)
                      2.242869    0.001278   11.486314 ^ _289_/RN (gf180mcu_fd_sc_mcu7t5v0__dffrnq_1)
                                             11.486314   data arrival time

                                 20.000000   20.000000   clock clk_i (rise edge)
                                  0.000000   20.000000   clock source latency
     1    0.036259    0.309013    0.147338   20.147339 ^ clk_i (in)
                                                         clk_i (net)
                      0.309017    0.000000   20.147339 ^ clkbuf_0_clk_i/I (gf180mcu_fd_sc_mcu7t5v0__clkbuf_16)
     4    0.098105    0.277298    0.525363   20.672701 ^ clkbuf_0_clk_i/Z (gf180mcu_fd_sc_mcu7t5v0__clkbuf_16)
                                                         clknet_0_clk_i (net)
                      0.277298    0.001107   20.673809 ^ clkbuf_2_1__f_clk_i/I (gf180mcu_fd_sc_mcu7t5v0__clkbuf_16)
     8    0.043398    0.195047    0.453582   21.127390 ^ clkbuf_2_1__f_clk_i/Z (gf180mcu_fd_sc_mcu7t5v0__clkbuf_16)
                                                         clknet_2_1__leaf_clk_i (net)
                      0.195047    0.000218   21.127609 ^ _289_/CLK (gf180mcu_fd_sc_mcu7t5v0__dffrnq_1)
                                 -0.250000   20.877609   clock uncertainty
                                  0.000000   20.877609   clock reconvergence pessimism
                                  0.004951   20.882561   library recovery time
                                             20.882561   data required time
---------------------------------------------------------------------------------------------
                                             20.882561   data required time
                                            -11.486314   data arrival time
---------------------------------------------------------------------------------------------
                                              9.396247   slack (MET)


Startpoint: rstn_i (input port clocked by clk_i)
Endpoint: _292_ (recovery check against rising-edge clock clk_i)
Path Group: asynchronous
Path Type: max

Fanout         Cap        Slew       Delay        Time   Description
---------------------------------------------------------------------------------------------
                                  0.000000    0.000000   clock clk_i (rise edge)
                                  0.000000    0.000000   clock network delay (propagated)
                                  4.000000    4.000000 ^ input external delay
     1    0.004720    0.216836    0.075813    4.075813 ^ rstn_i (in)
                                                         rstn_i (net)
                      0.216836    0.000000    4.075813 ^ input22/I (gf180mcu_fd_sc_mcu7t5v0__dlyb_1)
     1    0.004676    0.294932    1.684947    5.760760 ^ input22/Z (gf180mcu_fd_sc_mcu7t5v0__dlyb_1)
                                                         net22 (net)
                      0.294932    0.000057    5.760818 ^ fanout46/I (gf180mcu_fd_sc_mcu7t5v0__dlyb_1)
     7    0.073974    2.103177    2.795901    8.556718 ^ fanout46/Z (gf180mcu_fd_sc_mcu7t5v0__dlyb_1)
                                                         net46 (net)
                      2.103177    0.000486    8.557204 ^ fanout44/I (gf180mcu_fd_sc_mcu7t5v0__dlyb_1)
     8    0.079134    2.242869    2.927831   11.485036 ^ fanout44/Z (gf180mcu_fd_sc_mcu7t5v0__dlyb_1)
                                                         net44 (net)
                      2.242869    0.001370   11.486406 ^ _292_/RN (gf180mcu_fd_sc_mcu7t5v0__dffrnq_1)
                                             11.486406   data arrival time

                                 20.000000   20.000000   clock clk_i (rise edge)
                                  0.000000   20.000000   clock source latency
     1    0.036259    0.309013    0.147338   20.147339 ^ clk_i (in)
                                                         clk_i (net)
                      0.309017    0.000000   20.147339 ^ clkbuf_0_clk_i/I (gf180mcu_fd_sc_mcu7t5v0__clkbuf_16)
     4    0.098105    0.277298    0.525363   20.672701 ^ clkbuf_0_clk_i/Z (gf180mcu_fd_sc_mcu7t5v0__clkbuf_16)
                                                         clknet_0_clk_i (net)
                      0.277298    0.001107   20.673809 ^ clkbuf_2_1__f_clk_i/I (gf180mcu_fd_sc_mcu7t5v0__clkbuf_16)
     8    0.043398    0.195047    0.453582   21.127390 ^ clkbuf_2_1__f_clk_i/Z (gf180mcu_fd_sc_mcu7t5v0__clkbuf_16)
                                                         clknet_2_1__leaf_clk_i (net)
                      0.195047    0.000556   21.127947 ^ _292_/CLK (gf180mcu_fd_sc_mcu7t5v0__dffrnq_1)
                                 -0.250000   20.877947   clock uncertainty
                                  0.000000   20.877947   clock reconvergence pessimism
                                  0.004951   20.882898   library recovery time
                                             20.882898   data required time
---------------------------------------------------------------------------------------------
                                             20.882898   data required time
                                            -11.486406   data arrival time
---------------------------------------------------------------------------------------------
                                              9.396492   slack (MET)


Startpoint: rstn_i (input port clocked by clk_i)
Endpoint: _290_ (recovery check against rising-edge clock clk_i)
Path Group: asynchronous
Path Type: max

Fanout         Cap        Slew       Delay        Time   Description
---------------------------------------------------------------------------------------------
                                  0.000000    0.000000   clock clk_i (rise edge)
                                  0.000000    0.000000   clock network delay (propagated)
                                  4.000000    4.000000 ^ input external delay
     1    0.004720    0.216836    0.075813    4.075813 ^ rstn_i (in)
                                                         rstn_i (net)
                      0.216836    0.000000    4.075813 ^ input22/I (gf180mcu_fd_sc_mcu7t5v0__dlyb_1)
     1    0.004676    0.294932    1.684947    5.760760 ^ input22/Z (gf180mcu_fd_sc_mcu7t5v0__dlyb_1)
                                                         net22 (net)
                      0.294932    0.000057    5.760818 ^ fanout46/I (gf180mcu_fd_sc_mcu7t5v0__dlyb_1)
     7    0.073974    2.103177    2.795901    8.556718 ^ fanout46/Z (gf180mcu_fd_sc_mcu7t5v0__dlyb_1)
                                                         net46 (net)
                      2.103177    0.000486    8.557204 ^ fanout44/I (gf180mcu_fd_sc_mcu7t5v0__dlyb_1)
     8    0.079134    2.242869    2.927831   11.485036 ^ fanout44/Z (gf180mcu_fd_sc_mcu7t5v0__dlyb_1)
                                                         net44 (net)
                      2.242869    0.000946   11.485981 ^ _290_/RN (gf180mcu_fd_sc_mcu7t5v0__dffrnq_1)
                                             11.485981   data arrival time

                                 20.000000   20.000000   clock clk_i (rise edge)
                                  0.000000   20.000000   clock source latency
     1    0.036259    0.309013    0.147338   20.147339 ^ clk_i (in)
                                                         clk_i (net)
                      0.309017    0.000000   20.147339 ^ clkbuf_0_clk_i/I (gf180mcu_fd_sc_mcu7t5v0__clkbuf_16)
     4    0.098105    0.277298    0.525363   20.672701 ^ clkbuf_0_clk_i/Z (gf180mcu_fd_sc_mcu7t5v0__clkbuf_16)
                                                         clknet_0_clk_i (net)
                      0.277298    0.001107   20.673809 ^ clkbuf_2_1__f_clk_i/I (gf180mcu_fd_sc_mcu7t5v0__clkbuf_16)
     8    0.043398    0.195047    0.453582   21.127390 ^ clkbuf_2_1__f_clk_i/Z (gf180mcu_fd_sc_mcu7t5v0__clkbuf_16)
                                                         clknet_2_1__leaf_clk_i (net)
                      0.195050    0.001519   21.128908 ^ _290_/CLK (gf180mcu_fd_sc_mcu7t5v0__dffrnq_1)
                                 -0.250000   20.878910   clock uncertainty
                                  0.000000   20.878910   clock reconvergence pessimism
                                  0.004952   20.883862   library recovery time
                                             20.883862   data required time
---------------------------------------------------------------------------------------------
                                             20.883862   data required time
                                            -11.485981   data arrival time
---------------------------------------------------------------------------------------------
                                              9.397881   slack (MET)


Startpoint: rstn_i (input port clocked by clk_i)
Endpoint: _291_ (recovery check against rising-edge clock clk_i)
Path Group: asynchronous
Path Type: max

Fanout         Cap        Slew       Delay        Time   Description
---------------------------------------------------------------------------------------------
                                  0.000000    0.000000   clock clk_i (rise edge)
                                  0.000000    0.000000   clock network delay (propagated)
                                  4.000000    4.000000 ^ input external delay
     1    0.004720    0.216836    0.075813    4.075813 ^ rstn_i (in)
                                                         rstn_i (net)
                      0.216836    0.000000    4.075813 ^ input22/I (gf180mcu_fd_sc_mcu7t5v0__dlyb_1)
     1    0.004676    0.294932    1.684947    5.760760 ^ input22/Z (gf180mcu_fd_sc_mcu7t5v0__dlyb_1)
                                                         net22 (net)
                      0.294932    0.000057    5.760818 ^ fanout46/I (gf180mcu_fd_sc_mcu7t5v0__dlyb_1)
     7    0.073974    2.103177    2.795901    8.556718 ^ fanout46/Z (gf180mcu_fd_sc_mcu7t5v0__dlyb_1)
                                                         net46 (net)
                      2.103177    0.000486    8.557204 ^ fanout44/I (gf180mcu_fd_sc_mcu7t5v0__dlyb_1)
     8    0.079134    2.242869    2.927831   11.485036 ^ fanout44/Z (gf180mcu_fd_sc_mcu7t5v0__dlyb_1)
                                                         net44 (net)
                      2.242869    0.000407   11.485442 ^ _291_/RN (gf180mcu_fd_sc_mcu7t5v0__dffrnq_1)
                                             11.485442   data arrival time

                                 20.000000   20.000000   clock clk_i (rise edge)
                                  0.000000   20.000000   clock source latency
     1    0.036259    0.309013    0.147338   20.147339 ^ clk_i (in)
                                                         clk_i (net)
                      0.309017    0.000000   20.147339 ^ clkbuf_0_clk_i/I (gf180mcu_fd_sc_mcu7t5v0__clkbuf_16)
     4    0.098105    0.277298    0.525363   20.672701 ^ clkbuf_0_clk_i/Z (gf180mcu_fd_sc_mcu7t5v0__clkbuf_16)
                                                         clknet_0_clk_i (net)
                      0.277298    0.001107   20.673809 ^ clkbuf_2_1__f_clk_i/I (gf180mcu_fd_sc_mcu7t5v0__clkbuf_16)
     8    0.043398    0.195047    0.453582   21.127390 ^ clkbuf_2_1__f_clk_i/Z (gf180mcu_fd_sc_mcu7t5v0__clkbuf_16)
                                                         clknet_2_1__leaf_clk_i (net)
                      0.195050    0.001503   21.128893 ^ _291_/CLK (gf180mcu_fd_sc_mcu7t5v0__dffrnq_1)
                                 -0.250000   20.878895   clock uncertainty
                                  0.000000   20.878895   clock reconvergence pessimism
                                  0.004952   20.883846   library recovery time
                                             20.883846   data required time
---------------------------------------------------------------------------------------------
                                             20.883846   data required time
                                            -11.485442   data arrival time
---------------------------------------------------------------------------------------------
                                              9.398404   slack (MET)


Startpoint: _293_ (rising edge-triggered flip-flop clocked by clk_i)
Endpoint: _307_ (rising edge-triggered flip-flop clocked by clk_i)
Path Group: clk_i
Path Type: max

Fanout         Cap        Slew       Delay        Time   Description
---------------------------------------------------------------------------------------------
                                  0.000000    0.000000   clock clk_i (rise edge)
                                  0.000000    0.000000   clock source latency
     1    0.036259    0.309013    0.147338    0.147338 ^ clk_i (in)
                                                         clk_i (net)
                      0.309017    0.000000    0.147338 ^ clkbuf_0_clk_i/I (gf180mcu_fd_sc_mcu7t5v0__clkbuf_16)
     4    0.098105    0.277298    0.525363    0.672701 ^ clkbuf_0_clk_i/Z (gf180mcu_fd_sc_mcu7t5v0__clkbuf_16)
                                                         clknet_0_clk_i (net)
                      0.277298    0.000846    0.673547 ^ clkbuf_2_0__f_clk_i/I (gf180mcu_fd_sc_mcu7t5v0__clkbuf_16)
     8    0.042636    0.193915    0.452769    1.126316 ^ clkbuf_2_0__f_clk_i/Z (gf180mcu_fd_sc_mcu7t5v0__clkbuf_16)
                                                         clknet_2_0__leaf_clk_i (net)
                      0.193916    0.000908    1.127224 ^ _293_/CLK (gf180mcu_fd_sc_mcu7t5v0__dffrnq_1)
     6    0.044011    1.311871    2.333004    3.460228 ^ _293_/Q (gf180mcu_fd_sc_mcu7t5v0__dffrnq_1)
                                                         baud_cnt[0] (net)
                      1.311871    0.000987    3.461215 ^ _184_/A1 (gf180mcu_fd_sc_mcu7t5v0__nand4_1)
     4    0.029650    1.662031    1.167040    4.628255 v _184_/ZN (gf180mcu_fd_sc_mcu7t5v0__nand4_1)
                                                         _071_ (net)
                      1.662031    0.000596    4.628851 v _209_/A1 (gf180mcu_fd_sc_mcu7t5v0__nor4_1)
     2    0.013165    2.019834    1.468915    6.097766 ^ _209_/ZN (gf180mcu_fd_sc_mcu7t5v0__nor4_1)
                                                         _088_ (net)
                      2.019834    0.000237    6.098003 ^ wire41/I (gf180mcu_fd_sc_mcu7t5v0__dlyb_1)
     3    0.021627    0.716925    2.036631    8.134634 ^ wire41/Z (gf180mcu_fd_sc_mcu7t5v0__dlyb_1)
                                                         net41 (net)
                      0.716925    0.000553    8.135187 ^ _214_/A3 (gf180mcu_fd_sc_mcu7t5v0__and3_1)
     5    0.034739    1.084825    1.295915    9.431102 ^ _214_/Z (gf180mcu_fd_sc_mcu7t5v0__and3_1)
                                                         _091_ (net)
                      1.084825    0.000703    9.431804 ^ _216_/B1 (gf180mcu_fd_sc_mcu7t5v0__oai221_1)
     1    0.007691    0.823947    0.600455   10.032259 v _216_/ZN (gf180mcu_fd_sc_mcu7t5v0__oai221_1)
                                                         _092_ (net)
                      0.823947    0.000112   10.032371 v _217_/B (gf180mcu_fd_sc_mcu7t5v0__aoi21_1)
     1    0.004057    0.625368    0.573178   10.605549 ^ _217_/ZN (gf180mcu_fd_sc_mcu7t5v0__aoi21_1)
                                                         _005_ (net)
                      0.625368    0.000043   10.605592 ^ _307_/D (gf180mcu_fd_sc_mcu7t5v0__dffrnq_1)
                                             10.605592   data arrival time

                                 20.000000   20.000000   clock clk_i (rise edge)
                                  0.000000   20.000000   clock source latency
     1    0.036259    0.309013    0.147338   20.147339 ^ clk_i (in)
                                                         clk_i (net)
                      0.309017    0.000000   20.147339 ^ clkbuf_0_clk_i/I (gf180mcu_fd_sc_mcu7t5v0__clkbuf_16)
     4    0.098105    0.277298    0.525363   20.672701 ^ clkbuf_0_clk_i/Z (gf180mcu_fd_sc_mcu7t5v0__clkbuf_16)
                                                         clknet_0_clk_i (net)
                      0.277298    0.001075   20.673777 ^ clkbuf_2_3__f_clk_i/I (gf180mcu_fd_sc_mcu7t5v0__clkbuf_16)
     9    0.046731    0.200080    0.457701   21.131477 ^ clkbuf_2_3__f_clk_i/Z (gf180mcu_fd_sc_mcu7t5v0__clkbuf_16)
                                                         clknet_2_3__leaf_clk_i (net)
                      0.200080    0.000417   21.131895 ^ _307_/CLK (gf180mcu_fd_sc_mcu7t5v0__dffrnq_1)
                                 -0.250000   20.881895   clock uncertainty
                                  0.000000   20.881895   clock reconvergence pessimism
                                 -0.674492   20.207405   library setup time
                                             20.207405   data required time
---------------------------------------------------------------------------------------------
                                             20.207405   data required time
                                            -10.605592   data arrival time
---------------------------------------------------------------------------------------------
                                              9.601813   slack (MET)


Startpoint: cfg_bits_i[1] (input port clocked by clk_i)
Endpoint: _285_ (rising edge-triggered flip-flop clocked by clk_i)
Path Group: clk_i
Path Type: max

Fanout         Cap        Slew       Delay        Time   Description
---------------------------------------------------------------------------------------------
                                  0.000000    0.000000   clock clk_i (rise edge)
                                  0.000000    0.000000   clock network delay (propagated)
                                  4.000000    4.000000 v input external delay
     1    0.004245    0.116806    0.041708    4.041708 v cfg_bits_i[1] (in)
                                                         cfg_bits_i[1] (net)
                      0.116806    0.000000    4.041708 v input2/I (gf180mcu_fd_sc_mcu7t5v0__dlyb_1)
     1    0.009275    0.458740    1.923057    5.964765 v input2/Z (gf180mcu_fd_sc_mcu7t5v0__dlyb_1)
                                                         net2 (net)
                      0.458740    0.000108    5.964873 v _228_/A1 (gf180mcu_fd_sc_mcu7t5v0__xor2_1)
     3    0.018327    0.625552    1.080588    7.045461 v _228_/Z (gf180mcu_fd_sc_mcu7t5v0__xor2_1)
                                                         _101_ (net)
                      0.625552    0.000332    7.045793 v _247_/A1 (gf180mcu_fd_sc_mcu7t5v0__oai31_1)
     1    0.004033    1.002686    0.705915    7.751708 ^ _247_/ZN (gf180mcu_fd_sc_mcu7t5v0__oai31_1)
                                                         _117_ (net)
                      1.002686    0.000075    7.751783 ^ wire38/I (gf180mcu_fd_sc_mcu7t5v0__clkbuf_1)
     4    0.021996    0.683670    0.775200    8.526984 ^ wire38/Z (gf180mcu_fd_sc_mcu7t5v0__clkbuf_1)
                                                         net38 (net)
                      0.683670    0.000429    8.527412 ^ _248_/A2 (gf180mcu_fd_sc_mcu7t5v0__nand2_1)
     2    0.018284    0.828373    0.456380    8.983792 v _248_/ZN (gf180mcu_fd_sc_mcu7t5v0__nand2_1)
                                                         _118_ (net)
                      0.828373    0.000158    8.983951 v max_cap35/I (gf180mcu_fd_sc_mcu7t5v0__clkbuf_3)
     6    0.077979    0.626506    0.926847    9.910798 v max_cap35/Z (gf180mcu_fd_sc_mcu7t5v0__clkbuf_3)
                                                         net35 (net)
                      0.626549    0.002862    9.913659 v _258_/S (gf180mcu_fd_sc_mcu7t5v0__mux2_2)
     1    0.003941    0.174890    0.774335   10.687995 ^ _258_/Z (gf180mcu_fd_sc_mcu7t5v0__mux2_2)
                                                         _025_ (net)
                      0.174890    0.000075   10.688069 ^ _285_/D (gf180mcu_fd_sc_mcu7t5v0__dffsnq_1)
                                             10.688069   data arrival time

                                 20.000000   20.000000   clock clk_i (rise edge)
                                  0.000000   20.000000   clock source latency
     1    0.036259    0.309013    0.147338   20.147339 ^ clk_i (in)
                                                         clk_i (net)
                      0.309017    0.000000   20.147339 ^ clkbuf_0_clk_i/I (gf180mcu_fd_sc_mcu7t5v0__clkbuf_16)
     4    0.098105    0.277298    0.525363   20.672701 ^ clkbuf_0_clk_i/Z (gf180mcu_fd_sc_mcu7t5v0__clkbuf_16)
                                                         clknet_0_clk_i (net)
                      0.277298    0.000846   20.673548 ^ clkbuf_2_0__f_clk_i/I (gf180mcu_fd_sc_mcu7t5v0__clkbuf_16)
     8    0.042636    0.193915    0.452769   21.126316 ^ clkbuf_2_0__f_clk_i/Z (gf180mcu_fd_sc_mcu7t5v0__clkbuf_16)
                                                         clknet_2_0__leaf_clk_i (net)
                      0.193915    0.000641   21.126957 ^ _285_/CLK (gf180mcu_fd_sc_mcu7t5v0__dffsnq_1)
                                 -0.250000   20.876957   clock uncertainty
                                  0.000000   20.876957   clock reconvergence pessimism
                                 -0.454190   20.422768   library setup time
                                             20.422768   data required time
---------------------------------------------------------------------------------------------
                                             20.422768   data required time
                                            -10.688069   data arrival time
---------------------------------------------------------------------------------------------
                                              9.734698   slack (MET)


Startpoint: cfg_bits_i[1] (input port clocked by clk_i)
Endpoint: _286_ (rising edge-triggered flip-flop clocked by clk_i)
Path Group: clk_i
Path Type: max

Fanout         Cap        Slew       Delay        Time   Description
---------------------------------------------------------------------------------------------
                                  0.000000    0.000000   clock clk_i (rise edge)
                                  0.000000    0.000000   clock network delay (propagated)
                                  4.000000    4.000000 v input external delay
     1    0.004245    0.116806    0.041708    4.041708 v cfg_bits_i[1] (in)
                                                         cfg_bits_i[1] (net)
                      0.116806    0.000000    4.041708 v input2/I (gf180mcu_fd_sc_mcu7t5v0__dlyb_1)
     1    0.009275    0.458740    1.923057    5.964765 v input2/Z (gf180mcu_fd_sc_mcu7t5v0__dlyb_1)
                                                         net2 (net)
                      0.458740    0.000108    5.964873 v _228_/A1 (gf180mcu_fd_sc_mcu7t5v0__xor2_1)
     3    0.018327    0.625552    1.080588    7.045461 v _228_/Z (gf180mcu_fd_sc_mcu7t5v0__xor2_1)
                                                         _101_ (net)
                      0.625552    0.000332    7.045793 v _247_/A1 (gf180mcu_fd_sc_mcu7t5v0__oai31_1)
     1    0.004033    1.002686    0.705915    7.751708 ^ _247_/ZN (gf180mcu_fd_sc_mcu7t5v0__oai31_1)
                                                         _117_ (net)
                      1.002686    0.000075    7.751783 ^ wire38/I (gf180mcu_fd_sc_mcu7t5v0__clkbuf_1)
     4    0.021996    0.683670    0.775200    8.526984 ^ wire38/Z (gf180mcu_fd_sc_mcu7t5v0__clkbuf_1)
                                                         net38 (net)
                      0.683670    0.000429    8.527412 ^ _248_/A2 (gf180mcu_fd_sc_mcu7t5v0__nand2_1)
     2    0.018284    0.828373    0.456380    8.983792 v _248_/ZN (gf180mcu_fd_sc_mcu7t5v0__nand2_1)
                                                         _118_ (net)
                      0.828373    0.000158    8.983951 v max_cap35/I (gf180mcu_fd_sc_mcu7t5v0__clkbuf_3)
     6    0.077979    0.626506    0.926847    9.910798 v max_cap35/Z (gf180mcu_fd_sc_mcu7t5v0__clkbuf_3)
                                                         net35 (net)
                      0.626516    0.001366    9.912164 v _260_/S (gf180mcu_fd_sc_mcu7t5v0__mux2_2)
     1    0.004147    0.177668    0.776593   10.688757 ^ _260_/Z (gf180mcu_fd_sc_mcu7t5v0__mux2_2)
                                                         _026_ (net)
                      0.177668    0.000080   10.688837 ^ _286_/D (gf180mcu_fd_sc_mcu7t5v0__dffsnq_1)
                                             10.688837   data arrival time

                                 20.000000   20.000000   clock clk_i (rise edge)
                                  0.000000   20.000000   clock source latency
     1    0.036259    0.309013    0.147338   20.147339 ^ clk_i (in)
                                                         clk_i (net)
                      0.309017    0.000000   20.147339 ^ clkbuf_0_clk_i/I (gf180mcu_fd_sc_mcu7t5v0__clkbuf_16)
     4    0.098105    0.277298    0.525363   20.672701 ^ clkbuf_0_clk_i/Z (gf180mcu_fd_sc_mcu7t5v0__clkbuf_16)
                                                         clknet_0_clk_i (net)
                      0.277298    0.001107   20.673809 ^ clkbuf_2_1__f_clk_i/I (gf180mcu_fd_sc_mcu7t5v0__clkbuf_16)
     8    0.043398    0.195047    0.453582   21.127390 ^ clkbuf_2_1__f_clk_i/Z (gf180mcu_fd_sc_mcu7t5v0__clkbuf_16)
                                                         clknet_2_1__leaf_clk_i (net)
                      0.195049    0.001140   21.128531 ^ _286_/CLK (gf180mcu_fd_sc_mcu7t5v0__dffsnq_1)
                                 -0.250000   20.878532   clock uncertainty
                                  0.000000   20.878532   clock reconvergence pessimism
                                 -0.454520   20.424011   library setup time
                                             20.424011   data required time
---------------------------------------------------------------------------------------------
                                             20.424011   data required time
                                            -10.688837   data arrival time
---------------------------------------------------------------------------------------------
                                              9.735175   slack (MET)


Startpoint: cfg_bits_i[1] (input port clocked by clk_i)
Endpoint: _282_ (rising edge-triggered flip-flop clocked by clk_i)
Path Group: clk_i
Path Type: max

Fanout         Cap        Slew       Delay        Time   Description
---------------------------------------------------------------------------------------------
                                  0.000000    0.000000   clock clk_i (rise edge)
                                  0.000000    0.000000   clock network delay (propagated)
                                  4.000000    4.000000 v input external delay
     1    0.004245    0.116806    0.041708    4.041708 v cfg_bits_i[1] (in)
                                                         cfg_bits_i[1] (net)
                      0.116806    0.000000    4.041708 v input2/I (gf180mcu_fd_sc_mcu7t5v0__dlyb_1)
     1    0.009275    0.458740    1.923057    5.964765 v input2/Z (gf180mcu_fd_sc_mcu7t5v0__dlyb_1)
                                                         net2 (net)
                      0.458740    0.000108    5.964873 v _228_/A1 (gf180mcu_fd_sc_mcu7t5v0__xor2_1)
     3    0.018327    0.625552    1.080588    7.045461 v _228_/Z (gf180mcu_fd_sc_mcu7t5v0__xor2_1)
                                                         _101_ (net)
                      0.625552    0.000332    7.045793 v _247_/A1 (gf180mcu_fd_sc_mcu7t5v0__oai31_1)
     1    0.004033    1.002686    0.705915    7.751708 ^ _247_/ZN (gf180mcu_fd_sc_mcu7t5v0__oai31_1)
                                                         _117_ (net)
                      1.002686    0.000075    7.751783 ^ wire38/I (gf180mcu_fd_sc_mcu7t5v0__clkbuf_1)
     4    0.021996    0.683670    0.775200    8.526984 ^ wire38/Z (gf180mcu_fd_sc_mcu7t5v0__clkbuf_1)
                                                         net38 (net)
                      0.683670    0.000429    8.527412 ^ _248_/A2 (gf180mcu_fd_sc_mcu7t5v0__nand2_1)
     2    0.018284    0.828373    0.456380    8.983792 v _248_/ZN (gf180mcu_fd_sc_mcu7t5v0__nand2_1)
                                                         _118_ (net)
                      0.828373    0.000158    8.983951 v max_cap35/I (gf180mcu_fd_sc_mcu7t5v0__clkbuf_3)
     6    0.077979    0.626506    0.926847    9.910798 v max_cap35/Z (gf180mcu_fd_sc_mcu7t5v0__clkbuf_3)
                                                         net35 (net)
                      0.626536    0.002396    9.913194 v _252_/S (gf180mcu_fd_sc_mcu7t5v0__mux2_2)
     1    0.003555    0.169701    0.770067   10.683261 ^ _252_/Z (gf180mcu_fd_sc_mcu7t5v0__mux2_2)
                                                         _022_ (net)
                      0.169701    0.000067   10.683328 ^ _282_/D (gf180mcu_fd_sc_mcu7t5v0__dffsnq_1)
                                             10.683328   data arrival time

                                 20.000000   20.000000   clock clk_i (rise edge)
                                  0.000000   20.000000   clock source latency
     1    0.036259    0.309013    0.147338   20.147339 ^ clk_i (in)
                                                         clk_i (net)
                      0.309017    0.000000   20.147339 ^ clkbuf_0_clk_i/I (gf180mcu_fd_sc_mcu7t5v0__clkbuf_16)
     4    0.098105    0.277298    0.525363   20.672701 ^ clkbuf_0_clk_i/Z (gf180mcu_fd_sc_mcu7t5v0__clkbuf_16)
                                                         clknet_0_clk_i (net)
                      0.277298    0.000846   20.673548 ^ clkbuf_2_0__f_clk_i/I (gf180mcu_fd_sc_mcu7t5v0__clkbuf_16)
     8    0.042636    0.193915    0.452769   21.126316 ^ clkbuf_2_0__f_clk_i/Z (gf180mcu_fd_sc_mcu7t5v0__clkbuf_16)
                                                         clknet_2_0__leaf_clk_i (net)
                      0.193915    0.000357   21.126673 ^ _282_/CLK (gf180mcu_fd_sc_mcu7t5v0__dffsnq_1)
                                 -0.250000   20.876673   clock uncertainty
                                  0.000000   20.876673   clock reconvergence pessimism
                                 -0.453042   20.423632   library setup time
                                             20.423632   data required time
---------------------------------------------------------------------------------------------
                                             20.423632   data required time
                                            -10.683328   data arrival time
---------------------------------------------------------------------------------------------
                                              9.740304   slack (MET)


Startpoint: cfg_bits_i[1] (input port clocked by clk_i)
Endpoint: _283_ (rising edge-triggered flip-flop clocked by clk_i)
Path Group: clk_i
Path Type: max

Fanout         Cap        Slew       Delay        Time   Description
---------------------------------------------------------------------------------------------
                                  0.000000    0.000000   clock clk_i (rise edge)
                                  0.000000    0.000000   clock network delay (propagated)
                                  4.000000    4.000000 v input external delay
     1    0.004245    0.116806    0.041708    4.041708 v cfg_bits_i[1] (in)
                                                         cfg_bits_i[1] (net)
                      0.116806    0.000000    4.041708 v input2/I (gf180mcu_fd_sc_mcu7t5v0__dlyb_1)
     1    0.009275    0.458740    1.923057    5.964765 v input2/Z (gf180mcu_fd_sc_mcu7t5v0__dlyb_1)
                                                         net2 (net)
                      0.458740    0.000108    5.964873 v _228_/A1 (gf180mcu_fd_sc_mcu7t5v0__xor2_1)
     3    0.018327    0.625552    1.080588    7.045461 v _228_/Z (gf180mcu_fd_sc_mcu7t5v0__xor2_1)
                                                         _101_ (net)
                      0.625552    0.000332    7.045793 v _247_/A1 (gf180mcu_fd_sc_mcu7t5v0__oai31_1)
     1    0.004033    1.002686    0.705915    7.751708 ^ _247_/ZN (gf180mcu_fd_sc_mcu7t5v0__oai31_1)
                                                         _117_ (net)
                      1.002686    0.000075    7.751783 ^ wire38/I (gf180mcu_fd_sc_mcu7t5v0__clkbuf_1)
     4    0.021996    0.683670    0.775200    8.526984 ^ wire38/Z (gf180mcu_fd_sc_mcu7t5v0__clkbuf_1)
                                                         net38 (net)
                      0.683670    0.000429    8.527412 ^ _248_/A2 (gf180mcu_fd_sc_mcu7t5v0__nand2_1)
     2    0.018284    0.828373    0.456380    8.983792 v _248_/ZN (gf180mcu_fd_sc_mcu7t5v0__nand2_1)
                                                         _118_ (net)
                      0.828373    0.000158    8.983951 v max_cap35/I (gf180mcu_fd_sc_mcu7t5v0__clkbuf_3)
     6    0.077979    0.626506    0.926847    9.910798 v max_cap35/Z (gf180mcu_fd_sc_mcu7t5v0__clkbuf_3)
                                                         net35 (net)
                      0.626545    0.002713    9.913511 v _254_/S (gf180mcu_fd_sc_mcu7t5v0__mux2_2)
     1    0.003377    0.167350    0.768114   10.681624 ^ _254_/Z (gf180mcu_fd_sc_mcu7t5v0__mux2_2)
                                                         _023_ (net)
                      0.167350    0.000036   10.681661 ^ _283_/D (gf180mcu_fd_sc_mcu7t5v0__dffsnq_1)
                                             10.681661   data arrival time

                                 20.000000   20.000000   clock clk_i (rise edge)
                                  0.000000   20.000000   clock source latency
     1    0.036259    0.309013    0.147338   20.147339 ^ clk_i (in)
                                                         clk_i (net)
                      0.309017    0.000000   20.147339 ^ clkbuf_0_clk_i/I (gf180mcu_fd_sc_mcu7t5v0__clkbuf_16)
     4    0.098105    0.277298    0.525363   20.672701 ^ clkbuf_0_clk_i/Z (gf180mcu_fd_sc_mcu7t5v0__clkbuf_16)
                                                         clknet_0_clk_i (net)
                      0.277298    0.000846   20.673548 ^ clkbuf_2_0__f_clk_i/I (gf180mcu_fd_sc_mcu7t5v0__clkbuf_16)
     8    0.042636    0.193915    0.452769   21.126316 ^ clkbuf_2_0__f_clk_i/Z (gf180mcu_fd_sc_mcu7t5v0__clkbuf_16)
                                                         clknet_2_0__leaf_clk_i (net)
                      0.193915    0.000620   21.126936 ^ _283_/CLK (gf180mcu_fd_sc_mcu7t5v0__dffsnq_1)
                                 -0.250000   20.876936   clock uncertainty
                                  0.000000   20.876936   clock reconvergence pessimism
                                 -0.452521   20.424416   library setup time
                                             20.424416   data required time
---------------------------------------------------------------------------------------------
                                             20.424416   data required time
                                            -10.681661   data arrival time
---------------------------------------------------------------------------------------------
                                              9.742754   slack (MET)


Startpoint: cfg_bits_i[1] (input port clocked by clk_i)
Endpoint: _284_ (rising edge-triggered flip-flop clocked by clk_i)
Path Group: clk_i
Path Type: max

Fanout         Cap        Slew       Delay        Time   Description
---------------------------------------------------------------------------------------------
                                  0.000000    0.000000   clock clk_i (rise edge)
                                  0.000000    0.000000   clock network delay (propagated)
                                  4.000000    4.000000 v input external delay
     1    0.004245    0.116806    0.041708    4.041708 v cfg_bits_i[1] (in)
                                                         cfg_bits_i[1] (net)
                      0.116806    0.000000    4.041708 v input2/I (gf180mcu_fd_sc_mcu7t5v0__dlyb_1)
     1    0.009275    0.458740    1.923057    5.964765 v input2/Z (gf180mcu_fd_sc_mcu7t5v0__dlyb_1)
                                                         net2 (net)
                      0.458740    0.000108    5.964873 v _228_/A1 (gf180mcu_fd_sc_mcu7t5v0__xor2_1)
     3    0.018327    0.625552    1.080588    7.045461 v _228_/Z (gf180mcu_fd_sc_mcu7t5v0__xor2_1)
                                                         _101_ (net)
                      0.625552    0.000332    7.045793 v _247_/A1 (gf180mcu_fd_sc_mcu7t5v0__oai31_1)
     1    0.004033    1.002686    0.705915    7.751708 ^ _247_/ZN (gf180mcu_fd_sc_mcu7t5v0__oai31_1)
                                                         _117_ (net)
                      1.002686    0.000075    7.751783 ^ wire38/I (gf180mcu_fd_sc_mcu7t5v0__clkbuf_1)
     4    0.021996    0.683670    0.775200    8.526984 ^ wire38/Z (gf180mcu_fd_sc_mcu7t5v0__clkbuf_1)
                                                         net38 (net)
                      0.683670    0.000429    8.527412 ^ _248_/A2 (gf180mcu_fd_sc_mcu7t5v0__nand2_1)
     2    0.018284    0.828373    0.456380    8.983792 v _248_/ZN (gf180mcu_fd_sc_mcu7t5v0__nand2_1)
                                                         _118_ (net)
                      0.828373    0.000158    8.983951 v max_cap35/I (gf180mcu_fd_sc_mcu7t5v0__clkbuf_3)
     6    0.077979    0.626506    0.926847    9.910798 v max_cap35/Z (gf180mcu_fd_sc_mcu7t5v0__clkbuf_3)
                                                         net35 (net)
                      0.626554    0.003018    9.913815 v _256_/S (gf180mcu_fd_sc_mcu7t5v0__mux2_2)
     1    0.003033    0.162941    0.764311   10.678127 ^ _256_/Z (gf180mcu_fd_sc_mcu7t5v0__mux2_2)
                                                         _024_ (net)
                      0.162941    0.000029   10.678157 ^ _284_/D (gf180mcu_fd_sc_mcu7t5v0__dffsnq_1)
                                             10.678157   data arrival time

                                 20.000000   20.000000   clock clk_i (rise edge)
                                  0.000000   20.000000   clock source latency
     1    0.036259    0.309013    0.147338   20.147339 ^ clk_i (in)
                                                         clk_i (net)
                      0.309017    0.000000   20.147339 ^ clkbuf_0_clk_i/I (gf180mcu_fd_sc_mcu7t5v0__clkbuf_16)
     4    0.098105    0.277298    0.525363   20.672701 ^ clkbuf_0_clk_i/Z (gf180mcu_fd_sc_mcu7t5v0__clkbuf_16)
                                                         clknet_0_clk_i (net)
                      0.277298    0.000846   20.673548 ^ clkbuf_2_0__f_clk_i/I (gf180mcu_fd_sc_mcu7t5v0__clkbuf_16)
     8    0.042636    0.193915    0.452769   21.126316 ^ clkbuf_2_0__f_clk_i/Z (gf180mcu_fd_sc_mcu7t5v0__clkbuf_16)
                                                         clknet_2_0__leaf_clk_i (net)
                      0.193915    0.000725   21.127041 ^ _284_/CLK (gf180mcu_fd_sc_mcu7t5v0__dffsnq_1)
                                 -0.250000   20.877041   clock uncertainty
                                  0.000000   20.877041   clock reconvergence pessimism
                                 -0.451546   20.425495   library setup time
                                             20.425495   data required time
---------------------------------------------------------------------------------------------
                                             20.425495   data required time
                                            -10.678157   data arrival time
---------------------------------------------------------------------------------------------
                                              9.747338   slack (MET)


Startpoint: cfg_bits_i[1] (input port clocked by clk_i)
Endpoint: _287_ (rising edge-triggered flip-flop clocked by clk_i)
Path Group: clk_i
Path Type: max

Fanout         Cap        Slew       Delay        Time   Description
---------------------------------------------------------------------------------------------
                                  0.000000    0.000000   clock clk_i (rise edge)
                                  0.000000    0.000000   clock network delay (propagated)
                                  4.000000    4.000000 v input external delay
     1    0.004245    0.116806    0.041708    4.041708 v cfg_bits_i[1] (in)
                                                         cfg_bits_i[1] (net)
                      0.116806    0.000000    4.041708 v input2/I (gf180mcu_fd_sc_mcu7t5v0__dlyb_1)
     1    0.009275    0.458740    1.923057    5.964765 v input2/Z (gf180mcu_fd_sc_mcu7t5v0__dlyb_1)
                                                         net2 (net)
                      0.458740    0.000108    5.964873 v _228_/A1 (gf180mcu_fd_sc_mcu7t5v0__xor2_1)
     3    0.018327    0.625552    1.080588    7.045461 v _228_/Z (gf180mcu_fd_sc_mcu7t5v0__xor2_1)
                                                         _101_ (net)
                      0.625552    0.000332    7.045793 v _247_/A1 (gf180mcu_fd_sc_mcu7t5v0__oai31_1)
     1    0.004033    1.002686    0.705915    7.751708 ^ _247_/ZN (gf180mcu_fd_sc_mcu7t5v0__oai31_1)
                                                         _117_ (net)
                      1.002686    0.000075    7.751783 ^ wire38/I (gf180mcu_fd_sc_mcu7t5v0__clkbuf_1)
     4    0.021996    0.683670    0.775200    8.526984 ^ wire38/Z (gf180mcu_fd_sc_mcu7t5v0__clkbuf_1)
                                                         net38 (net)
                      0.683670    0.000429    8.527412 ^ _248_/A2 (gf180mcu_fd_sc_mcu7t5v0__nand2_1)
     2    0.018284    0.828373    0.456380    8.983792 v _248_/ZN (gf180mcu_fd_sc_mcu7t5v0__nand2_1)
                                                         _118_ (net)
                      0.828373    0.000158    8.983951 v max_cap35/I (gf180mcu_fd_sc_mcu7t5v0__clkbuf_3)
     6    0.077979    0.626506    0.926847    9.910798 v max_cap35/Z (gf180mcu_fd_sc_mcu7t5v0__clkbuf_3)
                                                         net35 (net)
                      0.626526    0.001945    9.912743 v _264_/S (gf180mcu_fd_sc_mcu7t5v0__mux2_2)
     1    0.003019    0.162767    0.764154   10.676897 ^ _264_/Z (gf180mcu_fd_sc_mcu7t5v0__mux2_2)
                                                         _027_ (net)
                      0.162767    0.000029   10.676927 ^ _287_/D (gf180mcu_fd_sc_mcu7t5v0__dffsnq_1)
                                             10.676927   data arrival time

                                 20.000000   20.000000   clock clk_i (rise edge)
                                  0.000000   20.000000   clock source latency
     1    0.036259    0.309013    0.147338   20.147339 ^ clk_i (in)
                                                         clk_i (net)
                      0.309017    0.000000   20.147339 ^ clkbuf_0_clk_i/I (gf180mcu_fd_sc_mcu7t5v0__clkbuf_16)
     4    0.098105    0.277298    0.525363   20.672701 ^ clkbuf_0_clk_i/Z (gf180mcu_fd_sc_mcu7t5v0__clkbuf_16)
                                                         clknet_0_clk_i (net)
                      0.277298    0.001107   20.673809 ^ clkbuf_2_1__f_clk_i/I (gf180mcu_fd_sc_mcu7t5v0__clkbuf_16)
     8    0.043398    0.195047    0.453582   21.127390 ^ clkbuf_2_1__f_clk_i/Z (gf180mcu_fd_sc_mcu7t5v0__clkbuf_16)
                                                         clknet_2_1__leaf_clk_i (net)
                      0.195049    0.001243   21.128633 ^ _287_/CLK (gf180mcu_fd_sc_mcu7t5v0__dffsnq_1)
                                 -0.250000   20.878635   clock uncertainty
                                  0.000000   20.878635   clock reconvergence pessimism
                                 -0.451216   20.427418   library setup time
                                             20.427418   data required time
---------------------------------------------------------------------------------------------
                                             20.427418   data required time
                                            -10.676927   data arrival time
---------------------------------------------------------------------------------------------
                                              9.750492   slack (MET)


Startpoint: cfg_bits_i[1] (input port clocked by clk_i)
Endpoint: _280_ (rising edge-triggered flip-flop clocked by clk_i)
Path Group: clk_i
Path Type: max

Fanout         Cap        Slew       Delay        Time   Description
---------------------------------------------------------------------------------------------
                                  0.000000    0.000000   clock clk_i (rise edge)
                                  0.000000    0.000000   clock network delay (propagated)
                                  4.000000    4.000000 v input external delay
     1    0.004245    0.116806    0.041708    4.041708 v cfg_bits_i[1] (in)
                                                         cfg_bits_i[1] (net)
                      0.116806    0.000000    4.041708 v input2/I (gf180mcu_fd_sc_mcu7t5v0__dlyb_1)
     1    0.009275    0.458740    1.923057    5.964765 v input2/Z (gf180mcu_fd_sc_mcu7t5v0__dlyb_1)
                                                         net2 (net)
                      0.458740    0.000108    5.964873 v _228_/A1 (gf180mcu_fd_sc_mcu7t5v0__xor2_1)
     3    0.018327    0.625552    1.080588    7.045461 v _228_/Z (gf180mcu_fd_sc_mcu7t5v0__xor2_1)
                                                         _101_ (net)
                      0.625552    0.000336    7.045797 v _231_/A1 (gf180mcu_fd_sc_mcu7t5v0__oai31_1)
     4    0.023996    2.712283    1.700346    8.746142 ^ _231_/ZN (gf180mcu_fd_sc_mcu7t5v0__oai31_1)
                                                         _104_ (net)
                      2.712283    0.000811    8.746954 ^ _243_/A1 (gf180mcu_fd_sc_mcu7t5v0__and4_1)
     1    0.005267    0.402889    1.258297   10.005250 ^ _243_/Z (gf180mcu_fd_sc_mcu7t5v0__and4_1)
                                                         _114_ (net)
                      0.402889    0.000059   10.005309 ^ _244_/B (gf180mcu_fd_sc_mcu7t5v0__aoi211_1)
     1    0.004613    0.554218    0.386427   10.391736 v _244_/ZN (gf180mcu_fd_sc_mcu7t5v0__aoi211_1)
                                                         _020_ (net)
                      0.554218    0.000091   10.391827 v _280_/D (gf180mcu_fd_sc_mcu7t5v0__dffrnq_1)
                                             10.391827   data arrival time

                                 20.000000   20.000000   clock clk_i (rise edge)
                                  0.000000   20.000000   clock source latency
     1    0.036259    0.309013    0.147338   20.147339 ^ clk_i (in)
                                                         clk_i (net)
                      0.309017    0.000000   20.147339 ^ clkbuf_0_clk_i/I (gf180mcu_fd_sc_mcu7t5v0__clkbuf_16)
     4    0.098105    0.277298    0.525363   20.672701 ^ clkbuf_0_clk_i/Z (gf180mcu_fd_sc_mcu7t5v0__clkbuf_16)
                                                         clknet_0_clk_i (net)
                      0.277298    0.001075   20.673777 ^ clkbuf_2_3__f_clk_i/I (gf180mcu_fd_sc_mcu7t5v0__clkbuf_16)
     9    0.046731    0.200080    0.457701   21.131477 ^ clkbuf_2_3__f_clk_i/Z (gf180mcu_fd_sc_mcu7t5v0__clkbuf_16)
                                                         clknet_2_3__leaf_clk_i (net)
                      0.200080    0.000160   21.131638 ^ _280_/CLK (gf180mcu_fd_sc_mcu7t5v0__dffrnq_1)
                                 -0.250000   20.881638   clock uncertainty
                                  0.000000   20.881638   clock reconvergence pessimism
                                 -0.364255   20.517382   library setup time
                                             20.517382   data required time
---------------------------------------------------------------------------------------------
                                             20.517382   data required time
                                            -10.391827   data arrival time
---------------------------------------------------------------------------------------------
                                             10.125556   slack (MET)


Startpoint: cfg_bits_i[1] (input port clocked by clk_i)
Endpoint: _279_ (rising edge-triggered flip-flop clocked by clk_i)
Path Group: clk_i
Path Type: max

Fanout         Cap        Slew       Delay        Time   Description
---------------------------------------------------------------------------------------------
                                  0.000000    0.000000   clock clk_i (rise edge)
                                  0.000000    0.000000   clock network delay (propagated)
                                  4.000000    4.000000 v input external delay
     1    0.004245    0.116806    0.041708    4.041708 v cfg_bits_i[1] (in)
                                                         cfg_bits_i[1] (net)
                      0.116806    0.000000    4.041708 v input2/I (gf180mcu_fd_sc_mcu7t5v0__dlyb_1)
     1    0.009275    0.458740    1.923057    5.964765 v input2/Z (gf180mcu_fd_sc_mcu7t5v0__dlyb_1)
                                                         net2 (net)
                      0.458740    0.000108    5.964873 v _228_/A1 (gf180mcu_fd_sc_mcu7t5v0__xor2_1)
     3    0.018327    0.625552    1.080588    7.045461 v _228_/Z (gf180mcu_fd_sc_mcu7t5v0__xor2_1)
                                                         _101_ (net)
                      0.625552    0.000336    7.045797 v _231_/A1 (gf180mcu_fd_sc_mcu7t5v0__oai31_1)
     4    0.023996    2.712283    1.700346    8.746142 ^ _231_/ZN (gf180mcu_fd_sc_mcu7t5v0__oai31_1)
                                                         _104_ (net)
                      2.712283    0.000855    8.746998 ^ _233_/A1 (gf180mcu_fd_sc_mcu7t5v0__nand2_1)
     2    0.010498    0.854123    0.465388    9.212386 v _233_/ZN (gf180mcu_fd_sc_mcu7t5v0__nand2_1)
                                                         _106_ (net)
                      0.854123    0.000091    9.212477 v _241_/A2 (gf180mcu_fd_sc_mcu7t5v0__aoi211_1)
     1    0.004537    1.019105    0.750926    9.963402 ^ _241_/ZN (gf180mcu_fd_sc_mcu7t5v0__aoi211_1)
                                                         _019_ (net)
                      1.019105    0.000088    9.963490 ^ _279_/D (gf180mcu_fd_sc_mcu7t5v0__dffrnq_1)
                                              9.963490   data arrival time

                                 20.000000   20.000000   clock clk_i (rise edge)
                                  0.000000   20.000000   clock source latency
     1    0.036259    0.309013    0.147338   20.147339 ^ clk_i (in)
                                                         clk_i (net)
                      0.309017    0.000000   20.147339 ^ clkbuf_0_clk_i/I (gf180mcu_fd_sc_mcu7t5v0__clkbuf_16)
     4    0.098105    0.277298    0.525363   20.672701 ^ clkbuf_0_clk_i/Z (gf180mcu_fd_sc_mcu7t5v0__clkbuf_16)
                                                         clknet_0_clk_i (net)
                      0.277298    0.001075   20.673777 ^ clkbuf_2_3__f_clk_i/I (gf180mcu_fd_sc_mcu7t5v0__clkbuf_16)
     9    0.046731    0.200080    0.457701   21.131477 ^ clkbuf_2_3__f_clk_i/Z (gf180mcu_fd_sc_mcu7t5v0__clkbuf_16)
                                                         clknet_2_3__leaf_clk_i (net)
                      0.200080    0.000099   21.131577 ^ _279_/CLK (gf180mcu_fd_sc_mcu7t5v0__dffrnq_1)
                                 -0.250000   20.881578   clock uncertainty
                                  0.000000   20.881578   clock reconvergence pessimism
                                 -0.729042   20.152536   library setup time
                                             20.152536   data required time
---------------------------------------------------------------------------------------------
                                             20.152536   data required time
                                             -9.963490   data arrival time
---------------------------------------------------------------------------------------------
                                             10.189046   slack (MET)


Startpoint: cfg_div_i[3] (input port clocked by clk_i)
Endpoint: _309_ (rising edge-triggered flip-flop clocked by clk_i)
Path Group: clk_i
Path Type: max

Fanout         Cap        Slew       Delay        Time   Description
---------------------------------------------------------------------------------------------
                                  0.000000    0.000000   clock clk_i (rise edge)
                                  0.000000    0.000000   clock network delay (propagated)
                                  4.000000    4.000000 v input external delay
     1    0.005687    0.139424    0.055818    4.055818 v cfg_div_i[3] (in)
                                                         cfg_div_i[3] (net)
                      0.139424    0.000000    4.055818 v input12/I (gf180mcu_fd_sc_mcu7t5v0__dlyb_1)
     1    0.014676    0.541264    2.016576    6.072394 v input12/Z (gf180mcu_fd_sc_mcu7t5v0__dlyb_1)
                                                         net12 (net)
                      0.541264    0.000453    6.072847 v _159_/A1 (gf180mcu_fd_sc_mcu7t5v0__xor2_1)
     1    0.012738    0.516938    1.026039    7.098886 v _159_/Z (gf180mcu_fd_sc_mcu7t5v0__xor2_1)
                                                         _051_ (net)
                      0.516938    0.000419    7.099305 v _171_/A3 (gf180mcu_fd_sc_mcu7t5v0__nor4_1)
     1    0.007120    1.372777    0.988761    8.088065 ^ _171_/ZN (gf180mcu_fd_sc_mcu7t5v0__nor4_1)
                                                         _063_ (net)
                      1.372777    0.000162    8.088227 ^ _172_/A4 (gf180mcu_fd_sc_mcu7t5v0__nand4_1)
     3    0.020831    1.271028    0.837617    8.925844 v _172_/ZN (gf180mcu_fd_sc_mcu7t5v0__nand4_1)
                                                         _064_ (net)
                      1.271028    0.000440    8.926284 v _173_/A2 (gf180mcu_fd_sc_mcu7t5v0__nor2_1)
     1    0.005829    0.659999    0.580549    9.506833 ^ _173_/ZN (gf180mcu_fd_sc_mcu7t5v0__nor2_1)
                                                         _065_ (net)
                      0.659999    0.000128    9.506961 ^ _174_/A2 (gf180mcu_fd_sc_mcu7t5v0__and2_1)
     1    0.003447    0.260723    0.545502   10.052464 ^ _174_/Z (gf180mcu_fd_sc_mcu7t5v0__and2_1)
                                                         _016_ (net)
                      0.260723    0.000034   10.052497 ^ _309_/D (gf180mcu_fd_sc_mcu7t5v0__dffrnq_1)
                                             10.052497   data arrival time

                                 20.000000   20.000000   clock clk_i (rise edge)
                                  0.000000   20.000000   clock source latency
     1    0.036259    0.309013    0.147338   20.147339 ^ clk_i (in)
                                                         clk_i (net)
                      0.309017    0.000000   20.147339 ^ clkbuf_0_clk_i/I (gf180mcu_fd_sc_mcu7t5v0__clkbuf_16)
     4    0.098105    0.277298    0.525363   20.672701 ^ clkbuf_0_clk_i/Z (gf180mcu_fd_sc_mcu7t5v0__clkbuf_16)
                                                         clknet_0_clk_i (net)
                      0.277298    0.001075   20.673777 ^ clkbuf_2_3__f_clk_i/I (gf180mcu_fd_sc_mcu7t5v0__clkbuf_16)
     9    0.046731    0.200080    0.457701   21.131477 ^ clkbuf_2_3__f_clk_i/Z (gf180mcu_fd_sc_mcu7t5v0__clkbuf_16)
                                                         clknet_2_3__leaf_clk_i (net)
                      0.200080    0.000405   21.131882 ^ _309_/CLK (gf180mcu_fd_sc_mcu7t5v0__dffrnq_1)
                                 -0.250000   20.881884   clock uncertainty
                                  0.000000   20.881884   clock reconvergence pessimism
                                 -0.603843   20.278042   library setup time
                                             20.278042   data required time
---------------------------------------------------------------------------------------------
                                             20.278042   data required time
                                            -10.052497   data arrival time
---------------------------------------------------------------------------------------------
                                             10.225544   slack (MET)


Startpoint: cfg_bits_i[1] (input port clocked by clk_i)
Endpoint: _278_ (rising edge-triggered flip-flop clocked by clk_i)
Path Group: clk_i
Path Type: max

Fanout         Cap        Slew       Delay        Time   Description
---------------------------------------------------------------------------------------------
                                  0.000000    0.000000   clock clk_i (rise edge)
                                  0.000000    0.000000   clock network delay (propagated)
                                  4.000000    4.000000 v input external delay
     1    0.004245    0.116806    0.041708    4.041708 v cfg_bits_i[1] (in)
                                                         cfg_bits_i[1] (net)
                      0.116806    0.000000    4.041708 v input2/I (gf180mcu_fd_sc_mcu7t5v0__dlyb_1)
     1    0.009275    0.458740    1.923057    5.964765 v input2/Z (gf180mcu_fd_sc_mcu7t5v0__dlyb_1)
                                                         net2 (net)
                      0.458740    0.000108    5.964873 v _228_/A1 (gf180mcu_fd_sc_mcu7t5v0__xor2_1)
     3    0.018327    0.625552    1.080588    7.045461 v _228_/Z (gf180mcu_fd_sc_mcu7t5v0__xor2_1)
                                                         _101_ (net)
                      0.625552    0.000336    7.045797 v _231_/A1 (gf180mcu_fd_sc_mcu7t5v0__oai31_1)
     4    0.023996    2.712283    1.700346    8.746142 ^ _231_/ZN (gf180mcu_fd_sc_mcu7t5v0__oai31_1)
                                                         _104_ (net)
                      2.712283    0.000860    8.747003 ^ _238_/A1 (gf180mcu_fd_sc_mcu7t5v0__nand3_1)
     1    0.005471    0.828985    0.454569    9.201571 v _238_/ZN (gf180mcu_fd_sc_mcu7t5v0__nand3_1)
                                                         _111_ (net)
                      0.828985    0.000104    9.201675 v _239_/A2 (gf180mcu_fd_sc_mcu7t5v0__aoi21_1)
     1    0.007978    0.804156    0.689071    9.890746 ^ _239_/ZN (gf180mcu_fd_sc_mcu7t5v0__aoi21_1)
                                                         _018_ (net)
                      0.804156    0.000199    9.890945 ^ _278_/D (gf180mcu_fd_sc_mcu7t5v0__dffrnq_1)
                                              9.890945   data arrival time

                                 20.000000   20.000000   clock clk_i (rise edge)
                                  0.000000   20.000000   clock source latency
     1    0.036259    0.309013    0.147338   20.147339 ^ clk_i (in)
                                                         clk_i (net)
                      0.309017    0.000000   20.147339 ^ clkbuf_0_clk_i/I (gf180mcu_fd_sc_mcu7t5v0__clkbuf_16)
     4    0.098105    0.277298    0.525363   20.672701 ^ clkbuf_0_clk_i/Z (gf180mcu_fd_sc_mcu7t5v0__clkbuf_16)
                                                         clknet_0_clk_i (net)
                      0.277298    0.001075   20.673777 ^ clkbuf_2_3__f_clk_i/I (gf180mcu_fd_sc_mcu7t5v0__clkbuf_16)
     9    0.046731    0.200080    0.457701   21.131477 ^ clkbuf_2_3__f_clk_i/Z (gf180mcu_fd_sc_mcu7t5v0__clkbuf_16)
                                                         clknet_2_3__leaf_clk_i (net)
                      0.200080    0.000258   21.131735 ^ _278_/CLK (gf180mcu_fd_sc_mcu7t5v0__dffrnq_1)
                                 -0.250000   20.881737   clock uncertainty
                                  0.000000   20.881737   clock reconvergence pessimism
                                 -0.699262   20.182472   library setup time
                                             20.182472   data required time
---------------------------------------------------------------------------------------------
                                             20.182472   data required time
                                             -9.890945   data arrival time
---------------------------------------------------------------------------------------------
                                             10.291528   slack (MET)


Startpoint: cfg_bits_i[1] (input port clocked by clk_i)
Endpoint: _291_ (rising edge-triggered flip-flop clocked by clk_i)
Path Group: clk_i
Path Type: max

Fanout         Cap        Slew       Delay        Time   Description
---------------------------------------------------------------------------------------------
                                  0.000000    0.000000   clock clk_i (rise edge)
                                  0.000000    0.000000   clock network delay (propagated)
                                  4.000000    4.000000 ^ input external delay
     1    0.004245    0.204018    0.068294    4.068294 ^ cfg_bits_i[1] (in)
                                                         cfg_bits_i[1] (net)
                      0.204018    0.000000    4.068294 ^ input2/I (gf180mcu_fd_sc_mcu7t5v0__dlyb_1)
     1    0.009275    0.410310    1.766842    5.835136 ^ input2/Z (gf180mcu_fd_sc_mcu7t5v0__dlyb_1)
                                                         net2 (net)
                      0.410310    0.000108    5.835244 ^ _228_/A1 (gf180mcu_fd_sc_mcu7t5v0__xor2_1)
     3    0.018327    1.365568    1.141010    6.976254 ^ _228_/Z (gf180mcu_fd_sc_mcu7t5v0__xor2_1)
                                                         _101_ (net)
                      1.365568    0.000332    6.976585 ^ _247_/A1 (gf180mcu_fd_sc_mcu7t5v0__oai31_1)
     1    0.004033    0.592928    0.290378    7.266963 v _247_/ZN (gf180mcu_fd_sc_mcu7t5v0__oai31_1)
                                                         _117_ (net)
                      0.592928    0.000075    7.267039 v wire38/I (gf180mcu_fd_sc_mcu7t5v0__clkbuf_1)
     4    0.021996    0.643951    0.752420    8.019459 v wire38/Z (gf180mcu_fd_sc_mcu7t5v0__clkbuf_1)
                                                         net38 (net)
                      0.643951    0.000316    8.019775 v _269_/A2 (gf180mcu_fd_sc_mcu7t5v0__or2_1)
     2    0.010597    0.403303    0.938774    8.958549 v _269_/Z (gf180mcu_fd_sc_mcu7t5v0__or2_1)
                                                         _130_ (net)
                      0.403303    0.000095    8.958645 v _274_/B2 (gf180mcu_fd_sc_mcu7t5v0__oai22_1)
     1    0.005068    0.990371    0.680477    9.639122 ^ _274_/ZN (gf180mcu_fd_sc_mcu7t5v0__oai22_1)
                                                         _031_ (net)
                      0.990371    0.000102    9.639224 ^ _291_/D (gf180mcu_fd_sc_mcu7t5v0__dffrnq_1)
                                              9.639224   data arrival time

                                 20.000000   20.000000   clock clk_i (rise edge)
                                  0.000000   20.000000   clock source latency
     1    0.036259    0.309013    0.147338   20.147339 ^ clk_i (in)
                                                         clk_i (net)
                      0.309017    0.000000   20.147339 ^ clkbuf_0_clk_i/I (gf180mcu_fd_sc_mcu7t5v0__clkbuf_16)
     4    0.098105    0.277298    0.525363   20.672701 ^ clkbuf_0_clk_i/Z (gf180mcu_fd_sc_mcu7t5v0__clkbuf_16)
                                                         clknet_0_clk_i (net)
                      0.277298    0.001107   20.673809 ^ clkbuf_2_1__f_clk_i/I (gf180mcu_fd_sc_mcu7t5v0__clkbuf_16)
     8    0.043398    0.195047    0.453582   21.127390 ^ clkbuf_2_1__f_clk_i/Z (gf180mcu_fd_sc_mcu7t5v0__clkbuf_16)
                                                         clknet_2_1__leaf_clk_i (net)
                      0.195050    0.001503   21.128893 ^ _291_/CLK (gf180mcu_fd_sc_mcu7t5v0__dffrnq_1)
                                 -0.250000   20.878895   clock uncertainty
                                  0.000000   20.878895   clock reconvergence pessimism
                                 -0.726417   20.152477   library setup time
                                             20.152477   data required time
---------------------------------------------------------------------------------------------
                                             20.152477   data required time
                                             -9.639224   data arrival time
---------------------------------------------------------------------------------------------
                                             10.513253   slack (MET)


Startpoint: cfg_bits_i[1] (input port clocked by clk_i)
Endpoint: _281_ (rising edge-triggered flip-flop clocked by clk_i)
Path Group: clk_i
Path Type: max

Fanout         Cap        Slew       Delay        Time   Description
---------------------------------------------------------------------------------------------
                                  0.000000    0.000000   clock clk_i (rise edge)
                                  0.000000    0.000000   clock network delay (propagated)
                                  4.000000    4.000000 v input external delay
     1    0.004245    0.116806    0.041708    4.041708 v cfg_bits_i[1] (in)
                                                         cfg_bits_i[1] (net)
                      0.116806    0.000000    4.041708 v input2/I (gf180mcu_fd_sc_mcu7t5v0__dlyb_1)
     1    0.009275    0.458740    1.923057    5.964765 v input2/Z (gf180mcu_fd_sc_mcu7t5v0__dlyb_1)
                                                         net2 (net)
                      0.458740    0.000108    5.964873 v _228_/A1 (gf180mcu_fd_sc_mcu7t5v0__xor2_1)
     3    0.018327    0.625552    1.080588    7.045461 v _228_/Z (gf180mcu_fd_sc_mcu7t5v0__xor2_1)
                                                         _101_ (net)
                      0.625552    0.000332    7.045793 v _247_/A1 (gf180mcu_fd_sc_mcu7t5v0__oai31_1)
     1    0.004033    1.002686    0.705915    7.751708 ^ _247_/ZN (gf180mcu_fd_sc_mcu7t5v0__oai31_1)
                                                         _117_ (net)
                      1.002686    0.000075    7.751783 ^ wire38/I (gf180mcu_fd_sc_mcu7t5v0__clkbuf_1)
     4    0.021996    0.683670    0.775200    8.526984 ^ wire38/Z (gf180mcu_fd_sc_mcu7t5v0__clkbuf_1)
                                                         net38 (net)
                      0.683670    0.000429    8.527412 ^ _248_/A2 (gf180mcu_fd_sc_mcu7t5v0__nand2_1)
     2    0.018284    0.828373    0.456380    8.983792 v _248_/ZN (gf180mcu_fd_sc_mcu7t5v0__nand2_1)
                                                         _118_ (net)
                      0.828373    0.000320    8.984113 v _250_/S (gf180mcu_fd_sc_mcu7t5v0__mux2_2)
     1    0.004289    0.184794    0.829003    9.813115 ^ _250_/Z (gf180mcu_fd_sc_mcu7t5v0__mux2_2)
                                                         _021_ (net)
                      0.184794    0.000052    9.813167 ^ _281_/D (gf180mcu_fd_sc_mcu7t5v0__dffsnq_1)
                                              9.813167   data arrival time

                                 20.000000   20.000000   clock clk_i (rise edge)
                                  0.000000   20.000000   clock source latency
     1    0.036259    0.309013    0.147338   20.147339 ^ clk_i (in)
                                                         clk_i (net)
                      0.309017    0.000000   20.147339 ^ clkbuf_0_clk_i/I (gf180mcu_fd_sc_mcu7t5v0__clkbuf_16)
     4    0.098105    0.277298    0.525363   20.672701 ^ clkbuf_0_clk_i/Z (gf180mcu_fd_sc_mcu7t5v0__clkbuf_16)
                                                         clknet_0_clk_i (net)
                      0.277298    0.001107   20.673809 ^ clkbuf_2_1__f_clk_i/I (gf180mcu_fd_sc_mcu7t5v0__clkbuf_16)
     8    0.043398    0.195047    0.453582   21.127390 ^ clkbuf_2_1__f_clk_i/Z (gf180mcu_fd_sc_mcu7t5v0__clkbuf_16)
                                                         clknet_2_1__leaf_clk_i (net)
                      0.195048    0.000753   21.128143 ^ _281_/CLK (gf180mcu_fd_sc_mcu7t5v0__dffsnq_1)
                                 -0.250000   20.878143   clock uncertainty
                                  0.000000   20.878143   clock reconvergence pessimism
                                 -0.456101   20.422043   library setup time
                                             20.422043   data required time
---------------------------------------------------------------------------------------------
                                             20.422043   data required time
                                             -9.813167   data arrival time
---------------------------------------------------------------------------------------------
                                             10.608877   slack (MET)


Startpoint: cfg_bits_i[1] (input port clocked by clk_i)
Endpoint: _290_ (rising edge-triggered flip-flop clocked by clk_i)
Path Group: clk_i
Path Type: max

Fanout         Cap        Slew       Delay        Time   Description
---------------------------------------------------------------------------------------------
                                  0.000000    0.000000   clock clk_i (rise edge)
                                  0.000000    0.000000   clock network delay (propagated)
                                  4.000000    4.000000 ^ input external delay
     1    0.004245    0.204018    0.068294    4.068294 ^ cfg_bits_i[1] (in)
                                                         cfg_bits_i[1] (net)
                      0.204018    0.000000    4.068294 ^ input2/I (gf180mcu_fd_sc_mcu7t5v0__dlyb_1)
     1    0.009275    0.410310    1.766842    5.835136 ^ input2/Z (gf180mcu_fd_sc_mcu7t5v0__dlyb_1)
                                                         net2 (net)
                      0.410310    0.000108    5.835244 ^ _228_/A1 (gf180mcu_fd_sc_mcu7t5v0__xor2_1)
     3    0.018327    1.365568    1.141010    6.976254 ^ _228_/Z (gf180mcu_fd_sc_mcu7t5v0__xor2_1)
                                                         _101_ (net)
                      1.365568    0.000332    6.976585 ^ _247_/A1 (gf180mcu_fd_sc_mcu7t5v0__oai31_1)
     1    0.004033    0.592928    0.290378    7.266963 v _247_/ZN (gf180mcu_fd_sc_mcu7t5v0__oai31_1)
                                                         _117_ (net)
                      0.592928    0.000075    7.267039 v wire38/I (gf180mcu_fd_sc_mcu7t5v0__clkbuf_1)
     4    0.021996    0.643951    0.752420    8.019459 v wire38/Z (gf180mcu_fd_sc_mcu7t5v0__clkbuf_1)
                                                         net38 (net)
                      0.643951    0.000316    8.019775 v _269_/A2 (gf180mcu_fd_sc_mcu7t5v0__or2_1)
     2    0.010597    0.403303    0.938774    8.958549 v _269_/Z (gf180mcu_fd_sc_mcu7t5v0__or2_1)
                                                         _130_ (net)
                      0.403303    0.000087    8.958636 v _272_/A2 (gf180mcu_fd_sc_mcu7t5v0__aoi21_1)
     1    0.004430    0.592683    0.448501    9.407138 ^ _272_/ZN (gf180mcu_fd_sc_mcu7t5v0__aoi21_1)
                                                         _030_ (net)
                      0.592683    0.000085    9.407223 ^ _290_/D (gf180mcu_fd_sc_mcu7t5v0__dffrnq_1)
                                              9.407223   data arrival time

                                 20.000000   20.000000   clock clk_i (rise edge)
                                  0.000000   20.000000   clock source latency
     1    0.036259    0.309013    0.147338   20.147339 ^ clk_i (in)
                                                         clk_i (net)
                      0.309017    0.000000   20.147339 ^ clkbuf_0_clk_i/I (gf180mcu_fd_sc_mcu7t5v0__clkbuf_16)
     4    0.098105    0.277298    0.525363   20.672701 ^ clkbuf_0_clk_i/Z (gf180mcu_fd_sc_mcu7t5v0__clkbuf_16)
                                                         clknet_0_clk_i (net)
                      0.277298    0.001107   20.673809 ^ clkbuf_2_1__f_clk_i/I (gf180mcu_fd_sc_mcu7t5v0__clkbuf_16)
     8    0.043398    0.195047    0.453582   21.127390 ^ clkbuf_2_1__f_clk_i/Z (gf180mcu_fd_sc_mcu7t5v0__clkbuf_16)
                                                         clknet_2_1__leaf_clk_i (net)
                      0.195050    0.001519   21.128908 ^ _290_/CLK (gf180mcu_fd_sc_mcu7t5v0__dffrnq_1)
                                 -0.250000   20.878910   clock uncertainty
                                  0.000000   20.878910   clock reconvergence pessimism
                                 -0.671248   20.207663   library setup time
                                             20.207663   data required time
---------------------------------------------------------------------------------------------
                                             20.207663   data required time
                                             -9.407223   data arrival time
---------------------------------------------------------------------------------------------
                                             10.800439   slack (MET)


Startpoint: cfg_bits_i[1] (input port clocked by clk_i)
Endpoint: _289_ (rising edge-triggered flip-flop clocked by clk_i)
Path Group: clk_i
Path Type: max

Fanout         Cap        Slew       Delay        Time   Description
---------------------------------------------------------------------------------------------
                                  0.000000    0.000000   clock clk_i (rise edge)
                                  0.000000    0.000000   clock network delay (propagated)
                                  4.000000    4.000000 ^ input external delay
     1    0.004245    0.204018    0.068294    4.068294 ^ cfg_bits_i[1] (in)
                                                         cfg_bits_i[1] (net)
                      0.204018    0.000000    4.068294 ^ input2/I (gf180mcu_fd_sc_mcu7t5v0__dlyb_1)
     1    0.009275    0.410310    1.766842    5.835136 ^ input2/Z (gf180mcu_fd_sc_mcu7t5v0__dlyb_1)
                                                         net2 (net)
                      0.410310    0.000108    5.835244 ^ _228_/A1 (gf180mcu_fd_sc_mcu7t5v0__xor2_1)
     3    0.018327    1.365568    1.141010    6.976254 ^ _228_/Z (gf180mcu_fd_sc_mcu7t5v0__xor2_1)
                                                         _101_ (net)
                      1.365568    0.000332    6.976585 ^ _247_/A1 (gf180mcu_fd_sc_mcu7t5v0__oai31_1)
     1    0.004033    0.592928    0.290378    7.266963 v _247_/ZN (gf180mcu_fd_sc_mcu7t5v0__oai31_1)
                                                         _117_ (net)
                      0.592928    0.000075    7.267039 v wire38/I (gf180mcu_fd_sc_mcu7t5v0__clkbuf_1)
     4    0.021996    0.643951    0.752420    8.019459 v wire38/Z (gf180mcu_fd_sc_mcu7t5v0__clkbuf_1)
                                                         net38 (net)
                      0.643951    0.000357    8.019816 v _267_/I1 (gf180mcu_fd_sc_mcu7t5v0__mux2_2)
     1    0.004562    0.222531    0.740379    8.760196 v _267_/Z (gf180mcu_fd_sc_mcu7t5v0__mux2_2)
                                                         _129_ (net)
                      0.222531    0.000085    8.760281 v _268_/I (gf180mcu_fd_sc_mcu7t5v0__clkinv_1)
     1    0.003677    0.197908    0.176102    8.936382 ^ _268_/ZN (gf180mcu_fd_sc_mcu7t5v0__clkinv_1)
                                                         _029_ (net)
                      0.197908    0.000038    8.936420 ^ _289_/D (gf180mcu_fd_sc_mcu7t5v0__dffrnq_1)
                                              8.936420   data arrival time

                                 20.000000   20.000000   clock clk_i (rise edge)
                                  0.000000   20.000000   clock source latency
     1    0.036259    0.309013    0.147338   20.147339 ^ clk_i (in)
                                                         clk_i (net)
                      0.309017    0.000000   20.147339 ^ clkbuf_0_clk_i/I (gf180mcu_fd_sc_mcu7t5v0__clkbuf_16)
     4    0.098105    0.277298    0.525363   20.672701 ^ clkbuf_0_clk_i/Z (gf180mcu_fd_sc_mcu7t5v0__clkbuf_16)
                                                         clknet_0_clk_i (net)
                      0.277298    0.001107   20.673809 ^ clkbuf_2_1__f_clk_i/I (gf180mcu_fd_sc_mcu7t5v0__clkbuf_16)
     8    0.043398    0.195047    0.453582   21.127390 ^ clkbuf_2_1__f_clk_i/Z (gf180mcu_fd_sc_mcu7t5v0__clkbuf_16)
                                                         clknet_2_1__leaf_clk_i (net)
                      0.195047    0.000218   21.127609 ^ _289_/CLK (gf180mcu_fd_sc_mcu7t5v0__dffrnq_1)
                                 -0.250000   20.877609   clock uncertainty
                                  0.000000   20.877609   clock reconvergence pessimism
                                 -0.591509   20.286100   library setup time
                                             20.286100   data required time
---------------------------------------------------------------------------------------------
                                             20.286100   data required time
                                             -8.936420   data arrival time
---------------------------------------------------------------------------------------------
                                             11.349680   slack (MET)


Startpoint: cfg_bits_i[1] (input port clocked by clk_i)
Endpoint: _288_ (rising edge-triggered flip-flop clocked by clk_i)
Path Group: clk_i
Path Type: max

Fanout         Cap        Slew       Delay        Time   Description
---------------------------------------------------------------------------------------------
                                  0.000000    0.000000   clock clk_i (rise edge)
                                  0.000000    0.000000   clock network delay (propagated)
                                  4.000000    4.000000 v input external delay
     1    0.004245    0.116806    0.041708    4.041708 v cfg_bits_i[1] (in)
                                                         cfg_bits_i[1] (net)
                      0.116806    0.000000    4.041708 v input2/I (gf180mcu_fd_sc_mcu7t5v0__dlyb_1)
     1    0.009275    0.458740    1.923057    5.964765 v input2/Z (gf180mcu_fd_sc_mcu7t5v0__dlyb_1)
                                                         net2 (net)
                      0.458740    0.000108    5.964873 v _228_/A1 (gf180mcu_fd_sc_mcu7t5v0__xor2_1)
     3    0.018327    0.625552    1.080588    7.045461 v _228_/Z (gf180mcu_fd_sc_mcu7t5v0__xor2_1)
                                                         _101_ (net)
                      0.625552    0.000332    7.045793 v _247_/A1 (gf180mcu_fd_sc_mcu7t5v0__oai31_1)
     1    0.004033    1.002686    0.705915    7.751708 ^ _247_/ZN (gf180mcu_fd_sc_mcu7t5v0__oai31_1)
                                                         _117_ (net)
                      1.002686    0.000075    7.751783 ^ wire38/I (gf180mcu_fd_sc_mcu7t5v0__clkbuf_1)
     4    0.021996    0.683670    0.775200    8.526984 ^ wire38/Z (gf180mcu_fd_sc_mcu7t5v0__clkbuf_1)
                                                         net38 (net)
                      0.683670    0.000448    8.527431 ^ _266_/A1 (gf180mcu_fd_sc_mcu7t5v0__aoi21_1)
     1    0.004118    0.455895    0.244988    8.772420 v _266_/ZN (gf180mcu_fd_sc_mcu7t5v0__aoi21_1)
                                                         _028_ (net)
                      0.455895    0.000082    8.772501 v _288_/D (gf180mcu_fd_sc_mcu7t5v0__dffsnq_1)
                                              8.772501   data arrival time

                                 20.000000   20.000000   clock clk_i (rise edge)
                                  0.000000   20.000000   clock source latency
     1    0.036259    0.309013    0.147338   20.147339 ^ clk_i (in)
                                                         clk_i (net)
                      0.309017    0.000000   20.147339 ^ clkbuf_0_clk_i/I (gf180mcu_fd_sc_mcu7t5v0__clkbuf_16)
     4    0.098105    0.277298    0.525363   20.672701 ^ clkbuf_0_clk_i/Z (gf180mcu_fd_sc_mcu7t5v0__clkbuf_16)
                                                         clknet_0_clk_i (net)
                      0.277298    0.001107   20.673809 ^ clkbuf_2_1__f_clk_i/I (gf180mcu_fd_sc_mcu7t5v0__clkbuf_16)
     8    0.043398    0.195047    0.453582   21.127390 ^ clkbuf_2_1__f_clk_i/Z (gf180mcu_fd_sc_mcu7t5v0__clkbuf_16)
                                                         clknet_2_1__leaf_clk_i (net)
                      0.195048    0.001007   21.128397 ^ _288_/CLK (gf180mcu_fd_sc_mcu7t5v0__dffsnq_1)
                                 -0.250000   20.878399   clock uncertainty
                                  0.000000   20.878399   clock reconvergence pessimism
                                 -0.576223   20.302176   library setup time
                                             20.302176   data required time
---------------------------------------------------------------------------------------------
                                             20.302176   data required time
                                             -8.772501   data arrival time
---------------------------------------------------------------------------------------------
                                             11.529674   slack (MET)


Startpoint: rstn_i (input port clocked by clk_i)
Endpoint: _306_ (recovery check against rising-edge clock clk_i)
Path Group: asynchronous
Path Type: max

Fanout         Cap        Slew       Delay        Time   Description
---------------------------------------------------------------------------------------------
                                  0.000000    0.000000   clock clk_i (rise edge)
                                  0.000000    0.000000   clock network delay (propagated)
                                  4.000000    4.000000 ^ input external delay
     1    0.004720    0.216836    0.075813    4.075813 ^ rstn_i (in)
                                                         rstn_i (net)
                      0.216836    0.000000    4.075813 ^ input22/I (gf180mcu_fd_sc_mcu7t5v0__dlyb_1)
     1    0.004676    0.294932    1.684947    5.760760 ^ input22/Z (gf180mcu_fd_sc_mcu7t5v0__dlyb_1)
                                                         net22 (net)
                      0.294932    0.000057    5.760818 ^ fanout46/I (gf180mcu_fd_sc_mcu7t5v0__dlyb_1)
     7    0.073974    2.103177    2.795901    8.556718 ^ fanout46/Z (gf180mcu_fd_sc_mcu7t5v0__dlyb_1)
                                                         net46 (net)
                      2.103189    0.002912    8.559630 ^ _306_/RN (gf180mcu_fd_sc_mcu7t5v0__dffrnq_1)
                                              8.559630   data arrival time

                                 20.000000   20.000000   clock clk_i (rise edge)
                                  0.000000   20.000000   clock source latency
     1    0.036259    0.309013    0.147338   20.147339 ^ clk_i (in)
                                                         clk_i (net)
                      0.309017    0.000000   20.147339 ^ clkbuf_0_clk_i/I (gf180mcu_fd_sc_mcu7t5v0__clkbuf_16)
     4    0.098105    0.277298    0.525363   20.672701 ^ clkbuf_0_clk_i/Z (gf180mcu_fd_sc_mcu7t5v0__clkbuf_16)
                                                         clknet_0_clk_i (net)
                      0.277298    0.001075   20.673777 ^ clkbuf_2_3__f_clk_i/I (gf180mcu_fd_sc_mcu7t5v0__clkbuf_16)
     9    0.046731    0.200080    0.457701   21.131477 ^ clkbuf_2_3__f_clk_i/Z (gf180mcu_fd_sc_mcu7t5v0__clkbuf_16)
                                                         clknet_2_3__leaf_clk_i (net)
                      0.200080    0.000432   21.131908 ^ _306_/CLK (gf180mcu_fd_sc_mcu7t5v0__dffrnq_1)
                                 -0.250000   20.881910   clock uncertainty
                                  0.000000   20.881910   clock reconvergence pessimism
                                  0.057446   20.939356   library recovery time
                                             20.939356   data required time
---------------------------------------------------------------------------------------------
                                             20.939356   data required time
                                             -8.559630   data arrival time
---------------------------------------------------------------------------------------------
                                             12.379725   slack (MET)


Startpoint: rstn_i (input port clocked by clk_i)
Endpoint: _308_ (recovery check against rising-edge clock clk_i)
Path Group: asynchronous
Path Type: max

Fanout         Cap        Slew       Delay        Time   Description
---------------------------------------------------------------------------------------------
                                  0.000000    0.000000   clock clk_i (rise edge)
                                  0.000000    0.000000   clock network delay (propagated)
                                  4.000000    4.000000 ^ input external delay
     1    0.004720    0.216836    0.075813    4.075813 ^ rstn_i (in)
                                                         rstn_i (net)
                      0.216836    0.000000    4.075813 ^ input22/I (gf180mcu_fd_sc_mcu7t5v0__dlyb_1)
     1    0.004676    0.294932    1.684947    5.760760 ^ input22/Z (gf180mcu_fd_sc_mcu7t5v0__dlyb_1)
                                                         net22 (net)
                      0.294932    0.000057    5.760818 ^ fanout46/I (gf180mcu_fd_sc_mcu7t5v0__dlyb_1)
     7    0.073974    2.103177    2.795901    8.556718 ^ fanout46/Z (gf180mcu_fd_sc_mcu7t5v0__dlyb_1)
                                                         net46 (net)
                      2.103188    0.002728    8.559446 ^ _308_/RN (gf180mcu_fd_sc_mcu7t5v0__dffrnq_1)
                                              8.559446   data arrival time

                                 20.000000   20.000000   clock clk_i (rise edge)
                                  0.000000   20.000000   clock source latency
     1    0.036259    0.309013    0.147338   20.147339 ^ clk_i (in)
                                                         clk_i (net)
                      0.309017    0.000000   20.147339 ^ clkbuf_0_clk_i/I (gf180mcu_fd_sc_mcu7t5v0__clkbuf_16)
     4    0.098105    0.277298    0.525363   20.672701 ^ clkbuf_0_clk_i/Z (gf180mcu_fd_sc_mcu7t5v0__clkbuf_16)
                                                         clknet_0_clk_i (net)
                      0.277298    0.001075   20.673777 ^ clkbuf_2_3__f_clk_i/I (gf180mcu_fd_sc_mcu7t5v0__clkbuf_16)
     9    0.046731    0.200080    0.457701   21.131477 ^ clkbuf_2_3__f_clk_i/Z (gf180mcu_fd_sc_mcu7t5v0__clkbuf_16)
                                                         clknet_2_3__leaf_clk_i (net)
                      0.200080    0.000485   21.131962 ^ _308_/CLK (gf180mcu_fd_sc_mcu7t5v0__dffrnq_1)
                                 -0.250000   20.881964   clock uncertainty
                                  0.000000   20.881964   clock reconvergence pessimism
                                  0.057447   20.939411   library recovery time
                                             20.939411   data required time
---------------------------------------------------------------------------------------------
                                             20.939411   data required time
                                             -8.559446   data arrival time
---------------------------------------------------------------------------------------------
                                             12.379964   slack (MET)


Startpoint: rstn_i (input port clocked by clk_i)
Endpoint: _307_ (recovery check against rising-edge clock clk_i)
Path Group: asynchronous
Path Type: max

Fanout         Cap        Slew       Delay        Time   Description
---------------------------------------------------------------------------------------------
                                  0.000000    0.000000   clock clk_i (rise edge)
                                  0.000000    0.000000   clock network delay (propagated)
                                  4.000000    4.000000 ^ input external delay
     1    0.004720    0.216836    0.075813    4.075813 ^ rstn_i (in)
                                                         rstn_i (net)
                      0.216836    0.000000    4.075813 ^ input22/I (gf180mcu_fd_sc_mcu7t5v0__dlyb_1)
     1    0.004676    0.294932    1.684947    5.760760 ^ input22/Z (gf180mcu_fd_sc_mcu7t5v0__dlyb_1)
                                                         net22 (net)
                      0.294932    0.000057    5.760818 ^ fanout46/I (gf180mcu_fd_sc_mcu7t5v0__dlyb_1)
     7    0.073974    2.103177    2.795901    8.556718 ^ fanout46/Z (gf180mcu_fd_sc_mcu7t5v0__dlyb_1)
                                                         net46 (net)
                      2.103186    0.002455    8.559174 ^ _307_/RN (gf180mcu_fd_sc_mcu7t5v0__dffrnq_1)
                                              8.559174   data arrival time

                                 20.000000   20.000000   clock clk_i (rise edge)
                                  0.000000   20.000000   clock source latency
     1    0.036259    0.309013    0.147338   20.147339 ^ clk_i (in)
                                                         clk_i (net)
                      0.309017    0.000000   20.147339 ^ clkbuf_0_clk_i/I (gf180mcu_fd_sc_mcu7t5v0__clkbuf_16)
     4    0.098105    0.277298    0.525363   20.672701 ^ clkbuf_0_clk_i/Z (gf180mcu_fd_sc_mcu7t5v0__clkbuf_16)
                                                         clknet_0_clk_i (net)
                      0.277298    0.001075   20.673777 ^ clkbuf_2_3__f_clk_i/I (gf180mcu_fd_sc_mcu7t5v0__clkbuf_16)
     9    0.046731    0.200080    0.457701   21.131477 ^ clkbuf_2_3__f_clk_i/Z (gf180mcu_fd_sc_mcu7t5v0__clkbuf_16)
                                                         clknet_2_3__leaf_clk_i (net)
                      0.200080    0.000417   21.131895 ^ _307_/CLK (gf180mcu_fd_sc_mcu7t5v0__dffrnq_1)
                                 -0.250000   20.881895   clock uncertainty
                                  0.000000   20.881895   clock reconvergence pessimism
                                  0.057447   20.939342   library recovery time
                                             20.939342   data required time
---------------------------------------------------------------------------------------------
                                             20.939342   data required time
                                             -8.559174   data arrival time
---------------------------------------------------------------------------------------------
                                             12.380170   slack (MET)


Startpoint: rstn_i (input port clocked by clk_i)
Endpoint: _309_ (recovery check against rising-edge clock clk_i)
Path Group: asynchronous
Path Type: max

Fanout         Cap        Slew       Delay        Time   Description
---------------------------------------------------------------------------------------------
                                  0.000000    0.000000   clock clk_i (rise edge)
                                  0.000000    0.000000   clock network delay (propagated)
                                  4.000000    4.000000 ^ input external delay
     1    0.004720    0.216836    0.075813    4.075813 ^ rstn_i (in)
                                                         rstn_i (net)
                      0.216836    0.000000    4.075813 ^ input22/I (gf180mcu_fd_sc_mcu7t5v0__dlyb_1)
     1    0.004676    0.294932    1.684947    5.760760 ^ input22/Z (gf180mcu_fd_sc_mcu7t5v0__dlyb_1)
                                                         net22 (net)
                      0.294932    0.000057    5.760818 ^ fanout46/I (gf180mcu_fd_sc_mcu7t5v0__dlyb_1)
     7    0.073974    2.103177    2.795901    8.556718 ^ fanout46/Z (gf180mcu_fd_sc_mcu7t5v0__dlyb_1)
                                                         net46 (net)
                      2.103185    0.002443    8.559161 ^ _309_/RN (gf180mcu_fd_sc_mcu7t5v0__dffrnq_1)
                                              8.559161   data arrival time

                                 20.000000   20.000000   clock clk_i (rise edge)
                                  0.000000   20.000000   clock source latency
     1    0.036259    0.309013    0.147338   20.147339 ^ clk_i (in)
                                                         clk_i (net)
                      0.309017    0.000000   20.147339 ^ clkbuf_0_clk_i/I (gf180mcu_fd_sc_mcu7t5v0__clkbuf_16)
     4    0.098105    0.277298    0.525363   20.672701 ^ clkbuf_0_clk_i/Z (gf180mcu_fd_sc_mcu7t5v0__clkbuf_16)
                                                         clknet_0_clk_i (net)
                      0.277298    0.001075   20.673777 ^ clkbuf_2_3__f_clk_i/I (gf180mcu_fd_sc_mcu7t5v0__clkbuf_16)
     9    0.046731    0.200080    0.457701   21.131477 ^ clkbuf_2_3__f_clk_i/Z (gf180mcu_fd_sc_mcu7t5v0__clkbuf_16)
                                                         clknet_2_3__leaf_clk_i (net)
                      0.200080    0.000405   21.131882 ^ _309_/CLK (gf180mcu_fd_sc_mcu7t5v0__dffrnq_1)
                                 -0.250000   20.881884   clock uncertainty
                                  0.000000   20.881884   clock reconvergence pessimism
                                  0.057447   20.939331   library recovery time
                                             20.939331   data required time
---------------------------------------------------------------------------------------------
                                             20.939331   data required time
                                             -8.559161   data arrival time
---------------------------------------------------------------------------------------------
                                             12.380169   slack (MET)


Startpoint: _279_ (rising edge-triggered flip-flop clocked by clk_i)
Endpoint: _292_ (rising edge-triggered flip-flop clocked by clk_i)
Path Group: clk_i
Path Type: max

Fanout         Cap        Slew       Delay        Time   Description
---------------------------------------------------------------------------------------------
                                  0.000000    0.000000   clock clk_i (rise edge)
                                  0.000000    0.000000   clock source latency
     1    0.036259    0.309013    0.147338    0.147338 ^ clk_i (in)
                                                         clk_i (net)
                      0.309017    0.000000    0.147338 ^ clkbuf_0_clk_i/I (gf180mcu_fd_sc_mcu7t5v0__clkbuf_16)
     4    0.098105    0.277298    0.525363    0.672701 ^ clkbuf_0_clk_i/Z (gf180mcu_fd_sc_mcu7t5v0__clkbuf_16)
                                                         clknet_0_clk_i (net)
                      0.277298    0.001075    0.673776 ^ clkbuf_2_3__f_clk_i/I (gf180mcu_fd_sc_mcu7t5v0__clkbuf_16)
     9    0.046731    0.200080    0.457702    1.131478 ^ clkbuf_2_3__f_clk_i/Z (gf180mcu_fd_sc_mcu7t5v0__clkbuf_16)
                                                         clknet_2_3__leaf_clk_i (net)
                      0.200080    0.000099    1.131577 ^ _279_/CLK (gf180mcu_fd_sc_mcu7t5v0__dffrnq_1)
     7    0.043042    1.286139    2.319016    3.450593 ^ _279_/Q (gf180mcu_fd_sc_mcu7t5v0__dffrnq_1)
                                                         CS[1] (net)
                      1.286139    0.000993    3.451586 ^ _140_/I (gf180mcu_fd_sc_mcu7t5v0__clkinv_1)
     5    0.032288    1.040593    0.881530    4.333117 v _140_/ZN (gf180mcu_fd_sc_mcu7t5v0__clkinv_1)
                                                         _033_ (net)
                      1.040593    0.000576    4.333693 v _246_/A3 (gf180mcu_fd_sc_mcu7t5v0__nor4_1)
     2    0.010725    1.767081    1.266473    5.600166 ^ _246_/ZN (gf180mcu_fd_sc_mcu7t5v0__nor4_1)
                                                         _116_ (net)
                      1.767081    0.000157    5.600323 ^ _275_/A2 (gf180mcu_fd_sc_mcu7t5v0__nand2_1)
     2    0.012981    0.664158    0.407811    6.008134 v _275_/ZN (gf180mcu_fd_sc_mcu7t5v0__nand2_1)
                                                         _134_ (net)
                      0.664158    0.000202    6.008336 v _276_/B (gf180mcu_fd_sc_mcu7t5v0__oai211_1)
     1    0.007866    0.835863    0.649064    6.657400 ^ _276_/ZN (gf180mcu_fd_sc_mcu7t5v0__oai211_1)
                                                         _135_ (net)
                      0.835863    0.000103    6.657503 ^ _277_/B (gf180mcu_fd_sc_mcu7t5v0__oai21_1)
     1    0.004765    0.385612    0.349596    7.007099 v _277_/ZN (gf180mcu_fd_sc_mcu7t5v0__oai21_1)
                                                         _032_ (net)
                      0.385612    0.000098    7.007197 v _292_/D (gf180mcu_fd_sc_mcu7t5v0__dffrnq_1)
                                              7.007197   data arrival time

                                 20.000000   20.000000   clock clk_i (rise edge)
                                  0.000000   20.000000   clock source latency
     1    0.036259    0.309013    0.147338   20.147339 ^ clk_i (in)
                                                         clk_i (net)
                      0.309017    0.000000   20.147339 ^ clkbuf_0_clk_i/I (gf180mcu_fd_sc_mcu7t5v0__clkbuf_16)
     4    0.098105    0.277298    0.525363   20.672701 ^ clkbuf_0_clk_i/Z (gf180mcu_fd_sc_mcu7t5v0__clkbuf_16)
                                                         clknet_0_clk_i (net)
                      0.277298    0.001107   20.673809 ^ clkbuf_2_1__f_clk_i/I (gf180mcu_fd_sc_mcu7t5v0__clkbuf_16)
     8    0.043398    0.195047    0.453582   21.127390 ^ clkbuf_2_1__f_clk_i/Z (gf180mcu_fd_sc_mcu7t5v0__clkbuf_16)
                                                         clknet_2_1__leaf_clk_i (net)
                      0.195047    0.000556   21.127947 ^ _292_/CLK (gf180mcu_fd_sc_mcu7t5v0__dffrnq_1)
                                 -0.250000   20.877947   clock uncertainty
                                  0.000000   20.877947   clock reconvergence pessimism
                                 -0.315473   20.562473   library setup time
                                             20.562473   data required time
---------------------------------------------------------------------------------------------
                                             20.562473   data required time
                                             -7.007197   data arrival time
---------------------------------------------------------------------------------------------
                                             13.555277   slack (MET)



%OL_END_REPORT
%OL_CREATE_REPORT checks.rpt

===========================================================================
report_checks -unconstrained
===========================================================================
======================= max_ss_125C_4v50 Corner ===================================

Startpoint: rstn_i (input port clocked by clk_i)
Endpoint: _279_ (recovery check against rising-edge clock clk_i)
Path Group: asynchronous
Path Type: max

Fanout         Cap        Slew       Delay        Time   Description
---------------------------------------------------------------------------------------------
                                  0.000000    0.000000   clock clk_i (rise edge)
                                  0.000000    0.000000   clock network delay (propagated)
                                  4.000000    4.000000 ^ input external delay
     1    0.004720    0.216836    0.075813    4.075813 ^ rstn_i (in)
                                                         rstn_i (net)
                      0.216836    0.000000    4.075813 ^ input22/I (gf180mcu_fd_sc_mcu7t5v0__dlyb_1)
     1    0.004676    0.294932    1.684947    5.760760 ^ input22/Z (gf180mcu_fd_sc_mcu7t5v0__dlyb_1)
                                                         net22 (net)
                      0.294932    0.000057    5.760818 ^ fanout46/I (gf180mcu_fd_sc_mcu7t5v0__dlyb_1)
     7    0.073974    2.103177    2.795901    8.556718 ^ fanout46/Z (gf180mcu_fd_sc_mcu7t5v0__dlyb_1)
                                                         net46 (net)
                      2.103184    0.002156    8.558875 ^ fanout45/I (gf180mcu_fd_sc_mcu7t5v0__dlyb_1)
    10    0.106978    2.995145    3.359036   11.917911 ^ fanout45/Z (gf180mcu_fd_sc_mcu7t5v0__dlyb_1)
                                                         net45 (net)
                      2.995145    0.001354   11.919264 ^ _279_/RN (gf180mcu_fd_sc_mcu7t5v0__dffrnq_1)
                                             11.919264   data arrival time

                                 20.000000   20.000000   clock clk_i (rise edge)
                                  0.000000   20.000000   clock source latency
     1    0.036259    0.309013    0.147338   20.147339 ^ clk_i (in)
                                                         clk_i (net)
                      0.309017    0.000000   20.147339 ^ clkbuf_0_clk_i/I (gf180mcu_fd_sc_mcu7t5v0__clkbuf_16)
     4    0.098105    0.277298    0.525363   20.672701 ^ clkbuf_0_clk_i/Z (gf180mcu_fd_sc_mcu7t5v0__clkbuf_16)
                                                         clknet_0_clk_i (net)
                      0.277298    0.001075   20.673777 ^ clkbuf_2_3__f_clk_i/I (gf180mcu_fd_sc_mcu7t5v0__clkbuf_16)
     9    0.046731    0.200080    0.457701   21.131477 ^ clkbuf_2_3__f_clk_i/Z (gf180mcu_fd_sc_mcu7t5v0__clkbuf_16)
                                                         clknet_2_3__leaf_clk_i (net)
                      0.200080    0.000099   21.131577 ^ _279_/CLK (gf180mcu_fd_sc_mcu7t5v0__dffrnq_1)
                                 -0.250000   20.881578   clock uncertainty
                                  0.000000   20.881578   clock reconvergence pessimism
                                 -0.280433   20.601145   library recovery time
                                             20.601145   data required time
---------------------------------------------------------------------------------------------
                                             20.601145   data required time
                                            -11.919264   data arrival time
---------------------------------------------------------------------------------------------
                                              8.681880   slack (MET)


Startpoint: cfg_en_i (input port clocked by clk_i)
Endpoint: tx_ready_o (output port clocked by clk_i)
Path Group: clk_i
Path Type: max

Fanout         Cap        Slew       Delay        Time   Description
---------------------------------------------------------------------------------------------
                                  0.000000    0.000000   clock clk_i (rise edge)
                                  0.000000    0.000000   clock network delay (propagated)
                                  4.000000    4.000000 ^ input external delay
     1    0.005126    0.227786    0.082230    4.082230 ^ cfg_en_i (in)
                                                         cfg_en_i (net)
                      0.227786    0.000000    4.082230 ^ input19/I (gf180mcu_fd_sc_mcu7t5v0__dlyb_1)
     1    0.005609    0.323402    1.704515    5.786745 ^ input19/Z (gf180mcu_fd_sc_mcu7t5v0__dlyb_1)
                                                         net19 (net)
                      0.323402    0.000066    5.786811 ^ _141_/I (gf180mcu_fd_sc_mcu7t5v0__clkinv_1)
     4    0.022837    0.678910    0.511635    6.298446 v _141_/ZN (gf180mcu_fd_sc_mcu7t5v0__clkinv_1)
                                                         _034_ (net)
                      0.678910    0.000145    6.298591 v _175_/A1 (gf180mcu_fd_sc_mcu7t5v0__nor2_1)
     1    0.004629    0.513260    0.456073    6.754663 ^ _175_/ZN (gf180mcu_fd_sc_mcu7t5v0__nor2_1)
                                                         net34 (net)
                      0.513260    0.000058    6.754722 ^ output34/I (gf180mcu_fd_sc_mcu7t5v0__dlyb_1)
     1    0.074681    2.122602    2.837997    9.592719 ^ output34/Z (gf180mcu_fd_sc_mcu7t5v0__dlyb_1)
                                                         tx_ready_o (net)
                      2.122602    0.001045    9.593764 ^ tx_ready_o (out)
                                              9.593764   data arrival time

                                 20.000000   20.000000   clock clk_i (rise edge)
                                  0.000000   20.000000   clock network delay (propagated)
                                 -0.250000   19.750002   clock uncertainty
                                  0.000000   19.750002   clock reconvergence pessimism
                                 -4.000000   15.750001   output external delay
                                             15.750001   data required time
---------------------------------------------------------------------------------------------
                                             15.750001   data required time
                                             -9.593764   data arrival time
---------------------------------------------------------------------------------------------
                                              6.156237   slack (MET)




===========================================================================
report_checks --slack_max -0.01
============================================================================
======================= max_ss_125C_4v50 Corner ===================================

No paths found.


===========================================================================
 report_check_types -max_slew -max_cap -max_fanout -violators
============================================================================
======================= max_ss_125C_4v50 Corner ===================================



===========================================================================
report_parasitic_annotation -report_unannotated
============================================================================
Found 2 unannotated drivers.
 clkload0/Z
 clkload1/Z
Found 0 partially unannotated drivers.

===========================================================================
max slew violation count 0
%OL_METRIC_I design__max_slew_violation__count__corner:max_ss_125C_4v50 0
max fanout violation count 0
%OL_METRIC_I design__max_fanout_violation__count__corner:max_ss_125C_4v50 0
max cap violation count 0
%OL_METRIC_I design__max_cap_violation__count__corner:max_ss_125C_4v50 0
============================================================================

===========================================================================
check_setup -verbose -unconstrained_endpoints -multiple_clock -no_clock -no_input_delay -loops -generated_clocks
===========================================================================
%OL_END_REPORT
%OL_CREATE_REPORT power.rpt

===========================================================================
 report_power
============================================================================
======================= max_ss_125C_4v50 Corner ===================================

Group                    Internal    Switching      Leakage        Total
                            Power        Power        Power        Power (Watts)
------------------------------------------------------------------------
Sequential           1.004332e-03 1.243098e-04 4.016631e-08 1.128682e-03  35.0%
Combinational        6.227231e-04 4.858805e-04 1.223886e-07 1.108726e-03  34.4%
Clock                6.925930e-04 2.906173e-04 3.590538e-07 9.835693e-04  30.5%
Macro                0.000000e+00 0.000000e+00 0.000000e+00 0.000000e+00   0.0%
Pad                  0.000000e+00 0.000000e+00 0.000000e+00 0.000000e+00   0.0%
------------------------------------------------------------------------
Total                2.319649e-03 9.008076e-04 5.216093e-07 3.220978e-03 100.0%
                            72.0%        28.0%         0.0%
%OL_METRIC_F power__internal__total 0.002319648629054427
%OL_METRIC_F power__switching__total 0.0009008076158352196
%OL_METRIC_F power__leakage__total 5.216093086346518e-7
%OL_METRIC_F power__total 0.0032209777273237705

%OL_END_REPORT
%OL_CREATE_REPORT skew.min.rpt

===========================================================================
Clock Skew (Hold)
============================================================================
%OL_METRIC_F clock__skew__worst_hold__corner:max_ss_125C_4v50 -0.26648092819976554
======================= max_ss_125C_4v50 Corner ===================================

Clock clk_i
1.126909 source latency _296_/CLK ^
-1.143390 target latency _301_/CLK ^
-0.250000 clock uncertainty
0.000000 CRPR
--------------
-0.266481 hold skew

%OL_END_REPORT
%OL_CREATE_REPORT skew.max.rpt

===========================================================================
Clock Skew (Setup)
============================================================================
%OL_METRIC_F clock__skew__worst_setup__corner:max_ss_125C_4v50 0.26648092819976554
======================= max_ss_125C_4v50 Corner ===================================

Clock clk_i
1.143390 source latency _301_/CLK ^
-1.126909 target latency _296_/CLK ^
0.250000 clock uncertainty
0.000000 CRPR
--------------
0.266481 setup skew

%OL_END_REPORT
%OL_CREATE_REPORT ws.min.rpt

===========================================================================
Worst Slack (Hold)
============================================================================
%OL_METRIC_F timing__hold__ws__corner:max_ss_125C_4v50 1.4817747448457617
max_ss_125C_4v50: 1.4817747448457617
%OL_END_REPORT
%OL_CREATE_REPORT ws.max.rpt

===========================================================================
Worst Slack (Setup)
============================================================================
%OL_METRIC_F timing__setup__ws__corner:max_ss_125C_4v50 6.1562365836482575
max_ss_125C_4v50: 6.1562365836482575
%OL_END_REPORT
%OL_CREATE_REPORT tns.min.rpt

===========================================================================
Total Negative Slack (Hold)
============================================================================
%OL_METRIC_F timing__hold__tns__corner:max_ss_125C_4v50 0.0
max_ss_125C_4v50: 0.0
%OL_END_REPORT
%OL_CREATE_REPORT tns.max.rpt

===========================================================================
Total Negative Slack (Setup)
============================================================================
%OL_METRIC_F timing__setup__tns__corner:max_ss_125C_4v50 0.0
max_ss_125C_4v50: 0.0
%OL_END_REPORT
%OL_CREATE_REPORT wns.min.rpt

===========================================================================
Worst Negative Slack (Hold)
============================================================================
%OL_METRIC_F timing__hold__wns__corner:max_ss_125C_4v50 0
max_ss_125C_4v50: 0
%OL_END_REPORT
%OL_CREATE_REPORT wns.max.rpt

===========================================================================
Worst Negative Slack (Setup)
============================================================================
%OL_METRIC_F timing__setup__wns__corner:max_ss_125C_4v50 0.0
max_ss_125C_4v50: 0.0
%OL_END_REPORT
%OL_CREATE_REPORT violator_list.rpt

===========================================================================
Violator List
============================================================================
%OL_METRIC_I timing__hold_vio__count__corner:max_ss_125C_4v50 0
%OL_METRIC_F timing__hold_r2r__ws__corner:max_ss_125C_4v50 1.481775
%OL_METRIC_I timing__hold_r2r_vio__count__corner:max_ss_125C_4v50 0
%OL_METRIC_I timing__setup_vio__count__corner:max_ss_125C_4v50 0
%OL_METRIC_F timing__setup_r2r__ws__corner:max_ss_125C_4v50 9.601813
%OL_METRIC_I timing__setup_r2r_vio__count__corner:max_ss_125C_4v50 0
%OL_END_REPORT
%OL_CREATE_REPORT unpropagated.rpt
%OL_END_REPORT
%OL_CREATE_REPORT clock.rpt
Clock: clk_i
Sources: clk_i 
Generated: no
Virtual: yes
Propagated: no
Period: 20.000000

===========================================================================
report_clock_properties
============================================================================
Clock                   Period          Waveform
----------------------------------------------------
clk_i                20.000000    0.000000 10.000000

===========================================================================
report_clock_latency
============================================================================
Clock clk_i
rise -> rise
    min     max
0.000000 0.000000 source latency
1.126673         network latency _282_/CLK
        1.143390 network latency _301_/CLK
---------------
1.126673 1.143390 latency
        0.016717 skew

fall -> fall
    min     max
0.000000 0.000000 source latency
1.045317         network latency _282_/CLK
        1.063302 network latency _301_/CLK
---------------
1.045317 1.063302 latency
        0.017986 skew



===========================================================================
report_clock_min_period
============================================================================
clk_i period_min = 10.56 fmax = 94.67
%OL_END_REPORT
Writing SDF files for all corners…
Removing Clock latencies before writing libs…
Writing timing models for all corners…
Writing timing models for the max_ss_125C_4v50 corner to /home/sahana/core5_udma/hardening/uart_tx/runs/RUN_2026-07-25_16-50-47/55-openroad-stapostpnr/max_ss_125C_4v50/udma_uart_tx__max_ss_125C_4v50.lib…
