
===========================================================================
report_checks -path_delay min (Hold)
============================================================================
======================= nom_ss_125C_4v50 Corner ===================================

Startpoint: _2103_ (rising edge-triggered flip-flop clocked by periph_clk)
Endpoint: _2104_ (rising edge-triggered flip-flop clocked by periph_clk)
Path Group: periph_clk
Path Type: min

Fanout         Cap        Slew       Delay        Time   Description
---------------------------------------------------------------------------------------------
                      0.150000    0.000000    0.000000   clock periph_clk (rise edge)
                                  0.000000    0.000000   clock network delay (ideal)
                      0.150000    0.000000    0.000000 ^ _2103_/CLK (gf180mcu_fd_sc_mcu7t5v0__dffrnq_1)
     1    0.003014    0.171585    1.251414    1.251414 v _2103_/Q (gf180mcu_fd_sc_mcu7t5v0__dffrnq_1)
                                                         r_uart_en_rx_sync[0] (net)
                      0.171585    0.000000    1.251414 v _2104_/D (gf180mcu_fd_sc_mcu7t5v0__dffrnq_1)
                                              1.251414   data arrival time

                      0.150000    0.000000    0.000000   clock periph_clk (rise edge)
                                  0.000000    0.000000   clock network delay (ideal)
                                  0.250000    0.250000   clock uncertainty
                                  0.000000    0.250000   clock reconvergence pessimism
                                              0.250000 ^ _2104_/CLK (gf180mcu_fd_sc_mcu7t5v0__dffrnq_1)
                                  0.221935    0.471935   library hold time
                                              0.471935   data required time
---------------------------------------------------------------------------------------------
                                              0.471935   data required time
                                             -1.251414   data arrival time
---------------------------------------------------------------------------------------------
                                              0.779479   slack (MET)


Startpoint: _2106_ (rising edge-triggered flip-flop clocked by periph_clk)
Endpoint: _2107_ (rising edge-triggered flip-flop clocked by periph_clk)
Path Group: periph_clk
Path Type: min

Fanout         Cap        Slew       Delay        Time   Description
---------------------------------------------------------------------------------------------
                      0.150000    0.000000    0.000000   clock periph_clk (rise edge)
                                  0.000000    0.000000   clock network delay (ideal)
                      0.150000    0.000000    0.000000 ^ _2106_/CLK (gf180mcu_fd_sc_mcu7t5v0__dffrnq_1)
     1    0.003014    0.171585    1.251414    1.251414 v _2106_/Q (gf180mcu_fd_sc_mcu7t5v0__dffrnq_1)
                                                         r_uart_en_tx_sync[0] (net)
                      0.171585    0.000000    1.251414 v _2107_/D (gf180mcu_fd_sc_mcu7t5v0__dffrnq_1)
                                              1.251414   data arrival time

                      0.150000    0.000000    0.000000   clock periph_clk (rise edge)
                                  0.000000    0.000000   clock network delay (ideal)
                                  0.250000    0.250000   clock uncertainty
                                  0.000000    0.250000   clock reconvergence pessimism
                                              0.250000 ^ _2107_/CLK (gf180mcu_fd_sc_mcu7t5v0__dffrnq_1)
                                  0.221935    0.471935   library hold time
                                              0.471935   data required time
---------------------------------------------------------------------------------------------
                                              0.471935   data required time
                                             -1.251414   data arrival time
---------------------------------------------------------------------------------------------
                                              0.779479   slack (MET)


Startpoint: _2109_ (rising edge-triggered flip-flop clocked by sys_clk)
Endpoint: _2111_ (rising edge-triggered flip-flop clocked by sys_clk)
Path Group: sys_clk
Path Type: min

Fanout         Cap        Slew       Delay        Time   Description
---------------------------------------------------------------------------------------------
                      0.150000    0.000000    0.000000   clock sys_clk (rise edge)
                                  0.000000    0.000000   clock network delay (ideal)
                      0.150000    0.000000    0.000000 ^ _2109_/CLK (gf180mcu_fd_sc_mcu7t5v0__dffrnq_1)
     1    0.003014    0.171585    1.251414    1.251414 v _2109_/Q (gf180mcu_fd_sc_mcu7t5v0__dffrnq_1)
                                                         r_status_sync[0] (net)
                      0.171585    0.000000    1.251414 v _2111_/D (gf180mcu_fd_sc_mcu7t5v0__dffrnq_1)
                                              1.251414   data arrival time

                      0.150000    0.000000    0.000000   clock sys_clk (rise edge)
                                  0.000000    0.000000   clock network delay (ideal)
                                  0.250000    0.250000   clock uncertainty
                                  0.000000    0.250000   clock reconvergence pessimism
                                              0.250000 ^ _2111_/CLK (gf180mcu_fd_sc_mcu7t5v0__dffrnq_1)
                                  0.221935    0.471935   library hold time
                                              0.471935   data required time
---------------------------------------------------------------------------------------------
                                              0.471935   data required time
                                             -1.251414   data arrival time
---------------------------------------------------------------------------------------------
                                              0.779479   slack (MET)


Startpoint: _2110_ (rising edge-triggered flip-flop clocked by sys_clk)
Endpoint: _2112_ (rising edge-triggered flip-flop clocked by sys_clk)
Path Group: sys_clk
Path Type: min

Fanout         Cap        Slew       Delay        Time   Description
---------------------------------------------------------------------------------------------
                      0.150000    0.000000    0.000000   clock sys_clk (rise edge)
                                  0.000000    0.000000   clock network delay (ideal)
                      0.150000    0.000000    0.000000 ^ _2110_/CLK (gf180mcu_fd_sc_mcu7t5v0__dffrnq_1)
     1    0.003014    0.171585    1.251414    1.251414 v _2110_/Q (gf180mcu_fd_sc_mcu7t5v0__dffrnq_1)
                                                         r_status_sync[1] (net)
                      0.171585    0.000000    1.251414 v _2112_/D (gf180mcu_fd_sc_mcu7t5v0__dffrnq_1)
                                              1.251414   data arrival time

                      0.150000    0.000000    0.000000   clock sys_clk (rise edge)
                                  0.000000    0.000000   clock network delay (ideal)
                                  0.250000    0.250000   clock uncertainty
                                  0.000000    0.250000   clock reconvergence pessimism
                                              0.250000 ^ _2112_/CLK (gf180mcu_fd_sc_mcu7t5v0__dffrnq_1)
                                  0.221935    0.471935   library hold time
                                              0.471935   data required time
---------------------------------------------------------------------------------------------
                                              0.471935   data required time
                                             -1.251414   data arrival time
---------------------------------------------------------------------------------------------
                                              0.779479   slack (MET)


Startpoint: _2122_ (rising edge-triggered flip-flop clocked by periph_clk)
Endpoint: _2118_ (rising edge-triggered flip-flop clocked by periph_clk)
Path Group: periph_clk
Path Type: min

Fanout         Cap        Slew       Delay        Time   Description
---------------------------------------------------------------------------------------------
                      0.150000    0.000000    0.000000   clock periph_clk (rise edge)
                                  0.000000    0.000000   clock network delay (ideal)
                      0.150000    0.000000    0.000000 ^ _2122_/CLK (gf180mcu_fd_sc_mcu7t5v0__dffrnq_1)
     1    0.003014    0.171585    1.251414    1.251414 v _2122_/Q (gf180mcu_fd_sc_mcu7t5v0__dffrnq_1)
                                                         u_dc_fifo_tx.u_dout.empty_synch.d_middle[0] (net)
                      0.171585    0.000000    1.251414 v _2118_/D (gf180mcu_fd_sc_mcu7t5v0__dffrnq_1)
                                              1.251414   data arrival time

                      0.150000    0.000000    0.000000   clock periph_clk (rise edge)
                                  0.000000    0.000000   clock network delay (ideal)
                                  0.250000    0.250000   clock uncertainty
                                  0.000000    0.250000   clock reconvergence pessimism
                                              0.250000 ^ _2118_/CLK (gf180mcu_fd_sc_mcu7t5v0__dffrnq_1)
                                  0.221935    0.471935   library hold time
                                              0.471935   data required time
---------------------------------------------------------------------------------------------
                                              0.471935   data required time
                                             -1.251414   data arrival time
---------------------------------------------------------------------------------------------
                                              0.779479   slack (MET)


Startpoint: _2123_ (rising edge-triggered flip-flop clocked by periph_clk)
Endpoint: _2119_ (rising edge-triggered flip-flop clocked by periph_clk)
Path Group: periph_clk
Path Type: min

Fanout         Cap        Slew       Delay        Time   Description
---------------------------------------------------------------------------------------------
                      0.150000    0.000000    0.000000   clock periph_clk (rise edge)
                                  0.000000    0.000000   clock network delay (ideal)
                      0.150000    0.000000    0.000000 ^ _2123_/CLK (gf180mcu_fd_sc_mcu7t5v0__dffrnq_1)
     1    0.003014    0.171585    1.251414    1.251414 v _2123_/Q (gf180mcu_fd_sc_mcu7t5v0__dffrnq_1)
                                                         u_dc_fifo_tx.u_dout.empty_synch.d_middle[1] (net)
                      0.171585    0.000000    1.251414 v _2119_/D (gf180mcu_fd_sc_mcu7t5v0__dffrnq_1)
                                              1.251414   data arrival time

                      0.150000    0.000000    0.000000   clock periph_clk (rise edge)
                                  0.000000    0.000000   clock network delay (ideal)
                                  0.250000    0.250000   clock uncertainty
                                  0.000000    0.250000   clock reconvergence pessimism
                                              0.250000 ^ _2119_/CLK (gf180mcu_fd_sc_mcu7t5v0__dffrnq_1)
                                  0.221935    0.471935   library hold time
                                              0.471935   data required time
---------------------------------------------------------------------------------------------
                                              0.471935   data required time
                                             -1.251414   data arrival time
---------------------------------------------------------------------------------------------
                                              0.779479   slack (MET)


Startpoint: _2126_ (rising edge-triggered flip-flop clocked by sys_clk)
Endpoint: _2127_ (rising edge-triggered flip-flop clocked by sys_clk)
Path Group: sys_clk
Path Type: min

Fanout         Cap        Slew       Delay        Time   Description
---------------------------------------------------------------------------------------------
                      0.150000    0.000000    0.000000   clock sys_clk (rise edge)
                                  0.000000    0.000000   clock network delay (ideal)
                      0.150000    0.000000    0.000000 ^ _2126_/CLK (gf180mcu_fd_sc_mcu7t5v0__dffrnq_1)
     1    0.003014    0.171585    1.251414    1.251414 v _2126_/Q (gf180mcu_fd_sc_mcu7t5v0__dffrnq_1)
                                                         u_dc_fifo_tx.u_din.full.full_synch.d_middle[0] (net)
                      0.171585    0.000000    1.251414 v _2127_/D (gf180mcu_fd_sc_mcu7t5v0__dffrnq_1)
                                              1.251414   data arrival time

                      0.150000    0.000000    0.000000   clock sys_clk (rise edge)
                                  0.000000    0.000000   clock network delay (ideal)
                                  0.250000    0.250000   clock uncertainty
                                  0.000000    0.250000   clock reconvergence pessimism
                                              0.250000 ^ _2127_/CLK (gf180mcu_fd_sc_mcu7t5v0__dffrnq_1)
                                  0.221935    0.471935   library hold time
                                              0.471935   data required time
---------------------------------------------------------------------------------------------
                                              0.471935   data required time
                                             -1.251414   data arrival time
---------------------------------------------------------------------------------------------
                                              0.779479   slack (MET)


Startpoint: _2150_ (rising edge-triggered flip-flop clocked by sys_clk)
Endpoint: _2146_ (rising edge-triggered flip-flop clocked by sys_clk)
Path Group: sys_clk
Path Type: min

Fanout         Cap        Slew       Delay        Time   Description
---------------------------------------------------------------------------------------------
                      0.150000    0.000000    0.000000   clock sys_clk (rise edge)
                                  0.000000    0.000000   clock network delay (ideal)
                      0.150000    0.000000    0.000000 ^ _2150_/CLK (gf180mcu_fd_sc_mcu7t5v0__dffrnq_1)
     1    0.003014    0.171585    1.251414    1.251414 v _2150_/Q (gf180mcu_fd_sc_mcu7t5v0__dffrnq_1)
                                                         u_dc_fifo_rx.u_dout.empty_synch.d_middle[0] (net)
                      0.171585    0.000000    1.251414 v _2146_/D (gf180mcu_fd_sc_mcu7t5v0__dffrnq_1)
                                              1.251414   data arrival time

                      0.150000    0.000000    0.000000   clock sys_clk (rise edge)
                                  0.000000    0.000000   clock network delay (ideal)
                                  0.250000    0.250000   clock uncertainty
                                  0.000000    0.250000   clock reconvergence pessimism
                                              0.250000 ^ _2146_/CLK (gf180mcu_fd_sc_mcu7t5v0__dffrnq_1)
                                  0.221935    0.471935   library hold time
                                              0.471935   data required time
---------------------------------------------------------------------------------------------
                                              0.471935   data required time
                                             -1.251414   data arrival time
---------------------------------------------------------------------------------------------
                                              0.779479   slack (MET)


Startpoint: _2151_ (rising edge-triggered flip-flop clocked by sys_clk)
Endpoint: _2147_ (rising edge-triggered flip-flop clocked by sys_clk)
Path Group: sys_clk
Path Type: min

Fanout         Cap        Slew       Delay        Time   Description
---------------------------------------------------------------------------------------------
                      0.150000    0.000000    0.000000   clock sys_clk (rise edge)
                                  0.000000    0.000000   clock network delay (ideal)
                      0.150000    0.000000    0.000000 ^ _2151_/CLK (gf180mcu_fd_sc_mcu7t5v0__dffrnq_1)
     1    0.003014    0.171585    1.251414    1.251414 v _2151_/Q (gf180mcu_fd_sc_mcu7t5v0__dffrnq_1)
                                                         u_dc_fifo_rx.u_dout.empty_synch.d_middle[1] (net)
                      0.171585    0.000000    1.251414 v _2147_/D (gf180mcu_fd_sc_mcu7t5v0__dffrnq_1)
                                              1.251414   data arrival time

                      0.150000    0.000000    0.000000   clock sys_clk (rise edge)
                                  0.000000    0.000000   clock network delay (ideal)
                                  0.250000    0.250000   clock uncertainty
                                  0.000000    0.250000   clock reconvergence pessimism
                                              0.250000 ^ _2147_/CLK (gf180mcu_fd_sc_mcu7t5v0__dffrnq_1)
                                  0.221935    0.471935   library hold time
                                              0.471935   data required time
---------------------------------------------------------------------------------------------
                                              0.471935   data required time
                                             -1.251414   data arrival time
---------------------------------------------------------------------------------------------
                                              0.779479   slack (MET)


Startpoint: _2154_ (rising edge-triggered flip-flop clocked by periph_clk)
Endpoint: _2155_ (rising edge-triggered flip-flop clocked by periph_clk)
Path Group: periph_clk
Path Type: min

Fanout         Cap        Slew       Delay        Time   Description
---------------------------------------------------------------------------------------------
                      0.150000    0.000000    0.000000   clock periph_clk (rise edge)
                                  0.000000    0.000000   clock network delay (ideal)
                      0.150000    0.000000    0.000000 ^ _2154_/CLK (gf180mcu_fd_sc_mcu7t5v0__dffrnq_1)
     1    0.003014    0.171585    1.251414    1.251414 v _2154_/Q (gf180mcu_fd_sc_mcu7t5v0__dffrnq_1)
                                                         u_dc_fifo_rx.u_din.full.full_synch.d_middle[0] (net)
                      0.171585    0.000000    1.251414 v _2155_/D (gf180mcu_fd_sc_mcu7t5v0__dffrnq_1)
                                              1.251414   data arrival time

                      0.150000    0.000000    0.000000   clock periph_clk (rise edge)
                                  0.000000    0.000000   clock network delay (ideal)
                                  0.250000    0.250000   clock uncertainty
                                  0.000000    0.250000   clock reconvergence pessimism
                                              0.250000 ^ _2155_/CLK (gf180mcu_fd_sc_mcu7t5v0__dffrnq_1)
                                  0.221935    0.471935   library hold time
                                              0.471935   data required time
---------------------------------------------------------------------------------------------
                                              0.471935   data required time
                                             -1.251414   data arrival time
---------------------------------------------------------------------------------------------
                                              0.779479   slack (MET)


Startpoint: _2178_ (rising edge-triggered flip-flop clocked by sys_clk)
Endpoint: _2179_ (rising edge-triggered flip-flop clocked by sys_clk)
Path Group: sys_clk
Path Type: min

Fanout         Cap        Slew       Delay        Time   Description
---------------------------------------------------------------------------------------------
                      0.150000    0.000000    0.000000   clock sys_clk (rise edge)
                                  0.000000    0.000000   clock network delay (ideal)
                      0.150000    0.000000    0.000000 ^ _2178_/CLK (gf180mcu_fd_sc_mcu7t5v0__dffrnq_1)
     1    0.003014    0.171585    1.251414    1.251414 v _2178_/Q (gf180mcu_fd_sc_mcu7t5v0__dffrnq_1)
                                                         i_ep_err_overflow.i_sync_clkb.i_pulp_sync.r_reg[0] (net)
                      0.171585    0.000000    1.251414 v _2179_/D (gf180mcu_fd_sc_mcu7t5v0__dffrnq_1)
                                              1.251414   data arrival time

                      0.150000    0.000000    0.000000   clock sys_clk (rise edge)
                                  0.000000    0.000000   clock network delay (ideal)
                                  0.250000    0.250000   clock uncertainty
                                  0.000000    0.250000   clock reconvergence pessimism
                                              0.250000 ^ _2179_/CLK (gf180mcu_fd_sc_mcu7t5v0__dffrnq_1)
                                  0.221935    0.471935   library hold time
                                              0.471935   data required time
---------------------------------------------------------------------------------------------
                                              0.471935   data required time
                                             -1.251414   data arrival time
---------------------------------------------------------------------------------------------
                                              0.779479   slack (MET)


Startpoint: _2181_ (rising edge-triggered flip-flop clocked by periph_clk)
Endpoint: _2180_ (rising edge-triggered flip-flop clocked by periph_clk)
Path Group: periph_clk
Path Type: min

Fanout         Cap        Slew       Delay        Time   Description
---------------------------------------------------------------------------------------------
                      0.150000    0.000000    0.000000   clock periph_clk (rise edge)
                                  0.000000    0.000000   clock network delay (ideal)
                      0.150000    0.000000    0.000000 ^ _2181_/CLK (gf180mcu_fd_sc_mcu7t5v0__dffrnq_1)
     1    0.003014    0.171585    1.251414    1.251414 v _2181_/Q (gf180mcu_fd_sc_mcu7t5v0__dffrnq_1)
                                                         i_ep_err_overflow.sync_a[1] (net)
                      0.171585    0.000000    1.251414 v _2180_/D (gf180mcu_fd_sc_mcu7t5v0__dffrnq_1)
                                              1.251414   data arrival time

                      0.150000    0.000000    0.000000   clock periph_clk (rise edge)
                                  0.000000    0.000000   clock network delay (ideal)
                                  0.250000    0.250000   clock uncertainty
                                  0.000000    0.250000   clock reconvergence pessimism
                                              0.250000 ^ _2180_/CLK (gf180mcu_fd_sc_mcu7t5v0__dffrnq_1)
                                  0.221935    0.471935   library hold time
                                              0.471935   data required time
---------------------------------------------------------------------------------------------
                                              0.471935   data required time
                                             -1.251414   data arrival time
---------------------------------------------------------------------------------------------
                                              0.779479   slack (MET)


Startpoint: _2184_ (rising edge-triggered flip-flop clocked by sys_clk)
Endpoint: _2185_ (rising edge-triggered flip-flop clocked by sys_clk)
Path Group: sys_clk
Path Type: min

Fanout         Cap        Slew       Delay        Time   Description
---------------------------------------------------------------------------------------------
                      0.150000    0.000000    0.000000   clock sys_clk (rise edge)
                                  0.000000    0.000000   clock network delay (ideal)
                      0.150000    0.000000    0.000000 ^ _2184_/CLK (gf180mcu_fd_sc_mcu7t5v0__dffrnq_1)
     1    0.003014    0.171585    1.251414    1.251414 v _2184_/Q (gf180mcu_fd_sc_mcu7t5v0__dffrnq_1)
                                                         i_ep_err_parity.i_sync_clkb.i_pulp_sync.r_reg[0] (net)
                      0.171585    0.000000    1.251414 v _2185_/D (gf180mcu_fd_sc_mcu7t5v0__dffrnq_1)
                                              1.251414   data arrival time

                      0.150000    0.000000    0.000000   clock sys_clk (rise edge)
                                  0.000000    0.000000   clock network delay (ideal)
                                  0.250000    0.250000   clock uncertainty
                                  0.000000    0.250000   clock reconvergence pessimism
                                              0.250000 ^ _2185_/CLK (gf180mcu_fd_sc_mcu7t5v0__dffrnq_1)
                                  0.221935    0.471935   library hold time
                                              0.471935   data required time
---------------------------------------------------------------------------------------------
                                              0.471935   data required time
                                             -1.251414   data arrival time
---------------------------------------------------------------------------------------------
                                              0.779479   slack (MET)


Startpoint: _2187_ (rising edge-triggered flip-flop clocked by periph_clk)
Endpoint: _2186_ (rising edge-triggered flip-flop clocked by periph_clk)
Path Group: periph_clk
Path Type: min

Fanout         Cap        Slew       Delay        Time   Description
---------------------------------------------------------------------------------------------
                      0.150000    0.000000    0.000000   clock periph_clk (rise edge)
                                  0.000000    0.000000   clock network delay (ideal)
                      0.150000    0.000000    0.000000 ^ _2187_/CLK (gf180mcu_fd_sc_mcu7t5v0__dffrnq_1)
     1    0.003014    0.171585    1.251414    1.251414 v _2187_/Q (gf180mcu_fd_sc_mcu7t5v0__dffrnq_1)
                                                         i_ep_err_parity.sync_a[1] (net)
                      0.171585    0.000000    1.251414 v _2186_/D (gf180mcu_fd_sc_mcu7t5v0__dffrnq_1)
                                              1.251414   data arrival time

                      0.150000    0.000000    0.000000   clock periph_clk (rise edge)
                                  0.000000    0.000000   clock network delay (ideal)
                                  0.250000    0.250000   clock uncertainty
                                  0.000000    0.250000   clock reconvergence pessimism
                                              0.250000 ^ _2186_/CLK (gf180mcu_fd_sc_mcu7t5v0__dffrnq_1)
                                  0.221935    0.471935   library hold time
                                              0.471935   data required time
---------------------------------------------------------------------------------------------
                                              0.471935   data required time
                                             -1.251414   data arrival time
---------------------------------------------------------------------------------------------
                                              0.779479   slack (MET)


Startpoint: _2190_ (rising edge-triggered flip-flop clocked by sys_clk)
Endpoint: _2191_ (rising edge-triggered flip-flop clocked by sys_clk)
Path Group: sys_clk
Path Type: min

Fanout         Cap        Slew       Delay        Time   Description
---------------------------------------------------------------------------------------------
                      0.150000    0.000000    0.000000   clock sys_clk (rise edge)
                                  0.000000    0.000000   clock network delay (ideal)
                      0.150000    0.000000    0.000000 ^ _2190_/CLK (gf180mcu_fd_sc_mcu7t5v0__dffrnq_1)
     1    0.003014    0.171585    1.251414    1.251414 v _2190_/Q (gf180mcu_fd_sc_mcu7t5v0__dffrnq_1)
                                                         i_ep_event.i_sync_clkb.i_pulp_sync.r_reg[0] (net)
                      0.171585    0.000000    1.251414 v _2191_/D (gf180mcu_fd_sc_mcu7t5v0__dffrnq_1)
                                              1.251414   data arrival time

                      0.150000    0.000000    0.000000   clock sys_clk (rise edge)
                                  0.000000    0.000000   clock network delay (ideal)
                                  0.250000    0.250000   clock uncertainty
                                  0.000000    0.250000   clock reconvergence pessimism
                                              0.250000 ^ _2191_/CLK (gf180mcu_fd_sc_mcu7t5v0__dffrnq_1)
                                  0.221935    0.471935   library hold time
                                              0.471935   data required time
---------------------------------------------------------------------------------------------
                                              0.471935   data required time
                                             -1.251414   data arrival time
---------------------------------------------------------------------------------------------
                                              0.779479   slack (MET)


Startpoint: _2193_ (rising edge-triggered flip-flop clocked by periph_clk)
Endpoint: _2192_ (rising edge-triggered flip-flop clocked by periph_clk)
Path Group: periph_clk
Path Type: min

Fanout         Cap        Slew       Delay        Time   Description
---------------------------------------------------------------------------------------------
                      0.150000    0.000000    0.000000   clock periph_clk (rise edge)
                                  0.000000    0.000000   clock network delay (ideal)
                      0.150000    0.000000    0.000000 ^ _2193_/CLK (gf180mcu_fd_sc_mcu7t5v0__dffrnq_1)
     1    0.003014    0.171585    1.251414    1.251414 v _2193_/Q (gf180mcu_fd_sc_mcu7t5v0__dffrnq_1)
                                                         i_ep_event.sync_a[1] (net)
                      0.171585    0.000000    1.251414 v _2192_/D (gf180mcu_fd_sc_mcu7t5v0__dffrnq_1)
                                              1.251414   data arrival time

                      0.150000    0.000000    0.000000   clock periph_clk (rise edge)
                                  0.000000    0.000000   clock network delay (ideal)
                                  0.250000    0.250000   clock uncertainty
                                  0.000000    0.250000   clock reconvergence pessimism
                                              0.250000 ^ _2192_/CLK (gf180mcu_fd_sc_mcu7t5v0__dffrnq_1)
                                  0.221935    0.471935   library hold time
                                              0.471935   data required time
---------------------------------------------------------------------------------------------
                                              0.471935   data required time
                                             -1.251414   data arrival time
---------------------------------------------------------------------------------------------
                                              0.779479   slack (MET)


Startpoint: _2179_ (rising edge-triggered flip-flop clocked by sys_clk)
Endpoint: _2177_ (rising edge-triggered flip-flop clocked by sys_clk)
Path Group: sys_clk
Path Type: min

Fanout         Cap        Slew       Delay        Time   Description
---------------------------------------------------------------------------------------------
                      0.150000    0.000000    0.000000   clock sys_clk (rise edge)
                                  0.000000    0.000000   clock network delay (ideal)
                      0.150000    0.000000    0.000000 ^ _2179_/CLK (gf180mcu_fd_sc_mcu7t5v0__dffrnq_1)
     2    0.007625    0.244919    1.315250    1.315250 v _2179_/Q (gf180mcu_fd_sc_mcu7t5v0__dffrnq_1)
                                                         i_ep_err_overflow.i_sync_clkb.i_pulp_sync.r_reg[1] (net)
                      0.244919    0.000000    1.315250 v _2177_/D (gf180mcu_fd_sc_mcu7t5v0__dffrnq_1)
                                              1.315250   data arrival time

                      0.150000    0.000000    0.000000   clock sys_clk (rise edge)
                                  0.000000    0.000000   clock network delay (ideal)
                                  0.250000    0.250000   clock uncertainty
                                  0.000000    0.250000   clock reconvergence pessimism
                                              0.250000 ^ _2177_/CLK (gf180mcu_fd_sc_mcu7t5v0__dffrnq_1)
                                  0.202737    0.452737   library hold time
                                              0.452737   data required time
---------------------------------------------------------------------------------------------
                                              0.452737   data required time
                                             -1.315250   data arrival time
---------------------------------------------------------------------------------------------
                                              0.862513   slack (MET)


Startpoint: _2185_ (rising edge-triggered flip-flop clocked by sys_clk)
Endpoint: _2183_ (rising edge-triggered flip-flop clocked by sys_clk)
Path Group: sys_clk
Path Type: min

Fanout         Cap        Slew       Delay        Time   Description
---------------------------------------------------------------------------------------------
                      0.150000    0.000000    0.000000   clock sys_clk (rise edge)
                                  0.000000    0.000000   clock network delay (ideal)
                      0.150000    0.000000    0.000000 ^ _2185_/CLK (gf180mcu_fd_sc_mcu7t5v0__dffrnq_1)
     2    0.007625    0.244919    1.315250    1.315250 v _2185_/Q (gf180mcu_fd_sc_mcu7t5v0__dffrnq_1)
                                                         i_ep_err_parity.i_sync_clkb.i_pulp_sync.r_reg[1] (net)
                      0.244919    0.000000    1.315250 v _2183_/D (gf180mcu_fd_sc_mcu7t5v0__dffrnq_1)
                                              1.315250   data arrival time

                      0.150000    0.000000    0.000000   clock sys_clk (rise edge)
                                  0.000000    0.000000   clock network delay (ideal)
                                  0.250000    0.250000   clock uncertainty
                                  0.000000    0.250000   clock reconvergence pessimism
                                              0.250000 ^ _2183_/CLK (gf180mcu_fd_sc_mcu7t5v0__dffrnq_1)
                                  0.202737    0.452737   library hold time
                                              0.452737   data required time
---------------------------------------------------------------------------------------------
                                              0.452737   data required time
                                             -1.315250   data arrival time
---------------------------------------------------------------------------------------------
                                              0.862513   slack (MET)


Startpoint: _2104_ (rising edge-triggered flip-flop clocked by periph_clk)
Endpoint: _2105_ (rising edge-triggered flip-flop clocked by periph_clk)
Path Group: periph_clk
Path Type: min

Fanout         Cap        Slew       Delay        Time   Description
---------------------------------------------------------------------------------------------
                      0.150000    0.000000    0.000000   clock periph_clk (rise edge)
                                  0.000000    0.000000   clock network delay (ideal)
                      0.150000    0.000000    0.000000 ^ _2104_/CLK (gf180mcu_fd_sc_mcu7t5v0__dffrnq_1)
     2    0.007708    0.246239    1.316399    1.316399 v _2104_/Q (gf180mcu_fd_sc_mcu7t5v0__dffrnq_1)
                                                         r_uart_en_rx_sync[1] (net)
                      0.246239    0.000000    1.316399 v _2105_/D (gf180mcu_fd_sc_mcu7t5v0__dffrnq_1)
                                              1.316399   data arrival time

                      0.150000    0.000000    0.000000   clock periph_clk (rise edge)
                                  0.000000    0.000000   clock network delay (ideal)
                                  0.250000    0.250000   clock uncertainty
                                  0.000000    0.250000   clock reconvergence pessimism
                                              0.250000 ^ _2105_/CLK (gf180mcu_fd_sc_mcu7t5v0__dffrnq_1)
                                  0.202440    0.452440   library hold time
                                              0.452440   data required time
---------------------------------------------------------------------------------------------
                                              0.452440   data required time
                                             -1.316399   data arrival time
---------------------------------------------------------------------------------------------
                                              0.863959   slack (MET)


Startpoint: _2191_ (rising edge-triggered flip-flop clocked by sys_clk)
Endpoint: _2189_ (rising edge-triggered flip-flop clocked by sys_clk)
Path Group: sys_clk
Path Type: min

Fanout         Cap        Slew       Delay        Time   Description
---------------------------------------------------------------------------------------------
                      0.150000    0.000000    0.000000   clock sys_clk (rise edge)
                                  0.000000    0.000000   clock network delay (ideal)
                      0.150000    0.000000    0.000000 ^ _2191_/CLK (gf180mcu_fd_sc_mcu7t5v0__dffrnq_1)
     2    0.007937    0.249881    1.319569    1.319569 v _2191_/Q (gf180mcu_fd_sc_mcu7t5v0__dffrnq_1)
                                                         i_ep_event.i_sync_clkb.i_pulp_sync.r_reg[1] (net)
                      0.249881    0.000000    1.319569 v _2189_/D (gf180mcu_fd_sc_mcu7t5v0__dffrnq_1)
                                              1.319569   data arrival time

                      0.150000    0.000000    0.000000   clock sys_clk (rise edge)
                                  0.000000    0.000000   clock network delay (ideal)
                                  0.250000    0.250000   clock uncertainty
                                  0.000000    0.250000   clock reconvergence pessimism
                                              0.250000 ^ _2189_/CLK (gf180mcu_fd_sc_mcu7t5v0__dffrnq_1)
                                  0.201621    0.451621   library hold time
                                              0.451621   data required time
---------------------------------------------------------------------------------------------
                                              0.451621   data required time
                                             -1.319569   data arrival time
---------------------------------------------------------------------------------------------
                                              0.867948   slack (MET)


Startpoint: _2107_ (rising edge-triggered flip-flop clocked by periph_clk)
Endpoint: _2108_ (rising edge-triggered flip-flop clocked by periph_clk)
Path Group: periph_clk
Path Type: min

Fanout         Cap        Slew       Delay        Time   Description
---------------------------------------------------------------------------------------------
                      0.150000    0.000000    0.000000   clock periph_clk (rise edge)
                                  0.000000    0.000000   clock network delay (ideal)
                      0.150000    0.000000    0.000000 ^ _2107_/CLK (gf180mcu_fd_sc_mcu7t5v0__dffrnq_1)
     2    0.008025    0.251280    1.320788    1.320788 v _2107_/Q (gf180mcu_fd_sc_mcu7t5v0__dffrnq_1)
                                                         r_uart_en_tx_sync[1] (net)
                      0.251280    0.000000    1.320788 v _2108_/D (gf180mcu_fd_sc_mcu7t5v0__dffrnq_1)
                                              1.320788   data arrival time

                      0.150000    0.000000    0.000000   clock periph_clk (rise edge)
                                  0.000000    0.000000   clock network delay (ideal)
                                  0.250000    0.250000   clock uncertainty
                                  0.000000    0.250000   clock reconvergence pessimism
                                              0.250000 ^ _2108_/CLK (gf180mcu_fd_sc_mcu7t5v0__dffrnq_1)
                                  0.201307    0.451307   library hold time
                                              0.451307   data required time
---------------------------------------------------------------------------------------------
                                              0.451307   data required time
                                             -1.320788   data arrival time
---------------------------------------------------------------------------------------------
                                              0.869481   slack (MET)


Startpoint: _2124_ (rising edge-triggered flip-flop clocked by periph_clk)
Endpoint: _2120_ (rising edge-triggered flip-flop clocked by periph_clk)
Path Group: periph_clk
Path Type: min

Fanout         Cap        Slew       Delay        Time   Description
---------------------------------------------------------------------------------------------
                      0.150000    0.000000    0.000000   clock periph_clk (rise edge)
                                  0.000000    0.000000   clock network delay (ideal)
                      0.150000    0.000000    0.000000 ^ _2124_/CLK (gf180mcu_fd_sc_mcu7t5v0__dffsnq_1)
     1    0.002637    0.192009    1.392994    1.392994 v _2124_/Q (gf180mcu_fd_sc_mcu7t5v0__dffsnq_1)
                                                         u_dc_fifo_tx.u_dout.empty_synch.d_middle[2] (net)
                      0.192009    0.000000    1.392994 v _2120_/D (gf180mcu_fd_sc_mcu7t5v0__dffsnq_1)
                                              1.392994   data arrival time

                      0.150000    0.000000    0.000000   clock periph_clk (rise edge)
                                  0.000000    0.000000   clock network delay (ideal)
                                  0.250000    0.250000   clock uncertainty
                                  0.000000    0.250000   clock reconvergence pessimism
                                              0.250000 ^ _2120_/CLK (gf180mcu_fd_sc_mcu7t5v0__dffsnq_1)
                                  0.044379    0.294379   library hold time
                                              0.294379   data required time
---------------------------------------------------------------------------------------------
                                              0.294379   data required time
                                             -1.392994   data arrival time
---------------------------------------------------------------------------------------------
                                              1.098615   slack (MET)


Startpoint: _2125_ (rising edge-triggered flip-flop clocked by periph_clk)
Endpoint: _2121_ (rising edge-triggered flip-flop clocked by periph_clk)
Path Group: periph_clk
Path Type: min

Fanout         Cap        Slew       Delay        Time   Description
---------------------------------------------------------------------------------------------
                      0.150000    0.000000    0.000000   clock periph_clk (rise edge)
                                  0.000000    0.000000   clock network delay (ideal)
                      0.150000    0.000000    0.000000 ^ _2125_/CLK (gf180mcu_fd_sc_mcu7t5v0__dffsnq_1)
     1    0.002637    0.192009    1.392994    1.392994 v _2125_/Q (gf180mcu_fd_sc_mcu7t5v0__dffsnq_1)
                                                         u_dc_fifo_tx.u_dout.empty_synch.d_middle[3] (net)
                      0.192009    0.000000    1.392994 v _2121_/D (gf180mcu_fd_sc_mcu7t5v0__dffsnq_1)
                                              1.392994   data arrival time

                      0.150000    0.000000    0.000000   clock periph_clk (rise edge)
                                  0.000000    0.000000   clock network delay (ideal)
                                  0.250000    0.250000   clock uncertainty
                                  0.000000    0.250000   clock reconvergence pessimism
                                              0.250000 ^ _2121_/CLK (gf180mcu_fd_sc_mcu7t5v0__dffsnq_1)
                                  0.044379    0.294379   library hold time
                                              0.294379   data required time
---------------------------------------------------------------------------------------------
                                              0.294379   data required time
                                             -1.392994   data arrival time
---------------------------------------------------------------------------------------------
                                              1.098615   slack (MET)


Startpoint: _2152_ (rising edge-triggered flip-flop clocked by sys_clk)
Endpoint: _2148_ (rising edge-triggered flip-flop clocked by sys_clk)
Path Group: sys_clk
Path Type: min

Fanout         Cap        Slew       Delay        Time   Description
---------------------------------------------------------------------------------------------
                      0.150000    0.000000    0.000000   clock sys_clk (rise edge)
                                  0.000000    0.000000   clock network delay (ideal)
                      0.150000    0.000000    0.000000 ^ _2152_/CLK (gf180mcu_fd_sc_mcu7t5v0__dffsnq_1)
     1    0.002637    0.192009    1.392994    1.392994 v _2152_/Q (gf180mcu_fd_sc_mcu7t5v0__dffsnq_1)
                                                         u_dc_fifo_rx.u_dout.empty_synch.d_middle[2] (net)
                      0.192009    0.000000    1.392994 v _2148_/D (gf180mcu_fd_sc_mcu7t5v0__dffsnq_1)
                                              1.392994   data arrival time

                      0.150000    0.000000    0.000000   clock sys_clk (rise edge)
                                  0.000000    0.000000   clock network delay (ideal)
                                  0.250000    0.250000   clock uncertainty
                                  0.000000    0.250000   clock reconvergence pessimism
                                              0.250000 ^ _2148_/CLK (gf180mcu_fd_sc_mcu7t5v0__dffsnq_1)
                                  0.044379    0.294379   library hold time
                                              0.294379   data required time
---------------------------------------------------------------------------------------------
                                              0.294379   data required time
                                             -1.392994   data arrival time
---------------------------------------------------------------------------------------------
                                              1.098615   slack (MET)


Startpoint: _2153_ (rising edge-triggered flip-flop clocked by sys_clk)
Endpoint: _2149_ (rising edge-triggered flip-flop clocked by sys_clk)
Path Group: sys_clk
Path Type: min

Fanout         Cap        Slew       Delay        Time   Description
---------------------------------------------------------------------------------------------
                      0.150000    0.000000    0.000000   clock sys_clk (rise edge)
                                  0.000000    0.000000   clock network delay (ideal)
                      0.150000    0.000000    0.000000 ^ _2153_/CLK (gf180mcu_fd_sc_mcu7t5v0__dffsnq_1)
     1    0.002637    0.192009    1.392994    1.392994 v _2153_/Q (gf180mcu_fd_sc_mcu7t5v0__dffsnq_1)
                                                         u_dc_fifo_rx.u_dout.empty_synch.d_middle[3] (net)
                      0.192009    0.000000    1.392994 v _2149_/D (gf180mcu_fd_sc_mcu7t5v0__dffsnq_1)
                                              1.392994   data arrival time

                      0.150000    0.000000    0.000000   clock sys_clk (rise edge)
                                  0.000000    0.000000   clock network delay (ideal)
                                  0.250000    0.250000   clock uncertainty
                                  0.000000    0.250000   clock reconvergence pessimism
                                              0.250000 ^ _2149_/CLK (gf180mcu_fd_sc_mcu7t5v0__dffsnq_1)
                                  0.044379    0.294379   library hold time
                                              0.294379   data required time
---------------------------------------------------------------------------------------------
                                              0.294379   data required time
                                             -1.392994   data arrival time
---------------------------------------------------------------------------------------------
                                              1.098615   slack (MET)


Startpoint: _2182_ (rising edge-triggered flip-flop clocked by periph_clk)
Endpoint: _2182_ (rising edge-triggered flip-flop clocked by periph_clk)
Path Group: periph_clk
Path Type: min

Fanout         Cap        Slew       Delay        Time   Description
---------------------------------------------------------------------------------------------
                      0.150000    0.000000    0.000000   clock periph_clk (rise edge)
                                  0.000000    0.000000   clock network delay (ideal)
                      0.150000    0.000000    0.000000 ^ _2182_/CLK (gf180mcu_fd_sc_mcu7t5v0__dffrnq_1)
     2    0.007324    0.240131    1.311083    1.311083 v _2182_/Q (gf180mcu_fd_sc_mcu7t5v0__dffrnq_1)
                                                         i_ep_err_overflow.i_sync_clkb.i_pulp_sync.serial_i (net)
                      0.240131    0.000000    1.311083 v _0948_/I (gf180mcu_fd_sc_mcu7t5v0__clkinv_1)
     1    0.005098    0.237310    0.203570    1.514653 ^ _0948_/ZN (gf180mcu_fd_sc_mcu7t5v0__clkinv_1)
                                                         _0739_ (net)
                      0.237310    0.000000    1.514653 ^ _1167_/B1 (gf180mcu_fd_sc_mcu7t5v0__oai32_1)
     1    0.003014    0.163292    0.156053    1.670707 v _1167_/ZN (gf180mcu_fd_sc_mcu7t5v0__oai32_1)
                                                         i_ep_err_overflow.s_input_reg_next (net)
                      0.163292    0.000000    1.670707 v _2182_/D (gf180mcu_fd_sc_mcu7t5v0__dffrnq_1)
                                              1.670707   data arrival time

                      0.150000    0.000000    0.000000   clock periph_clk (rise edge)
                                  0.000000    0.000000   clock network delay (ideal)
                                  0.250000    0.250000   clock uncertainty
                                  0.000000    0.250000   clock reconvergence pessimism
                                              0.250000 ^ _2182_/CLK (gf180mcu_fd_sc_mcu7t5v0__dffrnq_1)
                                  0.224141    0.474141   library hold time
                                              0.474141   data required time
---------------------------------------------------------------------------------------------
                                              0.474141   data required time
                                             -1.670707   data arrival time
---------------------------------------------------------------------------------------------
                                              1.196565   slack (MET)


Startpoint: _2194_ (rising edge-triggered flip-flop clocked by periph_clk)
Endpoint: _2194_ (rising edge-triggered flip-flop clocked by periph_clk)
Path Group: periph_clk
Path Type: min

Fanout         Cap        Slew       Delay        Time   Description
---------------------------------------------------------------------------------------------
                      0.150000    0.000000    0.000000   clock periph_clk (rise edge)
                                  0.000000    0.000000   clock network delay (ideal)
                      0.150000    0.000000    0.000000 ^ _2194_/CLK (gf180mcu_fd_sc_mcu7t5v0__dffrnq_1)
     2    0.007324    0.240131    1.311083    1.311083 v _2194_/Q (gf180mcu_fd_sc_mcu7t5v0__dffrnq_1)
                                                         i_ep_event.i_sync_clkb.i_pulp_sync.serial_i (net)
                      0.240131    0.000000    1.311083 v _0950_/I (gf180mcu_fd_sc_mcu7t5v0__clkinv_1)
     1    0.005088    0.237067    0.203412    1.514495 ^ _0950_/ZN (gf180mcu_fd_sc_mcu7t5v0__clkinv_1)
                                                         _0741_ (net)
                      0.237067    0.000000    1.514495 ^ _1172_/A1 (gf180mcu_fd_sc_mcu7t5v0__oai21_1)
     1    0.003014    0.213141    0.186718    1.701213 v _1172_/ZN (gf180mcu_fd_sc_mcu7t5v0__oai21_1)
                                                         i_ep_event.s_input_reg_next (net)
                      0.213141    0.000000    1.701213 v _2194_/D (gf180mcu_fd_sc_mcu7t5v0__dffrnq_1)
                                              1.701213   data arrival time

                      0.150000    0.000000    0.000000   clock periph_clk (rise edge)
                                  0.000000    0.000000   clock network delay (ideal)
                                  0.250000    0.250000   clock uncertainty
                                  0.000000    0.250000   clock reconvergence pessimism
                                              0.250000 ^ _2194_/CLK (gf180mcu_fd_sc_mcu7t5v0__dffrnq_1)
                                  0.210877    0.460877   library hold time
                                              0.460877   data required time
---------------------------------------------------------------------------------------------
                                              0.460877   data required time
                                             -1.701213   data arrival time
---------------------------------------------------------------------------------------------
                                              1.240336   slack (MET)


Startpoint: _2188_ (rising edge-triggered flip-flop clocked by periph_clk)
Endpoint: _2188_ (rising edge-triggered flip-flop clocked by periph_clk)
Path Group: periph_clk
Path Type: min

Fanout         Cap        Slew       Delay        Time   Description
---------------------------------------------------------------------------------------------
                      0.150000    0.000000    0.000000   clock periph_clk (rise edge)
                                  0.000000    0.000000   clock network delay (ideal)
                      0.150000    0.000000    0.000000 ^ _2188_/CLK (gf180mcu_fd_sc_mcu7t5v0__dffrnq_1)
     2    0.007324    0.240131    1.311083    1.311083 v _2188_/Q (gf180mcu_fd_sc_mcu7t5v0__dffrnq_1)
                                                         i_ep_err_parity.i_sync_clkb.i_pulp_sync.serial_i (net)
                      0.240131    0.000000    1.311083 v _0949_/I (gf180mcu_fd_sc_mcu7t5v0__clkinv_1)
     1    0.004953    0.233786    0.201277    1.512360 ^ _0949_/ZN (gf180mcu_fd_sc_mcu7t5v0__clkinv_1)
                                                         _0740_ (net)
                      0.233786    0.000000    1.512360 ^ _1169_/B1 (gf180mcu_fd_sc_mcu7t5v0__oai22_1)
     1    0.003014    0.193201    0.222253    1.734613 v _1169_/ZN (gf180mcu_fd_sc_mcu7t5v0__oai22_1)
                                                         i_ep_err_parity.s_input_reg_next (net)
                      0.193201    0.000000    1.734613 v _2188_/D (gf180mcu_fd_sc_mcu7t5v0__dffrnq_1)
                                              1.734613   data arrival time

                      0.150000    0.000000    0.000000   clock periph_clk (rise edge)
                                  0.000000    0.000000   clock network delay (ideal)
                                  0.250000    0.250000   clock uncertainty
                                  0.000000    0.250000   clock reconvergence pessimism
                                              0.250000 ^ _2188_/CLK (gf180mcu_fd_sc_mcu7t5v0__dffrnq_1)
                                  0.216183    0.466183   library hold time
                                              0.466183   data required time
---------------------------------------------------------------------------------------------
                                              0.466183   data required time
                                             -1.734613   data arrival time
---------------------------------------------------------------------------------------------
                                              1.268430   slack (MET)


Startpoint: _2038_ (rising edge-triggered flip-flop clocked by sys_clk)
Endpoint: _2038_ (rising edge-triggered flip-flop clocked by sys_clk)
Path Group: sys_clk
Path Type: min

Fanout         Cap        Slew       Delay        Time   Description
---------------------------------------------------------------------------------------------
                      0.150000    0.000000    0.000000   clock sys_clk (rise edge)
                                  0.000000    0.000000   clock network delay (ideal)
                      0.150000    0.000000    0.000000 ^ _2038_/CLK (gf180mcu_fd_sc_mcu7t5v0__dffrnq_1)
     2    0.008768    0.262899    1.330691    1.330691 v _2038_/Q (gf180mcu_fd_sc_mcu7t5v0__dffrnq_1)
                                                         u_reg_if.r_err_parity (net)
                      0.262899    0.000000    1.330691 v _1668_/A2 (gf180mcu_fd_sc_mcu7t5v0__nand2_1)
     1    0.004611    0.313657    0.269699    1.600391 ^ _1668_/ZN (gf180mcu_fd_sc_mcu7t5v0__nand2_1)
                                                         _0569_ (net)
                      0.313657    0.000000    1.600391 ^ _1669_/A2 (gf180mcu_fd_sc_mcu7t5v0__nand2_1)
     1    0.003014    0.205690    0.179271    1.779662 v _1669_/ZN (gf180mcu_fd_sc_mcu7t5v0__nand2_1)
                                                         _0226_ (net)
                      0.205690    0.000000    1.779662 v _2038_/D (gf180mcu_fd_sc_mcu7t5v0__dffrnq_1)
                                              1.779662   data arrival time

                      0.150000    0.000000    0.000000   clock sys_clk (rise edge)
                                  0.000000    0.000000   clock network delay (ideal)
                                  0.250000    0.250000   clock uncertainty
                                  0.000000    0.250000   clock reconvergence pessimism
                                              0.250000 ^ _2038_/CLK (gf180mcu_fd_sc_mcu7t5v0__dffrnq_1)
                                  0.212860    0.462860   library hold time
                                              0.462860   data required time
---------------------------------------------------------------------------------------------
                                              0.462860   data required time
                                             -1.779662   data arrival time
---------------------------------------------------------------------------------------------
                                              1.316802   slack (MET)


Startpoint: _2039_ (rising edge-triggered flip-flop clocked by sys_clk)
Endpoint: _2039_ (rising edge-triggered flip-flop clocked by sys_clk)
Path Group: sys_clk
Path Type: min

Fanout         Cap        Slew       Delay        Time   Description
---------------------------------------------------------------------------------------------
                      0.150000    0.000000    0.000000   clock sys_clk (rise edge)
                                  0.000000    0.000000   clock network delay (ideal)
                      0.150000    0.000000    0.000000 ^ _2039_/CLK (gf180mcu_fd_sc_mcu7t5v0__dffrnq_1)
     2    0.008768    0.262899    1.330691    1.330691 v _2039_/Q (gf180mcu_fd_sc_mcu7t5v0__dffrnq_1)
                                                         u_reg_if.r_err_overflow (net)
                      0.262899    0.000000    1.330691 v _1670_/A2 (gf180mcu_fd_sc_mcu7t5v0__nand2_1)
     1    0.004611    0.313657    0.269699    1.600391 ^ _1670_/ZN (gf180mcu_fd_sc_mcu7t5v0__nand2_1)
                                                         _0570_ (net)
                      0.313657    0.000000    1.600391 ^ _1671_/A2 (gf180mcu_fd_sc_mcu7t5v0__nand2_1)
     1    0.003014    0.205690    0.179271    1.779662 v _1671_/ZN (gf180mcu_fd_sc_mcu7t5v0__nand2_1)
                                                         _0227_ (net)
                      0.205690    0.000000    1.779662 v _2039_/D (gf180mcu_fd_sc_mcu7t5v0__dffrnq_1)
                                              1.779662   data arrival time

                      0.150000    0.000000    0.000000   clock sys_clk (rise edge)
                                  0.000000    0.000000   clock network delay (ideal)
                                  0.250000    0.250000   clock uncertainty
                                  0.000000    0.250000   clock reconvergence pessimism
                                              0.250000 ^ _2039_/CLK (gf180mcu_fd_sc_mcu7t5v0__dffrnq_1)
                                  0.212860    0.462860   library hold time
                                              0.462860   data required time
---------------------------------------------------------------------------------------------
                                              0.462860   data required time
                                             -1.779662   data arrival time
---------------------------------------------------------------------------------------------
                                              1.316802   slack (MET)


Startpoint: _1920_ (rising edge-triggered flip-flop clocked by sys_clk)
Endpoint: _1920_ (rising edge-triggered flip-flop clocked by sys_clk)
Path Group: sys_clk
Path Type: min

Fanout         Cap        Slew       Delay        Time   Description
---------------------------------------------------------------------------------------------
                      0.150000    0.000000    0.000000   clock sys_clk (rise edge)
                                  0.000000    0.000000   clock network delay (ideal)
                      0.150000    0.000000    0.000000 ^ _1920_/CLK (gf180mcu_fd_sc_mcu7t5v0__dffrnq_1)
     2    0.009222    0.269547    1.335870    1.335870 v _1920_/Q (gf180mcu_fd_sc_mcu7t5v0__dffrnq_1)
                                                         u_dc_fifo_tx.u_din.buffer.data[24] (net)
                      0.269547    0.000000    1.335870 v _1512_/A2 (gf180mcu_fd_sc_mcu7t5v0__nand2_1)
     1    0.004611    0.314743    0.271770    1.607640 ^ _1512_/ZN (gf180mcu_fd_sc_mcu7t5v0__nand2_1)
                                                         _0531_ (net)
                      0.314743    0.000000    1.607640 ^ _1513_/A2 (gf180mcu_fd_sc_mcu7t5v0__nand2_1)
     1    0.003014    0.205866    0.179317    1.786957 v _1513_/ZN (gf180mcu_fd_sc_mcu7t5v0__nand2_1)
                                                         _0108_ (net)
                      0.205866    0.000000    1.786957 v _1920_/D (gf180mcu_fd_sc_mcu7t5v0__dffrnq_1)
                                              1.786957   data arrival time

                      0.150000    0.000000    0.000000   clock sys_clk (rise edge)
                                  0.000000    0.000000   clock network delay (ideal)
                                  0.250000    0.250000   clock uncertainty
                                  0.000000    0.250000   clock reconvergence pessimism
                                              0.250000 ^ _1920_/CLK (gf180mcu_fd_sc_mcu7t5v0__dffrnq_1)
                                  0.212813    0.462813   library hold time
                                              0.462813   data required time
---------------------------------------------------------------------------------------------
                                              0.462813   data required time
                                             -1.786957   data arrival time
---------------------------------------------------------------------------------------------
                                              1.324144   slack (MET)


Startpoint: _1904_ (rising edge-triggered flip-flop clocked by sys_clk)
Endpoint: _1904_ (rising edge-triggered flip-flop clocked by sys_clk)
Path Group: sys_clk
Path Type: min

Fanout         Cap        Slew       Delay        Time   Description
---------------------------------------------------------------------------------------------
                      0.150000    0.000000    0.000000   clock sys_clk (rise edge)
                                  0.000000    0.000000   clock network delay (ideal)
                      0.150000    0.000000    0.000000 ^ _1904_/CLK (gf180mcu_fd_sc_mcu7t5v0__dffrnq_1)
     2    0.009301    0.270704    1.336771    1.336771 v _1904_/Q (gf180mcu_fd_sc_mcu7t5v0__dffrnq_1)
                                                         u_dc_fifo_tx.u_din.buffer.data[8] (net)
                      0.270704    0.000000    1.336771 v _1476_/A2 (gf180mcu_fd_sc_mcu7t5v0__nand2_1)
     1    0.004923    0.324096    0.277478    1.614249 ^ _1476_/ZN (gf180mcu_fd_sc_mcu7t5v0__nand2_1)
                                                         _0511_ (net)
                      0.324096    0.000000    1.614249 ^ _1479_/A1 (gf180mcu_fd_sc_mcu7t5v0__nand2_1)
     1    0.003014    0.216747    0.181583    1.795832 v _1479_/ZN (gf180mcu_fd_sc_mcu7t5v0__nand2_1)
                                                         _0092_ (net)
                      0.216747    0.000000    1.795832 v _1904_/D (gf180mcu_fd_sc_mcu7t5v0__dffrnq_1)
                                              1.795832   data arrival time

                      0.150000    0.000000    0.000000   clock sys_clk (rise edge)
                                  0.000000    0.000000   clock network delay (ideal)
                                  0.250000    0.250000   clock uncertainty
                                  0.000000    0.250000   clock reconvergence pessimism
                                              0.250000 ^ _1904_/CLK (gf180mcu_fd_sc_mcu7t5v0__dffrnq_1)
                                  0.209918    0.459918   library hold time
                                              0.459918   data required time
---------------------------------------------------------------------------------------------
                                              0.459918   data required time
                                             -1.795832   data arrival time
---------------------------------------------------------------------------------------------
                                              1.335914   slack (MET)


Startpoint: _2081_ (rising edge-triggered flip-flop clocked by periph_clk)
Endpoint: _2081_ (rising edge-triggered flip-flop clocked by periph_clk)
Path Group: periph_clk
Path Type: min

Fanout         Cap        Slew       Delay        Time   Description
---------------------------------------------------------------------------------------------
                      0.150000    0.000000    0.000000   clock periph_clk (rise edge)
                                  0.000000    0.000000   clock network delay (ideal)
                      0.150000    0.000000    0.000000 ^ _2081_/CLK (gf180mcu_fd_sc_mcu7t5v0__dffrnq_1)
     1    0.004310    0.192196    1.269356    1.269356 v _2081_/Q (gf180mcu_fd_sc_mcu7t5v0__dffrnq_1)
                                                         u_uart_tx.reg_bit_count[2] (net)
                      0.192196    0.000000    1.269356 v _0958_/I (gf180mcu_fd_sc_mcu7t5v0__clkinv_1)
     3    0.013110    0.448724    0.314977    1.584333 ^ _0958_/ZN (gf180mcu_fd_sc_mcu7t5v0__clkinv_1)
                                                         _0749_ (net)
                      0.448724    0.000000    1.584333 ^ _1830_/B2 (gf180mcu_fd_sc_mcu7t5v0__oai32_1)
     1    0.003014    0.234774    0.207741    1.792074 v _1830_/ZN (gf180mcu_fd_sc_mcu7t5v0__oai32_1)
                                                         _0269_ (net)
                      0.234774    0.000000    1.792074 v _2081_/D (gf180mcu_fd_sc_mcu7t5v0__dffrnq_1)
                                              1.792074   data arrival time

                      0.150000    0.000000    0.000000   clock periph_clk (rise edge)
                                  0.000000    0.000000   clock network delay (ideal)
                                  0.250000    0.250000   clock uncertainty
                                  0.000000    0.250000   clock reconvergence pessimism
                                              0.250000 ^ _2081_/CLK (gf180mcu_fd_sc_mcu7t5v0__dffrnq_1)
                                  0.205121    0.455121   library hold time
                                              0.455121   data required time
---------------------------------------------------------------------------------------------
                                              0.455121   data required time
                                             -1.792074   data arrival time
---------------------------------------------------------------------------------------------
                                              1.336953   slack (MET)


Startpoint: _1911_ (rising edge-triggered flip-flop clocked by sys_clk)
Endpoint: _1911_ (rising edge-triggered flip-flop clocked by sys_clk)
Path Group: sys_clk
Path Type: min

Fanout         Cap        Slew       Delay        Time   Description
---------------------------------------------------------------------------------------------
                      0.150000    0.000000    0.000000   clock sys_clk (rise edge)
                                  0.000000    0.000000   clock network delay (ideal)
                      0.150000    0.000000    0.000000 ^ _1911_/CLK (gf180mcu_fd_sc_mcu7t5v0__dffrnq_1)
     2    0.007571    0.244060    1.314502    1.314502 v _1911_/Q (gf180mcu_fd_sc_mcu7t5v0__dffrnq_1)
                                                         u_dc_fifo_tx.u_din.buffer.data[15] (net)
                      0.244060    0.000000    1.314502 v _1499_/A2 (gf180mcu_fd_sc_mcu7t5v0__nand2_1)
     1    0.004900    0.319202    0.268743    1.583246 ^ _1499_/ZN (gf180mcu_fd_sc_mcu7t5v0__nand2_1)
                                                         _0527_ (net)
                      0.319202    0.000000    1.583246 ^ _1500_/B (gf180mcu_fd_sc_mcu7t5v0__oai21_1)
     1    0.003014    0.214110    0.214630    1.797876 v _1500_/ZN (gf180mcu_fd_sc_mcu7t5v0__oai21_1)
                                                         _0099_ (net)
                      0.214110    0.000000    1.797876 v _1911_/D (gf180mcu_fd_sc_mcu7t5v0__dffrnq_1)
                                              1.797876   data arrival time

                      0.150000    0.000000    0.000000   clock sys_clk (rise edge)
                                  0.000000    0.000000   clock network delay (ideal)
                                  0.250000    0.250000   clock uncertainty
                                  0.000000    0.250000   clock reconvergence pessimism
                                              0.250000 ^ _1911_/CLK (gf180mcu_fd_sc_mcu7t5v0__dffrnq_1)
                                  0.210620    0.460620   library hold time
                                              0.460620   data required time
---------------------------------------------------------------------------------------------
                                              0.460620   data required time
                                             -1.797876   data arrival time
---------------------------------------------------------------------------------------------
                                              1.337256   slack (MET)


Startpoint: _1921_ (rising edge-triggered flip-flop clocked by sys_clk)
Endpoint: _1921_ (rising edge-triggered flip-flop clocked by sys_clk)
Path Group: sys_clk
Path Type: min

Fanout         Cap        Slew       Delay        Time   Description
---------------------------------------------------------------------------------------------
                      0.150000    0.000000    0.000000   clock sys_clk (rise edge)
                                  0.000000    0.000000   clock network delay (ideal)
                      0.150000    0.000000    0.000000 ^ _1921_/CLK (gf180mcu_fd_sc_mcu7t5v0__dffrnq_1)
     2    0.009222    0.269547    1.335870    1.335870 v _1921_/Q (gf180mcu_fd_sc_mcu7t5v0__dffrnq_1)
                                                         u_dc_fifo_tx.u_din.buffer.data[25] (net)
                      0.269547    0.000000    1.335870 v _1514_/A2 (gf180mcu_fd_sc_mcu7t5v0__nand2_1)
     1    0.004900    0.323238    0.276722    1.612592 ^ _1514_/ZN (gf180mcu_fd_sc_mcu7t5v0__nand2_1)
                                                         _0532_ (net)
                      0.323238    0.000000    1.612592 ^ _1515_/B (gf180mcu_fd_sc_mcu7t5v0__oai21_1)
     1    0.003014    0.215091    0.214986    1.827578 v _1515_/ZN (gf180mcu_fd_sc_mcu7t5v0__oai21_1)
                                                         _0109_ (net)
                      0.215091    0.000000    1.827578 v _1921_/D (gf180mcu_fd_sc_mcu7t5v0__dffrnq_1)
                                              1.827578   data arrival time

                      0.150000    0.000000    0.000000   clock sys_clk (rise edge)
                                  0.000000    0.000000   clock network delay (ideal)
                                  0.250000    0.250000   clock uncertainty
                                  0.000000    0.250000   clock reconvergence pessimism
                                              0.250000 ^ _1921_/CLK (gf180mcu_fd_sc_mcu7t5v0__dffrnq_1)
                                  0.210359    0.460359   library hold time
                                              0.460359   data required time
---------------------------------------------------------------------------------------------
                                              0.460359   data required time
                                             -1.827578   data arrival time
---------------------------------------------------------------------------------------------
                                              1.367219   slack (MET)


Startpoint: _1922_ (rising edge-triggered flip-flop clocked by sys_clk)
Endpoint: _1922_ (rising edge-triggered flip-flop clocked by sys_clk)
Path Group: sys_clk
Path Type: min

Fanout         Cap        Slew       Delay        Time   Description
---------------------------------------------------------------------------------------------
                      0.150000    0.000000    0.000000   clock sys_clk (rise edge)
                                  0.000000    0.000000   clock network delay (ideal)
                      0.150000    0.000000    0.000000 ^ _1922_/CLK (gf180mcu_fd_sc_mcu7t5v0__dffrnq_1)
     2    0.009222    0.269547    1.335870    1.335870 v _1922_/Q (gf180mcu_fd_sc_mcu7t5v0__dffrnq_1)
                                                         u_dc_fifo_tx.u_din.buffer.data[26] (net)
                      0.269547    0.000000    1.335870 v _1516_/A2 (gf180mcu_fd_sc_mcu7t5v0__nand2_1)
     1    0.004900    0.323238    0.276722    1.612592 ^ _1516_/ZN (gf180mcu_fd_sc_mcu7t5v0__nand2_1)
                                                         _0533_ (net)
                      0.323238    0.000000    1.612592 ^ _1517_/B (gf180mcu_fd_sc_mcu7t5v0__oai21_1)
     1    0.003014    0.215091    0.214986    1.827578 v _1517_/ZN (gf180mcu_fd_sc_mcu7t5v0__oai21_1)
                                                         _0110_ (net)
                      0.215091    0.000000    1.827578 v _1922_/D (gf180mcu_fd_sc_mcu7t5v0__dffrnq_1)
                                              1.827578   data arrival time

                      0.150000    0.000000    0.000000   clock sys_clk (rise edge)
                                  0.000000    0.000000   clock network delay (ideal)
                                  0.250000    0.250000   clock uncertainty
                                  0.000000    0.250000   clock reconvergence pessimism
                                              0.250000 ^ _1922_/CLK (gf180mcu_fd_sc_mcu7t5v0__dffrnq_1)
                                  0.210359    0.460359   library hold time
                                              0.460359   data required time
---------------------------------------------------------------------------------------------
                                              0.460359   data required time
                                             -1.827578   data arrival time
---------------------------------------------------------------------------------------------
                                              1.367219   slack (MET)


Startpoint: _1923_ (rising edge-triggered flip-flop clocked by sys_clk)
Endpoint: _1923_ (rising edge-triggered flip-flop clocked by sys_clk)
Path Group: sys_clk
Path Type: min

Fanout         Cap        Slew       Delay        Time   Description
---------------------------------------------------------------------------------------------
                      0.150000    0.000000    0.000000   clock sys_clk (rise edge)
                                  0.000000    0.000000   clock network delay (ideal)
                      0.150000    0.000000    0.000000 ^ _1923_/CLK (gf180mcu_fd_sc_mcu7t5v0__dffrnq_1)
     2    0.009222    0.269547    1.335870    1.335870 v _1923_/Q (gf180mcu_fd_sc_mcu7t5v0__dffrnq_1)
                                                         u_dc_fifo_tx.u_din.buffer.data[27] (net)
                      0.269547    0.000000    1.335870 v _1518_/A2 (gf180mcu_fd_sc_mcu7t5v0__nand2_1)
     1    0.004900    0.323238    0.276722    1.612592 ^ _1518_/ZN (gf180mcu_fd_sc_mcu7t5v0__nand2_1)
                                                         _0534_ (net)
                      0.323238    0.000000    1.612592 ^ _1519_/B (gf180mcu_fd_sc_mcu7t5v0__oai21_1)
     1    0.003014    0.215091    0.214986    1.827578 v _1519_/ZN (gf180mcu_fd_sc_mcu7t5v0__oai21_1)
                                                         _0111_ (net)
                      0.215091    0.000000    1.827578 v _1923_/D (gf180mcu_fd_sc_mcu7t5v0__dffrnq_1)
                                              1.827578   data arrival time

                      0.150000    0.000000    0.000000   clock sys_clk (rise edge)
                                  0.000000    0.000000   clock network delay (ideal)
                                  0.250000    0.250000   clock uncertainty
                                  0.000000    0.250000   clock reconvergence pessimism
                                              0.250000 ^ _1923_/CLK (gf180mcu_fd_sc_mcu7t5v0__dffrnq_1)
                                  0.210359    0.460359   library hold time
                                              0.460359   data required time
---------------------------------------------------------------------------------------------
                                              0.460359   data required time
                                             -1.827578   data arrival time
---------------------------------------------------------------------------------------------
                                              1.367219   slack (MET)


Startpoint: _1924_ (rising edge-triggered flip-flop clocked by sys_clk)
Endpoint: _1924_ (rising edge-triggered flip-flop clocked by sys_clk)
Path Group: sys_clk
Path Type: min

Fanout         Cap        Slew       Delay        Time   Description
---------------------------------------------------------------------------------------------
                      0.150000    0.000000    0.000000   clock sys_clk (rise edge)
                                  0.000000    0.000000   clock network delay (ideal)
                      0.150000    0.000000    0.000000 ^ _1924_/CLK (gf180mcu_fd_sc_mcu7t5v0__dffrnq_1)
     2    0.009222    0.269547    1.335870    1.335870 v _1924_/Q (gf180mcu_fd_sc_mcu7t5v0__dffrnq_1)
                                                         u_dc_fifo_tx.u_din.buffer.data[28] (net)
                      0.269547    0.000000    1.335870 v _1520_/A2 (gf180mcu_fd_sc_mcu7t5v0__nand2_1)
     1    0.004900    0.323238    0.276722    1.612592 ^ _1520_/ZN (gf180mcu_fd_sc_mcu7t5v0__nand2_1)
                                                         _0535_ (net)
                      0.323238    0.000000    1.612592 ^ _1521_/B (gf180mcu_fd_sc_mcu7t5v0__oai21_1)
     1    0.003014    0.215091    0.214986    1.827578 v _1521_/ZN (gf180mcu_fd_sc_mcu7t5v0__oai21_1)
                                                         _0112_ (net)
                      0.215091    0.000000    1.827578 v _1924_/D (gf180mcu_fd_sc_mcu7t5v0__dffrnq_1)
                                              1.827578   data arrival time

                      0.150000    0.000000    0.000000   clock sys_clk (rise edge)
                                  0.000000    0.000000   clock network delay (ideal)
                                  0.250000    0.250000   clock uncertainty
                                  0.000000    0.250000   clock reconvergence pessimism
                                              0.250000 ^ _1924_/CLK (gf180mcu_fd_sc_mcu7t5v0__dffrnq_1)
                                  0.210359    0.460359   library hold time
                                              0.460359   data required time
---------------------------------------------------------------------------------------------
                                              0.460359   data required time
                                             -1.827578   data arrival time
---------------------------------------------------------------------------------------------
                                              1.367219   slack (MET)


Startpoint: _1925_ (rising edge-triggered flip-flop clocked by sys_clk)
Endpoint: _1925_ (rising edge-triggered flip-flop clocked by sys_clk)
Path Group: sys_clk
Path Type: min

Fanout         Cap        Slew       Delay        Time   Description
---------------------------------------------------------------------------------------------
                      0.150000    0.000000    0.000000   clock sys_clk (rise edge)
                                  0.000000    0.000000   clock network delay (ideal)
                      0.150000    0.000000    0.000000 ^ _1925_/CLK (gf180mcu_fd_sc_mcu7t5v0__dffrnq_1)
     2    0.009222    0.269547    1.335870    1.335870 v _1925_/Q (gf180mcu_fd_sc_mcu7t5v0__dffrnq_1)
                                                         u_dc_fifo_tx.u_din.buffer.data[29] (net)
                      0.269547    0.000000    1.335870 v _1522_/A2 (gf180mcu_fd_sc_mcu7t5v0__nand2_1)
     1    0.004900    0.323238    0.276722    1.612592 ^ _1522_/ZN (gf180mcu_fd_sc_mcu7t5v0__nand2_1)
                                                         _0536_ (net)
                      0.323238    0.000000    1.612592 ^ _1523_/B (gf180mcu_fd_sc_mcu7t5v0__oai21_1)
     1    0.003014    0.215091    0.214986    1.827578 v _1523_/ZN (gf180mcu_fd_sc_mcu7t5v0__oai21_1)
                                                         _0113_ (net)
                      0.215091    0.000000    1.827578 v _1925_/D (gf180mcu_fd_sc_mcu7t5v0__dffrnq_1)
                                              1.827578   data arrival time

                      0.150000    0.000000    0.000000   clock sys_clk (rise edge)
                                  0.000000    0.000000   clock network delay (ideal)
                                  0.250000    0.250000   clock uncertainty
                                  0.000000    0.250000   clock reconvergence pessimism
                                              0.250000 ^ _1925_/CLK (gf180mcu_fd_sc_mcu7t5v0__dffrnq_1)
                                  0.210359    0.460359   library hold time
                                              0.460359   data required time
---------------------------------------------------------------------------------------------
                                              0.460359   data required time
                                             -1.827578   data arrival time
---------------------------------------------------------------------------------------------
                                              1.367219   slack (MET)


Startpoint: _1926_ (rising edge-triggered flip-flop clocked by sys_clk)
Endpoint: _1926_ (rising edge-triggered flip-flop clocked by sys_clk)
Path Group: sys_clk
Path Type: min

Fanout         Cap        Slew       Delay        Time   Description
---------------------------------------------------------------------------------------------
                      0.150000    0.000000    0.000000   clock sys_clk (rise edge)
                                  0.000000    0.000000   clock network delay (ideal)
                      0.150000    0.000000    0.000000 ^ _1926_/CLK (gf180mcu_fd_sc_mcu7t5v0__dffrnq_1)
     2    0.009222    0.269547    1.335870    1.335870 v _1926_/Q (gf180mcu_fd_sc_mcu7t5v0__dffrnq_1)
                                                         u_dc_fifo_tx.u_din.buffer.data[30] (net)
                      0.269547    0.000000    1.335870 v _1524_/A2 (gf180mcu_fd_sc_mcu7t5v0__nand2_1)
     1    0.004900    0.323238    0.276722    1.612592 ^ _1524_/ZN (gf180mcu_fd_sc_mcu7t5v0__nand2_1)
                                                         _0537_ (net)
                      0.323238    0.000000    1.612592 ^ _1525_/B (gf180mcu_fd_sc_mcu7t5v0__oai21_1)
     1    0.003014    0.215091    0.214986    1.827578 v _1525_/ZN (gf180mcu_fd_sc_mcu7t5v0__oai21_1)
                                                         _0114_ (net)
                      0.215091    0.000000    1.827578 v _1926_/D (gf180mcu_fd_sc_mcu7t5v0__dffrnq_1)
                                              1.827578   data arrival time

                      0.150000    0.000000    0.000000   clock sys_clk (rise edge)
                                  0.000000    0.000000   clock network delay (ideal)
                                  0.250000    0.250000   clock uncertainty
                                  0.000000    0.250000   clock reconvergence pessimism
                                              0.250000 ^ _1926_/CLK (gf180mcu_fd_sc_mcu7t5v0__dffrnq_1)
                                  0.210359    0.460359   library hold time
                                              0.460359   data required time
---------------------------------------------------------------------------------------------
                                              0.460359   data required time
                                             -1.827578   data arrival time
---------------------------------------------------------------------------------------------
                                              1.367219   slack (MET)


Startpoint: _1905_ (rising edge-triggered flip-flop clocked by sys_clk)
Endpoint: _1905_ (rising edge-triggered flip-flop clocked by sys_clk)
Path Group: sys_clk
Path Type: min

Fanout         Cap        Slew       Delay        Time   Description
---------------------------------------------------------------------------------------------
                      0.150000    0.000000    0.000000   clock sys_clk (rise edge)
                                  0.000000    0.000000   clock network delay (ideal)
                      0.150000    0.000000    0.000000 ^ _1905_/CLK (gf180mcu_fd_sc_mcu7t5v0__dffrnq_1)
     2    0.009301    0.270704    1.336771    1.336771 v _1905_/Q (gf180mcu_fd_sc_mcu7t5v0__dffrnq_1)
                                                         u_dc_fifo_tx.u_din.buffer.data[9] (net)
                      0.270704    0.000000    1.336771 v _1480_/A2 (gf180mcu_fd_sc_mcu7t5v0__nand2_1)
     1    0.004900    0.323421    0.277084    1.613855 ^ _1480_/ZN (gf180mcu_fd_sc_mcu7t5v0__nand2_1)
                                                         _0514_ (net)
                      0.323421    0.000000    1.613855 ^ _1482_/B (gf180mcu_fd_sc_mcu7t5v0__oai21_1)
     1    0.003014    0.215135    0.215002    1.828857 v _1482_/ZN (gf180mcu_fd_sc_mcu7t5v0__oai21_1)
                                                         _0093_ (net)
                      0.215135    0.000000    1.828857 v _1905_/D (gf180mcu_fd_sc_mcu7t5v0__dffrnq_1)
                                              1.828857   data arrival time

                      0.150000    0.000000    0.000000   clock sys_clk (rise edge)
                                  0.000000    0.000000   clock network delay (ideal)
                                  0.250000    0.250000   clock uncertainty
                                  0.000000    0.250000   clock reconvergence pessimism
                                              0.250000 ^ _1905_/CLK (gf180mcu_fd_sc_mcu7t5v0__dffrnq_1)
                                  0.210347    0.460347   library hold time
                                              0.460347   data required time
---------------------------------------------------------------------------------------------
                                              0.460347   data required time
                                             -1.828857   data arrival time
---------------------------------------------------------------------------------------------
                                              1.368510   slack (MET)


Startpoint: _1906_ (rising edge-triggered flip-flop clocked by sys_clk)
Endpoint: _1906_ (rising edge-triggered flip-flop clocked by sys_clk)
Path Group: sys_clk
Path Type: min

Fanout         Cap        Slew       Delay        Time   Description
---------------------------------------------------------------------------------------------
                      0.150000    0.000000    0.000000   clock sys_clk (rise edge)
                                  0.000000    0.000000   clock network delay (ideal)
                      0.150000    0.000000    0.000000 ^ _1906_/CLK (gf180mcu_fd_sc_mcu7t5v0__dffrnq_1)
     2    0.009301    0.270704    1.336771    1.336771 v _1906_/Q (gf180mcu_fd_sc_mcu7t5v0__dffrnq_1)
                                                         u_dc_fifo_tx.u_din.buffer.data[10] (net)
                      0.270704    0.000000    1.336771 v _1483_/A2 (gf180mcu_fd_sc_mcu7t5v0__nand2_1)
     1    0.004900    0.323421    0.277084    1.613855 ^ _1483_/ZN (gf180mcu_fd_sc_mcu7t5v0__nand2_1)
                                                         _0516_ (net)
                      0.323421    0.000000    1.613855 ^ _1485_/B (gf180mcu_fd_sc_mcu7t5v0__oai21_1)
     1    0.003014    0.215135    0.215002    1.828857 v _1485_/ZN (gf180mcu_fd_sc_mcu7t5v0__oai21_1)
                                                         _0094_ (net)
                      0.215135    0.000000    1.828857 v _1906_/D (gf180mcu_fd_sc_mcu7t5v0__dffrnq_1)
                                              1.828857   data arrival time

                      0.150000    0.000000    0.000000   clock sys_clk (rise edge)
                                  0.000000    0.000000   clock network delay (ideal)
                                  0.250000    0.250000   clock uncertainty
                                  0.000000    0.250000   clock reconvergence pessimism
                                              0.250000 ^ _1906_/CLK (gf180mcu_fd_sc_mcu7t5v0__dffrnq_1)
                                  0.210347    0.460347   library hold time
                                              0.460347   data required time
---------------------------------------------------------------------------------------------
                                              0.460347   data required time
                                             -1.828857   data arrival time
---------------------------------------------------------------------------------------------
                                              1.368510   slack (MET)


Startpoint: _1907_ (rising edge-triggered flip-flop clocked by sys_clk)
Endpoint: _1907_ (rising edge-triggered flip-flop clocked by sys_clk)
Path Group: sys_clk
Path Type: min

Fanout         Cap        Slew       Delay        Time   Description
---------------------------------------------------------------------------------------------
                      0.150000    0.000000    0.000000   clock sys_clk (rise edge)
                                  0.000000    0.000000   clock network delay (ideal)
                      0.150000    0.000000    0.000000 ^ _1907_/CLK (gf180mcu_fd_sc_mcu7t5v0__dffrnq_1)
     2    0.009301    0.270704    1.336771    1.336771 v _1907_/Q (gf180mcu_fd_sc_mcu7t5v0__dffrnq_1)
                                                         u_dc_fifo_tx.u_din.buffer.data[11] (net)
                      0.270704    0.000000    1.336771 v _1486_/A2 (gf180mcu_fd_sc_mcu7t5v0__nand2_1)
     1    0.004900    0.323421    0.277084    1.613855 ^ _1486_/ZN (gf180mcu_fd_sc_mcu7t5v0__nand2_1)
                                                         _0518_ (net)
                      0.323421    0.000000    1.613855 ^ _1488_/B (gf180mcu_fd_sc_mcu7t5v0__oai21_1)
     1    0.003014    0.215135    0.215002    1.828857 v _1488_/ZN (gf180mcu_fd_sc_mcu7t5v0__oai21_1)
                                                         _0095_ (net)
                      0.215135    0.000000    1.828857 v _1907_/D (gf180mcu_fd_sc_mcu7t5v0__dffrnq_1)
                                              1.828857   data arrival time

                      0.150000    0.000000    0.000000   clock sys_clk (rise edge)
                                  0.000000    0.000000   clock network delay (ideal)
                                  0.250000    0.250000   clock uncertainty
                                  0.000000    0.250000   clock reconvergence pessimism
                                              0.250000 ^ _1907_/CLK (gf180mcu_fd_sc_mcu7t5v0__dffrnq_1)
                                  0.210347    0.460347   library hold time
                                              0.460347   data required time
---------------------------------------------------------------------------------------------
                                              0.460347   data required time
                                             -1.828857   data arrival time
---------------------------------------------------------------------------------------------
                                              1.368510   slack (MET)


Startpoint: _1908_ (rising edge-triggered flip-flop clocked by sys_clk)
Endpoint: _1908_ (rising edge-triggered flip-flop clocked by sys_clk)
Path Group: sys_clk
Path Type: min

Fanout         Cap        Slew       Delay        Time   Description
---------------------------------------------------------------------------------------------
                      0.150000    0.000000    0.000000   clock sys_clk (rise edge)
                                  0.000000    0.000000   clock network delay (ideal)
                      0.150000    0.000000    0.000000 ^ _1908_/CLK (gf180mcu_fd_sc_mcu7t5v0__dffrnq_1)
     2    0.009301    0.270704    1.336771    1.336771 v _1908_/Q (gf180mcu_fd_sc_mcu7t5v0__dffrnq_1)
                                                         u_dc_fifo_tx.u_din.buffer.data[12] (net)
                      0.270704    0.000000    1.336771 v _1489_/A2 (gf180mcu_fd_sc_mcu7t5v0__nand2_1)
     1    0.004900    0.323421    0.277084    1.613855 ^ _1489_/ZN (gf180mcu_fd_sc_mcu7t5v0__nand2_1)
                                                         _0520_ (net)
                      0.323421    0.000000    1.613855 ^ _1491_/B (gf180mcu_fd_sc_mcu7t5v0__oai21_1)
     1    0.003014    0.215135    0.215002    1.828857 v _1491_/ZN (gf180mcu_fd_sc_mcu7t5v0__oai21_1)
                                                         _0096_ (net)
                      0.215135    0.000000    1.828857 v _1908_/D (gf180mcu_fd_sc_mcu7t5v0__dffrnq_1)
                                              1.828857   data arrival time

                      0.150000    0.000000    0.000000   clock sys_clk (rise edge)
                                  0.000000    0.000000   clock network delay (ideal)
                                  0.250000    0.250000   clock uncertainty
                                  0.000000    0.250000   clock reconvergence pessimism
                                              0.250000 ^ _1908_/CLK (gf180mcu_fd_sc_mcu7t5v0__dffrnq_1)
                                  0.210347    0.460347   library hold time
                                              0.460347   data required time
---------------------------------------------------------------------------------------------
                                              0.460347   data required time
                                             -1.828857   data arrival time
---------------------------------------------------------------------------------------------
                                              1.368510   slack (MET)


Startpoint: _1909_ (rising edge-triggered flip-flop clocked by sys_clk)
Endpoint: _1909_ (rising edge-triggered flip-flop clocked by sys_clk)
Path Group: sys_clk
Path Type: min

Fanout         Cap        Slew       Delay        Time   Description
---------------------------------------------------------------------------------------------
                      0.150000    0.000000    0.000000   clock sys_clk (rise edge)
                                  0.000000    0.000000   clock network delay (ideal)
                      0.150000    0.000000    0.000000 ^ _1909_/CLK (gf180mcu_fd_sc_mcu7t5v0__dffrnq_1)
     2    0.009301    0.270704    1.336771    1.336771 v _1909_/Q (gf180mcu_fd_sc_mcu7t5v0__dffrnq_1)
                                                         u_dc_fifo_tx.u_din.buffer.data[13] (net)
                      0.270704    0.000000    1.336771 v _1492_/A2 (gf180mcu_fd_sc_mcu7t5v0__nand2_1)
     1    0.004900    0.323421    0.277084    1.613855 ^ _1492_/ZN (gf180mcu_fd_sc_mcu7t5v0__nand2_1)
                                                         _0522_ (net)
                      0.323421    0.000000    1.613855 ^ _1494_/B (gf180mcu_fd_sc_mcu7t5v0__oai21_1)
     1    0.003014    0.215135    0.215002    1.828857 v _1494_/ZN (gf180mcu_fd_sc_mcu7t5v0__oai21_1)
                                                         _0097_ (net)
                      0.215135    0.000000    1.828857 v _1909_/D (gf180mcu_fd_sc_mcu7t5v0__dffrnq_1)
                                              1.828857   data arrival time

                      0.150000    0.000000    0.000000   clock sys_clk (rise edge)
                                  0.000000    0.000000   clock network delay (ideal)
                                  0.250000    0.250000   clock uncertainty
                                  0.000000    0.250000   clock reconvergence pessimism
                                              0.250000 ^ _1909_/CLK (gf180mcu_fd_sc_mcu7t5v0__dffrnq_1)
                                  0.210347    0.460347   library hold time
                                              0.460347   data required time
---------------------------------------------------------------------------------------------
                                              0.460347   data required time
                                             -1.828857   data arrival time
---------------------------------------------------------------------------------------------
                                              1.368510   slack (MET)


Startpoint: _1910_ (rising edge-triggered flip-flop clocked by sys_clk)
Endpoint: _1910_ (rising edge-triggered flip-flop clocked by sys_clk)
Path Group: sys_clk
Path Type: min

Fanout         Cap        Slew       Delay        Time   Description
---------------------------------------------------------------------------------------------
                      0.150000    0.000000    0.000000   clock sys_clk (rise edge)
                                  0.000000    0.000000   clock network delay (ideal)
                      0.150000    0.000000    0.000000 ^ _1910_/CLK (gf180mcu_fd_sc_mcu7t5v0__dffrnq_1)
     2    0.009301    0.270704    1.336771    1.336771 v _1910_/Q (gf180mcu_fd_sc_mcu7t5v0__dffrnq_1)
                                                         u_dc_fifo_tx.u_din.buffer.data[14] (net)
                      0.270704    0.000000    1.336771 v _1495_/A2 (gf180mcu_fd_sc_mcu7t5v0__nand2_1)
     1    0.004900    0.323421    0.277084    1.613855 ^ _1495_/ZN (gf180mcu_fd_sc_mcu7t5v0__nand2_1)
                                                         _0524_ (net)
                      0.323421    0.000000    1.613855 ^ _1497_/B (gf180mcu_fd_sc_mcu7t5v0__oai21_1)
     1    0.003014    0.215135    0.215002    1.828857 v _1497_/ZN (gf180mcu_fd_sc_mcu7t5v0__oai21_1)
                                                         _0098_ (net)
                      0.215135    0.000000    1.828857 v _1910_/D (gf180mcu_fd_sc_mcu7t5v0__dffrnq_1)
                                              1.828857   data arrival time

                      0.150000    0.000000    0.000000   clock sys_clk (rise edge)
                                  0.000000    0.000000   clock network delay (ideal)
                                  0.250000    0.250000   clock uncertainty
                                  0.000000    0.250000   clock reconvergence pessimism
                                              0.250000 ^ _1910_/CLK (gf180mcu_fd_sc_mcu7t5v0__dffrnq_1)
                                  0.210347    0.460347   library hold time
                                              0.460347   data required time
---------------------------------------------------------------------------------------------
                                              0.460347   data required time
                                             -1.828857   data arrival time
---------------------------------------------------------------------------------------------
                                              1.368510   slack (MET)


Startpoint: _2067_ (rising edge-triggered flip-flop clocked by periph_clk)
Endpoint: _2067_ (rising edge-triggered flip-flop clocked by periph_clk)
Path Group: periph_clk
Path Type: min

Fanout         Cap        Slew       Delay        Time   Description
---------------------------------------------------------------------------------------------
                      0.150000    0.000000    0.000000   clock periph_clk (rise edge)
                                  0.000000    0.000000   clock network delay (ideal)
                      0.150000    0.000000    0.000000 ^ _2067_/CLK (gf180mcu_fd_sc_mcu7t5v0__dffrnq_1)
     2    0.012274    0.314240    1.370684    1.370684 v _2067_/Q (gf180mcu_fd_sc_mcu7t5v0__dffrnq_1)
                                                         u_uart_rx.parity_bit (net)
                      0.314240    0.000000    1.370684 v _1735_/A2 (gf180mcu_fd_sc_mcu7t5v0__nand2_1)
     1    0.004611    0.288429    0.285693    1.656376 ^ _1735_/ZN (gf180mcu_fd_sc_mcu7t5v0__nand2_1)
                                                         _0607_ (net)
                      0.288429    0.000000    1.656376 ^ _1736_/A2 (gf180mcu_fd_sc_mcu7t5v0__nand2_1)
     1    0.003014    0.201604    0.178215    1.834592 v _1736_/ZN (gf180mcu_fd_sc_mcu7t5v0__nand2_1)
                                                         _0255_ (net)
                      0.201604    0.000000    1.834592 v _2067_/D (gf180mcu_fd_sc_mcu7t5v0__dffrnq_1)
                                              1.834592   data arrival time

                      0.150000    0.000000    0.000000   clock periph_clk (rise edge)
                                  0.000000    0.000000   clock network delay (ideal)
                                  0.250000    0.250000   clock uncertainty
                                  0.000000    0.250000   clock reconvergence pessimism
                                              0.250000 ^ _2067_/CLK (gf180mcu_fd_sc_mcu7t5v0__dffrnq_1)
                                  0.213947    0.463947   library hold time
                                              0.463947   data required time
---------------------------------------------------------------------------------------------
                                              0.463947   data required time
                                             -1.834592   data arrival time
---------------------------------------------------------------------------------------------
                                              1.370644   slack (MET)


Startpoint: _1927_ (rising edge-triggered flip-flop clocked by sys_clk)
Endpoint: _1927_ (rising edge-triggered flip-flop clocked by sys_clk)
Path Group: sys_clk
Path Type: min

Fanout         Cap        Slew       Delay        Time   Description
---------------------------------------------------------------------------------------------
                      0.150000    0.000000    0.000000   clock sys_clk (rise edge)
                                  0.000000    0.000000   clock network delay (ideal)
                      0.150000    0.000000    0.000000 ^ _1927_/CLK (gf180mcu_fd_sc_mcu7t5v0__dffrnq_1)
     2    0.009865    0.278963    1.343205    1.343205 v _1927_/Q (gf180mcu_fd_sc_mcu7t5v0__dffrnq_1)
                                                         u_dc_fifo_tx.u_din.buffer.data[31] (net)
                      0.278963    0.000000    1.343205 v _1526_/A2 (gf180mcu_fd_sc_mcu7t5v0__nand2_1)
     1    0.004900    0.324729    0.279669    1.622874 ^ _1526_/ZN (gf180mcu_fd_sc_mcu7t5v0__nand2_1)
                                                         _0538_ (net)
                      0.324729    0.000000    1.622874 ^ _1527_/B (gf180mcu_fd_sc_mcu7t5v0__oai21_1)
     1    0.003014    0.215453    0.215117    1.837992 v _1527_/ZN (gf180mcu_fd_sc_mcu7t5v0__oai21_1)
                                                         _0115_ (net)
                      0.215453    0.000000    1.837992 v _1927_/D (gf180mcu_fd_sc_mcu7t5v0__dffrnq_1)
                                              1.837992   data arrival time

                      0.150000    0.000000    0.000000   clock sys_clk (rise edge)
                                  0.000000    0.000000   clock network delay (ideal)
                                  0.250000    0.250000   clock uncertainty
                                  0.000000    0.250000   clock reconvergence pessimism
                                              0.250000 ^ _1927_/CLK (gf180mcu_fd_sc_mcu7t5v0__dffrnq_1)
                                  0.210262    0.460262   library hold time
                                              0.460262   data required time
---------------------------------------------------------------------------------------------
                                              0.460262   data required time
                                             -1.837992   data arrival time
---------------------------------------------------------------------------------------------
                                              1.377729   slack (MET)


Startpoint: _2051_ (rising edge-triggered flip-flop clocked by sys_clk)
Endpoint: _2051_ (rising edge-triggered flip-flop clocked by sys_clk)
Path Group: sys_clk
Path Type: min

Fanout         Cap        Slew       Delay        Time   Description
---------------------------------------------------------------------------------------------
                      0.150000    0.000000    0.000000   clock sys_clk (rise edge)
                                  0.000000    0.000000   clock network delay (ideal)
                      0.150000    0.000000    0.000000 ^ _2051_/CLK (gf180mcu_fd_sc_mcu7t5v0__dffrnq_1)
     2    0.009185    0.269006    1.335448    1.335448 v _2051_/Q (gf180mcu_fd_sc_mcu7t5v0__dffrnq_1)
                                                         u_reg_if.r_uart_rx_data_valid (net)
                      0.269006    0.000000    1.335448 v _1685_/A3 (gf180mcu_fd_sc_mcu7t5v0__nand3_1)
     1    0.004900    0.426170    0.362473    1.697922 ^ _1685_/ZN (gf180mcu_fd_sc_mcu7t5v0__nand3_1)
                                                         _0573_ (net)
                      0.426170    0.000000    1.697922 ^ _1686_/B (gf180mcu_fd_sc_mcu7t5v0__oai21_1)
     1    0.003014    0.240093    0.224064    1.921986 v _1686_/ZN (gf180mcu_fd_sc_mcu7t5v0__oai21_1)
                                                         _0239_ (net)
                      0.240093    0.000000    1.921986 v _2051_/D (gf180mcu_fd_sc_mcu7t5v0__dffrnq_1)
                                              1.921986   data arrival time

                      0.150000    0.000000    0.000000   clock sys_clk (rise edge)
                                  0.000000    0.000000   clock network delay (ideal)
                                  0.250000    0.250000   clock uncertainty
                                  0.000000    0.250000   clock reconvergence pessimism
                                              0.250000 ^ _2051_/CLK (gf180mcu_fd_sc_mcu7t5v0__dffrnq_1)
                                  0.203821    0.453821   library hold time
                                              0.453821   data required time
---------------------------------------------------------------------------------------------
                                              0.453821   data required time
                                             -1.921986   data arrival time
---------------------------------------------------------------------------------------------
                                              1.468165   slack (MET)


Startpoint: _1856_ (rising edge-triggered flip-flop clocked by periph_clk)
Endpoint: _1856_ (rising edge-triggered flip-flop clocked by periph_clk)
Path Group: periph_clk
Path Type: min

Fanout         Cap        Slew       Delay        Time   Description
---------------------------------------------------------------------------------------------
                      0.150000    0.000000    0.000000   clock periph_clk (rise edge)
                                  0.000000    0.000000   clock network delay (ideal)
                      0.150000    0.000000    0.000000 ^ _1856_/CLK (gf180mcu_fd_sc_mcu7t5v0__dffrnq_1)
     2    0.007657    0.245427    1.315693    1.315693 v _1856_/Q (gf180mcu_fd_sc_mcu7t5v0__dffrnq_1)
                                                         u_dc_fifo_rx.u_din.buffer.data[0] (net)
                      0.245427    0.000000    1.315693 v _1407_/I0 (gf180mcu_fd_sc_mcu7t5v0__mux2_2)
     1    0.003014    0.189474    0.639439    1.955132 v _1407_/Z (gf180mcu_fd_sc_mcu7t5v0__mux2_2)
                                                         _0044_ (net)
                      0.189474    0.000000    1.955132 v _1856_/D (gf180mcu_fd_sc_mcu7t5v0__dffrnq_1)
                                              1.955132   data arrival time

                      0.150000    0.000000    0.000000   clock periph_clk (rise edge)
                                  0.000000    0.000000   clock network delay (ideal)
                                  0.250000    0.250000   clock uncertainty
                                  0.000000    0.250000   clock reconvergence pessimism
                                              0.250000 ^ _1856_/CLK (gf180mcu_fd_sc_mcu7t5v0__dffrnq_1)
                                  0.217175    0.467175   library hold time
                                              0.467175   data required time
---------------------------------------------------------------------------------------------
                                              0.467175   data required time
                                             -1.955132   data arrival time
---------------------------------------------------------------------------------------------
                                              1.487957   slack (MET)


Startpoint: _1857_ (rising edge-triggered flip-flop clocked by periph_clk)
Endpoint: _1857_ (rising edge-triggered flip-flop clocked by periph_clk)
Path Group: periph_clk
Path Type: min

Fanout         Cap        Slew       Delay        Time   Description
---------------------------------------------------------------------------------------------
                      0.150000    0.000000    0.000000   clock periph_clk (rise edge)
                                  0.000000    0.000000   clock network delay (ideal)
                      0.150000    0.000000    0.000000 ^ _1857_/CLK (gf180mcu_fd_sc_mcu7t5v0__dffrnq_1)
     2    0.007657    0.245427    1.315693    1.315693 v _1857_/Q (gf180mcu_fd_sc_mcu7t5v0__dffrnq_1)
                                                         u_dc_fifo_rx.u_din.buffer.data[1] (net)
                      0.245427    0.000000    1.315693 v _1408_/I0 (gf180mcu_fd_sc_mcu7t5v0__mux2_2)
     1    0.003014    0.189474    0.639439    1.955132 v _1408_/Z (gf180mcu_fd_sc_mcu7t5v0__mux2_2)
                                                         _0045_ (net)
                      0.189474    0.000000    1.955132 v _1857_/D (gf180mcu_fd_sc_mcu7t5v0__dffrnq_1)
                                              1.955132   data arrival time

                      0.150000    0.000000    0.000000   clock periph_clk (rise edge)
                                  0.000000    0.000000   clock network delay (ideal)
                                  0.250000    0.250000   clock uncertainty
                                  0.000000    0.250000   clock reconvergence pessimism
                                              0.250000 ^ _1857_/CLK (gf180mcu_fd_sc_mcu7t5v0__dffrnq_1)
                                  0.217175    0.467175   library hold time
                                              0.467175   data required time
---------------------------------------------------------------------------------------------
                                              0.467175   data required time
                                             -1.955132   data arrival time
---------------------------------------------------------------------------------------------
                                              1.487957   slack (MET)


Startpoint: _1858_ (rising edge-triggered flip-flop clocked by periph_clk)
Endpoint: _1858_ (rising edge-triggered flip-flop clocked by periph_clk)
Path Group: periph_clk
Path Type: min

Fanout         Cap        Slew       Delay        Time   Description
---------------------------------------------------------------------------------------------
                      0.150000    0.000000    0.000000   clock periph_clk (rise edge)
                                  0.000000    0.000000   clock network delay (ideal)
                      0.150000    0.000000    0.000000 ^ _1858_/CLK (gf180mcu_fd_sc_mcu7t5v0__dffrnq_1)
     2    0.007657    0.245427    1.315693    1.315693 v _1858_/Q (gf180mcu_fd_sc_mcu7t5v0__dffrnq_1)
                                                         u_dc_fifo_rx.u_din.buffer.data[2] (net)
                      0.245427    0.000000    1.315693 v _1409_/I0 (gf180mcu_fd_sc_mcu7t5v0__mux2_2)
     1    0.003014    0.189474    0.639439    1.955132 v _1409_/Z (gf180mcu_fd_sc_mcu7t5v0__mux2_2)
                                                         _0046_ (net)
                      0.189474    0.000000    1.955132 v _1858_/D (gf180mcu_fd_sc_mcu7t5v0__dffrnq_1)
                                              1.955132   data arrival time

                      0.150000    0.000000    0.000000   clock periph_clk (rise edge)
                                  0.000000    0.000000   clock network delay (ideal)
                                  0.250000    0.250000   clock uncertainty
                                  0.000000    0.250000   clock reconvergence pessimism
                                              0.250000 ^ _1858_/CLK (gf180mcu_fd_sc_mcu7t5v0__dffrnq_1)
                                  0.217175    0.467175   library hold time
                                              0.467175   data required time
---------------------------------------------------------------------------------------------
                                              0.467175   data required time
                                             -1.955132   data arrival time
---------------------------------------------------------------------------------------------
                                              1.487957   slack (MET)


Startpoint: _1859_ (rising edge-triggered flip-flop clocked by periph_clk)
Endpoint: _1859_ (rising edge-triggered flip-flop clocked by periph_clk)
Path Group: periph_clk
Path Type: min

Fanout         Cap        Slew       Delay        Time   Description
---------------------------------------------------------------------------------------------
                      0.150000    0.000000    0.000000   clock periph_clk (rise edge)
                                  0.000000    0.000000   clock network delay (ideal)
                      0.150000    0.000000    0.000000 ^ _1859_/CLK (gf180mcu_fd_sc_mcu7t5v0__dffrnq_1)
     2    0.007657    0.245427    1.315693    1.315693 v _1859_/Q (gf180mcu_fd_sc_mcu7t5v0__dffrnq_1)
                                                         u_dc_fifo_rx.u_din.buffer.data[3] (net)
                      0.245427    0.000000    1.315693 v _1410_/I0 (gf180mcu_fd_sc_mcu7t5v0__mux2_2)
     1    0.003014    0.189474    0.639439    1.955132 v _1410_/Z (gf180mcu_fd_sc_mcu7t5v0__mux2_2)
                                                         _0047_ (net)
                      0.189474    0.000000    1.955132 v _1859_/D (gf180mcu_fd_sc_mcu7t5v0__dffrnq_1)
                                              1.955132   data arrival time

                      0.150000    0.000000    0.000000   clock periph_clk (rise edge)
                                  0.000000    0.000000   clock network delay (ideal)
                                  0.250000    0.250000   clock uncertainty
                                  0.000000    0.250000   clock reconvergence pessimism
                                              0.250000 ^ _1859_/CLK (gf180mcu_fd_sc_mcu7t5v0__dffrnq_1)
                                  0.217175    0.467175   library hold time
                                              0.467175   data required time
---------------------------------------------------------------------------------------------
                                              0.467175   data required time
                                             -1.955132   data arrival time
---------------------------------------------------------------------------------------------
                                              1.487957   slack (MET)


Startpoint: _1860_ (rising edge-triggered flip-flop clocked by periph_clk)
Endpoint: _1860_ (rising edge-triggered flip-flop clocked by periph_clk)
Path Group: periph_clk
Path Type: min

Fanout         Cap        Slew       Delay        Time   Description
---------------------------------------------------------------------------------------------
                      0.150000    0.000000    0.000000   clock periph_clk (rise edge)
                                  0.000000    0.000000   clock network delay (ideal)
                      0.150000    0.000000    0.000000 ^ _1860_/CLK (gf180mcu_fd_sc_mcu7t5v0__dffrnq_1)
     2    0.007657    0.245427    1.315693    1.315693 v _1860_/Q (gf180mcu_fd_sc_mcu7t5v0__dffrnq_1)
                                                         u_dc_fifo_rx.u_din.buffer.data[4] (net)
                      0.245427    0.000000    1.315693 v _1411_/I0 (gf180mcu_fd_sc_mcu7t5v0__mux2_2)
     1    0.003014    0.189474    0.639439    1.955132 v _1411_/Z (gf180mcu_fd_sc_mcu7t5v0__mux2_2)
                                                         _0048_ (net)
                      0.189474    0.000000    1.955132 v _1860_/D (gf180mcu_fd_sc_mcu7t5v0__dffrnq_1)
                                              1.955132   data arrival time

                      0.150000    0.000000    0.000000   clock periph_clk (rise edge)
                                  0.000000    0.000000   clock network delay (ideal)
                                  0.250000    0.250000   clock uncertainty
                                  0.000000    0.250000   clock reconvergence pessimism
                                              0.250000 ^ _1860_/CLK (gf180mcu_fd_sc_mcu7t5v0__dffrnq_1)
                                  0.217175    0.467175   library hold time
                                              0.467175   data required time
---------------------------------------------------------------------------------------------
                                              0.467175   data required time
                                             -1.955132   data arrival time
---------------------------------------------------------------------------------------------
                                              1.487957   slack (MET)


Startpoint: _1861_ (rising edge-triggered flip-flop clocked by periph_clk)
Endpoint: _1861_ (rising edge-triggered flip-flop clocked by periph_clk)
Path Group: periph_clk
Path Type: min

Fanout         Cap        Slew       Delay        Time   Description
---------------------------------------------------------------------------------------------
                      0.150000    0.000000    0.000000   clock periph_clk (rise edge)
                                  0.000000    0.000000   clock network delay (ideal)
                      0.150000    0.000000    0.000000 ^ _1861_/CLK (gf180mcu_fd_sc_mcu7t5v0__dffrnq_1)
     2    0.007657    0.245427    1.315693    1.315693 v _1861_/Q (gf180mcu_fd_sc_mcu7t5v0__dffrnq_1)
                                                         u_dc_fifo_rx.u_din.buffer.data[5] (net)
                      0.245427    0.000000    1.315693 v _1412_/I0 (gf180mcu_fd_sc_mcu7t5v0__mux2_2)
     1    0.003014    0.189474    0.639439    1.955132 v _1412_/Z (gf180mcu_fd_sc_mcu7t5v0__mux2_2)
                                                         _0049_ (net)
                      0.189474    0.000000    1.955132 v _1861_/D (gf180mcu_fd_sc_mcu7t5v0__dffrnq_1)
                                              1.955132   data arrival time

                      0.150000    0.000000    0.000000   clock periph_clk (rise edge)
                                  0.000000    0.000000   clock network delay (ideal)
                                  0.250000    0.250000   clock uncertainty
                                  0.000000    0.250000   clock reconvergence pessimism
                                              0.250000 ^ _1861_/CLK (gf180mcu_fd_sc_mcu7t5v0__dffrnq_1)
                                  0.217175    0.467175   library hold time
                                              0.467175   data required time
---------------------------------------------------------------------------------------------
                                              0.467175   data required time
                                             -1.955132   data arrival time
---------------------------------------------------------------------------------------------
                                              1.487957   slack (MET)


Startpoint: _1862_ (rising edge-triggered flip-flop clocked by periph_clk)
Endpoint: _1862_ (rising edge-triggered flip-flop clocked by periph_clk)
Path Group: periph_clk
Path Type: min

Fanout         Cap        Slew       Delay        Time   Description
---------------------------------------------------------------------------------------------
                      0.150000    0.000000    0.000000   clock periph_clk (rise edge)
                                  0.000000    0.000000   clock network delay (ideal)
                      0.150000    0.000000    0.000000 ^ _1862_/CLK (gf180mcu_fd_sc_mcu7t5v0__dffrnq_1)
     2    0.007657    0.245427    1.315693    1.315693 v _1862_/Q (gf180mcu_fd_sc_mcu7t5v0__dffrnq_1)
                                                         u_dc_fifo_rx.u_din.buffer.data[6] (net)
                      0.245427    0.000000    1.315693 v _1413_/I0 (gf180mcu_fd_sc_mcu7t5v0__mux2_2)
     1    0.003014    0.189474    0.639439    1.955132 v _1413_/Z (gf180mcu_fd_sc_mcu7t5v0__mux2_2)
                                                         _0050_ (net)
                      0.189474    0.000000    1.955132 v _1862_/D (gf180mcu_fd_sc_mcu7t5v0__dffrnq_1)
                                              1.955132   data arrival time

                      0.150000    0.000000    0.000000   clock periph_clk (rise edge)
                                  0.000000    0.000000   clock network delay (ideal)
                                  0.250000    0.250000   clock uncertainty
                                  0.000000    0.250000   clock reconvergence pessimism
                                              0.250000 ^ _1862_/CLK (gf180mcu_fd_sc_mcu7t5v0__dffrnq_1)
                                  0.217175    0.467175   library hold time
                                              0.467175   data required time
---------------------------------------------------------------------------------------------
                                              0.467175   data required time
                                             -1.955132   data arrival time
---------------------------------------------------------------------------------------------
                                              1.487957   slack (MET)


Startpoint: _1863_ (rising edge-triggered flip-flop clocked by periph_clk)
Endpoint: _1863_ (rising edge-triggered flip-flop clocked by periph_clk)
Path Group: periph_clk
Path Type: min

Fanout         Cap        Slew       Delay        Time   Description
---------------------------------------------------------------------------------------------
                      0.150000    0.000000    0.000000   clock periph_clk (rise edge)
                                  0.000000    0.000000   clock network delay (ideal)
                      0.150000    0.000000    0.000000 ^ _1863_/CLK (gf180mcu_fd_sc_mcu7t5v0__dffrnq_1)
     2    0.007657    0.245427    1.315693    1.315693 v _1863_/Q (gf180mcu_fd_sc_mcu7t5v0__dffrnq_1)
                                                         u_dc_fifo_rx.u_din.buffer.data[7] (net)
                      0.245427    0.000000    1.315693 v _1414_/I0 (gf180mcu_fd_sc_mcu7t5v0__mux2_2)
     1    0.003014    0.189474    0.639439    1.955132 v _1414_/Z (gf180mcu_fd_sc_mcu7t5v0__mux2_2)
                                                         _0051_ (net)
                      0.189474    0.000000    1.955132 v _1863_/D (gf180mcu_fd_sc_mcu7t5v0__dffrnq_1)
                                              1.955132   data arrival time

                      0.150000    0.000000    0.000000   clock periph_clk (rise edge)
                                  0.000000    0.000000   clock network delay (ideal)
                                  0.250000    0.250000   clock uncertainty
                                  0.000000    0.250000   clock reconvergence pessimism
                                              0.250000 ^ _1863_/CLK (gf180mcu_fd_sc_mcu7t5v0__dffrnq_1)
                                  0.217175    0.467175   library hold time
                                              0.467175   data required time
---------------------------------------------------------------------------------------------
                                              0.467175   data required time
                                             -1.955132   data arrival time
---------------------------------------------------------------------------------------------
                                              1.487957   slack (MET)


Startpoint: _1872_ (rising edge-triggered flip-flop clocked by periph_clk)
Endpoint: _1872_ (rising edge-triggered flip-flop clocked by periph_clk)
Path Group: periph_clk
Path Type: min

Fanout         Cap        Slew       Delay        Time   Description
---------------------------------------------------------------------------------------------
                      0.150000    0.000000    0.000000   clock periph_clk (rise edge)
                                  0.000000    0.000000   clock network delay (ideal)
                      0.150000    0.000000    0.000000 ^ _1872_/CLK (gf180mcu_fd_sc_mcu7t5v0__dffrnq_1)
     2    0.007764    0.247129    1.317174    1.317174 v _1872_/Q (gf180mcu_fd_sc_mcu7t5v0__dffrnq_1)
                                                         u_dc_fifo_rx.u_din.buffer.data[16] (net)
                      0.247129    0.000000    1.317174 v _1425_/I0 (gf180mcu_fd_sc_mcu7t5v0__mux2_2)
     1    0.003014    0.193722    0.639746    1.956921 v _1425_/Z (gf180mcu_fd_sc_mcu7t5v0__mux2_2)
                                                         _0060_ (net)
                      0.193722    0.000000    1.956921 v _1872_/D (gf180mcu_fd_sc_mcu7t5v0__dffrnq_1)
                                              1.956921   data arrival time

                      0.150000    0.000000    0.000000   clock periph_clk (rise edge)
                                  0.000000    0.000000   clock network delay (ideal)
                                  0.250000    0.250000   clock uncertainty
                                  0.000000    0.250000   clock reconvergence pessimism
                                              0.250000 ^ _1872_/CLK (gf180mcu_fd_sc_mcu7t5v0__dffrnq_1)
                                  0.216045    0.466045   library hold time
                                              0.466045   data required time
---------------------------------------------------------------------------------------------
                                              0.466045   data required time
                                             -1.956921   data arrival time
---------------------------------------------------------------------------------------------
                                              1.490876   slack (MET)


Startpoint: _1873_ (rising edge-triggered flip-flop clocked by periph_clk)
Endpoint: _1873_ (rising edge-triggered flip-flop clocked by periph_clk)
Path Group: periph_clk
Path Type: min

Fanout         Cap        Slew       Delay        Time   Description
---------------------------------------------------------------------------------------------
                      0.150000    0.000000    0.000000   clock periph_clk (rise edge)
                                  0.000000    0.000000   clock network delay (ideal)
                      0.150000    0.000000    0.000000 ^ _1873_/CLK (gf180mcu_fd_sc_mcu7t5v0__dffrnq_1)
     2    0.007764    0.247129    1.317174    1.317174 v _1873_/Q (gf180mcu_fd_sc_mcu7t5v0__dffrnq_1)
                                                         u_dc_fifo_rx.u_din.buffer.data[17] (net)
                      0.247129    0.000000    1.317174 v _1426_/I0 (gf180mcu_fd_sc_mcu7t5v0__mux2_2)
     1    0.003014    0.193722    0.639746    1.956921 v _1426_/Z (gf180mcu_fd_sc_mcu7t5v0__mux2_2)
                                                         _0061_ (net)
                      0.193722    0.000000    1.956921 v _1873_/D (gf180mcu_fd_sc_mcu7t5v0__dffrnq_1)
                                              1.956921   data arrival time

                      0.150000    0.000000    0.000000   clock periph_clk (rise edge)
                                  0.000000    0.000000   clock network delay (ideal)
                                  0.250000    0.250000   clock uncertainty
                                  0.000000    0.250000   clock reconvergence pessimism
                                              0.250000 ^ _1873_/CLK (gf180mcu_fd_sc_mcu7t5v0__dffrnq_1)
                                  0.216045    0.466045   library hold time
                                              0.466045   data required time
---------------------------------------------------------------------------------------------
                                              0.466045   data required time
                                             -1.956921   data arrival time
---------------------------------------------------------------------------------------------
                                              1.490876   slack (MET)


Startpoint: _1874_ (rising edge-triggered flip-flop clocked by periph_clk)
Endpoint: _1874_ (rising edge-triggered flip-flop clocked by periph_clk)
Path Group: periph_clk
Path Type: min

Fanout         Cap        Slew       Delay        Time   Description
---------------------------------------------------------------------------------------------
                      0.150000    0.000000    0.000000   clock periph_clk (rise edge)
                                  0.000000    0.000000   clock network delay (ideal)
                      0.150000    0.000000    0.000000 ^ _1874_/CLK (gf180mcu_fd_sc_mcu7t5v0__dffrnq_1)
     2    0.007764    0.247129    1.317174    1.317174 v _1874_/Q (gf180mcu_fd_sc_mcu7t5v0__dffrnq_1)
                                                         u_dc_fifo_rx.u_din.buffer.data[18] (net)
                      0.247129    0.000000    1.317174 v _1427_/I0 (gf180mcu_fd_sc_mcu7t5v0__mux2_2)
     1    0.003014    0.193722    0.639746    1.956921 v _1427_/Z (gf180mcu_fd_sc_mcu7t5v0__mux2_2)
                                                         _0062_ (net)
                      0.193722    0.000000    1.956921 v _1874_/D (gf180mcu_fd_sc_mcu7t5v0__dffrnq_1)
                                              1.956921   data arrival time

                      0.150000    0.000000    0.000000   clock periph_clk (rise edge)
                                  0.000000    0.000000   clock network delay (ideal)
                                  0.250000    0.250000   clock uncertainty
                                  0.000000    0.250000   clock reconvergence pessimism
                                              0.250000 ^ _1874_/CLK (gf180mcu_fd_sc_mcu7t5v0__dffrnq_1)
                                  0.216045    0.466045   library hold time
                                              0.466045   data required time
---------------------------------------------------------------------------------------------
                                              0.466045   data required time
                                             -1.956921   data arrival time
---------------------------------------------------------------------------------------------
                                              1.490876   slack (MET)


Startpoint: _1875_ (rising edge-triggered flip-flop clocked by periph_clk)
Endpoint: _1875_ (rising edge-triggered flip-flop clocked by periph_clk)
Path Group: periph_clk
Path Type: min

Fanout         Cap        Slew       Delay        Time   Description
---------------------------------------------------------------------------------------------
                      0.150000    0.000000    0.000000   clock periph_clk (rise edge)
                                  0.000000    0.000000   clock network delay (ideal)
                      0.150000    0.000000    0.000000 ^ _1875_/CLK (gf180mcu_fd_sc_mcu7t5v0__dffrnq_1)
     2    0.007764    0.247129    1.317174    1.317174 v _1875_/Q (gf180mcu_fd_sc_mcu7t5v0__dffrnq_1)
                                                         u_dc_fifo_rx.u_din.buffer.data[19] (net)
                      0.247129    0.000000    1.317174 v _1428_/I0 (gf180mcu_fd_sc_mcu7t5v0__mux2_2)
     1    0.003014    0.193722    0.639746    1.956921 v _1428_/Z (gf180mcu_fd_sc_mcu7t5v0__mux2_2)
                                                         _0063_ (net)
                      0.193722    0.000000    1.956921 v _1875_/D (gf180mcu_fd_sc_mcu7t5v0__dffrnq_1)
                                              1.956921   data arrival time

                      0.150000    0.000000    0.000000   clock periph_clk (rise edge)
                                  0.000000    0.000000   clock network delay (ideal)
                                  0.250000    0.250000   clock uncertainty
                                  0.000000    0.250000   clock reconvergence pessimism
                                              0.250000 ^ _1875_/CLK (gf180mcu_fd_sc_mcu7t5v0__dffrnq_1)
                                  0.216045    0.466045   library hold time
                                              0.466045   data required time
---------------------------------------------------------------------------------------------
                                              0.466045   data required time
                                             -1.956921   data arrival time
---------------------------------------------------------------------------------------------
                                              1.490876   slack (MET)


Startpoint: _1876_ (rising edge-triggered flip-flop clocked by periph_clk)
Endpoint: _1876_ (rising edge-triggered flip-flop clocked by periph_clk)
Path Group: periph_clk
Path Type: min

Fanout         Cap        Slew       Delay        Time   Description
---------------------------------------------------------------------------------------------
                      0.150000    0.000000    0.000000   clock periph_clk (rise edge)
                                  0.000000    0.000000   clock network delay (ideal)
                      0.150000    0.000000    0.000000 ^ _1876_/CLK (gf180mcu_fd_sc_mcu7t5v0__dffrnq_1)
     2    0.007764    0.247129    1.317174    1.317174 v _1876_/Q (gf180mcu_fd_sc_mcu7t5v0__dffrnq_1)
                                                         u_dc_fifo_rx.u_din.buffer.data[20] (net)
                      0.247129    0.000000    1.317174 v _1429_/I0 (gf180mcu_fd_sc_mcu7t5v0__mux2_2)
     1    0.003014    0.193722    0.639746    1.956921 v _1429_/Z (gf180mcu_fd_sc_mcu7t5v0__mux2_2)
                                                         _0064_ (net)
                      0.193722    0.000000    1.956921 v _1876_/D (gf180mcu_fd_sc_mcu7t5v0__dffrnq_1)
                                              1.956921   data arrival time

                      0.150000    0.000000    0.000000   clock periph_clk (rise edge)
                                  0.000000    0.000000   clock network delay (ideal)
                                  0.250000    0.250000   clock uncertainty
                                  0.000000    0.250000   clock reconvergence pessimism
                                              0.250000 ^ _1876_/CLK (gf180mcu_fd_sc_mcu7t5v0__dffrnq_1)
                                  0.216045    0.466045   library hold time
                                              0.466045   data required time
---------------------------------------------------------------------------------------------
                                              0.466045   data required time
                                             -1.956921   data arrival time
---------------------------------------------------------------------------------------------
                                              1.490876   slack (MET)


Startpoint: _1877_ (rising edge-triggered flip-flop clocked by periph_clk)
Endpoint: _1877_ (rising edge-triggered flip-flop clocked by periph_clk)
Path Group: periph_clk
Path Type: min

Fanout         Cap        Slew       Delay        Time   Description
---------------------------------------------------------------------------------------------
                      0.150000    0.000000    0.000000   clock periph_clk (rise edge)
                                  0.000000    0.000000   clock network delay (ideal)
                      0.150000    0.000000    0.000000 ^ _1877_/CLK (gf180mcu_fd_sc_mcu7t5v0__dffrnq_1)
     2    0.007764    0.247129    1.317174    1.317174 v _1877_/Q (gf180mcu_fd_sc_mcu7t5v0__dffrnq_1)
                                                         u_dc_fifo_rx.u_din.buffer.data[21] (net)
                      0.247129    0.000000    1.317174 v _1430_/I0 (gf180mcu_fd_sc_mcu7t5v0__mux2_2)
     1    0.003014    0.193722    0.639746    1.956921 v _1430_/Z (gf180mcu_fd_sc_mcu7t5v0__mux2_2)
                                                         _0065_ (net)
                      0.193722    0.000000    1.956921 v _1877_/D (gf180mcu_fd_sc_mcu7t5v0__dffrnq_1)
                                              1.956921   data arrival time

                      0.150000    0.000000    0.000000   clock periph_clk (rise edge)
                                  0.000000    0.000000   clock network delay (ideal)
                                  0.250000    0.250000   clock uncertainty
                                  0.000000    0.250000   clock reconvergence pessimism
                                              0.250000 ^ _1877_/CLK (gf180mcu_fd_sc_mcu7t5v0__dffrnq_1)
                                  0.216045    0.466045   library hold time
                                              0.466045   data required time
---------------------------------------------------------------------------------------------
                                              0.466045   data required time
                                             -1.956921   data arrival time
---------------------------------------------------------------------------------------------
                                              1.490876   slack (MET)


Startpoint: _1878_ (rising edge-triggered flip-flop clocked by periph_clk)
Endpoint: _1878_ (rising edge-triggered flip-flop clocked by periph_clk)
Path Group: periph_clk
Path Type: min

Fanout         Cap        Slew       Delay        Time   Description
---------------------------------------------------------------------------------------------
                      0.150000    0.000000    0.000000   clock periph_clk (rise edge)
                                  0.000000    0.000000   clock network delay (ideal)
                      0.150000    0.000000    0.000000 ^ _1878_/CLK (gf180mcu_fd_sc_mcu7t5v0__dffrnq_1)
     2    0.007764    0.247129    1.317174    1.317174 v _1878_/Q (gf180mcu_fd_sc_mcu7t5v0__dffrnq_1)
                                                         u_dc_fifo_rx.u_din.buffer.data[22] (net)
                      0.247129    0.000000    1.317174 v _1431_/I0 (gf180mcu_fd_sc_mcu7t5v0__mux2_2)
     1    0.003014    0.193722    0.639746    1.956921 v _1431_/Z (gf180mcu_fd_sc_mcu7t5v0__mux2_2)
                                                         _0066_ (net)
                      0.193722    0.000000    1.956921 v _1878_/D (gf180mcu_fd_sc_mcu7t5v0__dffrnq_1)
                                              1.956921   data arrival time

                      0.150000    0.000000    0.000000   clock periph_clk (rise edge)
                                  0.000000    0.000000   clock network delay (ideal)
                                  0.250000    0.250000   clock uncertainty
                                  0.000000    0.250000   clock reconvergence pessimism
                                              0.250000 ^ _1878_/CLK (gf180mcu_fd_sc_mcu7t5v0__dffrnq_1)
                                  0.216045    0.466045   library hold time
                                              0.466045   data required time
---------------------------------------------------------------------------------------------
                                              0.466045   data required time
                                             -1.956921   data arrival time
---------------------------------------------------------------------------------------------
                                              1.490876   slack (MET)


Startpoint: _1879_ (rising edge-triggered flip-flop clocked by periph_clk)
Endpoint: _1879_ (rising edge-triggered flip-flop clocked by periph_clk)
Path Group: periph_clk
Path Type: min

Fanout         Cap        Slew       Delay        Time   Description
---------------------------------------------------------------------------------------------
                      0.150000    0.000000    0.000000   clock periph_clk (rise edge)
                                  0.000000    0.000000   clock network delay (ideal)
                      0.150000    0.000000    0.000000 ^ _1879_/CLK (gf180mcu_fd_sc_mcu7t5v0__dffrnq_1)
     2    0.007764    0.247129    1.317174    1.317174 v _1879_/Q (gf180mcu_fd_sc_mcu7t5v0__dffrnq_1)
                                                         u_dc_fifo_rx.u_din.buffer.data[23] (net)
                      0.247129    0.000000    1.317174 v _1432_/I0 (gf180mcu_fd_sc_mcu7t5v0__mux2_2)
     1    0.003014    0.193722    0.639746    1.956921 v _1432_/Z (gf180mcu_fd_sc_mcu7t5v0__mux2_2)
                                                         _0067_ (net)
                      0.193722    0.000000    1.956921 v _1879_/D (gf180mcu_fd_sc_mcu7t5v0__dffrnq_1)
                                              1.956921   data arrival time

                      0.150000    0.000000    0.000000   clock periph_clk (rise edge)
                                  0.000000    0.000000   clock network delay (ideal)
                                  0.250000    0.250000   clock uncertainty
                                  0.000000    0.250000   clock reconvergence pessimism
                                              0.250000 ^ _1879_/CLK (gf180mcu_fd_sc_mcu7t5v0__dffrnq_1)
                                  0.216045    0.466045   library hold time
                                              0.466045   data required time
---------------------------------------------------------------------------------------------
                                              0.466045   data required time
                                             -1.956921   data arrival time
---------------------------------------------------------------------------------------------
                                              1.490876   slack (MET)


Startpoint: _2065_ (rising edge-triggered flip-flop clocked by periph_clk)
Endpoint: _2065_ (rising edge-triggered flip-flop clocked by periph_clk)
Path Group: periph_clk
Path Type: min

Fanout         Cap        Slew       Delay        Time   Description
---------------------------------------------------------------------------------------------
                      0.150000    0.000000    0.000000   clock periph_clk (rise edge)
                                  0.000000    0.000000   clock network delay (ideal)
                      0.150000    0.000000    0.000000 ^ _2065_/CLK (gf180mcu_fd_sc_mcu7t5v0__dffrnq_1)
     4    0.018226    0.401400    1.438577    1.438577 v _2065_/Q (gf180mcu_fd_sc_mcu7t5v0__dffrnq_1)
                                                         u_uart_rx.reg_bit_count[1] (net)
                      0.401400    0.000000    1.438577 v _0955_/I (gf180mcu_fd_sc_mcu7t5v0__clkinv_1)
     2    0.009695    0.382546    0.323590    1.762168 ^ _0955_/ZN (gf180mcu_fd_sc_mcu7t5v0__clkinv_1)
                                                         _0746_ (net)
                      0.382546    0.000000    1.762168 ^ _1730_/A2 (gf180mcu_fd_sc_mcu7t5v0__aoi21_1)
     1    0.003014    0.221845    0.193368    1.955536 v _1730_/ZN (gf180mcu_fd_sc_mcu7t5v0__aoi21_1)
                                                         _0253_ (net)
                      0.221845    0.000000    1.955536 v _2065_/D (gf180mcu_fd_sc_mcu7t5v0__dffrnq_1)
                                              1.955536   data arrival time

                      0.150000    0.000000    0.000000   clock periph_clk (rise edge)
                                  0.000000    0.000000   clock network delay (ideal)
                                  0.250000    0.250000   clock uncertainty
                                  0.000000    0.250000   clock reconvergence pessimism
                                              0.250000 ^ _2065_/CLK (gf180mcu_fd_sc_mcu7t5v0__dffrnq_1)
                                  0.208562    0.458562   library hold time
                                              0.458562   data required time
---------------------------------------------------------------------------------------------
                                              0.458562   data required time
                                             -1.955536   data arrival time
---------------------------------------------------------------------------------------------
                                              1.496974   slack (MET)


Startpoint: _1864_ (rising edge-triggered flip-flop clocked by periph_clk)
Endpoint: _1864_ (rising edge-triggered flip-flop clocked by periph_clk)
Path Group: periph_clk
Path Type: min

Fanout         Cap        Slew       Delay        Time   Description
---------------------------------------------------------------------------------------------
                      0.150000    0.000000    0.000000   clock periph_clk (rise edge)
                                  0.000000    0.000000   clock network delay (ideal)
                      0.150000    0.000000    0.000000 ^ _1864_/CLK (gf180mcu_fd_sc_mcu7t5v0__dffrnq_1)
     2    0.007653    0.245364    1.315638    1.315638 v _1864_/Q (gf180mcu_fd_sc_mcu7t5v0__dffrnq_1)
                                                         u_dc_fifo_rx.u_din.buffer.data[8] (net)
                      0.245364    0.000000    1.315638 v _1416_/I1 (gf180mcu_fd_sc_mcu7t5v0__mux2_2)
     1    0.003014    0.189698    0.648767    1.964404 v _1416_/Z (gf180mcu_fd_sc_mcu7t5v0__mux2_2)
                                                         _0052_ (net)
                      0.189698    0.000000    1.964404 v _1864_/D (gf180mcu_fd_sc_mcu7t5v0__dffrnq_1)
                                              1.964404   data arrival time

                      0.150000    0.000000    0.000000   clock periph_clk (rise edge)
                                  0.000000    0.000000   clock network delay (ideal)
                                  0.250000    0.250000   clock uncertainty
                                  0.000000    0.250000   clock reconvergence pessimism
                                              0.250000 ^ _1864_/CLK (gf180mcu_fd_sc_mcu7t5v0__dffrnq_1)
                                  0.217115    0.467115   library hold time
                                              0.467115   data required time
---------------------------------------------------------------------------------------------
                                              0.467115   data required time
                                             -1.964404   data arrival time
---------------------------------------------------------------------------------------------
                                              1.497289   slack (MET)


Startpoint: _1865_ (rising edge-triggered flip-flop clocked by periph_clk)
Endpoint: _1865_ (rising edge-triggered flip-flop clocked by periph_clk)
Path Group: periph_clk
Path Type: min

Fanout         Cap        Slew       Delay        Time   Description
---------------------------------------------------------------------------------------------
                      0.150000    0.000000    0.000000   clock periph_clk (rise edge)
                                  0.000000    0.000000   clock network delay (ideal)
                      0.150000    0.000000    0.000000 ^ _1865_/CLK (gf180mcu_fd_sc_mcu7t5v0__dffrnq_1)
     2    0.007653    0.245364    1.315638    1.315638 v _1865_/Q (gf180mcu_fd_sc_mcu7t5v0__dffrnq_1)
                                                         u_dc_fifo_rx.u_din.buffer.data[9] (net)
                      0.245364    0.000000    1.315638 v _1417_/I1 (gf180mcu_fd_sc_mcu7t5v0__mux2_2)
     1    0.003014    0.189698    0.648767    1.964404 v _1417_/Z (gf180mcu_fd_sc_mcu7t5v0__mux2_2)
                                                         _0053_ (net)
                      0.189698    0.000000    1.964404 v _1865_/D (gf180mcu_fd_sc_mcu7t5v0__dffrnq_1)
                                              1.964404   data arrival time

                      0.150000    0.000000    0.000000   clock periph_clk (rise edge)
                                  0.000000    0.000000   clock network delay (ideal)
                                  0.250000    0.250000   clock uncertainty
                                  0.000000    0.250000   clock reconvergence pessimism
                                              0.250000 ^ _1865_/CLK (gf180mcu_fd_sc_mcu7t5v0__dffrnq_1)
                                  0.217115    0.467115   library hold time
                                              0.467115   data required time
---------------------------------------------------------------------------------------------
                                              0.467115   data required time
                                             -1.964404   data arrival time
---------------------------------------------------------------------------------------------
                                              1.497289   slack (MET)


Startpoint: _1866_ (rising edge-triggered flip-flop clocked by periph_clk)
Endpoint: _1866_ (rising edge-triggered flip-flop clocked by periph_clk)
Path Group: periph_clk
Path Type: min

Fanout         Cap        Slew       Delay        Time   Description
---------------------------------------------------------------------------------------------
                      0.150000    0.000000    0.000000   clock periph_clk (rise edge)
                                  0.000000    0.000000   clock network delay (ideal)
                      0.150000    0.000000    0.000000 ^ _1866_/CLK (gf180mcu_fd_sc_mcu7t5v0__dffrnq_1)
     2    0.007653    0.245364    1.315638    1.315638 v _1866_/Q (gf180mcu_fd_sc_mcu7t5v0__dffrnq_1)
                                                         u_dc_fifo_rx.u_din.buffer.data[10] (net)
                      0.245364    0.000000    1.315638 v _1418_/I1 (gf180mcu_fd_sc_mcu7t5v0__mux2_2)
     1    0.003014    0.189698    0.648767    1.964404 v _1418_/Z (gf180mcu_fd_sc_mcu7t5v0__mux2_2)
                                                         _0054_ (net)
                      0.189698    0.000000    1.964404 v _1866_/D (gf180mcu_fd_sc_mcu7t5v0__dffrnq_1)
                                              1.964404   data arrival time

                      0.150000    0.000000    0.000000   clock periph_clk (rise edge)
                                  0.000000    0.000000   clock network delay (ideal)
                                  0.250000    0.250000   clock uncertainty
                                  0.000000    0.250000   clock reconvergence pessimism
                                              0.250000 ^ _1866_/CLK (gf180mcu_fd_sc_mcu7t5v0__dffrnq_1)
                                  0.217115    0.467115   library hold time
                                              0.467115   data required time
---------------------------------------------------------------------------------------------
                                              0.467115   data required time
                                             -1.964404   data arrival time
---------------------------------------------------------------------------------------------
                                              1.497289   slack (MET)


Startpoint: _1867_ (rising edge-triggered flip-flop clocked by periph_clk)
Endpoint: _1867_ (rising edge-triggered flip-flop clocked by periph_clk)
Path Group: periph_clk
Path Type: min

Fanout         Cap        Slew       Delay        Time   Description
---------------------------------------------------------------------------------------------
                      0.150000    0.000000    0.000000   clock periph_clk (rise edge)
                                  0.000000    0.000000   clock network delay (ideal)
                      0.150000    0.000000    0.000000 ^ _1867_/CLK (gf180mcu_fd_sc_mcu7t5v0__dffrnq_1)
     2    0.007653    0.245364    1.315638    1.315638 v _1867_/Q (gf180mcu_fd_sc_mcu7t5v0__dffrnq_1)
                                                         u_dc_fifo_rx.u_din.buffer.data[11] (net)
                      0.245364    0.000000    1.315638 v _1419_/I1 (gf180mcu_fd_sc_mcu7t5v0__mux2_2)
     1    0.003014    0.189698    0.648767    1.964404 v _1419_/Z (gf180mcu_fd_sc_mcu7t5v0__mux2_2)
                                                         _0055_ (net)
                      0.189698    0.000000    1.964404 v _1867_/D (gf180mcu_fd_sc_mcu7t5v0__dffrnq_1)
                                              1.964404   data arrival time

                      0.150000    0.000000    0.000000   clock periph_clk (rise edge)
                                  0.000000    0.000000   clock network delay (ideal)
                                  0.250000    0.250000   clock uncertainty
                                  0.000000    0.250000   clock reconvergence pessimism
                                              0.250000 ^ _1867_/CLK (gf180mcu_fd_sc_mcu7t5v0__dffrnq_1)
                                  0.217115    0.467115   library hold time
                                              0.467115   data required time
---------------------------------------------------------------------------------------------
                                              0.467115   data required time
                                             -1.964404   data arrival time
---------------------------------------------------------------------------------------------
                                              1.497289   slack (MET)


Startpoint: _1868_ (rising edge-triggered flip-flop clocked by periph_clk)
Endpoint: _1868_ (rising edge-triggered flip-flop clocked by periph_clk)
Path Group: periph_clk
Path Type: min

Fanout         Cap        Slew       Delay        Time   Description
---------------------------------------------------------------------------------------------
                      0.150000    0.000000    0.000000   clock periph_clk (rise edge)
                                  0.000000    0.000000   clock network delay (ideal)
                      0.150000    0.000000    0.000000 ^ _1868_/CLK (gf180mcu_fd_sc_mcu7t5v0__dffrnq_1)
     2    0.007653    0.245364    1.315638    1.315638 v _1868_/Q (gf180mcu_fd_sc_mcu7t5v0__dffrnq_1)
                                                         u_dc_fifo_rx.u_din.buffer.data[12] (net)
                      0.245364    0.000000    1.315638 v _1420_/I1 (gf180mcu_fd_sc_mcu7t5v0__mux2_2)
     1    0.003014    0.189698    0.648767    1.964404 v _1420_/Z (gf180mcu_fd_sc_mcu7t5v0__mux2_2)
                                                         _0056_ (net)
                      0.189698    0.000000    1.964404 v _1868_/D (gf180mcu_fd_sc_mcu7t5v0__dffrnq_1)
                                              1.964404   data arrival time

                      0.150000    0.000000    0.000000   clock periph_clk (rise edge)
                                  0.000000    0.000000   clock network delay (ideal)
                                  0.250000    0.250000   clock uncertainty
                                  0.000000    0.250000   clock reconvergence pessimism
                                              0.250000 ^ _1868_/CLK (gf180mcu_fd_sc_mcu7t5v0__dffrnq_1)
                                  0.217115    0.467115   library hold time
                                              0.467115   data required time
---------------------------------------------------------------------------------------------
                                              0.467115   data required time
                                             -1.964404   data arrival time
---------------------------------------------------------------------------------------------
                                              1.497289   slack (MET)


Startpoint: _1869_ (rising edge-triggered flip-flop clocked by periph_clk)
Endpoint: _1869_ (rising edge-triggered flip-flop clocked by periph_clk)
Path Group: periph_clk
Path Type: min

Fanout         Cap        Slew       Delay        Time   Description
---------------------------------------------------------------------------------------------
                      0.150000    0.000000    0.000000   clock periph_clk (rise edge)
                                  0.000000    0.000000   clock network delay (ideal)
                      0.150000    0.000000    0.000000 ^ _1869_/CLK (gf180mcu_fd_sc_mcu7t5v0__dffrnq_1)
     2    0.007653    0.245364    1.315638    1.315638 v _1869_/Q (gf180mcu_fd_sc_mcu7t5v0__dffrnq_1)
                                                         u_dc_fifo_rx.u_din.buffer.data[13] (net)
                      0.245364    0.000000    1.315638 v _1421_/I1 (gf180mcu_fd_sc_mcu7t5v0__mux2_2)
     1    0.003014    0.189698    0.648767    1.964404 v _1421_/Z (gf180mcu_fd_sc_mcu7t5v0__mux2_2)
                                                         _0057_ (net)
                      0.189698    0.000000    1.964404 v _1869_/D (gf180mcu_fd_sc_mcu7t5v0__dffrnq_1)
                                              1.964404   data arrival time

                      0.150000    0.000000    0.000000   clock periph_clk (rise edge)
                                  0.000000    0.000000   clock network delay (ideal)
                                  0.250000    0.250000   clock uncertainty
                                  0.000000    0.250000   clock reconvergence pessimism
                                              0.250000 ^ _1869_/CLK (gf180mcu_fd_sc_mcu7t5v0__dffrnq_1)
                                  0.217115    0.467115   library hold time
                                              0.467115   data required time
---------------------------------------------------------------------------------------------
                                              0.467115   data required time
                                             -1.964404   data arrival time
---------------------------------------------------------------------------------------------
                                              1.497289   slack (MET)


Startpoint: _1870_ (rising edge-triggered flip-flop clocked by periph_clk)
Endpoint: _1870_ (rising edge-triggered flip-flop clocked by periph_clk)
Path Group: periph_clk
Path Type: min

Fanout         Cap        Slew       Delay        Time   Description
---------------------------------------------------------------------------------------------
                      0.150000    0.000000    0.000000   clock periph_clk (rise edge)
                                  0.000000    0.000000   clock network delay (ideal)
                      0.150000    0.000000    0.000000 ^ _1870_/CLK (gf180mcu_fd_sc_mcu7t5v0__dffrnq_1)
     2    0.007653    0.245364    1.315638    1.315638 v _1870_/Q (gf180mcu_fd_sc_mcu7t5v0__dffrnq_1)
                                                         u_dc_fifo_rx.u_din.buffer.data[14] (net)
                      0.245364    0.000000    1.315638 v _1422_/I1 (gf180mcu_fd_sc_mcu7t5v0__mux2_2)
     1    0.003014    0.189698    0.648767    1.964404 v _1422_/Z (gf180mcu_fd_sc_mcu7t5v0__mux2_2)
                                                         _0058_ (net)
                      0.189698    0.000000    1.964404 v _1870_/D (gf180mcu_fd_sc_mcu7t5v0__dffrnq_1)
                                              1.964404   data arrival time

                      0.150000    0.000000    0.000000   clock periph_clk (rise edge)
                                  0.000000    0.000000   clock network delay (ideal)
                                  0.250000    0.250000   clock uncertainty
                                  0.000000    0.250000   clock reconvergence pessimism
                                              0.250000 ^ _1870_/CLK (gf180mcu_fd_sc_mcu7t5v0__dffrnq_1)
                                  0.217115    0.467115   library hold time
                                              0.467115   data required time
---------------------------------------------------------------------------------------------
                                              0.467115   data required time
                                             -1.964404   data arrival time
---------------------------------------------------------------------------------------------
                                              1.497289   slack (MET)


Startpoint: _1871_ (rising edge-triggered flip-flop clocked by periph_clk)
Endpoint: _1871_ (rising edge-triggered flip-flop clocked by periph_clk)
Path Group: periph_clk
Path Type: min

Fanout         Cap        Slew       Delay        Time   Description
---------------------------------------------------------------------------------------------
                      0.150000    0.000000    0.000000   clock periph_clk (rise edge)
                                  0.000000    0.000000   clock network delay (ideal)
                      0.150000    0.000000    0.000000 ^ _1871_/CLK (gf180mcu_fd_sc_mcu7t5v0__dffrnq_1)
     2    0.007653    0.245364    1.315638    1.315638 v _1871_/Q (gf180mcu_fd_sc_mcu7t5v0__dffrnq_1)
                                                         u_dc_fifo_rx.u_din.buffer.data[15] (net)
                      0.245364    0.000000    1.315638 v _1423_/I1 (gf180mcu_fd_sc_mcu7t5v0__mux2_2)
     1    0.003014    0.189698    0.648767    1.964404 v _1423_/Z (gf180mcu_fd_sc_mcu7t5v0__mux2_2)
                                                         _0059_ (net)
                      0.189698    0.000000    1.964404 v _1871_/D (gf180mcu_fd_sc_mcu7t5v0__dffrnq_1)
                                              1.964404   data arrival time

                      0.150000    0.000000    0.000000   clock periph_clk (rise edge)
                                  0.000000    0.000000   clock network delay (ideal)
                                  0.250000    0.250000   clock uncertainty
                                  0.000000    0.250000   clock reconvergence pessimism
                                              0.250000 ^ _1871_/CLK (gf180mcu_fd_sc_mcu7t5v0__dffrnq_1)
                                  0.217115    0.467115   library hold time
                                              0.467115   data required time
---------------------------------------------------------------------------------------------
                                              0.467115   data required time
                                             -1.964404   data arrival time
---------------------------------------------------------------------------------------------
                                              1.497289   slack (MET)


Startpoint: _1880_ (rising edge-triggered flip-flop clocked by periph_clk)
Endpoint: _1880_ (rising edge-triggered flip-flop clocked by periph_clk)
Path Group: periph_clk
Path Type: min

Fanout         Cap        Slew       Delay        Time   Description
---------------------------------------------------------------------------------------------
                      0.150000    0.000000    0.000000   clock periph_clk (rise edge)
                                  0.000000    0.000000   clock network delay (ideal)
                      0.150000    0.000000    0.000000 ^ _1880_/CLK (gf180mcu_fd_sc_mcu7t5v0__dffrnq_1)
     2    0.007699    0.246095    1.316275    1.316275 v _1880_/Q (gf180mcu_fd_sc_mcu7t5v0__dffrnq_1)
                                                         u_dc_fifo_rx.u_din.buffer.data[24] (net)
                      0.246095    0.000000    1.316275 v _1434_/I1 (gf180mcu_fd_sc_mcu7t5v0__mux2_2)
     1    0.003014    0.189532    0.648895    1.965170 v _1434_/Z (gf180mcu_fd_sc_mcu7t5v0__mux2_2)
                                                         _0068_ (net)
                      0.189532    0.000000    1.965170 v _1880_/D (gf180mcu_fd_sc_mcu7t5v0__dffrnq_1)
                                              1.965170   data arrival time

                      0.150000    0.000000    0.000000   clock periph_clk (rise edge)
                                  0.000000    0.000000   clock network delay (ideal)
                                  0.250000    0.250000   clock uncertainty
                                  0.000000    0.250000   clock reconvergence pessimism
                                              0.250000 ^ _1880_/CLK (gf180mcu_fd_sc_mcu7t5v0__dffrnq_1)
                                  0.217160    0.467160   library hold time
                                              0.467160   data required time
---------------------------------------------------------------------------------------------
                                              0.467160   data required time
                                             -1.965170   data arrival time
---------------------------------------------------------------------------------------------
                                              1.498010   slack (MET)


Startpoint: _1881_ (rising edge-triggered flip-flop clocked by periph_clk)
Endpoint: _1881_ (rising edge-triggered flip-flop clocked by periph_clk)
Path Group: periph_clk
Path Type: min

Fanout         Cap        Slew       Delay        Time   Description
---------------------------------------------------------------------------------------------
                      0.150000    0.000000    0.000000   clock periph_clk (rise edge)
                                  0.000000    0.000000   clock network delay (ideal)
                      0.150000    0.000000    0.000000 ^ _1881_/CLK (gf180mcu_fd_sc_mcu7t5v0__dffrnq_1)
     2    0.007699    0.246095    1.316275    1.316275 v _1881_/Q (gf180mcu_fd_sc_mcu7t5v0__dffrnq_1)
                                                         u_dc_fifo_rx.u_din.buffer.data[25] (net)
                      0.246095    0.000000    1.316275 v _1435_/I1 (gf180mcu_fd_sc_mcu7t5v0__mux2_2)
     1    0.003014    0.189532    0.648895    1.965170 v _1435_/Z (gf180mcu_fd_sc_mcu7t5v0__mux2_2)
                                                         _0069_ (net)
                      0.189532    0.000000    1.965170 v _1881_/D (gf180mcu_fd_sc_mcu7t5v0__dffrnq_1)
                                              1.965170   data arrival time

                      0.150000    0.000000    0.000000   clock periph_clk (rise edge)
                                  0.000000    0.000000   clock network delay (ideal)
                                  0.250000    0.250000   clock uncertainty
                                  0.000000    0.250000   clock reconvergence pessimism
                                              0.250000 ^ _1881_/CLK (gf180mcu_fd_sc_mcu7t5v0__dffrnq_1)
                                  0.217160    0.467160   library hold time
                                              0.467160   data required time
---------------------------------------------------------------------------------------------
                                              0.467160   data required time
                                             -1.965170   data arrival time
---------------------------------------------------------------------------------------------
                                              1.498010   slack (MET)


Startpoint: _1882_ (rising edge-triggered flip-flop clocked by periph_clk)
Endpoint: _1882_ (rising edge-triggered flip-flop clocked by periph_clk)
Path Group: periph_clk
Path Type: min

Fanout         Cap        Slew       Delay        Time   Description
---------------------------------------------------------------------------------------------
                      0.150000    0.000000    0.000000   clock periph_clk (rise edge)
                                  0.000000    0.000000   clock network delay (ideal)
                      0.150000    0.000000    0.000000 ^ _1882_/CLK (gf180mcu_fd_sc_mcu7t5v0__dffrnq_1)
     2    0.007699    0.246095    1.316275    1.316275 v _1882_/Q (gf180mcu_fd_sc_mcu7t5v0__dffrnq_1)
                                                         u_dc_fifo_rx.u_din.buffer.data[26] (net)
                      0.246095    0.000000    1.316275 v _1436_/I1 (gf180mcu_fd_sc_mcu7t5v0__mux2_2)
     1    0.003014    0.189532    0.648895    1.965170 v _1436_/Z (gf180mcu_fd_sc_mcu7t5v0__mux2_2)
                                                         _0070_ (net)
                      0.189532    0.000000    1.965170 v _1882_/D (gf180mcu_fd_sc_mcu7t5v0__dffrnq_1)
                                              1.965170   data arrival time

                      0.150000    0.000000    0.000000   clock periph_clk (rise edge)
                                  0.000000    0.000000   clock network delay (ideal)
                                  0.250000    0.250000   clock uncertainty
                                  0.000000    0.250000   clock reconvergence pessimism
                                              0.250000 ^ _1882_/CLK (gf180mcu_fd_sc_mcu7t5v0__dffrnq_1)
                                  0.217160    0.467160   library hold time
                                              0.467160   data required time
---------------------------------------------------------------------------------------------
                                              0.467160   data required time
                                             -1.965170   data arrival time
---------------------------------------------------------------------------------------------
                                              1.498010   slack (MET)


Startpoint: _1883_ (rising edge-triggered flip-flop clocked by periph_clk)
Endpoint: _1883_ (rising edge-triggered flip-flop clocked by periph_clk)
Path Group: periph_clk
Path Type: min

Fanout         Cap        Slew       Delay        Time   Description
---------------------------------------------------------------------------------------------
                      0.150000    0.000000    0.000000   clock periph_clk (rise edge)
                                  0.000000    0.000000   clock network delay (ideal)
                      0.150000    0.000000    0.000000 ^ _1883_/CLK (gf180mcu_fd_sc_mcu7t5v0__dffrnq_1)
     2    0.007699    0.246095    1.316275    1.316275 v _1883_/Q (gf180mcu_fd_sc_mcu7t5v0__dffrnq_1)
                                                         u_dc_fifo_rx.u_din.buffer.data[27] (net)
                      0.246095    0.000000    1.316275 v _1437_/I1 (gf180mcu_fd_sc_mcu7t5v0__mux2_2)
     1    0.003014    0.189532    0.648895    1.965170 v _1437_/Z (gf180mcu_fd_sc_mcu7t5v0__mux2_2)
                                                         _0071_ (net)
                      0.189532    0.000000    1.965170 v _1883_/D (gf180mcu_fd_sc_mcu7t5v0__dffrnq_1)
                                              1.965170   data arrival time

                      0.150000    0.000000    0.000000   clock periph_clk (rise edge)
                                  0.000000    0.000000   clock network delay (ideal)
                                  0.250000    0.250000   clock uncertainty
                                  0.000000    0.250000   clock reconvergence pessimism
                                              0.250000 ^ _1883_/CLK (gf180mcu_fd_sc_mcu7t5v0__dffrnq_1)
                                  0.217160    0.467160   library hold time
                                              0.467160   data required time
---------------------------------------------------------------------------------------------
                                              0.467160   data required time
                                             -1.965170   data arrival time
---------------------------------------------------------------------------------------------
                                              1.498010   slack (MET)


Startpoint: _1884_ (rising edge-triggered flip-flop clocked by periph_clk)
Endpoint: _1884_ (rising edge-triggered flip-flop clocked by periph_clk)
Path Group: periph_clk
Path Type: min

Fanout         Cap        Slew       Delay        Time   Description
---------------------------------------------------------------------------------------------
                      0.150000    0.000000    0.000000   clock periph_clk (rise edge)
                                  0.000000    0.000000   clock network delay (ideal)
                      0.150000    0.000000    0.000000 ^ _1884_/CLK (gf180mcu_fd_sc_mcu7t5v0__dffrnq_1)
     2    0.007699    0.246095    1.316275    1.316275 v _1884_/Q (gf180mcu_fd_sc_mcu7t5v0__dffrnq_1)
                                                         u_dc_fifo_rx.u_din.buffer.data[28] (net)
                      0.246095    0.000000    1.316275 v _1438_/I1 (gf180mcu_fd_sc_mcu7t5v0__mux2_2)
     1    0.003014    0.189532    0.648895    1.965170 v _1438_/Z (gf180mcu_fd_sc_mcu7t5v0__mux2_2)
                                                         _0072_ (net)
                      0.189532    0.000000    1.965170 v _1884_/D (gf180mcu_fd_sc_mcu7t5v0__dffrnq_1)
                                              1.965170   data arrival time

                      0.150000    0.000000    0.000000   clock periph_clk (rise edge)
                                  0.000000    0.000000   clock network delay (ideal)
                                  0.250000    0.250000   clock uncertainty
                                  0.000000    0.250000   clock reconvergence pessimism
                                              0.250000 ^ _1884_/CLK (gf180mcu_fd_sc_mcu7t5v0__dffrnq_1)
                                  0.217160    0.467160   library hold time
                                              0.467160   data required time
---------------------------------------------------------------------------------------------
                                              0.467160   data required time
                                             -1.965170   data arrival time
---------------------------------------------------------------------------------------------
                                              1.498010   slack (MET)


Startpoint: _1885_ (rising edge-triggered flip-flop clocked by periph_clk)
Endpoint: _1885_ (rising edge-triggered flip-flop clocked by periph_clk)
Path Group: periph_clk
Path Type: min

Fanout         Cap        Slew       Delay        Time   Description
---------------------------------------------------------------------------------------------
                      0.150000    0.000000    0.000000   clock periph_clk (rise edge)
                                  0.000000    0.000000   clock network delay (ideal)
                      0.150000    0.000000    0.000000 ^ _1885_/CLK (gf180mcu_fd_sc_mcu7t5v0__dffrnq_1)
     2    0.007699    0.246095    1.316275    1.316275 v _1885_/Q (gf180mcu_fd_sc_mcu7t5v0__dffrnq_1)
                                                         u_dc_fifo_rx.u_din.buffer.data[29] (net)
                      0.246095    0.000000    1.316275 v _1439_/I1 (gf180mcu_fd_sc_mcu7t5v0__mux2_2)
     1    0.003014    0.189532    0.648895    1.965170 v _1439_/Z (gf180mcu_fd_sc_mcu7t5v0__mux2_2)
                                                         _0073_ (net)
                      0.189532    0.000000    1.965170 v _1885_/D (gf180mcu_fd_sc_mcu7t5v0__dffrnq_1)
                                              1.965170   data arrival time

                      0.150000    0.000000    0.000000   clock periph_clk (rise edge)
                                  0.000000    0.000000   clock network delay (ideal)
                                  0.250000    0.250000   clock uncertainty
                                  0.000000    0.250000   clock reconvergence pessimism
                                              0.250000 ^ _1885_/CLK (gf180mcu_fd_sc_mcu7t5v0__dffrnq_1)
                                  0.217160    0.467160   library hold time
                                              0.467160   data required time
---------------------------------------------------------------------------------------------
                                              0.467160   data required time
                                             -1.965170   data arrival time
---------------------------------------------------------------------------------------------
                                              1.498010   slack (MET)


Startpoint: _1886_ (rising edge-triggered flip-flop clocked by periph_clk)
Endpoint: _1886_ (rising edge-triggered flip-flop clocked by periph_clk)
Path Group: periph_clk
Path Type: min

Fanout         Cap        Slew       Delay        Time   Description
---------------------------------------------------------------------------------------------
                      0.150000    0.000000    0.000000   clock periph_clk (rise edge)
                                  0.000000    0.000000   clock network delay (ideal)
                      0.150000    0.000000    0.000000 ^ _1886_/CLK (gf180mcu_fd_sc_mcu7t5v0__dffrnq_1)
     2    0.007699    0.246095    1.316275    1.316275 v _1886_/Q (gf180mcu_fd_sc_mcu7t5v0__dffrnq_1)
                                                         u_dc_fifo_rx.u_din.buffer.data[30] (net)
                      0.246095    0.000000    1.316275 v _1440_/I1 (gf180mcu_fd_sc_mcu7t5v0__mux2_2)
     1    0.003014    0.189532    0.648895    1.965170 v _1440_/Z (gf180mcu_fd_sc_mcu7t5v0__mux2_2)
                                                         _0074_ (net)
                      0.189532    0.000000    1.965170 v _1886_/D (gf180mcu_fd_sc_mcu7t5v0__dffrnq_1)
                                              1.965170   data arrival time

                      0.150000    0.000000    0.000000   clock periph_clk (rise edge)
                                  0.000000    0.000000   clock network delay (ideal)
                                  0.250000    0.250000   clock uncertainty
                                  0.000000    0.250000   clock reconvergence pessimism
                                              0.250000 ^ _1886_/CLK (gf180mcu_fd_sc_mcu7t5v0__dffrnq_1)
                                  0.217160    0.467160   library hold time
                                              0.467160   data required time
---------------------------------------------------------------------------------------------
                                              0.467160   data required time
                                             -1.965170   data arrival time
---------------------------------------------------------------------------------------------
                                              1.498010   slack (MET)


Startpoint: _1887_ (rising edge-triggered flip-flop clocked by periph_clk)
Endpoint: _1887_ (rising edge-triggered flip-flop clocked by periph_clk)
Path Group: periph_clk
Path Type: min

Fanout         Cap        Slew       Delay        Time   Description
---------------------------------------------------------------------------------------------
                      0.150000    0.000000    0.000000   clock periph_clk (rise edge)
                                  0.000000    0.000000   clock network delay (ideal)
                      0.150000    0.000000    0.000000 ^ _1887_/CLK (gf180mcu_fd_sc_mcu7t5v0__dffrnq_1)
     2    0.007699    0.246095    1.316275    1.316275 v _1887_/Q (gf180mcu_fd_sc_mcu7t5v0__dffrnq_1)
                                                         u_dc_fifo_rx.u_din.buffer.data[31] (net)
                      0.246095    0.000000    1.316275 v _1441_/I1 (gf180mcu_fd_sc_mcu7t5v0__mux2_2)
     1    0.003014    0.189532    0.648895    1.965170 v _1441_/Z (gf180mcu_fd_sc_mcu7t5v0__mux2_2)
                                                         _0075_ (net)
                      0.189532    0.000000    1.965170 v _1887_/D (gf180mcu_fd_sc_mcu7t5v0__dffrnq_1)
                                              1.965170   data arrival time

                      0.150000    0.000000    0.000000   clock periph_clk (rise edge)
                                  0.000000    0.000000   clock network delay (ideal)
                                  0.250000    0.250000   clock uncertainty
                                  0.000000    0.250000   clock reconvergence pessimism
                                              0.250000 ^ _1887_/CLK (gf180mcu_fd_sc_mcu7t5v0__dffrnq_1)
                                  0.217160    0.467160   library hold time
                                              0.467160   data required time
---------------------------------------------------------------------------------------------
                                              0.467160   data required time
                                             -1.965170   data arrival time
---------------------------------------------------------------------------------------------
                                              1.498010   slack (MET)


Startpoint: _2108_ (rising edge-triggered flip-flop clocked by periph_clk)
Endpoint: _2068_ (rising edge-triggered flip-flop clocked by periph_clk)
Path Group: periph_clk
Path Type: min

Fanout         Cap        Slew       Delay        Time   Description
---------------------------------------------------------------------------------------------
                      0.150000    0.000000    0.000000   clock periph_clk (rise edge)
                                  0.000000    0.000000   clock network delay (ideal)
                      0.150000    0.000000    0.000000 ^ _2108_/CLK (gf180mcu_fd_sc_mcu7t5v0__dffrnq_1)
     3    0.014133    0.341463    1.391889    1.391889 v _2108_/Q (gf180mcu_fd_sc_mcu7t5v0__dffrnq_1)
                                                         r_uart_en_tx_sync[2] (net)
                      0.341463    0.000000    1.391889 v _1748_/B (gf180mcu_fd_sc_mcu7t5v0__oai21_1)
     1    0.004329    0.407373    0.351524    1.743413 ^ _1748_/ZN (gf180mcu_fd_sc_mcu7t5v0__oai21_1)
                                                         _0619_ (net)
                      0.407373    0.000000    1.743413 ^ _1749_/A2 (gf180mcu_fd_sc_mcu7t5v0__nor2_1)
     1    0.003014    0.189604    0.228365    1.971778 v _1749_/ZN (gf180mcu_fd_sc_mcu7t5v0__nor2_1)
                                                         _0256_ (net)
                      0.189604    0.000000    1.971778 v _2068_/D (gf180mcu_fd_sc_mcu7t5v0__dffrnq_1)
                                              1.971778   data arrival time

                      0.150000    0.000000    0.000000   clock periph_clk (rise edge)
                                  0.000000    0.000000   clock network delay (ideal)
                                  0.250000    0.250000   clock uncertainty
                                  0.000000    0.250000   clock reconvergence pessimism
                                              0.250000 ^ _2068_/CLK (gf180mcu_fd_sc_mcu7t5v0__dffrnq_1)
                                  0.217140    0.467140   library hold time
                                              0.467140   data required time
---------------------------------------------------------------------------------------------
                                              0.467140   data required time
                                             -1.971778   data arrival time
---------------------------------------------------------------------------------------------
                                              1.504638   slack (MET)


Startpoint: _2048_ (rising edge-triggered flip-flop clocked by sys_clk)
Endpoint: _2048_ (rising edge-triggered flip-flop clocked by sys_clk)
Path Group: sys_clk
Path Type: min

Fanout         Cap        Slew       Delay        Time   Description
---------------------------------------------------------------------------------------------
                      0.150000    0.000000    0.000000   clock sys_clk (rise edge)
                                  0.000000    0.000000   clock network delay (ideal)
                      0.150000    0.000000    0.000000 ^ _2048_/CLK (gf180mcu_fd_sc_mcu7t5v0__dffrnq_1)
     2    0.009430    0.272593    1.338243    1.338243 v _2048_/Q (gf180mcu_fd_sc_mcu7t5v0__dffrnq_1)
                                                         u_reg_if.r_uart_rx_data[5] (net)
                      0.272593    0.000000    1.338243 v _1682_/I0 (gf180mcu_fd_sc_mcu7t5v0__mux2_2)
     1    0.003014    0.190387    0.644347    1.982590 v _1682_/Z (gf180mcu_fd_sc_mcu7t5v0__mux2_2)
                                                         _0236_ (net)
                      0.190387    0.000000    1.982590 v _2048_/D (gf180mcu_fd_sc_mcu7t5v0__dffrnq_1)
                                              1.982590   data arrival time

                      0.150000    0.000000    0.000000   clock sys_clk (rise edge)
                                  0.000000    0.000000   clock network delay (ideal)
                                  0.250000    0.250000   clock uncertainty
                                  0.000000    0.250000   clock reconvergence pessimism
                                              0.250000 ^ _2048_/CLK (gf180mcu_fd_sc_mcu7t5v0__dffrnq_1)
                                  0.216932    0.466932   library hold time
                                              0.466932   data required time
---------------------------------------------------------------------------------------------
                                              0.466932   data required time
                                             -1.982590   data arrival time
---------------------------------------------------------------------------------------------
                                              1.515658   slack (MET)


Startpoint: _2043_ (rising edge-triggered flip-flop clocked by sys_clk)
Endpoint: _2043_ (rising edge-triggered flip-flop clocked by sys_clk)
Path Group: sys_clk
Path Type: min

Fanout         Cap        Slew       Delay        Time   Description
---------------------------------------------------------------------------------------------
                      0.150000    0.000000    0.000000   clock sys_clk (rise edge)
                                  0.000000    0.000000   clock network delay (ideal)
                      0.150000    0.000000    0.000000 ^ _2043_/CLK (gf180mcu_fd_sc_mcu7t5v0__dffrnq_1)
     2    0.009550    0.274350    1.339612    1.339612 v _2043_/Q (gf180mcu_fd_sc_mcu7t5v0__dffrnq_1)
                                                         u_reg_if.r_uart_rx_data[0] (net)
                      0.274350    0.000000    1.339612 v _1677_/I0 (gf180mcu_fd_sc_mcu7t5v0__mux2_2)
     1    0.003014    0.190387    0.644665    1.984276 v _1677_/Z (gf180mcu_fd_sc_mcu7t5v0__mux2_2)
                                                         _0231_ (net)
                      0.190387    0.000000    1.984276 v _2043_/D (gf180mcu_fd_sc_mcu7t5v0__dffrnq_1)
                                              1.984276   data arrival time

                      0.150000    0.000000    0.000000   clock sys_clk (rise edge)
                                  0.000000    0.000000   clock network delay (ideal)
                                  0.250000    0.250000   clock uncertainty
                                  0.000000    0.250000   clock reconvergence pessimism
                                              0.250000 ^ _2043_/CLK (gf180mcu_fd_sc_mcu7t5v0__dffrnq_1)
                                  0.216932    0.466932   library hold time
                                              0.466932   data required time
---------------------------------------------------------------------------------------------
                                              0.466932   data required time
                                             -1.984276   data arrival time
---------------------------------------------------------------------------------------------
                                              1.517344   slack (MET)


Startpoint: _2046_ (rising edge-triggered flip-flop clocked by sys_clk)
Endpoint: _2046_ (rising edge-triggered flip-flop clocked by sys_clk)
Path Group: sys_clk
Path Type: min

Fanout         Cap        Slew       Delay        Time   Description
---------------------------------------------------------------------------------------------
                      0.150000    0.000000    0.000000   clock sys_clk (rise edge)
                                  0.000000    0.000000   clock network delay (ideal)
                      0.150000    0.000000    0.000000 ^ _2046_/CLK (gf180mcu_fd_sc_mcu7t5v0__dffrnq_1)
     2    0.009550    0.274350    1.339612    1.339612 v _2046_/Q (gf180mcu_fd_sc_mcu7t5v0__dffrnq_1)
                                                         u_reg_if.r_uart_rx_data[3] (net)
                      0.274350    0.000000    1.339612 v _1680_/I0 (gf180mcu_fd_sc_mcu7t5v0__mux2_2)
     1    0.003014    0.190387    0.644665    1.984276 v _1680_/Z (gf180mcu_fd_sc_mcu7t5v0__mux2_2)
                                                         _0234_ (net)
                      0.190387    0.000000    1.984276 v _2046_/D (gf180mcu_fd_sc_mcu7t5v0__dffrnq_1)
                                              1.984276   data arrival time

                      0.150000    0.000000    0.000000   clock sys_clk (rise edge)
                                  0.000000    0.000000   clock network delay (ideal)
                                  0.250000    0.250000   clock uncertainty
                                  0.000000    0.250000   clock reconvergence pessimism
                                              0.250000 ^ _2046_/CLK (gf180mcu_fd_sc_mcu7t5v0__dffrnq_1)
                                  0.216932    0.466932   library hold time
                                              0.466932   data required time
---------------------------------------------------------------------------------------------
                                              0.466932   data required time
                                             -1.984276   data arrival time
---------------------------------------------------------------------------------------------
                                              1.517344   slack (MET)


Startpoint: _1919_ (rising edge-triggered flip-flop clocked by sys_clk)
Endpoint: _1919_ (rising edge-triggered flip-flop clocked by sys_clk)
Path Group: sys_clk
Path Type: min

Fanout         Cap        Slew       Delay        Time   Description
---------------------------------------------------------------------------------------------
                      0.150000    0.000000    0.000000   clock sys_clk (rise edge)
                                  0.000000    0.000000   clock network delay (ideal)
                      0.150000    0.000000    0.000000 ^ _1919_/CLK (gf180mcu_fd_sc_mcu7t5v0__dffrnq_1)
     2    0.008930    0.265271    1.332539    1.332539 v _1919_/Q (gf180mcu_fd_sc_mcu7t5v0__dffrnq_1)
                                                         u_dc_fifo_tx.u_din.buffer.data[23] (net)
                      0.265271    0.000000    1.332539 v _1509_/I1 (gf180mcu_fd_sc_mcu7t5v0__mux2_2)
     1    0.003014    0.189733    0.652259    1.984798 v _1509_/Z (gf180mcu_fd_sc_mcu7t5v0__mux2_2)
                                                         _0107_ (net)
                      0.189733    0.000000    1.984798 v _1919_/D (gf180mcu_fd_sc_mcu7t5v0__dffrnq_1)
                                              1.984798   data arrival time

                      0.150000    0.000000    0.000000   clock sys_clk (rise edge)
                                  0.000000    0.000000   clock network delay (ideal)
                                  0.250000    0.250000   clock uncertainty
                                  0.000000    0.250000   clock reconvergence pessimism
                                              0.250000 ^ _1919_/CLK (gf180mcu_fd_sc_mcu7t5v0__dffrnq_1)
                                  0.217106    0.467106   library hold time
                                              0.467106   data required time
---------------------------------------------------------------------------------------------
                                              0.467106   data required time
                                             -1.984798   data arrival time
---------------------------------------------------------------------------------------------
                                              1.517692   slack (MET)


Startpoint: _1940_ (rising edge-triggered flip-flop clocked by sys_clk)
Endpoint: _1940_ (rising edge-triggered flip-flop clocked by sys_clk)
Path Group: sys_clk
Path Type: min

Fanout         Cap        Slew       Delay        Time   Description
---------------------------------------------------------------------------------------------
                      0.150000    0.000000    0.000000   clock sys_clk (rise edge)
                                  0.000000    0.000000   clock network delay (ideal)
                      0.150000    0.000000    0.000000 ^ _1940_/CLK (gf180mcu_fd_sc_mcu7t5v0__dffrnq_1)
     2    0.009712    0.276723    1.341460    1.341460 v _1940_/Q (gf180mcu_fd_sc_mcu7t5v0__dffrnq_1)
                                                         u_fifo.i_fifo.buffer[0][0] (net)
                      0.276723    0.000000    1.341460 v _1561_/I0 (gf180mcu_fd_sc_mcu7t5v0__mux2_2)
     1    0.003014    0.190387    0.645093    1.986553 v _1561_/Z (gf180mcu_fd_sc_mcu7t5v0__mux2_2)
                                                         _0128_ (net)
                      0.190387    0.000000    1.986553 v _1940_/D (gf180mcu_fd_sc_mcu7t5v0__dffrnq_1)
                                              1.986553   data arrival time

                      0.150000    0.000000    0.000000   clock sys_clk (rise edge)
                                  0.000000    0.000000   clock network delay (ideal)
                                  0.250000    0.250000   clock uncertainty
                                  0.000000    0.250000   clock reconvergence pessimism
                                              0.250000 ^ _1940_/CLK (gf180mcu_fd_sc_mcu7t5v0__dffrnq_1)
                                  0.216932    0.466932   library hold time
                                              0.466932   data required time
---------------------------------------------------------------------------------------------
                                              0.466932   data required time
                                             -1.986553   data arrival time
---------------------------------------------------------------------------------------------
                                              1.519621   slack (MET)


Startpoint: _1941_ (rising edge-triggered flip-flop clocked by sys_clk)
Endpoint: _1941_ (rising edge-triggered flip-flop clocked by sys_clk)
Path Group: sys_clk
Path Type: min

Fanout         Cap        Slew       Delay        Time   Description
---------------------------------------------------------------------------------------------
                      0.150000    0.000000    0.000000   clock sys_clk (rise edge)
                                  0.000000    0.000000   clock network delay (ideal)
                      0.150000    0.000000    0.000000 ^ _1941_/CLK (gf180mcu_fd_sc_mcu7t5v0__dffrnq_1)
     2    0.009712    0.276723    1.341460    1.341460 v _1941_/Q (gf180mcu_fd_sc_mcu7t5v0__dffrnq_1)
                                                         u_fifo.i_fifo.buffer[0][1] (net)
                      0.276723    0.000000    1.341460 v _1562_/I0 (gf180mcu_fd_sc_mcu7t5v0__mux2_2)
     1    0.003014    0.190387    0.645093    1.986553 v _1562_/Z (gf180mcu_fd_sc_mcu7t5v0__mux2_2)
                                                         _0129_ (net)
                      0.190387    0.000000    1.986553 v _1941_/D (gf180mcu_fd_sc_mcu7t5v0__dffrnq_1)
                                              1.986553   data arrival time

                      0.150000    0.000000    0.000000   clock sys_clk (rise edge)
                                  0.000000    0.000000   clock network delay (ideal)
                                  0.250000    0.250000   clock uncertainty
                                  0.000000    0.250000   clock reconvergence pessimism
                                              0.250000 ^ _1941_/CLK (gf180mcu_fd_sc_mcu7t5v0__dffrnq_1)
                                  0.216932    0.466932   library hold time
                                              0.466932   data required time
---------------------------------------------------------------------------------------------
                                              0.466932   data required time
                                             -1.986553   data arrival time
---------------------------------------------------------------------------------------------
                                              1.519621   slack (MET)


Startpoint: _1942_ (rising edge-triggered flip-flop clocked by sys_clk)
Endpoint: _1942_ (rising edge-triggered flip-flop clocked by sys_clk)
Path Group: sys_clk
Path Type: min

Fanout         Cap        Slew       Delay        Time   Description
---------------------------------------------------------------------------------------------
                      0.150000    0.000000    0.000000   clock sys_clk (rise edge)
                                  0.000000    0.000000   clock network delay (ideal)
                      0.150000    0.000000    0.000000 ^ _1942_/CLK (gf180mcu_fd_sc_mcu7t5v0__dffrnq_1)
     2    0.009712    0.276723    1.341460    1.341460 v _1942_/Q (gf180mcu_fd_sc_mcu7t5v0__dffrnq_1)
                                                         u_fifo.i_fifo.buffer[0][2] (net)
                      0.276723    0.000000    1.341460 v _1563_/I0 (gf180mcu_fd_sc_mcu7t5v0__mux2_2)
     1    0.003014    0.190387    0.645093    1.986553 v _1563_/Z (gf180mcu_fd_sc_mcu7t5v0__mux2_2)
                                                         _0130_ (net)
                      0.190387    0.000000    1.986553 v _1942_/D (gf180mcu_fd_sc_mcu7t5v0__dffrnq_1)
                                              1.986553   data arrival time

                      0.150000    0.000000    0.000000   clock sys_clk (rise edge)
                                  0.000000    0.000000   clock network delay (ideal)
                                  0.250000    0.250000   clock uncertainty
                                  0.000000    0.250000   clock reconvergence pessimism
                                              0.250000 ^ _1942_/CLK (gf180mcu_fd_sc_mcu7t5v0__dffrnq_1)
                                  0.216932    0.466932   library hold time
                                              0.466932   data required time
---------------------------------------------------------------------------------------------
                                              0.466932   data required time
                                             -1.986553   data arrival time
---------------------------------------------------------------------------------------------
                                              1.519621   slack (MET)


Startpoint: _1943_ (rising edge-triggered flip-flop clocked by sys_clk)
Endpoint: _1943_ (rising edge-triggered flip-flop clocked by sys_clk)
Path Group: sys_clk
Path Type: min

Fanout         Cap        Slew       Delay        Time   Description
---------------------------------------------------------------------------------------------
                      0.150000    0.000000    0.000000   clock sys_clk (rise edge)
                                  0.000000    0.000000   clock network delay (ideal)
                      0.150000    0.000000    0.000000 ^ _1943_/CLK (gf180mcu_fd_sc_mcu7t5v0__dffrnq_1)
     2    0.009712    0.276723    1.341460    1.341460 v _1943_/Q (gf180mcu_fd_sc_mcu7t5v0__dffrnq_1)
                                                         u_fifo.i_fifo.buffer[0][3] (net)
                      0.276723    0.000000    1.341460 v _1564_/I0 (gf180mcu_fd_sc_mcu7t5v0__mux2_2)
     1    0.003014    0.190387    0.645093    1.986553 v _1564_/Z (gf180mcu_fd_sc_mcu7t5v0__mux2_2)
                                                         _0131_ (net)
                      0.190387    0.000000    1.986553 v _1943_/D (gf180mcu_fd_sc_mcu7t5v0__dffrnq_1)
                                              1.986553   data arrival time

                      0.150000    0.000000    0.000000   clock sys_clk (rise edge)
                                  0.000000    0.000000   clock network delay (ideal)
                                  0.250000    0.250000   clock uncertainty
                                  0.000000    0.250000   clock reconvergence pessimism
                                              0.250000 ^ _1943_/CLK (gf180mcu_fd_sc_mcu7t5v0__dffrnq_1)
                                  0.216932    0.466932   library hold time
                                              0.466932   data required time
---------------------------------------------------------------------------------------------
                                              0.466932   data required time
                                             -1.986553   data arrival time
---------------------------------------------------------------------------------------------
                                              1.519621   slack (MET)


Startpoint: _1944_ (rising edge-triggered flip-flop clocked by sys_clk)
Endpoint: _1944_ (rising edge-triggered flip-flop clocked by sys_clk)
Path Group: sys_clk
Path Type: min

Fanout         Cap        Slew       Delay        Time   Description
---------------------------------------------------------------------------------------------
                      0.150000    0.000000    0.000000   clock sys_clk (rise edge)
                                  0.000000    0.000000   clock network delay (ideal)
                      0.150000    0.000000    0.000000 ^ _1944_/CLK (gf180mcu_fd_sc_mcu7t5v0__dffrnq_1)
     2    0.009712    0.276723    1.341460    1.341460 v _1944_/Q (gf180mcu_fd_sc_mcu7t5v0__dffrnq_1)
                                                         u_fifo.i_fifo.buffer[0][4] (net)
                      0.276723    0.000000    1.341460 v _1565_/I0 (gf180mcu_fd_sc_mcu7t5v0__mux2_2)
     1    0.003014    0.190387    0.645093    1.986553 v _1565_/Z (gf180mcu_fd_sc_mcu7t5v0__mux2_2)
                                                         _0132_ (net)
                      0.190387    0.000000    1.986553 v _1944_/D (gf180mcu_fd_sc_mcu7t5v0__dffrnq_1)
                                              1.986553   data arrival time

                      0.150000    0.000000    0.000000   clock sys_clk (rise edge)
                                  0.000000    0.000000   clock network delay (ideal)
                                  0.250000    0.250000   clock uncertainty
                                  0.000000    0.250000   clock reconvergence pessimism
                                              0.250000 ^ _1944_/CLK (gf180mcu_fd_sc_mcu7t5v0__dffrnq_1)
                                  0.216932    0.466932   library hold time
                                              0.466932   data required time
---------------------------------------------------------------------------------------------
                                              0.466932   data required time
                                             -1.986553   data arrival time
---------------------------------------------------------------------------------------------
                                              1.519621   slack (MET)


Startpoint: _1945_ (rising edge-triggered flip-flop clocked by sys_clk)
Endpoint: _1945_ (rising edge-triggered flip-flop clocked by sys_clk)
Path Group: sys_clk
Path Type: min

Fanout         Cap        Slew       Delay        Time   Description
---------------------------------------------------------------------------------------------
                      0.150000    0.000000    0.000000   clock sys_clk (rise edge)
                                  0.000000    0.000000   clock network delay (ideal)
                      0.150000    0.000000    0.000000 ^ _1945_/CLK (gf180mcu_fd_sc_mcu7t5v0__dffrnq_1)
     2    0.009712    0.276723    1.341460    1.341460 v _1945_/Q (gf180mcu_fd_sc_mcu7t5v0__dffrnq_1)
                                                         u_fifo.i_fifo.buffer[0][5] (net)
                      0.276723    0.000000    1.341460 v _1566_/I0 (gf180mcu_fd_sc_mcu7t5v0__mux2_2)
     1    0.003014    0.190387    0.645093    1.986553 v _1566_/Z (gf180mcu_fd_sc_mcu7t5v0__mux2_2)
                                                         _0133_ (net)
                      0.190387    0.000000    1.986553 v _1945_/D (gf180mcu_fd_sc_mcu7t5v0__dffrnq_1)
                                              1.986553   data arrival time

                      0.150000    0.000000    0.000000   clock sys_clk (rise edge)
                                  0.000000    0.000000   clock network delay (ideal)
                                  0.250000    0.250000   clock uncertainty
                                  0.000000    0.250000   clock reconvergence pessimism
                                              0.250000 ^ _1945_/CLK (gf180mcu_fd_sc_mcu7t5v0__dffrnq_1)
                                  0.216932    0.466932   library hold time
                                              0.466932   data required time
---------------------------------------------------------------------------------------------
                                              0.466932   data required time
                                             -1.986553   data arrival time
---------------------------------------------------------------------------------------------
                                              1.519621   slack (MET)


Startpoint: _1946_ (rising edge-triggered flip-flop clocked by sys_clk)
Endpoint: _1946_ (rising edge-triggered flip-flop clocked by sys_clk)
Path Group: sys_clk
Path Type: min

Fanout         Cap        Slew       Delay        Time   Description
---------------------------------------------------------------------------------------------
                      0.150000    0.000000    0.000000   clock sys_clk (rise edge)
                                  0.000000    0.000000   clock network delay (ideal)
                      0.150000    0.000000    0.000000 ^ _1946_/CLK (gf180mcu_fd_sc_mcu7t5v0__dffrnq_1)
     2    0.009712    0.276723    1.341460    1.341460 v _1946_/Q (gf180mcu_fd_sc_mcu7t5v0__dffrnq_1)
                                                         u_fifo.i_fifo.buffer[0][6] (net)
                      0.276723    0.000000    1.341460 v _1567_/I0 (gf180mcu_fd_sc_mcu7t5v0__mux2_2)
     1    0.003014    0.190387    0.645093    1.986553 v _1567_/Z (gf180mcu_fd_sc_mcu7t5v0__mux2_2)
                                                         _0134_ (net)
                      0.190387    0.000000    1.986553 v _1946_/D (gf180mcu_fd_sc_mcu7t5v0__dffrnq_1)
                                              1.986553   data arrival time

                      0.150000    0.000000    0.000000   clock sys_clk (rise edge)
                                  0.000000    0.000000   clock network delay (ideal)
                                  0.250000    0.250000   clock uncertainty
                                  0.000000    0.250000   clock reconvergence pessimism
                                              0.250000 ^ _1946_/CLK (gf180mcu_fd_sc_mcu7t5v0__dffrnq_1)
                                  0.216932    0.466932   library hold time
                                              0.466932   data required time
---------------------------------------------------------------------------------------------
                                              0.466932   data required time
                                             -1.986553   data arrival time
---------------------------------------------------------------------------------------------
                                              1.519621   slack (MET)


Startpoint: _1947_ (rising edge-triggered flip-flop clocked by sys_clk)
Endpoint: _1947_ (rising edge-triggered flip-flop clocked by sys_clk)
Path Group: sys_clk
Path Type: min

Fanout         Cap        Slew       Delay        Time   Description
---------------------------------------------------------------------------------------------
                      0.150000    0.000000    0.000000   clock sys_clk (rise edge)
                                  0.000000    0.000000   clock network delay (ideal)
                      0.150000    0.000000    0.000000 ^ _1947_/CLK (gf180mcu_fd_sc_mcu7t5v0__dffrnq_1)
     2    0.009712    0.276723    1.341460    1.341460 v _1947_/Q (gf180mcu_fd_sc_mcu7t5v0__dffrnq_1)
                                                         u_fifo.i_fifo.buffer[0][7] (net)
                      0.276723    0.000000    1.341460 v _1568_/I0 (gf180mcu_fd_sc_mcu7t5v0__mux2_2)
     1    0.003014    0.190387    0.645093    1.986553 v _1568_/Z (gf180mcu_fd_sc_mcu7t5v0__mux2_2)
                                                         _0135_ (net)
                      0.190387    0.000000    1.986553 v _1947_/D (gf180mcu_fd_sc_mcu7t5v0__dffrnq_1)
                                              1.986553   data arrival time

                      0.150000    0.000000    0.000000   clock sys_clk (rise edge)
                                  0.000000    0.000000   clock network delay (ideal)
                                  0.250000    0.250000   clock uncertainty
                                  0.000000    0.250000   clock reconvergence pessimism
                                              0.250000 ^ _1947_/CLK (gf180mcu_fd_sc_mcu7t5v0__dffrnq_1)
                                  0.216932    0.466932   library hold time
                                              0.466932   data required time
---------------------------------------------------------------------------------------------
                                              0.466932   data required time
                                             -1.986553   data arrival time
---------------------------------------------------------------------------------------------
                                              1.519621   slack (MET)


Startpoint: _1912_ (rising edge-triggered flip-flop clocked by sys_clk)
Endpoint: _1912_ (rising edge-triggered flip-flop clocked by sys_clk)
Path Group: sys_clk
Path Type: min

Fanout         Cap        Slew       Delay        Time   Description
---------------------------------------------------------------------------------------------
                      0.150000    0.000000    0.000000   clock sys_clk (rise edge)
                                  0.000000    0.000000   clock network delay (ideal)
                      0.150000    0.000000    0.000000 ^ _1912_/CLK (gf180mcu_fd_sc_mcu7t5v0__dffrnq_1)
     2    0.009221    0.269533    1.335859    1.335859 v _1912_/Q (gf180mcu_fd_sc_mcu7t5v0__dffrnq_1)
                                                         u_dc_fifo_tx.u_din.buffer.data[16] (net)
                      0.269533    0.000000    1.335859 v _1502_/I1 (gf180mcu_fd_sc_mcu7t5v0__mux2_2)
     1    0.003014    0.189733    0.653006    1.988865 v _1502_/Z (gf180mcu_fd_sc_mcu7t5v0__mux2_2)
                                                         _0100_ (net)
                      0.189733    0.000000    1.988865 v _1912_/D (gf180mcu_fd_sc_mcu7t5v0__dffrnq_1)
                                              1.988865   data arrival time

                      0.150000    0.000000    0.000000   clock sys_clk (rise edge)
                                  0.000000    0.000000   clock network delay (ideal)
                                  0.250000    0.250000   clock uncertainty
                                  0.000000    0.250000   clock reconvergence pessimism
                                              0.250000 ^ _1912_/CLK (gf180mcu_fd_sc_mcu7t5v0__dffrnq_1)
                                  0.217106    0.467106   library hold time
                                              0.467106   data required time
---------------------------------------------------------------------------------------------
                                              0.467106   data required time
                                             -1.988865   data arrival time
---------------------------------------------------------------------------------------------
                                              1.521759   slack (MET)


Startpoint: _1913_ (rising edge-triggered flip-flop clocked by sys_clk)
Endpoint: _1913_ (rising edge-triggered flip-flop clocked by sys_clk)
Path Group: sys_clk
Path Type: min

Fanout         Cap        Slew       Delay        Time   Description
---------------------------------------------------------------------------------------------
                      0.150000    0.000000    0.000000   clock sys_clk (rise edge)
                                  0.000000    0.000000   clock network delay (ideal)
                      0.150000    0.000000    0.000000 ^ _1913_/CLK (gf180mcu_fd_sc_mcu7t5v0__dffrnq_1)
     2    0.009221    0.269533    1.335859    1.335859 v _1913_/Q (gf180mcu_fd_sc_mcu7t5v0__dffrnq_1)
                                                         u_dc_fifo_tx.u_din.buffer.data[17] (net)
                      0.269533    0.000000    1.335859 v _1503_/I1 (gf180mcu_fd_sc_mcu7t5v0__mux2_2)
     1    0.003014    0.189733    0.653006    1.988865 v _1503_/Z (gf180mcu_fd_sc_mcu7t5v0__mux2_2)
                                                         _0101_ (net)
                      0.189733    0.000000    1.988865 v _1913_/D (gf180mcu_fd_sc_mcu7t5v0__dffrnq_1)
                                              1.988865   data arrival time

                      0.150000    0.000000    0.000000   clock sys_clk (rise edge)
                                  0.000000    0.000000   clock network delay (ideal)
                                  0.250000    0.250000   clock uncertainty
                                  0.000000    0.250000   clock reconvergence pessimism
                                              0.250000 ^ _1913_/CLK (gf180mcu_fd_sc_mcu7t5v0__dffrnq_1)
                                  0.217106    0.467106   library hold time
                                              0.467106   data required time
---------------------------------------------------------------------------------------------
                                              0.467106   data required time
                                             -1.988865   data arrival time
---------------------------------------------------------------------------------------------
                                              1.521759   slack (MET)


Startpoint: _1914_ (rising edge-triggered flip-flop clocked by sys_clk)
Endpoint: _1914_ (rising edge-triggered flip-flop clocked by sys_clk)
Path Group: sys_clk
Path Type: min

Fanout         Cap        Slew       Delay        Time   Description
---------------------------------------------------------------------------------------------
                      0.150000    0.000000    0.000000   clock sys_clk (rise edge)
                                  0.000000    0.000000   clock network delay (ideal)
                      0.150000    0.000000    0.000000 ^ _1914_/CLK (gf180mcu_fd_sc_mcu7t5v0__dffrnq_1)
     2    0.009221    0.269533    1.335859    1.335859 v _1914_/Q (gf180mcu_fd_sc_mcu7t5v0__dffrnq_1)
                                                         u_dc_fifo_tx.u_din.buffer.data[18] (net)
                      0.269533    0.000000    1.335859 v _1504_/I1 (gf180mcu_fd_sc_mcu7t5v0__mux2_2)
     1    0.003014    0.189733    0.653006    1.988865 v _1504_/Z (gf180mcu_fd_sc_mcu7t5v0__mux2_2)
                                                         _0102_ (net)
                      0.189733    0.000000    1.988865 v _1914_/D (gf180mcu_fd_sc_mcu7t5v0__dffrnq_1)
                                              1.988865   data arrival time

                      0.150000    0.000000    0.000000   clock sys_clk (rise edge)
                                  0.000000    0.000000   clock network delay (ideal)
                                  0.250000    0.250000   clock uncertainty
                                  0.000000    0.250000   clock reconvergence pessimism
                                              0.250000 ^ _1914_/CLK (gf180mcu_fd_sc_mcu7t5v0__dffrnq_1)
                                  0.217106    0.467106   library hold time
                                              0.467106   data required time
---------------------------------------------------------------------------------------------
                                              0.467106   data required time
                                             -1.988865   data arrival time
---------------------------------------------------------------------------------------------
                                              1.521759   slack (MET)


Startpoint: _1915_ (rising edge-triggered flip-flop clocked by sys_clk)
Endpoint: _1915_ (rising edge-triggered flip-flop clocked by sys_clk)
Path Group: sys_clk
Path Type: min

Fanout         Cap        Slew       Delay        Time   Description
---------------------------------------------------------------------------------------------
                      0.150000    0.000000    0.000000   clock sys_clk (rise edge)
                                  0.000000    0.000000   clock network delay (ideal)
                      0.150000    0.000000    0.000000 ^ _1915_/CLK (gf180mcu_fd_sc_mcu7t5v0__dffrnq_1)
     2    0.009221    0.269533    1.335859    1.335859 v _1915_/Q (gf180mcu_fd_sc_mcu7t5v0__dffrnq_1)
                                                         u_dc_fifo_tx.u_din.buffer.data[19] (net)
                      0.269533    0.000000    1.335859 v _1505_/I1 (gf180mcu_fd_sc_mcu7t5v0__mux2_2)
     1    0.003014    0.189733    0.653006    1.988865 v _1505_/Z (gf180mcu_fd_sc_mcu7t5v0__mux2_2)
                                                         _0103_ (net)
                      0.189733    0.000000    1.988865 v _1915_/D (gf180mcu_fd_sc_mcu7t5v0__dffrnq_1)
                                              1.988865   data arrival time

                      0.150000    0.000000    0.000000   clock sys_clk (rise edge)
                                  0.000000    0.000000   clock network delay (ideal)
                                  0.250000    0.250000   clock uncertainty
                                  0.000000    0.250000   clock reconvergence pessimism
                                              0.250000 ^ _1915_/CLK (gf180mcu_fd_sc_mcu7t5v0__dffrnq_1)
                                  0.217106    0.467106   library hold time
                                              0.467106   data required time
---------------------------------------------------------------------------------------------
                                              0.467106   data required time
                                             -1.988865   data arrival time
---------------------------------------------------------------------------------------------
                                              1.521759   slack (MET)


Startpoint: _1916_ (rising edge-triggered flip-flop clocked by sys_clk)
Endpoint: _1916_ (rising edge-triggered flip-flop clocked by sys_clk)
Path Group: sys_clk
Path Type: min

Fanout         Cap        Slew       Delay        Time   Description
---------------------------------------------------------------------------------------------
                      0.150000    0.000000    0.000000   clock sys_clk (rise edge)
                                  0.000000    0.000000   clock network delay (ideal)
                      0.150000    0.000000    0.000000 ^ _1916_/CLK (gf180mcu_fd_sc_mcu7t5v0__dffrnq_1)
     2    0.009221    0.269533    1.335859    1.335859 v _1916_/Q (gf180mcu_fd_sc_mcu7t5v0__dffrnq_1)
                                                         u_dc_fifo_tx.u_din.buffer.data[20] (net)
                      0.269533    0.000000    1.335859 v _1506_/I1 (gf180mcu_fd_sc_mcu7t5v0__mux2_2)
     1    0.003014    0.189733    0.653006    1.988865 v _1506_/Z (gf180mcu_fd_sc_mcu7t5v0__mux2_2)
                                                         _0104_ (net)
                      0.189733    0.000000    1.988865 v _1916_/D (gf180mcu_fd_sc_mcu7t5v0__dffrnq_1)
                                              1.988865   data arrival time

                      0.150000    0.000000    0.000000   clock sys_clk (rise edge)
                                  0.000000    0.000000   clock network delay (ideal)
                                  0.250000    0.250000   clock uncertainty
                                  0.000000    0.250000   clock reconvergence pessimism
                                              0.250000 ^ _1916_/CLK (gf180mcu_fd_sc_mcu7t5v0__dffrnq_1)
                                  0.217106    0.467106   library hold time
                                              0.467106   data required time
---------------------------------------------------------------------------------------------
                                              0.467106   data required time
                                             -1.988865   data arrival time
---------------------------------------------------------------------------------------------
                                              1.521759   slack (MET)


Startpoint: _1917_ (rising edge-triggered flip-flop clocked by sys_clk)
Endpoint: _1917_ (rising edge-triggered flip-flop clocked by sys_clk)
Path Group: sys_clk
Path Type: min

Fanout         Cap        Slew       Delay        Time   Description
---------------------------------------------------------------------------------------------
                      0.150000    0.000000    0.000000   clock sys_clk (rise edge)
                                  0.000000    0.000000   clock network delay (ideal)
                      0.150000    0.000000    0.000000 ^ _1917_/CLK (gf180mcu_fd_sc_mcu7t5v0__dffrnq_1)
     2    0.009221    0.269533    1.335859    1.335859 v _1917_/Q (gf180mcu_fd_sc_mcu7t5v0__dffrnq_1)
                                                         u_dc_fifo_tx.u_din.buffer.data[21] (net)
                      0.269533    0.000000    1.335859 v _1507_/I1 (gf180mcu_fd_sc_mcu7t5v0__mux2_2)
     1    0.003014    0.189733    0.653006    1.988865 v _1507_/Z (gf180mcu_fd_sc_mcu7t5v0__mux2_2)
                                                         _0105_ (net)
                      0.189733    0.000000    1.988865 v _1917_/D (gf180mcu_fd_sc_mcu7t5v0__dffrnq_1)
                                              1.988865   data arrival time

                      0.150000    0.000000    0.000000   clock sys_clk (rise edge)
                                  0.000000    0.000000   clock network delay (ideal)
                                  0.250000    0.250000   clock uncertainty
                                  0.000000    0.250000   clock reconvergence pessimism
                                              0.250000 ^ _1917_/CLK (gf180mcu_fd_sc_mcu7t5v0__dffrnq_1)
                                  0.217106    0.467106   library hold time
                                              0.467106   data required time
---------------------------------------------------------------------------------------------
                                              0.467106   data required time
                                             -1.988865   data arrival time
---------------------------------------------------------------------------------------------
                                              1.521759   slack (MET)


Startpoint: _1918_ (rising edge-triggered flip-flop clocked by sys_clk)
Endpoint: _1918_ (rising edge-triggered flip-flop clocked by sys_clk)
Path Group: sys_clk
Path Type: min

Fanout         Cap        Slew       Delay        Time   Description
---------------------------------------------------------------------------------------------
                      0.150000    0.000000    0.000000   clock sys_clk (rise edge)
                                  0.000000    0.000000   clock network delay (ideal)
                      0.150000    0.000000    0.000000 ^ _1918_/CLK (gf180mcu_fd_sc_mcu7t5v0__dffrnq_1)
     2    0.009221    0.269533    1.335859    1.335859 v _1918_/Q (gf180mcu_fd_sc_mcu7t5v0__dffrnq_1)
                                                         u_dc_fifo_tx.u_din.buffer.data[22] (net)
                      0.269533    0.000000    1.335859 v _1508_/I1 (gf180mcu_fd_sc_mcu7t5v0__mux2_2)
     1    0.003014    0.189733    0.653006    1.988865 v _1508_/Z (gf180mcu_fd_sc_mcu7t5v0__mux2_2)
                                                         _0106_ (net)
                      0.189733    0.000000    1.988865 v _1918_/D (gf180mcu_fd_sc_mcu7t5v0__dffrnq_1)
                                              1.988865   data arrival time

                      0.150000    0.000000    0.000000   clock sys_clk (rise edge)
                                  0.000000    0.000000   clock network delay (ideal)
                                  0.250000    0.250000   clock uncertainty
                                  0.000000    0.250000   clock reconvergence pessimism
                                              0.250000 ^ _1918_/CLK (gf180mcu_fd_sc_mcu7t5v0__dffrnq_1)
                                  0.217106    0.467106   library hold time
                                              0.467106   data required time
---------------------------------------------------------------------------------------------
                                              0.467106   data required time
                                             -1.988865   data arrival time
---------------------------------------------------------------------------------------------
                                              1.521759   slack (MET)


Startpoint: _2044_ (rising edge-triggered flip-flop clocked by sys_clk)
Endpoint: _2044_ (rising edge-triggered flip-flop clocked by sys_clk)
Path Group: sys_clk
Path Type: min

Fanout         Cap        Slew       Delay        Time   Description
---------------------------------------------------------------------------------------------
                      0.150000    0.000000    0.000000   clock sys_clk (rise edge)
                                  0.000000    0.000000   clock network delay (ideal)
                      0.150000    0.000000    0.000000 ^ _2044_/CLK (gf180mcu_fd_sc_mcu7t5v0__dffrnq_1)
     2    0.009949    0.280193    1.344163    1.344163 v _2044_/Q (gf180mcu_fd_sc_mcu7t5v0__dffrnq_1)
                                                         u_reg_if.r_uart_rx_data[1] (net)
                      0.280193    0.000000    1.344163 v _1678_/I0 (gf180mcu_fd_sc_mcu7t5v0__mux2_2)
     1    0.003014    0.190387    0.645720    1.989883 v _1678_/Z (gf180mcu_fd_sc_mcu7t5v0__mux2_2)
                                                         _0232_ (net)
                      0.190387    0.000000    1.989883 v _2044_/D (gf180mcu_fd_sc_mcu7t5v0__dffrnq_1)
                                              1.989883   data arrival time

                      0.150000    0.000000    0.000000   clock sys_clk (rise edge)
                                  0.000000    0.000000   clock network delay (ideal)
                                  0.250000    0.250000   clock uncertainty
                                  0.000000    0.250000   clock reconvergence pessimism
                                              0.250000 ^ _2044_/CLK (gf180mcu_fd_sc_mcu7t5v0__dffrnq_1)
                                  0.216932    0.466932   library hold time
                                              0.466932   data required time
---------------------------------------------------------------------------------------------
                                              0.466932   data required time
                                             -1.989883   data arrival time
---------------------------------------------------------------------------------------------
                                              1.522952   slack (MET)


Startpoint: _2045_ (rising edge-triggered flip-flop clocked by sys_clk)
Endpoint: _2045_ (rising edge-triggered flip-flop clocked by sys_clk)
Path Group: sys_clk
Path Type: min

Fanout         Cap        Slew       Delay        Time   Description
---------------------------------------------------------------------------------------------
                      0.150000    0.000000    0.000000   clock sys_clk (rise edge)
                                  0.000000    0.000000   clock network delay (ideal)
                      0.150000    0.000000    0.000000 ^ _2045_/CLK (gf180mcu_fd_sc_mcu7t5v0__dffrnq_1)
     2    0.009949    0.280193    1.344163    1.344163 v _2045_/Q (gf180mcu_fd_sc_mcu7t5v0__dffrnq_1)
                                                         u_reg_if.r_uart_rx_data[2] (net)
                      0.280193    0.000000    1.344163 v _1679_/I0 (gf180mcu_fd_sc_mcu7t5v0__mux2_2)
     1    0.003014    0.190387    0.645720    1.989883 v _1679_/Z (gf180mcu_fd_sc_mcu7t5v0__mux2_2)
                                                         _0233_ (net)
                      0.190387    0.000000    1.989883 v _2045_/D (gf180mcu_fd_sc_mcu7t5v0__dffrnq_1)
                                              1.989883   data arrival time

                      0.150000    0.000000    0.000000   clock sys_clk (rise edge)
                                  0.000000    0.000000   clock network delay (ideal)
                                  0.250000    0.250000   clock uncertainty
                                  0.000000    0.250000   clock reconvergence pessimism
                                              0.250000 ^ _2045_/CLK (gf180mcu_fd_sc_mcu7t5v0__dffrnq_1)
                                  0.216932    0.466932   library hold time
                                              0.466932   data required time
---------------------------------------------------------------------------------------------
                                              0.466932   data required time
                                             -1.989883   data arrival time
---------------------------------------------------------------------------------------------
                                              1.522952   slack (MET)


Startpoint: _2047_ (rising edge-triggered flip-flop clocked by sys_clk)
Endpoint: _2047_ (rising edge-triggered flip-flop clocked by sys_clk)
Path Group: sys_clk
Path Type: min

Fanout         Cap        Slew       Delay        Time   Description
---------------------------------------------------------------------------------------------
                      0.150000    0.000000    0.000000   clock sys_clk (rise edge)
                                  0.000000    0.000000   clock network delay (ideal)
                      0.150000    0.000000    0.000000 ^ _2047_/CLK (gf180mcu_fd_sc_mcu7t5v0__dffrnq_1)
     2    0.009949    0.280193    1.344163    1.344163 v _2047_/Q (gf180mcu_fd_sc_mcu7t5v0__dffrnq_1)
                                                         u_reg_if.r_uart_rx_data[4] (net)
                      0.280193    0.000000    1.344163 v _1681_/I0 (gf180mcu_fd_sc_mcu7t5v0__mux2_2)
     1    0.003014    0.190387    0.645720    1.989883 v _1681_/Z (gf180mcu_fd_sc_mcu7t5v0__mux2_2)
                                                         _0235_ (net)
                      0.190387    0.000000    1.989883 v _2047_/D (gf180mcu_fd_sc_mcu7t5v0__dffrnq_1)
                                              1.989883   data arrival time

                      0.150000    0.000000    0.000000   clock sys_clk (rise edge)
                                  0.000000    0.000000   clock network delay (ideal)
                                  0.250000    0.250000   clock uncertainty
                                  0.000000    0.250000   clock reconvergence pessimism
                                              0.250000 ^ _2047_/CLK (gf180mcu_fd_sc_mcu7t5v0__dffrnq_1)
                                  0.216932    0.466932   library hold time
                                              0.466932   data required time
---------------------------------------------------------------------------------------------
                                              0.466932   data required time
                                             -1.989883   data arrival time
---------------------------------------------------------------------------------------------
                                              1.522952   slack (MET)


Startpoint: _2049_ (rising edge-triggered flip-flop clocked by sys_clk)
Endpoint: _2049_ (rising edge-triggered flip-flop clocked by sys_clk)
Path Group: sys_clk
Path Type: min

Fanout         Cap        Slew       Delay        Time   Description
---------------------------------------------------------------------------------------------
                      0.150000    0.000000    0.000000   clock sys_clk (rise edge)
                                  0.000000    0.000000   clock network delay (ideal)
                      0.150000    0.000000    0.000000 ^ _2049_/CLK (gf180mcu_fd_sc_mcu7t5v0__dffrnq_1)
     2    0.009949    0.280193    1.344163    1.344163 v _2049_/Q (gf180mcu_fd_sc_mcu7t5v0__dffrnq_1)
                                                         u_reg_if.r_uart_rx_data[6] (net)
                      0.280193    0.000000    1.344163 v _1683_/I0 (gf180mcu_fd_sc_mcu7t5v0__mux2_2)
     1    0.003014    0.190387    0.645720    1.989883 v _1683_/Z (gf180mcu_fd_sc_mcu7t5v0__mux2_2)
                                                         _0237_ (net)
                      0.190387    0.000000    1.989883 v _2049_/D (gf180mcu_fd_sc_mcu7t5v0__dffrnq_1)
                                              1.989883   data arrival time

                      0.150000    0.000000    0.000000   clock sys_clk (rise edge)
                                  0.000000    0.000000   clock network delay (ideal)
                                  0.250000    0.250000   clock uncertainty
                                  0.000000    0.250000   clock reconvergence pessimism
                                              0.250000 ^ _2049_/CLK (gf180mcu_fd_sc_mcu7t5v0__dffrnq_1)
                                  0.216932    0.466932   library hold time
                                              0.466932   data required time
---------------------------------------------------------------------------------------------
                                              0.466932   data required time
                                             -1.989883   data arrival time
---------------------------------------------------------------------------------------------
                                              1.522952   slack (MET)


Startpoint: _2050_ (rising edge-triggered flip-flop clocked by sys_clk)
Endpoint: _2050_ (rising edge-triggered flip-flop clocked by sys_clk)
Path Group: sys_clk
Path Type: min

Fanout         Cap        Slew       Delay        Time   Description
---------------------------------------------------------------------------------------------
                      0.150000    0.000000    0.000000   clock sys_clk (rise edge)
                                  0.000000    0.000000   clock network delay (ideal)
                      0.150000    0.000000    0.000000 ^ _2050_/CLK (gf180mcu_fd_sc_mcu7t5v0__dffrnq_1)
     2    0.009949    0.280193    1.344163    1.344163 v _2050_/Q (gf180mcu_fd_sc_mcu7t5v0__dffrnq_1)
                                                         u_reg_if.r_uart_rx_data[7] (net)
                      0.280193    0.000000    1.344163 v _1684_/I0 (gf180mcu_fd_sc_mcu7t5v0__mux2_2)
     1    0.003014    0.190387    0.645720    1.989883 v _1684_/Z (gf180mcu_fd_sc_mcu7t5v0__mux2_2)
                                                         _0238_ (net)
                      0.190387    0.000000    1.989883 v _2050_/D (gf180mcu_fd_sc_mcu7t5v0__dffrnq_1)
                                              1.989883   data arrival time

                      0.150000    0.000000    0.000000   clock sys_clk (rise edge)
                                  0.000000    0.000000   clock network delay (ideal)
                                  0.250000    0.250000   clock uncertainty
                                  0.000000    0.250000   clock reconvergence pessimism
                                              0.250000 ^ _2050_/CLK (gf180mcu_fd_sc_mcu7t5v0__dffrnq_1)
                                  0.216932    0.466932   library hold time
                                              0.466932   data required time
---------------------------------------------------------------------------------------------
                                              0.466932   data required time
                                             -1.989883   data arrival time
---------------------------------------------------------------------------------------------
                                              1.522952   slack (MET)


Startpoint: _1896_ (rising edge-triggered flip-flop clocked by sys_clk)
Endpoint: _1896_ (rising edge-triggered flip-flop clocked by sys_clk)
Path Group: sys_clk
Path Type: min

Fanout         Cap        Slew       Delay        Time   Description
---------------------------------------------------------------------------------------------
                      0.150000    0.000000    0.000000   clock sys_clk (rise edge)
                                  0.000000    0.000000   clock network delay (ideal)
                      0.150000    0.000000    0.000000 ^ _1896_/CLK (gf180mcu_fd_sc_mcu7t5v0__dffrnq_1)
     2    0.009396    0.272095    1.337855    1.337855 v _1896_/Q (gf180mcu_fd_sc_mcu7t5v0__dffrnq_1)
                                                         u_dc_fifo_tx.u_din.buffer.data[0] (net)
                      0.272095    0.000000    1.337855 v _1459_/I1 (gf180mcu_fd_sc_mcu7t5v0__mux2_2)
     1    0.003014    0.189434    0.653456    1.991311 v _1459_/Z (gf180mcu_fd_sc_mcu7t5v0__mux2_2)
                                                         _0084_ (net)
                      0.189434    0.000000    1.991311 v _1896_/D (gf180mcu_fd_sc_mcu7t5v0__dffrnq_1)
                                              1.991311   data arrival time

                      0.150000    0.000000    0.000000   clock sys_clk (rise edge)
                                  0.000000    0.000000   clock network delay (ideal)
                                  0.250000    0.250000   clock uncertainty
                                  0.000000    0.250000   clock reconvergence pessimism
                                              0.250000 ^ _1896_/CLK (gf180mcu_fd_sc_mcu7t5v0__dffrnq_1)
                                  0.217185    0.467185   library hold time
                                              0.467185   data required time
---------------------------------------------------------------------------------------------
                                              0.467185   data required time
                                             -1.991311   data arrival time
---------------------------------------------------------------------------------------------
                                              1.524125   slack (MET)


Startpoint: _1897_ (rising edge-triggered flip-flop clocked by sys_clk)
Endpoint: _1897_ (rising edge-triggered flip-flop clocked by sys_clk)
Path Group: sys_clk
Path Type: min

Fanout         Cap        Slew       Delay        Time   Description
---------------------------------------------------------------------------------------------
                      0.150000    0.000000    0.000000   clock sys_clk (rise edge)
                                  0.000000    0.000000   clock network delay (ideal)
                      0.150000    0.000000    0.000000 ^ _1897_/CLK (gf180mcu_fd_sc_mcu7t5v0__dffrnq_1)
     2    0.009396    0.272095    1.337855    1.337855 v _1897_/Q (gf180mcu_fd_sc_mcu7t5v0__dffrnq_1)
                                                         u_dc_fifo_tx.u_din.buffer.data[1] (net)
                      0.272095    0.000000    1.337855 v _1461_/I1 (gf180mcu_fd_sc_mcu7t5v0__mux2_2)
     1    0.003014    0.189434    0.653456    1.991311 v _1461_/Z (gf180mcu_fd_sc_mcu7t5v0__mux2_2)
                                                         _0085_ (net)
                      0.189434    0.000000    1.991311 v _1897_/D (gf180mcu_fd_sc_mcu7t5v0__dffrnq_1)
                                              1.991311   data arrival time

                      0.150000    0.000000    0.000000   clock sys_clk (rise edge)
                                  0.000000    0.000000   clock network delay (ideal)
                                  0.250000    0.250000   clock uncertainty
                                  0.000000    0.250000   clock reconvergence pessimism
                                              0.250000 ^ _1897_/CLK (gf180mcu_fd_sc_mcu7t5v0__dffrnq_1)
                                  0.217185    0.467185   library hold time
                                              0.467185   data required time
---------------------------------------------------------------------------------------------
                                              0.467185   data required time
                                             -1.991311   data arrival time
---------------------------------------------------------------------------------------------
                                              1.524125   slack (MET)


Startpoint: _1898_ (rising edge-triggered flip-flop clocked by sys_clk)
Endpoint: _1898_ (rising edge-triggered flip-flop clocked by sys_clk)
Path Group: sys_clk
Path Type: min

Fanout         Cap        Slew       Delay        Time   Description
---------------------------------------------------------------------------------------------
                      0.150000    0.000000    0.000000   clock sys_clk (rise edge)
                                  0.000000    0.000000   clock network delay (ideal)
                      0.150000    0.000000    0.000000 ^ _1898_/CLK (gf180mcu_fd_sc_mcu7t5v0__dffrnq_1)
     2    0.009396    0.272095    1.337855    1.337855 v _1898_/Q (gf180mcu_fd_sc_mcu7t5v0__dffrnq_1)
                                                         u_dc_fifo_tx.u_din.buffer.data[2] (net)
                      0.272095    0.000000    1.337855 v _1463_/I1 (gf180mcu_fd_sc_mcu7t5v0__mux2_2)
     1    0.003014    0.189434    0.653456    1.991311 v _1463_/Z (gf180mcu_fd_sc_mcu7t5v0__mux2_2)
                                                         _0086_ (net)
                      0.189434    0.000000    1.991311 v _1898_/D (gf180mcu_fd_sc_mcu7t5v0__dffrnq_1)
                                              1.991311   data arrival time

                      0.150000    0.000000    0.000000   clock sys_clk (rise edge)
                                  0.000000    0.000000   clock network delay (ideal)
                                  0.250000    0.250000   clock uncertainty
                                  0.000000    0.250000   clock reconvergence pessimism
                                              0.250000 ^ _1898_/CLK (gf180mcu_fd_sc_mcu7t5v0__dffrnq_1)
                                  0.217185    0.467185   library hold time
                                              0.467185   data required time
---------------------------------------------------------------------------------------------
                                              0.467185   data required time
                                             -1.991311   data arrival time
---------------------------------------------------------------------------------------------
                                              1.524125   slack (MET)


Startpoint: _1899_ (rising edge-triggered flip-flop clocked by sys_clk)
Endpoint: _1899_ (rising edge-triggered flip-flop clocked by sys_clk)
Path Group: sys_clk
Path Type: min

Fanout         Cap        Slew       Delay        Time   Description
---------------------------------------------------------------------------------------------
                      0.150000    0.000000    0.000000   clock sys_clk (rise edge)
                                  0.000000    0.000000   clock network delay (ideal)
                      0.150000    0.000000    0.000000 ^ _1899_/CLK (gf180mcu_fd_sc_mcu7t5v0__dffrnq_1)
     2    0.009396    0.272095    1.337855    1.337855 v _1899_/Q (gf180mcu_fd_sc_mcu7t5v0__dffrnq_1)
                                                         u_dc_fifo_tx.u_din.buffer.data[3] (net)
                      0.272095    0.000000    1.337855 v _1465_/I1 (gf180mcu_fd_sc_mcu7t5v0__mux2_2)
     1    0.003014    0.189434    0.653456    1.991311 v _1465_/Z (gf180mcu_fd_sc_mcu7t5v0__mux2_2)
                                                         _0087_ (net)
                      0.189434    0.000000    1.991311 v _1899_/D (gf180mcu_fd_sc_mcu7t5v0__dffrnq_1)
                                              1.991311   data arrival time

                      0.150000    0.000000    0.000000   clock sys_clk (rise edge)
                                  0.000000    0.000000   clock network delay (ideal)
                                  0.250000    0.250000   clock uncertainty
                                  0.000000    0.250000   clock reconvergence pessimism
                                              0.250000 ^ _1899_/CLK (gf180mcu_fd_sc_mcu7t5v0__dffrnq_1)
                                  0.217185    0.467185   library hold time
                                              0.467185   data required time
---------------------------------------------------------------------------------------------
                                              0.467185   data required time
                                             -1.991311   data arrival time
---------------------------------------------------------------------------------------------
                                              1.524125   slack (MET)


Startpoint: _1900_ (rising edge-triggered flip-flop clocked by sys_clk)
Endpoint: _1900_ (rising edge-triggered flip-flop clocked by sys_clk)
Path Group: sys_clk
Path Type: min

Fanout         Cap        Slew       Delay        Time   Description
---------------------------------------------------------------------------------------------
                      0.150000    0.000000    0.000000   clock sys_clk (rise edge)
                                  0.000000    0.000000   clock network delay (ideal)
                      0.150000    0.000000    0.000000 ^ _1900_/CLK (gf180mcu_fd_sc_mcu7t5v0__dffrnq_1)
     2    0.009396    0.272095    1.337855    1.337855 v _1900_/Q (gf180mcu_fd_sc_mcu7t5v0__dffrnq_1)
                                                         u_dc_fifo_tx.u_din.buffer.data[4] (net)
                      0.272095    0.000000    1.337855 v _1467_/I1 (gf180mcu_fd_sc_mcu7t5v0__mux2_2)
     1    0.003014    0.189434    0.653456    1.991311 v _1467_/Z (gf180mcu_fd_sc_mcu7t5v0__mux2_2)
                                                         _0088_ (net)
                      0.189434    0.000000    1.991311 v _1900_/D (gf180mcu_fd_sc_mcu7t5v0__dffrnq_1)
                                              1.991311   data arrival time

                      0.150000    0.000000    0.000000   clock sys_clk (rise edge)
                                  0.000000    0.000000   clock network delay (ideal)
                                  0.250000    0.250000   clock uncertainty
                                  0.000000    0.250000   clock reconvergence pessimism
                                              0.250000 ^ _1900_/CLK (gf180mcu_fd_sc_mcu7t5v0__dffrnq_1)
                                  0.217185    0.467185   library hold time
                                              0.467185   data required time
---------------------------------------------------------------------------------------------
                                              0.467185   data required time
                                             -1.991311   data arrival time
---------------------------------------------------------------------------------------------
                                              1.524125   slack (MET)


Startpoint: _1901_ (rising edge-triggered flip-flop clocked by sys_clk)
Endpoint: _1901_ (rising edge-triggered flip-flop clocked by sys_clk)
Path Group: sys_clk
Path Type: min

Fanout         Cap        Slew       Delay        Time   Description
---------------------------------------------------------------------------------------------
                      0.150000    0.000000    0.000000   clock sys_clk (rise edge)
                                  0.000000    0.000000   clock network delay (ideal)
                      0.150000    0.000000    0.000000 ^ _1901_/CLK (gf180mcu_fd_sc_mcu7t5v0__dffrnq_1)
     2    0.009396    0.272095    1.337855    1.337855 v _1901_/Q (gf180mcu_fd_sc_mcu7t5v0__dffrnq_1)
                                                         u_dc_fifo_tx.u_din.buffer.data[5] (net)
                      0.272095    0.000000    1.337855 v _1469_/I1 (gf180mcu_fd_sc_mcu7t5v0__mux2_2)
     1    0.003014    0.189434    0.653456    1.991311 v _1469_/Z (gf180mcu_fd_sc_mcu7t5v0__mux2_2)
                                                         _0089_ (net)
                      0.189434    0.000000    1.991311 v _1901_/D (gf180mcu_fd_sc_mcu7t5v0__dffrnq_1)
                                              1.991311   data arrival time

                      0.150000    0.000000    0.000000   clock sys_clk (rise edge)
                                  0.000000    0.000000   clock network delay (ideal)
                                  0.250000    0.250000   clock uncertainty
                                  0.000000    0.250000   clock reconvergence pessimism
                                              0.250000 ^ _1901_/CLK (gf180mcu_fd_sc_mcu7t5v0__dffrnq_1)
                                  0.217185    0.467185   library hold time
                                              0.467185   data required time
---------------------------------------------------------------------------------------------
                                              0.467185   data required time
                                             -1.991311   data arrival time
---------------------------------------------------------------------------------------------
                                              1.524125   slack (MET)


Startpoint: _1902_ (rising edge-triggered flip-flop clocked by sys_clk)
Endpoint: _1902_ (rising edge-triggered flip-flop clocked by sys_clk)
Path Group: sys_clk
Path Type: min

Fanout         Cap        Slew       Delay        Time   Description
---------------------------------------------------------------------------------------------
                      0.150000    0.000000    0.000000   clock sys_clk (rise edge)
                                  0.000000    0.000000   clock network delay (ideal)
                      0.150000    0.000000    0.000000 ^ _1902_/CLK (gf180mcu_fd_sc_mcu7t5v0__dffrnq_1)
     2    0.009396    0.272095    1.337855    1.337855 v _1902_/Q (gf180mcu_fd_sc_mcu7t5v0__dffrnq_1)
                                                         u_dc_fifo_tx.u_din.buffer.data[6] (net)
                      0.272095    0.000000    1.337855 v _1471_/I1 (gf180mcu_fd_sc_mcu7t5v0__mux2_2)
     1    0.003014    0.189434    0.653456    1.991311 v _1471_/Z (gf180mcu_fd_sc_mcu7t5v0__mux2_2)
                                                         _0090_ (net)
                      0.189434    0.000000    1.991311 v _1902_/D (gf180mcu_fd_sc_mcu7t5v0__dffrnq_1)
                                              1.991311   data arrival time

                      0.150000    0.000000    0.000000   clock sys_clk (rise edge)
                                  0.000000    0.000000   clock network delay (ideal)
                                  0.250000    0.250000   clock uncertainty
                                  0.000000    0.250000   clock reconvergence pessimism
                                              0.250000 ^ _1902_/CLK (gf180mcu_fd_sc_mcu7t5v0__dffrnq_1)
                                  0.217185    0.467185   library hold time
                                              0.467185   data required time
---------------------------------------------------------------------------------------------
                                              0.467185   data required time
                                             -1.991311   data arrival time
---------------------------------------------------------------------------------------------
                                              1.524125   slack (MET)


Startpoint: _2080_ (rising edge-triggered flip-flop clocked by periph_clk)
Endpoint: _2080_ (rising edge-triggered flip-flop clocked by periph_clk)
Path Group: periph_clk
Path Type: min

Fanout         Cap        Slew       Delay        Time   Description
---------------------------------------------------------------------------------------------
                      0.150000    0.000000    0.000000   clock periph_clk (rise edge)
                                  0.000000    0.000000   clock network delay (ideal)
                      0.150000    0.000000    0.000000 ^ _2080_/CLK (gf180mcu_fd_sc_mcu7t5v0__dffrnq_1)
     3    0.013791    0.336455    1.387988    1.387988 v _2080_/Q (gf180mcu_fd_sc_mcu7t5v0__dffrnq_1)
                                                         u_uart_tx.reg_bit_count[1] (net)
                      0.336455    0.000000    1.387988 v _0957_/I (gf180mcu_fd_sc_mcu7t5v0__clkinv_1)
     3    0.014491    0.497830    0.379657    1.767645 ^ _0957_/ZN (gf180mcu_fd_sc_mcu7t5v0__clkinv_1)
                                                         _0748_ (net)
                      0.497830    0.000000    1.767645 ^ _1828_/A1 (gf180mcu_fd_sc_mcu7t5v0__aoi21_1)
     1    0.003014    0.249928    0.210346    1.977991 v _1828_/ZN (gf180mcu_fd_sc_mcu7t5v0__aoi21_1)
                                                         _0268_ (net)
                      0.249928    0.000000    1.977991 v _2080_/D (gf180mcu_fd_sc_mcu7t5v0__dffrnq_1)
                                              1.977991   data arrival time

                      0.150000    0.000000    0.000000   clock periph_clk (rise edge)
                                  0.000000    0.000000   clock network delay (ideal)
                                  0.250000    0.250000   clock uncertainty
                                  0.000000    0.250000   clock reconvergence pessimism
                                              0.250000 ^ _2080_/CLK (gf180mcu_fd_sc_mcu7t5v0__dffrnq_1)
                                  0.201611    0.451611   library hold time
                                              0.451611   data required time
---------------------------------------------------------------------------------------------
                                              0.451611   data required time
                                             -1.977991   data arrival time
---------------------------------------------------------------------------------------------
                                              1.526381   slack (MET)


Startpoint: _1948_ (rising edge-triggered flip-flop clocked by sys_clk)
Endpoint: _1948_ (rising edge-triggered flip-flop clocked by sys_clk)
Path Group: sys_clk
Path Type: min

Fanout         Cap        Slew       Delay        Time   Description
---------------------------------------------------------------------------------------------
                      0.150000    0.000000    0.000000   clock sys_clk (rise edge)
                                  0.000000    0.000000   clock network delay (ideal)
                      0.150000    0.000000    0.000000 ^ _1948_/CLK (gf180mcu_fd_sc_mcu7t5v0__dffrnq_1)
     2    0.009724    0.276899    1.341596    1.341596 v _1948_/Q (gf180mcu_fd_sc_mcu7t5v0__dffrnq_1)
                                                         u_fifo.i_fifo.buffer[1][0] (net)
                      0.276899    0.000000    1.341596 v _1569_/I1 (gf180mcu_fd_sc_mcu7t5v0__mux2_2)
     1    0.003014    0.189413    0.654298    1.995895 v _1569_/Z (gf180mcu_fd_sc_mcu7t5v0__mux2_2)
                                                         _0136_ (net)
                      0.189413    0.000000    1.995895 v _1948_/D (gf180mcu_fd_sc_mcu7t5v0__dffrnq_1)
                                              1.995895   data arrival time

                      0.150000    0.000000    0.000000   clock sys_clk (rise edge)
                                  0.000000    0.000000   clock network delay (ideal)
                                  0.250000    0.250000   clock uncertainty
                                  0.000000    0.250000   clock reconvergence pessimism
                                              0.250000 ^ _1948_/CLK (gf180mcu_fd_sc_mcu7t5v0__dffrnq_1)
                                  0.217191    0.467191   library hold time
                                              0.467191   data required time
---------------------------------------------------------------------------------------------
                                              0.467191   data required time
                                             -1.995895   data arrival time
---------------------------------------------------------------------------------------------
                                              1.528704   slack (MET)


Startpoint: _1949_ (rising edge-triggered flip-flop clocked by sys_clk)
Endpoint: _1949_ (rising edge-triggered flip-flop clocked by sys_clk)
Path Group: sys_clk
Path Type: min

Fanout         Cap        Slew       Delay        Time   Description
---------------------------------------------------------------------------------------------
                      0.150000    0.000000    0.000000   clock sys_clk (rise edge)
                                  0.000000    0.000000   clock network delay (ideal)
                      0.150000    0.000000    0.000000 ^ _1949_/CLK (gf180mcu_fd_sc_mcu7t5v0__dffrnq_1)
     2    0.009724    0.276899    1.341596    1.341596 v _1949_/Q (gf180mcu_fd_sc_mcu7t5v0__dffrnq_1)
                                                         u_fifo.i_fifo.buffer[1][1] (net)
                      0.276899    0.000000    1.341596 v _1570_/I1 (gf180mcu_fd_sc_mcu7t5v0__mux2_2)
     1    0.003014    0.189413    0.654298    1.995895 v _1570_/Z (gf180mcu_fd_sc_mcu7t5v0__mux2_2)
                                                         _0137_ (net)
                      0.189413    0.000000    1.995895 v _1949_/D (gf180mcu_fd_sc_mcu7t5v0__dffrnq_1)
                                              1.995895   data arrival time

                      0.150000    0.000000    0.000000   clock sys_clk (rise edge)
                                  0.000000    0.000000   clock network delay (ideal)
                                  0.250000    0.250000   clock uncertainty
                                  0.000000    0.250000   clock reconvergence pessimism
                                              0.250000 ^ _1949_/CLK (gf180mcu_fd_sc_mcu7t5v0__dffrnq_1)
                                  0.217191    0.467191   library hold time
                                              0.467191   data required time
---------------------------------------------------------------------------------------------
                                              0.467191   data required time
                                             -1.995895   data arrival time
---------------------------------------------------------------------------------------------
                                              1.528704   slack (MET)


Startpoint: _1950_ (rising edge-triggered flip-flop clocked by sys_clk)
Endpoint: _1950_ (rising edge-triggered flip-flop clocked by sys_clk)
Path Group: sys_clk
Path Type: min

Fanout         Cap        Slew       Delay        Time   Description
---------------------------------------------------------------------------------------------
                      0.150000    0.000000    0.000000   clock sys_clk (rise edge)
                                  0.000000    0.000000   clock network delay (ideal)
                      0.150000    0.000000    0.000000 ^ _1950_/CLK (gf180mcu_fd_sc_mcu7t5v0__dffrnq_1)
     2    0.009724    0.276899    1.341596    1.341596 v _1950_/Q (gf180mcu_fd_sc_mcu7t5v0__dffrnq_1)
                                                         u_fifo.i_fifo.buffer[1][2] (net)
                      0.276899    0.000000    1.341596 v _1571_/I1 (gf180mcu_fd_sc_mcu7t5v0__mux2_2)
     1    0.003014    0.189413    0.654298    1.995895 v _1571_/Z (gf180mcu_fd_sc_mcu7t5v0__mux2_2)
                                                         _0138_ (net)
                      0.189413    0.000000    1.995895 v _1950_/D (gf180mcu_fd_sc_mcu7t5v0__dffrnq_1)
                                              1.995895   data arrival time

                      0.150000    0.000000    0.000000   clock sys_clk (rise edge)
                                  0.000000    0.000000   clock network delay (ideal)
                                  0.250000    0.250000   clock uncertainty
                                  0.000000    0.250000   clock reconvergence pessimism
                                              0.250000 ^ _1950_/CLK (gf180mcu_fd_sc_mcu7t5v0__dffrnq_1)
                                  0.217191    0.467191   library hold time
                                              0.467191   data required time
---------------------------------------------------------------------------------------------
                                              0.467191   data required time
                                             -1.995895   data arrival time
---------------------------------------------------------------------------------------------
                                              1.528704   slack (MET)


Startpoint: _1951_ (rising edge-triggered flip-flop clocked by sys_clk)
Endpoint: _1951_ (rising edge-triggered flip-flop clocked by sys_clk)
Path Group: sys_clk
Path Type: min

Fanout         Cap        Slew       Delay        Time   Description
---------------------------------------------------------------------------------------------
                      0.150000    0.000000    0.000000   clock sys_clk (rise edge)
                                  0.000000    0.000000   clock network delay (ideal)
                      0.150000    0.000000    0.000000 ^ _1951_/CLK (gf180mcu_fd_sc_mcu7t5v0__dffrnq_1)
     2    0.009724    0.276899    1.341596    1.341596 v _1951_/Q (gf180mcu_fd_sc_mcu7t5v0__dffrnq_1)
                                                         u_fifo.i_fifo.buffer[1][3] (net)
                      0.276899    0.000000    1.341596 v _1572_/I1 (gf180mcu_fd_sc_mcu7t5v0__mux2_2)
     1    0.003014    0.189413    0.654298    1.995895 v _1572_/Z (gf180mcu_fd_sc_mcu7t5v0__mux2_2)
                                                         _0139_ (net)
                      0.189413    0.000000    1.995895 v _1951_/D (gf180mcu_fd_sc_mcu7t5v0__dffrnq_1)
                                              1.995895   data arrival time

                      0.150000    0.000000    0.000000   clock sys_clk (rise edge)
                                  0.000000    0.000000   clock network delay (ideal)
                                  0.250000    0.250000   clock uncertainty
                                  0.000000    0.250000   clock reconvergence pessimism
                                              0.250000 ^ _1951_/CLK (gf180mcu_fd_sc_mcu7t5v0__dffrnq_1)
                                  0.217191    0.467191   library hold time
                                              0.467191   data required time
---------------------------------------------------------------------------------------------
                                              0.467191   data required time
                                             -1.995895   data arrival time
---------------------------------------------------------------------------------------------
                                              1.528704   slack (MET)


Startpoint: _1952_ (rising edge-triggered flip-flop clocked by sys_clk)
Endpoint: _1952_ (rising edge-triggered flip-flop clocked by sys_clk)
Path Group: sys_clk
Path Type: min

Fanout         Cap        Slew       Delay        Time   Description
---------------------------------------------------------------------------------------------
                      0.150000    0.000000    0.000000   clock sys_clk (rise edge)
                                  0.000000    0.000000   clock network delay (ideal)
                      0.150000    0.000000    0.000000 ^ _1952_/CLK (gf180mcu_fd_sc_mcu7t5v0__dffrnq_1)
     2    0.009724    0.276899    1.341596    1.341596 v _1952_/Q (gf180mcu_fd_sc_mcu7t5v0__dffrnq_1)
                                                         u_fifo.i_fifo.buffer[1][4] (net)
                      0.276899    0.000000    1.341596 v _1573_/I1 (gf180mcu_fd_sc_mcu7t5v0__mux2_2)
     1    0.003014    0.189413    0.654298    1.995895 v _1573_/Z (gf180mcu_fd_sc_mcu7t5v0__mux2_2)
                                                         _0140_ (net)
                      0.189413    0.000000    1.995895 v _1952_/D (gf180mcu_fd_sc_mcu7t5v0__dffrnq_1)
                                              1.995895   data arrival time

                      0.150000    0.000000    0.000000   clock sys_clk (rise edge)
                                  0.000000    0.000000   clock network delay (ideal)
                                  0.250000    0.250000   clock uncertainty
                                  0.000000    0.250000   clock reconvergence pessimism
                                              0.250000 ^ _1952_/CLK (gf180mcu_fd_sc_mcu7t5v0__dffrnq_1)
                                  0.217191    0.467191   library hold time
                                              0.467191   data required time
---------------------------------------------------------------------------------------------
                                              0.467191   data required time
                                             -1.995895   data arrival time
---------------------------------------------------------------------------------------------
                                              1.528704   slack (MET)


Startpoint: _1953_ (rising edge-triggered flip-flop clocked by sys_clk)
Endpoint: _1953_ (rising edge-triggered flip-flop clocked by sys_clk)
Path Group: sys_clk
Path Type: min

Fanout         Cap        Slew       Delay        Time   Description
---------------------------------------------------------------------------------------------
                      0.150000    0.000000    0.000000   clock sys_clk (rise edge)
                                  0.000000    0.000000   clock network delay (ideal)
                      0.150000    0.000000    0.000000 ^ _1953_/CLK (gf180mcu_fd_sc_mcu7t5v0__dffrnq_1)
     2    0.009724    0.276899    1.341596    1.341596 v _1953_/Q (gf180mcu_fd_sc_mcu7t5v0__dffrnq_1)
                                                         u_fifo.i_fifo.buffer[1][5] (net)
                      0.276899    0.000000    1.341596 v _1574_/I1 (gf180mcu_fd_sc_mcu7t5v0__mux2_2)
     1    0.003014    0.189413    0.654298    1.995895 v _1574_/Z (gf180mcu_fd_sc_mcu7t5v0__mux2_2)
                                                         _0141_ (net)
                      0.189413    0.000000    1.995895 v _1953_/D (gf180mcu_fd_sc_mcu7t5v0__dffrnq_1)
                                              1.995895   data arrival time

                      0.150000    0.000000    0.000000   clock sys_clk (rise edge)
                                  0.000000    0.000000   clock network delay (ideal)
                                  0.250000    0.250000   clock uncertainty
                                  0.000000    0.250000   clock reconvergence pessimism
                                              0.250000 ^ _1953_/CLK (gf180mcu_fd_sc_mcu7t5v0__dffrnq_1)
                                  0.217191    0.467191   library hold time
                                              0.467191   data required time
---------------------------------------------------------------------------------------------
                                              0.467191   data required time
                                             -1.995895   data arrival time
---------------------------------------------------------------------------------------------
                                              1.528704   slack (MET)


Startpoint: _1954_ (rising edge-triggered flip-flop clocked by sys_clk)
Endpoint: _1954_ (rising edge-triggered flip-flop clocked by sys_clk)
Path Group: sys_clk
Path Type: min

Fanout         Cap        Slew       Delay        Time   Description
---------------------------------------------------------------------------------------------
                      0.150000    0.000000    0.000000   clock sys_clk (rise edge)
                                  0.000000    0.000000   clock network delay (ideal)
                      0.150000    0.000000    0.000000 ^ _1954_/CLK (gf180mcu_fd_sc_mcu7t5v0__dffrnq_1)
     2    0.009724    0.276899    1.341596    1.341596 v _1954_/Q (gf180mcu_fd_sc_mcu7t5v0__dffrnq_1)
                                                         u_fifo.i_fifo.buffer[1][6] (net)
                      0.276899    0.000000    1.341596 v _1575_/I1 (gf180mcu_fd_sc_mcu7t5v0__mux2_2)
     1    0.003014    0.189413    0.654298    1.995895 v _1575_/Z (gf180mcu_fd_sc_mcu7t5v0__mux2_2)
                                                         _0142_ (net)
                      0.189413    0.000000    1.995895 v _1954_/D (gf180mcu_fd_sc_mcu7t5v0__dffrnq_1)
                                              1.995895   data arrival time

                      0.150000    0.000000    0.000000   clock sys_clk (rise edge)
                                  0.000000    0.000000   clock network delay (ideal)
                                  0.250000    0.250000   clock uncertainty
                                  0.000000    0.250000   clock reconvergence pessimism
                                              0.250000 ^ _1954_/CLK (gf180mcu_fd_sc_mcu7t5v0__dffrnq_1)
                                  0.217191    0.467191   library hold time
                                              0.467191   data required time
---------------------------------------------------------------------------------------------
                                              0.467191   data required time
                                             -1.995895   data arrival time
---------------------------------------------------------------------------------------------
                                              1.528704   slack (MET)


Startpoint: _1955_ (rising edge-triggered flip-flop clocked by sys_clk)
Endpoint: _1955_ (rising edge-triggered flip-flop clocked by sys_clk)
Path Group: sys_clk
Path Type: min

Fanout         Cap        Slew       Delay        Time   Description
---------------------------------------------------------------------------------------------
                      0.150000    0.000000    0.000000   clock sys_clk (rise edge)
                                  0.000000    0.000000   clock network delay (ideal)
                      0.150000    0.000000    0.000000 ^ _1955_/CLK (gf180mcu_fd_sc_mcu7t5v0__dffrnq_1)
     2    0.009724    0.276899    1.341596    1.341596 v _1955_/Q (gf180mcu_fd_sc_mcu7t5v0__dffrnq_1)
                                                         u_fifo.i_fifo.buffer[1][7] (net)
                      0.276899    0.000000    1.341596 v _1576_/I1 (gf180mcu_fd_sc_mcu7t5v0__mux2_2)
     1    0.003014    0.189413    0.654298    1.995895 v _1576_/Z (gf180mcu_fd_sc_mcu7t5v0__mux2_2)
                                                         _0143_ (net)
                      0.189413    0.000000    1.995895 v _1955_/D (gf180mcu_fd_sc_mcu7t5v0__dffrnq_1)
                                              1.995895   data arrival time

                      0.150000    0.000000    0.000000   clock sys_clk (rise edge)
                                  0.000000    0.000000   clock network delay (ideal)
                                  0.250000    0.250000   clock uncertainty
                                  0.000000    0.250000   clock reconvergence pessimism
                                              0.250000 ^ _1955_/CLK (gf180mcu_fd_sc_mcu7t5v0__dffrnq_1)
                                  0.217191    0.467191   library hold time
                                              0.467191   data required time
---------------------------------------------------------------------------------------------
                                              0.467191   data required time
                                             -1.995895   data arrival time
---------------------------------------------------------------------------------------------
                                              1.528704   slack (MET)


Startpoint: _1903_ (rising edge-triggered flip-flop clocked by sys_clk)
Endpoint: _1903_ (rising edge-triggered flip-flop clocked by sys_clk)
Path Group: sys_clk
Path Type: min

Fanout         Cap        Slew       Delay        Time   Description
---------------------------------------------------------------------------------------------
                      0.150000    0.000000    0.000000   clock sys_clk (rise edge)
                                  0.000000    0.000000   clock network delay (ideal)
                      0.150000    0.000000    0.000000 ^ _1903_/CLK (gf180mcu_fd_sc_mcu7t5v0__dffrnq_1)
     2    0.009894    0.279388    1.343536    1.343536 v _1903_/Q (gf180mcu_fd_sc_mcu7t5v0__dffrnq_1)
                                                         u_dc_fifo_tx.u_din.buffer.data[7] (net)
                      0.279388    0.000000    1.343536 v _1473_/I1 (gf180mcu_fd_sc_mcu7t5v0__mux2_2)
     1    0.003014    0.189434    0.654735    1.998271 v _1473_/Z (gf180mcu_fd_sc_mcu7t5v0__mux2_2)
                                                         _0091_ (net)
                      0.189434    0.000000    1.998271 v _1903_/D (gf180mcu_fd_sc_mcu7t5v0__dffrnq_1)
                                              1.998271   data arrival time

                      0.150000    0.000000    0.000000   clock sys_clk (rise edge)
                                  0.000000    0.000000   clock network delay (ideal)
                                  0.250000    0.250000   clock uncertainty
                                  0.000000    0.250000   clock reconvergence pessimism
                                              0.250000 ^ _1903_/CLK (gf180mcu_fd_sc_mcu7t5v0__dffrnq_1)
                                  0.217185    0.467185   library hold time
                                              0.467185   data required time
---------------------------------------------------------------------------------------------
                                              0.467185   data required time
                                             -1.998271   data arrival time
---------------------------------------------------------------------------------------------
                                              1.531085   slack (MET)


Startpoint: _2066_ (rising edge-triggered flip-flop clocked by periph_clk)
Endpoint: _2066_ (rising edge-triggered flip-flop clocked by periph_clk)
Path Group: periph_clk
Path Type: min

Fanout         Cap        Slew       Delay        Time   Description
---------------------------------------------------------------------------------------------
                      0.150000    0.000000    0.000000   clock periph_clk (rise edge)
                                  0.000000    0.000000   clock network delay (ideal)
                      0.150000    0.000000    0.000000 ^ _2066_/CLK (gf180mcu_fd_sc_mcu7t5v0__dffrnq_1)
     3    0.013692    0.335005    1.386859    1.386859 v _2066_/Q (gf180mcu_fd_sc_mcu7t5v0__dffrnq_1)
                                                         u_uart_rx.reg_bit_count[2] (net)
                      0.335005    0.000000    1.386859 v _1731_/B (gf180mcu_fd_sc_mcu7t5v0__oai21_1)
     1    0.004769    0.419944    0.357379    1.744238 ^ _1731_/ZN (gf180mcu_fd_sc_mcu7t5v0__oai21_1)
                                                         _0604_ (net)
                      0.419944    0.000000    1.744238 ^ _1732_/B (gf180mcu_fd_sc_mcu7t5v0__oai31_1)
     1    0.003014    0.265618    0.235543    1.979781 v _1732_/ZN (gf180mcu_fd_sc_mcu7t5v0__oai31_1)
                                                         _0254_ (net)
                      0.265618    0.000000    1.979781 v _2066_/D (gf180mcu_fd_sc_mcu7t5v0__dffrnq_1)
                                              1.979781   data arrival time

                      0.150000    0.000000    0.000000   clock periph_clk (rise edge)
                                  0.000000    0.000000   clock network delay (ideal)
                                  0.250000    0.250000   clock uncertainty
                                  0.000000    0.250000   clock reconvergence pessimism
                                              0.250000 ^ _2066_/CLK (gf180mcu_fd_sc_mcu7t5v0__dffrnq_1)
                                  0.198084    0.448084   library hold time
                                              0.448084   data required time
---------------------------------------------------------------------------------------------
                                              0.448084   data required time
                                             -1.979781   data arrival time
---------------------------------------------------------------------------------------------
                                              1.531697   slack (MET)


Startpoint: _2108_ (rising edge-triggered flip-flop clocked by periph_clk)
Endpoint: _2070_ (rising edge-triggered flip-flop clocked by periph_clk)
Path Group: periph_clk
Path Type: min

Fanout         Cap        Slew       Delay        Time   Description
---------------------------------------------------------------------------------------------
                      0.150000    0.000000    0.000000   clock periph_clk (rise edge)
                                  0.000000    0.000000   clock network delay (ideal)
                      0.150000    0.000000    0.000000 ^ _2108_/CLK (gf180mcu_fd_sc_mcu7t5v0__dffrnq_1)
     3    0.014133    0.341463    1.391889    1.391889 v _2108_/Q (gf180mcu_fd_sc_mcu7t5v0__dffrnq_1)
                                                         r_uart_en_tx_sync[2] (net)
                      0.341463    0.000000    1.391889 v _0915_/I (gf180mcu_fd_sc_mcu7t5v0__clkinv_1)
     3    0.013361    0.468556    0.363432    1.755322 ^ _0915_/ZN (gf180mcu_fd_sc_mcu7t5v0__clkinv_1)
                                                         _0706_ (net)
                      0.468556    0.000000    1.755322 ^ _1758_/A2 (gf180mcu_fd_sc_mcu7t5v0__nor2_1)
     1    0.003014    0.210549    0.237991    1.993312 v _1758_/ZN (gf180mcu_fd_sc_mcu7t5v0__nor2_1)
                                                         _0258_ (net)
                      0.210549    0.000000    1.993312 v _2070_/D (gf180mcu_fd_sc_mcu7t5v0__dffrnq_1)
                                              1.993312   data arrival time

                      0.150000    0.000000    0.000000   clock periph_clk (rise edge)
                                  0.000000    0.000000   clock network delay (ideal)
                                  0.250000    0.250000   clock uncertainty
                                  0.000000    0.250000   clock reconvergence pessimism
                                              0.250000 ^ _2070_/CLK (gf180mcu_fd_sc_mcu7t5v0__dffrnq_1)
                                  0.211567    0.461567   library hold time
                                              0.461567   data required time
---------------------------------------------------------------------------------------------
                                              0.461567   data required time
                                             -1.993312   data arrival time
---------------------------------------------------------------------------------------------
                                              1.531745   slack (MET)


Startpoint: _2082_ (rising edge-triggered flip-flop clocked by periph_clk)
Endpoint: _2082_ (rising edge-triggered flip-flop clocked by periph_clk)
Path Group: periph_clk
Path Type: min

Fanout         Cap        Slew       Delay        Time   Description
---------------------------------------------------------------------------------------------
                      0.150000    0.000000    0.000000   clock periph_clk (rise edge)
                                  0.000000    0.000000   clock network delay (ideal)
                      0.150000    0.000000    0.000000 ^ _2082_/CLK (gf180mcu_fd_sc_mcu7t5v0__dffrnq_1)
     3    0.013850    0.337319    1.388661    1.388661 v _2082_/Q (gf180mcu_fd_sc_mcu7t5v0__dffrnq_1)
                                                         u_uart_tx.parity_bit (net)
                      0.337319    0.000000    1.388661 v _1833_/A3 (gf180mcu_fd_sc_mcu7t5v0__nand3_1)
     1    0.004900    0.422013    0.384804    1.773465 ^ _1833_/ZN (gf180mcu_fd_sc_mcu7t5v0__nand3_1)
                                                         _0690_ (net)
                      0.422013    0.000000    1.773465 ^ _1834_/B (gf180mcu_fd_sc_mcu7t5v0__oai21_1)
     1    0.003014    0.239084    0.223698    1.997163 v _1834_/ZN (gf180mcu_fd_sc_mcu7t5v0__oai21_1)
                                                         _0270_ (net)
                      0.239084    0.000000    1.997163 v _2082_/D (gf180mcu_fd_sc_mcu7t5v0__dffrnq_1)
                                              1.997163   data arrival time

                      0.150000    0.000000    0.000000   clock periph_clk (rise edge)
                                  0.000000    0.000000   clock network delay (ideal)
                                  0.250000    0.250000   clock uncertainty
                                  0.000000    0.250000   clock reconvergence pessimism
                                              0.250000 ^ _2082_/CLK (gf180mcu_fd_sc_mcu7t5v0__dffrnq_1)
                                  0.204048    0.454048   library hold time
                                              0.454048   data required time
---------------------------------------------------------------------------------------------
                                              0.454048   data required time
                                             -1.997163   data arrival time
---------------------------------------------------------------------------------------------
                                              1.543115   slack (MET)


Startpoint: _2105_ (rising edge-triggered flip-flop clocked by periph_clk)
Endpoint: _2159_ (rising edge-triggered flip-flop clocked by periph_clk)
Path Group: periph_clk
Path Type: min

Fanout         Cap        Slew       Delay        Time   Description
---------------------------------------------------------------------------------------------
                      0.150000    0.000000    0.000000   clock periph_clk (rise edge)
                                  0.000000    0.000000   clock network delay (ideal)
                      0.150000    0.000000    0.000000 ^ _2105_/CLK (gf180mcu_fd_sc_mcu7t5v0__dffrnq_1)
     4    0.018721    0.408649    1.444224    1.444224 v _2105_/Q (gf180mcu_fd_sc_mcu7t5v0__dffrnq_1)
                                                         r_uart_en_rx_sync[2] (net)
                      0.408649    0.000000    1.444224 v _1250_/A2 (gf180mcu_fd_sc_mcu7t5v0__nand2_1)
     1    0.002637    0.225438    0.279832    1.724056 ^ _1250_/ZN (gf180mcu_fd_sc_mcu7t5v0__nand2_1)
                                                         _0026_ (net)
                      0.225438    0.000000    1.724056 ^ _2159_/D (gf180mcu_fd_sc_mcu7t5v0__dffsnq_1)
                                              1.724056   data arrival time

                      0.150000    0.000000    0.000000   clock periph_clk (rise edge)
                                  0.000000    0.000000   clock network delay (ideal)
                                  0.250000    0.250000   clock uncertainty
                                  0.000000    0.250000   clock reconvergence pessimism
                                              0.250000 ^ _2159_/CLK (gf180mcu_fd_sc_mcu7t5v0__dffsnq_1)
                                 -0.083102    0.166898   library hold time
                                              0.166898   data required time
---------------------------------------------------------------------------------------------
                                              0.166898   data required time
                                             -1.724056   data arrival time
---------------------------------------------------------------------------------------------
                                              1.557158   slack (MET)


Startpoint: _1960_ (rising edge-triggered flip-flop clocked by sys_clk)
Endpoint: _1960_ (rising edge-triggered flip-flop clocked by sys_clk)
Path Group: sys_clk
Path Type: min

Fanout         Cap        Slew       Delay        Time   Description
---------------------------------------------------------------------------------------------
                      0.150000    0.000000    0.000000   clock sys_clk (rise edge)
                                  0.000000    0.000000   clock network delay (ideal)
                      0.150000    0.000000    0.000000 ^ _1960_/CLK (gf180mcu_fd_sc_mcu7t5v0__dffrnq_1)
     3    0.012784    0.321708    1.376501    1.376501 v _1960_/Q (gf180mcu_fd_sc_mcu7t5v0__dffrnq_1)
                                                         s_uart_div[0] (net)
                      0.321708    0.000000    1.376501 v _1586_/I0 (gf180mcu_fd_sc_mcu7t5v0__mux2_2)
     1    0.003014    0.200067    0.653221    2.029723 v _1586_/Z (gf180mcu_fd_sc_mcu7t5v0__mux2_2)
                                                         _0148_ (net)
                      0.200067    0.000000    2.029723 v _1960_/D (gf180mcu_fd_sc_mcu7t5v0__dffrnq_1)
                                              2.029723   data arrival time

                      0.150000    0.000000    0.000000   clock sys_clk (rise edge)
                                  0.000000    0.000000   clock network delay (ideal)
                                  0.250000    0.250000   clock uncertainty
                                  0.000000    0.250000   clock reconvergence pessimism
                                              0.250000 ^ _1960_/CLK (gf180mcu_fd_sc_mcu7t5v0__dffrnq_1)
                                  0.214356    0.464356   library hold time
                                              0.464356   data required time
---------------------------------------------------------------------------------------------
                                              0.464356   data required time
                                             -2.029723   data arrival time
---------------------------------------------------------------------------------------------
                                              1.565367   slack (MET)


Startpoint: _1961_ (rising edge-triggered flip-flop clocked by sys_clk)
Endpoint: _1961_ (rising edge-triggered flip-flop clocked by sys_clk)
Path Group: sys_clk
Path Type: min

Fanout         Cap        Slew       Delay        Time   Description
---------------------------------------------------------------------------------------------
                      0.150000    0.000000    0.000000   clock sys_clk (rise edge)
                                  0.000000    0.000000   clock network delay (ideal)
                      0.150000    0.000000    0.000000 ^ _1961_/CLK (gf180mcu_fd_sc_mcu7t5v0__dffrnq_1)
     3    0.012784    0.321708    1.376501    1.376501 v _1961_/Q (gf180mcu_fd_sc_mcu7t5v0__dffrnq_1)
                                                         s_uart_div[1] (net)
                      0.321708    0.000000    1.376501 v _1587_/I0 (gf180mcu_fd_sc_mcu7t5v0__mux2_2)
     1    0.003014    0.200067    0.653221    2.029723 v _1587_/Z (gf180mcu_fd_sc_mcu7t5v0__mux2_2)
                                                         _0149_ (net)
                      0.200067    0.000000    2.029723 v _1961_/D (gf180mcu_fd_sc_mcu7t5v0__dffrnq_1)
                                              2.029723   data arrival time

                      0.150000    0.000000    0.000000   clock sys_clk (rise edge)
                                  0.000000    0.000000   clock network delay (ideal)
                                  0.250000    0.250000   clock uncertainty
                                  0.000000    0.250000   clock reconvergence pessimism
                                              0.250000 ^ _1961_/CLK (gf180mcu_fd_sc_mcu7t5v0__dffrnq_1)
                                  0.214356    0.464356   library hold time
                                              0.464356   data required time
---------------------------------------------------------------------------------------------
                                              0.464356   data required time
                                             -2.029723   data arrival time
---------------------------------------------------------------------------------------------
                                              1.565367   slack (MET)


Startpoint: _1962_ (rising edge-triggered flip-flop clocked by sys_clk)
Endpoint: _1962_ (rising edge-triggered flip-flop clocked by sys_clk)
Path Group: sys_clk
Path Type: min

Fanout         Cap        Slew       Delay        Time   Description
---------------------------------------------------------------------------------------------
                      0.150000    0.000000    0.000000   clock sys_clk (rise edge)
                                  0.000000    0.000000   clock network delay (ideal)
                      0.150000    0.000000    0.000000 ^ _1962_/CLK (gf180mcu_fd_sc_mcu7t5v0__dffrnq_1)
     3    0.012784    0.321708    1.376501    1.376501 v _1962_/Q (gf180mcu_fd_sc_mcu7t5v0__dffrnq_1)
                                                         s_uart_div[2] (net)
                      0.321708    0.000000    1.376501 v _1588_/I0 (gf180mcu_fd_sc_mcu7t5v0__mux2_2)
     1    0.003014    0.200067    0.653221    2.029723 v _1588_/Z (gf180mcu_fd_sc_mcu7t5v0__mux2_2)
                                                         _0150_ (net)
                      0.200067    0.000000    2.029723 v _1962_/D (gf180mcu_fd_sc_mcu7t5v0__dffrnq_1)
                                              2.029723   data arrival time

                      0.150000    0.000000    0.000000   clock sys_clk (rise edge)
                                  0.000000    0.000000   clock network delay (ideal)
                                  0.250000    0.250000   clock uncertainty
                                  0.000000    0.250000   clock reconvergence pessimism
                                              0.250000 ^ _1962_/CLK (gf180mcu_fd_sc_mcu7t5v0__dffrnq_1)
                                  0.214356    0.464356   library hold time
                                              0.464356   data required time
---------------------------------------------------------------------------------------------
                                              0.464356   data required time
                                             -2.029723   data arrival time
---------------------------------------------------------------------------------------------
                                              1.565367   slack (MET)


Startpoint: _1963_ (rising edge-triggered flip-flop clocked by sys_clk)
Endpoint: _1963_ (rising edge-triggered flip-flop clocked by sys_clk)
Path Group: sys_clk
Path Type: min

Fanout         Cap        Slew       Delay        Time   Description
---------------------------------------------------------------------------------------------
                      0.150000    0.000000    0.000000   clock sys_clk (rise edge)
                                  0.000000    0.000000   clock network delay (ideal)
                      0.150000    0.000000    0.000000 ^ _1963_/CLK (gf180mcu_fd_sc_mcu7t5v0__dffrnq_1)
     3    0.012784    0.321708    1.376501    1.376501 v _1963_/Q (gf180mcu_fd_sc_mcu7t5v0__dffrnq_1)
                                                         s_uart_div[3] (net)
                      0.321708    0.000000    1.376501 v _1589_/I0 (gf180mcu_fd_sc_mcu7t5v0__mux2_2)
     1    0.003014    0.200067    0.653221    2.029723 v _1589_/Z (gf180mcu_fd_sc_mcu7t5v0__mux2_2)
                                                         _0151_ (net)
                      0.200067    0.000000    2.029723 v _1963_/D (gf180mcu_fd_sc_mcu7t5v0__dffrnq_1)
                                              2.029723   data arrival time

                      0.150000    0.000000    0.000000   clock sys_clk (rise edge)
                                  0.000000    0.000000   clock network delay (ideal)
                                  0.250000    0.250000   clock uncertainty
                                  0.000000    0.250000   clock reconvergence pessimism
                                              0.250000 ^ _1963_/CLK (gf180mcu_fd_sc_mcu7t5v0__dffrnq_1)
                                  0.214356    0.464356   library hold time
                                              0.464356   data required time
---------------------------------------------------------------------------------------------
                                              0.464356   data required time
                                             -2.029723   data arrival time
---------------------------------------------------------------------------------------------
                                              1.565367   slack (MET)


Startpoint: _1964_ (rising edge-triggered flip-flop clocked by sys_clk)
Endpoint: _1964_ (rising edge-triggered flip-flop clocked by sys_clk)
Path Group: sys_clk
Path Type: min

Fanout         Cap        Slew       Delay        Time   Description
---------------------------------------------------------------------------------------------
                      0.150000    0.000000    0.000000   clock sys_clk (rise edge)
                                  0.000000    0.000000   clock network delay (ideal)
                      0.150000    0.000000    0.000000 ^ _1964_/CLK (gf180mcu_fd_sc_mcu7t5v0__dffrnq_1)
     3    0.012784    0.321708    1.376501    1.376501 v _1964_/Q (gf180mcu_fd_sc_mcu7t5v0__dffrnq_1)
                                                         s_uart_div[4] (net)
                      0.321708    0.000000    1.376501 v _1590_/I0 (gf180mcu_fd_sc_mcu7t5v0__mux2_2)
     1    0.003014    0.200067    0.653221    2.029723 v _1590_/Z (gf180mcu_fd_sc_mcu7t5v0__mux2_2)
                                                         _0152_ (net)
                      0.200067    0.000000    2.029723 v _1964_/D (gf180mcu_fd_sc_mcu7t5v0__dffrnq_1)
                                              2.029723   data arrival time

                      0.150000    0.000000    0.000000   clock sys_clk (rise edge)
                                  0.000000    0.000000   clock network delay (ideal)
                                  0.250000    0.250000   clock uncertainty
                                  0.000000    0.250000   clock reconvergence pessimism
                                              0.250000 ^ _1964_/CLK (gf180mcu_fd_sc_mcu7t5v0__dffrnq_1)
                                  0.214356    0.464356   library hold time
                                              0.464356   data required time
---------------------------------------------------------------------------------------------
                                              0.464356   data required time
                                             -2.029723   data arrival time
---------------------------------------------------------------------------------------------
                                              1.565367   slack (MET)


Startpoint: _1965_ (rising edge-triggered flip-flop clocked by sys_clk)
Endpoint: _1965_ (rising edge-triggered flip-flop clocked by sys_clk)
Path Group: sys_clk
Path Type: min

Fanout         Cap        Slew       Delay        Time   Description
---------------------------------------------------------------------------------------------
                      0.150000    0.000000    0.000000   clock sys_clk (rise edge)
                                  0.000000    0.000000   clock network delay (ideal)
                      0.150000    0.000000    0.000000 ^ _1965_/CLK (gf180mcu_fd_sc_mcu7t5v0__dffrnq_1)
     3    0.012784    0.321708    1.376501    1.376501 v _1965_/Q (gf180mcu_fd_sc_mcu7t5v0__dffrnq_1)
                                                         s_uart_div[5] (net)
                      0.321708    0.000000    1.376501 v _1591_/I0 (gf180mcu_fd_sc_mcu7t5v0__mux2_2)
     1    0.003014    0.200067    0.653221    2.029723 v _1591_/Z (gf180mcu_fd_sc_mcu7t5v0__mux2_2)
                                                         _0153_ (net)
                      0.200067    0.000000    2.029723 v _1965_/D (gf180mcu_fd_sc_mcu7t5v0__dffrnq_1)
                                              2.029723   data arrival time

                      0.150000    0.000000    0.000000   clock sys_clk (rise edge)
                                  0.000000    0.000000   clock network delay (ideal)
                                  0.250000    0.250000   clock uncertainty
                                  0.000000    0.250000   clock reconvergence pessimism
                                              0.250000 ^ _1965_/CLK (gf180mcu_fd_sc_mcu7t5v0__dffrnq_1)
                                  0.214356    0.464356   library hold time
                                              0.464356   data required time
---------------------------------------------------------------------------------------------
                                              0.464356   data required time
                                             -2.029723   data arrival time
---------------------------------------------------------------------------------------------
                                              1.565367   slack (MET)


Startpoint: _1966_ (rising edge-triggered flip-flop clocked by sys_clk)
Endpoint: _1966_ (rising edge-triggered flip-flop clocked by sys_clk)
Path Group: sys_clk
Path Type: min

Fanout         Cap        Slew       Delay        Time   Description
---------------------------------------------------------------------------------------------
                      0.150000    0.000000    0.000000   clock sys_clk (rise edge)
                                  0.000000    0.000000   clock network delay (ideal)
                      0.150000    0.000000    0.000000 ^ _1966_/CLK (gf180mcu_fd_sc_mcu7t5v0__dffrnq_1)
     3    0.012784    0.321708    1.376501    1.376501 v _1966_/Q (gf180mcu_fd_sc_mcu7t5v0__dffrnq_1)
                                                         s_uart_div[6] (net)
                      0.321708    0.000000    1.376501 v _1592_/I0 (gf180mcu_fd_sc_mcu7t5v0__mux2_2)
     1    0.003014    0.200067    0.653221    2.029723 v _1592_/Z (gf180mcu_fd_sc_mcu7t5v0__mux2_2)
                                                         _0154_ (net)
                      0.200067    0.000000    2.029723 v _1966_/D (gf180mcu_fd_sc_mcu7t5v0__dffrnq_1)
                                              2.029723   data arrival time

                      0.150000    0.000000    0.000000   clock sys_clk (rise edge)
                                  0.000000    0.000000   clock network delay (ideal)
                                  0.250000    0.250000   clock uncertainty
                                  0.000000    0.250000   clock reconvergence pessimism
                                              0.250000 ^ _1966_/CLK (gf180mcu_fd_sc_mcu7t5v0__dffrnq_1)
                                  0.214356    0.464356   library hold time
                                              0.464356   data required time
---------------------------------------------------------------------------------------------
                                              0.464356   data required time
                                             -2.029723   data arrival time
---------------------------------------------------------------------------------------------
                                              1.565367   slack (MET)


Startpoint: _1967_ (rising edge-triggered flip-flop clocked by sys_clk)
Endpoint: _1967_ (rising edge-triggered flip-flop clocked by sys_clk)
Path Group: sys_clk
Path Type: min

Fanout         Cap        Slew       Delay        Time   Description
---------------------------------------------------------------------------------------------
                      0.150000    0.000000    0.000000   clock sys_clk (rise edge)
                                  0.000000    0.000000   clock network delay (ideal)
                      0.150000    0.000000    0.000000 ^ _1967_/CLK (gf180mcu_fd_sc_mcu7t5v0__dffrnq_1)
     3    0.012784    0.321708    1.376501    1.376501 v _1967_/Q (gf180mcu_fd_sc_mcu7t5v0__dffrnq_1)
                                                         s_uart_div[7] (net)
                      0.321708    0.000000    1.376501 v _1593_/I0 (gf180mcu_fd_sc_mcu7t5v0__mux2_2)
     1    0.003014    0.200067    0.653221    2.029723 v _1593_/Z (gf180mcu_fd_sc_mcu7t5v0__mux2_2)
                                                         _0155_ (net)
                      0.200067    0.000000    2.029723 v _1967_/D (gf180mcu_fd_sc_mcu7t5v0__dffrnq_1)
                                              2.029723   data arrival time

                      0.150000    0.000000    0.000000   clock sys_clk (rise edge)
                                  0.000000    0.000000   clock network delay (ideal)
                                  0.250000    0.250000   clock uncertainty
                                  0.000000    0.250000   clock reconvergence pessimism
                                              0.250000 ^ _1967_/CLK (gf180mcu_fd_sc_mcu7t5v0__dffrnq_1)
                                  0.214356    0.464356   library hold time
                                              0.464356   data required time
---------------------------------------------------------------------------------------------
                                              0.464356   data required time
                                             -2.029723   data arrival time
---------------------------------------------------------------------------------------------
                                              1.565367   slack (MET)


Startpoint: _1968_ (rising edge-triggered flip-flop clocked by sys_clk)
Endpoint: _1968_ (rising edge-triggered flip-flop clocked by sys_clk)
Path Group: sys_clk
Path Type: min

Fanout         Cap        Slew       Delay        Time   Description
---------------------------------------------------------------------------------------------
                      0.150000    0.000000    0.000000   clock sys_clk (rise edge)
                                  0.000000    0.000000   clock network delay (ideal)
                      0.150000    0.000000    0.000000 ^ _1968_/CLK (gf180mcu_fd_sc_mcu7t5v0__dffrnq_1)
     3    0.012784    0.321708    1.376501    1.376501 v _1968_/Q (gf180mcu_fd_sc_mcu7t5v0__dffrnq_1)
                                                         s_uart_div[8] (net)
                      0.321708    0.000000    1.376501 v _1594_/I0 (gf180mcu_fd_sc_mcu7t5v0__mux2_2)
     1    0.003014    0.200067    0.653221    2.029723 v _1594_/Z (gf180mcu_fd_sc_mcu7t5v0__mux2_2)
                                                         _0156_ (net)
                      0.200067    0.000000    2.029723 v _1968_/D (gf180mcu_fd_sc_mcu7t5v0__dffrnq_1)
                                              2.029723   data arrival time

                      0.150000    0.000000    0.000000   clock sys_clk (rise edge)
                                  0.000000    0.000000   clock network delay (ideal)
                                  0.250000    0.250000   clock uncertainty
                                  0.000000    0.250000   clock reconvergence pessimism
                                              0.250000 ^ _1968_/CLK (gf180mcu_fd_sc_mcu7t5v0__dffrnq_1)
                                  0.214356    0.464356   library hold time
                                              0.464356   data required time
---------------------------------------------------------------------------------------------
                                              0.464356   data required time
                                             -2.029723   data arrival time
---------------------------------------------------------------------------------------------
                                              1.565367   slack (MET)


Startpoint: _1969_ (rising edge-triggered flip-flop clocked by sys_clk)
Endpoint: _1969_ (rising edge-triggered flip-flop clocked by sys_clk)
Path Group: sys_clk
Path Type: min

Fanout         Cap        Slew       Delay        Time   Description
---------------------------------------------------------------------------------------------
                      0.150000    0.000000    0.000000   clock sys_clk (rise edge)
                                  0.000000    0.000000   clock network delay (ideal)
                      0.150000    0.000000    0.000000 ^ _1969_/CLK (gf180mcu_fd_sc_mcu7t5v0__dffrnq_1)
     3    0.012784    0.321708    1.376501    1.376501 v _1969_/Q (gf180mcu_fd_sc_mcu7t5v0__dffrnq_1)
                                                         s_uart_div[9] (net)
                      0.321708    0.000000    1.376501 v _1595_/I0 (gf180mcu_fd_sc_mcu7t5v0__mux2_2)
     1    0.003014    0.200067    0.653221    2.029723 v _1595_/Z (gf180mcu_fd_sc_mcu7t5v0__mux2_2)
                                                         _0157_ (net)
                      0.200067    0.000000    2.029723 v _1969_/D (gf180mcu_fd_sc_mcu7t5v0__dffrnq_1)
                                              2.029723   data arrival time

                      0.150000    0.000000    0.000000   clock sys_clk (rise edge)
                                  0.000000    0.000000   clock network delay (ideal)
                                  0.250000    0.250000   clock uncertainty
                                  0.000000    0.250000   clock reconvergence pessimism
                                              0.250000 ^ _1969_/CLK (gf180mcu_fd_sc_mcu7t5v0__dffrnq_1)
                                  0.214356    0.464356   library hold time
                                              0.464356   data required time
---------------------------------------------------------------------------------------------
                                              0.464356   data required time
                                             -2.029723   data arrival time
---------------------------------------------------------------------------------------------
                                              1.565367   slack (MET)


Startpoint: _1970_ (rising edge-triggered flip-flop clocked by sys_clk)
Endpoint: _1970_ (rising edge-triggered flip-flop clocked by sys_clk)
Path Group: sys_clk
Path Type: min

Fanout         Cap        Slew       Delay        Time   Description
---------------------------------------------------------------------------------------------
                      0.150000    0.000000    0.000000   clock sys_clk (rise edge)
                                  0.000000    0.000000   clock network delay (ideal)
                      0.150000    0.000000    0.000000 ^ _1970_/CLK (gf180mcu_fd_sc_mcu7t5v0__dffrnq_1)
     3    0.012784    0.321708    1.376501    1.376501 v _1970_/Q (gf180mcu_fd_sc_mcu7t5v0__dffrnq_1)
                                                         s_uart_div[10] (net)
                      0.321708    0.000000    1.376501 v _1596_/I0 (gf180mcu_fd_sc_mcu7t5v0__mux2_2)
     1    0.003014    0.200067    0.653221    2.029723 v _1596_/Z (gf180mcu_fd_sc_mcu7t5v0__mux2_2)
                                                         _0158_ (net)
                      0.200067    0.000000    2.029723 v _1970_/D (gf180mcu_fd_sc_mcu7t5v0__dffrnq_1)
                                              2.029723   data arrival time

                      0.150000    0.000000    0.000000   clock sys_clk (rise edge)
                                  0.000000    0.000000   clock network delay (ideal)
                                  0.250000    0.250000   clock uncertainty
                                  0.000000    0.250000   clock reconvergence pessimism
                                              0.250000 ^ _1970_/CLK (gf180mcu_fd_sc_mcu7t5v0__dffrnq_1)
                                  0.214356    0.464356   library hold time
                                              0.464356   data required time
---------------------------------------------------------------------------------------------
                                              0.464356   data required time
                                             -2.029723   data arrival time
---------------------------------------------------------------------------------------------
                                              1.565367   slack (MET)


Startpoint: _1971_ (rising edge-triggered flip-flop clocked by sys_clk)
Endpoint: _1971_ (rising edge-triggered flip-flop clocked by sys_clk)
Path Group: sys_clk
Path Type: min

Fanout         Cap        Slew       Delay        Time   Description
---------------------------------------------------------------------------------------------
                      0.150000    0.000000    0.000000   clock sys_clk (rise edge)
                                  0.000000    0.000000   clock network delay (ideal)
                      0.150000    0.000000    0.000000 ^ _1971_/CLK (gf180mcu_fd_sc_mcu7t5v0__dffrnq_1)
     3    0.012784    0.321708    1.376501    1.376501 v _1971_/Q (gf180mcu_fd_sc_mcu7t5v0__dffrnq_1)
                                                         s_uart_div[11] (net)
                      0.321708    0.000000    1.376501 v _1597_/I0 (gf180mcu_fd_sc_mcu7t5v0__mux2_2)
     1    0.003014    0.200067    0.653221    2.029723 v _1597_/Z (gf180mcu_fd_sc_mcu7t5v0__mux2_2)
                                                         _0159_ (net)
                      0.200067    0.000000    2.029723 v _1971_/D (gf180mcu_fd_sc_mcu7t5v0__dffrnq_1)
                                              2.029723   data arrival time

                      0.150000    0.000000    0.000000   clock sys_clk (rise edge)
                                  0.000000    0.000000   clock network delay (ideal)
                                  0.250000    0.250000   clock uncertainty
                                  0.000000    0.250000   clock reconvergence pessimism
                                              0.250000 ^ _1971_/CLK (gf180mcu_fd_sc_mcu7t5v0__dffrnq_1)
                                  0.214356    0.464356   library hold time
                                              0.464356   data required time
---------------------------------------------------------------------------------------------
                                              0.464356   data required time
                                             -2.029723   data arrival time
---------------------------------------------------------------------------------------------
                                              1.565367   slack (MET)


Startpoint: _1972_ (rising edge-triggered flip-flop clocked by sys_clk)
Endpoint: _1972_ (rising edge-triggered flip-flop clocked by sys_clk)
Path Group: sys_clk
Path Type: min

Fanout         Cap        Slew       Delay        Time   Description
---------------------------------------------------------------------------------------------
                      0.150000    0.000000    0.000000   clock sys_clk (rise edge)
                                  0.000000    0.000000   clock network delay (ideal)
                      0.150000    0.000000    0.000000 ^ _1972_/CLK (gf180mcu_fd_sc_mcu7t5v0__dffrnq_1)
     3    0.012784    0.321708    1.376501    1.376501 v _1972_/Q (gf180mcu_fd_sc_mcu7t5v0__dffrnq_1)
                                                         s_uart_div[12] (net)
                      0.321708    0.000000    1.376501 v _1598_/I0 (gf180mcu_fd_sc_mcu7t5v0__mux2_2)
     1    0.003014    0.200067    0.653221    2.029723 v _1598_/Z (gf180mcu_fd_sc_mcu7t5v0__mux2_2)
                                                         _0160_ (net)
                      0.200067    0.000000    2.029723 v _1972_/D (gf180mcu_fd_sc_mcu7t5v0__dffrnq_1)
                                              2.029723   data arrival time

                      0.150000    0.000000    0.000000   clock sys_clk (rise edge)
                                  0.000000    0.000000   clock network delay (ideal)
                                  0.250000    0.250000   clock uncertainty
                                  0.000000    0.250000   clock reconvergence pessimism
                                              0.250000 ^ _1972_/CLK (gf180mcu_fd_sc_mcu7t5v0__dffrnq_1)
                                  0.214356    0.464356   library hold time
                                              0.464356   data required time
---------------------------------------------------------------------------------------------
                                              0.464356   data required time
                                             -2.029723   data arrival time
---------------------------------------------------------------------------------------------
                                              1.565367   slack (MET)


Startpoint: _1973_ (rising edge-triggered flip-flop clocked by sys_clk)
Endpoint: _1973_ (rising edge-triggered flip-flop clocked by sys_clk)
Path Group: sys_clk
Path Type: min

Fanout         Cap        Slew       Delay        Time   Description
---------------------------------------------------------------------------------------------
                      0.150000    0.000000    0.000000   clock sys_clk (rise edge)
                                  0.000000    0.000000   clock network delay (ideal)
                      0.150000    0.000000    0.000000 ^ _1973_/CLK (gf180mcu_fd_sc_mcu7t5v0__dffrnq_1)
     3    0.012784    0.321708    1.376501    1.376501 v _1973_/Q (gf180mcu_fd_sc_mcu7t5v0__dffrnq_1)
                                                         s_uart_div[13] (net)
                      0.321708    0.000000    1.376501 v _1599_/I0 (gf180mcu_fd_sc_mcu7t5v0__mux2_2)
     1    0.003014    0.200067    0.653221    2.029723 v _1599_/Z (gf180mcu_fd_sc_mcu7t5v0__mux2_2)
                                                         _0161_ (net)
                      0.200067    0.000000    2.029723 v _1973_/D (gf180mcu_fd_sc_mcu7t5v0__dffrnq_1)
                                              2.029723   data arrival time

                      0.150000    0.000000    0.000000   clock sys_clk (rise edge)
                                  0.000000    0.000000   clock network delay (ideal)
                                  0.250000    0.250000   clock uncertainty
                                  0.000000    0.250000   clock reconvergence pessimism
                                              0.250000 ^ _1973_/CLK (gf180mcu_fd_sc_mcu7t5v0__dffrnq_1)
                                  0.214356    0.464356   library hold time
                                              0.464356   data required time
---------------------------------------------------------------------------------------------
                                              0.464356   data required time
                                             -2.029723   data arrival time
---------------------------------------------------------------------------------------------
                                              1.565367   slack (MET)


Startpoint: _1974_ (rising edge-triggered flip-flop clocked by sys_clk)
Endpoint: _1974_ (rising edge-triggered flip-flop clocked by sys_clk)
Path Group: sys_clk
Path Type: min

Fanout         Cap        Slew       Delay        Time   Description
---------------------------------------------------------------------------------------------
                      0.150000    0.000000    0.000000   clock sys_clk (rise edge)
                                  0.000000    0.000000   clock network delay (ideal)
                      0.150000    0.000000    0.000000 ^ _1974_/CLK (gf180mcu_fd_sc_mcu7t5v0__dffrnq_1)
     3    0.012784    0.321708    1.376501    1.376501 v _1974_/Q (gf180mcu_fd_sc_mcu7t5v0__dffrnq_1)
                                                         s_uart_div[14] (net)
                      0.321708    0.000000    1.376501 v _1600_/I0 (gf180mcu_fd_sc_mcu7t5v0__mux2_2)
     1    0.003014    0.200067    0.653221    2.029723 v _1600_/Z (gf180mcu_fd_sc_mcu7t5v0__mux2_2)
                                                         _0162_ (net)
                      0.200067    0.000000    2.029723 v _1974_/D (gf180mcu_fd_sc_mcu7t5v0__dffrnq_1)
                                              2.029723   data arrival time

                      0.150000    0.000000    0.000000   clock sys_clk (rise edge)
                                  0.000000    0.000000   clock network delay (ideal)
                                  0.250000    0.250000   clock uncertainty
                                  0.000000    0.250000   clock reconvergence pessimism
                                              0.250000 ^ _1974_/CLK (gf180mcu_fd_sc_mcu7t5v0__dffrnq_1)
                                  0.214356    0.464356   library hold time
                                              0.464356   data required time
---------------------------------------------------------------------------------------------
                                              0.464356   data required time
                                             -2.029723   data arrival time
---------------------------------------------------------------------------------------------
                                              1.565367   slack (MET)


Startpoint: _1975_ (rising edge-triggered flip-flop clocked by sys_clk)
Endpoint: _1975_ (rising edge-triggered flip-flop clocked by sys_clk)
Path Group: sys_clk
Path Type: min

Fanout         Cap        Slew       Delay        Time   Description
---------------------------------------------------------------------------------------------
                      0.150000    0.000000    0.000000   clock sys_clk (rise edge)
                                  0.000000    0.000000   clock network delay (ideal)
                      0.150000    0.000000    0.000000 ^ _1975_/CLK (gf180mcu_fd_sc_mcu7t5v0__dffrnq_1)
     3    0.012784    0.321708    1.376501    1.376501 v _1975_/Q (gf180mcu_fd_sc_mcu7t5v0__dffrnq_1)
                                                         s_uart_div[15] (net)
                      0.321708    0.000000    1.376501 v _1601_/I0 (gf180mcu_fd_sc_mcu7t5v0__mux2_2)
     1    0.003014    0.200067    0.653221    2.029723 v _1601_/Z (gf180mcu_fd_sc_mcu7t5v0__mux2_2)
                                                         _0163_ (net)
                      0.200067    0.000000    2.029723 v _1975_/D (gf180mcu_fd_sc_mcu7t5v0__dffrnq_1)
                                              2.029723   data arrival time

                      0.150000    0.000000    0.000000   clock sys_clk (rise edge)
                                  0.000000    0.000000   clock network delay (ideal)
                                  0.250000    0.250000   clock uncertainty
                                  0.000000    0.250000   clock reconvergence pessimism
                                              0.250000 ^ _1975_/CLK (gf180mcu_fd_sc_mcu7t5v0__dffrnq_1)
                                  0.214356    0.464356   library hold time
                                              0.464356   data required time
---------------------------------------------------------------------------------------------
                                              0.464356   data required time
                                             -2.029723   data arrival time
---------------------------------------------------------------------------------------------
                                              1.565367   slack (MET)


Startpoint: _2041_ (rising edge-triggered flip-flop clocked by sys_clk)
Endpoint: _2041_ (rising edge-triggered flip-flop clocked by sys_clk)
Path Group: sys_clk
Path Type: min

Fanout         Cap        Slew       Delay        Time   Description
---------------------------------------------------------------------------------------------
                      0.150000    0.000000    0.000000   clock sys_clk (rise edge)
                                  0.000000    0.000000   clock network delay (ideal)
                      0.150000    0.000000    0.000000 ^ _2041_/CLK (gf180mcu_fd_sc_mcu7t5v0__dffrnq_1)
     3    0.012384    0.315851    1.371939    1.371939 v _2041_/Q (gf180mcu_fd_sc_mcu7t5v0__dffrnq_1)
                                                         s_uart_err_irq_en (net)
                      0.315851    0.000000    1.371939 v _1674_/I1 (gf180mcu_fd_sc_mcu7t5v0__mux2_2)
     1    0.003014    0.193524    0.661131    2.033070 v _1674_/Z (gf180mcu_fd_sc_mcu7t5v0__mux2_2)
                                                         _0229_ (net)
                      0.193524    0.000000    2.033070 v _2041_/D (gf180mcu_fd_sc_mcu7t5v0__dffrnq_1)
                                              2.033070   data arrival time

                      0.150000    0.000000    0.000000   clock sys_clk (rise edge)
                                  0.000000    0.000000   clock network delay (ideal)
                                  0.250000    0.250000   clock uncertainty
                                  0.000000    0.250000   clock reconvergence pessimism
                                              0.250000 ^ _2041_/CLK (gf180mcu_fd_sc_mcu7t5v0__dffrnq_1)
                                  0.216097    0.466097   library hold time
                                              0.466097   data required time
---------------------------------------------------------------------------------------------
                                              0.466097   data required time
                                             -2.033070   data arrival time
---------------------------------------------------------------------------------------------
                                              1.566972   slack (MET)


Startpoint: _2036_ (rising edge-triggered flip-flop clocked by sys_clk)
Endpoint: _2036_ (rising edge-triggered flip-flop clocked by sys_clk)
Path Group: sys_clk
Path Type: min

Fanout         Cap        Slew       Delay        Time   Description
---------------------------------------------------------------------------------------------
                      0.150000    0.000000    0.000000   clock sys_clk (rise edge)
                                  0.000000    0.000000   clock network delay (ideal)
                      0.150000    0.000000    0.000000 ^ _2036_/CLK (gf180mcu_fd_sc_mcu7t5v0__dffrnq_1)
     3    0.012963    0.324330    1.378543    1.378543 v _2036_/Q (gf180mcu_fd_sc_mcu7t5v0__dffrnq_1)
                                                         s_uart_en_tx (net)
                      0.324330    0.000000    1.378543 v _1666_/I0 (gf180mcu_fd_sc_mcu7t5v0__mux2_2)
     1    0.003014    0.200423    0.653695    2.032238 v _1666_/Z (gf180mcu_fd_sc_mcu7t5v0__mux2_2)
                                                         _0224_ (net)
                      0.200423    0.000000    2.032238 v _2036_/D (gf180mcu_fd_sc_mcu7t5v0__dffrnq_1)
                                              2.032238   data arrival time

                      0.150000    0.000000    0.000000   clock sys_clk (rise edge)
                                  0.000000    0.000000   clock network delay (ideal)
                                  0.250000    0.250000   clock uncertainty
                                  0.000000    0.250000   clock reconvergence pessimism
                                              0.250000 ^ _2036_/CLK (gf180mcu_fd_sc_mcu7t5v0__dffrnq_1)
                                  0.214262    0.464262   library hold time
                                              0.464262   data required time
---------------------------------------------------------------------------------------------
                                              0.464262   data required time
                                             -2.032238   data arrival time
---------------------------------------------------------------------------------------------
                                              1.567976   slack (MET)


Startpoint: _2037_ (rising edge-triggered flip-flop clocked by sys_clk)
Endpoint: _2037_ (rising edge-triggered flip-flop clocked by sys_clk)
Path Group: sys_clk
Path Type: min

Fanout         Cap        Slew       Delay        Time   Description
---------------------------------------------------------------------------------------------
                      0.150000    0.000000    0.000000   clock sys_clk (rise edge)
                                  0.000000    0.000000   clock network delay (ideal)
                      0.150000    0.000000    0.000000 ^ _2037_/CLK (gf180mcu_fd_sc_mcu7t5v0__dffrnq_1)
     3    0.012963    0.324330    1.378543    1.378543 v _2037_/Q (gf180mcu_fd_sc_mcu7t5v0__dffrnq_1)
                                                         s_uart_en_rx (net)
                      0.324330    0.000000    1.378543 v _1667_/I0 (gf180mcu_fd_sc_mcu7t5v0__mux2_2)
     1    0.003014    0.200423    0.653695    2.032238 v _1667_/Z (gf180mcu_fd_sc_mcu7t5v0__mux2_2)
                                                         _0225_ (net)
                      0.200423    0.000000    2.032238 v _2037_/D (gf180mcu_fd_sc_mcu7t5v0__dffrnq_1)
                                              2.032238   data arrival time

                      0.150000    0.000000    0.000000   clock sys_clk (rise edge)
                                  0.000000    0.000000   clock network delay (ideal)
                                  0.250000    0.250000   clock uncertainty
                                  0.000000    0.250000   clock reconvergence pessimism
                                              0.250000 ^ _2037_/CLK (gf180mcu_fd_sc_mcu7t5v0__dffrnq_1)
                                  0.214262    0.464262   library hold time
                                              0.464262   data required time
---------------------------------------------------------------------------------------------
                                              0.464262   data required time
                                             -2.032238   data arrival time
---------------------------------------------------------------------------------------------
                                              1.567976   slack (MET)


Startpoint: _1937_ (rising edge-triggered flip-flop clocked by sys_clk)
Endpoint: _1937_ (rising edge-triggered flip-flop clocked by sys_clk)
Path Group: sys_clk
Path Type: min

Fanout         Cap        Slew       Delay        Time   Description
---------------------------------------------------------------------------------------------
                      0.150000    0.000000    0.000000   clock sys_clk (rise edge)
                                  0.000000    0.000000   clock network delay (ideal)
                      0.150000    0.000000    0.000000 ^ _1937_/CLK (gf180mcu_fd_sc_mcu7t5v0__dffrnq_1)
     4    0.021542    0.450586    1.474369    1.474369 v _1937_/Q (gf180mcu_fd_sc_mcu7t5v0__dffrnq_1)
                                                         u_fifo.r_inflight[1] (net)
                      0.450586    0.000000    1.474369 v _1555_/A2 (gf180mcu_fd_sc_mcu7t5v0__nand2_1)
     1    0.004953    0.314858    0.334353    1.808722 ^ _1555_/ZN (gf180mcu_fd_sc_mcu7t5v0__nand2_1)
                                                         _0557_ (net)
                      0.314858    0.000000    1.808722 ^ _1556_/B1 (gf180mcu_fd_sc_mcu7t5v0__oai22_1)
     1    0.003014    0.212031    0.230082    2.038804 v _1556_/ZN (gf180mcu_fd_sc_mcu7t5v0__oai22_1)
                                                         _0125_ (net)
                      0.212031    0.000000    2.038804 v _1937_/D (gf180mcu_fd_sc_mcu7t5v0__dffrnq_1)
                                              2.038804   data arrival time

                      0.150000    0.000000    0.000000   clock sys_clk (rise edge)
                                  0.000000    0.000000   clock network delay (ideal)
                                  0.250000    0.250000   clock uncertainty
                                  0.000000    0.250000   clock reconvergence pessimism
                                              0.250000 ^ _1937_/CLK (gf180mcu_fd_sc_mcu7t5v0__dffrnq_1)
                                  0.211173    0.461173   library hold time
                                              0.461173   data required time
---------------------------------------------------------------------------------------------
                                              0.461173   data required time
                                             -2.038804   data arrival time
---------------------------------------------------------------------------------------------
                                              1.577631   slack (MET)


Startpoint: _2083_ (rising edge-triggered flip-flop clocked by periph_clk)
Endpoint: _2083_ (rising edge-triggered flip-flop clocked by periph_clk)
Path Group: periph_clk
Path Type: min

Fanout         Cap        Slew       Delay        Time   Description
---------------------------------------------------------------------------------------------
                      0.150000    0.000000    0.000000   clock periph_clk (rise edge)
                                  0.000000    0.000000   clock network delay (ideal)
                      0.150000    0.000000    0.000000 ^ _2083_/CLK (gf180mcu_fd_sc_mcu7t5v0__dffrnq_1)
     3    0.014085    0.340760    1.391342    1.391342 v _2083_/Q (gf180mcu_fd_sc_mcu7t5v0__dffrnq_1)
                                                         r_uart_stop_bits (net)
                      0.340760    0.000000    1.391342 v _1836_/I1 (gf180mcu_fd_sc_mcu7t5v0__mux2_2)
     1    0.003014    0.193174    0.665500    2.056842 v _1836_/Z (gf180mcu_fd_sc_mcu7t5v0__mux2_2)
                                                         _0271_ (net)
                      0.193174    0.000000    2.056842 v _2083_/D (gf180mcu_fd_sc_mcu7t5v0__dffrnq_1)
                                              2.056842   data arrival time

                      0.150000    0.000000    0.000000   clock periph_clk (rise edge)
                                  0.000000    0.000000   clock network delay (ideal)
                                  0.250000    0.250000   clock uncertainty
                                  0.000000    0.250000   clock reconvergence pessimism
                                              0.250000 ^ _2083_/CLK (gf180mcu_fd_sc_mcu7t5v0__dffrnq_1)
                                  0.216190    0.466190   library hold time
                                              0.466190   data required time
---------------------------------------------------------------------------------------------
                                              0.466190   data required time
                                             -2.056842   data arrival time
---------------------------------------------------------------------------------------------
                                              1.590652   slack (MET)


Startpoint: _1958_ (rising edge-triggered flip-flop clocked by sys_clk)
Endpoint: _1958_ (rising edge-triggered flip-flop clocked by sys_clk)
Path Group: sys_clk
Path Type: min

Fanout         Cap        Slew       Delay        Time   Description
---------------------------------------------------------------------------------------------
                      0.150000    0.000000    0.000000   clock sys_clk (rise edge)
                                  0.000000    0.000000   clock network delay (ideal)
                      0.150000    0.000000    0.000000 ^ _1958_/CLK (gf180mcu_fd_sc_mcu7t5v0__dffrnq_1)
     3    0.014805    0.351304    1.399555    1.399555 v _1958_/Q (gf180mcu_fd_sc_mcu7t5v0__dffrnq_1)
                                                         s_uart_stop_bits (net)
                      0.351304    0.000000    1.399555 v _1584_/I0 (gf180mcu_fd_sc_mcu7t5v0__mux2_2)
     1    0.003014    0.200423    0.658568    2.058123 v _1584_/Z (gf180mcu_fd_sc_mcu7t5v0__mux2_2)
                                                         _0146_ (net)
                      0.200423    0.000000    2.058123 v _1958_/D (gf180mcu_fd_sc_mcu7t5v0__dffrnq_1)
                                              2.058123   data arrival time

                      0.150000    0.000000    0.000000   clock sys_clk (rise edge)
                                  0.000000    0.000000   clock network delay (ideal)
                                  0.250000    0.250000   clock uncertainty
                                  0.000000    0.250000   clock reconvergence pessimism
                                              0.250000 ^ _1958_/CLK (gf180mcu_fd_sc_mcu7t5v0__dffrnq_1)
                                  0.214262    0.464262   library hold time
                                              0.464262   data required time
---------------------------------------------------------------------------------------------
                                              0.464262   data required time
                                             -2.058123   data arrival time
---------------------------------------------------------------------------------------------
                                              1.593862   slack (MET)


Startpoint: _1977_ (rising edge-triggered flip-flop clocked by sys_clk)
Endpoint: _1977_ (rising edge-triggered flip-flop clocked by sys_clk)
Path Group: sys_clk
Path Type: min

Fanout         Cap        Slew       Delay        Time   Description
---------------------------------------------------------------------------------------------
                      0.150000    0.000000    0.000000   clock sys_clk (rise edge)
                                  0.000000    0.000000   clock network delay (ideal)
                      0.150000    0.000000    0.000000 ^ _1977_/CLK (gf180mcu_fd_sc_mcu7t5v0__dffrnq_1)
     3    0.014805    0.351304    1.399555    1.399555 v _1977_/Q (gf180mcu_fd_sc_mcu7t5v0__dffrnq_1)
                                                         s_uart_bits[1] (net)
                      0.351304    0.000000    1.399555 v _1603_/I0 (gf180mcu_fd_sc_mcu7t5v0__mux2_2)
     1    0.003014    0.200423    0.658568    2.058123 v _1603_/Z (gf180mcu_fd_sc_mcu7t5v0__mux2_2)
                                                         _0165_ (net)
                      0.200423    0.000000    2.058123 v _1977_/D (gf180mcu_fd_sc_mcu7t5v0__dffrnq_1)
                                              2.058123   data arrival time

                      0.150000    0.000000    0.000000   clock sys_clk (rise edge)
                                  0.000000    0.000000   clock network delay (ideal)
                                  0.250000    0.250000   clock uncertainty
                                  0.000000    0.250000   clock reconvergence pessimism
                                              0.250000 ^ _1977_/CLK (gf180mcu_fd_sc_mcu7t5v0__dffrnq_1)
                                  0.214262    0.464262   library hold time
                                              0.464262   data required time
---------------------------------------------------------------------------------------------
                                              0.464262   data required time
                                             -2.058123   data arrival time
---------------------------------------------------------------------------------------------
                                              1.593862   slack (MET)


Startpoint: _1976_ (rising edge-triggered flip-flop clocked by sys_clk)
Endpoint: _1976_ (rising edge-triggered flip-flop clocked by sys_clk)
Path Group: sys_clk
Path Type: min

Fanout         Cap        Slew       Delay        Time   Description
---------------------------------------------------------------------------------------------
                      0.150000    0.000000    0.000000   clock sys_clk (rise edge)
                                  0.000000    0.000000   clock network delay (ideal)
                      0.150000    0.000000    0.000000 ^ _1976_/CLK (gf180mcu_fd_sc_mcu7t5v0__dffrnq_1)
     3    0.014805    0.351304    1.399555    1.399555 v _1976_/Q (gf180mcu_fd_sc_mcu7t5v0__dffrnq_1)
                                                         s_uart_bits[0] (net)
                      0.351304    0.000000    1.399555 v _1602_/I0 (gf180mcu_fd_sc_mcu7t5v0__mux2_2)
     1    0.003014    0.200437    0.658568    2.058123 v _1602_/Z (gf180mcu_fd_sc_mcu7t5v0__mux2_2)
                                                         _0164_ (net)
                      0.200437    0.000000    2.058123 v _1976_/D (gf180mcu_fd_sc_mcu7t5v0__dffrnq_1)
                                              2.058123   data arrival time

                      0.150000    0.000000    0.000000   clock sys_clk (rise edge)
                                  0.000000    0.000000   clock network delay (ideal)
                                  0.250000    0.250000   clock uncertainty
                                  0.000000    0.250000   clock reconvergence pessimism
                                              0.250000 ^ _1976_/CLK (gf180mcu_fd_sc_mcu7t5v0__dffrnq_1)
                                  0.214258    0.464258   library hold time
                                              0.464258   data required time
---------------------------------------------------------------------------------------------
                                              0.464258   data required time
                                             -2.058123   data arrival time
---------------------------------------------------------------------------------------------
                                              1.593865   slack (MET)


Startpoint: _1959_ (rising edge-triggered flip-flop clocked by sys_clk)
Endpoint: _1959_ (rising edge-triggered flip-flop clocked by sys_clk)
Path Group: sys_clk
Path Type: min

Fanout         Cap        Slew       Delay        Time   Description
---------------------------------------------------------------------------------------------
                      0.150000    0.000000    0.000000   clock sys_clk (rise edge)
                                  0.000000    0.000000   clock network delay (ideal)
                      0.150000    0.000000    0.000000 ^ _1959_/CLK (gf180mcu_fd_sc_mcu7t5v0__dffrnq_1)
     3    0.014805    0.351304    1.399555    1.399555 v _1959_/Q (gf180mcu_fd_sc_mcu7t5v0__dffrnq_1)
                                                         s_uart_parity_en (net)
                      0.351304    0.000000    1.399555 v _1585_/I0 (gf180mcu_fd_sc_mcu7t5v0__mux2_2)
     1    0.003014    0.201552    0.658568    2.058123 v _1585_/Z (gf180mcu_fd_sc_mcu7t5v0__mux2_2)
                                                         _0147_ (net)
                      0.201552    0.000000    2.058123 v _1959_/D (gf180mcu_fd_sc_mcu7t5v0__dffrnq_1)
                                              2.058123   data arrival time

                      0.150000    0.000000    0.000000   clock sys_clk (rise edge)
                                  0.000000    0.000000   clock network delay (ideal)
                                  0.250000    0.250000   clock uncertainty
                                  0.000000    0.250000   clock reconvergence pessimism
                                              0.250000 ^ _1959_/CLK (gf180mcu_fd_sc_mcu7t5v0__dffrnq_1)
                                  0.213961    0.463961   library hold time
                                              0.463961   data required time
---------------------------------------------------------------------------------------------
                                              0.463961   data required time
                                             -2.058123   data arrival time
---------------------------------------------------------------------------------------------
                                              1.594162   slack (MET)


Startpoint: _2145_ (rising edge-triggered flip-flop clocked by periph_clk)
Endpoint: _2145_ (rising edge-triggered flip-flop clocked by periph_clk)
Path Group: periph_clk
Path Type: min

Fanout         Cap        Slew       Delay        Time   Description
---------------------------------------------------------------------------------------------
                      0.150000    0.000000    0.000000   clock periph_clk (rise edge)
                                  0.000000    0.000000   clock network delay (ideal)
                      0.150000    0.000000    0.000000 ^ _2145_/CLK (gf180mcu_fd_sc_mcu7t5v0__dffrnq_1)
     3    0.014523    0.347174    1.396338    1.396338 v _2145_/Q (gf180mcu_fd_sc_mcu7t5v0__dffrnq_1)
                                                         u_uart_tx.baud_cnt[15] (net)
                      0.347174    0.000000    1.396338 v _1245_/B (gf180mcu_fd_sc_mcu7t5v0__aoi21_1)
     1    0.004029    0.421119    0.363158    1.759496 ^ _1245_/ZN (gf180mcu_fd_sc_mcu7t5v0__aoi21_1)
                                                         _0373_ (net)
                      0.421119    0.000000    1.759496 ^ _1247_/A2 (gf180mcu_fd_sc_mcu7t5v0__nor3_1)
     1    0.003014    0.299445    0.280097    2.039593 v _1247_/ZN (gf180mcu_fd_sc_mcu7t5v0__nor3_1)
                                                         _0033_ (net)
                      0.299445    0.000000    2.039593 v _2145_/D (gf180mcu_fd_sc_mcu7t5v0__dffrnq_1)
                                              2.039593   data arrival time

                      0.150000    0.000000    0.000000   clock periph_clk (rise edge)
                                  0.000000    0.000000   clock network delay (ideal)
                                  0.250000    0.250000   clock uncertainty
                                  0.000000    0.250000   clock reconvergence pessimism
                                              0.250000 ^ _2145_/CLK (gf180mcu_fd_sc_mcu7t5v0__dffrnq_1)
                                  0.190480    0.440480   library hold time
                                              0.440480   data required time
---------------------------------------------------------------------------------------------
                                              0.440480   data required time
                                             -2.039593   data arrival time
---------------------------------------------------------------------------------------------
                                              1.599113   slack (MET)


Startpoint: _2137_ (rising edge-triggered flip-flop clocked by periph_clk)
Endpoint: _2137_ (rising edge-triggered flip-flop clocked by periph_clk)
Path Group: periph_clk
Path Type: min

Fanout         Cap        Slew       Delay        Time   Description
---------------------------------------------------------------------------------------------
                      0.150000    0.000000    0.000000   clock periph_clk (rise edge)
                                  0.000000    0.000000   clock network delay (ideal)
                      0.150000    0.000000    0.000000 ^ _2137_/CLK (gf180mcu_fd_sc_mcu7t5v0__dffrnq_1)
     3    0.014554    0.347628    1.396691    1.396691 v _2137_/Q (gf180mcu_fd_sc_mcu7t5v0__dffrnq_1)
                                                         u_uart_tx.baud_cnt[7] (net)
                      0.347628    0.000000    1.396691 v _1216_/B (gf180mcu_fd_sc_mcu7t5v0__aoi21_1)
     1    0.004029    0.421174    0.363253    1.759944 ^ _1216_/ZN (gf180mcu_fd_sc_mcu7t5v0__aoi21_1)
                                                         _0352_ (net)
                      0.421174    0.000000    1.759944 ^ _1220_/A2 (gf180mcu_fd_sc_mcu7t5v0__nor3_1)
     1    0.003014    0.299457    0.280108    2.040052 v _1220_/ZN (gf180mcu_fd_sc_mcu7t5v0__nor3_1)
                                                         _0040_ (net)
                      0.299457    0.000000    2.040052 v _2137_/D (gf180mcu_fd_sc_mcu7t5v0__dffrnq_1)
                                              2.040052   data arrival time

                      0.150000    0.000000    0.000000   clock periph_clk (rise edge)
                                  0.000000    0.000000   clock network delay (ideal)
                                  0.250000    0.250000   clock uncertainty
                                  0.000000    0.250000   clock reconvergence pessimism
                                              0.250000 ^ _2137_/CLK (gf180mcu_fd_sc_mcu7t5v0__dffrnq_1)
                                  0.190478    0.440477   library hold time
                                              0.440477   data required time
---------------------------------------------------------------------------------------------
                                              0.440477   data required time
                                             -2.040052   data arrival time
---------------------------------------------------------------------------------------------
                                              1.599575   slack (MET)


Startpoint: _2157_ (rising edge-triggered flip-flop clocked by periph_clk)
Endpoint: _2158_ (rising edge-triggered flip-flop clocked by periph_clk)
Path Group: periph_clk
Path Type: min

Fanout         Cap        Slew       Delay        Time   Description
---------------------------------------------------------------------------------------------
                      0.150000    0.000000    0.000000   clock periph_clk (rise edge)
                                  0.000000    0.000000   clock network delay (ideal)
                      0.150000    0.000000    0.000000 ^ _2157_/CLK (gf180mcu_fd_sc_mcu7t5v0__dffsnq_1)
     1    0.002758    0.222896    1.371622    1.371622 ^ _2157_/Q (gf180mcu_fd_sc_mcu7t5v0__dffsnq_1)
                                                         u_uart_rx.reg_rx_sync[0] (net)
                      0.222896    0.000000    1.371622 ^ _1249_/A2 (gf180mcu_fd_sc_mcu7t5v0__or2_1)
     1    0.002637    0.196871    0.404654    1.776276 ^ _1249_/Z (gf180mcu_fd_sc_mcu7t5v0__or2_1)
                                                         _0025_ (net)
                      0.196871    0.000000    1.776276 ^ _2158_/D (gf180mcu_fd_sc_mcu7t5v0__dffsnq_1)
                                              1.776276   data arrival time

                      0.150000    0.000000    0.000000   clock periph_clk (rise edge)
                                  0.000000    0.000000   clock network delay (ideal)
                                  0.250000    0.250000   clock uncertainty
                                  0.000000    0.250000   clock reconvergence pessimism
                                              0.250000 ^ _2158_/CLK (gf180mcu_fd_sc_mcu7t5v0__dffsnq_1)
                                 -0.077283    0.172717   library hold time
                                              0.172717   data required time
---------------------------------------------------------------------------------------------
                                              0.172717   data required time
                                             -1.776276   data arrival time
---------------------------------------------------------------------------------------------
                                              1.603559   slack (MET)


Startpoint: _2105_ (rising edge-triggered flip-flop clocked by periph_clk)
Endpoint: _2054_ (rising edge-triggered flip-flop clocked by periph_clk)
Path Group: periph_clk
Path Type: min

Fanout         Cap        Slew       Delay        Time   Description
---------------------------------------------------------------------------------------------
                      0.150000    0.000000    0.000000   clock periph_clk (rise edge)
                                  0.000000    0.000000   clock network delay (ideal)
                      0.150000    0.000000    0.000000 ^ _2105_/CLK (gf180mcu_fd_sc_mcu7t5v0__dffrnq_1)
     4    0.018721    0.408649    1.444224    1.444224 v _2105_/Q (gf180mcu_fd_sc_mcu7t5v0__dffrnq_1)
                                                         r_uart_en_rx_sync[2] (net)
                      0.408649    0.000000    1.444224 v _1701_/B (gf180mcu_fd_sc_mcu7t5v0__oai21_1)
     1    0.004067    0.406031    0.368800    1.813024 ^ _1701_/ZN (gf180mcu_fd_sc_mcu7t5v0__oai21_1)
                                                         _0586_ (net)
                      0.406031    0.000000    1.813024 ^ _1702_/B (gf180mcu_fd_sc_mcu7t5v0__aoi21_1)
     1    0.003014    0.237857    0.275320    2.088344 v _1702_/ZN (gf180mcu_fd_sc_mcu7t5v0__aoi21_1)
                                                         _0242_ (net)
                      0.237857    0.000000    2.088344 v _2054_/D (gf180mcu_fd_sc_mcu7t5v0__dffrnq_1)
                                              2.088344   data arrival time

                      0.150000    0.000000    0.000000   clock periph_clk (rise edge)
                                  0.000000    0.000000   clock network delay (ideal)
                                  0.250000    0.250000   clock uncertainty
                                  0.000000    0.250000   clock reconvergence pessimism
                                              0.250000 ^ _2054_/CLK (gf180mcu_fd_sc_mcu7t5v0__dffrnq_1)
                                  0.204324    0.454324   library hold time
                                              0.454324   data required time
---------------------------------------------------------------------------------------------
                                              0.454324   data required time
                                             -2.088344   data arrival time
---------------------------------------------------------------------------------------------
                                              1.634019   slack (MET)


Startpoint: _2105_ (rising edge-triggered flip-flop clocked by periph_clk)
Endpoint: _2055_ (rising edge-triggered flip-flop clocked by periph_clk)
Path Group: periph_clk
Path Type: min

Fanout         Cap        Slew       Delay        Time   Description
---------------------------------------------------------------------------------------------
                      0.150000    0.000000    0.000000   clock periph_clk (rise edge)
                                  0.000000    0.000000   clock network delay (ideal)
                      0.150000    0.000000    0.000000 ^ _2105_/CLK (gf180mcu_fd_sc_mcu7t5v0__dffrnq_1)
     4    0.018721    0.408649    1.444224    1.444224 v _2105_/Q (gf180mcu_fd_sc_mcu7t5v0__dffrnq_1)
                                                         r_uart_en_rx_sync[2] (net)
                      0.408649    0.000000    1.444224 v _1704_/B (gf180mcu_fd_sc_mcu7t5v0__oai21_1)
     1    0.004067    0.406031    0.368800    1.813024 ^ _1704_/ZN (gf180mcu_fd_sc_mcu7t5v0__oai21_1)
                                                         _0588_ (net)
                      0.406031    0.000000    1.813024 ^ _1705_/B (gf180mcu_fd_sc_mcu7t5v0__aoi21_1)
     1    0.003014    0.257447    0.275320    2.088344 v _1705_/ZN (gf180mcu_fd_sc_mcu7t5v0__aoi21_1)
                                                         _0243_ (net)
                      0.257447    0.000000    2.088344 v _2055_/D (gf180mcu_fd_sc_mcu7t5v0__dffrnq_1)
                                              2.088344   data arrival time

                      0.150000    0.000000    0.000000   clock periph_clk (rise edge)
                                  0.000000    0.000000   clock network delay (ideal)
                                  0.250000    0.250000   clock uncertainty
                                  0.000000    0.250000   clock reconvergence pessimism
                                              0.250000 ^ _2055_/CLK (gf180mcu_fd_sc_mcu7t5v0__dffrnq_1)
                                  0.199921    0.449921   library hold time
                                              0.449921   data required time
---------------------------------------------------------------------------------------------
                                              0.449921   data required time
                                             -2.088344   data arrival time
---------------------------------------------------------------------------------------------
                                              1.638423   slack (MET)


Startpoint: _2155_ (rising edge-triggered flip-flop clocked by periph_clk)
Endpoint: _2156_ (rising edge-triggered flip-flop clocked by periph_clk)
Path Group: periph_clk
Path Type: min

Fanout         Cap        Slew       Delay        Time   Description
---------------------------------------------------------------------------------------------
                      0.150000    0.000000    0.000000   clock periph_clk (rise edge)
                                  0.000000    0.000000   clock network delay (ideal)
                      0.150000    0.000000    0.000000 ^ _2155_/CLK (gf180mcu_fd_sc_mcu7t5v0__dffrnq_1)
     3    0.012685    0.320259    1.375372    1.375372 v _2155_/Q (gf180mcu_fd_sc_mcu7t5v0__dffrnq_1)
                                                         u_dc_fifo_rx.u_din.full.full_synch.d_out[0] (net)
                      0.320259    0.000000    1.375372 v _1049_/A1 (gf180mcu_fd_sc_mcu7t5v0__or2_1)
     1    0.003014    0.267433    0.713175    2.088547 v _1049_/Z (gf180mcu_fd_sc_mcu7t5v0__or2_1)
                                                         _0000_ (net)
                      0.267433    0.000000    2.088547 v _2156_/D (gf180mcu_fd_sc_mcu7t5v0__dffrnq_1)
                                              2.088547   data arrival time

                      0.150000    0.000000    0.000000   clock periph_clk (rise edge)
                                  0.000000    0.000000   clock network delay (ideal)
                                  0.250000    0.250000   clock uncertainty
                                  0.000000    0.250000   clock reconvergence pessimism
                                              0.250000 ^ _2156_/CLK (gf180mcu_fd_sc_mcu7t5v0__dffrnq_1)
                                  0.197676    0.447676   library hold time
                                              0.447676   data required time
---------------------------------------------------------------------------------------------
                                              0.447676   data required time
                                             -2.088547   data arrival time
---------------------------------------------------------------------------------------------
                                              1.640871   slack (MET)


Startpoint: _2105_ (rising edge-triggered flip-flop clocked by periph_clk)
Endpoint: _2053_ (rising edge-triggered flip-flop clocked by periph_clk)
Path Group: periph_clk
Path Type: min

Fanout         Cap        Slew       Delay        Time   Description
---------------------------------------------------------------------------------------------
                      0.150000    0.000000    0.000000   clock periph_clk (rise edge)
                                  0.000000    0.000000   clock network delay (ideal)
                      0.150000    0.000000    0.000000 ^ _2105_/CLK (gf180mcu_fd_sc_mcu7t5v0__dffrnq_1)
     4    0.018721    0.408649    1.444224    1.444224 v _2105_/Q (gf180mcu_fd_sc_mcu7t5v0__dffrnq_1)
                                                         r_uart_en_rx_sync[2] (net)
                      0.408649    0.000000    1.444224 v _0951_/I (gf180mcu_fd_sc_mcu7t5v0__clkinv_1)
     4    0.015074    0.520244    0.410754    1.854978 ^ _0951_/ZN (gf180mcu_fd_sc_mcu7t5v0__clkinv_1)
                                                         _0742_ (net)
                      0.520244    0.000000    1.854978 ^ _1699_/A2 (gf180mcu_fd_sc_mcu7t5v0__nor2_1)
     1    0.003014    0.220075    0.246123    2.101101 v _1699_/ZN (gf180mcu_fd_sc_mcu7t5v0__nor2_1)
                                                         _0241_ (net)
                      0.220075    0.000000    2.101101 v _2053_/D (gf180mcu_fd_sc_mcu7t5v0__dffrnq_1)
                                              2.101101   data arrival time

                      0.150000    0.000000    0.000000   clock periph_clk (rise edge)
                                  0.000000    0.000000   clock network delay (ideal)
                                  0.250000    0.250000   clock uncertainty
                                  0.000000    0.250000   clock reconvergence pessimism
                                              0.250000 ^ _2053_/CLK (gf180mcu_fd_sc_mcu7t5v0__dffrnq_1)
                                  0.209032    0.459032   library hold time
                                              0.459032   data required time
---------------------------------------------------------------------------------------------
                                              0.459032   data required time
                                             -2.101101   data arrival time
---------------------------------------------------------------------------------------------
                                              1.642068   slack (MET)


Startpoint: _2084_ (rising edge-triggered flip-flop clocked by periph_clk)
Endpoint: _2069_ (rising edge-triggered flip-flop clocked by periph_clk)
Path Group: periph_clk
Path Type: min

Fanout         Cap        Slew       Delay        Time   Description
---------------------------------------------------------------------------------------------
                      0.150000    0.000000    0.000000   clock periph_clk (rise edge)
                                  0.000000    0.000000   clock network delay (ideal)
                      0.150000    0.000000    0.000000 ^ _2084_/CLK (gf180mcu_fd_sc_mcu7t5v0__dffrnq_1)
     5    0.023482    0.479746    1.494066    1.494066 v _2084_/Q (gf180mcu_fd_sc_mcu7t5v0__dffrnq_1)
                                                         r_uart_parity_en (net)
                      0.479746    0.000000    1.494066 v _1751_/A1 (gf180mcu_fd_sc_mcu7t5v0__aoi22_1)
     1    0.004567    0.397336    0.356467    1.850533 ^ _1751_/ZN (gf180mcu_fd_sc_mcu7t5v0__aoi22_1)
                                                         _0621_ (net)
                      0.397336    0.000000    1.850533 ^ _1753_/A2 (gf180mcu_fd_sc_mcu7t5v0__aoi211_1)
     1    0.003014    0.279018    0.239750    2.090283 v _1753_/ZN (gf180mcu_fd_sc_mcu7t5v0__aoi211_1)
                                                         _0257_ (net)
                      0.279018    0.000000    2.090283 v _2069_/D (gf180mcu_fd_sc_mcu7t5v0__dffrnq_1)
                                              2.090283   data arrival time

                      0.150000    0.000000    0.000000   clock periph_clk (rise edge)
                                  0.000000    0.000000   clock network delay (ideal)
                                  0.250000    0.250000   clock uncertainty
                                  0.000000    0.250000   clock reconvergence pessimism
                                              0.250000 ^ _2069_/CLK (gf180mcu_fd_sc_mcu7t5v0__dffrnq_1)
                                  0.195072    0.445072   library hold time
                                              0.445072   data required time
---------------------------------------------------------------------------------------------
                                              0.445072   data required time
                                             -2.090283   data arrival time
---------------------------------------------------------------------------------------------
                                              1.645211   slack (MET)


Startpoint: _1938_ (rising edge-triggered flip-flop clocked by sys_clk)
Endpoint: _1938_ (rising edge-triggered flip-flop clocked by sys_clk)
Path Group: sys_clk
Path Type: min

Fanout         Cap        Slew       Delay        Time   Description
---------------------------------------------------------------------------------------------
                      0.150000    0.000000    0.000000   clock sys_clk (rise edge)
                                  0.000000    0.000000   clock network delay (ideal)
                      0.150000    0.000000    0.000000 ^ _1938_/CLK (gf180mcu_fd_sc_mcu7t5v0__dffrnq_1)
     3    0.016232    0.618431    1.877982    1.877982 ^ _1938_/Q (gf180mcu_fd_sc_mcu7t5v0__dffrnq_1)
                                                         u_fifo.i_fifo.pointer_in[0] (net)
                      0.618431    0.000000    1.877982 ^ _1559_/A1 (gf180mcu_fd_sc_mcu7t5v0__xor2_1)
     1    0.003014    0.260493    0.226343    2.104326 v _1559_/Z (gf180mcu_fd_sc_mcu7t5v0__xor2_1)
                                                         _0126_ (net)
                      0.260493    0.000000    2.104326 v _1938_/D (gf180mcu_fd_sc_mcu7t5v0__dffrnq_1)
                                              2.104326   data arrival time

                      0.150000    0.000000    0.000000   clock sys_clk (rise edge)
                                  0.000000    0.000000   clock network delay (ideal)
                                  0.250000    0.250000   clock uncertainty
                                  0.000000    0.250000   clock reconvergence pessimism
                                              0.250000 ^ _1938_/CLK (gf180mcu_fd_sc_mcu7t5v0__dffrnq_1)
                                  0.199236    0.449236   library hold time
                                              0.449236   data required time
---------------------------------------------------------------------------------------------
                                              0.449236   data required time
                                             -2.104326   data arrival time
---------------------------------------------------------------------------------------------
                                              1.655089   slack (MET)


Startpoint: _2052_ (rising edge-triggered flip-flop clocked by periph_clk)
Endpoint: _2052_ (rising edge-triggered flip-flop clocked by periph_clk)
Path Group: periph_clk
Path Type: min

Fanout         Cap        Slew       Delay        Time   Description
---------------------------------------------------------------------------------------------
                      0.150000    0.000000    0.000000   clock periph_clk (rise edge)
                                  0.000000    0.000000   clock network delay (ideal)
                      0.150000    0.000000    0.000000 ^ _2052_/CLK (gf180mcu_fd_sc_mcu7t5v0__dffrnq_1)
     5    0.021860    0.455366    1.477598    1.477598 v _2052_/Q (gf180mcu_fd_sc_mcu7t5v0__dffrnq_1)
                                                         u_uart_rx.r_error_parity (net)
                      0.455366    0.000000    1.477598 v _1689_/B (gf180mcu_fd_sc_mcu7t5v0__aoi21_1)
     1    0.004329    0.444842    0.393231    1.870829 ^ _1689_/ZN (gf180mcu_fd_sc_mcu7t5v0__aoi21_1)
                                                         _0576_ (net)
                      0.444842    0.000000    1.870829 ^ _1690_/A2 (gf180mcu_fd_sc_mcu7t5v0__nor2_1)
     1    0.003014    0.261211    0.234260    2.105089 v _1690_/ZN (gf180mcu_fd_sc_mcu7t5v0__nor2_1)
                                                         _0240_ (net)
                      0.261211    0.000000    2.105089 v _2052_/D (gf180mcu_fd_sc_mcu7t5v0__dffrnq_1)
                                              2.105089   data arrival time

                      0.150000    0.000000    0.000000   clock periph_clk (rise edge)
                                  0.000000    0.000000   clock network delay (ideal)
                                  0.250000    0.250000   clock uncertainty
                                  0.000000    0.250000   clock reconvergence pessimism
                                              0.250000 ^ _2052_/CLK (gf180mcu_fd_sc_mcu7t5v0__dffrnq_1)
                                  0.199074    0.449075   library hold time
                                              0.449075   data required time
---------------------------------------------------------------------------------------------
                                              0.449075   data required time
                                             -2.105089   data arrival time
---------------------------------------------------------------------------------------------
                                              1.656014   slack (MET)


Startpoint: _2064_ (rising edge-triggered flip-flop clocked by periph_clk)
Endpoint: _2064_ (rising edge-triggered flip-flop clocked by periph_clk)
Path Group: periph_clk
Path Type: min

Fanout         Cap        Slew       Delay        Time   Description
---------------------------------------------------------------------------------------------
                      0.150000    0.000000    0.000000   clock periph_clk (rise edge)
                                  0.000000    0.000000   clock network delay (ideal)
                      0.150000    0.000000    0.000000 ^ _2064_/CLK (gf180mcu_fd_sc_mcu7t5v0__dffrnq_1)
     4    0.024654    0.497362    1.505966    1.505966 v _2064_/Q (gf180mcu_fd_sc_mcu7t5v0__dffrnq_1)
                                                         u_uart_rx.reg_bit_count[0] (net)
                      0.497362    0.000000    1.505966 v _1726_/S (gf180mcu_fd_sc_mcu7t5v0__mux2_2)
     1    0.003014    0.196117    0.619179    2.125145 v _1726_/Z (gf180mcu_fd_sc_mcu7t5v0__mux2_2)
                                                         _0252_ (net)
                      0.196117    0.000000    2.125145 v _2064_/D (gf180mcu_fd_sc_mcu7t5v0__dffrnq_1)
                                              2.125145   data arrival time

                      0.150000    0.000000    0.000000   clock periph_clk (rise edge)
                                  0.000000    0.000000   clock network delay (ideal)
                                  0.250000    0.250000   clock uncertainty
                                  0.000000    0.250000   clock reconvergence pessimism
                                              0.250000 ^ _2064_/CLK (gf180mcu_fd_sc_mcu7t5v0__dffrnq_1)
                                  0.215407    0.465407   library hold time
                                              0.465407   data required time
---------------------------------------------------------------------------------------------
                                              0.465407   data required time
                                             -2.125145   data arrival time
---------------------------------------------------------------------------------------------
                                              1.659738   slack (MET)


Startpoint: _2172_ (rising edge-triggered flip-flop clocked by periph_clk)
Endpoint: _2172_ (rising edge-triggered flip-flop clocked by periph_clk)
Path Group: periph_clk
Path Type: min

Fanout         Cap        Slew       Delay        Time   Description
---------------------------------------------------------------------------------------------
                      0.150000    0.000000    0.000000   clock periph_clk (rise edge)
                                  0.000000    0.000000   clock network delay (ideal)
                      0.150000    0.000000    0.000000 ^ _2172_/CLK (gf180mcu_fd_sc_mcu7t5v0__dffrnq_1)
     6    0.023631    0.481986    1.495579    1.495579 v _2172_/Q (gf180mcu_fd_sc_mcu7t5v0__dffrnq_1)
                                                         u_uart_rx.baud_cnt[11] (net)
                      0.481986    0.000000    1.495579 v _1287_/B (gf180mcu_fd_sc_mcu7t5v0__aoi21_1)
     1    0.004329    0.447918    0.398818    1.894397 ^ _1287_/ZN (gf180mcu_fd_sc_mcu7t5v0__aoi21_1)
                                                         _0400_ (net)
                      0.447918    0.000000    1.894397 ^ _1291_/A2 (gf180mcu_fd_sc_mcu7t5v0__nor2_1)
     1    0.003014    0.226102    0.234744    2.129141 v _1291_/ZN (gf180mcu_fd_sc_mcu7t5v0__nor2_1)
                                                         _0009_ (net)
                      0.226102    0.000000    2.129141 v _2172_/D (gf180mcu_fd_sc_mcu7t5v0__dffrnq_1)
                                              2.129141   data arrival time

                      0.150000    0.000000    0.000000   clock periph_clk (rise edge)
                                  0.000000    0.000000   clock network delay (ideal)
                                  0.250000    0.250000   clock uncertainty
                                  0.000000    0.250000   clock reconvergence pessimism
                                              0.250000 ^ _2172_/CLK (gf180mcu_fd_sc_mcu7t5v0__dffrnq_1)
                                  0.207429    0.457429   library hold time
                                              0.457429   data required time
---------------------------------------------------------------------------------------------
                                              0.457429   data required time
                                             -2.129141   data arrival time
---------------------------------------------------------------------------------------------
                                              1.671712   slack (MET)


Startpoint: _2141_ (rising edge-triggered flip-flop clocked by periph_clk)
Endpoint: _2141_ (rising edge-triggered flip-flop clocked by periph_clk)
Path Group: periph_clk
Path Type: min

Fanout         Cap        Slew       Delay        Time   Description
---------------------------------------------------------------------------------------------
                      0.150000    0.000000    0.000000   clock periph_clk (rise edge)
                                  0.000000    0.000000   clock network delay (ideal)
                      0.150000    0.000000    0.000000 ^ _2141_/CLK (gf180mcu_fd_sc_mcu7t5v0__dffrnq_1)
     4    0.019446    0.419265    1.452494    1.452494 v _2141_/Q (gf180mcu_fd_sc_mcu7t5v0__dffrnq_1)
                                                         u_uart_tx.baud_cnt[11] (net)
                      0.419265    0.000000    1.452494 v _1231_/B (gf180mcu_fd_sc_mcu7t5v0__aoi21_1)
     1    0.004029    0.429884    0.378151    1.830645 ^ _1231_/ZN (gf180mcu_fd_sc_mcu7t5v0__aoi21_1)
                                                         _0363_ (net)
                      0.429884    0.000000    1.830645 ^ _1234_/A2 (gf180mcu_fd_sc_mcu7t5v0__nor3_1)
     1    0.003014    0.301399    0.281769    2.112413 v _1234_/ZN (gf180mcu_fd_sc_mcu7t5v0__nor3_1)
                                                         _0029_ (net)
                      0.301399    0.000000    2.112413 v _2141_/D (gf180mcu_fd_sc_mcu7t5v0__dffrnq_1)
                                              2.112413   data arrival time

                      0.150000    0.000000    0.000000   clock periph_clk (rise edge)
                                  0.000000    0.000000   clock network delay (ideal)
                                  0.250000    0.250000   clock uncertainty
                                  0.000000    0.250000   clock reconvergence pessimism
                                              0.250000 ^ _2141_/CLK (gf180mcu_fd_sc_mcu7t5v0__dffrnq_1)
                                  0.190041    0.440041   library hold time
                                              0.440041   data required time
---------------------------------------------------------------------------------------------
                                              0.440041   data required time
                                             -2.112413   data arrival time
---------------------------------------------------------------------------------------------
                                              1.672372   slack (MET)


Startpoint: _2143_ (rising edge-triggered flip-flop clocked by periph_clk)
Endpoint: _2143_ (rising edge-triggered flip-flop clocked by periph_clk)
Path Group: periph_clk
Path Type: min

Fanout         Cap        Slew       Delay        Time   Description
---------------------------------------------------------------------------------------------
                      0.150000    0.000000    0.000000   clock periph_clk (rise edge)
                                  0.000000    0.000000   clock network delay (ideal)
                      0.150000    0.000000    0.000000 ^ _2143_/CLK (gf180mcu_fd_sc_mcu7t5v0__dffrnq_1)
     4    0.019446    0.419265    1.452494    1.452494 v _2143_/Q (gf180mcu_fd_sc_mcu7t5v0__dffrnq_1)
                                                         u_uart_tx.baud_cnt[13] (net)
                      0.419265    0.000000    1.452494 v _1238_/B (gf180mcu_fd_sc_mcu7t5v0__aoi21_1)
     1    0.004029    0.429884    0.378151    1.830645 ^ _1238_/ZN (gf180mcu_fd_sc_mcu7t5v0__aoi21_1)
                                                         _0368_ (net)
                      0.429884    0.000000    1.830645 ^ _1241_/A2 (gf180mcu_fd_sc_mcu7t5v0__nor3_1)
     1    0.003014    0.301399    0.281769    2.112413 v _1241_/ZN (gf180mcu_fd_sc_mcu7t5v0__nor3_1)
                                                         _0031_ (net)
                      0.301399    0.000000    2.112413 v _2143_/D (gf180mcu_fd_sc_mcu7t5v0__dffrnq_1)
                                              2.112413   data arrival time

                      0.150000    0.000000    0.000000   clock periph_clk (rise edge)
                                  0.000000    0.000000   clock network delay (ideal)
                                  0.250000    0.250000   clock uncertainty
                                  0.000000    0.250000   clock reconvergence pessimism
                                              0.250000 ^ _2143_/CLK (gf180mcu_fd_sc_mcu7t5v0__dffrnq_1)
                                  0.190041    0.440041   library hold time
                                              0.440041   data required time
---------------------------------------------------------------------------------------------
                                              0.440041   data required time
                                             -2.112413   data arrival time
---------------------------------------------------------------------------------------------
                                              1.672372   slack (MET)


Startpoint: _2040_ (rising edge-triggered flip-flop clocked by sys_clk)
Endpoint: _2040_ (rising edge-triggered flip-flop clocked by sys_clk)
Path Group: sys_clk
Path Type: min

Fanout         Cap        Slew       Delay        Time   Description
---------------------------------------------------------------------------------------------
                      0.150000    0.000000    0.000000   clock sys_clk (rise edge)
                                  0.000000    0.000000   clock network delay (ideal)
                      0.150000    0.000000    0.000000 ^ _2040_/CLK (gf180mcu_fd_sc_mcu7t5v0__dffrnq_1)
     5    0.020765    0.438908    1.466480    1.466480 v _2040_/Q (gf180mcu_fd_sc_mcu7t5v0__dffrnq_1)
                                                         s_uart_rx_polling_en (net)
                      0.438908    0.000000    1.466480 v _1672_/I0 (gf180mcu_fd_sc_mcu7t5v0__mux2_2)
     1    0.003014    0.200440    0.674396    2.140877 v _1672_/Z (gf180mcu_fd_sc_mcu7t5v0__mux2_2)
                                                         _0228_ (net)
                      0.200440    0.000000    2.140877 v _2040_/D (gf180mcu_fd_sc_mcu7t5v0__dffrnq_1)
                                              2.140877   data arrival time

                      0.150000    0.000000    0.000000   clock sys_clk (rise edge)
                                  0.000000    0.000000   clock network delay (ideal)
                                  0.250000    0.250000   clock uncertainty
                                  0.000000    0.250000   clock reconvergence pessimism
                                              0.250000 ^ _2040_/CLK (gf180mcu_fd_sc_mcu7t5v0__dffrnq_1)
                                  0.214257    0.464257   library hold time
                                              0.464257   data required time
---------------------------------------------------------------------------------------------
                                              0.464257   data required time
                                             -2.140877   data arrival time
---------------------------------------------------------------------------------------------
                                              1.676620   slack (MET)


Startpoint: _2042_ (rising edge-triggered flip-flop clocked by sys_clk)
Endpoint: _2042_ (rising edge-triggered flip-flop clocked by sys_clk)
Path Group: sys_clk
Path Type: min

Fanout         Cap        Slew       Delay        Time   Description
---------------------------------------------------------------------------------------------
                      0.150000    0.000000    0.000000   clock sys_clk (rise edge)
                                  0.000000    0.000000   clock network delay (ideal)
                      0.150000    0.000000    0.000000 ^ _2042_/CLK (gf180mcu_fd_sc_mcu7t5v0__dffrnq_1)
     5    0.021226    0.445837    1.471161    1.471161 v _2042_/Q (gf180mcu_fd_sc_mcu7t5v0__dffrnq_1)
                                                         s_uart_rx_irq_en (net)
                      0.445837    0.000000    1.471161 v _1675_/I1 (gf180mcu_fd_sc_mcu7t5v0__mux2_2)
     1    0.003014    0.193524    0.683932    2.155093 v _1675_/Z (gf180mcu_fd_sc_mcu7t5v0__mux2_2)
                                                         _0230_ (net)
                      0.193524    0.000000    2.155093 v _2042_/D (gf180mcu_fd_sc_mcu7t5v0__dffrnq_1)
                                              2.155093   data arrival time

                      0.150000    0.000000    0.000000   clock sys_clk (rise edge)
                                  0.000000    0.000000   clock network delay (ideal)
                                  0.250000    0.250000   clock uncertainty
                                  0.000000    0.250000   clock reconvergence pessimism
                                              0.250000 ^ _2042_/CLK (gf180mcu_fd_sc_mcu7t5v0__dffrnq_1)
                                  0.216097    0.466097   library hold time
                                              0.466097   data required time
---------------------------------------------------------------------------------------------
                                              0.466097   data required time
                                             -2.155093   data arrival time
---------------------------------------------------------------------------------------------
                                              1.688996   slack (MET)


Startpoint: _2085_ (rising edge-triggered flip-flop clocked by periph_clk)
Endpoint: _2085_ (rising edge-triggered flip-flop clocked by periph_clk)
Path Group: periph_clk
Path Type: min

Fanout         Cap        Slew       Delay        Time   Description
---------------------------------------------------------------------------------------------
                      0.150000    0.000000    0.000000   clock periph_clk (rise edge)
                                  0.000000    0.000000   clock network delay (ideal)
                      0.150000    0.000000    0.000000 ^ _2085_/CLK (gf180mcu_fd_sc_mcu7t5v0__dffrnq_1)
     4    0.021928    0.456388    1.478288    1.478288 v _2085_/Q (gf180mcu_fd_sc_mcu7t5v0__dffrnq_1)
                                                         r_uart_div[0] (net)
                      0.456388    0.000000    1.478288 v _1838_/I1 (gf180mcu_fd_sc_mcu7t5v0__mux2_2)
     1    0.003014    0.193174    0.685783    2.164071 v _1838_/Z (gf180mcu_fd_sc_mcu7t5v0__mux2_2)
                                                         _0273_ (net)
                      0.193174    0.000000    2.164071 v _2085_/D (gf180mcu_fd_sc_mcu7t5v0__dffrnq_1)
                                              2.164071   data arrival time

                      0.150000    0.000000    0.000000   clock periph_clk (rise edge)
                                  0.000000    0.000000   clock network delay (ideal)
                                  0.250000    0.250000   clock uncertainty
                                  0.000000    0.250000   clock reconvergence pessimism
                                              0.250000 ^ _2085_/CLK (gf180mcu_fd_sc_mcu7t5v0__dffrnq_1)
                                  0.216190    0.466190   library hold time
                                              0.466190   data required time
---------------------------------------------------------------------------------------------
                                              0.466190   data required time
                                             -2.164071   data arrival time
---------------------------------------------------------------------------------------------
                                              1.697881   slack (MET)


Startpoint: _2139_ (rising edge-triggered flip-flop clocked by periph_clk)
Endpoint: _2139_ (rising edge-triggered flip-flop clocked by periph_clk)
Path Group: periph_clk
Path Type: min

Fanout         Cap        Slew       Delay        Time   Description
---------------------------------------------------------------------------------------------
                      0.150000    0.000000    0.000000   clock periph_clk (rise edge)
                                  0.000000    0.000000   clock network delay (ideal)
                      0.150000    0.000000    0.000000 ^ _2139_/CLK (gf180mcu_fd_sc_mcu7t5v0__dffrnq_1)
     5    0.022518    0.465257    1.484278    1.484278 v _2139_/Q (gf180mcu_fd_sc_mcu7t5v0__dffrnq_1)
                                                         u_uart_tx.baud_cnt[9] (net)
                      0.465257    0.000000    1.484278 v _1224_/B (gf180mcu_fd_sc_mcu7t5v0__aoi21_1)
     1    0.004029    0.435476    0.387716    1.871994 ^ _1224_/ZN (gf180mcu_fd_sc_mcu7t5v0__aoi21_1)
                                                         _0358_ (net)
                      0.435476    0.000000    1.871994 ^ _1227_/A2 (gf180mcu_fd_sc_mcu7t5v0__nor3_1)
     1    0.003014    0.302646    0.282835    2.154830 v _1227_/ZN (gf180mcu_fd_sc_mcu7t5v0__nor3_1)
                                                         _0042_ (net)
                      0.302646    0.000000    2.154830 v _2139_/D (gf180mcu_fd_sc_mcu7t5v0__dffrnq_1)
                                              2.154830   data arrival time

                      0.150000    0.000000    0.000000   clock periph_clk (rise edge)
                                  0.000000    0.000000   clock network delay (ideal)
                                  0.250000    0.250000   clock uncertainty
                                  0.000000    0.250000   clock reconvergence pessimism
                                              0.250000 ^ _2139_/CLK (gf180mcu_fd_sc_mcu7t5v0__dffrnq_1)
                                  0.189761    0.439761   library hold time
                                              0.439761   data required time
---------------------------------------------------------------------------------------------
                                              0.439761   data required time
                                             -2.154830   data arrival time
---------------------------------------------------------------------------------------------
                                              1.715069   slack (MET)


Startpoint: _2144_ (rising edge-triggered flip-flop clocked by periph_clk)
Endpoint: _2144_ (rising edge-triggered flip-flop clocked by periph_clk)
Path Group: periph_clk
Path Type: min

Fanout         Cap        Slew       Delay        Time   Description
---------------------------------------------------------------------------------------------
                      0.150000    0.000000    0.000000   clock periph_clk (rise edge)
                                  0.000000    0.000000   clock network delay (ideal)
                      0.150000    0.000000    0.000000 ^ _2144_/CLK (gf180mcu_fd_sc_mcu7t5v0__dffrnq_1)
     5    0.023086    0.473794    1.490045    1.490045 v _2144_/Q (gf180mcu_fd_sc_mcu7t5v0__dffrnq_1)
                                                         u_uart_tx.baud_cnt[14] (net)
                      0.473794    0.000000    1.490045 v _1242_/A1 (gf180mcu_fd_sc_mcu7t5v0__nor2_1)
     1    0.004029    0.457975    0.378613    1.868658 ^ _1242_/ZN (gf180mcu_fd_sc_mcu7t5v0__nor2_1)
                                                         _0371_ (net)
                      0.457975    0.000000    1.868658 ^ _1244_/A2 (gf180mcu_fd_sc_mcu7t5v0__nor3_1)
     1    0.003014    0.307662    0.287126    2.155785 v _1244_/ZN (gf180mcu_fd_sc_mcu7t5v0__nor3_1)
                                                         _0032_ (net)
                      0.307662    0.000000    2.155785 v _2144_/D (gf180mcu_fd_sc_mcu7t5v0__dffrnq_1)
                                              2.155785   data arrival time

                      0.150000    0.000000    0.000000   clock periph_clk (rise edge)
                                  0.000000    0.000000   clock network delay (ideal)
                                  0.250000    0.250000   clock uncertainty
                                  0.000000    0.250000   clock reconvergence pessimism
                                              0.250000 ^ _2144_/CLK (gf180mcu_fd_sc_mcu7t5v0__dffrnq_1)
                                  0.188633    0.438633   library hold time
                                              0.438633   data required time
---------------------------------------------------------------------------------------------
                                              0.438633   data required time
                                             -2.155785   data arrival time
---------------------------------------------------------------------------------------------
                                              1.717152   slack (MET)


Startpoint: _2079_ (rising edge-triggered flip-flop clocked by periph_clk)
Endpoint: _2079_ (rising edge-triggered flip-flop clocked by periph_clk)
Path Group: periph_clk
Path Type: min

Fanout         Cap        Slew       Delay        Time   Description
---------------------------------------------------------------------------------------------
                      0.150000    0.000000    0.000000   clock periph_clk (rise edge)
                                  0.000000    0.000000   clock network delay (ideal)
                      0.150000    0.000000    0.000000 ^ _2079_/CLK (gf180mcu_fd_sc_mcu7t5v0__dffrnq_1)
     5    0.028652    0.557456    1.546558    1.546558 v _2079_/Q (gf180mcu_fd_sc_mcu7t5v0__dffrnq_1)
                                                         u_uart_tx.reg_bit_count[0] (net)
                      0.557456    0.000000    1.546558 v _1824_/S (gf180mcu_fd_sc_mcu7t5v0__mux2_2)
     1    0.003014    0.195042    0.636789    2.183347 v _1824_/Z (gf180mcu_fd_sc_mcu7t5v0__mux2_2)
                                                         _0267_ (net)
                      0.195042    0.000000    2.183347 v _2079_/D (gf180mcu_fd_sc_mcu7t5v0__dffrnq_1)
                                              2.183347   data arrival time

                      0.150000    0.000000    0.000000   clock periph_clk (rise edge)
                                  0.000000    0.000000   clock network delay (ideal)
                                  0.250000    0.250000   clock uncertainty
                                  0.000000    0.250000   clock reconvergence pessimism
                                              0.250000 ^ _2079_/CLK (gf180mcu_fd_sc_mcu7t5v0__dffrnq_1)
                                  0.215693    0.465693   library hold time
                                              0.465693   data required time
---------------------------------------------------------------------------------------------
                                              0.465693   data required time
                                             -2.183347   data arrival time
---------------------------------------------------------------------------------------------
                                              1.717654   slack (MET)


Startpoint: _2084_ (rising edge-triggered flip-flop clocked by periph_clk)
Endpoint: _2084_ (rising edge-triggered flip-flop clocked by periph_clk)
Path Group: periph_clk
Path Type: min

Fanout         Cap        Slew       Delay        Time   Description
---------------------------------------------------------------------------------------------
                      0.150000    0.000000    0.000000   clock periph_clk (rise edge)
                                  0.000000    0.000000   clock network delay (ideal)
                      0.150000    0.000000    0.000000 ^ _2084_/CLK (gf180mcu_fd_sc_mcu7t5v0__dffrnq_1)
     5    0.023482    0.479746    1.494066    1.494066 v _2084_/Q (gf180mcu_fd_sc_mcu7t5v0__dffrnq_1)
                                                         r_uart_parity_en (net)
                      0.479746    0.000000    1.494066 v _1837_/I1 (gf180mcu_fd_sc_mcu7t5v0__mux2_2)
     1    0.003014    0.193174    0.689880    2.183947 v _1837_/Z (gf180mcu_fd_sc_mcu7t5v0__mux2_2)
                                                         _0272_ (net)
                      0.193174    0.000000    2.183947 v _2084_/D (gf180mcu_fd_sc_mcu7t5v0__dffrnq_1)
                                              2.183947   data arrival time

                      0.150000    0.000000    0.000000   clock periph_clk (rise edge)
                                  0.000000    0.000000   clock network delay (ideal)
                                  0.250000    0.250000   clock uncertainty
                                  0.000000    0.250000   clock reconvergence pessimism
                                              0.250000 ^ _2084_/CLK (gf180mcu_fd_sc_mcu7t5v0__dffrnq_1)
                                  0.216190    0.466190   library hold time
                                              0.466190   data required time
---------------------------------------------------------------------------------------------
                                              0.466190   data required time
                                             -2.183947   data arrival time
---------------------------------------------------------------------------------------------
                                              1.717756   slack (MET)


Startpoint: _1888_ (rising edge-triggered flip-flop clocked by periph_clk)
Endpoint: _1888_ (rising edge-triggered flip-flop clocked by periph_clk)
Path Group: periph_clk
Path Type: min

Fanout         Cap        Slew       Delay        Time   Description
---------------------------------------------------------------------------------------------
                      0.150000    0.000000    0.000000   clock periph_clk (rise edge)
                                  0.000000    0.000000   clock network delay (ideal)
                      0.150000    0.000000    0.000000 ^ _1888_/CLK (gf180mcu_fd_sc_mcu7t5v0__dffrnq_1)
     6    0.024745    0.498730    1.506890    1.506890 v _1888_/Q (gf180mcu_fd_sc_mcu7t5v0__dffrnq_1)
                                                         u_dc_fifo_rx.u_din.write_token[0] (net)
                      0.498730    0.000000    1.506890 v _1442_/I0 (gf180mcu_fd_sc_mcu7t5v0__mux2_2)
     1    0.003014    0.189701    0.685205    2.192095 v _1442_/Z (gf180mcu_fd_sc_mcu7t5v0__mux2_2)
                                                         _0076_ (net)
                      0.189701    0.000000    2.192095 v _1888_/D (gf180mcu_fd_sc_mcu7t5v0__dffrnq_1)
                                              2.192095   data arrival time

                      0.150000    0.000000    0.000000   clock periph_clk (rise edge)
                                  0.000000    0.000000   clock network delay (ideal)
                                  0.250000    0.250000   clock uncertainty
                                  0.000000    0.250000   clock reconvergence pessimism
                                              0.250000 ^ _1888_/CLK (gf180mcu_fd_sc_mcu7t5v0__dffrnq_1)
                                  0.217114    0.467114   library hold time
                                              0.467114   data required time
---------------------------------------------------------------------------------------------
                                              0.467114   data required time
                                             -2.192095   data arrival time
---------------------------------------------------------------------------------------------
                                              1.724980   slack (MET)


Startpoint: _1888_ (rising edge-triggered flip-flop clocked by periph_clk)
Endpoint: _1889_ (rising edge-triggered flip-flop clocked by periph_clk)
Path Group: periph_clk
Path Type: min

Fanout         Cap        Slew       Delay        Time   Description
---------------------------------------------------------------------------------------------
                      0.150000    0.000000    0.000000   clock periph_clk (rise edge)
                                  0.000000    0.000000   clock network delay (ideal)
                      0.150000    0.000000    0.000000 ^ _1888_/CLK (gf180mcu_fd_sc_mcu7t5v0__dffrnq_1)
     6    0.024745    0.498730    1.506890    1.506890 v _1888_/Q (gf180mcu_fd_sc_mcu7t5v0__dffrnq_1)
                                                         u_dc_fifo_rx.u_din.write_token[0] (net)
                      0.498730    0.000000    1.506890 v _1443_/I1 (gf180mcu_fd_sc_mcu7t5v0__mux2_2)
     1    0.003014    0.189701    0.693211    2.200100 v _1443_/Z (gf180mcu_fd_sc_mcu7t5v0__mux2_2)
                                                         _0077_ (net)
                      0.189701    0.000000    2.200100 v _1889_/D (gf180mcu_fd_sc_mcu7t5v0__dffrnq_1)
                                              2.200100   data arrival time

                      0.150000    0.000000    0.000000   clock periph_clk (rise edge)
                                  0.000000    0.000000   clock network delay (ideal)
                                  0.250000    0.250000   clock uncertainty
                                  0.000000    0.250000   clock reconvergence pessimism
                                              0.250000 ^ _1889_/CLK (gf180mcu_fd_sc_mcu7t5v0__dffrnq_1)
                                  0.217114    0.467114   library hold time
                                              0.467114   data required time
---------------------------------------------------------------------------------------------
                                              0.467114   data required time
                                             -2.200100   data arrival time
---------------------------------------------------------------------------------------------
                                              1.732986   slack (MET)


Startpoint: _2136_ (rising edge-triggered flip-flop clocked by periph_clk)
Endpoint: _2136_ (rising edge-triggered flip-flop clocked by periph_clk)
Path Group: periph_clk
Path Type: min

Fanout         Cap        Slew       Delay        Time   Description
---------------------------------------------------------------------------------------------
                      0.150000    0.000000    0.000000   clock periph_clk (rise edge)
                                  0.000000    0.000000   clock network delay (ideal)
                      0.150000    0.000000    0.000000 ^ _2136_/CLK (gf180mcu_fd_sc_mcu7t5v0__dffrnq_1)
     5    0.022536    0.465527    1.484461    1.484461 v _2136_/Q (gf180mcu_fd_sc_mcu7t5v0__dffrnq_1)
                                                         u_uart_tx.baud_cnt[6] (net)
                      0.465527    0.000000    1.484461 v _1214_/B (gf180mcu_fd_sc_mcu7t5v0__aoi21_1)
     1    0.004177    0.440693    0.391517    1.875979 ^ _1214_/ZN (gf180mcu_fd_sc_mcu7t5v0__aoi21_1)
                                                         _0351_ (net)
                      0.440693    0.000000    1.875979 ^ _1215_/A3 (gf180mcu_fd_sc_mcu7t5v0__nor3_1)
     1    0.003014    0.283439    0.304126    2.180104 v _1215_/ZN (gf180mcu_fd_sc_mcu7t5v0__nor3_1)
                                                         _0039_ (net)
                      0.283439    0.000000    2.180104 v _2136_/D (gf180mcu_fd_sc_mcu7t5v0__dffrnq_1)
                                              2.180104   data arrival time

                      0.150000    0.000000    0.000000   clock periph_clk (rise edge)
                                  0.000000    0.000000   clock network delay (ideal)
                                  0.250000    0.250000   clock uncertainty
                                  0.000000    0.250000   clock reconvergence pessimism
                                              0.250000 ^ _2136_/CLK (gf180mcu_fd_sc_mcu7t5v0__dffrnq_1)
                                  0.194078    0.444078   library hold time
                                              0.444078   data required time
---------------------------------------------------------------------------------------------
                                              0.444078   data required time
                                             -2.180104   data arrival time
---------------------------------------------------------------------------------------------
                                              1.736027   slack (MET)


Startpoint: _1957_ (rising edge-triggered flip-flop clocked by sys_clk)
Endpoint: _1957_ (rising edge-triggered flip-flop clocked by sys_clk)
Path Group: sys_clk
Path Type: min

Fanout         Cap        Slew       Delay        Time   Description
---------------------------------------------------------------------------------------------
                      0.150000    0.000000    0.000000   clock sys_clk (rise edge)
                                  0.000000    0.000000   clock network delay (ideal)
                      0.150000    0.000000    0.000000 ^ _1957_/CLK (gf180mcu_fd_sc_mcu7t5v0__dffrnq_1)
     7    0.033423    0.629168    1.594998    1.594998 v _1957_/Q (gf180mcu_fd_sc_mcu7t5v0__dffrnq_1)
                                                         u_fifo.i_fifo.elements[1] (net)
                      0.629168    0.000000    1.594998 v _1579_/A1 (gf180mcu_fd_sc_mcu7t5v0__nand2_1)
     1    0.004495    0.329303    0.332739    1.927738 ^ _1579_/ZN (gf180mcu_fd_sc_mcu7t5v0__nand2_1)
                                                         _0561_ (net)
                      0.329303    0.000000    1.927738 ^ _1582_/A1 (gf180mcu_fd_sc_mcu7t5v0__nand3_1)
     1    0.003014    0.319576    0.244270    2.172008 v _1582_/ZN (gf180mcu_fd_sc_mcu7t5v0__nand3_1)
                                                         _0145_ (net)
                      0.319576    0.000000    2.172008 v _1957_/D (gf180mcu_fd_sc_mcu7t5v0__dffrnq_1)
                                              2.172008   data arrival time

                      0.150000    0.000000    0.000000   clock sys_clk (rise edge)
                                  0.000000    0.000000   clock network delay (ideal)
                                  0.250000    0.250000   clock uncertainty
                                  0.000000    0.250000   clock reconvergence pessimism
                                              0.250000 ^ _1957_/CLK (gf180mcu_fd_sc_mcu7t5v0__dffrnq_1)
                                  0.185955    0.435955   library hold time
                                              0.435955   data required time
---------------------------------------------------------------------------------------------
                                              0.435955   data required time
                                             -2.172008   data arrival time
---------------------------------------------------------------------------------------------
                                              1.736053   slack (MET)


Startpoint: _2089_ (rising edge-triggered flip-flop clocked by periph_clk)
Endpoint: _2089_ (rising edge-triggered flip-flop clocked by periph_clk)
Path Group: periph_clk
Path Type: min

Fanout         Cap        Slew       Delay        Time   Description
---------------------------------------------------------------------------------------------
                      0.150000    0.000000    0.000000   clock periph_clk (rise edge)
                                  0.000000    0.000000   clock network delay (ideal)
                      0.150000    0.000000    0.000000 ^ _2089_/CLK (gf180mcu_fd_sc_mcu7t5v0__dffrnq_1)
     5    0.026399    0.523591    1.523683    1.523683 v _2089_/Q (gf180mcu_fd_sc_mcu7t5v0__dffrnq_1)
                                                         r_uart_div[4] (net)
                      0.523591    0.000000    1.523683 v _1842_/I1 (gf180mcu_fd_sc_mcu7t5v0__mux2_2)
     1    0.003014    0.193174    0.697572    2.221254 v _1842_/Z (gf180mcu_fd_sc_mcu7t5v0__mux2_2)
                                                         _0277_ (net)
                      0.193174    0.000000    2.221254 v _2089_/D (gf180mcu_fd_sc_mcu7t5v0__dffrnq_1)
                                              2.221254   data arrival time

                      0.150000    0.000000    0.000000   clock periph_clk (rise edge)
                                  0.000000    0.000000   clock network delay (ideal)
                                  0.250000    0.250000   clock uncertainty
                                  0.000000    0.250000   clock reconvergence pessimism
                                              0.250000 ^ _2089_/CLK (gf180mcu_fd_sc_mcu7t5v0__dffrnq_1)
                                  0.216190    0.466190   library hold time
                                              0.466190   data required time
---------------------------------------------------------------------------------------------
                                              0.466190   data required time
                                             -2.221254   data arrival time
---------------------------------------------------------------------------------------------
                                              1.755064   slack (MET)


Startpoint: _2094_ (rising edge-triggered flip-flop clocked by periph_clk)
Endpoint: _2094_ (rising edge-triggered flip-flop clocked by periph_clk)
Path Group: periph_clk
Path Type: min

Fanout         Cap        Slew       Delay        Time   Description
---------------------------------------------------------------------------------------------
                      0.150000    0.000000    0.000000   clock periph_clk (rise edge)
                                  0.000000    0.000000   clock network delay (ideal)
                      0.150000    0.000000    0.000000 ^ _2094_/CLK (gf180mcu_fd_sc_mcu7t5v0__dffrnq_1)
     5    0.026452    0.524388    1.524221    1.524221 v _2094_/Q (gf180mcu_fd_sc_mcu7t5v0__dffrnq_1)
                                                         r_uart_div[9] (net)
                      0.524388    0.000000    1.524221 v _1847_/I1 (gf180mcu_fd_sc_mcu7t5v0__mux2_2)
     1    0.003014    0.193174    0.697711    2.221932 v _1847_/Z (gf180mcu_fd_sc_mcu7t5v0__mux2_2)
                                                         _0282_ (net)
                      0.193174    0.000000    2.221932 v _2094_/D (gf180mcu_fd_sc_mcu7t5v0__dffrnq_1)
                                              2.221932   data arrival time

                      0.150000    0.000000    0.000000   clock periph_clk (rise edge)
                                  0.000000    0.000000   clock network delay (ideal)
                                  0.250000    0.250000   clock uncertainty
                                  0.000000    0.250000   clock reconvergence pessimism
                                              0.250000 ^ _2094_/CLK (gf180mcu_fd_sc_mcu7t5v0__dffrnq_1)
                                  0.216190    0.466190   library hold time
                                              0.466190   data required time
---------------------------------------------------------------------------------------------
                                              0.466190   data required time
                                             -2.221932   data arrival time
---------------------------------------------------------------------------------------------
                                              1.755742   slack (MET)


Startpoint: _2098_ (rising edge-triggered flip-flop clocked by periph_clk)
Endpoint: _2098_ (rising edge-triggered flip-flop clocked by periph_clk)
Path Group: periph_clk
Path Type: min

Fanout         Cap        Slew       Delay        Time   Description
---------------------------------------------------------------------------------------------
                      0.150000    0.000000    0.000000   clock periph_clk (rise edge)
                                  0.000000    0.000000   clock network delay (ideal)
                      0.150000    0.000000    0.000000 ^ _2098_/CLK (gf180mcu_fd_sc_mcu7t5v0__dffrnq_1)
     5    0.026539    0.525696    1.525104    1.525104 v _2098_/Q (gf180mcu_fd_sc_mcu7t5v0__dffrnq_1)
                                                         r_uart_div[13] (net)
                      0.525696    0.000000    1.525104 v _1851_/I1 (gf180mcu_fd_sc_mcu7t5v0__mux2_2)
     1    0.003014    0.193174    0.697941    2.223045 v _1851_/Z (gf180mcu_fd_sc_mcu7t5v0__mux2_2)
                                                         _0286_ (net)
                      0.193174    0.000000    2.223045 v _2098_/D (gf180mcu_fd_sc_mcu7t5v0__dffrnq_1)
                                              2.223045   data arrival time

                      0.150000    0.000000    0.000000   clock periph_clk (rise edge)
                                  0.000000    0.000000   clock network delay (ideal)
                                  0.250000    0.250000   clock uncertainty
                                  0.000000    0.250000   clock reconvergence pessimism
                                              0.250000 ^ _2098_/CLK (gf180mcu_fd_sc_mcu7t5v0__dffrnq_1)
                                  0.216190    0.466190   library hold time
                                              0.466190   data required time
---------------------------------------------------------------------------------------------
                                              0.466190   data required time
                                             -2.223045   data arrival time
---------------------------------------------------------------------------------------------
                                              1.756855   slack (MET)


Startpoint: _2131_ (rising edge-triggered flip-flop clocked by periph_clk)
Endpoint: _2131_ (rising edge-triggered flip-flop clocked by periph_clk)
Path Group: periph_clk
Path Type: min

Fanout         Cap        Slew       Delay        Time   Description
---------------------------------------------------------------------------------------------
                      0.150000    0.000000    0.000000   clock periph_clk (rise edge)
                                  0.000000    0.000000   clock network delay (ideal)
                      0.150000    0.000000    0.000000 ^ _2131_/CLK (gf180mcu_fd_sc_mcu7t5v0__dffrnq_1)
     6    0.025558    0.510950    1.515144    1.515144 v _2131_/Q (gf180mcu_fd_sc_mcu7t5v0__dffrnq_1)
                                                         u_uart_tx.baud_cnt[1] (net)
                      0.510950    0.000000    1.515144 v _1198_/A2 (gf180mcu_fd_sc_mcu7t5v0__nor2_1)
     1    0.004029    0.466196    0.392388    1.907532 ^ _1198_/ZN (gf180mcu_fd_sc_mcu7t5v0__nor2_1)
                                                         _0340_ (net)
                      0.466196    0.000000    1.907532 ^ _1200_/A2 (gf180mcu_fd_sc_mcu7t5v0__nor3_1)
     1    0.003014    0.309495    0.288694    2.196227 v _1200_/ZN (gf180mcu_fd_sc_mcu7t5v0__nor3_1)
                                                         _0034_ (net)
                      0.309495    0.000000    2.196227 v _2131_/D (gf180mcu_fd_sc_mcu7t5v0__dffrnq_1)
                                              2.196227   data arrival time

                      0.150000    0.000000    0.000000   clock periph_clk (rise edge)
                                  0.000000    0.000000   clock network delay (ideal)
                                  0.250000    0.250000   clock uncertainty
                                  0.000000    0.250000   clock reconvergence pessimism
                                              0.250000 ^ _2131_/CLK (gf180mcu_fd_sc_mcu7t5v0__dffrnq_1)
                                  0.188221    0.438221   library hold time
                                              0.438221   data required time
---------------------------------------------------------------------------------------------
                                              0.438221   data required time
                                             -2.196227   data arrival time
---------------------------------------------------------------------------------------------
                                              1.758006   slack (MET)


Startpoint: _2133_ (rising edge-triggered flip-flop clocked by periph_clk)
Endpoint: _2133_ (rising edge-triggered flip-flop clocked by periph_clk)
Path Group: periph_clk
Path Type: min

Fanout         Cap        Slew       Delay        Time   Description
---------------------------------------------------------------------------------------------
                      0.150000    0.000000    0.000000   clock periph_clk (rise edge)
                                  0.000000    0.000000   clock network delay (ideal)
                      0.150000    0.000000    0.000000 ^ _2133_/CLK (gf180mcu_fd_sc_mcu7t5v0__dffrnq_1)
     6    0.025671    0.512649    1.516291    1.516291 v _2133_/Q (gf180mcu_fd_sc_mcu7t5v0__dffrnq_1)
                                                         u_uart_tx.baud_cnt[3] (net)
                      0.512649    0.000000    1.516291 v _1204_/B (gf180mcu_fd_sc_mcu7t5v0__aoi21_1)
     1    0.004029    0.441238    0.397572    1.913863 ^ _1204_/ZN (gf180mcu_fd_sc_mcu7t5v0__aoi21_1)
                                                         _0344_ (net)
                      0.441238    0.000000    1.913863 ^ _1206_/A2 (gf180mcu_fd_sc_mcu7t5v0__nor3_1)
     1    0.003014    0.303931    0.283934    2.197797 v _1206_/ZN (gf180mcu_fd_sc_mcu7t5v0__nor3_1)
                                                         _0036_ (net)
                      0.303931    0.000000    2.197797 v _2133_/D (gf180mcu_fd_sc_mcu7t5v0__dffrnq_1)
                                              2.197797   data arrival time

                      0.150000    0.000000    0.000000   clock periph_clk (rise edge)
                                  0.000000    0.000000   clock network delay (ideal)
                                  0.250000    0.250000   clock uncertainty
                                  0.000000    0.250000   clock reconvergence pessimism
                                              0.250000 ^ _2133_/CLK (gf180mcu_fd_sc_mcu7t5v0__dffrnq_1)
                                  0.189472    0.439472   library hold time
                                              0.439472   data required time
---------------------------------------------------------------------------------------------
                                              0.439472   data required time
                                             -2.197797   data arrival time
---------------------------------------------------------------------------------------------
                                              1.758325   slack (MET)


Startpoint: _2092_ (rising edge-triggered flip-flop clocked by periph_clk)
Endpoint: _2092_ (rising edge-triggered flip-flop clocked by periph_clk)
Path Group: periph_clk
Path Type: min

Fanout         Cap        Slew       Delay        Time   Description
---------------------------------------------------------------------------------------------
                      0.150000    0.000000    0.000000   clock periph_clk (rise edge)
                                  0.000000    0.000000   clock network delay (ideal)
                      0.150000    0.000000    0.000000 ^ _2092_/CLK (gf180mcu_fd_sc_mcu7t5v0__dffrnq_1)
     6    0.027804    0.544710    1.537948    1.537948 v _2092_/Q (gf180mcu_fd_sc_mcu7t5v0__dffrnq_1)
                                                         r_uart_div[7] (net)
                      0.544710    0.000000    1.537948 v _1845_/I1 (gf180mcu_fd_sc_mcu7t5v0__mux2_2)
     1    0.003014    0.193174    0.701276    2.239224 v _1845_/Z (gf180mcu_fd_sc_mcu7t5v0__mux2_2)
                                                         _0280_ (net)
                      0.193174    0.000000    2.239224 v _2092_/D (gf180mcu_fd_sc_mcu7t5v0__dffrnq_1)
                                              2.239224   data arrival time

                      0.150000    0.000000    0.000000   clock periph_clk (rise edge)
                                  0.000000    0.000000   clock network delay (ideal)
                                  0.250000    0.250000   clock uncertainty
                                  0.000000    0.250000   clock reconvergence pessimism
                                              0.250000 ^ _2092_/CLK (gf180mcu_fd_sc_mcu7t5v0__dffrnq_1)
                                  0.216190    0.466190   library hold time
                                              0.466190   data required time
---------------------------------------------------------------------------------------------
                                              0.466190   data required time
                                             -2.239224   data arrival time
---------------------------------------------------------------------------------------------
                                              1.773034   slack (MET)


Startpoint: _2096_ (rising edge-triggered flip-flop clocked by periph_clk)
Endpoint: _2096_ (rising edge-triggered flip-flop clocked by periph_clk)
Path Group: periph_clk
Path Type: min

Fanout         Cap        Slew       Delay        Time   Description
---------------------------------------------------------------------------------------------
                      0.150000    0.000000    0.000000   clock periph_clk (rise edge)
                                  0.000000    0.000000   clock network delay (ideal)
                      0.150000    0.000000    0.000000 ^ _2096_/CLK (gf180mcu_fd_sc_mcu7t5v0__dffrnq_1)
     6    0.027804    0.544710    1.537948    1.537948 v _2096_/Q (gf180mcu_fd_sc_mcu7t5v0__dffrnq_1)
                                                         r_uart_div[11] (net)
                      0.544710    0.000000    1.537948 v _1849_/I1 (gf180mcu_fd_sc_mcu7t5v0__mux2_2)
     1    0.003014    0.193174    0.701276    2.239224 v _1849_/Z (gf180mcu_fd_sc_mcu7t5v0__mux2_2)
                                                         _0284_ (net)
                      0.193174    0.000000    2.239224 v _2096_/D (gf180mcu_fd_sc_mcu7t5v0__dffrnq_1)
                                              2.239224   data arrival time

                      0.150000    0.000000    0.000000   clock periph_clk (rise edge)
                                  0.000000    0.000000   clock network delay (ideal)
                                  0.250000    0.250000   clock uncertainty
                                  0.000000    0.250000   clock reconvergence pessimism
                                              0.250000 ^ _2096_/CLK (gf180mcu_fd_sc_mcu7t5v0__dffrnq_1)
                                  0.216190    0.466190   library hold time
                                              0.466190   data required time
---------------------------------------------------------------------------------------------
                                              0.466190   data required time
                                             -2.239224   data arrival time
---------------------------------------------------------------------------------------------
                                              1.773034   slack (MET)


Startpoint: _2099_ (rising edge-triggered flip-flop clocked by periph_clk)
Endpoint: _2099_ (rising edge-triggered flip-flop clocked by periph_clk)
Path Group: periph_clk
Path Type: min

Fanout         Cap        Slew       Delay        Time   Description
---------------------------------------------------------------------------------------------
                      0.150000    0.000000    0.000000   clock periph_clk (rise edge)
                                  0.000000    0.000000   clock network delay (ideal)
                      0.150000    0.000000    0.000000 ^ _2099_/CLK (gf180mcu_fd_sc_mcu7t5v0__dffrnq_1)
     6    0.027804    0.544710    1.537948    1.537948 v _2099_/Q (gf180mcu_fd_sc_mcu7t5v0__dffrnq_1)
                                                         r_uart_div[14] (net)
                      0.544710    0.000000    1.537948 v _1852_/I1 (gf180mcu_fd_sc_mcu7t5v0__mux2_2)
     1    0.003014    0.193174    0.701276    2.239224 v _1852_/Z (gf180mcu_fd_sc_mcu7t5v0__mux2_2)
                                                         _0287_ (net)
                      0.193174    0.000000    2.239224 v _2099_/D (gf180mcu_fd_sc_mcu7t5v0__dffrnq_1)
                                              2.239224   data arrival time

                      0.150000    0.000000    0.000000   clock periph_clk (rise edge)
                                  0.000000    0.000000   clock network delay (ideal)
                                  0.250000    0.250000   clock uncertainty
                                  0.000000    0.250000   clock reconvergence pessimism
                                              0.250000 ^ _2099_/CLK (gf180mcu_fd_sc_mcu7t5v0__dffrnq_1)
                                  0.216190    0.466190   library hold time
                                              0.466190   data required time
---------------------------------------------------------------------------------------------
                                              0.466190   data required time
                                             -2.239224   data arrival time
---------------------------------------------------------------------------------------------
                                              1.773034   slack (MET)


Startpoint: _2133_ (rising edge-triggered flip-flop clocked by periph_clk)
Endpoint: _2134_ (rising edge-triggered flip-flop clocked by periph_clk)
Path Group: periph_clk
Path Type: min

Fanout         Cap        Slew       Delay        Time   Description
---------------------------------------------------------------------------------------------
                      0.150000    0.000000    0.000000   clock periph_clk (rise edge)
                                  0.000000    0.000000   clock network delay (ideal)
                      0.150000    0.000000    0.000000 ^ _2133_/CLK (gf180mcu_fd_sc_mcu7t5v0__dffrnq_1)
     6    0.025671    0.512649    1.516291    1.516291 v _2133_/Q (gf180mcu_fd_sc_mcu7t5v0__dffrnq_1)
                                                         u_uart_tx.baud_cnt[3] (net)
                      0.512649    0.000000    1.516291 v _1207_/A1 (gf180mcu_fd_sc_mcu7t5v0__aoi21_1)
     1    0.004029    0.459154    0.408201    1.924492 ^ _1207_/ZN (gf180mcu_fd_sc_mcu7t5v0__aoi21_1)
                                                         _0346_ (net)
                      0.459154    0.000000    1.924492 ^ _1209_/A2 (gf180mcu_fd_sc_mcu7t5v0__nor3_1)
     1    0.003014    0.307925    0.287351    2.211844 v _1209_/ZN (gf180mcu_fd_sc_mcu7t5v0__nor3_1)
                                                         _0037_ (net)
                      0.307925    0.000000    2.211844 v _2134_/D (gf180mcu_fd_sc_mcu7t5v0__dffrnq_1)
                                              2.211844   data arrival time

                      0.150000    0.000000    0.000000   clock periph_clk (rise edge)
                                  0.000000    0.000000   clock network delay (ideal)
                                  0.250000    0.250000   clock uncertainty
                                  0.000000    0.250000   clock reconvergence pessimism
                                              0.250000 ^ _2134_/CLK (gf180mcu_fd_sc_mcu7t5v0__dffrnq_1)
                                  0.188574    0.438574   library hold time
                                              0.438574   data required time
---------------------------------------------------------------------------------------------
                                              0.438574   data required time
                                             -2.211844   data arrival time
---------------------------------------------------------------------------------------------
                                              1.773270   slack (MET)


Startpoint: _2078_ (rising edge-triggered flip-flop clocked by periph_clk)
Endpoint: _2078_ (rising edge-triggered flip-flop clocked by periph_clk)
Path Group: periph_clk
Path Type: min

Fanout         Cap        Slew       Delay        Time   Description
---------------------------------------------------------------------------------------------
                      0.150000    0.000000    0.000000   clock periph_clk (rise edge)
                                  0.000000    0.000000   clock network delay (ideal)
                      0.150000    0.000000    0.000000 ^ _2078_/CLK (gf180mcu_fd_sc_mcu7t5v0__dffsnq_1)
     2    0.008860    0.379414    1.476380    1.476380 ^ _2078_/Q (gf180mcu_fd_sc_mcu7t5v0__dffsnq_1)
                                                         u_uart_tx.reg_data[7] (net)
                      0.379414    0.000000    1.476380 ^ _1823_/I1 (gf180mcu_fd_sc_mcu7t5v0__mux2_2)
     1    0.002637    0.154807    0.482094    1.958474 ^ _1823_/Z (gf180mcu_fd_sc_mcu7t5v0__mux2_2)
                                                         _0266_ (net)
                      0.154807    0.000000    1.958474 ^ _2078_/D (gf180mcu_fd_sc_mcu7t5v0__dffsnq_1)
                                              1.958474   data arrival time

                      0.150000    0.000000    0.000000   clock periph_clk (rise edge)
                                  0.000000    0.000000   clock network delay (ideal)
                                  0.250000    0.250000   clock uncertainty
                                  0.000000    0.250000   clock reconvergence pessimism
                                              0.250000 ^ _2078_/CLK (gf180mcu_fd_sc_mcu7t5v0__dffsnq_1)
                                 -0.068714    0.181286   library hold time
                                              0.181286   data required time
---------------------------------------------------------------------------------------------
                                              0.181286   data required time
                                             -1.958474   data arrival time
---------------------------------------------------------------------------------------------
                                              1.777188   slack (MET)


Startpoint: _2132_ (rising edge-triggered flip-flop clocked by periph_clk)
Endpoint: _2132_ (rising edge-triggered flip-flop clocked by periph_clk)
Path Group: periph_clk
Path Type: min

Fanout         Cap        Slew       Delay        Time   Description
---------------------------------------------------------------------------------------------
                      0.150000    0.000000    0.000000   clock periph_clk (rise edge)
                                  0.000000    0.000000   clock network delay (ideal)
                      0.150000    0.000000    0.000000 ^ _2132_/CLK (gf180mcu_fd_sc_mcu7t5v0__dffrnq_1)
     6    0.025563    0.511025    1.515195    1.515195 v _2132_/Q (gf180mcu_fd_sc_mcu7t5v0__dffrnq_1)
                                                         u_uart_tx.baud_cnt[2] (net)
                      0.511025    0.000000    1.515195 v _1202_/B (gf180mcu_fd_sc_mcu7t5v0__aoi21_1)
     1    0.004177    0.446089    0.401023    1.916217 ^ _1202_/ZN (gf180mcu_fd_sc_mcu7t5v0__aoi21_1)
                                                         _0343_ (net)
                      0.446089    0.000000    1.916217 ^ _1203_/A3 (gf180mcu_fd_sc_mcu7t5v0__nor3_1)
     1    0.003014    0.320970    0.305292    2.221510 v _1203_/ZN (gf180mcu_fd_sc_mcu7t5v0__nor3_1)
                                                         _0035_ (net)
                      0.320970    0.000000    2.221510 v _2132_/D (gf180mcu_fd_sc_mcu7t5v0__dffrnq_1)
                                              2.221510   data arrival time

                      0.150000    0.000000    0.000000   clock periph_clk (rise edge)
                                  0.000000    0.000000   clock network delay (ideal)
                                  0.250000    0.250000   clock uncertainty
                                  0.000000    0.250000   clock reconvergence pessimism
                                              0.250000 ^ _2132_/CLK (gf180mcu_fd_sc_mcu7t5v0__dffrnq_1)
                                  0.185642    0.435642   library hold time
                                              0.435642   data required time
---------------------------------------------------------------------------------------------
                                              0.435642   data required time
                                             -2.221510   data arrival time
---------------------------------------------------------------------------------------------
                                              1.785868   slack (MET)


Startpoint: _2140_ (rising edge-triggered flip-flop clocked by periph_clk)
Endpoint: _2140_ (rising edge-triggered flip-flop clocked by periph_clk)
Path Group: periph_clk
Path Type: min

Fanout         Cap        Slew       Delay        Time   Description
---------------------------------------------------------------------------------------------
                      0.150000    0.000000    0.000000   clock periph_clk (rise edge)
                                  0.000000    0.000000   clock network delay (ideal)
                      0.150000    0.000000    0.000000 ^ _2140_/CLK (gf180mcu_fd_sc_mcu7t5v0__dffrnq_1)
     6    0.028203    0.550707    1.541999    1.541999 v _2140_/Q (gf180mcu_fd_sc_mcu7t5v0__dffrnq_1)
                                                         u_uart_tx.baud_cnt[10] (net)
                      0.550707    0.000000    1.541999 v _1228_/A1 (gf180mcu_fd_sc_mcu7t5v0__nor2_1)
     1    0.004029    0.455404    0.401767    1.943767 ^ _1228_/ZN (gf180mcu_fd_sc_mcu7t5v0__nor2_1)
                                                         _0361_ (net)
                      0.455404    0.000000    1.943767 ^ _1230_/A2 (gf180mcu_fd_sc_mcu7t5v0__nor3_1)
     1    0.003014    0.307089    0.286636    2.230403 v _1230_/ZN (gf180mcu_fd_sc_mcu7t5v0__nor3_1)
                                                         _0028_ (net)
                      0.307089    0.000000    2.230403 v _2140_/D (gf180mcu_fd_sc_mcu7t5v0__dffrnq_1)
                                              2.230403   data arrival time

                      0.150000    0.000000    0.000000   clock periph_clk (rise edge)
                                  0.000000    0.000000   clock network delay (ideal)
                                  0.250000    0.250000   clock uncertainty
                                  0.000000    0.250000   clock reconvergence pessimism
                                              0.250000 ^ _2140_/CLK (gf180mcu_fd_sc_mcu7t5v0__dffrnq_1)
                                  0.188762    0.438762   library hold time
                                              0.438762   data required time
---------------------------------------------------------------------------------------------
                                              0.438762   data required time
                                             -2.230403   data arrival time
---------------------------------------------------------------------------------------------
                                              1.791640   slack (MET)


Startpoint: _2142_ (rising edge-triggered flip-flop clocked by periph_clk)
Endpoint: _2142_ (rising edge-triggered flip-flop clocked by periph_clk)
Path Group: periph_clk
Path Type: min

Fanout         Cap        Slew       Delay        Time   Description
---------------------------------------------------------------------------------------------
                      0.150000    0.000000    0.000000   clock periph_clk (rise edge)
                                  0.000000    0.000000   clock network delay (ideal)
                      0.150000    0.000000    0.000000 ^ _2142_/CLK (gf180mcu_fd_sc_mcu7t5v0__dffrnq_1)
     6    0.028203    0.550707    1.541999    1.541999 v _2142_/Q (gf180mcu_fd_sc_mcu7t5v0__dffrnq_1)
                                                         u_uart_tx.baud_cnt[12] (net)
                      0.550707    0.000000    1.541999 v _1235_/A1 (gf180mcu_fd_sc_mcu7t5v0__nor2_1)
     1    0.004029    0.465802    0.401767    1.943767 ^ _1235_/ZN (gf180mcu_fd_sc_mcu7t5v0__nor2_1)
                                                         _0366_ (net)
                      0.465802    0.000000    1.943767 ^ _1237_/A2 (gf180mcu_fd_sc_mcu7t5v0__nor3_1)
     1    0.003014    0.309407    0.288619    2.232386 v _1237_/ZN (gf180mcu_fd_sc_mcu7t5v0__nor3_1)
                                                         _0030_ (net)
                      0.309407    0.000000    2.232386 v _2142_/D (gf180mcu_fd_sc_mcu7t5v0__dffrnq_1)
                                              2.232386   data arrival time

                      0.150000    0.000000    0.000000   clock periph_clk (rise edge)
                                  0.000000    0.000000   clock network delay (ideal)
                                  0.250000    0.250000   clock uncertainty
                                  0.000000    0.250000   clock reconvergence pessimism
                                              0.250000 ^ _2142_/CLK (gf180mcu_fd_sc_mcu7t5v0__dffrnq_1)
                                  0.188241    0.438241   library hold time
                                              0.438241   data required time
---------------------------------------------------------------------------------------------
                                              0.438241   data required time
                                             -2.232386   data arrival time
---------------------------------------------------------------------------------------------
                                              1.794145   slack (MET)


Startpoint: _2093_ (rising edge-triggered flip-flop clocked by periph_clk)
Endpoint: _2093_ (rising edge-triggered flip-flop clocked by periph_clk)
Path Group: periph_clk
Path Type: min

Fanout         Cap        Slew       Delay        Time   Description
---------------------------------------------------------------------------------------------
                      0.150000    0.000000    0.000000   clock periph_clk (rise edge)
                                  0.000000    0.000000   clock network delay (ideal)
                      0.150000    0.000000    0.000000 ^ _2093_/CLK (gf180mcu_fd_sc_mcu7t5v0__dffrnq_1)
     6    0.029811    0.574876    1.558325    1.558325 v _2093_/Q (gf180mcu_fd_sc_mcu7t5v0__dffrnq_1)
                                                         r_uart_div[8] (net)
                      0.574876    0.000000    1.558325 v _1846_/I1 (gf180mcu_fd_sc_mcu7t5v0__mux2_2)
     1    0.003014    0.193174    0.707039    2.265364 v _1846_/Z (gf180mcu_fd_sc_mcu7t5v0__mux2_2)
                                                         _0281_ (net)
                      0.193174    0.000000    2.265364 v _2093_/D (gf180mcu_fd_sc_mcu7t5v0__dffrnq_1)
                                              2.265364   data arrival time

                      0.150000    0.000000    0.000000   clock periph_clk (rise edge)
                                  0.000000    0.000000   clock network delay (ideal)
                                  0.250000    0.250000   clock uncertainty
                                  0.000000    0.250000   clock reconvergence pessimism
                                              0.250000 ^ _2093_/CLK (gf180mcu_fd_sc_mcu7t5v0__dffrnq_1)
                                  0.216190    0.466190   library hold time
                                              0.466190   data required time
---------------------------------------------------------------------------------------------
                                              0.466190   data required time
                                             -2.265364   data arrival time
---------------------------------------------------------------------------------------------
                                              1.799174   slack (MET)


Startpoint: _2072_ (rising edge-triggered flip-flop clocked by periph_clk)
Endpoint: _2072_ (rising edge-triggered flip-flop clocked by periph_clk)
Path Group: periph_clk
Path Type: min

Fanout         Cap        Slew       Delay        Time   Description
---------------------------------------------------------------------------------------------
                      0.150000    0.000000    0.000000   clock periph_clk (rise edge)
                                  0.000000    0.000000   clock network delay (ideal)
                      0.150000    0.000000    0.000000 ^ _2072_/CLK (gf180mcu_fd_sc_mcu7t5v0__dffsnq_1)
     2    0.008921    0.290689    1.484601    1.484601 v _2072_/Q (gf180mcu_fd_sc_mcu7t5v0__dffsnq_1)
                                                         u_uart_tx.reg_data[1] (net)
                      0.290689    0.000000    1.484601 v _1770_/A1 (gf180mcu_fd_sc_mcu7t5v0__nand2_1)
     1    0.004657    0.269460    0.245693    1.730294 ^ _1770_/ZN (gf180mcu_fd_sc_mcu7t5v0__nand2_1)
                                                         _0637_ (net)
                      0.269460    0.000000    1.730294 ^ _1777_/B (gf180mcu_fd_sc_mcu7t5v0__oai211_1)
     1    0.002637    0.363915    0.315237    2.045532 v _1777_/ZN (gf180mcu_fd_sc_mcu7t5v0__oai211_1)
                                                         _0260_ (net)
                      0.363915    0.000000    2.045532 v _2072_/D (gf180mcu_fd_sc_mcu7t5v0__dffsnq_1)
                                              2.045532   data arrival time

                      0.150000    0.000000    0.000000   clock periph_clk (rise edge)
                                  0.000000    0.000000   clock network delay (ideal)
                                  0.250000    0.250000   clock uncertainty
                                  0.000000    0.250000   clock reconvergence pessimism
                                              0.250000 ^ _2072_/CLK (gf180mcu_fd_sc_mcu7t5v0__dffsnq_1)
                                 -0.008742    0.241258   library hold time
                                              0.241258   data required time
---------------------------------------------------------------------------------------------
                                              0.241258   data required time
                                             -2.045532   data arrival time
---------------------------------------------------------------------------------------------
                                              1.804274   slack (MET)


Startpoint: _2073_ (rising edge-triggered flip-flop clocked by periph_clk)
Endpoint: _2073_ (rising edge-triggered flip-flop clocked by periph_clk)
Path Group: periph_clk
Path Type: min

Fanout         Cap        Slew       Delay        Time   Description
---------------------------------------------------------------------------------------------
                      0.150000    0.000000    0.000000   clock periph_clk (rise edge)
                                  0.000000    0.000000   clock network delay (ideal)
                      0.150000    0.000000    0.000000 ^ _2073_/CLK (gf180mcu_fd_sc_mcu7t5v0__dffsnq_1)
     2    0.008921    0.290689    1.484601    1.484601 v _2073_/Q (gf180mcu_fd_sc_mcu7t5v0__dffsnq_1)
                                                         u_uart_tx.reg_data[2] (net)
                      0.290689    0.000000    1.484601 v _1778_/A1 (gf180mcu_fd_sc_mcu7t5v0__nand2_1)
     1    0.004657    0.269460    0.245693    1.730294 ^ _1778_/ZN (gf180mcu_fd_sc_mcu7t5v0__nand2_1)
                                                         _0644_ (net)
                      0.269460    0.000000    1.730294 ^ _1785_/B (gf180mcu_fd_sc_mcu7t5v0__oai211_1)
     1    0.002637    0.363915    0.315237    2.045532 v _1785_/ZN (gf180mcu_fd_sc_mcu7t5v0__oai211_1)
                                                         _0261_ (net)
                      0.363915    0.000000    2.045532 v _2073_/D (gf180mcu_fd_sc_mcu7t5v0__dffsnq_1)
                                              2.045532   data arrival time

                      0.150000    0.000000    0.000000   clock periph_clk (rise edge)
                                  0.000000    0.000000   clock network delay (ideal)
                                  0.250000    0.250000   clock uncertainty
                                  0.000000    0.250000   clock reconvergence pessimism
                                              0.250000 ^ _2073_/CLK (gf180mcu_fd_sc_mcu7t5v0__dffsnq_1)
                                 -0.008742    0.241258   library hold time
                                              0.241258   data required time
---------------------------------------------------------------------------------------------
                                              0.241258   data required time
                                             -2.045532   data arrival time
---------------------------------------------------------------------------------------------
                                              1.804274   slack (MET)


Startpoint: _2074_ (rising edge-triggered flip-flop clocked by periph_clk)
Endpoint: _2074_ (rising edge-triggered flip-flop clocked by periph_clk)
Path Group: periph_clk
Path Type: min

Fanout         Cap        Slew       Delay        Time   Description
---------------------------------------------------------------------------------------------
                      0.150000    0.000000    0.000000   clock periph_clk (rise edge)
                                  0.000000    0.000000   clock network delay (ideal)
                      0.150000    0.000000    0.000000 ^ _2074_/CLK (gf180mcu_fd_sc_mcu7t5v0__dffsnq_1)
     2    0.008921    0.290689    1.484601    1.484601 v _2074_/Q (gf180mcu_fd_sc_mcu7t5v0__dffsnq_1)
                                                         u_uart_tx.reg_data[3] (net)
                      0.290689    0.000000    1.484601 v _1786_/A1 (gf180mcu_fd_sc_mcu7t5v0__nand2_1)
     1    0.004657    0.269460    0.245693    1.730294 ^ _1786_/ZN (gf180mcu_fd_sc_mcu7t5v0__nand2_1)
                                                         _0651_ (net)
                      0.269460    0.000000    1.730294 ^ _1793_/B (gf180mcu_fd_sc_mcu7t5v0__oai211_1)
     1    0.002637    0.363915    0.315237    2.045532 v _1793_/ZN (gf180mcu_fd_sc_mcu7t5v0__oai211_1)
                                                         _0262_ (net)
                      0.363915    0.000000    2.045532 v _2074_/D (gf180mcu_fd_sc_mcu7t5v0__dffsnq_1)
                                              2.045532   data arrival time

                      0.150000    0.000000    0.000000   clock periph_clk (rise edge)
                                  0.000000    0.000000   clock network delay (ideal)
                                  0.250000    0.250000   clock uncertainty
                                  0.000000    0.250000   clock reconvergence pessimism
                                              0.250000 ^ _2074_/CLK (gf180mcu_fd_sc_mcu7t5v0__dffsnq_1)
                                 -0.008742    0.241258   library hold time
                                              0.241258   data required time
---------------------------------------------------------------------------------------------
                                              0.241258   data required time
                                             -2.045532   data arrival time
---------------------------------------------------------------------------------------------
                                              1.804274   slack (MET)


Startpoint: _2075_ (rising edge-triggered flip-flop clocked by periph_clk)
Endpoint: _2075_ (rising edge-triggered flip-flop clocked by periph_clk)
Path Group: periph_clk
Path Type: min

Fanout         Cap        Slew       Delay        Time   Description
---------------------------------------------------------------------------------------------
                      0.150000    0.000000    0.000000   clock periph_clk (rise edge)
                                  0.000000    0.000000   clock network delay (ideal)
                      0.150000    0.000000    0.000000 ^ _2075_/CLK (gf180mcu_fd_sc_mcu7t5v0__dffsnq_1)
     2    0.008921    0.290689    1.484601    1.484601 v _2075_/Q (gf180mcu_fd_sc_mcu7t5v0__dffsnq_1)
                                                         u_uart_tx.reg_data[4] (net)
                      0.290689    0.000000    1.484601 v _1794_/A1 (gf180mcu_fd_sc_mcu7t5v0__nand2_1)
     1    0.004657    0.269460    0.245693    1.730294 ^ _1794_/ZN (gf180mcu_fd_sc_mcu7t5v0__nand2_1)
                                                         _0658_ (net)
                      0.269460    0.000000    1.730294 ^ _1801_/B (gf180mcu_fd_sc_mcu7t5v0__oai211_1)
     1    0.002637    0.363915    0.315237    2.045532 v _1801_/ZN (gf180mcu_fd_sc_mcu7t5v0__oai211_1)
                                                         _0263_ (net)
                      0.363915    0.000000    2.045532 v _2075_/D (gf180mcu_fd_sc_mcu7t5v0__dffsnq_1)
                                              2.045532   data arrival time

                      0.150000    0.000000    0.000000   clock periph_clk (rise edge)
                                  0.000000    0.000000   clock network delay (ideal)
                                  0.250000    0.250000   clock uncertainty
                                  0.000000    0.250000   clock reconvergence pessimism
                                              0.250000 ^ _2075_/CLK (gf180mcu_fd_sc_mcu7t5v0__dffsnq_1)
                                 -0.008742    0.241258   library hold time
                                              0.241258   data required time
---------------------------------------------------------------------------------------------
                                              0.241258   data required time
                                             -2.045532   data arrival time
---------------------------------------------------------------------------------------------
                                              1.804274   slack (MET)


Startpoint: _2076_ (rising edge-triggered flip-flop clocked by periph_clk)
Endpoint: _2076_ (rising edge-triggered flip-flop clocked by periph_clk)
Path Group: periph_clk
Path Type: min

Fanout         Cap        Slew       Delay        Time   Description
---------------------------------------------------------------------------------------------
                      0.150000    0.000000    0.000000   clock periph_clk (rise edge)
                                  0.000000    0.000000   clock network delay (ideal)
                      0.150000    0.000000    0.000000 ^ _2076_/CLK (gf180mcu_fd_sc_mcu7t5v0__dffsnq_1)
     2    0.008921    0.290689    1.484601    1.484601 v _2076_/Q (gf180mcu_fd_sc_mcu7t5v0__dffsnq_1)
                                                         u_uart_tx.reg_data[5] (net)
                      0.290689    0.000000    1.484601 v _1802_/A1 (gf180mcu_fd_sc_mcu7t5v0__nand2_1)
     1    0.004657    0.269460    0.245693    1.730294 ^ _1802_/ZN (gf180mcu_fd_sc_mcu7t5v0__nand2_1)
                                                         _0665_ (net)
                      0.269460    0.000000    1.730294 ^ _1809_/B (gf180mcu_fd_sc_mcu7t5v0__oai211_1)
     1    0.002637    0.363915    0.315237    2.045532 v _1809_/ZN (gf180mcu_fd_sc_mcu7t5v0__oai211_1)
                                                         _0264_ (net)
                      0.363915    0.000000    2.045532 v _2076_/D (gf180mcu_fd_sc_mcu7t5v0__dffsnq_1)
                                              2.045532   data arrival time

                      0.150000    0.000000    0.000000   clock periph_clk (rise edge)
                                  0.000000    0.000000   clock network delay (ideal)
                                  0.250000    0.250000   clock uncertainty
                                  0.000000    0.250000   clock reconvergence pessimism
                                              0.250000 ^ _2076_/CLK (gf180mcu_fd_sc_mcu7t5v0__dffsnq_1)
                                 -0.008742    0.241258   library hold time
                                              0.241258   data required time
---------------------------------------------------------------------------------------------
                                              0.241258   data required time
                                             -2.045532   data arrival time
---------------------------------------------------------------------------------------------
                                              1.804274   slack (MET)


Startpoint: _2077_ (rising edge-triggered flip-flop clocked by periph_clk)
Endpoint: _2077_ (rising edge-triggered flip-flop clocked by periph_clk)
Path Group: periph_clk
Path Type: min

Fanout         Cap        Slew       Delay        Time   Description
---------------------------------------------------------------------------------------------
                      0.150000    0.000000    0.000000   clock periph_clk (rise edge)
                                  0.000000    0.000000   clock network delay (ideal)
                      0.150000    0.000000    0.000000 ^ _2077_/CLK (gf180mcu_fd_sc_mcu7t5v0__dffsnq_1)
     2    0.008921    0.290689    1.484601    1.484601 v _2077_/Q (gf180mcu_fd_sc_mcu7t5v0__dffsnq_1)
                                                         u_uart_tx.reg_data[6] (net)
                      0.290689    0.000000    1.484601 v _1810_/A1 (gf180mcu_fd_sc_mcu7t5v0__nand2_1)
     1    0.004657    0.269460    0.245693    1.730294 ^ _1810_/ZN (gf180mcu_fd_sc_mcu7t5v0__nand2_1)
                                                         _0672_ (net)
                      0.269460    0.000000    1.730294 ^ _1817_/B (gf180mcu_fd_sc_mcu7t5v0__oai211_1)
     1    0.002637    0.363915    0.315237    2.045532 v _1817_/ZN (gf180mcu_fd_sc_mcu7t5v0__oai211_1)
                                                         _0265_ (net)
                      0.363915    0.000000    2.045532 v _2077_/D (gf180mcu_fd_sc_mcu7t5v0__dffsnq_1)
                                              2.045532   data arrival time

                      0.150000    0.000000    0.000000   clock periph_clk (rise edge)
                                  0.000000    0.000000   clock network delay (ideal)
                                  0.250000    0.250000   clock uncertainty
                                  0.000000    0.250000   clock reconvergence pessimism
                                              0.250000 ^ _2077_/CLK (gf180mcu_fd_sc_mcu7t5v0__dffsnq_1)
                                 -0.008742    0.241258   library hold time
                                              0.241258   data required time
---------------------------------------------------------------------------------------------
                                              0.241258   data required time
                                             -2.045532   data arrival time
---------------------------------------------------------------------------------------------
                                              1.804274   slack (MET)


Startpoint: _1928_ (rising edge-triggered flip-flop clocked by sys_clk)
Endpoint: _1928_ (rising edge-triggered flip-flop clocked by sys_clk)
Path Group: sys_clk
Path Type: min

Fanout         Cap        Slew       Delay        Time   Description
---------------------------------------------------------------------------------------------
                      0.150000    0.000000    0.000000   clock sys_clk (rise edge)
                                  0.000000    0.000000   clock network delay (ideal)
                      0.150000    0.000000    0.000000 ^ _1928_/CLK (gf180mcu_fd_sc_mcu7t5v0__dffrnq_1)
     7    0.030837    0.590298    1.568743    1.568743 v _1928_/Q (gf180mcu_fd_sc_mcu7t5v0__dffrnq_1)
                                                         u_dc_fifo_tx.u_din.write_token[0] (net)
                      0.590298    0.000000    1.568743 v _1528_/I0 (gf180mcu_fd_sc_mcu7t5v0__mux2_2)
     1    0.003014    0.190483    0.702754    2.271497 v _1528_/Z (gf180mcu_fd_sc_mcu7t5v0__mux2_2)
                                                         _0116_ (net)
                      0.190483    0.000000    2.271497 v _1928_/D (gf180mcu_fd_sc_mcu7t5v0__dffrnq_1)
                                              2.271497   data arrival time

                      0.150000    0.000000    0.000000   clock sys_clk (rise edge)
                                  0.000000    0.000000   clock network delay (ideal)
                                  0.250000    0.250000   clock uncertainty
                                  0.000000    0.250000   clock reconvergence pessimism
                                              0.250000 ^ _1928_/CLK (gf180mcu_fd_sc_mcu7t5v0__dffrnq_1)
                                  0.216906    0.466906   library hold time
                                              0.466906   data required time
---------------------------------------------------------------------------------------------
                                              0.466906   data required time
                                             -2.271497   data arrival time
---------------------------------------------------------------------------------------------
                                              1.804591   slack (MET)


Startpoint: _1928_ (rising edge-triggered flip-flop clocked by sys_clk)
Endpoint: _1929_ (rising edge-triggered flip-flop clocked by sys_clk)
Path Group: sys_clk
Path Type: min

Fanout         Cap        Slew       Delay        Time   Description
---------------------------------------------------------------------------------------------
                      0.150000    0.000000    0.000000   clock sys_clk (rise edge)
                                  0.000000    0.000000   clock network delay (ideal)
                      0.150000    0.000000    0.000000 ^ _1928_/CLK (gf180mcu_fd_sc_mcu7t5v0__dffrnq_1)
     7    0.030837    0.590298    1.568743    1.568743 v _1928_/Q (gf180mcu_fd_sc_mcu7t5v0__dffrnq_1)
                                                         u_dc_fifo_tx.u_din.write_token[0] (net)
                      0.590298    0.000000    1.568743 v _1529_/I1 (gf180mcu_fd_sc_mcu7t5v0__mux2_2)
     1    0.003014    0.190483    0.710239    2.278981 v _1529_/Z (gf180mcu_fd_sc_mcu7t5v0__mux2_2)
                                                         _0117_ (net)
                      0.190483    0.000000    2.278981 v _1929_/D (gf180mcu_fd_sc_mcu7t5v0__dffrnq_1)
                                              2.278981   data arrival time

                      0.150000    0.000000    0.000000   clock sys_clk (rise edge)
                                  0.000000    0.000000   clock network delay (ideal)
                                  0.250000    0.250000   clock uncertainty
                                  0.000000    0.250000   clock reconvergence pessimism
                                              0.250000 ^ _1929_/CLK (gf180mcu_fd_sc_mcu7t5v0__dffrnq_1)
                                  0.216906    0.466906   library hold time
                                              0.466906   data required time
---------------------------------------------------------------------------------------------
                                              0.466906   data required time
                                             -2.278981   data arrival time
---------------------------------------------------------------------------------------------
                                              1.812075   slack (MET)


Startpoint: _2090_ (rising edge-triggered flip-flop clocked by periph_clk)
Endpoint: _2090_ (rising edge-triggered flip-flop clocked by periph_clk)
Path Group: periph_clk
Path Type: min

Fanout         Cap        Slew       Delay        Time   Description
---------------------------------------------------------------------------------------------
                      0.150000    0.000000    0.000000   clock periph_clk (rise edge)
                                  0.000000    0.000000   clock network delay (ideal)
                      0.150000    0.000000    0.000000 ^ _2090_/CLK (gf180mcu_fd_sc_mcu7t5v0__dffrnq_1)
     6    0.031063    0.593695    1.571037    1.571037 v _2090_/Q (gf180mcu_fd_sc_mcu7t5v0__dffrnq_1)
                                                         r_uart_div[5] (net)
                      0.593695    0.000000    1.571037 v _1843_/I1 (gf180mcu_fd_sc_mcu7t5v0__mux2_2)
     1    0.003014    0.193174    0.710943    2.281981 v _1843_/Z (gf180mcu_fd_sc_mcu7t5v0__mux2_2)
                                                         _0278_ (net)
                      0.193174    0.000000    2.281981 v _2090_/D (gf180mcu_fd_sc_mcu7t5v0__dffrnq_1)
                                              2.281981   data arrival time

                      0.150000    0.000000    0.000000   clock periph_clk (rise edge)
                                  0.000000    0.000000   clock network delay (ideal)
                                  0.250000    0.250000   clock uncertainty
                                  0.000000    0.250000   clock reconvergence pessimism
                                              0.250000 ^ _2090_/CLK (gf180mcu_fd_sc_mcu7t5v0__dffrnq_1)
                                  0.216190    0.466190   library hold time
                                              0.466190   data required time
---------------------------------------------------------------------------------------------
                                              0.466190   data required time
                                             -2.281981   data arrival time
---------------------------------------------------------------------------------------------
                                              1.815790   slack (MET)


Startpoint: _2138_ (rising edge-triggered flip-flop clocked by periph_clk)
Endpoint: _2138_ (rising edge-triggered flip-flop clocked by periph_clk)
Path Group: periph_clk
Path Type: min

Fanout         Cap        Slew       Delay        Time   Description
---------------------------------------------------------------------------------------------
                      0.150000    0.000000    0.000000   clock periph_clk (rise edge)
                                  0.000000    0.000000   clock network delay (ideal)
                      0.150000    0.000000    0.000000 ^ _2138_/CLK (gf180mcu_fd_sc_mcu7t5v0__dffrnq_1)
     7    0.030705    0.588314    1.567402    1.567402 v _2138_/Q (gf180mcu_fd_sc_mcu7t5v0__dffrnq_1)
                                                         u_uart_tx.baud_cnt[8] (net)
                      0.588314    0.000000    1.567402 v _1221_/B (gf180mcu_fd_sc_mcu7t5v0__aoi21_1)
     1    0.004029    0.452561    0.412318    1.979720 ^ _1221_/ZN (gf180mcu_fd_sc_mcu7t5v0__aoi21_1)
                                                         _0356_ (net)
                      0.452561    0.000000    1.979720 ^ _1223_/A2 (gf180mcu_fd_sc_mcu7t5v0__nor3_1)
     1    0.003014    0.306455    0.286094    2.265814 v _1223_/ZN (gf180mcu_fd_sc_mcu7t5v0__nor3_1)
                                                         _0041_ (net)
                      0.306455    0.000000    2.265814 v _2138_/D (gf180mcu_fd_sc_mcu7t5v0__dffrnq_1)
                                              2.265814   data arrival time

                      0.150000    0.000000    0.000000   clock periph_clk (rise edge)
                                  0.000000    0.000000   clock network delay (ideal)
                                  0.250000    0.250000   clock uncertainty
                                  0.000000    0.250000   clock reconvergence pessimism
                                              0.250000 ^ _2138_/CLK (gf180mcu_fd_sc_mcu7t5v0__dffrnq_1)
                                  0.188905    0.438905   library hold time
                                              0.438905   data required time
---------------------------------------------------------------------------------------------
                                              0.438905   data required time
                                             -2.265814   data arrival time
---------------------------------------------------------------------------------------------
                                              1.826909   slack (MET)


Startpoint: _1894_ (rising edge-triggered flip-flop clocked by sys_clk)
Endpoint: _1894_ (rising edge-triggered flip-flop clocked by sys_clk)
Path Group: sys_clk
Path Type: min

Fanout         Cap        Slew       Delay        Time   Description
---------------------------------------------------------------------------------------------
                      0.150000    0.000000    0.000000   clock sys_clk (rise edge)
                                  0.000000    0.000000   clock network delay (ideal)
                      0.150000    0.000000    0.000000 ^ _1894_/CLK (gf180mcu_fd_sc_mcu7t5v0__dffrnq_1)
     7    0.032755    0.619127    1.588216    1.588216 v _1894_/Q (gf180mcu_fd_sc_mcu7t5v0__dffrnq_1)
                                                         u_dc_fifo_rx.u_dout.read_token[2] (net)
                      0.619127    0.000000    1.588216 v _1452_/I0 (gf180mcu_fd_sc_mcu7t5v0__mux2_2)
     1    0.003014    0.189531    0.708926    2.297142 v _1452_/Z (gf180mcu_fd_sc_mcu7t5v0__mux2_2)
                                                         _0082_ (net)
                      0.189531    0.000000    2.297142 v _1894_/D (gf180mcu_fd_sc_mcu7t5v0__dffrnq_1)
                                              2.297142   data arrival time

                      0.150000    0.000000    0.000000   clock sys_clk (rise edge)
                                  0.000000    0.000000   clock network delay (ideal)
                                  0.250000    0.250000   clock uncertainty
                                  0.000000    0.250000   clock reconvergence pessimism
                                              0.250000 ^ _1894_/CLK (gf180mcu_fd_sc_mcu7t5v0__dffrnq_1)
                                  0.217160    0.467160   library hold time
                                              0.467160   data required time
---------------------------------------------------------------------------------------------
                                              0.467160   data required time
                                             -2.297142   data arrival time
---------------------------------------------------------------------------------------------
                                              1.829982   slack (MET)


Startpoint: _2101_ (rising edge-triggered flip-flop clocked by periph_clk)
Endpoint: _2101_ (rising edge-triggered flip-flop clocked by periph_clk)
Path Group: periph_clk
Path Type: min

Fanout         Cap        Slew       Delay        Time   Description
---------------------------------------------------------------------------------------------
                      0.150000    0.000000    0.000000   clock periph_clk (rise edge)
                                  0.000000    0.000000   clock network delay (ideal)
                      0.150000    0.000000    0.000000 ^ _2101_/CLK (gf180mcu_fd_sc_mcu7t5v0__dffrnq_1)
     7    0.032422    0.614122    1.584835    1.584835 v _2101_/Q (gf180mcu_fd_sc_mcu7t5v0__dffrnq_1)
                                                         r_uart_bits[0] (net)
                      0.614122    0.000000    1.584835 v _1854_/I1 (gf180mcu_fd_sc_mcu7t5v0__mux2_2)
     1    0.003014    0.193174    0.715182    2.300017 v _1854_/Z (gf180mcu_fd_sc_mcu7t5v0__mux2_2)
                                                         _0289_ (net)
                      0.193174    0.000000    2.300017 v _2101_/D (gf180mcu_fd_sc_mcu7t5v0__dffrnq_1)
                                              2.300017   data arrival time

                      0.150000    0.000000    0.000000   clock periph_clk (rise edge)
                                  0.000000    0.000000   clock network delay (ideal)
                                  0.250000    0.250000   clock uncertainty
                                  0.000000    0.250000   clock reconvergence pessimism
                                              0.250000 ^ _2101_/CLK (gf180mcu_fd_sc_mcu7t5v0__dffrnq_1)
                                  0.216190    0.466190   library hold time
                                              0.466190   data required time
---------------------------------------------------------------------------------------------
                                              0.466190   data required time
                                             -2.300017   data arrival time
---------------------------------------------------------------------------------------------
                                              1.833827   slack (MET)


Startpoint: _1894_ (rising edge-triggered flip-flop clocked by sys_clk)
Endpoint: _1895_ (rising edge-triggered flip-flop clocked by sys_clk)
Path Group: sys_clk
Path Type: min

Fanout         Cap        Slew       Delay        Time   Description
---------------------------------------------------------------------------------------------
                      0.150000    0.000000    0.000000   clock sys_clk (rise edge)
                                  0.000000    0.000000   clock network delay (ideal)
                      0.150000    0.000000    0.000000 ^ _1894_/CLK (gf180mcu_fd_sc_mcu7t5v0__dffrnq_1)
     7    0.032755    0.619127    1.588216    1.588216 v _1894_/Q (gf180mcu_fd_sc_mcu7t5v0__dffrnq_1)
                                                         u_dc_fifo_rx.u_dout.read_token[2] (net)
                      0.619127    0.000000    1.588216 v _1453_/I1 (gf180mcu_fd_sc_mcu7t5v0__mux2_2)
     1    0.003014    0.189531    0.716221    2.304437 v _1453_/Z (gf180mcu_fd_sc_mcu7t5v0__mux2_2)
                                                         _0083_ (net)
                      0.189531    0.000000    2.304437 v _1895_/D (gf180mcu_fd_sc_mcu7t5v0__dffrnq_1)
                                              2.304437   data arrival time

                      0.150000    0.000000    0.000000   clock sys_clk (rise edge)
                                  0.000000    0.000000   clock network delay (ideal)
                                  0.250000    0.250000   clock uncertainty
                                  0.000000    0.250000   clock reconvergence pessimism
                                              0.250000 ^ _1895_/CLK (gf180mcu_fd_sc_mcu7t5v0__dffrnq_1)
                                  0.217160    0.467160   library hold time
                                              0.467160   data required time
---------------------------------------------------------------------------------------------
                                              0.467160   data required time
                                             -2.304437   data arrival time
---------------------------------------------------------------------------------------------
                                              1.837277   slack (MET)


Startpoint: _2086_ (rising edge-triggered flip-flop clocked by periph_clk)
Endpoint: _2086_ (rising edge-triggered flip-flop clocked by periph_clk)
Path Group: periph_clk
Path Type: min

Fanout         Cap        Slew       Delay        Time   Description
---------------------------------------------------------------------------------------------
                      0.150000    0.000000    0.000000   clock periph_clk (rise edge)
                                  0.000000    0.000000   clock network delay (ideal)
                      0.150000    0.000000    0.000000 ^ _2086_/CLK (gf180mcu_fd_sc_mcu7t5v0__dffrnq_1)
     6    0.033456    0.629664    1.595334    1.595334 v _2086_/Q (gf180mcu_fd_sc_mcu7t5v0__dffrnq_1)
                                                         r_uart_div[1] (net)
                      0.629664    0.000000    1.595334 v _1839_/I1 (gf180mcu_fd_sc_mcu7t5v0__mux2_2)
     1    0.003014    0.193174    0.718407    2.313740 v _1839_/Z (gf180mcu_fd_sc_mcu7t5v0__mux2_2)
                                                         _0274_ (net)
                      0.193174    0.000000    2.313740 v _2086_/D (gf180mcu_fd_sc_mcu7t5v0__dffrnq_1)
                                              2.313740   data arrival time

                      0.150000    0.000000    0.000000   clock periph_clk (rise edge)
                                  0.000000    0.000000   clock network delay (ideal)
                                  0.250000    0.250000   clock uncertainty
                                  0.000000    0.250000   clock reconvergence pessimism
                                              0.250000 ^ _2086_/CLK (gf180mcu_fd_sc_mcu7t5v0__dffrnq_1)
                                  0.216190    0.466190   library hold time
                                              0.466190   data required time
---------------------------------------------------------------------------------------------
                                              0.466190   data required time
                                             -2.313740   data arrival time
---------------------------------------------------------------------------------------------
                                              1.847550   slack (MET)


Startpoint: _2087_ (rising edge-triggered flip-flop clocked by periph_clk)
Endpoint: _2087_ (rising edge-triggered flip-flop clocked by periph_clk)
Path Group: periph_clk
Path Type: min

Fanout         Cap        Slew       Delay        Time   Description
---------------------------------------------------------------------------------------------
                      0.150000    0.000000    0.000000   clock periph_clk (rise edge)
                                  0.000000    0.000000   clock network delay (ideal)
                      0.150000    0.000000    0.000000 ^ _2087_/CLK (gf180mcu_fd_sc_mcu7t5v0__dffrnq_1)
     7    0.033992    0.637720    1.600776    1.600776 v _2087_/Q (gf180mcu_fd_sc_mcu7t5v0__dffrnq_1)
                                                         r_uart_div[2] (net)
                      0.637720    0.000000    1.600776 v _1840_/I1 (gf180mcu_fd_sc_mcu7t5v0__mux2_2)
     1    0.003014    0.193174    0.720079    2.320854 v _1840_/Z (gf180mcu_fd_sc_mcu7t5v0__mux2_2)
                                                         _0275_ (net)
                      0.193174    0.000000    2.320854 v _2087_/D (gf180mcu_fd_sc_mcu7t5v0__dffrnq_1)
                                              2.320854   data arrival time

                      0.150000    0.000000    0.000000   clock periph_clk (rise edge)
                                  0.000000    0.000000   clock network delay (ideal)
                                  0.250000    0.250000   clock uncertainty
                                  0.000000    0.250000   clock reconvergence pessimism
                                              0.250000 ^ _2087_/CLK (gf180mcu_fd_sc_mcu7t5v0__dffrnq_1)
                                  0.216190    0.466190   library hold time
                                              0.466190   data required time
---------------------------------------------------------------------------------------------
                                              0.466190   data required time
                                             -2.320854   data arrival time
---------------------------------------------------------------------------------------------
                                              1.854664   slack (MET)


Startpoint: _2088_ (rising edge-triggered flip-flop clocked by periph_clk)
Endpoint: _2088_ (rising edge-triggered flip-flop clocked by periph_clk)
Path Group: periph_clk
Path Type: min

Fanout         Cap        Slew       Delay        Time   Description
---------------------------------------------------------------------------------------------
                      0.150000    0.000000    0.000000   clock periph_clk (rise edge)
                                  0.000000    0.000000   clock network delay (ideal)
                      0.150000    0.000000    0.000000 ^ _2088_/CLK (gf180mcu_fd_sc_mcu7t5v0__dffrnq_1)
     7    0.034106    0.639434    1.601933    1.601933 v _2088_/Q (gf180mcu_fd_sc_mcu7t5v0__dffrnq_1)
                                                         r_uart_div[3] (net)
                      0.639434    0.000000    1.601933 v _1841_/I1 (gf180mcu_fd_sc_mcu7t5v0__mux2_2)
     1    0.003014    0.193174    0.720434    2.322367 v _1841_/Z (gf180mcu_fd_sc_mcu7t5v0__mux2_2)
                                                         _0276_ (net)
                      0.193174    0.000000    2.322367 v _2088_/D (gf180mcu_fd_sc_mcu7t5v0__dffrnq_1)
                                              2.322367   data arrival time

                      0.150000    0.000000    0.000000   clock periph_clk (rise edge)
                                  0.000000    0.000000   clock network delay (ideal)
                                  0.250000    0.250000   clock uncertainty
                                  0.000000    0.250000   clock reconvergence pessimism
                                              0.250000 ^ _2088_/CLK (gf180mcu_fd_sc_mcu7t5v0__dffrnq_1)
                                  0.216190    0.466190   library hold time
                                              0.466190   data required time
---------------------------------------------------------------------------------------------
                                              0.466190   data required time
                                             -2.322367   data arrival time
---------------------------------------------------------------------------------------------
                                              1.856177   slack (MET)


Startpoint: _2091_ (rising edge-triggered flip-flop clocked by periph_clk)
Endpoint: _2091_ (rising edge-triggered flip-flop clocked by periph_clk)
Path Group: periph_clk
Path Type: min

Fanout         Cap        Slew       Delay        Time   Description
---------------------------------------------------------------------------------------------
                      0.150000    0.000000    0.000000   clock periph_clk (rise edge)
                                  0.000000    0.000000   clock network delay (ideal)
                      0.150000    0.000000    0.000000 ^ _2091_/CLK (gf180mcu_fd_sc_mcu7t5v0__dffrnq_1)
     7    0.034106    0.639434    1.601933    1.601933 v _2091_/Q (gf180mcu_fd_sc_mcu7t5v0__dffrnq_1)
                                                         r_uart_div[6] (net)
                      0.639434    0.000000    1.601933 v _1844_/I1 (gf180mcu_fd_sc_mcu7t5v0__mux2_2)
     1    0.003014    0.193174    0.720434    2.322367 v _1844_/Z (gf180mcu_fd_sc_mcu7t5v0__mux2_2)
                                                         _0279_ (net)
                      0.193174    0.000000    2.322367 v _2091_/D (gf180mcu_fd_sc_mcu7t5v0__dffrnq_1)
                                              2.322367   data arrival time

                      0.150000    0.000000    0.000000   clock periph_clk (rise edge)
                                  0.000000    0.000000   clock network delay (ideal)
                                  0.250000    0.250000   clock uncertainty
                                  0.000000    0.250000   clock reconvergence pessimism
                                              0.250000 ^ _2091_/CLK (gf180mcu_fd_sc_mcu7t5v0__dffrnq_1)
                                  0.216190    0.466190   library hold time
                                              0.466190   data required time
---------------------------------------------------------------------------------------------
                                              0.466190   data required time
                                             -2.322367   data arrival time
---------------------------------------------------------------------------------------------
                                              1.856177   slack (MET)


Startpoint: _2135_ (rising edge-triggered flip-flop clocked by periph_clk)
Endpoint: _2135_ (rising edge-triggered flip-flop clocked by periph_clk)
Path Group: periph_clk
Path Type: min

Fanout         Cap        Slew       Delay        Time   Description
---------------------------------------------------------------------------------------------
                      0.150000    0.000000    0.000000   clock periph_clk (rise edge)
                                  0.000000    0.000000   clock network delay (ideal)
                      0.150000    0.000000    0.000000 ^ _2135_/CLK (gf180mcu_fd_sc_mcu7t5v0__dffrnq_1)
     8    0.032918    0.621577    1.589871    1.589871 v _2135_/Q (gf180mcu_fd_sc_mcu7t5v0__dffrnq_1)
                                                         u_uart_tx.baud_cnt[5] (net)
                      0.621577    0.000000    1.589871 v _1210_/B (gf180mcu_fd_sc_mcu7t5v0__aoi21_1)
     1    0.004029    0.459118    0.418064    2.007935 ^ _1210_/ZN (gf180mcu_fd_sc_mcu7t5v0__aoi21_1)
                                                         _0348_ (net)
                      0.459118    0.000000    2.007935 ^ _1212_/A2 (gf180mcu_fd_sc_mcu7t5v0__nor3_1)
     1    0.003014    0.307917    0.287344    2.295279 v _1212_/ZN (gf180mcu_fd_sc_mcu7t5v0__nor3_1)
                                                         _0038_ (net)
                      0.307917    0.000000    2.295279 v _2135_/D (gf180mcu_fd_sc_mcu7t5v0__dffrnq_1)
                                              2.295279   data arrival time

                      0.150000    0.000000    0.000000   clock periph_clk (rise edge)
                                  0.000000    0.000000   clock network delay (ideal)
                                  0.250000    0.250000   clock uncertainty
                                  0.000000    0.250000   clock reconvergence pessimism
                                              0.250000 ^ _2135_/CLK (gf180mcu_fd_sc_mcu7t5v0__dffrnq_1)
                                  0.188576    0.438576   library hold time
                                              0.438576   data required time
---------------------------------------------------------------------------------------------
                                              0.438576   data required time
                                             -2.295279   data arrival time
---------------------------------------------------------------------------------------------
                                              1.856704   slack (MET)


Startpoint: _2100_ (rising edge-triggered flip-flop clocked by periph_clk)
Endpoint: _2100_ (rising edge-triggered flip-flop clocked by periph_clk)
Path Group: periph_clk
Path Type: min

Fanout         Cap        Slew       Delay        Time   Description
---------------------------------------------------------------------------------------------
                      0.150000    0.000000    0.000000   clock periph_clk (rise edge)
                                  0.000000    0.000000   clock network delay (ideal)
                      0.150000    0.000000    0.000000 ^ _2100_/CLK (gf180mcu_fd_sc_mcu7t5v0__dffrnq_1)
     7    0.035777    0.664550    1.618899    1.618899 v _2100_/Q (gf180mcu_fd_sc_mcu7t5v0__dffrnq_1)
                                                         r_uart_div[15] (net)
                      0.664550    0.000000    1.618899 v _1853_/I1 (gf180mcu_fd_sc_mcu7t5v0__mux2_2)
     1    0.003014    0.193174    0.725646    2.344545 v _1853_/Z (gf180mcu_fd_sc_mcu7t5v0__mux2_2)
                                                         _0288_ (net)
                      0.193174    0.000000    2.344545 v _2100_/D (gf180mcu_fd_sc_mcu7t5v0__dffrnq_1)
                                              2.344545   data arrival time

                      0.150000    0.000000    0.000000   clock periph_clk (rise edge)
                                  0.000000    0.000000   clock network delay (ideal)
                                  0.250000    0.250000   clock uncertainty
                                  0.000000    0.250000   clock reconvergence pessimism
                                              0.250000 ^ _2100_/CLK (gf180mcu_fd_sc_mcu7t5v0__dffrnq_1)
                                  0.216190    0.466190   library hold time
                                              0.466190   data required time
---------------------------------------------------------------------------------------------
                                              0.466190   data required time
                                             -2.344545   data arrival time
---------------------------------------------------------------------------------------------
                                              1.878355   slack (MET)


Startpoint: _2071_ (rising edge-triggered flip-flop clocked by periph_clk)
Endpoint: _2071_ (rising edge-triggered flip-flop clocked by periph_clk)
Path Group: periph_clk
Path Type: min

Fanout         Cap        Slew       Delay        Time   Description
---------------------------------------------------------------------------------------------
                      0.150000    0.000000    0.000000   clock periph_clk (rise edge)
                                  0.000000    0.000000   clock network delay (ideal)
                      0.150000    0.000000    0.000000 ^ _2071_/CLK (gf180mcu_fd_sc_mcu7t5v0__dffsnq_1)
     3    0.013633    0.360401    1.540850    1.540850 v _2071_/Q (gf180mcu_fd_sc_mcu7t5v0__dffsnq_1)
                                                         u_uart_tx.reg_data[0] (net)
                      0.360401    0.000000    1.540850 v _1762_/A1 (gf180mcu_fd_sc_mcu7t5v0__nand2_1)
     1    0.004657    0.282519    0.265152    1.806002 ^ _1762_/ZN (gf180mcu_fd_sc_mcu7t5v0__nand2_1)
                                                         _0630_ (net)
                      0.282519    0.000000    1.806002 ^ _1769_/B (gf180mcu_fd_sc_mcu7t5v0__oai211_1)
     1    0.002637    0.365458    0.316853    2.122855 v _1769_/ZN (gf180mcu_fd_sc_mcu7t5v0__oai211_1)
                                                         _0259_ (net)
                      0.365458    0.000000    2.122855 v _2071_/D (gf180mcu_fd_sc_mcu7t5v0__dffsnq_1)
                                              2.122855   data arrival time

                      0.150000    0.000000    0.000000   clock periph_clk (rise edge)
                                  0.000000    0.000000   clock network delay (ideal)
                                  0.250000    0.250000   clock uncertainty
                                  0.000000    0.250000   clock reconvergence pessimism
                                              0.250000 ^ _2071_/CLK (gf180mcu_fd_sc_mcu7t5v0__dffsnq_1)
                                 -0.009213    0.240787   library hold time
                                              0.240787   data required time
---------------------------------------------------------------------------------------------
                                              0.240787   data required time
                                             -2.122855   data arrival time
---------------------------------------------------------------------------------------------
                                              1.882069   slack (MET)


Startpoint: _1934_ (rising edge-triggered flip-flop clocked by periph_clk)
Endpoint: _1935_ (rising edge-triggered flip-flop clocked by periph_clk)
Path Group: periph_clk
Path Type: min

Fanout         Cap        Slew       Delay        Time   Description
---------------------------------------------------------------------------------------------
                      0.150000    0.000000    0.000000   clock periph_clk (rise edge)
                                  0.000000    0.000000   clock network delay (ideal)
                      0.150000    0.000000    0.000000 ^ _1934_/CLK (gf180mcu_fd_sc_mcu7t5v0__dffrnq_1)
     8    0.037014    0.683144    1.631459    1.631459 v _1934_/Q (gf180mcu_fd_sc_mcu7t5v0__dffrnq_1)
                                                         u_dc_fifo_tx.u_dout.read_token[2] (net)
                      0.683144    0.000000    1.631459 v _1545_/I0 (gf180mcu_fd_sc_mcu7t5v0__mux2_2)
     1    0.003014    0.192138    0.722629    2.354088 v _1545_/Z (gf180mcu_fd_sc_mcu7t5v0__mux2_2)
                                                         _0123_ (net)
                      0.192138    0.000000    2.354088 v _1935_/D (gf180mcu_fd_sc_mcu7t5v0__dffrnq_1)
                                              2.354088   data arrival time

                      0.150000    0.000000    0.000000   clock periph_clk (rise edge)
                                  0.000000    0.000000   clock network delay (ideal)
                                  0.250000    0.250000   clock uncertainty
                                  0.000000    0.250000   clock reconvergence pessimism
                                              0.250000 ^ _1935_/CLK (gf180mcu_fd_sc_mcu7t5v0__dffrnq_1)
                                  0.216466    0.466466   library hold time
                                              0.466466   data required time
---------------------------------------------------------------------------------------------
                                              0.466466   data required time
                                             -2.354088   data arrival time
---------------------------------------------------------------------------------------------
                                              1.887622   slack (MET)


Startpoint: _2095_ (rising edge-triggered flip-flop clocked by periph_clk)
Endpoint: _2095_ (rising edge-triggered flip-flop clocked by periph_clk)
Path Group: periph_clk
Path Type: min

Fanout         Cap        Slew       Delay        Time   Description
---------------------------------------------------------------------------------------------
                      0.150000    0.000000    0.000000   clock periph_clk (rise edge)
                                  0.000000    0.000000   clock network delay (ideal)
                      0.150000    0.000000    0.000000 ^ _2095_/CLK (gf180mcu_fd_sc_mcu7t5v0__dffrnq_1)
     8    0.036865    0.680904    1.629946    1.629946 v _2095_/Q (gf180mcu_fd_sc_mcu7t5v0__dffrnq_1)
                                                         r_uart_div[10] (net)
                      0.680904    0.000000    1.629946 v _1848_/I1 (gf180mcu_fd_sc_mcu7t5v0__mux2_2)
     1    0.003014    0.193174    0.729039    2.358985 v _1848_/Z (gf180mcu_fd_sc_mcu7t5v0__mux2_2)
                                                         _0283_ (net)
                      0.193174    0.000000    2.358985 v _2095_/D (gf180mcu_fd_sc_mcu7t5v0__dffrnq_1)
                                              2.358985   data arrival time

                      0.150000    0.000000    0.000000   clock periph_clk (rise edge)
                                  0.000000    0.000000   clock network delay (ideal)
                                  0.250000    0.250000   clock uncertainty
                                  0.000000    0.250000   clock reconvergence pessimism
                                              0.250000 ^ _2095_/CLK (gf180mcu_fd_sc_mcu7t5v0__dffrnq_1)
                                  0.216190    0.466190   library hold time
                                              0.466190   data required time
---------------------------------------------------------------------------------------------
                                              0.466190   data required time
                                             -2.358985   data arrival time
---------------------------------------------------------------------------------------------
                                              1.892795   slack (MET)


Startpoint: _1934_ (rising edge-triggered flip-flop clocked by periph_clk)
Endpoint: _1934_ (rising edge-triggered flip-flop clocked by periph_clk)
Path Group: periph_clk
Path Type: min

Fanout         Cap        Slew       Delay        Time   Description
---------------------------------------------------------------------------------------------
                      0.150000    0.000000    0.000000   clock periph_clk (rise edge)
                                  0.000000    0.000000   clock network delay (ideal)
                      0.150000    0.000000    0.000000 ^ _1934_/CLK (gf180mcu_fd_sc_mcu7t5v0__dffrnq_1)
     8    0.037014    0.683144    1.631459    1.631459 v _1934_/Q (gf180mcu_fd_sc_mcu7t5v0__dffrnq_1)
                                                         u_dc_fifo_tx.u_dout.read_token[2] (net)
                      0.683144    0.000000    1.631459 v _1544_/I1 (gf180mcu_fd_sc_mcu7t5v0__mux2_2)
     1    0.003014    0.192138    0.729504    2.360963 v _1544_/Z (gf180mcu_fd_sc_mcu7t5v0__mux2_2)
                                                         _0122_ (net)
                      0.192138    0.000000    2.360963 v _1934_/D (gf180mcu_fd_sc_mcu7t5v0__dffrnq_1)
                                              2.360963   data arrival time

                      0.150000    0.000000    0.000000   clock periph_clk (rise edge)
                                  0.000000    0.000000   clock network delay (ideal)
                                  0.250000    0.250000   clock uncertainty
                                  0.000000    0.250000   clock reconvergence pessimism
                                              0.250000 ^ _1934_/CLK (gf180mcu_fd_sc_mcu7t5v0__dffrnq_1)
                                  0.216466    0.466466   library hold time
                                              0.466466   data required time
---------------------------------------------------------------------------------------------
                                              0.466466   data required time
                                             -2.360963   data arrival time
---------------------------------------------------------------------------------------------
                                              1.894497   slack (MET)


Startpoint: _1956_ (rising edge-triggered flip-flop clocked by sys_clk)
Endpoint: _1956_ (rising edge-triggered flip-flop clocked by sys_clk)
Path Group: sys_clk
Path Type: min

Fanout         Cap        Slew       Delay        Time   Description
---------------------------------------------------------------------------------------------
                      0.150000    0.000000    0.000000   clock sys_clk (rise edge)
                                  0.000000    0.000000   clock network delay (ideal)
                      0.150000    0.000000    0.000000 ^ _1956_/CLK (gf180mcu_fd_sc_mcu7t5v0__dffrnq_1)
     6    0.027950    0.546904    1.539430    1.539430 v _1956_/Q (gf180mcu_fd_sc_mcu7t5v0__dffrnq_1)
                                                         u_fifo.i_fifo.elements[0] (net)
                      0.546904    0.000000    1.539430 v _0901_/I (gf180mcu_fd_sc_mcu7t5v0__clkinv_1)
     4    0.022565    0.721475    0.570900    2.110331 ^ _0901_/ZN (gf180mcu_fd_sc_mcu7t5v0__clkinv_1)
                                                         _0692_ (net)
                      0.721475    0.000000    2.110331 ^ _1578_/A1 (gf180mcu_fd_sc_mcu7t5v0__xor2_1)
     1    0.003014    0.309250    0.229133    2.339463 v _1578_/Z (gf180mcu_fd_sc_mcu7t5v0__xor2_1)
                                                         _0144_ (net)
                      0.309250    0.000000    2.339463 v _1956_/D (gf180mcu_fd_sc_mcu7t5v0__dffrnq_1)
                                              2.339463   data arrival time

                      0.150000    0.000000    0.000000   clock sys_clk (rise edge)
                                  0.000000    0.000000   clock network delay (ideal)
                                  0.250000    0.250000   clock uncertainty
                                  0.000000    0.250000   clock reconvergence pessimism
                                              0.250000 ^ _1956_/CLK (gf180mcu_fd_sc_mcu7t5v0__dffrnq_1)
                                  0.188276    0.438276   library hold time
                                              0.438276   data required time
---------------------------------------------------------------------------------------------
                                              0.438276   data required time
                                             -2.339463   data arrival time
---------------------------------------------------------------------------------------------
                                              1.901187   slack (MET)


Startpoint: _2102_ (rising edge-triggered flip-flop clocked by periph_clk)
Endpoint: _2102_ (rising edge-triggered flip-flop clocked by periph_clk)
Path Group: periph_clk
Path Type: min

Fanout         Cap        Slew       Delay        Time   Description
---------------------------------------------------------------------------------------------
                      0.150000    0.000000    0.000000   clock periph_clk (rise edge)
                                  0.000000    0.000000   clock network delay (ideal)
                      0.150000    0.000000    0.000000 ^ _2102_/CLK (gf180mcu_fd_sc_mcu7t5v0__dffrnq_1)
     8    0.038037    0.698955    1.641666    1.641666 v _2102_/Q (gf180mcu_fd_sc_mcu7t5v0__dffrnq_1)
                                                         r_uart_bits[1] (net)
                      0.698955    0.000000    1.641666 v _1855_/I1 (gf180mcu_fd_sc_mcu7t5v0__mux2_2)
     1    0.003014    0.193174    0.732785    2.374451 v _1855_/Z (gf180mcu_fd_sc_mcu7t5v0__mux2_2)
                                                         _0290_ (net)
                      0.193174    0.000000    2.374451 v _2102_/D (gf180mcu_fd_sc_mcu7t5v0__dffrnq_1)
                                              2.374451   data arrival time

                      0.150000    0.000000    0.000000   clock periph_clk (rise edge)
                                  0.000000    0.000000   clock network delay (ideal)
                                  0.250000    0.250000   clock uncertainty
                                  0.000000    0.250000   clock reconvergence pessimism
                                              0.250000 ^ _2102_/CLK (gf180mcu_fd_sc_mcu7t5v0__dffrnq_1)
                                  0.216190    0.466190   library hold time
                                              0.466190   data required time
---------------------------------------------------------------------------------------------
                                              0.466190   data required time
                                             -2.374451   data arrival time
---------------------------------------------------------------------------------------------
                                              1.908261   slack (MET)


Startpoint: _2097_ (rising edge-triggered flip-flop clocked by periph_clk)
Endpoint: _2097_ (rising edge-triggered flip-flop clocked by periph_clk)
Path Group: periph_clk
Path Type: min

Fanout         Cap        Slew       Delay        Time   Description
---------------------------------------------------------------------------------------------
                      0.150000    0.000000    0.000000   clock periph_clk (rise edge)
                                  0.000000    0.000000   clock network delay (ideal)
                      0.150000    0.000000    0.000000 ^ _2097_/CLK (gf180mcu_fd_sc_mcu7t5v0__dffrnq_1)
     8    0.038659    0.708860    1.647753    1.647753 v _2097_/Q (gf180mcu_fd_sc_mcu7t5v0__dffrnq_1)
                                                         r_uart_div[12] (net)
                      0.708860    0.000000    1.647753 v _1850_/I1 (gf180mcu_fd_sc_mcu7t5v0__mux2_2)
     1    0.003014    0.193174    0.734840    2.382593 v _1850_/Z (gf180mcu_fd_sc_mcu7t5v0__mux2_2)
                                                         _0285_ (net)
                      0.193174    0.000000    2.382593 v _2097_/D (gf180mcu_fd_sc_mcu7t5v0__dffrnq_1)
                                              2.382593   data arrival time

                      0.150000    0.000000    0.000000   clock periph_clk (rise edge)
                                  0.000000    0.000000   clock network delay (ideal)
                                  0.250000    0.250000   clock uncertainty
                                  0.000000    0.250000   clock reconvergence pessimism
                                              0.250000 ^ _2097_/CLK (gf180mcu_fd_sc_mcu7t5v0__dffrnq_1)
                                  0.216190    0.466190   library hold time
                                              0.466190   data required time
---------------------------------------------------------------------------------------------
                                              0.466190   data required time
                                             -2.382593   data arrival time
---------------------------------------------------------------------------------------------
                                              1.916403   slack (MET)


Startpoint: _2130_ (rising edge-triggered flip-flop clocked by periph_clk)
Endpoint: _2130_ (rising edge-triggered flip-flop clocked by periph_clk)
Path Group: periph_clk
Path Type: min

Fanout         Cap        Slew       Delay        Time   Description
---------------------------------------------------------------------------------------------
                      0.150000    0.000000    0.000000   clock periph_clk (rise edge)
                                  0.000000    0.000000   clock network delay (ideal)
                      0.150000    0.000000    0.000000 ^ _2130_/CLK (gf180mcu_fd_sc_mcu7t5v0__dffrnq_1)
     7    0.030214    0.580934    1.562417    1.562417 v _2130_/Q (gf180mcu_fd_sc_mcu7t5v0__dffrnq_1)
                                                         u_uart_tx.baud_cnt[0] (net)
                      0.580934    0.000000    1.562417 v _1197_/A2 (gf180mcu_fd_sc_mcu7t5v0__nor2_1)
     1    0.003014    0.427325    0.371821    1.934239 ^ _1197_/ZN (gf180mcu_fd_sc_mcu7t5v0__nor2_1)
                                                         _0027_ (net)
                      0.427325    0.000000    1.934239 ^ _2130_/D (gf180mcu_fd_sc_mcu7t5v0__dffrnq_1)
                                              1.934239   data arrival time

                      0.150000    0.000000    0.000000   clock periph_clk (rise edge)
                                  0.000000    0.000000   clock network delay (ideal)
                                  0.250000    0.250000   clock uncertainty
                                  0.000000    0.250000   clock reconvergence pessimism
                                              0.250000 ^ _2130_/CLK (gf180mcu_fd_sc_mcu7t5v0__dffrnq_1)
                                 -0.234033    0.015967   library hold time
                                              0.015967   data required time
---------------------------------------------------------------------------------------------
                                              0.015967   data required time
                                             -1.934239   data arrival time
---------------------------------------------------------------------------------------------
                                              1.918272   slack (MET)


Startpoint: _1889_ (rising edge-triggered flip-flop clocked by periph_clk)
Endpoint: _1890_ (rising edge-triggered flip-flop clocked by periph_clk)
Path Group: periph_clk
Path Type: min

Fanout         Cap        Slew       Delay        Time   Description
---------------------------------------------------------------------------------------------
                      0.150000    0.000000    0.000000   clock periph_clk (rise edge)
                                  0.000000    0.000000   clock network delay (ideal)
                      0.150000    0.000000    0.000000 ^ _1889_/CLK (gf180mcu_fd_sc_mcu7t5v0__dffrnq_1)
     7    0.030159    0.580107    1.561859    1.561859 v _1889_/Q (gf180mcu_fd_sc_mcu7t5v0__dffrnq_1)
                                                         u_dc_fifo_rx.u_din.write_token[1] (net)
                      0.580107    0.000000    1.561859 v _1444_/I1 (gf180mcu_fd_sc_mcu7t5v0__mux2_2)
     1    0.002637    0.185063    0.703385    2.265244 v _1444_/Z (gf180mcu_fd_sc_mcu7t5v0__mux2_2)
                                                         _0078_ (net)
                      0.185063    0.000000    2.265244 v _1890_/D (gf180mcu_fd_sc_mcu7t5v0__dffsnq_1)
                                              2.265244   data arrival time

                      0.150000    0.000000    0.000000   clock periph_clk (rise edge)
                                  0.000000    0.000000   clock network delay (ideal)
                                  0.250000    0.250000   clock uncertainty
                                  0.000000    0.250000   clock reconvergence pessimism
                                              0.250000 ^ _1890_/CLK (gf180mcu_fd_sc_mcu7t5v0__dffsnq_1)
                                  0.046600    0.296600   library hold time
                                              0.296600   data required time
---------------------------------------------------------------------------------------------
                                              0.296600   data required time
                                             -2.265244   data arrival time
---------------------------------------------------------------------------------------------
                                              1.968644   slack (MET)


Startpoint: _1895_ (rising edge-triggered flip-flop clocked by sys_clk)
Endpoint: _1892_ (rising edge-triggered flip-flop clocked by sys_clk)
Path Group: sys_clk
Path Type: min

Fanout         Cap        Slew       Delay        Time   Description
---------------------------------------------------------------------------------------------
                      0.150000    0.000000    0.000000   clock sys_clk (rise edge)
                                  0.000000    0.000000   clock network delay (ideal)
                      0.150000    0.000000    0.000000 ^ _1895_/CLK (gf180mcu_fd_sc_mcu7t5v0__dffrnq_1)
     7    0.033330    0.627770    1.594054    1.594054 v _1895_/Q (gf180mcu_fd_sc_mcu7t5v0__dffrnq_1)
                                                         u_dc_fifo_rx.u_dout.read_token[3] (net)
                      0.627770    0.000000    1.594054 v _1450_/I1 (gf180mcu_fd_sc_mcu7t5v0__mux2_2)
     1    0.002637    0.184905    0.713266    2.307320 v _1450_/Z (gf180mcu_fd_sc_mcu7t5v0__mux2_2)
                                                         _0080_ (net)
                      0.184905    0.000000    2.307320 v _1892_/D (gf180mcu_fd_sc_mcu7t5v0__dffsnq_1)
                                              2.307320   data arrival time

                      0.150000    0.000000    0.000000   clock sys_clk (rise edge)
                                  0.000000    0.000000   clock network delay (ideal)
                                  0.250000    0.250000   clock uncertainty
                                  0.000000    0.250000   clock reconvergence pessimism
                                              0.250000 ^ _1892_/CLK (gf180mcu_fd_sc_mcu7t5v0__dffsnq_1)
                                  0.046650    0.296650   library hold time
                                              0.296650   data required time
---------------------------------------------------------------------------------------------
                                              0.296650   data required time
                                             -2.307320   data arrival time
---------------------------------------------------------------------------------------------
                                              2.010670   slack (MET)


Startpoint: _2101_ (rising edge-triggered flip-flop clocked by periph_clk)
Endpoint: _2062_ (rising edge-triggered flip-flop clocked by periph_clk)
Path Group: periph_clk
Path Type: min

Fanout         Cap        Slew       Delay        Time   Description
---------------------------------------------------------------------------------------------
                      0.150000    0.000000    0.000000   clock periph_clk (rise edge)
                                  0.000000    0.000000   clock network delay (ideal)
                      0.150000    0.000000    0.000000 ^ _2101_/CLK (gf180mcu_fd_sc_mcu7t5v0__dffrnq_1)
     7    0.032422    0.614122    1.584835    1.584835 v _2101_/Q (gf180mcu_fd_sc_mcu7t5v0__dffrnq_1)
                                                         r_uart_bits[0] (net)
                      0.614122    0.000000    1.584835 v _1719_/A2 (gf180mcu_fd_sc_mcu7t5v0__nor2_1)
     1    0.004410    0.482952    0.422527    2.007362 ^ _1719_/ZN (gf180mcu_fd_sc_mcu7t5v0__nor2_1)
                                                         _0596_ (net)
                      0.482952    0.000000    2.007362 ^ _1722_/A2 (gf180mcu_fd_sc_mcu7t5v0__oai31_1)
     1    0.002637    0.247648    0.286685    2.294047 v _1722_/ZN (gf180mcu_fd_sc_mcu7t5v0__oai31_1)
                                                         _0250_ (net)
                      0.247648    0.000000    2.294047 v _2062_/D (gf180mcu_fd_sc_mcu7t5v0__dffsnq_1)
                                              2.294047   data arrival time

                      0.150000    0.000000    0.000000   clock periph_clk (rise edge)
                                  0.000000    0.000000   clock network delay (ideal)
                                  0.250000    0.250000   clock uncertainty
                                  0.000000    0.250000   clock reconvergence pessimism
                                              0.250000 ^ _2062_/CLK (gf180mcu_fd_sc_mcu7t5v0__dffsnq_1)
                                  0.026742    0.276742   library hold time
                                              0.276742   data required time
---------------------------------------------------------------------------------------------
                                              0.276742   data required time
                                             -2.294047   data arrival time
---------------------------------------------------------------------------------------------
                                              2.017304   slack (MET)


Startpoint: _1929_ (rising edge-triggered flip-flop clocked by sys_clk)
Endpoint: _1930_ (rising edge-triggered flip-flop clocked by sys_clk)
Path Group: sys_clk
Path Type: min

Fanout         Cap        Slew       Delay        Time   Description
---------------------------------------------------------------------------------------------
                      0.150000    0.000000    0.000000   clock sys_clk (rise edge)
                                  0.000000    0.000000   clock network delay (ideal)
                      0.150000    0.000000    0.000000 ^ _1929_/CLK (gf180mcu_fd_sc_mcu7t5v0__dffrnq_1)
     8    0.034385    0.643627    1.604766    1.604766 v _1929_/Q (gf180mcu_fd_sc_mcu7t5v0__dffrnq_1)
                                                         u_dc_fifo_tx.u_din.write_token[1] (net)
                      0.643627    0.000000    1.604766 v _1530_/I1 (gf180mcu_fd_sc_mcu7t5v0__mux2_2)
     1    0.002637    0.185867    0.716553    2.321319 v _1530_/Z (gf180mcu_fd_sc_mcu7t5v0__mux2_2)
                                                         _0118_ (net)
                      0.185867    0.000000    2.321319 v _1930_/D (gf180mcu_fd_sc_mcu7t5v0__dffsnq_1)
                                              2.321319   data arrival time

                      0.150000    0.000000    0.000000   clock sys_clk (rise edge)
                                  0.000000    0.000000   clock network delay (ideal)
                                  0.250000    0.250000   clock uncertainty
                                  0.000000    0.250000   clock reconvergence pessimism
                                              0.250000 ^ _1930_/CLK (gf180mcu_fd_sc_mcu7t5v0__dffsnq_1)
                                  0.046343    0.296343   library hold time
                                              0.296343   data required time
---------------------------------------------------------------------------------------------
                                              0.296343   data required time
                                             -2.321319   data arrival time
---------------------------------------------------------------------------------------------
                                              2.024976   slack (MET)


Startpoint: _2063_ (rising edge-triggered flip-flop clocked by periph_clk)
Endpoint: _2063_ (rising edge-triggered flip-flop clocked by periph_clk)
Path Group: periph_clk
Path Type: min

Fanout         Cap        Slew       Delay        Time   Description
---------------------------------------------------------------------------------------------
                      0.150000    0.000000    0.000000   clock periph_clk (rise edge)
                                  0.000000    0.000000   clock network delay (ideal)
                      0.150000    0.000000    0.000000 ^ _2063_/CLK (gf180mcu_fd_sc_mcu7t5v0__dffsnq_1)
     6    0.029030    0.588067    1.710979    1.710979 v _2063_/Q (gf180mcu_fd_sc_mcu7t5v0__dffsnq_1)
                                                         s_data_rx_dc[7] (net)
                      0.588067    0.000000    1.710979 v _1723_/A2 (gf180mcu_fd_sc_mcu7t5v0__nand2_1)
     1    0.004769    0.371510    0.372453    2.083433 ^ _1723_/ZN (gf180mcu_fd_sc_mcu7t5v0__nand2_1)
                                                         _0599_ (net)
                      0.371510    0.000000    2.083433 ^ _1724_/B (gf180mcu_fd_sc_mcu7t5v0__oai31_1)
     1    0.002637    0.247690    0.224801    2.308233 v _1724_/ZN (gf180mcu_fd_sc_mcu7t5v0__oai31_1)
                                                         _0251_ (net)
                      0.247690    0.000000    2.308233 v _2063_/D (gf180mcu_fd_sc_mcu7t5v0__dffsnq_1)
                                              2.308233   data arrival time

                      0.150000    0.000000    0.000000   clock periph_clk (rise edge)
                                  0.000000    0.000000   clock network delay (ideal)
                                  0.250000    0.250000   clock uncertainty
                                  0.000000    0.250000   clock reconvergence pessimism
                                              0.250000 ^ _2063_/CLK (gf180mcu_fd_sc_mcu7t5v0__dffsnq_1)
                                  0.026729    0.276729   library hold time
                                              0.276729   data required time
---------------------------------------------------------------------------------------------
                                              0.276729   data required time
                                             -2.308233   data arrival time
---------------------------------------------------------------------------------------------
                                              2.031504   slack (MET)


Startpoint: _2056_ (rising edge-triggered flip-flop clocked by periph_clk)
Endpoint: _2056_ (rising edge-triggered flip-flop clocked by periph_clk)
Path Group: periph_clk
Path Type: min

Fanout         Cap        Slew       Delay        Time   Description
---------------------------------------------------------------------------------------------
                      0.150000    0.000000    0.000000   clock periph_clk (rise edge)
                                  0.000000    0.000000   clock network delay (ideal)
                      0.150000    0.000000    0.000000 ^ _2056_/CLK (gf180mcu_fd_sc_mcu7t5v0__dffsnq_1)
     5    0.024298    0.518124    1.661593    1.661593 v _2056_/Q (gf180mcu_fd_sc_mcu7t5v0__dffsnq_1)
                                                         s_data_rx_dc[0] (net)
                      0.518124    0.000000    1.661593 v _1707_/I1 (gf180mcu_fd_sc_mcu7t5v0__mux2_2)
     1    0.002637    0.185518    0.691876    2.353469 v _1707_/Z (gf180mcu_fd_sc_mcu7t5v0__mux2_2)
                                                         _0244_ (net)
                      0.185518    0.000000    2.353469 v _2056_/D (gf180mcu_fd_sc_mcu7t5v0__dffsnq_1)
                                              2.353469   data arrival time

                      0.150000    0.000000    0.000000   clock periph_clk (rise edge)
                                  0.000000    0.000000   clock network delay (ideal)
                                  0.250000    0.250000   clock uncertainty
                                  0.000000    0.250000   clock reconvergence pessimism
                                              0.250000 ^ _2056_/CLK (gf180mcu_fd_sc_mcu7t5v0__dffsnq_1)
                                  0.046454    0.296454   library hold time
                                              0.296454   data required time
---------------------------------------------------------------------------------------------
                                              0.296454   data required time
                                             -2.353469   data arrival time
---------------------------------------------------------------------------------------------
                                              2.057015   slack (MET)


Startpoint: _1928_ (rising edge-triggered flip-flop clocked by sys_clk)
Endpoint: _2126_ (rising edge-triggered flip-flop clocked by sys_clk)
Path Group: sys_clk
Path Type: min

Fanout         Cap        Slew       Delay        Time   Description
---------------------------------------------------------------------------------------------
                      0.150000    0.000000    0.000000   clock sys_clk (rise edge)
                                  0.000000    0.000000   clock network delay (ideal)
                      0.150000    0.000000    0.000000 ^ _1928_/CLK (gf180mcu_fd_sc_mcu7t5v0__dffrnq_1)
     7    0.030837    0.590298    1.568743    1.568743 v _1928_/Q (gf180mcu_fd_sc_mcu7t5v0__dffrnq_1)
                                                         u_dc_fifo_tx.u_din.write_token[0] (net)
                      0.590298    0.000000    1.568743 v _0999_/A2 (gf180mcu_fd_sc_mcu7t5v0__nand2_1)
     4    0.018193    0.685470    0.604528    2.173270 ^ _0999_/ZN (gf180mcu_fd_sc_mcu7t5v0__nand2_1)
                                                         _0778_ (net)
                      0.685470    0.000000    2.173270 ^ _1018_/A1 (gf180mcu_fd_sc_mcu7t5v0__oai211_1)
     1    0.003014    0.401912    0.313879    2.487149 v _1018_/ZN (gf180mcu_fd_sc_mcu7t5v0__oai211_1)
                                                         u_dc_fifo_tx.u_din.full.full_synch.d_in[0] (net)
                      0.401912    0.000000    2.487149 v _2126_/D (gf180mcu_fd_sc_mcu7t5v0__dffrnq_1)
                                              2.487149   data arrival time

                      0.150000    0.000000    0.000000   clock sys_clk (rise edge)
                                  0.000000    0.000000   clock network delay (ideal)
                                  0.250000    0.250000   clock uncertainty
                                  0.000000    0.250000   clock reconvergence pessimism
                                              0.250000 ^ _2126_/CLK (gf180mcu_fd_sc_mcu7t5v0__dffrnq_1)
                                  0.167448    0.417448   library hold time
                                              0.417448   data required time
---------------------------------------------------------------------------------------------
                                              0.417448   data required time
                                             -2.487149   data arrival time
---------------------------------------------------------------------------------------------
                                              2.069701   slack (MET)


Startpoint: _1936_ (rising edge-triggered flip-flop clocked by sys_clk)
Endpoint: _1936_ (rising edge-triggered flip-flop clocked by sys_clk)
Path Group: sys_clk
Path Type: min

Fanout         Cap        Slew       Delay        Time   Description
---------------------------------------------------------------------------------------------
                      0.150000    0.000000    0.000000   clock sys_clk (rise edge)
                                  0.000000    0.000000   clock network delay (ideal)
                      0.150000    0.000000    0.000000 ^ _1936_/CLK (gf180mcu_fd_sc_mcu7t5v0__dffrnq_1)
     4    0.022240    0.461078    1.481456    1.481456 v _1936_/Q (gf180mcu_fd_sc_mcu7t5v0__dffrnq_1)
                                                         u_fifo.r_inflight[0] (net)
                      0.461078    0.000000    1.481456 v _1551_/A1 (gf180mcu_fd_sc_mcu7t5v0__xor3_1)
     1    0.003014    0.279050    1.044889    2.526345 v _1551_/Z (gf180mcu_fd_sc_mcu7t5v0__xor3_1)
                                                         _0124_ (net)
                      0.279050    0.000000    2.526345 v _1936_/D (gf180mcu_fd_sc_mcu7t5v0__dffrnq_1)
                                              2.526345   data arrival time

                      0.150000    0.000000    0.000000   clock sys_clk (rise edge)
                                  0.000000    0.000000   clock network delay (ideal)
                                  0.250000    0.250000   clock uncertainty
                                  0.000000    0.250000   clock reconvergence pessimism
                                              0.250000 ^ _1936_/CLK (gf180mcu_fd_sc_mcu7t5v0__dffrnq_1)
                                  0.195065    0.445065   library hold time
                                              0.445065   data required time
---------------------------------------------------------------------------------------------
                                              0.445065   data required time
                                             -2.526345   data arrival time
---------------------------------------------------------------------------------------------
                                              2.081280   slack (MET)


Startpoint: _2174_ (rising edge-triggered flip-flop clocked by periph_clk)
Endpoint: _2174_ (rising edge-triggered flip-flop clocked by periph_clk)
Path Group: periph_clk
Path Type: min

Fanout         Cap        Slew       Delay        Time   Description
---------------------------------------------------------------------------------------------
                      0.150000    0.000000    0.000000   clock periph_clk (rise edge)
                                  0.000000    0.000000   clock network delay (ideal)
                      0.150000    0.000000    0.000000 ^ _2174_/CLK (gf180mcu_fd_sc_mcu7t5v0__dffrnq_1)
     4    0.016441    0.375261    1.418216    1.418216 v _2174_/Q (gf180mcu_fd_sc_mcu7t5v0__dffrnq_1)
                                                         u_uart_rx.baud_cnt[13] (net)
                      0.375261    0.000000    1.418216 v _0945_/I (gf180mcu_fd_sc_mcu7t5v0__clkinv_1)
     3    0.014263    0.496034    0.387827    1.806044 ^ _0945_/ZN (gf180mcu_fd_sc_mcu7t5v0__clkinv_1)
                                                         _0736_ (net)
                      0.496034    0.000000    1.806044 ^ _1295_/A1 (gf180mcu_fd_sc_mcu7t5v0__nand2_1)
     1    0.003072    0.251241    0.200027    2.006071 v _1295_/ZN (gf180mcu_fd_sc_mcu7t5v0__nand2_1)
                                                         _0406_ (net)
                      0.251241    0.000000    2.006071 v _1298_/A2 (gf180mcu_fd_sc_mcu7t5v0__and4_1)
     1    0.003014    0.209655    0.555983    2.562054 v _1298_/Z (gf180mcu_fd_sc_mcu7t5v0__and4_1)
                                                         _0011_ (net)
                      0.209655    0.000000    2.562054 v _2174_/D (gf180mcu_fd_sc_mcu7t5v0__dffrnq_1)
                                              2.562054   data arrival time

                      0.150000    0.000000    0.000000   clock periph_clk (rise edge)
                                  0.000000    0.000000   clock network delay (ideal)
                                  0.250000    0.250000   clock uncertainty
                                  0.000000    0.250000   clock reconvergence pessimism
                                              0.250000 ^ _2174_/CLK (gf180mcu_fd_sc_mcu7t5v0__dffrnq_1)
                                  0.211805    0.461805   library hold time
                                              0.461805   data required time
---------------------------------------------------------------------------------------------
                                              0.461805   data required time
                                             -2.562054   data arrival time
---------------------------------------------------------------------------------------------
                                              2.100249   slack (MET)


Startpoint: _2176_ (rising edge-triggered flip-flop clocked by periph_clk)
Endpoint: _2176_ (rising edge-triggered flip-flop clocked by periph_clk)
Path Group: periph_clk
Path Type: min

Fanout         Cap        Slew       Delay        Time   Description
---------------------------------------------------------------------------------------------
                      0.150000    0.000000    0.000000   clock periph_clk (rise edge)
                                  0.000000    0.000000   clock network delay (ideal)
                      0.150000    0.000000    0.000000 ^ _2176_/CLK (gf180mcu_fd_sc_mcu7t5v0__dffrnq_1)
     3    0.013071    0.325911    1.379775    1.379775 v _2176_/Q (gf180mcu_fd_sc_mcu7t5v0__dffrnq_1)
                                                         u_uart_rx.baud_cnt[15] (net)
                      0.325911    0.000000    1.379775 v _0947_/I (gf180mcu_fd_sc_mcu7t5v0__clkinv_1)
     4    0.017490    0.576519    0.423478    1.803253 ^ _0947_/ZN (gf180mcu_fd_sc_mcu7t5v0__clkinv_1)
                                                         _0738_ (net)
                      0.576519    0.000000    1.803253 ^ _1302_/A1 (gf180mcu_fd_sc_mcu7t5v0__nand2_1)
     1    0.003072    0.242340    0.207228    2.010481 v _1302_/ZN (gf180mcu_fd_sc_mcu7t5v0__nand2_1)
                                                         _0411_ (net)
                      0.242340    0.000000    2.010481 v _1304_/A2 (gf180mcu_fd_sc_mcu7t5v0__and4_1)
     1    0.003014    0.209626    0.553200    2.563681 v _1304_/Z (gf180mcu_fd_sc_mcu7t5v0__and4_1)
                                                         _0013_ (net)
                      0.209626    0.000000    2.563681 v _2176_/D (gf180mcu_fd_sc_mcu7t5v0__dffrnq_1)
                                              2.563681   data arrival time

                      0.150000    0.000000    0.000000   clock periph_clk (rise edge)
                                  0.000000    0.000000   clock network delay (ideal)
                                  0.250000    0.250000   clock uncertainty
                                  0.000000    0.250000   clock reconvergence pessimism
                                              0.250000 ^ _2176_/CLK (gf180mcu_fd_sc_mcu7t5v0__dffrnq_1)
                                  0.211813    0.461813   library hold time
                                              0.461813   data required time
---------------------------------------------------------------------------------------------
                                              0.461813   data required time
                                             -2.563681   data arrival time
---------------------------------------------------------------------------------------------
                                              2.101869   slack (MET)


Startpoint: _2058_ (rising edge-triggered flip-flop clocked by periph_clk)
Endpoint: _2057_ (rising edge-triggered flip-flop clocked by periph_clk)
Path Group: periph_clk
Path Type: min

Fanout         Cap        Slew       Delay        Time   Description
---------------------------------------------------------------------------------------------
                      0.150000    0.000000    0.000000   clock periph_clk (rise edge)
                                  0.000000    0.000000   clock network delay (ideal)
                      0.150000    0.000000    0.000000 ^ _2058_/CLK (gf180mcu_fd_sc_mcu7t5v0__dffsnq_1)
     6    0.029154    0.589900    1.712273    1.712273 v _2058_/Q (gf180mcu_fd_sc_mcu7t5v0__dffsnq_1)
                                                         s_data_rx_dc[2] (net)
                      0.589900    0.000000    1.712273 v _1708_/I0 (gf180mcu_fd_sc_mcu7t5v0__mux2_2)
     1    0.002637    0.185518    0.697906    2.410180 v _1708_/Z (gf180mcu_fd_sc_mcu7t5v0__mux2_2)
                                                         _0245_ (net)
                      0.185518    0.000000    2.410180 v _2057_/D (gf180mcu_fd_sc_mcu7t5v0__dffsnq_1)
                                              2.410180   data arrival time

                      0.150000    0.000000    0.000000   clock periph_clk (rise edge)
                                  0.000000    0.000000   clock network delay (ideal)
                                  0.250000    0.250000   clock uncertainty
                                  0.000000    0.250000   clock reconvergence pessimism
                                              0.250000 ^ _2057_/CLK (gf180mcu_fd_sc_mcu7t5v0__dffsnq_1)
                                  0.046454    0.296454   library hold time
                                              0.296454   data required time
---------------------------------------------------------------------------------------------
                                              0.296454   data required time
                                             -2.410180   data arrival time
---------------------------------------------------------------------------------------------
                                              2.113725   slack (MET)


Startpoint: _2059_ (rising edge-triggered flip-flop clocked by periph_clk)
Endpoint: _2058_ (rising edge-triggered flip-flop clocked by periph_clk)
Path Group: periph_clk
Path Type: min

Fanout         Cap        Slew       Delay        Time   Description
---------------------------------------------------------------------------------------------
                      0.150000    0.000000    0.000000   clock periph_clk (rise edge)
                                  0.000000    0.000000   clock network delay (ideal)
                      0.150000    0.000000    0.000000 ^ _2059_/CLK (gf180mcu_fd_sc_mcu7t5v0__dffsnq_1)
     6    0.029154    0.589900    1.712273    1.712273 v _2059_/Q (gf180mcu_fd_sc_mcu7t5v0__dffsnq_1)
                                                         s_data_rx_dc[3] (net)
                      0.589900    0.000000    1.712273 v _1709_/I0 (gf180mcu_fd_sc_mcu7t5v0__mux2_2)
     1    0.002637    0.185518    0.697906    2.410180 v _1709_/Z (gf180mcu_fd_sc_mcu7t5v0__mux2_2)
                                                         _0246_ (net)
                      0.185518    0.000000    2.410180 v _2058_/D (gf180mcu_fd_sc_mcu7t5v0__dffsnq_1)
                                              2.410180   data arrival time

                      0.150000    0.000000    0.000000   clock periph_clk (rise edge)
                                  0.000000    0.000000   clock network delay (ideal)
                                  0.250000    0.250000   clock uncertainty
                                  0.000000    0.250000   clock reconvergence pessimism
                                              0.250000 ^ _2058_/CLK (gf180mcu_fd_sc_mcu7t5v0__dffsnq_1)
                                  0.046454    0.296454   library hold time
                                              0.296454   data required time
---------------------------------------------------------------------------------------------
                                              0.296454   data required time
                                             -2.410180   data arrival time
---------------------------------------------------------------------------------------------
                                              2.113725   slack (MET)


Startpoint: _2060_ (rising edge-triggered flip-flop clocked by periph_clk)
Endpoint: _2059_ (rising edge-triggered flip-flop clocked by periph_clk)
Path Group: periph_clk
Path Type: min

Fanout         Cap        Slew       Delay        Time   Description
---------------------------------------------------------------------------------------------
                      0.150000    0.000000    0.000000   clock periph_clk (rise edge)
                                  0.000000    0.000000   clock network delay (ideal)
                      0.150000    0.000000    0.000000 ^ _2060_/CLK (gf180mcu_fd_sc_mcu7t5v0__dffsnq_1)
     6    0.029154    0.589900    1.712273    1.712273 v _2060_/Q (gf180mcu_fd_sc_mcu7t5v0__dffsnq_1)
                                                         s_data_rx_dc[4] (net)
                      0.589900    0.000000    1.712273 v _1710_/I0 (gf180mcu_fd_sc_mcu7t5v0__mux2_2)
     1    0.002637    0.185518    0.697906    2.410180 v _1710_/Z (gf180mcu_fd_sc_mcu7t5v0__mux2_2)
                                                         _0247_ (net)
                      0.185518    0.000000    2.410180 v _2059_/D (gf180mcu_fd_sc_mcu7t5v0__dffsnq_1)
                                              2.410180   data arrival time

                      0.150000    0.000000    0.000000   clock periph_clk (rise edge)
                                  0.000000    0.000000   clock network delay (ideal)
                                  0.250000    0.250000   clock uncertainty
                                  0.000000    0.250000   clock reconvergence pessimism
                                              0.250000 ^ _2059_/CLK (gf180mcu_fd_sc_mcu7t5v0__dffsnq_1)
                                  0.046454    0.296454   library hold time
                                              0.296454   data required time
---------------------------------------------------------------------------------------------
                                              0.296454   data required time
                                             -2.410180   data arrival time
---------------------------------------------------------------------------------------------
                                              2.113725   slack (MET)


Startpoint: _2105_ (rising edge-triggered flip-flop clocked by periph_clk)
Endpoint: _2157_ (rising edge-triggered flip-flop clocked by periph_clk)
Path Group: periph_clk
Path Type: min

Fanout         Cap        Slew       Delay        Time   Description
---------------------------------------------------------------------------------------------
                      0.150000    0.000000    0.000000   clock periph_clk (rise edge)
                                  0.000000    0.000000   clock network delay (ideal)
                      0.150000    0.000000    0.000000 ^ _2105_/CLK (gf180mcu_fd_sc_mcu7t5v0__dffrnq_1)
     4    0.018721    0.408649    1.444224    1.444224 v _2105_/Q (gf180mcu_fd_sc_mcu7t5v0__dffrnq_1)
                                                         r_uart_en_rx_sync[2] (net)
                      0.408649    0.000000    1.444224 v _0951_/I (gf180mcu_fd_sc_mcu7t5v0__clkinv_1)
     4    0.015074    0.520244    0.410754    1.854978 ^ _0951_/ZN (gf180mcu_fd_sc_mcu7t5v0__clkinv_1)
                                                         _0742_ (net)
                      0.520244    0.000000    1.854978 ^ _1248_/A1 (gf180mcu_fd_sc_mcu7t5v0__or2_1)
     1    0.002637    0.196844    0.431552    2.286530 ^ _1248_/Z (gf180mcu_fd_sc_mcu7t5v0__or2_1)
                                                         _0024_ (net)
                      0.196844    0.000000    2.286530 ^ _2157_/D (gf180mcu_fd_sc_mcu7t5v0__dffsnq_1)
                                              2.286530   data arrival time

                      0.150000    0.000000    0.000000   clock periph_clk (rise edge)
                                  0.000000    0.000000   clock network delay (ideal)
                                  0.250000    0.250000   clock uncertainty
                                  0.000000    0.250000   clock reconvergence pessimism
                                              0.250000 ^ _2157_/CLK (gf180mcu_fd_sc_mcu7t5v0__dffsnq_1)
                                 -0.077277    0.172723   library hold time
                                              0.172723   data required time
---------------------------------------------------------------------------------------------
                                              0.172723   data required time
                                             -2.286530   data arrival time
---------------------------------------------------------------------------------------------
                                              2.113807   slack (MET)


Startpoint: _2060_ (rising edge-triggered flip-flop clocked by periph_clk)
Endpoint: _2060_ (rising edge-triggered flip-flop clocked by periph_clk)
Path Group: periph_clk
Path Type: min

Fanout         Cap        Slew       Delay        Time   Description
---------------------------------------------------------------------------------------------
                      0.150000    0.000000    0.000000   clock periph_clk (rise edge)
                                  0.000000    0.000000   clock network delay (ideal)
                      0.150000    0.000000    0.000000 ^ _2060_/CLK (gf180mcu_fd_sc_mcu7t5v0__dffsnq_1)
     6    0.029154    0.589900    1.712273    1.712273 v _2060_/Q (gf180mcu_fd_sc_mcu7t5v0__dffsnq_1)
                                                         s_data_rx_dc[4] (net)
                      0.589900    0.000000    1.712273 v _1714_/I1 (gf180mcu_fd_sc_mcu7t5v0__mux2_2)
     1    0.002637    0.185518    0.705415    2.417689 v _1714_/Z (gf180mcu_fd_sc_mcu7t5v0__mux2_2)
                                                         _0248_ (net)
                      0.185518    0.000000    2.417689 v _2060_/D (gf180mcu_fd_sc_mcu7t5v0__dffsnq_1)
                                              2.417689   data arrival time

                      0.150000    0.000000    0.000000   clock periph_clk (rise edge)
                                  0.000000    0.000000   clock network delay (ideal)
                                  0.250000    0.250000   clock uncertainty
                                  0.000000    0.250000   clock reconvergence pessimism
                                              0.250000 ^ _2060_/CLK (gf180mcu_fd_sc_mcu7t5v0__dffsnq_1)
                                  0.046454    0.296454   library hold time
                                              0.296454   data required time
---------------------------------------------------------------------------------------------
                                              0.296454   data required time
                                             -2.417689   data arrival time
---------------------------------------------------------------------------------------------
                                              2.121234   slack (MET)


Startpoint: _2061_ (rising edge-triggered flip-flop clocked by periph_clk)
Endpoint: _2061_ (rising edge-triggered flip-flop clocked by periph_clk)
Path Group: periph_clk
Path Type: min

Fanout         Cap        Slew       Delay        Time   Description
---------------------------------------------------------------------------------------------
                      0.150000    0.000000    0.000000   clock periph_clk (rise edge)
                                  0.000000    0.000000   clock network delay (ideal)
                      0.150000    0.000000    0.000000 ^ _2061_/CLK (gf180mcu_fd_sc_mcu7t5v0__dffsnq_1)
     6    0.029198    0.590550    1.712733    1.712733 v _2061_/Q (gf180mcu_fd_sc_mcu7t5v0__dffsnq_1)
                                                         s_data_rx_dc[5] (net)
                      0.590550    0.000000    1.712733 v _1718_/I1 (gf180mcu_fd_sc_mcu7t5v0__mux2_2)
     1    0.002637    0.185518    0.705550    2.418283 v _1718_/Z (gf180mcu_fd_sc_mcu7t5v0__mux2_2)
                                                         _0249_ (net)
                      0.185518    0.000000    2.418283 v _2061_/D (gf180mcu_fd_sc_mcu7t5v0__dffsnq_1)
                                              2.418283   data arrival time

                      0.150000    0.000000    0.000000   clock periph_clk (rise edge)
                                  0.000000    0.000000   clock network delay (ideal)
                                  0.250000    0.250000   clock uncertainty
                                  0.000000    0.250000   clock reconvergence pessimism
                                              0.250000 ^ _2061_/CLK (gf180mcu_fd_sc_mcu7t5v0__dffsnq_1)
                                  0.046454    0.296454   library hold time
                                              0.296454   data required time
---------------------------------------------------------------------------------------------
                                              0.296454   data required time
                                             -2.418283   data arrival time
---------------------------------------------------------------------------------------------
                                              2.121829   slack (MET)


Startpoint: _2127_ (rising edge-triggered flip-flop clocked by sys_clk)
Endpoint: _2128_ (rising edge-triggered flip-flop clocked by sys_clk)
Path Group: sys_clk
Path Type: min

Fanout         Cap        Slew       Delay        Time   Description
---------------------------------------------------------------------------------------------
                      0.150000    0.000000    0.000000   clock sys_clk (rise edge)
                                  0.000000    0.000000   clock network delay (ideal)
                      0.150000    0.000000    0.000000 ^ _2127_/CLK (gf180mcu_fd_sc_mcu7t5v0__dffrnq_1)
     3    0.012484    0.317315    1.373079    1.373079 v _2127_/Q (gf180mcu_fd_sc_mcu7t5v0__dffrnq_1)
                                                         u_dc_fifo_tx.u_din.full.full_synch.d_out[0] (net)
                      0.317315    0.000000    1.373079 v _0997_/A3 (gf180mcu_fd_sc_mcu7t5v0__or3_1)
     1    0.003014    0.377452    1.194038    2.567117 v _0997_/Z (gf180mcu_fd_sc_mcu7t5v0__or3_1)
                                                         _0001_ (net)
                      0.377452    0.000000    2.567117 v _2128_/D (gf180mcu_fd_sc_mcu7t5v0__dffrnq_1)
                                              2.567117   data arrival time

                      0.150000    0.000000    0.000000   clock sys_clk (rise edge)
                                  0.000000    0.000000   clock network delay (ideal)
                                  0.250000    0.250000   clock uncertainty
                                  0.000000    0.250000   clock reconvergence pessimism
                                              0.250000 ^ _2128_/CLK (gf180mcu_fd_sc_mcu7t5v0__dffrnq_1)
                                  0.172946    0.422946   library hold time
                                              0.422946   data required time
---------------------------------------------------------------------------------------------
                                              0.422946   data required time
                                             -2.567117   data arrival time
---------------------------------------------------------------------------------------------
                                              2.144171   slack (MET)


Startpoint: _1890_ (rising edge-triggered flip-flop clocked by periph_clk)
Endpoint: _1891_ (rising edge-triggered flip-flop clocked by periph_clk)
Path Group: periph_clk
Path Type: min

Fanout         Cap        Slew       Delay        Time   Description
---------------------------------------------------------------------------------------------
                      0.150000    0.000000    0.000000   clock periph_clk (rise edge)
                                  0.000000    0.000000   clock network delay (ideal)
                      0.150000    0.000000    0.000000 ^ _1890_/CLK (gf180mcu_fd_sc_mcu7t5v0__dffsnq_1)
     7    0.031927    0.630887    1.741215    1.741215 v _1890_/Q (gf180mcu_fd_sc_mcu7t5v0__dffsnq_1)
                                                         u_dc_fifo_rx.u_din.write_token[2] (net)
                      0.630887    0.000000    1.741215 v _1445_/I1 (gf180mcu_fd_sc_mcu7t5v0__mux2_2)
     1    0.002637    0.185063    0.713912    2.455127 v _1445_/Z (gf180mcu_fd_sc_mcu7t5v0__mux2_2)
                                                         _0079_ (net)
                      0.185063    0.000000    2.455127 v _1891_/D (gf180mcu_fd_sc_mcu7t5v0__dffsnq_1)
                                              2.455127   data arrival time

                      0.150000    0.000000    0.000000   clock periph_clk (rise edge)
                                  0.000000    0.000000   clock network delay (ideal)
                                  0.250000    0.250000   clock uncertainty
                                  0.000000    0.250000   clock reconvergence pessimism
                                              0.250000 ^ _1891_/CLK (gf180mcu_fd_sc_mcu7t5v0__dffsnq_1)
                                  0.046600    0.296600   library hold time
                                              0.296600   data required time
---------------------------------------------------------------------------------------------
                                              0.296600   data required time
                                             -2.455127   data arrival time
---------------------------------------------------------------------------------------------
                                              2.158527   slack (MET)


Startpoint: _1893_ (rising edge-triggered flip-flop clocked by sys_clk)
Endpoint: _1893_ (rising edge-triggered flip-flop clocked by sys_clk)
Path Group: sys_clk
Path Type: min

Fanout         Cap        Slew       Delay        Time   Description
---------------------------------------------------------------------------------------------
                      0.150000    0.000000    0.000000   clock sys_clk (rise edge)
                                  0.000000    0.000000   clock network delay (ideal)
                      0.150000    0.000000    0.000000 ^ _1893_/CLK (gf180mcu_fd_sc_mcu7t5v0__dffsnq_1)
     7    0.032933    0.645757    1.751714    1.751714 v _1893_/Q (gf180mcu_fd_sc_mcu7t5v0__dffsnq_1)
                                                         u_dc_fifo_rx.u_dout.read_token[1] (net)
                      0.645757    0.000000    1.751714 v _1451_/I0 (gf180mcu_fd_sc_mcu7t5v0__mux2_2)
     1    0.002637    0.184905    0.709852    2.461566 v _1451_/Z (gf180mcu_fd_sc_mcu7t5v0__mux2_2)
                                                         _0081_ (net)
                      0.184905    0.000000    2.461566 v _1893_/D (gf180mcu_fd_sc_mcu7t5v0__dffsnq_1)
                                              2.461566   data arrival time

                      0.150000    0.000000    0.000000   clock sys_clk (rise edge)
                                  0.000000    0.000000   clock network delay (ideal)
                                  0.250000    0.250000   clock uncertainty
                                  0.000000    0.250000   clock reconvergence pessimism
                                              0.250000 ^ _1893_/CLK (gf180mcu_fd_sc_mcu7t5v0__dffsnq_1)
                                  0.046650    0.296650   library hold time
                                              0.296650   data required time
---------------------------------------------------------------------------------------------
                                              0.296650   data required time
                                             -2.461566   data arrival time
---------------------------------------------------------------------------------------------
                                              2.164916   slack (MET)


Startpoint: _2167_ (rising edge-triggered flip-flop clocked by periph_clk)
Endpoint: _2167_ (rising edge-triggered flip-flop clocked by periph_clk)
Path Group: periph_clk
Path Type: min

Fanout         Cap        Slew       Delay        Time   Description
---------------------------------------------------------------------------------------------
                      0.150000    0.000000    0.000000   clock periph_clk (rise edge)
                                  0.000000    0.000000   clock network delay (ideal)
                      0.150000    0.000000    0.000000 ^ _2167_/CLK (gf180mcu_fd_sc_mcu7t5v0__dffrnq_1)
     6    0.022797    0.469450    1.487111    1.487111 v _2167_/Q (gf180mcu_fd_sc_mcu7t5v0__dffrnq_1)
                                                         u_uart_rx.baud_cnt[6] (net)
                      0.469450    0.000000    1.487111 v _0939_/I (gf180mcu_fd_sc_mcu7t5v0__clkinv_1)
     3    0.012994    0.475298    0.396165    1.883276 ^ _0939_/ZN (gf180mcu_fd_sc_mcu7t5v0__clkinv_1)
                                                         _0730_ (net)
                      0.475298    0.000000    1.883276 ^ _1269_/A1 (gf180mcu_fd_sc_mcu7t5v0__nand2_1)
     1    0.003072    0.248844    0.197921    2.081198 v _1269_/ZN (gf180mcu_fd_sc_mcu7t5v0__nand2_1)
                                                         _0387_ (net)
                      0.248844    0.000000    2.081198 v _1272_/A2 (gf180mcu_fd_sc_mcu7t5v0__and4_1)
     1    0.003014    0.209647    0.555234    2.636431 v _1272_/Z (gf180mcu_fd_sc_mcu7t5v0__and4_1)
                                                         _0019_ (net)
                      0.209647    0.000000    2.636431 v _2167_/D (gf180mcu_fd_sc_mcu7t5v0__dffrnq_1)
                                              2.636431   data arrival time

                      0.150000    0.000000    0.000000   clock periph_clk (rise edge)
                                  0.000000    0.000000   clock network delay (ideal)
                                  0.250000    0.250000   clock uncertainty
                                  0.000000    0.250000   clock reconvergence pessimism
                                              0.250000 ^ _2167_/CLK (gf180mcu_fd_sc_mcu7t5v0__dffrnq_1)
                                  0.211807    0.461807   library hold time
                                              0.461807   data required time
---------------------------------------------------------------------------------------------
                                              0.461807   data required time
                                             -2.636431   data arrival time
---------------------------------------------------------------------------------------------
                                              2.174624   slack (MET)


Startpoint: _1935_ (rising edge-triggered flip-flop clocked by periph_clk)
Endpoint: _1932_ (rising edge-triggered flip-flop clocked by periph_clk)
Path Group: periph_clk
Path Type: min

Fanout         Cap        Slew       Delay        Time   Description
---------------------------------------------------------------------------------------------
                      0.150000    0.000000    0.000000   clock periph_clk (rise edge)
                                  0.000000    0.000000   clock network delay (ideal)
                      0.150000    0.000000    0.000000 ^ _1935_/CLK (gf180mcu_fd_sc_mcu7t5v0__dffrnq_1)
    10    0.046446    0.832860    1.723954    1.723954 v _1935_/Q (gf180mcu_fd_sc_mcu7t5v0__dffrnq_1)
                                                         u_dc_fifo_tx.u_dout.read_token[3] (net)
                      0.832860    0.000000    1.723954 v _1542_/I0 (gf180mcu_fd_sc_mcu7t5v0__mux2_2)
     1    0.002637    0.187445    0.749868    2.473822 v _1542_/Z (gf180mcu_fd_sc_mcu7t5v0__mux2_2)
                                                         _0120_ (net)
                      0.187445    0.000000    2.473822 v _1932_/D (gf180mcu_fd_sc_mcu7t5v0__dffsnq_1)
                                              2.473822   data arrival time

                      0.150000    0.000000    0.000000   clock periph_clk (rise edge)
                                  0.000000    0.000000   clock network delay (ideal)
                                  0.250000    0.250000   clock uncertainty
                                  0.000000    0.250000   clock reconvergence pessimism
                                              0.250000 ^ _1932_/CLK (gf180mcu_fd_sc_mcu7t5v0__dffsnq_1)
                                  0.045838    0.295838   library hold time
                                              0.295838   data required time
---------------------------------------------------------------------------------------------
                                              0.295838   data required time
                                             -2.473822   data arrival time
---------------------------------------------------------------------------------------------
                                              2.177983   slack (MET)


Startpoint: _2070_ (rising edge-triggered flip-flop clocked by periph_clk)
Endpoint: _2129_ (rising edge-triggered flip-flop clocked by periph_clk)
Path Group: periph_clk
Path Type: min

Fanout         Cap        Slew       Delay        Time   Description
---------------------------------------------------------------------------------------------
                      0.150000    0.000000    0.000000   clock periph_clk (rise edge)
                                  0.000000    0.000000   clock network delay (ideal)
                      0.150000    0.000000    0.000000 ^ _2070_/CLK (gf180mcu_fd_sc_mcu7t5v0__dffrnq_1)
    10    0.045803    1.405265    2.352234    2.352234 ^ _2070_/Q (gf180mcu_fd_sc_mcu7t5v0__dffrnq_1)
                                                         u_uart_tx.CS[2] (net)
                      1.405265    0.000000    2.352234 ^ _1045_/A1 (gf180mcu_fd_sc_mcu7t5v0__aoi211_1)
     1    0.003014    0.380070    0.296145    2.648380 v _1045_/ZN (gf180mcu_fd_sc_mcu7t5v0__aoi211_1)
                                                         _0043_ (net)
                      0.380070    0.000000    2.648380 v _2129_/D (gf180mcu_fd_sc_mcu7t5v0__dffrnq_1)
                                              2.648380   data arrival time

                      0.150000    0.000000    0.000000   clock periph_clk (rise edge)
                                  0.000000    0.000000   clock network delay (ideal)
                                  0.250000    0.250000   clock uncertainty
                                  0.000000    0.250000   clock reconvergence pessimism
                                              0.250000 ^ _2129_/CLK (gf180mcu_fd_sc_mcu7t5v0__dffrnq_1)
                                  0.172358    0.422358   library hold time
                                              0.422358   data required time
---------------------------------------------------------------------------------------------
                                              0.422358   data required time
                                             -2.648380   data arrival time
---------------------------------------------------------------------------------------------
                                              2.226022   slack (MET)


Startpoint: _2173_ (rising edge-triggered flip-flop clocked by periph_clk)
Endpoint: _2173_ (rising edge-triggered flip-flop clocked by periph_clk)
Path Group: periph_clk
Path Type: min

Fanout         Cap        Slew       Delay        Time   Description
---------------------------------------------------------------------------------------------
                      0.150000    0.000000    0.000000   clock periph_clk (rise edge)
                                  0.000000    0.000000   clock network delay (ideal)
                      0.150000    0.000000    0.000000 ^ _2173_/CLK (gf180mcu_fd_sc_mcu7t5v0__dffrnq_1)
     6    0.025046    0.503255    1.509946    1.509946 v _2173_/Q (gf180mcu_fd_sc_mcu7t5v0__dffrnq_1)
                                                         u_uart_rx.baud_cnt[12] (net)
                      0.503255    0.000000    1.509946 v _0944_/I (gf180mcu_fd_sc_mcu7t5v0__clkinv_1)
     3    0.014437    0.514165    0.429353    1.939299 ^ _0944_/ZN (gf180mcu_fd_sc_mcu7t5v0__clkinv_1)
                                                         _0735_ (net)
                      0.514165    0.000000    1.939299 ^ _1292_/A1 (gf180mcu_fd_sc_mcu7t5v0__nand2_1)
     1    0.003072    0.244466    0.201868    2.141167 v _1292_/ZN (gf180mcu_fd_sc_mcu7t5v0__nand2_1)
                                                         _0404_ (net)
                      0.244466    0.000000    2.141167 v _1294_/A2 (gf180mcu_fd_sc_mcu7t5v0__and4_1)
     1    0.003014    0.209633    0.553865    2.695032 v _1294_/Z (gf180mcu_fd_sc_mcu7t5v0__and4_1)
                                                         _0010_ (net)
                      0.209633    0.000000    2.695032 v _2173_/D (gf180mcu_fd_sc_mcu7t5v0__dffrnq_1)
                                              2.695032   data arrival time

                      0.150000    0.000000    0.000000   clock periph_clk (rise edge)
                                  0.000000    0.000000   clock network delay (ideal)
                                  0.250000    0.250000   clock uncertainty
                                  0.000000    0.250000   clock reconvergence pessimism
                                              0.250000 ^ _2173_/CLK (gf180mcu_fd_sc_mcu7t5v0__dffrnq_1)
                                  0.211811    0.461811   library hold time
                                              0.461811   data required time
---------------------------------------------------------------------------------------------
                                              0.461811   data required time
                                             -2.695032   data arrival time
---------------------------------------------------------------------------------------------
                                              2.233221   slack (MET)


Startpoint: _1930_ (rising edge-triggered flip-flop clocked by sys_clk)
Endpoint: _1931_ (rising edge-triggered flip-flop clocked by sys_clk)
Path Group: sys_clk
Path Type: min

Fanout         Cap        Slew       Delay        Time   Description
---------------------------------------------------------------------------------------------
                      0.150000    0.000000    0.000000   clock sys_clk (rise edge)
                                  0.000000    0.000000   clock network delay (ideal)
                      0.150000    0.000000    0.000000 ^ _1930_/CLK (gf180mcu_fd_sc_mcu7t5v0__dffsnq_1)
     9    0.037683    0.716069    1.801213    1.801213 v _1930_/Q (gf180mcu_fd_sc_mcu7t5v0__dffsnq_1)
                                                         u_dc_fifo_tx.u_din.write_token[2] (net)
                      0.716069    0.000000    1.801213 v _1531_/I1 (gf180mcu_fd_sc_mcu7t5v0__mux2_2)
     1    0.002637    0.185867    0.731571    2.532784 v _1531_/Z (gf180mcu_fd_sc_mcu7t5v0__mux2_2)
                                                         _0119_ (net)
                      0.185867    0.000000    2.532784 v _1931_/D (gf180mcu_fd_sc_mcu7t5v0__dffsnq_1)
                                              2.532784   data arrival time

                      0.150000    0.000000    0.000000   clock sys_clk (rise edge)
                                  0.000000    0.000000   clock network delay (ideal)
                                  0.250000    0.250000   clock uncertainty
                                  0.000000    0.250000   clock reconvergence pessimism
                                              0.250000 ^ _1931_/CLK (gf180mcu_fd_sc_mcu7t5v0__dffsnq_1)
                                  0.046343    0.296343   library hold time
                                              0.296343   data required time
---------------------------------------------------------------------------------------------
                                              0.296343   data required time
                                             -2.532784   data arrival time
---------------------------------------------------------------------------------------------
                                              2.236441   slack (MET)


Startpoint: _2164_ (rising edge-triggered flip-flop clocked by periph_clk)
Endpoint: _2164_ (rising edge-triggered flip-flop clocked by periph_clk)
Path Group: periph_clk
Path Type: min

Fanout         Cap        Slew       Delay        Time   Description
---------------------------------------------------------------------------------------------
                      0.150000    0.000000    0.000000   clock periph_clk (rise edge)
                                  0.000000    0.000000   clock network delay (ideal)
                      0.150000    0.000000    0.000000 ^ _2164_/CLK (gf180mcu_fd_sc_mcu7t5v0__dffrnq_1)
     8    0.033351    0.628086    1.594267    1.594267 v _2164_/Q (gf180mcu_fd_sc_mcu7t5v0__dffrnq_1)
                                                         u_uart_rx.baud_cnt[3] (net)
                      0.628086    0.000000    1.594267 v _0936_/I (gf180mcu_fd_sc_mcu7t5v0__clkinv_1)
     2    0.009900    0.430620    0.389294    1.983561 ^ _0936_/ZN (gf180mcu_fd_sc_mcu7t5v0__clkinv_1)
                                                         _0727_ (net)
                      0.430620    0.000000    1.983561 ^ _1259_/A1 (gf180mcu_fd_sc_mcu7t5v0__nand2_1)
     1    0.003072    0.237205    0.193384    2.176945 v _1259_/ZN (gf180mcu_fd_sc_mcu7t5v0__nand2_1)
                                                         _0380_ (net)
                      0.237205    0.000000    2.176945 v _1262_/A2 (gf180mcu_fd_sc_mcu7t5v0__and4_1)
     1    0.003014    0.209610    0.551596    2.728541 v _1262_/Z (gf180mcu_fd_sc_mcu7t5v0__and4_1)
                                                         _0016_ (net)
                      0.209610    0.000000    2.728541 v _2164_/D (gf180mcu_fd_sc_mcu7t5v0__dffrnq_1)
                                              2.728541   data arrival time

                      0.150000    0.000000    0.000000   clock periph_clk (rise edge)
                                  0.000000    0.000000   clock network delay (ideal)
                                  0.250000    0.250000   clock uncertainty
                                  0.000000    0.250000   clock reconvergence pessimism
                                              0.250000 ^ _2164_/CLK (gf180mcu_fd_sc_mcu7t5v0__dffrnq_1)
                                  0.211817    0.461817   library hold time
                                              0.461817   data required time
---------------------------------------------------------------------------------------------
                                              0.461817   data required time
                                             -2.728541   data arrival time
---------------------------------------------------------------------------------------------
                                              2.266725   slack (MET)


Startpoint: _2162_ (rising edge-triggered flip-flop clocked by periph_clk)
Endpoint: _2163_ (rising edge-triggered flip-flop clocked by periph_clk)
Path Group: periph_clk
Path Type: min

Fanout         Cap        Slew       Delay        Time   Description
---------------------------------------------------------------------------------------------
                      0.150000    0.000000    0.000000   clock periph_clk (rise edge)
                                  0.000000    0.000000   clock network delay (ideal)
                      0.150000    0.000000    0.000000 ^ _2162_/CLK (gf180mcu_fd_sc_mcu7t5v0__dffrnq_1)
     7    0.029996    0.577657    1.560204    1.560204 v _2162_/Q (gf180mcu_fd_sc_mcu7t5v0__dffrnq_1)
                                                         u_uart_rx.baud_cnt[1] (net)
                      0.577657    0.000000    1.560204 v _1254_/A2 (gf180mcu_fd_sc_mcu7t5v0__nand2_1)
     2    0.007602    0.423838    0.423018    1.983222 ^ _1254_/ZN (gf180mcu_fd_sc_mcu7t5v0__nand2_1)
                                                         _0377_ (net)
                      0.423838    0.000000    1.983222 ^ _1257_/A2 (gf180mcu_fd_sc_mcu7t5v0__nand2_1)
     1    0.002991    0.222995    0.183486    2.166708 v _1257_/ZN (gf180mcu_fd_sc_mcu7t5v0__nand2_1)
                                                         _0379_ (net)
                      0.222995    0.000000    2.166708 v _1258_/A3 (gf180mcu_fd_sc_mcu7t5v0__and4_1)
     1    0.003014    0.210658    0.578378    2.745086 v _1258_/Z (gf180mcu_fd_sc_mcu7t5v0__and4_1)
                                                         _0015_ (net)
                      0.210658    0.000000    2.745086 v _2163_/D (gf180mcu_fd_sc_mcu7t5v0__dffrnq_1)
                                              2.745086   data arrival time

                      0.150000    0.000000    0.000000   clock periph_clk (rise edge)
                                  0.000000    0.000000   clock network delay (ideal)
                                  0.250000    0.250000   clock uncertainty
                                  0.000000    0.250000   clock reconvergence pessimism
                                              0.250000 ^ _2163_/CLK (gf180mcu_fd_sc_mcu7t5v0__dffrnq_1)
                                  0.211538    0.461538   library hold time
                                              0.461538   data required time
---------------------------------------------------------------------------------------------
                                              0.461538   data required time
                                             -2.745086   data arrival time
---------------------------------------------------------------------------------------------
                                              2.283548   slack (MET)


Startpoint: _2165_ (rising edge-triggered flip-flop clocked by periph_clk)
Endpoint: _2166_ (rising edge-triggered flip-flop clocked by periph_clk)
Path Group: periph_clk
Path Type: min

Fanout         Cap        Slew       Delay        Time   Description
---------------------------------------------------------------------------------------------
                      0.150000    0.000000    0.000000   clock periph_clk (rise edge)
                                  0.000000    0.000000   clock network delay (ideal)
                      0.150000    0.000000    0.000000 ^ _2165_/CLK (gf180mcu_fd_sc_mcu7t5v0__dffrnq_1)
     7    0.032918    0.621577    1.589871    1.589871 v _2165_/Q (gf180mcu_fd_sc_mcu7t5v0__dffrnq_1)
                                                         u_uart_rx.baud_cnt[4] (net)
                      0.621577    0.000000    1.589871 v _1263_/A1 (gf180mcu_fd_sc_mcu7t5v0__nand2_1)
     2    0.007683    0.407757    0.398229    1.988100 ^ _1263_/ZN (gf180mcu_fd_sc_mcu7t5v0__nand2_1)
                                                         _0383_ (net)
                      0.407757    0.000000    1.988100 ^ _1267_/A2 (gf180mcu_fd_sc_mcu7t5v0__nand2_1)
     1    0.002991    0.220389    0.182816    2.170916 v _1267_/ZN (gf180mcu_fd_sc_mcu7t5v0__nand2_1)
                                                         _0386_ (net)
                      0.220389    0.000000    2.170916 v _1268_/A3 (gf180mcu_fd_sc_mcu7t5v0__and4_1)
     1    0.003014    0.213405    0.577632    2.748548 v _1268_/Z (gf180mcu_fd_sc_mcu7t5v0__and4_1)
                                                         _0018_ (net)
                      0.213405    0.000000    2.748548 v _2166_/D (gf180mcu_fd_sc_mcu7t5v0__dffrnq_1)
                                              2.748548   data arrival time

                      0.150000    0.000000    0.000000   clock periph_clk (rise edge)
                                  0.000000    0.000000   clock network delay (ideal)
                                  0.250000    0.250000   clock uncertainty
                                  0.000000    0.250000   clock reconvergence pessimism
                                              0.250000 ^ _2166_/CLK (gf180mcu_fd_sc_mcu7t5v0__dffrnq_1)
                                  0.210807    0.460807   library hold time
                                              0.460807   data required time
---------------------------------------------------------------------------------------------
                                              0.460807   data required time
                                             -2.748548   data arrival time
---------------------------------------------------------------------------------------------
                                              2.287741   slack (MET)


Startpoint: _2175_ (rising edge-triggered flip-flop clocked by periph_clk)
Endpoint: _2175_ (rising edge-triggered flip-flop clocked by periph_clk)
Path Group: periph_clk
Path Type: min

Fanout         Cap        Slew       Delay        Time   Description
---------------------------------------------------------------------------------------------
                      0.150000    0.000000    0.000000   clock periph_clk (rise edge)
                                  0.000000    0.000000   clock network delay (ideal)
                      0.150000    0.000000    0.000000 ^ _2175_/CLK (gf180mcu_fd_sc_mcu7t5v0__dffrnq_1)
     5    0.020530    0.435375    1.464094    1.464094 v _2175_/Q (gf180mcu_fd_sc_mcu7t5v0__dffrnq_1)
                                                         u_uart_rx.baud_cnt[14] (net)
                      0.435375    0.000000    1.464094 v _0946_/I (gf180mcu_fd_sc_mcu7t5v0__clkinv_1)
     5    0.022316    0.711648    0.532577    1.996671 ^ _0946_/ZN (gf180mcu_fd_sc_mcu7t5v0__clkinv_1)
                                                         _0737_ (net)
                      0.711648    0.000000    1.996671 ^ _1299_/A1 (gf180mcu_fd_sc_mcu7t5v0__nand2_1)
     1    0.003072    0.267859    0.212896    2.209567 v _1299_/ZN (gf180mcu_fd_sc_mcu7t5v0__nand2_1)
                                                         _0409_ (net)
                      0.267859    0.000000    2.209567 v _1301_/A2 (gf180mcu_fd_sc_mcu7t5v0__and4_1)
     1    0.003014    0.209709    0.561179    2.770746 v _1301_/Z (gf180mcu_fd_sc_mcu7t5v0__and4_1)
                                                         _0012_ (net)
                      0.209709    0.000000    2.770746 v _2175_/D (gf180mcu_fd_sc_mcu7t5v0__dffrnq_1)
                                              2.770746   data arrival time

                      0.150000    0.000000    0.000000   clock periph_clk (rise edge)
                                  0.000000    0.000000   clock network delay (ideal)
                                  0.250000    0.250000   clock uncertainty
                                  0.000000    0.250000   clock reconvergence pessimism
                                              0.250000 ^ _2175_/CLK (gf180mcu_fd_sc_mcu7t5v0__dffrnq_1)
                                  0.211791    0.461791   library hold time
                                              0.461791   data required time
---------------------------------------------------------------------------------------------
                                              0.461791   data required time
                                             -2.770746   data arrival time
---------------------------------------------------------------------------------------------
                                              2.308956   slack (MET)


Startpoint: _2169_ (rising edge-triggered flip-flop clocked by periph_clk)
Endpoint: _2169_ (rising edge-triggered flip-flop clocked by periph_clk)
Path Group: periph_clk
Path Type: min

Fanout         Cap        Slew       Delay        Time   Description
---------------------------------------------------------------------------------------------
                      0.150000    0.000000    0.000000   clock periph_clk (rise edge)
                                  0.000000    0.000000   clock network delay (ideal)
                      0.150000    0.000000    0.000000 ^ _2169_/CLK (gf180mcu_fd_sc_mcu7t5v0__dffrnq_1)
     7    0.027755    0.543973    1.537451    1.537451 v _2169_/Q (gf180mcu_fd_sc_mcu7t5v0__dffrnq_1)
                                                         u_uart_rx.baud_cnt[8] (net)
                      0.543973    0.000000    1.537451 v _0941_/I (gf180mcu_fd_sc_mcu7t5v0__clkinv_1)
     4    0.018494    0.613082    0.506670    2.044121 ^ _0941_/ZN (gf180mcu_fd_sc_mcu7t5v0__clkinv_1)
                                                         _0732_ (net)
                      0.613082    0.000000    2.044121 ^ _1277_/A1 (gf180mcu_fd_sc_mcu7t5v0__nand2_1)
     1    0.003072    0.248199    0.208761    2.252882 v _1277_/ZN (gf180mcu_fd_sc_mcu7t5v0__nand2_1)
                                                         _0393_ (net)
                      0.248199    0.000000    2.252882 v _1279_/A2 (gf180mcu_fd_sc_mcu7t5v0__and4_1)
     1    0.003014    0.209645    0.555032    2.807914 v _1279_/Z (gf180mcu_fd_sc_mcu7t5v0__and4_1)
                                                         _0021_ (net)
                      0.209645    0.000000    2.807914 v _2169_/D (gf180mcu_fd_sc_mcu7t5v0__dffrnq_1)
                                              2.807914   data arrival time

                      0.150000    0.000000    0.000000   clock periph_clk (rise edge)
                                  0.000000    0.000000   clock network delay (ideal)
                                  0.250000    0.250000   clock uncertainty
                                  0.000000    0.250000   clock reconvergence pessimism
                                              0.250000 ^ _2169_/CLK (gf180mcu_fd_sc_mcu7t5v0__dffrnq_1)
                                  0.211808    0.461808   library hold time
                                              0.461808   data required time
---------------------------------------------------------------------------------------------
                                              0.461808   data required time
                                             -2.807914   data arrival time
---------------------------------------------------------------------------------------------
                                              2.346107   slack (MET)


Startpoint: _1932_ (rising edge-triggered flip-flop clocked by periph_clk)
Endpoint: _1933_ (rising edge-triggered flip-flop clocked by periph_clk)
Path Group: periph_clk
Path Type: min

Fanout         Cap        Slew       Delay        Time   Description
---------------------------------------------------------------------------------------------
                      0.150000    0.000000    0.000000   clock periph_clk (rise edge)
                                  0.000000    0.000000   clock network delay (ideal)
                      0.150000    0.000000    0.000000 ^ _1932_/CLK (gf180mcu_fd_sc_mcu7t5v0__dffsnq_1)
    10    0.046813    0.858085    1.891332    1.891332 v _1932_/Q (gf180mcu_fd_sc_mcu7t5v0__dffsnq_1)
                                                         u_dc_fifo_tx.u_dout.read_token[0] (net)
                      0.858085    0.000000    1.891332 v _1543_/I0 (gf180mcu_fd_sc_mcu7t5v0__mux2_2)
     1    0.002637    0.187445    0.755262    2.646594 v _1543_/Z (gf180mcu_fd_sc_mcu7t5v0__mux2_2)
                                                         _0121_ (net)
                      0.187445    0.000000    2.646594 v _1933_/D (gf180mcu_fd_sc_mcu7t5v0__dffsnq_1)
                                              2.646594   data arrival time

                      0.150000    0.000000    0.000000   clock periph_clk (rise edge)
                                  0.000000    0.000000   clock network delay (ideal)
                                  0.250000    0.250000   clock uncertainty
                                  0.000000    0.250000   clock reconvergence pessimism
                                              0.250000 ^ _1933_/CLK (gf180mcu_fd_sc_mcu7t5v0__dffsnq_1)
                                  0.045838    0.295838   library hold time
                                              0.295838   data required time
---------------------------------------------------------------------------------------------
                                              0.295838   data required time
                                             -2.646594   data arrival time
---------------------------------------------------------------------------------------------
                                              2.350755   slack (MET)


Startpoint: _2162_ (rising edge-triggered flip-flop clocked by periph_clk)
Endpoint: _2162_ (rising edge-triggered flip-flop clocked by periph_clk)
Path Group: periph_clk
Path Type: min

Fanout         Cap        Slew       Delay        Time   Description
---------------------------------------------------------------------------------------------
                      0.150000    0.000000    0.000000   clock periph_clk (rise edge)
                                  0.000000    0.000000   clock network delay (ideal)
                      0.150000    0.000000    0.000000 ^ _2162_/CLK (gf180mcu_fd_sc_mcu7t5v0__dffrnq_1)
     7    0.029996    0.577657    1.560204    1.560204 v _2162_/Q (gf180mcu_fd_sc_mcu7t5v0__dffrnq_1)
                                                         u_uart_rx.baud_cnt[1] (net)
                      0.577657    0.000000    1.560204 v _0934_/I (gf180mcu_fd_sc_mcu7t5v0__clkinv_1)
     4    0.019370    0.637902    0.530905    2.091109 ^ _0934_/ZN (gf180mcu_fd_sc_mcu7t5v0__clkinv_1)
                                                         _0725_ (net)
                      0.637902    0.000000    2.091109 ^ _1253_/A2 (gf180mcu_fd_sc_mcu7t5v0__nand2_1)
     1    0.003072    0.260422    0.190842    2.281951 v _1253_/ZN (gf180mcu_fd_sc_mcu7t5v0__nand2_1)
                                                         _0376_ (net)
                      0.260422    0.000000    2.281951 v _1255_/A2 (gf180mcu_fd_sc_mcu7t5v0__and4_1)
     1    0.003014    0.209685    0.558854    2.840805 v _1255_/Z (gf180mcu_fd_sc_mcu7t5v0__and4_1)
                                                         _0014_ (net)
                      0.209685    0.000000    2.840805 v _2162_/D (gf180mcu_fd_sc_mcu7t5v0__dffrnq_1)
                                              2.840805   data arrival time

                      0.150000    0.000000    0.000000   clock periph_clk (rise edge)
                                  0.000000    0.000000   clock network delay (ideal)
                                  0.250000    0.250000   clock uncertainty
                                  0.000000    0.250000   clock reconvergence pessimism
                                              0.250000 ^ _2162_/CLK (gf180mcu_fd_sc_mcu7t5v0__dffrnq_1)
                                  0.211797    0.461797   library hold time
                                              0.461797   data required time
---------------------------------------------------------------------------------------------
                                              0.461797   data required time
                                             -2.840805   data arrival time
---------------------------------------------------------------------------------------------
                                              2.379008   slack (MET)


Startpoint: _2167_ (rising edge-triggered flip-flop clocked by periph_clk)
Endpoint: _2168_ (rising edge-triggered flip-flop clocked by periph_clk)
Path Group: periph_clk
Path Type: min

Fanout         Cap        Slew       Delay        Time   Description
---------------------------------------------------------------------------------------------
                      0.150000    0.000000    0.000000   clock periph_clk (rise edge)
                                  0.000000    0.000000   clock network delay (ideal)
                      0.150000    0.000000    0.000000 ^ _2167_/CLK (gf180mcu_fd_sc_mcu7t5v0__dffrnq_1)
     6    0.022797    0.469450    1.487111    1.487111 v _2167_/Q (gf180mcu_fd_sc_mcu7t5v0__dffrnq_1)
                                                         u_uart_rx.baud_cnt[6] (net)
                      0.469450    0.000000    1.487111 v _1271_/A3 (gf180mcu_fd_sc_mcu7t5v0__nand4_1)
     3    0.011546    0.696078    0.644806    2.131917 ^ _1271_/ZN (gf180mcu_fd_sc_mcu7t5v0__nand4_1)
                                                         _0389_ (net)
                      0.696078    0.000000    2.131917 ^ _1273_/A2 (gf180mcu_fd_sc_mcu7t5v0__nand2_1)
     1    0.003072    0.270498    0.190988    2.322905 v _1273_/ZN (gf180mcu_fd_sc_mcu7t5v0__nand2_1)
                                                         _0390_ (net)
                      0.270498    0.000000    2.322905 v _1276_/A2 (gf180mcu_fd_sc_mcu7t5v0__and4_1)
     1    0.003014    0.209718    0.562005    2.884910 v _1276_/Z (gf180mcu_fd_sc_mcu7t5v0__and4_1)
                                                         _0020_ (net)
                      0.209718    0.000000    2.884910 v _2168_/D (gf180mcu_fd_sc_mcu7t5v0__dffrnq_1)
                                              2.884910   data arrival time

                      0.150000    0.000000    0.000000   clock periph_clk (rise edge)
                                  0.000000    0.000000   clock network delay (ideal)
                                  0.250000    0.250000   clock uncertainty
                                  0.000000    0.250000   clock reconvergence pessimism
                                              0.250000 ^ _2168_/CLK (gf180mcu_fd_sc_mcu7t5v0__dffrnq_1)
                                  0.211788    0.461788   library hold time
                                              0.461788   data required time
---------------------------------------------------------------------------------------------
                                              0.461788   data required time
                                             -2.884910   data arrival time
---------------------------------------------------------------------------------------------
                                              2.423121   slack (MET)


Startpoint: _2019_ (rising edge-triggered flip-flop clocked by sys_clk)
Endpoint: _2019_ (rising edge-triggered flip-flop clocked by sys_clk)
Path Group: sys_clk
Path Type: min

Fanout         Cap        Slew       Delay        Time   Description
---------------------------------------------------------------------------------------------
                      0.150000    0.000000    0.000000   clock sys_clk (rise edge)
                                  0.000000    0.000000   clock network delay (ideal)
                      0.150000    0.000000    0.000000 ^ _2019_/CLK (gf180mcu_fd_sc_mcu7t5v0__dffrnq_1)
     2    0.077766    1.336832    2.029333    2.029333 v _2019_/Q (gf180mcu_fd_sc_mcu7t5v0__dffrnq_1)
                                                         cfg_tx_size_o[0] (net)
                      1.336832    0.000000    2.029333 v _1649_/I0 (gf180mcu_fd_sc_mcu7t5v0__mux2_2)
     1    0.003014    0.196697    0.862966    2.892299 v _1649_/Z (gf180mcu_fd_sc_mcu7t5v0__mux2_2)
                                                         _0207_ (net)
                      0.196697    0.000000    2.892299 v _2019_/D (gf180mcu_fd_sc_mcu7t5v0__dffrnq_1)
                                              2.892299   data arrival time

                      0.150000    0.000000    0.000000   clock sys_clk (rise edge)
                                  0.000000    0.000000   clock network delay (ideal)
                                  0.250000    0.250000   clock uncertainty
                                  0.000000    0.250000   clock reconvergence pessimism
                                              0.250000 ^ _2019_/CLK (gf180mcu_fd_sc_mcu7t5v0__dffrnq_1)
                                  0.215253    0.465253   library hold time
                                              0.465253   data required time
---------------------------------------------------------------------------------------------
                                              0.465253   data required time
                                             -2.892299   data arrival time
---------------------------------------------------------------------------------------------
                                              2.427046   slack (MET)


Startpoint: _2020_ (rising edge-triggered flip-flop clocked by sys_clk)
Endpoint: _2020_ (rising edge-triggered flip-flop clocked by sys_clk)
Path Group: sys_clk
Path Type: min

Fanout         Cap        Slew       Delay        Time   Description
---------------------------------------------------------------------------------------------
                      0.150000    0.000000    0.000000   clock sys_clk (rise edge)
                                  0.000000    0.000000   clock network delay (ideal)
                      0.150000    0.000000    0.000000 ^ _2020_/CLK (gf180mcu_fd_sc_mcu7t5v0__dffrnq_1)
     2    0.077766    1.336832    2.029333    2.029333 v _2020_/Q (gf180mcu_fd_sc_mcu7t5v0__dffrnq_1)
                                                         cfg_tx_size_o[1] (net)
                      1.336832    0.000000    2.029333 v _1650_/I0 (gf180mcu_fd_sc_mcu7t5v0__mux2_2)
     1    0.003014    0.196697    0.862966    2.892299 v _1650_/Z (gf180mcu_fd_sc_mcu7t5v0__mux2_2)
                                                         _0208_ (net)
                      0.196697    0.000000    2.892299 v _2020_/D (gf180mcu_fd_sc_mcu7t5v0__dffrnq_1)
                                              2.892299   data arrival time

                      0.150000    0.000000    0.000000   clock sys_clk (rise edge)
                                  0.000000    0.000000   clock network delay (ideal)
                                  0.250000    0.250000   clock uncertainty
                                  0.000000    0.250000   clock reconvergence pessimism
                                              0.250000 ^ _2020_/CLK (gf180mcu_fd_sc_mcu7t5v0__dffrnq_1)
                                  0.215253    0.465253   library hold time
                                              0.465253   data required time
---------------------------------------------------------------------------------------------
                                              0.465253   data required time
                                             -2.892299   data arrival time
---------------------------------------------------------------------------------------------
                                              2.427046   slack (MET)


Startpoint: _2021_ (rising edge-triggered flip-flop clocked by sys_clk)
Endpoint: _2021_ (rising edge-triggered flip-flop clocked by sys_clk)
Path Group: sys_clk
Path Type: min

Fanout         Cap        Slew       Delay        Time   Description
---------------------------------------------------------------------------------------------
                      0.150000    0.000000    0.000000   clock sys_clk (rise edge)
                                  0.000000    0.000000   clock network delay (ideal)
                      0.150000    0.000000    0.000000 ^ _2021_/CLK (gf180mcu_fd_sc_mcu7t5v0__dffrnq_1)
     2    0.077766    1.336832    2.029333    2.029333 v _2021_/Q (gf180mcu_fd_sc_mcu7t5v0__dffrnq_1)
                                                         cfg_tx_size_o[2] (net)
                      1.336832    0.000000    2.029333 v _1651_/I0 (gf180mcu_fd_sc_mcu7t5v0__mux2_2)
     1    0.003014    0.196697    0.862966    2.892299 v _1651_/Z (gf180mcu_fd_sc_mcu7t5v0__mux2_2)
                                                         _0209_ (net)
                      0.196697    0.000000    2.892299 v _2021_/D (gf180mcu_fd_sc_mcu7t5v0__dffrnq_1)
                                              2.892299   data arrival time

                      0.150000    0.000000    0.000000   clock sys_clk (rise edge)
                                  0.000000    0.000000   clock network delay (ideal)
                                  0.250000    0.250000   clock uncertainty
                                  0.000000    0.250000   clock reconvergence pessimism
                                              0.250000 ^ _2021_/CLK (gf180mcu_fd_sc_mcu7t5v0__dffrnq_1)
                                  0.215253    0.465253   library hold time
                                              0.465253   data required time
---------------------------------------------------------------------------------------------
                                              0.465253   data required time
                                             -2.892299   data arrival time
---------------------------------------------------------------------------------------------
                                              2.427046   slack (MET)


Startpoint: _2022_ (rising edge-triggered flip-flop clocked by sys_clk)
Endpoint: _2022_ (rising edge-triggered flip-flop clocked by sys_clk)
Path Group: sys_clk
Path Type: min

Fanout         Cap        Slew       Delay        Time   Description
---------------------------------------------------------------------------------------------
                      0.150000    0.000000    0.000000   clock sys_clk (rise edge)
                                  0.000000    0.000000   clock network delay (ideal)
                      0.150000    0.000000    0.000000 ^ _2022_/CLK (gf180mcu_fd_sc_mcu7t5v0__dffrnq_1)
     2    0.077766    1.336832    2.029333    2.029333 v _2022_/Q (gf180mcu_fd_sc_mcu7t5v0__dffrnq_1)
                                                         cfg_tx_size_o[3] (net)
                      1.336832    0.000000    2.029333 v _1652_/I0 (gf180mcu_fd_sc_mcu7t5v0__mux2_2)
     1    0.003014    0.196697    0.862966    2.892299 v _1652_/Z (gf180mcu_fd_sc_mcu7t5v0__mux2_2)
                                                         _0210_ (net)
                      0.196697    0.000000    2.892299 v _2022_/D (gf180mcu_fd_sc_mcu7t5v0__dffrnq_1)
                                              2.892299   data arrival time

                      0.150000    0.000000    0.000000   clock sys_clk (rise edge)
                                  0.000000    0.000000   clock network delay (ideal)
                                  0.250000    0.250000   clock uncertainty
                                  0.000000    0.250000   clock reconvergence pessimism
                                              0.250000 ^ _2022_/CLK (gf180mcu_fd_sc_mcu7t5v0__dffrnq_1)
                                  0.215253    0.465253   library hold time
                                              0.465253   data required time
---------------------------------------------------------------------------------------------
                                              0.465253   data required time
                                             -2.892299   data arrival time
---------------------------------------------------------------------------------------------
                                              2.427046   slack (MET)


Startpoint: _2023_ (rising edge-triggered flip-flop clocked by sys_clk)
Endpoint: _2023_ (rising edge-triggered flip-flop clocked by sys_clk)
Path Group: sys_clk
Path Type: min

Fanout         Cap        Slew       Delay        Time   Description
---------------------------------------------------------------------------------------------
                      0.150000    0.000000    0.000000   clock sys_clk (rise edge)
                                  0.000000    0.000000   clock network delay (ideal)
                      0.150000    0.000000    0.000000 ^ _2023_/CLK (gf180mcu_fd_sc_mcu7t5v0__dffrnq_1)
     2    0.077766    1.336832    2.029333    2.029333 v _2023_/Q (gf180mcu_fd_sc_mcu7t5v0__dffrnq_1)
                                                         cfg_tx_size_o[4] (net)
                      1.336832    0.000000    2.029333 v _1653_/I0 (gf180mcu_fd_sc_mcu7t5v0__mux2_2)
     1    0.003014    0.196697    0.862966    2.892299 v _1653_/Z (gf180mcu_fd_sc_mcu7t5v0__mux2_2)
                                                         _0211_ (net)
                      0.196697    0.000000    2.892299 v _2023_/D (gf180mcu_fd_sc_mcu7t5v0__dffrnq_1)
                                              2.892299   data arrival time

                      0.150000    0.000000    0.000000   clock sys_clk (rise edge)
                                  0.000000    0.000000   clock network delay (ideal)
                                  0.250000    0.250000   clock uncertainty
                                  0.000000    0.250000   clock reconvergence pessimism
                                              0.250000 ^ _2023_/CLK (gf180mcu_fd_sc_mcu7t5v0__dffrnq_1)
                                  0.215253    0.465253   library hold time
                                              0.465253   data required time
---------------------------------------------------------------------------------------------
                                              0.465253   data required time
                                             -2.892299   data arrival time
---------------------------------------------------------------------------------------------
                                              2.427046   slack (MET)


Startpoint: _2024_ (rising edge-triggered flip-flop clocked by sys_clk)
Endpoint: _2024_ (rising edge-triggered flip-flop clocked by sys_clk)
Path Group: sys_clk
Path Type: min

Fanout         Cap        Slew       Delay        Time   Description
---------------------------------------------------------------------------------------------
                      0.150000    0.000000    0.000000   clock sys_clk (rise edge)
                                  0.000000    0.000000   clock network delay (ideal)
                      0.150000    0.000000    0.000000 ^ _2024_/CLK (gf180mcu_fd_sc_mcu7t5v0__dffrnq_1)
     2    0.077766    1.336832    2.029333    2.029333 v _2024_/Q (gf180mcu_fd_sc_mcu7t5v0__dffrnq_1)
                                                         cfg_tx_size_o[5] (net)
                      1.336832    0.000000    2.029333 v _1654_/I0 (gf180mcu_fd_sc_mcu7t5v0__mux2_2)
     1    0.003014    0.196697    0.862966    2.892299 v _1654_/Z (gf180mcu_fd_sc_mcu7t5v0__mux2_2)
                                                         _0212_ (net)
                      0.196697    0.000000    2.892299 v _2024_/D (gf180mcu_fd_sc_mcu7t5v0__dffrnq_1)
                                              2.892299   data arrival time

                      0.150000    0.000000    0.000000   clock sys_clk (rise edge)
                                  0.000000    0.000000   clock network delay (ideal)
                                  0.250000    0.250000   clock uncertainty
                                  0.000000    0.250000   clock reconvergence pessimism
                                              0.250000 ^ _2024_/CLK (gf180mcu_fd_sc_mcu7t5v0__dffrnq_1)
                                  0.215253    0.465253   library hold time
                                              0.465253   data required time
---------------------------------------------------------------------------------------------
                                              0.465253   data required time
                                             -2.892299   data arrival time
---------------------------------------------------------------------------------------------
                                              2.427046   slack (MET)


Startpoint: _2025_ (rising edge-triggered flip-flop clocked by sys_clk)
Endpoint: _2025_ (rising edge-triggered flip-flop clocked by sys_clk)
Path Group: sys_clk
Path Type: min

Fanout         Cap        Slew       Delay        Time   Description
---------------------------------------------------------------------------------------------
                      0.150000    0.000000    0.000000   clock sys_clk (rise edge)
                                  0.000000    0.000000   clock network delay (ideal)
                      0.150000    0.000000    0.000000 ^ _2025_/CLK (gf180mcu_fd_sc_mcu7t5v0__dffrnq_1)
     2    0.077766    1.336832    2.029333    2.029333 v _2025_/Q (gf180mcu_fd_sc_mcu7t5v0__dffrnq_1)
                                                         cfg_tx_size_o[6] (net)
                      1.336832    0.000000    2.029333 v _1655_/I0 (gf180mcu_fd_sc_mcu7t5v0__mux2_2)
     1    0.003014    0.196697    0.862966    2.892299 v _1655_/Z (gf180mcu_fd_sc_mcu7t5v0__mux2_2)
                                                         _0213_ (net)
                      0.196697    0.000000    2.892299 v _2025_/D (gf180mcu_fd_sc_mcu7t5v0__dffrnq_1)
                                              2.892299   data arrival time

                      0.150000    0.000000    0.000000   clock sys_clk (rise edge)
                                  0.000000    0.000000   clock network delay (ideal)
                                  0.250000    0.250000   clock uncertainty
                                  0.000000    0.250000   clock reconvergence pessimism
                                              0.250000 ^ _2025_/CLK (gf180mcu_fd_sc_mcu7t5v0__dffrnq_1)
                                  0.215253    0.465253   library hold time
                                              0.465253   data required time
---------------------------------------------------------------------------------------------
                                              0.465253   data required time
                                             -2.892299   data arrival time
---------------------------------------------------------------------------------------------
                                              2.427046   slack (MET)


Startpoint: _2026_ (rising edge-triggered flip-flop clocked by sys_clk)
Endpoint: _2026_ (rising edge-triggered flip-flop clocked by sys_clk)
Path Group: sys_clk
Path Type: min

Fanout         Cap        Slew       Delay        Time   Description
---------------------------------------------------------------------------------------------
                      0.150000    0.000000    0.000000   clock sys_clk (rise edge)
                                  0.000000    0.000000   clock network delay (ideal)
                      0.150000    0.000000    0.000000 ^ _2026_/CLK (gf180mcu_fd_sc_mcu7t5v0__dffrnq_1)
     2    0.077766    1.336832    2.029333    2.029333 v _2026_/Q (gf180mcu_fd_sc_mcu7t5v0__dffrnq_1)
                                                         cfg_tx_size_o[7] (net)
                      1.336832    0.000000    2.029333 v _1656_/I0 (gf180mcu_fd_sc_mcu7t5v0__mux2_2)
     1    0.003014    0.196697    0.862966    2.892299 v _1656_/Z (gf180mcu_fd_sc_mcu7t5v0__mux2_2)
                                                         _0214_ (net)
                      0.196697    0.000000    2.892299 v _2026_/D (gf180mcu_fd_sc_mcu7t5v0__dffrnq_1)
                                              2.892299   data arrival time

                      0.150000    0.000000    0.000000   clock sys_clk (rise edge)
                                  0.000000    0.000000   clock network delay (ideal)
                                  0.250000    0.250000   clock uncertainty
                                  0.000000    0.250000   clock reconvergence pessimism
                                              0.250000 ^ _2026_/CLK (gf180mcu_fd_sc_mcu7t5v0__dffrnq_1)
                                  0.215253    0.465253   library hold time
                                              0.465253   data required time
---------------------------------------------------------------------------------------------
                                              0.465253   data required time
                                             -2.892299   data arrival time
---------------------------------------------------------------------------------------------
                                              2.427046   slack (MET)


Startpoint: _2027_ (rising edge-triggered flip-flop clocked by sys_clk)
Endpoint: _2027_ (rising edge-triggered flip-flop clocked by sys_clk)
Path Group: sys_clk
Path Type: min

Fanout         Cap        Slew       Delay        Time   Description
---------------------------------------------------------------------------------------------
                      0.150000    0.000000    0.000000   clock sys_clk (rise edge)
                                  0.000000    0.000000   clock network delay (ideal)
                      0.150000    0.000000    0.000000 ^ _2027_/CLK (gf180mcu_fd_sc_mcu7t5v0__dffrnq_1)
     2    0.077766    1.336832    2.029333    2.029333 v _2027_/Q (gf180mcu_fd_sc_mcu7t5v0__dffrnq_1)
                                                         cfg_tx_size_o[8] (net)
                      1.336832    0.000000    2.029333 v _1657_/I0 (gf180mcu_fd_sc_mcu7t5v0__mux2_2)
     1    0.003014    0.196697    0.862966    2.892299 v _1657_/Z (gf180mcu_fd_sc_mcu7t5v0__mux2_2)
                                                         _0215_ (net)
                      0.196697    0.000000    2.892299 v _2027_/D (gf180mcu_fd_sc_mcu7t5v0__dffrnq_1)
                                              2.892299   data arrival time

                      0.150000    0.000000    0.000000   clock sys_clk (rise edge)
                                  0.000000    0.000000   clock network delay (ideal)
                                  0.250000    0.250000   clock uncertainty
                                  0.000000    0.250000   clock reconvergence pessimism
                                              0.250000 ^ _2027_/CLK (gf180mcu_fd_sc_mcu7t5v0__dffrnq_1)
                                  0.215253    0.465253   library hold time
                                              0.465253   data required time
---------------------------------------------------------------------------------------------
                                              0.465253   data required time
                                             -2.892299   data arrival time
---------------------------------------------------------------------------------------------
                                              2.427046   slack (MET)


Startpoint: _2028_ (rising edge-triggered flip-flop clocked by sys_clk)
Endpoint: _2028_ (rising edge-triggered flip-flop clocked by sys_clk)
Path Group: sys_clk
Path Type: min

Fanout         Cap        Slew       Delay        Time   Description
---------------------------------------------------------------------------------------------
                      0.150000    0.000000    0.000000   clock sys_clk (rise edge)
                                  0.000000    0.000000   clock network delay (ideal)
                      0.150000    0.000000    0.000000 ^ _2028_/CLK (gf180mcu_fd_sc_mcu7t5v0__dffrnq_1)
     2    0.077766    1.336832    2.029333    2.029333 v _2028_/Q (gf180mcu_fd_sc_mcu7t5v0__dffrnq_1)
                                                         cfg_tx_size_o[9] (net)
                      1.336832    0.000000    2.029333 v _1658_/I0 (gf180mcu_fd_sc_mcu7t5v0__mux2_2)
     1    0.003014    0.196697    0.862966    2.892299 v _1658_/Z (gf180mcu_fd_sc_mcu7t5v0__mux2_2)
                                                         _0216_ (net)
                      0.196697    0.000000    2.892299 v _2028_/D (gf180mcu_fd_sc_mcu7t5v0__dffrnq_1)
                                              2.892299   data arrival time

                      0.150000    0.000000    0.000000   clock sys_clk (rise edge)
                                  0.000000    0.000000   clock network delay (ideal)
                                  0.250000    0.250000   clock uncertainty
                                  0.000000    0.250000   clock reconvergence pessimism
                                              0.250000 ^ _2028_/CLK (gf180mcu_fd_sc_mcu7t5v0__dffrnq_1)
                                  0.215253    0.465253   library hold time
                                              0.465253   data required time
---------------------------------------------------------------------------------------------
                                              0.465253   data required time
                                             -2.892299   data arrival time
---------------------------------------------------------------------------------------------
                                              2.427046   slack (MET)


Startpoint: _2029_ (rising edge-triggered flip-flop clocked by sys_clk)
Endpoint: _2029_ (rising edge-triggered flip-flop clocked by sys_clk)
Path Group: sys_clk
Path Type: min

Fanout         Cap        Slew       Delay        Time   Description
---------------------------------------------------------------------------------------------
                      0.150000    0.000000    0.000000   clock sys_clk (rise edge)
                                  0.000000    0.000000   clock network delay (ideal)
                      0.150000    0.000000    0.000000 ^ _2029_/CLK (gf180mcu_fd_sc_mcu7t5v0__dffrnq_1)
     2    0.077766    1.336832    2.029333    2.029333 v _2029_/Q (gf180mcu_fd_sc_mcu7t5v0__dffrnq_1)
                                                         cfg_tx_size_o[10] (net)
                      1.336832    0.000000    2.029333 v _1659_/I0 (gf180mcu_fd_sc_mcu7t5v0__mux2_2)
     1    0.003014    0.196697    0.862966    2.892299 v _1659_/Z (gf180mcu_fd_sc_mcu7t5v0__mux2_2)
                                                         _0217_ (net)
                      0.196697    0.000000    2.892299 v _2029_/D (gf180mcu_fd_sc_mcu7t5v0__dffrnq_1)
                                              2.892299   data arrival time

                      0.150000    0.000000    0.000000   clock sys_clk (rise edge)
                                  0.000000    0.000000   clock network delay (ideal)
                                  0.250000    0.250000   clock uncertainty
                                  0.000000    0.250000   clock reconvergence pessimism
                                              0.250000 ^ _2029_/CLK (gf180mcu_fd_sc_mcu7t5v0__dffrnq_1)
                                  0.215253    0.465253   library hold time
                                              0.465253   data required time
---------------------------------------------------------------------------------------------
                                              0.465253   data required time
                                             -2.892299   data arrival time
---------------------------------------------------------------------------------------------
                                              2.427046   slack (MET)


Startpoint: _2030_ (rising edge-triggered flip-flop clocked by sys_clk)
Endpoint: _2030_ (rising edge-triggered flip-flop clocked by sys_clk)
Path Group: sys_clk
Path Type: min

Fanout         Cap        Slew       Delay        Time   Description
---------------------------------------------------------------------------------------------
                      0.150000    0.000000    0.000000   clock sys_clk (rise edge)
                                  0.000000    0.000000   clock network delay (ideal)
                      0.150000    0.000000    0.000000 ^ _2030_/CLK (gf180mcu_fd_sc_mcu7t5v0__dffrnq_1)
     2    0.077766    1.336832    2.029333    2.029333 v _2030_/Q (gf180mcu_fd_sc_mcu7t5v0__dffrnq_1)
                                                         cfg_tx_size_o[11] (net)
                      1.336832    0.000000    2.029333 v _1660_/I0 (gf180mcu_fd_sc_mcu7t5v0__mux2_2)
     1    0.003014    0.196697    0.862966    2.892299 v _1660_/Z (gf180mcu_fd_sc_mcu7t5v0__mux2_2)
                                                         _0218_ (net)
                      0.196697    0.000000    2.892299 v _2030_/D (gf180mcu_fd_sc_mcu7t5v0__dffrnq_1)
                                              2.892299   data arrival time

                      0.150000    0.000000    0.000000   clock sys_clk (rise edge)
                                  0.000000    0.000000   clock network delay (ideal)
                                  0.250000    0.250000   clock uncertainty
                                  0.000000    0.250000   clock reconvergence pessimism
                                              0.250000 ^ _2030_/CLK (gf180mcu_fd_sc_mcu7t5v0__dffrnq_1)
                                  0.215253    0.465253   library hold time
                                              0.465253   data required time
---------------------------------------------------------------------------------------------
                                              0.465253   data required time
                                             -2.892299   data arrival time
---------------------------------------------------------------------------------------------
                                              2.427046   slack (MET)


Startpoint: _2031_ (rising edge-triggered flip-flop clocked by sys_clk)
Endpoint: _2031_ (rising edge-triggered flip-flop clocked by sys_clk)
Path Group: sys_clk
Path Type: min

Fanout         Cap        Slew       Delay        Time   Description
---------------------------------------------------------------------------------------------
                      0.150000    0.000000    0.000000   clock sys_clk (rise edge)
                                  0.000000    0.000000   clock network delay (ideal)
                      0.150000    0.000000    0.000000 ^ _2031_/CLK (gf180mcu_fd_sc_mcu7t5v0__dffrnq_1)
     2    0.077766    1.336832    2.029333    2.029333 v _2031_/Q (gf180mcu_fd_sc_mcu7t5v0__dffrnq_1)
                                                         cfg_tx_size_o[12] (net)
                      1.336832    0.000000    2.029333 v _1661_/I0 (gf180mcu_fd_sc_mcu7t5v0__mux2_2)
     1    0.003014    0.196697    0.862966    2.892299 v _1661_/Z (gf180mcu_fd_sc_mcu7t5v0__mux2_2)
                                                         _0219_ (net)
                      0.196697    0.000000    2.892299 v _2031_/D (gf180mcu_fd_sc_mcu7t5v0__dffrnq_1)
                                              2.892299   data arrival time

                      0.150000    0.000000    0.000000   clock sys_clk (rise edge)
                                  0.000000    0.000000   clock network delay (ideal)
                                  0.250000    0.250000   clock uncertainty
                                  0.000000    0.250000   clock reconvergence pessimism
                                              0.250000 ^ _2031_/CLK (gf180mcu_fd_sc_mcu7t5v0__dffrnq_1)
                                  0.215253    0.465253   library hold time
                                              0.465253   data required time
---------------------------------------------------------------------------------------------
                                              0.465253   data required time
                                             -2.892299   data arrival time
---------------------------------------------------------------------------------------------
                                              2.427046   slack (MET)


Startpoint: _2032_ (rising edge-triggered flip-flop clocked by sys_clk)
Endpoint: _2032_ (rising edge-triggered flip-flop clocked by sys_clk)
Path Group: sys_clk
Path Type: min

Fanout         Cap        Slew       Delay        Time   Description
---------------------------------------------------------------------------------------------
                      0.150000    0.000000    0.000000   clock sys_clk (rise edge)
                                  0.000000    0.000000   clock network delay (ideal)
                      0.150000    0.000000    0.000000 ^ _2032_/CLK (gf180mcu_fd_sc_mcu7t5v0__dffrnq_1)
     2    0.077766    1.336832    2.029333    2.029333 v _2032_/Q (gf180mcu_fd_sc_mcu7t5v0__dffrnq_1)
                                                         cfg_tx_size_o[13] (net)
                      1.336832    0.000000    2.029333 v _1662_/I0 (gf180mcu_fd_sc_mcu7t5v0__mux2_2)
     1    0.003014    0.196697    0.862966    2.892299 v _1662_/Z (gf180mcu_fd_sc_mcu7t5v0__mux2_2)
                                                         _0220_ (net)
                      0.196697    0.000000    2.892299 v _2032_/D (gf180mcu_fd_sc_mcu7t5v0__dffrnq_1)
                                              2.892299   data arrival time

                      0.150000    0.000000    0.000000   clock sys_clk (rise edge)
                                  0.000000    0.000000   clock network delay (ideal)
                                  0.250000    0.250000   clock uncertainty
                                  0.000000    0.250000   clock reconvergence pessimism
                                              0.250000 ^ _2032_/CLK (gf180mcu_fd_sc_mcu7t5v0__dffrnq_1)
                                  0.215253    0.465253   library hold time
                                              0.465253   data required time
---------------------------------------------------------------------------------------------
                                              0.465253   data required time
                                             -2.892299   data arrival time
---------------------------------------------------------------------------------------------
                                              2.427046   slack (MET)


Startpoint: _2033_ (rising edge-triggered flip-flop clocked by sys_clk)
Endpoint: _2033_ (rising edge-triggered flip-flop clocked by sys_clk)
Path Group: sys_clk
Path Type: min

Fanout         Cap        Slew       Delay        Time   Description
---------------------------------------------------------------------------------------------
                      0.150000    0.000000    0.000000   clock sys_clk (rise edge)
                                  0.000000    0.000000   clock network delay (ideal)
                      0.150000    0.000000    0.000000 ^ _2033_/CLK (gf180mcu_fd_sc_mcu7t5v0__dffrnq_1)
     2    0.077766    1.336832    2.029333    2.029333 v _2033_/Q (gf180mcu_fd_sc_mcu7t5v0__dffrnq_1)
                                                         cfg_tx_size_o[14] (net)
                      1.336832    0.000000    2.029333 v _1663_/I0 (gf180mcu_fd_sc_mcu7t5v0__mux2_2)
     1    0.003014    0.196697    0.862966    2.892299 v _1663_/Z (gf180mcu_fd_sc_mcu7t5v0__mux2_2)
                                                         _0221_ (net)
                      0.196697    0.000000    2.892299 v _2033_/D (gf180mcu_fd_sc_mcu7t5v0__dffrnq_1)
                                              2.892299   data arrival time

                      0.150000    0.000000    0.000000   clock sys_clk (rise edge)
                                  0.000000    0.000000   clock network delay (ideal)
                                  0.250000    0.250000   clock uncertainty
                                  0.000000    0.250000   clock reconvergence pessimism
                                              0.250000 ^ _2033_/CLK (gf180mcu_fd_sc_mcu7t5v0__dffrnq_1)
                                  0.215253    0.465253   library hold time
                                              0.465253   data required time
---------------------------------------------------------------------------------------------
                                              0.465253   data required time
                                             -2.892299   data arrival time
---------------------------------------------------------------------------------------------
                                              2.427046   slack (MET)


Startpoint: _2034_ (rising edge-triggered flip-flop clocked by sys_clk)
Endpoint: _2034_ (rising edge-triggered flip-flop clocked by sys_clk)
Path Group: sys_clk
Path Type: min

Fanout         Cap        Slew       Delay        Time   Description
---------------------------------------------------------------------------------------------
                      0.150000    0.000000    0.000000   clock sys_clk (rise edge)
                                  0.000000    0.000000   clock network delay (ideal)
                      0.150000    0.000000    0.000000 ^ _2034_/CLK (gf180mcu_fd_sc_mcu7t5v0__dffrnq_1)
     2    0.077766    1.336832    2.029333    2.029333 v _2034_/Q (gf180mcu_fd_sc_mcu7t5v0__dffrnq_1)
                                                         cfg_tx_size_o[15] (net)
                      1.336832    0.000000    2.029333 v _1664_/I0 (gf180mcu_fd_sc_mcu7t5v0__mux2_2)
     1    0.003014    0.196697    0.862966    2.892299 v _1664_/Z (gf180mcu_fd_sc_mcu7t5v0__mux2_2)
                                                         _0222_ (net)
                      0.196697    0.000000    2.892299 v _2034_/D (gf180mcu_fd_sc_mcu7t5v0__dffrnq_1)
                                              2.892299   data arrival time

                      0.150000    0.000000    0.000000   clock sys_clk (rise edge)
                                  0.000000    0.000000   clock network delay (ideal)
                                  0.250000    0.250000   clock uncertainty
                                  0.000000    0.250000   clock reconvergence pessimism
                                              0.250000 ^ _2034_/CLK (gf180mcu_fd_sc_mcu7t5v0__dffrnq_1)
                                  0.215253    0.465253   library hold time
                                              0.465253   data required time
---------------------------------------------------------------------------------------------
                                              0.465253   data required time
                                             -2.892299   data arrival time
---------------------------------------------------------------------------------------------
                                              2.427046   slack (MET)


Startpoint: _2007_ (rising edge-triggered flip-flop clocked by sys_clk)
Endpoint: _2007_ (rising edge-triggered flip-flop clocked by sys_clk)
Path Group: sys_clk
Path Type: min

Fanout         Cap        Slew       Delay        Time   Description
---------------------------------------------------------------------------------------------
                      0.150000    0.000000    0.000000   clock sys_clk (rise edge)
                                  0.000000    0.000000   clock network delay (ideal)
                      0.150000    0.000000    0.000000 ^ _2007_/CLK (gf180mcu_fd_sc_mcu7t5v0__dffrnq_1)
     2    0.077766    1.336832    2.029333    2.029333 v _2007_/Q (gf180mcu_fd_sc_mcu7t5v0__dffrnq_1)
                                                         cfg_tx_startaddr_o[0] (net)
                      1.336832    0.000000    2.029333 v _1636_/I0 (gf180mcu_fd_sc_mcu7t5v0__mux2_2)
     1    0.003014    0.196826    0.862966    2.892299 v _1636_/Z (gf180mcu_fd_sc_mcu7t5v0__mux2_2)
                                                         _0195_ (net)
                      0.196826    0.000000    2.892299 v _2007_/D (gf180mcu_fd_sc_mcu7t5v0__dffrnq_1)
                                              2.892299   data arrival time

                      0.150000    0.000000    0.000000   clock sys_clk (rise edge)
                                  0.000000    0.000000   clock network delay (ideal)
                                  0.250000    0.250000   clock uncertainty
                                  0.000000    0.250000   clock reconvergence pessimism
                                              0.250000 ^ _2007_/CLK (gf180mcu_fd_sc_mcu7t5v0__dffrnq_1)
                                  0.215219    0.465219   library hold time
                                              0.465219   data required time
---------------------------------------------------------------------------------------------
                                              0.465219   data required time
                                             -2.892299   data arrival time
---------------------------------------------------------------------------------------------
                                              2.427080   slack (MET)


Startpoint: _2008_ (rising edge-triggered flip-flop clocked by sys_clk)
Endpoint: _2008_ (rising edge-triggered flip-flop clocked by sys_clk)
Path Group: sys_clk
Path Type: min

Fanout         Cap        Slew       Delay        Time   Description
---------------------------------------------------------------------------------------------
                      0.150000    0.000000    0.000000   clock sys_clk (rise edge)
                                  0.000000    0.000000   clock network delay (ideal)
                      0.150000    0.000000    0.000000 ^ _2008_/CLK (gf180mcu_fd_sc_mcu7t5v0__dffrnq_1)
     2    0.077766    1.336832    2.029333    2.029333 v _2008_/Q (gf180mcu_fd_sc_mcu7t5v0__dffrnq_1)
                                                         cfg_tx_startaddr_o[1] (net)
                      1.336832    0.000000    2.029333 v _1637_/I0 (gf180mcu_fd_sc_mcu7t5v0__mux2_2)
     1    0.003014    0.196826    0.862966    2.892299 v _1637_/Z (gf180mcu_fd_sc_mcu7t5v0__mux2_2)
                                                         _0196_ (net)
                      0.196826    0.000000    2.892299 v _2008_/D (gf180mcu_fd_sc_mcu7t5v0__dffrnq_1)
                                              2.892299   data arrival time

                      0.150000    0.000000    0.000000   clock sys_clk (rise edge)
                                  0.000000    0.000000   clock network delay (ideal)
                                  0.250000    0.250000   clock uncertainty
                                  0.000000    0.250000   clock reconvergence pessimism
                                              0.250000 ^ _2008_/CLK (gf180mcu_fd_sc_mcu7t5v0__dffrnq_1)
                                  0.215219    0.465219   library hold time
                                              0.465219   data required time
---------------------------------------------------------------------------------------------
                                              0.465219   data required time
                                             -2.892299   data arrival time
---------------------------------------------------------------------------------------------
                                              2.427080   slack (MET)


Startpoint: _2009_ (rising edge-triggered flip-flop clocked by sys_clk)
Endpoint: _2009_ (rising edge-triggered flip-flop clocked by sys_clk)
Path Group: sys_clk
Path Type: min

Fanout         Cap        Slew       Delay        Time   Description
---------------------------------------------------------------------------------------------
                      0.150000    0.000000    0.000000   clock sys_clk (rise edge)
                                  0.000000    0.000000   clock network delay (ideal)
                      0.150000    0.000000    0.000000 ^ _2009_/CLK (gf180mcu_fd_sc_mcu7t5v0__dffrnq_1)
     2    0.077766    1.336832    2.029333    2.029333 v _2009_/Q (gf180mcu_fd_sc_mcu7t5v0__dffrnq_1)
                                                         cfg_tx_startaddr_o[2] (net)
                      1.336832    0.000000    2.029333 v _1638_/I0 (gf180mcu_fd_sc_mcu7t5v0__mux2_2)
     1    0.003014    0.196826    0.862966    2.892299 v _1638_/Z (gf180mcu_fd_sc_mcu7t5v0__mux2_2)
                                                         _0197_ (net)
                      0.196826    0.000000    2.892299 v _2009_/D (gf180mcu_fd_sc_mcu7t5v0__dffrnq_1)
                                              2.892299   data arrival time

                      0.150000    0.000000    0.000000   clock sys_clk (rise edge)
                                  0.000000    0.000000   clock network delay (ideal)
                                  0.250000    0.250000   clock uncertainty
                                  0.000000    0.250000   clock reconvergence pessimism
                                              0.250000 ^ _2009_/CLK (gf180mcu_fd_sc_mcu7t5v0__dffrnq_1)
                                  0.215219    0.465219   library hold time
                                              0.465219   data required time
---------------------------------------------------------------------------------------------
                                              0.465219   data required time
                                             -2.892299   data arrival time
---------------------------------------------------------------------------------------------
                                              2.427080   slack (MET)


Startpoint: _2010_ (rising edge-triggered flip-flop clocked by sys_clk)
Endpoint: _2010_ (rising edge-triggered flip-flop clocked by sys_clk)
Path Group: sys_clk
Path Type: min

Fanout         Cap        Slew       Delay        Time   Description
---------------------------------------------------------------------------------------------
                      0.150000    0.000000    0.000000   clock sys_clk (rise edge)
                                  0.000000    0.000000   clock network delay (ideal)
                      0.150000    0.000000    0.000000 ^ _2010_/CLK (gf180mcu_fd_sc_mcu7t5v0__dffrnq_1)
     2    0.077766    1.336832    2.029333    2.029333 v _2010_/Q (gf180mcu_fd_sc_mcu7t5v0__dffrnq_1)
                                                         cfg_tx_startaddr_o[3] (net)
                      1.336832    0.000000    2.029333 v _1639_/I0 (gf180mcu_fd_sc_mcu7t5v0__mux2_2)
     1    0.003014    0.196826    0.862966    2.892299 v _1639_/Z (gf180mcu_fd_sc_mcu7t5v0__mux2_2)
                                                         _0198_ (net)
                      0.196826    0.000000    2.892299 v _2010_/D (gf180mcu_fd_sc_mcu7t5v0__dffrnq_1)
                                              2.892299   data arrival time

                      0.150000    0.000000    0.000000   clock sys_clk (rise edge)
                                  0.000000    0.000000   clock network delay (ideal)
                                  0.250000    0.250000   clock uncertainty
                                  0.000000    0.250000   clock reconvergence pessimism
                                              0.250000 ^ _2010_/CLK (gf180mcu_fd_sc_mcu7t5v0__dffrnq_1)
                                  0.215219    0.465219   library hold time
                                              0.465219   data required time
---------------------------------------------------------------------------------------------
                                              0.465219   data required time
                                             -2.892299   data arrival time
---------------------------------------------------------------------------------------------
                                              2.427080   slack (MET)


Startpoint: _2011_ (rising edge-triggered flip-flop clocked by sys_clk)
Endpoint: _2011_ (rising edge-triggered flip-flop clocked by sys_clk)
Path Group: sys_clk
Path Type: min

Fanout         Cap        Slew       Delay        Time   Description
---------------------------------------------------------------------------------------------
                      0.150000    0.000000    0.000000   clock sys_clk (rise edge)
                                  0.000000    0.000000   clock network delay (ideal)
                      0.150000    0.000000    0.000000 ^ _2011_/CLK (gf180mcu_fd_sc_mcu7t5v0__dffrnq_1)
     2    0.077766    1.336832    2.029333    2.029333 v _2011_/Q (gf180mcu_fd_sc_mcu7t5v0__dffrnq_1)
                                                         cfg_tx_startaddr_o[4] (net)
                      1.336832    0.000000    2.029333 v _1640_/I0 (gf180mcu_fd_sc_mcu7t5v0__mux2_2)
     1    0.003014    0.196826    0.862966    2.892299 v _1640_/Z (gf180mcu_fd_sc_mcu7t5v0__mux2_2)
                                                         _0199_ (net)
                      0.196826    0.000000    2.892299 v _2011_/D (gf180mcu_fd_sc_mcu7t5v0__dffrnq_1)
                                              2.892299   data arrival time

                      0.150000    0.000000    0.000000   clock sys_clk (rise edge)
                                  0.000000    0.000000   clock network delay (ideal)
                                  0.250000    0.250000   clock uncertainty
                                  0.000000    0.250000   clock reconvergence pessimism
                                              0.250000 ^ _2011_/CLK (gf180mcu_fd_sc_mcu7t5v0__dffrnq_1)
                                  0.215219    0.465219   library hold time
                                              0.465219   data required time
---------------------------------------------------------------------------------------------
                                              0.465219   data required time
                                             -2.892299   data arrival time
---------------------------------------------------------------------------------------------
                                              2.427080   slack (MET)


Startpoint: _2012_ (rising edge-triggered flip-flop clocked by sys_clk)
Endpoint: _2012_ (rising edge-triggered flip-flop clocked by sys_clk)
Path Group: sys_clk
Path Type: min

Fanout         Cap        Slew       Delay        Time   Description
---------------------------------------------------------------------------------------------
                      0.150000    0.000000    0.000000   clock sys_clk (rise edge)
                                  0.000000    0.000000   clock network delay (ideal)
                      0.150000    0.000000    0.000000 ^ _2012_/CLK (gf180mcu_fd_sc_mcu7t5v0__dffrnq_1)
     2    0.077766    1.336832    2.029333    2.029333 v _2012_/Q (gf180mcu_fd_sc_mcu7t5v0__dffrnq_1)
                                                         cfg_tx_startaddr_o[5] (net)
                      1.336832    0.000000    2.029333 v _1641_/I0 (gf180mcu_fd_sc_mcu7t5v0__mux2_2)
     1    0.003014    0.196826    0.862966    2.892299 v _1641_/Z (gf180mcu_fd_sc_mcu7t5v0__mux2_2)
                                                         _0200_ (net)
                      0.196826    0.000000    2.892299 v _2012_/D (gf180mcu_fd_sc_mcu7t5v0__dffrnq_1)
                                              2.892299   data arrival time

                      0.150000    0.000000    0.000000   clock sys_clk (rise edge)
                                  0.000000    0.000000   clock network delay (ideal)
                                  0.250000    0.250000   clock uncertainty
                                  0.000000    0.250000   clock reconvergence pessimism
                                              0.250000 ^ _2012_/CLK (gf180mcu_fd_sc_mcu7t5v0__dffrnq_1)
                                  0.215219    0.465219   library hold time
                                              0.465219   data required time
---------------------------------------------------------------------------------------------
                                              0.465219   data required time
                                             -2.892299   data arrival time
---------------------------------------------------------------------------------------------
                                              2.427080   slack (MET)


Startpoint: _2013_ (rising edge-triggered flip-flop clocked by sys_clk)
Endpoint: _2013_ (rising edge-triggered flip-flop clocked by sys_clk)
Path Group: sys_clk
Path Type: min

Fanout         Cap        Slew       Delay        Time   Description
---------------------------------------------------------------------------------------------
                      0.150000    0.000000    0.000000   clock sys_clk (rise edge)
                                  0.000000    0.000000   clock network delay (ideal)
                      0.150000    0.000000    0.000000 ^ _2013_/CLK (gf180mcu_fd_sc_mcu7t5v0__dffrnq_1)
     2    0.077766    1.336832    2.029333    2.029333 v _2013_/Q (gf180mcu_fd_sc_mcu7t5v0__dffrnq_1)
                                                         cfg_tx_startaddr_o[6] (net)
                      1.336832    0.000000    2.029333 v _1642_/I0 (gf180mcu_fd_sc_mcu7t5v0__mux2_2)
     1    0.003014    0.196826    0.862966    2.892299 v _1642_/Z (gf180mcu_fd_sc_mcu7t5v0__mux2_2)
                                                         _0201_ (net)
                      0.196826    0.000000    2.892299 v _2013_/D (gf180mcu_fd_sc_mcu7t5v0__dffrnq_1)
                                              2.892299   data arrival time

                      0.150000    0.000000    0.000000   clock sys_clk (rise edge)
                                  0.000000    0.000000   clock network delay (ideal)
                                  0.250000    0.250000   clock uncertainty
                                  0.000000    0.250000   clock reconvergence pessimism
                                              0.250000 ^ _2013_/CLK (gf180mcu_fd_sc_mcu7t5v0__dffrnq_1)
                                  0.215219    0.465219   library hold time
                                              0.465219   data required time
---------------------------------------------------------------------------------------------
                                              0.465219   data required time
                                             -2.892299   data arrival time
---------------------------------------------------------------------------------------------
                                              2.427080   slack (MET)


Startpoint: _2014_ (rising edge-triggered flip-flop clocked by sys_clk)
Endpoint: _2014_ (rising edge-triggered flip-flop clocked by sys_clk)
Path Group: sys_clk
Path Type: min

Fanout         Cap        Slew       Delay        Time   Description
---------------------------------------------------------------------------------------------
                      0.150000    0.000000    0.000000   clock sys_clk (rise edge)
                                  0.000000    0.000000   clock network delay (ideal)
                      0.150000    0.000000    0.000000 ^ _2014_/CLK (gf180mcu_fd_sc_mcu7t5v0__dffrnq_1)
     2    0.077766    1.336832    2.029333    2.029333 v _2014_/Q (gf180mcu_fd_sc_mcu7t5v0__dffrnq_1)
                                                         cfg_tx_startaddr_o[7] (net)
                      1.336832    0.000000    2.029333 v _1643_/I0 (gf180mcu_fd_sc_mcu7t5v0__mux2_2)
     1    0.003014    0.196826    0.862966    2.892299 v _1643_/Z (gf180mcu_fd_sc_mcu7t5v0__mux2_2)
                                                         _0202_ (net)
                      0.196826    0.000000    2.892299 v _2014_/D (gf180mcu_fd_sc_mcu7t5v0__dffrnq_1)
                                              2.892299   data arrival time

                      0.150000    0.000000    0.000000   clock sys_clk (rise edge)
                                  0.000000    0.000000   clock network delay (ideal)
                                  0.250000    0.250000   clock uncertainty
                                  0.000000    0.250000   clock reconvergence pessimism
                                              0.250000 ^ _2014_/CLK (gf180mcu_fd_sc_mcu7t5v0__dffrnq_1)
                                  0.215219    0.465219   library hold time
                                              0.465219   data required time
---------------------------------------------------------------------------------------------
                                              0.465219   data required time
                                             -2.892299   data arrival time
---------------------------------------------------------------------------------------------
                                              2.427080   slack (MET)


Startpoint: _2015_ (rising edge-triggered flip-flop clocked by sys_clk)
Endpoint: _2015_ (rising edge-triggered flip-flop clocked by sys_clk)
Path Group: sys_clk
Path Type: min

Fanout         Cap        Slew       Delay        Time   Description
---------------------------------------------------------------------------------------------
                      0.150000    0.000000    0.000000   clock sys_clk (rise edge)
                                  0.000000    0.000000   clock network delay (ideal)
                      0.150000    0.000000    0.000000 ^ _2015_/CLK (gf180mcu_fd_sc_mcu7t5v0__dffrnq_1)
     2    0.077766    1.336832    2.029333    2.029333 v _2015_/Q (gf180mcu_fd_sc_mcu7t5v0__dffrnq_1)
                                                         cfg_tx_startaddr_o[8] (net)
                      1.336832    0.000000    2.029333 v _1644_/I0 (gf180mcu_fd_sc_mcu7t5v0__mux2_2)
     1    0.003014    0.196826    0.862966    2.892299 v _1644_/Z (gf180mcu_fd_sc_mcu7t5v0__mux2_2)
                                                         _0203_ (net)
                      0.196826    0.000000    2.892299 v _2015_/D (gf180mcu_fd_sc_mcu7t5v0__dffrnq_1)
                                              2.892299   data arrival time

                      0.150000    0.000000    0.000000   clock sys_clk (rise edge)
                                  0.000000    0.000000   clock network delay (ideal)
                                  0.250000    0.250000   clock uncertainty
                                  0.000000    0.250000   clock reconvergence pessimism
                                              0.250000 ^ _2015_/CLK (gf180mcu_fd_sc_mcu7t5v0__dffrnq_1)
                                  0.215219    0.465219   library hold time
                                              0.465219   data required time
---------------------------------------------------------------------------------------------
                                              0.465219   data required time
                                             -2.892299   data arrival time
---------------------------------------------------------------------------------------------
                                              2.427080   slack (MET)


Startpoint: _2016_ (rising edge-triggered flip-flop clocked by sys_clk)
Endpoint: _2016_ (rising edge-triggered flip-flop clocked by sys_clk)
Path Group: sys_clk
Path Type: min

Fanout         Cap        Slew       Delay        Time   Description
---------------------------------------------------------------------------------------------
                      0.150000    0.000000    0.000000   clock sys_clk (rise edge)
                                  0.000000    0.000000   clock network delay (ideal)
                      0.150000    0.000000    0.000000 ^ _2016_/CLK (gf180mcu_fd_sc_mcu7t5v0__dffrnq_1)
     2    0.077766    1.336832    2.029333    2.029333 v _2016_/Q (gf180mcu_fd_sc_mcu7t5v0__dffrnq_1)
                                                         cfg_tx_startaddr_o[9] (net)
                      1.336832    0.000000    2.029333 v _1645_/I0 (gf180mcu_fd_sc_mcu7t5v0__mux2_2)
     1    0.003014    0.196826    0.862966    2.892299 v _1645_/Z (gf180mcu_fd_sc_mcu7t5v0__mux2_2)
                                                         _0204_ (net)
                      0.196826    0.000000    2.892299 v _2016_/D (gf180mcu_fd_sc_mcu7t5v0__dffrnq_1)
                                              2.892299   data arrival time

                      0.150000    0.000000    0.000000   clock sys_clk (rise edge)
                                  0.000000    0.000000   clock network delay (ideal)
                                  0.250000    0.250000   clock uncertainty
                                  0.000000    0.250000   clock reconvergence pessimism
                                              0.250000 ^ _2016_/CLK (gf180mcu_fd_sc_mcu7t5v0__dffrnq_1)
                                  0.215219    0.465219   library hold time
                                              0.465219   data required time
---------------------------------------------------------------------------------------------
                                              0.465219   data required time
                                             -2.892299   data arrival time
---------------------------------------------------------------------------------------------
                                              2.427080   slack (MET)


Startpoint: _2017_ (rising edge-triggered flip-flop clocked by sys_clk)
Endpoint: _2017_ (rising edge-triggered flip-flop clocked by sys_clk)
Path Group: sys_clk
Path Type: min

Fanout         Cap        Slew       Delay        Time   Description
---------------------------------------------------------------------------------------------
                      0.150000    0.000000    0.000000   clock sys_clk (rise edge)
                                  0.000000    0.000000   clock network delay (ideal)
                      0.150000    0.000000    0.000000 ^ _2017_/CLK (gf180mcu_fd_sc_mcu7t5v0__dffrnq_1)
     2    0.077766    1.336832    2.029333    2.029333 v _2017_/Q (gf180mcu_fd_sc_mcu7t5v0__dffrnq_1)
                                                         cfg_tx_startaddr_o[10] (net)
                      1.336832    0.000000    2.029333 v _1646_/I0 (gf180mcu_fd_sc_mcu7t5v0__mux2_2)
     1    0.003014    0.196826    0.862966    2.892299 v _1646_/Z (gf180mcu_fd_sc_mcu7t5v0__mux2_2)
                                                         _0205_ (net)
                      0.196826    0.000000    2.892299 v _2017_/D (gf180mcu_fd_sc_mcu7t5v0__dffrnq_1)
                                              2.892299   data arrival time

                      0.150000    0.000000    0.000000   clock sys_clk (rise edge)
                                  0.000000    0.000000   clock network delay (ideal)
                                  0.250000    0.250000   clock uncertainty
                                  0.000000    0.250000   clock reconvergence pessimism
                                              0.250000 ^ _2017_/CLK (gf180mcu_fd_sc_mcu7t5v0__dffrnq_1)
                                  0.215219    0.465219   library hold time
                                              0.465219   data required time
---------------------------------------------------------------------------------------------
                                              0.465219   data required time
                                             -2.892299   data arrival time
---------------------------------------------------------------------------------------------
                                              2.427080   slack (MET)


Startpoint: _2018_ (rising edge-triggered flip-flop clocked by sys_clk)
Endpoint: _2018_ (rising edge-triggered flip-flop clocked by sys_clk)
Path Group: sys_clk
Path Type: min

Fanout         Cap        Slew       Delay        Time   Description
---------------------------------------------------------------------------------------------
                      0.150000    0.000000    0.000000   clock sys_clk (rise edge)
                                  0.000000    0.000000   clock network delay (ideal)
                      0.150000    0.000000    0.000000 ^ _2018_/CLK (gf180mcu_fd_sc_mcu7t5v0__dffrnq_1)
     2    0.077766    1.336832    2.029333    2.029333 v _2018_/Q (gf180mcu_fd_sc_mcu7t5v0__dffrnq_1)
                                                         cfg_tx_startaddr_o[11] (net)
                      1.336832    0.000000    2.029333 v _1647_/I0 (gf180mcu_fd_sc_mcu7t5v0__mux2_2)
     1    0.003014    0.196826    0.862966    2.892299 v _1647_/Z (gf180mcu_fd_sc_mcu7t5v0__mux2_2)
                                                         _0206_ (net)
                      0.196826    0.000000    2.892299 v _2018_/D (gf180mcu_fd_sc_mcu7t5v0__dffrnq_1)
                                              2.892299   data arrival time

                      0.150000    0.000000    0.000000   clock sys_clk (rise edge)
                                  0.000000    0.000000   clock network delay (ideal)
                                  0.250000    0.250000   clock uncertainty
                                  0.000000    0.250000   clock reconvergence pessimism
                                              0.250000 ^ _2018_/CLK (gf180mcu_fd_sc_mcu7t5v0__dffrnq_1)
                                  0.215219    0.465219   library hold time
                                              0.465219   data required time
---------------------------------------------------------------------------------------------
                                              0.465219   data required time
                                             -2.892299   data arrival time
---------------------------------------------------------------------------------------------
                                              2.427080   slack (MET)


Startpoint: _1990_ (rising edge-triggered flip-flop clocked by sys_clk)
Endpoint: _1990_ (rising edge-triggered flip-flop clocked by sys_clk)
Path Group: sys_clk
Path Type: min

Fanout         Cap        Slew       Delay        Time   Description
---------------------------------------------------------------------------------------------
                      0.150000    0.000000    0.000000   clock sys_clk (rise edge)
                                  0.000000    0.000000   clock network delay (ideal)
                      0.150000    0.000000    0.000000 ^ _1990_/CLK (gf180mcu_fd_sc_mcu7t5v0__dffrnq_1)
     2    0.077766    1.336832    2.029333    2.029333 v _1990_/Q (gf180mcu_fd_sc_mcu7t5v0__dffrnq_1)
                                                         cfg_rx_size_o[0] (net)
                      1.336832    0.000000    2.029333 v _1618_/I0 (gf180mcu_fd_sc_mcu7t5v0__mux2_2)
     1    0.003014    0.199936    0.862966    2.892299 v _1618_/Z (gf180mcu_fd_sc_mcu7t5v0__mux2_2)
                                                         _0178_ (net)
                      0.199936    0.000000    2.892299 v _1990_/D (gf180mcu_fd_sc_mcu7t5v0__dffrnq_1)
                                              2.892299   data arrival time

                      0.150000    0.000000    0.000000   clock sys_clk (rise edge)
                                  0.000000    0.000000   clock network delay (ideal)
                                  0.250000    0.250000   clock uncertainty
                                  0.000000    0.250000   clock reconvergence pessimism
                                              0.250000 ^ _1990_/CLK (gf180mcu_fd_sc_mcu7t5v0__dffrnq_1)
                                  0.214391    0.464391   library hold time
                                              0.464391   data required time
---------------------------------------------------------------------------------------------
                                              0.464391   data required time
                                             -2.892299   data arrival time
---------------------------------------------------------------------------------------------
                                              2.427908   slack (MET)


Startpoint: _1991_ (rising edge-triggered flip-flop clocked by sys_clk)
Endpoint: _1991_ (rising edge-triggered flip-flop clocked by sys_clk)
Path Group: sys_clk
Path Type: min

Fanout         Cap        Slew       Delay        Time   Description
---------------------------------------------------------------------------------------------
                      0.150000    0.000000    0.000000   clock sys_clk (rise edge)
                                  0.000000    0.000000   clock network delay (ideal)
                      0.150000    0.000000    0.000000 ^ _1991_/CLK (gf180mcu_fd_sc_mcu7t5v0__dffrnq_1)
     2    0.077766    1.336832    2.029333    2.029333 v _1991_/Q (gf180mcu_fd_sc_mcu7t5v0__dffrnq_1)
                                                         cfg_rx_size_o[1] (net)
                      1.336832    0.000000    2.029333 v _1619_/I0 (gf180mcu_fd_sc_mcu7t5v0__mux2_2)
     1    0.003014    0.199936    0.862966    2.892299 v _1619_/Z (gf180mcu_fd_sc_mcu7t5v0__mux2_2)
                                                         _0179_ (net)
                      0.199936    0.000000    2.892299 v _1991_/D (gf180mcu_fd_sc_mcu7t5v0__dffrnq_1)
                                              2.892299   data arrival time

                      0.150000    0.000000    0.000000   clock sys_clk (rise edge)
                                  0.000000    0.000000   clock network delay (ideal)
                                  0.250000    0.250000   clock uncertainty
                                  0.000000    0.250000   clock reconvergence pessimism
                                              0.250000 ^ _1991_/CLK (gf180mcu_fd_sc_mcu7t5v0__dffrnq_1)
                                  0.214391    0.464391   library hold time
                                              0.464391   data required time
---------------------------------------------------------------------------------------------
                                              0.464391   data required time
                                             -2.892299   data arrival time
---------------------------------------------------------------------------------------------
                                              2.427908   slack (MET)


Startpoint: _1992_ (rising edge-triggered flip-flop clocked by sys_clk)
Endpoint: _1992_ (rising edge-triggered flip-flop clocked by sys_clk)
Path Group: sys_clk
Path Type: min

Fanout         Cap        Slew       Delay        Time   Description
---------------------------------------------------------------------------------------------
                      0.150000    0.000000    0.000000   clock sys_clk (rise edge)
                                  0.000000    0.000000   clock network delay (ideal)
                      0.150000    0.000000    0.000000 ^ _1992_/CLK (gf180mcu_fd_sc_mcu7t5v0__dffrnq_1)
     2    0.077766    1.336832    2.029333    2.029333 v _1992_/Q (gf180mcu_fd_sc_mcu7t5v0__dffrnq_1)
                                                         cfg_rx_size_o[2] (net)
                      1.336832    0.000000    2.029333 v _1620_/I0 (gf180mcu_fd_sc_mcu7t5v0__mux2_2)
     1    0.003014    0.199936    0.862966    2.892299 v _1620_/Z (gf180mcu_fd_sc_mcu7t5v0__mux2_2)
                                                         _0180_ (net)
                      0.199936    0.000000    2.892299 v _1992_/D (gf180mcu_fd_sc_mcu7t5v0__dffrnq_1)
                                              2.892299   data arrival time

                      0.150000    0.000000    0.000000   clock sys_clk (rise edge)
                                  0.000000    0.000000   clock network delay (ideal)
                                  0.250000    0.250000   clock uncertainty
                                  0.000000    0.250000   clock reconvergence pessimism
                                              0.250000 ^ _1992_/CLK (gf180mcu_fd_sc_mcu7t5v0__dffrnq_1)
                                  0.214391    0.464391   library hold time
                                              0.464391   data required time
---------------------------------------------------------------------------------------------
                                              0.464391   data required time
                                             -2.892299   data arrival time
---------------------------------------------------------------------------------------------
                                              2.427908   slack (MET)


Startpoint: _1993_ (rising edge-triggered flip-flop clocked by sys_clk)
Endpoint: _1993_ (rising edge-triggered flip-flop clocked by sys_clk)
Path Group: sys_clk
Path Type: min

Fanout         Cap        Slew       Delay        Time   Description
---------------------------------------------------------------------------------------------
                      0.150000    0.000000    0.000000   clock sys_clk (rise edge)
                                  0.000000    0.000000   clock network delay (ideal)
                      0.150000    0.000000    0.000000 ^ _1993_/CLK (gf180mcu_fd_sc_mcu7t5v0__dffrnq_1)
     2    0.077766    1.336832    2.029333    2.029333 v _1993_/Q (gf180mcu_fd_sc_mcu7t5v0__dffrnq_1)
                                                         cfg_rx_size_o[3] (net)
                      1.336832    0.000000    2.029333 v _1621_/I0 (gf180mcu_fd_sc_mcu7t5v0__mux2_2)
     1    0.003014    0.199936    0.862966    2.892299 v _1621_/Z (gf180mcu_fd_sc_mcu7t5v0__mux2_2)
                                                         _0181_ (net)
                      0.199936    0.000000    2.892299 v _1993_/D (gf180mcu_fd_sc_mcu7t5v0__dffrnq_1)
                                              2.892299   data arrival time

                      0.150000    0.000000    0.000000   clock sys_clk (rise edge)
                                  0.000000    0.000000   clock network delay (ideal)
                                  0.250000    0.250000   clock uncertainty
                                  0.000000    0.250000   clock reconvergence pessimism
                                              0.250000 ^ _1993_/CLK (gf180mcu_fd_sc_mcu7t5v0__dffrnq_1)
                                  0.214391    0.464391   library hold time
                                              0.464391   data required time
---------------------------------------------------------------------------------------------
                                              0.464391   data required time
                                             -2.892299   data arrival time
---------------------------------------------------------------------------------------------
                                              2.427908   slack (MET)


Startpoint: _1994_ (rising edge-triggered flip-flop clocked by sys_clk)
Endpoint: _1994_ (rising edge-triggered flip-flop clocked by sys_clk)
Path Group: sys_clk
Path Type: min

Fanout         Cap        Slew       Delay        Time   Description
---------------------------------------------------------------------------------------------
                      0.150000    0.000000    0.000000   clock sys_clk (rise edge)
                                  0.000000    0.000000   clock network delay (ideal)
                      0.150000    0.000000    0.000000 ^ _1994_/CLK (gf180mcu_fd_sc_mcu7t5v0__dffrnq_1)
     2    0.077766    1.336832    2.029333    2.029333 v _1994_/Q (gf180mcu_fd_sc_mcu7t5v0__dffrnq_1)
                                                         cfg_rx_size_o[4] (net)
                      1.336832    0.000000    2.029333 v _1622_/I0 (gf180mcu_fd_sc_mcu7t5v0__mux2_2)
     1    0.003014    0.199936    0.862966    2.892299 v _1622_/Z (gf180mcu_fd_sc_mcu7t5v0__mux2_2)
                                                         _0182_ (net)
                      0.199936    0.000000    2.892299 v _1994_/D (gf180mcu_fd_sc_mcu7t5v0__dffrnq_1)
                                              2.892299   data arrival time

                      0.150000    0.000000    0.000000   clock sys_clk (rise edge)
                                  0.000000    0.000000   clock network delay (ideal)
                                  0.250000    0.250000   clock uncertainty
                                  0.000000    0.250000   clock reconvergence pessimism
                                              0.250000 ^ _1994_/CLK (gf180mcu_fd_sc_mcu7t5v0__dffrnq_1)
                                  0.214391    0.464391   library hold time
                                              0.464391   data required time
---------------------------------------------------------------------------------------------
                                              0.464391   data required time
                                             -2.892299   data arrival time
---------------------------------------------------------------------------------------------
                                              2.427908   slack (MET)


Startpoint: _1995_ (rising edge-triggered flip-flop clocked by sys_clk)
Endpoint: _1995_ (rising edge-triggered flip-flop clocked by sys_clk)
Path Group: sys_clk
Path Type: min

Fanout         Cap        Slew       Delay        Time   Description
---------------------------------------------------------------------------------------------
                      0.150000    0.000000    0.000000   clock sys_clk (rise edge)
                                  0.000000    0.000000   clock network delay (ideal)
                      0.150000    0.000000    0.000000 ^ _1995_/CLK (gf180mcu_fd_sc_mcu7t5v0__dffrnq_1)
     2    0.077766    1.336832    2.029333    2.029333 v _1995_/Q (gf180mcu_fd_sc_mcu7t5v0__dffrnq_1)
                                                         cfg_rx_size_o[5] (net)
                      1.336832    0.000000    2.029333 v _1623_/I0 (gf180mcu_fd_sc_mcu7t5v0__mux2_2)
     1    0.003014    0.199936    0.862966    2.892299 v _1623_/Z (gf180mcu_fd_sc_mcu7t5v0__mux2_2)
                                                         _0183_ (net)
                      0.199936    0.000000    2.892299 v _1995_/D (gf180mcu_fd_sc_mcu7t5v0__dffrnq_1)
                                              2.892299   data arrival time

                      0.150000    0.000000    0.000000   clock sys_clk (rise edge)
                                  0.000000    0.000000   clock network delay (ideal)
                                  0.250000    0.250000   clock uncertainty
                                  0.000000    0.250000   clock reconvergence pessimism
                                              0.250000 ^ _1995_/CLK (gf180mcu_fd_sc_mcu7t5v0__dffrnq_1)
                                  0.214391    0.464391   library hold time
                                              0.464391   data required time
---------------------------------------------------------------------------------------------
                                              0.464391   data required time
                                             -2.892299   data arrival time
---------------------------------------------------------------------------------------------
                                              2.427908   slack (MET)


Startpoint: _1996_ (rising edge-triggered flip-flop clocked by sys_clk)
Endpoint: _1996_ (rising edge-triggered flip-flop clocked by sys_clk)
Path Group: sys_clk
Path Type: min

Fanout         Cap        Slew       Delay        Time   Description
---------------------------------------------------------------------------------------------
                      0.150000    0.000000    0.000000   clock sys_clk (rise edge)
                                  0.000000    0.000000   clock network delay (ideal)
                      0.150000    0.000000    0.000000 ^ _1996_/CLK (gf180mcu_fd_sc_mcu7t5v0__dffrnq_1)
     2    0.077766    1.336832    2.029333    2.029333 v _1996_/Q (gf180mcu_fd_sc_mcu7t5v0__dffrnq_1)
                                                         cfg_rx_size_o[6] (net)
                      1.336832    0.000000    2.029333 v _1624_/I0 (gf180mcu_fd_sc_mcu7t5v0__mux2_2)
     1    0.003014    0.199936    0.862966    2.892299 v _1624_/Z (gf180mcu_fd_sc_mcu7t5v0__mux2_2)
                                                         _0184_ (net)
                      0.199936    0.000000    2.892299 v _1996_/D (gf180mcu_fd_sc_mcu7t5v0__dffrnq_1)
                                              2.892299   data arrival time

                      0.150000    0.000000    0.000000   clock sys_clk (rise edge)
                                  0.000000    0.000000   clock network delay (ideal)
                                  0.250000    0.250000   clock uncertainty
                                  0.000000    0.250000   clock reconvergence pessimism
                                              0.250000 ^ _1996_/CLK (gf180mcu_fd_sc_mcu7t5v0__dffrnq_1)
                                  0.214391    0.464391   library hold time
                                              0.464391   data required time
---------------------------------------------------------------------------------------------
                                              0.464391   data required time
                                             -2.892299   data arrival time
---------------------------------------------------------------------------------------------
                                              2.427908   slack (MET)


Startpoint: _1997_ (rising edge-triggered flip-flop clocked by sys_clk)
Endpoint: _1997_ (rising edge-triggered flip-flop clocked by sys_clk)
Path Group: sys_clk
Path Type: min

Fanout         Cap        Slew       Delay        Time   Description
---------------------------------------------------------------------------------------------
                      0.150000    0.000000    0.000000   clock sys_clk (rise edge)
                                  0.000000    0.000000   clock network delay (ideal)
                      0.150000    0.000000    0.000000 ^ _1997_/CLK (gf180mcu_fd_sc_mcu7t5v0__dffrnq_1)
     2    0.077766    1.336832    2.029333    2.029333 v _1997_/Q (gf180mcu_fd_sc_mcu7t5v0__dffrnq_1)
                                                         cfg_rx_size_o[7] (net)
                      1.336832    0.000000    2.029333 v _1625_/I0 (gf180mcu_fd_sc_mcu7t5v0__mux2_2)
     1    0.003014    0.199936    0.862966    2.892299 v _1625_/Z (gf180mcu_fd_sc_mcu7t5v0__mux2_2)
                                                         _0185_ (net)
                      0.199936    0.000000    2.892299 v _1997_/D (gf180mcu_fd_sc_mcu7t5v0__dffrnq_1)
                                              2.892299   data arrival time

                      0.150000    0.000000    0.000000   clock sys_clk (rise edge)
                                  0.000000    0.000000   clock network delay (ideal)
                                  0.250000    0.250000   clock uncertainty
                                  0.000000    0.250000   clock reconvergence pessimism
                                              0.250000 ^ _1997_/CLK (gf180mcu_fd_sc_mcu7t5v0__dffrnq_1)
                                  0.214391    0.464391   library hold time
                                              0.464391   data required time
---------------------------------------------------------------------------------------------
                                              0.464391   data required time
                                             -2.892299   data arrival time
---------------------------------------------------------------------------------------------
                                              2.427908   slack (MET)


Startpoint: _1998_ (rising edge-triggered flip-flop clocked by sys_clk)
Endpoint: _1998_ (rising edge-triggered flip-flop clocked by sys_clk)
Path Group: sys_clk
Path Type: min

Fanout         Cap        Slew       Delay        Time   Description
---------------------------------------------------------------------------------------------
                      0.150000    0.000000    0.000000   clock sys_clk (rise edge)
                                  0.000000    0.000000   clock network delay (ideal)
                      0.150000    0.000000    0.000000 ^ _1998_/CLK (gf180mcu_fd_sc_mcu7t5v0__dffrnq_1)
     2    0.077766    1.336832    2.029333    2.029333 v _1998_/Q (gf180mcu_fd_sc_mcu7t5v0__dffrnq_1)
                                                         cfg_rx_size_o[8] (net)
                      1.336832    0.000000    2.029333 v _1626_/I0 (gf180mcu_fd_sc_mcu7t5v0__mux2_2)
     1    0.003014    0.199936    0.862966    2.892299 v _1626_/Z (gf180mcu_fd_sc_mcu7t5v0__mux2_2)
                                                         _0186_ (net)
                      0.199936    0.000000    2.892299 v _1998_/D (gf180mcu_fd_sc_mcu7t5v0__dffrnq_1)
                                              2.892299   data arrival time

                      0.150000    0.000000    0.000000   clock sys_clk (rise edge)
                                  0.000000    0.000000   clock network delay (ideal)
                                  0.250000    0.250000   clock uncertainty
                                  0.000000    0.250000   clock reconvergence pessimism
                                              0.250000 ^ _1998_/CLK (gf180mcu_fd_sc_mcu7t5v0__dffrnq_1)
                                  0.214391    0.464391   library hold time
                                              0.464391   data required time
---------------------------------------------------------------------------------------------
                                              0.464391   data required time
                                             -2.892299   data arrival time
---------------------------------------------------------------------------------------------
                                              2.427908   slack (MET)


Startpoint: _1999_ (rising edge-triggered flip-flop clocked by sys_clk)
Endpoint: _1999_ (rising edge-triggered flip-flop clocked by sys_clk)
Path Group: sys_clk
Path Type: min

Fanout         Cap        Slew       Delay        Time   Description
---------------------------------------------------------------------------------------------
                      0.150000    0.000000    0.000000   clock sys_clk (rise edge)
                                  0.000000    0.000000   clock network delay (ideal)
                      0.150000    0.000000    0.000000 ^ _1999_/CLK (gf180mcu_fd_sc_mcu7t5v0__dffrnq_1)
     2    0.077766    1.336832    2.029333    2.029333 v _1999_/Q (gf180mcu_fd_sc_mcu7t5v0__dffrnq_1)
                                                         cfg_rx_size_o[9] (net)
                      1.336832    0.000000    2.029333 v _1627_/I0 (gf180mcu_fd_sc_mcu7t5v0__mux2_2)
     1    0.003014    0.199936    0.862966    2.892299 v _1627_/Z (gf180mcu_fd_sc_mcu7t5v0__mux2_2)
                                                         _0187_ (net)
                      0.199936    0.000000    2.892299 v _1999_/D (gf180mcu_fd_sc_mcu7t5v0__dffrnq_1)
                                              2.892299   data arrival time

                      0.150000    0.000000    0.000000   clock sys_clk (rise edge)
                                  0.000000    0.000000   clock network delay (ideal)
                                  0.250000    0.250000   clock uncertainty
                                  0.000000    0.250000   clock reconvergence pessimism
                                              0.250000 ^ _1999_/CLK (gf180mcu_fd_sc_mcu7t5v0__dffrnq_1)
                                  0.214391    0.464391   library hold time
                                              0.464391   data required time
---------------------------------------------------------------------------------------------
                                              0.464391   data required time
                                             -2.892299   data arrival time
---------------------------------------------------------------------------------------------
                                              2.427908   slack (MET)


Startpoint: _2000_ (rising edge-triggered flip-flop clocked by sys_clk)
Endpoint: _2000_ (rising edge-triggered flip-flop clocked by sys_clk)
Path Group: sys_clk
Path Type: min

Fanout         Cap        Slew       Delay        Time   Description
---------------------------------------------------------------------------------------------
                      0.150000    0.000000    0.000000   clock sys_clk (rise edge)
                                  0.000000    0.000000   clock network delay (ideal)
                      0.150000    0.000000    0.000000 ^ _2000_/CLK (gf180mcu_fd_sc_mcu7t5v0__dffrnq_1)
     2    0.077766    1.336832    2.029333    2.029333 v _2000_/Q (gf180mcu_fd_sc_mcu7t5v0__dffrnq_1)
                                                         cfg_rx_size_o[10] (net)
                      1.336832    0.000000    2.029333 v _1628_/I0 (gf180mcu_fd_sc_mcu7t5v0__mux2_2)
     1    0.003014    0.199936    0.862966    2.892299 v _1628_/Z (gf180mcu_fd_sc_mcu7t5v0__mux2_2)
                                                         _0188_ (net)
                      0.199936    0.000000    2.892299 v _2000_/D (gf180mcu_fd_sc_mcu7t5v0__dffrnq_1)
                                              2.892299   data arrival time

                      0.150000    0.000000    0.000000   clock sys_clk (rise edge)
                                  0.000000    0.000000   clock network delay (ideal)
                                  0.250000    0.250000   clock uncertainty
                                  0.000000    0.250000   clock reconvergence pessimism
                                              0.250000 ^ _2000_/CLK (gf180mcu_fd_sc_mcu7t5v0__dffrnq_1)
                                  0.214391    0.464391   library hold time
                                              0.464391   data required time
---------------------------------------------------------------------------------------------
                                              0.464391   data required time
                                             -2.892299   data arrival time
---------------------------------------------------------------------------------------------
                                              2.427908   slack (MET)


Startpoint: _2001_ (rising edge-triggered flip-flop clocked by sys_clk)
Endpoint: _2001_ (rising edge-triggered flip-flop clocked by sys_clk)
Path Group: sys_clk
Path Type: min

Fanout         Cap        Slew       Delay        Time   Description
---------------------------------------------------------------------------------------------
                      0.150000    0.000000    0.000000   clock sys_clk (rise edge)
                                  0.000000    0.000000   clock network delay (ideal)
                      0.150000    0.000000    0.000000 ^ _2001_/CLK (gf180mcu_fd_sc_mcu7t5v0__dffrnq_1)
     2    0.077766    1.336832    2.029333    2.029333 v _2001_/Q (gf180mcu_fd_sc_mcu7t5v0__dffrnq_1)
                                                         cfg_rx_size_o[11] (net)
                      1.336832    0.000000    2.029333 v _1629_/I0 (gf180mcu_fd_sc_mcu7t5v0__mux2_2)
     1    0.003014    0.199936    0.862966    2.892299 v _1629_/Z (gf180mcu_fd_sc_mcu7t5v0__mux2_2)
                                                         _0189_ (net)
                      0.199936    0.000000    2.892299 v _2001_/D (gf180mcu_fd_sc_mcu7t5v0__dffrnq_1)
                                              2.892299   data arrival time

                      0.150000    0.000000    0.000000   clock sys_clk (rise edge)
                                  0.000000    0.000000   clock network delay (ideal)
                                  0.250000    0.250000   clock uncertainty
                                  0.000000    0.250000   clock reconvergence pessimism
                                              0.250000 ^ _2001_/CLK (gf180mcu_fd_sc_mcu7t5v0__dffrnq_1)
                                  0.214391    0.464391   library hold time
                                              0.464391   data required time
---------------------------------------------------------------------------------------------
                                              0.464391   data required time
                                             -2.892299   data arrival time
---------------------------------------------------------------------------------------------
                                              2.427908   slack (MET)


Startpoint: _2002_ (rising edge-triggered flip-flop clocked by sys_clk)
Endpoint: _2002_ (rising edge-triggered flip-flop clocked by sys_clk)
Path Group: sys_clk
Path Type: min

Fanout         Cap        Slew       Delay        Time   Description
---------------------------------------------------------------------------------------------
                      0.150000    0.000000    0.000000   clock sys_clk (rise edge)
                                  0.000000    0.000000   clock network delay (ideal)
                      0.150000    0.000000    0.000000 ^ _2002_/CLK (gf180mcu_fd_sc_mcu7t5v0__dffrnq_1)
     2    0.077766    1.336832    2.029333    2.029333 v _2002_/Q (gf180mcu_fd_sc_mcu7t5v0__dffrnq_1)
                                                         cfg_rx_size_o[12] (net)
                      1.336832    0.000000    2.029333 v _1630_/I0 (gf180mcu_fd_sc_mcu7t5v0__mux2_2)
     1    0.003014    0.199936    0.862966    2.892299 v _1630_/Z (gf180mcu_fd_sc_mcu7t5v0__mux2_2)
                                                         _0190_ (net)
                      0.199936    0.000000    2.892299 v _2002_/D (gf180mcu_fd_sc_mcu7t5v0__dffrnq_1)
                                              2.892299   data arrival time

                      0.150000    0.000000    0.000000   clock sys_clk (rise edge)
                                  0.000000    0.000000   clock network delay (ideal)
                                  0.250000    0.250000   clock uncertainty
                                  0.000000    0.250000   clock reconvergence pessimism
                                              0.250000 ^ _2002_/CLK (gf180mcu_fd_sc_mcu7t5v0__dffrnq_1)
                                  0.214391    0.464391   library hold time
                                              0.464391   data required time
---------------------------------------------------------------------------------------------
                                              0.464391   data required time
                                             -2.892299   data arrival time
---------------------------------------------------------------------------------------------
                                              2.427908   slack (MET)


Startpoint: _2003_ (rising edge-triggered flip-flop clocked by sys_clk)
Endpoint: _2003_ (rising edge-triggered flip-flop clocked by sys_clk)
Path Group: sys_clk
Path Type: min

Fanout         Cap        Slew       Delay        Time   Description
---------------------------------------------------------------------------------------------
                      0.150000    0.000000    0.000000   clock sys_clk (rise edge)
                                  0.000000    0.000000   clock network delay (ideal)
                      0.150000    0.000000    0.000000 ^ _2003_/CLK (gf180mcu_fd_sc_mcu7t5v0__dffrnq_1)
     2    0.077766    1.336832    2.029333    2.029333 v _2003_/Q (gf180mcu_fd_sc_mcu7t5v0__dffrnq_1)
                                                         cfg_rx_size_o[13] (net)
                      1.336832    0.000000    2.029333 v _1631_/I0 (gf180mcu_fd_sc_mcu7t5v0__mux2_2)
     1    0.003014    0.199936    0.862966    2.892299 v _1631_/Z (gf180mcu_fd_sc_mcu7t5v0__mux2_2)
                                                         _0191_ (net)
                      0.199936    0.000000    2.892299 v _2003_/D (gf180mcu_fd_sc_mcu7t5v0__dffrnq_1)
                                              2.892299   data arrival time

                      0.150000    0.000000    0.000000   clock sys_clk (rise edge)
                                  0.000000    0.000000   clock network delay (ideal)
                                  0.250000    0.250000   clock uncertainty
                                  0.000000    0.250000   clock reconvergence pessimism
                                              0.250000 ^ _2003_/CLK (gf180mcu_fd_sc_mcu7t5v0__dffrnq_1)
                                  0.214391    0.464391   library hold time
                                              0.464391   data required time
---------------------------------------------------------------------------------------------
                                              0.464391   data required time
                                             -2.892299   data arrival time
---------------------------------------------------------------------------------------------
                                              2.427908   slack (MET)


Startpoint: _2004_ (rising edge-triggered flip-flop clocked by sys_clk)
Endpoint: _2004_ (rising edge-triggered flip-flop clocked by sys_clk)
Path Group: sys_clk
Path Type: min

Fanout         Cap        Slew       Delay        Time   Description
---------------------------------------------------------------------------------------------
                      0.150000    0.000000    0.000000   clock sys_clk (rise edge)
                                  0.000000    0.000000   clock network delay (ideal)
                      0.150000    0.000000    0.000000 ^ _2004_/CLK (gf180mcu_fd_sc_mcu7t5v0__dffrnq_1)
     2    0.077766    1.336832    2.029333    2.029333 v _2004_/Q (gf180mcu_fd_sc_mcu7t5v0__dffrnq_1)
                                                         cfg_rx_size_o[14] (net)
                      1.336832    0.000000    2.029333 v _1632_/I0 (gf180mcu_fd_sc_mcu7t5v0__mux2_2)
     1    0.003014    0.199936    0.862966    2.892299 v _1632_/Z (gf180mcu_fd_sc_mcu7t5v0__mux2_2)
                                                         _0192_ (net)
                      0.199936    0.000000    2.892299 v _2004_/D (gf180mcu_fd_sc_mcu7t5v0__dffrnq_1)
                                              2.892299   data arrival time

                      0.150000    0.000000    0.000000   clock sys_clk (rise edge)
                                  0.000000    0.000000   clock network delay (ideal)
                                  0.250000    0.250000   clock uncertainty
                                  0.000000    0.250000   clock reconvergence pessimism
                                              0.250000 ^ _2004_/CLK (gf180mcu_fd_sc_mcu7t5v0__dffrnq_1)
                                  0.214391    0.464391   library hold time
                                              0.464391   data required time
---------------------------------------------------------------------------------------------
                                              0.464391   data required time
                                             -2.892299   data arrival time
---------------------------------------------------------------------------------------------
                                              2.427908   slack (MET)


Startpoint: _2005_ (rising edge-triggered flip-flop clocked by sys_clk)
Endpoint: _2005_ (rising edge-triggered flip-flop clocked by sys_clk)
Path Group: sys_clk
Path Type: min

Fanout         Cap        Slew       Delay        Time   Description
---------------------------------------------------------------------------------------------
                      0.150000    0.000000    0.000000   clock sys_clk (rise edge)
                                  0.000000    0.000000   clock network delay (ideal)
                      0.150000    0.000000    0.000000 ^ _2005_/CLK (gf180mcu_fd_sc_mcu7t5v0__dffrnq_1)
     2    0.077766    1.336832    2.029333    2.029333 v _2005_/Q (gf180mcu_fd_sc_mcu7t5v0__dffrnq_1)
                                                         cfg_rx_size_o[15] (net)
                      1.336832    0.000000    2.029333 v _1633_/I0 (gf180mcu_fd_sc_mcu7t5v0__mux2_2)
     1    0.003014    0.199936    0.862966    2.892299 v _1633_/Z (gf180mcu_fd_sc_mcu7t5v0__mux2_2)
                                                         _0193_ (net)
                      0.199936    0.000000    2.892299 v _2005_/D (gf180mcu_fd_sc_mcu7t5v0__dffrnq_1)
                                              2.892299   data arrival time

                      0.150000    0.000000    0.000000   clock sys_clk (rise edge)
                                  0.000000    0.000000   clock network delay (ideal)
                                  0.250000    0.250000   clock uncertainty
                                  0.000000    0.250000   clock reconvergence pessimism
                                              0.250000 ^ _2005_/CLK (gf180mcu_fd_sc_mcu7t5v0__dffrnq_1)
                                  0.214391    0.464391   library hold time
                                              0.464391   data required time
---------------------------------------------------------------------------------------------
                                              0.464391   data required time
                                             -2.892299   data arrival time
---------------------------------------------------------------------------------------------
                                              2.427908   slack (MET)


Startpoint: _1978_ (rising edge-triggered flip-flop clocked by sys_clk)
Endpoint: _1978_ (rising edge-triggered flip-flop clocked by sys_clk)
Path Group: sys_clk
Path Type: min

Fanout         Cap        Slew       Delay        Time   Description
---------------------------------------------------------------------------------------------
                      0.150000    0.000000    0.000000   clock sys_clk (rise edge)
                                  0.000000    0.000000   clock network delay (ideal)
                      0.150000    0.000000    0.000000 ^ _1978_/CLK (gf180mcu_fd_sc_mcu7t5v0__dffrnq_1)
     2    0.077772    1.336930    2.029392    2.029392 v _1978_/Q (gf180mcu_fd_sc_mcu7t5v0__dffrnq_1)
                                                         cfg_rx_startaddr_o[0] (net)
                      1.336930    0.000000    2.029392 v _1605_/I1 (gf180mcu_fd_sc_mcu7t5v0__mux2_2)
     1    0.003014    0.190833    0.866397    2.895788 v _1605_/Z (gf180mcu_fd_sc_mcu7t5v0__mux2_2)
                                                         _0166_ (net)
                      0.190833    0.000000    2.895788 v _1978_/D (gf180mcu_fd_sc_mcu7t5v0__dffrnq_1)
                                              2.895788   data arrival time

                      0.150000    0.000000    0.000000   clock sys_clk (rise edge)
                                  0.000000    0.000000   clock network delay (ideal)
                                  0.250000    0.250000   clock uncertainty
                                  0.000000    0.250000   clock reconvergence pessimism
                                              0.250000 ^ _1978_/CLK (gf180mcu_fd_sc_mcu7t5v0__dffrnq_1)
                                  0.216813    0.466813   library hold time
                                              0.466813   data required time
---------------------------------------------------------------------------------------------
                                              0.466813   data required time
                                             -2.895788   data arrival time
---------------------------------------------------------------------------------------------
                                              2.428975   slack (MET)


Startpoint: _1979_ (rising edge-triggered flip-flop clocked by sys_clk)
Endpoint: _1979_ (rising edge-triggered flip-flop clocked by sys_clk)
Path Group: sys_clk
Path Type: min

Fanout         Cap        Slew       Delay        Time   Description
---------------------------------------------------------------------------------------------
                      0.150000    0.000000    0.000000   clock sys_clk (rise edge)
                                  0.000000    0.000000   clock network delay (ideal)
                      0.150000    0.000000    0.000000 ^ _1979_/CLK (gf180mcu_fd_sc_mcu7t5v0__dffrnq_1)
     2    0.077772    1.336930    2.029392    2.029392 v _1979_/Q (gf180mcu_fd_sc_mcu7t5v0__dffrnq_1)
                                                         cfg_rx_startaddr_o[1] (net)
                      1.336930    0.000000    2.029392 v _1606_/I1 (gf180mcu_fd_sc_mcu7t5v0__mux2_2)
     1    0.003014    0.190833    0.866397    2.895788 v _1606_/Z (gf180mcu_fd_sc_mcu7t5v0__mux2_2)
                                                         _0167_ (net)
                      0.190833    0.000000    2.895788 v _1979_/D (gf180mcu_fd_sc_mcu7t5v0__dffrnq_1)
                                              2.895788   data arrival time

                      0.150000    0.000000    0.000000   clock sys_clk (rise edge)
                                  0.000000    0.000000   clock network delay (ideal)
                                  0.250000    0.250000   clock uncertainty
                                  0.000000    0.250000   clock reconvergence pessimism
                                              0.250000 ^ _1979_/CLK (gf180mcu_fd_sc_mcu7t5v0__dffrnq_1)
                                  0.216813    0.466813   library hold time
                                              0.466813   data required time
---------------------------------------------------------------------------------------------
                                              0.466813   data required time
                                             -2.895788   data arrival time
---------------------------------------------------------------------------------------------
                                              2.428975   slack (MET)


Startpoint: _1980_ (rising edge-triggered flip-flop clocked by sys_clk)
Endpoint: _1980_ (rising edge-triggered flip-flop clocked by sys_clk)
Path Group: sys_clk
Path Type: min

Fanout         Cap        Slew       Delay        Time   Description
---------------------------------------------------------------------------------------------
                      0.150000    0.000000    0.000000   clock sys_clk (rise edge)
                                  0.000000    0.000000   clock network delay (ideal)
                      0.150000    0.000000    0.000000 ^ _1980_/CLK (gf180mcu_fd_sc_mcu7t5v0__dffrnq_1)
     2    0.077772    1.336930    2.029392    2.029392 v _1980_/Q (gf180mcu_fd_sc_mcu7t5v0__dffrnq_1)
                                                         cfg_rx_startaddr_o[2] (net)
                      1.336930    0.000000    2.029392 v _1607_/I1 (gf180mcu_fd_sc_mcu7t5v0__mux2_2)
     1    0.003014    0.190833    0.866397    2.895788 v _1607_/Z (gf180mcu_fd_sc_mcu7t5v0__mux2_2)
                                                         _0168_ (net)
                      0.190833    0.000000    2.895788 v _1980_/D (gf180mcu_fd_sc_mcu7t5v0__dffrnq_1)
                                              2.895788   data arrival time

                      0.150000    0.000000    0.000000   clock sys_clk (rise edge)
                                  0.000000    0.000000   clock network delay (ideal)
                                  0.250000    0.250000   clock uncertainty
                                  0.000000    0.250000   clock reconvergence pessimism
                                              0.250000 ^ _1980_/CLK (gf180mcu_fd_sc_mcu7t5v0__dffrnq_1)
                                  0.216813    0.466813   library hold time
                                              0.466813   data required time
---------------------------------------------------------------------------------------------
                                              0.466813   data required time
                                             -2.895788   data arrival time
---------------------------------------------------------------------------------------------
                                              2.428975   slack (MET)


Startpoint: _1981_ (rising edge-triggered flip-flop clocked by sys_clk)
Endpoint: _1981_ (rising edge-triggered flip-flop clocked by sys_clk)
Path Group: sys_clk
Path Type: min

Fanout         Cap        Slew       Delay        Time   Description
---------------------------------------------------------------------------------------------
                      0.150000    0.000000    0.000000   clock sys_clk (rise edge)
                                  0.000000    0.000000   clock network delay (ideal)
                      0.150000    0.000000    0.000000 ^ _1981_/CLK (gf180mcu_fd_sc_mcu7t5v0__dffrnq_1)
     2    0.077772    1.336930    2.029392    2.029392 v _1981_/Q (gf180mcu_fd_sc_mcu7t5v0__dffrnq_1)
                                                         cfg_rx_startaddr_o[3] (net)
                      1.336930    0.000000    2.029392 v _1608_/I1 (gf180mcu_fd_sc_mcu7t5v0__mux2_2)
     1    0.003014    0.190833    0.866397    2.895788 v _1608_/Z (gf180mcu_fd_sc_mcu7t5v0__mux2_2)
                                                         _0169_ (net)
                      0.190833    0.000000    2.895788 v _1981_/D (gf180mcu_fd_sc_mcu7t5v0__dffrnq_1)
                                              2.895788   data arrival time

                      0.150000    0.000000    0.000000   clock sys_clk (rise edge)
                                  0.000000    0.000000   clock network delay (ideal)
                                  0.250000    0.250000   clock uncertainty
                                  0.000000    0.250000   clock reconvergence pessimism
                                              0.250000 ^ _1981_/CLK (gf180mcu_fd_sc_mcu7t5v0__dffrnq_1)
                                  0.216813    0.466813   library hold time
                                              0.466813   data required time
---------------------------------------------------------------------------------------------
                                              0.466813   data required time
                                             -2.895788   data arrival time
---------------------------------------------------------------------------------------------
                                              2.428975   slack (MET)


Startpoint: _1982_ (rising edge-triggered flip-flop clocked by sys_clk)
Endpoint: _1982_ (rising edge-triggered flip-flop clocked by sys_clk)
Path Group: sys_clk
Path Type: min

Fanout         Cap        Slew       Delay        Time   Description
---------------------------------------------------------------------------------------------
                      0.150000    0.000000    0.000000   clock sys_clk (rise edge)
                                  0.000000    0.000000   clock network delay (ideal)
                      0.150000    0.000000    0.000000 ^ _1982_/CLK (gf180mcu_fd_sc_mcu7t5v0__dffrnq_1)
     2    0.077772    1.336930    2.029392    2.029392 v _1982_/Q (gf180mcu_fd_sc_mcu7t5v0__dffrnq_1)
                                                         cfg_rx_startaddr_o[4] (net)
                      1.336930    0.000000    2.029392 v _1609_/I1 (gf180mcu_fd_sc_mcu7t5v0__mux2_2)
     1    0.003014    0.190833    0.866397    2.895788 v _1609_/Z (gf180mcu_fd_sc_mcu7t5v0__mux2_2)
                                                         _0170_ (net)
                      0.190833    0.000000    2.895788 v _1982_/D (gf180mcu_fd_sc_mcu7t5v0__dffrnq_1)
                                              2.895788   data arrival time

                      0.150000    0.000000    0.000000   clock sys_clk (rise edge)
                                  0.000000    0.000000   clock network delay (ideal)
                                  0.250000    0.250000   clock uncertainty
                                  0.000000    0.250000   clock reconvergence pessimism
                                              0.250000 ^ _1982_/CLK (gf180mcu_fd_sc_mcu7t5v0__dffrnq_1)
                                  0.216813    0.466813   library hold time
                                              0.466813   data required time
---------------------------------------------------------------------------------------------
                                              0.466813   data required time
                                             -2.895788   data arrival time
---------------------------------------------------------------------------------------------
                                              2.428975   slack (MET)


Startpoint: _1983_ (rising edge-triggered flip-flop clocked by sys_clk)
Endpoint: _1983_ (rising edge-triggered flip-flop clocked by sys_clk)
Path Group: sys_clk
Path Type: min

Fanout         Cap        Slew       Delay        Time   Description
---------------------------------------------------------------------------------------------
                      0.150000    0.000000    0.000000   clock sys_clk (rise edge)
                                  0.000000    0.000000   clock network delay (ideal)
                      0.150000    0.000000    0.000000 ^ _1983_/CLK (gf180mcu_fd_sc_mcu7t5v0__dffrnq_1)
     2    0.077772    1.336930    2.029392    2.029392 v _1983_/Q (gf180mcu_fd_sc_mcu7t5v0__dffrnq_1)
                                                         cfg_rx_startaddr_o[5] (net)
                      1.336930    0.000000    2.029392 v _1610_/I1 (gf180mcu_fd_sc_mcu7t5v0__mux2_2)
     1    0.003014    0.190833    0.866397    2.895788 v _1610_/Z (gf180mcu_fd_sc_mcu7t5v0__mux2_2)
                                                         _0171_ (net)
                      0.190833    0.000000    2.895788 v _1983_/D (gf180mcu_fd_sc_mcu7t5v0__dffrnq_1)
                                              2.895788   data arrival time

                      0.150000    0.000000    0.000000   clock sys_clk (rise edge)
                                  0.000000    0.000000   clock network delay (ideal)
                                  0.250000    0.250000   clock uncertainty
                                  0.000000    0.250000   clock reconvergence pessimism
                                              0.250000 ^ _1983_/CLK (gf180mcu_fd_sc_mcu7t5v0__dffrnq_1)
                                  0.216813    0.466813   library hold time
                                              0.466813   data required time
---------------------------------------------------------------------------------------------
                                              0.466813   data required time
                                             -2.895788   data arrival time
---------------------------------------------------------------------------------------------
                                              2.428975   slack (MET)


Startpoint: _1984_ (rising edge-triggered flip-flop clocked by sys_clk)
Endpoint: _1984_ (rising edge-triggered flip-flop clocked by sys_clk)
Path Group: sys_clk
Path Type: min

Fanout         Cap        Slew       Delay        Time   Description
---------------------------------------------------------------------------------------------
                      0.150000    0.000000    0.000000   clock sys_clk (rise edge)
                                  0.000000    0.000000   clock network delay (ideal)
                      0.150000    0.000000    0.000000 ^ _1984_/CLK (gf180mcu_fd_sc_mcu7t5v0__dffrnq_1)
     2    0.077772    1.336930    2.029392    2.029392 v _1984_/Q (gf180mcu_fd_sc_mcu7t5v0__dffrnq_1)
                                                         cfg_rx_startaddr_o[6] (net)
                      1.336930    0.000000    2.029392 v _1611_/I1 (gf180mcu_fd_sc_mcu7t5v0__mux2_2)
     1    0.003014    0.190833    0.866397    2.895788 v _1611_/Z (gf180mcu_fd_sc_mcu7t5v0__mux2_2)
                                                         _0172_ (net)
                      0.190833    0.000000    2.895788 v _1984_/D (gf180mcu_fd_sc_mcu7t5v0__dffrnq_1)
                                              2.895788   data arrival time

                      0.150000    0.000000    0.000000   clock sys_clk (rise edge)
                                  0.000000    0.000000   clock network delay (ideal)
                                  0.250000    0.250000   clock uncertainty
                                  0.000000    0.250000   clock reconvergence pessimism
                                              0.250000 ^ _1984_/CLK (gf180mcu_fd_sc_mcu7t5v0__dffrnq_1)
                                  0.216813    0.466813   library hold time
                                              0.466813   data required time
---------------------------------------------------------------------------------------------
                                              0.466813   data required time
                                             -2.895788   data arrival time
---------------------------------------------------------------------------------------------
                                              2.428975   slack (MET)


Startpoint: _1985_ (rising edge-triggered flip-flop clocked by sys_clk)
Endpoint: _1985_ (rising edge-triggered flip-flop clocked by sys_clk)
Path Group: sys_clk
Path Type: min

Fanout         Cap        Slew       Delay        Time   Description
---------------------------------------------------------------------------------------------
                      0.150000    0.000000    0.000000   clock sys_clk (rise edge)
                                  0.000000    0.000000   clock network delay (ideal)
                      0.150000    0.000000    0.000000 ^ _1985_/CLK (gf180mcu_fd_sc_mcu7t5v0__dffrnq_1)
     2    0.077772    1.336930    2.029392    2.029392 v _1985_/Q (gf180mcu_fd_sc_mcu7t5v0__dffrnq_1)
                                                         cfg_rx_startaddr_o[7] (net)
                      1.336930    0.000000    2.029392 v _1612_/I1 (gf180mcu_fd_sc_mcu7t5v0__mux2_2)
     1    0.003014    0.190833    0.866397    2.895788 v _1612_/Z (gf180mcu_fd_sc_mcu7t5v0__mux2_2)
                                                         _0173_ (net)
                      0.190833    0.000000    2.895788 v _1985_/D (gf180mcu_fd_sc_mcu7t5v0__dffrnq_1)
                                              2.895788   data arrival time

                      0.150000    0.000000    0.000000   clock sys_clk (rise edge)
                                  0.000000    0.000000   clock network delay (ideal)
                                  0.250000    0.250000   clock uncertainty
                                  0.000000    0.250000   clock reconvergence pessimism
                                              0.250000 ^ _1985_/CLK (gf180mcu_fd_sc_mcu7t5v0__dffrnq_1)
                                  0.216813    0.466813   library hold time
                                              0.466813   data required time
---------------------------------------------------------------------------------------------
                                              0.466813   data required time
                                             -2.895788   data arrival time
---------------------------------------------------------------------------------------------
                                              2.428975   slack (MET)


Startpoint: _1986_ (rising edge-triggered flip-flop clocked by sys_clk)
Endpoint: _1986_ (rising edge-triggered flip-flop clocked by sys_clk)
Path Group: sys_clk
Path Type: min

Fanout         Cap        Slew       Delay        Time   Description
---------------------------------------------------------------------------------------------
                      0.150000    0.000000    0.000000   clock sys_clk (rise edge)
                                  0.000000    0.000000   clock network delay (ideal)
                      0.150000    0.000000    0.000000 ^ _1986_/CLK (gf180mcu_fd_sc_mcu7t5v0__dffrnq_1)
     2    0.077772    1.336930    2.029392    2.029392 v _1986_/Q (gf180mcu_fd_sc_mcu7t5v0__dffrnq_1)
                                                         cfg_rx_startaddr_o[8] (net)
                      1.336930    0.000000    2.029392 v _1613_/I1 (gf180mcu_fd_sc_mcu7t5v0__mux2_2)
     1    0.003014    0.190833    0.866397    2.895788 v _1613_/Z (gf180mcu_fd_sc_mcu7t5v0__mux2_2)
                                                         _0174_ (net)
                      0.190833    0.000000    2.895788 v _1986_/D (gf180mcu_fd_sc_mcu7t5v0__dffrnq_1)
                                              2.895788   data arrival time

                      0.150000    0.000000    0.000000   clock sys_clk (rise edge)
                                  0.000000    0.000000   clock network delay (ideal)
                                  0.250000    0.250000   clock uncertainty
                                  0.000000    0.250000   clock reconvergence pessimism
                                              0.250000 ^ _1986_/CLK (gf180mcu_fd_sc_mcu7t5v0__dffrnq_1)
                                  0.216813    0.466813   library hold time
                                              0.466813   data required time
---------------------------------------------------------------------------------------------
                                              0.466813   data required time
                                             -2.895788   data arrival time
---------------------------------------------------------------------------------------------
                                              2.428975   slack (MET)


Startpoint: _1987_ (rising edge-triggered flip-flop clocked by sys_clk)
Endpoint: _1987_ (rising edge-triggered flip-flop clocked by sys_clk)
Path Group: sys_clk
Path Type: min

Fanout         Cap        Slew       Delay        Time   Description
---------------------------------------------------------------------------------------------
                      0.150000    0.000000    0.000000   clock sys_clk (rise edge)
                                  0.000000    0.000000   clock network delay (ideal)
                      0.150000    0.000000    0.000000 ^ _1987_/CLK (gf180mcu_fd_sc_mcu7t5v0__dffrnq_1)
     2    0.077772    1.336930    2.029392    2.029392 v _1987_/Q (gf180mcu_fd_sc_mcu7t5v0__dffrnq_1)
                                                         cfg_rx_startaddr_o[9] (net)
                      1.336930    0.000000    2.029392 v _1614_/I1 (gf180mcu_fd_sc_mcu7t5v0__mux2_2)
     1    0.003014    0.190833    0.866397    2.895788 v _1614_/Z (gf180mcu_fd_sc_mcu7t5v0__mux2_2)
                                                         _0175_ (net)
                      0.190833    0.000000    2.895788 v _1987_/D (gf180mcu_fd_sc_mcu7t5v0__dffrnq_1)
                                              2.895788   data arrival time

                      0.150000    0.000000    0.000000   clock sys_clk (rise edge)
                                  0.000000    0.000000   clock network delay (ideal)
                                  0.250000    0.250000   clock uncertainty
                                  0.000000    0.250000   clock reconvergence pessimism
                                              0.250000 ^ _1987_/CLK (gf180mcu_fd_sc_mcu7t5v0__dffrnq_1)
                                  0.216813    0.466813   library hold time
                                              0.466813   data required time
---------------------------------------------------------------------------------------------
                                              0.466813   data required time
                                             -2.895788   data arrival time
---------------------------------------------------------------------------------------------
                                              2.428975   slack (MET)


Startpoint: _1988_ (rising edge-triggered flip-flop clocked by sys_clk)
Endpoint: _1988_ (rising edge-triggered flip-flop clocked by sys_clk)
Path Group: sys_clk
Path Type: min

Fanout         Cap        Slew       Delay        Time   Description
---------------------------------------------------------------------------------------------
                      0.150000    0.000000    0.000000   clock sys_clk (rise edge)
                                  0.000000    0.000000   clock network delay (ideal)
                      0.150000    0.000000    0.000000 ^ _1988_/CLK (gf180mcu_fd_sc_mcu7t5v0__dffrnq_1)
     2    0.077772    1.336930    2.029392    2.029392 v _1988_/Q (gf180mcu_fd_sc_mcu7t5v0__dffrnq_1)
                                                         cfg_rx_startaddr_o[10] (net)
                      1.336930    0.000000    2.029392 v _1615_/I1 (gf180mcu_fd_sc_mcu7t5v0__mux2_2)
     1    0.003014    0.190833    0.866397    2.895788 v _1615_/Z (gf180mcu_fd_sc_mcu7t5v0__mux2_2)
                                                         _0176_ (net)
                      0.190833    0.000000    2.895788 v _1988_/D (gf180mcu_fd_sc_mcu7t5v0__dffrnq_1)
                                              2.895788   data arrival time

                      0.150000    0.000000    0.000000   clock sys_clk (rise edge)
                                  0.000000    0.000000   clock network delay (ideal)
                                  0.250000    0.250000   clock uncertainty
                                  0.000000    0.250000   clock reconvergence pessimism
                                              0.250000 ^ _1988_/CLK (gf180mcu_fd_sc_mcu7t5v0__dffrnq_1)
                                  0.216813    0.466813   library hold time
                                              0.466813   data required time
---------------------------------------------------------------------------------------------
                                              0.466813   data required time
                                             -2.895788   data arrival time
---------------------------------------------------------------------------------------------
                                              2.428975   slack (MET)


Startpoint: _1989_ (rising edge-triggered flip-flop clocked by sys_clk)
Endpoint: _1989_ (rising edge-triggered flip-flop clocked by sys_clk)
Path Group: sys_clk
Path Type: min

Fanout         Cap        Slew       Delay        Time   Description
---------------------------------------------------------------------------------------------
                      0.150000    0.000000    0.000000   clock sys_clk (rise edge)
                                  0.000000    0.000000   clock network delay (ideal)
                      0.150000    0.000000    0.000000 ^ _1989_/CLK (gf180mcu_fd_sc_mcu7t5v0__dffrnq_1)
     2    0.077772    1.336930    2.029392    2.029392 v _1989_/Q (gf180mcu_fd_sc_mcu7t5v0__dffrnq_1)
                                                         cfg_rx_startaddr_o[11] (net)
                      1.336930    0.000000    2.029392 v _1616_/I1 (gf180mcu_fd_sc_mcu7t5v0__mux2_2)
     1    0.003014    0.190833    0.866397    2.895788 v _1616_/Z (gf180mcu_fd_sc_mcu7t5v0__mux2_2)
                                                         _0177_ (net)
                      0.190833    0.000000    2.895788 v _1989_/D (gf180mcu_fd_sc_mcu7t5v0__dffrnq_1)
                                              2.895788   data arrival time

                      0.150000    0.000000    0.000000   clock sys_clk (rise edge)
                                  0.000000    0.000000   clock network delay (ideal)
                                  0.250000    0.250000   clock uncertainty
                                  0.000000    0.250000   clock reconvergence pessimism
                                              0.250000 ^ _1989_/CLK (gf180mcu_fd_sc_mcu7t5v0__dffrnq_1)
                                  0.216813    0.466813   library hold time
                                              0.466813   data required time
---------------------------------------------------------------------------------------------
                                              0.466813   data required time
                                             -2.895788   data arrival time
---------------------------------------------------------------------------------------------
                                              2.428975   slack (MET)


Startpoint: _2171_ (rising edge-triggered flip-flop clocked by periph_clk)
Endpoint: _2171_ (rising edge-triggered flip-flop clocked by periph_clk)
Path Group: periph_clk
Path Type: min

Fanout         Cap        Slew       Delay        Time   Description
---------------------------------------------------------------------------------------------
                      0.150000    0.000000    0.000000   clock periph_clk (rise edge)
                                  0.000000    0.000000   clock network delay (ideal)
                      0.150000    0.000000    0.000000 ^ _2171_/CLK (gf180mcu_fd_sc_mcu7t5v0__dffrnq_1)
     8    0.029415    0.568924    1.554305    1.554305 v _2171_/Q (gf180mcu_fd_sc_mcu7t5v0__dffrnq_1)
                                                         u_uart_rx.baud_cnt[10] (net)
                      0.568924    0.000000    1.554305 v _1284_/A1 (gf180mcu_fd_sc_mcu7t5v0__or2_1)
     1    0.003072    0.268353    0.794641    2.348946 v _1284_/Z (gf180mcu_fd_sc_mcu7t5v0__or2_1)
                                                         _0398_ (net)
                      0.268353    0.000000    2.348946 v _1286_/A2 (gf180mcu_fd_sc_mcu7t5v0__and4_1)
     1    0.003014    0.209711    0.561334    2.910280 v _1286_/Z (gf180mcu_fd_sc_mcu7t5v0__and4_1)
                                                         _0008_ (net)
                      0.209711    0.000000    2.910280 v _2171_/D (gf180mcu_fd_sc_mcu7t5v0__dffrnq_1)
                                              2.910280   data arrival time

                      0.150000    0.000000    0.000000   clock periph_clk (rise edge)
                                  0.000000    0.000000   clock network delay (ideal)
                                  0.250000    0.250000   clock uncertainty
                                  0.000000    0.250000   clock reconvergence pessimism
                                              0.250000 ^ _2171_/CLK (gf180mcu_fd_sc_mcu7t5v0__dffrnq_1)
                                  0.211790    0.461790   library hold time
                                              0.461790   data required time
---------------------------------------------------------------------------------------------
                                              0.461790   data required time
                                             -2.910280   data arrival time
---------------------------------------------------------------------------------------------
                                              2.448490   slack (MET)


Startpoint: _2169_ (rising edge-triggered flip-flop clocked by periph_clk)
Endpoint: _2170_ (rising edge-triggered flip-flop clocked by periph_clk)
Path Group: periph_clk
Path Type: min

Fanout         Cap        Slew       Delay        Time   Description
---------------------------------------------------------------------------------------------
                      0.150000    0.000000    0.000000   clock periph_clk (rise edge)
                                  0.000000    0.000000   clock network delay (ideal)
                      0.150000    0.000000    0.000000 ^ _2169_/CLK (gf180mcu_fd_sc_mcu7t5v0__dffrnq_1)
     7    0.027755    0.543973    1.537451    1.537451 v _2169_/Q (gf180mcu_fd_sc_mcu7t5v0__dffrnq_1)
                                                         u_uart_rx.baud_cnt[8] (net)
                      0.543973    0.000000    1.537451 v _0941_/I (gf180mcu_fd_sc_mcu7t5v0__clkinv_1)
     4    0.018494    0.613082    0.506670    2.044121 ^ _0941_/ZN (gf180mcu_fd_sc_mcu7t5v0__clkinv_1)
                                                         _0732_ (net)
                      0.613082    0.000000    2.044121 ^ _1281_/A1 (gf180mcu_fd_sc_mcu7t5v0__oai21_1)
     1    0.004007    0.291037    0.245587    2.289708 v _1281_/ZN (gf180mcu_fd_sc_mcu7t5v0__oai21_1)
                                                         _0396_ (net)
                      0.291037    0.000000    2.289708 v _1282_/A4 (gf180mcu_fd_sc_mcu7t5v0__nand4_1)
     1    0.004591    0.481975    0.457106    2.746813 ^ _1282_/ZN (gf180mcu_fd_sc_mcu7t5v0__nand4_1)
                                                         _0397_ (net)
                      0.481975    0.000000    2.746813 ^ _1283_/A1 (gf180mcu_fd_sc_mcu7t5v0__nor2_1)
     1    0.003014    0.226102    0.193886    2.940699 v _1283_/ZN (gf180mcu_fd_sc_mcu7t5v0__nor2_1)
                                                         _0022_ (net)
                      0.226102    0.000000    2.940699 v _2170_/D (gf180mcu_fd_sc_mcu7t5v0__dffrnq_1)
                                              2.940699   data arrival time

                      0.150000    0.000000    0.000000   clock periph_clk (rise edge)
                                  0.000000    0.000000   clock network delay (ideal)
                                  0.250000    0.250000   clock uncertainty
                                  0.000000    0.250000   clock reconvergence pessimism
                                              0.250000 ^ _2170_/CLK (gf180mcu_fd_sc_mcu7t5v0__dffrnq_1)
                                  0.207429    0.457429   library hold time
                                              0.457429   data required time
---------------------------------------------------------------------------------------------
                                              0.457429   data required time
                                             -2.940699   data arrival time
---------------------------------------------------------------------------------------------
                                              2.483271   slack (MET)


Startpoint: _2006_ (rising edge-triggered flip-flop clocked by sys_clk)
Endpoint: _2006_ (rising edge-triggered flip-flop clocked by sys_clk)
Path Group: sys_clk
Path Type: min

Fanout         Cap        Slew       Delay        Time   Description
---------------------------------------------------------------------------------------------
                      0.150000    0.000000    0.000000   clock sys_clk (rise edge)
                                  0.000000    0.000000   clock network delay (ideal)
                      0.150000    0.000000    0.000000 ^ _2006_/CLK (gf180mcu_fd_sc_mcu7t5v0__dffrnq_1)
     3    0.081770    1.401945    2.068228    2.068228 v _2006_/Q (gf180mcu_fd_sc_mcu7t5v0__dffrnq_1)
                                                         cfg_rx_continuous_o (net)
                      1.401945    0.000000    2.068228 v _1634_/I1 (gf180mcu_fd_sc_mcu7t5v0__mux2_2)
     1    0.003014    0.197862    0.880180    2.948408 v _1634_/Z (gf180mcu_fd_sc_mcu7t5v0__mux2_2)
                                                         _0194_ (net)
                      0.197862    0.000000    2.948408 v _2006_/D (gf180mcu_fd_sc_mcu7t5v0__dffrnq_1)
                                              2.948408   data arrival time

                      0.150000    0.000000    0.000000   clock sys_clk (rise edge)
                                  0.000000    0.000000   clock network delay (ideal)
                                  0.250000    0.250000   clock uncertainty
                                  0.000000    0.250000   clock reconvergence pessimism
                                              0.250000 ^ _2006_/CLK (gf180mcu_fd_sc_mcu7t5v0__dffrnq_1)
                                  0.214943    0.464943   library hold time
                                              0.464943   data required time
---------------------------------------------------------------------------------------------
                                              0.464943   data required time
                                             -2.948408   data arrival time
---------------------------------------------------------------------------------------------
                                              2.483465   slack (MET)


Startpoint: _2035_ (rising edge-triggered flip-flop clocked by sys_clk)
Endpoint: _2035_ (rising edge-triggered flip-flop clocked by sys_clk)
Path Group: sys_clk
Path Type: min

Fanout         Cap        Slew       Delay        Time   Description
---------------------------------------------------------------------------------------------
                      0.150000    0.000000    0.000000   clock sys_clk (rise edge)
                                  0.000000    0.000000   clock network delay (ideal)
                      0.150000    0.000000    0.000000 ^ _2035_/CLK (gf180mcu_fd_sc_mcu7t5v0__dffrnq_1)
     3    0.081929    1.404530    2.069773    2.069773 v _2035_/Q (gf180mcu_fd_sc_mcu7t5v0__dffrnq_1)
                                                         cfg_tx_continuous_o (net)
                      1.404530    0.000000    2.069773 v _1665_/I1 (gf180mcu_fd_sc_mcu7t5v0__mux2_2)
     1    0.003014    0.198259    0.880728    2.950501 v _1665_/Z (gf180mcu_fd_sc_mcu7t5v0__mux2_2)
                                                         _0223_ (net)
                      0.198259    0.000000    2.950501 v _2035_/D (gf180mcu_fd_sc_mcu7t5v0__dffrnq_1)
                                              2.950501   data arrival time

                      0.150000    0.000000    0.000000   clock sys_clk (rise edge)
                                  0.000000    0.000000   clock network delay (ideal)
                                  0.250000    0.250000   clock uncertainty
                                  0.000000    0.250000   clock reconvergence pessimism
                                              0.250000 ^ _2035_/CLK (gf180mcu_fd_sc_mcu7t5v0__dffrnq_1)
                                  0.214837    0.464837   library hold time
                                              0.464837   data required time
---------------------------------------------------------------------------------------------
                                              0.464837   data required time
                                             -2.950501   data arrival time
---------------------------------------------------------------------------------------------
                                              2.485663   slack (MET)


Startpoint: _2162_ (rising edge-triggered flip-flop clocked by periph_clk)
Endpoint: _2165_ (rising edge-triggered flip-flop clocked by periph_clk)
Path Group: periph_clk
Path Type: min

Fanout         Cap        Slew       Delay        Time   Description
---------------------------------------------------------------------------------------------
                      0.150000    0.000000    0.000000   clock periph_clk (rise edge)
                                  0.000000    0.000000   clock network delay (ideal)
                      0.150000    0.000000    0.000000 ^ _2162_/CLK (gf180mcu_fd_sc_mcu7t5v0__dffrnq_1)
     7    0.029996    0.577657    1.560204    1.560204 v _2162_/Q (gf180mcu_fd_sc_mcu7t5v0__dffrnq_1)
                                                         u_uart_rx.baud_cnt[1] (net)
                      0.577657    0.000000    1.560204 v _1261_/A2 (gf180mcu_fd_sc_mcu7t5v0__nand4_1)
     3    0.011546    0.710611    0.635466    2.195670 ^ _1261_/ZN (gf180mcu_fd_sc_mcu7t5v0__nand4_1)
                                                         _0382_ (net)
                      0.710611    0.000000    2.195670 ^ _1264_/A2 (gf180mcu_fd_sc_mcu7t5v0__nand2_1)
     1    0.002991    0.271158    0.189454    2.385123 v _1264_/ZN (gf180mcu_fd_sc_mcu7t5v0__nand2_1)
                                                         _0384_ (net)
                      0.271158    0.000000    2.385123 v _1265_/A3 (gf180mcu_fd_sc_mcu7t5v0__and4_1)
     1    0.003014    0.210005    0.593090    2.978214 v _1265_/Z (gf180mcu_fd_sc_mcu7t5v0__and4_1)
                                                         _0017_ (net)
                      0.210005    0.000000    2.978214 v _2165_/D (gf180mcu_fd_sc_mcu7t5v0__dffrnq_1)
                                              2.978214   data arrival time

                      0.150000    0.000000    0.000000   clock periph_clk (rise edge)
                                  0.000000    0.000000   clock network delay (ideal)
                                  0.250000    0.250000   clock uncertainty
                                  0.000000    0.250000   clock reconvergence pessimism
                                              0.250000 ^ _2165_/CLK (gf180mcu_fd_sc_mcu7t5v0__dffrnq_1)
                                  0.211712    0.461712   library hold time
                                              0.461712   data required time
---------------------------------------------------------------------------------------------
                                              0.461712   data required time
                                             -2.978214   data arrival time
---------------------------------------------------------------------------------------------
                                              2.516502   slack (MET)


Startpoint: _2086_ (rising edge-triggered flip-flop clocked by periph_clk)
Endpoint: _2160_ (rising edge-triggered flip-flop clocked by periph_clk)
Path Group: periph_clk
Path Type: min

Fanout         Cap        Slew       Delay        Time   Description
---------------------------------------------------------------------------------------------
                      0.150000    0.000000    0.000000   clock periph_clk (rise edge)
                                  0.000000    0.000000   clock network delay (ideal)
                      0.150000    0.000000    0.000000 ^ _2086_/CLK (gf180mcu_fd_sc_mcu7t5v0__dffrnq_1)
     6    0.033456    0.629664    1.595334    1.595334 v _2086_/Q (gf180mcu_fd_sc_mcu7t5v0__dffrnq_1)
                                                         r_uart_div[1] (net)
                      0.629664    0.000000    1.595334 v _1115_/A1 (gf180mcu_fd_sc_mcu7t5v0__xor2_1)
     1    0.004298    0.512121    0.462070    2.057403 ^ _1115_/Z (gf180mcu_fd_sc_mcu7t5v0__xor2_1)
                                                         _0888_ (net)
                      0.512121    0.000000    2.057403 ^ _1130_/A1 (gf180mcu_fd_sc_mcu7t5v0__nor3_1)
     1    0.004495    0.306162    0.274788    2.332192 v _1130_/ZN (gf180mcu_fd_sc_mcu7t5v0__nor3_1)
                                                         _0293_ (net)
                      0.306162    0.000000    2.332192 v _1143_/A1 (gf180mcu_fd_sc_mcu7t5v0__nand3_1)
     4    0.015977    0.727882    0.521386    2.853578 ^ _1143_/ZN (gf180mcu_fd_sc_mcu7t5v0__nand3_1)
                                                         _0306_ (net)
                      0.727882    0.000000    2.853578 ^ _1165_/A2 (gf180mcu_fd_sc_mcu7t5v0__aoi21_1)
     1    0.003014    0.277749    0.198718    3.052296 v _1165_/ZN (gf180mcu_fd_sc_mcu7t5v0__aoi21_1)
                                                         _0023_ (net)
                      0.277749    0.000000    3.052296 v _2160_/D (gf180mcu_fd_sc_mcu7t5v0__dffrnq_1)
                                              3.052296   data arrival time

                      0.150000    0.000000    0.000000   clock periph_clk (rise edge)
                                  0.000000    0.000000   clock network delay (ideal)
                                  0.250000    0.250000   clock uncertainty
                                  0.000000    0.250000   clock reconvergence pessimism
                                              0.250000 ^ _2160_/CLK (gf180mcu_fd_sc_mcu7t5v0__dffrnq_1)
                                  0.195357    0.445357   library hold time
                                              0.445357   data required time
---------------------------------------------------------------------------------------------
                                              0.445357   data required time
                                             -3.052296   data arrival time
---------------------------------------------------------------------------------------------
                                              2.606939   slack (MET)


Startpoint: _1939_ (rising edge-triggered flip-flop clocked by sys_clk)
Endpoint: _1939_ (rising edge-triggered flip-flop clocked by sys_clk)
Path Group: sys_clk
Path Type: min

Fanout         Cap        Slew       Delay        Time   Description
---------------------------------------------------------------------------------------------
                      0.150000    0.000000    0.000000   clock sys_clk (rise edge)
                                  0.000000    0.000000   clock network delay (ideal)
                      0.150000    0.000000    0.000000 ^ _1939_/CLK (gf180mcu_fd_sc_mcu7t5v0__dffrnq_1)
     9    0.090943    2.656636    3.056147    3.056147 ^ _1939_/Q (gf180mcu_fd_sc_mcu7t5v0__dffrnq_1)
                                                         u_fifo.i_fifo.pointer_out[0] (net)
                      2.656636    0.000000    3.056147 ^ _1560_/A1 (gf180mcu_fd_sc_mcu7t5v0__xor2_1)
     1    0.003014    0.371435    0.185575    3.241722 v _1560_/Z (gf180mcu_fd_sc_mcu7t5v0__xor2_1)
                                                         _0127_ (net)
                      0.371435    0.000000    3.241722 v _1939_/D (gf180mcu_fd_sc_mcu7t5v0__dffrnq_1)
                                              3.241722   data arrival time

                      0.150000    0.000000    0.000000   clock sys_clk (rise edge)
                                  0.000000    0.000000   clock network delay (ideal)
                                  0.250000    0.250000   clock uncertainty
                                  0.000000    0.250000   clock reconvergence pessimism
                                              0.250000 ^ _1939_/CLK (gf180mcu_fd_sc_mcu7t5v0__dffrnq_1)
                                  0.174299    0.424299   library hold time
                                              0.424299   data required time
---------------------------------------------------------------------------------------------
                                              0.424299   data required time
                                             -3.241722   data arrival time
---------------------------------------------------------------------------------------------
                                              2.817424   slack (MET)


Startpoint: _1888_ (rising edge-triggered flip-flop clocked by periph_clk)
Endpoint: _2154_ (rising edge-triggered flip-flop clocked by periph_clk)
Path Group: periph_clk
Path Type: min

Fanout         Cap        Slew       Delay        Time   Description
---------------------------------------------------------------------------------------------
                      0.150000    0.000000    0.000000   clock periph_clk (rise edge)
                                  0.000000    0.000000   clock network delay (ideal)
                      0.150000    0.000000    0.000000 ^ _1888_/CLK (gf180mcu_fd_sc_mcu7t5v0__dffrnq_1)
     6    0.024745    0.498730    1.506890    1.506890 v _1888_/Q (gf180mcu_fd_sc_mcu7t5v0__dffrnq_1)
                                                         u_dc_fifo_rx.u_din.write_token[0] (net)
                      0.498730    0.000000    1.506890 v _1060_/A2 (gf180mcu_fd_sc_mcu7t5v0__nand2_1)
     1    0.004067    0.329982    0.333186    1.840075 ^ _1060_/ZN (gf180mcu_fd_sc_mcu7t5v0__nand2_1)
                                                         _0835_ (net)
                      0.329982    0.000000    1.840075 ^ _1061_/B (gf180mcu_fd_sc_mcu7t5v0__aoi21_1)
     1    0.002736    0.219477    0.254950    2.095026 v _1061_/ZN (gf180mcu_fd_sc_mcu7t5v0__aoi21_1)
                                                         _0836_ (net)
                      0.219477    0.000000    2.095026 v _1062_/A3 (gf180mcu_fd_sc_mcu7t5v0__or3_1)
     1    0.003014    0.377292    1.183001    3.278027 v _1062_/Z (gf180mcu_fd_sc_mcu7t5v0__or3_1)
                                                         u_dc_fifo_rx.u_din.full.full_synch.d_in[0] (net)
                      0.377292    0.000000    3.278027 v _2154_/D (gf180mcu_fd_sc_mcu7t5v0__dffrnq_1)
                                              3.278027   data arrival time

                      0.150000    0.000000    0.000000   clock periph_clk (rise edge)
                                  0.000000    0.000000   clock network delay (ideal)
                                  0.250000    0.250000   clock uncertainty
                                  0.000000    0.250000   clock reconvergence pessimism
                                              0.250000 ^ _2154_/CLK (gf180mcu_fd_sc_mcu7t5v0__dffrnq_1)
                                  0.172982    0.422982   library hold time
                                              0.422982   data required time
---------------------------------------------------------------------------------------------
                                              0.422982   data required time
                                             -3.278027   data arrival time
---------------------------------------------------------------------------------------------
                                              2.855045   slack (MET)


Startpoint: _2161_ (rising edge-triggered flip-flop clocked by periph_clk)
Endpoint: _2161_ (rising edge-triggered flip-flop clocked by periph_clk)
Path Group: periph_clk
Path Type: min

Fanout         Cap        Slew       Delay        Time   Description
---------------------------------------------------------------------------------------------
                      0.150000    0.000000    0.000000   clock periph_clk (rise edge)
                                  0.000000    0.000000   clock network delay (ideal)
                      0.150000    0.000000    0.000000 ^ _2161_/CLK (gf180mcu_fd_sc_mcu7t5v0__dffrnq_1)
     8    0.038588    1.207458    2.239619    2.239619 ^ _2161_/Q (gf180mcu_fd_sc_mcu7t5v0__dffrnq_1)
                                                         u_uart_rx.baud_cnt[0] (net)
                      1.207458    0.000000    2.239619 ^ _0933_/I (gf180mcu_fd_sc_mcu7t5v0__clkinv_1)
     4    0.017744    0.734911    0.604314    2.843933 v _0933_/ZN (gf180mcu_fd_sc_mcu7t5v0__clkinv_1)
                                                         _0724_ (net)
                      0.734911    0.000000    2.843933 v _1252_/A1 (gf180mcu_fd_sc_mcu7t5v0__and4_1)
     1    0.003014    0.207652    0.665142    3.509075 v _1252_/Z (gf180mcu_fd_sc_mcu7t5v0__and4_1)
                                                         _0007_ (net)
                      0.207652    0.000000    3.509075 v _2161_/D (gf180mcu_fd_sc_mcu7t5v0__dffrnq_1)
                                              3.509075   data arrival time

                      0.150000    0.000000    0.000000   clock periph_clk (rise edge)
                                  0.000000    0.000000   clock network delay (ideal)
                                  0.250000    0.250000   clock uncertainty
                                  0.000000    0.250000   clock reconvergence pessimism
                                              0.250000 ^ _2161_/CLK (gf180mcu_fd_sc_mcu7t5v0__dffrnq_1)
                                  0.212338    0.462338   library hold time
                                              0.462338   data required time
---------------------------------------------------------------------------------------------
                                              0.462338   data required time
                                             -3.509075   data arrival time
---------------------------------------------------------------------------------------------
                                              3.046737   slack (MET)


Startpoint: cfg_data_i[6] (input port clocked by sys_clk)
Endpoint: _2115_ (rising edge-triggered flip-flop clocked by sys_clk)
Path Group: sys_clk
Path Type: min

Fanout         Cap        Slew       Delay        Time   Description
---------------------------------------------------------------------------------------------
                      0.150000    0.000000    0.000000   clock sys_clk (rise edge)
                                  0.000000    0.000000   clock network delay (ideal)
                                  4.000000    4.000000 v input external delay
     6    0.025499    0.466886    0.247514    4.247514 v cfg_data_i[6] (in)
                                                         cfg_data_i[6] (net)
                      0.466886    0.000000    4.247514 v _0973_/A1 (gf180mcu_fd_sc_mcu7t5v0__and4_1)
     1    0.003014    0.200334    0.587741    4.835256 v _0973_/Z (gf180mcu_fd_sc_mcu7t5v0__and4_1)
                                                         _0002_ (net)
                      0.200334    0.000000    4.835256 v _2115_/D (gf180mcu_fd_sc_mcu7t5v0__dffrnq_1)
                                              4.835256   data arrival time

                      0.150000    0.000000    0.000000   clock sys_clk (rise edge)
                                  0.000000    0.000000   clock network delay (ideal)
                                  0.250000    0.250000   clock uncertainty
                                  0.000000    0.250000   clock reconvergence pessimism
                                              0.250000 ^ _2115_/CLK (gf180mcu_fd_sc_mcu7t5v0__dffrnq_1)
                                  0.214285    0.464285   library hold time
                                              0.464285   data required time
---------------------------------------------------------------------------------------------
                                              0.464285   data required time
                                             -4.835256   data arrival time
---------------------------------------------------------------------------------------------
                                              4.370970   slack (MET)


Startpoint: cfg_data_i[6] (input port clocked by sys_clk)
Endpoint: _2113_ (rising edge-triggered flip-flop clocked by sys_clk)
Path Group: sys_clk
Path Type: min

Fanout         Cap        Slew       Delay        Time   Description
---------------------------------------------------------------------------------------------
                      0.150000    0.000000    0.000000   clock sys_clk (rise edge)
                                  0.000000    0.000000   clock network delay (ideal)
                                  4.000000    4.000000 v input external delay
     6    0.025499    0.466886    0.247514    4.247514 v cfg_data_i[6] (in)
                                                         cfg_data_i[6] (net)
                      0.466886    0.000000    4.247514 v _0978_/A2 (gf180mcu_fd_sc_mcu7t5v0__and4_1)
     1    0.003014    0.210356    0.623413    4.870927 v _0978_/Z (gf180mcu_fd_sc_mcu7t5v0__and4_1)
                                                         _0004_ (net)
                      0.210356    0.000000    4.870927 v _2113_/D (gf180mcu_fd_sc_mcu7t5v0__dffrnq_1)
                                              4.870927   data arrival time

                      0.150000    0.000000    0.000000   clock sys_clk (rise edge)
                                  0.000000    0.000000   clock network delay (ideal)
                                  0.250000    0.250000   clock uncertainty
                                  0.000000    0.250000   clock reconvergence pessimism
                                              0.250000 ^ _2113_/CLK (gf180mcu_fd_sc_mcu7t5v0__dffrnq_1)
                                  0.211619    0.461619   library hold time
                                              0.461619   data required time
---------------------------------------------------------------------------------------------
                                              0.461619   data required time
                                             -4.870927   data arrival time
---------------------------------------------------------------------------------------------
                                              4.409308   slack (MET)


Startpoint: cfg_data_i[5] (input port clocked by sys_clk)
Endpoint: _2116_ (rising edge-triggered flip-flop clocked by sys_clk)
Path Group: sys_clk
Path Type: min

Fanout         Cap        Slew       Delay        Time   Description
---------------------------------------------------------------------------------------------
                      0.150000    0.000000    0.000000   clock sys_clk (rise edge)
                                  0.000000    0.000000   clock network delay (ideal)
                                  4.000000    4.000000 v input external delay
     6    0.026172    0.477852    0.254003    4.254003 v cfg_data_i[5] (in)
                                                         cfg_data_i[5] (net)
                      0.477852    0.000000    4.254003 v _0983_/A2 (gf180mcu_fd_sc_mcu7t5v0__and4_1)
     1    0.003014    0.208387    0.626842    4.880845 v _0983_/Z (gf180mcu_fd_sc_mcu7t5v0__and4_1)
                                                         _0006_ (net)
                      0.208387    0.000000    4.880845 v _2116_/D (gf180mcu_fd_sc_mcu7t5v0__dffrnq_1)
                                              4.880845   data arrival time

                      0.150000    0.000000    0.000000   clock sys_clk (rise edge)
                                  0.000000    0.000000   clock network delay (ideal)
                                  0.250000    0.250000   clock uncertainty
                                  0.000000    0.250000   clock reconvergence pessimism
                                              0.250000 ^ _2116_/CLK (gf180mcu_fd_sc_mcu7t5v0__dffrnq_1)
                                  0.212142    0.462142   library hold time
                                              0.462142   data required time
---------------------------------------------------------------------------------------------
                                              0.462142   data required time
                                             -4.880845   data arrival time
---------------------------------------------------------------------------------------------
                                              4.418703   slack (MET)


Startpoint: cfg_data_i[4] (input port clocked by sys_clk)
Endpoint: _2114_ (rising edge-triggered flip-flop clocked by sys_clk)
Path Group: sys_clk
Path Type: min

Fanout         Cap        Slew       Delay        Time   Description
---------------------------------------------------------------------------------------------
                      0.150000    0.000000    0.000000   clock sys_clk (rise edge)
                                  0.000000    0.000000   clock network delay (ideal)
                                  4.000000    4.000000 v input external delay
     7    0.030274    0.544686    0.293551    4.293550 v cfg_data_i[4] (in)
                                                         cfg_data_i[4] (net)
                      0.544686    0.000000    4.293550 v _0977_/A1 (gf180mcu_fd_sc_mcu7t5v0__and4_1)
     1    0.003014    0.200716    0.611927    4.905477 v _0977_/Z (gf180mcu_fd_sc_mcu7t5v0__and4_1)
                                                         _0005_ (net)
                      0.200716    0.000000    4.905477 v _2114_/D (gf180mcu_fd_sc_mcu7t5v0__dffrnq_1)
                                              4.905477   data arrival time

                      0.150000    0.000000    0.000000   clock sys_clk (rise edge)
                                  0.000000    0.000000   clock network delay (ideal)
                                  0.250000    0.250000   clock uncertainty
                                  0.000000    0.250000   clock reconvergence pessimism
                                              0.250000 ^ _2114_/CLK (gf180mcu_fd_sc_mcu7t5v0__dffrnq_1)
                                  0.214184    0.464184   library hold time
                                              0.464184   data required time
---------------------------------------------------------------------------------------------
                                              0.464184   data required time
                                             -4.905477   data arrival time
---------------------------------------------------------------------------------------------
                                              4.441294   slack (MET)


Startpoint: cfg_data_i[4] (input port clocked by sys_clk)
Endpoint: _2117_ (rising edge-triggered flip-flop clocked by sys_clk)
Path Group: sys_clk
Path Type: min

Fanout         Cap        Slew       Delay        Time   Description
---------------------------------------------------------------------------------------------
                      0.150000    0.000000    0.000000   clock sys_clk (rise edge)
                                  0.000000    0.000000   clock network delay (ideal)
                                  4.000000    4.000000 v input external delay
     7    0.030274    0.544686    0.293551    4.293550 v cfg_data_i[4] (in)
                                                         cfg_data_i[4] (net)
                      0.544686    0.000000    4.293550 v _0972_/A1 (gf180mcu_fd_sc_mcu7t5v0__and4_1)
     1    0.003014    0.200716    0.611927    4.905477 v _0972_/Z (gf180mcu_fd_sc_mcu7t5v0__and4_1)
                                                         _0003_ (net)
                      0.200716    0.000000    4.905477 v _2117_/D (gf180mcu_fd_sc_mcu7t5v0__dffrnq_1)
                                              4.905477   data arrival time

                      0.150000    0.000000    0.000000   clock sys_clk (rise edge)
                                  0.000000    0.000000   clock network delay (ideal)
                                  0.250000    0.250000   clock uncertainty
                                  0.000000    0.250000   clock reconvergence pessimism
                                              0.250000 ^ _2117_/CLK (gf180mcu_fd_sc_mcu7t5v0__dffrnq_1)
                                  0.214184    0.464184   library hold time
                                              0.464184   data required time
---------------------------------------------------------------------------------------------
                                              0.464184   data required time
                                             -4.905477   data arrival time
---------------------------------------------------------------------------------------------
                                              4.441294   slack (MET)


Startpoint: _2115_ (rising edge-triggered flip-flop clocked by sys_clk)
Endpoint: cfg_rx_clr_o (output port clocked by sys_clk)
Path Group: sys_clk
Path Type: min

Fanout         Cap        Slew       Delay        Time   Description
---------------------------------------------------------------------------------------------
                      0.150000    0.000000    0.000000   clock sys_clk (rise edge)
                                  0.000000    0.000000   clock network delay (ideal)
                      0.150000    0.000000    0.000000 ^ _2115_/CLK (gf180mcu_fd_sc_mcu7t5v0__dffrnq_1)
     1    0.072910    1.257864    1.982162    1.982162 v _2115_/Q (gf180mcu_fd_sc_mcu7t5v0__dffrnq_1)
                                                         cfg_rx_clr_o (net)
                      1.257864    0.000000    1.982162 v cfg_rx_clr_o (out)
                                              1.982162   data arrival time

                      0.150000    0.000000    0.000000   clock sys_clk (rise edge)
                                  0.000000    0.000000   clock network delay (ideal)
                                  0.250000    0.250000   clock uncertainty
                                  0.000000    0.250000   clock reconvergence pessimism
                                 -4.000000   -3.750000   output external delay
                                             -3.750000   data required time
---------------------------------------------------------------------------------------------
                                             -3.750000   data required time
                                             -1.982162   data arrival time
---------------------------------------------------------------------------------------------
                                              5.732162   slack (MET)


Startpoint: _2117_ (rising edge-triggered flip-flop clocked by sys_clk)
Endpoint: cfg_rx_en_o (output port clocked by sys_clk)
Path Group: sys_clk
Path Type: min

Fanout         Cap        Slew       Delay        Time   Description
---------------------------------------------------------------------------------------------
                      0.150000    0.000000    0.000000   clock sys_clk (rise edge)
                                  0.000000    0.000000   clock network delay (ideal)
                      0.150000    0.000000    0.000000 ^ _2117_/CLK (gf180mcu_fd_sc_mcu7t5v0__dffrnq_1)
     1    0.072910    1.257864    1.982162    1.982162 v _2117_/Q (gf180mcu_fd_sc_mcu7t5v0__dffrnq_1)
                                                         cfg_rx_en_o (net)
                      1.257864    0.000000    1.982162 v cfg_rx_en_o (out)
                                              1.982162   data arrival time

                      0.150000    0.000000    0.000000   clock sys_clk (rise edge)
                                  0.000000    0.000000   clock network delay (ideal)
                                  0.250000    0.250000   clock uncertainty
                                  0.000000    0.250000   clock reconvergence pessimism
                                 -4.000000   -3.750000   output external delay
                                             -3.750000   data required time
---------------------------------------------------------------------------------------------
                                             -3.750000   data required time
                                             -1.982162   data arrival time
---------------------------------------------------------------------------------------------
                                              5.732162   slack (MET)


Startpoint: _2113_ (rising edge-triggered flip-flop clocked by sys_clk)
Endpoint: cfg_tx_clr_o (output port clocked by sys_clk)
Path Group: sys_clk
Path Type: min

Fanout         Cap        Slew       Delay        Time   Description
---------------------------------------------------------------------------------------------
                      0.150000    0.000000    0.000000   clock sys_clk (rise edge)
                                  0.000000    0.000000   clock network delay (ideal)
                      0.150000    0.000000    0.000000 ^ _2113_/CLK (gf180mcu_fd_sc_mcu7t5v0__dffrnq_1)
     1    0.072910    1.257864    1.982162    1.982162 v _2113_/Q (gf180mcu_fd_sc_mcu7t5v0__dffrnq_1)
                                                         cfg_tx_clr_o (net)
                      1.257864    0.000000    1.982162 v cfg_tx_clr_o (out)
                                              1.982162   data arrival time

                      0.150000    0.000000    0.000000   clock sys_clk (rise edge)
                                  0.000000    0.000000   clock network delay (ideal)
                                  0.250000    0.250000   clock uncertainty
                                  0.000000    0.250000   clock reconvergence pessimism
                                 -4.000000   -3.750000   output external delay
                                             -3.750000   data required time
---------------------------------------------------------------------------------------------
                                             -3.750000   data required time
                                             -1.982162   data arrival time
---------------------------------------------------------------------------------------------
                                              5.732162   slack (MET)


Startpoint: _2114_ (rising edge-triggered flip-flop clocked by sys_clk)
Endpoint: cfg_tx_en_o (output port clocked by sys_clk)
Path Group: sys_clk
Path Type: min

Fanout         Cap        Slew       Delay        Time   Description
---------------------------------------------------------------------------------------------
                      0.150000    0.000000    0.000000   clock sys_clk (rise edge)
                                  0.000000    0.000000   clock network delay (ideal)
                      0.150000    0.000000    0.000000 ^ _2114_/CLK (gf180mcu_fd_sc_mcu7t5v0__dffrnq_1)
     1    0.072910    1.257864    1.982162    1.982162 v _2114_/Q (gf180mcu_fd_sc_mcu7t5v0__dffrnq_1)
                                                         cfg_tx_en_o (net)
                      1.257864    0.000000    1.982162 v cfg_tx_en_o (out)
                                              1.982162   data arrival time

                      0.150000    0.000000    0.000000   clock sys_clk (rise edge)
                                  0.000000    0.000000   clock network delay (ideal)
                                  0.250000    0.250000   clock uncertainty
                                  0.000000    0.250000   clock reconvergence pessimism
                                 -4.000000   -3.750000   output external delay
                                             -3.750000   data required time
---------------------------------------------------------------------------------------------
                                             -3.750000   data required time
                                             -1.982162   data arrival time
---------------------------------------------------------------------------------------------
                                              5.732162   slack (MET)


Startpoint: _1990_ (rising edge-triggered flip-flop clocked by sys_clk)
Endpoint: cfg_rx_size_o[0] (output port clocked by sys_clk)
Path Group: sys_clk
Path Type: min

Fanout         Cap        Slew       Delay        Time   Description
---------------------------------------------------------------------------------------------
                      0.150000    0.000000    0.000000   clock sys_clk (rise edge)
                                  0.000000    0.000000   clock network delay (ideal)
                      0.150000    0.000000    0.000000 ^ _1990_/CLK (gf180mcu_fd_sc_mcu7t5v0__dffrnq_1)
     2    0.077766    1.336832    2.029333    2.029333 v _1990_/Q (gf180mcu_fd_sc_mcu7t5v0__dffrnq_1)
                                                         cfg_rx_size_o[0] (net)
                      1.336832    0.000000    2.029333 v cfg_rx_size_o[0] (out)
                                              2.029333   data arrival time

                      0.150000    0.000000    0.000000   clock sys_clk (rise edge)
                                  0.000000    0.000000   clock network delay (ideal)
                                  0.250000    0.250000   clock uncertainty
                                  0.000000    0.250000   clock reconvergence pessimism
                                 -4.000000   -3.750000   output external delay
                                             -3.750000   data required time
---------------------------------------------------------------------------------------------
                                             -3.750000   data required time
                                             -2.029333   data arrival time
---------------------------------------------------------------------------------------------
                                              5.779333   slack (MET)


Startpoint: _2000_ (rising edge-triggered flip-flop clocked by sys_clk)
Endpoint: cfg_rx_size_o[10] (output port clocked by sys_clk)
Path Group: sys_clk
Path Type: min

Fanout         Cap        Slew       Delay        Time   Description
---------------------------------------------------------------------------------------------
                      0.150000    0.000000    0.000000   clock sys_clk (rise edge)
                                  0.000000    0.000000   clock network delay (ideal)
                      0.150000    0.000000    0.000000 ^ _2000_/CLK (gf180mcu_fd_sc_mcu7t5v0__dffrnq_1)
     2    0.077766    1.336832    2.029333    2.029333 v _2000_/Q (gf180mcu_fd_sc_mcu7t5v0__dffrnq_1)
                                                         cfg_rx_size_o[10] (net)
                      1.336832    0.000000    2.029333 v cfg_rx_size_o[10] (out)
                                              2.029333   data arrival time

                      0.150000    0.000000    0.000000   clock sys_clk (rise edge)
                                  0.000000    0.000000   clock network delay (ideal)
                                  0.250000    0.250000   clock uncertainty
                                  0.000000    0.250000   clock reconvergence pessimism
                                 -4.000000   -3.750000   output external delay
                                             -3.750000   data required time
---------------------------------------------------------------------------------------------
                                             -3.750000   data required time
                                             -2.029333   data arrival time
---------------------------------------------------------------------------------------------
                                              5.779333   slack (MET)


Startpoint: _2001_ (rising edge-triggered flip-flop clocked by sys_clk)
Endpoint: cfg_rx_size_o[11] (output port clocked by sys_clk)
Path Group: sys_clk
Path Type: min

Fanout         Cap        Slew       Delay        Time   Description
---------------------------------------------------------------------------------------------
                      0.150000    0.000000    0.000000   clock sys_clk (rise edge)
                                  0.000000    0.000000   clock network delay (ideal)
                      0.150000    0.000000    0.000000 ^ _2001_/CLK (gf180mcu_fd_sc_mcu7t5v0__dffrnq_1)
     2    0.077766    1.336832    2.029333    2.029333 v _2001_/Q (gf180mcu_fd_sc_mcu7t5v0__dffrnq_1)
                                                         cfg_rx_size_o[11] (net)
                      1.336832    0.000000    2.029333 v cfg_rx_size_o[11] (out)
                                              2.029333   data arrival time

                      0.150000    0.000000    0.000000   clock sys_clk (rise edge)
                                  0.000000    0.000000   clock network delay (ideal)
                                  0.250000    0.250000   clock uncertainty
                                  0.000000    0.250000   clock reconvergence pessimism
                                 -4.000000   -3.750000   output external delay
                                             -3.750000   data required time
---------------------------------------------------------------------------------------------
                                             -3.750000   data required time
                                             -2.029333   data arrival time
---------------------------------------------------------------------------------------------
                                              5.779333   slack (MET)


Startpoint: _2002_ (rising edge-triggered flip-flop clocked by sys_clk)
Endpoint: cfg_rx_size_o[12] (output port clocked by sys_clk)
Path Group: sys_clk
Path Type: min

Fanout         Cap        Slew       Delay        Time   Description
---------------------------------------------------------------------------------------------
                      0.150000    0.000000    0.000000   clock sys_clk (rise edge)
                                  0.000000    0.000000   clock network delay (ideal)
                      0.150000    0.000000    0.000000 ^ _2002_/CLK (gf180mcu_fd_sc_mcu7t5v0__dffrnq_1)
     2    0.077766    1.336832    2.029333    2.029333 v _2002_/Q (gf180mcu_fd_sc_mcu7t5v0__dffrnq_1)
                                                         cfg_rx_size_o[12] (net)
                      1.336832    0.000000    2.029333 v cfg_rx_size_o[12] (out)
                                              2.029333   data arrival time

                      0.150000    0.000000    0.000000   clock sys_clk (rise edge)
                                  0.000000    0.000000   clock network delay (ideal)
                                  0.250000    0.250000   clock uncertainty
                                  0.000000    0.250000   clock reconvergence pessimism
                                 -4.000000   -3.750000   output external delay
                                             -3.750000   data required time
---------------------------------------------------------------------------------------------
                                             -3.750000   data required time
                                             -2.029333   data arrival time
---------------------------------------------------------------------------------------------
                                              5.779333   slack (MET)


Startpoint: _2003_ (rising edge-triggered flip-flop clocked by sys_clk)
Endpoint: cfg_rx_size_o[13] (output port clocked by sys_clk)
Path Group: sys_clk
Path Type: min

Fanout         Cap        Slew       Delay        Time   Description
---------------------------------------------------------------------------------------------
                      0.150000    0.000000    0.000000   clock sys_clk (rise edge)
                                  0.000000    0.000000   clock network delay (ideal)
                      0.150000    0.000000    0.000000 ^ _2003_/CLK (gf180mcu_fd_sc_mcu7t5v0__dffrnq_1)
     2    0.077766    1.336832    2.029333    2.029333 v _2003_/Q (gf180mcu_fd_sc_mcu7t5v0__dffrnq_1)
                                                         cfg_rx_size_o[13] (net)
                      1.336832    0.000000    2.029333 v cfg_rx_size_o[13] (out)
                                              2.029333   data arrival time

                      0.150000    0.000000    0.000000   clock sys_clk (rise edge)
                                  0.000000    0.000000   clock network delay (ideal)
                                  0.250000    0.250000   clock uncertainty
                                  0.000000    0.250000   clock reconvergence pessimism
                                 -4.000000   -3.750000   output external delay
                                             -3.750000   data required time
---------------------------------------------------------------------------------------------
                                             -3.750000   data required time
                                             -2.029333   data arrival time
---------------------------------------------------------------------------------------------
                                              5.779333   slack (MET)


Startpoint: _2004_ (rising edge-triggered flip-flop clocked by sys_clk)
Endpoint: cfg_rx_size_o[14] (output port clocked by sys_clk)
Path Group: sys_clk
Path Type: min

Fanout         Cap        Slew       Delay        Time   Description
---------------------------------------------------------------------------------------------
                      0.150000    0.000000    0.000000   clock sys_clk (rise edge)
                                  0.000000    0.000000   clock network delay (ideal)
                      0.150000    0.000000    0.000000 ^ _2004_/CLK (gf180mcu_fd_sc_mcu7t5v0__dffrnq_1)
     2    0.077766    1.336832    2.029333    2.029333 v _2004_/Q (gf180mcu_fd_sc_mcu7t5v0__dffrnq_1)
                                                         cfg_rx_size_o[14] (net)
                      1.336832    0.000000    2.029333 v cfg_rx_size_o[14] (out)
                                              2.029333   data arrival time

                      0.150000    0.000000    0.000000   clock sys_clk (rise edge)
                                  0.000000    0.000000   clock network delay (ideal)
                                  0.250000    0.250000   clock uncertainty
                                  0.000000    0.250000   clock reconvergence pessimism
                                 -4.000000   -3.750000   output external delay
                                             -3.750000   data required time
---------------------------------------------------------------------------------------------
                                             -3.750000   data required time
                                             -2.029333   data arrival time
---------------------------------------------------------------------------------------------
                                              5.779333   slack (MET)


Startpoint: _2005_ (rising edge-triggered flip-flop clocked by sys_clk)
Endpoint: cfg_rx_size_o[15] (output port clocked by sys_clk)
Path Group: sys_clk
Path Type: min

Fanout         Cap        Slew       Delay        Time   Description
---------------------------------------------------------------------------------------------
                      0.150000    0.000000    0.000000   clock sys_clk (rise edge)
                                  0.000000    0.000000   clock network delay (ideal)
                      0.150000    0.000000    0.000000 ^ _2005_/CLK (gf180mcu_fd_sc_mcu7t5v0__dffrnq_1)
     2    0.077766    1.336832    2.029333    2.029333 v _2005_/Q (gf180mcu_fd_sc_mcu7t5v0__dffrnq_1)
                                                         cfg_rx_size_o[15] (net)
                      1.336832    0.000000    2.029333 v cfg_rx_size_o[15] (out)
                                              2.029333   data arrival time

                      0.150000    0.000000    0.000000   clock sys_clk (rise edge)
                                  0.000000    0.000000   clock network delay (ideal)
                                  0.250000    0.250000   clock uncertainty
                                  0.000000    0.250000   clock reconvergence pessimism
                                 -4.000000   -3.750000   output external delay
                                             -3.750000   data required time
---------------------------------------------------------------------------------------------
                                             -3.750000   data required time
                                             -2.029333   data arrival time
---------------------------------------------------------------------------------------------
                                              5.779333   slack (MET)


Startpoint: _1991_ (rising edge-triggered flip-flop clocked by sys_clk)
Endpoint: cfg_rx_size_o[1] (output port clocked by sys_clk)
Path Group: sys_clk
Path Type: min

Fanout         Cap        Slew       Delay        Time   Description
---------------------------------------------------------------------------------------------
                      0.150000    0.000000    0.000000   clock sys_clk (rise edge)
                                  0.000000    0.000000   clock network delay (ideal)
                      0.150000    0.000000    0.000000 ^ _1991_/CLK (gf180mcu_fd_sc_mcu7t5v0__dffrnq_1)
     2    0.077766    1.336832    2.029333    2.029333 v _1991_/Q (gf180mcu_fd_sc_mcu7t5v0__dffrnq_1)
                                                         cfg_rx_size_o[1] (net)
                      1.336832    0.000000    2.029333 v cfg_rx_size_o[1] (out)
                                              2.029333   data arrival time

                      0.150000    0.000000    0.000000   clock sys_clk (rise edge)
                                  0.000000    0.000000   clock network delay (ideal)
                                  0.250000    0.250000   clock uncertainty
                                  0.000000    0.250000   clock reconvergence pessimism
                                 -4.000000   -3.750000   output external delay
                                             -3.750000   data required time
---------------------------------------------------------------------------------------------
                                             -3.750000   data required time
                                             -2.029333   data arrival time
---------------------------------------------------------------------------------------------
                                              5.779333   slack (MET)


Startpoint: _1992_ (rising edge-triggered flip-flop clocked by sys_clk)
Endpoint: cfg_rx_size_o[2] (output port clocked by sys_clk)
Path Group: sys_clk
Path Type: min

Fanout         Cap        Slew       Delay        Time   Description
---------------------------------------------------------------------------------------------
                      0.150000    0.000000    0.000000   clock sys_clk (rise edge)
                                  0.000000    0.000000   clock network delay (ideal)
                      0.150000    0.000000    0.000000 ^ _1992_/CLK (gf180mcu_fd_sc_mcu7t5v0__dffrnq_1)
     2    0.077766    1.336832    2.029333    2.029333 v _1992_/Q (gf180mcu_fd_sc_mcu7t5v0__dffrnq_1)
                                                         cfg_rx_size_o[2] (net)
                      1.336832    0.000000    2.029333 v cfg_rx_size_o[2] (out)
                                              2.029333   data arrival time

                      0.150000    0.000000    0.000000   clock sys_clk (rise edge)
                                  0.000000    0.000000   clock network delay (ideal)
                                  0.250000    0.250000   clock uncertainty
                                  0.000000    0.250000   clock reconvergence pessimism
                                 -4.000000   -3.750000   output external delay
                                             -3.750000   data required time
---------------------------------------------------------------------------------------------
                                             -3.750000   data required time
                                             -2.029333   data arrival time
---------------------------------------------------------------------------------------------
                                              5.779333   slack (MET)


Startpoint: _1993_ (rising edge-triggered flip-flop clocked by sys_clk)
Endpoint: cfg_rx_size_o[3] (output port clocked by sys_clk)
Path Group: sys_clk
Path Type: min

Fanout         Cap        Slew       Delay        Time   Description
---------------------------------------------------------------------------------------------
                      0.150000    0.000000    0.000000   clock sys_clk (rise edge)
                                  0.000000    0.000000   clock network delay (ideal)
                      0.150000    0.000000    0.000000 ^ _1993_/CLK (gf180mcu_fd_sc_mcu7t5v0__dffrnq_1)
     2    0.077766    1.336832    2.029333    2.029333 v _1993_/Q (gf180mcu_fd_sc_mcu7t5v0__dffrnq_1)
                                                         cfg_rx_size_o[3] (net)
                      1.336832    0.000000    2.029333 v cfg_rx_size_o[3] (out)
                                              2.029333   data arrival time

                      0.150000    0.000000    0.000000   clock sys_clk (rise edge)
                                  0.000000    0.000000   clock network delay (ideal)
                                  0.250000    0.250000   clock uncertainty
                                  0.000000    0.250000   clock reconvergence pessimism
                                 -4.000000   -3.750000   output external delay
                                             -3.750000   data required time
---------------------------------------------------------------------------------------------
                                             -3.750000   data required time
                                             -2.029333   data arrival time
---------------------------------------------------------------------------------------------
                                              5.779333   slack (MET)


Startpoint: _1994_ (rising edge-triggered flip-flop clocked by sys_clk)
Endpoint: cfg_rx_size_o[4] (output port clocked by sys_clk)
Path Group: sys_clk
Path Type: min

Fanout         Cap        Slew       Delay        Time   Description
---------------------------------------------------------------------------------------------
                      0.150000    0.000000    0.000000   clock sys_clk (rise edge)
                                  0.000000    0.000000   clock network delay (ideal)
                      0.150000    0.000000    0.000000 ^ _1994_/CLK (gf180mcu_fd_sc_mcu7t5v0__dffrnq_1)
     2    0.077766    1.336832    2.029333    2.029333 v _1994_/Q (gf180mcu_fd_sc_mcu7t5v0__dffrnq_1)
                                                         cfg_rx_size_o[4] (net)
                      1.336832    0.000000    2.029333 v cfg_rx_size_o[4] (out)
                                              2.029333   data arrival time

                      0.150000    0.000000    0.000000   clock sys_clk (rise edge)
                                  0.000000    0.000000   clock network delay (ideal)
                                  0.250000    0.250000   clock uncertainty
                                  0.000000    0.250000   clock reconvergence pessimism
                                 -4.000000   -3.750000   output external delay
                                             -3.750000   data required time
---------------------------------------------------------------------------------------------
                                             -3.750000   data required time
                                             -2.029333   data arrival time
---------------------------------------------------------------------------------------------
                                              5.779333   slack (MET)


Startpoint: _1995_ (rising edge-triggered flip-flop clocked by sys_clk)
Endpoint: cfg_rx_size_o[5] (output port clocked by sys_clk)
Path Group: sys_clk
Path Type: min

Fanout         Cap        Slew       Delay        Time   Description
---------------------------------------------------------------------------------------------
                      0.150000    0.000000    0.000000   clock sys_clk (rise edge)
                                  0.000000    0.000000   clock network delay (ideal)
                      0.150000    0.000000    0.000000 ^ _1995_/CLK (gf180mcu_fd_sc_mcu7t5v0__dffrnq_1)
     2    0.077766    1.336832    2.029333    2.029333 v _1995_/Q (gf180mcu_fd_sc_mcu7t5v0__dffrnq_1)
                                                         cfg_rx_size_o[5] (net)
                      1.336832    0.000000    2.029333 v cfg_rx_size_o[5] (out)
                                              2.029333   data arrival time

                      0.150000    0.000000    0.000000   clock sys_clk (rise edge)
                                  0.000000    0.000000   clock network delay (ideal)
                                  0.250000    0.250000   clock uncertainty
                                  0.000000    0.250000   clock reconvergence pessimism
                                 -4.000000   -3.750000   output external delay
                                             -3.750000   data required time
---------------------------------------------------------------------------------------------
                                             -3.750000   data required time
                                             -2.029333   data arrival time
---------------------------------------------------------------------------------------------
                                              5.779333   slack (MET)


Startpoint: _1996_ (rising edge-triggered flip-flop clocked by sys_clk)
Endpoint: cfg_rx_size_o[6] (output port clocked by sys_clk)
Path Group: sys_clk
Path Type: min

Fanout         Cap        Slew       Delay        Time   Description
---------------------------------------------------------------------------------------------
                      0.150000    0.000000    0.000000   clock sys_clk (rise edge)
                                  0.000000    0.000000   clock network delay (ideal)
                      0.150000    0.000000    0.000000 ^ _1996_/CLK (gf180mcu_fd_sc_mcu7t5v0__dffrnq_1)
     2    0.077766    1.336832    2.029333    2.029333 v _1996_/Q (gf180mcu_fd_sc_mcu7t5v0__dffrnq_1)
                                                         cfg_rx_size_o[6] (net)
                      1.336832    0.000000    2.029333 v cfg_rx_size_o[6] (out)
                                              2.029333   data arrival time

                      0.150000    0.000000    0.000000   clock sys_clk (rise edge)
                                  0.000000    0.000000   clock network delay (ideal)
                                  0.250000    0.250000   clock uncertainty
                                  0.000000    0.250000   clock reconvergence pessimism
                                 -4.000000   -3.750000   output external delay
                                             -3.750000   data required time
---------------------------------------------------------------------------------------------
                                             -3.750000   data required time
                                             -2.029333   data arrival time
---------------------------------------------------------------------------------------------
                                              5.779333   slack (MET)


Startpoint: _1997_ (rising edge-triggered flip-flop clocked by sys_clk)
Endpoint: cfg_rx_size_o[7] (output port clocked by sys_clk)
Path Group: sys_clk
Path Type: min

Fanout         Cap        Slew       Delay        Time   Description
---------------------------------------------------------------------------------------------
                      0.150000    0.000000    0.000000   clock sys_clk (rise edge)
                                  0.000000    0.000000   clock network delay (ideal)
                      0.150000    0.000000    0.000000 ^ _1997_/CLK (gf180mcu_fd_sc_mcu7t5v0__dffrnq_1)
     2    0.077766    1.336832    2.029333    2.029333 v _1997_/Q (gf180mcu_fd_sc_mcu7t5v0__dffrnq_1)
                                                         cfg_rx_size_o[7] (net)
                      1.336832    0.000000    2.029333 v cfg_rx_size_o[7] (out)
                                              2.029333   data arrival time

                      0.150000    0.000000    0.000000   clock sys_clk (rise edge)
                                  0.000000    0.000000   clock network delay (ideal)
                                  0.250000    0.250000   clock uncertainty
                                  0.000000    0.250000   clock reconvergence pessimism
                                 -4.000000   -3.750000   output external delay
                                             -3.750000   data required time
---------------------------------------------------------------------------------------------
                                             -3.750000   data required time
                                             -2.029333   data arrival time
---------------------------------------------------------------------------------------------
                                              5.779333   slack (MET)


Startpoint: _1998_ (rising edge-triggered flip-flop clocked by sys_clk)
Endpoint: cfg_rx_size_o[8] (output port clocked by sys_clk)
Path Group: sys_clk
Path Type: min

Fanout         Cap        Slew       Delay        Time   Description
---------------------------------------------------------------------------------------------
                      0.150000    0.000000    0.000000   clock sys_clk (rise edge)
                                  0.000000    0.000000   clock network delay (ideal)
                      0.150000    0.000000    0.000000 ^ _1998_/CLK (gf180mcu_fd_sc_mcu7t5v0__dffrnq_1)
     2    0.077766    1.336832    2.029333    2.029333 v _1998_/Q (gf180mcu_fd_sc_mcu7t5v0__dffrnq_1)
                                                         cfg_rx_size_o[8] (net)
                      1.336832    0.000000    2.029333 v cfg_rx_size_o[8] (out)
                                              2.029333   data arrival time

                      0.150000    0.000000    0.000000   clock sys_clk (rise edge)
                                  0.000000    0.000000   clock network delay (ideal)
                                  0.250000    0.250000   clock uncertainty
                                  0.000000    0.250000   clock reconvergence pessimism
                                 -4.000000   -3.750000   output external delay
                                             -3.750000   data required time
---------------------------------------------------------------------------------------------
                                             -3.750000   data required time
                                             -2.029333   data arrival time
---------------------------------------------------------------------------------------------
                                              5.779333   slack (MET)


Startpoint: _1999_ (rising edge-triggered flip-flop clocked by sys_clk)
Endpoint: cfg_rx_size_o[9] (output port clocked by sys_clk)
Path Group: sys_clk
Path Type: min

Fanout         Cap        Slew       Delay        Time   Description
---------------------------------------------------------------------------------------------
                      0.150000    0.000000    0.000000   clock sys_clk (rise edge)
                                  0.000000    0.000000   clock network delay (ideal)
                      0.150000    0.000000    0.000000 ^ _1999_/CLK (gf180mcu_fd_sc_mcu7t5v0__dffrnq_1)
     2    0.077766    1.336832    2.029333    2.029333 v _1999_/Q (gf180mcu_fd_sc_mcu7t5v0__dffrnq_1)
                                                         cfg_rx_size_o[9] (net)
                      1.336832    0.000000    2.029333 v cfg_rx_size_o[9] (out)
                                              2.029333   data arrival time

                      0.150000    0.000000    0.000000   clock sys_clk (rise edge)
                                  0.000000    0.000000   clock network delay (ideal)
                                  0.250000    0.250000   clock uncertainty
                                  0.000000    0.250000   clock reconvergence pessimism
                                 -4.000000   -3.750000   output external delay
                                             -3.750000   data required time
---------------------------------------------------------------------------------------------
                                             -3.750000   data required time
                                             -2.029333   data arrival time
---------------------------------------------------------------------------------------------
                                              5.779333   slack (MET)


Startpoint: _2019_ (rising edge-triggered flip-flop clocked by sys_clk)
Endpoint: cfg_tx_size_o[0] (output port clocked by sys_clk)
Path Group: sys_clk
Path Type: min

Fanout         Cap        Slew       Delay        Time   Description
---------------------------------------------------------------------------------------------
                      0.150000    0.000000    0.000000   clock sys_clk (rise edge)
                                  0.000000    0.000000   clock network delay (ideal)
                      0.150000    0.000000    0.000000 ^ _2019_/CLK (gf180mcu_fd_sc_mcu7t5v0__dffrnq_1)
     2    0.077766    1.336832    2.029333    2.029333 v _2019_/Q (gf180mcu_fd_sc_mcu7t5v0__dffrnq_1)
                                                         cfg_tx_size_o[0] (net)
                      1.336832    0.000000    2.029333 v cfg_tx_size_o[0] (out)
                                              2.029333   data arrival time

                      0.150000    0.000000    0.000000   clock sys_clk (rise edge)
                                  0.000000    0.000000   clock network delay (ideal)
                                  0.250000    0.250000   clock uncertainty
                                  0.000000    0.250000   clock reconvergence pessimism
                                 -4.000000   -3.750000   output external delay
                                             -3.750000   data required time
---------------------------------------------------------------------------------------------
                                             -3.750000   data required time
                                             -2.029333   data arrival time
---------------------------------------------------------------------------------------------
                                              5.779333   slack (MET)


Startpoint: _2029_ (rising edge-triggered flip-flop clocked by sys_clk)
Endpoint: cfg_tx_size_o[10] (output port clocked by sys_clk)
Path Group: sys_clk
Path Type: min

Fanout         Cap        Slew       Delay        Time   Description
---------------------------------------------------------------------------------------------
                      0.150000    0.000000    0.000000   clock sys_clk (rise edge)
                                  0.000000    0.000000   clock network delay (ideal)
                      0.150000    0.000000    0.000000 ^ _2029_/CLK (gf180mcu_fd_sc_mcu7t5v0__dffrnq_1)
     2    0.077766    1.336832    2.029333    2.029333 v _2029_/Q (gf180mcu_fd_sc_mcu7t5v0__dffrnq_1)
                                                         cfg_tx_size_o[10] (net)
                      1.336832    0.000000    2.029333 v cfg_tx_size_o[10] (out)
                                              2.029333   data arrival time

                      0.150000    0.000000    0.000000   clock sys_clk (rise edge)
                                  0.000000    0.000000   clock network delay (ideal)
                                  0.250000    0.250000   clock uncertainty
                                  0.000000    0.250000   clock reconvergence pessimism
                                 -4.000000   -3.750000   output external delay
                                             -3.750000   data required time
---------------------------------------------------------------------------------------------
                                             -3.750000   data required time
                                             -2.029333   data arrival time
---------------------------------------------------------------------------------------------
                                              5.779333   slack (MET)


Startpoint: _2030_ (rising edge-triggered flip-flop clocked by sys_clk)
Endpoint: cfg_tx_size_o[11] (output port clocked by sys_clk)
Path Group: sys_clk
Path Type: min

Fanout         Cap        Slew       Delay        Time   Description
---------------------------------------------------------------------------------------------
                      0.150000    0.000000    0.000000   clock sys_clk (rise edge)
                                  0.000000    0.000000   clock network delay (ideal)
                      0.150000    0.000000    0.000000 ^ _2030_/CLK (gf180mcu_fd_sc_mcu7t5v0__dffrnq_1)
     2    0.077766    1.336832    2.029333    2.029333 v _2030_/Q (gf180mcu_fd_sc_mcu7t5v0__dffrnq_1)
                                                         cfg_tx_size_o[11] (net)
                      1.336832    0.000000    2.029333 v cfg_tx_size_o[11] (out)
                                              2.029333   data arrival time

                      0.150000    0.000000    0.000000   clock sys_clk (rise edge)
                                  0.000000    0.000000   clock network delay (ideal)
                                  0.250000    0.250000   clock uncertainty
                                  0.000000    0.250000   clock reconvergence pessimism
                                 -4.000000   -3.750000   output external delay
                                             -3.750000   data required time
---------------------------------------------------------------------------------------------
                                             -3.750000   data required time
                                             -2.029333   data arrival time
---------------------------------------------------------------------------------------------
                                              5.779333   slack (MET)


Startpoint: _2031_ (rising edge-triggered flip-flop clocked by sys_clk)
Endpoint: cfg_tx_size_o[12] (output port clocked by sys_clk)
Path Group: sys_clk
Path Type: min

Fanout         Cap        Slew       Delay        Time   Description
---------------------------------------------------------------------------------------------
                      0.150000    0.000000    0.000000   clock sys_clk (rise edge)
                                  0.000000    0.000000   clock network delay (ideal)
                      0.150000    0.000000    0.000000 ^ _2031_/CLK (gf180mcu_fd_sc_mcu7t5v0__dffrnq_1)
     2    0.077766    1.336832    2.029333    2.029333 v _2031_/Q (gf180mcu_fd_sc_mcu7t5v0__dffrnq_1)
                                                         cfg_tx_size_o[12] (net)
                      1.336832    0.000000    2.029333 v cfg_tx_size_o[12] (out)
                                              2.029333   data arrival time

                      0.150000    0.000000    0.000000   clock sys_clk (rise edge)
                                  0.000000    0.000000   clock network delay (ideal)
                                  0.250000    0.250000   clock uncertainty
                                  0.000000    0.250000   clock reconvergence pessimism
                                 -4.000000   -3.750000   output external delay
                                             -3.750000   data required time
---------------------------------------------------------------------------------------------
                                             -3.750000   data required time
                                             -2.029333   data arrival time
---------------------------------------------------------------------------------------------
                                              5.779333   slack (MET)


Startpoint: _2032_ (rising edge-triggered flip-flop clocked by sys_clk)
Endpoint: cfg_tx_size_o[13] (output port clocked by sys_clk)
Path Group: sys_clk
Path Type: min

Fanout         Cap        Slew       Delay        Time   Description
---------------------------------------------------------------------------------------------
                      0.150000    0.000000    0.000000   clock sys_clk (rise edge)
                                  0.000000    0.000000   clock network delay (ideal)
                      0.150000    0.000000    0.000000 ^ _2032_/CLK (gf180mcu_fd_sc_mcu7t5v0__dffrnq_1)
     2    0.077766    1.336832    2.029333    2.029333 v _2032_/Q (gf180mcu_fd_sc_mcu7t5v0__dffrnq_1)
                                                         cfg_tx_size_o[13] (net)
                      1.336832    0.000000    2.029333 v cfg_tx_size_o[13] (out)
                                              2.029333   data arrival time

                      0.150000    0.000000    0.000000   clock sys_clk (rise edge)
                                  0.000000    0.000000   clock network delay (ideal)
                                  0.250000    0.250000   clock uncertainty
                                  0.000000    0.250000   clock reconvergence pessimism
                                 -4.000000   -3.750000   output external delay
                                             -3.750000   data required time
---------------------------------------------------------------------------------------------
                                             -3.750000   data required time
                                             -2.029333   data arrival time
---------------------------------------------------------------------------------------------
                                              5.779333   slack (MET)


Startpoint: _2033_ (rising edge-triggered flip-flop clocked by sys_clk)
Endpoint: cfg_tx_size_o[14] (output port clocked by sys_clk)
Path Group: sys_clk
Path Type: min

Fanout         Cap        Slew       Delay        Time   Description
---------------------------------------------------------------------------------------------
                      0.150000    0.000000    0.000000   clock sys_clk (rise edge)
                                  0.000000    0.000000   clock network delay (ideal)
                      0.150000    0.000000    0.000000 ^ _2033_/CLK (gf180mcu_fd_sc_mcu7t5v0__dffrnq_1)
     2    0.077766    1.336832    2.029333    2.029333 v _2033_/Q (gf180mcu_fd_sc_mcu7t5v0__dffrnq_1)
                                                         cfg_tx_size_o[14] (net)
                      1.336832    0.000000    2.029333 v cfg_tx_size_o[14] (out)
                                              2.029333   data arrival time

                      0.150000    0.000000    0.000000   clock sys_clk (rise edge)
                                  0.000000    0.000000   clock network delay (ideal)
                                  0.250000    0.250000   clock uncertainty
                                  0.000000    0.250000   clock reconvergence pessimism
                                 -4.000000   -3.750000   output external delay
                                             -3.750000   data required time
---------------------------------------------------------------------------------------------
                                             -3.750000   data required time
                                             -2.029333   data arrival time
---------------------------------------------------------------------------------------------
                                              5.779333   slack (MET)


Startpoint: _2034_ (rising edge-triggered flip-flop clocked by sys_clk)
Endpoint: cfg_tx_size_o[15] (output port clocked by sys_clk)
Path Group: sys_clk
Path Type: min

Fanout         Cap        Slew       Delay        Time   Description
---------------------------------------------------------------------------------------------
                      0.150000    0.000000    0.000000   clock sys_clk (rise edge)
                                  0.000000    0.000000   clock network delay (ideal)
                      0.150000    0.000000    0.000000 ^ _2034_/CLK (gf180mcu_fd_sc_mcu7t5v0__dffrnq_1)
     2    0.077766    1.336832    2.029333    2.029333 v _2034_/Q (gf180mcu_fd_sc_mcu7t5v0__dffrnq_1)
                                                         cfg_tx_size_o[15] (net)
                      1.336832    0.000000    2.029333 v cfg_tx_size_o[15] (out)
                                              2.029333   data arrival time

                      0.150000    0.000000    0.000000   clock sys_clk (rise edge)
                                  0.000000    0.000000   clock network delay (ideal)
                                  0.250000    0.250000   clock uncertainty
                                  0.000000    0.250000   clock reconvergence pessimism
                                 -4.000000   -3.750000   output external delay
                                             -3.750000   data required time
---------------------------------------------------------------------------------------------
                                             -3.750000   data required time
                                             -2.029333   data arrival time
---------------------------------------------------------------------------------------------
                                              5.779333   slack (MET)


Startpoint: _2020_ (rising edge-triggered flip-flop clocked by sys_clk)
Endpoint: cfg_tx_size_o[1] (output port clocked by sys_clk)
Path Group: sys_clk
Path Type: min

Fanout         Cap        Slew       Delay        Time   Description
---------------------------------------------------------------------------------------------
                      0.150000    0.000000    0.000000   clock sys_clk (rise edge)
                                  0.000000    0.000000   clock network delay (ideal)
                      0.150000    0.000000    0.000000 ^ _2020_/CLK (gf180mcu_fd_sc_mcu7t5v0__dffrnq_1)
     2    0.077766    1.336832    2.029333    2.029333 v _2020_/Q (gf180mcu_fd_sc_mcu7t5v0__dffrnq_1)
                                                         cfg_tx_size_o[1] (net)
                      1.336832    0.000000    2.029333 v cfg_tx_size_o[1] (out)
                                              2.029333   data arrival time

                      0.150000    0.000000    0.000000   clock sys_clk (rise edge)
                                  0.000000    0.000000   clock network delay (ideal)
                                  0.250000    0.250000   clock uncertainty
                                  0.000000    0.250000   clock reconvergence pessimism
                                 -4.000000   -3.750000   output external delay
                                             -3.750000   data required time
---------------------------------------------------------------------------------------------
                                             -3.750000   data required time
                                             -2.029333   data arrival time
---------------------------------------------------------------------------------------------
                                              5.779333   slack (MET)


Startpoint: _2021_ (rising edge-triggered flip-flop clocked by sys_clk)
Endpoint: cfg_tx_size_o[2] (output port clocked by sys_clk)
Path Group: sys_clk
Path Type: min

Fanout         Cap        Slew       Delay        Time   Description
---------------------------------------------------------------------------------------------
                      0.150000    0.000000    0.000000   clock sys_clk (rise edge)
                                  0.000000    0.000000   clock network delay (ideal)
                      0.150000    0.000000    0.000000 ^ _2021_/CLK (gf180mcu_fd_sc_mcu7t5v0__dffrnq_1)
     2    0.077766    1.336832    2.029333    2.029333 v _2021_/Q (gf180mcu_fd_sc_mcu7t5v0__dffrnq_1)
                                                         cfg_tx_size_o[2] (net)
                      1.336832    0.000000    2.029333 v cfg_tx_size_o[2] (out)
                                              2.029333   data arrival time

                      0.150000    0.000000    0.000000   clock sys_clk (rise edge)
                                  0.000000    0.000000   clock network delay (ideal)
                                  0.250000    0.250000   clock uncertainty
                                  0.000000    0.250000   clock reconvergence pessimism
                                 -4.000000   -3.750000   output external delay
                                             -3.750000   data required time
---------------------------------------------------------------------------------------------
                                             -3.750000   data required time
                                             -2.029333   data arrival time
---------------------------------------------------------------------------------------------
                                              5.779333   slack (MET)


Startpoint: _2022_ (rising edge-triggered flip-flop clocked by sys_clk)
Endpoint: cfg_tx_size_o[3] (output port clocked by sys_clk)
Path Group: sys_clk
Path Type: min

Fanout         Cap        Slew       Delay        Time   Description
---------------------------------------------------------------------------------------------
                      0.150000    0.000000    0.000000   clock sys_clk (rise edge)
                                  0.000000    0.000000   clock network delay (ideal)
                      0.150000    0.000000    0.000000 ^ _2022_/CLK (gf180mcu_fd_sc_mcu7t5v0__dffrnq_1)
     2    0.077766    1.336832    2.029333    2.029333 v _2022_/Q (gf180mcu_fd_sc_mcu7t5v0__dffrnq_1)
                                                         cfg_tx_size_o[3] (net)
                      1.336832    0.000000    2.029333 v cfg_tx_size_o[3] (out)
                                              2.029333   data arrival time

                      0.150000    0.000000    0.000000   clock sys_clk (rise edge)
                                  0.000000    0.000000   clock network delay (ideal)
                                  0.250000    0.250000   clock uncertainty
                                  0.000000    0.250000   clock reconvergence pessimism
                                 -4.000000   -3.750000   output external delay
                                             -3.750000   data required time
---------------------------------------------------------------------------------------------
                                             -3.750000   data required time
                                             -2.029333   data arrival time
---------------------------------------------------------------------------------------------
                                              5.779333   slack (MET)


Startpoint: _2023_ (rising edge-triggered flip-flop clocked by sys_clk)
Endpoint: cfg_tx_size_o[4] (output port clocked by sys_clk)
Path Group: sys_clk
Path Type: min

Fanout         Cap        Slew       Delay        Time   Description
---------------------------------------------------------------------------------------------
                      0.150000    0.000000    0.000000   clock sys_clk (rise edge)
                                  0.000000    0.000000   clock network delay (ideal)
                      0.150000    0.000000    0.000000 ^ _2023_/CLK (gf180mcu_fd_sc_mcu7t5v0__dffrnq_1)
     2    0.077766    1.336832    2.029333    2.029333 v _2023_/Q (gf180mcu_fd_sc_mcu7t5v0__dffrnq_1)
                                                         cfg_tx_size_o[4] (net)
                      1.336832    0.000000    2.029333 v cfg_tx_size_o[4] (out)
                                              2.029333   data arrival time

                      0.150000    0.000000    0.000000   clock sys_clk (rise edge)
                                  0.000000    0.000000   clock network delay (ideal)
                                  0.250000    0.250000   clock uncertainty
                                  0.000000    0.250000   clock reconvergence pessimism
                                 -4.000000   -3.750000   output external delay
                                             -3.750000   data required time
---------------------------------------------------------------------------------------------
                                             -3.750000   data required time
                                             -2.029333   data arrival time
---------------------------------------------------------------------------------------------
                                              5.779333   slack (MET)


Startpoint: _2024_ (rising edge-triggered flip-flop clocked by sys_clk)
Endpoint: cfg_tx_size_o[5] (output port clocked by sys_clk)
Path Group: sys_clk
Path Type: min

Fanout         Cap        Slew       Delay        Time   Description
---------------------------------------------------------------------------------------------
                      0.150000    0.000000    0.000000   clock sys_clk (rise edge)
                                  0.000000    0.000000   clock network delay (ideal)
                      0.150000    0.000000    0.000000 ^ _2024_/CLK (gf180mcu_fd_sc_mcu7t5v0__dffrnq_1)
     2    0.077766    1.336832    2.029333    2.029333 v _2024_/Q (gf180mcu_fd_sc_mcu7t5v0__dffrnq_1)
                                                         cfg_tx_size_o[5] (net)
                      1.336832    0.000000    2.029333 v cfg_tx_size_o[5] (out)
                                              2.029333   data arrival time

                      0.150000    0.000000    0.000000   clock sys_clk (rise edge)
                                  0.000000    0.000000   clock network delay (ideal)
                                  0.250000    0.250000   clock uncertainty
                                  0.000000    0.250000   clock reconvergence pessimism
                                 -4.000000   -3.750000   output external delay
                                             -3.750000   data required time
---------------------------------------------------------------------------------------------
                                             -3.750000   data required time
                                             -2.029333   data arrival time
---------------------------------------------------------------------------------------------
                                              5.779333   slack (MET)


Startpoint: _2025_ (rising edge-triggered flip-flop clocked by sys_clk)
Endpoint: cfg_tx_size_o[6] (output port clocked by sys_clk)
Path Group: sys_clk
Path Type: min

Fanout         Cap        Slew       Delay        Time   Description
---------------------------------------------------------------------------------------------
                      0.150000    0.000000    0.000000   clock sys_clk (rise edge)
                                  0.000000    0.000000   clock network delay (ideal)
                      0.150000    0.000000    0.000000 ^ _2025_/CLK (gf180mcu_fd_sc_mcu7t5v0__dffrnq_1)
     2    0.077766    1.336832    2.029333    2.029333 v _2025_/Q (gf180mcu_fd_sc_mcu7t5v0__dffrnq_1)
                                                         cfg_tx_size_o[6] (net)
                      1.336832    0.000000    2.029333 v cfg_tx_size_o[6] (out)
                                              2.029333   data arrival time

                      0.150000    0.000000    0.000000   clock sys_clk (rise edge)
                                  0.000000    0.000000   clock network delay (ideal)
                                  0.250000    0.250000   clock uncertainty
                                  0.000000    0.250000   clock reconvergence pessimism
                                 -4.000000   -3.750000   output external delay
                                             -3.750000   data required time
---------------------------------------------------------------------------------------------
                                             -3.750000   data required time
                                             -2.029333   data arrival time
---------------------------------------------------------------------------------------------
                                              5.779333   slack (MET)


Startpoint: _2026_ (rising edge-triggered flip-flop clocked by sys_clk)
Endpoint: cfg_tx_size_o[7] (output port clocked by sys_clk)
Path Group: sys_clk
Path Type: min

Fanout         Cap        Slew       Delay        Time   Description
---------------------------------------------------------------------------------------------
                      0.150000    0.000000    0.000000   clock sys_clk (rise edge)
                                  0.000000    0.000000   clock network delay (ideal)
                      0.150000    0.000000    0.000000 ^ _2026_/CLK (gf180mcu_fd_sc_mcu7t5v0__dffrnq_1)
     2    0.077766    1.336832    2.029333    2.029333 v _2026_/Q (gf180mcu_fd_sc_mcu7t5v0__dffrnq_1)
                                                         cfg_tx_size_o[7] (net)
                      1.336832    0.000000    2.029333 v cfg_tx_size_o[7] (out)
                                              2.029333   data arrival time

                      0.150000    0.000000    0.000000   clock sys_clk (rise edge)
                                  0.000000    0.000000   clock network delay (ideal)
                                  0.250000    0.250000   clock uncertainty
                                  0.000000    0.250000   clock reconvergence pessimism
                                 -4.000000   -3.750000   output external delay
                                             -3.750000   data required time
---------------------------------------------------------------------------------------------
                                             -3.750000   data required time
                                             -2.029333   data arrival time
---------------------------------------------------------------------------------------------
                                              5.779333   slack (MET)


Startpoint: _2027_ (rising edge-triggered flip-flop clocked by sys_clk)
Endpoint: cfg_tx_size_o[8] (output port clocked by sys_clk)
Path Group: sys_clk
Path Type: min

Fanout         Cap        Slew       Delay        Time   Description
---------------------------------------------------------------------------------------------
                      0.150000    0.000000    0.000000   clock sys_clk (rise edge)
                                  0.000000    0.000000   clock network delay (ideal)
                      0.150000    0.000000    0.000000 ^ _2027_/CLK (gf180mcu_fd_sc_mcu7t5v0__dffrnq_1)
     2    0.077766    1.336832    2.029333    2.029333 v _2027_/Q (gf180mcu_fd_sc_mcu7t5v0__dffrnq_1)
                                                         cfg_tx_size_o[8] (net)
                      1.336832    0.000000    2.029333 v cfg_tx_size_o[8] (out)
                                              2.029333   data arrival time

                      0.150000    0.000000    0.000000   clock sys_clk (rise edge)
                                  0.000000    0.000000   clock network delay (ideal)
                                  0.250000    0.250000   clock uncertainty
                                  0.000000    0.250000   clock reconvergence pessimism
                                 -4.000000   -3.750000   output external delay
                                             -3.750000   data required time
---------------------------------------------------------------------------------------------
                                             -3.750000   data required time
                                             -2.029333   data arrival time
---------------------------------------------------------------------------------------------
                                              5.779333   slack (MET)


Startpoint: _2028_ (rising edge-triggered flip-flop clocked by sys_clk)
Endpoint: cfg_tx_size_o[9] (output port clocked by sys_clk)
Path Group: sys_clk
Path Type: min

Fanout         Cap        Slew       Delay        Time   Description
---------------------------------------------------------------------------------------------
                      0.150000    0.000000    0.000000   clock sys_clk (rise edge)
                                  0.000000    0.000000   clock network delay (ideal)
                      0.150000    0.000000    0.000000 ^ _2028_/CLK (gf180mcu_fd_sc_mcu7t5v0__dffrnq_1)
     2    0.077766    1.336832    2.029333    2.029333 v _2028_/Q (gf180mcu_fd_sc_mcu7t5v0__dffrnq_1)
                                                         cfg_tx_size_o[9] (net)
                      1.336832    0.000000    2.029333 v cfg_tx_size_o[9] (out)
                                              2.029333   data arrival time

                      0.150000    0.000000    0.000000   clock sys_clk (rise edge)
                                  0.000000    0.000000   clock network delay (ideal)
                                  0.250000    0.250000   clock uncertainty
                                  0.000000    0.250000   clock reconvergence pessimism
                                 -4.000000   -3.750000   output external delay
                                             -3.750000   data required time
---------------------------------------------------------------------------------------------
                                             -3.750000   data required time
                                             -2.029333   data arrival time
---------------------------------------------------------------------------------------------
                                              5.779333   slack (MET)


Startpoint: _2007_ (rising edge-triggered flip-flop clocked by sys_clk)
Endpoint: cfg_tx_startaddr_o[0] (output port clocked by sys_clk)
Path Group: sys_clk
Path Type: min

Fanout         Cap        Slew       Delay        Time   Description
---------------------------------------------------------------------------------------------
                      0.150000    0.000000    0.000000   clock sys_clk (rise edge)
                                  0.000000    0.000000   clock network delay (ideal)
                      0.150000    0.000000    0.000000 ^ _2007_/CLK (gf180mcu_fd_sc_mcu7t5v0__dffrnq_1)
     2    0.077766    1.336832    2.029333    2.029333 v _2007_/Q (gf180mcu_fd_sc_mcu7t5v0__dffrnq_1)
                                                         cfg_tx_startaddr_o[0] (net)
                      1.336832    0.000000    2.029333 v cfg_tx_startaddr_o[0] (out)
                                              2.029333   data arrival time

                      0.150000    0.000000    0.000000   clock sys_clk (rise edge)
                                  0.000000    0.000000   clock network delay (ideal)
                                  0.250000    0.250000   clock uncertainty
                                  0.000000    0.250000   clock reconvergence pessimism
                                 -4.000000   -3.750000   output external delay
                                             -3.750000   data required time
---------------------------------------------------------------------------------------------
                                             -3.750000   data required time
                                             -2.029333   data arrival time
---------------------------------------------------------------------------------------------
                                              5.779333   slack (MET)


Startpoint: _2017_ (rising edge-triggered flip-flop clocked by sys_clk)
Endpoint: cfg_tx_startaddr_o[10] (output port clocked by sys_clk)
Path Group: sys_clk
Path Type: min

Fanout         Cap        Slew       Delay        Time   Description
---------------------------------------------------------------------------------------------
                      0.150000    0.000000    0.000000   clock sys_clk (rise edge)
                                  0.000000    0.000000   clock network delay (ideal)
                      0.150000    0.000000    0.000000 ^ _2017_/CLK (gf180mcu_fd_sc_mcu7t5v0__dffrnq_1)
     2    0.077766    1.336832    2.029333    2.029333 v _2017_/Q (gf180mcu_fd_sc_mcu7t5v0__dffrnq_1)
                                                         cfg_tx_startaddr_o[10] (net)
                      1.336832    0.000000    2.029333 v cfg_tx_startaddr_o[10] (out)
                                              2.029333   data arrival time

                      0.150000    0.000000    0.000000   clock sys_clk (rise edge)
                                  0.000000    0.000000   clock network delay (ideal)
                                  0.250000    0.250000   clock uncertainty
                                  0.000000    0.250000   clock reconvergence pessimism
                                 -4.000000   -3.750000   output external delay
                                             -3.750000   data required time
---------------------------------------------------------------------------------------------
                                             -3.750000   data required time
                                             -2.029333   data arrival time
---------------------------------------------------------------------------------------------
                                              5.779333   slack (MET)


Startpoint: _2018_ (rising edge-triggered flip-flop clocked by sys_clk)
Endpoint: cfg_tx_startaddr_o[11] (output port clocked by sys_clk)
Path Group: sys_clk
Path Type: min

Fanout         Cap        Slew       Delay        Time   Description
---------------------------------------------------------------------------------------------
                      0.150000    0.000000    0.000000   clock sys_clk (rise edge)
                                  0.000000    0.000000   clock network delay (ideal)
                      0.150000    0.000000    0.000000 ^ _2018_/CLK (gf180mcu_fd_sc_mcu7t5v0__dffrnq_1)
     2    0.077766    1.336832    2.029333    2.029333 v _2018_/Q (gf180mcu_fd_sc_mcu7t5v0__dffrnq_1)
                                                         cfg_tx_startaddr_o[11] (net)
                      1.336832    0.000000    2.029333 v cfg_tx_startaddr_o[11] (out)
                                              2.029333   data arrival time

                      0.150000    0.000000    0.000000   clock sys_clk (rise edge)
                                  0.000000    0.000000   clock network delay (ideal)
                                  0.250000    0.250000   clock uncertainty
                                  0.000000    0.250000   clock reconvergence pessimism
                                 -4.000000   -3.750000   output external delay
                                             -3.750000   data required time
---------------------------------------------------------------------------------------------
                                             -3.750000   data required time
                                             -2.029333   data arrival time
---------------------------------------------------------------------------------------------
                                              5.779333   slack (MET)


Startpoint: _2008_ (rising edge-triggered flip-flop clocked by sys_clk)
Endpoint: cfg_tx_startaddr_o[1] (output port clocked by sys_clk)
Path Group: sys_clk
Path Type: min

Fanout         Cap        Slew       Delay        Time   Description
---------------------------------------------------------------------------------------------
                      0.150000    0.000000    0.000000   clock sys_clk (rise edge)
                                  0.000000    0.000000   clock network delay (ideal)
                      0.150000    0.000000    0.000000 ^ _2008_/CLK (gf180mcu_fd_sc_mcu7t5v0__dffrnq_1)
     2    0.077766    1.336832    2.029333    2.029333 v _2008_/Q (gf180mcu_fd_sc_mcu7t5v0__dffrnq_1)
                                                         cfg_tx_startaddr_o[1] (net)
                      1.336832    0.000000    2.029333 v cfg_tx_startaddr_o[1] (out)
                                              2.029333   data arrival time

                      0.150000    0.000000    0.000000   clock sys_clk (rise edge)
                                  0.000000    0.000000   clock network delay (ideal)
                                  0.250000    0.250000   clock uncertainty
                                  0.000000    0.250000   clock reconvergence pessimism
                                 -4.000000   -3.750000   output external delay
                                             -3.750000   data required time
---------------------------------------------------------------------------------------------
                                             -3.750000   data required time
                                             -2.029333   data arrival time
---------------------------------------------------------------------------------------------
                                              5.779333   slack (MET)


Startpoint: _2009_ (rising edge-triggered flip-flop clocked by sys_clk)
Endpoint: cfg_tx_startaddr_o[2] (output port clocked by sys_clk)
Path Group: sys_clk
Path Type: min

Fanout         Cap        Slew       Delay        Time   Description
---------------------------------------------------------------------------------------------
                      0.150000    0.000000    0.000000   clock sys_clk (rise edge)
                                  0.000000    0.000000   clock network delay (ideal)
                      0.150000    0.000000    0.000000 ^ _2009_/CLK (gf180mcu_fd_sc_mcu7t5v0__dffrnq_1)
     2    0.077766    1.336832    2.029333    2.029333 v _2009_/Q (gf180mcu_fd_sc_mcu7t5v0__dffrnq_1)
                                                         cfg_tx_startaddr_o[2] (net)
                      1.336832    0.000000    2.029333 v cfg_tx_startaddr_o[2] (out)
                                              2.029333   data arrival time

                      0.150000    0.000000    0.000000   clock sys_clk (rise edge)
                                  0.000000    0.000000   clock network delay (ideal)
                                  0.250000    0.250000   clock uncertainty
                                  0.000000    0.250000   clock reconvergence pessimism
                                 -4.000000   -3.750000   output external delay
                                             -3.750000   data required time
---------------------------------------------------------------------------------------------
                                             -3.750000   data required time
                                             -2.029333   data arrival time
---------------------------------------------------------------------------------------------
                                              5.779333   slack (MET)


Startpoint: _2010_ (rising edge-triggered flip-flop clocked by sys_clk)
Endpoint: cfg_tx_startaddr_o[3] (output port clocked by sys_clk)
Path Group: sys_clk
Path Type: min

Fanout         Cap        Slew       Delay        Time   Description
---------------------------------------------------------------------------------------------
                      0.150000    0.000000    0.000000   clock sys_clk (rise edge)
                                  0.000000    0.000000   clock network delay (ideal)
                      0.150000    0.000000    0.000000 ^ _2010_/CLK (gf180mcu_fd_sc_mcu7t5v0__dffrnq_1)
     2    0.077766    1.336832    2.029333    2.029333 v _2010_/Q (gf180mcu_fd_sc_mcu7t5v0__dffrnq_1)
                                                         cfg_tx_startaddr_o[3] (net)
                      1.336832    0.000000    2.029333 v cfg_tx_startaddr_o[3] (out)
                                              2.029333   data arrival time

                      0.150000    0.000000    0.000000   clock sys_clk (rise edge)
                                  0.000000    0.000000   clock network delay (ideal)
                                  0.250000    0.250000   clock uncertainty
                                  0.000000    0.250000   clock reconvergence pessimism
                                 -4.000000   -3.750000   output external delay
                                             -3.750000   data required time
---------------------------------------------------------------------------------------------
                                             -3.750000   data required time
                                             -2.029333   data arrival time
---------------------------------------------------------------------------------------------
                                              5.779333   slack (MET)


Startpoint: _2011_ (rising edge-triggered flip-flop clocked by sys_clk)
Endpoint: cfg_tx_startaddr_o[4] (output port clocked by sys_clk)
Path Group: sys_clk
Path Type: min

Fanout         Cap        Slew       Delay        Time   Description
---------------------------------------------------------------------------------------------
                      0.150000    0.000000    0.000000   clock sys_clk (rise edge)
                                  0.000000    0.000000   clock network delay (ideal)
                      0.150000    0.000000    0.000000 ^ _2011_/CLK (gf180mcu_fd_sc_mcu7t5v0__dffrnq_1)
     2    0.077766    1.336832    2.029333    2.029333 v _2011_/Q (gf180mcu_fd_sc_mcu7t5v0__dffrnq_1)
                                                         cfg_tx_startaddr_o[4] (net)
                      1.336832    0.000000    2.029333 v cfg_tx_startaddr_o[4] (out)
                                              2.029333   data arrival time

                      0.150000    0.000000    0.000000   clock sys_clk (rise edge)
                                  0.000000    0.000000   clock network delay (ideal)
                                  0.250000    0.250000   clock uncertainty
                                  0.000000    0.250000   clock reconvergence pessimism
                                 -4.000000   -3.750000   output external delay
                                             -3.750000   data required time
---------------------------------------------------------------------------------------------
                                             -3.750000   data required time
                                             -2.029333   data arrival time
---------------------------------------------------------------------------------------------
                                              5.779333   slack (MET)


Startpoint: _2012_ (rising edge-triggered flip-flop clocked by sys_clk)
Endpoint: cfg_tx_startaddr_o[5] (output port clocked by sys_clk)
Path Group: sys_clk
Path Type: min

Fanout         Cap        Slew       Delay        Time   Description
---------------------------------------------------------------------------------------------
                      0.150000    0.000000    0.000000   clock sys_clk (rise edge)
                                  0.000000    0.000000   clock network delay (ideal)
                      0.150000    0.000000    0.000000 ^ _2012_/CLK (gf180mcu_fd_sc_mcu7t5v0__dffrnq_1)
     2    0.077766    1.336832    2.029333    2.029333 v _2012_/Q (gf180mcu_fd_sc_mcu7t5v0__dffrnq_1)
                                                         cfg_tx_startaddr_o[5] (net)
                      1.336832    0.000000    2.029333 v cfg_tx_startaddr_o[5] (out)
                                              2.029333   data arrival time

                      0.150000    0.000000    0.000000   clock sys_clk (rise edge)
                                  0.000000    0.000000   clock network delay (ideal)
                                  0.250000    0.250000   clock uncertainty
                                  0.000000    0.250000   clock reconvergence pessimism
                                 -4.000000   -3.750000   output external delay
                                             -3.750000   data required time
---------------------------------------------------------------------------------------------
                                             -3.750000   data required time
                                             -2.029333   data arrival time
---------------------------------------------------------------------------------------------
                                              5.779333   slack (MET)


Startpoint: _2013_ (rising edge-triggered flip-flop clocked by sys_clk)
Endpoint: cfg_tx_startaddr_o[6] (output port clocked by sys_clk)
Path Group: sys_clk
Path Type: min

Fanout         Cap        Slew       Delay        Time   Description
---------------------------------------------------------------------------------------------
                      0.150000    0.000000    0.000000   clock sys_clk (rise edge)
                                  0.000000    0.000000   clock network delay (ideal)
                      0.150000    0.000000    0.000000 ^ _2013_/CLK (gf180mcu_fd_sc_mcu7t5v0__dffrnq_1)
     2    0.077766    1.336832    2.029333    2.029333 v _2013_/Q (gf180mcu_fd_sc_mcu7t5v0__dffrnq_1)
                                                         cfg_tx_startaddr_o[6] (net)
                      1.336832    0.000000    2.029333 v cfg_tx_startaddr_o[6] (out)
                                              2.029333   data arrival time

                      0.150000    0.000000    0.000000   clock sys_clk (rise edge)
                                  0.000000    0.000000   clock network delay (ideal)
                                  0.250000    0.250000   clock uncertainty
                                  0.000000    0.250000   clock reconvergence pessimism
                                 -4.000000   -3.750000   output external delay
                                             -3.750000   data required time
---------------------------------------------------------------------------------------------
                                             -3.750000   data required time
                                             -2.029333   data arrival time
---------------------------------------------------------------------------------------------
                                              5.779333   slack (MET)


Startpoint: _2014_ (rising edge-triggered flip-flop clocked by sys_clk)
Endpoint: cfg_tx_startaddr_o[7] (output port clocked by sys_clk)
Path Group: sys_clk
Path Type: min

Fanout         Cap        Slew       Delay        Time   Description
---------------------------------------------------------------------------------------------
                      0.150000    0.000000    0.000000   clock sys_clk (rise edge)
                                  0.000000    0.000000   clock network delay (ideal)
                      0.150000    0.000000    0.000000 ^ _2014_/CLK (gf180mcu_fd_sc_mcu7t5v0__dffrnq_1)
     2    0.077766    1.336832    2.029333    2.029333 v _2014_/Q (gf180mcu_fd_sc_mcu7t5v0__dffrnq_1)
                                                         cfg_tx_startaddr_o[7] (net)
                      1.336832    0.000000    2.029333 v cfg_tx_startaddr_o[7] (out)
                                              2.029333   data arrival time

                      0.150000    0.000000    0.000000   clock sys_clk (rise edge)
                                  0.000000    0.000000   clock network delay (ideal)
                                  0.250000    0.250000   clock uncertainty
                                  0.000000    0.250000   clock reconvergence pessimism
                                 -4.000000   -3.750000   output external delay
                                             -3.750000   data required time
---------------------------------------------------------------------------------------------
                                             -3.750000   data required time
                                             -2.029333   data arrival time
---------------------------------------------------------------------------------------------
                                              5.779333   slack (MET)


Startpoint: _2015_ (rising edge-triggered flip-flop clocked by sys_clk)
Endpoint: cfg_tx_startaddr_o[8] (output port clocked by sys_clk)
Path Group: sys_clk
Path Type: min

Fanout         Cap        Slew       Delay        Time   Description
---------------------------------------------------------------------------------------------
                      0.150000    0.000000    0.000000   clock sys_clk (rise edge)
                                  0.000000    0.000000   clock network delay (ideal)
                      0.150000    0.000000    0.000000 ^ _2015_/CLK (gf180mcu_fd_sc_mcu7t5v0__dffrnq_1)
     2    0.077766    1.336832    2.029333    2.029333 v _2015_/Q (gf180mcu_fd_sc_mcu7t5v0__dffrnq_1)
                                                         cfg_tx_startaddr_o[8] (net)
                      1.336832    0.000000    2.029333 v cfg_tx_startaddr_o[8] (out)
                                              2.029333   data arrival time

                      0.150000    0.000000    0.000000   clock sys_clk (rise edge)
                                  0.000000    0.000000   clock network delay (ideal)
                                  0.250000    0.250000   clock uncertainty
                                  0.000000    0.250000   clock reconvergence pessimism
                                 -4.000000   -3.750000   output external delay
                                             -3.750000   data required time
---------------------------------------------------------------------------------------------
                                             -3.750000   data required time
                                             -2.029333   data arrival time
---------------------------------------------------------------------------------------------
                                              5.779333   slack (MET)


Startpoint: _2016_ (rising edge-triggered flip-flop clocked by sys_clk)
Endpoint: cfg_tx_startaddr_o[9] (output port clocked by sys_clk)
Path Group: sys_clk
Path Type: min

Fanout         Cap        Slew       Delay        Time   Description
---------------------------------------------------------------------------------------------
                      0.150000    0.000000    0.000000   clock sys_clk (rise edge)
                                  0.000000    0.000000   clock network delay (ideal)
                      0.150000    0.000000    0.000000 ^ _2016_/CLK (gf180mcu_fd_sc_mcu7t5v0__dffrnq_1)
     2    0.077766    1.336832    2.029333    2.029333 v _2016_/Q (gf180mcu_fd_sc_mcu7t5v0__dffrnq_1)
                                                         cfg_tx_startaddr_o[9] (net)
                      1.336832    0.000000    2.029333 v cfg_tx_startaddr_o[9] (out)
                                              2.029333   data arrival time

                      0.150000    0.000000    0.000000   clock sys_clk (rise edge)
                                  0.000000    0.000000   clock network delay (ideal)
                                  0.250000    0.250000   clock uncertainty
                                  0.000000    0.250000   clock reconvergence pessimism
                                 -4.000000   -3.750000   output external delay
                                             -3.750000   data required time
---------------------------------------------------------------------------------------------
                                             -3.750000   data required time
                                             -2.029333   data arrival time
---------------------------------------------------------------------------------------------
                                              5.779333   slack (MET)


Startpoint: _1978_ (rising edge-triggered flip-flop clocked by sys_clk)
Endpoint: cfg_rx_startaddr_o[0] (output port clocked by sys_clk)
Path Group: sys_clk
Path Type: min

Fanout         Cap        Slew       Delay        Time   Description
---------------------------------------------------------------------------------------------
                      0.150000    0.000000    0.000000   clock sys_clk (rise edge)
                                  0.000000    0.000000   clock network delay (ideal)
                      0.150000    0.000000    0.000000 ^ _1978_/CLK (gf180mcu_fd_sc_mcu7t5v0__dffrnq_1)
     2    0.077772    1.336930    2.029392    2.029392 v _1978_/Q (gf180mcu_fd_sc_mcu7t5v0__dffrnq_1)
                                                         cfg_rx_startaddr_o[0] (net)
                      1.336930    0.000000    2.029392 v cfg_rx_startaddr_o[0] (out)
                                              2.029392   data arrival time

                      0.150000    0.000000    0.000000   clock sys_clk (rise edge)
                                  0.000000    0.000000   clock network delay (ideal)
                                  0.250000    0.250000   clock uncertainty
                                  0.000000    0.250000   clock reconvergence pessimism
                                 -4.000000   -3.750000   output external delay
                                             -3.750000   data required time
---------------------------------------------------------------------------------------------
                                             -3.750000   data required time
                                             -2.029392   data arrival time
---------------------------------------------------------------------------------------------
                                              5.779391   slack (MET)


Startpoint: _1988_ (rising edge-triggered flip-flop clocked by sys_clk)
Endpoint: cfg_rx_startaddr_o[10] (output port clocked by sys_clk)
Path Group: sys_clk
Path Type: min

Fanout         Cap        Slew       Delay        Time   Description
---------------------------------------------------------------------------------------------
                      0.150000    0.000000    0.000000   clock sys_clk (rise edge)
                                  0.000000    0.000000   clock network delay (ideal)
                      0.150000    0.000000    0.000000 ^ _1988_/CLK (gf180mcu_fd_sc_mcu7t5v0__dffrnq_1)
     2    0.077772    1.336930    2.029392    2.029392 v _1988_/Q (gf180mcu_fd_sc_mcu7t5v0__dffrnq_1)
                                                         cfg_rx_startaddr_o[10] (net)
                      1.336930    0.000000    2.029392 v cfg_rx_startaddr_o[10] (out)
                                              2.029392   data arrival time

                      0.150000    0.000000    0.000000   clock sys_clk (rise edge)
                                  0.000000    0.000000   clock network delay (ideal)
                                  0.250000    0.250000   clock uncertainty
                                  0.000000    0.250000   clock reconvergence pessimism
                                 -4.000000   -3.750000   output external delay
                                             -3.750000   data required time
---------------------------------------------------------------------------------------------
                                             -3.750000   data required time
                                             -2.029392   data arrival time
---------------------------------------------------------------------------------------------
                                              5.779391   slack (MET)


Startpoint: _1989_ (rising edge-triggered flip-flop clocked by sys_clk)
Endpoint: cfg_rx_startaddr_o[11] (output port clocked by sys_clk)
Path Group: sys_clk
Path Type: min

Fanout         Cap        Slew       Delay        Time   Description
---------------------------------------------------------------------------------------------
                      0.150000    0.000000    0.000000   clock sys_clk (rise edge)
                                  0.000000    0.000000   clock network delay (ideal)
                      0.150000    0.000000    0.000000 ^ _1989_/CLK (gf180mcu_fd_sc_mcu7t5v0__dffrnq_1)
     2    0.077772    1.336930    2.029392    2.029392 v _1989_/Q (gf180mcu_fd_sc_mcu7t5v0__dffrnq_1)
                                                         cfg_rx_startaddr_o[11] (net)
                      1.336930    0.000000    2.029392 v cfg_rx_startaddr_o[11] (out)
                                              2.029392   data arrival time

                      0.150000    0.000000    0.000000   clock sys_clk (rise edge)
                                  0.000000    0.000000   clock network delay (ideal)
                                  0.250000    0.250000   clock uncertainty
                                  0.000000    0.250000   clock reconvergence pessimism
                                 -4.000000   -3.750000   output external delay
                                             -3.750000   data required time
---------------------------------------------------------------------------------------------
                                             -3.750000   data required time
                                             -2.029392   data arrival time
---------------------------------------------------------------------------------------------
                                              5.779391   slack (MET)


Startpoint: _1979_ (rising edge-triggered flip-flop clocked by sys_clk)
Endpoint: cfg_rx_startaddr_o[1] (output port clocked by sys_clk)
Path Group: sys_clk
Path Type: min

Fanout         Cap        Slew       Delay        Time   Description
---------------------------------------------------------------------------------------------
                      0.150000    0.000000    0.000000   clock sys_clk (rise edge)
                                  0.000000    0.000000   clock network delay (ideal)
                      0.150000    0.000000    0.000000 ^ _1979_/CLK (gf180mcu_fd_sc_mcu7t5v0__dffrnq_1)
     2    0.077772    1.336930    2.029392    2.029392 v _1979_/Q (gf180mcu_fd_sc_mcu7t5v0__dffrnq_1)
                                                         cfg_rx_startaddr_o[1] (net)
                      1.336930    0.000000    2.029392 v cfg_rx_startaddr_o[1] (out)
                                              2.029392   data arrival time

                      0.150000    0.000000    0.000000   clock sys_clk (rise edge)
                                  0.000000    0.000000   clock network delay (ideal)
                                  0.250000    0.250000   clock uncertainty
                                  0.000000    0.250000   clock reconvergence pessimism
                                 -4.000000   -3.750000   output external delay
                                             -3.750000   data required time
---------------------------------------------------------------------------------------------
                                             -3.750000   data required time
                                             -2.029392   data arrival time
---------------------------------------------------------------------------------------------
                                              5.779391   slack (MET)


Startpoint: _1980_ (rising edge-triggered flip-flop clocked by sys_clk)
Endpoint: cfg_rx_startaddr_o[2] (output port clocked by sys_clk)
Path Group: sys_clk
Path Type: min

Fanout         Cap        Slew       Delay        Time   Description
---------------------------------------------------------------------------------------------
                      0.150000    0.000000    0.000000   clock sys_clk (rise edge)
                                  0.000000    0.000000   clock network delay (ideal)
                      0.150000    0.000000    0.000000 ^ _1980_/CLK (gf180mcu_fd_sc_mcu7t5v0__dffrnq_1)
     2    0.077772    1.336930    2.029392    2.029392 v _1980_/Q (gf180mcu_fd_sc_mcu7t5v0__dffrnq_1)
                                                         cfg_rx_startaddr_o[2] (net)
                      1.336930    0.000000    2.029392 v cfg_rx_startaddr_o[2] (out)
                                              2.029392   data arrival time

                      0.150000    0.000000    0.000000   clock sys_clk (rise edge)
                                  0.000000    0.000000   clock network delay (ideal)
                                  0.250000    0.250000   clock uncertainty
                                  0.000000    0.250000   clock reconvergence pessimism
                                 -4.000000   -3.750000   output external delay
                                             -3.750000   data required time
---------------------------------------------------------------------------------------------
                                             -3.750000   data required time
                                             -2.029392   data arrival time
---------------------------------------------------------------------------------------------
                                              5.779391   slack (MET)


Startpoint: _1981_ (rising edge-triggered flip-flop clocked by sys_clk)
Endpoint: cfg_rx_startaddr_o[3] (output port clocked by sys_clk)
Path Group: sys_clk
Path Type: min

Fanout         Cap        Slew       Delay        Time   Description
---------------------------------------------------------------------------------------------
                      0.150000    0.000000    0.000000   clock sys_clk (rise edge)
                                  0.000000    0.000000   clock network delay (ideal)
                      0.150000    0.000000    0.000000 ^ _1981_/CLK (gf180mcu_fd_sc_mcu7t5v0__dffrnq_1)
     2    0.077772    1.336930    2.029392    2.029392 v _1981_/Q (gf180mcu_fd_sc_mcu7t5v0__dffrnq_1)
                                                         cfg_rx_startaddr_o[3] (net)
                      1.336930    0.000000    2.029392 v cfg_rx_startaddr_o[3] (out)
                                              2.029392   data arrival time

                      0.150000    0.000000    0.000000   clock sys_clk (rise edge)
                                  0.000000    0.000000   clock network delay (ideal)
                                  0.250000    0.250000   clock uncertainty
                                  0.000000    0.250000   clock reconvergence pessimism
                                 -4.000000   -3.750000   output external delay
                                             -3.750000   data required time
---------------------------------------------------------------------------------------------
                                             -3.750000   data required time
                                             -2.029392   data arrival time
---------------------------------------------------------------------------------------------
                                              5.779391   slack (MET)


Startpoint: _1982_ (rising edge-triggered flip-flop clocked by sys_clk)
Endpoint: cfg_rx_startaddr_o[4] (output port clocked by sys_clk)
Path Group: sys_clk
Path Type: min

Fanout         Cap        Slew       Delay        Time   Description
---------------------------------------------------------------------------------------------
                      0.150000    0.000000    0.000000   clock sys_clk (rise edge)
                                  0.000000    0.000000   clock network delay (ideal)
                      0.150000    0.000000    0.000000 ^ _1982_/CLK (gf180mcu_fd_sc_mcu7t5v0__dffrnq_1)
     2    0.077772    1.336930    2.029392    2.029392 v _1982_/Q (gf180mcu_fd_sc_mcu7t5v0__dffrnq_1)
                                                         cfg_rx_startaddr_o[4] (net)
                      1.336930    0.000000    2.029392 v cfg_rx_startaddr_o[4] (out)
                                              2.029392   data arrival time

                      0.150000    0.000000    0.000000   clock sys_clk (rise edge)
                                  0.000000    0.000000   clock network delay (ideal)
                                  0.250000    0.250000   clock uncertainty
                                  0.000000    0.250000   clock reconvergence pessimism
                                 -4.000000   -3.750000   output external delay
                                             -3.750000   data required time
---------------------------------------------------------------------------------------------
                                             -3.750000   data required time
                                             -2.029392   data arrival time
---------------------------------------------------------------------------------------------
                                              5.779391   slack (MET)


Startpoint: _1983_ (rising edge-triggered flip-flop clocked by sys_clk)
Endpoint: cfg_rx_startaddr_o[5] (output port clocked by sys_clk)
Path Group: sys_clk
Path Type: min

Fanout         Cap        Slew       Delay        Time   Description
---------------------------------------------------------------------------------------------
                      0.150000    0.000000    0.000000   clock sys_clk (rise edge)
                                  0.000000    0.000000   clock network delay (ideal)
                      0.150000    0.000000    0.000000 ^ _1983_/CLK (gf180mcu_fd_sc_mcu7t5v0__dffrnq_1)
     2    0.077772    1.336930    2.029392    2.029392 v _1983_/Q (gf180mcu_fd_sc_mcu7t5v0__dffrnq_1)
                                                         cfg_rx_startaddr_o[5] (net)
                      1.336930    0.000000    2.029392 v cfg_rx_startaddr_o[5] (out)
                                              2.029392   data arrival time

                      0.150000    0.000000    0.000000   clock sys_clk (rise edge)
                                  0.000000    0.000000   clock network delay (ideal)
                                  0.250000    0.250000   clock uncertainty
                                  0.000000    0.250000   clock reconvergence pessimism
                                 -4.000000   -3.750000   output external delay
                                             -3.750000   data required time
---------------------------------------------------------------------------------------------
                                             -3.750000   data required time
                                             -2.029392   data arrival time
---------------------------------------------------------------------------------------------
                                              5.779391   slack (MET)


Startpoint: _1984_ (rising edge-triggered flip-flop clocked by sys_clk)
Endpoint: cfg_rx_startaddr_o[6] (output port clocked by sys_clk)
Path Group: sys_clk
Path Type: min

Fanout         Cap        Slew       Delay        Time   Description
---------------------------------------------------------------------------------------------
                      0.150000    0.000000    0.000000   clock sys_clk (rise edge)
                                  0.000000    0.000000   clock network delay (ideal)
                      0.150000    0.000000    0.000000 ^ _1984_/CLK (gf180mcu_fd_sc_mcu7t5v0__dffrnq_1)
     2    0.077772    1.336930    2.029392    2.029392 v _1984_/Q (gf180mcu_fd_sc_mcu7t5v0__dffrnq_1)
                                                         cfg_rx_startaddr_o[6] (net)
                      1.336930    0.000000    2.029392 v cfg_rx_startaddr_o[6] (out)
                                              2.029392   data arrival time

                      0.150000    0.000000    0.000000   clock sys_clk (rise edge)
                                  0.000000    0.000000   clock network delay (ideal)
                                  0.250000    0.250000   clock uncertainty
                                  0.000000    0.250000   clock reconvergence pessimism
                                 -4.000000   -3.750000   output external delay
                                             -3.750000   data required time
---------------------------------------------------------------------------------------------
                                             -3.750000   data required time
                                             -2.029392   data arrival time
---------------------------------------------------------------------------------------------
                                              5.779391   slack (MET)


Startpoint: _1985_ (rising edge-triggered flip-flop clocked by sys_clk)
Endpoint: cfg_rx_startaddr_o[7] (output port clocked by sys_clk)
Path Group: sys_clk
Path Type: min

Fanout         Cap        Slew       Delay        Time   Description
---------------------------------------------------------------------------------------------
                      0.150000    0.000000    0.000000   clock sys_clk (rise edge)
                                  0.000000    0.000000   clock network delay (ideal)
                      0.150000    0.000000    0.000000 ^ _1985_/CLK (gf180mcu_fd_sc_mcu7t5v0__dffrnq_1)
     2    0.077772    1.336930    2.029392    2.029392 v _1985_/Q (gf180mcu_fd_sc_mcu7t5v0__dffrnq_1)
                                                         cfg_rx_startaddr_o[7] (net)
                      1.336930    0.000000    2.029392 v cfg_rx_startaddr_o[7] (out)
                                              2.029392   data arrival time

                      0.150000    0.000000    0.000000   clock sys_clk (rise edge)
                                  0.000000    0.000000   clock network delay (ideal)
                                  0.250000    0.250000   clock uncertainty
                                  0.000000    0.250000   clock reconvergence pessimism
                                 -4.000000   -3.750000   output external delay
                                             -3.750000   data required time
---------------------------------------------------------------------------------------------
                                             -3.750000   data required time
                                             -2.029392   data arrival time
---------------------------------------------------------------------------------------------
                                              5.779391   slack (MET)


Startpoint: _1986_ (rising edge-triggered flip-flop clocked by sys_clk)
Endpoint: cfg_rx_startaddr_o[8] (output port clocked by sys_clk)
Path Group: sys_clk
Path Type: min

Fanout         Cap        Slew       Delay        Time   Description
---------------------------------------------------------------------------------------------
                      0.150000    0.000000    0.000000   clock sys_clk (rise edge)
                                  0.000000    0.000000   clock network delay (ideal)
                      0.150000    0.000000    0.000000 ^ _1986_/CLK (gf180mcu_fd_sc_mcu7t5v0__dffrnq_1)
     2    0.077772    1.336930    2.029392    2.029392 v _1986_/Q (gf180mcu_fd_sc_mcu7t5v0__dffrnq_1)
                                                         cfg_rx_startaddr_o[8] (net)
                      1.336930    0.000000    2.029392 v cfg_rx_startaddr_o[8] (out)
                                              2.029392   data arrival time

                      0.150000    0.000000    0.000000   clock sys_clk (rise edge)
                                  0.000000    0.000000   clock network delay (ideal)
                                  0.250000    0.250000   clock uncertainty
                                  0.000000    0.250000   clock reconvergence pessimism
                                 -4.000000   -3.750000   output external delay
                                             -3.750000   data required time
---------------------------------------------------------------------------------------------
                                             -3.750000   data required time
                                             -2.029392   data arrival time
---------------------------------------------------------------------------------------------
                                              5.779391   slack (MET)


Startpoint: _1987_ (rising edge-triggered flip-flop clocked by sys_clk)
Endpoint: cfg_rx_startaddr_o[9] (output port clocked by sys_clk)
Path Group: sys_clk
Path Type: min

Fanout         Cap        Slew       Delay        Time   Description
---------------------------------------------------------------------------------------------
                      0.150000    0.000000    0.000000   clock sys_clk (rise edge)
                                  0.000000    0.000000   clock network delay (ideal)
                      0.150000    0.000000    0.000000 ^ _1987_/CLK (gf180mcu_fd_sc_mcu7t5v0__dffrnq_1)
     2    0.077772    1.336930    2.029392    2.029392 v _1987_/Q (gf180mcu_fd_sc_mcu7t5v0__dffrnq_1)
                                                         cfg_rx_startaddr_o[9] (net)
                      1.336930    0.000000    2.029392 v cfg_rx_startaddr_o[9] (out)
                                              2.029392   data arrival time

                      0.150000    0.000000    0.000000   clock sys_clk (rise edge)
                                  0.000000    0.000000   clock network delay (ideal)
                                  0.250000    0.250000   clock uncertainty
                                  0.000000    0.250000   clock reconvergence pessimism
                                 -4.000000   -3.750000   output external delay
                                             -3.750000   data required time
---------------------------------------------------------------------------------------------
                                             -3.750000   data required time
                                             -2.029392   data arrival time
---------------------------------------------------------------------------------------------
                                              5.779391   slack (MET)


Startpoint: _2006_ (rising edge-triggered flip-flop clocked by sys_clk)
Endpoint: cfg_rx_continuous_o (output port clocked by sys_clk)
Path Group: sys_clk
Path Type: min

Fanout         Cap        Slew       Delay        Time   Description
---------------------------------------------------------------------------------------------
                      0.150000    0.000000    0.000000   clock sys_clk (rise edge)
                                  0.000000    0.000000   clock network delay (ideal)
                      0.150000    0.000000    0.000000 ^ _2006_/CLK (gf180mcu_fd_sc_mcu7t5v0__dffrnq_1)
     3    0.081770    1.401945    2.068228    2.068228 v _2006_/Q (gf180mcu_fd_sc_mcu7t5v0__dffrnq_1)
                                                         cfg_rx_continuous_o (net)
                      1.401945    0.000000    2.068228 v cfg_rx_continuous_o (out)
                                              2.068228   data arrival time

                      0.150000    0.000000    0.000000   clock sys_clk (rise edge)
                                  0.000000    0.000000   clock network delay (ideal)
                                  0.250000    0.250000   clock uncertainty
                                  0.000000    0.250000   clock reconvergence pessimism
                                 -4.000000   -3.750000   output external delay
                                             -3.750000   data required time
---------------------------------------------------------------------------------------------
                                             -3.750000   data required time
                                             -2.068228   data arrival time
---------------------------------------------------------------------------------------------
                                              5.818229   slack (MET)


Startpoint: _2035_ (rising edge-triggered flip-flop clocked by sys_clk)
Endpoint: cfg_tx_continuous_o (output port clocked by sys_clk)
Path Group: sys_clk
Path Type: min

Fanout         Cap        Slew       Delay        Time   Description
---------------------------------------------------------------------------------------------
                      0.150000    0.000000    0.000000   clock sys_clk (rise edge)
                                  0.000000    0.000000   clock network delay (ideal)
                      0.150000    0.000000    0.000000 ^ _2035_/CLK (gf180mcu_fd_sc_mcu7t5v0__dffrnq_1)
     3    0.081929    1.404530    2.069773    2.069773 v _2035_/Q (gf180mcu_fd_sc_mcu7t5v0__dffrnq_1)
                                                         cfg_tx_continuous_o (net)
                      1.404530    0.000000    2.069773 v cfg_tx_continuous_o (out)
                                              2.069773   data arrival time

                      0.150000    0.000000    0.000000   clock sys_clk (rise edge)
                                  0.000000    0.000000   clock network delay (ideal)
                                  0.250000    0.250000   clock uncertainty
                                  0.000000    0.250000   clock reconvergence pessimism
                                 -4.000000   -3.750000   output external delay
                                             -3.750000   data required time
---------------------------------------------------------------------------------------------
                                             -3.750000   data required time
                                             -2.069773   data arrival time
---------------------------------------------------------------------------------------------
                                              5.819773   slack (MET)


Startpoint: _2041_ (rising edge-triggered flip-flop clocked by sys_clk)
Endpoint: err_event_o (output port clocked by sys_clk)
Path Group: sys_clk
Path Type: min

Fanout         Cap        Slew       Delay        Time   Description
---------------------------------------------------------------------------------------------
                      0.150000    0.000000    0.000000   clock sys_clk (rise edge)
                                  0.000000    0.000000   clock network delay (ideal)
                      0.150000    0.000000    0.000000 ^ _2041_/CLK (gf180mcu_fd_sc_mcu7t5v0__dffrnq_1)
     3    0.012384    0.315851    1.371939    1.371939 v _2041_/Q (gf180mcu_fd_sc_mcu7t5v0__dffrnq_1)
                                                         s_uart_err_irq_en (net)
                      0.315851    0.000000    1.371939 v _0963_/A2 (gf180mcu_fd_sc_mcu7t5v0__and2_1)
     1    0.072910    1.263862    1.226489    2.598428 v _0963_/Z (gf180mcu_fd_sc_mcu7t5v0__and2_1)
                                                         err_event_o (net)
                      1.263862    0.000000    2.598428 v err_event_o (out)
                                              2.598428   data arrival time

                      0.150000    0.000000    0.000000   clock sys_clk (rise edge)
                                  0.000000    0.000000   clock network delay (ideal)
                                  0.250000    0.250000   clock uncertainty
                                  0.000000    0.250000   clock reconvergence pessimism
                                 -4.000000   -3.750000   output external delay
                                             -3.750000   data required time
---------------------------------------------------------------------------------------------
                                             -3.750000   data required time
                                             -2.598428   data arrival time
---------------------------------------------------------------------------------------------
                                              6.348428   slack (MET)


Startpoint: _1960_ (rising edge-triggered flip-flop clocked by sys_clk)
Endpoint: cfg_data_o[16] (output port clocked by sys_clk)
Path Group: sys_clk
Path Type: min

Fanout         Cap        Slew       Delay        Time   Description
---------------------------------------------------------------------------------------------
                      0.150000    0.000000    0.000000   clock sys_clk (rise edge)
                                  0.000000    0.000000   clock network delay (ideal)
                      0.150000    0.000000    0.000000 ^ _1960_/CLK (gf180mcu_fd_sc_mcu7t5v0__dffrnq_1)
     3    0.012784    0.321708    1.376501    1.376501 v _1960_/Q (gf180mcu_fd_sc_mcu7t5v0__dffrnq_1)
                                                         s_uart_div[0] (net)
                      0.321708    0.000000    1.376501 v _1180_/A2 (gf180mcu_fd_sc_mcu7t5v0__and4_1)
     1    0.072910    1.280065    1.352537    2.729038 v _1180_/Z (gf180mcu_fd_sc_mcu7t5v0__and4_1)
                                                         cfg_data_o[16] (net)
                      1.280065    0.000000    2.729038 v cfg_data_o[16] (out)
                                              2.729038   data arrival time

                      0.150000    0.000000    0.000000   clock sys_clk (rise edge)
                                  0.000000    0.000000   clock network delay (ideal)
                                  0.250000    0.250000   clock uncertainty
                                  0.000000    0.250000   clock reconvergence pessimism
                                 -4.000000   -3.750000   output external delay
                                             -3.750000   data required time
---------------------------------------------------------------------------------------------
                                             -3.750000   data required time
                                             -2.729038   data arrival time
---------------------------------------------------------------------------------------------
                                              6.479038   slack (MET)


Startpoint: _1961_ (rising edge-triggered flip-flop clocked by sys_clk)
Endpoint: cfg_data_o[17] (output port clocked by sys_clk)
Path Group: sys_clk
Path Type: min

Fanout         Cap        Slew       Delay        Time   Description
---------------------------------------------------------------------------------------------
                      0.150000    0.000000    0.000000   clock sys_clk (rise edge)
                                  0.000000    0.000000   clock network delay (ideal)
                      0.150000    0.000000    0.000000 ^ _1961_/CLK (gf180mcu_fd_sc_mcu7t5v0__dffrnq_1)
     3    0.012784    0.321708    1.376501    1.376501 v _1961_/Q (gf180mcu_fd_sc_mcu7t5v0__dffrnq_1)
                                                         s_uart_div[1] (net)
                      0.321708    0.000000    1.376501 v _1181_/A2 (gf180mcu_fd_sc_mcu7t5v0__and4_1)
     1    0.072910    1.280065    1.352537    2.729038 v _1181_/Z (gf180mcu_fd_sc_mcu7t5v0__and4_1)
                                                         cfg_data_o[17] (net)
                      1.280065    0.000000    2.729038 v cfg_data_o[17] (out)
                                              2.729038   data arrival time

                      0.150000    0.000000    0.000000   clock sys_clk (rise edge)
                                  0.000000    0.000000   clock network delay (ideal)
                                  0.250000    0.250000   clock uncertainty
                                  0.000000    0.250000   clock reconvergence pessimism
                                 -4.000000   -3.750000   output external delay
                                             -3.750000   data required time
---------------------------------------------------------------------------------------------
                                             -3.750000   data required time
                                             -2.729038   data arrival time
---------------------------------------------------------------------------------------------
                                              6.479038   slack (MET)


Startpoint: _1962_ (rising edge-triggered flip-flop clocked by sys_clk)
Endpoint: cfg_data_o[18] (output port clocked by sys_clk)
Path Group: sys_clk
Path Type: min

Fanout         Cap        Slew       Delay        Time   Description
---------------------------------------------------------------------------------------------
                      0.150000    0.000000    0.000000   clock sys_clk (rise edge)
                                  0.000000    0.000000   clock network delay (ideal)
                      0.150000    0.000000    0.000000 ^ _1962_/CLK (gf180mcu_fd_sc_mcu7t5v0__dffrnq_1)
     3    0.012784    0.321708    1.376501    1.376501 v _1962_/Q (gf180mcu_fd_sc_mcu7t5v0__dffrnq_1)
                                                         s_uart_div[2] (net)
                      0.321708    0.000000    1.376501 v _1182_/A2 (gf180mcu_fd_sc_mcu7t5v0__and4_1)
     1    0.072910    1.280065    1.352537    2.729038 v _1182_/Z (gf180mcu_fd_sc_mcu7t5v0__and4_1)
                                                         cfg_data_o[18] (net)
                      1.280065    0.000000    2.729038 v cfg_data_o[18] (out)
                                              2.729038   data arrival time

                      0.150000    0.000000    0.000000   clock sys_clk (rise edge)
                                  0.000000    0.000000   clock network delay (ideal)
                                  0.250000    0.250000   clock uncertainty
                                  0.000000    0.250000   clock reconvergence pessimism
                                 -4.000000   -3.750000   output external delay
                                             -3.750000   data required time
---------------------------------------------------------------------------------------------
                                             -3.750000   data required time
                                             -2.729038   data arrival time
---------------------------------------------------------------------------------------------
                                              6.479038   slack (MET)


Startpoint: _1963_ (rising edge-triggered flip-flop clocked by sys_clk)
Endpoint: cfg_data_o[19] (output port clocked by sys_clk)
Path Group: sys_clk
Path Type: min

Fanout         Cap        Slew       Delay        Time   Description
---------------------------------------------------------------------------------------------
                      0.150000    0.000000    0.000000   clock sys_clk (rise edge)
                                  0.000000    0.000000   clock network delay (ideal)
                      0.150000    0.000000    0.000000 ^ _1963_/CLK (gf180mcu_fd_sc_mcu7t5v0__dffrnq_1)
     3    0.012784    0.321708    1.376501    1.376501 v _1963_/Q (gf180mcu_fd_sc_mcu7t5v0__dffrnq_1)
                                                         s_uart_div[3] (net)
                      0.321708    0.000000    1.376501 v _1183_/A2 (gf180mcu_fd_sc_mcu7t5v0__and4_1)
     1    0.072910    1.280065    1.352537    2.729038 v _1183_/Z (gf180mcu_fd_sc_mcu7t5v0__and4_1)
                                                         cfg_data_o[19] (net)
                      1.280065    0.000000    2.729038 v cfg_data_o[19] (out)
                                              2.729038   data arrival time

                      0.150000    0.000000    0.000000   clock sys_clk (rise edge)
                                  0.000000    0.000000   clock network delay (ideal)
                                  0.250000    0.250000   clock uncertainty
                                  0.000000    0.250000   clock reconvergence pessimism
                                 -4.000000   -3.750000   output external delay
                                             -3.750000   data required time
---------------------------------------------------------------------------------------------
                                             -3.750000   data required time
                                             -2.729038   data arrival time
---------------------------------------------------------------------------------------------
                                              6.479038   slack (MET)


Startpoint: _1964_ (rising edge-triggered flip-flop clocked by sys_clk)
Endpoint: cfg_data_o[20] (output port clocked by sys_clk)
Path Group: sys_clk
Path Type: min

Fanout         Cap        Slew       Delay        Time   Description
---------------------------------------------------------------------------------------------
                      0.150000    0.000000    0.000000   clock sys_clk (rise edge)
                                  0.000000    0.000000   clock network delay (ideal)
                      0.150000    0.000000    0.000000 ^ _1964_/CLK (gf180mcu_fd_sc_mcu7t5v0__dffrnq_1)
     3    0.012784    0.321708    1.376501    1.376501 v _1964_/Q (gf180mcu_fd_sc_mcu7t5v0__dffrnq_1)
                                                         s_uart_div[4] (net)
                      0.321708    0.000000    1.376501 v _1184_/A2 (gf180mcu_fd_sc_mcu7t5v0__and4_1)
     1    0.072910    1.280065    1.352537    2.729038 v _1184_/Z (gf180mcu_fd_sc_mcu7t5v0__and4_1)
                                                         cfg_data_o[20] (net)
                      1.280065    0.000000    2.729038 v cfg_data_o[20] (out)
                                              2.729038   data arrival time

                      0.150000    0.000000    0.000000   clock sys_clk (rise edge)
                                  0.000000    0.000000   clock network delay (ideal)
                                  0.250000    0.250000   clock uncertainty
                                  0.000000    0.250000   clock reconvergence pessimism
                                 -4.000000   -3.750000   output external delay
                                             -3.750000   data required time
---------------------------------------------------------------------------------------------
                                             -3.750000   data required time
                                             -2.729038   data arrival time
---------------------------------------------------------------------------------------------
                                              6.479038   slack (MET)


Startpoint: _1965_ (rising edge-triggered flip-flop clocked by sys_clk)
Endpoint: cfg_data_o[21] (output port clocked by sys_clk)
Path Group: sys_clk
Path Type: min

Fanout         Cap        Slew       Delay        Time   Description
---------------------------------------------------------------------------------------------
                      0.150000    0.000000    0.000000   clock sys_clk (rise edge)
                                  0.000000    0.000000   clock network delay (ideal)
                      0.150000    0.000000    0.000000 ^ _1965_/CLK (gf180mcu_fd_sc_mcu7t5v0__dffrnq_1)
     3    0.012784    0.321708    1.376501    1.376501 v _1965_/Q (gf180mcu_fd_sc_mcu7t5v0__dffrnq_1)
                                                         s_uart_div[5] (net)
                      0.321708    0.000000    1.376501 v _1185_/A2 (gf180mcu_fd_sc_mcu7t5v0__and4_1)
     1    0.072910    1.280065    1.352537    2.729038 v _1185_/Z (gf180mcu_fd_sc_mcu7t5v0__and4_1)
                                                         cfg_data_o[21] (net)
                      1.280065    0.000000    2.729038 v cfg_data_o[21] (out)
                                              2.729038   data arrival time

                      0.150000    0.000000    0.000000   clock sys_clk (rise edge)
                                  0.000000    0.000000   clock network delay (ideal)
                                  0.250000    0.250000   clock uncertainty
                                  0.000000    0.250000   clock reconvergence pessimism
                                 -4.000000   -3.750000   output external delay
                                             -3.750000   data required time
---------------------------------------------------------------------------------------------
                                             -3.750000   data required time
                                             -2.729038   data arrival time
---------------------------------------------------------------------------------------------
                                              6.479038   slack (MET)


Startpoint: _1966_ (rising edge-triggered flip-flop clocked by sys_clk)
Endpoint: cfg_data_o[22] (output port clocked by sys_clk)
Path Group: sys_clk
Path Type: min

Fanout         Cap        Slew       Delay        Time   Description
---------------------------------------------------------------------------------------------
                      0.150000    0.000000    0.000000   clock sys_clk (rise edge)
                                  0.000000    0.000000   clock network delay (ideal)
                      0.150000    0.000000    0.000000 ^ _1966_/CLK (gf180mcu_fd_sc_mcu7t5v0__dffrnq_1)
     3    0.012784    0.321708    1.376501    1.376501 v _1966_/Q (gf180mcu_fd_sc_mcu7t5v0__dffrnq_1)
                                                         s_uart_div[6] (net)
                      0.321708    0.000000    1.376501 v _1186_/A2 (gf180mcu_fd_sc_mcu7t5v0__and4_1)
     1    0.072910    1.280065    1.352537    2.729038 v _1186_/Z (gf180mcu_fd_sc_mcu7t5v0__and4_1)
                                                         cfg_data_o[22] (net)
                      1.280065    0.000000    2.729038 v cfg_data_o[22] (out)
                                              2.729038   data arrival time

                      0.150000    0.000000    0.000000   clock sys_clk (rise edge)
                                  0.000000    0.000000   clock network delay (ideal)
                                  0.250000    0.250000   clock uncertainty
                                  0.000000    0.250000   clock reconvergence pessimism
                                 -4.000000   -3.750000   output external delay
                                             -3.750000   data required time
---------------------------------------------------------------------------------------------
                                             -3.750000   data required time
                                             -2.729038   data arrival time
---------------------------------------------------------------------------------------------
                                              6.479038   slack (MET)


Startpoint: _1967_ (rising edge-triggered flip-flop clocked by sys_clk)
Endpoint: cfg_data_o[23] (output port clocked by sys_clk)
Path Group: sys_clk
Path Type: min

Fanout         Cap        Slew       Delay        Time   Description
---------------------------------------------------------------------------------------------
                      0.150000    0.000000    0.000000   clock sys_clk (rise edge)
                                  0.000000    0.000000   clock network delay (ideal)
                      0.150000    0.000000    0.000000 ^ _1967_/CLK (gf180mcu_fd_sc_mcu7t5v0__dffrnq_1)
     3    0.012784    0.321708    1.376501    1.376501 v _1967_/Q (gf180mcu_fd_sc_mcu7t5v0__dffrnq_1)
                                                         s_uart_div[7] (net)
                      0.321708    0.000000    1.376501 v _1187_/A2 (gf180mcu_fd_sc_mcu7t5v0__and4_1)
     1    0.072910    1.280065    1.352537    2.729038 v _1187_/Z (gf180mcu_fd_sc_mcu7t5v0__and4_1)
                                                         cfg_data_o[23] (net)
                      1.280065    0.000000    2.729038 v cfg_data_o[23] (out)
                                              2.729038   data arrival time

                      0.150000    0.000000    0.000000   clock sys_clk (rise edge)
                                  0.000000    0.000000   clock network delay (ideal)
                                  0.250000    0.250000   clock uncertainty
                                  0.000000    0.250000   clock reconvergence pessimism
                                 -4.000000   -3.750000   output external delay
                                             -3.750000   data required time
---------------------------------------------------------------------------------------------
                                             -3.750000   data required time
                                             -2.729038   data arrival time
---------------------------------------------------------------------------------------------
                                              6.479038   slack (MET)


Startpoint: _1968_ (rising edge-triggered flip-flop clocked by sys_clk)
Endpoint: cfg_data_o[24] (output port clocked by sys_clk)
Path Group: sys_clk
Path Type: min

Fanout         Cap        Slew       Delay        Time   Description
---------------------------------------------------------------------------------------------
                      0.150000    0.000000    0.000000   clock sys_clk (rise edge)
                                  0.000000    0.000000   clock network delay (ideal)
                      0.150000    0.000000    0.000000 ^ _1968_/CLK (gf180mcu_fd_sc_mcu7t5v0__dffrnq_1)
     3    0.012784    0.321708    1.376501    1.376501 v _1968_/Q (gf180mcu_fd_sc_mcu7t5v0__dffrnq_1)
                                                         s_uart_div[8] (net)
                      0.321708    0.000000    1.376501 v _1188_/A2 (gf180mcu_fd_sc_mcu7t5v0__and4_1)
     1    0.072910    1.280065    1.352537    2.729038 v _1188_/Z (gf180mcu_fd_sc_mcu7t5v0__and4_1)
                                                         cfg_data_o[24] (net)
                      1.280065    0.000000    2.729038 v cfg_data_o[24] (out)
                                              2.729038   data arrival time

                      0.150000    0.000000    0.000000   clock sys_clk (rise edge)
                                  0.000000    0.000000   clock network delay (ideal)
                                  0.250000    0.250000   clock uncertainty
                                  0.000000    0.250000   clock reconvergence pessimism
                                 -4.000000   -3.750000   output external delay
                                             -3.750000   data required time
---------------------------------------------------------------------------------------------
                                             -3.750000   data required time
                                             -2.729038   data arrival time
---------------------------------------------------------------------------------------------
                                              6.479038   slack (MET)


Startpoint: _1969_ (rising edge-triggered flip-flop clocked by sys_clk)
Endpoint: cfg_data_o[25] (output port clocked by sys_clk)
Path Group: sys_clk
Path Type: min

Fanout         Cap        Slew       Delay        Time   Description
---------------------------------------------------------------------------------------------
                      0.150000    0.000000    0.000000   clock sys_clk (rise edge)
                                  0.000000    0.000000   clock network delay (ideal)
                      0.150000    0.000000    0.000000 ^ _1969_/CLK (gf180mcu_fd_sc_mcu7t5v0__dffrnq_1)
     3    0.012784    0.321708    1.376501    1.376501 v _1969_/Q (gf180mcu_fd_sc_mcu7t5v0__dffrnq_1)
                                                         s_uart_div[9] (net)
                      0.321708    0.000000    1.376501 v _1189_/A2 (gf180mcu_fd_sc_mcu7t5v0__and4_1)
     1    0.072910    1.280065    1.352537    2.729038 v _1189_/Z (gf180mcu_fd_sc_mcu7t5v0__and4_1)
                                                         cfg_data_o[25] (net)
                      1.280065    0.000000    2.729038 v cfg_data_o[25] (out)
                                              2.729038   data arrival time

                      0.150000    0.000000    0.000000   clock sys_clk (rise edge)
                                  0.000000    0.000000   clock network delay (ideal)
                                  0.250000    0.250000   clock uncertainty
                                  0.000000    0.250000   clock reconvergence pessimism
                                 -4.000000   -3.750000   output external delay
                                             -3.750000   data required time
---------------------------------------------------------------------------------------------
                                             -3.750000   data required time
                                             -2.729038   data arrival time
---------------------------------------------------------------------------------------------
                                              6.479038   slack (MET)


Startpoint: _1970_ (rising edge-triggered flip-flop clocked by sys_clk)
Endpoint: cfg_data_o[26] (output port clocked by sys_clk)
Path Group: sys_clk
Path Type: min

Fanout         Cap        Slew       Delay        Time   Description
---------------------------------------------------------------------------------------------
                      0.150000    0.000000    0.000000   clock sys_clk (rise edge)
                                  0.000000    0.000000   clock network delay (ideal)
                      0.150000    0.000000    0.000000 ^ _1970_/CLK (gf180mcu_fd_sc_mcu7t5v0__dffrnq_1)
     3    0.012784    0.321708    1.376501    1.376501 v _1970_/Q (gf180mcu_fd_sc_mcu7t5v0__dffrnq_1)
                                                         s_uart_div[10] (net)
                      0.321708    0.000000    1.376501 v _1190_/A2 (gf180mcu_fd_sc_mcu7t5v0__and4_1)
     1    0.072910    1.280065    1.352537    2.729038 v _1190_/Z (gf180mcu_fd_sc_mcu7t5v0__and4_1)
                                                         cfg_data_o[26] (net)
                      1.280065    0.000000    2.729038 v cfg_data_o[26] (out)
                                              2.729038   data arrival time

                      0.150000    0.000000    0.000000   clock sys_clk (rise edge)
                                  0.000000    0.000000   clock network delay (ideal)
                                  0.250000    0.250000   clock uncertainty
                                  0.000000    0.250000   clock reconvergence pessimism
                                 -4.000000   -3.750000   output external delay
                                             -3.750000   data required time
---------------------------------------------------------------------------------------------
                                             -3.750000   data required time
                                             -2.729038   data arrival time
---------------------------------------------------------------------------------------------
                                              6.479038   slack (MET)


Startpoint: _1971_ (rising edge-triggered flip-flop clocked by sys_clk)
Endpoint: cfg_data_o[27] (output port clocked by sys_clk)
Path Group: sys_clk
Path Type: min

Fanout         Cap        Slew       Delay        Time   Description
---------------------------------------------------------------------------------------------
                      0.150000    0.000000    0.000000   clock sys_clk (rise edge)
                                  0.000000    0.000000   clock network delay (ideal)
                      0.150000    0.000000    0.000000 ^ _1971_/CLK (gf180mcu_fd_sc_mcu7t5v0__dffrnq_1)
     3    0.012784    0.321708    1.376501    1.376501 v _1971_/Q (gf180mcu_fd_sc_mcu7t5v0__dffrnq_1)
                                                         s_uart_div[11] (net)
                      0.321708    0.000000    1.376501 v _1191_/A2 (gf180mcu_fd_sc_mcu7t5v0__and4_1)
     1    0.072910    1.280065    1.352537    2.729038 v _1191_/Z (gf180mcu_fd_sc_mcu7t5v0__and4_1)
                                                         cfg_data_o[27] (net)
                      1.280065    0.000000    2.729038 v cfg_data_o[27] (out)
                                              2.729038   data arrival time

                      0.150000    0.000000    0.000000   clock sys_clk (rise edge)
                                  0.000000    0.000000   clock network delay (ideal)
                                  0.250000    0.250000   clock uncertainty
                                  0.000000    0.250000   clock reconvergence pessimism
                                 -4.000000   -3.750000   output external delay
                                             -3.750000   data required time
---------------------------------------------------------------------------------------------
                                             -3.750000   data required time
                                             -2.729038   data arrival time
---------------------------------------------------------------------------------------------
                                              6.479038   slack (MET)


Startpoint: _1972_ (rising edge-triggered flip-flop clocked by sys_clk)
Endpoint: cfg_data_o[28] (output port clocked by sys_clk)
Path Group: sys_clk
Path Type: min

Fanout         Cap        Slew       Delay        Time   Description
---------------------------------------------------------------------------------------------
                      0.150000    0.000000    0.000000   clock sys_clk (rise edge)
                                  0.000000    0.000000   clock network delay (ideal)
                      0.150000    0.000000    0.000000 ^ _1972_/CLK (gf180mcu_fd_sc_mcu7t5v0__dffrnq_1)
     3    0.012784    0.321708    1.376501    1.376501 v _1972_/Q (gf180mcu_fd_sc_mcu7t5v0__dffrnq_1)
                                                         s_uart_div[12] (net)
                      0.321708    0.000000    1.376501 v _1192_/A2 (gf180mcu_fd_sc_mcu7t5v0__and4_1)
     1    0.072910    1.280065    1.352537    2.729038 v _1192_/Z (gf180mcu_fd_sc_mcu7t5v0__and4_1)
                                                         cfg_data_o[28] (net)
                      1.280065    0.000000    2.729038 v cfg_data_o[28] (out)
                                              2.729038   data arrival time

                      0.150000    0.000000    0.000000   clock sys_clk (rise edge)
                                  0.000000    0.000000   clock network delay (ideal)
                                  0.250000    0.250000   clock uncertainty
                                  0.000000    0.250000   clock reconvergence pessimism
                                 -4.000000   -3.750000   output external delay
                                             -3.750000   data required time
---------------------------------------------------------------------------------------------
                                             -3.750000   data required time
                                             -2.729038   data arrival time
---------------------------------------------------------------------------------------------
                                              6.479038   slack (MET)


Startpoint: _1973_ (rising edge-triggered flip-flop clocked by sys_clk)
Endpoint: cfg_data_o[29] (output port clocked by sys_clk)
Path Group: sys_clk
Path Type: min

Fanout         Cap        Slew       Delay        Time   Description
---------------------------------------------------------------------------------------------
                      0.150000    0.000000    0.000000   clock sys_clk (rise edge)
                                  0.000000    0.000000   clock network delay (ideal)
                      0.150000    0.000000    0.000000 ^ _1973_/CLK (gf180mcu_fd_sc_mcu7t5v0__dffrnq_1)
     3    0.012784    0.321708    1.376501    1.376501 v _1973_/Q (gf180mcu_fd_sc_mcu7t5v0__dffrnq_1)
                                                         s_uart_div[13] (net)
                      0.321708    0.000000    1.376501 v _1193_/A2 (gf180mcu_fd_sc_mcu7t5v0__and4_1)
     1    0.072910    1.280065    1.352537    2.729038 v _1193_/Z (gf180mcu_fd_sc_mcu7t5v0__and4_1)
                                                         cfg_data_o[29] (net)
                      1.280065    0.000000    2.729038 v cfg_data_o[29] (out)
                                              2.729038   data arrival time

                      0.150000    0.000000    0.000000   clock sys_clk (rise edge)
                                  0.000000    0.000000   clock network delay (ideal)
                                  0.250000    0.250000   clock uncertainty
                                  0.000000    0.250000   clock reconvergence pessimism
                                 -4.000000   -3.750000   output external delay
                                             -3.750000   data required time
---------------------------------------------------------------------------------------------
                                             -3.750000   data required time
                                             -2.729038   data arrival time
---------------------------------------------------------------------------------------------
                                              6.479038   slack (MET)


Startpoint: _1974_ (rising edge-triggered flip-flop clocked by sys_clk)
Endpoint: cfg_data_o[30] (output port clocked by sys_clk)
Path Group: sys_clk
Path Type: min

Fanout         Cap        Slew       Delay        Time   Description
---------------------------------------------------------------------------------------------
                      0.150000    0.000000    0.000000   clock sys_clk (rise edge)
                                  0.000000    0.000000   clock network delay (ideal)
                      0.150000    0.000000    0.000000 ^ _1974_/CLK (gf180mcu_fd_sc_mcu7t5v0__dffrnq_1)
     3    0.012784    0.321708    1.376501    1.376501 v _1974_/Q (gf180mcu_fd_sc_mcu7t5v0__dffrnq_1)
                                                         s_uart_div[14] (net)
                      0.321708    0.000000    1.376501 v _1194_/A2 (gf180mcu_fd_sc_mcu7t5v0__and4_1)
     1    0.072910    1.280065    1.352537    2.729038 v _1194_/Z (gf180mcu_fd_sc_mcu7t5v0__and4_1)
                                                         cfg_data_o[30] (net)
                      1.280065    0.000000    2.729038 v cfg_data_o[30] (out)
                                              2.729038   data arrival time

                      0.150000    0.000000    0.000000   clock sys_clk (rise edge)
                                  0.000000    0.000000   clock network delay (ideal)
                                  0.250000    0.250000   clock uncertainty
                                  0.000000    0.250000   clock reconvergence pessimism
                                 -4.000000   -3.750000   output external delay
                                             -3.750000   data required time
---------------------------------------------------------------------------------------------
                                             -3.750000   data required time
                                             -2.729038   data arrival time
---------------------------------------------------------------------------------------------
                                              6.479038   slack (MET)


Startpoint: _1975_ (rising edge-triggered flip-flop clocked by sys_clk)
Endpoint: cfg_data_o[31] (output port clocked by sys_clk)
Path Group: sys_clk
Path Type: min

Fanout         Cap        Slew       Delay        Time   Description
---------------------------------------------------------------------------------------------
                      0.150000    0.000000    0.000000   clock sys_clk (rise edge)
                                  0.000000    0.000000   clock network delay (ideal)
                      0.150000    0.000000    0.000000 ^ _1975_/CLK (gf180mcu_fd_sc_mcu7t5v0__dffrnq_1)
     3    0.012784    0.321708    1.376501    1.376501 v _1975_/Q (gf180mcu_fd_sc_mcu7t5v0__dffrnq_1)
                                                         s_uart_div[15] (net)
                      0.321708    0.000000    1.376501 v _1195_/A2 (gf180mcu_fd_sc_mcu7t5v0__and4_1)
     1    0.072910    1.280065    1.352537    2.729038 v _1195_/Z (gf180mcu_fd_sc_mcu7t5v0__and4_1)
                                                         cfg_data_o[31] (net)
                      1.280065    0.000000    2.729038 v cfg_data_o[31] (out)
                                              2.729038   data arrival time

                      0.150000    0.000000    0.000000   clock sys_clk (rise edge)
                                  0.000000    0.000000   clock network delay (ideal)
                                  0.250000    0.250000   clock uncertainty
                                  0.000000    0.250000   clock reconvergence pessimism
                                 -4.000000   -3.750000   output external delay
                                             -3.750000   data required time
---------------------------------------------------------------------------------------------
                                             -3.750000   data required time
                                             -2.729038   data arrival time
---------------------------------------------------------------------------------------------
                                              6.479038   slack (MET)


Startpoint: _2191_ (rising edge-triggered flip-flop clocked by sys_clk)
Endpoint: rx_char_event_o (output port clocked by sys_clk)
Path Group: sys_clk
Path Type: min

Fanout         Cap        Slew       Delay        Time   Description
---------------------------------------------------------------------------------------------
                      0.150000    0.000000    0.000000   clock sys_clk (rise edge)
                                  0.000000    0.000000   clock network delay (ideal)
                      0.150000    0.000000    0.000000 ^ _2191_/CLK (gf180mcu_fd_sc_mcu7t5v0__dffrnq_1)
     2    0.007937    0.249881    1.319569    1.319569 v _2191_/Q (gf180mcu_fd_sc_mcu7t5v0__dffrnq_1)
                                                         i_ep_event.i_sync_clkb.i_pulp_sync.r_reg[1] (net)
                      0.249881    0.000000    1.319569 v _0964_/A1 (gf180mcu_fd_sc_mcu7t5v0__nand2_1)
     1    0.004298    0.251631    0.228117    1.547686 ^ _0964_/ZN (gf180mcu_fd_sc_mcu7t5v0__nand2_1)
                                                         _0754_ (net)
                      0.251631    0.000000    1.547686 ^ _0965_/A1 (gf180mcu_fd_sc_mcu7t5v0__nor3_1)
     1    0.072910    2.167939    1.367115    2.914801 v _0965_/ZN (gf180mcu_fd_sc_mcu7t5v0__nor3_1)
                                                         rx_char_event_o (net)
                      2.167939    0.000000    2.914801 v rx_char_event_o (out)
                                              2.914801   data arrival time

                      0.150000    0.000000    0.000000   clock sys_clk (rise edge)
                                  0.000000    0.000000   clock network delay (ideal)
                                  0.250000    0.250000   clock uncertainty
                                  0.000000    0.250000   clock reconvergence pessimism
                                 -4.000000   -3.750000   output external delay
                                             -3.750000   data required time
---------------------------------------------------------------------------------------------
                                             -3.750000   data required time
                                             -2.914801   data arrival time
---------------------------------------------------------------------------------------------
                                              6.664801   slack (MET)


Startpoint: _2049_ (rising edge-triggered flip-flop clocked by sys_clk)
Endpoint: cfg_data_o[6] (output port clocked by sys_clk)
Path Group: sys_clk
Path Type: min

Fanout         Cap        Slew       Delay        Time   Description
---------------------------------------------------------------------------------------------
                      0.150000    0.000000    0.000000   clock sys_clk (rise edge)
                                  0.000000    0.000000   clock network delay (ideal)
                      0.150000    0.000000    0.000000 ^ _2049_/CLK (gf180mcu_fd_sc_mcu7t5v0__dffrnq_1)
     2    0.009949    0.280193    1.344163    1.344163 v _2049_/Q (gf180mcu_fd_sc_mcu7t5v0__dffrnq_1)
                                                         u_reg_if.r_uart_rx_data[6] (net)
                      0.280193    0.000000    1.344163 v _1380_/A1 (gf180mcu_fd_sc_mcu7t5v0__aoi22_1)
     1    0.004923    0.386760    0.305250    1.649413 ^ _1380_/ZN (gf180mcu_fd_sc_mcu7t5v0__aoi22_1)
                                                         _0473_ (net)
                      0.386760    0.000000    1.649413 ^ _1382_/A1 (gf180mcu_fd_sc_mcu7t5v0__nand2_1)
     1    0.072910    2.030447    1.274882    2.924295 v _1382_/ZN (gf180mcu_fd_sc_mcu7t5v0__nand2_1)
                                                         cfg_data_o[6] (net)
                      2.030447    0.000000    2.924295 v cfg_data_o[6] (out)
                                              2.924295   data arrival time

                      0.150000    0.000000    0.000000   clock sys_clk (rise edge)
                                  0.000000    0.000000   clock network delay (ideal)
                                  0.250000    0.250000   clock uncertainty
                                  0.000000    0.250000   clock reconvergence pessimism
                                 -4.000000   -3.750000   output external delay
                                             -3.750000   data required time
---------------------------------------------------------------------------------------------
                                             -3.750000   data required time
                                             -2.924295   data arrival time
---------------------------------------------------------------------------------------------
                                              6.674295   slack (MET)


Startpoint: _2050_ (rising edge-triggered flip-flop clocked by sys_clk)
Endpoint: cfg_data_o[7] (output port clocked by sys_clk)
Path Group: sys_clk
Path Type: min

Fanout         Cap        Slew       Delay        Time   Description
---------------------------------------------------------------------------------------------
                      0.150000    0.000000    0.000000   clock sys_clk (rise edge)
                                  0.000000    0.000000   clock network delay (ideal)
                      0.150000    0.000000    0.000000 ^ _2050_/CLK (gf180mcu_fd_sc_mcu7t5v0__dffrnq_1)
     2    0.009949    0.280193    1.344163    1.344163 v _2050_/Q (gf180mcu_fd_sc_mcu7t5v0__dffrnq_1)
                                                         u_reg_if.r_uart_rx_data[7] (net)
                      0.280193    0.000000    1.344163 v _1383_/A1 (gf180mcu_fd_sc_mcu7t5v0__aoi22_1)
     1    0.004923    0.386760    0.305250    1.649413 ^ _1383_/ZN (gf180mcu_fd_sc_mcu7t5v0__aoi22_1)
                                                         _0475_ (net)
                      0.386760    0.000000    1.649413 ^ _1385_/A1 (gf180mcu_fd_sc_mcu7t5v0__nand2_1)
     1    0.072910    2.030447    1.274882    2.924295 v _1385_/ZN (gf180mcu_fd_sc_mcu7t5v0__nand2_1)
                                                         cfg_data_o[7] (net)
                      2.030447    0.000000    2.924295 v cfg_data_o[7] (out)
                                              2.924295   data arrival time

                      0.150000    0.000000    0.000000   clock sys_clk (rise edge)
                                  0.000000    0.000000   clock network delay (ideal)
                                  0.250000    0.250000   clock uncertainty
                                  0.000000    0.250000   clock reconvergence pessimism
                                 -4.000000   -3.750000   output external delay
                                             -3.750000   data required time
---------------------------------------------------------------------------------------------
                                             -3.750000   data required time
                                             -2.924295   data arrival time
---------------------------------------------------------------------------------------------
                                              6.674295   slack (MET)


Startpoint: _2036_ (rising edge-triggered flip-flop clocked by sys_clk)
Endpoint: cfg_data_o[8] (output port clocked by sys_clk)
Path Group: sys_clk
Path Type: min

Fanout         Cap        Slew       Delay        Time   Description
---------------------------------------------------------------------------------------------
                      0.150000    0.000000    0.000000   clock sys_clk (rise edge)
                                  0.000000    0.000000   clock network delay (ideal)
                      0.150000    0.000000    0.000000 ^ _2036_/CLK (gf180mcu_fd_sc_mcu7t5v0__dffrnq_1)
     3    0.012963    0.324330    1.378543    1.378543 v _2036_/Q (gf180mcu_fd_sc_mcu7t5v0__dffrnq_1)
                                                         s_uart_en_tx (net)
                      0.324330    0.000000    1.378543 v _1386_/A1 (gf180mcu_fd_sc_mcu7t5v0__aoi22_1)
     1    0.004923    0.391938    0.318500    1.697043 ^ _1386_/ZN (gf180mcu_fd_sc_mcu7t5v0__aoi22_1)
                                                         _0477_ (net)
                      0.391938    0.000000    1.697043 ^ _1388_/A1 (gf180mcu_fd_sc_mcu7t5v0__nand2_1)
     1    0.072910    2.030447    1.275877    2.972921 v _1388_/ZN (gf180mcu_fd_sc_mcu7t5v0__nand2_1)
                                                         cfg_data_o[8] (net)
                      2.030447    0.000000    2.972921 v cfg_data_o[8] (out)
                                              2.972921   data arrival time

                      0.150000    0.000000    0.000000   clock sys_clk (rise edge)
                                  0.000000    0.000000   clock network delay (ideal)
                                  0.250000    0.250000   clock uncertainty
                                  0.000000    0.250000   clock reconvergence pessimism
                                 -4.000000   -3.750000   output external delay
                                             -3.750000   data required time
---------------------------------------------------------------------------------------------
                                             -3.750000   data required time
                                             -2.972921   data arrival time
---------------------------------------------------------------------------------------------
                                              6.722920   slack (MET)


Startpoint: _2037_ (rising edge-triggered flip-flop clocked by sys_clk)
Endpoint: cfg_data_o[9] (output port clocked by sys_clk)
Path Group: sys_clk
Path Type: min

Fanout         Cap        Slew       Delay        Time   Description
---------------------------------------------------------------------------------------------
                      0.150000    0.000000    0.000000   clock sys_clk (rise edge)
                                  0.000000    0.000000   clock network delay (ideal)
                      0.150000    0.000000    0.000000 ^ _2037_/CLK (gf180mcu_fd_sc_mcu7t5v0__dffrnq_1)
     3    0.012963    0.324330    1.378543    1.378543 v _2037_/Q (gf180mcu_fd_sc_mcu7t5v0__dffrnq_1)
                                                         s_uart_en_rx (net)
                      0.324330    0.000000    1.378543 v _1389_/A1 (gf180mcu_fd_sc_mcu7t5v0__aoi22_1)
     1    0.004923    0.391938    0.318500    1.697043 ^ _1389_/ZN (gf180mcu_fd_sc_mcu7t5v0__aoi22_1)
                                                         _0479_ (net)
                      0.391938    0.000000    1.697043 ^ _1391_/A1 (gf180mcu_fd_sc_mcu7t5v0__nand2_1)
     1    0.072910    2.030447    1.275877    2.972921 v _1391_/ZN (gf180mcu_fd_sc_mcu7t5v0__nand2_1)
                                                         cfg_data_o[9] (net)
                      2.030447    0.000000    2.972921 v cfg_data_o[9] (out)
                                              2.972921   data arrival time

                      0.150000    0.000000    0.000000   clock sys_clk (rise edge)
                                  0.000000    0.000000   clock network delay (ideal)
                                  0.250000    0.250000   clock uncertainty
                                  0.000000    0.250000   clock reconvergence pessimism
                                 -4.000000   -3.750000   output external delay
                                             -3.750000   data required time
---------------------------------------------------------------------------------------------
                                             -3.750000   data required time
                                             -2.972921   data arrival time
---------------------------------------------------------------------------------------------
                                              6.722920   slack (MET)


Startpoint: _2071_ (rising edge-triggered flip-flop clocked by periph_clk)
Endpoint: uart_tx_o (output port clocked by periph_clk)
Path Group: periph_clk
Path Type: min

Fanout         Cap        Slew       Delay        Time   Description
---------------------------------------------------------------------------------------------
                      0.150000    0.000000    0.000000   clock periph_clk (rise edge)
                                  0.000000    0.000000   clock network delay (ideal)
                      0.150000    0.000000    0.000000 ^ _2071_/CLK (gf180mcu_fd_sc_mcu7t5v0__dffsnq_1)
     3    0.013633    0.360401    1.540850    1.540850 v _2071_/Q (gf180mcu_fd_sc_mcu7t5v0__dffsnq_1)
                                                         u_uart_tx.reg_data[0] (net)
                      0.360401    0.000000    1.540850 v _1315_/A1 (gf180mcu_fd_sc_mcu7t5v0__aoi221_1)
     1    0.004900    0.734876    0.482598    2.023448 ^ _1315_/ZN (gf180mcu_fd_sc_mcu7t5v0__aoi221_1)
                                                         _0415_ (net)
                      0.734876    0.000000    2.023448 ^ _1316_/B (gf180mcu_fd_sc_mcu7t5v0__oai21_1)
     1    0.072910    1.582389    1.111615    3.135063 v _1316_/ZN (gf180mcu_fd_sc_mcu7t5v0__oai21_1)
                                                         uart_tx_o (net)
                      1.582389    0.000000    3.135063 v uart_tx_o (out)
                                              3.135063   data arrival time

                      0.150000    0.000000    0.000000   clock periph_clk (rise edge)
                                  0.000000    0.000000   clock network delay (ideal)
                                  0.250000    0.250000   clock uncertainty
                                  0.000000    0.250000   clock reconvergence pessimism
                                 -4.000000   -3.750000   output external delay
                                             -3.750000   data required time
---------------------------------------------------------------------------------------------
                                             -3.750000   data required time
                                             -3.135063   data arrival time
---------------------------------------------------------------------------------------------
                                              6.885063   slack (MET)


Startpoint: _1957_ (rising edge-triggered flip-flop clocked by sys_clk)
Endpoint: data_tx_ready_o (output port clocked by sys_clk)
Path Group: sys_clk
Path Type: min

Fanout         Cap        Slew       Delay        Time   Description
---------------------------------------------------------------------------------------------
                      0.150000    0.000000    0.000000   clock sys_clk (rise edge)
                                  0.000000    0.000000   clock network delay (ideal)
                      0.150000    0.000000    0.000000 ^ _1957_/CLK (gf180mcu_fd_sc_mcu7t5v0__dffrnq_1)
     7    0.033423    0.629168    1.594998    1.594998 v _1957_/Q (gf180mcu_fd_sc_mcu7t5v0__dffrnq_1)
                                                         u_fifo.i_fifo.elements[1] (net)
                      0.629168    0.000000    1.594998 v _0993_/A2 (gf180mcu_fd_sc_mcu7t5v0__nand2_1)
     3    0.082328    2.612205    1.691228    3.286226 ^ _0993_/ZN (gf180mcu_fd_sc_mcu7t5v0__nand2_1)
                                                         data_tx_ready_o (net)
                      2.612205    0.000000    3.286226 ^ data_tx_ready_o (out)
                                              3.286226   data arrival time

                      0.150000    0.000000    0.000000   clock sys_clk (rise edge)
                                  0.000000    0.000000   clock network delay (ideal)
                                  0.250000    0.250000   clock uncertainty
                                  0.000000    0.250000   clock reconvergence pessimism
                                 -4.000000   -3.750000   output external delay
                                             -3.750000   data required time
---------------------------------------------------------------------------------------------
                                             -3.750000   data required time
                                             -3.286226   data arrival time
---------------------------------------------------------------------------------------------
                                              7.036226   slack (MET)


Startpoint: _2116_ (rising edge-triggered flip-flop clocked by sys_clk)
Endpoint: cfg_data_o[5] (output port clocked by sys_clk)
Path Group: sys_clk
Path Type: min

Fanout         Cap        Slew       Delay        Time   Description
---------------------------------------------------------------------------------------------
                      0.150000    0.000000    0.000000   clock sys_clk (rise edge)
                                  0.000000    0.000000   clock network delay (ideal)
                      0.150000    0.000000    0.000000 ^ _2116_/CLK (gf180mcu_fd_sc_mcu7t5v0__dffrnq_1)
     2    0.009422    0.272476    1.338152    1.338152 v _2116_/Q (gf180mcu_fd_sc_mcu7t5v0__dffrnq_1)
                                                         s_uart_rx_clean_fifo (net)
                      0.272476    0.000000    1.338152 v _1374_/A1 (gf180mcu_fd_sc_mcu7t5v0__aoi22_1)
     1    0.004495    0.368600    0.293026    1.631178 ^ _1374_/ZN (gf180mcu_fd_sc_mcu7t5v0__aoi22_1)
                                                         _0468_ (net)
                      0.368600    0.000000    1.631178 ^ _1379_/A1 (gf180mcu_fd_sc_mcu7t5v0__nand3_1)
     1    0.072910    2.867560    1.721541    3.352719 v _1379_/ZN (gf180mcu_fd_sc_mcu7t5v0__nand3_1)
                                                         cfg_data_o[5] (net)
                      2.867560    0.000000    3.352719 v cfg_data_o[5] (out)
                                              3.352719   data arrival time

                      0.150000    0.000000    0.000000   clock sys_clk (rise edge)
                                  0.000000    0.000000   clock network delay (ideal)
                                  0.250000    0.250000   clock uncertainty
                                  0.000000    0.250000   clock reconvergence pessimism
                                 -4.000000   -3.750000   output external delay
                                             -3.750000   data required time
---------------------------------------------------------------------------------------------
                                             -3.750000   data required time
                                             -3.352719   data arrival time
---------------------------------------------------------------------------------------------
                                              7.102719   slack (MET)


Startpoint: _2045_ (rising edge-triggered flip-flop clocked by sys_clk)
Endpoint: cfg_data_o[2] (output port clocked by sys_clk)
Path Group: sys_clk
Path Type: min

Fanout         Cap        Slew       Delay        Time   Description
---------------------------------------------------------------------------------------------
                      0.150000    0.000000    0.000000   clock sys_clk (rise edge)
                                  0.000000    0.000000   clock network delay (ideal)
                      0.150000    0.000000    0.000000 ^ _2045_/CLK (gf180mcu_fd_sc_mcu7t5v0__dffrnq_1)
     2    0.009949    0.280193    1.344163    1.344163 v _2045_/Q (gf180mcu_fd_sc_mcu7t5v0__dffrnq_1)
                                                         u_reg_if.r_uart_rx_data[2] (net)
                      0.280193    0.000000    1.344163 v _1357_/A1 (gf180mcu_fd_sc_mcu7t5v0__aoi22_1)
     1    0.004495    0.369573    0.295323    1.639486 ^ _1357_/ZN (gf180mcu_fd_sc_mcu7t5v0__aoi22_1)
                                                         _0454_ (net)
                      0.369573    0.000000    1.639486 ^ _1360_/A1 (gf180mcu_fd_sc_mcu7t5v0__nand3_1)
     1    0.072910    2.867584    1.721704    3.361190 v _1360_/ZN (gf180mcu_fd_sc_mcu7t5v0__nand3_1)
                                                         cfg_data_o[2] (net)
                      2.867584    0.000000    3.361190 v cfg_data_o[2] (out)
                                              3.361190   data arrival time

                      0.150000    0.000000    0.000000   clock sys_clk (rise edge)
                                  0.000000    0.000000   clock network delay (ideal)
                                  0.250000    0.250000   clock uncertainty
                                  0.000000    0.250000   clock reconvergence pessimism
                                 -4.000000   -3.750000   output external delay
                                             -3.750000   data required time
---------------------------------------------------------------------------------------------
                                             -3.750000   data required time
                                             -3.361190   data arrival time
---------------------------------------------------------------------------------------------
                                              7.111190   slack (MET)


Startpoint: _1937_ (rising edge-triggered flip-flop clocked by sys_clk)
Endpoint: data_tx_req_o (output port clocked by sys_clk)
Path Group: sys_clk
Path Type: min

Fanout         Cap        Slew       Delay        Time   Description
---------------------------------------------------------------------------------------------
                      0.150000    0.000000    0.000000   clock sys_clk (rise edge)
                                  0.000000    0.000000   clock network delay (ideal)
                      0.150000    0.000000    0.000000 ^ _1937_/CLK (gf180mcu_fd_sc_mcu7t5v0__dffrnq_1)
     4    0.021542    0.450586    1.474369    1.474369 v _1937_/Q (gf180mcu_fd_sc_mcu7t5v0__dffrnq_1)
                                                         u_fifo.r_inflight[1] (net)
                      0.450586    0.000000    1.474369 v _0995_/A2 (gf180mcu_fd_sc_mcu7t5v0__nand3_1)
     1    0.004548    0.387032    0.382561    1.856930 ^ _0995_/ZN (gf180mcu_fd_sc_mcu7t5v0__nand3_1)
                                                         _0776_ (net)
                      0.387032    0.000000    1.856930 ^ _0996_/C (gf180mcu_fd_sc_mcu7t5v0__oai221_1)
     4    0.087305    2.386942    1.507257    3.364187 v _0996_/ZN (gf180mcu_fd_sc_mcu7t5v0__oai221_1)
                                                         data_tx_req_o (net)
                      2.386942    0.000000    3.364187 v data_tx_req_o (out)
                                              3.364187   data arrival time

                      0.150000    0.000000    0.000000   clock sys_clk (rise edge)
                                  0.000000    0.000000   clock network delay (ideal)
                                  0.250000    0.250000   clock uncertainty
                                  0.000000    0.250000   clock reconvergence pessimism
                                 -4.000000   -3.750000   output external delay
                                             -3.750000   data required time
---------------------------------------------------------------------------------------------
                                             -3.750000   data required time
                                             -3.364187   data arrival time
---------------------------------------------------------------------------------------------
                                              7.114187   slack (MET)


Startpoint: _2047_ (rising edge-triggered flip-flop clocked by sys_clk)
Endpoint: cfg_data_o[4] (output port clocked by sys_clk)
Path Group: sys_clk
Path Type: min

Fanout         Cap        Slew       Delay        Time   Description
---------------------------------------------------------------------------------------------
                      0.150000    0.000000    0.000000   clock sys_clk (rise edge)
                                  0.000000    0.000000   clock network delay (ideal)
                      0.150000    0.000000    0.000000 ^ _2047_/CLK (gf180mcu_fd_sc_mcu7t5v0__dffrnq_1)
     2    0.009949    0.280193    1.344163    1.344163 v _2047_/Q (gf180mcu_fd_sc_mcu7t5v0__dffrnq_1)
                                                         u_reg_if.r_uart_rx_data[4] (net)
                      0.280193    0.000000    1.344163 v _1370_/A1 (gf180mcu_fd_sc_mcu7t5v0__aoi22_1)
     1    0.004240    0.359333    0.289408    1.633571 ^ _1370_/ZN (gf180mcu_fd_sc_mcu7t5v0__aoi22_1)
                                                         _0465_ (net)
                      0.359333    0.000000    1.633571 ^ _1372_/A2 (gf180mcu_fd_sc_mcu7t5v0__nand3_1)
     1    0.072910    2.867584    1.738537    3.372108 v _1372_/ZN (gf180mcu_fd_sc_mcu7t5v0__nand3_1)
                                                         cfg_data_o[4] (net)
                      2.867584    0.000000    3.372108 v cfg_data_o[4] (out)
                                              3.372108   data arrival time

                      0.150000    0.000000    0.000000   clock sys_clk (rise edge)
                                  0.000000    0.000000   clock network delay (ideal)
                                  0.250000    0.250000   clock uncertainty
                                  0.000000    0.250000   clock reconvergence pessimism
                                 -4.000000   -3.750000   output external delay
                                             -3.750000   data required time
---------------------------------------------------------------------------------------------
                                             -3.750000   data required time
                                             -3.372108   data arrival time
---------------------------------------------------------------------------------------------
                                              7.122108   slack (MET)


Startpoint: _2041_ (rising edge-triggered flip-flop clocked by sys_clk)
Endpoint: cfg_data_o[1] (output port clocked by sys_clk)
Path Group: sys_clk
Path Type: min

Fanout         Cap        Slew       Delay        Time   Description
---------------------------------------------------------------------------------------------
                      0.150000    0.000000    0.000000   clock sys_clk (rise edge)
                                  0.000000    0.000000   clock network delay (ideal)
                      0.150000    0.000000    0.000000 ^ _2041_/CLK (gf180mcu_fd_sc_mcu7t5v0__dffrnq_1)
     3    0.012384    0.315851    1.371939    1.371939 v _2041_/Q (gf180mcu_fd_sc_mcu7t5v0__dffrnq_1)
                                                         s_uart_err_irq_en (net)
                      0.315851    0.000000    1.371939 v _1350_/C1 (gf180mcu_fd_sc_mcu7t5v0__aoi222_1)
     1    0.004923    0.657917    0.695249    2.067187 ^ _1350_/ZN (gf180mcu_fd_sc_mcu7t5v0__aoi222_1)
                                                         _0448_ (net)
                      0.657917    0.000000    2.067187 ^ _1356_/A1 (gf180mcu_fd_sc_mcu7t5v0__nand2_1)
     1    0.072910    2.030927    1.327977    3.395164 v _1356_/ZN (gf180mcu_fd_sc_mcu7t5v0__nand2_1)
                                                         cfg_data_o[1] (net)
                      2.030927    0.000000    3.395164 v cfg_data_o[1] (out)
                                              3.395164   data arrival time

                      0.150000    0.000000    0.000000   clock sys_clk (rise edge)
                                  0.000000    0.000000   clock network delay (ideal)
                                  0.250000    0.250000   clock uncertainty
                                  0.000000    0.250000   clock reconvergence pessimism
                                 -4.000000   -3.750000   output external delay
                                             -3.750000   data required time
---------------------------------------------------------------------------------------------
                                             -3.750000   data required time
                                             -3.395164   data arrival time
---------------------------------------------------------------------------------------------
                                              7.145164   slack (MET)


Startpoint: _1959_ (rising edge-triggered flip-flop clocked by sys_clk)
Endpoint: cfg_data_o[0] (output port clocked by sys_clk)
Path Group: sys_clk
Path Type: min

Fanout         Cap        Slew       Delay        Time   Description
---------------------------------------------------------------------------------------------
                      0.150000    0.000000    0.000000   clock sys_clk (rise edge)
                                  0.000000    0.000000   clock network delay (ideal)
                      0.150000    0.000000    0.000000 ^ _1959_/CLK (gf180mcu_fd_sc_mcu7t5v0__dffrnq_1)
     3    0.014805    0.351304    1.399555    1.399555 v _1959_/Q (gf180mcu_fd_sc_mcu7t5v0__dffrnq_1)
                                                         s_uart_parity_en (net)
                      0.351304    0.000000    1.399555 v _1348_/A1 (gf180mcu_fd_sc_mcu7t5v0__aoi22_1)
     1    0.004359    0.373279    0.313272    1.712827 ^ _1348_/ZN (gf180mcu_fd_sc_mcu7t5v0__aoi22_1)
                                                         _0447_ (net)
                      0.373279    0.000000    1.712827 ^ _1349_/A3 (gf180mcu_fd_sc_mcu7t5v0__nand3_1)
     1    0.072910    2.867227    1.744067    3.456893 v _1349_/ZN (gf180mcu_fd_sc_mcu7t5v0__nand3_1)
                                                         cfg_data_o[0] (net)
                      2.867227    0.000000    3.456893 v cfg_data_o[0] (out)
                                              3.456893   data arrival time

                      0.150000    0.000000    0.000000   clock sys_clk (rise edge)
                                  0.000000    0.000000   clock network delay (ideal)
                                  0.250000    0.250000   clock uncertainty
                                  0.000000    0.250000   clock reconvergence pessimism
                                 -4.000000   -3.750000   output external delay
                                             -3.750000   data required time
---------------------------------------------------------------------------------------------
                                             -3.750000   data required time
                                             -3.456893   data arrival time
---------------------------------------------------------------------------------------------
                                              7.206893   slack (MET)


Startpoint: _1958_ (rising edge-triggered flip-flop clocked by sys_clk)
Endpoint: cfg_data_o[3] (output port clocked by sys_clk)
Path Group: sys_clk
Path Type: min

Fanout         Cap        Slew       Delay        Time   Description
---------------------------------------------------------------------------------------------
                      0.150000    0.000000    0.000000   clock sys_clk (rise edge)
                                  0.000000    0.000000   clock network delay (ideal)
                      0.150000    0.000000    0.000000 ^ _1958_/CLK (gf180mcu_fd_sc_mcu7t5v0__dffrnq_1)
     3    0.014805    0.351304    1.399555    1.399555 v _1958_/Q (gf180mcu_fd_sc_mcu7t5v0__dffrnq_1)
                                                         s_uart_stop_bits (net)
                      0.351304    0.000000    1.399555 v _1361_/A1 (gf180mcu_fd_sc_mcu7t5v0__aoi22_1)
     1    0.002805    0.313147    0.276556    1.676111 ^ _1361_/ZN (gf180mcu_fd_sc_mcu7t5v0__aoi22_1)
                                                         _0457_ (net)
                      0.313147    0.000000    1.676111 ^ _1363_/A1 (gf180mcu_fd_sc_mcu7t5v0__and2_1)
     1    0.004923    0.283475    0.547276    2.223387 ^ _1363_/Z (gf180mcu_fd_sc_mcu7t5v0__and2_1)
                                                         _0459_ (net)
                      0.283475    0.000000    2.223387 ^ _1365_/A1 (gf180mcu_fd_sc_mcu7t5v0__nand2_1)
     1    0.072910    2.030447    1.255024    3.478410 v _1365_/ZN (gf180mcu_fd_sc_mcu7t5v0__nand2_1)
                                                         cfg_data_o[3] (net)
                      2.030447    0.000000    3.478410 v cfg_data_o[3] (out)
                                              3.478410   data arrival time

                      0.150000    0.000000    0.000000   clock sys_clk (rise edge)
                                  0.000000    0.000000   clock network delay (ideal)
                                  0.250000    0.250000   clock uncertainty
                                  0.000000    0.250000   clock reconvergence pessimism
                                 -4.000000   -3.750000   output external delay
                                             -3.750000   data required time
---------------------------------------------------------------------------------------------
                                             -3.750000   data required time
                                             -3.478410   data arrival time
---------------------------------------------------------------------------------------------
                                              7.228411   slack (MET)


Startpoint: _2147_ (rising edge-triggered flip-flop clocked by sys_clk)
Endpoint: data_rx_valid_o (output port clocked by sys_clk)
Path Group: sys_clk
Path Type: min

Fanout         Cap        Slew       Delay        Time   Description
---------------------------------------------------------------------------------------------
                      0.150000    0.000000    0.000000   clock sys_clk (rise edge)
                                  0.000000    0.000000   clock network delay (ideal)
                      0.150000    0.000000    0.000000 ^ _2147_/CLK (gf180mcu_fd_sc_mcu7t5v0__dffrnq_1)
     2    0.008387    0.257037    1.325799    1.325799 v _2147_/Q (gf180mcu_fd_sc_mcu7t5v0__dffrnq_1)
                                                         u_dc_fifo_rx.u_dout.empty_synch.d_out[1] (net)
                      0.257037    0.000000    1.325799 v _0988_/A2 (gf180mcu_fd_sc_mcu7t5v0__nand4_1)
     1    0.003998    0.377874    0.361168    1.686967 ^ _0988_/ZN (gf180mcu_fd_sc_mcu7t5v0__nand4_1)
                                                         _0771_ (net)
                      0.377874    0.000000    1.686967 ^ _0991_/A3 (gf180mcu_fd_sc_mcu7t5v0__nand4_1)
     4    0.018108    1.127770    0.759576    2.446543 v _0991_/ZN (gf180mcu_fd_sc_mcu7t5v0__nand4_1)
                                                         _0774_ (net)
                      1.127770    0.000000    2.446543 v _0992_/I (gf180mcu_fd_sc_mcu7t5v0__clkinv_1)
     1    0.072910    2.125193    1.529789    3.976332 ^ _0992_/ZN (gf180mcu_fd_sc_mcu7t5v0__clkinv_1)
                                                         data_rx_valid_o (net)
                      2.125193    0.000000    3.976332 ^ data_rx_valid_o (out)
                                              3.976332   data arrival time

                      0.150000    0.000000    0.000000   clock sys_clk (rise edge)
                                  0.000000    0.000000   clock network delay (ideal)
                                  0.250000    0.250000   clock uncertainty
                                  0.000000    0.250000   clock reconvergence pessimism
                                 -4.000000   -3.750000   output external delay
                                             -3.750000   data required time
---------------------------------------------------------------------------------------------
                                             -3.750000   data required time
                                             -3.976332   data arrival time
---------------------------------------------------------------------------------------------
                                              7.726332   slack (MET)


Startpoint: cfg_tx_bytes_left_i[12] (input port clocked by sys_clk)
Endpoint: cfg_data_o[12] (output port clocked by sys_clk)
Path Group: sys_clk
Path Type: min

Fanout         Cap        Slew       Delay        Time   Description
---------------------------------------------------------------------------------------------
                      0.150000    0.000000    0.000000   clock sys_clk (rise edge)
                                  0.000000    0.000000   clock network delay (ideal)
                                  4.000000    4.000000 ^ input external delay
     1    0.005093    0.231296    0.081663    4.081663 ^ cfg_tx_bytes_left_i[12] (in)
                                                         cfg_tx_bytes_left_i[12] (net)
                      0.231296    0.000000    4.081663 ^ _1398_/A1 (gf180mcu_fd_sc_mcu7t5v0__aoi22_1)
     1    0.004310    0.236506    0.204050    4.285712 v _1398_/ZN (gf180mcu_fd_sc_mcu7t5v0__aoi22_1)
                                                         _0485_ (net)
                      0.236506    0.000000    4.285712 v _1399_/I (gf180mcu_fd_sc_mcu7t5v0__clkinv_1)
     1    0.072910    2.124247    1.258645    5.544357 ^ _1399_/ZN (gf180mcu_fd_sc_mcu7t5v0__clkinv_1)
                                                         cfg_data_o[12] (net)
                      2.124247    0.000000    5.544357 ^ cfg_data_o[12] (out)
                                              5.544357   data arrival time

                      0.150000    0.000000    0.000000   clock sys_clk (rise edge)
                                  0.000000    0.000000   clock network delay (ideal)
                                  0.250000    0.250000   clock uncertainty
                                  0.000000    0.250000   clock reconvergence pessimism
                                 -4.000000   -3.750000   output external delay
                                             -3.750000   data required time
---------------------------------------------------------------------------------------------
                                             -3.750000   data required time
                                             -5.544357   data arrival time
---------------------------------------------------------------------------------------------
                                              9.294357   slack (MET)


Startpoint: cfg_tx_bytes_left_i[13] (input port clocked by sys_clk)
Endpoint: cfg_data_o[13] (output port clocked by sys_clk)
Path Group: sys_clk
Path Type: min

Fanout         Cap        Slew       Delay        Time   Description
---------------------------------------------------------------------------------------------
                      0.150000    0.000000    0.000000   clock sys_clk (rise edge)
                                  0.000000    0.000000   clock network delay (ideal)
                                  4.000000    4.000000 ^ input external delay
     1    0.005093    0.231296    0.081663    4.081663 ^ cfg_tx_bytes_left_i[13] (in)
                                                         cfg_tx_bytes_left_i[13] (net)
                      0.231296    0.000000    4.081663 ^ _1400_/A1 (gf180mcu_fd_sc_mcu7t5v0__aoi22_1)
     1    0.004310    0.236506    0.204050    4.285712 v _1400_/ZN (gf180mcu_fd_sc_mcu7t5v0__aoi22_1)
                                                         _0486_ (net)
                      0.236506    0.000000    4.285712 v _1401_/I (gf180mcu_fd_sc_mcu7t5v0__clkinv_1)
     1    0.072910    2.124247    1.258645    5.544357 ^ _1401_/ZN (gf180mcu_fd_sc_mcu7t5v0__clkinv_1)
                                                         cfg_data_o[13] (net)
                      2.124247    0.000000    5.544357 ^ cfg_data_o[13] (out)
                                              5.544357   data arrival time

                      0.150000    0.000000    0.000000   clock sys_clk (rise edge)
                                  0.000000    0.000000   clock network delay (ideal)
                                  0.250000    0.250000   clock uncertainty
                                  0.000000    0.250000   clock reconvergence pessimism
                                 -4.000000   -3.750000   output external delay
                                             -3.750000   data required time
---------------------------------------------------------------------------------------------
                                             -3.750000   data required time
                                             -5.544357   data arrival time
---------------------------------------------------------------------------------------------
                                              9.294357   slack (MET)


Startpoint: cfg_tx_bytes_left_i[14] (input port clocked by sys_clk)
Endpoint: cfg_data_o[14] (output port clocked by sys_clk)
Path Group: sys_clk
Path Type: min

Fanout         Cap        Slew       Delay        Time   Description
---------------------------------------------------------------------------------------------
                      0.150000    0.000000    0.000000   clock sys_clk (rise edge)
                                  0.000000    0.000000   clock network delay (ideal)
                                  4.000000    4.000000 ^ input external delay
     1    0.005093    0.231296    0.081663    4.081663 ^ cfg_tx_bytes_left_i[14] (in)
                                                         cfg_tx_bytes_left_i[14] (net)
                      0.231296    0.000000    4.081663 ^ _1402_/A1 (gf180mcu_fd_sc_mcu7t5v0__aoi22_1)
     1    0.004310    0.236506    0.204050    4.285712 v _1402_/ZN (gf180mcu_fd_sc_mcu7t5v0__aoi22_1)
                                                         _0487_ (net)
                      0.236506    0.000000    4.285712 v _1403_/I (gf180mcu_fd_sc_mcu7t5v0__clkinv_1)
     1    0.072910    2.124247    1.258645    5.544357 ^ _1403_/ZN (gf180mcu_fd_sc_mcu7t5v0__clkinv_1)
                                                         cfg_data_o[14] (net)
                      2.124247    0.000000    5.544357 ^ cfg_data_o[14] (out)
                                              5.544357   data arrival time

                      0.150000    0.000000    0.000000   clock sys_clk (rise edge)
                                  0.000000    0.000000   clock network delay (ideal)
                                  0.250000    0.250000   clock uncertainty
                                  0.000000    0.250000   clock reconvergence pessimism
                                 -4.000000   -3.750000   output external delay
                                             -3.750000   data required time
---------------------------------------------------------------------------------------------
                                             -3.750000   data required time
                                             -5.544357   data arrival time
---------------------------------------------------------------------------------------------
                                              9.294357   slack (MET)


Startpoint: cfg_tx_bytes_left_i[15] (input port clocked by sys_clk)
Endpoint: cfg_data_o[15] (output port clocked by sys_clk)
Path Group: sys_clk
Path Type: min

Fanout         Cap        Slew       Delay        Time   Description
---------------------------------------------------------------------------------------------
                      0.150000    0.000000    0.000000   clock sys_clk (rise edge)
                                  0.000000    0.000000   clock network delay (ideal)
                                  4.000000    4.000000 ^ input external delay
     1    0.005093    0.231296    0.081663    4.081663 ^ cfg_tx_bytes_left_i[15] (in)
                                                         cfg_tx_bytes_left_i[15] (net)
                      0.231296    0.000000    4.081663 ^ _1404_/A1 (gf180mcu_fd_sc_mcu7t5v0__aoi22_1)
     1    0.004310    0.236506    0.204050    4.285712 v _1404_/ZN (gf180mcu_fd_sc_mcu7t5v0__aoi22_1)
                                                         _0488_ (net)
                      0.236506    0.000000    4.285712 v _1405_/I (gf180mcu_fd_sc_mcu7t5v0__clkinv_1)
     1    0.072910    2.124247    1.258645    5.544357 ^ _1405_/ZN (gf180mcu_fd_sc_mcu7t5v0__clkinv_1)
                                                         cfg_data_o[15] (net)
                      2.124247    0.000000    5.544357 ^ cfg_data_o[15] (out)
                                              5.544357   data arrival time

                      0.150000    0.000000    0.000000   clock sys_clk (rise edge)
                                  0.000000    0.000000   clock network delay (ideal)
                                  0.250000    0.250000   clock uncertainty
                                  0.000000    0.250000   clock reconvergence pessimism
                                 -4.000000   -3.750000   output external delay
                                             -3.750000   data required time
---------------------------------------------------------------------------------------------
                                             -3.750000   data required time
                                             -5.544357   data arrival time
---------------------------------------------------------------------------------------------
                                              9.294357   slack (MET)


Startpoint: _1892_ (rising edge-triggered flip-flop clocked by sys_clk)
Endpoint: data_rx_o[0] (output port clocked by sys_clk)
Path Group: sys_clk
Path Type: min

Fanout         Cap        Slew       Delay        Time   Description
---------------------------------------------------------------------------------------------
                      0.150000    0.000000    0.000000   clock sys_clk (rise edge)
                                  0.000000    0.000000   clock network delay (ideal)
                      0.150000    0.000000    0.000000 ^ _1892_/CLK (gf180mcu_fd_sc_mcu7t5v0__dffsnq_1)
     7    0.033292    1.040910    1.860999    1.860999 ^ _1892_/Q (gf180mcu_fd_sc_mcu7t5v0__dffsnq_1)
                                                         u_dc_fifo_rx.u_dout.read_token[0] (net)
                      1.040910    0.000000    1.860999 ^ _1056_/B (gf180mcu_fd_sc_mcu7t5v0__oai21_1)
    10    0.053134    1.213865    0.940436    2.801435 v _1056_/ZN (gf180mcu_fd_sc_mcu7t5v0__oai21_1)
                                                         _0831_ (net)
                      1.213865    0.000000    2.801435 v _1305_/S1 (gf180mcu_fd_sc_mcu7t5v0__mux4_1)
     2    0.077772    2.822669    2.766874    5.568309 v _1305_/Z (gf180mcu_fd_sc_mcu7t5v0__mux4_1)
                                                         data_rx_o[0] (net)
                      2.822669    0.000000    5.568309 v data_rx_o[0] (out)
                                              5.568309   data arrival time

                      0.150000    0.000000    0.000000   clock sys_clk (rise edge)
                                  0.000000    0.000000   clock network delay (ideal)
                                  0.250000    0.250000   clock uncertainty
                                  0.000000    0.250000   clock reconvergence pessimism
                                 -4.000000   -3.750000   output external delay
                                             -3.750000   data required time
---------------------------------------------------------------------------------------------
                                             -3.750000   data required time
                                             -5.568309   data arrival time
---------------------------------------------------------------------------------------------
                                              9.318308   slack (MET)


Startpoint: _1892_ (rising edge-triggered flip-flop clocked by sys_clk)
Endpoint: data_rx_o[1] (output port clocked by sys_clk)
Path Group: sys_clk
Path Type: min

Fanout         Cap        Slew       Delay        Time   Description
---------------------------------------------------------------------------------------------
                      0.150000    0.000000    0.000000   clock sys_clk (rise edge)
                                  0.000000    0.000000   clock network delay (ideal)
                      0.150000    0.000000    0.000000 ^ _1892_/CLK (gf180mcu_fd_sc_mcu7t5v0__dffsnq_1)
     7    0.033292    1.040910    1.860999    1.860999 ^ _1892_/Q (gf180mcu_fd_sc_mcu7t5v0__dffsnq_1)
                                                         u_dc_fifo_rx.u_dout.read_token[0] (net)
                      1.040910    0.000000    1.860999 ^ _1056_/B (gf180mcu_fd_sc_mcu7t5v0__oai21_1)
    10    0.053134    1.213865    0.940436    2.801435 v _1056_/ZN (gf180mcu_fd_sc_mcu7t5v0__oai21_1)
                                                         _0831_ (net)
                      1.213865    0.000000    2.801435 v _1306_/S1 (gf180mcu_fd_sc_mcu7t5v0__mux4_1)
     2    0.077772    2.822669    2.766874    5.568309 v _1306_/Z (gf180mcu_fd_sc_mcu7t5v0__mux4_1)
                                                         data_rx_o[1] (net)
                      2.822669    0.000000    5.568309 v data_rx_o[1] (out)
                                              5.568309   data arrival time

                      0.150000    0.000000    0.000000   clock sys_clk (rise edge)
                                  0.000000    0.000000   clock network delay (ideal)
                                  0.250000    0.250000   clock uncertainty
                                  0.000000    0.250000   clock reconvergence pessimism
                                 -4.000000   -3.750000   output external delay
                                             -3.750000   data required time
---------------------------------------------------------------------------------------------
                                             -3.750000   data required time
                                             -5.568309   data arrival time
---------------------------------------------------------------------------------------------
                                              9.318308   slack (MET)


Startpoint: _1892_ (rising edge-triggered flip-flop clocked by sys_clk)
Endpoint: data_rx_o[2] (output port clocked by sys_clk)
Path Group: sys_clk
Path Type: min

Fanout         Cap        Slew       Delay        Time   Description
---------------------------------------------------------------------------------------------
                      0.150000    0.000000    0.000000   clock sys_clk (rise edge)
                                  0.000000    0.000000   clock network delay (ideal)
                      0.150000    0.000000    0.000000 ^ _1892_/CLK (gf180mcu_fd_sc_mcu7t5v0__dffsnq_1)
     7    0.033292    1.040910    1.860999    1.860999 ^ _1892_/Q (gf180mcu_fd_sc_mcu7t5v0__dffsnq_1)
                                                         u_dc_fifo_rx.u_dout.read_token[0] (net)
                      1.040910    0.000000    1.860999 ^ _1056_/B (gf180mcu_fd_sc_mcu7t5v0__oai21_1)
    10    0.053134    1.213865    0.940436    2.801435 v _1056_/ZN (gf180mcu_fd_sc_mcu7t5v0__oai21_1)
                                                         _0831_ (net)
                      1.213865    0.000000    2.801435 v _1307_/S1 (gf180mcu_fd_sc_mcu7t5v0__mux4_1)
     2    0.077772    2.822669    2.766874    5.568309 v _1307_/Z (gf180mcu_fd_sc_mcu7t5v0__mux4_1)
                                                         data_rx_o[2] (net)
                      2.822669    0.000000    5.568309 v data_rx_o[2] (out)
                                              5.568309   data arrival time

                      0.150000    0.000000    0.000000   clock sys_clk (rise edge)
                                  0.000000    0.000000   clock network delay (ideal)
                                  0.250000    0.250000   clock uncertainty
                                  0.000000    0.250000   clock reconvergence pessimism
                                 -4.000000   -3.750000   output external delay
                                             -3.750000   data required time
---------------------------------------------------------------------------------------------
                                             -3.750000   data required time
                                             -5.568309   data arrival time
---------------------------------------------------------------------------------------------
                                              9.318308   slack (MET)


Startpoint: _1892_ (rising edge-triggered flip-flop clocked by sys_clk)
Endpoint: data_rx_o[3] (output port clocked by sys_clk)
Path Group: sys_clk
Path Type: min

Fanout         Cap        Slew       Delay        Time   Description
---------------------------------------------------------------------------------------------
                      0.150000    0.000000    0.000000   clock sys_clk (rise edge)
                                  0.000000    0.000000   clock network delay (ideal)
                      0.150000    0.000000    0.000000 ^ _1892_/CLK (gf180mcu_fd_sc_mcu7t5v0__dffsnq_1)
     7    0.033292    1.040910    1.860999    1.860999 ^ _1892_/Q (gf180mcu_fd_sc_mcu7t5v0__dffsnq_1)
                                                         u_dc_fifo_rx.u_dout.read_token[0] (net)
                      1.040910    0.000000    1.860999 ^ _1056_/B (gf180mcu_fd_sc_mcu7t5v0__oai21_1)
    10    0.053134    1.213865    0.940436    2.801435 v _1056_/ZN (gf180mcu_fd_sc_mcu7t5v0__oai21_1)
                                                         _0831_ (net)
                      1.213865    0.000000    2.801435 v _1308_/S1 (gf180mcu_fd_sc_mcu7t5v0__mux4_1)
     2    0.077772    2.822669    2.766874    5.568309 v _1308_/Z (gf180mcu_fd_sc_mcu7t5v0__mux4_1)
                                                         data_rx_o[3] (net)
                      2.822669    0.000000    5.568309 v data_rx_o[3] (out)
                                              5.568309   data arrival time

                      0.150000    0.000000    0.000000   clock sys_clk (rise edge)
                                  0.000000    0.000000   clock network delay (ideal)
                                  0.250000    0.250000   clock uncertainty
                                  0.000000    0.250000   clock reconvergence pessimism
                                 -4.000000   -3.750000   output external delay
                                             -3.750000   data required time
---------------------------------------------------------------------------------------------
                                             -3.750000   data required time
                                             -5.568309   data arrival time
---------------------------------------------------------------------------------------------
                                              9.318308   slack (MET)


Startpoint: _1892_ (rising edge-triggered flip-flop clocked by sys_clk)
Endpoint: data_rx_o[4] (output port clocked by sys_clk)
Path Group: sys_clk
Path Type: min

Fanout         Cap        Slew       Delay        Time   Description
---------------------------------------------------------------------------------------------
                      0.150000    0.000000    0.000000   clock sys_clk (rise edge)
                                  0.000000    0.000000   clock network delay (ideal)
                      0.150000    0.000000    0.000000 ^ _1892_/CLK (gf180mcu_fd_sc_mcu7t5v0__dffsnq_1)
     7    0.033292    1.040910    1.860999    1.860999 ^ _1892_/Q (gf180mcu_fd_sc_mcu7t5v0__dffsnq_1)
                                                         u_dc_fifo_rx.u_dout.read_token[0] (net)
                      1.040910    0.000000    1.860999 ^ _1056_/B (gf180mcu_fd_sc_mcu7t5v0__oai21_1)
    10    0.053134    1.213865    0.940436    2.801435 v _1056_/ZN (gf180mcu_fd_sc_mcu7t5v0__oai21_1)
                                                         _0831_ (net)
                      1.213865    0.000000    2.801435 v _1309_/S1 (gf180mcu_fd_sc_mcu7t5v0__mux4_1)
     2    0.077772    2.822669    2.766874    5.568309 v _1309_/Z (gf180mcu_fd_sc_mcu7t5v0__mux4_1)
                                                         data_rx_o[4] (net)
                      2.822669    0.000000    5.568309 v data_rx_o[4] (out)
                                              5.568309   data arrival time

                      0.150000    0.000000    0.000000   clock sys_clk (rise edge)
                                  0.000000    0.000000   clock network delay (ideal)
                                  0.250000    0.250000   clock uncertainty
                                  0.000000    0.250000   clock reconvergence pessimism
                                 -4.000000   -3.750000   output external delay
                                             -3.750000   data required time
---------------------------------------------------------------------------------------------
                                             -3.750000   data required time
                                             -5.568309   data arrival time
---------------------------------------------------------------------------------------------
                                              9.318308   slack (MET)


Startpoint: _1892_ (rising edge-triggered flip-flop clocked by sys_clk)
Endpoint: data_rx_o[5] (output port clocked by sys_clk)
Path Group: sys_clk
Path Type: min

Fanout         Cap        Slew       Delay        Time   Description
---------------------------------------------------------------------------------------------
                      0.150000    0.000000    0.000000   clock sys_clk (rise edge)
                                  0.000000    0.000000   clock network delay (ideal)
                      0.150000    0.000000    0.000000 ^ _1892_/CLK (gf180mcu_fd_sc_mcu7t5v0__dffsnq_1)
     7    0.033292    1.040910    1.860999    1.860999 ^ _1892_/Q (gf180mcu_fd_sc_mcu7t5v0__dffsnq_1)
                                                         u_dc_fifo_rx.u_dout.read_token[0] (net)
                      1.040910    0.000000    1.860999 ^ _1056_/B (gf180mcu_fd_sc_mcu7t5v0__oai21_1)
    10    0.053134    1.213865    0.940436    2.801435 v _1056_/ZN (gf180mcu_fd_sc_mcu7t5v0__oai21_1)
                                                         _0831_ (net)
                      1.213865    0.000000    2.801435 v _1310_/S1 (gf180mcu_fd_sc_mcu7t5v0__mux4_1)
     2    0.077772    2.822669    2.766874    5.568309 v _1310_/Z (gf180mcu_fd_sc_mcu7t5v0__mux4_1)
                                                         data_rx_o[5] (net)
                      2.822669    0.000000    5.568309 v data_rx_o[5] (out)
                                              5.568309   data arrival time

                      0.150000    0.000000    0.000000   clock sys_clk (rise edge)
                                  0.000000    0.000000   clock network delay (ideal)
                                  0.250000    0.250000   clock uncertainty
                                  0.000000    0.250000   clock reconvergence pessimism
                                 -4.000000   -3.750000   output external delay
                                             -3.750000   data required time
---------------------------------------------------------------------------------------------
                                             -3.750000   data required time
                                             -5.568309   data arrival time
---------------------------------------------------------------------------------------------
                                              9.318308   slack (MET)


Startpoint: _1892_ (rising edge-triggered flip-flop clocked by sys_clk)
Endpoint: data_rx_o[6] (output port clocked by sys_clk)
Path Group: sys_clk
Path Type: min

Fanout         Cap        Slew       Delay        Time   Description
---------------------------------------------------------------------------------------------
                      0.150000    0.000000    0.000000   clock sys_clk (rise edge)
                                  0.000000    0.000000   clock network delay (ideal)
                      0.150000    0.000000    0.000000 ^ _1892_/CLK (gf180mcu_fd_sc_mcu7t5v0__dffsnq_1)
     7    0.033292    1.040910    1.860999    1.860999 ^ _1892_/Q (gf180mcu_fd_sc_mcu7t5v0__dffsnq_1)
                                                         u_dc_fifo_rx.u_dout.read_token[0] (net)
                      1.040910    0.000000    1.860999 ^ _1056_/B (gf180mcu_fd_sc_mcu7t5v0__oai21_1)
    10    0.053134    1.213865    0.940436    2.801435 v _1056_/ZN (gf180mcu_fd_sc_mcu7t5v0__oai21_1)
                                                         _0831_ (net)
                      1.213865    0.000000    2.801435 v _1311_/S1 (gf180mcu_fd_sc_mcu7t5v0__mux4_1)
     2    0.077772    2.822669    2.766874    5.568309 v _1311_/Z (gf180mcu_fd_sc_mcu7t5v0__mux4_1)
                                                         data_rx_o[6] (net)
                      2.822669    0.000000    5.568309 v data_rx_o[6] (out)
                                              5.568309   data arrival time

                      0.150000    0.000000    0.000000   clock sys_clk (rise edge)
                                  0.000000    0.000000   clock network delay (ideal)
                                  0.250000    0.250000   clock uncertainty
                                  0.000000    0.250000   clock reconvergence pessimism
                                 -4.000000   -3.750000   output external delay
                                             -3.750000   data required time
---------------------------------------------------------------------------------------------
                                             -3.750000   data required time
                                             -5.568309   data arrival time
---------------------------------------------------------------------------------------------
                                              9.318308   slack (MET)


Startpoint: _1892_ (rising edge-triggered flip-flop clocked by sys_clk)
Endpoint: data_rx_o[7] (output port clocked by sys_clk)
Path Group: sys_clk
Path Type: min

Fanout         Cap        Slew       Delay        Time   Description
---------------------------------------------------------------------------------------------
                      0.150000    0.000000    0.000000   clock sys_clk (rise edge)
                                  0.000000    0.000000   clock network delay (ideal)
                      0.150000    0.000000    0.000000 ^ _1892_/CLK (gf180mcu_fd_sc_mcu7t5v0__dffsnq_1)
     7    0.033292    1.040910    1.860999    1.860999 ^ _1892_/Q (gf180mcu_fd_sc_mcu7t5v0__dffsnq_1)
                                                         u_dc_fifo_rx.u_dout.read_token[0] (net)
                      1.040910    0.000000    1.860999 ^ _1056_/B (gf180mcu_fd_sc_mcu7t5v0__oai21_1)
    10    0.053134    1.213865    0.940436    2.801435 v _1056_/ZN (gf180mcu_fd_sc_mcu7t5v0__oai21_1)
                                                         _0831_ (net)
                      1.213865    0.000000    2.801435 v _1312_/S1 (gf180mcu_fd_sc_mcu7t5v0__mux4_1)
     2    0.077772    2.822669    2.766874    5.568309 v _1312_/Z (gf180mcu_fd_sc_mcu7t5v0__mux4_1)
                                                         data_rx_o[7] (net)
                      2.822669    0.000000    5.568309 v data_rx_o[7] (out)
                                              5.568309   data arrival time

                      0.150000    0.000000    0.000000   clock sys_clk (rise edge)
                                  0.000000    0.000000   clock network delay (ideal)
                                  0.250000    0.250000   clock uncertainty
                                  0.000000    0.250000   clock reconvergence pessimism
                                 -4.000000   -3.750000   output external delay
                                             -3.750000   data required time
---------------------------------------------------------------------------------------------
                                             -3.750000   data required time
                                             -5.568309   data arrival time
---------------------------------------------------------------------------------------------
                                              9.318308   slack (MET)


Startpoint: cfg_rx_bytes_left_i[10] (input port clocked by sys_clk)
Endpoint: cfg_data_o[10] (output port clocked by sys_clk)
Path Group: sys_clk
Path Type: min

Fanout         Cap        Slew       Delay        Time   Description
---------------------------------------------------------------------------------------------
                      0.150000    0.000000    0.000000   clock sys_clk (rise edge)
                                  0.000000    0.000000   clock network delay (ideal)
                                  4.000000    4.000000 v input external delay
     1    0.005093    0.132976    0.049966    4.049966 v cfg_rx_bytes_left_i[10] (in)
                                                         cfg_rx_bytes_left_i[10] (net)
                      0.132976    0.000000    4.049966 v _1393_/A1 (gf180mcu_fd_sc_mcu7t5v0__aoi22_1)
     1    0.004611    0.369683    0.258273    4.308239 ^ _1393_/ZN (gf180mcu_fd_sc_mcu7t5v0__aoi22_1)
                                                         _0482_ (net)
                      0.369683    0.000000    4.308239 ^ _1394_/A2 (gf180mcu_fd_sc_mcu7t5v0__nand2_1)
     1    0.072910    2.030447    1.263573    5.571812 v _1394_/ZN (gf180mcu_fd_sc_mcu7t5v0__nand2_1)
                                                         cfg_data_o[10] (net)
                      2.030447    0.000000    5.571812 v cfg_data_o[10] (out)
                                              5.571812   data arrival time

                      0.150000    0.000000    0.000000   clock sys_clk (rise edge)
                                  0.000000    0.000000   clock network delay (ideal)
                                  0.250000    0.250000   clock uncertainty
                                  0.000000    0.250000   clock reconvergence pessimism
                                 -4.000000   -3.750000   output external delay
                                             -3.750000   data required time
---------------------------------------------------------------------------------------------
                                             -3.750000   data required time
                                             -5.571812   data arrival time
---------------------------------------------------------------------------------------------
                                              9.321812   slack (MET)


Startpoint: cfg_rx_bytes_left_i[11] (input port clocked by sys_clk)
Endpoint: cfg_data_o[11] (output port clocked by sys_clk)
Path Group: sys_clk
Path Type: min

Fanout         Cap        Slew       Delay        Time   Description
---------------------------------------------------------------------------------------------
                      0.150000    0.000000    0.000000   clock sys_clk (rise edge)
                                  0.000000    0.000000   clock network delay (ideal)
                                  4.000000    4.000000 v input external delay
     1    0.005093    0.132976    0.049966    4.049966 v cfg_rx_bytes_left_i[11] (in)
                                                         cfg_rx_bytes_left_i[11] (net)
                      0.132976    0.000000    4.049966 v _1396_/A1 (gf180mcu_fd_sc_mcu7t5v0__aoi22_1)
     1    0.004611    0.369683    0.258273    4.308239 ^ _1396_/ZN (gf180mcu_fd_sc_mcu7t5v0__aoi22_1)
                                                         _0484_ (net)
                      0.369683    0.000000    4.308239 ^ _1397_/A2 (gf180mcu_fd_sc_mcu7t5v0__nand2_1)
     1    0.072910    2.030447    1.263573    5.571812 v _1397_/ZN (gf180mcu_fd_sc_mcu7t5v0__nand2_1)
                                                         cfg_data_o[11] (net)
                      2.030447    0.000000    5.571812 v cfg_data_o[11] (out)
                                              5.571812   data arrival time

                      0.150000    0.000000    0.000000   clock sys_clk (rise edge)
                                  0.000000    0.000000   clock network delay (ideal)
                                  0.250000    0.250000   clock uncertainty
                                  0.000000    0.250000   clock reconvergence pessimism
                                 -4.000000   -3.750000   output external delay
                                             -3.750000   data required time
---------------------------------------------------------------------------------------------
                                             -3.750000   data required time
                                             -5.571812   data arrival time
---------------------------------------------------------------------------------------------
                                              9.321812   slack (MET)


Startpoint: _2116_ (rising edge-triggered flip-flop clocked by sys_clk)
Endpoint: _1894_ (removal check against rising-edge clock sys_clk)
Path Group: asynchronous
Path Type: min

Fanout         Cap        Slew       Delay        Time   Description
---------------------------------------------------------------------------------------------
                      0.150000    0.000000    0.000000   clock sys_clk (rise edge)
                                  0.000000    0.000000   clock network delay (ideal)
                      0.150000    0.000000    0.000000 ^ _2116_/CLK (gf180mcu_fd_sc_mcu7t5v0__dffrnq_1)
     2    0.009422    0.272476    1.338152    1.338152 v _2116_/Q (gf180mcu_fd_sc_mcu7t5v0__dffrnq_1)
                                                         s_uart_rx_clean_fifo (net)
                      0.272476    0.000000    1.338152 v _0966_/A2 (gf180mcu_fd_sc_mcu7t5v0__nor2_1)
    51    0.371046   18.948601   11.388196   12.726348 ^ _0966_/ZN (gf180mcu_fd_sc_mcu7t5v0__nor2_1)
                                                         u_dc_fifo_rx.dst_rstn_i (net)
                     18.948601    0.000000   12.726348 ^ _1894_/RN (gf180mcu_fd_sc_mcu7t5v0__dffrnq_1)
                                             12.726348   data arrival time

                      0.150000    0.000000    0.000000   clock sys_clk (rise edge)
                                  0.000000    0.000000   clock network delay (ideal)
                                  0.250000    0.250000   clock uncertainty
                                  0.000000    0.250000   clock reconvergence pessimism
                                              0.250000 ^ _1894_/CLK (gf180mcu_fd_sc_mcu7t5v0__dffrnq_1)
                                  1.648051    1.898051   library removal time
                                              1.898051   data required time
---------------------------------------------------------------------------------------------
                                              1.898051   data required time
                                            -12.726348   data arrival time
---------------------------------------------------------------------------------------------
                                             10.828297   slack (MET)


Startpoint: _2116_ (rising edge-triggered flip-flop clocked by sys_clk)
Endpoint: _1895_ (removal check against rising-edge clock sys_clk)
Path Group: asynchronous
Path Type: min

Fanout         Cap        Slew       Delay        Time   Description
---------------------------------------------------------------------------------------------
                      0.150000    0.000000    0.000000   clock sys_clk (rise edge)
                                  0.000000    0.000000   clock network delay (ideal)
                      0.150000    0.000000    0.000000 ^ _2116_/CLK (gf180mcu_fd_sc_mcu7t5v0__dffrnq_1)
     2    0.009422    0.272476    1.338152    1.338152 v _2116_/Q (gf180mcu_fd_sc_mcu7t5v0__dffrnq_1)
                                                         s_uart_rx_clean_fifo (net)
                      0.272476    0.000000    1.338152 v _0966_/A2 (gf180mcu_fd_sc_mcu7t5v0__nor2_1)
    51    0.371046   18.948601   11.388196   12.726348 ^ _0966_/ZN (gf180mcu_fd_sc_mcu7t5v0__nor2_1)
                                                         u_dc_fifo_rx.dst_rstn_i (net)
                     18.948601    0.000000   12.726348 ^ _1895_/RN (gf180mcu_fd_sc_mcu7t5v0__dffrnq_1)
                                             12.726348   data arrival time

                      0.150000    0.000000    0.000000   clock sys_clk (rise edge)
                                  0.000000    0.000000   clock network delay (ideal)
                                  0.250000    0.250000   clock uncertainty
                                  0.000000    0.250000   clock reconvergence pessimism
                                              0.250000 ^ _1895_/CLK (gf180mcu_fd_sc_mcu7t5v0__dffrnq_1)
                                  1.648051    1.898051   library removal time
                                              1.898051   data required time
---------------------------------------------------------------------------------------------
                                              1.898051   data required time
                                            -12.726348   data arrival time
---------------------------------------------------------------------------------------------
                                             10.828297   slack (MET)


Startpoint: _2116_ (rising edge-triggered flip-flop clocked by sys_clk)
Endpoint: _2146_ (removal check against rising-edge clock sys_clk)
Path Group: asynchronous
Path Type: min

Fanout         Cap        Slew       Delay        Time   Description
---------------------------------------------------------------------------------------------
                      0.150000    0.000000    0.000000   clock sys_clk (rise edge)
                                  0.000000    0.000000   clock network delay (ideal)
                      0.150000    0.000000    0.000000 ^ _2116_/CLK (gf180mcu_fd_sc_mcu7t5v0__dffrnq_1)
     2    0.009422    0.272476    1.338152    1.338152 v _2116_/Q (gf180mcu_fd_sc_mcu7t5v0__dffrnq_1)
                                                         s_uart_rx_clean_fifo (net)
                      0.272476    0.000000    1.338152 v _0966_/A2 (gf180mcu_fd_sc_mcu7t5v0__nor2_1)
    51    0.371046   18.948601   11.388196   12.726348 ^ _0966_/ZN (gf180mcu_fd_sc_mcu7t5v0__nor2_1)
                                                         u_dc_fifo_rx.dst_rstn_i (net)
                     18.948601    0.000000   12.726348 ^ _2146_/RN (gf180mcu_fd_sc_mcu7t5v0__dffrnq_1)
                                             12.726348   data arrival time

                      0.150000    0.000000    0.000000   clock sys_clk (rise edge)
                                  0.000000    0.000000   clock network delay (ideal)
                                  0.250000    0.250000   clock uncertainty
                                  0.000000    0.250000   clock reconvergence pessimism
                                              0.250000 ^ _2146_/CLK (gf180mcu_fd_sc_mcu7t5v0__dffrnq_1)
                                  1.648051    1.898051   library removal time
                                              1.898051   data required time
---------------------------------------------------------------------------------------------
                                              1.898051   data required time
                                            -12.726348   data arrival time
---------------------------------------------------------------------------------------------
                                             10.828297   slack (MET)


Startpoint: _2116_ (rising edge-triggered flip-flop clocked by sys_clk)
Endpoint: _2147_ (removal check against rising-edge clock sys_clk)
Path Group: asynchronous
Path Type: min

Fanout         Cap        Slew       Delay        Time   Description
---------------------------------------------------------------------------------------------
                      0.150000    0.000000    0.000000   clock sys_clk (rise edge)
                                  0.000000    0.000000   clock network delay (ideal)
                      0.150000    0.000000    0.000000 ^ _2116_/CLK (gf180mcu_fd_sc_mcu7t5v0__dffrnq_1)
     2    0.009422    0.272476    1.338152    1.338152 v _2116_/Q (gf180mcu_fd_sc_mcu7t5v0__dffrnq_1)
                                                         s_uart_rx_clean_fifo (net)
                      0.272476    0.000000    1.338152 v _0966_/A2 (gf180mcu_fd_sc_mcu7t5v0__nor2_1)
    51    0.371046   18.948601   11.388196   12.726348 ^ _0966_/ZN (gf180mcu_fd_sc_mcu7t5v0__nor2_1)
                                                         u_dc_fifo_rx.dst_rstn_i (net)
                     18.948601    0.000000   12.726348 ^ _2147_/RN (gf180mcu_fd_sc_mcu7t5v0__dffrnq_1)
                                             12.726348   data arrival time

                      0.150000    0.000000    0.000000   clock sys_clk (rise edge)
                                  0.000000    0.000000   clock network delay (ideal)
                                  0.250000    0.250000   clock uncertainty
                                  0.000000    0.250000   clock reconvergence pessimism
                                              0.250000 ^ _2147_/CLK (gf180mcu_fd_sc_mcu7t5v0__dffrnq_1)
                                  1.648051    1.898051   library removal time
                                              1.898051   data required time
---------------------------------------------------------------------------------------------
                                              1.898051   data required time
                                            -12.726348   data arrival time
---------------------------------------------------------------------------------------------
                                             10.828297   slack (MET)


Startpoint: _2116_ (rising edge-triggered flip-flop clocked by sys_clk)
Endpoint: _2150_ (removal check against rising-edge clock sys_clk)
Path Group: asynchronous
Path Type: min

Fanout         Cap        Slew       Delay        Time   Description
---------------------------------------------------------------------------------------------
                      0.150000    0.000000    0.000000   clock sys_clk (rise edge)
                                  0.000000    0.000000   clock network delay (ideal)
                      0.150000    0.000000    0.000000 ^ _2116_/CLK (gf180mcu_fd_sc_mcu7t5v0__dffrnq_1)
     2    0.009422    0.272476    1.338152    1.338152 v _2116_/Q (gf180mcu_fd_sc_mcu7t5v0__dffrnq_1)
                                                         s_uart_rx_clean_fifo (net)
                      0.272476    0.000000    1.338152 v _0966_/A2 (gf180mcu_fd_sc_mcu7t5v0__nor2_1)
    51    0.371046   18.948601   11.388196   12.726348 ^ _0966_/ZN (gf180mcu_fd_sc_mcu7t5v0__nor2_1)
                                                         u_dc_fifo_rx.dst_rstn_i (net)
                     18.948601    0.000000   12.726348 ^ _2150_/RN (gf180mcu_fd_sc_mcu7t5v0__dffrnq_1)
                                             12.726348   data arrival time

                      0.150000    0.000000    0.000000   clock sys_clk (rise edge)
                                  0.000000    0.000000   clock network delay (ideal)
                                  0.250000    0.250000   clock uncertainty
                                  0.000000    0.250000   clock reconvergence pessimism
                                              0.250000 ^ _2150_/CLK (gf180mcu_fd_sc_mcu7t5v0__dffrnq_1)
                                  1.648051    1.898051   library removal time
                                              1.898051   data required time
---------------------------------------------------------------------------------------------
                                              1.898051   data required time
                                            -12.726348   data arrival time
---------------------------------------------------------------------------------------------
                                             10.828297   slack (MET)


Startpoint: _2116_ (rising edge-triggered flip-flop clocked by sys_clk)
Endpoint: _2151_ (removal check against rising-edge clock sys_clk)
Path Group: asynchronous
Path Type: min

Fanout         Cap        Slew       Delay        Time   Description
---------------------------------------------------------------------------------------------
                      0.150000    0.000000    0.000000   clock sys_clk (rise edge)
                                  0.000000    0.000000   clock network delay (ideal)
                      0.150000    0.000000    0.000000 ^ _2116_/CLK (gf180mcu_fd_sc_mcu7t5v0__dffrnq_1)
     2    0.009422    0.272476    1.338152    1.338152 v _2116_/Q (gf180mcu_fd_sc_mcu7t5v0__dffrnq_1)
                                                         s_uart_rx_clean_fifo (net)
                      0.272476    0.000000    1.338152 v _0966_/A2 (gf180mcu_fd_sc_mcu7t5v0__nor2_1)
    51    0.371046   18.948601   11.388196   12.726348 ^ _0966_/ZN (gf180mcu_fd_sc_mcu7t5v0__nor2_1)
                                                         u_dc_fifo_rx.dst_rstn_i (net)
                     18.948601    0.000000   12.726348 ^ _2151_/RN (gf180mcu_fd_sc_mcu7t5v0__dffrnq_1)
                                             12.726348   data arrival time

                      0.150000    0.000000    0.000000   clock sys_clk (rise edge)
                                  0.000000    0.000000   clock network delay (ideal)
                                  0.250000    0.250000   clock uncertainty
                                  0.000000    0.250000   clock reconvergence pessimism
                                              0.250000 ^ _2151_/CLK (gf180mcu_fd_sc_mcu7t5v0__dffrnq_1)
                                  1.648051    1.898051   library removal time
                                              1.898051   data required time
---------------------------------------------------------------------------------------------
                                              1.898051   data required time
                                            -12.726348   data arrival time
---------------------------------------------------------------------------------------------
                                             10.828297   slack (MET)


Startpoint: _2116_ (rising edge-triggered flip-flop clocked by sys_clk)
Endpoint: _1892_ (removal check against rising-edge clock sys_clk)
Path Group: asynchronous
Path Type: min

Fanout         Cap        Slew       Delay        Time   Description
---------------------------------------------------------------------------------------------
                      0.150000    0.000000    0.000000   clock sys_clk (rise edge)
                                  0.000000    0.000000   clock network delay (ideal)
                      0.150000    0.000000    0.000000 ^ _2116_/CLK (gf180mcu_fd_sc_mcu7t5v0__dffrnq_1)
     2    0.009422    0.272476    1.338152    1.338152 v _2116_/Q (gf180mcu_fd_sc_mcu7t5v0__dffrnq_1)
                                                         s_uart_rx_clean_fifo (net)
                      0.272476    0.000000    1.338152 v _0966_/A2 (gf180mcu_fd_sc_mcu7t5v0__nor2_1)
    51    0.371046   18.948601   11.388196   12.726348 ^ _0966_/ZN (gf180mcu_fd_sc_mcu7t5v0__nor2_1)
                                                         u_dc_fifo_rx.dst_rstn_i (net)
                     18.948601    0.000000   12.726348 ^ _1892_/SETN (gf180mcu_fd_sc_mcu7t5v0__dffsnq_1)
                                             12.726348   data arrival time

                      0.150000    0.000000    0.000000   clock sys_clk (rise edge)
                                  0.000000    0.000000   clock network delay (ideal)
                                  0.250000    0.250000   clock uncertainty
                                  0.000000    0.250000   clock reconvergence pessimism
                                              0.250000 ^ _1892_/CLK (gf180mcu_fd_sc_mcu7t5v0__dffsnq_1)
                                 -0.544185   -0.294185   library removal time
                                             -0.294185   data required time
---------------------------------------------------------------------------------------------
                                             -0.294185   data required time
                                            -12.726348   data arrival time
---------------------------------------------------------------------------------------------
                                             13.020533   slack (MET)


Startpoint: _2116_ (rising edge-triggered flip-flop clocked by sys_clk)
Endpoint: _1893_ (removal check against rising-edge clock sys_clk)
Path Group: asynchronous
Path Type: min

Fanout         Cap        Slew       Delay        Time   Description
---------------------------------------------------------------------------------------------
                      0.150000    0.000000    0.000000   clock sys_clk (rise edge)
                                  0.000000    0.000000   clock network delay (ideal)
                      0.150000    0.000000    0.000000 ^ _2116_/CLK (gf180mcu_fd_sc_mcu7t5v0__dffrnq_1)
     2    0.009422    0.272476    1.338152    1.338152 v _2116_/Q (gf180mcu_fd_sc_mcu7t5v0__dffrnq_1)
                                                         s_uart_rx_clean_fifo (net)
                      0.272476    0.000000    1.338152 v _0966_/A2 (gf180mcu_fd_sc_mcu7t5v0__nor2_1)
    51    0.371046   18.948601   11.388196   12.726348 ^ _0966_/ZN (gf180mcu_fd_sc_mcu7t5v0__nor2_1)
                                                         u_dc_fifo_rx.dst_rstn_i (net)
                     18.948601    0.000000   12.726348 ^ _1893_/SETN (gf180mcu_fd_sc_mcu7t5v0__dffsnq_1)
                                             12.726348   data arrival time

                      0.150000    0.000000    0.000000   clock sys_clk (rise edge)
                                  0.000000    0.000000   clock network delay (ideal)
                                  0.250000    0.250000   clock uncertainty
                                  0.000000    0.250000   clock reconvergence pessimism
                                              0.250000 ^ _1893_/CLK (gf180mcu_fd_sc_mcu7t5v0__dffsnq_1)
                                 -0.544185   -0.294185   library removal time
                                             -0.294185   data required time
---------------------------------------------------------------------------------------------
                                             -0.294185   data required time
                                            -12.726348   data arrival time
---------------------------------------------------------------------------------------------
                                             13.020533   slack (MET)


Startpoint: _2116_ (rising edge-triggered flip-flop clocked by sys_clk)
Endpoint: _2148_ (removal check against rising-edge clock sys_clk)
Path Group: asynchronous
Path Type: min

Fanout         Cap        Slew       Delay        Time   Description
---------------------------------------------------------------------------------------------
                      0.150000    0.000000    0.000000   clock sys_clk (rise edge)
                                  0.000000    0.000000   clock network delay (ideal)
                      0.150000    0.000000    0.000000 ^ _2116_/CLK (gf180mcu_fd_sc_mcu7t5v0__dffrnq_1)
     2    0.009422    0.272476    1.338152    1.338152 v _2116_/Q (gf180mcu_fd_sc_mcu7t5v0__dffrnq_1)
                                                         s_uart_rx_clean_fifo (net)
                      0.272476    0.000000    1.338152 v _0966_/A2 (gf180mcu_fd_sc_mcu7t5v0__nor2_1)
    51    0.371046   18.948601   11.388196   12.726348 ^ _0966_/ZN (gf180mcu_fd_sc_mcu7t5v0__nor2_1)
                                                         u_dc_fifo_rx.dst_rstn_i (net)
                     18.948601    0.000000   12.726348 ^ _2148_/SETN (gf180mcu_fd_sc_mcu7t5v0__dffsnq_1)
                                             12.726348   data arrival time

                      0.150000    0.000000    0.000000   clock sys_clk (rise edge)
                                  0.000000    0.000000   clock network delay (ideal)
                                  0.250000    0.250000   clock uncertainty
                                  0.000000    0.250000   clock reconvergence pessimism
                                              0.250000 ^ _2148_/CLK (gf180mcu_fd_sc_mcu7t5v0__dffsnq_1)
                                 -0.544185   -0.294185   library removal time
                                             -0.294185   data required time
---------------------------------------------------------------------------------------------
                                             -0.294185   data required time
                                            -12.726348   data arrival time
---------------------------------------------------------------------------------------------
                                             13.020533   slack (MET)


Startpoint: _2116_ (rising edge-triggered flip-flop clocked by sys_clk)
Endpoint: _2149_ (removal check against rising-edge clock sys_clk)
Path Group: asynchronous
Path Type: min

Fanout         Cap        Slew       Delay        Time   Description
---------------------------------------------------------------------------------------------
                      0.150000    0.000000    0.000000   clock sys_clk (rise edge)
                                  0.000000    0.000000   clock network delay (ideal)
                      0.150000    0.000000    0.000000 ^ _2116_/CLK (gf180mcu_fd_sc_mcu7t5v0__dffrnq_1)
     2    0.009422    0.272476    1.338152    1.338152 v _2116_/Q (gf180mcu_fd_sc_mcu7t5v0__dffrnq_1)
                                                         s_uart_rx_clean_fifo (net)
                      0.272476    0.000000    1.338152 v _0966_/A2 (gf180mcu_fd_sc_mcu7t5v0__nor2_1)
    51    0.371046   18.948601   11.388196   12.726348 ^ _0966_/ZN (gf180mcu_fd_sc_mcu7t5v0__nor2_1)
                                                         u_dc_fifo_rx.dst_rstn_i (net)
                     18.948601    0.000000   12.726348 ^ _2149_/SETN (gf180mcu_fd_sc_mcu7t5v0__dffsnq_1)
                                             12.726348   data arrival time

                      0.150000    0.000000    0.000000   clock sys_clk (rise edge)
                                  0.000000    0.000000   clock network delay (ideal)
                                  0.250000    0.250000   clock uncertainty
                                  0.000000    0.250000   clock reconvergence pessimism
                                              0.250000 ^ _2149_/CLK (gf180mcu_fd_sc_mcu7t5v0__dffsnq_1)
                                 -0.544185   -0.294185   library removal time
                                             -0.294185   data required time
---------------------------------------------------------------------------------------------
                                             -0.294185   data required time
                                            -12.726348   data arrival time
---------------------------------------------------------------------------------------------
                                             13.020533   slack (MET)


Startpoint: _2116_ (rising edge-triggered flip-flop clocked by sys_clk)
Endpoint: _2152_ (removal check against rising-edge clock sys_clk)
Path Group: asynchronous
Path Type: min

Fanout         Cap        Slew       Delay        Time   Description
---------------------------------------------------------------------------------------------
                      0.150000    0.000000    0.000000   clock sys_clk (rise edge)
                                  0.000000    0.000000   clock network delay (ideal)
                      0.150000    0.000000    0.000000 ^ _2116_/CLK (gf180mcu_fd_sc_mcu7t5v0__dffrnq_1)
     2    0.009422    0.272476    1.338152    1.338152 v _2116_/Q (gf180mcu_fd_sc_mcu7t5v0__dffrnq_1)
                                                         s_uart_rx_clean_fifo (net)
                      0.272476    0.000000    1.338152 v _0966_/A2 (gf180mcu_fd_sc_mcu7t5v0__nor2_1)
    51    0.371046   18.948601   11.388196   12.726348 ^ _0966_/ZN (gf180mcu_fd_sc_mcu7t5v0__nor2_1)
                                                         u_dc_fifo_rx.dst_rstn_i (net)
                     18.948601    0.000000   12.726348 ^ _2152_/SETN (gf180mcu_fd_sc_mcu7t5v0__dffsnq_1)
                                             12.726348   data arrival time

                      0.150000    0.000000    0.000000   clock sys_clk (rise edge)
                                  0.000000    0.000000   clock network delay (ideal)
                                  0.250000    0.250000   clock uncertainty
                                  0.000000    0.250000   clock reconvergence pessimism
                                              0.250000 ^ _2152_/CLK (gf180mcu_fd_sc_mcu7t5v0__dffsnq_1)
                                 -0.544185   -0.294185   library removal time
                                             -0.294185   data required time
---------------------------------------------------------------------------------------------
                                             -0.294185   data required time
                                            -12.726348   data arrival time
---------------------------------------------------------------------------------------------
                                             13.020533   slack (MET)


Startpoint: _2116_ (rising edge-triggered flip-flop clocked by sys_clk)
Endpoint: _2153_ (removal check against rising-edge clock sys_clk)
Path Group: asynchronous
Path Type: min

Fanout         Cap        Slew       Delay        Time   Description
---------------------------------------------------------------------------------------------
                      0.150000    0.000000    0.000000   clock sys_clk (rise edge)
                                  0.000000    0.000000   clock network delay (ideal)
                      0.150000    0.000000    0.000000 ^ _2116_/CLK (gf180mcu_fd_sc_mcu7t5v0__dffrnq_1)
     2    0.009422    0.272476    1.338152    1.338152 v _2116_/Q (gf180mcu_fd_sc_mcu7t5v0__dffrnq_1)
                                                         s_uart_rx_clean_fifo (net)
                      0.272476    0.000000    1.338152 v _0966_/A2 (gf180mcu_fd_sc_mcu7t5v0__nor2_1)
    51    0.371046   18.948601   11.388196   12.726348 ^ _0966_/ZN (gf180mcu_fd_sc_mcu7t5v0__nor2_1)
                                                         u_dc_fifo_rx.dst_rstn_i (net)
                     18.948601    0.000000   12.726348 ^ _2153_/SETN (gf180mcu_fd_sc_mcu7t5v0__dffsnq_1)
                                             12.726348   data arrival time

                      0.150000    0.000000    0.000000   clock sys_clk (rise edge)
                                  0.000000    0.000000   clock network delay (ideal)
                                  0.250000    0.250000   clock uncertainty
                                  0.000000    0.250000   clock reconvergence pessimism
                                              0.250000 ^ _2153_/CLK (gf180mcu_fd_sc_mcu7t5v0__dffsnq_1)
                                 -0.544185   -0.294185   library removal time
                                             -0.294185   data required time
---------------------------------------------------------------------------------------------
                                             -0.294185   data required time
                                            -12.726348   data arrival time
---------------------------------------------------------------------------------------------
                                             13.020533   slack (MET)



