Instance,Terminal,Layer,X location,Y location,Voltage
FILLER_98_690,VDD,Metal1,394.6200,403.3275,4.499976
FILLER_98_682,VDD,Metal1,391.3865,403.1830,4.499976
FILLER_98_672,VDD,Metal1,385.7865,403.1830,4.499976
FILLER_98_656,VDD,Metal1,379.1680,403.0680,4.499976
FILLER_98_645,VDD,Metal1,368.2000,403.7600,4.499976
FILLER_98_643,VDD,Metal1,367.3600,403.7600,4.499976
FILLER_98_634,VDD,Metal1,362.0400,403.7600,4.499976
FILLER_98_618,VDD,Metal1,357.8880,403.0680,4.499976
FILLER_98_580,VDD,Metal1,341.1555,402.9910,4.499976
FILLER_98_546,VDD,Metal1,322.1155,402.9910,4.499976
FILLER_98_542,VDD,Metal1,310.8000,403.7600,4.499975
FILLER_98_526,VDD,Metal1,306.3680,403.0680,4.499975
FILLER_98_506,VDD,Metal1,291.5800,403.3275,4.499974
FILLER_98_342,VDD,Metal1,198.8000,403.7600,4.499975
FILLER_98_324,VDD,Metal1,188.7200,403.7600,4.499977
FILLER_98_305,VDD,Metal1,177.8000,403.7600,4.499978
FILLER_98_301,VDD,Metal1,176.7800,403.3275,4.499978
FILLER_98_284,VDD,Metal1,166.0400,403.7600,4.499979
FILLER_98_282,VDD,Metal1,165.2000,403.7600,4.499979
FILLER_98_274,VDD,Metal1,162.9065,403.1830,4.499979
FILLER_98_240,VDD,Metal1,150.7555,402.9910,4.499979
FILLER_98_206,VDD,Metal1,131.7155,402.9910,4.499980
FILLER_98_172,VDD,Metal1,112.6755,402.9910,4.499981
FILLER_98_138,VDD,Metal1,93.6355,402.9910,4.499981
FILLER_98_104,VDD,Metal1,74.5955,402.9910,4.499982
FILLER_98_70,VDD,Metal1,55.5555,402.9910,4.499982
FILLER_98_36,VDD,Metal1,36.5155,402.9910,4.499983
FILLER_98_2,VDD,Metal1,17.4755,402.9910,4.499983
FILLER_97_689,VDD,Metal1,392.8400,395.9200,4.499846
FILLER_97_685,VDD,Metal1,391.8200,396.3525,4.499846
FILLER_97_653,VDD,Metal1,382.0355,396.6885,4.499846
FILLER_97_644,VDD,Metal1,367.6400,395.9200,4.499846
FILLER_97_640,VDD,Metal1,366.6200,396.3525,4.499846
FILLER_97_632,VDD,Metal1,363.3865,396.4965,4.499846
FILLER_97_626,VDD,Metal1,358.7800,396.3525,4.499846
FILLER_97_562,VDD,Metal1,340.0750,396.7340,4.499846
FILLER_97_558,VDD,Metal1,319.7600,395.9200,4.499846
FILLER_97_554,VDD,Metal1,318.4600,396.3525,4.499846
FILLER_97_538,VDD,Metal1,313.0880,396.6120,4.499846
FILLER_97_506,VDD,Metal1,299.7155,396.6885,4.499845
FILLER_97_489,VDD,Metal1,280.8400,395.9200,4.499844
FILLER_97_445,VDD,Metal1,256.2000,395.9200,4.499842
FILLER_97_443,VDD,Metal1,255.3600,395.9200,4.499842
FILLER_97_426,VDD,Metal1,245.5600,395.9200,4.499842
FILLER_97_422,VDD,Metal1,244.5400,396.3525,4.499842
FILLER_97_419,VDD,Metal1,241.6400,395.9200,4.499842
FILLER_97_415,VDD,Metal1,240.6200,396.3525,4.499842
FILLER_97_397,VDD,Metal1,229.6000,395.9200,4.499843
FILLER_97_371,VDD,Metal1,215.9800,396.3525,4.499843
FILLER_97_354,VDD,Metal1,205.2400,395.9200,4.499845
FILLER_97_352,VDD,Metal1,204.4000,395.9200,4.499845
FILLER_97_340,VDD,Metal1,198.6200,396.3525,4.499845
FILLER_97_297,VDD,Metal1,173.3200,395.9200,4.499850
FILLER_97_276,VDD,Metal1,162.7800,396.3525,4.499851
FILLER_97_212,VDD,Metal1,144.0750,396.7340,4.499851
FILLER_97_206,VDD,Metal1,123.5800,396.3525,4.499851
FILLER_97_142,VDD,Metal1,104.8750,396.7340,4.499851
FILLER_97_136,VDD,Metal1,84.3800,396.3525,4.499851
FILLER_97_72,VDD,Metal1,65.6750,396.7340,4.499851
FILLER_97_66,VDD,Metal1,45.1800,396.3525,4.499851
FILLER_97_2,VDD,Metal1,26.4750,396.7340,4.499851
FILLER_96_685,VDD,Metal1,390.6000,395.9200,4.499846
FILLER_96_683,VDD,Metal1,389.7600,395.9200,4.499846
FILLER_96_667,VDD,Metal1,385.3280,395.2280,4.499846
FILLER_96_661,VDD,Metal1,378.3800,395.4875,4.499846
FILLER_96_597,VDD,Metal1,359.6750,395.1055,4.499846
FILLER_96_591,VDD,Metal1,339.1800,395.4875,4.499846
FILLER_96_527,VDD,Metal1,320.4750,395.1055,4.499846
FILLER_96_524,VDD,Metal1,300.4400,395.9200,4.499845
FILLER_96_520,VDD,Metal1,299.4200,395.4875,4.499845
FILLER_96_512,VDD,Metal1,296.1865,395.3430,4.499845
FILLER_96_463,VDD,Metal1,266.2800,395.9200,4.499843
FILLER_96_451,VDD,Metal1,260.7800,395.4875,4.499843
FILLER_96_425,VDD,Metal1,246.2200,395.4875,4.499842
FILLER_96_402,VDD,Metal1,232.4000,395.9200,4.499842
FILLER_96_359,VDD,Metal1,208.0400,395.9200,4.499844
FILLER_96_317,VDD,Metal1,186.9865,395.3430,4.499845
FILLER_96_311,VDD,Metal1,182.3800,395.4875,4.499849
FILLER_96_299,VDD,Metal1,174.4400,395.9200,4.499850
FILLER_96_297,VDD,Metal1,173.6000,395.9200,4.499850
FILLER_96_247,VDD,Metal1,150.1280,395.2280,4.499851
FILLER_96_241,VDD,Metal1,143.1800,395.4875,4.499851
FILLER_96_177,VDD,Metal1,124.4750,395.1055,4.499851
FILLER_96_171,VDD,Metal1,103.9800,395.4875,4.499851
FILLER_96_107,VDD,Metal1,85.2750,395.1055,4.499851
FILLER_96_101,VDD,Metal1,64.7800,395.4875,4.499851
FILLER_96_37,VDD,Metal1,46.0750,395.1055,4.499851
FILLER_96_34,VDD,Metal1,26.0400,395.9200,4.499851
FILLER_96_30,VDD,Metal1,25.0200,395.4875,4.499851
FILLER_96_22,VDD,Metal1,21.7865,395.3430,4.499851
FILLER_96_6,VDD,Metal1,15.1680,395.2280,4.499851
FILLER_95_692,VDD,Metal1,394.8000,388.0800,4.499717
FILLER_95_688,VDD,Metal1,393.5000,388.5125,4.499717
FILLER_95_680,VDD,Metal1,390.2665,388.6565,4.499717
FILLER_95_664,VDD,Metal1,383.6480,388.7720,4.499717
FILLER_95_632,VDD,Metal1,370.2755,388.8485,4.499717
FILLER_95_626,VDD,Metal1,358.7800,388.5125,4.499717
FILLER_95_562,VDD,Metal1,340.0750,388.8940,4.499717
FILLER_95_559,VDD,Metal1,320.0400,388.0800,4.499717
FILLER_95_557,VDD,Metal1,319.2000,388.0800,4.499717
FILLER_95_553,VDD,Metal1,317.9000,388.5125,4.499717
FILLER_95_537,VDD,Metal1,312.5280,388.7720,4.499717
FILLER_95_502,VDD,Metal1,288.1200,388.0800,4.499716
FILLER_95_500,VDD,Metal1,287.2800,388.0800,4.499716
FILLER_95_492,VDD,Metal1,284.9865,388.6565,4.499716
FILLER_95_486,VDD,Metal1,280.3800,388.5125,4.499716
FILLER_95_433,VDD,Metal1,249.7600,388.0800,4.499721
FILLER_95_419,VDD,Metal1,241.6400,388.0800,4.499724
FILLER_95_352,VDD,Metal1,208.9280,388.7720,4.499730
FILLER_95_337,VDD,Metal1,196.0000,388.0800,4.499733
FILLER_95_310,VDD,Metal1,180.6000,388.0800,4.499742
FILLER_95_308,VDD,Metal1,179.7600,388.0800,4.499742
FILLER_95_304,VDD,Metal1,178.4600,388.5125,4.499742
FILLER_95_288,VDD,Metal1,168.2800,388.0800,4.499742
FILLER_95_286,VDD,Metal1,167.4400,388.0800,4.499742
FILLER_95_282,VDD,Metal1,166.1400,388.5125,4.499742
FILLER_95_276,VDD,Metal1,162.7800,388.5125,4.499742
FILLER_95_212,VDD,Metal1,144.0750,388.8940,4.499746
FILLER_95_206,VDD,Metal1,123.5800,388.5125,4.499746
FILLER_95_142,VDD,Metal1,104.8750,388.8940,4.499746
FILLER_95_136,VDD,Metal1,84.3800,388.5125,4.499746
FILLER_95_72,VDD,Metal1,65.6750,388.8940,4.499746
FILLER_95_66,VDD,Metal1,45.1800,388.5125,4.499746
FILLER_95_2,VDD,Metal1,26.4750,388.8940,4.499746
FILLER_94_693,VDD,Metal1,395.0800,388.0800,4.499717
FILLER_94_691,VDD,Metal1,394.2400,388.0800,4.499717
FILLER_94_683,VDD,Metal1,391.9465,387.5030,4.499717
FILLER_94_667,VDD,Metal1,385.3280,387.3880,4.499717
FILLER_94_661,VDD,Metal1,378.3800,387.6475,4.499717
FILLER_94_597,VDD,Metal1,359.6750,387.2655,4.499717
FILLER_94_591,VDD,Metal1,339.1800,387.6475,4.499717
FILLER_94_527,VDD,Metal1,320.4750,387.2655,4.499717
FILLER_94_523,VDD,Metal1,300.1600,388.0800,4.499717
FILLER_94_519,VDD,Metal1,298.8600,387.6475,4.499717
FILLER_94_468,VDD,Metal1,269.3600,388.0800,4.499716
FILLER_94_439,VDD,Metal1,252.8400,388.0800,4.499717
FILLER_94_437,VDD,Metal1,252.0000,388.0800,4.499721
FILLER_94_387,VDD,Metal1,224.9400,387.6475,4.499725
FILLER_94_373,VDD,Metal1,215.8800,388.0800,4.499729
FILLER_94_357,VDD,Metal1,211.7280,387.3880,4.499729
FILLER_94_341,VDD,Metal1,197.9600,388.0800,4.499733
FILLER_94_333,VDD,Metal1,195.9465,387.5030,4.499733
FILLER_94_317,VDD,Metal1,189.3280,387.3880,4.499739
FILLER_94_313,VDD,Metal1,182.5600,388.0800,4.499742
FILLER_94_309,VDD,Metal1,181.2600,387.6475,4.499742
FILLER_94_271,VDD,Metal1,159.9800,387.6475,4.499746
FILLER_94_263,VDD,Metal1,156.7465,387.5030,4.499746
FILLER_94_247,VDD,Metal1,150.1280,387.3880,4.499746
FILLER_94_241,VDD,Metal1,143.1800,387.6475,4.499746
FILLER_94_177,VDD,Metal1,124.4750,387.2655,4.499746
FILLER_94_171,VDD,Metal1,103.9800,387.6475,4.499746
FILLER_94_107,VDD,Metal1,85.2750,387.2655,4.499746
FILLER_94_101,VDD,Metal1,64.7800,387.6475,4.499746
FILLER_94_37,VDD,Metal1,46.0750,387.2655,4.499746
FILLER_94_34,VDD,Metal1,26.0400,388.0800,4.499746
FILLER_94_2,VDD,Metal1,17.4755,387.3110,4.499746
FILLER_93_692,VDD,Metal1,394.8000,380.2400,4.499776
FILLER_93_688,VDD,Metal1,393.5000,380.6725,4.499776
FILLER_93_680,VDD,Metal1,390.2665,380.8165,4.499776
FILLER_93_664,VDD,Metal1,383.6480,380.9320,4.499776
FILLER_93_632,VDD,Metal1,370.2755,381.0085,4.499776
FILLER_93_626,VDD,Metal1,358.7800,380.6725,4.499776
FILLER_93_562,VDD,Metal1,340.0750,381.0540,4.499776
FILLER_93_559,VDD,Metal1,320.0400,380.2400,4.499776
FILLER_93_557,VDD,Metal1,319.2000,380.2400,4.499776
FILLER_93_549,VDD,Metal1,316.9065,380.8165,4.499776
FILLER_93_533,VDD,Metal1,310.2880,380.9320,4.499776
FILLER_93_498,VDD,Metal1,285.8800,380.2400,4.499776
FILLER_93_496,VDD,Metal1,285.0400,380.2400,4.499777
FILLER_93_492,VDD,Metal1,283.7400,380.6725,4.499777
FILLER_93_488,VDD,Metal1,280.5600,380.2400,4.499778
FILLER_93_480,VDD,Metal1,278.2665,380.8165,4.499778
FILLER_93_465,VDD,Metal1,267.4000,380.2400,4.499782
FILLER_93_436,VDD,Metal1,251.1600,380.2400,4.499790
FILLER_93_419,VDD,Metal1,241.6400,380.2400,4.499791
FILLER_93_417,VDD,Metal1,240.8000,380.2400,4.499791
FILLER_93_407,VDD,Metal1,236.1400,380.6725,4.499794
FILLER_93_371,VDD,Metal1,217.2265,380.8165,4.499795
FILLER_93_352,VDD,Metal1,205.3400,380.6725,4.499796
FILLER_93_342,VDD,Metal1,200.9865,380.8165,4.499797
FILLER_93_306,VDD,Metal1,178.6400,380.2400,4.499823
FILLER_93_298,VDD,Metal1,176.3465,380.8165,4.499823
FILLER_93_282,VDD,Metal1,169.7280,380.9320,4.499823
FILLER_93_276,VDD,Metal1,162.7800,380.6725,4.499823
FILLER_93_212,VDD,Metal1,144.0750,381.0540,4.499823
FILLER_93_206,VDD,Metal1,123.5800,380.6725,4.499824
FILLER_93_142,VDD,Metal1,104.8750,381.0540,4.499824
FILLER_93_136,VDD,Metal1,84.3800,380.6725,4.499824
FILLER_93_72,VDD,Metal1,65.6750,381.0540,4.499824
FILLER_93_66,VDD,Metal1,45.1800,380.6725,4.499824
FILLER_93_2,VDD,Metal1,26.4750,381.0540,4.499824
FILLER_92_693,VDD,Metal1,395.0800,380.2400,4.499776
FILLER_92_691,VDD,Metal1,394.2400,380.2400,4.499776
FILLER_92_683,VDD,Metal1,391.9465,379.6630,4.499776
FILLER_92_667,VDD,Metal1,385.3280,379.5480,4.499776
FILLER_92_661,VDD,Metal1,378.3800,379.8075,4.499776
FILLER_92_597,VDD,Metal1,359.6750,379.4255,4.499776
FILLER_92_591,VDD,Metal1,339.1800,379.8075,4.499776
FILLER_92_527,VDD,Metal1,320.4750,379.4255,4.499776
FILLER_92_524,VDD,Metal1,300.4400,380.2400,4.499776
FILLER_92_522,VDD,Metal1,299.6000,380.2400,4.499776
FILLER_92_518,VDD,Metal1,298.3000,379.8075,4.499776
FILLER_92_510,VDD,Metal1,295.0665,379.6630,4.499776
FILLER_92_494,VDD,Metal1,283.6400,380.2400,4.499777
FILLER_92_490,VDD,Metal1,282.6200,379.8075,4.499777
FILLER_92_482,VDD,Metal1,279.3865,379.6630,4.499778
FILLER_92_465,VDD,Metal1,267.4000,380.2400,4.499782
FILLER_92_463,VDD,Metal1,266.5600,380.2400,4.499782
FILLER_92_454,VDD,Metal1,261.2400,380.2400,4.499790
FILLER_92_450,VDD,Metal1,260.2200,379.8075,4.499790
FILLER_92_427,VDD,Metal1,248.5865,379.6630,4.499791
FILLER_92_395,VDD,Metal1,228.4800,380.2400,4.499794
FILLER_92_387,VDD,Metal1,226.1865,379.6630,4.499794
FILLER_92_384,VDD,Metal1,222.0400,380.2400,4.499795
FILLER_92_382,VDD,Metal1,221.2000,380.2400,4.499795
FILLER_92_378,VDD,Metal1,219.9000,379.8075,4.499795
FILLER_92_343,VDD,Metal1,199.0800,380.2400,4.499804
FILLER_92_341,VDD,Metal1,198.2400,380.2400,4.499804
FILLER_92_333,VDD,Metal1,195.9465,379.6630,4.499804
FILLER_92_317,VDD,Metal1,189.3280,379.5480,4.499805
FILLER_92_311,VDD,Metal1,182.3800,379.8075,4.499805
FILLER_92_247,VDD,Metal1,163.6750,379.4255,4.499823
FILLER_92_241,VDD,Metal1,143.1800,379.8075,4.499824
FILLER_92_177,VDD,Metal1,124.4750,379.4255,4.499824
FILLER_92_171,VDD,Metal1,103.9800,379.8075,4.499824
FILLER_92_107,VDD,Metal1,85.2750,379.4255,4.499824
FILLER_92_101,VDD,Metal1,64.7800,379.8075,4.499824
FILLER_92_37,VDD,Metal1,46.0750,379.4255,4.499824
FILLER_92_34,VDD,Metal1,26.0400,380.2400,4.499824
FILLER_92_2,VDD,Metal1,17.4755,379.4710,4.499824
FILLER_91_692,VDD,Metal1,394.8000,372.4000,4.499767
FILLER_91_688,VDD,Metal1,393.5000,372.8325,4.499767
FILLER_91_680,VDD,Metal1,390.2665,372.9765,4.499767
FILLER_91_664,VDD,Metal1,383.6480,373.0920,4.499767
FILLER_91_632,VDD,Metal1,370.2755,373.1685,4.499767
FILLER_91_626,VDD,Metal1,358.7800,372.8325,4.499767
FILLER_91_562,VDD,Metal1,340.0750,373.2140,4.499767
FILLER_91_558,VDD,Metal1,319.7600,372.4000,4.499762
FILLER_91_542,VDD,Metal1,315.3280,373.0920,4.499762
FILLER_91_535,VDD,Metal1,306.8800,372.4000,4.499721
FILLER_91_531,VDD,Metal1,305.5800,372.8325,4.499721
FILLER_91_524,VDD,Metal1,300.7200,372.4000,4.499720
FILLER_91_492,VDD,Metal1,291.8755,373.1685,4.499720
FILLER_91_488,VDD,Metal1,280.5600,372.4000,4.499720
FILLER_91_438,VDD,Metal1,252.2800,372.4000,4.499722
FILLER_91_436,VDD,Metal1,251.4400,372.4000,4.499722
FILLER_91_419,VDD,Metal1,241.6400,372.4000,4.499733
FILLER_91_417,VDD,Metal1,240.8000,372.4000,4.499733
FILLER_91_405,VDD,Metal1,233.8000,372.4000,4.499739
FILLER_91_388,VDD,Metal1,224.2800,372.4000,4.499741
FILLER_91_380,VDD,Metal1,222.2665,372.9765,4.499771
FILLER_91_364,VDD,Metal1,210.8400,372.4000,4.499778
FILLER_91_360,VDD,Metal1,209.8200,372.8325,4.499778
FILLER_91_352,VDD,Metal1,206.5865,372.9765,4.499779
FILLER_91_346,VDD,Metal1,201.9800,372.8325,4.499781
FILLER_91_282,VDD,Metal1,183.2750,373.2140,4.499781
FILLER_91_276,VDD,Metal1,162.7800,372.8325,4.499786
FILLER_91_212,VDD,Metal1,144.0750,373.2140,4.499787
FILLER_91_206,VDD,Metal1,123.5800,372.8325,4.499787
FILLER_91_142,VDD,Metal1,104.8750,373.2140,4.499787
FILLER_91_136,VDD,Metal1,84.3800,372.8325,4.499787
FILLER_91_72,VDD,Metal1,65.6750,373.2140,4.499787
FILLER_91_66,VDD,Metal1,45.1800,372.8325,4.499787
FILLER_91_2,VDD,Metal1,26.4750,373.2140,4.499787
FILLER_90_693,VDD,Metal1,395.0800,372.4000,4.499767
FILLER_90_691,VDD,Metal1,394.2400,372.4000,4.499767
FILLER_90_683,VDD,Metal1,391.9465,371.8230,4.499767
FILLER_90_667,VDD,Metal1,385.3280,371.7080,4.499767
FILLER_90_661,VDD,Metal1,378.3800,371.9675,4.499767
FILLER_90_597,VDD,Metal1,359.6750,371.5855,4.499767
FILLER_90_560,VDD,Metal1,320.6000,372.4000,4.499762
FILLER_90_558,VDD,Metal1,319.7600,372.4000,4.499762
FILLER_90_550,VDD,Metal1,317.4665,371.8230,4.499762
FILLER_90_535,VDD,Metal1,306.8800,372.4000,4.499721
FILLER_90_527,VDD,Metal1,304.5865,371.8230,4.499721
FILLER_90_517,VDD,Metal1,298.9865,371.8230,4.499720
FILLER_90_510,VDD,Metal1,292.8800,372.4000,4.499720
FILLER_90_502,VDD,Metal1,290.5865,371.8230,4.499720
FILLER_90_467,VDD,Metal1,268.5200,372.4000,4.499720
FILLER_90_465,VDD,Metal1,267.6800,372.4000,4.499720
FILLER_90_457,VDD,Metal1,265.3865,371.8230,4.499720
FILLER_90_454,VDD,Metal1,261.2400,372.4000,4.499720
FILLER_90_430,VDD,Metal1,248.0800,372.4000,4.499722
FILLER_90_422,VDD,Metal1,245.7865,371.8230,4.499722
FILLER_90_406,VDD,Metal1,239.1680,371.7080,4.499733
FILLER_90_365,VDD,Metal1,212.6200,371.9675,4.499775
FILLER_90_357,VDD,Metal1,209.3865,371.8230,4.499778
FILLER_90_341,VDD,Metal1,202.7680,371.7080,4.499780
FILLER_90_325,VDD,Metal1,189.0000,372.4000,4.499781
FILLER_90_317,VDD,Metal1,186.9865,371.8230,4.499781
FILLER_90_314,VDD,Metal1,182.8400,372.4000,4.499781
FILLER_90_312,VDD,Metal1,182.0000,372.4000,4.499781
FILLER_90_308,VDD,Metal1,180.7000,371.9675,4.499781
FILLER_90_300,VDD,Metal1,177.4665,371.8230,4.499781
FILLER_90_283,VDD,Metal1,165.7600,372.4000,4.499784
FILLER_90_279,VDD,Metal1,164.4600,371.9675,4.499785
FILLER_90_247,VDD,Metal1,154.6755,371.6310,4.499787
FILLER_90_241,VDD,Metal1,143.1800,371.9675,4.499787
FILLER_90_177,VDD,Metal1,124.4750,371.5855,4.499787
FILLER_90_171,VDD,Metal1,103.9800,371.9675,4.499787
FILLER_90_107,VDD,Metal1,85.2750,371.5855,4.499787
FILLER_90_101,VDD,Metal1,64.7800,371.9675,4.499787
FILLER_90_37,VDD,Metal1,46.0750,371.5855,4.499787
FILLER_90_34,VDD,Metal1,26.0400,372.4000,4.499787
FILLER_90_2,VDD,Metal1,17.4755,371.6310,4.499787
FILLER_89_692,VDD,Metal1,394.8000,364.5600,4.499718
FILLER_89_688,VDD,Metal1,393.5000,364.9925,4.499718
FILLER_89_680,VDD,Metal1,390.2665,365.1365,4.499718
FILLER_89_664,VDD,Metal1,383.6480,365.2520,4.499718
FILLER_89_632,VDD,Metal1,370.2755,365.3285,4.499718
FILLER_89_626,VDD,Metal1,358.7800,364.9925,4.499718
FILLER_89_562,VDD,Metal1,340.0750,365.3740,4.499718
FILLER_89_559,VDD,Metal1,320.0400,364.5600,4.499717
FILLER_89_555,VDD,Metal1,319.0200,364.9925,4.499717
FILLER_89_547,VDD,Metal1,315.7865,365.1365,4.499717
FILLER_89_537,VDD,Metal1,307.7200,364.5600,4.499712
FILLER_89_535,VDD,Metal1,306.8800,364.5600,4.499712
FILLER_89_526,VDD,Metal1,301.5600,364.5600,4.499708
FILLER_89_524,VDD,Metal1,300.7200,364.5600,4.499705
FILLER_89_492,VDD,Metal1,291.8755,365.3285,4.499705
FILLER_89_489,VDD,Metal1,280.8400,364.5600,4.499701
FILLER_89_485,VDD,Metal1,279.8200,364.9925,4.499701
FILLER_89_477,VDD,Metal1,276.5865,365.1365,4.499701
FILLER_89_445,VDD,Metal1,265.5555,365.3285,4.499701
FILLER_89_442,VDD,Metal1,254.5200,364.5600,4.499701
FILLER_89_438,VDD,Metal1,253.5000,364.9925,4.499701
FILLER_89_422,VDD,Metal1,248.1280,365.2520,4.499699
FILLER_89_418,VDD,Metal1,241.3600,364.5600,4.499697
FILLER_89_414,VDD,Metal1,240.0600,364.9925,4.499696
FILLER_89_406,VDD,Metal1,236.8265,365.1365,4.499696
FILLER_89_390,VDD,Metal1,225.4000,364.5600,4.499696
FILLER_89_386,VDD,Metal1,224.3800,364.9925,4.499695
FILLER_89_349,VDD,Metal1,202.4400,364.5600,4.499696
FILLER_89_298,VDD,Metal1,174.1600,364.5600,4.499706
FILLER_89_282,VDD,Metal1,169.7280,365.2520,4.499706
FILLER_89_276,VDD,Metal1,162.7800,364.9925,4.499706
FILLER_89_212,VDD,Metal1,144.0750,365.3740,4.499708
FILLER_89_206,VDD,Metal1,123.5800,364.9925,4.499708
FILLER_89_142,VDD,Metal1,104.8750,365.3740,4.499708
FILLER_89_136,VDD,Metal1,84.3800,364.9925,4.499709
FILLER_89_72,VDD,Metal1,65.6750,365.3740,4.499709
FILLER_89_66,VDD,Metal1,45.1800,364.9925,4.499709
FILLER_89_2,VDD,Metal1,26.4750,365.3740,4.499709
FILLER_88_685,VDD,Metal1,390.6000,364.5600,4.499718
FILLER_88_683,VDD,Metal1,389.7600,364.5600,4.499718
FILLER_88_667,VDD,Metal1,385.3280,363.8680,4.499718
FILLER_88_661,VDD,Metal1,378.3800,364.1275,4.499718
FILLER_88_597,VDD,Metal1,359.6750,363.7455,4.499718
FILLER_88_591,VDD,Metal1,339.1800,364.1275,4.499718
FILLER_88_583,VDD,Metal1,335.9465,363.9830,4.499718
FILLER_88_567,VDD,Metal1,329.3280,363.8680,4.499718
FILLER_88_535,VDD,Metal1,315.9555,363.7910,4.499717
FILLER_88_529,VDD,Metal1,303.2400,364.5600,4.499708
FILLER_88_527,VDD,Metal1,302.4000,364.5600,4.499708
FILLER_88_524,VDD,Metal1,300.4400,364.5600,4.499705
FILLER_88_520,VDD,Metal1,299.4200,364.1275,4.499705
FILLER_88_512,VDD,Metal1,296.1865,363.9830,4.499705
FILLER_88_497,VDD,Metal1,285.6000,364.5600,4.499704
FILLER_88_489,VDD,Metal1,283.3065,363.9830,4.499704
FILLER_88_457,VDD,Metal1,272.2755,363.7910,4.499701
FILLER_88_454,VDD,Metal1,261.2400,364.5600,4.499701
FILLER_88_452,VDD,Metal1,260.4000,364.5600,4.499701
FILLER_88_436,VDD,Metal1,255.9680,363.8680,4.499701
FILLER_88_384,VDD,Metal1,222.0400,364.5600,4.499695
FILLER_88_382,VDD,Metal1,221.2000,364.5600,4.499695
FILLER_88_374,VDD,Metal1,218.9065,363.9830,4.499695
FILLER_88_358,VDD,Metal1,212.2880,363.8680,4.499695
FILLER_88_341,VDD,Metal1,197.9600,364.5600,4.499696
FILLER_88_333,VDD,Metal1,195.9465,363.9830,4.499696
FILLER_88_317,VDD,Metal1,189.3280,363.8680,4.499696
FILLER_88_314,VDD,Metal1,182.8400,364.5600,4.499705
FILLER_88_312,VDD,Metal1,182.0000,364.5600,4.499705
FILLER_88_308,VDD,Metal1,180.7000,364.1275,4.499706
FILLER_88_273,VDD,Metal1,159.8800,364.5600,4.499708
FILLER_88_271,VDD,Metal1,159.0400,364.5600,4.499708
FILLER_88_263,VDD,Metal1,156.7465,363.9830,4.499708
FILLER_88_247,VDD,Metal1,150.1280,363.8680,4.499708
FILLER_88_241,VDD,Metal1,143.1800,364.1275,4.499708
FILLER_88_177,VDD,Metal1,124.4750,363.7455,4.499708
FILLER_88_171,VDD,Metal1,103.9800,364.1275,4.499708
FILLER_88_107,VDD,Metal1,85.2750,363.7455,4.499708
FILLER_88_101,VDD,Metal1,64.7800,364.1275,4.499709
FILLER_88_37,VDD,Metal1,46.0750,363.7455,4.499709
FILLER_88_34,VDD,Metal1,26.0400,364.5600,4.499709
FILLER_88_2,VDD,Metal1,17.4755,363.7910,4.499709
FILLER_87_692,VDD,Metal1,394.8000,356.7200,4.499447
FILLER_87_688,VDD,Metal1,393.5000,357.1525,4.499447
FILLER_87_680,VDD,Metal1,390.2665,357.2965,4.499447
FILLER_87_664,VDD,Metal1,383.6480,357.4120,4.499447
FILLER_87_632,VDD,Metal1,370.2755,357.4885,4.499447
FILLER_87_629,VDD,Metal1,359.2400,356.7200,4.499447
FILLER_87_621,VDD,Metal1,357.2265,357.2965,4.499447
FILLER_87_579,VDD,Metal1,333.7065,357.2965,4.499449
FILLER_87_566,VDD,Metal1,324.2400,356.7200,4.499436
FILLER_87_562,VDD,Metal1,322.9400,357.1525,4.499436
FILLER_87_559,VDD,Metal1,320.0400,356.7200,4.499433
FILLER_87_555,VDD,Metal1,319.0200,357.1525,4.499433
FILLER_87_547,VDD,Metal1,315.7865,357.2965,4.499432
FILLER_87_532,VDD,Metal1,305.2000,356.7200,4.499415
FILLER_87_500,VDD,Metal1,296.3555,357.4885,4.499415
FILLER_87_488,VDD,Metal1,280.5600,356.7200,4.499414
FILLER_87_484,VDD,Metal1,279.2600,357.1525,4.499414
FILLER_87_475,VDD,Metal1,273.0000,356.7200,4.499414
FILLER_87_473,VDD,Metal1,272.1600,356.7200,4.499414
FILLER_87_457,VDD,Metal1,267.7280,357.4120,4.499415
FILLER_87_430,VDD,Metal1,247.8000,356.7200,4.499423
FILLER_87_422,VDD,Metal1,245.7865,357.2965,4.499423
FILLER_87_416,VDD,Metal1,241.1800,357.1525,4.499423
FILLER_87_352,VDD,Metal1,222.4750,357.5340,4.499423
FILLER_87_349,VDD,Metal1,202.4400,356.7200,4.499424
FILLER_87_347,VDD,Metal1,201.6000,356.7200,4.499424
FILLER_87_339,VDD,Metal1,199.3065,357.2965,4.499424
FILLER_87_288,VDD,Metal1,168.2800,356.7200,4.499446
FILLER_87_286,VDD,Metal1,167.4400,356.7200,4.499446
FILLER_87_282,VDD,Metal1,166.1400,357.1525,4.499447
FILLER_87_276,VDD,Metal1,162.7800,357.1525,4.499455
FILLER_87_212,VDD,Metal1,144.0750,357.5340,4.499455
FILLER_87_206,VDD,Metal1,123.5800,357.1525,4.499456
FILLER_87_142,VDD,Metal1,104.8750,357.5340,4.499456
FILLER_87_136,VDD,Metal1,84.3800,357.1525,4.499456
FILLER_87_72,VDD,Metal1,65.6750,357.5340,4.499456
FILLER_87_66,VDD,Metal1,45.1800,357.1525,4.499457
FILLER_87_2,VDD,Metal1,26.4750,357.5340,4.499457
FILLER_86_693,VDD,Metal1,395.0800,356.7200,4.499447
FILLER_86_691,VDD,Metal1,394.2400,356.7200,4.499447
FILLER_86_683,VDD,Metal1,391.9465,356.1430,4.499447
FILLER_86_667,VDD,Metal1,385.3280,356.0280,4.499447
FILLER_86_661,VDD,Metal1,378.3800,356.2875,4.499447
FILLER_86_597,VDD,Metal1,359.6750,355.9055,4.499447
FILLER_86_594,VDD,Metal1,339.6400,356.7200,4.499447
FILLER_86_592,VDD,Metal1,338.8000,356.7200,4.499447
FILLER_86_588,VDD,Metal1,337.5000,356.2875,4.499447
FILLER_86_555,VDD,Metal1,320.2665,356.1430,4.499433
FILLER_86_527,VDD,Metal1,302.1200,356.7200,4.499415
FILLER_86_523,VDD,Metal1,300.1600,356.7200,4.499415
FILLER_86_515,VDD,Metal1,297.8665,356.1430,4.499415
FILLER_86_457,VDD,Metal1,265.3865,356.1430,4.499415
FILLER_86_454,VDD,Metal1,261.2400,356.7200,4.499421
FILLER_86_438,VDD,Metal1,257.0880,356.0280,4.499422
FILLER_86_403,VDD,Metal1,232.6800,356.7200,4.499423
FILLER_86_387,VDD,Metal1,228.5280,356.0280,4.499423
FILLER_86_381,VDD,Metal1,221.5800,356.2875,4.499423
FILLER_86_373,VDD,Metal1,218.3465,356.1430,4.499423
FILLER_86_327,VDD,Metal1,190.1200,356.7200,4.499434
FILLER_86_325,VDD,Metal1,189.2800,356.7200,4.499434
FILLER_86_317,VDD,Metal1,186.9865,356.1430,4.499434
FILLER_86_313,VDD,Metal1,182.5600,356.7200,4.499434
FILLER_86_297,VDD,Metal1,178.1280,356.0280,4.499434
FILLER_86_287,VDD,Metal1,168.0000,356.7200,4.499446
FILLER_86_279,VDD,Metal1,165.7065,356.1430,4.499447
FILLER_86_247,VDD,Metal1,154.6755,355.9510,4.499455
FILLER_86_241,VDD,Metal1,143.1800,356.2875,4.499455
FILLER_86_177,VDD,Metal1,124.4750,355.9055,4.499455
FILLER_86_171,VDD,Metal1,103.9800,356.2875,4.499456
FILLER_86_107,VDD,Metal1,85.2750,355.9055,4.499456
FILLER_86_101,VDD,Metal1,64.7800,356.2875,4.499456
FILLER_86_37,VDD,Metal1,46.0750,355.9055,4.499457
FILLER_86_34,VDD,Metal1,26.0400,356.7200,4.499457
FILLER_86_2,VDD,Metal1,17.4755,355.9510,4.499457
FILLER_85_692,VDD,Metal1,394.8000,348.8800,4.499406
FILLER_85_688,VDD,Metal1,393.5000,349.3125,4.499406
FILLER_85_680,VDD,Metal1,390.2665,349.4565,4.499406
FILLER_85_664,VDD,Metal1,383.6480,349.5720,4.499406
FILLER_85_632,VDD,Metal1,370.2755,349.6485,4.499406
FILLER_85_629,VDD,Metal1,359.2400,348.8800,4.499406
FILLER_85_625,VDD,Metal1,358.2200,349.3125,4.499406
FILLER_85_590,VDD,Metal1,337.4000,348.8800,4.499407
FILLER_85_588,VDD,Metal1,336.5600,348.8800,4.499407
FILLER_85_580,VDD,Metal1,334.2665,349.4565,4.499407
FILLER_85_562,VDD,Metal1,322.9400,349.3125,4.499404
FILLER_85_559,VDD,Metal1,320.0400,348.8800,4.499404
FILLER_85_543,VDD,Metal1,315.8880,349.5720,4.499404
FILLER_85_538,VDD,Metal1,308.2800,348.8800,4.499391
FILLER_85_536,VDD,Metal1,307.4400,348.8800,4.499391
FILLER_85_504,VDD,Metal1,298.5955,349.6485,4.499390
FILLER_85_473,VDD,Metal1,272.1600,348.8800,4.499375
FILLER_85_457,VDD,Metal1,267.7280,349.5720,4.499375
FILLER_85_422,VDD,Metal1,243.3200,348.8800,4.499340
FILLER_85_419,VDD,Metal1,241.6400,348.8800,4.499340
FILLER_85_415,VDD,Metal1,240.6200,349.3125,4.499340
FILLER_85_383,VDD,Metal1,230.8355,349.6485,4.499340
FILLER_85_367,VDD,Metal1,212.5200,348.8800,4.499328
FILLER_85_332,VDD,Metal1,193.2000,348.8800,4.499328
FILLER_85_328,VDD,Metal1,191.9000,349.3125,4.499328
FILLER_85_290,VDD,Metal1,170.6200,349.3125,4.499398
FILLER_85_282,VDD,Metal1,167.3865,349.4565,4.499399
FILLER_85_276,VDD,Metal1,162.7800,349.3125,4.499399
FILLER_85_268,VDD,Metal1,159.5465,349.4565,4.499399
FILLER_85_252,VDD,Metal1,152.9280,349.5720,4.499400
FILLER_85_216,VDD,Metal1,128.2400,348.8800,4.499405
FILLER_85_212,VDD,Metal1,126.9400,349.3125,4.499405
FILLER_85_206,VDD,Metal1,123.5800,349.3125,4.499405
FILLER_85_142,VDD,Metal1,104.8750,349.6940,4.499405
FILLER_85_136,VDD,Metal1,84.3800,349.3125,4.499406
FILLER_85_72,VDD,Metal1,65.6750,349.6940,4.499406
FILLER_85_66,VDD,Metal1,45.1800,349.3125,4.499406
FILLER_85_2,VDD,Metal1,26.4750,349.6940,4.499406
FILLER_84_693,VDD,Metal1,395.0800,348.8800,4.499406
FILLER_84_691,VDD,Metal1,394.2400,348.8800,4.499406
FILLER_84_683,VDD,Metal1,391.9465,348.3030,4.499406
FILLER_84_667,VDD,Metal1,385.3280,348.1880,4.499406
FILLER_84_661,VDD,Metal1,378.3800,348.4475,4.499406
FILLER_84_653,VDD,Metal1,375.1465,348.3030,4.499406
FILLER_84_617,VDD,Metal1,352.8000,348.8800,4.499406
FILLER_84_609,VDD,Metal1,350.5065,348.3030,4.499406
FILLER_84_599,VDD,Metal1,342.4400,348.8800,4.499406
FILLER_84_597,VDD,Metal1,341.6000,348.8800,4.499406
FILLER_84_593,VDD,Metal1,339.3600,348.8800,4.499406
FILLER_84_589,VDD,Metal1,338.0600,348.4475,4.499407
FILLER_84_573,VDD,Metal1,332.6880,348.1880,4.499407
FILLER_84_541,VDD,Metal1,319.3155,348.1110,4.499404
FILLER_84_524,VDD,Metal1,300.4400,348.8800,4.499390
FILLER_84_516,VDD,Metal1,298.4265,348.3030,4.499390
FILLER_84_500,VDD,Metal1,291.8080,348.1880,4.499390
FILLER_84_490,VDD,Metal1,282.6200,348.4475,4.499380
FILLER_84_474,VDD,Metal1,272.7200,348.8800,4.499375
FILLER_84_470,VDD,Metal1,271.4200,348.4475,4.499375
FILLER_84_461,VDD,Metal1,265.1600,348.8800,4.499375
FILLER_84_457,VDD,Metal1,264.1400,348.4475,4.499375
FILLER_84_451,VDD,Metal1,260.7800,348.4475,4.499340
FILLER_84_387,VDD,Metal1,242.0750,348.0655,4.499340
FILLER_84_383,VDD,Metal1,221.7600,348.8800,4.499328
FILLER_84_375,VDD,Metal1,219.4665,348.3030,4.499328
FILLER_84_313,VDD,Metal1,182.5600,348.8800,4.499381
FILLER_84_309,VDD,Metal1,181.2600,348.4475,4.499381
FILLER_84_293,VDD,Metal1,175.8880,348.1880,4.499382
FILLER_84_255,VDD,Metal1,151.0200,348.4475,4.499400
FILLER_84_247,VDD,Metal1,147.7865,348.3030,4.499402
FILLER_84_241,VDD,Metal1,143.1800,348.4475,4.499405
FILLER_84_177,VDD,Metal1,124.4750,348.0655,4.499405
FILLER_84_171,VDD,Metal1,103.9800,348.4475,4.499405
FILLER_84_107,VDD,Metal1,85.2750,348.0655,4.499405
FILLER_84_101,VDD,Metal1,64.7800,348.4475,4.499406
FILLER_84_37,VDD,Metal1,46.0750,348.0655,4.499406
FILLER_84_34,VDD,Metal1,26.0400,348.8800,4.499406
FILLER_84_2,VDD,Metal1,17.4755,348.1110,4.499406
FILLER_83_692,VDD,Metal1,394.8000,341.0400,4.498731
FILLER_83_688,VDD,Metal1,393.5000,341.4725,4.498731
FILLER_83_680,VDD,Metal1,390.2665,341.6165,4.498731
FILLER_83_664,VDD,Metal1,383.6480,341.7320,4.498731
FILLER_83_632,VDD,Metal1,370.2755,341.8085,4.498731
FILLER_83_628,VDD,Metal1,358.9600,341.0400,4.498731
FILLER_83_620,VDD,Metal1,356.6665,341.6165,4.498731
FILLER_83_608,VDD,Metal1,347.4800,341.0400,4.498731
FILLER_83_606,VDD,Metal1,346.6400,341.0400,4.498731
FILLER_83_590,VDD,Metal1,339.8665,341.6165,4.498735
FILLER_83_578,VDD,Metal1,330.6800,341.0400,4.498748
FILLER_83_562,VDD,Metal1,326.5280,341.7320,4.498747
FILLER_83_559,VDD,Metal1,320.0400,341.0400,4.498747
FILLER_83_555,VDD,Metal1,319.0200,341.4725,4.498747
FILLER_83_539,VDD,Metal1,313.6480,341.7320,4.498746
FILLER_83_518,VDD,Metal1,298.3000,341.4725,4.498739
FILLER_83_502,VDD,Metal1,292.9280,341.7320,4.498738
FILLER_83_489,VDD,Metal1,280.8400,341.0400,4.498724
FILLER_83_485,VDD,Metal1,279.8200,341.4725,4.498723
FILLER_83_469,VDD,Metal1,274.4480,341.7320,4.498723
FILLER_83_462,VDD,Metal1,265.7200,341.0400,4.498717
FILLER_83_454,VDD,Metal1,263.7065,341.6165,4.498717
FILLER_83_422,VDD,Metal1,252.6755,341.8085,4.498716
FILLER_83_418,VDD,Metal1,241.3600,341.0400,4.498716
FILLER_83_414,VDD,Metal1,240.0600,341.4725,4.498716
FILLER_83_364,VDD,Metal1,210.8400,341.0400,4.498717
FILLER_83_360,VDD,Metal1,209.8200,341.4725,4.498717
FILLER_83_352,VDD,Metal1,206.5865,341.6165,4.498717
FILLER_83_349,VDD,Metal1,202.4400,341.0400,4.498717
FILLER_83_313,VDD,Metal1,182.5600,341.0400,4.498781
FILLER_83_305,VDD,Metal1,180.2665,341.6165,4.498783
FILLER_83_288,VDD,Metal1,168.2800,341.0400,4.498789
FILLER_83_286,VDD,Metal1,167.4400,341.0400,4.498789
FILLER_83_282,VDD,Metal1,166.1400,341.4725,4.498790
FILLER_83_279,VDD,Metal1,163.2400,341.0400,4.498791
FILLER_83_222,VDD,Metal1,131.3200,341.0400,4.498794
FILLER_83_220,VDD,Metal1,130.4800,341.0400,4.498794
FILLER_83_212,VDD,Metal1,128.1865,341.6165,4.498795
FILLER_83_206,VDD,Metal1,123.5800,341.4725,4.498810
FILLER_83_142,VDD,Metal1,104.8750,341.8540,4.498811
FILLER_83_138,VDD,Metal1,84.5600,341.0400,4.498812
FILLER_83_122,VDD,Metal1,80.1280,341.7320,4.498812
FILLER_83_72,VDD,Metal1,52.1280,341.7320,4.498834
FILLER_83_66,VDD,Metal1,45.1800,341.4725,4.498834
FILLER_83_2,VDD,Metal1,26.4750,341.8540,4.498834
FILLER_82_693,VDD,Metal1,395.0800,341.0400,4.498731
FILLER_82_691,VDD,Metal1,394.2400,341.0400,4.498731
FILLER_82_683,VDD,Metal1,391.9465,340.4630,4.498731
FILLER_82_667,VDD,Metal1,385.3280,340.3480,4.498731
FILLER_82_664,VDD,Metal1,378.8400,341.0400,4.498731
FILLER_82_648,VDD,Metal1,374.6880,340.3480,4.498731
FILLER_82_597,VDD,Metal1,341.3200,341.0400,4.498735
FILLER_82_593,VDD,Metal1,339.3600,341.0400,4.498735
FILLER_82_589,VDD,Metal1,338.0600,340.6075,4.498738
FILLER_82_577,VDD,Metal1,331.3400,340.6075,4.498748
FILLER_82_545,VDD,Metal1,321.5555,340.2710,4.498747
FILLER_82_527,VDD,Metal1,303.3400,340.6075,4.498744
FILLER_82_524,VDD,Metal1,300.4400,341.0400,4.498739
FILLER_82_520,VDD,Metal1,299.4200,340.6075,4.498739
FILLER_82_504,VDD,Metal1,294.0480,340.3480,4.498738
FILLER_82_495,VDD,Metal1,284.4800,341.0400,4.498729
FILLER_82_491,VDD,Metal1,283.1800,340.6075,4.498729
FILLER_82_479,VDD,Metal1,276.4600,340.6075,4.498723
FILLER_82_471,VDD,Metal1,273.2265,340.4630,4.498723
FILLER_82_461,VDD,Metal1,265.4400,341.0400,4.498717
FILLER_82_457,VDD,Metal1,264.1400,340.6075,4.498717
FILLER_82_453,VDD,Metal1,260.9600,341.0400,4.498716
FILLER_82_449,VDD,Metal1,259.6600,340.6075,4.498716
FILLER_82_433,VDD,Metal1,249.4800,341.0400,4.498716
FILLER_82_431,VDD,Metal1,248.6400,341.0400,4.498716
FILLER_82_423,VDD,Metal1,246.3465,340.4630,4.498716
FILLER_82_387,VDD,Metal1,224.0000,341.0400,4.498716
FILLER_82_384,VDD,Metal1,222.0400,341.0400,4.498716
FILLER_82_382,VDD,Metal1,221.2000,341.0400,4.498716
FILLER_82_314,VDD,Metal1,182.8400,341.0400,4.498781
FILLER_82_298,VDD,Metal1,178.6880,340.3480,4.498783
FILLER_82_283,VDD,Metal1,165.4800,341.0400,4.498790
FILLER_82_281,VDD,Metal1,164.6400,341.0400,4.498790
FILLER_82_277,VDD,Metal1,163.3400,340.6075,4.498791
FILLER_82_259,VDD,Metal1,152.3200,341.0400,4.498792
FILLER_82_255,VDD,Metal1,151.0200,340.6075,4.498792
FILLER_82_247,VDD,Metal1,147.7865,340.4630,4.498792
FILLER_82_244,VDD,Metal1,143.6400,341.0400,4.498792
FILLER_82_240,VDD,Metal1,142.6200,340.6075,4.498792
FILLER_82_209,VDD,Metal1,128.8480,340.3480,4.498795
FILLER_82_177,VDD,Metal1,115.4755,340.2710,4.498810
FILLER_82_174,VDD,Metal1,104.4400,341.0400,4.498811
FILLER_82_172,VDD,Metal1,103.6000,341.0400,4.498811
FILLER_82_168,VDD,Metal1,102.3000,340.6075,4.498811
FILLER_82_160,VDD,Metal1,99.0665,340.4630,4.498811
FILLER_82_125,VDD,Metal1,77.0000,341.0400,4.498812
FILLER_82_123,VDD,Metal1,76.1600,341.0400,4.498831
FILLER_82_107,VDD,Metal1,71.7280,340.3480,4.498832
FILLER_82_101,VDD,Metal1,64.7800,340.6075,4.498832
FILLER_82_37,VDD,Metal1,46.0750,340.2255,4.498834
FILLER_82_34,VDD,Metal1,26.0400,341.0400,4.498834
FILLER_82_2,VDD,Metal1,17.4755,340.2710,4.498834
FILLER_81_692,VDD,Metal1,394.8000,333.2000,4.499181
FILLER_81_688,VDD,Metal1,393.5000,333.6325,4.499181
FILLER_81_680,VDD,Metal1,390.2665,333.7765,4.499181
FILLER_81_664,VDD,Metal1,383.6480,333.8920,4.499181
FILLER_81_648,VDD,Metal1,372.3465,333.7765,4.499181
FILLER_81_632,VDD,Metal1,365.7280,333.8920,4.499181
FILLER_81_574,VDD,Metal1,328.4400,333.2000,4.499117
FILLER_81_570,VDD,Metal1,327.4200,333.6325,4.499117
FILLER_81_562,VDD,Metal1,324.1865,333.7765,4.499117
FILLER_81_556,VDD,Metal1,319.5800,333.6325,4.499099
FILLER_81_549,VDD,Metal1,314.7200,333.2000,4.499081
FILLER_81_545,VDD,Metal1,313.4200,333.6325,4.499080
FILLER_81_524,VDD,Metal1,300.4400,333.2000,4.499045
FILLER_81_492,VDD,Metal1,291.8755,333.9685,4.499045
FILLER_81_489,VDD,Metal1,280.8400,333.2000,4.499039
FILLER_81_485,VDD,Metal1,279.8200,333.6325,4.499039
FILLER_81_434,VDD,Metal1,250.0400,333.2000,4.499039
FILLER_81_430,VDD,Metal1,249.0200,333.6325,4.499039
FILLER_81_422,VDD,Metal1,245.7865,333.7765,4.499039
FILLER_81_418,VDD,Metal1,241.3600,333.2000,4.499039
FILLER_81_410,VDD,Metal1,239.0665,333.7765,4.499039
FILLER_81_378,VDD,Metal1,228.0355,333.9685,4.499041
FILLER_81_354,VDD,Metal1,205.2400,333.2000,4.499043
FILLER_81_352,VDD,Metal1,204.4000,333.2000,4.499043
FILLER_81_348,VDD,Metal1,202.1600,333.2000,4.499043
FILLER_81_340,VDD,Metal1,199.8665,333.7765,4.499043
FILLER_81_290,VDD,Metal1,169.6800,333.2000,4.499047
FILLER_81_282,VDD,Metal1,167.3865,333.7765,4.499047
FILLER_81_278,VDD,Metal1,162.9600,333.2000,4.499061
FILLER_81_274,VDD,Metal1,161.6600,333.6325,4.499077
FILLER_81_236,VDD,Metal1,140.3800,333.6325,4.499088
FILLER_81_228,VDD,Metal1,137.1465,333.7765,4.499088
FILLER_81_212,VDD,Metal1,130.5280,333.8920,4.499088
FILLER_81_208,VDD,Metal1,123.7600,333.2000,4.499088
FILLER_81_176,VDD,Metal1,114.9155,333.9685,4.499089
FILLER_81_139,VDD,Metal1,84.8400,333.2000,4.499108
FILLER_81_123,VDD,Metal1,80.6880,333.8920,4.499108
FILLER_81_88,VDD,Metal1,56.2800,333.2000,4.499120
FILLER_81_72,VDD,Metal1,52.1280,333.8920,4.499121
FILLER_81_66,VDD,Metal1,45.1800,333.6325,4.499121
FILLER_81_2,VDD,Metal1,26.4750,334.0140,4.499121
FILLER_80_693,VDD,Metal1,395.0800,333.2000,4.499181
FILLER_80_691,VDD,Metal1,394.2400,333.2000,4.499181
FILLER_80_683,VDD,Metal1,391.9465,332.6230,4.499181
FILLER_80_667,VDD,Metal1,385.3280,332.5080,4.499181
FILLER_80_661,VDD,Metal1,378.3800,332.7675,4.499181
FILLER_80_597,VDD,Metal1,359.6750,332.3855,4.499181
FILLER_80_593,VDD,Metal1,339.3600,333.2000,4.499184
FILLER_80_580,VDD,Metal1,332.0800,333.2000,4.499187
FILLER_80_562,VDD,Metal1,322.9400,332.7675,4.499117
FILLER_80_554,VDD,Metal1,319.7065,332.6230,4.499099
FILLER_80_544,VDD,Metal1,311.6400,333.2000,4.499080
FILLER_80_536,VDD,Metal1,309.6265,332.6230,4.499079
FILLER_80_524,VDD,Metal1,300.4400,333.2000,4.499045
FILLER_80_522,VDD,Metal1,299.6000,333.2000,4.499045
FILLER_80_518,VDD,Metal1,298.3000,332.7675,4.499045
FILLER_80_510,VDD,Metal1,295.0665,332.6230,4.499045
FILLER_80_501,VDD,Metal1,287.5600,333.2000,4.499045
FILLER_80_499,VDD,Metal1,286.7200,333.2000,4.499045
FILLER_80_495,VDD,Metal1,285.4200,332.7675,4.499045
FILLER_80_487,VDD,Metal1,282.1865,332.6230,4.499043
FILLER_80_478,VDD,Metal1,274.6800,333.2000,4.499038
FILLER_80_473,VDD,Metal1,271.8800,333.2000,4.499038
FILLER_80_457,VDD,Metal1,267.7280,332.5080,4.499038
FILLER_80_454,VDD,Metal1,261.2400,333.2000,4.499038
FILLER_80_438,VDD,Metal1,257.0880,332.5080,4.499038
FILLER_80_403,VDD,Metal1,232.6800,333.2000,4.499041
FILLER_80_387,VDD,Metal1,228.5280,332.5080,4.499041
FILLER_80_384,VDD,Metal1,222.0400,333.2000,4.499041
FILLER_80_382,VDD,Metal1,221.2000,333.2000,4.499041
FILLER_80_378,VDD,Metal1,219.9000,332.7675,4.499041
FILLER_80_370,VDD,Metal1,216.6665,332.6230,4.499041
FILLER_80_319,VDD,Metal1,185.6400,333.2000,4.499045
FILLER_80_317,VDD,Metal1,184.8000,333.2000,4.499046
FILLER_80_306,VDD,Metal1,178.3600,333.2000,4.499046
FILLER_80_304,VDD,Metal1,177.5200,333.2000,4.499050
FILLER_80_296,VDD,Metal1,175.2265,332.6230,4.499051
FILLER_80_280,VDD,Metal1,168.6080,332.5080,4.499047
FILLER_80_269,VDD,Metal1,157.6400,333.2000,4.499082
FILLER_80_267,VDD,Metal1,156.8000,333.2000,4.499082
FILLER_80_263,VDD,Metal1,155.5000,332.7675,4.499082
FILLER_80_247,VDD,Metal1,150.1280,332.5080,4.499082
FILLER_80_241,VDD,Metal1,143.1800,332.7675,4.499082
FILLER_80_177,VDD,Metal1,124.4750,332.3855,4.499088
FILLER_80_167,VDD,Metal1,102.9865,332.6230,4.499104
FILLER_80_151,VDD,Metal1,96.3680,332.5080,4.499104
FILLER_80_145,VDD,Metal1,88.2000,333.2000,4.499104
FILLER_80_136,VDD,Metal1,83.1600,333.2000,4.499107
FILLER_80_127,VDD,Metal1,78.1200,333.2000,4.499108
FILLER_80_123,VDD,Metal1,77.1000,332.7675,4.499108
FILLER_80_107,VDD,Metal1,71.7280,332.5080,4.499109
FILLER_80_96,VDD,Metal1,60.7600,333.2000,4.499110
FILLER_80_94,VDD,Metal1,59.9200,333.2000,4.499110
FILLER_80_90,VDD,Metal1,58.6200,332.7675,4.499110
FILLER_80_82,VDD,Metal1,55.3865,332.6230,4.499118
FILLER_80_47,VDD,Metal1,33.3200,333.2000,4.499121
FILLER_80_45,VDD,Metal1,32.4800,333.2000,4.499121
FILLER_80_37,VDD,Metal1,30.1865,332.6230,4.499121
FILLER_80_34,VDD,Metal1,26.0400,333.2000,4.499121
FILLER_80_2,VDD,Metal1,17.4755,332.4310,4.499121
FILLER_79_682,VDD,Metal1,391.3865,325.9365,4.499051
FILLER_79_666,VDD,Metal1,384.7680,326.0520,4.499051
FILLER_79_628,VDD,Metal1,358.9600,325.3600,4.499051
FILLER_79_624,VDD,Metal1,357.6600,325.7925,4.499051
FILLER_79_611,VDD,Metal1,349.4400,325.3600,4.499051
FILLER_79_606,VDD,Metal1,346.3600,325.3600,4.499053
FILLER_79_598,VDD,Metal1,344.3465,325.9365,4.499053
FILLER_79_582,VDD,Metal1,337.7280,326.0520,4.499057
FILLER_79_566,VDD,Metal1,324.2400,325.3600,4.499075
FILLER_79_562,VDD,Metal1,322.9400,325.7925,4.499074
FILLER_79_558,VDD,Metal1,319.7600,325.3600,4.499069
FILLER_79_554,VDD,Metal1,318.4600,325.7925,4.499068
FILLER_79_538,VDD,Metal1,313.0880,326.0520,4.499068
FILLER_79_525,VDD,Metal1,302.2200,325.7925,4.499065
FILLER_79_517,VDD,Metal1,298.9865,325.9365,4.499063
FILLER_79_496,VDD,Metal1,285.0400,325.3600,4.499052
FILLER_79_492,VDD,Metal1,283.7400,325.7925,4.499052
FILLER_79_489,VDD,Metal1,280.8400,325.3600,4.499025
FILLER_79_485,VDD,Metal1,279.8200,325.7925,4.499025
FILLER_79_469,VDD,Metal1,274.4480,326.0520,4.499025
FILLER_79_422,VDD,Metal1,245.7865,325.9365,4.499024
FILLER_79_404,VDD,Metal1,233.2400,325.3600,4.499030
FILLER_79_402,VDD,Metal1,232.4000,325.3600,4.499030
FILLER_79_386,VDD,Metal1,227.9680,326.0520,4.499030
FILLER_79_349,VDD,Metal1,202.4400,325.3600,4.499063
FILLER_79_347,VDD,Metal1,201.6000,325.3600,4.499063
FILLER_79_296,VDD,Metal1,172.7600,325.3600,4.499071
FILLER_79_294,VDD,Metal1,171.9200,325.3600,4.499071
FILLER_79_290,VDD,Metal1,170.6200,325.7925,4.499071
FILLER_79_282,VDD,Metal1,167.3865,325.9365,4.499071
FILLER_79_276,VDD,Metal1,162.7800,325.7925,4.499071
FILLER_79_244,VDD,Metal1,152.9955,326.1285,4.499071
FILLER_79_234,VDD,Metal1,138.3200,325.3600,4.499072
FILLER_79_230,VDD,Metal1,137.0200,325.7925,4.499072
FILLER_79_220,VDD,Metal1,130.4800,325.3600,4.499078
FILLER_79_212,VDD,Metal1,128.1865,325.9365,4.499078
FILLER_79_209,VDD,Metal1,124.0400,325.3600,4.499078
FILLER_79_207,VDD,Metal1,123.2000,325.3600,4.499078
FILLER_79_199,VDD,Metal1,120.9065,325.9365,4.499078
FILLER_79_157,VDD,Metal1,104.2755,326.1285,4.499092
FILLER_79_150,VDD,Metal1,91.2800,325.3600,4.499099
FILLER_79_142,VDD,Metal1,88.9865,325.9365,4.499099
FILLER_79_139,VDD,Metal1,84.8400,325.3600,4.499111
FILLER_79_137,VDD,Metal1,84.0000,325.3600,4.499112
FILLER_79_121,VDD,Metal1,79.5680,326.0520,4.499112
FILLER_79_107,VDD,Metal1,68.1400,325.7925,4.499184
FILLER_79_98,VDD,Metal1,61.8800,325.3600,4.499257
FILLER_79_96,VDD,Metal1,61.0400,325.3600,4.499257
FILLER_79_88,VDD,Metal1,58.7465,325.9365,4.499257
FILLER_79_72,VDD,Metal1,52.1280,326.0520,4.499264
FILLER_79_69,VDD,Metal1,45.6400,325.3600,4.499264
FILLER_79_61,VDD,Metal1,43.6265,325.9365,4.499264
FILLER_79_45,VDD,Metal1,37.0080,326.0520,4.499265
FILLER_79_26,VDD,Metal1,22.7800,325.7925,4.499271
FILLER_79_18,VDD,Metal1,19.5465,325.9365,4.499271
FILLER_79_2,VDD,Metal1,12.9280,326.0520,4.499271
FILLER_78_693,VDD,Metal1,395.0800,325.3600,4.499051
FILLER_78_691,VDD,Metal1,394.2400,325.3600,4.499051
FILLER_78_683,VDD,Metal1,391.9465,324.7830,4.499051
FILLER_78_667,VDD,Metal1,385.3280,324.6680,4.499051
FILLER_78_661,VDD,Metal1,378.3800,324.9275,4.499051
FILLER_78_653,VDD,Metal1,375.1465,324.7830,4.499051
FILLER_78_601,VDD,Metal1,343.8400,325.3600,4.499053
FILLER_78_597,VDD,Metal1,342.5400,324.9275,4.499056
FILLER_78_591,VDD,Metal1,339.1800,324.9275,4.499057
FILLER_78_571,VDD,Metal1,327.0400,325.3600,4.499078
FILLER_78_567,VDD,Metal1,325.7400,324.9275,4.499078
FILLER_78_559,VDD,Metal1,322.5065,324.7830,4.499074
FILLER_78_527,VDD,Metal1,311.4755,324.5910,4.499068
FILLER_78_524,VDD,Metal1,300.4400,325.3600,4.499063
FILLER_78_520,VDD,Metal1,299.4200,324.9275,4.499063
FILLER_78_504,VDD,Metal1,294.0480,324.6680,4.499062
FILLER_78_496,VDD,Metal1,285.0400,325.3600,4.499052
FILLER_78_488,VDD,Metal1,282.7465,324.7830,4.499052
FILLER_78_477,VDD,Metal1,274.4000,325.3600,4.499025
FILLER_78_472,VDD,Metal1,271.3200,325.3600,4.499025
FILLER_78_470,VDD,Metal1,270.4800,325.3600,4.499022
FILLER_78_439,VDD,Metal1,257.6480,324.6680,4.499020
FILLER_78_429,VDD,Metal1,247.5200,325.3600,4.499024
FILLER_78_421,VDD,Metal1,245.2265,324.7830,4.499024
FILLER_78_383,VDD,Metal1,221.7600,325.3600,4.499061
FILLER_78_367,VDD,Metal1,217.3280,324.6680,4.499061
FILLER_78_317,VDD,Metal1,189.3280,324.6680,4.499070
FILLER_78_314,VDD,Metal1,182.8400,325.3600,4.499070
FILLER_78_310,VDD,Metal1,181.8200,324.9275,4.499070
FILLER_78_302,VDD,Metal1,178.5865,324.7830,4.499071
FILLER_78_285,VDD,Metal1,166.6000,325.3600,4.499071
FILLER_78_273,VDD,Metal1,159.8800,325.3600,4.499071
FILLER_78_271,VDD,Metal1,159.0400,325.3600,4.499071
FILLER_78_263,VDD,Metal1,156.7465,324.7830,4.499071
FILLER_78_247,VDD,Metal1,150.1280,324.6680,4.499071
FILLER_78_244,VDD,Metal1,143.6400,325.3600,4.499072
FILLER_78_242,VDD,Metal1,142.8000,325.3600,4.499072
FILLER_78_238,VDD,Metal1,141.5000,324.9275,4.499072
FILLER_78_185,VDD,Metal1,110.8800,325.3600,4.499092
FILLER_78_177,VDD,Metal1,108.5865,324.7830,4.499092
FILLER_78_174,VDD,Metal1,104.4400,325.3600,4.499092
FILLER_78_172,VDD,Metal1,103.6000,325.3600,4.499092
FILLER_78_154,VDD,Metal1,93.2400,325.3600,4.499095
FILLER_78_152,VDD,Metal1,92.4000,325.3600,4.499095
FILLER_78_148,VDD,Metal1,91.1000,324.9275,4.499098
FILLER_78_140,VDD,Metal1,87.8665,324.7830,4.499101
FILLER_78_124,VDD,Metal1,81.2480,324.6680,4.499111
FILLER_78_111,VDD,Metal1,69.4400,325.3600,4.499180
FILLER_78_107,VDD,Metal1,68.1400,324.9275,4.499184
FILLER_78_104,VDD,Metal1,65.2400,325.3600,4.499257
FILLER_78_102,VDD,Metal1,64.4000,325.3600,4.499257
FILLER_78_86,VDD,Metal1,59.9680,324.6680,4.499257
FILLER_78_51,VDD,Metal1,35.5600,325.3600,4.499265
FILLER_78_49,VDD,Metal1,34.7200,325.3600,4.499265
FILLER_78_45,VDD,Metal1,33.4200,324.9275,4.499265
FILLER_78_37,VDD,Metal1,30.1865,324.7830,4.499266
FILLER_78_34,VDD,Metal1,26.0400,325.3600,4.499269
FILLER_78_2,VDD,Metal1,17.4755,324.5910,4.499271
FILLER_77_690,VDD,Metal1,394.6200,317.9525,4.499220
FILLER_77_682,VDD,Metal1,391.3865,318.0965,4.499220
FILLER_77_666,VDD,Metal1,384.7680,318.2120,4.499220
FILLER_77_629,VDD,Metal1,359.2400,317.5200,4.499220
FILLER_77_627,VDD,Metal1,358.4000,317.5200,4.499220
FILLER_77_602,VDD,Metal1,344.4000,317.5200,4.499221
FILLER_77_594,VDD,Metal1,342.1065,318.0965,4.499221
FILLER_77_562,VDD,Metal1,331.0755,318.2885,4.499223
FILLER_77_559,VDD,Metal1,320.0400,317.5200,4.499222
FILLER_77_557,VDD,Metal1,319.2000,317.5200,4.499222
FILLER_77_549,VDD,Metal1,316.9065,318.0965,4.499219
FILLER_77_532,VDD,Metal1,305.2000,317.5200,4.499191
FILLER_77_524,VDD,Metal1,302.9065,318.0965,4.499190
FILLER_77_492,VDD,Metal1,291.8755,318.2885,4.499180
FILLER_77_486,VDD,Metal1,280.3800,317.9525,4.499110
FILLER_77_457,VDD,Metal1,263.2000,317.5200,4.499094
FILLER_77_450,VDD,Metal1,259.2800,317.5200,4.499064
FILLER_77_446,VDD,Metal1,257.9800,317.9525,4.499062
FILLER_77_438,VDD,Metal1,254.7465,318.0965,4.499062
FILLER_77_422,VDD,Metal1,248.1280,318.2120,4.499060
FILLER_77_419,VDD,Metal1,241.6400,317.5200,4.499054
FILLER_77_417,VDD,Metal1,240.8000,317.5200,4.499054
FILLER_77_401,VDD,Metal1,236.3680,318.2120,4.499053
FILLER_77_385,VDD,Metal1,222.6000,317.5200,4.499051
FILLER_77_381,VDD,Metal1,221.5800,317.9525,4.499051
FILLER_77_373,VDD,Metal1,218.3465,318.0965,4.499051
FILLER_77_358,VDD,Metal1,207.4800,317.5200,4.499049
FILLER_77_356,VDD,Metal1,206.6400,317.5200,4.499049
FILLER_77_352,VDD,Metal1,205.3400,317.9525,4.499049
FILLER_77_334,VDD,Metal1,194.0400,317.5200,4.499050
FILLER_77_332,VDD,Metal1,193.2000,317.5200,4.499050
FILLER_77_328,VDD,Metal1,191.9000,317.9525,4.499050
FILLER_77_320,VDD,Metal1,188.6665,318.0965,4.499050
FILLER_77_307,VDD,Metal1,178.9200,317.5200,4.499062
FILLER_77_305,VDD,Metal1,178.0800,317.5200,4.499063
FILLER_77_301,VDD,Metal1,176.7800,317.9525,4.499063
FILLER_77_293,VDD,Metal1,173.5465,318.0965,4.499062
FILLER_77_279,VDD,Metal1,163.2400,317.5200,4.499062
FILLER_77_269,VDD,Metal1,157.9200,317.5200,4.499058
FILLER_77_265,VDD,Metal1,156.6200,317.9525,4.499058
FILLER_77_214,VDD,Metal1,126.8400,317.5200,4.499056
FILLER_77_212,VDD,Metal1,126.0000,317.5200,4.499056
FILLER_77_209,VDD,Metal1,124.0400,317.5200,4.499056
FILLER_77_207,VDD,Metal1,123.2000,317.5200,4.499056
FILLER_77_200,VDD,Metal1,119.2800,317.5200,4.499056
FILLER_77_189,VDD,Metal1,112.8400,317.5200,4.499060
FILLER_77_185,VDD,Metal1,111.8200,317.9525,4.499060
FILLER_77_173,VDD,Metal1,104.1600,317.5200,4.499066
FILLER_77_169,VDD,Metal1,102.8600,317.9525,4.499066
FILLER_77_161,VDD,Metal1,97.1600,317.5200,4.499067
FILLER_77_146,VDD,Metal1,88.7600,317.5200,4.499067
FILLER_77_142,VDD,Metal1,87.7400,317.9525,4.499067
FILLER_77_139,VDD,Metal1,84.8400,317.5200,4.499067
FILLER_77_123,VDD,Metal1,80.6880,318.2120,4.499067
FILLER_77_111,VDD,Metal1,69.1600,317.5200,4.499067
FILLER_77_109,VDD,Metal1,68.3200,317.5200,4.499072
FILLER_77_93,VDD,Metal1,63.8880,318.2120,4.499073
FILLER_77_84,VDD,Metal1,54.3200,317.5200,4.499091
FILLER_77_80,VDD,Metal1,53.0200,317.9525,4.499091
FILLER_77_72,VDD,Metal1,49.7865,318.0965,4.499097
FILLER_77_54,VDD,Metal1,37.2400,317.5200,4.499124
FILLER_77_52,VDD,Metal1,36.4000,317.5200,4.499124
FILLER_77_2,VDD,Metal1,12.9280,318.2120,4.499127
FILLER_76_693,VDD,Metal1,395.0800,317.5200,4.499220
FILLER_76_691,VDD,Metal1,394.2400,317.5200,4.499220
FILLER_76_683,VDD,Metal1,391.9465,316.9430,4.499220
FILLER_76_667,VDD,Metal1,385.3280,316.8280,4.499220
FILLER_76_663,VDD,Metal1,378.5600,317.5200,4.499220
FILLER_76_655,VDD,Metal1,376.2665,316.9430,4.499220
FILLER_76_648,VDD,Metal1,369.8800,317.5200,4.499220
FILLER_76_616,VDD,Metal1,361.3155,316.7510,4.499220
FILLER_76_610,VDD,Metal1,348.6000,317.5200,4.499220
FILLER_76_608,VDD,Metal1,347.7600,317.5200,4.499220
FILLER_76_597,VDD,Metal1,341.6000,317.5200,4.499221
FILLER_76_594,VDD,Metal1,339.6400,317.5200,4.499222
FILLER_76_590,VDD,Metal1,338.6200,317.0875,4.499223
FILLER_76_570,VDD,Metal1,327.4200,317.0875,4.499223
FILLER_76_554,VDD,Metal1,322.0480,316.8280,4.499222
FILLER_76_544,VDD,Metal1,311.6400,317.5200,4.499215
FILLER_76_534,VDD,Metal1,306.0400,317.5200,4.499191
FILLER_76_529,VDD,Metal1,303.2400,317.5200,4.499190
FILLER_76_527,VDD,Metal1,302.4000,317.5200,4.499190
FILLER_76_524,VDD,Metal1,300.4400,317.5200,4.499180
FILLER_76_520,VDD,Metal1,299.4200,317.0875,4.499180
FILLER_76_488,VDD,Metal1,289.6355,316.7510,4.499180
FILLER_76_477,VDD,Metal1,274.4000,317.5200,4.499101
FILLER_76_459,VDD,Metal1,264.0400,317.5200,4.499094
FILLER_76_457,VDD,Metal1,263.2000,317.5200,4.499094
FILLER_76_441,VDD,Metal1,253.9600,317.5200,4.499062
FILLER_76_437,VDD,Metal1,252.9400,317.0875,4.499061
FILLER_76_429,VDD,Metal1,249.7065,316.9430,4.499060
FILLER_76_416,VDD,Metal1,239.9600,317.5200,4.499054
FILLER_76_403,VDD,Metal1,232.6800,317.5200,4.499052
FILLER_76_387,VDD,Metal1,228.5280,316.8280,4.499052
FILLER_76_381,VDD,Metal1,221.5800,317.0875,4.499051
FILLER_76_373,VDD,Metal1,218.3465,316.9430,4.499051
FILLER_76_353,VDD,Metal1,204.6800,317.5200,4.499049
FILLER_76_345,VDD,Metal1,202.6665,316.9430,4.499049
FILLER_76_329,VDD,Metal1,196.0480,316.8280,4.499050
FILLER_76_307,VDD,Metal1,181.3865,316.9430,4.499057
FILLER_76_275,VDD,Metal1,170.3555,316.7510,4.499062
FILLER_76_263,VDD,Metal1,155.5000,317.0875,4.499057
FILLER_76_247,VDD,Metal1,150.1280,316.8280,4.499056
FILLER_76_193,VDD,Metal1,115.3600,317.5200,4.499060
FILLER_76_177,VDD,Metal1,110.9280,316.8280,4.499060
FILLER_76_171,VDD,Metal1,103.9800,317.0875,4.499066
FILLER_76_107,VDD,Metal1,85.2750,316.7055,4.499067
FILLER_76_101,VDD,Metal1,64.7800,317.0875,4.499073
FILLER_76_93,VDD,Metal1,61.5465,316.9430,4.499073
FILLER_76_78,VDD,Metal1,53.1465,316.9430,4.499091
FILLER_76_61,VDD,Metal1,41.4400,317.5200,4.499108
FILLER_76_53,VDD,Metal1,39.1465,316.9430,4.499108
FILLER_76_37,VDD,Metal1,32.5280,316.8280,4.499125
FILLER_76_34,VDD,Metal1,26.0400,317.5200,4.499125
FILLER_76_18,VDD,Metal1,17.0800,317.5200,4.499127
FILLER_76_16,VDD,Metal1,16.2400,317.5200,4.499127
FILLER_76_8,VDD,Metal1,13.9465,316.9430,4.499127
FILLER_75_692,VDD,Metal1,394.8000,309.6800,4.499581
FILLER_75_688,VDD,Metal1,393.5000,310.1125,4.499581
FILLER_75_680,VDD,Metal1,390.2665,310.2565,4.499581
FILLER_75_664,VDD,Metal1,383.6480,310.3720,4.499581
FILLER_75_632,VDD,Metal1,370.2755,310.4485,4.499581
FILLER_75_626,VDD,Metal1,358.7800,310.1125,4.499581
FILLER_75_610,VDD,Metal1,353.4080,310.3720,4.499581
FILLER_75_578,VDD,Metal1,340.0355,310.4485,4.499581
FILLER_75_570,VDD,Metal1,326.2000,309.6800,4.499572
FILLER_75_562,VDD,Metal1,324.1865,310.2565,4.499566
FILLER_75_559,VDD,Metal1,320.0400,309.6800,4.499562
FILLER_75_557,VDD,Metal1,319.2000,309.6800,4.499561
FILLER_75_549,VDD,Metal1,316.9065,310.2565,4.499561
FILLER_75_534,VDD,Metal1,306.3200,309.6800,4.499546
FILLER_75_519,VDD,Metal1,297.6400,309.6800,4.499532
FILLER_75_503,VDD,Metal1,293.4880,310.3720,4.499532
FILLER_75_492,VDD,Metal1,282.8000,309.6800,4.499508
FILLER_75_488,VDD,Metal1,280.5600,309.6800,4.499505
FILLER_75_484,VDD,Metal1,279.2600,310.1125,4.499504
FILLER_75_476,VDD,Metal1,276.0265,310.2565,4.499504
FILLER_75_460,VDD,Metal1,269.4080,310.3720,4.499504
FILLER_75_428,VDD,Metal1,256.0355,310.4485,4.499504
FILLER_75_411,VDD,Metal1,237.1600,309.6800,4.499503
FILLER_75_409,VDD,Metal1,236.3200,309.6800,4.499503
FILLER_75_405,VDD,Metal1,235.0200,310.1125,4.499509
FILLER_75_397,VDD,Metal1,231.7865,310.2565,4.499509
FILLER_75_365,VDD,Metal1,220.7555,310.4485,4.499513
FILLER_75_349,VDD,Metal1,202.4400,309.6800,4.499522
FILLER_75_345,VDD,Metal1,201.4200,310.1125,4.499522
FILLER_75_337,VDD,Metal1,198.1865,310.2565,4.499524
FILLER_75_324,VDD,Metal1,188.4400,309.6800,4.499531
FILLER_75_322,VDD,Metal1,187.6000,309.6800,4.499532
FILLER_75_314,VDD,Metal1,185.3065,310.2565,4.499532
FILLER_75_302,VDD,Metal1,176.1200,309.6800,4.499538
FILLER_75_298,VDD,Metal1,175.1000,310.1125,4.499538
FILLER_75_282,VDD,Metal1,169.7280,310.3720,4.499538
FILLER_75_234,VDD,Metal1,138.0400,309.6800,4.499536
FILLER_75_232,VDD,Metal1,137.2000,309.6800,4.499536
FILLER_75_228,VDD,Metal1,135.9000,310.1125,4.499536
FILLER_75_212,VDD,Metal1,130.5280,310.3720,4.499536
FILLER_75_209,VDD,Metal1,124.0400,309.6800,4.499536
FILLER_75_202,VDD,Metal1,120.4000,309.6800,4.499536
FILLER_75_198,VDD,Metal1,119.1000,310.1125,4.499536
FILLER_75_190,VDD,Metal1,115.8665,310.2565,4.499536
FILLER_75_174,VDD,Metal1,109.2480,310.3720,4.499538
FILLER_75_142,VDD,Metal1,95.8755,310.4485,4.499541
FILLER_75_139,VDD,Metal1,84.8400,309.6800,4.499542
FILLER_75_123,VDD,Metal1,80.6880,310.3720,4.499542
FILLER_75_114,VDD,Metal1,70.8400,309.6800,4.499560
FILLER_75_112,VDD,Metal1,70.0000,309.6800,4.499560
FILLER_75_104,VDD,Metal1,67.7065,310.2565,4.499561
FILLER_75_72,VDD,Metal1,56.6755,310.4485,4.499571
FILLER_75_68,VDD,Metal1,45.3600,309.6800,4.499577
FILLER_75_36,VDD,Metal1,36.5155,310.4485,4.499577
FILLER_74_693,VDD,Metal1,395.0800,309.6800,4.499581
FILLER_74_691,VDD,Metal1,394.2400,309.6800,4.499581
FILLER_74_683,VDD,Metal1,391.9465,309.1030,4.499581
FILLER_74_667,VDD,Metal1,385.3280,308.9880,4.499581
FILLER_74_661,VDD,Metal1,378.3800,309.2475,4.499581
FILLER_74_645,VDD,Metal1,373.0080,308.9880,4.499581
FILLER_74_613,VDD,Metal1,359.6355,308.9110,4.499581
FILLER_74_601,VDD,Metal1,343.5600,309.6800,4.499581
FILLER_74_597,VDD,Metal1,342.5400,309.2475,4.499581
FILLER_74_587,VDD,Metal1,338.1865,309.1030,4.499581
FILLER_74_582,VDD,Metal1,332.9200,309.6800,4.499581
FILLER_74_580,VDD,Metal1,332.0800,309.6800,4.499581
FILLER_74_572,VDD,Metal1,329.7865,309.1030,4.499581
FILLER_74_560,VDD,Metal1,320.6000,309.6800,4.499562
FILLER_74_552,VDD,Metal1,318.5865,309.1030,4.499562
FILLER_74_536,VDD,Metal1,311.9680,308.9880,4.499559
FILLER_74_521,VDD,Metal1,299.9800,309.2475,4.499533
FILLER_74_511,VDD,Metal1,293.1600,309.6800,4.499532
FILLER_74_501,VDD,Metal1,287.5600,309.6800,4.499524
FILLER_74_497,VDD,Metal1,286.5400,309.2475,4.499524
FILLER_74_489,VDD,Metal1,283.3065,309.1030,4.499508
FILLER_74_457,VDD,Metal1,272.2755,308.9110,4.499504
FILLER_74_454,VDD,Metal1,261.2400,309.6800,4.499504
FILLER_74_452,VDD,Metal1,260.4000,309.6800,4.499504
FILLER_74_448,VDD,Metal1,259.1000,309.2475,4.499504
FILLER_74_440,VDD,Metal1,255.8665,309.1030,4.499504
FILLER_74_402,VDD,Metal1,233.3400,309.2475,4.499509
FILLER_74_389,VDD,Metal1,224.8400,309.6800,4.499513
FILLER_74_387,VDD,Metal1,224.0000,309.6800,4.499513
FILLER_74_383,VDD,Metal1,221.7600,309.6800,4.499513
FILLER_74_375,VDD,Metal1,219.4665,309.1030,4.499513
FILLER_74_351,VDD,Metal1,203.5600,309.6800,4.499521
FILLER_74_347,VDD,Metal1,202.5400,309.2475,4.499522
FILLER_74_339,VDD,Metal1,199.3065,309.1030,4.499523
FILLER_74_325,VDD,Metal1,190.2200,309.2475,4.499531
FILLER_74_317,VDD,Metal1,186.9865,309.1030,4.499531
FILLER_74_311,VDD,Metal1,182.3800,309.2475,4.499538
FILLER_74_279,VDD,Metal1,172.5955,308.9110,4.499538
FILLER_74_263,VDD,Metal1,156.7465,309.1030,4.499536
FILLER_74_247,VDD,Metal1,150.1280,308.9880,4.499536
FILLER_74_237,VDD,Metal1,140.0000,309.6800,4.499536
FILLER_74_233,VDD,Metal1,138.7000,309.2475,4.499536
FILLER_74_225,VDD,Metal1,135.4665,309.1030,4.499536
FILLER_74_185,VDD,Metal1,111.8200,309.2475,4.499538
FILLER_74_177,VDD,Metal1,108.5865,309.1030,4.499538
FILLER_74_171,VDD,Metal1,103.9800,309.2475,4.499541
FILLER_74_163,VDD,Metal1,100.7465,309.1030,4.499541
FILLER_74_107,VDD,Metal1,66.9200,309.6800,4.499561
FILLER_74_93,VDD,Metal1,60.3000,309.2475,4.499571
FILLER_74_85,VDD,Metal1,57.0665,309.1030,4.499571
FILLER_74_69,VDD,Metal1,50.4480,308.9880,4.499571
FILLER_74_37,VDD,Metal1,37.0755,308.9110,4.499577
FILLER_74_34,VDD,Metal1,26.0400,309.6800,4.499586
FILLER_74_18,VDD,Metal1,21.8880,308.9880,4.499639
FILLER_73_692,VDD,Metal1,394.8000,301.8400,4.499474
FILLER_73_688,VDD,Metal1,393.5000,302.2725,4.499474
FILLER_73_680,VDD,Metal1,390.2665,302.4165,4.499474
FILLER_73_664,VDD,Metal1,383.6480,302.5320,4.499474
FILLER_73_632,VDD,Metal1,370.2755,302.6085,4.499474
FILLER_73_629,VDD,Metal1,359.2400,301.8400,4.499474
FILLER_73_627,VDD,Metal1,358.4000,301.8400,4.499474
FILLER_73_623,VDD,Metal1,357.1000,302.2725,4.499474
FILLER_73_615,VDD,Metal1,353.8665,302.4165,4.499474
FILLER_73_608,VDD,Metal1,347.7600,301.8400,4.499495
FILLER_73_602,VDD,Metal1,344.1200,301.8400,4.499495
FILLER_73_594,VDD,Metal1,342.1065,302.4165,4.499495
FILLER_73_570,VDD,Metal1,327.4200,302.2725,4.499496
FILLER_73_562,VDD,Metal1,324.1865,302.4165,4.499494
FILLER_73_558,VDD,Metal1,319.7600,301.8400,4.499490
FILLER_73_550,VDD,Metal1,317.4665,302.4165,4.499490
FILLER_73_534,VDD,Metal1,310.8480,302.5320,4.499490
FILLER_73_516,VDD,Metal1,295.9600,301.8400,4.499458
FILLER_73_508,VDD,Metal1,293.9465,302.4165,4.499458
FILLER_73_492,VDD,Metal1,287.3280,302.5320,4.499456
FILLER_73_486,VDD,Metal1,280.3800,302.2725,4.499409
FILLER_73_478,VDD,Metal1,277.1465,302.4165,4.499408
FILLER_73_462,VDD,Metal1,270.5280,302.5320,4.499406
FILLER_73_442,VDD,Metal1,254.5200,301.8400,4.499393
FILLER_73_438,VDD,Metal1,253.5000,302.2725,4.499393
FILLER_73_422,VDD,Metal1,248.1280,302.5320,4.499392
FILLER_73_403,VDD,Metal1,232.9600,301.8400,4.499391
FILLER_73_387,VDD,Metal1,228.5280,302.5320,4.499390
FILLER_73_352,VDD,Metal1,204.1200,301.8400,4.499385
FILLER_73_346,VDD,Metal1,201.9800,302.2725,4.499385
FILLER_73_338,VDD,Metal1,198.7465,302.4165,4.499385
FILLER_73_322,VDD,Metal1,192.1280,302.5320,4.499385
FILLER_73_282,VDD,Metal1,174.2755,302.6085,4.499387
FILLER_73_271,VDD,Metal1,158.7600,301.8400,4.499302
FILLER_73_236,VDD,Metal1,139.1600,301.8400,4.499301
FILLER_73_232,VDD,Metal1,138.1400,302.2725,4.499301
FILLER_73_220,VDD,Metal1,131.4200,302.2725,4.499301
FILLER_73_212,VDD,Metal1,128.1865,302.4165,4.499301
FILLER_73_208,VDD,Metal1,123.7600,301.8400,4.499301
FILLER_73_192,VDD,Metal1,119.3280,302.5320,4.499301
FILLER_73_185,VDD,Metal1,110.8800,301.8400,4.499301
FILLER_73_181,VDD,Metal1,109.5800,302.2725,4.499301
FILLER_73_173,VDD,Metal1,106.3465,302.4165,4.499301
FILLER_73_162,VDD,Metal1,98.9400,302.2725,4.499324
FILLER_73_153,VDD,Metal1,92.9600,301.8400,4.499324
FILLER_73_146,VDD,Metal1,89.0400,301.8400,4.499326
FILLER_73_142,VDD,Metal1,87.7400,302.2725,4.499326
FILLER_73_138,VDD,Metal1,84.5600,301.8400,4.499326
FILLER_73_129,VDD,Metal1,79.2400,301.8400,4.499351
FILLER_73_121,VDD,Metal1,77.2265,302.4165,4.499351
FILLER_73_72,VDD,Metal1,49.7865,302.4165,4.499392
FILLER_73_53,VDD,Metal1,36.9600,301.8400,4.499392
FILLER_73_37,VDD,Metal1,32.5280,302.5320,4.499393
FILLER_73_2,VDD,Metal1,8.1200,301.8400,4.499411
FILLER_72_693,VDD,Metal1,395.0800,301.8400,4.499474
FILLER_72_691,VDD,Metal1,394.2400,301.8400,4.499474
FILLER_72_683,VDD,Metal1,391.9465,301.2630,4.499474
FILLER_72_667,VDD,Metal1,385.3280,301.1480,4.499474
FILLER_72_663,VDD,Metal1,378.5600,301.8400,4.499474
FILLER_72_659,VDD,Metal1,377.2600,301.4075,4.499474
FILLER_72_624,VDD,Metal1,356.4400,301.8400,4.499474
FILLER_72_622,VDD,Metal1,355.6000,301.8400,4.499474
FILLER_72_605,VDD,Metal1,345.8000,301.8400,4.499495
FILLER_72_597,VDD,Metal1,343.7865,301.2630,4.499495
FILLER_72_584,VDD,Metal1,334.0400,301.8400,4.499496
FILLER_72_580,VDD,Metal1,333.0200,301.4075,4.499496
FILLER_72_564,VDD,Metal1,327.6480,301.1480,4.499496
FILLER_72_532,VDD,Metal1,314.2755,301.0710,4.499490
FILLER_72_524,VDD,Metal1,300.4400,301.8400,4.499471
FILLER_72_518,VDD,Metal1,297.0800,301.8400,4.499458
FILLER_72_502,VDD,Metal1,292.9280,301.1480,4.499458
FILLER_72_496,VDD,Metal1,284.7600,301.8400,4.499456
FILLER_72_488,VDD,Metal1,282.7465,301.2630,4.499456
FILLER_72_474,VDD,Metal1,273.6600,301.4075,4.499406
FILLER_72_466,VDD,Metal1,270.4265,301.2630,4.499406
FILLER_72_446,VDD,Metal1,256.7600,301.8400,4.499396
FILLER_72_444,VDD,Metal1,255.9200,301.8400,4.499393
FILLER_72_440,VDD,Metal1,254.6200,301.4075,4.499393
FILLER_72_432,VDD,Metal1,251.3865,301.2630,4.499392
FILLER_72_400,VDD,Metal1,240.3555,301.0710,4.499391
FILLER_72_384,VDD,Metal1,222.0400,301.8400,4.499385
FILLER_72_382,VDD,Metal1,221.2000,301.8400,4.499385
FILLER_72_378,VDD,Metal1,219.9000,301.4075,4.499385
FILLER_72_361,VDD,Metal1,210.3800,301.4075,4.499385
FILLER_72_353,VDD,Metal1,207.1465,301.2630,4.499385
FILLER_72_317,VDD,Metal1,184.8000,301.8400,4.499386
FILLER_72_306,VDD,Metal1,178.3600,301.8400,4.499387
FILLER_72_290,VDD,Metal1,174.2080,301.1480,4.499387
FILLER_72_255,VDD,Metal1,154.6080,301.1480,4.499302
FILLER_72_243,VDD,Metal1,143.3600,301.8400,4.499301
FILLER_72_193,VDD,Metal1,116.3000,301.4075,4.499301
FILLER_72_177,VDD,Metal1,110.9280,301.1480,4.499301
FILLER_72_174,VDD,Metal1,104.4400,301.8400,4.499312
FILLER_72_166,VDD,Metal1,102.4265,301.2630,4.499312
FILLER_72_160,VDD,Metal1,96.6000,301.8400,4.499324
FILLER_72_158,VDD,Metal1,95.7600,301.8400,4.499324
FILLER_72_150,VDD,Metal1,93.4665,301.2630,4.499324
FILLER_72_133,VDD,Metal1,81.4800,301.8400,4.499326
FILLER_72_131,VDD,Metal1,80.6400,301.8400,4.499326
FILLER_72_123,VDD,Metal1,78.3465,301.2630,4.499350
FILLER_72_111,VDD,Metal1,69.1600,301.8400,4.499353
FILLER_72_107,VDD,Metal1,68.1400,301.4075,4.499353
FILLER_72_104,VDD,Metal1,65.2400,301.8400,4.499353
FILLER_72_102,VDD,Metal1,64.4000,301.8400,4.499353
FILLER_72_98,VDD,Metal1,63.1000,301.4075,4.499353
FILLER_72_82,VDD,Metal1,57.7280,301.1480,4.499353
FILLER_72_47,VDD,Metal1,33.3200,301.8400,4.499393
FILLER_72_45,VDD,Metal1,32.4800,301.8400,4.499393
FILLER_72_37,VDD,Metal1,30.1865,301.2630,4.499394
FILLER_72_16,VDD,Metal1,17.1800,301.4075,4.499411
FILLER_71_692,VDD,Metal1,394.8000,294.0000,4.499320
FILLER_71_688,VDD,Metal1,393.5000,294.4325,4.499320
FILLER_71_680,VDD,Metal1,390.2665,294.5765,4.499320
FILLER_71_664,VDD,Metal1,383.6480,294.6920,4.499320
FILLER_71_632,VDD,Metal1,370.2755,294.7685,4.499320
FILLER_71_628,VDD,Metal1,358.9600,294.0000,4.499320
FILLER_71_620,VDD,Metal1,356.6665,294.5765,4.499320
FILLER_71_602,VDD,Metal1,344.4000,294.0000,4.499323
FILLER_71_594,VDD,Metal1,342.1065,294.5765,4.499323
FILLER_71_586,VDD,Metal1,336.3800,294.4325,4.499326
FILLER_71_578,VDD,Metal1,333.1465,294.5765,4.499326
FILLER_71_562,VDD,Metal1,326.5280,294.6920,4.499327
FILLER_71_554,VDD,Metal1,317.2400,294.0000,4.499322
FILLER_71_552,VDD,Metal1,316.4000,294.0000,4.499321
FILLER_71_544,VDD,Metal1,314.1065,294.5765,4.499321
FILLER_71_512,VDD,Metal1,303.0755,294.7685,4.499318
FILLER_71_492,VDD,Metal1,287.3280,294.6920,4.499314
FILLER_71_472,VDD,Metal1,271.3200,294.0000,4.499278
FILLER_71_468,VDD,Metal1,270.3000,294.4325,4.499278
FILLER_71_460,VDD,Metal1,267.0665,294.5765,4.499277
FILLER_71_451,VDD,Metal1,260.7800,294.4325,4.499273
FILLER_71_435,VDD,Metal1,255.4080,294.6920,4.499273
FILLER_71_422,VDD,Metal1,243.3200,294.0000,4.499272
FILLER_71_419,VDD,Metal1,241.6400,294.0000,4.499272
FILLER_71_417,VDD,Metal1,240.8000,294.0000,4.499272
FILLER_71_406,VDD,Metal1,234.3600,294.0000,4.499250
FILLER_71_404,VDD,Metal1,233.5200,294.0000,4.499250
FILLER_71_372,VDD,Metal1,224.6755,294.7685,4.499249
FILLER_71_362,VDD,Metal1,209.7200,294.0000,4.499249
FILLER_71_360,VDD,Metal1,208.8800,294.0000,4.499249
FILLER_71_352,VDD,Metal1,206.5865,294.5765,4.499249
FILLER_71_348,VDD,Metal1,202.1600,294.0000,4.499249
FILLER_71_340,VDD,Metal1,199.8665,294.5765,4.499249
FILLER_71_324,VDD,Metal1,193.2480,294.6920,4.499249
FILLER_71_315,VDD,Metal1,183.4000,294.0000,4.499244
FILLER_71_311,VDD,Metal1,182.3800,294.4325,4.499244
FILLER_71_298,VDD,Metal1,174.1600,294.0000,4.499149
FILLER_71_290,VDD,Metal1,171.8665,294.5765,4.499148
FILLER_71_278,VDD,Metal1,162.9600,294.0000,4.499145
FILLER_71_254,VDD,Metal1,154.0480,294.6920,4.499145
FILLER_71_214,VDD,Metal1,126.8400,294.0000,4.499139
FILLER_71_212,VDD,Metal1,126.0000,294.0000,4.499139
FILLER_71_209,VDD,Metal1,124.0400,294.0000,4.499097
FILLER_71_207,VDD,Metal1,123.2000,294.0000,4.499097
FILLER_71_203,VDD,Metal1,121.9000,294.4325,4.499097
FILLER_71_197,VDD,Metal1,117.3200,294.0000,4.499097
FILLER_71_181,VDD,Metal1,113.1680,294.6920,4.499097
FILLER_71_175,VDD,Metal1,105.0000,294.0000,4.499092
FILLER_71_171,VDD,Metal1,103.9800,294.4325,4.499092
FILLER_71_163,VDD,Metal1,98.2800,294.0000,4.499092
FILLER_71_161,VDD,Metal1,97.4400,294.0000,4.499092
FILLER_71_150,VDD,Metal1,92.2200,294.4325,4.499090
FILLER_71_142,VDD,Metal1,88.9865,294.5765,4.499090
FILLER_71_139,VDD,Metal1,84.8400,294.0000,4.499089
FILLER_71_137,VDD,Metal1,84.0000,294.0000,4.499089
FILLER_71_105,VDD,Metal1,75.1555,294.7685,4.499089
FILLER_71_96,VDD,Metal1,60.7600,294.0000,4.499090
FILLER_71_80,VDD,Metal1,56.6080,294.6920,4.499090
FILLER_70_693,VDD,Metal1,395.0800,294.0000,4.499320
FILLER_70_691,VDD,Metal1,394.2400,294.0000,4.499320
FILLER_70_683,VDD,Metal1,391.9465,293.4230,4.499320
FILLER_70_667,VDD,Metal1,385.3280,293.3080,4.499320
FILLER_70_657,VDD,Metal1,377.3865,293.4230,4.499320
FILLER_70_621,VDD,Metal1,355.0400,294.0000,4.499322
FILLER_70_609,VDD,Metal1,348.0400,294.0000,4.499323
FILLER_70_605,VDD,Metal1,347.0200,293.5675,4.499323
FILLER_70_597,VDD,Metal1,343.7865,293.4230,4.499323
FILLER_70_593,VDD,Metal1,339.3600,294.0000,4.499325
FILLER_70_589,VDD,Metal1,338.0600,293.5675,4.499325
FILLER_70_547,VDD,Metal1,313.3200,294.0000,4.499321
FILLER_70_543,VDD,Metal1,312.3000,293.5675,4.499319
FILLER_70_527,VDD,Metal1,306.9280,293.3080,4.499318
FILLER_70_524,VDD,Metal1,300.4400,294.0000,4.499318
FILLER_70_522,VDD,Metal1,299.6000,294.0000,4.499318
FILLER_70_518,VDD,Metal1,298.3000,293.5675,4.499318
FILLER_70_502,VDD,Metal1,292.9280,293.3080,4.499316
FILLER_70_489,VDD,Metal1,283.3065,293.4230,4.499313
FILLER_70_471,VDD,Metal1,270.7600,294.0000,4.499278
FILLER_70_469,VDD,Metal1,269.9200,294.0000,4.499278
FILLER_70_465,VDD,Metal1,268.6200,293.5675,4.499277
FILLER_70_457,VDD,Metal1,265.3865,293.4230,4.499277
FILLER_70_454,VDD,Metal1,261.2400,294.0000,4.499273
FILLER_70_446,VDD,Metal1,259.2265,293.4230,4.499273
FILLER_70_414,VDD,Metal1,248.1955,293.2310,4.499272
FILLER_70_401,VDD,Metal1,231.5600,294.0000,4.499249
FILLER_70_399,VDD,Metal1,230.7200,294.0000,4.499249
FILLER_70_395,VDD,Metal1,229.4200,293.5675,4.499249
FILLER_70_387,VDD,Metal1,226.1865,293.4230,4.499249
FILLER_70_381,VDD,Metal1,221.5800,293.5675,4.499249
FILLER_70_317,VDD,Metal1,202.8750,293.1855,4.499249
FILLER_70_313,VDD,Metal1,182.5600,294.0000,4.499244
FILLER_70_303,VDD,Metal1,176.6800,294.0000,4.499245
FILLER_70_301,VDD,Metal1,175.8400,294.0000,4.499245
FILLER_70_297,VDD,Metal1,174.5400,293.5675,4.499149
FILLER_70_243,VDD,Metal1,143.3600,294.0000,4.499145
FILLER_70_239,VDD,Metal1,142.0600,293.5675,4.499145
FILLER_70_223,VDD,Metal1,136.6880,293.3080,4.499145
FILLER_70_177,VDD,Metal1,106.1200,294.0000,4.499093
FILLER_70_174,VDD,Metal1,104.4400,294.0000,4.499092
FILLER_70_166,VDD,Metal1,102.4265,293.4230,4.499092
FILLER_70_159,VDD,Metal1,96.3200,294.0000,4.499092
FILLER_70_155,VDD,Metal1,95.0200,293.5675,4.499090
FILLER_70_149,VDD,Metal1,90.4400,294.0000,4.499090
FILLER_70_141,VDD,Metal1,88.4265,293.4230,4.499090
FILLER_70_132,VDD,Metal1,80.9200,294.0000,4.499089
FILLER_70_124,VDD,Metal1,78.9065,293.4230,4.499089
FILLER_70_107,VDD,Metal1,66.9200,294.0000,4.499089
FILLER_70_53,VDD,Metal1,36.9600,294.0000,4.499090
FILLER_70_37,VDD,Metal1,32.5280,293.3080,4.499090
FILLER_70_33,VDD,Metal1,25.7600,294.0000,4.499113
FILLER_70_2,VDD,Metal1,12.9280,293.3080,4.499114
FILLER_69_692,VDD,Metal1,394.8000,286.1600,4.499638
FILLER_69_688,VDD,Metal1,393.5000,286.5925,4.499638
FILLER_69_680,VDD,Metal1,390.2665,286.7365,4.499638
FILLER_69_664,VDD,Metal1,383.6480,286.8520,4.499638
FILLER_69_632,VDD,Metal1,370.2755,286.9285,4.499638
FILLER_69_598,VDD,Metal1,351.2355,286.9285,4.499638
FILLER_69_589,VDD,Metal1,338.0600,286.5925,4.499638
FILLER_69_577,VDD,Metal1,331.3400,286.5925,4.499638
FILLER_69_572,VDD,Metal1,327.3200,286.1600,4.499637
FILLER_69_570,VDD,Metal1,326.4800,286.1600,4.499636
FILLER_69_562,VDD,Metal1,324.1865,286.7365,4.499636
FILLER_69_559,VDD,Metal1,320.0400,286.1600,4.499625
FILLER_69_542,VDD,Metal1,310.5200,286.1600,4.499618
FILLER_69_540,VDD,Metal1,309.6800,286.1600,4.499618
FILLER_69_524,VDD,Metal1,305.2480,286.8520,4.499618
FILLER_69_514,VDD,Metal1,294.8400,286.1600,4.499610
FILLER_69_512,VDD,Metal1,294.0000,286.1600,4.499610
FILLER_69_508,VDD,Metal1,292.7000,286.5925,4.499610
FILLER_69_492,VDD,Metal1,287.3280,286.8520,4.499609
FILLER_69_489,VDD,Metal1,280.8400,286.1600,4.499609
FILLER_69_482,VDD,Metal1,277.2000,286.1600,4.499609
FILLER_69_478,VDD,Metal1,275.9000,286.5925,4.499609
FILLER_69_470,VDD,Metal1,272.6665,286.7365,4.499609
FILLER_69_454,VDD,Metal1,266.0480,286.8520,4.499605
FILLER_69_422,VDD,Metal1,252.6755,286.9285,4.499599
FILLER_69_419,VDD,Metal1,241.6400,286.1600,4.499590
FILLER_69_417,VDD,Metal1,240.8000,286.1600,4.499590
FILLER_69_413,VDD,Metal1,239.5000,286.5925,4.499590
FILLER_69_399,VDD,Metal1,230.7200,286.1600,4.499584
FILLER_69_395,VDD,Metal1,229.4200,286.5925,4.499584
FILLER_69_388,VDD,Metal1,224.5600,286.1600,4.499582
FILLER_69_384,VDD,Metal1,223.2600,286.5925,4.499581
FILLER_69_352,VDD,Metal1,213.4755,286.9285,4.499578
FILLER_69_349,VDD,Metal1,202.4400,286.1600,4.499572
FILLER_69_333,VDD,Metal1,198.2880,286.8520,4.499571
FILLER_69_301,VDD,Metal1,184.9155,286.9285,4.499571
FILLER_69_284,VDD,Metal1,166.0400,286.1600,4.499563
FILLER_69_282,VDD,Metal1,165.2000,286.1600,4.499556
FILLER_69_244,VDD,Metal1,143.9200,286.1600,4.499539
FILLER_69_212,VDD,Metal1,135.0755,286.9285,4.499539
FILLER_69_193,VDD,Metal1,117.5465,286.7365,4.499531
FILLER_69_182,VDD,Metal1,108.9200,286.1600,4.499530
FILLER_69_174,VDD,Metal1,106.9065,286.7365,4.499530
FILLER_69_142,VDD,Metal1,95.8755,286.9285,4.499523
FILLER_69_124,VDD,Metal1,81.2480,286.8520,4.499522
FILLER_69_82,VDD,Metal1,52.9200,286.1600,4.499510
FILLER_69_80,VDD,Metal1,52.0800,286.1600,4.499510
FILLER_69_72,VDD,Metal1,49.7865,286.7365,4.499510
FILLER_69_69,VDD,Metal1,45.6400,286.1600,4.499510
FILLER_69_50,VDD,Metal1,36.2200,286.5925,4.499510
FILLER_69_18,VDD,Metal1,26.4355,286.9285,4.499510
FILLER_68_693,VDD,Metal1,395.0800,286.1600,4.499638
FILLER_68_691,VDD,Metal1,394.2400,286.1600,4.499638
FILLER_68_683,VDD,Metal1,391.9465,285.5830,4.499638
FILLER_68_667,VDD,Metal1,385.3280,285.4680,4.499638
FILLER_68_661,VDD,Metal1,378.3800,285.7275,4.499638
FILLER_68_597,VDD,Metal1,359.6750,285.3455,4.499638
FILLER_68_594,VDD,Metal1,339.6400,286.1600,4.499638
FILLER_68_592,VDD,Metal1,338.8000,286.1600,4.499638
FILLER_68_588,VDD,Metal1,337.5000,285.7275,4.499638
FILLER_68_580,VDD,Metal1,334.2665,285.5830,4.499638
FILLER_68_564,VDD,Metal1,327.6480,285.4680,4.499637
FILLER_68_546,VDD,Metal1,313.0400,286.1600,4.499622
FILLER_68_542,VDD,Metal1,311.7400,285.7275,4.499622
FILLER_68_513,VDD,Metal1,295.5000,285.7275,4.499610
FILLER_68_505,VDD,Metal1,292.2665,285.5830,4.499610
FILLER_68_500,VDD,Metal1,287.0000,286.1600,4.499609
FILLER_68_468,VDD,Metal1,278.4355,285.3910,4.499609
FILLER_68_457,VDD,Metal1,262.9200,286.1600,4.499605
FILLER_68_454,VDD,Metal1,261.2400,286.1600,4.499600
FILLER_68_450,VDD,Metal1,260.2200,285.7275,4.499599
FILLER_68_442,VDD,Metal1,256.9865,285.5830,4.499599
FILLER_68_426,VDD,Metal1,250.3680,285.4680,4.499599
FILLER_68_416,VDD,Metal1,240.2400,286.1600,4.499590
FILLER_68_400,VDD,Metal1,235.8080,285.4680,4.499590
FILLER_68_384,VDD,Metal1,222.0400,286.1600,4.499578
FILLER_68_380,VDD,Metal1,221.0200,285.7275,4.499578
FILLER_68_374,VDD,Metal1,216.4400,286.1600,4.499578
FILLER_68_372,VDD,Metal1,215.6000,286.1600,4.499578
FILLER_68_368,VDD,Metal1,214.3000,285.7275,4.499578
FILLER_68_359,VDD,Metal1,208.0400,286.1600,4.499578
FILLER_68_357,VDD,Metal1,207.2000,286.1600,4.499577
FILLER_68_349,VDD,Metal1,204.9065,285.5830,4.499577
FILLER_68_317,VDD,Metal1,193.8755,285.3910,4.499571
FILLER_68_303,VDD,Metal1,176.6800,286.1600,4.499565
FILLER_68_301,VDD,Metal1,175.8400,286.1600,4.499565
FILLER_68_297,VDD,Metal1,174.5400,285.7275,4.499565
FILLER_68_280,VDD,Metal1,163.8000,286.1600,4.499552
FILLER_68_267,VDD,Metal1,156.8000,286.1600,4.499550
FILLER_68_263,VDD,Metal1,155.5000,285.7275,4.499550
FILLER_68_247,VDD,Metal1,150.1280,285.4680,4.499550
FILLER_68_244,VDD,Metal1,143.6400,286.1600,4.499539
FILLER_68_236,VDD,Metal1,141.6265,285.5830,4.499539
FILLER_68_225,VDD,Metal1,133.2800,286.1600,4.499538
FILLER_68_209,VDD,Metal1,128.8480,285.4680,4.499538
FILLER_68_177,VDD,Metal1,115.4755,285.3910,4.499531
FILLER_68_174,VDD,Metal1,104.4400,286.1600,4.499523
FILLER_68_166,VDD,Metal1,102.4265,285.5830,4.499523
FILLER_68_131,VDD,Metal1,80.3600,286.1600,4.499522
FILLER_68_123,VDD,Metal1,78.3465,285.5830,4.499521
FILLER_68_107,VDD,Metal1,71.7280,285.4680,4.499515
FILLER_68_103,VDD,Metal1,64.9600,286.1600,4.499514
FILLER_68_87,VDD,Metal1,60.5280,285.4680,4.499514
FILLER_68_34,VDD,Metal1,26.0400,286.1600,4.499510
FILLER_68_2,VDD,Metal1,17.4755,285.3910,4.499510
FILLER_67_692,VDD,Metal1,394.8000,278.3200,4.499290
FILLER_67_688,VDD,Metal1,393.5000,278.7525,4.499290
FILLER_67_680,VDD,Metal1,390.2665,278.8965,4.499290
FILLER_67_664,VDD,Metal1,383.6480,279.0120,4.499290
FILLER_67_632,VDD,Metal1,370.2755,279.0885,4.499290
FILLER_67_629,VDD,Metal1,359.2400,278.3200,4.499290
FILLER_67_627,VDD,Metal1,358.4000,278.3200,4.499290
FILLER_67_623,VDD,Metal1,357.1000,278.7525,4.499290
FILLER_67_607,VDD,Metal1,351.7280,279.0120,4.499290
FILLER_67_595,VDD,Metal1,340.2000,278.3200,4.499295
FILLER_67_591,VDD,Metal1,339.1800,278.7525,4.499296
FILLER_67_583,VDD,Metal1,335.9465,278.8965,4.499296
FILLER_67_570,VDD,Metal1,327.4200,278.7525,4.499299
FILLER_67_562,VDD,Metal1,324.1865,278.8965,4.499299
FILLER_67_559,VDD,Metal1,320.0400,278.3200,4.499299
FILLER_67_557,VDD,Metal1,319.2000,278.3200,4.499299
FILLER_67_545,VDD,Metal1,312.2000,278.3200,4.499297
FILLER_67_529,VDD,Metal1,308.0480,279.0120,4.499297
FILLER_67_524,VDD,Metal1,300.4400,278.3200,4.499295
FILLER_67_492,VDD,Metal1,291.8755,279.0885,4.499294
FILLER_67_489,VDD,Metal1,280.8400,278.3200,4.499294
FILLER_67_481,VDD,Metal1,278.8265,278.8965,4.499294
FILLER_67_466,VDD,Metal1,269.1800,278.7525,4.499294
FILLER_67_448,VDD,Metal1,257.8800,278.3200,4.499313
FILLER_67_446,VDD,Metal1,257.0400,278.3200,4.499313
FILLER_67_430,VDD,Metal1,252.6080,279.0120,4.499314
FILLER_67_408,VDD,Metal1,235.7600,278.3200,4.499314
FILLER_67_390,VDD,Metal1,225.6800,278.3200,4.499323
FILLER_67_386,VDD,Metal1,224.3800,278.7525,4.499323
FILLER_67_346,VDD,Metal1,201.9800,278.7525,4.499341
FILLER_67_338,VDD,Metal1,198.7465,278.8965,4.499342
FILLER_67_312,VDD,Metal1,181.7200,278.3200,4.499357
FILLER_67_310,VDD,Metal1,180.8800,278.3200,4.499357
FILLER_67_306,VDD,Metal1,179.5800,278.7525,4.499357
FILLER_67_298,VDD,Metal1,176.3465,278.8965,4.499358
FILLER_67_282,VDD,Metal1,169.7280,279.0120,4.499351
FILLER_67_264,VDD,Metal1,157.3065,278.8965,4.499351
FILLER_67_248,VDD,Metal1,150.6880,279.0120,4.499348
FILLER_67_228,VDD,Metal1,135.9000,278.7525,4.499339
FILLER_67_212,VDD,Metal1,130.5280,279.0120,4.499339
FILLER_67_202,VDD,Metal1,122.5865,278.8965,4.499319
FILLER_67_170,VDD,Metal1,111.5555,279.0885,4.499319
FILLER_67_162,VDD,Metal1,97.7200,278.3200,4.499312
FILLER_67_160,VDD,Metal1,96.8800,278.3200,4.499312
FILLER_67_152,VDD,Metal1,92.1200,278.3200,4.499308
FILLER_67_150,VDD,Metal1,91.2800,278.3200,4.499308
FILLER_67_142,VDD,Metal1,88.9865,278.8965,4.499308
FILLER_67_136,VDD,Metal1,84.3800,278.7525,4.499290
FILLER_67_72,VDD,Metal1,65.6750,279.1340,4.499289
FILLER_67_46,VDD,Metal1,32.7600,278.3200,4.499290
FILLER_67_44,VDD,Metal1,31.9200,278.3200,4.499290
FILLER_67_36,VDD,Metal1,29.6265,278.8965,4.499291
FILLER_66_693,VDD,Metal1,395.0800,278.3200,4.499290
FILLER_66_691,VDD,Metal1,394.2400,278.3200,4.499290
FILLER_66_683,VDD,Metal1,391.9465,277.7430,4.499290
FILLER_66_667,VDD,Metal1,385.3280,277.6280,4.499290
FILLER_66_663,VDD,Metal1,378.5600,278.3200,4.499290
FILLER_66_647,VDD,Metal1,374.1280,277.6280,4.499290
FILLER_66_594,VDD,Metal1,339.6400,278.3200,4.499296
FILLER_66_592,VDD,Metal1,338.8000,278.3200,4.499296
FILLER_66_588,VDD,Metal1,337.5000,277.8875,4.499296
FILLER_66_553,VDD,Metal1,316.6800,278.3200,4.499298
FILLER_66_551,VDD,Metal1,315.8400,278.3200,4.499298
FILLER_66_543,VDD,Metal1,313.5465,277.7430,4.499298
FILLER_66_527,VDD,Metal1,306.9280,277.6280,4.499297
FILLER_66_524,VDD,Metal1,300.4400,278.3200,4.499295
FILLER_66_520,VDD,Metal1,299.4200,277.8875,4.499294
FILLER_66_512,VDD,Metal1,296.1865,277.7430,4.499294
FILLER_66_480,VDD,Metal1,285.1555,277.5510,4.499294
FILLER_66_469,VDD,Metal1,269.9200,278.3200,4.499293
FILLER_66_465,VDD,Metal1,268.6200,277.8875,4.499294
FILLER_66_447,VDD,Metal1,259.7865,277.7430,4.499309
FILLER_66_397,VDD,Metal1,234.1280,277.6280,4.499314
FILLER_66_384,VDD,Metal1,222.0400,278.3200,4.499328
FILLER_66_380,VDD,Metal1,221.0200,277.8875,4.499339
FILLER_66_372,VDD,Metal1,217.7865,277.7430,4.499339
FILLER_66_360,VDD,Metal1,208.6000,278.3200,4.499339
FILLER_66_358,VDD,Metal1,207.7600,278.3200,4.499339
FILLER_66_354,VDD,Metal1,206.4600,277.8875,4.499339
FILLER_66_346,VDD,Metal1,203.2265,277.7430,4.499341
FILLER_66_321,VDD,Metal1,186.7600,278.3200,4.499353
FILLER_66_317,VDD,Metal1,185.7400,277.8875,4.499354
FILLER_66_305,VDD,Metal1,178.0800,278.3200,4.499357
FILLER_66_297,VDD,Metal1,175.7865,277.7430,4.499357
FILLER_66_247,VDD,Metal1,150.1280,277.6280,4.499348
FILLER_66_244,VDD,Metal1,143.6400,278.3200,4.499340
FILLER_66_229,VDD,Metal1,135.2400,278.3200,4.499339
FILLER_66_218,VDD,Metal1,129.0800,278.3200,4.499338
FILLER_66_210,VDD,Metal1,127.0665,277.7430,4.499338
FILLER_66_199,VDD,Metal1,118.7200,278.3200,4.499319
FILLER_66_195,VDD,Metal1,117.4200,277.8875,4.499319
FILLER_66_187,VDD,Metal1,114.1865,277.7430,4.499319
FILLER_66_181,VDD,Metal1,108.3600,278.3200,4.499319
FILLER_66_177,VDD,Metal1,107.3400,277.8875,4.499319
FILLER_66_157,VDD,Metal1,95.2000,278.3200,4.499312
FILLER_66_153,VDD,Metal1,93.9000,277.8875,4.499312
FILLER_66_133,VDD,Metal1,82.7000,277.8875,4.499290
FILLER_66_125,VDD,Metal1,79.4665,277.7430,4.499289
FILLER_66_107,VDD,Metal1,67.2000,278.3200,4.499289
FILLER_66_103,VDD,Metal1,64.9600,278.3200,4.499289
FILLER_66_99,VDD,Metal1,63.6600,277.8875,4.499289
FILLER_66_91,VDD,Metal1,60.4265,277.7430,4.499289
FILLER_66_53,VDD,Metal1,37.9000,277.8875,4.499289
FILLER_66_37,VDD,Metal1,32.5280,277.6280,4.499290
FILLER_66_4,VDD,Metal1,9.2400,278.3200,4.499300
FILLER_66_2,VDD,Metal1,8.4000,278.3200,4.499300
FILLER_65_692,VDD,Metal1,394.8000,270.4800,4.499539
FILLER_65_688,VDD,Metal1,393.5000,270.9125,4.499539
FILLER_65_680,VDD,Metal1,390.2665,271.0565,4.499539
FILLER_65_664,VDD,Metal1,383.6480,271.1720,4.499539
FILLER_65_632,VDD,Metal1,370.2755,271.2485,4.499539
FILLER_65_587,VDD,Metal1,335.7200,270.4800,4.499544
FILLER_65_574,VDD,Metal1,328.7200,270.4800,4.499544
FILLER_65_562,VDD,Metal1,322.9400,270.9125,4.499537
FILLER_65_559,VDD,Metal1,320.0400,270.4800,4.499537
FILLER_65_557,VDD,Metal1,319.2000,270.4800,4.499537
FILLER_65_549,VDD,Metal1,316.9065,271.0565,4.499537
FILLER_65_525,VDD,Metal1,303.4665,271.0565,4.499530
FILLER_65_520,VDD,Metal1,298.2000,270.4800,4.499508
FILLER_65_516,VDD,Metal1,297.1800,270.9125,4.499508
FILLER_65_500,VDD,Metal1,291.8080,271.1720,4.499507
FILLER_65_489,VDD,Metal1,280.8400,270.4800,4.499496
FILLER_65_487,VDD,Metal1,280.0000,270.4800,4.499496
FILLER_65_480,VDD,Metal1,275.8000,270.4800,4.499494
FILLER_65_478,VDD,Metal1,274.9600,270.4800,4.499493
FILLER_65_470,VDD,Metal1,272.6665,271.0565,4.499493
FILLER_65_454,VDD,Metal1,266.0480,271.1720,4.499493
FILLER_65_422,VDD,Metal1,252.6755,271.2485,4.499490
FILLER_65_416,VDD,Metal1,241.1800,270.9125,4.499490
FILLER_65_400,VDD,Metal1,235.8080,271.1720,4.499490
FILLER_65_368,VDD,Metal1,222.4355,271.2485,4.499489
FILLER_65_352,VDD,Metal1,206.5865,271.0565,4.499489
FILLER_65_349,VDD,Metal1,202.4400,270.4800,4.499489
FILLER_65_345,VDD,Metal1,201.4200,270.9125,4.499489
FILLER_65_337,VDD,Metal1,198.1865,271.0565,4.499489
FILLER_65_302,VDD,Metal1,176.1200,270.4800,4.499488
FILLER_65_298,VDD,Metal1,175.1000,270.9125,4.499488
FILLER_65_282,VDD,Metal1,169.7280,271.1720,4.499488
FILLER_65_279,VDD,Metal1,163.2400,270.4800,4.499479
FILLER_65_271,VDD,Metal1,161.2265,271.0565,4.499407
FILLER_65_255,VDD,Metal1,154.6080,271.1720,4.499396
FILLER_65_218,VDD,Metal1,129.0800,270.4800,4.499394
FILLER_65_216,VDD,Metal1,128.2400,270.4800,4.499394
FILLER_65_212,VDD,Metal1,126.9400,270.9125,4.499394
FILLER_65_172,VDD,Metal1,103.6000,270.4800,4.499393
FILLER_65_142,VDD,Metal1,87.7400,270.9125,4.499392
FILLER_65_131,VDD,Metal1,80.3600,270.4800,4.499393
FILLER_65_129,VDD,Metal1,79.5200,270.4800,4.499393
FILLER_65_87,VDD,Metal1,55.7200,270.4800,4.499394
FILLER_65_69,VDD,Metal1,45.6400,270.4800,4.499396
FILLER_65_67,VDD,Metal1,44.8000,270.4800,4.499396
FILLER_65_59,VDD,Metal1,42.5065,271.0565,4.499396
FILLER_65_43,VDD,Metal1,35.8880,271.1720,4.499397
FILLER_65_8,VDD,Metal1,11.4800,270.4800,4.499401
FILLER_65_6,VDD,Metal1,10.6400,270.4800,4.499401
FILLER_65_2,VDD,Metal1,9.3400,270.9125,4.499401
FILLER_64_693,VDD,Metal1,395.0800,270.4800,4.499539
FILLER_64_691,VDD,Metal1,394.2400,270.4800,4.499539
FILLER_64_683,VDD,Metal1,391.9465,269.9030,4.499539
FILLER_64_667,VDD,Metal1,385.3280,269.7880,4.499539
FILLER_64_661,VDD,Metal1,378.3800,270.0475,4.499539
FILLER_64_597,VDD,Metal1,359.6750,269.6655,4.499539
FILLER_64_587,VDD,Metal1,338.1865,269.9030,4.499540
FILLER_64_571,VDD,Metal1,331.5680,269.7880,4.499544
FILLER_64_535,VDD,Metal1,306.8800,270.4800,4.499530
FILLER_64_524,VDD,Metal1,300.4400,270.4800,4.499508
FILLER_64_522,VDD,Metal1,299.6000,270.4800,4.499508
FILLER_64_512,VDD,Metal1,293.7200,270.4800,4.499507
FILLER_64_496,VDD,Metal1,289.5680,269.7880,4.499507
FILLER_64_490,VDD,Metal1,281.6800,270.4800,4.499499
FILLER_64_473,VDD,Metal1,272.1600,270.4800,4.499493
FILLER_64_457,VDD,Metal1,267.7280,269.7880,4.499493
FILLER_64_454,VDD,Metal1,261.2400,270.4800,4.499490
FILLER_64_446,VDD,Metal1,259.2265,269.9030,4.499490
FILLER_64_430,VDD,Metal1,252.6080,269.7880,4.499490
FILLER_64_398,VDD,Metal1,239.2355,269.7110,4.499490
FILLER_64_389,VDD,Metal1,224.8400,270.4800,4.499489
FILLER_64_387,VDD,Metal1,224.0000,270.4800,4.499489
FILLER_64_383,VDD,Metal1,221.7600,270.4800,4.499489
FILLER_64_379,VDD,Metal1,220.4600,270.0475,4.499489
FILLER_64_363,VDD,Metal1,215.0880,269.7880,4.499489
FILLER_64_325,VDD,Metal1,190.2200,270.0475,4.499488
FILLER_64_317,VDD,Metal1,186.9865,269.9030,4.499488
FILLER_64_311,VDD,Metal1,182.3800,270.0475,4.499488
FILLER_64_279,VDD,Metal1,172.5955,269.7110,4.499488
FILLER_64_273,VDD,Metal1,159.8800,270.4800,4.499396
FILLER_64_271,VDD,Metal1,159.0400,270.4800,4.499396
FILLER_64_263,VDD,Metal1,156.7465,269.9030,4.499396
FILLER_64_247,VDD,Metal1,150.1280,269.7880,4.499396
FILLER_64_241,VDD,Metal1,143.1800,270.0475,4.499394
FILLER_64_233,VDD,Metal1,139.9465,269.9030,4.499394
FILLER_64_201,VDD,Metal1,128.9155,269.7110,4.499394
FILLER_64_185,VDD,Metal1,110.6000,270.4800,4.499393
FILLER_64_177,VDD,Metal1,108.5865,269.9030,4.499393
FILLER_64_167,VDD,Metal1,102.9865,269.9030,4.499393
FILLER_64_131,VDD,Metal1,80.6400,270.4800,4.499393
FILLER_64_115,VDD,Metal1,76.2080,269.7880,4.499393
FILLER_64_103,VDD,Metal1,64.9600,270.4800,4.499393
FILLER_64_99,VDD,Metal1,63.6600,270.0475,4.499393
FILLER_64_83,VDD,Metal1,58.2880,269.7880,4.499394
FILLER_64_45,VDD,Metal1,33.4200,270.0475,4.499397
FILLER_64_37,VDD,Metal1,30.1865,269.9030,4.499401
FILLER_64_31,VDD,Metal1,25.5800,270.0475,4.499402
FILLER_64_14,VDD,Metal1,15.1200,270.4800,4.499401
FILLER_64_10,VDD,Metal1,13.8200,270.0475,4.499401
FILLER_64_2,VDD,Metal1,10.5865,269.9030,4.499401
FILLER_63_692,VDD,Metal1,394.8000,262.6400,4.499042
FILLER_63_688,VDD,Metal1,393.5000,263.0725,4.499042
FILLER_63_680,VDD,Metal1,390.2665,263.2165,4.499042
FILLER_63_664,VDD,Metal1,383.6480,263.3320,4.499042
FILLER_63_632,VDD,Metal1,370.2755,263.4085,4.499042
FILLER_63_628,VDD,Metal1,358.9600,262.6400,4.499042
FILLER_63_624,VDD,Metal1,357.6600,263.0725,4.499042
FILLER_63_616,VDD,Metal1,354.4265,263.2165,4.499042
FILLER_63_570,VDD,Metal1,327.4200,263.0725,4.499042
FILLER_63_562,VDD,Metal1,324.1865,263.2165,4.499042
FILLER_63_552,VDD,Metal1,318.5865,263.2165,4.498897
FILLER_63_536,VDD,Metal1,311.9680,263.3320,4.498897
FILLER_63_522,VDD,Metal1,299.6000,262.6400,4.498879
FILLER_63_511,VDD,Metal1,293.4400,262.6400,4.498879
FILLER_63_503,VDD,Metal1,291.1465,263.2165,4.498879
FILLER_63_489,VDD,Metal1,280.8400,262.6400,4.498878
FILLER_63_487,VDD,Metal1,280.0000,262.6400,4.498878
FILLER_63_444,VDD,Metal1,255.6400,262.6400,4.498879
FILLER_63_442,VDD,Metal1,254.8000,262.6400,4.498879
FILLER_63_438,VDD,Metal1,253.5000,263.0725,4.498879
FILLER_63_422,VDD,Metal1,248.1280,263.3320,4.498879
FILLER_63_418,VDD,Metal1,241.3600,262.6400,4.498890
FILLER_63_411,VDD,Metal1,237.1600,262.6400,4.498890
FILLER_63_409,VDD,Metal1,236.3200,262.6400,4.498890
FILLER_63_386,VDD,Metal1,224.3800,263.0725,4.498916
FILLER_63_378,VDD,Metal1,221.1465,263.2165,4.498917
FILLER_63_360,VDD,Metal1,209.8200,263.0725,4.498925
FILLER_63_352,VDD,Metal1,206.5865,263.2165,4.498925
FILLER_63_334,VDD,Metal1,198.8480,263.3320,4.498925
FILLER_63_322,VDD,Metal1,188.5400,263.0725,4.498932
FILLER_63_314,VDD,Metal1,185.3065,263.2165,4.498933
FILLER_63_282,VDD,Metal1,174.2755,263.4085,4.498956
FILLER_63_278,VDD,Metal1,162.9600,262.6400,4.498956
FILLER_63_266,VDD,Metal1,156.2400,262.6400,4.498958
FILLER_63_262,VDD,Metal1,154.9400,263.0725,4.498958
FILLER_63_200,VDD,Metal1,119.0000,262.6400,4.498973
FILLER_63_198,VDD,Metal1,118.1600,262.6400,4.498973
FILLER_63_190,VDD,Metal1,115.8665,263.2165,4.498973
FILLER_63_174,VDD,Metal1,109.2480,263.3320,4.498973
FILLER_63_142,VDD,Metal1,95.8755,263.4085,4.498989
FILLER_63_139,VDD,Metal1,84.8400,262.6400,4.499016
FILLER_63_137,VDD,Metal1,84.0000,262.6400,4.499018
FILLER_63_133,VDD,Metal1,82.7000,263.0725,4.499018
FILLER_63_124,VDD,Metal1,76.4400,262.6400,4.499025
FILLER_63_120,VDD,Metal1,75.4200,263.0725,4.499025
FILLER_63_104,VDD,Metal1,70.0480,263.3320,4.499028
FILLER_63_72,VDD,Metal1,56.6755,263.4085,4.499044
FILLER_63_66,VDD,Metal1,45.1800,263.0725,4.499045
FILLER_63_2,VDD,Metal1,26.4750,263.4540,4.499046
FILLER_62_693,VDD,Metal1,395.0800,262.6400,4.499042
FILLER_62_691,VDD,Metal1,394.2400,262.6400,4.499042
FILLER_62_683,VDD,Metal1,391.9465,262.0630,4.499042
FILLER_62_667,VDD,Metal1,385.3280,261.9480,4.499042
FILLER_62_661,VDD,Metal1,378.3800,262.2075,4.499042
FILLER_62_597,VDD,Metal1,359.6750,261.8255,4.499042
FILLER_62_594,VDD,Metal1,339.6400,262.6400,4.499042
FILLER_62_562,VDD,Metal1,331.0755,261.8710,4.499042
FILLER_62_527,VDD,Metal1,302.1200,262.6400,4.498894
FILLER_62_523,VDD,Metal1,300.1600,262.6400,4.498879
FILLER_62_465,VDD,Metal1,269.8665,262.0630,4.498879
FILLER_62_384,VDD,Metal1,222.0400,262.6400,4.498918
FILLER_62_376,VDD,Metal1,220.0265,262.0630,4.498919
FILLER_62_325,VDD,Metal1,189.0000,262.6400,4.498932
FILLER_62_317,VDD,Metal1,186.9865,262.0630,4.498932
FILLER_62_313,VDD,Metal1,182.5600,262.6400,4.498955
FILLER_62_309,VDD,Metal1,181.2600,262.2075,4.498956
FILLER_62_301,VDD,Metal1,178.0265,262.0630,4.498956
FILLER_62_263,VDD,Metal1,155.5000,262.2075,4.498958
FILLER_62_247,VDD,Metal1,150.1280,261.9480,4.498959
FILLER_62_225,VDD,Metal1,133.2800,262.6400,4.498959
FILLER_62_209,VDD,Metal1,128.8480,261.9480,4.498959
FILLER_62_177,VDD,Metal1,115.4755,261.8710,4.498973
FILLER_62_173,VDD,Metal1,104.1600,262.6400,4.498989
FILLER_62_165,VDD,Metal1,101.8665,262.0630,4.498989
FILLER_62_159,VDD,Metal1,96.0400,262.6400,4.498989
FILLER_62_157,VDD,Metal1,95.2000,262.6400,4.498989
FILLER_62_141,VDD,Metal1,90.7680,261.9480,4.498990
FILLER_62_121,VDD,Metal1,75.9800,262.2075,4.499025
FILLER_62_115,VDD,Metal1,71.4000,262.6400,4.499028
FILLER_62_107,VDD,Metal1,67.2000,262.6400,4.499028
FILLER_62_104,VDD,Metal1,65.2400,262.6400,4.499044
FILLER_62_100,VDD,Metal1,64.2200,262.2075,4.499044
FILLER_62_84,VDD,Metal1,58.8480,261.9480,4.499044
FILLER_62_49,VDD,Metal1,34.4400,262.6400,4.499046
FILLER_62_45,VDD,Metal1,33.4200,262.2075,4.499046
FILLER_62_37,VDD,Metal1,30.1865,262.0630,4.499046
FILLER_62_34,VDD,Metal1,26.0400,262.6400,4.499046
FILLER_62_32,VDD,Metal1,25.2000,262.6400,4.499047
FILLER_62_16,VDD,Metal1,20.7680,261.9480,4.499047
FILLER_61_692,VDD,Metal1,394.8000,254.8000,4.499334
FILLER_61_688,VDD,Metal1,393.5000,255.2325,4.499334
FILLER_61_680,VDD,Metal1,390.2665,255.3765,4.499334
FILLER_61_664,VDD,Metal1,383.6480,255.4920,4.499334
FILLER_61_632,VDD,Metal1,370.2755,255.5685,4.499334
FILLER_61_626,VDD,Metal1,358.7800,255.2325,4.499334
FILLER_61_562,VDD,Metal1,340.0750,255.6140,4.499334
FILLER_61_558,VDD,Metal1,319.7600,254.8000,4.499334
FILLER_61_526,VDD,Metal1,310.9155,255.5685,4.499334
FILLER_61_488,VDD,Metal1,280.5600,254.8000,4.499314
FILLER_61_419,VDD,Metal1,241.6400,254.8000,4.499314
FILLER_61_417,VDD,Metal1,240.8000,254.8000,4.499314
FILLER_61_408,VDD,Metal1,235.4800,254.8000,4.499314
FILLER_61_392,VDD,Metal1,231.3280,255.4920,4.499314
FILLER_61_356,VDD,Metal1,206.6400,254.8000,4.499314
FILLER_61_352,VDD,Metal1,205.3400,255.2325,4.499314
FILLER_61_349,VDD,Metal1,202.4400,254.8000,4.499314
FILLER_61_345,VDD,Metal1,201.4200,255.2325,4.499314
FILLER_61_337,VDD,Metal1,198.1865,255.3765,4.499314
FILLER_61_302,VDD,Metal1,176.1200,254.8000,4.499311
FILLER_61_298,VDD,Metal1,175.1000,255.2325,4.499310
FILLER_61_282,VDD,Metal1,169.7280,255.4920,4.499309
FILLER_61_279,VDD,Metal1,163.2400,254.8000,4.499300
FILLER_61_277,VDD,Metal1,162.4000,254.8000,4.499299
FILLER_61_268,VDD,Metal1,157.0800,254.8000,4.499299
FILLER_61_266,VDD,Metal1,156.2400,254.8000,4.499299
FILLER_61_258,VDD,Metal1,153.9465,255.3765,4.499299
FILLER_61_242,VDD,Metal1,147.3280,255.4920,4.499299
FILLER_61_228,VDD,Metal1,137.1465,255.3765,4.499289
FILLER_61_212,VDD,Metal1,130.5280,255.4920,4.499287
FILLER_61_160,VDD,Metal1,96.8800,254.8000,4.499274
FILLER_61_146,VDD,Metal1,88.7600,254.8000,4.499274
FILLER_61_142,VDD,Metal1,87.7400,255.2325,4.499274
FILLER_61_96,VDD,Metal1,61.0400,254.8000,4.499274
FILLER_61_80,VDD,Metal1,56.6080,255.4920,4.499274
FILLER_61_69,VDD,Metal1,45.6400,254.8000,4.499280
FILLER_61_67,VDD,Metal1,44.8000,254.8000,4.499281
FILLER_61_51,VDD,Metal1,40.3680,255.4920,4.499281
FILLER_60_693,VDD,Metal1,395.0800,254.8000,4.499334
FILLER_60_691,VDD,Metal1,394.2400,254.8000,4.499334
FILLER_60_683,VDD,Metal1,391.9465,254.2230,4.499334
FILLER_60_667,VDD,Metal1,385.3280,254.1080,4.499334
FILLER_60_661,VDD,Metal1,378.3800,254.3675,4.499334
FILLER_60_597,VDD,Metal1,359.6750,253.9855,4.499334
FILLER_60_591,VDD,Metal1,339.1800,254.3675,4.499334
FILLER_60_527,VDD,Metal1,320.4750,253.9855,4.499334
FILLER_60_521,VDD,Metal1,299.9800,254.3675,4.499315
FILLER_60_457,VDD,Metal1,281.2750,253.9855,4.499314
FILLER_60_451,VDD,Metal1,260.7800,254.3675,4.499314
FILLER_60_387,VDD,Metal1,242.0750,253.9855,4.499314
FILLER_60_381,VDD,Metal1,221.5800,254.3675,4.499314
FILLER_60_317,VDD,Metal1,202.8750,253.9855,4.499314
FILLER_60_299,VDD,Metal1,174.4400,254.8000,4.499310
FILLER_60_295,VDD,Metal1,173.4200,254.3675,4.499310
FILLER_60_279,VDD,Metal1,168.0480,254.1080,4.499309
FILLER_60_247,VDD,Metal1,154.6755,254.0310,4.499299
FILLER_60_243,VDD,Metal1,143.3600,254.8000,4.499291
FILLER_60_239,VDD,Metal1,142.0600,254.3675,4.499291
FILLER_60_231,VDD,Metal1,138.8265,254.2230,4.499290
FILLER_60_215,VDD,Metal1,132.2080,254.1080,4.499287
FILLER_60_204,VDD,Metal1,121.5200,254.8000,4.499280
FILLER_60_198,VDD,Metal1,117.8800,254.8000,4.499279
FILLER_60_194,VDD,Metal1,116.8600,254.3675,4.499279
FILLER_60_183,VDD,Metal1,109.4800,254.8000,4.499279
FILLER_60_181,VDD,Metal1,108.6400,254.8000,4.499279
FILLER_60_177,VDD,Metal1,107.3400,254.3675,4.499279
FILLER_60_167,VDD,Metal1,102.9865,254.2230,4.499278
FILLER_60_132,VDD,Metal1,80.9200,254.8000,4.499274
FILLER_60_128,VDD,Metal1,79.9000,254.3675,4.499274
FILLER_60_115,VDD,Metal1,71.6800,254.8000,4.499273
FILLER_60_55,VDD,Metal1,37.8000,254.8000,4.499281
FILLER_60_53,VDD,Metal1,36.9600,254.8000,4.499283
FILLER_60_37,VDD,Metal1,32.5280,254.1080,4.499284
FILLER_60_4,VDD,Metal1,9.2400,254.8000,4.499290
FILLER_60_2,VDD,Metal1,8.4000,254.8000,4.499290
FILLER_59_692,VDD,Metal1,394.8000,246.9600,4.499251
FILLER_59_688,VDD,Metal1,393.5000,247.3925,4.499251
FILLER_59_680,VDD,Metal1,390.2665,247.5365,4.499251
FILLER_59_664,VDD,Metal1,383.6480,247.6520,4.499251
FILLER_59_632,VDD,Metal1,370.2755,247.7285,4.499251
FILLER_59_578,VDD,Metal1,330.9600,246.9600,4.499260
FILLER_59_562,VDD,Metal1,326.5280,247.6520,4.499254
FILLER_59_544,VDD,Metal1,311.6400,246.9600,4.499254
FILLER_59_540,VDD,Metal1,310.6200,247.3925,4.499254
FILLER_59_524,VDD,Metal1,305.2480,247.6520,4.499254
FILLER_59_492,VDD,Metal1,291.8755,247.7285,4.499253
FILLER_59_488,VDD,Metal1,280.5600,246.9600,4.499253
FILLER_59_480,VDD,Metal1,278.2665,247.5365,4.499253
FILLER_59_464,VDD,Metal1,271.6480,247.6520,4.499252
FILLER_59_422,VDD,Metal1,245.7865,247.5365,4.499252
FILLER_59_416,VDD,Metal1,241.1800,247.3925,4.499252
FILLER_59_352,VDD,Metal1,222.4750,247.7740,4.499252
FILLER_59_330,VDD,Metal1,193.0200,247.3925,4.499252
FILLER_59_322,VDD,Metal1,189.7865,247.5365,4.499253
FILLER_59_298,VDD,Metal1,173.8800,246.9600,4.499270
FILLER_59_282,VDD,Metal1,169.7280,247.6520,4.499270
FILLER_59_278,VDD,Metal1,162.9600,246.9600,4.499261
FILLER_59_258,VDD,Metal1,151.4800,246.9600,4.499252
FILLER_59_256,VDD,Metal1,150.6400,246.9600,4.499252
FILLER_59_248,VDD,Metal1,148.3465,247.5365,4.499252
FILLER_59_209,VDD,Metal1,124.0400,246.9600,4.499249
FILLER_59_207,VDD,Metal1,123.2000,246.9600,4.499249
FILLER_59_203,VDD,Metal1,121.9000,247.3925,4.499249
FILLER_59_187,VDD,Metal1,116.5280,247.6520,4.499249
FILLER_59_155,VDD,Metal1,103.1555,247.7285,4.499249
FILLER_59_142,VDD,Metal1,88.9865,247.5365,4.499266
FILLER_59_138,VDD,Metal1,84.5600,246.9600,4.499266
FILLER_59_134,VDD,Metal1,83.2600,247.3925,4.499266
FILLER_59_102,VDD,Metal1,73.4755,247.7285,4.499266
FILLER_59_94,VDD,Metal1,59.6400,246.9600,4.499266
FILLER_59_78,VDD,Metal1,50.6800,246.9600,4.499266
FILLER_59_76,VDD,Metal1,49.8400,246.9600,4.499266
FILLER_59_72,VDD,Metal1,48.5400,247.3925,4.499266
FILLER_59_16,VDD,Metal1,17.1800,247.3925,4.499266
FILLER_59_8,VDD,Metal1,13.9465,247.5365,4.499266
FILLER_58_693,VDD,Metal1,395.0800,246.9600,4.499251
FILLER_58_691,VDD,Metal1,394.2400,246.9600,4.499251
FILLER_58_683,VDD,Metal1,391.9465,246.3830,4.499251
FILLER_58_667,VDD,Metal1,385.3280,246.2680,4.499251
FILLER_58_663,VDD,Metal1,378.5600,246.9600,4.499251
FILLER_58_647,VDD,Metal1,374.1280,246.2680,4.499251
FILLER_58_612,VDD,Metal1,349.7200,246.9600,4.499251
FILLER_58_593,VDD,Metal1,339.3600,246.9600,4.499251
FILLER_58_589,VDD,Metal1,338.0600,246.5275,4.499251
FILLER_58_539,VDD,Metal1,308.8400,246.9600,4.499254
FILLER_58_535,VDD,Metal1,307.8200,246.5275,4.499254
FILLER_58_527,VDD,Metal1,304.5865,246.3830,4.499254
FILLER_58_509,VDD,Metal1,296.8480,246.2680,4.499253
FILLER_58_477,VDD,Metal1,283.4755,246.1910,4.499253
FILLER_58_457,VDD,Metal1,264.1400,246.5275,4.499252
FILLER_58_454,VDD,Metal1,261.2400,246.9600,4.499252
FILLER_58_452,VDD,Metal1,260.4000,246.9600,4.499252
FILLER_58_448,VDD,Metal1,259.1000,246.5275,4.499252
FILLER_58_439,VDD,Metal1,252.8400,246.9600,4.499252
FILLER_58_435,VDD,Metal1,251.8200,246.5275,4.499252
FILLER_58_419,VDD,Metal1,246.4480,246.2680,4.499252
FILLER_58_387,VDD,Metal1,233.0755,246.1910,4.499252
FILLER_58_384,VDD,Metal1,222.0400,246.9600,4.499252
FILLER_58_382,VDD,Metal1,221.2000,246.9600,4.499252
FILLER_58_378,VDD,Metal1,219.9000,246.5275,4.499252
FILLER_58_362,VDD,Metal1,214.5280,246.2680,4.499252
FILLER_58_319,VDD,Metal1,185.6400,246.9600,4.499263
FILLER_58_317,VDD,Metal1,184.8000,246.9600,4.499263
FILLER_58_311,VDD,Metal1,182.3800,246.5275,4.499263
FILLER_58_303,VDD,Metal1,179.1465,246.3830,4.499264
FILLER_58_279,VDD,Metal1,165.7065,246.3830,4.499269
FILLER_58_268,VDD,Metal1,157.3600,246.9600,4.499256
FILLER_58_251,VDD,Metal1,147.8400,246.9600,4.499252
FILLER_58_247,VDD,Metal1,146.5400,246.5275,4.499250
FILLER_58_244,VDD,Metal1,143.6400,246.9600,4.499249
FILLER_58_242,VDD,Metal1,142.8000,246.9600,4.499249
FILLER_58_234,VDD,Metal1,140.5065,246.3830,4.499249
FILLER_58_192,VDD,Metal1,114.5200,246.9600,4.499249
FILLER_58_190,VDD,Metal1,113.6800,246.9600,4.499249
FILLER_58_177,VDD,Metal1,108.5865,246.3830,4.499249
FILLER_58_174,VDD,Metal1,104.4400,246.9600,4.499249
FILLER_58_166,VDD,Metal1,102.4265,246.3830,4.499249
FILLER_58_159,VDD,Metal1,96.3200,246.9600,4.499249
FILLER_58_155,VDD,Metal1,95.0200,246.5275,4.499249
FILLER_58_139,VDD,Metal1,89.6480,246.2680,4.499266
FILLER_58_107,VDD,Metal1,76.2755,246.1910,4.499266
FILLER_58_101,VDD,Metal1,64.7800,246.5275,4.499266
FILLER_58_37,VDD,Metal1,46.0750,246.1455,4.499266
FILLER_58_34,VDD,Metal1,26.0400,246.9600,4.499266
FILLER_58_2,VDD,Metal1,17.4755,246.1910,4.499266
FILLER_57_692,VDD,Metal1,394.8000,239.1200,4.499344
FILLER_57_688,VDD,Metal1,393.5000,239.5525,4.499344
FILLER_57_680,VDD,Metal1,390.2665,239.6965,4.499344
FILLER_57_664,VDD,Metal1,383.6480,239.8120,4.499344
FILLER_57_632,VDD,Metal1,370.2755,239.8885,4.499344
FILLER_57_629,VDD,Metal1,359.2400,239.1200,4.499344
FILLER_57_625,VDD,Metal1,358.2200,239.5525,4.499344
FILLER_57_608,VDD,Metal1,347.4800,239.1200,4.499344
FILLER_57_570,VDD,Metal1,326.4800,239.1200,4.499342
FILLER_57_562,VDD,Metal1,324.1865,239.6965,4.499342
FILLER_57_558,VDD,Metal1,319.7600,239.1200,4.499342
FILLER_57_554,VDD,Metal1,318.4600,239.5525,4.499342
FILLER_57_546,VDD,Metal1,315.2265,239.6965,4.499342
FILLER_57_494,VDD,Metal1,283.6400,239.1200,4.499330
FILLER_57_492,VDD,Metal1,282.8000,239.1200,4.499330
FILLER_57_489,VDD,Metal1,280.8400,239.1200,4.499330
FILLER_57_473,VDD,Metal1,276.6880,239.8120,4.499330
FILLER_57_461,VDD,Metal1,265.1600,239.1200,4.499325
FILLER_57_459,VDD,Metal1,264.3200,239.1200,4.499325
FILLER_57_451,VDD,Metal1,262.0265,239.6965,4.499325
FILLER_57_430,VDD,Metal1,249.0200,239.5525,4.499317
FILLER_57_422,VDD,Metal1,245.7865,239.6965,4.499317
FILLER_57_419,VDD,Metal1,241.6400,239.1200,4.499317
FILLER_57_417,VDD,Metal1,240.8000,239.1200,4.499317
FILLER_57_413,VDD,Metal1,239.5000,239.5525,4.499317
FILLER_57_405,VDD,Metal1,236.2665,239.6965,4.499317
FILLER_57_368,VDD,Metal1,213.0800,239.1200,4.499296
FILLER_57_352,VDD,Metal1,208.9280,239.8120,4.499296
FILLER_57_349,VDD,Metal1,202.4400,239.1200,4.499289
FILLER_57_347,VDD,Metal1,201.6000,239.1200,4.499289
FILLER_57_298,VDD,Metal1,178.6880,239.8120,4.499278
FILLER_57_290,VDD,Metal1,169.6800,239.1200,4.499277
FILLER_57_282,VDD,Metal1,167.3865,239.6965,4.499277
FILLER_57_279,VDD,Metal1,163.2400,239.1200,4.499256
FILLER_57_277,VDD,Metal1,162.4000,239.1200,4.499256
FILLER_57_268,VDD,Metal1,157.0800,239.1200,4.499239
FILLER_57_232,VDD,Metal1,137.2000,239.1200,4.499236
FILLER_57_228,VDD,Metal1,135.9000,239.5525,4.499236
FILLER_57_220,VDD,Metal1,132.6665,239.6965,4.499236
FILLER_57_199,VDD,Metal1,118.4400,239.1200,4.499236
FILLER_57_195,VDD,Metal1,117.4200,239.5525,4.499236
FILLER_57_187,VDD,Metal1,114.1865,239.6965,4.499236
FILLER_57_154,VDD,Metal1,93.2400,239.1200,4.499251
FILLER_57_150,VDD,Metal1,92.2200,239.5525,4.499251
FILLER_57_142,VDD,Metal1,88.9865,239.6965,4.499251
FILLER_57_136,VDD,Metal1,84.3800,239.5525,4.499251
FILLER_57_72,VDD,Metal1,65.6750,239.9340,4.499251
FILLER_57_66,VDD,Metal1,45.1800,239.5525,4.499251
FILLER_57_50,VDD,Metal1,39.8080,239.8120,4.499251
FILLER_57_14,VDD,Metal1,15.1200,239.1200,4.499257
FILLER_57_10,VDD,Metal1,13.8200,239.5525,4.499257
FILLER_57_2,VDD,Metal1,10.5865,239.6965,4.499257
FILLER_56_693,VDD,Metal1,395.0800,239.1200,4.499344
FILLER_56_691,VDD,Metal1,394.2400,239.1200,4.499344
FILLER_56_683,VDD,Metal1,391.9465,238.5430,4.499344
FILLER_56_667,VDD,Metal1,385.3280,238.4280,4.499344
FILLER_56_661,VDD,Metal1,378.3800,238.6875,4.499344
FILLER_56_645,VDD,Metal1,373.0080,238.4280,4.499344
FILLER_56_597,VDD,Metal1,343.7865,238.5430,4.499344
FILLER_56_591,VDD,Metal1,339.1800,238.6875,4.499344
FILLER_56_527,VDD,Metal1,320.4750,238.3055,4.499342
FILLER_56_524,VDD,Metal1,300.4400,239.1200,4.499335
FILLER_56_522,VDD,Metal1,299.6000,239.1200,4.499335
FILLER_56_514,VDD,Metal1,297.3065,238.5430,4.499335
FILLER_56_498,VDD,Metal1,285.8800,239.1200,4.499335
FILLER_56_462,VDD,Metal1,266.0000,239.1200,4.499325
FILLER_56_453,VDD,Metal1,260.9600,239.1200,4.499321
FILLER_56_438,VDD,Metal1,252.2800,239.1200,4.499317
FILLER_56_403,VDD,Metal1,232.6800,239.1200,4.499310
FILLER_56_395,VDD,Metal1,230.6665,238.5430,4.499298
FILLER_56_376,VDD,Metal1,217.5600,239.1200,4.499297
FILLER_56_360,VDD,Metal1,213.4080,238.4280,4.499296
FILLER_56_348,VDD,Metal1,201.8800,239.1200,4.499289
FILLER_56_346,VDD,Metal1,201.0400,239.1200,4.499289
FILLER_56_340,VDD,Metal1,197.4000,239.1200,4.499289
FILLER_56_338,VDD,Metal1,196.5600,239.1200,4.499285
FILLER_56_329,VDD,Metal1,191.2400,239.1200,4.499282
FILLER_56_325,VDD,Metal1,190.2200,238.6875,4.499282
FILLER_56_317,VDD,Metal1,186.9865,238.5430,4.499280
FILLER_56_313,VDD,Metal1,182.5600,239.1200,4.499278
FILLER_56_309,VDD,Metal1,181.2600,238.6875,4.499278
FILLER_56_277,VDD,Metal1,171.4755,238.3510,4.499277
FILLER_56_269,VDD,Metal1,157.6400,239.1200,4.499239
FILLER_56_267,VDD,Metal1,156.8000,239.1200,4.499239
FILLER_56_263,VDD,Metal1,155.5000,238.6875,4.499238
FILLER_56_247,VDD,Metal1,150.1280,238.4280,4.499238
FILLER_56_244,VDD,Metal1,143.6400,239.1200,4.499238
FILLER_56_242,VDD,Metal1,142.8000,239.1200,4.499238
FILLER_56_238,VDD,Metal1,141.5000,238.6875,4.499238
FILLER_56_187,VDD,Metal1,111.7200,239.1200,4.499240
FILLER_56_185,VDD,Metal1,110.8800,239.1200,4.499240
FILLER_56_177,VDD,Metal1,108.5865,238.5430,4.499244
FILLER_56_173,VDD,Metal1,104.1600,239.1200,4.499249
FILLER_56_160,VDD,Metal1,96.6000,239.1200,4.499250
FILLER_56_125,VDD,Metal1,77.0000,239.1200,4.499251
FILLER_56_123,VDD,Metal1,76.1600,239.1200,4.499251
FILLER_56_111,VDD,Metal1,69.1600,239.1200,4.499251
FILLER_56_107,VDD,Metal1,68.1400,238.6875,4.499251
FILLER_56_104,VDD,Metal1,65.2400,239.1200,4.499251
FILLER_56_102,VDD,Metal1,64.4000,239.1200,4.499251
FILLER_56_98,VDD,Metal1,63.1000,238.6875,4.499251
FILLER_56_82,VDD,Metal1,57.7280,238.4280,4.499251
FILLER_56_47,VDD,Metal1,33.3200,239.1200,4.499257
FILLER_56_45,VDD,Metal1,32.4800,239.1200,4.499257
FILLER_56_37,VDD,Metal1,30.1865,238.5430,4.499257
FILLER_56_33,VDD,Metal1,25.7600,239.1200,4.499257
FILLER_56_29,VDD,Metal1,24.4600,238.6875,4.499257
FILLER_56_20,VDD,Metal1,18.2000,239.1200,4.499257
FILLER_56_18,VDD,Metal1,17.3600,239.1200,4.499257
FILLER_56_2,VDD,Metal1,12.9280,238.4280,4.499257
FILLER_55_692,VDD,Metal1,394.8000,231.2800,4.499316
FILLER_55_688,VDD,Metal1,393.5000,231.7125,4.499316
FILLER_55_680,VDD,Metal1,390.2665,231.8565,4.499316
FILLER_55_664,VDD,Metal1,383.6480,231.9720,4.499316
FILLER_55_632,VDD,Metal1,370.2755,232.0485,4.499316
FILLER_55_580,VDD,Metal1,331.8000,231.2800,4.499318
FILLER_55_578,VDD,Metal1,330.9600,231.2800,4.499319
FILLER_55_562,VDD,Metal1,326.5280,231.9720,4.499319
FILLER_55_544,VDD,Metal1,316.4480,231.9720,4.499317
FILLER_55_508,VDD,Metal1,291.7600,231.2800,4.499311
FILLER_55_492,VDD,Metal1,287.3280,231.9720,4.499310
FILLER_55_489,VDD,Metal1,280.8400,231.2800,4.499301
FILLER_55_485,VDD,Metal1,279.8200,231.7125,4.499301
FILLER_55_477,VDD,Metal1,276.5865,231.8565,4.499301
FILLER_55_461,VDD,Metal1,269.9680,231.9720,4.499301
FILLER_55_448,VDD,Metal1,258.1600,231.2800,4.499289
FILLER_55_426,VDD,Metal1,245.8400,231.2800,4.499287
FILLER_55_422,VDD,Metal1,244.5400,231.7125,4.499287
FILLER_55_419,VDD,Metal1,241.6400,231.2800,4.499279
FILLER_55_417,VDD,Metal1,240.8000,231.2800,4.499279
FILLER_55_379,VDD,Metal1,219.5200,231.2800,4.499279
FILLER_55_361,VDD,Metal1,213.9680,231.9720,4.499279
FILLER_55_344,VDD,Metal1,199.6400,231.2800,4.499279
FILLER_55_322,VDD,Metal1,187.6000,231.2800,4.499284
FILLER_55_314,VDD,Metal1,185.3065,231.8565,4.499286
FILLER_55_282,VDD,Metal1,174.2755,232.0485,4.499293
FILLER_55_279,VDD,Metal1,163.2400,231.2800,4.499285
FILLER_55_277,VDD,Metal1,162.4000,231.2800,4.499285
FILLER_55_255,VDD,Metal1,154.6080,231.9720,4.499285
FILLER_55_223,VDD,Metal1,141.2355,232.0485,4.499285
FILLER_55_214,VDD,Metal1,126.8400,231.2800,4.499285
FILLER_55_212,VDD,Metal1,126.0000,231.2800,4.499285
FILLER_55_208,VDD,Metal1,123.7600,231.2800,4.499282
FILLER_55_176,VDD,Metal1,114.9155,232.0485,4.499282
FILLER_55_170,VDD,Metal1,102.2000,231.2800,4.499254
FILLER_55_168,VDD,Metal1,101.3600,231.2800,4.499254
FILLER_55_152,VDD,Metal1,93.3400,231.7125,4.499238
FILLER_55_146,VDD,Metal1,88.7600,231.2800,4.499211
FILLER_55_142,VDD,Metal1,87.7400,231.7125,4.499211
FILLER_55_139,VDD,Metal1,84.8400,231.2800,4.499211
FILLER_55_131,VDD,Metal1,82.8265,231.8565,4.499211
FILLER_55_124,VDD,Metal1,76.7200,231.2800,4.499211
FILLER_55_89,VDD,Metal1,56.8400,231.2800,4.499211
FILLER_55_87,VDD,Metal1,56.0000,231.2800,4.499211
FILLER_55_51,VDD,Metal1,36.7800,231.7125,4.499212
FILLER_54_693,VDD,Metal1,395.0800,231.2800,4.499316
FILLER_54_691,VDD,Metal1,394.2400,231.2800,4.499316
FILLER_54_683,VDD,Metal1,391.9465,230.7030,4.499316
FILLER_54_667,VDD,Metal1,385.3280,230.5880,4.499316
FILLER_54_657,VDD,Metal1,377.3865,230.7030,4.499316
FILLER_54_619,VDD,Metal1,354.8600,230.8475,4.499317
FILLER_54_611,VDD,Metal1,351.6265,230.7030,4.499317
FILLER_54_608,VDD,Metal1,347.4800,231.2800,4.499318
FILLER_54_601,VDD,Metal1,343.5600,231.2800,4.499318
FILLER_54_597,VDD,Metal1,342.5400,230.8475,4.499318
FILLER_54_594,VDD,Metal1,339.6400,231.2800,4.499318
FILLER_54_575,VDD,Metal1,330.2200,230.8475,4.499319
FILLER_54_527,VDD,Metal1,306.9280,230.5880,4.499314
FILLER_54_524,VDD,Metal1,300.4400,231.2800,4.499313
FILLER_54_522,VDD,Metal1,299.6000,231.2800,4.499312
FILLER_54_518,VDD,Metal1,298.3000,230.8475,4.499312
FILLER_54_502,VDD,Metal1,292.9280,230.5880,4.499312
FILLER_54_489,VDD,Metal1,283.3065,230.7030,4.499309
FILLER_54_457,VDD,Metal1,272.2755,230.5110,4.499301
FILLER_54_447,VDD,Metal1,259.7865,230.7030,4.499296
FILLER_54_437,VDD,Metal1,251.7200,231.2800,4.499287
FILLER_54_435,VDD,Metal1,250.8800,231.2800,4.499287
FILLER_54_419,VDD,Metal1,246.4480,230.5880,4.499287
FILLER_54_387,VDD,Metal1,233.0755,230.5110,4.499279
FILLER_54_331,VDD,Metal1,193.5800,230.8475,4.499279
FILLER_54_321,VDD,Metal1,186.7600,231.2800,4.499286
FILLER_54_317,VDD,Metal1,185.7400,230.8475,4.499286
FILLER_54_279,VDD,Metal1,163.5200,231.2800,4.499285
FILLER_54_247,VDD,Metal1,154.6755,230.5110,4.499285
FILLER_54_193,VDD,Metal1,115.0800,231.2800,4.499282
FILLER_54_177,VDD,Metal1,110.9280,230.5880,4.499282
FILLER_54_174,VDD,Metal1,104.4400,231.2800,4.499280
FILLER_54_172,VDD,Metal1,103.6000,231.2800,4.499280
FILLER_54_164,VDD,Metal1,101.3065,230.7030,4.499254
FILLER_54_148,VDD,Metal1,94.6880,230.5880,4.499238
FILLER_54_116,VDD,Metal1,81.3155,230.5110,4.499211
FILLER_54_103,VDD,Metal1,64.9600,231.2800,4.499211
FILLER_54_96,VDD,Metal1,61.0400,231.2800,4.499211
FILLER_54_92,VDD,Metal1,59.7400,230.8475,4.499211
FILLER_54_57,VDD,Metal1,38.9200,231.2800,4.499211
FILLER_54_53,VDD,Metal1,37.9000,230.8475,4.499211
FILLER_54_37,VDD,Metal1,32.5280,230.5880,4.499212
FILLER_54_33,VDD,Metal1,25.7600,231.2800,4.499220
FILLER_54_2,VDD,Metal1,8.1200,231.2800,4.499220
FILLER_53_693,VDD,Metal1,395.0800,223.4400,4.499040
FILLER_53_691,VDD,Metal1,394.2400,223.4400,4.499040
FILLER_53_687,VDD,Metal1,392.9400,223.8725,4.499040
FILLER_53_679,VDD,Metal1,389.7065,224.0165,4.499040
FILLER_53_647,VDD,Metal1,378.6755,224.2085,4.499040
FILLER_53_628,VDD,Metal1,358.9600,223.4400,4.499040
FILLER_53_574,VDD,Metal1,328.7200,223.4400,4.499077
FILLER_53_570,VDD,Metal1,327.4200,223.8725,4.499077
FILLER_53_562,VDD,Metal1,324.1865,224.0165,4.499077
FILLER_53_552,VDD,Metal1,318.5865,224.0165,4.499077
FILLER_53_517,VDD,Metal1,296.5200,223.4400,4.499070
FILLER_53_501,VDD,Metal1,292.3680,224.1320,4.499070
FILLER_53_492,VDD,Metal1,282.5200,223.4400,4.499070
FILLER_53_482,VDD,Metal1,276.9200,223.4400,4.499070
FILLER_53_478,VDD,Metal1,275.9000,223.8725,4.499070
FILLER_53_470,VDD,Metal1,272.6665,224.0165,4.499070
FILLER_53_454,VDD,Metal1,266.0480,224.1320,4.499069
FILLER_53_422,VDD,Metal1,252.6755,224.2085,4.499069
FILLER_53_419,VDD,Metal1,241.6400,223.4400,4.499068
FILLER_53_415,VDD,Metal1,240.6200,223.8725,4.499068
FILLER_53_410,VDD,Metal1,236.6000,223.4400,4.499068
FILLER_53_402,VDD,Metal1,234.5865,224.0165,4.499068
FILLER_53_370,VDD,Metal1,223.5555,224.2085,4.499068
FILLER_53_352,VDD,Metal1,204.4000,223.4400,4.499068
FILLER_53_349,VDD,Metal1,202.4400,223.4400,4.499068
FILLER_53_347,VDD,Metal1,201.6000,223.4400,4.499068
FILLER_53_342,VDD,Metal1,198.5200,223.4400,4.499068
FILLER_53_338,VDD,Metal1,197.5000,223.8725,4.499068
FILLER_53_330,VDD,Metal1,194.2665,224.0165,4.499068
FILLER_53_298,VDD,Metal1,183.2355,224.2085,4.499071
FILLER_53_279,VDD,Metal1,163.2400,223.4400,4.499012
FILLER_53_277,VDD,Metal1,162.4000,223.4400,4.499010
FILLER_53_273,VDD,Metal1,161.1000,223.8725,4.499010
FILLER_53_214,VDD,Metal1,126.8400,223.4400,4.499004
FILLER_53_212,VDD,Metal1,126.0000,223.4400,4.499005
FILLER_53_208,VDD,Metal1,123.7600,223.4400,4.499006
FILLER_53_176,VDD,Metal1,114.9155,224.2085,4.499006
FILLER_53_154,VDD,Metal1,93.2400,223.4400,4.499012
FILLER_53_150,VDD,Metal1,92.2200,223.8725,4.499012
FILLER_53_142,VDD,Metal1,88.9865,224.0165,4.499012
FILLER_53_136,VDD,Metal1,84.3800,223.8725,4.499012
FILLER_53_126,VDD,Metal1,77.8400,223.4400,4.499016
FILLER_53_122,VDD,Metal1,76.5400,223.8725,4.499016
FILLER_53_114,VDD,Metal1,73.3065,224.0165,4.499019
FILLER_53_108,VDD,Metal1,67.4800,223.4400,4.499023
FILLER_53_104,VDD,Metal1,66.4600,223.8725,4.499023
FILLER_53_72,VDD,Metal1,56.6755,224.2085,4.499027
FILLER_53_68,VDD,Metal1,45.3600,223.4400,4.499027
FILLER_53_60,VDD,Metal1,43.0665,224.0165,4.499027
FILLER_53_44,VDD,Metal1,36.4480,224.1320,4.499027
FILLER_53_2,VDD,Metal1,10.5865,224.0165,4.499040
FILLER_52_681,VDD,Metal1,388.3600,223.4400,4.499040
FILLER_52_679,VDD,Metal1,387.5200,223.4400,4.499040
FILLER_52_675,VDD,Metal1,386.2200,223.0075,4.499040
FILLER_52_667,VDD,Metal1,382.9865,222.8630,4.499040
FILLER_52_663,VDD,Metal1,378.5600,223.4400,4.499040
FILLER_52_655,VDD,Metal1,376.2665,222.8630,4.499040
FILLER_52_593,VDD,Metal1,339.3600,223.4400,4.499048
FILLER_52_589,VDD,Metal1,338.0600,223.0075,4.499048
FILLER_52_581,VDD,Metal1,334.8265,222.8630,4.499048
FILLER_52_546,VDD,Metal1,312.7600,223.4400,4.499070
FILLER_52_542,VDD,Metal1,311.7400,223.0075,4.499070
FILLER_52_524,VDD,Metal1,300.4400,223.4400,4.499070
FILLER_52_520,VDD,Metal1,299.4200,223.0075,4.499070
FILLER_52_504,VDD,Metal1,294.0480,222.7480,4.499070
FILLER_52_467,VDD,Metal1,277.8755,222.6710,4.499070
FILLER_52_461,VDD,Metal1,265.1600,223.4400,4.499069
FILLER_52_457,VDD,Metal1,264.1400,223.0075,4.499069
FILLER_52_449,VDD,Metal1,258.4400,223.4400,4.499069
FILLER_52_447,VDD,Metal1,257.6000,223.4400,4.499069
FILLER_52_443,VDD,Metal1,256.3000,223.0075,4.499069
FILLER_52_435,VDD,Metal1,253.0665,222.8630,4.499069
FILLER_52_419,VDD,Metal1,246.4480,222.7480,4.499069
FILLER_52_387,VDD,Metal1,233.0755,222.6710,4.499068
FILLER_52_384,VDD,Metal1,222.0400,223.4400,4.499068
FILLER_52_382,VDD,Metal1,221.2000,223.4400,4.499068
FILLER_52_366,VDD,Metal1,216.7680,222.7480,4.499068
FILLER_52_331,VDD,Metal1,192.3600,223.4400,4.499071
FILLER_52_329,VDD,Metal1,191.5200,223.4400,4.499071
FILLER_52_325,VDD,Metal1,190.2200,223.0075,4.499071
FILLER_52_317,VDD,Metal1,186.9865,222.8630,4.499071
FILLER_52_311,VDD,Metal1,182.3800,223.0075,4.499071
FILLER_52_303,VDD,Metal1,176.9600,223.4400,4.499072
FILLER_52_295,VDD,Metal1,174.6665,222.8630,4.499071
FILLER_52_284,VDD,Metal1,166.0400,223.4400,4.499024
FILLER_52_280,VDD,Metal1,165.0200,223.0075,4.499019
FILLER_52_272,VDD,Metal1,161.7865,222.8630,4.499012
FILLER_52_247,VDD,Metal1,147.7865,222.8630,4.499004
FILLER_52_244,VDD,Metal1,143.6400,223.4400,4.499004
FILLER_52_242,VDD,Metal1,142.8000,223.4400,4.499004
FILLER_52_234,VDD,Metal1,140.5065,222.8630,4.499004
FILLER_52_209,VDD,Metal1,124.3200,223.4400,4.499006
FILLER_52_205,VDD,Metal1,123.0200,223.0075,4.499006
FILLER_52_189,VDD,Metal1,117.6480,222.7480,4.499006
FILLER_52_177,VDD,Metal1,106.4000,223.4400,4.499009
FILLER_52_161,VDD,Metal1,97.4400,223.4400,4.499011
FILLER_52_119,VDD,Metal1,73.9200,223.4400,4.499020
FILLER_52_115,VDD,Metal1,72.6200,223.0075,4.499020
FILLER_52_107,VDD,Metal1,69.3865,222.8630,4.499020
FILLER_52_104,VDD,Metal1,65.2400,223.4400,4.499027
FILLER_52_96,VDD,Metal1,63.2265,222.8630,4.499027
FILLER_52_45,VDD,Metal1,32.2000,223.4400,4.499036
FILLER_52_37,VDD,Metal1,30.1865,222.8630,4.499037
FILLER_52_34,VDD,Metal1,26.0400,223.4400,4.499040
FILLER_52_2,VDD,Metal1,17.4755,222.6710,4.499040
FILLER_51_674,VDD,Metal1,384.4400,215.6000,4.498967
FILLER_51_672,VDD,Metal1,383.6000,215.6000,4.498967
FILLER_51_664,VDD,Metal1,381.3065,216.1765,4.498968
FILLER_51_632,VDD,Metal1,370.2755,216.3685,4.498969
FILLER_51_595,VDD,Metal1,340.2000,215.6000,4.498976
FILLER_51_593,VDD,Metal1,339.3600,215.6000,4.498976
FILLER_51_577,VDD,Metal1,334.9280,216.2920,4.498976
FILLER_51_559,VDD,Metal1,320.0400,215.6000,4.498978
FILLER_51_557,VDD,Metal1,319.2000,215.6000,4.498978
FILLER_51_541,VDD,Metal1,314.7680,216.2920,4.498978
FILLER_51_492,VDD,Metal1,282.8000,215.6000,4.498949
FILLER_51_446,VDD,Metal1,257.0400,215.6000,4.498943
FILLER_51_438,VDD,Metal1,254.7465,216.1765,4.498943
FILLER_51_422,VDD,Metal1,248.1280,216.2920,4.498943
FILLER_51_419,VDD,Metal1,241.6400,215.6000,4.498943
FILLER_51_417,VDD,Metal1,240.8000,215.6000,4.498943
FILLER_51_413,VDD,Metal1,239.5000,216.0325,4.498943
FILLER_51_405,VDD,Metal1,236.2665,216.1765,4.498943
FILLER_51_390,VDD,Metal1,225.6800,215.6000,4.498953
FILLER_51_382,VDD,Metal1,223.3865,216.1765,4.498957
FILLER_51_366,VDD,Metal1,216.7680,216.2920,4.498973
FILLER_51_360,VDD,Metal1,208.8800,215.6000,4.498973
FILLER_51_352,VDD,Metal1,206.5865,216.1765,4.498973
FILLER_51_349,VDD,Metal1,202.4400,215.6000,4.499001
FILLER_51_341,VDD,Metal1,200.4265,216.1765,4.499051
FILLER_51_325,VDD,Metal1,193.8080,216.2920,4.499051
FILLER_51_308,VDD,Metal1,179.4800,215.6000,4.499086
FILLER_51_306,VDD,Metal1,178.6400,215.6000,4.499086
FILLER_51_298,VDD,Metal1,176.3465,216.1765,4.499087
FILLER_51_282,VDD,Metal1,169.7280,216.2920,4.499093
FILLER_51_279,VDD,Metal1,163.2400,215.6000,4.499094
FILLER_51_277,VDD,Metal1,162.4000,215.6000,4.499096
FILLER_51_269,VDD,Metal1,160.1065,216.1765,4.499097
FILLER_51_260,VDD,Metal1,152.6000,215.6000,4.499114
FILLER_51_244,VDD,Metal1,148.4480,216.2920,4.499115
FILLER_51_212,VDD,Metal1,135.0755,216.3685,4.499123
FILLER_51_208,VDD,Metal1,123.7600,215.6000,4.499131
FILLER_51_204,VDD,Metal1,122.4600,216.0325,4.499131
FILLER_51_196,VDD,Metal1,119.2265,216.1765,4.499132
FILLER_51_180,VDD,Metal1,112.6080,216.2920,4.499132
FILLER_51_167,VDD,Metal1,101.7400,216.0325,4.499155
FILLER_51_158,VDD,Metal1,95.4800,215.6000,4.499175
FILLER_51_156,VDD,Metal1,94.6400,215.6000,4.499176
FILLER_51_152,VDD,Metal1,93.3400,216.0325,4.499176
FILLER_51_146,VDD,Metal1,88.7600,215.6000,4.499177
FILLER_51_142,VDD,Metal1,87.7400,216.0325,4.499177
FILLER_51_139,VDD,Metal1,84.8400,215.6000,4.499177
FILLER_51_135,VDD,Metal1,83.8200,216.0325,4.499177
FILLER_51_92,VDD,Metal1,58.5200,215.6000,4.499201
FILLER_51_88,VDD,Metal1,57.5000,216.0325,4.499204
FILLER_51_72,VDD,Metal1,52.1280,216.2920,4.499205
FILLER_51_66,VDD,Metal1,45.1800,216.0325,4.499207
FILLER_51_2,VDD,Metal1,26.4750,216.4140,4.499207
FILLER_50_667,VDD,Metal1,380.5200,215.6000,4.498968
FILLER_50_663,VDD,Metal1,378.5600,215.6000,4.498969
FILLER_50_655,VDD,Metal1,376.2665,215.0230,4.498969
FILLER_50_639,VDD,Metal1,369.6480,214.9080,4.498969
FILLER_50_623,VDD,Metal1,355.8800,215.6000,4.498969
FILLER_50_621,VDD,Metal1,355.0400,215.6000,4.498969
FILLER_50_613,VDD,Metal1,352.7465,215.0230,4.498969
FILLER_50_597,VDD,Metal1,341.3200,215.6000,4.498974
FILLER_50_593,VDD,Metal1,339.3600,215.6000,4.498976
FILLER_50_577,VDD,Metal1,334.9280,214.9080,4.498976
FILLER_50_524,VDD,Metal1,300.4400,215.6000,4.498977
FILLER_50_508,VDD,Metal1,296.2880,214.9080,4.498977
FILLER_50_486,VDD,Metal1,281.6265,215.0230,4.498949
FILLER_50_470,VDD,Metal1,275.0080,214.9080,4.498946
FILLER_50_457,VDD,Metal1,262.9200,215.6000,4.498944
FILLER_50_403,VDD,Metal1,232.9600,215.6000,4.498953
FILLER_50_387,VDD,Metal1,228.5280,214.9080,4.498953
FILLER_50_311,VDD,Metal1,182.3800,215.1675,4.499055
FILLER_50_291,VDD,Metal1,170.2400,215.6000,4.499094
FILLER_50_275,VDD,Metal1,165.8080,214.9080,4.499094
FILLER_50_255,VDD,Metal1,150.0800,215.6000,4.499115
FILLER_50_247,VDD,Metal1,147.7865,215.0230,4.499115
FILLER_50_241,VDD,Metal1,143.1800,215.1675,4.499123
FILLER_50_206,VDD,Metal1,122.3600,215.6000,4.499131
FILLER_50_204,VDD,Metal1,121.5200,215.6000,4.499131
FILLER_50_188,VDD,Metal1,117.0880,214.9080,4.499132
FILLER_50_158,VDD,Metal1,95.4800,215.6000,4.499175
FILLER_50_154,VDD,Metal1,94.4600,215.1675,4.499176
FILLER_50_122,VDD,Metal1,84.6755,214.8310,4.499177
FILLER_50_115,VDD,Metal1,71.6800,215.6000,4.499178
FILLER_50_97,VDD,Metal1,61.6000,215.6000,4.499200
FILLER_50_89,VDD,Metal1,59.3065,215.0230,4.499201
FILLER_50_80,VDD,Metal1,52.0800,215.6000,4.499205
FILLER_50_45,VDD,Metal1,32.2000,215.6000,4.499207
FILLER_50_37,VDD,Metal1,30.1865,215.0230,4.499207
FILLER_50_34,VDD,Metal1,26.0400,215.6000,4.499207
FILLER_50_2,VDD,Metal1,17.4755,214.8310,4.499207
FILLER_49_658,VDD,Metal1,375.7600,207.7600,4.498754
FILLER_49_640,VDD,Metal1,366.6200,208.1925,4.498756
FILLER_49_632,VDD,Metal1,363.3865,208.3365,4.498756
FILLER_49_614,VDD,Metal1,350.8400,207.7600,4.498757
FILLER_49_610,VDD,Metal1,349.8200,208.1925,4.498757
FILLER_49_594,VDD,Metal1,344.4480,208.4520,4.498757
FILLER_49_562,VDD,Metal1,331.0755,208.5285,4.498760
FILLER_49_556,VDD,Metal1,319.5800,208.1925,4.498758
FILLER_49_540,VDD,Metal1,314.2080,208.4520,4.498758
FILLER_49_508,VDD,Metal1,300.8355,208.5285,4.498755
FILLER_49_489,VDD,Metal1,280.8400,207.7600,4.498753
FILLER_49_473,VDD,Metal1,276.6880,208.4520,4.498753
FILLER_49_428,VDD,Metal1,246.6800,207.7600,4.498706
FILLER_49_426,VDD,Metal1,245.8400,207.7600,4.498706
FILLER_49_422,VDD,Metal1,244.5400,208.1925,4.498706
FILLER_49_411,VDD,Metal1,238.3800,208.1925,4.498706
FILLER_49_403,VDD,Metal1,235.1465,208.3365,4.498706
FILLER_49_378,VDD,Metal1,218.6800,207.7600,4.498702
FILLER_49_376,VDD,Metal1,217.8400,207.7600,4.498697
FILLER_49_368,VDD,Metal1,214.3000,208.1925,4.498696
FILLER_49_352,VDD,Metal1,208.9280,208.4520,4.498696
FILLER_49_343,VDD,Metal1,199.0800,207.7600,4.498696
FILLER_49_341,VDD,Metal1,198.2400,207.7600,4.498696
FILLER_49_333,VDD,Metal1,195.9465,208.3365,4.498696
FILLER_49_317,VDD,Metal1,189.3280,208.4520,4.498696
FILLER_49_310,VDD,Metal1,180.6000,207.7600,4.498725
FILLER_49_306,VDD,Metal1,179.5800,208.1925,4.498726
FILLER_49_300,VDD,Metal1,175.0000,207.7600,4.498727
FILLER_49_298,VDD,Metal1,174.1600,207.7600,4.498727
FILLER_49_290,VDD,Metal1,169.4000,207.7600,4.498722
FILLER_49_282,VDD,Metal1,167.3865,208.3365,4.498708
FILLER_49_279,VDD,Metal1,163.2400,207.7600,4.498697
FILLER_49_277,VDD,Metal1,162.4000,207.7600,4.498696
FILLER_49_271,VDD,Metal1,159.0400,207.7600,4.498690
FILLER_49_263,VDD,Metal1,156.7465,208.3365,4.498690
FILLER_49_212,VDD,Metal1,125.7200,207.7600,4.498685
FILLER_49_187,VDD,Metal1,114.1865,208.3365,4.498689
FILLER_49_171,VDD,Metal1,107.5680,208.4520,4.498692
FILLER_49_154,VDD,Metal1,93.5200,207.7600,4.498706
FILLER_49_150,VDD,Metal1,92.2200,208.1925,4.498706
FILLER_49_142,VDD,Metal1,88.9865,208.3365,4.498706
FILLER_49_139,VDD,Metal1,84.8400,207.7600,4.498716
FILLER_49_135,VDD,Metal1,83.8200,208.1925,4.498716
FILLER_49_119,VDD,Metal1,78.4480,208.4520,4.498716
FILLER_49_87,VDD,Metal1,65.0755,208.5285,4.498716
FILLER_49_69,VDD,Metal1,45.6400,207.7600,4.498717
FILLER_49_53,VDD,Metal1,36.6800,207.7600,4.498730
FILLER_49_51,VDD,Metal1,35.8400,207.7600,4.498731
FILLER_48_667,VDD,Metal1,380.8000,207.7600,4.498754
FILLER_48_651,VDD,Metal1,371.8400,207.7600,4.498756
FILLER_48_613,VDD,Metal1,351.5000,207.3275,4.498757
FILLER_48_597,VDD,Metal1,346.1280,207.0680,4.498757
FILLER_48_594,VDD,Metal1,339.6400,207.7600,4.498760
FILLER_48_592,VDD,Metal1,338.8000,207.7600,4.498760
FILLER_48_576,VDD,Metal1,334.3680,207.0680,4.498760
FILLER_48_544,VDD,Metal1,320.9955,206.9910,4.498758
FILLER_48_535,VDD,Metal1,306.6000,207.7600,4.498755
FILLER_48_527,VDD,Metal1,304.5865,207.1830,4.498755
FILLER_48_524,VDD,Metal1,300.4400,207.7600,4.498755
FILLER_48_520,VDD,Metal1,299.4200,207.3275,4.498755
FILLER_48_512,VDD,Metal1,296.1865,207.1830,4.498755
FILLER_48_461,VDD,Metal1,265.1600,207.7600,4.498753
FILLER_48_457,VDD,Metal1,264.1400,207.3275,4.498753
FILLER_48_454,VDD,Metal1,261.2400,207.7600,4.498714
FILLER_48_452,VDD,Metal1,260.4000,207.7600,4.498714
FILLER_48_445,VDD,Metal1,256.2000,207.7600,4.498713
FILLER_48_429,VDD,Metal1,252.0480,207.0680,4.498713
FILLER_48_391,VDD,Metal1,226.2400,207.7600,4.498706
FILLER_48_387,VDD,Metal1,224.9400,207.3275,4.498704
FILLER_48_375,VDD,Metal1,217.2800,207.7600,4.498697
FILLER_48_367,VDD,Metal1,214.9865,207.1830,4.498697
FILLER_48_314,VDD,Metal1,182.8400,207.7600,4.498724
FILLER_48_312,VDD,Metal1,182.0000,207.7600,4.498724
FILLER_48_308,VDD,Metal1,180.7000,207.3275,4.498725
FILLER_48_292,VDD,Metal1,175.3280,207.0680,4.498727
FILLER_48_280,VDD,Metal1,164.0800,207.7600,4.498699
FILLER_48_271,VDD,Metal1,158.7600,207.7600,4.498690
FILLER_48_269,VDD,Metal1,157.9200,207.7600,4.498690
FILLER_48_265,VDD,Metal1,156.6200,207.3275,4.498690
FILLER_48_257,VDD,Metal1,153.3865,207.1830,4.498686
FILLER_48_247,VDD,Metal1,146.5400,207.3275,4.498685
FILLER_48_244,VDD,Metal1,143.6400,207.7600,4.498685
FILLER_48_236,VDD,Metal1,141.6265,207.1830,4.498685
FILLER_48_230,VDD,Metal1,135.8000,207.7600,4.498685
FILLER_48_228,VDD,Metal1,134.9600,207.7600,4.498685
FILLER_48_193,VDD,Metal1,115.0800,207.7600,4.498690
FILLER_48_177,VDD,Metal1,110.9280,207.0680,4.498691
FILLER_48_169,VDD,Metal1,101.6400,207.7600,4.498699
FILLER_48_167,VDD,Metal1,100.8000,207.7600,4.498699
FILLER_48_163,VDD,Metal1,99.5000,207.3275,4.498700
FILLER_48_155,VDD,Metal1,96.2665,207.1830,4.498700
FILLER_48_139,VDD,Metal1,89.6480,207.0680,4.498706
FILLER_48_107,VDD,Metal1,76.2755,206.9910,4.498716
FILLER_48_104,VDD,Metal1,65.2400,207.7600,4.498716
FILLER_48_96,VDD,Metal1,63.2265,207.1830,4.498716
FILLER_48_61,VDD,Metal1,41.1600,207.7600,4.498720
FILLER_48_53,VDD,Metal1,39.1465,207.1830,4.498720
FILLER_48_37,VDD,Metal1,32.5280,207.0680,4.498731
FILLER_48_4,VDD,Metal1,9.2400,207.7600,4.498759
FILLER_48_2,VDD,Metal1,8.4000,207.7600,4.498759
FILLER_47_636,VDD,Metal1,363.4400,199.9200,4.499211
FILLER_47_628,VDD,Metal1,358.9600,199.9200,4.499211
FILLER_47_624,VDD,Metal1,357.6600,200.3525,4.499211
FILLER_47_616,VDD,Metal1,354.4265,200.4965,4.499217
FILLER_47_566,VDD,Metal1,323.9600,199.9200,4.499221
FILLER_47_562,VDD,Metal1,322.9400,200.3525,4.499221
FILLER_47_559,VDD,Metal1,320.0400,199.9200,4.499221
FILLER_47_542,VDD,Metal1,310.8000,199.9200,4.499221
FILLER_47_538,VDD,Metal1,309.5000,200.3525,4.499221
FILLER_47_501,VDD,Metal1,287.5600,199.9200,4.499206
FILLER_47_492,VDD,Metal1,282.5200,199.9200,4.499205
FILLER_47_488,VDD,Metal1,280.5600,199.9200,4.499203
FILLER_47_472,VDD,Metal1,276.1280,200.6120,4.499203
FILLER_47_446,VDD,Metal1,257.0400,199.9200,4.499199
FILLER_47_438,VDD,Metal1,254.7465,200.4965,4.499198
FILLER_47_422,VDD,Metal1,248.1280,200.6120,4.499196
FILLER_47_408,VDD,Metal1,235.4800,199.9200,4.499195
FILLER_47_404,VDD,Metal1,234.4600,200.3525,4.499195
FILLER_47_384,VDD,Metal1,223.2600,200.3525,4.499193
FILLER_47_352,VDD,Metal1,213.4755,200.6885,4.499192
FILLER_47_348,VDD,Metal1,202.1600,199.9200,4.499192
FILLER_47_344,VDD,Metal1,200.8600,200.3525,4.499192
FILLER_47_336,VDD,Metal1,197.6265,200.4965,4.499192
FILLER_47_262,VDD,Metal1,154.0000,199.9200,4.499197
FILLER_47_235,VDD,Metal1,138.6000,199.9200,4.499201
FILLER_47_227,VDD,Metal1,136.5865,200.4965,4.499201
FILLER_47_202,VDD,Metal1,122.5865,200.4965,4.499208
FILLER_47_170,VDD,Metal1,111.5555,200.6885,4.499212
FILLER_47_150,VDD,Metal1,91.0000,199.9200,4.499225
FILLER_47_142,VDD,Metal1,88.9865,200.4965,4.499225
FILLER_47_138,VDD,Metal1,84.5600,199.9200,4.499225
FILLER_47_130,VDD,Metal1,82.2665,200.4965,4.499225
FILLER_47_86,VDD,Metal1,55.1600,199.9200,4.499240
FILLER_47_84,VDD,Metal1,54.3200,199.9200,4.499240
FILLER_47_80,VDD,Metal1,53.0200,200.3525,4.499241
FILLER_47_72,VDD,Metal1,49.7865,200.4965,4.499241
FILLER_47_68,VDD,Metal1,45.3600,199.9200,4.499252
FILLER_47_64,VDD,Metal1,44.0600,200.3525,4.499253
FILLER_47_48,VDD,Metal1,38.6880,200.6120,4.499253
FILLER_47_10,VDD,Metal1,13.8200,200.3525,4.499253
FILLER_47_2,VDD,Metal1,10.5865,200.4965,4.499253
FILLER_46_667,VDD,Metal1,380.8000,199.9200,4.499209
FILLER_46_655,VDD,Metal1,373.8000,199.9200,4.499211
FILLER_46_613,VDD,Metal1,352.7465,199.3430,4.499217
FILLER_46_597,VDD,Metal1,343.7865,199.3430,4.499221
FILLER_46_593,VDD,Metal1,339.3600,199.9200,4.499225
FILLER_46_570,VDD,Metal1,328.6665,199.3430,4.499226
FILLER_46_535,VDD,Metal1,306.6000,199.9200,4.499215
FILLER_46_527,VDD,Metal1,304.5865,199.3430,4.499215
FILLER_46_521,VDD,Metal1,299.9800,199.4875,4.499215
FILLER_46_505,VDD,Metal1,294.6080,199.2280,4.499215
FILLER_46_493,VDD,Metal1,283.0800,199.9200,4.499205
FILLER_46_489,VDD,Metal1,282.0600,199.4875,4.499205
FILLER_46_457,VDD,Metal1,272.2755,199.1510,4.499203
FILLER_46_451,VDD,Metal1,260.7800,199.4875,4.499202
FILLER_46_437,VDD,Metal1,252.0000,199.9200,4.499196
FILLER_46_429,VDD,Metal1,249.7065,199.3430,4.499196
FILLER_46_420,VDD,Metal1,242.2000,199.9200,4.499195
FILLER_46_404,VDD,Metal1,238.0480,199.2280,4.499195
FILLER_46_387,VDD,Metal1,223.7200,199.9200,4.499193
FILLER_46_369,VDD,Metal1,216.1065,199.3430,4.499192
FILLER_46_321,VDD,Metal1,186.7600,199.9200,4.499193
FILLER_46_317,VDD,Metal1,185.7400,199.4875,4.499193
FILLER_46_314,VDD,Metal1,182.8400,199.9200,4.499193
FILLER_46_306,VDD,Metal1,180.8265,199.3430,4.499193
FILLER_46_271,VDD,Metal1,158.7600,199.9200,4.499194
FILLER_46_269,VDD,Metal1,157.9200,199.9200,4.499194
FILLER_46_261,VDD,Metal1,155.6265,199.3430,4.499195
FILLER_46_241,VDD,Metal1,143.1800,199.4875,4.499199
FILLER_46_225,VDD,Metal1,133.2800,199.9200,4.499207
FILLER_46_199,VDD,Metal1,118.4400,199.9200,4.499212
FILLER_46_197,VDD,Metal1,117.6000,199.9200,4.499212
FILLER_46_193,VDD,Metal1,116.3000,199.4875,4.499212
FILLER_46_185,VDD,Metal1,113.0665,199.3430,4.499212
FILLER_46_174,VDD,Metal1,104.4400,199.9200,4.499212
FILLER_46_166,VDD,Metal1,102.4265,199.3430,4.499212
FILLER_46_130,VDD,Metal1,84.6080,199.2280,4.499225
FILLER_46_107,VDD,Metal1,67.2000,199.9200,4.499237
FILLER_46_85,VDD,Metal1,55.8200,199.4875,4.499240
FILLER_46_69,VDD,Metal1,50.4480,199.2280,4.499241
FILLER_46_37,VDD,Metal1,37.0755,199.1510,4.499253
FILLER_46_34,VDD,Metal1,26.0400,199.9200,4.499253
FILLER_46_18,VDD,Metal1,21.8880,199.2280,4.499253
FILLER_45_632,VDD,Metal1,360.9200,192.0800,4.498831
FILLER_45_612,VDD,Metal1,350.0000,192.0800,4.498832
FILLER_45_562,VDD,Metal1,326.5280,192.7720,4.498832
FILLER_45_543,VDD,Metal1,311.3600,192.0800,4.498814
FILLER_45_511,VDD,Metal1,302.5155,192.8485,4.498812
FILLER_45_494,VDD,Metal1,283.6400,192.0800,4.498786
FILLER_45_492,VDD,Metal1,282.8000,192.0800,4.498786
FILLER_45_489,VDD,Metal1,280.8400,192.0800,4.498786
FILLER_45_481,VDD,Metal1,278.8265,192.6565,4.498785
FILLER_45_465,VDD,Metal1,272.2080,192.7720,4.498785
FILLER_45_432,VDD,Metal1,250.1400,192.5125,4.498778
FILLER_45_416,VDD,Metal1,241.1800,192.5125,4.498777
FILLER_45_402,VDD,Metal1,232.4000,192.0800,4.498771
FILLER_45_371,VDD,Metal1,215.0400,192.0800,4.498759
FILLER_45_363,VDD,Metal1,212.7465,192.6565,4.498759
FILLER_45_356,VDD,Metal1,206.3600,192.0800,4.498759
FILLER_45_352,VDD,Metal1,205.3400,192.5125,4.498759
FILLER_45_290,VDD,Metal1,169.4000,192.0800,4.498910
FILLER_45_288,VDD,Metal1,168.5600,192.0800,4.498910
FILLER_45_272,VDD,Metal1,161.7865,192.6565,4.498910
FILLER_45_256,VDD,Metal1,155.1680,192.7720,4.498910
FILLER_45_241,VDD,Metal1,144.4265,192.6565,4.498910
FILLER_45_222,VDD,Metal1,131.3200,192.0800,4.498910
FILLER_45_220,VDD,Metal1,130.4800,192.0800,4.498910
FILLER_45_212,VDD,Metal1,128.1865,192.6565,4.498910
FILLER_45_206,VDD,Metal1,123.5800,192.5125,4.498910
FILLER_45_198,VDD,Metal1,120.3465,192.6565,4.498910
FILLER_45_166,VDD,Metal1,109.3155,192.8485,4.498910
FILLER_45_150,VDD,Metal1,91.0000,192.0800,4.498912
FILLER_45_142,VDD,Metal1,88.9865,192.6565,4.498912
FILLER_45_138,VDD,Metal1,84.5600,192.0800,4.498914
FILLER_45_100,VDD,Metal1,63.2800,192.0800,4.498938
FILLER_45_96,VDD,Metal1,61.9800,192.5125,4.498938
FILLER_45_88,VDD,Metal1,58.7465,192.6565,4.498938
FILLER_45_72,VDD,Metal1,52.1280,192.7720,4.498939
FILLER_45_69,VDD,Metal1,45.6400,192.0800,4.498939
FILLER_45_67,VDD,Metal1,44.8000,192.0800,4.498939
FILLER_45_35,VDD,Metal1,35.9555,192.8485,4.498939
FILLER_45_26,VDD,Metal1,21.5600,192.0800,4.498963
FILLER_44_667,VDD,Metal1,380.8000,192.0800,4.498826
FILLER_44_640,VDD,Metal1,365.6800,192.0800,4.498831
FILLER_44_607,VDD,Metal1,346.9200,192.0800,4.498832
FILLER_44_605,VDD,Metal1,346.0800,192.0800,4.498832
FILLER_44_597,VDD,Metal1,343.7865,191.5030,4.498832
FILLER_44_535,VDD,Metal1,306.8800,192.0800,4.498812
FILLER_44_527,VDD,Metal1,304.5865,191.5030,4.498812
FILLER_44_521,VDD,Metal1,299.9800,191.6475,4.498812
FILLER_44_505,VDD,Metal1,294.6080,191.3880,4.498811
FILLER_44_481,VDD,Metal1,277.5800,191.6475,4.498785
FILLER_44_473,VDD,Metal1,274.3465,191.5030,4.498785
FILLER_44_457,VDD,Metal1,267.7280,191.3880,4.498785
FILLER_44_444,VDD,Metal1,255.9200,192.0800,4.498779
FILLER_44_433,VDD,Metal1,249.7600,192.0800,4.498778
FILLER_44_425,VDD,Metal1,247.4665,191.5030,4.498778
FILLER_44_416,VDD,Metal1,239.9600,192.0800,4.498777
FILLER_44_395,VDD,Metal1,228.2000,192.0800,4.498770
FILLER_44_383,VDD,Metal1,221.7600,192.0800,4.498764
FILLER_44_379,VDD,Metal1,220.4600,191.6475,4.498763
FILLER_44_371,VDD,Metal1,217.2265,191.5030,4.498763
FILLER_44_317,VDD,Metal1,185.7400,191.6475,4.498759
FILLER_44_313,VDD,Metal1,182.5600,192.0800,4.498775
FILLER_44_309,VDD,Metal1,181.2600,191.6475,4.498911
FILLER_44_255,VDD,Metal1,151.0200,191.6475,4.498910
FILLER_44_247,VDD,Metal1,147.7865,191.5030,4.498910
FILLER_44_243,VDD,Metal1,143.3600,192.0800,4.498910
FILLER_44_232,VDD,Metal1,136.9200,192.0800,4.498910
FILLER_44_230,VDD,Metal1,136.0800,192.0800,4.498910
FILLER_44_195,VDD,Metal1,116.2000,192.0800,4.498910
FILLER_44_193,VDD,Metal1,115.3600,192.0800,4.498910
FILLER_44_177,VDD,Metal1,110.9280,191.3880,4.498910
FILLER_44_159,VDD,Metal1,100.8480,191.3880,4.498910
FILLER_44_150,VDD,Metal1,91.0000,192.0800,4.498912
FILLER_44_148,VDD,Metal1,90.1600,192.0800,4.498912
FILLER_44_144,VDD,Metal1,88.8600,191.6475,4.498912
FILLER_44_136,VDD,Metal1,85.6265,191.5030,4.498913
FILLER_44_107,VDD,Metal1,68.1400,191.6475,4.498919
FILLER_44_103,VDD,Metal1,64.9600,192.0800,4.498927
FILLER_44_95,VDD,Metal1,62.6665,191.5030,4.498938
FILLER_44_33,VDD,Metal1,25.7600,192.0800,4.498962
FILLER_43_632,VDD,Metal1,361.2000,184.2400,4.498753
FILLER_43_595,VDD,Metal1,340.2000,184.2400,4.498774
FILLER_43_593,VDD,Metal1,339.3600,184.2400,4.498774
FILLER_43_584,VDD,Metal1,334.0400,184.2400,4.498920
FILLER_43_582,VDD,Metal1,333.2000,184.2400,4.498927
FILLER_43_578,VDD,Metal1,331.9000,184.6725,4.498928
FILLER_43_562,VDD,Metal1,326.5280,184.9320,4.498847
FILLER_43_559,VDD,Metal1,320.0400,184.2400,4.498847
FILLER_43_557,VDD,Metal1,319.2000,184.2400,4.498847
FILLER_43_549,VDD,Metal1,316.9065,184.8165,4.498847
FILLER_43_514,VDD,Metal1,294.8400,184.2400,4.498842
FILLER_43_512,VDD,Metal1,294.0000,184.2400,4.498842
FILLER_43_508,VDD,Metal1,292.7000,184.6725,4.498842
FILLER_43_492,VDD,Metal1,287.3280,184.9320,4.498842
FILLER_43_489,VDD,Metal1,280.8400,184.2400,4.498842
FILLER_43_485,VDD,Metal1,279.8200,184.6725,4.498842
FILLER_43_469,VDD,Metal1,274.4480,184.9320,4.498842
FILLER_43_454,VDD,Metal1,261.2400,184.2400,4.498848
FILLER_43_450,VDD,Metal1,260.2200,184.6725,4.498848
FILLER_43_438,VDD,Metal1,252.2800,184.2400,4.498848
FILLER_43_422,VDD,Metal1,248.1280,184.9320,4.498848
FILLER_43_349,VDD,Metal1,202.4400,184.2400,4.498858
FILLER_43_347,VDD,Metal1,201.6000,184.2400,4.498858
FILLER_43_338,VDD,Metal1,196.2800,184.2400,4.498868
FILLER_43_336,VDD,Metal1,195.4400,184.2400,4.498868
FILLER_43_332,VDD,Metal1,194.1400,184.6725,4.498868
FILLER_43_282,VDD,Metal1,169.7280,184.9320,4.498861
FILLER_43_279,VDD,Metal1,163.2400,184.2400,4.498860
FILLER_43_271,VDD,Metal1,161.2265,184.8165,4.498860
FILLER_43_239,VDD,Metal1,150.1955,185.0085,4.498860
FILLER_43_230,VDD,Metal1,135.8000,184.2400,4.498858
FILLER_43_228,VDD,Metal1,134.9600,184.2400,4.498858
FILLER_43_212,VDD,Metal1,130.5280,184.9320,4.498858
FILLER_43_209,VDD,Metal1,124.0400,184.2400,4.498858
FILLER_43_207,VDD,Metal1,123.2000,184.2400,4.498858
FILLER_43_198,VDD,Metal1,117.8800,184.2400,4.498858
FILLER_43_162,VDD,Metal1,98.0000,184.2400,4.498860
FILLER_43_158,VDD,Metal1,96.7000,184.6725,4.498860
FILLER_43_142,VDD,Metal1,91.3280,184.9320,4.498860
FILLER_43_139,VDD,Metal1,84.8400,184.2400,4.498860
FILLER_43_135,VDD,Metal1,83.8200,184.6725,4.498860
FILLER_43_119,VDD,Metal1,78.4480,184.9320,4.498860
FILLER_43_103,VDD,Metal1,67.1465,184.8165,4.498860
FILLER_43_87,VDD,Metal1,60.5280,184.9320,4.498922
FILLER_43_69,VDD,Metal1,45.6400,184.2400,4.498926
FILLER_43_67,VDD,Metal1,44.8000,184.2400,4.498926
FILLER_43_63,VDD,Metal1,43.5000,184.6725,4.498926
FILLER_43_47,VDD,Metal1,33.3200,184.2400,4.498926
FILLER_43_45,VDD,Metal1,32.4800,184.2400,4.498945
FILLER_43_10,VDD,Metal1,12.6000,184.2400,4.498946
FILLER_43_2,VDD,Metal1,10.5865,184.8165,4.498946
FILLER_42_667,VDD,Metal1,380.8000,184.2400,4.498748
FILLER_42_647,VDD,Metal1,369.6000,184.2400,4.498753
FILLER_42_594,VDD,Metal1,339.6400,184.2400,4.498774
FILLER_42_592,VDD,Metal1,338.8000,184.2400,4.498774
FILLER_42_588,VDD,Metal1,337.5000,183.8075,4.498778
FILLER_42_580,VDD,Metal1,334.2665,183.6630,4.498920
FILLER_42_542,VDD,Metal1,311.7400,183.8075,4.498843
FILLER_42_524,VDD,Metal1,300.4400,184.2400,4.498843
FILLER_42_520,VDD,Metal1,299.4200,183.8075,4.498843
FILLER_42_469,VDD,Metal1,269.6400,184.2400,4.498845
FILLER_42_465,VDD,Metal1,268.6200,183.8075,4.498845
FILLER_42_457,VDD,Metal1,265.3865,183.6630,4.498845
FILLER_42_451,VDD,Metal1,260.7800,183.8075,4.498848
FILLER_42_387,VDD,Metal1,242.0750,183.4255,4.498848
FILLER_42_384,VDD,Metal1,222.0400,184.2400,4.498858
FILLER_42_382,VDD,Metal1,221.2000,184.2400,4.498858
FILLER_42_374,VDD,Metal1,218.9065,183.6630,4.498858
FILLER_42_342,VDD,Metal1,207.8755,183.4710,4.498858
FILLER_42_314,VDD,Metal1,182.8400,184.2400,4.498869
FILLER_42_298,VDD,Metal1,178.6880,183.5480,4.498869
FILLER_42_263,VDD,Metal1,154.2800,184.2400,4.498860
FILLER_42_247,VDD,Metal1,150.1280,183.5480,4.498860
FILLER_42_193,VDD,Metal1,115.3600,184.2400,4.498859
FILLER_42_177,VDD,Metal1,110.9280,183.5480,4.498859
FILLER_42_171,VDD,Metal1,103.9800,183.8075,4.498860
FILLER_42_107,VDD,Metal1,85.2750,183.4255,4.498860
FILLER_42_104,VDD,Metal1,65.2400,184.2400,4.498921
FILLER_42_102,VDD,Metal1,64.4000,184.2400,4.498921
FILLER_42_94,VDD,Metal1,62.1065,183.6630,4.498922
FILLER_42_78,VDD,Metal1,55.4880,183.5480,4.498923
FILLER_42_43,VDD,Metal1,31.0800,184.2400,4.498945
FILLER_42_41,VDD,Metal1,30.2400,184.2400,4.498946
FILLER_42_37,VDD,Metal1,28.9400,183.8075,4.498946
FILLER_42_33,VDD,Metal1,25.7600,184.2400,4.498946
FILLER_41_628,VDD,Metal1,358.9600,176.4000,4.499023
FILLER_41_612,VDD,Metal1,349.7200,176.4000,4.499028
FILLER_41_610,VDD,Metal1,348.8800,176.4000,4.499028
FILLER_41_606,VDD,Metal1,347.5800,176.8325,4.499028
FILLER_41_562,VDD,Metal1,324.1865,176.9765,4.499020
FILLER_41_558,VDD,Metal1,319.7600,176.4000,4.499020
FILLER_41_554,VDD,Metal1,318.4600,176.8325,4.499020
FILLER_41_538,VDD,Metal1,313.0880,177.0920,4.499019
FILLER_41_500,VDD,Metal1,288.2200,176.8325,4.499007
FILLER_41_492,VDD,Metal1,284.9865,176.9765,4.499007
FILLER_41_454,VDD,Metal1,261.5200,176.4000,4.498989
FILLER_41_422,VDD,Metal1,252.6755,177.1685,4.498987
FILLER_41_416,VDD,Metal1,241.1800,176.8325,4.498986
FILLER_41_352,VDD,Metal1,222.4750,177.2140,4.498986
FILLER_41_349,VDD,Metal1,202.4400,176.4000,4.498986
FILLER_41_347,VDD,Metal1,201.6000,176.4000,4.498986
FILLER_41_343,VDD,Metal1,200.3000,176.8325,4.498986
FILLER_41_308,VDD,Metal1,179.4800,176.4000,4.498986
FILLER_41_306,VDD,Metal1,178.6400,176.4000,4.498993
FILLER_41_298,VDD,Metal1,176.3465,176.9765,4.498993
FILLER_41_282,VDD,Metal1,169.7280,177.0920,4.498986
FILLER_41_279,VDD,Metal1,163.2400,176.4000,4.498954
FILLER_41_277,VDD,Metal1,162.4000,176.4000,4.498954
FILLER_41_269,VDD,Metal1,160.1065,176.9765,4.498936
FILLER_41_237,VDD,Metal1,149.0755,177.1685,4.498925
FILLER_41_209,VDD,Metal1,124.0400,176.4000,4.498921
FILLER_41_207,VDD,Metal1,123.2000,176.4000,4.498921
FILLER_41_199,VDD,Metal1,120.9065,176.9765,4.498921
FILLER_41_157,VDD,Metal1,97.3865,176.9765,4.498916
FILLER_41_136,VDD,Metal1,84.3800,176.8325,4.498916
FILLER_41_124,VDD,Metal1,77.6600,176.8325,4.498916
FILLER_41_112,VDD,Metal1,70.9400,176.8325,4.498916
FILLER_41_104,VDD,Metal1,67.7065,176.9765,4.498917
FILLER_41_72,VDD,Metal1,56.6755,177.1685,4.498920
FILLER_41_54,VDD,Metal1,37.2400,176.4000,4.498929
FILLER_41_52,VDD,Metal1,36.4000,176.4000,4.498929
FILLER_41_36,VDD,Metal1,27.1600,176.4000,4.498943
FILLER_40_667,VDD,Metal1,380.8000,176.4000,4.499020
FILLER_40_633,VDD,Metal1,361.7600,176.4000,4.499022
FILLER_40_597,VDD,Metal1,346.1280,175.7080,4.499028
FILLER_40_591,VDD,Metal1,339.1800,175.9675,4.499028
FILLER_40_574,VDD,Metal1,328.7200,176.4000,4.499028
FILLER_40_524,VDD,Metal1,300.4400,176.4000,4.499007
FILLER_40_520,VDD,Metal1,299.4200,175.9675,4.499007
FILLER_40_475,VDD,Metal1,273.0000,176.4000,4.499001
FILLER_40_473,VDD,Metal1,272.1600,176.4000,4.499001
FILLER_40_457,VDD,Metal1,267.7280,175.7080,4.499001
FILLER_40_448,VDD,Metal1,258.1600,176.4000,4.498987
FILLER_40_444,VDD,Metal1,256.8600,175.9675,4.498987
FILLER_40_436,VDD,Metal1,253.6265,175.8230,4.498987
FILLER_40_401,VDD,Metal1,231.5600,176.4000,4.498986
FILLER_40_399,VDD,Metal1,230.7200,176.4000,4.498986
FILLER_40_395,VDD,Metal1,229.4200,175.9675,4.498986
FILLER_40_387,VDD,Metal1,226.1865,175.8230,4.498986
FILLER_40_384,VDD,Metal1,222.0400,176.4000,4.498986
FILLER_40_376,VDD,Metal1,220.0265,175.8230,4.498986
FILLER_40_325,VDD,Metal1,189.0000,176.4000,4.498986
FILLER_40_317,VDD,Metal1,186.9865,175.8230,4.498986
FILLER_40_279,VDD,Metal1,163.5200,176.4000,4.498954
FILLER_40_271,VDD,Metal1,159.0400,176.4000,4.498928
FILLER_40_263,VDD,Metal1,156.7465,175.8230,4.498928
FILLER_40_247,VDD,Metal1,150.1280,175.7080,4.498925
FILLER_40_229,VDD,Metal1,140.0480,175.7080,4.498925
FILLER_40_193,VDD,Metal1,115.3600,176.4000,4.498917
FILLER_40_177,VDD,Metal1,110.9280,175.7080,4.498917
FILLER_40_123,VDD,Metal1,76.1600,176.4000,4.498916
FILLER_40_107,VDD,Metal1,66.9200,176.4000,4.498917
FILLER_40_89,VDD,Metal1,61.6480,175.7080,4.498920
FILLER_40_53,VDD,Metal1,36.9600,176.4000,4.498929
FILLER_40_37,VDD,Metal1,32.5280,175.7080,4.498930
FILLER_40_26,VDD,Metal1,21.5600,176.4000,4.498959
FILLER_40_18,VDD,Metal1,19.5465,175.8230,4.498959
FILLER_39_608,VDD,Metal1,347.4800,168.5600,4.499231
FILLER_39_606,VDD,Metal1,346.6400,168.5600,4.499231
FILLER_39_602,VDD,Metal1,345.3400,168.9925,4.499232
FILLER_39_594,VDD,Metal1,342.1065,169.1365,4.499232
FILLER_39_562,VDD,Metal1,331.0755,169.3285,4.499235
FILLER_39_556,VDD,Metal1,319.5800,168.9925,4.499218
FILLER_39_492,VDD,Metal1,300.8750,169.3740,4.499217
FILLER_39_489,VDD,Metal1,280.8400,168.5600,4.499196
FILLER_39_487,VDD,Metal1,280.0000,168.5600,4.499195
FILLER_39_479,VDD,Metal1,277.7065,169.1365,4.499195
FILLER_39_447,VDD,Metal1,266.6755,169.3285,4.499195
FILLER_39_393,VDD,Metal1,227.3600,168.5600,4.499171
FILLER_39_389,VDD,Metal1,226.0600,168.9925,4.499137
FILLER_39_373,VDD,Metal1,220.6880,169.2520,4.499136
FILLER_39_356,VDD,Metal1,206.3600,168.5600,4.499133
FILLER_39_352,VDD,Metal1,205.3400,168.9925,4.499133
FILLER_39_332,VDD,Metal1,193.2000,168.5600,4.499134
FILLER_39_328,VDD,Metal1,191.9000,168.9925,4.499134
FILLER_39_297,VDD,Metal1,178.1280,169.2520,4.499133
FILLER_39_278,VDD,Metal1,162.9600,168.5600,4.499115
FILLER_39_270,VDD,Metal1,160.6665,169.1365,4.499115
FILLER_39_224,VDD,Metal1,134.9065,169.1365,4.499087
FILLER_39_212,VDD,Metal1,126.9400,168.9925,4.499087
FILLER_39_178,VDD,Metal1,116.0355,169.3285,4.499086
FILLER_39_90,VDD,Metal1,62.2080,169.2520,4.499086
FILLER_39_76,VDD,Metal1,49.8400,168.5600,4.499086
FILLER_39_72,VDD,Metal1,48.5400,168.9925,4.499086
FILLER_39_66,VDD,Metal1,45.1800,168.9925,4.499086
FILLER_39_34,VDD,Metal1,35.3955,169.3285,4.499086
FILLER_39_18,VDD,Metal1,19.5465,169.1365,4.499106
FILLER_38_676,VDD,Metal1,385.8400,168.5600,4.499222
FILLER_38_601,VDD,Metal1,343.8400,168.5600,4.499232
FILLER_38_597,VDD,Metal1,342.5400,168.1275,4.499232
FILLER_38_593,VDD,Metal1,339.3600,168.5600,4.499235
FILLER_38_561,VDD,Metal1,330.5155,167.7910,4.499235
FILLER_38_549,VDD,Metal1,315.6600,168.1275,4.499217
FILLER_38_527,VDD,Metal1,306.9280,167.8680,4.499217
FILLER_38_523,VDD,Metal1,300.1600,168.5600,4.499217
FILLER_38_507,VDD,Metal1,295.7280,167.8680,4.499217
FILLER_38_499,VDD,Metal1,286.7200,168.5600,4.499217
FILLER_38_491,VDD,Metal1,284.4265,167.9830,4.499216
FILLER_38_454,VDD,Metal1,261.2400,168.5600,4.499195
FILLER_38_446,VDD,Metal1,259.2265,167.9830,4.499194
FILLER_38_424,VDD,Metal1,246.9065,167.9830,4.499184
FILLER_38_389,VDD,Metal1,224.8400,168.5600,4.499137
FILLER_38_387,VDD,Metal1,224.0000,168.5600,4.499136
FILLER_38_377,VDD,Metal1,220.5865,167.9830,4.499136
FILLER_38_341,VDD,Metal1,198.2400,168.5600,4.499133
FILLER_38_333,VDD,Metal1,195.9465,167.9830,4.499133
FILLER_38_317,VDD,Metal1,189.3280,167.8680,4.499134
FILLER_38_299,VDD,Metal1,179.2480,167.8680,4.499135
FILLER_38_263,VDD,Metal1,154.5600,168.5600,4.499092
FILLER_38_255,VDD,Metal1,152.2665,167.9830,4.499092
FILLER_38_243,VDD,Metal1,143.3600,168.5600,4.499092
FILLER_38_239,VDD,Metal1,142.0600,168.1275,4.499092
FILLER_38_201,VDD,Metal1,119.8400,168.5600,4.499086
FILLER_38_193,VDD,Metal1,117.5465,167.9830,4.499086
FILLER_38_177,VDD,Metal1,110.9280,167.8680,4.499086
FILLER_38_173,VDD,Metal1,104.1600,168.5600,4.499083
FILLER_38_141,VDD,Metal1,95.3155,167.7910,4.499083
FILLER_38_104,VDD,Metal1,65.2400,168.5600,4.499086
FILLER_38_102,VDD,Metal1,64.4000,168.5600,4.499086
FILLER_38_98,VDD,Metal1,63.1000,168.1275,4.499086
FILLER_38_47,VDD,Metal1,33.3200,168.5600,4.499086
FILLER_38_45,VDD,Metal1,32.4800,168.5600,4.499086
FILLER_38_37,VDD,Metal1,30.1865,167.9830,4.499086
FILLER_38_33,VDD,Metal1,25.7600,168.5600,4.499105
FILLER_37_570,VDD,Metal1,327.4200,161.1525,4.499094
FILLER_37_562,VDD,Metal1,324.1865,161.2965,4.499094
FILLER_37_559,VDD,Metal1,320.0400,160.7200,4.499092
FILLER_37_557,VDD,Metal1,319.2000,160.7200,4.499092
FILLER_37_541,VDD,Metal1,309.9600,160.7200,4.499090
FILLER_37_525,VDD,Metal1,305.8080,161.4120,4.499090
FILLER_37_494,VDD,Metal1,283.6400,160.7200,4.499008
FILLER_37_492,VDD,Metal1,282.8000,160.7200,4.499008
FILLER_37_474,VDD,Metal1,277.2480,161.4120,4.499007
FILLER_37_424,VDD,Metal1,244.4400,160.7200,4.498982
FILLER_37_422,VDD,Metal1,243.6000,160.7200,4.498982
FILLER_37_419,VDD,Metal1,241.6400,160.7200,4.498982
FILLER_37_411,VDD,Metal1,239.6265,161.2965,4.498982
FILLER_37_314,VDD,Metal1,183.1200,160.7200,4.498910
FILLER_37_282,VDD,Metal1,174.2755,161.4885,4.498909
FILLER_37_278,VDD,Metal1,162.9600,160.7200,4.498870
FILLER_37_262,VDD,Metal1,158.5280,161.4120,4.498869
FILLER_37_209,VDD,Metal1,124.0400,160.7200,4.498869
FILLER_37_205,VDD,Metal1,123.0200,161.1525,4.498869
FILLER_37_165,VDD,Metal1,100.6200,161.1525,4.498840
FILLER_37_157,VDD,Metal1,97.3865,161.2965,4.498840
FILLER_37_132,VDD,Metal1,83.3865,161.2965,4.498839
FILLER_37_122,VDD,Metal1,75.6000,160.7200,4.498824
FILLER_37_106,VDD,Metal1,66.3600,160.7200,4.498824
FILLER_37_69,VDD,Metal1,45.6400,160.7200,4.498855
FILLER_37_67,VDD,Metal1,44.8000,160.7200,4.498855
FILLER_37_51,VDD,Metal1,40.3680,161.4120,4.498855
FILLER_36_676,VDD,Metal1,385.8400,160.7200,4.499091
FILLER_36_605,VDD,Metal1,347.0200,160.2875,4.499099
FILLER_36_594,VDD,Metal1,339.6400,160.7200,4.499099
FILLER_36_571,VDD,Metal1,329.2265,160.1430,4.499098
FILLER_36_527,VDD,Metal1,302.4000,160.7200,4.499083
FILLER_36_523,VDD,Metal1,300.1600,160.7200,4.499070
FILLER_36_519,VDD,Metal1,298.8600,160.2875,4.499017
FILLER_36_511,VDD,Metal1,295.6265,160.1430,4.499017
FILLER_36_473,VDD,Metal1,273.1000,160.2875,4.499005
FILLER_36_457,VDD,Metal1,267.7280,160.0280,4.499004
FILLER_36_451,VDD,Metal1,260.7800,160.2875,4.498983
FILLER_36_443,VDD,Metal1,257.5465,160.1430,4.498983
FILLER_36_393,VDD,Metal1,231.8880,160.0280,4.498918
FILLER_36_387,VDD,Metal1,224.0000,160.7200,4.498918
FILLER_36_349,VDD,Metal1,202.7200,160.7200,4.498912
FILLER_36_317,VDD,Metal1,193.8755,159.9510,4.498912
FILLER_36_313,VDD,Metal1,182.5600,160.7200,4.498910
FILLER_36_281,VDD,Metal1,173.7155,159.9510,4.498909
FILLER_36_243,VDD,Metal1,143.3600,160.7200,4.498869
FILLER_36_239,VDD,Metal1,142.0600,160.2875,4.498869
FILLER_36_199,VDD,Metal1,119.6600,160.2875,4.498842
FILLER_36_189,VDD,Metal1,113.1200,160.7200,4.498842
FILLER_36_185,VDD,Metal1,111.8200,160.2875,4.498842
FILLER_36_177,VDD,Metal1,108.5865,160.1430,4.498842
FILLER_36_173,VDD,Metal1,104.1600,160.7200,4.498841
FILLER_36_169,VDD,Metal1,102.8600,160.2875,4.498841
FILLER_36_131,VDD,Metal1,80.6400,160.7200,4.498825
FILLER_36_123,VDD,Metal1,78.3465,160.1430,4.498824
FILLER_36_107,VDD,Metal1,71.7280,160.0280,4.498824
FILLER_36_89,VDD,Metal1,61.6480,160.0280,4.498825
FILLER_36_39,VDD,Metal1,28.8400,160.7200,4.498856
FILLER_36_37,VDD,Metal1,28.0000,160.7200,4.498856
FILLER_36_34,VDD,Metal1,26.0400,160.7200,4.498869
FILLER_36_12,VDD,Metal1,13.7200,160.7200,4.498870
FILLER_36_10,VDD,Metal1,12.8800,160.7200,4.498870
FILLER_36_2,VDD,Metal1,10.5865,160.1430,4.498870
FILLER_35_606,VDD,Metal1,346.6400,152.8800,4.499232
FILLER_35_570,VDD,Metal1,326.4800,152.8800,4.499204
FILLER_35_438,VDD,Metal1,252.5600,152.8800,4.499172
FILLER_35_422,VDD,Metal1,248.1280,153.5720,4.499172
FILLER_35_419,VDD,Metal1,241.6400,152.8800,4.499173
FILLER_35_415,VDD,Metal1,240.6200,153.3125,4.499173
FILLER_35_399,VDD,Metal1,235.2480,153.5720,4.499173
FILLER_35_364,VDD,Metal1,210.8400,152.8800,4.499180
FILLER_35_360,VDD,Metal1,209.8200,153.3125,4.499180
FILLER_35_352,VDD,Metal1,206.5865,153.4565,4.499180
FILLER_35_348,VDD,Metal1,202.1600,152.8800,4.499187
FILLER_35_344,VDD,Metal1,200.8600,153.3125,4.499187
FILLER_35_306,VDD,Metal1,179.5800,153.3125,4.499200
FILLER_35_298,VDD,Metal1,176.3465,153.4565,4.499201
FILLER_35_282,VDD,Metal1,169.7280,153.5720,4.499201
FILLER_35_279,VDD,Metal1,163.2400,152.8800,4.499201
FILLER_35_271,VDD,Metal1,161.2265,153.4565,4.499201
FILLER_35_255,VDD,Metal1,154.6080,153.5720,4.499200
FILLER_35_236,VDD,Metal1,140.3800,153.3125,4.499201
FILLER_35_228,VDD,Metal1,137.1465,153.4565,4.499201
FILLER_35_212,VDD,Metal1,130.5280,153.5720,4.499201
FILLER_35_209,VDD,Metal1,124.0400,152.8800,4.499201
FILLER_35_205,VDD,Metal1,123.0200,153.3125,4.499201
FILLER_35_160,VDD,Metal1,96.6000,152.8800,4.499201
FILLER_35_158,VDD,Metal1,95.7600,152.8800,4.499201
FILLER_35_142,VDD,Metal1,91.3280,153.5720,4.499201
FILLER_35_136,VDD,Metal1,84.3800,153.3125,4.499206
FILLER_35_72,VDD,Metal1,65.6750,153.6940,4.499206
FILLER_35_69,VDD,Metal1,45.6400,152.8800,4.499206
FILLER_35_38,VDD,Metal1,28.2800,152.8800,4.499220
FILLER_35_2,VDD,Metal1,8.4000,152.8800,4.499221
FILLER_34_676,VDD,Metal1,385.8400,152.8800,4.499227
FILLER_34_645,VDD,Metal1,369.4200,152.4475,4.499227
FILLER_34_597,VDD,Metal1,343.7865,152.3030,4.499232
FILLER_34_579,VDD,Metal1,331.2400,152.8800,4.499232
FILLER_34_575,VDD,Metal1,330.2200,152.4475,4.499232
FILLER_34_559,VDD,Metal1,324.8480,152.1880,4.499204
FILLER_34_509,VDD,Metal1,292.3200,152.8800,4.499178
FILLER_34_505,VDD,Metal1,291.0200,152.4475,4.499178
FILLER_34_489,VDD,Metal1,285.6480,152.1880,4.499177
FILLER_34_457,VDD,Metal1,272.2755,152.1110,4.499171
FILLER_34_443,VDD,Metal1,255.3600,152.8800,4.499171
FILLER_34_427,VDD,Metal1,250.9280,152.1880,4.499172
FILLER_34_387,VDD,Metal1,223.7200,152.8800,4.499173
FILLER_34_383,VDD,Metal1,221.7600,152.8800,4.499173
FILLER_34_367,VDD,Metal1,217.3280,152.1880,4.499173
FILLER_34_336,VDD,Metal1,195.4400,152.8800,4.499188
FILLER_34_332,VDD,Metal1,194.1400,152.4475,4.499188
FILLER_34_311,VDD,Metal1,182.3800,152.4475,4.499188
FILLER_34_275,VDD,Metal1,161.2800,152.8800,4.499201
FILLER_34_271,VDD,Metal1,159.9800,152.4475,4.499201
FILLER_34_263,VDD,Metal1,156.7465,152.3030,4.499200
FILLER_34_247,VDD,Metal1,145.3200,152.8800,4.499200
FILLER_34_241,VDD,Metal1,143.1800,152.4475,4.499200
FILLER_34_225,VDD,Metal1,137.8080,152.1880,4.499201
FILLER_34_193,VDD,Metal1,124.4355,152.1110,4.499201
FILLER_34_185,VDD,Metal1,110.8800,152.8800,4.499201
FILLER_34_177,VDD,Metal1,108.5865,152.3030,4.499201
FILLER_34_139,VDD,Metal1,85.1200,152.8800,4.499205
FILLER_34_107,VDD,Metal1,76.2755,152.1110,4.499206
FILLER_34_104,VDD,Metal1,65.2400,152.8800,4.499206
FILLER_34_100,VDD,Metal1,64.2200,152.4475,4.499206
FILLER_34_84,VDD,Metal1,58.8480,152.1880,4.499206
FILLER_34_49,VDD,Metal1,34.4400,152.8800,4.499207
FILLER_34_45,VDD,Metal1,33.4200,152.4475,4.499207
FILLER_34_37,VDD,Metal1,30.1865,152.3030,4.499207
FILLER_34_34,VDD,Metal1,26.0400,152.8800,4.499221
FILLER_34_30,VDD,Metal1,25.0200,152.4475,4.499221
FILLER_34_18,VDD,Metal1,18.3000,152.4475,4.499222
FILLER_33_594,VDD,Metal1,344.4480,145.7320,4.498959
FILLER_33_562,VDD,Metal1,331.0755,145.8085,4.498960
FILLER_33_508,VDD,Metal1,291.7600,145.0400,4.498953
FILLER_33_492,VDD,Metal1,287.3280,145.7320,4.498952
FILLER_33_488,VDD,Metal1,280.5600,145.0400,4.498940
FILLER_33_484,VDD,Metal1,279.2600,145.4725,4.498939
FILLER_33_475,VDD,Metal1,273.0000,145.0400,4.498939
FILLER_33_471,VDD,Metal1,271.9800,145.4725,4.498939
FILLER_33_428,VDD,Metal1,246.6800,145.0400,4.498930
FILLER_33_426,VDD,Metal1,245.8400,145.0400,4.498930
FILLER_33_422,VDD,Metal1,244.5400,145.4725,4.498930
FILLER_33_394,VDD,Metal1,227.6400,145.0400,4.498930
FILLER_33_392,VDD,Metal1,226.8000,145.0400,4.498930
FILLER_33_384,VDD,Metal1,224.5065,145.6165,4.498930
FILLER_33_352,VDD,Metal1,213.4755,145.8085,4.498941
FILLER_33_342,VDD,Metal1,200.9865,145.6165,4.498944
FILLER_33_306,VDD,Metal1,178.6400,145.0400,4.499009
FILLER_33_298,VDD,Metal1,176.3465,145.6165,4.499009
FILLER_33_282,VDD,Metal1,169.7280,145.7320,4.499009
FILLER_33_276,VDD,Metal1,162.7800,145.4725,4.499008
FILLER_33_212,VDD,Metal1,144.0750,145.8540,4.499008
FILLER_33_208,VDD,Metal1,123.7600,145.0400,4.499008
FILLER_33_192,VDD,Metal1,119.3280,145.7320,4.499007
FILLER_33_139,VDD,Metal1,84.8400,145.0400,4.499007
FILLER_33_135,VDD,Metal1,83.8200,145.4725,4.499007
FILLER_33_92,VDD,Metal1,58.8000,145.0400,4.499031
FILLER_33_88,VDD,Metal1,57.5000,145.4725,4.499032
FILLER_33_72,VDD,Metal1,52.1280,145.7320,4.499034
FILLER_33_68,VDD,Metal1,45.3600,145.0400,4.499052
FILLER_33_64,VDD,Metal1,44.0600,145.4725,4.499053
FILLER_33_48,VDD,Metal1,38.6880,145.7320,4.499053
FILLER_33_16,VDD,Metal1,25.3155,145.8085,4.499054
FILLER_32_667,VDD,Metal1,380.8000,145.0400,4.498954
FILLER_32_613,VDD,Metal1,350.5600,145.0400,4.498959
FILLER_32_597,VDD,Metal1,346.1280,144.3480,4.498959
FILLER_32_594,VDD,Metal1,339.6400,145.0400,4.498960
FILLER_32_590,VDD,Metal1,338.6200,144.6075,4.498960
FILLER_32_574,VDD,Metal1,333.2480,144.3480,4.498960
FILLER_32_542,VDD,Metal1,319.8755,144.2710,4.498960
FILLER_32_516,VDD,Metal1,295.9600,145.0400,4.498959
FILLER_32_514,VDD,Metal1,295.1200,145.0400,4.498959
FILLER_32_507,VDD,Metal1,290.9200,145.0400,4.498952
FILLER_32_491,VDD,Metal1,286.7680,144.3480,4.498952
FILLER_32_453,VDD,Metal1,260.9600,145.0400,4.498936
FILLER_32_437,VDD,Metal1,256.5280,144.3480,4.498936
FILLER_32_384,VDD,Metal1,222.0400,145.0400,4.498941
FILLER_32_382,VDD,Metal1,221.2000,145.0400,4.498941
FILLER_32_378,VDD,Metal1,219.9000,144.6075,4.498941
FILLER_32_342,VDD,Metal1,198.8000,145.0400,4.498966
FILLER_32_311,VDD,Metal1,182.3800,144.6075,4.498967
FILLER_32_247,VDD,Metal1,163.6750,144.2255,4.499009
FILLER_32_244,VDD,Metal1,143.6400,145.0400,4.499008
FILLER_32_242,VDD,Metal1,142.8000,145.0400,4.499008
FILLER_32_234,VDD,Metal1,140.5065,144.4630,4.499008
FILLER_32_202,VDD,Metal1,129.4755,144.2710,4.499008
FILLER_32_173,VDD,Metal1,104.1600,145.0400,4.499006
FILLER_32_169,VDD,Metal1,102.8600,144.6075,4.499006
FILLER_32_161,VDD,Metal1,99.6265,144.4630,4.499006
FILLER_32_126,VDD,Metal1,77.5600,145.0400,4.499014
FILLER_32_122,VDD,Metal1,76.5400,144.6075,4.499014
FILLER_32_114,VDD,Metal1,73.3065,144.4630,4.499014
FILLER_32_107,VDD,Metal1,67.2000,145.0400,4.499014
FILLER_32_104,VDD,Metal1,65.2400,145.0400,4.499014
FILLER_32_102,VDD,Metal1,64.4000,145.0400,4.499024
FILLER_32_83,VDD,Metal1,53.4800,145.0400,4.499034
FILLER_32_81,VDD,Metal1,52.6400,145.0400,4.499035
FILLER_32_77,VDD,Metal1,51.3400,144.6075,4.499036
FILLER_32_69,VDD,Metal1,48.1065,144.4630,4.499036
FILLER_32_37,VDD,Metal1,37.0755,144.2710,4.499053
FILLER_32_31,VDD,Metal1,25.5800,144.6075,4.499054
FILLER_31_562,VDD,Metal1,321.7200,137.2000,4.499239
FILLER_31_556,VDD,Metal1,319.5800,137.6325,4.499238
FILLER_31_540,VDD,Metal1,314.2080,137.8920,4.499238
FILLER_31_504,VDD,Metal1,289.5200,137.2000,4.499196
FILLER_31_500,VDD,Metal1,288.2200,137.6325,4.499196
FILLER_31_492,VDD,Metal1,284.9865,137.7765,4.499194
FILLER_31_419,VDD,Metal1,241.6400,137.2000,4.499186
FILLER_31_417,VDD,Metal1,240.8000,137.2000,4.499186
FILLER_31_413,VDD,Metal1,239.5000,137.6325,4.499186
FILLER_31_405,VDD,Metal1,236.2665,137.7765,4.499186
FILLER_31_367,VDD,Metal1,213.7400,137.6325,4.499247
FILLER_31_349,VDD,Metal1,202.4400,137.2000,4.499249
FILLER_31_314,VDD,Metal1,182.8400,137.2000,4.499259
FILLER_31_282,VDD,Metal1,174.2755,137.9685,4.499259
FILLER_31_276,VDD,Metal1,162.7800,137.6325,4.499259
FILLER_31_212,VDD,Metal1,144.0750,138.0140,4.499259
FILLER_31_208,VDD,Metal1,123.7600,137.2000,4.499258
FILLER_31_200,VDD,Metal1,121.4665,137.7765,4.499258
FILLER_31_158,VDD,Metal1,97.9465,137.7765,4.499258
FILLER_31_142,VDD,Metal1,91.3280,137.8920,4.499258
FILLER_31_139,VDD,Metal1,84.8400,137.2000,4.499258
FILLER_31_137,VDD,Metal1,84.0000,137.2000,4.499258
FILLER_31_133,VDD,Metal1,82.7000,137.6325,4.499258
FILLER_31_122,VDD,Metal1,75.3200,137.2000,4.499258
FILLER_31_120,VDD,Metal1,74.4800,137.2000,4.499258
FILLER_31_97,VDD,Metal1,61.6000,137.2000,4.499268
FILLER_31_89,VDD,Metal1,59.3065,137.7765,4.499268
FILLER_31_81,VDD,Metal1,52.6400,137.2000,4.499283
FILLER_31_72,VDD,Metal1,48.5400,137.6325,4.499283
FILLER_31_68,VDD,Metal1,45.3600,137.2000,4.499295
FILLER_31_62,VDD,Metal1,41.7200,137.2000,4.499295
FILLER_31_58,VDD,Metal1,40.7000,137.6325,4.499295
FILLER_31_50,VDD,Metal1,37.4665,137.7765,4.499295
FILLER_31_18,VDD,Metal1,26.4355,137.9685,4.499296
FILLER_30_667,VDD,Metal1,380.8000,137.2000,4.499228
FILLER_30_654,VDD,Metal1,373.5200,137.2000,4.499231
FILLER_30_612,VDD,Metal1,350.0000,137.2000,4.499234
FILLER_30_594,VDD,Metal1,339.6400,137.2000,4.499237
FILLER_30_592,VDD,Metal1,338.8000,137.2000,4.499237
FILLER_30_576,VDD,Metal1,334.3680,136.5080,4.499237
FILLER_30_541,VDD,Metal1,309.9600,137.2000,4.499222
FILLER_30_539,VDD,Metal1,309.1200,137.2000,4.499222
FILLER_30_535,VDD,Metal1,307.8200,136.7675,4.499221
FILLER_30_509,VDD,Metal1,292.0400,137.2000,4.499221
FILLER_30_505,VDD,Metal1,291.0200,136.7675,4.499196
FILLER_30_469,VDD,Metal1,269.9200,137.2000,4.499193
FILLER_30_465,VDD,Metal1,268.6200,136.7675,4.499193
FILLER_30_457,VDD,Metal1,265.3865,136.6230,4.499193
FILLER_30_403,VDD,Metal1,232.9600,137.2000,4.499192
FILLER_30_387,VDD,Metal1,228.5280,136.5080,4.499207
FILLER_30_384,VDD,Metal1,222.0400,137.2000,4.499207
FILLER_30_382,VDD,Metal1,221.2000,137.2000,4.499207
FILLER_30_374,VDD,Metal1,218.9065,136.6230,4.499207
FILLER_30_358,VDD,Metal1,212.2880,136.5080,4.499247
FILLER_30_317,VDD,Metal1,189.3280,136.5080,4.499251
FILLER_30_311,VDD,Metal1,182.3800,136.7675,4.499259
FILLER_30_295,VDD,Metal1,177.0080,136.5080,4.499259
FILLER_30_259,VDD,Metal1,152.3200,137.2000,4.499259
FILLER_30_255,VDD,Metal1,151.0200,136.7675,4.499259
FILLER_30_247,VDD,Metal1,147.7865,136.6230,4.499259
FILLER_30_241,VDD,Metal1,143.1800,136.7675,4.499259
FILLER_30_225,VDD,Metal1,137.8080,136.5080,4.499259
FILLER_30_193,VDD,Metal1,124.4355,136.4310,4.499258
FILLER_30_185,VDD,Metal1,110.8800,137.2000,4.499258
FILLER_30_177,VDD,Metal1,108.5865,136.6230,4.499258
FILLER_30_174,VDD,Metal1,104.4400,137.2000,4.499258
FILLER_30_172,VDD,Metal1,103.6000,137.2000,4.499258
FILLER_30_164,VDD,Metal1,101.3065,136.6230,4.499258
FILLER_30_148,VDD,Metal1,94.6880,136.5080,4.499258
FILLER_30_116,VDD,Metal1,81.3155,136.4310,4.499258
FILLER_30_85,VDD,Metal1,55.8200,136.7675,4.499277
FILLER_30_69,VDD,Metal1,50.4480,136.5080,4.499283
FILLER_30_37,VDD,Metal1,37.0755,136.4310,4.499295
FILLER_30_31,VDD,Metal1,25.5800,136.7675,4.499296
FILLER_30_26,VDD,Metal1,21.5600,137.2000,4.499296
FILLER_30_24,VDD,Metal1,20.7200,137.2000,4.499296
FILLER_30_8,VDD,Metal1,12.7000,136.7675,4.499295
FILLER_29_621,VDD,Metal1,354.7600,129.3600,4.499014
FILLER_29_585,VDD,Metal1,334.8800,129.3600,4.499019
FILLER_29_577,VDD,Metal1,332.5865,129.9365,4.499019
FILLER_29_509,VDD,Metal1,292.0400,129.3600,4.499018
FILLER_29_507,VDD,Metal1,291.2000,129.3600,4.499018
FILLER_29_494,VDD,Metal1,283.6400,129.3600,4.499018
FILLER_29_492,VDD,Metal1,282.8000,129.3600,4.499021
FILLER_29_477,VDD,Metal1,274.1200,129.3600,4.499035
FILLER_29_445,VDD,Metal1,265.5555,130.1285,4.499035
FILLER_29_440,VDD,Metal1,253.4000,129.3600,4.499035
FILLER_29_438,VDD,Metal1,252.5600,129.3600,4.499035
FILLER_29_434,VDD,Metal1,251.2600,129.7925,4.499035
FILLER_29_428,VDD,Metal1,246.6800,129.3600,4.499035
FILLER_29_426,VDD,Metal1,245.8400,129.3600,4.499036
FILLER_29_422,VDD,Metal1,244.5400,129.7925,4.499036
FILLER_29_418,VDD,Metal1,241.3600,129.3600,4.499039
FILLER_29_414,VDD,Metal1,240.0600,129.7925,4.499039
FILLER_29_406,VDD,Metal1,236.8265,129.9365,4.499039
FILLER_29_374,VDD,Metal1,225.7955,130.1285,4.499039
FILLER_29_364,VDD,Metal1,211.1200,129.3600,4.499046
FILLER_29_360,VDD,Metal1,209.8200,129.7925,4.499046
FILLER_29_352,VDD,Metal1,206.5865,129.9365,4.499046
FILLER_29_314,VDD,Metal1,184.0600,129.7925,4.499060
FILLER_29_282,VDD,Metal1,174.2755,130.1285,4.499069
FILLER_29_278,VDD,Metal1,162.9600,129.3600,4.499069
FILLER_29_262,VDD,Metal1,153.7200,129.3600,4.499064
FILLER_29_260,VDD,Metal1,152.8800,129.3600,4.499064
FILLER_29_244,VDD,Metal1,148.4480,130.0520,4.499064
FILLER_29_212,VDD,Metal1,135.0755,130.1285,4.499059
FILLER_29_206,VDD,Metal1,123.5800,129.7925,4.499058
FILLER_29_142,VDD,Metal1,104.8750,130.1740,4.499058
FILLER_29_138,VDD,Metal1,84.5600,129.3600,4.499058
FILLER_29_134,VDD,Metal1,83.2600,129.7925,4.499058
FILLER_29_102,VDD,Metal1,73.4755,130.1285,4.499058
FILLER_29_92,VDD,Metal1,58.8000,129.3600,4.499055
FILLER_29_88,VDD,Metal1,57.5000,129.7925,4.499055
FILLER_29_72,VDD,Metal1,52.1280,130.0520,4.499055
FILLER_28_667,VDD,Metal1,380.8000,129.3600,4.499004
FILLER_28_664,VDD,Metal1,378.8400,129.3600,4.499006
FILLER_28_662,VDD,Metal1,378.0000,129.3600,4.499008
FILLER_28_654,VDD,Metal1,373.5200,129.3600,4.499008
FILLER_28_605,VDD,Metal1,347.0200,128.9275,4.499015
FILLER_28_597,VDD,Metal1,343.7865,128.7830,4.499015
FILLER_28_594,VDD,Metal1,339.6400,129.3600,4.499015
FILLER_28_592,VDD,Metal1,338.8000,129.3600,4.499015
FILLER_28_584,VDD,Metal1,336.5065,128.7830,4.499015
FILLER_28_549,VDD,Metal1,314.4400,129.3600,4.499018
FILLER_28_547,VDD,Metal1,313.6000,129.3600,4.499018
FILLER_28_543,VDD,Metal1,312.3000,128.9275,4.499018
FILLER_28_535,VDD,Metal1,309.0665,128.7830,4.499018
FILLER_28_489,VDD,Metal1,281.1200,129.3600,4.499024
FILLER_28_457,VDD,Metal1,272.2755,128.5910,4.499035
FILLER_28_453,VDD,Metal1,260.9600,129.3600,4.499035
FILLER_28_421,VDD,Metal1,252.1155,128.5910,4.499035
FILLER_28_383,VDD,Metal1,221.7600,129.3600,4.499039
FILLER_28_375,VDD,Metal1,219.4665,128.7830,4.499039
FILLER_28_359,VDD,Metal1,212.8480,128.6680,4.499044
FILLER_28_317,VDD,Metal1,186.9865,128.7830,4.499049
FILLER_28_314,VDD,Metal1,182.8400,129.3600,4.499068
FILLER_28_310,VDD,Metal1,181.8200,128.9275,4.499069
FILLER_28_294,VDD,Metal1,176.4480,128.6680,4.499069
FILLER_28_262,VDD,Metal1,163.0755,128.5910,4.499069
FILLER_28_241,VDD,Metal1,143.1800,128.9275,4.499060
FILLER_28_233,VDD,Metal1,139.9465,128.7830,4.499059
FILLER_28_217,VDD,Metal1,133.3280,128.6680,4.499059
FILLER_28_181,VDD,Metal1,108.6400,129.3600,4.499058
FILLER_28_177,VDD,Metal1,107.3400,128.9275,4.499058
FILLER_28_111,VDD,Metal1,87.5150,128.5455,4.499058
FILLER_28_53,VDD,Metal1,41.4880,128.6680,4.499060
FILLER_28_24,VDD,Metal1,20.4400,129.3600,4.499127
FILLER_28_16,VDD,Metal1,18.4265,128.7830,4.499127
FILLER_27_602,VDD,Metal1,346.5865,122.0965,4.498923
FILLER_27_594,VDD,Metal1,339.9200,121.5200,4.498934
FILLER_27_562,VDD,Metal1,331.0755,122.2885,4.498934
FILLER_27_508,VDD,Metal1,291.7600,121.5200,4.498909
FILLER_27_492,VDD,Metal1,287.3280,122.2120,4.498909
FILLER_27_488,VDD,Metal1,280.5600,121.5200,4.498904
FILLER_27_456,VDD,Metal1,271.7155,122.2885,4.498903
FILLER_27_410,VDD,Metal1,236.8800,121.5200,4.498886
FILLER_27_402,VDD,Metal1,232.4000,121.5200,4.498886
FILLER_27_348,VDD,Metal1,202.1600,121.5200,4.498887
FILLER_27_344,VDD,Metal1,200.8600,121.9525,4.498921
FILLER_27_336,VDD,Metal1,197.6265,122.0965,4.498922
FILLER_27_298,VDD,Metal1,175.1000,121.9525,4.498929
FILLER_27_282,VDD,Metal1,169.7280,122.2120,4.498929
FILLER_27_276,VDD,Metal1,162.7800,121.9525,4.498929
FILLER_27_268,VDD,Metal1,159.5465,122.0965,4.498929
FILLER_27_232,VDD,Metal1,137.2000,121.5200,4.498926
FILLER_27_228,VDD,Metal1,135.9000,121.9525,4.498926
FILLER_27_212,VDD,Metal1,130.5280,122.2120,4.498926
FILLER_27_206,VDD,Metal1,123.5800,121.9525,4.498927
FILLER_27_142,VDD,Metal1,104.8750,122.3340,4.498932
FILLER_27_139,VDD,Metal1,84.8400,121.5200,4.498932
FILLER_27_131,VDD,Metal1,82.8265,122.0965,4.498932
FILLER_27_96,VDD,Metal1,60.7600,121.5200,4.498952
FILLER_27_92,VDD,Metal1,59.7400,121.9525,4.498953
FILLER_27_84,VDD,Metal1,56.5065,122.0965,4.498953
FILLER_27_76,VDD,Metal1,49.5600,121.5200,4.498956
FILLER_27_72,VDD,Metal1,48.5400,121.9525,4.498956
FILLER_27_68,VDD,Metal1,45.3600,121.5200,4.498956
FILLER_27_52,VDD,Metal1,40.9280,122.2120,4.498956
FILLER_27_16,VDD,Metal1,15.9600,121.5200,4.498956
FILLER_26_655,VDD,Metal1,373.8000,121.5200,4.498920
FILLER_26_653,VDD,Metal1,372.9600,121.5200,4.498920
FILLER_26_617,VDD,Metal1,352.8000,121.5200,4.498920
FILLER_26_613,VDD,Metal1,351.5000,121.0875,4.498921
FILLER_26_601,VDD,Metal1,343.5600,121.5200,4.498928
FILLER_26_597,VDD,Metal1,342.5400,121.0875,4.498928
FILLER_26_593,VDD,Metal1,339.3600,121.5200,4.498934
FILLER_26_577,VDD,Metal1,334.9280,120.8280,4.498934
FILLER_26_568,VDD,Metal1,325.0800,121.5200,4.498931
FILLER_26_560,VDD,Metal1,323.0665,120.9430,4.498931
FILLER_26_527,VDD,Metal1,302.1200,121.5200,4.498911
FILLER_26_524,VDD,Metal1,300.4400,121.5200,4.498911
FILLER_26_505,VDD,Metal1,291.0200,121.0875,4.498909
FILLER_26_489,VDD,Metal1,285.6480,120.8280,4.498909
FILLER_26_457,VDD,Metal1,272.2755,120.7510,4.498904
FILLER_26_454,VDD,Metal1,261.2400,121.5200,4.498896
FILLER_26_452,VDD,Metal1,260.4000,121.5200,4.498895
FILLER_26_448,VDD,Metal1,259.1000,121.0875,4.498895
FILLER_26_427,VDD,Metal1,246.1200,121.5200,4.498895
FILLER_26_425,VDD,Metal1,245.2800,121.5200,4.498895
FILLER_26_421,VDD,Metal1,243.9800,121.0875,4.498888
FILLER_26_383,VDD,Metal1,221.7600,121.5200,4.498886
FILLER_26_379,VDD,Metal1,220.4600,121.0875,4.498886
FILLER_26_341,VDD,Metal1,199.1800,121.0875,4.498922
FILLER_26_314,VDD,Metal1,182.8400,121.5200,4.498929
FILLER_26_310,VDD,Metal1,181.8200,121.0875,4.498929
FILLER_26_294,VDD,Metal1,176.4480,120.8280,4.498929
FILLER_26_249,VDD,Metal1,146.4400,121.5200,4.498926
FILLER_26_247,VDD,Metal1,145.6000,121.5200,4.498926
FILLER_26_210,VDD,Metal1,124.6000,121.5200,4.498927
FILLER_26_208,VDD,Metal1,123.7600,121.5200,4.498927
FILLER_26_177,VDD,Metal1,110.9280,120.8280,4.498932
FILLER_26_171,VDD,Metal1,103.9800,121.0875,4.498932
FILLER_26_107,VDD,Metal1,85.2750,120.7055,4.498932
FILLER_26_104,VDD,Metal1,65.2400,121.5200,4.498933
FILLER_26_96,VDD,Metal1,63.2265,120.9430,4.498933
FILLER_26_80,VDD,Metal1,56.6080,120.8280,4.498953
FILLER_26_48,VDD,Metal1,43.2355,120.7510,4.498956
FILLER_26_37,VDD,Metal1,27.7200,121.5200,4.498976
FILLER_26_34,VDD,Metal1,26.0400,121.5200,4.498984
FILLER_26_24,VDD,Metal1,20.7200,121.5200,4.498963
FILLER_25_628,VDD,Metal1,358.9600,113.6800,4.499520
FILLER_25_619,VDD,Metal1,353.6400,113.6800,4.499520
FILLER_25_611,VDD,Metal1,351.6265,114.2565,4.499520
FILLER_25_576,VDD,Metal1,329.5600,113.6800,4.499532
FILLER_25_574,VDD,Metal1,328.7200,113.6800,4.499532
FILLER_25_570,VDD,Metal1,327.4200,114.1125,4.499519
FILLER_25_544,VDD,Metal1,311.6400,113.6800,4.499519
FILLER_25_540,VDD,Metal1,310.6200,114.1125,4.499518
FILLER_25_504,VDD,Metal1,289.5200,113.6800,4.499515
FILLER_25_500,VDD,Metal1,288.2200,114.1125,4.499515
FILLER_25_492,VDD,Metal1,284.9865,114.2565,4.499515
FILLER_25_486,VDD,Metal1,280.3800,114.1125,4.499514
FILLER_25_478,VDD,Metal1,274.9600,113.6800,4.499506
FILLER_25_474,VDD,Metal1,273.6600,114.1125,4.499506
FILLER_25_466,VDD,Metal1,270.4265,114.2565,4.499505
FILLER_25_430,VDD,Metal1,248.0800,113.6800,4.499505
FILLER_25_422,VDD,Metal1,245.7865,114.2565,4.499505
FILLER_25_419,VDD,Metal1,241.6400,113.6800,4.499506
FILLER_25_417,VDD,Metal1,240.8000,113.6800,4.499506
FILLER_25_413,VDD,Metal1,239.5000,114.1125,4.499506
FILLER_25_408,VDD,Metal1,235.4800,113.6800,4.499506
FILLER_25_404,VDD,Metal1,234.4600,114.1125,4.499506
FILLER_25_360,VDD,Metal1,208.8800,113.6800,4.499507
FILLER_25_352,VDD,Metal1,206.5865,114.2565,4.499524
FILLER_25_349,VDD,Metal1,202.4400,113.6800,4.499524
FILLER_25_298,VDD,Metal1,173.8800,113.6800,4.499533
FILLER_25_282,VDD,Metal1,169.7280,114.3720,4.499533
FILLER_25_264,VDD,Metal1,154.8400,113.6800,4.499533
FILLER_25_262,VDD,Metal1,154.0000,113.6800,4.499533
FILLER_25_258,VDD,Metal1,152.7000,114.1125,4.499533
FILLER_25_250,VDD,Metal1,149.4665,114.2565,4.499533
FILLER_25_234,VDD,Metal1,142.8480,114.3720,4.499533
FILLER_25_218,VDD,Metal1,129.0800,113.6800,4.499532
FILLER_25_216,VDD,Metal1,128.2400,113.6800,4.499532
FILLER_25_212,VDD,Metal1,126.9400,114.1125,4.499532
FILLER_25_209,VDD,Metal1,124.0400,113.6800,4.499532
FILLER_25_201,VDD,Metal1,122.0265,114.2565,4.499532
FILLER_25_185,VDD,Metal1,115.4080,114.3720,4.499532
FILLER_25_166,VDD,Metal1,101.1800,114.1125,4.499507
FILLER_25_158,VDD,Metal1,97.9465,114.2565,4.499507
FILLER_25_142,VDD,Metal1,91.3280,114.3720,4.499507
FILLER_25_136,VDD,Metal1,84.3800,114.1125,4.499507
FILLER_25_72,VDD,Metal1,65.6750,114.4940,4.499507
FILLER_25_68,VDD,Metal1,45.3600,113.6800,4.499507
FILLER_25_60,VDD,Metal1,43.0665,114.2565,4.499507
FILLER_25_36,VDD,Metal1,27.1600,113.6800,4.499514
FILLER_24_667,VDD,Metal1,380.8000,113.6800,4.499515
FILLER_24_636,VDD,Metal1,363.1600,113.6800,4.499516
FILLER_24_608,VDD,Metal1,348.7000,113.2475,4.499522
FILLER_24_597,VDD,Metal1,341.6000,113.6800,4.499522
FILLER_24_576,VDD,Metal1,330.7800,113.2475,4.499532
FILLER_24_541,VDD,Metal1,309.9600,113.6800,4.499518
FILLER_24_533,VDD,Metal1,307.9465,113.1030,4.499517
FILLER_24_509,VDD,Metal1,292.0400,113.6800,4.499517
FILLER_24_507,VDD,Metal1,291.2000,113.6800,4.499515
FILLER_24_503,VDD,Metal1,289.9000,113.2475,4.499515
FILLER_24_487,VDD,Metal1,284.5280,112.9880,4.499515
FILLER_24_477,VDD,Metal1,274.4000,113.6800,4.499506
FILLER_24_465,VDD,Metal1,267.4000,113.6800,4.499504
FILLER_24_457,VDD,Metal1,265.3865,113.1030,4.499504
FILLER_24_454,VDD,Metal1,261.2400,113.6800,4.499504
FILLER_24_446,VDD,Metal1,259.2265,113.1030,4.499504
FILLER_24_439,VDD,Metal1,253.1200,113.6800,4.499504
FILLER_24_435,VDD,Metal1,251.8200,113.2475,4.499504
FILLER_24_419,VDD,Metal1,246.4480,112.9880,4.499505
FILLER_24_393,VDD,Metal1,227.0800,113.6800,4.499507
FILLER_24_391,VDD,Metal1,226.2400,113.6800,4.499507
FILLER_24_387,VDD,Metal1,224.9400,113.2475,4.499507
FILLER_24_384,VDD,Metal1,222.0400,113.6800,4.499507
FILLER_24_382,VDD,Metal1,221.2000,113.6800,4.499507
FILLER_24_372,VDD,Metal1,215.6000,113.6800,4.499507
FILLER_24_366,VDD,Metal1,211.9600,113.6800,4.499507
FILLER_24_362,VDD,Metal1,210.9400,113.2475,4.499507
FILLER_24_327,VDD,Metal1,190.1200,113.6800,4.499533
FILLER_24_325,VDD,Metal1,189.2800,113.6800,4.499533
FILLER_24_317,VDD,Metal1,186.9865,113.1030,4.499533
FILLER_24_311,VDD,Metal1,182.3800,113.2475,4.499533
FILLER_24_247,VDD,Metal1,163.6750,112.8655,4.499533
FILLER_24_241,VDD,Metal1,143.1800,113.2475,4.499533
FILLER_24_177,VDD,Metal1,124.4750,112.8655,4.499532
FILLER_24_171,VDD,Metal1,103.9800,113.2475,4.499532
FILLER_24_107,VDD,Metal1,85.2750,112.8655,4.499507
FILLER_24_104,VDD,Metal1,65.2400,113.6800,4.499507
FILLER_24_100,VDD,Metal1,64.2200,113.2475,4.499507
FILLER_24_84,VDD,Metal1,58.8480,112.9880,4.499507
FILLER_24_49,VDD,Metal1,34.4400,113.6800,4.499507
FILLER_24_45,VDD,Metal1,33.4200,113.2475,4.499507
FILLER_24_37,VDD,Metal1,30.1865,113.1030,4.499508
FILLER_24_31,VDD,Metal1,25.5800,113.2475,4.499517
FILLER_24_23,VDD,Metal1,22.3465,113.1030,4.499518
FILLER_23_666,VDD,Metal1,379.9600,105.8400,4.499253
FILLER_23_662,VDD,Metal1,378.9400,106.2725,4.499254
FILLER_23_647,VDD,Metal1,369.3200,105.8400,4.499254
FILLER_23_619,VDD,Metal1,354.8600,106.2725,4.499255
FILLER_23_568,VDD,Metal1,325.0800,105.8400,4.499255
FILLER_23_566,VDD,Metal1,324.2400,105.8400,4.499255
FILLER_23_562,VDD,Metal1,322.9400,106.2725,4.499255
FILLER_23_558,VDD,Metal1,319.7600,105.8400,4.499255
FILLER_23_554,VDD,Metal1,318.4600,106.2725,4.499255
FILLER_23_522,VDD,Metal1,308.6755,106.6085,4.499256
FILLER_23_513,VDD,Metal1,294.2800,105.8400,4.499262
FILLER_23_497,VDD,Metal1,290.1280,106.5320,4.499263
FILLER_23_478,VDD,Metal1,274.9600,105.8400,4.499268
FILLER_23_470,VDD,Metal1,272.6665,106.4165,4.499268
FILLER_23_454,VDD,Metal1,266.0480,106.5320,4.499297
FILLER_23_422,VDD,Metal1,252.6755,106.6085,4.499309
FILLER_23_416,VDD,Metal1,241.1800,106.2725,4.499319
FILLER_23_352,VDD,Metal1,222.4750,106.6540,4.499319
FILLER_23_334,VDD,Metal1,194.0400,105.8400,4.499342
FILLER_23_330,VDD,Metal1,193.0200,106.2725,4.499342
FILLER_23_322,VDD,Metal1,189.7865,106.4165,4.499343
FILLER_23_290,VDD,Metal1,169.4000,105.8400,4.499361
FILLER_23_282,VDD,Metal1,167.3865,106.4165,4.499361
FILLER_23_278,VDD,Metal1,162.9600,105.8400,4.499361
FILLER_23_262,VDD,Metal1,158.5280,106.5320,4.499361
FILLER_23_212,VDD,Metal1,130.5280,106.5320,4.499368
FILLER_23_209,VDD,Metal1,124.0400,105.8400,4.499368
FILLER_23_207,VDD,Metal1,123.2000,105.8400,4.499368
FILLER_23_191,VDD,Metal1,118.7680,106.5320,4.499368
FILLER_23_156,VDD,Metal1,94.3600,105.8400,4.499373
FILLER_23_154,VDD,Metal1,93.5200,105.8400,4.499373
FILLER_23_150,VDD,Metal1,92.2200,106.2725,4.499373
FILLER_23_142,VDD,Metal1,88.9865,106.4165,4.499373
FILLER_23_136,VDD,Metal1,84.3800,106.2725,4.499373
FILLER_23_72,VDD,Metal1,65.6750,106.6540,4.499373
FILLER_23_54,VDD,Metal1,42.0480,106.5320,4.499373
FILLER_23_22,VDD,Metal1,28.6755,106.6085,4.499374
FILLER_22_682,VDD,Metal1,388.9200,105.8400,4.499252
FILLER_22_680,VDD,Metal1,388.0800,105.8400,4.499252
FILLER_22_676,VDD,Metal1,386.7800,105.4075,4.499252
FILLER_22_657,VDD,Metal1,374.9200,105.8400,4.499254
FILLER_22_605,VDD,Metal1,346.0800,105.8400,4.499255
FILLER_22_597,VDD,Metal1,343.7865,105.2630,4.499255
FILLER_22_591,VDD,Metal1,339.1800,105.4075,4.499255
FILLER_22_581,VDD,Metal1,332.6400,105.8400,4.499255
FILLER_22_543,VDD,Metal1,312.3000,105.4075,4.499256
FILLER_22_527,VDD,Metal1,306.9280,105.1480,4.499256
FILLER_22_524,VDD,Metal1,300.4400,105.8400,4.499262
FILLER_22_522,VDD,Metal1,299.6000,105.8400,4.499262
FILLER_22_506,VDD,Metal1,295.1680,105.1480,4.499262
FILLER_22_465,VDD,Metal1,267.6800,105.8400,4.499297
FILLER_22_457,VDD,Metal1,265.3865,105.2630,4.499297
FILLER_22_453,VDD,Metal1,260.9600,105.8400,4.499308
FILLER_22_449,VDD,Metal1,259.6600,105.4075,4.499309
FILLER_22_439,VDD,Metal1,252.8400,105.8400,4.499309
FILLER_22_429,VDD,Metal1,247.2400,105.8400,4.499309
FILLER_22_427,VDD,Metal1,246.4000,105.8400,4.499310
FILLER_22_419,VDD,Metal1,244.1065,105.2630,4.499311
FILLER_22_387,VDD,Metal1,233.0755,105.0710,4.499319
FILLER_22_349,VDD,Metal1,202.7200,105.8400,4.499338
FILLER_22_341,VDD,Metal1,200.4265,105.2630,4.499339
FILLER_22_325,VDD,Metal1,189.2800,105.8400,4.499343
FILLER_22_317,VDD,Metal1,186.9865,105.2630,4.499346
FILLER_22_314,VDD,Metal1,182.8400,105.8400,4.499351
FILLER_22_312,VDD,Metal1,182.0000,105.8400,4.499351
FILLER_22_308,VDD,Metal1,180.7000,105.4075,4.499351
FILLER_22_273,VDD,Metal1,159.8800,105.8400,4.499361
FILLER_22_271,VDD,Metal1,159.0400,105.8400,4.499361
FILLER_22_263,VDD,Metal1,156.7465,105.2630,4.499361
FILLER_22_247,VDD,Metal1,150.1280,105.1480,4.499364
FILLER_22_244,VDD,Metal1,143.6400,105.8400,4.499364
FILLER_22_236,VDD,Metal1,141.6265,105.2630,4.499364
FILLER_22_201,VDD,Metal1,119.5600,105.8400,4.499368
FILLER_22_193,VDD,Metal1,117.5465,105.2630,4.499368
FILLER_22_177,VDD,Metal1,110.9280,105.1480,4.499373
FILLER_22_171,VDD,Metal1,103.9800,105.4075,4.499373
FILLER_22_107,VDD,Metal1,85.2750,105.0255,4.499373
FILLER_22_101,VDD,Metal1,64.7800,105.4075,4.499373
FILLER_22_37,VDD,Metal1,46.0750,105.0255,4.499373
FILLER_22_31,VDD,Metal1,25.5800,105.4075,4.499375
FILLER_22_23,VDD,Metal1,22.3465,105.2630,4.499375
FILLER_21_663,VDD,Metal1,380.7465,98.5765,4.499564
FILLER_21_636,VDD,Metal1,364.3800,98.4325,4.499567
FILLER_21_617,VDD,Metal1,352.5200,98.0000,4.499569
FILLER_21_615,VDD,Metal1,351.6800,98.0000,4.499569
FILLER_21_580,VDD,Metal1,331.8000,98.0000,4.499572
FILLER_21_578,VDD,Metal1,330.9600,98.0000,4.499572
FILLER_21_562,VDD,Metal1,326.5280,98.6920,4.499571
FILLER_21_559,VDD,Metal1,320.0400,98.0000,4.499567
FILLER_21_557,VDD,Metal1,319.2000,98.0000,4.499567
FILLER_21_553,VDD,Metal1,317.9000,98.4325,4.499567
FILLER_21_545,VDD,Metal1,314.6665,98.5765,4.499567
FILLER_21_529,VDD,Metal1,308.0480,98.6920,4.499567
FILLER_21_519,VDD,Metal1,297.9200,98.0000,4.499553
FILLER_21_515,VDD,Metal1,296.6200,98.4325,4.499553
FILLER_21_500,VDD,Metal1,288.2200,98.4325,4.499552
FILLER_21_492,VDD,Metal1,284.9865,98.5765,4.499549
FILLER_21_489,VDD,Metal1,280.8400,98.0000,4.499541
FILLER_21_485,VDD,Metal1,279.8200,98.4325,4.499503
FILLER_21_469,VDD,Metal1,274.4480,98.6920,4.499503
FILLER_21_452,VDD,Metal1,260.1200,98.0000,4.499500
FILLER_21_448,VDD,Metal1,259.1000,98.4325,4.499500
FILLER_21_440,VDD,Metal1,255.8665,98.5765,4.499499
FILLER_21_416,VDD,Metal1,241.1800,98.4325,4.499494
FILLER_21_408,VDD,Metal1,237.9465,98.5765,4.499494
FILLER_21_392,VDD,Metal1,231.3280,98.6920,4.499492
FILLER_21_386,VDD,Metal1,223.1600,98.0000,4.499488
FILLER_21_384,VDD,Metal1,222.3200,98.0000,4.499486
FILLER_21_380,VDD,Metal1,221.0200,98.4325,4.499486
FILLER_21_372,VDD,Metal1,217.7865,98.5765,4.499486
FILLER_21_356,VDD,Metal1,206.3600,98.0000,4.499485
FILLER_21_352,VDD,Metal1,205.3400,98.4325,4.499485
FILLER_21_349,VDD,Metal1,202.4400,98.0000,4.499485
FILLER_21_345,VDD,Metal1,201.4200,98.4325,4.499485
FILLER_21_329,VDD,Metal1,196.0480,98.6920,4.499485
FILLER_21_297,VDD,Metal1,182.6755,98.7685,4.499469
FILLER_21_229,VDD,Metal1,135.5200,98.0000,4.499430
FILLER_21_212,VDD,Metal1,126.0000,98.0000,4.499428
FILLER_21_208,VDD,Metal1,123.7600,98.0000,4.499428
FILLER_21_204,VDD,Metal1,122.4600,98.4325,4.499428
FILLER_21_166,VDD,Metal1,101.1800,98.4325,4.499427
FILLER_21_158,VDD,Metal1,97.9465,98.5765,4.499427
FILLER_21_142,VDD,Metal1,91.3280,98.6920,4.499427
FILLER_21_88,VDD,Metal1,56.5600,98.0000,4.499426
FILLER_21_72,VDD,Metal1,52.1280,98.6920,4.499427
FILLER_21_68,VDD,Metal1,45.3600,98.0000,4.499427
FILLER_21_36,VDD,Metal1,36.5155,98.7685,4.499427
FILLER_20_676,VDD,Metal1,385.8400,98.0000,4.499564
FILLER_20_650,VDD,Metal1,371.0000,98.0000,4.499567
FILLER_20_646,VDD,Metal1,369.9800,97.5675,4.499567
FILLER_20_630,VDD,Metal1,364.6080,97.3080,4.499567
FILLER_20_597,VDD,Metal1,342.5400,97.5675,4.499569
FILLER_20_569,VDD,Metal1,325.6400,98.0000,4.499571
FILLER_20_565,VDD,Metal1,324.6200,97.5675,4.499571
FILLER_20_527,VDD,Metal1,303.3400,97.5675,4.499564
FILLER_20_518,VDD,Metal1,297.0800,98.0000,4.499553
FILLER_20_510,VDD,Metal1,295.0665,97.4230,4.499553
FILLER_20_499,VDD,Metal1,286.7200,98.0000,4.499549
FILLER_20_491,VDD,Metal1,284.4265,97.4230,4.499548
FILLER_20_442,VDD,Metal1,254.8000,98.0000,4.499498
FILLER_20_438,VDD,Metal1,253.5000,97.5675,4.499498
FILLER_20_430,VDD,Metal1,250.2665,97.4230,4.499498
FILLER_20_403,VDD,Metal1,232.6800,98.0000,4.499492
FILLER_20_399,VDD,Metal1,231.6600,97.5675,4.499492
FILLER_20_387,VDD,Metal1,224.0000,98.0000,4.499489
FILLER_20_384,VDD,Metal1,222.0400,98.0000,4.499486
FILLER_20_382,VDD,Metal1,221.2000,98.0000,4.499486
FILLER_20_366,VDD,Metal1,216.7680,97.3080,4.499486
FILLER_20_334,VDD,Metal1,203.3955,97.2310,4.499485
FILLER_20_323,VDD,Metal1,187.8800,98.0000,4.499469
FILLER_20_321,VDD,Metal1,187.0400,98.0000,4.499469
FILLER_20_317,VDD,Metal1,185.7400,97.5675,4.499469
FILLER_20_314,VDD,Metal1,182.8400,98.0000,4.499469
FILLER_20_312,VDD,Metal1,182.0000,98.0000,4.499469
FILLER_20_270,VDD,Metal1,167.5555,97.2310,4.499469
FILLER_20_247,VDD,Metal1,147.7865,97.4230,4.499469
FILLER_20_244,VDD,Metal1,143.6400,98.0000,4.499455
FILLER_20_226,VDD,Metal1,134.7800,97.5675,4.499429
FILLER_20_194,VDD,Metal1,124.9955,97.2310,4.499428
FILLER_20_177,VDD,Metal1,106.4000,98.0000,4.499428
FILLER_20_174,VDD,Metal1,104.4400,98.0000,4.499427
FILLER_20_170,VDD,Metal1,103.4200,97.5675,4.499427
FILLER_20_162,VDD,Metal1,100.1865,97.4230,4.499427
FILLER_20_130,VDD,Metal1,89.1555,97.2310,4.499427
FILLER_20_121,VDD,Metal1,74.7600,98.0000,4.499426
FILLER_20_119,VDD,Metal1,73.9200,98.0000,4.499426
FILLER_20_115,VDD,Metal1,72.6200,97.5675,4.499426
FILLER_20_107,VDD,Metal1,69.3865,97.4230,4.499426
FILLER_20_101,VDD,Metal1,64.7800,97.5675,4.499426
FILLER_20_37,VDD,Metal1,46.0750,97.1855,4.499427
FILLER_20_18,VDD,Metal1,17.3600,98.0000,4.499441
FILLER_19_656,VDD,Metal1,374.3600,90.1600,4.499146
FILLER_19_648,VDD,Metal1,372.3465,90.7365,4.499146
FILLER_19_632,VDD,Metal1,365.7280,90.8520,4.499147
FILLER_19_613,VDD,Metal1,350.2800,90.1600,4.499147
FILLER_19_605,VDD,Metal1,348.2665,90.7365,4.499147
FILLER_19_574,VDD,Metal1,328.4400,90.1600,4.499151
FILLER_19_570,VDD,Metal1,327.4200,90.5925,4.499151
FILLER_19_562,VDD,Metal1,324.1865,90.7365,4.499151
FILLER_19_559,VDD,Metal1,320.0400,90.1600,4.499147
FILLER_19_551,VDD,Metal1,318.0265,90.7365,4.499147
FILLER_19_500,VDD,Metal1,287.0000,90.1600,4.499148
FILLER_19_492,VDD,Metal1,284.9865,90.7365,4.499148
FILLER_19_489,VDD,Metal1,280.8400,90.1600,4.499161
FILLER_19_481,VDD,Metal1,278.8265,90.7365,4.499161
FILLER_19_465,VDD,Metal1,272.2080,90.8520,4.499161
FILLER_19_445,VDD,Metal1,257.4200,90.5925,4.499169
FILLER_19_429,VDD,Metal1,252.0480,90.8520,4.499169
FILLER_19_416,VDD,Metal1,241.1800,90.5925,4.499169
FILLER_19_385,VDD,Metal1,223.8200,90.5925,4.499173
FILLER_19_377,VDD,Metal1,220.5865,90.7365,4.499177
FILLER_19_361,VDD,Metal1,213.9680,90.8520,4.499182
FILLER_19_342,VDD,Metal1,200.9865,90.7365,4.499184
FILLER_19_329,VDD,Metal1,191.5200,90.1600,4.499193
FILLER_19_292,VDD,Metal1,170.5200,90.1600,4.499251
FILLER_19_290,VDD,Metal1,169.6800,90.1600,4.499251
FILLER_19_282,VDD,Metal1,167.3865,90.7365,4.499250
FILLER_19_279,VDD,Metal1,163.2400,90.1600,4.499242
FILLER_19_275,VDD,Metal1,162.2200,90.5925,4.499242
FILLER_19_259,VDD,Metal1,156.8480,90.8520,4.499242
FILLER_19_227,VDD,Metal1,143.4755,90.9285,4.499242
FILLER_19_208,VDD,Metal1,123.7600,90.1600,4.499241
FILLER_19_204,VDD,Metal1,122.4600,90.5925,4.499241
FILLER_19_196,VDD,Metal1,119.2265,90.7365,4.499241
FILLER_19_180,VDD,Metal1,112.6080,90.8520,4.499239
FILLER_19_142,VDD,Metal1,87.7400,90.5925,4.499237
FILLER_19_136,VDD,Metal1,84.3800,90.5925,4.499237
FILLER_19_72,VDD,Metal1,65.6750,90.9740,4.499237
FILLER_19_69,VDD,Metal1,45.6400,90.1600,4.499238
FILLER_19_67,VDD,Metal1,44.8000,90.1600,4.499238
FILLER_19_51,VDD,Metal1,40.3680,90.8520,4.499238
FILLER_19_16,VDD,Metal1,15.9600,90.1600,4.499232
FILLER_18_663,VDD,Metal1,378.5600,90.1600,4.499145
FILLER_18_647,VDD,Metal1,374.1280,89.4680,4.499146
FILLER_18_559,VDD,Metal1,320.3200,90.1600,4.499147
FILLER_18_555,VDD,Metal1,319.0200,89.7275,4.499147
FILLER_18_539,VDD,Metal1,313.6480,89.4680,4.499147
FILLER_18_527,VDD,Metal1,303.3400,89.7275,4.499147
FILLER_18_524,VDD,Metal1,300.4400,90.1600,4.499147
FILLER_18_495,VDD,Metal1,284.2000,90.1600,4.499148
FILLER_18_493,VDD,Metal1,283.3600,90.1600,4.499155
FILLER_18_489,VDD,Metal1,282.0600,89.7275,4.499155
FILLER_18_457,VDD,Metal1,272.2755,89.3910,4.499161
FILLER_18_451,VDD,Metal1,260.7800,89.7275,4.499163
FILLER_18_387,VDD,Metal1,242.0750,89.3455,4.499169
FILLER_18_383,VDD,Metal1,221.7600,90.1600,4.499177
FILLER_18_379,VDD,Metal1,220.4600,89.7275,4.499177
FILLER_18_347,VDD,Metal1,210.6755,89.3910,4.499182
FILLER_18_325,VDD,Metal1,190.2200,89.7275,4.499236
FILLER_18_303,VDD,Metal1,176.6800,90.1600,4.499277
FILLER_18_299,VDD,Metal1,175.6600,89.7275,4.499251
FILLER_18_283,VDD,Metal1,165.7600,90.1600,4.499246
FILLER_18_279,VDD,Metal1,164.4600,89.7275,4.499246
FILLER_18_247,VDD,Metal1,154.6755,89.3910,4.499242
FILLER_18_244,VDD,Metal1,143.6400,90.1600,4.499242
FILLER_18_242,VDD,Metal1,142.8000,90.1600,4.499242
FILLER_18_234,VDD,Metal1,140.5065,89.5830,4.499242
FILLER_18_199,VDD,Metal1,118.4400,90.1600,4.499241
FILLER_18_197,VDD,Metal1,117.6000,90.1600,4.499239
FILLER_18_193,VDD,Metal1,116.3000,89.7275,4.499239
FILLER_18_177,VDD,Metal1,110.9280,89.4680,4.499239
FILLER_18_159,VDD,Metal1,96.0400,90.1600,4.499237
FILLER_18_157,VDD,Metal1,95.2000,90.1600,4.499237
FILLER_18_101,VDD,Metal1,64.7800,89.7275,4.499237
FILLER_18_37,VDD,Metal1,46.0750,89.3455,4.499238
FILLER_18_34,VDD,Metal1,26.0400,90.1600,4.499238
FILLER_18_32,VDD,Metal1,25.2000,90.1600,4.499238
FILLER_18_16,VDD,Metal1,20.7680,89.4680,4.499238
FILLER_17_596,VDD,Metal1,341.0400,82.3200,4.499606
FILLER_17_588,VDD,Metal1,338.7465,82.8965,4.499606
FILLER_17_578,VDD,Metal1,330.9600,82.3200,4.499610
FILLER_17_562,VDD,Metal1,326.5280,83.0120,4.499609
FILLER_17_559,VDD,Metal1,320.0400,82.3200,4.499609
FILLER_17_557,VDD,Metal1,319.2000,82.3200,4.499608
FILLER_17_541,VDD,Metal1,314.7680,83.0120,4.499608
FILLER_17_525,VDD,Metal1,301.0000,82.3200,4.499601
FILLER_17_523,VDD,Metal1,300.1600,82.3200,4.499601
FILLER_17_517,VDD,Metal1,296.5200,82.3200,4.499601
FILLER_17_492,VDD,Metal1,283.7400,82.7525,4.499595
FILLER_17_489,VDD,Metal1,280.8400,82.3200,4.499595
FILLER_17_487,VDD,Metal1,280.0000,82.3200,4.499595
FILLER_17_483,VDD,Metal1,278.7000,82.7525,4.499595
FILLER_17_475,VDD,Metal1,275.4665,82.8965,4.499595
FILLER_17_459,VDD,Metal1,268.8480,83.0120,4.499594
FILLER_17_450,VDD,Metal1,259.0000,82.3200,4.499581
FILLER_17_446,VDD,Metal1,257.9800,82.7525,4.499581
FILLER_17_430,VDD,Metal1,252.6080,83.0120,4.499581
FILLER_17_419,VDD,Metal1,241.6400,82.3200,4.499579
FILLER_17_417,VDD,Metal1,240.8000,82.3200,4.499579
FILLER_17_401,VDD,Metal1,236.3680,83.0120,4.499579
FILLER_17_392,VDD,Metal1,226.8000,82.3200,4.499575
FILLER_17_384,VDD,Metal1,224.5065,82.8965,4.499575
FILLER_17_352,VDD,Metal1,213.4755,83.0885,4.499573
FILLER_17_338,VDD,Metal1,196.2800,82.3200,4.499559
FILLER_17_336,VDD,Metal1,195.4400,82.3200,4.499559
FILLER_17_332,VDD,Metal1,194.1400,82.7525,4.499559
FILLER_17_316,VDD,Metal1,188.7680,83.0120,4.499559
FILLER_17_278,VDD,Metal1,162.9600,82.3200,4.499541
FILLER_17_259,VDD,Metal1,153.2600,82.7525,4.499541
FILLER_17_243,VDD,Metal1,143.0800,82.3200,4.499509
FILLER_17_241,VDD,Metal1,142.2400,82.3200,4.499509
FILLER_17_237,VDD,Metal1,140.9400,82.7525,4.499509
FILLER_17_222,VDD,Metal1,131.3200,82.3200,4.499507
FILLER_17_220,VDD,Metal1,130.4800,82.3200,4.499507
FILLER_17_212,VDD,Metal1,128.1865,82.8965,4.499507
FILLER_17_203,VDD,Metal1,120.6800,82.3200,4.499506
FILLER_17_190,VDD,Metal1,113.4000,82.3200,4.499510
FILLER_17_174,VDD,Metal1,105.6600,82.7525,4.499573
FILLER_17_142,VDD,Metal1,95.8755,83.0885,4.499576
FILLER_17_124,VDD,Metal1,76.4400,82.3200,4.499576
FILLER_17_120,VDD,Metal1,75.4200,82.7525,4.499593
FILLER_17_104,VDD,Metal1,70.0480,83.0120,4.499593
FILLER_17_72,VDD,Metal1,56.6755,83.0885,4.499598
FILLER_17_68,VDD,Metal1,45.3600,82.3200,4.499598
FILLER_17_64,VDD,Metal1,44.0600,82.7525,4.499598
FILLER_17_32,VDD,Metal1,34.2755,83.0885,4.499598
FILLER_16_671,VDD,Metal1,382.7600,82.3200,4.499602
FILLER_16_667,VDD,Metal1,381.7400,81.8875,4.499602
FILLER_16_661,VDD,Metal1,378.3800,81.8875,4.499603
FILLER_16_594,VDD,Metal1,339.6400,82.3200,4.499606
FILLER_16_592,VDD,Metal1,338.8000,82.3200,4.499606
FILLER_16_552,VDD,Metal1,325.4755,81.5510,4.499609
FILLER_16_533,VDD,Metal1,305.4800,82.3200,4.499605
FILLER_16_531,VDD,Metal1,304.6400,82.3200,4.499605
FILLER_16_527,VDD,Metal1,303.3400,81.8875,4.499604
FILLER_16_524,VDD,Metal1,300.4400,82.3200,4.499601
FILLER_16_520,VDD,Metal1,299.4200,81.8875,4.499601
FILLER_16_502,VDD,Metal1,290.5865,81.7430,4.499600
FILLER_16_465,VDD,Metal1,267.4000,82.3200,4.499594
FILLER_16_457,VDD,Metal1,265.3865,81.7430,4.499594
FILLER_16_454,VDD,Metal1,261.2400,82.3200,4.499581
FILLER_16_432,VDD,Metal1,250.1400,81.8875,4.499581
FILLER_16_424,VDD,Metal1,246.9065,81.7430,4.499580
FILLER_16_408,VDD,Metal1,240.2880,81.6280,4.499579
FILLER_16_397,VDD,Metal1,229.3200,82.3200,4.499575
FILLER_16_395,VDD,Metal1,228.4800,82.3200,4.499575
FILLER_16_387,VDD,Metal1,226.1865,81.7430,4.499575
FILLER_16_384,VDD,Metal1,222.0400,82.3200,4.499573
FILLER_16_376,VDD,Metal1,220.0265,81.7430,4.499573
FILLER_16_364,VDD,Metal1,212.0600,81.8875,4.499573
FILLER_16_348,VDD,Metal1,206.6880,81.6280,4.499573
FILLER_16_341,VDD,Metal1,197.9600,82.3200,4.499560
FILLER_16_333,VDD,Metal1,195.9465,81.7430,4.499559
FILLER_16_317,VDD,Metal1,189.3280,81.6280,4.499559
FILLER_16_314,VDD,Metal1,182.8400,82.3200,4.499557
FILLER_16_310,VDD,Metal1,181.8200,81.8875,4.499543
FILLER_16_290,VDD,Metal1,170.6200,81.8875,4.499543
FILLER_16_255,VDD,Metal1,149.8000,82.3200,4.499515
FILLER_16_247,VDD,Metal1,147.7865,81.7430,4.499515
FILLER_16_228,VDD,Metal1,134.6800,82.3200,4.499509
FILLER_16_226,VDD,Metal1,133.8400,82.3200,4.499509
FILLER_16_155,VDD,Metal1,96.2665,81.7430,4.499576
FILLER_16_119,VDD,Metal1,73.9200,82.3200,4.499593
FILLER_16_115,VDD,Metal1,72.6200,81.8875,4.499593
FILLER_16_107,VDD,Metal1,69.3865,81.7430,4.499593
FILLER_16_101,VDD,Metal1,64.7800,81.8875,4.499598
FILLER_16_37,VDD,Metal1,46.0750,81.5055,4.499598
FILLER_16_31,VDD,Metal1,25.5800,81.8875,4.499600
FILLER_16_23,VDD,Metal1,22.3465,81.7430,4.499600
FILLER_15_664,VDD,Metal1,383.6480,75.1720,4.499238
FILLER_15_632,VDD,Metal1,370.2755,75.2485,4.499238
FILLER_15_629,VDD,Metal1,359.2400,74.4800,4.499238
FILLER_15_627,VDD,Metal1,358.4000,74.4800,4.499238
FILLER_15_623,VDD,Metal1,357.1000,74.9125,4.499238
FILLER_15_588,VDD,Metal1,336.2800,74.4800,4.499238
FILLER_15_571,VDD,Metal1,326.7600,74.4800,4.499237
FILLER_15_562,VDD,Metal1,321.7200,74.4800,4.499237
FILLER_15_554,VDD,Metal1,317.2400,74.4800,4.499237
FILLER_15_552,VDD,Metal1,316.4000,74.4800,4.499237
FILLER_15_548,VDD,Metal1,315.1000,74.9125,4.499237
FILLER_15_540,VDD,Metal1,311.8665,75.0565,4.499237
FILLER_15_508,VDD,Metal1,300.8355,75.2485,4.499237
FILLER_15_474,VDD,Metal1,272.4400,74.4800,4.499238
FILLER_15_472,VDD,Metal1,271.6000,74.4800,4.499238
FILLER_15_464,VDD,Metal1,269.3065,75.0565,4.499238
FILLER_15_432,VDD,Metal1,258.2755,75.2485,4.499238
FILLER_15_419,VDD,Metal1,241.6400,74.4800,4.499245
FILLER_15_417,VDD,Metal1,240.8000,74.4800,4.499245
FILLER_15_402,VDD,Metal1,234.5865,75.0565,4.499245
FILLER_15_396,VDD,Metal1,228.7600,74.4800,4.499245
FILLER_15_392,VDD,Metal1,227.7400,74.9125,4.499245
FILLER_15_357,VDD,Metal1,206.9200,74.4800,4.499256
FILLER_15_352,VDD,Metal1,204.1200,74.4800,4.499257
FILLER_15_338,VDD,Metal1,196.5600,74.4800,4.499277
FILLER_15_330,VDD,Metal1,194.2665,75.0565,4.499277
FILLER_15_308,VDD,Metal1,179.7600,74.4800,4.499284
FILLER_15_300,VDD,Metal1,177.4665,75.0565,4.499285
FILLER_15_284,VDD,Metal1,166.0400,74.4800,4.499283
FILLER_15_282,VDD,Metal1,165.2000,74.4800,4.499283
FILLER_15_276,VDD,Metal1,162.7800,74.9125,4.499283
FILLER_15_268,VDD,Metal1,159.5465,75.0565,4.499283
FILLER_15_227,VDD,Metal1,134.1200,74.4800,4.499282
FILLER_15_209,VDD,Metal1,124.0400,74.4800,4.499284
FILLER_15_201,VDD,Metal1,119.8400,74.4800,4.499284
FILLER_15_154,VDD,Metal1,93.2400,74.4800,4.499287
FILLER_15_146,VDD,Metal1,89.0400,74.4800,4.499288
FILLER_15_142,VDD,Metal1,87.7400,74.9125,4.499288
FILLER_15_139,VDD,Metal1,84.8400,74.4800,4.499300
FILLER_15_135,VDD,Metal1,83.8200,74.9125,4.499300
FILLER_15_100,VDD,Metal1,63.0000,74.4800,4.499302
FILLER_15_96,VDD,Metal1,61.9800,74.9125,4.499302
FILLER_15_88,VDD,Metal1,58.7465,75.0565,4.499302
FILLER_15_72,VDD,Metal1,52.1280,75.1720,4.499302
FILLER_15_69,VDD,Metal1,45.6400,74.4800,4.499302
FILLER_15_67,VDD,Metal1,44.8000,74.4800,4.499302
FILLER_15_63,VDD,Metal1,43.5000,74.9125,4.499302
FILLER_15_55,VDD,Metal1,40.2665,75.0565,4.499302
FILLER_15_39,VDD,Metal1,33.6480,75.1720,4.499302
FILLER_15_4,VDD,Metal1,9.2400,74.4800,4.499327
FILLER_15_2,VDD,Metal1,8.4000,74.4800,4.499327
FILLER_14_687,VDD,Metal1,391.7200,74.4800,4.499238
FILLER_14_683,VDD,Metal1,390.7000,74.0475,4.499238
FILLER_14_667,VDD,Metal1,385.3280,73.7880,4.499238
FILLER_14_661,VDD,Metal1,378.3800,74.0475,4.499238
FILLER_14_597,VDD,Metal1,359.6750,73.6655,4.499238
FILLER_14_593,VDD,Metal1,339.3600,74.4800,4.499238
FILLER_14_589,VDD,Metal1,338.0600,74.0475,4.499238
FILLER_14_577,VDD,Metal1,331.3400,74.0475,4.499238
FILLER_14_516,VDD,Metal1,295.9600,74.4800,4.499237
FILLER_14_500,VDD,Metal1,291.8080,73.7880,4.499237
FILLER_14_483,VDD,Metal1,277.4800,74.4800,4.499234
FILLER_14_481,VDD,Metal1,276.6400,74.4800,4.499234
FILLER_14_473,VDD,Metal1,274.3465,73.9030,4.499234
FILLER_14_457,VDD,Metal1,267.7280,73.7880,4.499238
FILLER_14_454,VDD,Metal1,261.2400,74.4800,4.499238
FILLER_14_446,VDD,Metal1,259.2265,73.9030,4.499238
FILLER_14_430,VDD,Metal1,252.6080,73.7880,4.499238
FILLER_14_419,VDD,Metal1,242.8600,74.0475,4.499242
FILLER_14_387,VDD,Metal1,233.0755,73.7110,4.499245
FILLER_14_383,VDD,Metal1,221.7600,74.4800,4.499246
FILLER_14_379,VDD,Metal1,220.4600,74.0475,4.499246
FILLER_14_356,VDD,Metal1,208.8265,73.9030,4.499247
FILLER_14_347,VDD,Metal1,201.3200,74.4800,4.499275
FILLER_14_345,VDD,Metal1,200.4800,74.4800,4.499275
FILLER_14_341,VDD,Metal1,199.1800,74.0475,4.499275
FILLER_14_333,VDD,Metal1,195.9465,73.9030,4.499276
FILLER_14_317,VDD,Metal1,189.3280,73.7880,4.499279
FILLER_14_313,VDD,Metal1,182.5600,74.4800,4.499280
FILLER_14_309,VDD,Metal1,181.2600,74.0475,4.499284
FILLER_14_293,VDD,Metal1,175.8880,73.7880,4.499284
FILLER_14_261,VDD,Metal1,162.5155,73.7110,4.499283
FILLER_14_243,VDD,Metal1,143.3600,74.4800,4.499283
FILLER_14_193,VDD,Metal1,115.3600,74.4800,4.499284
FILLER_14_139,VDD,Metal1,85.1200,74.4800,4.499300
FILLER_14_135,VDD,Metal1,83.8200,74.0475,4.499300
FILLER_14_127,VDD,Metal1,80.5865,73.9030,4.499300
FILLER_14_111,VDD,Metal1,69.1600,74.4800,4.499300
FILLER_14_107,VDD,Metal1,68.1400,74.0475,4.499300
FILLER_14_101,VDD,Metal1,64.7800,74.0475,4.499301
FILLER_14_37,VDD,Metal1,46.0750,73.6655,4.499302
FILLER_14_27,VDD,Metal1,24.5865,73.9030,4.499328
FILLER_14_8,VDD,Metal1,12.7000,74.0475,4.499328
FILLER_13_692,VDD,Metal1,394.8000,66.6400,4.499426
FILLER_13_688,VDD,Metal1,393.5000,67.0725,4.499426
FILLER_13_680,VDD,Metal1,390.2665,67.2165,4.499426
FILLER_13_664,VDD,Metal1,383.6480,67.3320,4.499426
FILLER_13_632,VDD,Metal1,370.2755,67.4085,4.499426
FILLER_13_629,VDD,Metal1,359.2400,66.6400,4.499426
FILLER_13_625,VDD,Metal1,358.2200,67.0725,4.499426
FILLER_13_617,VDD,Metal1,354.9865,67.2165,4.499426
FILLER_13_585,VDD,Metal1,343.9555,67.4085,4.499426
FILLER_13_577,VDD,Metal1,330.4000,66.6400,4.499426
FILLER_13_569,VDD,Metal1,328.1065,67.2165,4.499397
FILLER_13_562,VDD,Metal1,322.0000,66.6400,4.499396
FILLER_13_556,VDD,Metal1,319.5800,67.0725,4.499396
FILLER_13_548,VDD,Metal1,316.3465,67.2165,4.499396
FILLER_13_511,VDD,Metal1,293.1600,66.6400,4.499094
FILLER_13_507,VDD,Metal1,292.1400,67.0725,4.499094
FILLER_13_488,VDD,Metal1,280.5600,66.6400,4.499094
FILLER_13_480,VDD,Metal1,278.2665,67.2165,4.499094
FILLER_13_464,VDD,Metal1,271.6480,67.3320,4.499088
FILLER_13_432,VDD,Metal1,258.2755,67.4085,4.499087
FILLER_13_422,VDD,Metal1,243.6000,66.6400,4.499082
FILLER_13_419,VDD,Metal1,241.6400,66.6400,4.499082
FILLER_13_417,VDD,Metal1,240.8000,66.6400,4.499079
FILLER_13_413,VDD,Metal1,239.5000,67.0725,4.499078
FILLER_13_398,VDD,Metal1,229.8800,66.6400,4.499068
FILLER_13_396,VDD,Metal1,229.0400,66.6400,4.499068
FILLER_13_392,VDD,Metal1,227.7400,67.0725,4.499067
FILLER_13_384,VDD,Metal1,224.5065,67.2165,4.499067
FILLER_13_352,VDD,Metal1,213.4755,67.4085,4.499061
FILLER_13_340,VDD,Metal1,197.4000,66.6400,4.499056
FILLER_13_332,VDD,Metal1,195.3865,67.2165,4.499056
FILLER_13_278,VDD,Metal1,162.9600,66.6400,4.499045
FILLER_13_263,VDD,Metal1,154.2800,66.6400,4.499045
FILLER_13_261,VDD,Metal1,153.4400,66.6400,4.499045
FILLER_13_257,VDD,Metal1,152.1400,67.0725,4.499045
FILLER_13_236,VDD,Metal1,139.1600,66.6400,4.499045
FILLER_13_234,VDD,Metal1,138.3200,66.6400,4.499044
FILLER_13_212,VDD,Metal1,125.7200,66.6400,4.499033
FILLER_13_178,VDD,Metal1,107.9000,67.0725,4.499033
FILLER_13_142,VDD,Metal1,86.5200,66.6400,4.499050
FILLER_13_132,VDD,Metal1,81.2000,66.6400,4.499058
FILLER_13_128,VDD,Metal1,79.9000,67.0725,4.499059
FILLER_13_120,VDD,Metal1,76.6665,67.2165,4.499068
FILLER_13_104,VDD,Metal1,70.0480,67.3320,4.499072
FILLER_13_72,VDD,Metal1,56.6755,67.4085,4.499082
FILLER_13_68,VDD,Metal1,45.3600,66.6400,4.499082
FILLER_13_36,VDD,Metal1,36.5155,67.4085,4.499083
FILLER_12_693,VDD,Metal1,395.0800,66.6400,4.499426
FILLER_12_691,VDD,Metal1,394.2400,66.6400,4.499426
FILLER_12_683,VDD,Metal1,391.9465,66.0630,4.499426
FILLER_12_667,VDD,Metal1,385.3280,65.9480,4.499426
FILLER_12_661,VDD,Metal1,378.3800,66.2075,4.499426
FILLER_12_597,VDD,Metal1,359.6750,65.8255,4.499426
FILLER_12_579,VDD,Metal1,336.0480,65.9480,4.499426
FILLER_12_527,VDD,Metal1,306.9280,65.9480,4.499095
FILLER_12_524,VDD,Metal1,300.4400,66.6400,4.499095
FILLER_12_522,VDD,Metal1,299.6000,66.6400,4.499095
FILLER_12_518,VDD,Metal1,298.3000,66.2075,4.499095
FILLER_12_481,VDD,Metal1,276.3600,66.6400,4.499089
FILLER_12_473,VDD,Metal1,274.3465,66.0630,4.499088
FILLER_12_457,VDD,Metal1,267.7280,65.9480,4.499087
FILLER_12_423,VDD,Metal1,253.2355,65.8710,4.499086
FILLER_12_399,VDD,Metal1,230.4400,66.6400,4.499068
FILLER_12_395,VDD,Metal1,229.4200,66.2075,4.499068
FILLER_12_387,VDD,Metal1,226.1865,66.0630,4.499067
FILLER_12_384,VDD,Metal1,222.0400,66.6400,4.499062
FILLER_12_382,VDD,Metal1,221.2000,66.6400,4.499061
FILLER_12_378,VDD,Metal1,219.9000,66.2075,4.499061
FILLER_12_370,VDD,Metal1,216.6665,66.0630,4.499061
FILLER_12_360,VDD,Metal1,208.6000,66.6400,4.499061
FILLER_12_356,VDD,Metal1,207.5800,66.2075,4.499061
FILLER_12_341,VDD,Metal1,199.1800,66.2075,4.499058
FILLER_12_333,VDD,Metal1,195.9465,66.0630,4.499056
FILLER_12_317,VDD,Metal1,189.3280,65.9480,4.499052
FILLER_12_298,VDD,Metal1,174.1600,66.6400,4.499051
FILLER_12_247,VDD,Metal1,145.6000,66.6400,4.499045
FILLER_12_185,VDD,Metal1,111.8200,66.2075,4.499033
FILLER_12_123,VDD,Metal1,77.1000,66.2075,4.499068
FILLER_12_107,VDD,Metal1,71.7280,65.9480,4.499071
FILLER_12_101,VDD,Metal1,64.7800,66.2075,4.499082
FILLER_12_37,VDD,Metal1,46.0750,65.8255,4.499082
FILLER_12_34,VDD,Metal1,26.0400,66.6400,4.499104
FILLER_12_2,VDD,Metal1,17.4755,65.8710,4.499227
FILLER_11_692,VDD,Metal1,394.8000,58.8000,4.499023
FILLER_11_688,VDD,Metal1,393.5000,59.2325,4.499023
FILLER_11_680,VDD,Metal1,390.2665,59.3765,4.499023
FILLER_11_664,VDD,Metal1,383.6480,59.4920,4.499023
FILLER_11_632,VDD,Metal1,370.2755,59.5685,4.499023
FILLER_11_629,VDD,Metal1,359.2400,58.8000,4.499023
FILLER_11_627,VDD,Metal1,358.4000,58.8000,4.499023
FILLER_11_623,VDD,Metal1,357.1000,59.2325,4.499023
FILLER_11_579,VDD,Metal1,333.7065,59.3765,4.499025
FILLER_11_574,VDD,Metal1,328.4400,58.8000,4.499004
FILLER_11_562,VDD,Metal1,322.9400,59.2325,4.498996
FILLER_11_559,VDD,Metal1,320.0400,58.8000,4.498995
FILLER_11_555,VDD,Metal1,319.0200,59.2325,4.498995
FILLER_11_504,VDD,Metal1,289.2400,58.8000,4.498994
FILLER_11_500,VDD,Metal1,288.2200,59.2325,4.498994
FILLER_11_492,VDD,Metal1,284.9865,59.3765,4.498994
FILLER_11_489,VDD,Metal1,280.8400,58.8000,4.498994
FILLER_11_487,VDD,Metal1,280.0000,58.8000,4.498990
FILLER_11_464,VDD,Metal1,266.8400,58.8000,4.498987
FILLER_11_451,VDD,Metal1,259.5600,58.8000,4.498985
FILLER_11_442,VDD,Metal1,254.5200,58.8000,4.498984
FILLER_11_438,VDD,Metal1,253.5000,59.2325,4.498984
FILLER_11_422,VDD,Metal1,248.1280,59.4920,4.498984
FILLER_11_414,VDD,Metal1,238.8400,58.8000,4.498986
FILLER_11_405,VDD,Metal1,233.8000,58.8000,4.498993
FILLER_11_403,VDD,Metal1,232.9600,58.8000,4.498993
FILLER_11_399,VDD,Metal1,231.6600,59.2325,4.498993
FILLER_11_391,VDD,Metal1,228.4265,59.3765,4.498994
FILLER_11_375,VDD,Metal1,221.8080,59.4920,4.498998
FILLER_11_352,VDD,Metal1,206.5865,59.3765,4.498998
FILLER_11_348,VDD,Metal1,202.1600,58.8000,4.499010
FILLER_11_338,VDD,Metal1,197.5000,59.2325,4.499010
FILLER_11_330,VDD,Metal1,194.2665,59.3765,4.499010
FILLER_11_294,VDD,Metal1,171.9200,58.8000,4.499009
FILLER_11_290,VDD,Metal1,170.6200,59.2325,4.499009
FILLER_11_282,VDD,Metal1,167.3865,59.3765,4.499009
FILLER_11_272,VDD,Metal1,161.7865,59.3765,4.499008
FILLER_11_214,VDD,Metal1,126.8400,58.8000,4.499007
FILLER_11_212,VDD,Metal1,126.0000,58.8000,4.499007
FILLER_11_139,VDD,Metal1,84.8400,58.8000,4.499018
FILLER_11_137,VDD,Metal1,84.0000,58.8000,4.499018
FILLER_11_114,VDD,Metal1,71.1200,58.8000,4.499047
FILLER_11_104,VDD,Metal1,66.4600,59.2325,4.499068
FILLER_11_72,VDD,Metal1,56.6755,59.5685,4.499076
FILLER_11_66,VDD,Metal1,45.1800,59.2325,4.499077
FILLER_11_2,VDD,Metal1,26.4750,59.6140,4.499077
FILLER_10_693,VDD,Metal1,395.0800,58.8000,4.499023
FILLER_10_691,VDD,Metal1,394.2400,58.8000,4.499023
FILLER_10_683,VDD,Metal1,391.9465,58.2230,4.499023
FILLER_10_667,VDD,Metal1,385.3280,58.1080,4.499023
FILLER_10_661,VDD,Metal1,378.3800,58.3675,4.499023
FILLER_10_645,VDD,Metal1,373.0080,58.1080,4.499023
FILLER_10_613,VDD,Metal1,359.6355,58.0310,4.499023
FILLER_10_588,VDD,Metal1,336.2800,58.8000,4.499024
FILLER_10_580,VDD,Metal1,334.2665,58.2230,4.499024
FILLER_10_565,VDD,Metal1,325.8665,58.2230,4.499003
FILLER_10_527,VDD,Metal1,302.4000,58.8000,4.498994
FILLER_10_517,VDD,Metal1,298.9865,58.2230,4.498994
FILLER_10_485,VDD,Metal1,287.9555,58.0310,4.498994
FILLER_10_469,VDD,Metal1,269.9200,58.8000,4.498988
FILLER_10_465,VDD,Metal1,268.6200,58.3675,4.498988
FILLER_10_444,VDD,Metal1,255.6400,58.8000,4.498984
FILLER_10_432,VDD,Metal1,250.1400,58.3675,4.498984
FILLER_10_424,VDD,Metal1,246.9065,58.2230,4.498984
FILLER_10_408,VDD,Metal1,235.4800,58.8000,4.498992
FILLER_10_406,VDD,Metal1,234.6400,58.8000,4.498992
FILLER_10_398,VDD,Metal1,232.3465,58.2230,4.498993
FILLER_10_389,VDD,Metal1,224.8400,58.8000,4.498998
FILLER_10_387,VDD,Metal1,224.0000,58.8000,4.498998
FILLER_10_383,VDD,Metal1,221.7600,58.8000,4.498998
FILLER_10_367,VDD,Metal1,217.3280,58.1080,4.498998
FILLER_10_314,VDD,Metal1,182.8400,58.8000,4.499010
FILLER_10_310,VDD,Metal1,181.8200,58.3675,4.499010
FILLER_10_247,VDD,Metal1,145.3200,58.8000,4.499007
FILLER_10_241,VDD,Metal1,143.1800,58.3675,4.499007
FILLER_10_222,VDD,Metal1,132.5400,58.3675,4.499007
FILLER_10_179,VDD,Metal1,107.2400,58.8000,4.499007
FILLER_10_177,VDD,Metal1,106.4000,58.8000,4.499012
FILLER_10_148,VDD,Metal1,91.1000,58.3675,4.499018
FILLER_10_107,VDD,Metal1,66.9200,58.8000,4.499068
FILLER_10_101,VDD,Metal1,64.7800,58.3675,4.499076
FILLER_10_37,VDD,Metal1,46.0750,57.9855,4.499076
FILLER_10_34,VDD,Metal1,26.0400,58.8000,4.499077
FILLER_10_2,VDD,Metal1,17.4755,58.0310,4.499077
FILLER_9_692,VDD,Metal1,394.8000,50.9600,4.498746
FILLER_9_688,VDD,Metal1,393.5000,51.3925,4.498746
FILLER_9_680,VDD,Metal1,390.2665,51.5365,4.498746
FILLER_9_664,VDD,Metal1,383.6480,51.6520,4.498746
FILLER_9_632,VDD,Metal1,370.2755,51.7285,4.498746
FILLER_9_628,VDD,Metal1,358.9600,50.9600,4.498746
FILLER_9_620,VDD,Metal1,356.6665,51.5365,4.498746
FILLER_9_604,VDD,Metal1,350.0480,51.6520,4.498746
FILLER_9_587,VDD,Metal1,336.0000,50.9600,4.498746
FILLER_9_559,VDD,Metal1,320.0400,50.9600,4.498685
FILLER_9_557,VDD,Metal1,319.2000,50.9600,4.498684
FILLER_9_553,VDD,Metal1,317.9000,51.3925,4.498684
FILLER_9_537,VDD,Metal1,312.5280,51.6520,4.498684
FILLER_9_500,VDD,Metal1,287.0000,50.9600,4.498653
FILLER_9_492,VDD,Metal1,284.9865,51.5365,4.498652
FILLER_9_438,VDD,Metal1,252.5600,50.9600,4.498639
FILLER_9_422,VDD,Metal1,248.1280,51.6520,4.498639
FILLER_9_403,VDD,Metal1,232.6800,50.9600,4.498639
FILLER_9_401,VDD,Metal1,231.8400,50.9600,4.498639
FILLER_9_397,VDD,Metal1,230.5400,51.3925,4.498639
FILLER_9_352,VDD,Metal1,204.4000,50.9600,4.498641
FILLER_9_346,VDD,Metal1,201.9800,51.3925,4.498641
FILLER_9_333,VDD,Metal1,193.7600,50.9600,4.498649
FILLER_9_329,VDD,Metal1,192.4600,51.3925,4.498649
FILLER_9_313,VDD,Metal1,187.0880,51.6520,4.498649
FILLER_9_284,VDD,Metal1,166.0400,50.9600,4.498678
FILLER_9_282,VDD,Metal1,165.2000,50.9600,4.498678
FILLER_9_264,VDD,Metal1,155.1200,50.9600,4.498648
FILLER_9_229,VDD,Metal1,135.2400,50.9600,4.498642
FILLER_9_227,VDD,Metal1,134.4000,50.9600,4.498642
FILLER_9_194,VDD,Metal1,115.6400,50.9600,4.498641
FILLER_9_192,VDD,Metal1,114.8000,50.9600,4.498642
FILLER_9_127,VDD,Metal1,78.1200,50.9600,4.498667
FILLER_9_76,VDD,Metal1,49.8400,50.9600,4.498670
FILLER_9_72,VDD,Metal1,48.5400,51.3925,4.498670
FILLER_9_66,VDD,Metal1,45.1800,51.3925,4.498691
FILLER_9_2,VDD,Metal1,26.4750,51.7740,4.498692
FILLER_8_693,VDD,Metal1,395.0800,50.9600,4.498746
FILLER_8_691,VDD,Metal1,394.2400,50.9600,4.498746
FILLER_8_683,VDD,Metal1,391.9465,50.3830,4.498746
FILLER_8_667,VDD,Metal1,385.3280,50.2680,4.498746
FILLER_8_661,VDD,Metal1,378.3800,50.5275,4.498746
FILLER_8_597,VDD,Metal1,359.6750,50.1455,4.498746
FILLER_8_593,VDD,Metal1,339.3600,50.9600,4.498746
FILLER_8_577,VDD,Metal1,334.9280,50.2680,4.498746
FILLER_8_567,VDD,Metal1,324.5200,50.9600,4.498712
FILLER_8_559,VDD,Metal1,322.5065,50.3830,4.498710
FILLER_8_527,VDD,Metal1,311.4755,50.1910,4.498684
FILLER_8_517,VDD,Metal1,298.9865,50.3830,4.498681
FILLER_8_501,VDD,Metal1,292.3680,50.2680,4.498681
FILLER_8_469,VDD,Metal1,269.9200,50.9600,4.498643
FILLER_8_465,VDD,Metal1,268.6200,50.5275,4.498643
FILLER_8_457,VDD,Metal1,265.3865,50.3830,4.498643
FILLER_8_454,VDD,Metal1,261.2400,50.9600,4.498643
FILLER_8_452,VDD,Metal1,260.4000,50.9600,4.498643
FILLER_8_448,VDD,Metal1,259.1000,50.5275,4.498643
FILLER_8_440,VDD,Metal1,255.8665,50.3830,4.498643
FILLER_8_389,VDD,Metal1,224.8400,50.9600,4.498639
FILLER_8_387,VDD,Metal1,224.0000,50.9600,4.498639
FILLER_8_384,VDD,Metal1,222.0400,50.9600,4.498639
FILLER_8_376,VDD,Metal1,220.0265,50.3830,4.498639
FILLER_8_360,VDD,Metal1,213.4080,50.2680,4.498639
FILLER_8_332,VDD,Metal1,192.9200,50.9600,4.498649
FILLER_8_328,VDD,Metal1,191.9000,50.5275,4.498649
FILLER_8_321,VDD,Metal1,186.7600,50.9600,4.498649
FILLER_8_317,VDD,Metal1,185.7400,50.5275,4.498649
FILLER_8_314,VDD,Metal1,182.8400,50.9600,4.498682
FILLER_8_306,VDD,Metal1,180.8265,50.3830,4.498682
FILLER_8_290,VDD,Metal1,169.4000,50.9600,4.498681
FILLER_8_288,VDD,Metal1,168.5600,50.9600,4.498678
FILLER_8_264,VDD,Metal1,154.8400,50.9600,4.498648
FILLER_8_262,VDD,Metal1,154.0000,50.9600,4.498648
FILLER_8_227,VDD,Metal1,135.3400,50.5275,4.498642
FILLER_8_104,VDD,Metal1,65.2400,50.9600,4.498670
FILLER_8_69,VDD,Metal1,45.6400,50.9600,4.498691
FILLER_8_37,VDD,Metal1,37.0755,50.1910,4.498692
FILLER_8_34,VDD,Metal1,26.0400,50.9600,4.498692
FILLER_8_2,VDD,Metal1,17.4755,50.1910,4.498692
FILLER_7_676,VDD,Metal1,385.8400,43.1200,4.499019
FILLER_7_672,VDD,Metal1,384.5400,43.5525,4.499019
FILLER_7_664,VDD,Metal1,381.3065,43.6965,4.499019
FILLER_7_632,VDD,Metal1,370.2755,43.8885,4.499019
FILLER_7_629,VDD,Metal1,359.2400,43.1200,4.499019
FILLER_7_625,VDD,Metal1,358.2200,43.5525,4.499019
FILLER_7_609,VDD,Metal1,352.8480,43.8120,4.499019
FILLER_7_593,VDD,Metal1,339.0800,43.1200,4.499021
FILLER_7_591,VDD,Metal1,338.2400,43.1200,4.499021
FILLER_7_575,VDD,Metal1,333.8080,43.8120,4.499022
FILLER_7_562,VDD,Metal1,322.9400,43.5525,4.498996
FILLER_7_534,VDD,Metal1,306.0400,43.1200,4.498977
FILLER_7_532,VDD,Metal1,305.2000,43.1200,4.498977
FILLER_7_524,VDD,Metal1,302.9065,43.6965,4.498976
FILLER_7_492,VDD,Metal1,291.8755,43.8885,4.498960
FILLER_7_486,VDD,Metal1,280.3800,43.5525,4.498960
FILLER_7_478,VDD,Metal1,277.1465,43.6965,4.498960
FILLER_7_443,VDD,Metal1,255.0800,43.1200,4.498952
FILLER_7_439,VDD,Metal1,254.0600,43.5525,4.498952
FILLER_7_431,VDD,Metal1,250.8265,43.6965,4.498952
FILLER_7_409,VDD,Metal1,236.3200,43.1200,4.498945
FILLER_7_400,VDD,Metal1,231.0000,43.1200,4.498924
FILLER_7_398,VDD,Metal1,230.1600,43.1200,4.498924
FILLER_7_394,VDD,Metal1,228.8600,43.5525,4.498924
FILLER_7_378,VDD,Metal1,223.4880,43.8120,4.498923
FILLER_7_362,VDD,Metal1,209.7200,43.1200,4.498902
FILLER_7_360,VDD,Metal1,208.8800,43.1200,4.498902
FILLER_7_352,VDD,Metal1,206.5865,43.6965,4.498902
FILLER_7_334,VDD,Metal1,198.8480,43.8120,4.498902
FILLER_7_282,VDD,Metal1,166.1400,43.5525,4.498892
FILLER_7_279,VDD,Metal1,163.2400,43.1200,4.498892
FILLER_7_216,VDD,Metal1,127.9600,43.1200,4.498889
FILLER_7_212,VDD,Metal1,126.9400,43.5525,4.498889
FILLER_7_142,VDD,Metal1,87.7400,43.5525,4.498884
FILLER_7_124,VDD,Metal1,76.4400,43.1200,4.499050
FILLER_7_82,VDD,Metal1,52.9200,43.1200,4.499109
FILLER_7_80,VDD,Metal1,52.0800,43.1200,4.499122
FILLER_7_72,VDD,Metal1,49.7865,43.6965,4.499123
FILLER_7_66,VDD,Metal1,45.1800,43.5525,4.499145
FILLER_7_2,VDD,Metal1,26.4750,43.9340,4.499146
FILLER_6_681,VDD,Metal1,388.3600,43.1200,4.499019
FILLER_6_679,VDD,Metal1,387.5200,43.1200,4.499019
FILLER_6_675,VDD,Metal1,386.2200,42.6875,4.499019
FILLER_6_667,VDD,Metal1,382.9865,42.5430,4.499019
FILLER_6_633,VDD,Metal1,370.8355,42.3510,4.499019
FILLER_6_594,VDD,Metal1,339.6400,43.1200,4.499021
FILLER_6_590,VDD,Metal1,338.6200,42.6875,4.499021
FILLER_6_582,VDD,Metal1,335.3865,42.5430,4.499022
FILLER_6_575,VDD,Metal1,329.0000,43.1200,4.499025
FILLER_6_567,VDD,Metal1,326.9865,42.5430,4.499003
FILLER_6_531,VDD,Metal1,304.6400,43.1200,4.498977
FILLER_6_527,VDD,Metal1,303.3400,42.6875,4.498976
FILLER_6_523,VDD,Metal1,300.1600,43.1200,4.498960
FILLER_6_507,VDD,Metal1,295.7280,42.4280,4.498960
FILLER_6_457,VDD,Metal1,267.7280,42.4280,4.498959
FILLER_6_451,VDD,Metal1,260.7800,42.6875,4.498959
FILLER_6_445,VDD,Metal1,256.4800,43.1200,4.498953
FILLER_6_413,VDD,Metal1,247.6355,42.3510,4.498952
FILLER_6_405,VDD,Metal1,233.8000,43.1200,4.498924
FILLER_6_403,VDD,Metal1,232.9600,43.1200,4.498924
FILLER_6_387,VDD,Metal1,228.5280,42.4280,4.498924
FILLER_6_384,VDD,Metal1,222.0400,43.1200,4.498923
FILLER_6_380,VDD,Metal1,221.0200,42.6875,4.498923
FILLER_6_364,VDD,Metal1,215.6480,42.4280,4.498916
FILLER_6_326,VDD,Metal1,190.7800,42.6875,4.498902
FILLER_6_319,VDD,Metal1,185.6400,43.1200,4.498894
FILLER_6_317,VDD,Metal1,184.8000,43.1200,4.498894
FILLER_6_193,VDD,Metal1,116.3000,42.6875,4.498881
FILLER_6_111,VDD,Metal1,69.1600,43.1200,4.499054
FILLER_6_107,VDD,Metal1,68.1400,42.6875,4.499055
FILLER_6_69,VDD,Metal1,46.8600,42.6875,4.499138
FILLER_6_37,VDD,Metal1,37.0755,42.3510,4.499146
FILLER_6_34,VDD,Metal1,26.0400,43.1200,4.499146
FILLER_6_30,VDD,Metal1,25.0200,42.6875,4.499146
FILLER_6_22,VDD,Metal1,21.7865,42.5430,4.499146
FILLER_6_6,VDD,Metal1,15.1680,42.4280,4.499146
FILLER_5_684,VDD,Metal1,390.3200,35.2800,4.499450
FILLER_5_680,VDD,Metal1,389.0200,35.7125,4.499450
FILLER_5_664,VDD,Metal1,383.6480,35.9720,4.499450
FILLER_5_632,VDD,Metal1,370.2755,36.0485,4.499450
FILLER_5_628,VDD,Metal1,358.9600,35.2800,4.499450
FILLER_5_596,VDD,Metal1,350.1155,36.0485,4.499450
FILLER_5_579,VDD,Metal1,331.2400,35.2800,4.499450
FILLER_5_577,VDD,Metal1,330.4000,35.2800,4.499452
FILLER_5_558,VDD,Metal1,319.7600,35.2800,4.499450
FILLER_5_554,VDD,Metal1,318.4600,35.7125,4.499449
FILLER_5_538,VDD,Metal1,313.0880,35.9720,4.499449
FILLER_5_500,VDD,Metal1,288.2200,35.7125,4.499448
FILLER_5_492,VDD,Metal1,284.9865,35.8565,4.499448
FILLER_5_489,VDD,Metal1,280.8400,35.2800,4.499448
FILLER_5_473,VDD,Metal1,276.6880,35.9720,4.499447
FILLER_5_441,VDD,Metal1,263.3155,36.0485,4.499441
FILLER_5_428,VDD,Metal1,246.6800,35.2800,4.499428
FILLER_5_426,VDD,Metal1,245.8400,35.2800,4.499428
FILLER_5_422,VDD,Metal1,244.5400,35.7125,4.499428
FILLER_5_416,VDD,Metal1,241.1800,35.7125,4.499424
FILLER_5_408,VDD,Metal1,237.9465,35.8565,4.499424
FILLER_5_372,VDD,Metal1,215.6000,35.2800,4.499420
FILLER_5_364,VDD,Metal1,213.3065,35.8565,4.499420
FILLER_5_352,VDD,Metal1,204.1200,35.2800,4.499418
FILLER_5_349,VDD,Metal1,202.4400,35.2800,4.499418
FILLER_5_334,VDD,Metal1,194.0400,35.2800,4.499407
FILLER_5_330,VDD,Metal1,193.0200,35.7125,4.499407
FILLER_5_307,VDD,Metal1,179.2000,35.2800,4.499398
FILLER_5_282,VDD,Metal1,165.2000,35.2800,4.499381
FILLER_5_279,VDD,Metal1,163.2400,35.2800,4.499330
FILLER_5_277,VDD,Metal1,162.4000,35.2800,4.499330
FILLER_5_248,VDD,Metal1,145.8800,35.2800,4.499326
FILLER_5_246,VDD,Metal1,145.0400,35.2800,4.499323
FILLER_5_229,VDD,Metal1,135.5200,35.2800,4.499315
FILLER_5_212,VDD,Metal1,126.0000,35.2800,4.499315
FILLER_5_209,VDD,Metal1,124.0400,35.2800,4.499315
FILLER_5_205,VDD,Metal1,123.0200,35.7125,4.499315
FILLER_5_180,VDD,Metal1,109.0200,35.7125,4.499205
FILLER_5_142,VDD,Metal1,87.7400,35.7125,4.499199
FILLER_5_62,VDD,Metal1,42.0000,35.2800,4.499218
FILLER_5_58,VDD,Metal1,40.7000,35.7125,4.499218
FILLER_5_50,VDD,Metal1,37.4665,35.8565,4.499218
FILLER_5_34,VDD,Metal1,30.8480,35.9720,4.499256
FILLER_5_2,VDD,Metal1,17.4755,36.0485,4.499271
FILLER_4_689,VDD,Metal1,392.8400,35.2800,4.499450
FILLER_4_687,VDD,Metal1,392.0000,35.2800,4.499450
FILLER_4_683,VDD,Metal1,390.7000,34.8475,4.499450
FILLER_4_667,VDD,Metal1,385.3280,34.5880,4.499450
FILLER_4_661,VDD,Metal1,378.3800,34.8475,4.499450
FILLER_4_597,VDD,Metal1,359.6750,34.4655,4.499450
FILLER_4_594,VDD,Metal1,339.6400,35.2800,4.499450
FILLER_4_592,VDD,Metal1,338.8000,35.2800,4.499450
FILLER_4_588,VDD,Metal1,337.5000,34.8475,4.499450
FILLER_4_549,VDD,Metal1,314.4400,35.2800,4.499449
FILLER_4_547,VDD,Metal1,313.6000,35.2800,4.499448
FILLER_4_543,VDD,Metal1,312.3000,34.8475,4.499448
FILLER_4_527,VDD,Metal1,306.9280,34.5880,4.499448
FILLER_4_524,VDD,Metal1,300.4400,35.2800,4.499448
FILLER_4_522,VDD,Metal1,299.6000,35.2800,4.499448
FILLER_4_518,VDD,Metal1,298.3000,34.8475,4.499448
FILLER_4_510,VDD,Metal1,295.0665,34.7030,4.499448
FILLER_4_475,VDD,Metal1,273.0000,35.2800,4.499441
FILLER_4_473,VDD,Metal1,272.1600,35.2800,4.499441
FILLER_4_457,VDD,Metal1,267.7280,34.5880,4.499441
FILLER_4_454,VDD,Metal1,261.2400,35.2800,4.499441
FILLER_4_446,VDD,Metal1,259.2265,34.7030,4.499441
FILLER_4_419,VDD,Metal1,241.9200,35.2800,4.499425
FILLER_4_387,VDD,Metal1,233.0755,34.5110,4.499424
FILLER_4_384,VDD,Metal1,222.0400,35.2800,4.499424
FILLER_4_380,VDD,Metal1,221.0200,34.8475,4.499424
FILLER_4_372,VDD,Metal1,217.7865,34.7030,4.499423
FILLER_4_360,VDD,Metal1,208.6000,35.2800,4.499418
FILLER_4_358,VDD,Metal1,207.7600,35.2800,4.499418
FILLER_4_336,VDD,Metal1,195.4400,35.2800,4.499418
FILLER_4_328,VDD,Metal1,193.1465,34.7030,4.499407
FILLER_4_317,VDD,Metal1,184.5200,35.2800,4.499404
FILLER_4_286,VDD,Metal1,167.1600,35.2800,4.499394
FILLER_4_284,VDD,Metal1,166.3200,35.2800,4.499394
FILLER_4_262,VDD,Metal1,153.7200,35.2800,4.499326
FILLER_4_235,VDD,Metal1,139.8200,34.8475,4.499322
FILLER_4_198,VDD,Metal1,117.8800,35.2800,4.499279
FILLER_4_165,VDD,Metal1,99.6800,35.2800,4.499199
FILLER_4_107,VDD,Metal1,68.1400,34.8475,4.499205
FILLER_4_81,VDD,Metal1,53.5800,34.8475,4.499208
FILLER_4_45,VDD,Metal1,32.4800,35.2800,4.499256
FILLER_4_37,VDD,Metal1,30.1865,34.7030,4.499256
FILLER_4_34,VDD,Metal1,26.0400,35.2800,4.499271
FILLER_4_2,VDD,Metal1,17.4755,34.5110,4.499271
FILLER_3_692,VDD,Metal1,394.8000,27.4400,4.499232
FILLER_3_688,VDD,Metal1,393.5000,27.8725,4.499232
FILLER_3_680,VDD,Metal1,390.2665,28.0165,4.499232
FILLER_3_664,VDD,Metal1,383.6480,28.1320,4.499232
FILLER_3_632,VDD,Metal1,370.2755,28.2085,4.499232
FILLER_3_628,VDD,Metal1,358.9600,27.4400,4.499232
FILLER_3_596,VDD,Metal1,350.1155,28.2085,4.499232
FILLER_3_559,VDD,Metal1,320.0400,27.4400,4.499187
FILLER_3_557,VDD,Metal1,319.2000,27.4400,4.499185
FILLER_3_531,VDD,Metal1,304.3600,27.4400,4.499185
FILLER_3_496,VDD,Metal1,284.7600,27.4400,4.499181
FILLER_3_492,VDD,Metal1,283.7400,27.8725,4.499181
FILLER_3_474,VDD,Metal1,277.2480,28.1320,4.499181
FILLER_3_442,VDD,Metal1,263.8755,28.2085,4.499181
FILLER_3_426,VDD,Metal1,245.8400,27.4400,4.499162
FILLER_3_422,VDD,Metal1,244.5400,27.8725,4.499161
FILLER_3_408,VDD,Metal1,235.7600,27.4400,4.499141
FILLER_3_366,VDD,Metal1,214.4265,28.0165,4.499133
FILLER_3_354,VDD,Metal1,205.2400,27.4400,4.499132
FILLER_3_352,VDD,Metal1,204.4000,27.4400,4.499132
FILLER_3_340,VDD,Metal1,198.6200,27.8725,4.499132
FILLER_3_332,VDD,Metal1,195.3865,28.0165,4.499132
FILLER_3_270,VDD,Metal1,159.4200,27.8725,4.499122
FILLER_3_212,VDD,Metal1,126.0000,27.4400,4.499119
FILLER_3_209,VDD,Metal1,124.0400,27.4400,4.499119
FILLER_3_205,VDD,Metal1,123.0200,27.8725,4.499119
FILLER_3_164,VDD,Metal1,98.8400,27.4400,4.499129
FILLER_3_142,VDD,Metal1,86.5200,27.4400,4.499129
FILLER_3_124,VDD,Metal1,76.7200,27.4400,4.499138
FILLER_3_72,VDD,Metal1,48.5400,27.8725,4.499161
FILLER_3_54,VDD,Metal1,37.2400,27.4400,4.499161
FILLER_3_50,VDD,Metal1,36.2200,27.8725,4.499202
FILLER_3_34,VDD,Metal1,30.8480,28.1320,4.499202
FILLER_3_2,VDD,Metal1,17.4755,28.2085,4.499219
FILLER_2_693,VDD,Metal1,395.0800,27.4400,4.499232
FILLER_2_691,VDD,Metal1,394.2400,27.4400,4.499232
FILLER_2_683,VDD,Metal1,391.9465,26.8630,4.499232
FILLER_2_667,VDD,Metal1,385.3280,26.7480,4.499232
FILLER_2_661,VDD,Metal1,378.3800,27.0075,4.499232
FILLER_2_597,VDD,Metal1,359.6750,26.6255,4.499232
FILLER_2_593,VDD,Metal1,339.3600,27.4400,4.499232
FILLER_2_589,VDD,Metal1,338.0600,27.0075,4.499232
FILLER_2_581,VDD,Metal1,334.8265,26.8630,4.499232
FILLER_2_565,VDD,Metal1,323.4000,27.4400,4.499232
FILLER_2_561,VDD,Metal1,322.3800,27.0075,4.499196
FILLER_2_521,VDD,Metal1,299.9800,27.0075,4.499181
FILLER_2_457,VDD,Metal1,281.2750,26.6255,4.499181
FILLER_2_453,VDD,Metal1,260.9600,27.4400,4.499181
FILLER_2_445,VDD,Metal1,258.6665,26.8630,4.499181
FILLER_2_421,VDD,Metal1,242.7600,27.4400,4.499157
FILLER_2_413,VDD,Metal1,240.7465,26.8630,4.499155
FILLER_2_405,VDD,Metal1,234.0800,27.4400,4.499135
FILLER_2_397,VDD,Metal1,231.7865,26.8630,4.499134
FILLER_2_387,VDD,Metal1,224.9400,27.0075,4.499134
FILLER_2_384,VDD,Metal1,222.0400,27.4400,4.499134
FILLER_2_382,VDD,Metal1,221.2000,27.4400,4.499134
FILLER_2_378,VDD,Metal1,219.9000,27.0075,4.499134
FILLER_2_319,VDD,Metal1,185.6400,27.4400,4.499132
FILLER_2_317,VDD,Metal1,184.8000,27.4400,4.499132
FILLER_2_238,VDD,Metal1,140.2800,27.4400,4.499122
FILLER_2_181,VDD,Metal1,108.3600,27.4400,4.499119
FILLER_2_177,VDD,Metal1,107.3400,27.0075,4.499119
FILLER_2_167,VDD,Metal1,100.8000,27.4400,4.499125
FILLER_2_122,VDD,Metal1,75.3200,27.4400,4.499144
FILLER_2_85,VDD,Metal1,54.6000,27.4400,4.499161
FILLER_2_49,VDD,Metal1,34.7200,27.4400,4.499202
FILLER_2_45,VDD,Metal1,33.4200,27.0075,4.499202
FILLER_2_37,VDD,Metal1,30.1865,26.8630,4.499202
FILLER_2_34,VDD,Metal1,26.0400,27.4400,4.499218
FILLER_2_26,VDD,Metal1,24.0265,26.8630,4.499219
FILLER_2_10,VDD,Metal1,17.4080,26.7480,4.499219
FILLER_1_692,VDD,Metal1,394.8000,19.6000,4.499722
FILLER_1_688,VDD,Metal1,393.5000,20.0325,4.499722
FILLER_1_680,VDD,Metal1,390.2665,20.1765,4.499722
FILLER_1_664,VDD,Metal1,383.6480,20.2920,4.499722
FILLER_1_632,VDD,Metal1,370.2755,20.3685,4.499722
FILLER_1_626,VDD,Metal1,358.7800,20.0325,4.499722
FILLER_1_562,VDD,Metal1,340.0750,20.4140,4.499722
FILLER_1_556,VDD,Metal1,319.5800,20.0325,4.499722
FILLER_1_492,VDD,Metal1,300.8750,20.4140,4.499721
FILLER_1_489,VDD,Metal1,280.8400,19.6000,4.499721
FILLER_1_487,VDD,Metal1,280.0000,19.6000,4.499720
FILLER_1_483,VDD,Metal1,278.7000,20.0325,4.499720
FILLER_1_475,VDD,Metal1,275.4665,20.1765,4.499720
FILLER_1_459,VDD,Metal1,268.8480,20.2920,4.499714
FILLER_1_426,VDD,Metal1,245.5600,19.6000,4.499689
FILLER_1_422,VDD,Metal1,244.5400,20.0325,4.499681
FILLER_1_419,VDD,Metal1,241.6400,19.6000,4.499680
FILLER_1_417,VDD,Metal1,240.8000,19.6000,4.499680
FILLER_1_358,VDD,Metal1,207.4800,19.6000,4.499493
FILLER_1_284,VDD,Metal1,166.0400,19.6000,4.499478
FILLER_1_282,VDD,Metal1,165.2000,19.6000,4.499478
FILLER_1_212,VDD,Metal1,126.9400,20.0325,4.499448
FILLER_1_206,VDD,Metal1,123.5800,20.0325,4.499445
FILLER_1_157,VDD,Metal1,94.9200,19.6000,4.499425
FILLER_1_125,VDD,Metal1,77.0000,19.6000,4.499425
FILLER_1_76,VDD,Metal1,49.5600,19.6000,4.499426
FILLER_1_72,VDD,Metal1,48.5400,20.0325,4.499426
FILLER_1_54,VDD,Metal1,37.2400,19.6000,4.499456
FILLER_1_50,VDD,Metal1,36.2200,20.0325,4.499456
FILLER_1_34,VDD,Metal1,30.8480,20.2920,4.499456
FILLER_1_2,VDD,Metal1,17.4755,20.3685,4.499467
FILLER_0_690,VDD,Metal1,394.6200,19.1675,4.499722
FILLER_0_682,VDD,Metal1,391.3865,19.0230,4.499722
FILLER_0_648,VDD,Metal1,379.2355,18.8310,4.499722
FILLER_0_645,VDD,Metal1,368.2000,19.6000,4.499722
FILLER_0_637,VDD,Metal1,366.1865,19.0230,4.499722
FILLER_0_621,VDD,Metal1,359.5680,18.9080,4.499722
FILLER_0_616,VDD,Metal1,351.9600,19.6000,4.499722
FILLER_0_614,VDD,Metal1,351.1200,19.6000,4.499722
FILLER_0_580,VDD,Metal1,341.1555,18.8310,4.499722
FILLER_0_546,VDD,Metal1,322.1155,18.8310,4.499722
FILLER_0_512,VDD,Metal1,303.0755,18.8310,4.499721
FILLER_0_478,VDD,Metal1,284.0355,18.8310,4.499721
FILLER_0_474,VDD,Metal1,272.7200,19.6000,4.499715
FILLER_0_435,VDD,Metal1,250.6000,19.6000,4.499697
FILLER_0_433,VDD,Metal1,249.7600,19.6000,4.499697
FILLER_0_429,VDD,Metal1,248.4600,19.1675,4.499697
FILLER_0_412,VDD,Metal1,237.7200,19.6000,4.499676
FILLER_0_410,VDD,Metal1,236.8800,19.6000,4.499676
FILLER_0_376,VDD,Metal1,217.8400,19.6000,4.499493
FILLER_0_372,VDD,Metal1,215.6000,19.6000,4.499493
FILLER_0_324,VDD,Metal1,188.7200,19.6000,4.499488
FILLER_0_104,VDD,Metal1,65.5200,19.6000,4.499425
FILLER_0_36,VDD,Metal1,28.3800,19.1675,4.499456
FILLER_0_2,VDD,Metal1,17.4755,18.8310,4.499467
ANTENNA_3,VDD,Metal1,218.4000,231.2800,4.499279
ANTENNA_2,VDD,Metal1,348.3200,231.2800,4.499318
ANTENNA_1,VDD,Metal1,255.3600,364.5600,4.499701
max_cap561,VDD,Metal1,370.4180,128.9565,4.499008
max_cap560,VDD,Metal1,190.0980,231.6830,4.499284
max_cap559,VDD,Metal1,376.0180,333.6030,4.499181
max_cap558,VDD,Metal1,90.4180,43.5230,4.498884
max_cap557,VDD,Metal1,152.0180,20.0030,4.499475
max_cap556,VDD,Metal1,116.2215,160.3165,4.498842
max_cap555,VDD,Metal1,146.9780,168.1565,4.499092
max_cap554,VDD,Metal1,275.2180,145.4430,4.498939
max_cap553,VDD,Metal1,295.9815,175.9965,4.499007
max_cap552,VDD,Metal1,60.7380,216.0030,4.499200
max_cap551,VDD,Metal1,191.8215,333.6030,4.499043
max_cap550,VDD,Metal1,266.8180,246.5565,4.499252
max_cap549,VDD,Metal1,348.0615,238.7165,4.499344
max_cap548,VDD,Metal1,250.0180,324.9565,4.499021
max_cap547,VDD,Metal1,98.8180,153.2830,4.499201
max_cap546,VDD,Metal1,239.3780,121.9230,4.498886
max_cap545,VDD,Metal1,176.0980,35.6830,4.499398
max_cap544,VDD,Metal1,141.4215,97.5965,4.499436
max_cap543,VDD,Metal1,109.4580,58.3965,4.499007
max_cap542,VDD,Metal1,342.9780,160.3165,4.499099
max_cap541,VDD,Metal1,286.9100,74.8100,4.499237
max_cap540,VDD,Metal1,23.9800,160.4185,4.498871
max_cap539,VDD,Metal1,23.8030,168.9500,4.499106
max_cap538,VDD,Metal1,141.4215,325.7630,4.499072
max_cap537,VDD,Metal1,207.4580,333.6030,4.499043
max_cap536,VDD,Metal1,239.3780,310.0830,4.499503
max_cap535,VDD,Metal1,74.2215,176.8030,4.498916
max_cap534,VDD,Metal1,325.6180,59.2030,4.499003
max_cap533,VDD,Metal1,300.4365,98.3900,4.499553
max_cap532,VDD,Metal1,323.3780,114.0830,4.499519
max_cap531,VDD,Metal1,342.0600,121.8210,4.498928
max_cap530,VDD,Metal1,360.9230,113.2900,4.499516
max_cap529,VDD,Metal1,299.1400,97.6985,4.499553
max_cap528,VDD,Metal1,303.4200,113.3785,4.499517
max_cap527,VDD,Metal1,298.9400,152.5785,4.499178
hold526,VDD,Metal1,176.4625,192.4440,4.498911
hold525,VDD,Metal1,234.7025,168.9240,4.499171
hold524,VDD,Metal1,332.7025,97.6355,4.499570
hold523,VDD,Metal1,191.0225,144.6755,4.498967
hold522,VDD,Metal1,112.6225,144.6755,4.499007
hold521,VDD,Metal1,234.7025,145.4040,4.498930
hold520,VDD,Metal1,274.8975,144.6755,4.498939
hold519,VDD,Metal1,249.8225,168.9240,4.499184
hold518,VDD,Metal1,210.6225,161.0840,4.498917
hold517,VDD,Metal1,125.9375,199.5555,4.499208
hold516,VDD,Metal1,200.4175,136.8355,4.499251
hold515,VDD,Metal1,132.6575,176.7640,4.498921
hold514,VDD,Metal1,234.1425,113.3155,4.499506
hold513,VDD,Metal1,311.4225,27.8040,4.499185
hold512,VDD,Metal1,191.0225,183.8755,4.498868
hold511,VDD,Metal1,313.1025,43.4840,4.498996
clkload20,VDD,Metal1,344.1230,341.4300,4.498731
clkload19,VDD,Metal1,338.5230,270.8700,4.499540
clkload18,VDD,Metal1,277.4830,263.0300,4.498878
clkload17,VDD,Metal1,171.0830,356.3300,4.499434
clkload16,VDD,Metal1,147.5630,301.4500,4.499301
clkload15,VDD,Metal1,191.8030,263.0300,4.498924
clkload14,VDD,Metal1,129.6430,231.6700,4.499285
clkload13,VDD,Metal1,343.5630,223.0500,4.499046
clkload12,VDD,Metal1,309.9630,191.6900,4.498813
clkload11,VDD,Metal1,327.8830,121.1300,4.498934
clkload10,VDD,Metal1,304.3630,128.9700,4.499018
clkload9,VDD,Metal1,269.0830,200.3100,4.499203
clkload8,VDD,Metal1,120.6830,184.6300,4.498858
clkbuf_5_31__f_periph_clk_i,VDD,Metal1,355.4510,340.5425,4.498731
clkbuf_5_30__f_periph_clk_i,VDD,Metal1,358.2510,324.8625,4.499051
clkbuf_5_29__f_periph_clk_i,VDD,Metal1,280.9710,356.2225,4.499414
clkbuf_5_28__f_periph_clk_i,VDD,Metal1,264.4685,333.6970,4.499038
clkbuf_5_27__f_periph_clk_i,VDD,Metal1,354.8910,277.8225,4.499290
clkbuf_5_26__f_periph_clk_i,VDD,Metal1,345.3710,247.4570,4.499251
clkbuf_5_25__f_periph_clk_i,VDD,Metal1,285.4510,262.1425,4.498879
clkbuf_5_24__f_periph_clk_i,VDD,Metal1,257.1885,255.2970,4.499314
clkbuf_5_23__f_periph_clk_i,VDD,Metal1,182.7085,357.2170,4.499434
clkbuf_5_22__f_periph_clk_i,VDD,Metal1,199.7710,332.7025,4.499043
clkbuf_5_21__f_periph_clk_i,VDD,Metal1,141.2685,318.0170,4.499056
clkbuf_5_20__f_periph_clk_i,VDD,Metal1,158.8910,293.5025,4.499145
clkbuf_5_19__f_periph_clk_i,VDD,Metal1,203.1310,262.1425,4.498925
clkbuf_5_18__f_periph_clk_i,VDD,Metal1,208.1710,230.7825,4.499279
clkbuf_5_17__f_periph_clk_i,VDD,Metal1,139.2910,263.1370,4.498959
clkbuf_5_16__f_periph_clk_i,VDD,Metal1,140.9710,223.9370,4.499004
clkbuf_5_15__f_periph_clk_i,VDD,Metal1,359.3710,222.9425,4.499040
clkbuf_5_14__f_periph_clk_i,VDD,Metal1,354.8910,183.7425,4.498753
clkbuf_5_13__f_periph_clk_i,VDD,Metal1,315.9885,215.1025,4.498978
clkbuf_5_12__f_periph_clk_i,VDD,Metal1,325.7710,191.5825,4.498832
clkbuf_5_11__f_periph_clk_i,VDD,Metal1,339.5085,106.3370,4.499255
clkbuf_5_10__f_periph_clk_i,VDD,Metal1,354.8910,89.6625,4.499147
clkbuf_5_9__f_periph_clk_i,VDD,Metal1,306.1710,129.8570,4.499018
clkbuf_5_8__f_periph_clk_i,VDD,Metal1,301.4285,90.6570,4.499147
clkbuf_5_7__f_periph_clk_i,VDD,Metal1,279.2910,207.2625,4.498753
clkbuf_5_6__f_periph_clk_i,VDD,Metal1,283.7710,183.7425,4.498842
clkbuf_5_5__f_periph_clk_i,VDD,Metal1,266.9710,153.3770,4.499171
clkbuf_5_4__f_periph_clk_i,VDD,Metal1,247.6685,136.7025,4.499186
clkbuf_5_3__f_periph_clk_i,VDD,Metal1,200.3310,191.5825,4.498759
clkbuf_5_2__f_periph_clk_i,VDD,Metal1,203.1310,175.9025,4.498986
clkbuf_5_1__f_periph_clk_i,VDD,Metal1,130.0685,183.7425,4.498858
clkbuf_5_0__f_periph_clk_i,VDD,Metal1,139.2910,161.2170,4.498869
clkbuf_4_15_0_periph_clk_i,VDD,Metal1,334.6030,340.6500,4.498746
clkbuf_4_14_0_periph_clk_i,VDD,Metal1,268.5230,340.6500,4.498718
clkbuf_4_13_0_periph_clk_i,VDD,Metal1,330.6830,263.0300,4.499042
clkbuf_4_12_0_periph_clk_i,VDD,Metal1,265.1630,262.2500,4.498878
clkbuf_4_11_0_periph_clk_i,VDD,Metal1,174.9965,341.4300,4.498786
clkbuf_4_10_0_periph_clk_i,VDD,Metal1,134.6830,302.2300,4.499300
clkbuf_4_9_0_periph_clk_i,VDD,Metal1,188.4430,246.5700,4.499253
clkbuf_4_8_0_periph_clk_i,VDD,Metal1,127.3965,239.5100,4.499236
clkbuf_4_7_0_periph_clk_i,VDD,Metal1,348.0430,199.5300,4.499220
clkbuf_4_6_0_periph_clk_i,VDD,Metal1,309.4030,207.3700,4.498755
clkbuf_4_5_0_periph_clk_i,VDD,Metal1,335.1565,105.4500,4.499255
clkbuf_4_4_0_periph_clk_i,VDD,Metal1,297.0830,106.2300,4.499262
clkbuf_4_3_0_periph_clk_i,VDD,Metal1,262.9230,192.4700,4.498784
clkbuf_4_2_0_periph_clk_i,VDD,Metal1,249.4830,145.4300,4.498930
clkbuf_4_1_0_periph_clk_i,VDD,Metal1,198.5165,184.6300,4.498860
clkbuf_4_0_0_periph_clk_i,VDD,Metal1,130.2030,168.9500,4.499087
clkbuf_0_periph_clk_i,VDD,Metal1,247.6685,215.1025,4.498943
clkload7,VDD,Metal1,186.1965,348.4900,4.499381
clkload6,VDD,Metal1,156.5165,200.3100,4.499195
clkload5,VDD,Metal1,49.5630,294.3900,4.499090
clkload4,VDD,Metal1,80.9230,176.7900,4.498916
clkload3,VDD,Metal1,295.4030,152.4900,4.499178
clkload2,VDD,Metal1,298.1965,74.0900,4.499237
clkload1,VDD,Metal1,227.6430,58.4100,4.498994
clkload0,VDD,Metal1,102.7630,34.8900,4.499199
clkbuf_5_31__f_sys_clk_i,VDD,Metal1,202.5710,348.3825,4.499328
clkbuf_5_30__f_sys_clk_i,VDD,Metal1,206.4910,340.5425,4.498717
clkbuf_5_29__f_sys_clk_i,VDD,Metal1,145.4510,341.5370,4.498792
clkbuf_5_28__f_sys_clk_i,VDD,Metal1,130.0685,317.0225,4.499056
clkbuf_5_27__f_sys_clk_i,VDD,Metal1,178.4910,200.4170,4.499193
clkbuf_5_26__f_sys_clk_i,VDD,Metal1,165.9085,191.5825,4.498910
clkbuf_5_25__f_sys_clk_i,VDD,Metal1,126.1485,238.6225,4.499236
clkbuf_5_24__f_sys_clk_i,VDD,Metal1,139.8510,208.2570,4.498685
clkbuf_5_23__f_sys_clk_i,VDD,Metal1,51.3710,293.5025,4.499090
clkbuf_5_22__f_sys_clk_i,VDD,Metal1,41.5885,285.6625,4.499510
clkbuf_5_21__f_sys_clk_i,VDD,Metal1,31.7710,247.4570,4.499266
clkbuf_5_20__f_sys_clk_i,VDD,Metal1,46.3310,222.9425,4.499027
clkbuf_5_19__f_sys_clk_i,VDD,Metal1,90.5710,175.9025,4.498916
clkbuf_5_18__f_sys_clk_i,VDD,Metal1,100.0910,145.5370,4.499006
clkbuf_5_17__f_sys_clk_i,VDD,Metal1,41.2910,191.5825,4.498939
clkbuf_5_16__f_sys_clk_i,VDD,Metal1,47.4510,168.0625,4.499086
clkbuf_5_15__f_sys_clk_i,VDD,Metal1,306.1710,145.5370,4.498959
clkbuf_5_14__f_sys_clk_i,VDD,Metal1,306.1710,122.0170,4.498911
clkbuf_5_13__f_sys_clk_i,VDD,Metal1,237.2910,144.5425,4.498930
clkbuf_5_12__f_sys_clk_i,VDD,Metal1,217.9885,122.0170,4.498886
clkbuf_5_11__f_sys_clk_i,VDD,Metal1,315.6910,73.9825,4.499237
clkbuf_5_10__f_sys_clk_i,VDD,Metal1,303.3710,59.2970,4.498994
clkbuf_5_9__f_sys_clk_i,VDD,Metal1,239.2685,50.4625,4.498639
clkbuf_5_8__f_sys_clk_i,VDD,Metal1,266.9710,51.4570,4.498643
clkbuf_5_7__f_sys_clk_i,VDD,Metal1,119.6910,50.4625,4.498641
clkbuf_5_6__f_sys_clk_i,VDD,Metal1,100.3885,51.4570,4.498642
clkbuf_5_5__f_sys_clk_i,VDD,Metal1,71.2685,98.4970,4.499426
clkbuf_5_4__f_sys_clk_i,VDD,Metal1,80.4910,89.6625,4.499237
clkbuf_5_3__f_sys_clk_i,VDD,Metal1,178.4910,67.1370,4.499051
clkbuf_5_2__f_sys_clk_i,VDD,Metal1,178.4910,27.9370,4.499132
clkbuf_5_1__f_sys_clk_i,VDD,Metal1,142.0910,43.6170,4.498889
clkbuf_5_0__f_sys_clk_i,VDD,Metal1,107.1085,43.6170,4.498881
clkbuf_4_15_0_sys_clk_i,VDD,Metal1,181.1630,332.8100,4.499045
clkbuf_4_14_0_sys_clk_i,VDD,Metal1,133.5630,325.7500,4.499072
clkbuf_4_13_0_sys_clk_i,VDD,Metal1,155.4030,215.2100,4.499101
clkbuf_4_12_0_sys_clk_i,VDD,Metal1,127.4030,223.0500,4.499004
clkbuf_4_11_0_sys_clk_i,VDD,Metal1,35.5630,278.7100,4.499290
clkbuf_4_10_0_sys_clk_i,VDD,Metal1,20.4365,238.7300,4.499253
clkbuf_4_9_0_sys_clk_i,VDD,Metal1,78.6830,161.1100,4.498824
clkbuf_4_8_0_sys_clk_i,VDD,Metal1,24.3630,176.0100,4.498957
clkbuf_4_7_0_sys_clk_i,VDD,Metal1,286.4430,129.7500,4.499017
clkbuf_4_6_0_sys_clk_i,VDD,Metal1,214.2030,129.7500,4.499044
clkbuf_4_5_0_sys_clk_i,VDD,Metal1,280.2830,74.0900,4.499233
clkbuf_4_4_0_sys_clk_i,VDD,Metal1,242.2030,58.4100,4.498984
clkbuf_4_3_0_sys_clk_i,VDD,Metal1,108.3630,66.2500,4.499033
clkbuf_4_2_0_sys_clk_i,VDD,Metal1,76.9965,97.6100,4.499426
clkbuf_4_1_0_sys_clk_i,VDD,Metal1,166.0430,50.5700,4.498678
clkbuf_4_0_0_sys_clk_i,VDD,Metal1,94.3630,58.4100,4.499017
clkbuf_0_sys_clk_i,VDD,Metal1,198.0910,207.2625,4.498696
udma_uart_top,VDD,Metal1,393.9100,396.3885,4.499846
fanout478,VDD,Metal1,352.4300,239.4500,4.499344
fanout477,VDD,Metal1,371.8500,317.2475,4.499219
fanout476,VDD,Metal1,256.4700,302.1125,4.499396
load_slew475,VDD,Metal1,271.7480,380.7140,4.499779
fanout474,VDD,Metal1,272.3500,379.9100,4.499779
fanout473,VDD,Metal1,354.1100,223.7700,4.499040
fanout472,VDD,Metal1,345.5300,231.0075,4.499317
fanout471,VDD,Metal1,275.7100,255.1300,4.499314
fanout470,VDD,Metal1,285.0300,215.3275,4.498952
fanout469,VDD,Metal1,196.3700,325.6900,4.499063
fanout468,VDD,Metal1,202.9100,364.2300,4.499696
fanout467,VDD,Metal1,195.4300,333.4725,4.499043
load_slew466,VDD,Metal1,73.0580,310.0830,4.499554
fanout465,VDD,Metal1,74.6700,309.3500,4.499554
fanout464,VDD,Metal1,196.1900,277.9900,4.499343
fanout463,VDD,Metal1,201.0300,208.0325,4.498696
fanout462,VDD,Metal1,98.1900,223.7700,4.499011
load_slew461,VDD,Metal1,78.6580,263.0430,4.499018
fanout460,VDD,Metal1,81.3900,262.3100,4.499018
fanout459,VDD,Metal1,63.8300,215.3275,4.499184
fanout458,VDD,Metal1,384.3500,82.6500,4.499602
fanout457,VDD,Metal1,375.7500,129.0875,4.499008
fanout456,VDD,Metal1,288.9700,168.2875,4.499217
fanout455,VDD,Metal1,292.8700,144.7675,4.498959
fanout454,VDD,Metal1,234.6500,121.7925,4.498886
fanout453,VDD,Metal1,384.9100,89.8300,4.499144
load_slew452,VDD,Metal1,274.2520,58.3260,4.498990
fanout451,VDD,Metal1,275.1500,59.1300,4.498990
fanout450,VDD,Metal1,189.0900,129.6900,4.499049
fanout449,VDD,Metal1,198.0500,168.8900,4.499133
fanout448,VDD,Metal1,161.2700,176.1275,4.498936
load_slew447,VDD,Metal1,200.0680,152.4060,4.499187
fanout446,VDD,Metal1,198.0500,129.6900,4.499048
fanout445,VDD,Metal1,113.1300,152.6075,4.499201
fanout444,VDD,Metal1,113.1100,136.9275,4.499258
fanout443,VDD,Metal1,207.9500,58.4700,4.498998
load_slew442,VDD,Metal1,193.9080,105.3660,4.499342
fanout441,VDD,Metal1,197.8700,114.0100,4.499524
fanout440,VDD,Metal1,204.0300,50.6300,4.498641
fanout439,VDD,Metal1,197.6700,35.0075,4.499418
fanout438,VDD,Metal1,110.5100,42.7900,4.498881
load_slew437,VDD,Metal1,112.7080,67.1140,4.499033
fanout436,VDD,Metal1,110.1300,74.1500,4.499284
fanout435,VDD,Metal1,111.4300,35.5525,4.499278
fanout434,VDD,Metal1,181.0700,90.4900,4.499266
fanout433,VDD,Metal1,208.5930,28.0015,4.499133
fanout432,VDD,Metal1,202.9930,66.0780,4.499059
fanout431,VDD,Metal1,204.1230,74.0900,4.499257
fanout430,VDD,Metal1,261.1500,396.2500,4.499843
fanout429,VDD,Metal1,259.4700,380.5700,4.499790
fanout428,VDD,Metal1,262.8300,90.4900,4.499163
fanout427,VDD,Metal1,180.0330,89.5980,4.499266
fanout425,VDD,Metal1,198.4300,349.2100,4.499328
fanout424,VDD,Metal1,189.4700,396.2500,4.499845
fanout423,VDD,Metal1,252.1900,34.9500,4.499438
max_cap422,VDD,Metal1,237.6300,51.2900,4.498639
max_cap421,VDD,Metal1,57.3780,191.6765,4.498938
fanout420,VDD,Metal1,227.7300,208.0900,4.498706
fanout419,VDD,Metal1,235.3900,191.7500,4.498776
fanout418,VDD,Metal1,184.4300,215.9300,4.499054
fanout417,VDD,Metal1,141.3100,278.6500,4.499340
fanout416,VDD,Metal1,182.3700,247.2900,4.499263
wire415,VDD,Metal1,203.1320,34.8060,4.499418
wire414,VDD,Metal1,157.7720,35.7540,4.499330
wire413,VDD,Metal1,210.9720,19.1260,4.499493
wire412,VDD,Metal1,124.1720,66.1660,4.499033
wire411,VDD,Metal1,11.6120,106.3140,4.499370
wire410,VDD,Metal1,92.8120,66.1660,4.499041
wire409,VDD,Metal1,11.6120,89.6860,4.499232
wire408,VDD,Metal1,76.3080,34.8060,4.499200
wire407,VDD,Metal1,33.1880,19.1260,4.499456
wire406,VDD,Metal1,63.6920,43.5940,4.499055
wire405,VDD,Metal1,125.5880,34.8060,4.499315
wire404,VDD,Metal1,159.4520,51.4340,4.498663
wire403,VDD,Metal1,120.8120,42.6460,4.498882
wire402,VDD,Metal1,170.0920,51.4340,4.498681
wire401,VDD,Metal1,81.0520,42.6460,4.498904
wire400,VDD,Metal1,135.3720,82.7940,4.499509
wire399,VDD,Metal1,11.9080,128.8860,4.499127
wire398,VDD,Metal1,120.2520,67.1140,4.499033
wire397,VDD,Metal1,52.2280,19.1260,4.499426
wire396,VDD,Metal1,81.3480,35.7540,4.499199
wire395,VDD,Metal1,57.8280,35.7540,4.499206
wire394,VDD,Metal1,84.9720,66.1660,4.499050
wire393,VDD,Metal1,150.2280,35.7540,4.499326
wire392,VDD,Metal1,179.3480,42.6460,4.498893
wire391,VDD,Metal1,146.5720,59.2740,4.499007
wire390,VDD,Metal1,148.8120,74.0060,4.499282
wire389,VDD,Metal1,73.5080,42.6460,4.499050
wire388,VDD,Metal1,81.3480,27.9140,4.499129
wire387,VDD,Metal1,53.9080,20.0740,4.499426
wire386,VDD,Metal1,81.0520,20.0740,4.499425
wire385,VDD,Metal1,61.7480,34.8060,4.499205
wire384,VDD,Metal1,198.0920,35.7540,4.499418
wire383,VDD,Metal1,212.0920,26.9660,4.499133
wire382,VDD,Metal1,193.0520,19.1260,4.499488
wire381,VDD,Metal1,92.2520,35.7540,4.499199
wire380,VDD,Metal1,11.9080,90.6340,4.499232
wire379,VDD,Metal1,65.3720,35.7540,4.499205
wire378,VDD,Metal1,20.5720,82.7940,4.499600
wire377,VDD,Metal1,60.0680,19.1260,4.499426
wire376,VDD,Metal1,61.7480,42.6460,4.499056
wire375,VDD,Metal1,41.0280,19.1260,4.499451
wire374,VDD,Metal1,100.3880,35.7540,4.499199
wire373,VDD,Metal1,178.2280,51.4340,4.498682
wire372,VDD,Metal1,146.5720,67.1140,4.499045
wire371,VDD,Metal1,189.6920,43.5940,4.498902
wire370,VDD,Metal1,70.1480,19.1260,4.499425
wire369,VDD,Metal1,89.1880,42.6460,4.498884
wire368,VDD,Metal1,93.9320,67.1140,4.499040
wire367,VDD,Metal1,53.3480,27.9140,4.499161
wire366,VDD,Metal1,119.6920,74.0060,4.499284
wire365,VDD,Metal1,157.2120,58.3260,4.499007
wire364,VDD,Metal1,100.9480,66.1660,4.499040
wire363,VDD,Metal1,73.5080,35.7540,4.499200
wire362,VDD,Metal1,138.7320,59.2740,4.499007
wire361,VDD,Metal1,148.8120,42.6460,4.498889
wire360,VDD,Metal1,98.9720,20.0740,4.499427
wire359,VDD,Metal1,140.1480,50.4860,4.498646
wire358,VDD,Metal1,149.6680,58.3260,4.499007
wire357,VDD,Metal1,131.1880,59.2740,4.499007
wire356,VDD,Metal1,116.3320,66.1660,4.499033
wire355,VDD,Metal1,132.0120,66.1660,4.499043
wire354,VDD,Metal1,139.8520,66.1660,4.499045
fanout353,VDD,Metal1,349.4300,160.4475,4.499097
load_slew352,VDD,Metal1,371.4280,208.2340,4.498756
fanout351,VDD,Metal1,371.6500,200.2500,4.499211
fanout350,VDD,Metal1,353.7300,113.3500,4.499520
load_slew349,VDD,Metal1,347.3480,97.5260,4.499569
fanout348,VDD,Metal1,351.3100,105.5100,4.499255
fanout347,VDD,Metal1,355.2300,90.4900,4.499147
fanout346,VDD,Metal1,332.6300,66.9125,4.499426
max_cap345,VDD,Metal1,70.8365,191.6900,4.498918
fanout344,VDD,Metal1,98.7500,270.8100,4.499392
fanout343,VDD,Metal1,100.4300,215.2700,4.499155
max_cap342,VDD,Metal1,333.4580,82.7230,4.499609
max_cap341,VDD,Metal1,305.5015,160.3165,4.499090
max_cap340,VDD,Metal1,335.7165,81.9300,4.499609
max_cap339,VDD,Metal1,312.4900,168.2875,4.499217
fanout338,VDD,Metal1,265.0700,98.3300,4.499503
fanout337,VDD,Metal1,241.5500,379.9100,4.499791
fanout336,VDD,Metal1,228.8500,372.7300,4.499740
fanout335,VDD,Metal1,61.2300,199.5900,4.499237
fanout334,VDD,Metal1,100.4300,277.9900,4.499317
fanout333,VDD,Metal1,98.1900,239.4500,4.499250
fanout332,VDD,Metal1,107.1500,239.4500,4.499246
max_cap331,VDD,Metal1,262.2700,200.2500,4.499202
max_cap330,VDD,Metal1,332.8300,302.1700,4.499496
max_cap329,VDD,Metal1,332.4500,317.1900,4.499223
fanout328,VDD,Metal1,192.2700,239.4500,4.499282
fanout327,VDD,Metal1,376.0430,98.3900,4.499567
fanout326,VDD,Metal1,391.0700,176.7300,4.499019
fanout325,VDD,Metal1,346.9130,120.9580,4.498923
fanout324,VDD,Metal1,391.0700,183.9100,4.498748
fanout323,VDD,Metal1,383.3265,106.4015,4.499252
fanout322,VDD,Metal1,392.2865,105.2780,4.499252
fanout321,VDD,Metal1,66.8300,137.5300,4.499258
fanout320,VDD,Metal1,54.8700,137.4725,4.499278
max_cap319,VDD,Metal1,76.0600,223.1385,4.499016
max_cap318,VDD,Metal1,88.1100,277.9900,4.499308
max_cap317,VDD,Metal1,86.4300,301.5100,4.499326
fanout316,VDD,Metal1,201.0300,27.7125,4.499132
max_cap315,VDD,Metal1,336.8615,184.6430,4.498778
fanout314,VDD,Metal1,288.5900,192.4100,4.498791
fanout313,VDD,Metal1,210.9300,168.8900,4.499133
fanout312,VDD,Metal1,244.7100,309.9525,4.499503
load_slew311,VDD,Metal1,211.4600,318.0890,4.499048
fanout310,VDD,Metal1,206.6500,317.2475,4.499049
wire309,VDD,Metal1,180.7320,396.3940,4.499849
wire308,VDD,Metal1,11.6120,301.3660,4.499411
wire307,VDD,Metal1,203.1320,403.2860,4.499975
wire306,VDD,Metal1,271.4520,388.5540,4.499716
wire305,VDD,Metal1,193.3480,403.2860,4.499976
wire304,VDD,Metal1,230.5720,380.7140,4.499794
wire303,VDD,Metal1,233.1080,379.7660,4.499794
wire302,VDD,Metal1,222.7320,380.7140,4.499795
wire301,VDD,Metal1,286.0120,403.2860,4.499974
wire300,VDD,Metal1,278.1720,403.2860,4.499974
wire299,VDD,Metal1,246.8120,380.7140,4.499791
wire298,VDD,Metal1,218.5480,395.4460,4.499843
wire297,VDD,Metal1,297.2120,403.2860,4.499975
wire296,VDD,Metal1,247.1080,372.8740,4.499722
wire295,VDD,Metal1,289.3720,395.4460,4.499845
wire294,VDD,Metal1,286.0120,396.3940,4.499845
wire293,VDD,Metal1,391.2920,74.9540,4.499238
wire292,VDD,Metal1,391.2920,81.8460,4.499602
wire291,VDD,Metal1,364.4120,137.6740,4.499231
wire290,VDD,Metal1,366.0920,175.9260,4.499022
wire289,VDD,Metal1,364.4120,145.5140,4.498958
wire288,VDD,Metal1,375.0520,97.5260,4.499567
wire287,VDD,Metal1,391.2920,90.6340,4.499144
wire286,VDD,Metal1,366.0920,160.2460,4.499094
wire285,VDD,Metal1,11.6120,145.5140,4.499051
wire284,VDD,Metal1,222.4680,19.1260,4.499493
max_cap283,VDD,Metal1,32.1100,129.0300,4.499060
load_slew282,VDD,Metal1,284.1780,74.0765,4.499237
max_cap281,VDD,Metal1,230.5300,278.6500,4.499316
max_cap280,VDD,Metal1,309.8700,270.8100,4.499537
max_cap279,VDD,Metal1,69.4300,262.3675,4.499028
max_cap278,VDD,Metal1,48.9780,255.2030,4.499275
max_cap277,VDD,Metal1,90.7100,255.0725,4.499274
max_cap276,VDD,Metal1,20.9780,152.4765,4.499230
max_cap275,VDD,Metal1,18.7380,192.4830,4.498963
load_slew274,VDD,Metal1,195.1380,121.1165,4.498926
fanout273,VDD,Metal1,188.5300,121.1900,4.498928
fanout272,VDD,Metal1,142.2300,309.4075,4.499536
load_slew271,VDD,Metal1,231.5380,371.9965,4.499740
fanout270,VDD,Metal1,217.6500,372.0700,4.499775
fanout269,VDD,Metal1,137.1900,97.7275,4.499436
load_slew268,VDD,Metal1,149.6565,121.0830,4.498926
fanout267,VDD,Metal1,174.3500,106.1700,4.499361
wire266,VDD,Metal1,139.6300,81.9900,4.499509
max_cap265,VDD,Metal1,135.9800,74.7810,4.499282
load_slew264,VDD,Metal1,170.4600,89.5910,4.499251
fanout263,VDD,Metal1,176.0300,81.9900,4.499543
fanout262,VDD,Metal1,181.4300,35.5525,4.499400
load_slew261,VDD,Metal1,158.7000,67.2090,4.499045
fanout260,VDD,Metal1,184.9900,74.8100,4.499280
fanout259,VDD,Metal1,198.4300,247.2900,4.499252
wire258,VDD,Metal1,11.6120,121.9940,4.498956
fanout257,VDD,Metal1,170.6100,286.4900,4.499563
fanout256,VDD,Metal1,168.3700,285.8300,4.499563
max_cap255,VDD,Metal1,303.7780,136.7965,4.499221
load_slew254,VDD,Metal1,298.1780,144.6365,4.498959
load_slew253,VDD,Metal1,318.3380,168.1565,4.499218
fanout252,VDD,Metal1,143.5500,200.2500,4.499199
load_slew251,VDD,Metal1,23.7780,192.4830,4.498963
max_cap250,VDD,Metal1,228.6700,200.2500,4.499195
max_cap249,VDD,Metal1,228.6700,199.5900,4.499195
wire248,VDD,Metal1,355.4520,161.1940,4.499094
wire247,VDD,Metal1,358.2520,160.2460,4.499094
wire246,VDD,Metal1,391.2920,215.1260,4.498966
wire245,VDD,Metal1,365.5320,184.7140,4.498753
wire244,VDD,Metal1,373.3720,192.5540,4.498828
wire243,VDD,Metal1,375.0520,191.6060,4.498828
wire242,VDD,Metal1,364.4120,153.3540,4.499227
wire241,VDD,Metal1,355.4520,137.6740,4.499231
wire240,VDD,Metal1,364.4120,169.0340,4.499226
wire239,VDD,Metal1,391.2920,216.0740,4.498966
wire238,VDD,Metal1,382.3320,208.2340,4.498754
wire237,VDD,Metal1,364.7080,114.1540,4.499516
wire236,VDD,Metal1,11.6120,262.1660,4.499046
fanout235,VDD,Metal1,335.8100,333.5300,4.499184
load_slew234,VDD,Metal1,323.3780,153.2830,4.499204
wire233,VDD,Metal1,345.7100,58.4700,4.499023
max_cap232,VDD,Metal1,338.3400,58.4985,4.499022
wire231,VDD,Metal1,336.1900,35.6100,4.499450
max_cap230,VDD,Metal1,331.0600,42.8185,4.499022
load_slew229,VDD,Metal1,356.9780,129.7630,4.499014
max_cap228,VDD,Metal1,135.7780,262.2365,4.498959
wire227,VDD,Metal1,367.2120,113.2060,4.499516
wire226,VDD,Metal1,382.6280,200.3940,4.499209
wire225,VDD,Metal1,364.4120,121.9940,4.498920
wire224,VDD,Metal1,355.7480,121.9940,4.498920
wire223,VDD,Metal1,268.0920,19.1260,4.499714
fanout222,VDD,Metal1,317.8900,285.8300,4.499625
wire221,VDD,Metal1,383.4520,90.6340,4.499144
output220,VDD,Metal1,9.5100,247.2325,4.499264
output219,VDD,Metal1,227.3500,27.1675,4.499134
output218,VDD,Metal1,393.6700,82.5925,4.499602
output217,VDD,Metal1,9.5100,113.4075,4.499516
output216,VDD,Metal1,9.5100,136.9275,4.499295
output215,VDD,Metal1,252.5700,19.3275,4.499697
output214,VDD,Metal1,349.4500,168.8325,4.499226
output213,VDD,Metal1,393.6700,89.8875,4.499144
output212,VDD,Metal1,366.8100,98.2725,4.499567
output211,VDD,Metal1,352.8100,145.3125,4.498959
output210,VDD,Metal1,368.4700,168.2875,4.499226
output209,VDD,Metal1,347.2100,152.6075,4.499229
output208,VDD,Metal1,357.8500,98.2725,4.499568
output207,VDD,Metal1,393.6700,74.2075,4.499238
output206,VDD,Metal1,103.0500,42.8475,4.498881
output205,VDD,Metal1,127.6900,66.9125,4.499040
output204,VDD,Metal1,91.2900,74.7525,4.499287
output203,VDD,Metal1,141.1100,66.9125,4.499045
output202,VDD,Metal1,161.2700,43.3925,4.498892
output201,VDD,Metal1,142.2300,35.0075,4.499321
output200,VDD,Metal1,100.7900,27.7125,4.499125
output199,VDD,Metal1,119.8500,35.0075,4.499279
output198,VDD,Metal1,103.0500,27.1675,4.499121
output197,VDD,Metal1,83.4300,66.9125,4.499050
output196,VDD,Metal1,103.0500,82.0475,4.499575
output195,VDD,Metal1,129.3700,19.8725,4.499449
output194,VDD,Metal1,83.4500,51.2325,4.498667
output193,VDD,Metal1,108.0700,82.5925,4.499510
output192,VDD,Metal1,80.0900,51.2325,4.498667
output191,VDD,Metal1,99.6700,82.0475,4.499575
output190,VDD,Metal1,98.5500,74.7525,4.499287
output189,VDD,Metal1,142.2500,27.1675,4.499122
output188,VDD,Metal1,56.0100,35.0075,4.499206
output187,VDD,Metal1,181.4300,35.0075,4.499400
output186,VDD,Metal1,107.5100,35.0075,4.499205
output185,VDD,Metal1,44.2300,35.5525,4.499218
output184,VDD,Metal1,79.5100,66.3675,4.499059
output183,VDD,Metal1,122.0700,74.7525,4.499284
output182,VDD,Metal1,9.5300,74.2075,4.499327
output181,VDD,Metal1,49.2900,42.8475,4.499123
output180,VDD,Metal1,17.3500,106.1125,4.499370
output179,VDD,Metal1,79.5300,27.1675,4.499129
output178,VDD,Metal1,187.6100,27.1675,4.499132
output177,VDD,Metal1,188.7300,35.0075,4.499404
output176,VDD,Metal1,187.6100,42.8475,4.498902
output175,VDD,Metal1,105.8300,35.5525,4.499202
output174,VDD,Metal1,68.8900,59.0725,4.499048
output173,VDD,Metal1,88.4700,66.9125,4.499050
output172,VDD,Metal1,122.6300,82.5925,4.499507
output171,VDD,Metal1,115.3500,82.5925,4.499507
output170,VDD,Metal1,128.2500,27.7125,4.499119
output169,VDD,Metal1,48.7300,35.5525,4.499218
output168,VDD,Metal1,178.0900,35.0075,4.499398
output167,VDD,Metal1,173.5900,42.8475,4.498893
output166,VDD,Metal1,68.8900,58.5275,4.499048
output165,VDD,Metal1,73.3500,59.0725,4.499018
output164,VDD,Metal1,96.8700,27.7125,4.499129
output163,VDD,Metal1,111.4300,82.5925,4.499510
output162,VDD,Metal1,52.0900,35.5525,4.499209
output161,VDD,Metal1,18.4700,121.2475,4.498962
output160,VDD,Metal1,122.6500,43.3925,4.498882
output159,VDD,Metal1,56.0100,42.8475,4.499081
output158,VDD,Metal1,155.6900,35.0075,4.499330
output157,VDD,Metal1,70.5700,35.0075,4.499200
output156,VDD,Metal1,157.9100,43.3925,4.498892
output155,VDD,Metal1,161.8300,27.7125,4.499122
output154,VDD,Metal1,54.8900,43.3925,4.499090
output153,VDD,Metal1,58.2300,43.3925,4.499063
output152,VDD,Metal1,118.7100,82.5925,4.499506
output151,VDD,Metal1,9.5100,82.0475,4.499600
output150,VDD,Metal1,52.6500,42.8475,4.499110
output149,VDD,Metal1,9.5100,105.5675,4.499370
output148,VDD,Metal1,95.2100,74.7525,4.499288
output147,VDD,Metal1,205.5300,19.8725,4.499489
output146,VDD,Metal1,110.3300,27.1675,4.499119
output145,VDD,Metal1,188.7300,50.6875,4.498649
output144,VDD,Metal1,382.4700,215.3275,4.498968
output143,VDD,Metal1,385.8500,215.3275,4.498966
output142,VDD,Metal1,354.4900,176.1275,4.499024
output141,VDD,Metal1,350.0100,137.4725,4.499234
output140,VDD,Metal1,390.3100,82.5925,4.499602
output139,VDD,Metal1,352.2500,136.9275,4.499231
output138,VDD,Metal1,390.3100,223.1675,4.499040
output137,VDD,Metal1,265.4500,380.5125,4.499782
output136,VDD,Metal1,264.3300,379.9675,4.499783
output135,VDD,Metal1,350.0100,160.9925,4.499096
output134,VDD,Metal1,249.7700,387.8075,4.499721
output133,VDD,Metal1,277.2100,388.3525,4.499716
output132,VDD,Metal1,218.4100,396.1925,4.499843
output131,VDD,Metal1,238.5700,380.5125,4.499792
output130,VDD,Metal1,257.6100,395.6475,4.499843
output129,VDD,Metal1,253.1300,380.5125,4.499790
output128,VDD,Metal1,214.4900,388.3525,4.499729
output127,VDD,Metal1,243.0300,395.6475,4.499842
output126,VDD,Metal1,227.3700,387.8075,4.499724
output125,VDD,Metal1,195.4500,396.1925,4.499845
output124,VDD,Metal1,349.4500,129.0875,4.499015
output123,VDD,Metal1,264.3300,395.6475,4.499843
output122,VDD,Metal1,201.0500,396.1925,4.499845
output121,VDD,Metal1,9.5100,317.2475,4.499127
output120,VDD,Metal1,175.2900,396.1925,4.499849
output119,VDD,Metal1,365.6900,200.1925,4.499211
output118,VDD,Metal1,362.8900,192.3525,4.498831
output117,VDD,Metal1,357.8500,192.3525,4.498831
output116,VDD,Metal1,393.6700,223.1675,4.499040
output115,VDD,Metal1,346.0900,168.2875,4.499231
output114,VDD,Metal1,352.7900,160.4475,4.499094
output113,VDD,Metal1,350.0100,121.7925,4.498921
input112,VDD,Metal1,249.9500,403.4300,4.499972
input111,VDD,Metal1,391.0700,43.4500,4.499018
input110,VDD,Metal1,12.1300,144.7100,4.499051
input109,VDD,Metal1,12.1300,199.5900,4.499253
input108,VDD,Metal1,12.1300,192.4100,4.498963
input107,VDD,Metal1,12.1300,176.0700,4.498959
input106,VDD,Metal1,12.1300,152.5500,4.499221
input105,VDD,Metal1,12.1300,191.7500,4.498963
input104,VDD,Metal1,12.1300,168.2300,4.499105
input103,VDD,Metal1,12.1300,168.8900,4.499105
input102,VDD,Metal1,12.1300,183.9100,4.498946
input101,VDD,Metal1,12.1300,121.1900,4.498956
input100,VDD,Metal1,242.2900,19.2700,4.499680
input99,VDD,Metal1,202.5300,19.2700,4.499488
input98,VDD,Metal1,260.0300,19.2700,4.499708
input97,VDD,Metal1,259.4700,19.9300,4.499708
input96,VDD,Metal1,391.0700,153.2100,4.499226
input95,VDD,Metal1,391.0700,160.3900,4.499090
input94,VDD,Metal1,374.8300,168.2300,4.499225
input93,VDD,Metal1,373.1500,129.6900,4.499008
input92,VDD,Metal1,373.1500,145.3700,4.498958
input91,VDD,Metal1,381.7300,114.0100,4.499515
input90,VDD,Metal1,374.4500,183.9100,4.498753
input89,VDD,Metal1,391.0700,137.5300,4.499227
input88,VDD,Metal1,391.0700,113.3500,4.499514
input87,VDD,Metal1,382.1100,145.3700,4.498954
input86,VDD,Metal1,391.0700,144.7100,4.498954
input85,VDD,Metal1,230.5300,19.2700,4.499676
input84,VDD,Metal1,382.1100,176.7300,4.499020
input83,VDD,Metal1,382.1100,168.8900,4.499222
input82,VDD,Metal1,373.1500,168.8900,4.499225
input81,VDD,Metal1,363.8100,129.0300,4.499009
input80,VDD,Metal1,391.0700,129.0300,4.499003
input79,VDD,Metal1,391.0700,114.0100,4.499514
input78,VDD,Metal1,391.0700,200.2500,4.499208
input77,VDD,Metal1,391.0700,145.3700,4.498954
input76,VDD,Metal1,391.0700,98.3300,4.499563
input75,VDD,Metal1,382.1100,184.5700,4.498748
input74,VDD,Metal1,391.0700,184.5700,4.498748
input73,VDD,Metal1,391.0700,168.2300,4.499221
input72,VDD,Metal1,382.1100,192.4100,4.498826
input71,VDD,Metal1,374.8300,160.3900,4.499094
input70,VDD,Metal1,372.7700,153.2100,4.499227
input69,VDD,Metal1,391.0700,121.8500,4.498916
input68,VDD,Metal1,250.5100,19.9300,4.499697
input67,VDD,Metal1,251.6300,27.1100,4.499170
input66,VDD,Metal1,374.4500,176.0700,4.499022
input65,VDD,Metal1,391.0700,199.5900,4.499208
input64,VDD,Metal1,382.1100,161.0500,4.499091
input63,VDD,Metal1,382.1100,121.8500,4.498917
input62,VDD,Metal1,391.0700,97.6700,4.499563
input61,VDD,Metal1,372.7700,121.8500,4.498920
input60,VDD,Metal1,391.0700,192.4100,4.498825
input59,VDD,Metal1,381.7300,153.2100,4.499227
input58,VDD,Metal1,391.0700,106.1700,4.499252
input57,VDD,Metal1,382.1100,137.5300,4.499228
input56,VDD,Metal1,391.0700,129.6900,4.499003
input55,VDD,Metal1,235.5700,19.9300,4.499676
input54,VDD,Metal1,391.0700,161.0500,4.499090
input53,VDD,Metal1,373.1500,176.7300,4.499022
input52,VDD,Metal1,391.0700,152.5500,4.499226
input51,VDD,Metal1,391.0700,121.1900,4.498916
input50,VDD,Metal1,374.4500,144.7100,4.498958
input49,VDD,Metal1,372.7700,114.0100,4.499516
input48,VDD,Metal1,391.0700,191.7500,4.498825
input47,VDD,Metal1,372.7700,161.0500,4.499094
input46,VDD,Metal1,382.1100,129.6900,4.499004
input45,VDD,Metal1,391.0700,168.8900,4.499221
input44,VDD,Metal1,391.0700,207.4300,4.498754
input43,VDD,Metal1,391.0700,208.0900,4.498754
input42,VDD,Metal1,391.0700,176.0700,4.499019
input41,VDD,Metal1,374.8300,152.5500,4.499227
input40,VDD,Metal1,391.0700,136.8700,4.499227
input39,VDD,Metal1,372.7700,137.5300,4.499231
input38,VDD,Metal1,183.4900,19.2700,4.499488
input37,VDD,Metal1,116.6700,19.2700,4.499442
input36,VDD,Metal1,116.6700,27.1100,4.499119
input35,VDD,Metal1,12.1300,137.5300,4.499295
input34,VDD,Metal1,126.3700,19.2700,4.499448
input33,VDD,Metal1,133.6500,34.9500,4.499316
input32,VDD,Metal1,158.8500,19.9300,4.499476
input31,VDD,Metal1,145.7900,19.2700,4.499459
input30,VDD,Metal1,259.6500,403.4300,4.499973
input29,VDD,Metal1,268.9900,403.4300,4.499973
input28,VDD,Metal1,154.3700,19.2700,4.499475
input27,VDD,Metal1,234.8300,396.2500,4.499842
input26,VDD,Metal1,254.9900,388.4100,4.499717
input25,VDD,Metal1,210.1900,396.2500,4.499844
input24,VDD,Metal1,230.9100,403.4300,4.499972
input23,VDD,Metal1,240.9900,403.4300,4.499972
input22,VDD,Metal1,251.6300,395.5900,4.499842
input21,VDD,Metal1,211.8700,403.4300,4.499974
input20,VDD,Metal1,224.7500,396.2500,4.499843
input19,VDD,Metal1,221.9500,403.4300,4.499973
input18,VDD,Metal1,183.8700,403.4300,4.499977
input17,VDD,Metal1,135.3300,19.2700,4.499459
input16,VDD,Metal1,250.1300,396.2500,4.499842
input15,VDD,Metal1,12.1300,286.4900,4.499510
input14,VDD,Metal1,12.1300,309.3500,4.499639
input13,VDD,Metal1,170.9900,403.4300,4.499978
input12,VDD,Metal1,88.6700,19.2700,4.499425
input11,VDD,Metal1,78.5900,19.2700,4.499425
input10,VDD,Metal1,107.3300,19.2700,4.499442
input9,VDD,Metal1,12.1300,82.6500,4.499600
input8,VDD,Metal1,97.6300,19.2700,4.499427
input7,VDD,Metal1,12.1300,97.6700,4.499441
input6,VDD,Metal1,134.2100,27.7700,4.499119
input5,VDD,Metal1,173.4100,19.2700,4.499483
input4,VDD,Metal1,270.1100,396.2500,4.499844
input3,VDD,Metal1,164.4500,19.2700,4.499478
input2,VDD,Metal1,170.6100,19.9300,4.499483
input1,VDD,Metal1,171.7300,34.9500,4.499394
udma_uart_top_510,VDD,Metal1,352.0575,403.2950,4.499976
udma_uart_top_509,VDD,Metal1,373.2900,403.2910,4.499976
udma_uart_top_508,VDD,Metal1,383.8300,81.8510,4.499602
udma_uart_top_507,VDD,Metal1,353.6900,19.1310,4.499722
udma_uart_top_506,VDD,Metal1,9.2900,395.4510,4.499851
udma_uart_top_505,VDD,Metal1,363.1100,403.2910,4.499976
udma_uart_top_504,VDD,Metal1,393.9100,35.7485,4.499450
udma_uart_top_503,VDD,Metal1,76.3900,26.9710,4.499138
udma_uart_top_502,VDD,Metal1,9.2900,26.9710,4.499219
udma_uart_top_501,VDD,Metal1,389.4300,42.6510,4.499018
udma_uart_top_500,VDD,Metal1,208.5500,20.0685,4.499493
udma_uart_top_499,VDD,Metal1,55.6700,26.9710,4.499161
udma_uart_top_498,VDD,Metal1,47.3700,19.1310,4.499427
udma_uart_top_497,VDD,Metal1,391.6700,35.7485,4.499450
udma_uart_top_496,VDD,Metal1,393.9100,34.8110,4.499450
udma_uart_top_495,VDD,Metal1,185.5900,34.8110,4.499404
udma_uart_top_494,VDD,Metal1,393.9100,395.4510,4.499846
udma_uart_top_493,VDD,Metal1,393.9100,325.8285,4.499051
udma_uart_top_492,VDD,Metal1,369.3700,396.3885,4.499846
udma_uart_top_491,VDD,Metal1,391.6700,395.4510,4.499846
udma_uart_top_490,VDD,Metal1,366.0100,403.2910,4.499976
udma_uart_top_489,VDD,Metal1,386.0700,81.8510,4.499602
udma_uart_top_488,VDD,Metal1,393.9100,42.6510,4.499018
udma_uart_top_487,VDD,Metal1,391.6700,42.6510,4.499018
udma_uart_top_486,VDD,Metal1,371.0500,403.2910,4.499976
udma_uart_top_485,VDD,Metal1,9.2900,42.6510,4.499146
udma_uart_top_484,VDD,Metal1,217.6100,26.9710,4.499133
udma_uart_top_483,VDD,Metal1,371.6100,396.3885,4.499846
udma_uart_top_482,VDD,Metal1,391.6700,364.0910,4.499718
udma_uart_top_481,VDD,Metal1,11.5300,26.9710,4.499219
udma_uart_top_480,VDD,Metal1,230.4900,20.0685,4.499676
udma_uart_top_479,VDD,Metal1,393.9100,364.0910,4.499718
TAP_TAPCELL_ROW_98_1158,VDD,Metal1,388.0800,403.0900,4.499976
TAP_TAPCELL_ROW_98_1157,VDD,Metal1,369.0400,403.0900,4.499976
TAP_TAPCELL_ROW_98_1156,VDD,Metal1,350.0000,403.0900,4.499976
TAP_TAPCELL_ROW_98_1155,VDD,Metal1,330.9600,403.0900,4.499976
TAP_TAPCELL_ROW_98_1154,VDD,Metal1,311.9200,403.0900,4.499976
TAP_TAPCELL_ROW_98_1153,VDD,Metal1,292.8800,403.0900,4.499974
TAP_TAPCELL_ROW_98_1152,VDD,Metal1,273.8400,403.0900,4.499974
TAP_TAPCELL_ROW_98_1151,VDD,Metal1,254.8000,403.0900,4.499972
TAP_TAPCELL_ROW_98_1150,VDD,Metal1,235.7600,403.0900,4.499972
TAP_TAPCELL_ROW_98_1149,VDD,Metal1,216.7200,403.0900,4.499974
TAP_TAPCELL_ROW_98_1148,VDD,Metal1,197.6800,403.0900,4.499975
TAP_TAPCELL_ROW_98_1147,VDD,Metal1,178.6400,403.0900,4.499978
TAP_TAPCELL_ROW_98_1146,VDD,Metal1,159.6000,403.0900,4.499979
TAP_TAPCELL_ROW_98_1145,VDD,Metal1,140.5600,403.0900,4.499980
TAP_TAPCELL_ROW_98_1144,VDD,Metal1,121.5200,403.0900,4.499980
TAP_TAPCELL_ROW_98_1143,VDD,Metal1,102.4800,403.0900,4.499981
TAP_TAPCELL_ROW_98_1142,VDD,Metal1,83.4400,403.0900,4.499982
TAP_TAPCELL_ROW_98_1141,VDD,Metal1,64.4000,403.0900,4.499982
TAP_TAPCELL_ROW_98_1140,VDD,Metal1,45.3600,403.0900,4.499983
TAP_TAPCELL_ROW_98_1139,VDD,Metal1,26.3200,403.0900,4.499983
TAP_TAPCELL_ROW_97_1138,VDD,Metal1,360.0800,396.5900,4.499846
TAP_TAPCELL_ROW_97_1137,VDD,Metal1,320.8800,396.5900,4.499846
TAP_TAPCELL_ROW_97_1136,VDD,Metal1,281.6800,396.5900,4.499845
TAP_TAPCELL_ROW_97_1135,VDD,Metal1,242.4800,396.5900,4.499842
TAP_TAPCELL_ROW_97_1134,VDD,Metal1,203.2800,396.5900,4.499845
TAP_TAPCELL_ROW_97_1133,VDD,Metal1,164.0800,396.5900,4.499851
TAP_TAPCELL_ROW_97_1132,VDD,Metal1,124.8800,396.5900,4.499851
TAP_TAPCELL_ROW_97_1131,VDD,Metal1,85.6800,396.5900,4.499851
TAP_TAPCELL_ROW_97_1130,VDD,Metal1,46.4800,396.5900,4.499851
TAP_TAPCELL_ROW_96_1129,VDD,Metal1,379.6800,395.2500,4.499846
TAP_TAPCELL_ROW_96_1128,VDD,Metal1,340.4800,395.2500,4.499846
TAP_TAPCELL_ROW_96_1127,VDD,Metal1,301.2800,395.2500,4.499845
TAP_TAPCELL_ROW_96_1126,VDD,Metal1,262.0800,395.2500,4.499843
TAP_TAPCELL_ROW_96_1125,VDD,Metal1,222.8800,395.2500,4.499843
TAP_TAPCELL_ROW_96_1124,VDD,Metal1,183.6800,395.2500,4.499849
TAP_TAPCELL_ROW_96_1123,VDD,Metal1,144.4800,395.2500,4.499851
TAP_TAPCELL_ROW_96_1122,VDD,Metal1,105.2800,395.2500,4.499851
TAP_TAPCELL_ROW_96_1121,VDD,Metal1,66.0800,395.2500,4.499851
TAP_TAPCELL_ROW_96_1120,VDD,Metal1,26.8800,395.2500,4.499851
TAP_TAPCELL_ROW_95_1119,VDD,Metal1,360.0800,388.7500,4.499717
TAP_TAPCELL_ROW_95_1118,VDD,Metal1,320.8800,388.7500,4.499717
TAP_TAPCELL_ROW_95_1117,VDD,Metal1,281.6800,388.7500,4.499716
TAP_TAPCELL_ROW_95_1116,VDD,Metal1,242.4800,388.7500,4.499724
TAP_TAPCELL_ROW_95_1115,VDD,Metal1,203.2800,388.7500,4.499732
TAP_TAPCELL_ROW_95_1114,VDD,Metal1,164.0800,388.7500,4.499742
TAP_TAPCELL_ROW_95_1113,VDD,Metal1,124.8800,388.7500,4.499746
TAP_TAPCELL_ROW_95_1112,VDD,Metal1,85.6800,388.7500,4.499746
TAP_TAPCELL_ROW_95_1111,VDD,Metal1,46.4800,388.7500,4.499746
TAP_TAPCELL_ROW_94_1110,VDD,Metal1,379.6800,387.4100,4.499717
TAP_TAPCELL_ROW_94_1109,VDD,Metal1,340.4800,387.4100,4.499717
TAP_TAPCELL_ROW_94_1108,VDD,Metal1,301.2800,387.4100,4.499717
TAP_TAPCELL_ROW_94_1107,VDD,Metal1,262.0800,387.4100,4.499716
TAP_TAPCELL_ROW_94_1106,VDD,Metal1,222.8800,387.4100,4.499725
TAP_TAPCELL_ROW_94_1105,VDD,Metal1,183.6800,387.4100,4.499741
TAP_TAPCELL_ROW_94_1104,VDD,Metal1,144.4800,387.4100,4.499746
TAP_TAPCELL_ROW_94_1103,VDD,Metal1,105.2800,387.4100,4.499746
TAP_TAPCELL_ROW_94_1102,VDD,Metal1,66.0800,387.4100,4.499746
TAP_TAPCELL_ROW_94_1101,VDD,Metal1,26.8800,387.4100,4.499746
TAP_TAPCELL_ROW_93_1100,VDD,Metal1,360.0800,380.9100,4.499776
TAP_TAPCELL_ROW_93_1099,VDD,Metal1,320.8800,380.9100,4.499776
TAP_TAPCELL_ROW_93_1098,VDD,Metal1,281.6800,380.9100,4.499777
TAP_TAPCELL_ROW_93_1097,VDD,Metal1,242.4800,380.9100,4.499791
TAP_TAPCELL_ROW_93_1096,VDD,Metal1,203.2800,380.9100,4.499796
TAP_TAPCELL_ROW_93_1095,VDD,Metal1,164.0800,380.9100,4.499823
TAP_TAPCELL_ROW_93_1094,VDD,Metal1,124.8800,380.9100,4.499824
TAP_TAPCELL_ROW_93_1093,VDD,Metal1,85.6800,380.9100,4.499824
TAP_TAPCELL_ROW_93_1092,VDD,Metal1,46.4800,380.9100,4.499824
TAP_TAPCELL_ROW_92_1091,VDD,Metal1,379.6800,379.5700,4.499776
TAP_TAPCELL_ROW_92_1090,VDD,Metal1,340.4800,379.5700,4.499776
TAP_TAPCELL_ROW_92_1089,VDD,Metal1,301.2800,379.5700,4.499776
TAP_TAPCELL_ROW_92_1088,VDD,Metal1,262.0800,379.5700,4.499790
TAP_TAPCELL_ROW_92_1087,VDD,Metal1,222.8800,379.5700,4.499795
TAP_TAPCELL_ROW_92_1086,VDD,Metal1,183.6800,379.5700,4.499805
TAP_TAPCELL_ROW_92_1085,VDD,Metal1,144.4800,379.5700,4.499823
TAP_TAPCELL_ROW_92_1084,VDD,Metal1,105.2800,379.5700,4.499824
TAP_TAPCELL_ROW_92_1083,VDD,Metal1,66.0800,379.5700,4.499824
TAP_TAPCELL_ROW_92_1082,VDD,Metal1,26.8800,379.5700,4.499824
TAP_TAPCELL_ROW_91_1081,VDD,Metal1,360.0800,373.0700,4.499767
TAP_TAPCELL_ROW_91_1080,VDD,Metal1,320.8800,373.0700,4.499765
TAP_TAPCELL_ROW_91_1079,VDD,Metal1,281.6800,373.0700,4.499720
TAP_TAPCELL_ROW_91_1078,VDD,Metal1,242.4800,373.0700,4.499733
TAP_TAPCELL_ROW_91_1077,VDD,Metal1,203.2800,373.0700,4.499780
TAP_TAPCELL_ROW_91_1076,VDD,Metal1,164.0800,373.0700,4.499785
TAP_TAPCELL_ROW_91_1075,VDD,Metal1,124.8800,373.0700,4.499787
TAP_TAPCELL_ROW_91_1074,VDD,Metal1,85.6800,373.0700,4.499787
TAP_TAPCELL_ROW_91_1073,VDD,Metal1,46.4800,373.0700,4.499787
TAP_TAPCELL_ROW_90_1072,VDD,Metal1,379.6800,371.7300,4.499767
TAP_TAPCELL_ROW_90_1071,VDD,Metal1,340.4800,371.7300,4.499767
TAP_TAPCELL_ROW_90_1070,VDD,Metal1,301.2800,371.7300,4.499721
TAP_TAPCELL_ROW_90_1069,VDD,Metal1,262.0800,371.7300,4.499720
TAP_TAPCELL_ROW_90_1068,VDD,Metal1,222.8800,371.7300,4.499771
TAP_TAPCELL_ROW_90_1067,VDD,Metal1,183.6800,371.7300,4.499781
TAP_TAPCELL_ROW_90_1066,VDD,Metal1,144.4800,371.7300,4.499787
TAP_TAPCELL_ROW_90_1065,VDD,Metal1,105.2800,371.7300,4.499787
TAP_TAPCELL_ROW_90_1064,VDD,Metal1,66.0800,371.7300,4.499787
TAP_TAPCELL_ROW_90_1063,VDD,Metal1,26.8800,371.7300,4.499787
TAP_TAPCELL_ROW_89_1062,VDD,Metal1,360.0800,365.2300,4.499718
TAP_TAPCELL_ROW_89_1061,VDD,Metal1,320.8800,365.2300,4.499717
TAP_TAPCELL_ROW_89_1060,VDD,Metal1,281.6800,365.2300,4.499703
TAP_TAPCELL_ROW_89_1059,VDD,Metal1,242.4800,365.2300,4.499698
TAP_TAPCELL_ROW_89_1058,VDD,Metal1,203.2800,365.2300,4.499696
TAP_TAPCELL_ROW_89_1057,VDD,Metal1,164.0800,365.2300,4.499706
TAP_TAPCELL_ROW_89_1056,VDD,Metal1,124.8800,365.2300,4.499708
TAP_TAPCELL_ROW_89_1055,VDD,Metal1,85.6800,365.2300,4.499708
TAP_TAPCELL_ROW_89_1054,VDD,Metal1,46.4800,365.2300,4.499709
TAP_TAPCELL_ROW_88_1053,VDD,Metal1,379.6800,363.8900,4.499718
TAP_TAPCELL_ROW_88_1052,VDD,Metal1,340.4800,363.8900,4.499718
TAP_TAPCELL_ROW_88_1051,VDD,Metal1,301.2800,363.8900,4.499708
TAP_TAPCELL_ROW_88_1050,VDD,Metal1,262.0800,363.8900,4.499701
TAP_TAPCELL_ROW_88_1049,VDD,Metal1,222.8800,363.8900,4.499695
TAP_TAPCELL_ROW_88_1048,VDD,Metal1,183.6800,363.8900,4.499699
TAP_TAPCELL_ROW_88_1047,VDD,Metal1,144.4800,363.8900,4.499708
TAP_TAPCELL_ROW_88_1046,VDD,Metal1,105.2800,363.8900,4.499708
TAP_TAPCELL_ROW_88_1045,VDD,Metal1,66.0800,363.8900,4.499709
TAP_TAPCELL_ROW_88_1044,VDD,Metal1,26.8800,363.8900,4.499709
TAP_TAPCELL_ROW_87_1043,VDD,Metal1,360.0800,357.3900,4.499447
TAP_TAPCELL_ROW_87_1042,VDD,Metal1,320.8800,357.3900,4.499433
TAP_TAPCELL_ROW_87_1041,VDD,Metal1,281.6800,357.3900,4.499414
TAP_TAPCELL_ROW_87_1040,VDD,Metal1,242.4800,357.3900,4.499423
TAP_TAPCELL_ROW_87_1039,VDD,Metal1,203.2800,357.3900,4.499424
TAP_TAPCELL_ROW_87_1038,VDD,Metal1,164.0800,357.3900,4.499450
TAP_TAPCELL_ROW_87_1037,VDD,Metal1,124.8800,357.3900,4.499456
TAP_TAPCELL_ROW_87_1036,VDD,Metal1,85.6800,357.3900,4.499456
TAP_TAPCELL_ROW_87_1035,VDD,Metal1,46.4800,357.3900,4.499457
TAP_TAPCELL_ROW_86_1034,VDD,Metal1,379.6800,356.0500,4.499447
TAP_TAPCELL_ROW_86_1033,VDD,Metal1,340.4800,356.0500,4.499447
TAP_TAPCELL_ROW_86_1032,VDD,Metal1,301.2800,356.0500,4.499415
TAP_TAPCELL_ROW_86_1031,VDD,Metal1,262.0800,356.0500,4.499420
TAP_TAPCELL_ROW_86_1030,VDD,Metal1,222.8800,356.0500,4.499423
TAP_TAPCELL_ROW_86_1029,VDD,Metal1,183.6800,356.0500,4.499434
TAP_TAPCELL_ROW_86_1028,VDD,Metal1,144.4800,356.0500,4.499455
TAP_TAPCELL_ROW_86_1027,VDD,Metal1,105.2800,356.0500,4.499456
TAP_TAPCELL_ROW_86_1026,VDD,Metal1,66.0800,356.0500,4.499456
TAP_TAPCELL_ROW_86_1025,VDD,Metal1,26.8800,356.0500,4.499457
TAP_TAPCELL_ROW_85_1024,VDD,Metal1,360.0800,349.5500,4.499406
TAP_TAPCELL_ROW_85_1023,VDD,Metal1,320.8800,349.5500,4.499404
TAP_TAPCELL_ROW_85_1022,VDD,Metal1,281.6800,349.5500,4.499380
TAP_TAPCELL_ROW_85_1021,VDD,Metal1,242.4800,349.5500,4.499340
TAP_TAPCELL_ROW_85_1020,VDD,Metal1,203.2800,349.5500,4.499328
TAP_TAPCELL_ROW_85_1019,VDD,Metal1,164.0800,349.5500,4.499399
TAP_TAPCELL_ROW_85_1018,VDD,Metal1,124.8800,349.5500,4.499405
TAP_TAPCELL_ROW_85_1017,VDD,Metal1,85.6800,349.5500,4.499405
TAP_TAPCELL_ROW_85_1016,VDD,Metal1,46.4800,349.5500,4.499406
TAP_TAPCELL_ROW_84_1015,VDD,Metal1,379.6800,348.2100,4.499406
TAP_TAPCELL_ROW_84_1014,VDD,Metal1,340.4800,348.2100,4.499406
TAP_TAPCELL_ROW_84_1013,VDD,Metal1,301.2800,348.2100,4.499390
TAP_TAPCELL_ROW_84_1012,VDD,Metal1,262.0800,348.2100,4.499374
TAP_TAPCELL_ROW_84_1011,VDD,Metal1,222.8800,348.2100,4.499330
TAP_TAPCELL_ROW_84_1010,VDD,Metal1,183.6800,348.2100,4.499381
TAP_TAPCELL_ROW_84_1009,VDD,Metal1,144.4800,348.2100,4.499404
TAP_TAPCELL_ROW_84_1008,VDD,Metal1,105.2800,348.2100,4.499405
TAP_TAPCELL_ROW_84_1007,VDD,Metal1,66.0800,348.2100,4.499406
TAP_TAPCELL_ROW_84_1006,VDD,Metal1,26.8800,348.2100,4.499406
TAP_TAPCELL_ROW_83_1005,VDD,Metal1,360.0800,341.7100,4.498731
TAP_TAPCELL_ROW_83_1004,VDD,Metal1,320.8800,341.7100,4.498747
TAP_TAPCELL_ROW_83_1003,VDD,Metal1,281.6800,341.7100,4.498728
TAP_TAPCELL_ROW_83_1002,VDD,Metal1,242.4800,341.7100,4.498716
TAP_TAPCELL_ROW_83_1001,VDD,Metal1,203.2800,341.7100,4.498717
TAP_TAPCELL_ROW_83_1000,VDD,Metal1,164.0800,341.7100,4.498790
TAP_TAPCELL_ROW_83_999,VDD,Metal1,124.8800,341.7100,4.498801
TAP_TAPCELL_ROW_83_998,VDD,Metal1,85.6800,341.7100,4.498811
TAP_TAPCELL_ROW_83_997,VDD,Metal1,46.4800,341.7100,4.498834
TAP_TAPCELL_ROW_82_996,VDD,Metal1,379.6800,340.3700,4.498731
TAP_TAPCELL_ROW_82_995,VDD,Metal1,340.4800,340.3700,4.498735
TAP_TAPCELL_ROW_82_994,VDD,Metal1,301.2800,340.3700,4.498744
TAP_TAPCELL_ROW_82_993,VDD,Metal1,262.0800,340.3700,4.498717
TAP_TAPCELL_ROW_82_992,VDD,Metal1,222.8800,340.3700,4.498716
TAP_TAPCELL_ROW_82_991,VDD,Metal1,183.6800,340.3700,4.498762
TAP_TAPCELL_ROW_82_990,VDD,Metal1,144.4800,340.3700,4.498792
TAP_TAPCELL_ROW_82_989,VDD,Metal1,105.2800,340.3700,4.498811
TAP_TAPCELL_ROW_82_988,VDD,Metal1,66.0800,340.3700,4.498832
TAP_TAPCELL_ROW_82_987,VDD,Metal1,26.8800,340.3700,4.498834
TAP_TAPCELL_ROW_81_986,VDD,Metal1,360.0800,333.8700,4.499181
TAP_TAPCELL_ROW_81_985,VDD,Metal1,320.8800,333.8700,4.499099
TAP_TAPCELL_ROW_81_984,VDD,Metal1,281.6800,333.8700,4.499043
TAP_TAPCELL_ROW_81_983,VDD,Metal1,242.4800,333.8700,4.499039
TAP_TAPCELL_ROW_81_982,VDD,Metal1,203.2800,333.8700,4.499043
TAP_TAPCELL_ROW_81_981,VDD,Metal1,164.0800,333.8700,4.499053
TAP_TAPCELL_ROW_81_980,VDD,Metal1,124.8800,333.8700,4.499088
TAP_TAPCELL_ROW_81_979,VDD,Metal1,85.6800,333.8700,4.499107
TAP_TAPCELL_ROW_81_978,VDD,Metal1,46.4800,333.8700,4.499121
TAP_TAPCELL_ROW_80_977,VDD,Metal1,379.6800,332.5300,4.499181
TAP_TAPCELL_ROW_80_976,VDD,Metal1,340.4800,332.5300,4.499182
TAP_TAPCELL_ROW_80_975,VDD,Metal1,301.2800,332.5300,4.499051
TAP_TAPCELL_ROW_80_974,VDD,Metal1,262.0800,332.5300,4.499038
TAP_TAPCELL_ROW_80_973,VDD,Metal1,222.8800,332.5300,4.499041
TAP_TAPCELL_ROW_80_972,VDD,Metal1,183.6800,332.5300,4.499046
TAP_TAPCELL_ROW_80_971,VDD,Metal1,144.4800,332.5300,4.499082
TAP_TAPCELL_ROW_80_970,VDD,Metal1,105.2800,332.5300,4.499099
TAP_TAPCELL_ROW_80_969,VDD,Metal1,66.0800,332.5300,4.499110
TAP_TAPCELL_ROW_80_968,VDD,Metal1,26.8800,332.5300,4.499121
TAP_TAPCELL_ROW_79_967,VDD,Metal1,360.0800,326.0300,4.499051
TAP_TAPCELL_ROW_79_966,VDD,Metal1,320.8800,326.0300,4.499073
TAP_TAPCELL_ROW_79_965,VDD,Metal1,281.6800,326.0300,4.499027
TAP_TAPCELL_ROW_79_964,VDD,Metal1,242.4800,326.0300,4.499027
TAP_TAPCELL_ROW_79_963,VDD,Metal1,203.2800,326.0300,4.499063
TAP_TAPCELL_ROW_79_962,VDD,Metal1,164.0800,326.0300,4.499071
TAP_TAPCELL_ROW_79_961,VDD,Metal1,124.8800,326.0300,4.499078
TAP_TAPCELL_ROW_79_960,VDD,Metal1,85.6800,326.0300,4.499107
TAP_TAPCELL_ROW_79_959,VDD,Metal1,46.4800,326.0300,4.499264
TAP_TAPCELL_ROW_78_958,VDD,Metal1,379.6800,324.6900,4.499051
TAP_TAPCELL_ROW_78_957,VDD,Metal1,340.4800,324.6900,4.499057
TAP_TAPCELL_ROW_78_956,VDD,Metal1,301.2800,324.6900,4.499065
TAP_TAPCELL_ROW_78_955,VDD,Metal1,262.0800,324.6900,4.499020
TAP_TAPCELL_ROW_78_954,VDD,Metal1,222.8800,324.6900,4.499055
TAP_TAPCELL_ROW_78_953,VDD,Metal1,183.6800,324.6900,4.499070
TAP_TAPCELL_ROW_78_952,VDD,Metal1,144.4800,324.6900,4.499072
TAP_TAPCELL_ROW_78_951,VDD,Metal1,105.2800,324.6900,4.499092
TAP_TAPCELL_ROW_78_950,VDD,Metal1,66.0800,324.6900,4.499196
TAP_TAPCELL_ROW_78_949,VDD,Metal1,26.8800,324.6900,4.499269
TAP_TAPCELL_ROW_77_948,VDD,Metal1,360.0800,318.1900,4.499220
TAP_TAPCELL_ROW_77_947,VDD,Metal1,320.8800,318.1900,4.499222
TAP_TAPCELL_ROW_77_946,VDD,Metal1,281.6800,318.1900,4.499114
TAP_TAPCELL_ROW_77_945,VDD,Metal1,242.4800,318.1900,4.499058
TAP_TAPCELL_ROW_77_944,VDD,Metal1,203.2800,318.1900,4.499049
TAP_TAPCELL_ROW_77_943,VDD,Metal1,164.0800,318.1900,4.499062
TAP_TAPCELL_ROW_77_942,VDD,Metal1,124.8800,318.1900,4.499056
TAP_TAPCELL_ROW_77_941,VDD,Metal1,85.6800,318.1900,4.499067
TAP_TAPCELL_ROW_77_940,VDD,Metal1,46.4800,318.1900,4.499103
TAP_TAPCELL_ROW_76_939,VDD,Metal1,379.6800,316.8500,4.499220
TAP_TAPCELL_ROW_76_938,VDD,Metal1,340.4800,316.8500,4.499221
TAP_TAPCELL_ROW_76_937,VDD,Metal1,301.2800,316.8500,4.499187
TAP_TAPCELL_ROW_76_936,VDD,Metal1,262.0800,316.8500,4.499064
TAP_TAPCELL_ROW_76_935,VDD,Metal1,222.8800,316.8500,4.499052
TAP_TAPCELL_ROW_76_934,VDD,Metal1,183.6800,316.8500,4.499056
TAP_TAPCELL_ROW_76_933,VDD,Metal1,144.4800,316.8500,4.499056
TAP_TAPCELL_ROW_76_932,VDD,Metal1,105.2800,316.8500,4.499063
TAP_TAPCELL_ROW_76_931,VDD,Metal1,66.0800,316.8500,4.499073
TAP_TAPCELL_ROW_76_930,VDD,Metal1,26.8800,316.8500,4.499125
TAP_TAPCELL_ROW_75_929,VDD,Metal1,360.0800,310.3500,4.499581
TAP_TAPCELL_ROW_75_928,VDD,Metal1,320.8800,310.3500,4.499566
TAP_TAPCELL_ROW_75_927,VDD,Metal1,281.6800,310.3500,4.499507
TAP_TAPCELL_ROW_75_926,VDD,Metal1,242.4800,310.3500,4.499503
TAP_TAPCELL_ROW_75_925,VDD,Metal1,203.2800,310.3500,4.499522
TAP_TAPCELL_ROW_75_924,VDD,Metal1,164.0800,310.3500,4.499537
TAP_TAPCELL_ROW_75_923,VDD,Metal1,124.8800,310.3500,4.499536
TAP_TAPCELL_ROW_75_922,VDD,Metal1,85.6800,310.3500,4.499541
TAP_TAPCELL_ROW_75_921,VDD,Metal1,46.4800,310.3500,4.499573
TAP_TAPCELL_ROW_74_920,VDD,Metal1,379.6800,309.0100,4.499581
TAP_TAPCELL_ROW_74_919,VDD,Metal1,340.4800,309.0100,4.499581
TAP_TAPCELL_ROW_74_918,VDD,Metal1,301.2800,309.0100,4.499533
TAP_TAPCELL_ROW_74_917,VDD,Metal1,262.0800,309.0100,4.499504
TAP_TAPCELL_ROW_74_916,VDD,Metal1,222.8800,309.0100,4.499513
TAP_TAPCELL_ROW_74_915,VDD,Metal1,183.6800,309.0100,4.499535
TAP_TAPCELL_ROW_74_914,VDD,Metal1,144.4800,309.0100,4.499536
TAP_TAPCELL_ROW_74_913,VDD,Metal1,105.2800,309.0100,4.499539
TAP_TAPCELL_ROW_74_912,VDD,Metal1,66.0800,309.0100,4.499563
TAP_TAPCELL_ROW_74_911,VDD,Metal1,26.8800,309.0100,4.499582
TAP_TAPCELL_ROW_73_910,VDD,Metal1,360.0800,302.5100,4.499474
TAP_TAPCELL_ROW_73_909,VDD,Metal1,320.8800,302.5100,4.499490
TAP_TAPCELL_ROW_73_908,VDD,Metal1,281.6800,302.5100,4.499412
TAP_TAPCELL_ROW_73_907,VDD,Metal1,242.4800,302.5100,4.499391
TAP_TAPCELL_ROW_73_906,VDD,Metal1,203.2800,302.5100,4.499385
TAP_TAPCELL_ROW_73_905,VDD,Metal1,164.0800,302.5100,4.499352
TAP_TAPCELL_ROW_73_904,VDD,Metal1,124.8800,302.5100,4.499301
TAP_TAPCELL_ROW_73_903,VDD,Metal1,85.6800,302.5100,4.499326
TAP_TAPCELL_ROW_73_902,VDD,Metal1,46.4800,302.5100,4.499392
TAP_TAPCELL_ROW_72_901,VDD,Metal1,379.6800,301.1700,4.499474
TAP_TAPCELL_ROW_72_900,VDD,Metal1,340.4800,301.1700,4.499495
TAP_TAPCELL_ROW_72_899,VDD,Metal1,301.2800,301.1700,4.499476
TAP_TAPCELL_ROW_72_898,VDD,Metal1,262.0800,301.1700,4.499399
TAP_TAPCELL_ROW_72_897,VDD,Metal1,222.8800,301.1700,4.499389
TAP_TAPCELL_ROW_72_896,VDD,Metal1,183.6800,301.1700,4.499386
TAP_TAPCELL_ROW_72_895,VDD,Metal1,144.4800,301.1700,4.499301
TAP_TAPCELL_ROW_72_894,VDD,Metal1,105.2800,301.1700,4.499311
TAP_TAPCELL_ROW_72_893,VDD,Metal1,66.0800,301.1700,4.499353
TAP_TAPCELL_ROW_72_892,VDD,Metal1,26.8800,301.1700,4.499407
TAP_TAPCELL_ROW_71_891,VDD,Metal1,360.0800,294.6700,4.499320
TAP_TAPCELL_ROW_71_890,VDD,Metal1,320.8800,294.6700,4.499326
TAP_TAPCELL_ROW_71_889,VDD,Metal1,281.6800,294.6700,4.499310
TAP_TAPCELL_ROW_71_888,VDD,Metal1,242.4800,294.6700,4.499272
TAP_TAPCELL_ROW_71_887,VDD,Metal1,203.2800,294.6700,4.499249
TAP_TAPCELL_ROW_71_886,VDD,Metal1,164.0800,294.6700,4.499145
TAP_TAPCELL_ROW_71_885,VDD,Metal1,124.8800,294.6700,4.499097
TAP_TAPCELL_ROW_71_884,VDD,Metal1,85.6800,294.6700,4.499089
TAP_TAPCELL_ROW_71_883,VDD,Metal1,46.4800,294.6700,4.499090
TAP_TAPCELL_ROW_70_882,VDD,Metal1,379.6800,293.3300,4.499320
TAP_TAPCELL_ROW_70_881,VDD,Metal1,340.4800,293.3300,4.499324
TAP_TAPCELL_ROW_70_880,VDD,Metal1,301.2800,293.3300,4.499318
TAP_TAPCELL_ROW_70_879,VDD,Metal1,262.0800,293.3300,4.499275
TAP_TAPCELL_ROW_70_878,VDD,Metal1,222.8800,293.3300,4.499249
TAP_TAPCELL_ROW_70_877,VDD,Metal1,183.6800,293.3300,4.499245
TAP_TAPCELL_ROW_70_876,VDD,Metal1,144.4800,293.3300,4.499145
TAP_TAPCELL_ROW_70_875,VDD,Metal1,105.2800,293.3300,4.499092
TAP_TAPCELL_ROW_70_874,VDD,Metal1,66.0800,293.3300,4.499089
TAP_TAPCELL_ROW_70_873,VDD,Metal1,26.8800,293.3300,4.499102
TAP_TAPCELL_ROW_69_872,VDD,Metal1,360.0800,286.8300,4.499638
TAP_TAPCELL_ROW_69_871,VDD,Metal1,320.8800,286.8300,4.499627
TAP_TAPCELL_ROW_69_870,VDD,Metal1,281.6800,286.8300,4.499609
TAP_TAPCELL_ROW_69_869,VDD,Metal1,242.4800,286.8300,4.499598
TAP_TAPCELL_ROW_69_868,VDD,Metal1,203.2800,286.8300,4.499575
TAP_TAPCELL_ROW_69_867,VDD,Metal1,164.0800,286.8300,4.499555
TAP_TAPCELL_ROW_69_866,VDD,Metal1,124.8800,286.8300,4.499536
TAP_TAPCELL_ROW_69_865,VDD,Metal1,85.6800,286.8300,4.499522
TAP_TAPCELL_ROW_69_864,VDD,Metal1,46.4800,286.8300,4.499510
TAP_TAPCELL_ROW_68_863,VDD,Metal1,379.6800,285.4900,4.499638
TAP_TAPCELL_ROW_68_862,VDD,Metal1,340.4800,285.4900,4.499638
TAP_TAPCELL_ROW_68_861,VDD,Metal1,301.2800,285.4900,4.499615
TAP_TAPCELL_ROW_68_860,VDD,Metal1,262.0800,285.4900,4.499604
TAP_TAPCELL_ROW_68_859,VDD,Metal1,222.8800,285.4900,4.499581
TAP_TAPCELL_ROW_68_858,VDD,Metal1,183.6800,285.4900,4.499571
TAP_TAPCELL_ROW_68_857,VDD,Metal1,144.4800,285.4900,4.499544
TAP_TAPCELL_ROW_68_856,VDD,Metal1,105.2800,285.4900,4.499528
TAP_TAPCELL_ROW_68_855,VDD,Metal1,66.0800,285.4900,4.499514
TAP_TAPCELL_ROW_68_854,VDD,Metal1,26.8800,285.4900,4.499510
TAP_TAPCELL_ROW_67_853,VDD,Metal1,360.0800,278.9900,4.499290
TAP_TAPCELL_ROW_67_852,VDD,Metal1,320.8800,278.9900,4.499299
TAP_TAPCELL_ROW_67_851,VDD,Metal1,281.6800,278.9900,4.499294
TAP_TAPCELL_ROW_67_850,VDD,Metal1,242.4800,278.9900,4.499314
TAP_TAPCELL_ROW_67_849,VDD,Metal1,203.2800,278.9900,4.499341
TAP_TAPCELL_ROW_67_848,VDD,Metal1,164.0800,278.9900,4.499351
TAP_TAPCELL_ROW_67_847,VDD,Metal1,124.8800,278.9900,4.499336
TAP_TAPCELL_ROW_67_846,VDD,Metal1,85.6800,278.9900,4.499308
TAP_TAPCELL_ROW_67_845,VDD,Metal1,46.4800,278.9900,4.499289
TAP_TAPCELL_ROW_66_844,VDD,Metal1,379.6800,277.6500,4.499290
TAP_TAPCELL_ROW_66_843,VDD,Metal1,340.4800,277.6500,4.499291
TAP_TAPCELL_ROW_66_842,VDD,Metal1,301.2800,277.6500,4.499296
TAP_TAPCELL_ROW_66_841,VDD,Metal1,262.0800,277.6500,4.499296
TAP_TAPCELL_ROW_66_840,VDD,Metal1,222.8800,277.6500,4.499325
TAP_TAPCELL_ROW_66_839,VDD,Metal1,183.6800,277.6500,4.499354
TAP_TAPCELL_ROW_66_838,VDD,Metal1,144.4800,277.6500,4.499342
TAP_TAPCELL_ROW_66_837,VDD,Metal1,105.2800,277.6500,4.499319
TAP_TAPCELL_ROW_66_836,VDD,Metal1,66.0800,277.6500,4.499289
TAP_TAPCELL_ROW_66_835,VDD,Metal1,26.8800,277.6500,4.499297
TAP_TAPCELL_ROW_65_834,VDD,Metal1,360.0800,271.1500,4.499539
TAP_TAPCELL_ROW_65_833,VDD,Metal1,320.8800,271.1500,4.499537
TAP_TAPCELL_ROW_65_832,VDD,Metal1,281.6800,271.1500,4.499499
TAP_TAPCELL_ROW_65_831,VDD,Metal1,242.4800,271.1500,4.499490
TAP_TAPCELL_ROW_65_830,VDD,Metal1,203.2800,271.1500,4.499489
TAP_TAPCELL_ROW_65_829,VDD,Metal1,164.0800,271.1500,4.499485
TAP_TAPCELL_ROW_65_828,VDD,Metal1,124.8800,271.1500,4.499394
TAP_TAPCELL_ROW_65_827,VDD,Metal1,85.6800,271.1500,4.499392
TAP_TAPCELL_ROW_65_826,VDD,Metal1,46.4800,271.1500,4.499396
TAP_TAPCELL_ROW_64_825,VDD,Metal1,379.6800,269.8100,4.499539
TAP_TAPCELL_ROW_64_824,VDD,Metal1,340.4800,269.8100,4.499540
TAP_TAPCELL_ROW_64_823,VDD,Metal1,301.2800,269.8100,4.499515
TAP_TAPCELL_ROW_64_822,VDD,Metal1,262.0800,269.8100,4.499492
TAP_TAPCELL_ROW_64_821,VDD,Metal1,222.8800,269.8100,4.499489
TAP_TAPCELL_ROW_64_820,VDD,Metal1,183.6800,269.8100,4.499488
TAP_TAPCELL_ROW_64_819,VDD,Metal1,144.4800,269.8100,4.499394
TAP_TAPCELL_ROW_64_818,VDD,Metal1,105.2800,269.8100,4.499393
TAP_TAPCELL_ROW_64_817,VDD,Metal1,66.0800,269.8100,4.499393
TAP_TAPCELL_ROW_64_816,VDD,Metal1,26.8800,269.8100,4.499401
TAP_TAPCELL_ROW_63_815,VDD,Metal1,360.0800,263.3100,4.499042
TAP_TAPCELL_ROW_63_814,VDD,Metal1,320.8800,263.3100,4.499025
TAP_TAPCELL_ROW_63_813,VDD,Metal1,281.6800,263.3100,4.498879
TAP_TAPCELL_ROW_63_812,VDD,Metal1,242.4800,263.3100,4.498885
TAP_TAPCELL_ROW_63_811,VDD,Metal1,203.2800,263.3100,4.498925
TAP_TAPCELL_ROW_63_810,VDD,Metal1,164.0800,263.3100,4.498956
TAP_TAPCELL_ROW_63_809,VDD,Metal1,124.8800,263.3100,4.498964
TAP_TAPCELL_ROW_63_808,VDD,Metal1,85.6800,263.3100,4.499004
TAP_TAPCELL_ROW_63_807,VDD,Metal1,46.4800,263.3100,4.499045
TAP_TAPCELL_ROW_62_806,VDD,Metal1,379.6800,261.9700,4.499042
TAP_TAPCELL_ROW_62_805,VDD,Metal1,340.4800,261.9700,4.499042
TAP_TAPCELL_ROW_62_804,VDD,Metal1,301.2800,261.9700,4.498893
TAP_TAPCELL_ROW_62_803,VDD,Metal1,262.0800,261.9700,4.498878
TAP_TAPCELL_ROW_62_802,VDD,Metal1,222.8800,261.9700,4.498916
TAP_TAPCELL_ROW_62_801,VDD,Metal1,183.6800,261.9700,4.498940
TAP_TAPCELL_ROW_62_800,VDD,Metal1,144.4800,261.9700,4.498959
TAP_TAPCELL_ROW_62_799,VDD,Metal1,105.2800,261.9700,4.498978
TAP_TAPCELL_ROW_62_798,VDD,Metal1,66.0800,261.9700,4.499033
TAP_TAPCELL_ROW_62_797,VDD,Metal1,26.8800,261.9700,4.499046
TAP_TAPCELL_ROW_61_796,VDD,Metal1,360.0800,255.4700,4.499334
TAP_TAPCELL_ROW_61_795,VDD,Metal1,320.8800,255.4700,4.499334
TAP_TAPCELL_ROW_61_794,VDD,Metal1,281.6800,255.4700,4.499314
TAP_TAPCELL_ROW_61_793,VDD,Metal1,242.4800,255.4700,4.499314
TAP_TAPCELL_ROW_61_792,VDD,Metal1,203.2800,255.4700,4.499314
TAP_TAPCELL_ROW_61_791,VDD,Metal1,164.0800,255.4700,4.499306
TAP_TAPCELL_ROW_61_790,VDD,Metal1,124.8800,255.4700,4.499284
TAP_TAPCELL_ROW_61_789,VDD,Metal1,85.6800,255.4700,4.499274
TAP_TAPCELL_ROW_61_788,VDD,Metal1,46.4800,255.4700,4.499277
TAP_TAPCELL_ROW_60_787,VDD,Metal1,379.6800,254.1300,4.499334
TAP_TAPCELL_ROW_60_786,VDD,Metal1,340.4800,254.1300,4.499334
TAP_TAPCELL_ROW_60_785,VDD,Metal1,301.2800,254.1300,4.499321
TAP_TAPCELL_ROW_60_784,VDD,Metal1,262.0800,254.1300,4.499314
TAP_TAPCELL_ROW_60_783,VDD,Metal1,222.8800,254.1300,4.499314
TAP_TAPCELL_ROW_60_782,VDD,Metal1,183.6800,254.1300,4.499314
TAP_TAPCELL_ROW_60_781,VDD,Metal1,144.4800,254.1300,4.499299
TAP_TAPCELL_ROW_60_780,VDD,Metal1,105.2800,254.1300,4.499279
TAP_TAPCELL_ROW_60_779,VDD,Metal1,66.0800,254.1300,4.499273
TAP_TAPCELL_ROW_60_778,VDD,Metal1,26.8800,254.1300,4.499285
TAP_TAPCELL_ROW_59_777,VDD,Metal1,360.0800,247.6300,4.499251
TAP_TAPCELL_ROW_59_776,VDD,Metal1,320.8800,247.6300,4.499254
TAP_TAPCELL_ROW_59_775,VDD,Metal1,281.6800,247.6300,4.499253
TAP_TAPCELL_ROW_59_774,VDD,Metal1,242.4800,247.6300,4.499252
TAP_TAPCELL_ROW_59_773,VDD,Metal1,203.2800,247.6300,4.499252
TAP_TAPCELL_ROW_59_772,VDD,Metal1,164.0800,247.6300,4.499267
TAP_TAPCELL_ROW_59_771,VDD,Metal1,124.8800,247.6300,4.499249
TAP_TAPCELL_ROW_59_770,VDD,Metal1,85.6800,247.6300,4.499266
TAP_TAPCELL_ROW_59_769,VDD,Metal1,46.4800,247.6300,4.499266
TAP_TAPCELL_ROW_58_768,VDD,Metal1,379.6800,246.2900,4.499251
TAP_TAPCELL_ROW_58_767,VDD,Metal1,340.4800,246.2900,4.499251
TAP_TAPCELL_ROW_58_766,VDD,Metal1,301.2800,246.2900,4.499253
TAP_TAPCELL_ROW_58_765,VDD,Metal1,262.0800,246.2900,4.499252
TAP_TAPCELL_ROW_58_764,VDD,Metal1,222.8800,246.2900,4.499252
TAP_TAPCELL_ROW_58_763,VDD,Metal1,183.6800,246.2900,4.499263
TAP_TAPCELL_ROW_58_762,VDD,Metal1,144.4800,246.2900,4.499250
TAP_TAPCELL_ROW_58_761,VDD,Metal1,105.2800,246.2900,4.499249
TAP_TAPCELL_ROW_58_760,VDD,Metal1,66.0800,246.2900,4.499266
TAP_TAPCELL_ROW_58_759,VDD,Metal1,26.8800,246.2900,4.499266
TAP_TAPCELL_ROW_57_758,VDD,Metal1,360.0800,239.7900,4.499344
TAP_TAPCELL_ROW_57_757,VDD,Metal1,320.8800,239.7900,4.499342
TAP_TAPCELL_ROW_57_756,VDD,Metal1,281.6800,239.7900,4.499330
TAP_TAPCELL_ROW_57_755,VDD,Metal1,242.4800,239.7900,4.499317
TAP_TAPCELL_ROW_57_754,VDD,Metal1,203.2800,239.7900,4.499294
TAP_TAPCELL_ROW_57_753,VDD,Metal1,164.0800,239.7900,4.499277
TAP_TAPCELL_ROW_57_752,VDD,Metal1,124.8800,239.7900,4.499236
TAP_TAPCELL_ROW_57_751,VDD,Metal1,85.6800,239.7900,4.499251
TAP_TAPCELL_ROW_57_750,VDD,Metal1,46.4800,239.7900,4.499251
TAP_TAPCELL_ROW_56_749,VDD,Metal1,379.6800,238.4500,4.499344
TAP_TAPCELL_ROW_56_748,VDD,Metal1,340.4800,238.4500,4.499344
TAP_TAPCELL_ROW_56_747,VDD,Metal1,301.2800,238.4500,4.499335
TAP_TAPCELL_ROW_56_746,VDD,Metal1,262.0800,238.4500,4.499325
TAP_TAPCELL_ROW_56_745,VDD,Metal1,222.8800,238.4500,4.499298
TAP_TAPCELL_ROW_56_744,VDD,Metal1,183.6800,238.4500,4.499279
TAP_TAPCELL_ROW_56_743,VDD,Metal1,144.4800,238.4500,4.499238
TAP_TAPCELL_ROW_56_742,VDD,Metal1,105.2800,238.4500,4.499246
TAP_TAPCELL_ROW_56_741,VDD,Metal1,66.0800,238.4500,4.499251
TAP_TAPCELL_ROW_56_740,VDD,Metal1,26.8800,238.4500,4.499257
TAP_TAPCELL_ROW_55_739,VDD,Metal1,360.0800,231.9500,4.499316
TAP_TAPCELL_ROW_55_738,VDD,Metal1,320.8800,231.9500,4.499317
TAP_TAPCELL_ROW_55_737,VDD,Metal1,281.6800,231.9500,4.499307
TAP_TAPCELL_ROW_55_736,VDD,Metal1,242.4800,231.9500,4.499284
TAP_TAPCELL_ROW_55_735,VDD,Metal1,203.2800,231.9500,4.499279
TAP_TAPCELL_ROW_55_734,VDD,Metal1,164.0800,231.9500,4.499289
TAP_TAPCELL_ROW_55_733,VDD,Metal1,124.8800,231.9500,4.499285
TAP_TAPCELL_ROW_55_732,VDD,Metal1,85.6800,231.9500,4.499211
TAP_TAPCELL_ROW_55_731,VDD,Metal1,46.4800,231.9500,4.499211
TAP_TAPCELL_ROW_54_730,VDD,Metal1,379.6800,230.6100,4.499316
TAP_TAPCELL_ROW_54_729,VDD,Metal1,340.4800,230.6100,4.499318
TAP_TAPCELL_ROW_54_728,VDD,Metal1,301.2800,230.6100,4.499313
TAP_TAPCELL_ROW_54_727,VDD,Metal1,262.0800,230.6100,4.499296
TAP_TAPCELL_ROW_54_726,VDD,Metal1,222.8800,230.6100,4.499279
TAP_TAPCELL_ROW_54_725,VDD,Metal1,183.6800,230.6100,4.499288
TAP_TAPCELL_ROW_54_724,VDD,Metal1,144.4800,230.6100,4.499285
TAP_TAPCELL_ROW_54_723,VDD,Metal1,105.2800,230.6100,4.499280
TAP_TAPCELL_ROW_54_722,VDD,Metal1,66.0800,230.6100,4.499211
TAP_TAPCELL_ROW_54_721,VDD,Metal1,26.8800,230.6100,4.499213
TAP_TAPCELL_ROW_53_720,VDD,Metal1,360.0800,224.1100,4.499040
TAP_TAPCELL_ROW_53_719,VDD,Metal1,320.8800,224.1100,4.499077
TAP_TAPCELL_ROW_53_718,VDD,Metal1,281.6800,224.1100,4.499070
TAP_TAPCELL_ROW_53_717,VDD,Metal1,242.4800,224.1100,4.499069
TAP_TAPCELL_ROW_53_716,VDD,Metal1,203.2800,224.1100,4.499068
TAP_TAPCELL_ROW_53_715,VDD,Metal1,164.0800,224.1100,4.499018
TAP_TAPCELL_ROW_53_714,VDD,Metal1,124.8800,224.1100,4.499005
TAP_TAPCELL_ROW_53_713,VDD,Metal1,85.6800,224.1100,4.499012
TAP_TAPCELL_ROW_53_712,VDD,Metal1,46.4800,224.1100,4.499027
TAP_TAPCELL_ROW_52_711,VDD,Metal1,379.6800,222.7700,4.499040
TAP_TAPCELL_ROW_52_710,VDD,Metal1,340.4800,222.7700,4.499047
TAP_TAPCELL_ROW_52_709,VDD,Metal1,301.2800,222.7700,4.499070
TAP_TAPCELL_ROW_52_708,VDD,Metal1,262.0800,222.7700,4.499069
TAP_TAPCELL_ROW_52_707,VDD,Metal1,222.8800,222.7700,4.499068
TAP_TAPCELL_ROW_52_706,VDD,Metal1,183.6800,222.7700,4.499071
TAP_TAPCELL_ROW_52_705,VDD,Metal1,144.4800,222.7700,4.499004
TAP_TAPCELL_ROW_52_704,VDD,Metal1,105.2800,222.7700,4.499009
TAP_TAPCELL_ROW_52_703,VDD,Metal1,66.0800,222.7700,4.499023
TAP_TAPCELL_ROW_52_702,VDD,Metal1,26.8800,222.7700,4.499040
TAP_TAPCELL_ROW_51_701,VDD,Metal1,360.0800,216.2700,4.498969
TAP_TAPCELL_ROW_51_700,VDD,Metal1,320.8800,216.2700,4.498978
TAP_TAPCELL_ROW_51_699,VDD,Metal1,281.6800,216.2700,4.498949
TAP_TAPCELL_ROW_51_698,VDD,Metal1,242.4800,216.2700,4.498943
TAP_TAPCELL_ROW_51_697,VDD,Metal1,203.2800,216.2700,4.498988
TAP_TAPCELL_ROW_51_696,VDD,Metal1,164.0800,216.2700,4.499094
TAP_TAPCELL_ROW_51_695,VDD,Metal1,124.8800,216.2700,4.499123
TAP_TAPCELL_ROW_51_694,VDD,Metal1,85.6800,216.2700,4.499177
TAP_TAPCELL_ROW_51_693,VDD,Metal1,46.4800,216.2700,4.499207
TAP_TAPCELL_ROW_50_692,VDD,Metal1,379.6800,214.9300,4.498969
TAP_TAPCELL_ROW_50_691,VDD,Metal1,340.4800,214.9300,4.498974
TAP_TAPCELL_ROW_50_690,VDD,Metal1,301.2800,214.9300,4.498977
TAP_TAPCELL_ROW_50_689,VDD,Metal1,262.0800,214.9300,4.498944
TAP_TAPCELL_ROW_50_688,VDD,Metal1,222.8800,214.9300,4.498957
TAP_TAPCELL_ROW_50_687,VDD,Metal1,183.6800,214.9300,4.499054
TAP_TAPCELL_ROW_50_686,VDD,Metal1,144.4800,214.9300,4.499118
TAP_TAPCELL_ROW_50_685,VDD,Metal1,105.2800,214.9300,4.499153
TAP_TAPCELL_ROW_50_684,VDD,Metal1,66.0800,214.9300,4.499178
TAP_TAPCELL_ROW_50_683,VDD,Metal1,26.8800,214.9300,4.499207
TAP_TAPCELL_ROW_49_682,VDD,Metal1,360.0800,208.4300,4.498756
TAP_TAPCELL_ROW_49_681,VDD,Metal1,320.8800,208.4300,4.498758
TAP_TAPCELL_ROW_49_680,VDD,Metal1,281.6800,208.4300,4.498753
TAP_TAPCELL_ROW_49_679,VDD,Metal1,242.4800,208.4300,4.498706
TAP_TAPCELL_ROW_49_678,VDD,Metal1,203.2800,208.4300,4.498696
TAP_TAPCELL_ROW_49_677,VDD,Metal1,164.0800,208.4300,4.498699
TAP_TAPCELL_ROW_49_676,VDD,Metal1,124.8800,208.4300,4.498685
TAP_TAPCELL_ROW_49_675,VDD,Metal1,85.6800,208.4300,4.498709
TAP_TAPCELL_ROW_49_674,VDD,Metal1,46.4800,208.4300,4.498717
TAP_TAPCELL_ROW_48_673,VDD,Metal1,379.6800,207.0900,4.498754
TAP_TAPCELL_ROW_48_672,VDD,Metal1,340.4800,207.0900,4.498758
TAP_TAPCELL_ROW_48_671,VDD,Metal1,301.2800,207.0900,4.498755
TAP_TAPCELL_ROW_48_670,VDD,Metal1,262.0800,207.0900,4.498714
TAP_TAPCELL_ROW_48_669,VDD,Metal1,222.8800,207.0900,4.498704
TAP_TAPCELL_ROW_48_668,VDD,Metal1,183.6800,207.0900,4.498724
TAP_TAPCELL_ROW_48_667,VDD,Metal1,144.4800,207.0900,4.498685
TAP_TAPCELL_ROW_48_666,VDD,Metal1,105.2800,207.0900,4.498692
TAP_TAPCELL_ROW_48_665,VDD,Metal1,66.0800,207.0900,4.498716
TAP_TAPCELL_ROW_48_664,VDD,Metal1,26.8800,207.0900,4.498746
TAP_TAPCELL_ROW_47_663,VDD,Metal1,360.0800,200.5900,4.499211
TAP_TAPCELL_ROW_47_662,VDD,Metal1,320.8800,200.5900,4.499221
TAP_TAPCELL_ROW_47_661,VDD,Metal1,281.6800,200.5900,4.499205
TAP_TAPCELL_ROW_47_660,VDD,Metal1,242.4800,200.5900,4.499196
TAP_TAPCELL_ROW_47_659,VDD,Metal1,203.2800,200.5900,4.499192
TAP_TAPCELL_ROW_47_658,VDD,Metal1,164.0800,200.5900,4.499193
TAP_TAPCELL_ROW_47_657,VDD,Metal1,124.8800,200.5900,4.499208
TAP_TAPCELL_ROW_47_656,VDD,Metal1,85.6800,200.5900,4.499225
TAP_TAPCELL_ROW_47_655,VDD,Metal1,46.4800,200.5900,4.499244
TAP_TAPCELL_ROW_46_654,VDD,Metal1,379.6800,199.2500,4.499209
TAP_TAPCELL_ROW_46_653,VDD,Metal1,340.4800,199.2500,4.499225
TAP_TAPCELL_ROW_46_652,VDD,Metal1,301.2800,199.2500,4.499215
TAP_TAPCELL_ROW_46_651,VDD,Metal1,262.0800,199.2500,4.499202
TAP_TAPCELL_ROW_46_650,VDD,Metal1,222.8800,199.2500,4.499193
TAP_TAPCELL_ROW_46_649,VDD,Metal1,183.6800,199.2500,4.499193
TAP_TAPCELL_ROW_46_648,VDD,Metal1,144.4800,199.2500,4.499199
TAP_TAPCELL_ROW_46_647,VDD,Metal1,105.2800,199.2500,4.499212
TAP_TAPCELL_ROW_46_646,VDD,Metal1,66.0800,199.2500,4.499237
TAP_TAPCELL_ROW_46_645,VDD,Metal1,26.8800,199.2500,4.499253
TAP_TAPCELL_ROW_45_644,VDD,Metal1,360.0800,192.7500,4.498831
TAP_TAPCELL_ROW_45_643,VDD,Metal1,320.8800,192.7500,4.498832
TAP_TAPCELL_ROW_45_642,VDD,Metal1,281.6800,192.7500,4.498786
TAP_TAPCELL_ROW_45_641,VDD,Metal1,242.4800,192.7500,4.498777
TAP_TAPCELL_ROW_45_640,VDD,Metal1,203.2800,192.7500,4.498759
TAP_TAPCELL_ROW_45_639,VDD,Metal1,164.0800,192.7500,4.498910
TAP_TAPCELL_ROW_45_638,VDD,Metal1,124.8800,192.7500,4.498910
TAP_TAPCELL_ROW_45_637,VDD,Metal1,85.6800,192.7500,4.498913
TAP_TAPCELL_ROW_45_636,VDD,Metal1,46.4800,192.7500,4.498939
TAP_TAPCELL_ROW_44_635,VDD,Metal1,379.6800,191.4100,4.498826
TAP_TAPCELL_ROW_44_634,VDD,Metal1,340.4800,191.4100,4.498832
TAP_TAPCELL_ROW_44_633,VDD,Metal1,301.2800,191.4100,4.498812
TAP_TAPCELL_ROW_44_632,VDD,Metal1,262.0800,191.4100,4.498784
TAP_TAPCELL_ROW_44_631,VDD,Metal1,222.8800,191.4100,4.498764
TAP_TAPCELL_ROW_44_630,VDD,Metal1,183.6800,191.4100,4.498766
TAP_TAPCELL_ROW_44_629,VDD,Metal1,144.4800,191.4100,4.498910
TAP_TAPCELL_ROW_44_628,VDD,Metal1,105.2800,191.4100,4.498910
TAP_TAPCELL_ROW_44_627,VDD,Metal1,66.0800,191.4100,4.498927
TAP_TAPCELL_ROW_44_626,VDD,Metal1,26.8800,191.4100,4.498946
TAP_TAPCELL_ROW_43_625,VDD,Metal1,360.0800,184.9100,4.498753
TAP_TAPCELL_ROW_43_624,VDD,Metal1,320.8800,184.9100,4.498847
TAP_TAPCELL_ROW_43_623,VDD,Metal1,281.6800,184.9100,4.498842
TAP_TAPCELL_ROW_43_622,VDD,Metal1,242.4800,184.9100,4.498848
TAP_TAPCELL_ROW_43_621,VDD,Metal1,203.2800,184.9100,4.498858
TAP_TAPCELL_ROW_43_620,VDD,Metal1,164.0800,184.9100,4.498860
TAP_TAPCELL_ROW_43_619,VDD,Metal1,124.8800,184.9100,4.498858
TAP_TAPCELL_ROW_43_618,VDD,Metal1,85.6800,184.9100,4.498860
TAP_TAPCELL_ROW_43_617,VDD,Metal1,46.4800,184.9100,4.498924
TAP_TAPCELL_ROW_42_616,VDD,Metal1,379.6800,183.5700,4.498748
TAP_TAPCELL_ROW_42_615,VDD,Metal1,340.4800,183.5700,4.498759
TAP_TAPCELL_ROW_42_614,VDD,Metal1,301.2800,183.5700,4.498843
TAP_TAPCELL_ROW_42_613,VDD,Metal1,262.0800,183.5700,4.498846
TAP_TAPCELL_ROW_42_612,VDD,Metal1,222.8800,183.5700,4.498853
TAP_TAPCELL_ROW_42_611,VDD,Metal1,183.6800,183.5700,4.498868
TAP_TAPCELL_ROW_42_610,VDD,Metal1,144.4800,183.5700,4.498858
TAP_TAPCELL_ROW_42_609,VDD,Metal1,105.2800,183.5700,4.498860
TAP_TAPCELL_ROW_42_608,VDD,Metal1,66.0800,183.5700,4.498913
TAP_TAPCELL_ROW_42_607,VDD,Metal1,26.8800,183.5700,4.498946
TAP_TAPCELL_ROW_41_606,VDD,Metal1,360.0800,177.0700,4.499023
TAP_TAPCELL_ROW_41_605,VDD,Metal1,320.8800,177.0700,4.499020
TAP_TAPCELL_ROW_41_604,VDD,Metal1,281.6800,177.0700,4.499007
TAP_TAPCELL_ROW_41_603,VDD,Metal1,242.4800,177.0700,4.498987
TAP_TAPCELL_ROW_41_602,VDD,Metal1,203.2800,177.0700,4.498986
TAP_TAPCELL_ROW_41_601,VDD,Metal1,164.0800,177.0700,4.498975
TAP_TAPCELL_ROW_41_600,VDD,Metal1,124.8800,177.0700,4.498921
TAP_TAPCELL_ROW_41_599,VDD,Metal1,85.6800,177.0700,4.498916
TAP_TAPCELL_ROW_41_598,VDD,Metal1,46.4800,177.0700,4.498920
TAP_TAPCELL_ROW_40_597,VDD,Metal1,379.6800,175.7300,4.499020
TAP_TAPCELL_ROW_40_596,VDD,Metal1,340.4800,175.7300,4.499028
TAP_TAPCELL_ROW_40_595,VDD,Metal1,301.2800,175.7300,4.499008
TAP_TAPCELL_ROW_40_594,VDD,Metal1,262.0800,175.7300,4.498993
TAP_TAPCELL_ROW_40_593,VDD,Metal1,222.8800,175.7300,4.498986
TAP_TAPCELL_ROW_40_592,VDD,Metal1,183.6800,175.7300,4.498986
TAP_TAPCELL_ROW_40_591,VDD,Metal1,144.4800,175.7300,4.498925
TAP_TAPCELL_ROW_40_590,VDD,Metal1,105.2800,175.7300,4.498916
TAP_TAPCELL_ROW_40_589,VDD,Metal1,66.0800,175.7300,4.498918
TAP_TAPCELL_ROW_40_588,VDD,Metal1,26.8800,175.7300,4.498944
TAP_TAPCELL_ROW_39_587,VDD,Metal1,360.0800,169.2300,4.499226
TAP_TAPCELL_ROW_39_586,VDD,Metal1,320.8800,169.2300,4.499223
TAP_TAPCELL_ROW_39_585,VDD,Metal1,281.6800,169.2300,4.499204
TAP_TAPCELL_ROW_39_584,VDD,Metal1,242.4800,169.2300,4.499171
TAP_TAPCELL_ROW_39_583,VDD,Metal1,203.2800,169.2300,4.499133
TAP_TAPCELL_ROW_39_582,VDD,Metal1,164.0800,169.2300,4.499115
TAP_TAPCELL_ROW_39_581,VDD,Metal1,124.8800,169.2300,4.499087
TAP_TAPCELL_ROW_39_580,VDD,Metal1,85.6800,169.2300,4.499083
TAP_TAPCELL_ROW_39_579,VDD,Metal1,46.4800,169.2300,4.499086
TAP_TAPCELL_ROW_38_578,VDD,Metal1,379.6800,167.8900,4.499222
TAP_TAPCELL_ROW_38_577,VDD,Metal1,340.4800,167.8900,4.499233
TAP_TAPCELL_ROW_38_576,VDD,Metal1,301.2800,167.8900,4.499217
TAP_TAPCELL_ROW_38_575,VDD,Metal1,262.0800,167.8900,4.499195
TAP_TAPCELL_ROW_38_574,VDD,Metal1,222.8800,167.8900,4.499136
TAP_TAPCELL_ROW_38_573,VDD,Metal1,183.6800,167.8900,4.499134
TAP_TAPCELL_ROW_38_572,VDD,Metal1,144.4800,167.8900,4.499092
TAP_TAPCELL_ROW_38_571,VDD,Metal1,105.2800,167.8900,4.499084
TAP_TAPCELL_ROW_38_570,VDD,Metal1,66.0800,167.8900,4.499085
TAP_TAPCELL_ROW_38_569,VDD,Metal1,26.8800,167.8900,4.499091
TAP_TAPCELL_ROW_37_568,VDD,Metal1,360.0800,161.3900,4.499094
TAP_TAPCELL_ROW_37_567,VDD,Metal1,320.8800,161.3900,4.499092
TAP_TAPCELL_ROW_37_566,VDD,Metal1,281.6800,161.3900,4.499008
TAP_TAPCELL_ROW_37_565,VDD,Metal1,242.4800,161.3900,4.498982
TAP_TAPCELL_ROW_37_564,VDD,Metal1,203.2800,161.3900,4.498914
TAP_TAPCELL_ROW_37_563,VDD,Metal1,164.0800,161.3900,4.498886
TAP_TAPCELL_ROW_37_562,VDD,Metal1,124.8800,161.3900,4.498869
TAP_TAPCELL_ROW_37_561,VDD,Metal1,85.6800,161.3900,4.498840
TAP_TAPCELL_ROW_37_560,VDD,Metal1,46.4800,161.3900,4.498855
TAP_TAPCELL_ROW_36_559,VDD,Metal1,379.6800,160.0500,4.499091
TAP_TAPCELL_ROW_36_558,VDD,Metal1,340.4800,160.0500,4.499099
TAP_TAPCELL_ROW_36_557,VDD,Metal1,301.2800,160.0500,4.499082
TAP_TAPCELL_ROW_36_556,VDD,Metal1,262.0800,160.0500,4.498983
TAP_TAPCELL_ROW_36_555,VDD,Metal1,222.8800,160.0500,4.498918
TAP_TAPCELL_ROW_36_554,VDD,Metal1,183.6800,160.0500,4.498911
TAP_TAPCELL_ROW_36_553,VDD,Metal1,144.4800,160.0500,4.498869
TAP_TAPCELL_ROW_36_552,VDD,Metal1,105.2800,160.0500,4.498842
TAP_TAPCELL_ROW_36_551,VDD,Metal1,66.0800,160.0500,4.498824
TAP_TAPCELL_ROW_36_550,VDD,Metal1,26.8800,160.0500,4.498858
TAP_TAPCELL_ROW_35_549,VDD,Metal1,360.0800,153.5500,4.499227
TAP_TAPCELL_ROW_35_548,VDD,Metal1,320.8800,153.5500,4.499200
TAP_TAPCELL_ROW_35_547,VDD,Metal1,281.6800,153.5500,4.499175
TAP_TAPCELL_ROW_35_546,VDD,Metal1,242.4800,153.5500,4.499173
TAP_TAPCELL_ROW_35_545,VDD,Metal1,203.2800,153.5500,4.499187
TAP_TAPCELL_ROW_35_544,VDD,Metal1,164.0800,153.5500,4.499201
TAP_TAPCELL_ROW_35_543,VDD,Metal1,124.8800,153.5500,4.499201
TAP_TAPCELL_ROW_35_542,VDD,Metal1,85.6800,153.5500,4.499204
TAP_TAPCELL_ROW_35_541,VDD,Metal1,46.4800,153.5500,4.499206
TAP_TAPCELL_ROW_34_540,VDD,Metal1,379.6800,152.2100,4.499227
TAP_TAPCELL_ROW_34_539,VDD,Metal1,340.4800,152.2100,4.499232
TAP_TAPCELL_ROW_34_538,VDD,Metal1,301.2800,152.2100,4.499185
TAP_TAPCELL_ROW_34_537,VDD,Metal1,262.0800,152.2100,4.499171
TAP_TAPCELL_ROW_34_536,VDD,Metal1,222.8800,152.2100,4.499173
TAP_TAPCELL_ROW_34_535,VDD,Metal1,183.6800,152.2100,4.499188
TAP_TAPCELL_ROW_34_534,VDD,Metal1,144.4800,152.2100,4.499200
TAP_TAPCELL_ROW_34_533,VDD,Metal1,105.2800,152.2100,4.499201
TAP_TAPCELL_ROW_34_532,VDD,Metal1,66.0800,152.2100,4.499206
TAP_TAPCELL_ROW_34_531,VDD,Metal1,26.8800,152.2100,4.499221
TAP_TAPCELL_ROW_33_530,VDD,Metal1,360.0800,145.7100,4.498958
TAP_TAPCELL_ROW_33_529,VDD,Metal1,320.8800,145.7100,4.498959
TAP_TAPCELL_ROW_33_528,VDD,Metal1,281.6800,145.7100,4.498945
TAP_TAPCELL_ROW_33_527,VDD,Metal1,242.4800,145.7100,4.498930
TAP_TAPCELL_ROW_33_526,VDD,Metal1,203.2800,145.7100,4.498941
TAP_TAPCELL_ROW_33_525,VDD,Metal1,164.0800,145.7100,4.499009
TAP_TAPCELL_ROW_33_524,VDD,Metal1,124.8800,145.7100,4.499008
TAP_TAPCELL_ROW_33_523,VDD,Metal1,85.6800,145.7100,4.499006
TAP_TAPCELL_ROW_33_522,VDD,Metal1,46.4800,145.7100,4.499041
TAP_TAPCELL_ROW_32_521,VDD,Metal1,379.6800,144.3700,4.498954
TAP_TAPCELL_ROW_32_520,VDD,Metal1,340.4800,144.3700,4.498960
TAP_TAPCELL_ROW_32_519,VDD,Metal1,301.2800,144.3700,4.498959
TAP_TAPCELL_ROW_32_518,VDD,Metal1,262.0800,144.3700,4.498936
TAP_TAPCELL_ROW_32_517,VDD,Metal1,222.8800,144.3700,4.498934
TAP_TAPCELL_ROW_32_516,VDD,Metal1,183.6800,144.3700,4.498967
TAP_TAPCELL_ROW_32_515,VDD,Metal1,144.4800,144.3700,4.499008
TAP_TAPCELL_ROW_32_514,VDD,Metal1,105.2800,144.3700,4.499006
TAP_TAPCELL_ROW_32_513,VDD,Metal1,66.0800,144.3700,4.499014
TAP_TAPCELL_ROW_32_512,VDD,Metal1,26.8800,144.3700,4.499054
TAP_TAPCELL_ROW_31_511,VDD,Metal1,360.0800,137.8700,4.499231
TAP_TAPCELL_ROW_31_510,VDD,Metal1,320.8800,137.8700,4.499239
TAP_TAPCELL_ROW_31_509,VDD,Metal1,281.6800,137.8700,4.499194
TAP_TAPCELL_ROW_31_508,VDD,Metal1,242.4800,137.8700,4.499186
TAP_TAPCELL_ROW_31_507,VDD,Metal1,203.2800,137.8700,4.499249
TAP_TAPCELL_ROW_31_506,VDD,Metal1,164.0800,137.8700,4.499259
TAP_TAPCELL_ROW_31_505,VDD,Metal1,124.8800,137.8700,4.499258
TAP_TAPCELL_ROW_31_504,VDD,Metal1,85.6800,137.8700,4.499258
TAP_TAPCELL_ROW_31_503,VDD,Metal1,46.4800,137.8700,4.499287
TAP_TAPCELL_ROW_30_502,VDD,Metal1,379.6800,136.5300,4.499228
TAP_TAPCELL_ROW_30_501,VDD,Metal1,340.4800,136.5300,4.499237
TAP_TAPCELL_ROW_30_500,VDD,Metal1,301.2800,136.5300,4.499221
TAP_TAPCELL_ROW_30_499,VDD,Metal1,262.0800,136.5300,4.499189
TAP_TAPCELL_ROW_30_498,VDD,Metal1,222.8800,136.5300,4.499207
TAP_TAPCELL_ROW_30_497,VDD,Metal1,183.6800,136.5300,4.499255
TAP_TAPCELL_ROW_30_496,VDD,Metal1,144.4800,136.5300,4.499259
TAP_TAPCELL_ROW_30_495,VDD,Metal1,105.2800,136.5300,4.499258
TAP_TAPCELL_ROW_30_494,VDD,Metal1,66.0800,136.5300,4.499258
TAP_TAPCELL_ROW_30_493,VDD,Metal1,26.8800,136.5300,4.499296
TAP_TAPCELL_ROW_29_492,VDD,Metal1,360.0800,130.0300,4.499010
TAP_TAPCELL_ROW_29_491,VDD,Metal1,320.8800,130.0300,4.499019
TAP_TAPCELL_ROW_29_490,VDD,Metal1,281.6800,130.0300,4.499021
TAP_TAPCELL_ROW_29_489,VDD,Metal1,242.4800,130.0300,4.499036
TAP_TAPCELL_ROW_29_488,VDD,Metal1,203.2800,130.0300,4.499048
TAP_TAPCELL_ROW_29_487,VDD,Metal1,164.0800,130.0300,4.499069
TAP_TAPCELL_ROW_29_486,VDD,Metal1,124.8800,130.0300,4.499058
TAP_TAPCELL_ROW_29_485,VDD,Metal1,85.6800,130.0300,4.499058
TAP_TAPCELL_ROW_29_484,VDD,Metal1,46.4800,130.0300,4.499058
TAP_TAPCELL_ROW_28_483,VDD,Metal1,379.6800,128.6900,4.499004
TAP_TAPCELL_ROW_28_482,VDD,Metal1,340.4800,128.6900,4.499015
TAP_TAPCELL_ROW_28_481,VDD,Metal1,301.2800,128.6900,4.499018
TAP_TAPCELL_ROW_28_480,VDD,Metal1,262.0800,128.6900,4.499035
TAP_TAPCELL_ROW_28_479,VDD,Metal1,222.8800,128.6900,4.499039
TAP_TAPCELL_ROW_28_478,VDD,Metal1,183.6800,128.6900,4.499060
TAP_TAPCELL_ROW_28_477,VDD,Metal1,144.4800,128.6900,4.499062
TAP_TAPCELL_ROW_28_476,VDD,Metal1,105.2800,128.6900,4.499058
TAP_TAPCELL_ROW_28_475,VDD,Metal1,66.0800,128.6900,4.499057
TAP_TAPCELL_ROW_28_474,VDD,Metal1,26.8800,128.6900,4.499068
TAP_TAPCELL_ROW_27_473,VDD,Metal1,360.0800,122.1900,4.498920
TAP_TAPCELL_ROW_27_472,VDD,Metal1,320.8800,122.1900,4.498920
TAP_TAPCELL_ROW_27_471,VDD,Metal1,281.6800,122.1900,4.498907
TAP_TAPCELL_ROW_27_470,VDD,Metal1,242.4800,122.1900,4.498887
TAP_TAPCELL_ROW_27_469,VDD,Metal1,203.2800,122.1900,4.498887
TAP_TAPCELL_ROW_27_468,VDD,Metal1,164.0800,122.1900,4.498929
TAP_TAPCELL_ROW_27_467,VDD,Metal1,124.8800,122.1900,4.498927
TAP_TAPCELL_ROW_27_466,VDD,Metal1,85.6800,122.1900,4.498932
TAP_TAPCELL_ROW_27_465,VDD,Metal1,46.4800,122.1900,4.498956
TAP_TAPCELL_ROW_26_464,VDD,Metal1,379.6800,120.8500,4.498917
TAP_TAPCELL_ROW_26_463,VDD,Metal1,340.4800,120.8500,4.498931
TAP_TAPCELL_ROW_26_462,VDD,Metal1,301.2800,120.8500,4.498911
TAP_TAPCELL_ROW_26_461,VDD,Metal1,262.0800,120.8500,4.498899
TAP_TAPCELL_ROW_26_460,VDD,Metal1,222.8800,120.8500,4.498886
TAP_TAPCELL_ROW_26_459,VDD,Metal1,183.6800,120.8500,4.498928
TAP_TAPCELL_ROW_26_458,VDD,Metal1,144.4800,120.8500,4.498926
TAP_TAPCELL_ROW_26_457,VDD,Metal1,105.2800,120.8500,4.498932
TAP_TAPCELL_ROW_26_456,VDD,Metal1,66.0800,120.8500,4.498932
TAP_TAPCELL_ROW_26_455,VDD,Metal1,26.8800,120.8500,4.498976
TAP_TAPCELL_ROW_25_454,VDD,Metal1,360.0800,114.3500,4.499516
TAP_TAPCELL_ROW_25_453,VDD,Metal1,320.8800,114.3500,4.499519
TAP_TAPCELL_ROW_25_452,VDD,Metal1,281.6800,114.3500,4.499515
TAP_TAPCELL_ROW_25_451,VDD,Metal1,242.4800,114.3500,4.499505
TAP_TAPCELL_ROW_25_450,VDD,Metal1,203.2800,114.3500,4.499524
TAP_TAPCELL_ROW_25_449,VDD,Metal1,164.0800,114.3500,4.499533
TAP_TAPCELL_ROW_25_448,VDD,Metal1,124.8800,114.3500,4.499532
TAP_TAPCELL_ROW_25_447,VDD,Metal1,85.6800,114.3500,4.499507
TAP_TAPCELL_ROW_25_446,VDD,Metal1,46.4800,114.3500,4.499507
TAP_TAPCELL_ROW_24_445,VDD,Metal1,379.6800,113.0100,4.499515
TAP_TAPCELL_ROW_24_444,VDD,Metal1,340.4800,113.0100,4.499522
TAP_TAPCELL_ROW_24_443,VDD,Metal1,301.2800,113.0100,4.499517
TAP_TAPCELL_ROW_24_442,VDD,Metal1,262.0800,113.0100,4.499504
TAP_TAPCELL_ROW_24_441,VDD,Metal1,222.8800,113.0100,4.499507
TAP_TAPCELL_ROW_24_440,VDD,Metal1,183.6800,113.0100,4.499533
TAP_TAPCELL_ROW_24_439,VDD,Metal1,144.4800,113.0100,4.499533
TAP_TAPCELL_ROW_24_438,VDD,Metal1,105.2800,113.0100,4.499532
TAP_TAPCELL_ROW_24_437,VDD,Metal1,66.0800,113.0100,4.499507
TAP_TAPCELL_ROW_24_436,VDD,Metal1,26.8800,113.0100,4.499515
TAP_TAPCELL_ROW_23_435,VDD,Metal1,360.0800,106.5100,4.499254
TAP_TAPCELL_ROW_23_434,VDD,Metal1,320.8800,106.5100,4.499255
TAP_TAPCELL_ROW_23_433,VDD,Metal1,281.6800,106.5100,4.499268
TAP_TAPCELL_ROW_23_432,VDD,Metal1,242.4800,106.5100,4.499314
TAP_TAPCELL_ROW_23_431,VDD,Metal1,203.2800,106.5100,4.499329
TAP_TAPCELL_ROW_23_430,VDD,Metal1,164.0800,106.5100,4.499361
TAP_TAPCELL_ROW_23_429,VDD,Metal1,124.8800,106.5100,4.499368
TAP_TAPCELL_ROW_23_428,VDD,Metal1,85.6800,106.5100,4.499373
TAP_TAPCELL_ROW_23_427,VDD,Metal1,46.4800,106.5100,4.499373
TAP_TAPCELL_ROW_22_426,VDD,Metal1,379.6800,105.1700,4.499253
TAP_TAPCELL_ROW_22_425,VDD,Metal1,340.4800,105.1700,4.499255
TAP_TAPCELL_ROW_22_424,VDD,Metal1,301.2800,105.1700,4.499256
TAP_TAPCELL_ROW_22_423,VDD,Metal1,262.0800,105.1700,4.499301
TAP_TAPCELL_ROW_22_422,VDD,Metal1,222.8800,105.1700,4.499319
TAP_TAPCELL_ROW_22_421,VDD,Metal1,183.6800,105.1700,4.499351
TAP_TAPCELL_ROW_22_420,VDD,Metal1,144.4800,105.1700,4.499364
TAP_TAPCELL_ROW_22_419,VDD,Metal1,105.2800,105.1700,4.499373
TAP_TAPCELL_ROW_22_418,VDD,Metal1,66.0800,105.1700,4.499373
TAP_TAPCELL_ROW_22_417,VDD,Metal1,26.8800,105.1700,4.499374
TAP_TAPCELL_ROW_21_416,VDD,Metal1,360.0800,98.6700,4.499568
TAP_TAPCELL_ROW_21_415,VDD,Metal1,320.8800,98.6700,4.499567
TAP_TAPCELL_ROW_21_414,VDD,Metal1,281.6800,98.6700,4.499544
TAP_TAPCELL_ROW_21_413,VDD,Metal1,242.4800,98.6700,4.499495
TAP_TAPCELL_ROW_21_412,VDD,Metal1,203.2800,98.6700,4.499485
TAP_TAPCELL_ROW_21_411,VDD,Metal1,164.0800,98.6700,4.499469
TAP_TAPCELL_ROW_21_410,VDD,Metal1,124.8800,98.6700,4.499428
TAP_TAPCELL_ROW_21_409,VDD,Metal1,85.6800,98.6700,4.499426
TAP_TAPCELL_ROW_21_408,VDD,Metal1,46.4800,98.6700,4.499427
TAP_TAPCELL_ROW_20_407,VDD,Metal1,379.6800,97.3300,4.499567
TAP_TAPCELL_ROW_20_406,VDD,Metal1,340.4800,97.3300,4.499569
TAP_TAPCELL_ROW_20_405,VDD,Metal1,301.2800,97.3300,4.499553
TAP_TAPCELL_ROW_20_404,VDD,Metal1,262.0800,97.3300,4.499502
TAP_TAPCELL_ROW_20_403,VDD,Metal1,222.8800,97.3300,4.499488
TAP_TAPCELL_ROW_20_402,VDD,Metal1,183.6800,97.3300,4.499469
TAP_TAPCELL_ROW_20_401,VDD,Metal1,144.4800,97.3300,4.499462
TAP_TAPCELL_ROW_20_400,VDD,Metal1,105.2800,97.3300,4.499428
TAP_TAPCELL_ROW_20_399,VDD,Metal1,66.0800,97.3300,4.499426
TAP_TAPCELL_ROW_20_398,VDD,Metal1,26.8800,97.3300,4.499435
TAP_TAPCELL_ROW_19_397,VDD,Metal1,360.0800,90.8300,4.499147
TAP_TAPCELL_ROW_19_396,VDD,Metal1,320.8800,90.8300,4.499149
TAP_TAPCELL_ROW_19_395,VDD,Metal1,281.6800,90.8300,4.499155
TAP_TAPCELL_ROW_19_394,VDD,Metal1,242.4800,90.8300,4.499169
TAP_TAPCELL_ROW_19_393,VDD,Metal1,203.2800,90.8300,4.499182
TAP_TAPCELL_ROW_19_392,VDD,Metal1,164.0800,90.8300,4.499246
TAP_TAPCELL_ROW_19_391,VDD,Metal1,124.8800,90.8300,4.499241
TAP_TAPCELL_ROW_19_390,VDD,Metal1,85.6800,90.8300,4.499237
TAP_TAPCELL_ROW_19_389,VDD,Metal1,46.4800,90.8300,4.499238
TAP_TAPCELL_ROW_18_388,VDD,Metal1,379.6800,89.4900,4.499145
TAP_TAPCELL_ROW_18_387,VDD,Metal1,340.4800,89.4900,4.499147
TAP_TAPCELL_ROW_18_386,VDD,Metal1,301.2800,89.4900,4.499147
TAP_TAPCELL_ROW_18_385,VDD,Metal1,262.0800,89.4900,4.499163
TAP_TAPCELL_ROW_18_384,VDD,Metal1,222.8800,89.4900,4.499173
TAP_TAPCELL_ROW_18_383,VDD,Metal1,183.6800,89.4900,4.499266
TAP_TAPCELL_ROW_18_382,VDD,Metal1,144.4800,89.4900,4.499242
TAP_TAPCELL_ROW_18_381,VDD,Metal1,105.2800,89.4900,4.499237
TAP_TAPCELL_ROW_18_380,VDD,Metal1,66.0800,89.4900,4.499237
TAP_TAPCELL_ROW_18_379,VDD,Metal1,26.8800,89.4900,4.499238
TAP_TAPCELL_ROW_17_378,VDD,Metal1,360.0800,82.9900,4.499603
TAP_TAPCELL_ROW_17_377,VDD,Metal1,320.8800,82.9900,4.499609
TAP_TAPCELL_ROW_17_376,VDD,Metal1,281.6800,82.9900,4.499595
TAP_TAPCELL_ROW_17_375,VDD,Metal1,242.4800,82.9900,4.499579
TAP_TAPCELL_ROW_17_374,VDD,Metal1,203.2800,82.9900,4.499561
TAP_TAPCELL_ROW_17_373,VDD,Metal1,164.0800,82.9900,4.499541
TAP_TAPCELL_ROW_17_372,VDD,Metal1,124.8800,82.9900,4.499507
TAP_TAPCELL_ROW_17_371,VDD,Metal1,85.6800,82.9900,4.499576
TAP_TAPCELL_ROW_17_370,VDD,Metal1,46.4800,82.9900,4.499598
TAP_TAPCELL_ROW_16_369,VDD,Metal1,379.6800,81.6500,4.499602
TAP_TAPCELL_ROW_16_368,VDD,Metal1,340.4800,81.6500,4.499606
TAP_TAPCELL_ROW_16_367,VDD,Metal1,301.2800,81.6500,4.499604
TAP_TAPCELL_ROW_16_366,VDD,Metal1,262.0800,81.6500,4.499581
TAP_TAPCELL_ROW_16_365,VDD,Metal1,222.8800,81.6500,4.499574
TAP_TAPCELL_ROW_16_364,VDD,Metal1,183.6800,81.6500,4.499558
TAP_TAPCELL_ROW_16_363,VDD,Metal1,144.4800,81.6500,4.499514
TAP_TAPCELL_ROW_16_362,VDD,Metal1,105.2800,81.6500,4.499573
TAP_TAPCELL_ROW_16_361,VDD,Metal1,66.0800,81.6500,4.499595
TAP_TAPCELL_ROW_16_360,VDD,Metal1,26.8800,81.6500,4.499598
TAP_TAPCELL_ROW_15_359,VDD,Metal1,360.0800,75.1500,4.499238
TAP_TAPCELL_ROW_15_358,VDD,Metal1,320.8800,75.1500,4.499237
TAP_TAPCELL_ROW_15_357,VDD,Metal1,281.6800,75.1500,4.499235
TAP_TAPCELL_ROW_15_356,VDD,Metal1,242.4800,75.1500,4.499242
TAP_TAPCELL_ROW_15_355,VDD,Metal1,203.2800,75.1500,4.499257
TAP_TAPCELL_ROW_15_354,VDD,Metal1,164.0800,75.1500,4.499283
TAP_TAPCELL_ROW_15_353,VDD,Metal1,124.8800,75.1500,4.499283
TAP_TAPCELL_ROW_15_352,VDD,Metal1,85.6800,75.1500,4.499294
TAP_TAPCELL_ROW_15_351,VDD,Metal1,46.4800,75.1500,4.499302
TAP_TAPCELL_ROW_14_350,VDD,Metal1,379.6800,73.8100,4.499238
TAP_TAPCELL_ROW_14_349,VDD,Metal1,340.4800,73.8100,4.499238
TAP_TAPCELL_ROW_14_348,VDD,Metal1,301.2800,73.8100,4.499237
TAP_TAPCELL_ROW_14_347,VDD,Metal1,262.0800,73.8100,4.499238
TAP_TAPCELL_ROW_14_346,VDD,Metal1,222.8800,73.8100,4.499246
TAP_TAPCELL_ROW_14_345,VDD,Metal1,183.6800,73.8100,4.499280
TAP_TAPCELL_ROW_14_344,VDD,Metal1,144.4800,73.8100,4.499282
TAP_TAPCELL_ROW_14_343,VDD,Metal1,105.2800,73.8100,4.499284
TAP_TAPCELL_ROW_14_342,VDD,Metal1,66.0800,73.8100,4.499300
TAP_TAPCELL_ROW_14_341,VDD,Metal1,26.8800,73.8100,4.499328
TAP_TAPCELL_ROW_13_340,VDD,Metal1,360.0800,67.3100,4.499426
TAP_TAPCELL_ROW_13_339,VDD,Metal1,320.8800,67.3100,4.499396
TAP_TAPCELL_ROW_13_338,VDD,Metal1,281.6800,67.3100,4.499094
TAP_TAPCELL_ROW_13_337,VDD,Metal1,242.4800,67.3100,4.499082
TAP_TAPCELL_ROW_13_336,VDD,Metal1,203.2800,67.3100,4.499059
TAP_TAPCELL_ROW_13_335,VDD,Metal1,164.0800,67.3100,4.499046
TAP_TAPCELL_ROW_13_334,VDD,Metal1,124.8800,67.3100,4.499033
TAP_TAPCELL_ROW_13_333,VDD,Metal1,85.6800,67.3100,4.499050
TAP_TAPCELL_ROW_13_332,VDD,Metal1,46.4800,67.3100,4.499082
TAP_TAPCELL_ROW_12_331,VDD,Metal1,379.6800,65.9700,4.499426
TAP_TAPCELL_ROW_12_330,VDD,Metal1,340.4800,65.9700,4.499426
TAP_TAPCELL_ROW_12_329,VDD,Metal1,301.2800,65.9700,4.499095
TAP_TAPCELL_ROW_12_328,VDD,Metal1,262.0800,65.9700,4.499087
TAP_TAPCELL_ROW_12_327,VDD,Metal1,222.8800,65.9700,4.499065
TAP_TAPCELL_ROW_12_326,VDD,Metal1,183.6800,65.9700,4.499051
TAP_TAPCELL_ROW_12_325,VDD,Metal1,144.4800,65.9700,4.499045
TAP_TAPCELL_ROW_12_324,VDD,Metal1,105.2800,65.9700,4.499039
TAP_TAPCELL_ROW_12_323,VDD,Metal1,66.0800,65.9700,4.499077
TAP_TAPCELL_ROW_12_322,VDD,Metal1,26.8800,65.9700,4.499096
TAP_TAPCELL_ROW_11_321,VDD,Metal1,360.0800,59.4700,4.499023
TAP_TAPCELL_ROW_11_320,VDD,Metal1,320.8800,59.4700,4.498995
TAP_TAPCELL_ROW_11_319,VDD,Metal1,281.6800,59.4700,4.498994
TAP_TAPCELL_ROW_11_318,VDD,Metal1,242.4800,59.4700,4.498984
TAP_TAPCELL_ROW_11_317,VDD,Metal1,203.2800,59.4700,4.499006
TAP_TAPCELL_ROW_11_316,VDD,Metal1,164.0800,59.4700,4.499009
TAP_TAPCELL_ROW_11_315,VDD,Metal1,124.8800,59.4700,4.499007
TAP_TAPCELL_ROW_11_314,VDD,Metal1,85.6800,59.4700,4.499018
TAP_TAPCELL_ROW_11_313,VDD,Metal1,46.4800,59.4700,4.499077
TAP_TAPCELL_ROW_10_312,VDD,Metal1,379.6800,58.1300,4.499023
TAP_TAPCELL_ROW_10_311,VDD,Metal1,340.4800,58.1300,4.499023
TAP_TAPCELL_ROW_10_310,VDD,Metal1,301.2800,58.1300,4.498994
TAP_TAPCELL_ROW_10_309,VDD,Metal1,262.0800,58.1300,4.498986
TAP_TAPCELL_ROW_10_308,VDD,Metal1,222.8800,58.1300,4.498998
TAP_TAPCELL_ROW_10_307,VDD,Metal1,183.6800,58.1300,4.499010
TAP_TAPCELL_ROW_10_306,VDD,Metal1,144.4800,58.1300,4.499007
TAP_TAPCELL_ROW_10_305,VDD,Metal1,105.2800,58.1300,4.499012
TAP_TAPCELL_ROW_10_304,VDD,Metal1,66.0800,58.1300,4.499068
TAP_TAPCELL_ROW_10_303,VDD,Metal1,26.8800,58.1300,4.499077
TAP_TAPCELL_ROW_9_302,VDD,Metal1,360.0800,51.6300,4.498746
TAP_TAPCELL_ROW_9_301,VDD,Metal1,320.8800,51.6300,4.498702
TAP_TAPCELL_ROW_9_300,VDD,Metal1,281.6800,51.6300,4.498647
TAP_TAPCELL_ROW_9_299,VDD,Metal1,242.4800,51.6300,4.498639
TAP_TAPCELL_ROW_9_298,VDD,Metal1,203.2800,51.6300,4.498641
TAP_TAPCELL_ROW_9_297,VDD,Metal1,164.0800,51.6300,4.498672
TAP_TAPCELL_ROW_9_296,VDD,Metal1,124.8800,51.6300,4.498641
TAP_TAPCELL_ROW_9_295,VDD,Metal1,85.6800,51.6300,4.498653
TAP_TAPCELL_ROW_9_294,VDD,Metal1,46.4800,51.6300,4.498680
TAP_TAPCELL_ROW_8_293,VDD,Metal1,379.6800,50.2900,4.498746
TAP_TAPCELL_ROW_8_292,VDD,Metal1,340.4800,50.2900,4.498746
TAP_TAPCELL_ROW_8_291,VDD,Metal1,301.2800,50.2900,4.498681
TAP_TAPCELL_ROW_8_290,VDD,Metal1,262.0800,50.2900,4.498643
TAP_TAPCELL_ROW_8_289,VDD,Metal1,222.8800,50.2900,4.498639
TAP_TAPCELL_ROW_8_288,VDD,Metal1,183.6800,50.2900,4.498679
TAP_TAPCELL_ROW_8_287,VDD,Metal1,144.4800,50.2900,4.498646
TAP_TAPCELL_ROW_8_286,VDD,Metal1,105.2800,50.2900,4.498642
TAP_TAPCELL_ROW_8_285,VDD,Metal1,66.0800,50.2900,4.498670
TAP_TAPCELL_ROW_8_284,VDD,Metal1,26.8800,50.2900,4.498692
TAP_TAPCELL_ROW_7_283,VDD,Metal1,360.0800,43.7900,4.499019
TAP_TAPCELL_ROW_7_282,VDD,Metal1,320.8800,43.7900,4.498996
TAP_TAPCELL_ROW_7_281,VDD,Metal1,281.6800,43.7900,4.498960
TAP_TAPCELL_ROW_7_280,VDD,Metal1,242.4800,43.7900,4.498952
TAP_TAPCELL_ROW_7_279,VDD,Metal1,203.2800,43.7900,4.498902
TAP_TAPCELL_ROW_7_278,VDD,Metal1,164.0800,43.7900,4.498892
TAP_TAPCELL_ROW_7_277,VDD,Metal1,124.8800,43.7900,4.498884
TAP_TAPCELL_ROW_7_276,VDD,Metal1,85.6800,43.7900,4.498899
TAP_TAPCELL_ROW_7_275,VDD,Metal1,46.4800,43.7900,4.499138
TAP_TAPCELL_ROW_6_274,VDD,Metal1,379.6800,42.4500,4.499019
TAP_TAPCELL_ROW_6_273,VDD,Metal1,340.4800,42.4500,4.499020
TAP_TAPCELL_ROW_6_272,VDD,Metal1,301.2800,42.4500,4.498971
TAP_TAPCELL_ROW_6_271,VDD,Metal1,262.0800,42.4500,4.498959
TAP_TAPCELL_ROW_6_270,VDD,Metal1,222.8800,42.4500,4.498923
TAP_TAPCELL_ROW_6_269,VDD,Metal1,183.6800,42.4500,4.498893
TAP_TAPCELL_ROW_6_268,VDD,Metal1,144.4800,42.4500,4.498889
TAP_TAPCELL_ROW_6_267,VDD,Metal1,105.2800,42.4500,4.498881
TAP_TAPCELL_ROW_6_266,VDD,Metal1,66.0800,42.4500,4.499056
TAP_TAPCELL_ROW_6_265,VDD,Metal1,26.8800,42.4500,4.499146
TAP_TAPCELL_ROW_5_264,VDD,Metal1,360.0800,35.9500,4.499450
TAP_TAPCELL_ROW_5_263,VDD,Metal1,320.8800,35.9500,4.499451
TAP_TAPCELL_ROW_5_262,VDD,Metal1,281.6800,35.9500,4.499448
TAP_TAPCELL_ROW_5_261,VDD,Metal1,242.4800,35.9500,4.499427
TAP_TAPCELL_ROW_5_260,VDD,Metal1,203.2800,35.9500,4.499418
TAP_TAPCELL_ROW_5_259,VDD,Metal1,164.0800,35.9500,4.499330
TAP_TAPCELL_ROW_5_258,VDD,Metal1,124.8800,35.9500,4.499315
TAP_TAPCELL_ROW_5_257,VDD,Metal1,85.6800,35.9500,4.499199
TAP_TAPCELL_ROW_5_256,VDD,Metal1,46.4800,35.9500,4.499218
TAP_TAPCELL_ROW_4_255,VDD,Metal1,379.6800,34.6100,4.499450
TAP_TAPCELL_ROW_4_254,VDD,Metal1,340.4800,34.6100,4.499450
TAP_TAPCELL_ROW_4_253,VDD,Metal1,301.2800,34.6100,4.499448
TAP_TAPCELL_ROW_4_252,VDD,Metal1,262.0800,34.6100,4.499441
TAP_TAPCELL_ROW_4_251,VDD,Metal1,222.8800,34.6100,4.499424
TAP_TAPCELL_ROW_4_250,VDD,Metal1,183.6800,34.6100,4.499404
TAP_TAPCELL_ROW_4_249,VDD,Metal1,144.4800,34.6100,4.499323
TAP_TAPCELL_ROW_4_248,VDD,Metal1,105.2800,34.6100,4.499201
TAP_TAPCELL_ROW_4_247,VDD,Metal1,66.0800,34.6100,4.499205
TAP_TAPCELL_ROW_4_246,VDD,Metal1,26.8800,34.6100,4.499261
TAP_TAPCELL_ROW_3_245,VDD,Metal1,360.0800,28.1100,4.499232
TAP_TAPCELL_ROW_3_244,VDD,Metal1,320.8800,28.1100,4.499196
TAP_TAPCELL_ROW_3_243,VDD,Metal1,281.6800,28.1100,4.499181
TAP_TAPCELL_ROW_3_242,VDD,Metal1,242.4800,28.1100,4.499156
TAP_TAPCELL_ROW_3_241,VDD,Metal1,203.2800,28.1100,4.499132
TAP_TAPCELL_ROW_3_240,VDD,Metal1,164.0800,28.1100,4.499128
TAP_TAPCELL_ROW_3_239,VDD,Metal1,124.8800,28.1100,4.499119
TAP_TAPCELL_ROW_3_238,VDD,Metal1,85.6800,28.1100,4.499129
TAP_TAPCELL_ROW_3_237,VDD,Metal1,46.4800,28.1100,4.499161
TAP_TAPCELL_ROW_2_236,VDD,Metal1,379.6800,26.7700,4.499232
TAP_TAPCELL_ROW_2_235,VDD,Metal1,340.4800,26.7700,4.499232
TAP_TAPCELL_ROW_2_234,VDD,Metal1,301.2800,26.7700,4.499182
TAP_TAPCELL_ROW_2_233,VDD,Metal1,262.0800,26.7700,4.499181
TAP_TAPCELL_ROW_2_232,VDD,Metal1,222.8800,26.7700,4.499134
TAP_TAPCELL_ROW_2_231,VDD,Metal1,183.6800,26.7700,4.499132
TAP_TAPCELL_ROW_2_230,VDD,Metal1,144.4800,26.7700,4.499122
TAP_TAPCELL_ROW_2_229,VDD,Metal1,105.2800,26.7700,4.499119
TAP_TAPCELL_ROW_2_228,VDD,Metal1,66.0800,26.7700,4.499156
TAP_TAPCELL_ROW_2_227,VDD,Metal1,26.8800,26.7700,4.499207
TAP_TAPCELL_ROW_1_226,VDD,Metal1,360.0800,20.2700,4.499722
TAP_TAPCELL_ROW_1_225,VDD,Metal1,320.8800,20.2700,4.499722
TAP_TAPCELL_ROW_1_224,VDD,Metal1,281.6800,20.2700,4.499721
TAP_TAPCELL_ROW_1_223,VDD,Metal1,242.4800,20.2700,4.499680
TAP_TAPCELL_ROW_1_222,VDD,Metal1,203.2800,20.2700,4.499488
TAP_TAPCELL_ROW_1_221,VDD,Metal1,164.0800,20.2700,4.499478
TAP_TAPCELL_ROW_1_220,VDD,Metal1,124.8800,20.2700,4.499448
TAP_TAPCELL_ROW_1_219,VDD,Metal1,85.6800,20.2700,4.499425
TAP_TAPCELL_ROW_1_218,VDD,Metal1,46.4800,20.2700,4.499427
TAP_TAPCELL_ROW_0_217,VDD,Metal1,388.0800,18.9300,4.499722
TAP_TAPCELL_ROW_0_216,VDD,Metal1,369.0400,18.9300,4.499722
TAP_TAPCELL_ROW_0_215,VDD,Metal1,350.0000,18.9300,4.499722
TAP_TAPCELL_ROW_0_214,VDD,Metal1,330.9600,18.9300,4.499722
TAP_TAPCELL_ROW_0_213,VDD,Metal1,311.9200,18.9300,4.499721
TAP_TAPCELL_ROW_0_212,VDD,Metal1,292.8800,18.9300,4.499721
TAP_TAPCELL_ROW_0_211,VDD,Metal1,273.8400,18.9300,4.499718
TAP_TAPCELL_ROW_0_210,VDD,Metal1,254.8000,18.9300,4.499702
TAP_TAPCELL_ROW_0_209,VDD,Metal1,235.7600,18.9300,4.499676
TAP_TAPCELL_ROW_0_208,VDD,Metal1,216.7200,18.9300,4.499493
TAP_TAPCELL_ROW_0_207,VDD,Metal1,197.6800,18.9300,4.499488
TAP_TAPCELL_ROW_0_206,VDD,Metal1,178.6400,18.9300,4.499488
TAP_TAPCELL_ROW_0_205,VDD,Metal1,159.6000,18.9300,4.499476
TAP_TAPCELL_ROW_0_204,VDD,Metal1,140.5600,18.9300,4.499460
TAP_TAPCELL_ROW_0_203,VDD,Metal1,121.5200,18.9300,4.499445
TAP_TAPCELL_ROW_0_202,VDD,Metal1,102.4800,18.9300,4.499435
TAP_TAPCELL_ROW_0_201,VDD,Metal1,83.4400,18.9300,4.499425
TAP_TAPCELL_ROW_0_200,VDD,Metal1,64.4000,18.9300,4.499425
TAP_TAPCELL_ROW_0_199,VDD,Metal1,45.3600,18.9300,4.499431
TAP_TAPCELL_ROW_0_198,VDD,Metal1,26.3200,18.9300,4.499463
PHY_EDGE_ROW_98_Left_197,VDD,Metal1,7.2730,403.0880,4.499983
PHY_EDGE_ROW_97_Left_196,VDD,Metal1,7.2730,396.5915,4.499851
PHY_EDGE_ROW_96_Left_195,VDD,Metal1,7.2730,395.2480,4.499851
PHY_EDGE_ROW_95_Left_194,VDD,Metal1,7.2730,388.7515,4.499746
PHY_EDGE_ROW_94_Left_193,VDD,Metal1,7.2730,387.4080,4.499746
PHY_EDGE_ROW_93_Left_192,VDD,Metal1,7.2730,380.9115,4.499824
PHY_EDGE_ROW_92_Left_191,VDD,Metal1,7.2730,379.5680,4.499824
PHY_EDGE_ROW_91_Left_190,VDD,Metal1,7.2730,373.0715,4.499787
PHY_EDGE_ROW_90_Left_189,VDD,Metal1,7.2730,371.7280,4.499787
PHY_EDGE_ROW_89_Left_188,VDD,Metal1,7.2730,365.2315,4.499709
PHY_EDGE_ROW_88_Left_187,VDD,Metal1,7.2730,363.8880,4.499709
PHY_EDGE_ROW_87_Left_186,VDD,Metal1,7.2730,357.3915,4.499457
PHY_EDGE_ROW_86_Left_185,VDD,Metal1,7.2730,356.0480,4.499457
PHY_EDGE_ROW_85_Left_184,VDD,Metal1,7.2730,349.5515,4.499406
PHY_EDGE_ROW_84_Left_183,VDD,Metal1,7.2730,348.2080,4.499406
PHY_EDGE_ROW_83_Left_182,VDD,Metal1,7.2730,341.7115,4.498834
PHY_EDGE_ROW_82_Left_181,VDD,Metal1,7.2730,340.3680,4.498834
PHY_EDGE_ROW_81_Left_180,VDD,Metal1,7.2730,333.8715,4.499121
PHY_EDGE_ROW_80_Left_179,VDD,Metal1,7.2730,332.5280,4.499121
PHY_EDGE_ROW_79_Left_178,VDD,Metal1,7.2730,326.0315,4.499271
PHY_EDGE_ROW_78_Left_177,VDD,Metal1,7.2730,324.6880,4.499271
PHY_EDGE_ROW_77_Left_176,VDD,Metal1,7.2730,318.1915,4.499127
PHY_EDGE_ROW_76_Left_175,VDD,Metal1,7.2730,316.8480,4.499127
PHY_EDGE_ROW_75_Left_174,VDD,Metal1,7.2730,310.3515,4.499639
PHY_EDGE_ROW_74_Left_173,VDD,Metal1,7.2730,309.0080,4.499639
PHY_EDGE_ROW_73_Left_172,VDD,Metal1,7.2730,302.5115,4.499411
PHY_EDGE_ROW_72_Left_171,VDD,Metal1,7.2730,301.1680,4.499411
PHY_EDGE_ROW_71_Left_170,VDD,Metal1,7.2730,294.6715,4.499114
PHY_EDGE_ROW_70_Left_169,VDD,Metal1,7.2730,293.3280,4.499114
PHY_EDGE_ROW_69_Left_168,VDD,Metal1,7.2730,286.8315,4.499510
PHY_EDGE_ROW_68_Left_167,VDD,Metal1,7.2730,285.4880,4.499510
PHY_EDGE_ROW_67_Left_166,VDD,Metal1,7.2730,278.9915,4.499300
PHY_EDGE_ROW_66_Left_165,VDD,Metal1,7.2730,277.6480,4.499300
PHY_EDGE_ROW_65_Left_164,VDD,Metal1,7.2730,271.1515,4.499401
PHY_EDGE_ROW_64_Left_163,VDD,Metal1,7.2730,269.8080,4.499401
PHY_EDGE_ROW_63_Left_162,VDD,Metal1,7.2730,263.3115,4.499046
PHY_EDGE_ROW_62_Left_161,VDD,Metal1,7.2730,261.9680,4.499046
PHY_EDGE_ROW_61_Left_160,VDD,Metal1,7.2730,255.4715,4.499290
PHY_EDGE_ROW_60_Left_159,VDD,Metal1,7.2730,254.1280,4.499290
PHY_EDGE_ROW_59_Left_158,VDD,Metal1,7.2730,247.6315,4.499264
PHY_EDGE_ROW_58_Left_157,VDD,Metal1,7.2730,246.2880,4.499264
PHY_EDGE_ROW_57_Left_156,VDD,Metal1,7.2730,239.7915,4.499257
PHY_EDGE_ROW_56_Left_155,VDD,Metal1,7.2730,238.4480,4.499257
PHY_EDGE_ROW_55_Left_154,VDD,Metal1,7.2730,231.9515,4.499220
PHY_EDGE_ROW_54_Left_153,VDD,Metal1,7.2730,230.6080,4.499220
PHY_EDGE_ROW_53_Left_152,VDD,Metal1,7.2730,224.1115,4.499040
PHY_EDGE_ROW_52_Left_151,VDD,Metal1,7.2730,222.7680,4.499040
PHY_EDGE_ROW_51_Left_150,VDD,Metal1,7.2730,216.2715,4.499207
PHY_EDGE_ROW_50_Left_149,VDD,Metal1,7.2730,214.9280,4.499207
PHY_EDGE_ROW_49_Left_148,VDD,Metal1,7.2730,208.4315,4.498759
PHY_EDGE_ROW_48_Left_147,VDD,Metal1,7.2730,207.0880,4.498759
PHY_EDGE_ROW_47_Left_146,VDD,Metal1,7.2730,200.5915,4.499253
PHY_EDGE_ROW_46_Left_145,VDD,Metal1,7.2730,199.2480,4.499253
PHY_EDGE_ROW_45_Left_144,VDD,Metal1,7.2730,192.7515,4.498963
PHY_EDGE_ROW_44_Left_143,VDD,Metal1,7.2730,191.4080,4.498963
PHY_EDGE_ROW_43_Left_142,VDD,Metal1,7.2730,184.9115,4.498946
PHY_EDGE_ROW_42_Left_141,VDD,Metal1,7.2730,183.5680,4.498946
PHY_EDGE_ROW_41_Left_140,VDD,Metal1,7.2730,177.0715,4.498959
PHY_EDGE_ROW_40_Left_139,VDD,Metal1,7.2730,175.7280,4.498959
PHY_EDGE_ROW_39_Left_138,VDD,Metal1,7.2730,169.2315,4.499105
PHY_EDGE_ROW_38_Left_137,VDD,Metal1,7.2730,167.8880,4.499105
PHY_EDGE_ROW_37_Left_136,VDD,Metal1,7.2730,161.3915,4.498870
PHY_EDGE_ROW_36_Left_135,VDD,Metal1,7.2730,160.0480,4.498870
PHY_EDGE_ROW_35_Left_134,VDD,Metal1,7.2730,153.5515,4.499221
PHY_EDGE_ROW_34_Left_133,VDD,Metal1,7.2730,152.2080,4.499221
PHY_EDGE_ROW_33_Left_132,VDD,Metal1,7.2730,145.7115,4.499051
PHY_EDGE_ROW_32_Left_131,VDD,Metal1,7.2730,144.3680,4.499051
PHY_EDGE_ROW_31_Left_130,VDD,Metal1,7.2730,137.8715,4.499295
PHY_EDGE_ROW_30_Left_129,VDD,Metal1,7.2730,136.5280,4.499295
PHY_EDGE_ROW_29_Left_128,VDD,Metal1,7.2730,130.0315,4.499127
PHY_EDGE_ROW_28_Left_127,VDD,Metal1,7.2730,128.6880,4.499127
PHY_EDGE_ROW_27_Left_126,VDD,Metal1,7.2730,122.1915,4.498956
PHY_EDGE_ROW_26_Left_125,VDD,Metal1,7.2730,120.8480,4.498956
PHY_EDGE_ROW_25_Left_124,VDD,Metal1,7.2730,114.3515,4.499517
PHY_EDGE_ROW_24_Left_123,VDD,Metal1,7.2730,113.0080,4.499517
PHY_EDGE_ROW_23_Left_122,VDD,Metal1,7.2730,106.5115,4.499370
PHY_EDGE_ROW_22_Left_121,VDD,Metal1,7.2730,105.1680,4.499370
PHY_EDGE_ROW_21_Left_120,VDD,Metal1,7.2730,98.6715,4.499441
PHY_EDGE_ROW_20_Left_119,VDD,Metal1,7.2730,97.3280,4.499441
PHY_EDGE_ROW_19_Left_118,VDD,Metal1,7.2730,90.8315,4.499232
PHY_EDGE_ROW_18_Left_117,VDD,Metal1,7.2730,89.4880,4.499232
PHY_EDGE_ROW_17_Left_116,VDD,Metal1,7.2730,82.9915,4.499600
PHY_EDGE_ROW_16_Left_115,VDD,Metal1,7.2730,81.6480,4.499600
PHY_EDGE_ROW_15_Left_114,VDD,Metal1,7.2730,75.1515,4.499327
PHY_EDGE_ROW_14_Left_113,VDD,Metal1,7.2730,73.8080,4.499327
PHY_EDGE_ROW_13_Left_112,VDD,Metal1,7.2730,67.3115,4.499227
PHY_EDGE_ROW_12_Left_111,VDD,Metal1,7.2730,65.9680,4.499227
PHY_EDGE_ROW_11_Left_110,VDD,Metal1,7.2730,59.4715,4.499077
PHY_EDGE_ROW_10_Left_109,VDD,Metal1,7.2730,58.1280,4.499077
PHY_EDGE_ROW_9_Left_108,VDD,Metal1,7.2730,51.6315,4.498692
PHY_EDGE_ROW_8_Left_107,VDD,Metal1,7.2730,50.2880,4.498692
PHY_EDGE_ROW_7_Left_106,VDD,Metal1,7.2730,43.7915,4.499146
PHY_EDGE_ROW_6_Left_105,VDD,Metal1,7.2730,42.4480,4.499146
PHY_EDGE_ROW_5_Left_104,VDD,Metal1,7.2730,35.9515,4.499271
PHY_EDGE_ROW_4_Left_103,VDD,Metal1,7.2730,34.6080,4.499271
PHY_EDGE_ROW_3_Left_102,VDD,Metal1,7.2730,28.1115,4.499219
PHY_EDGE_ROW_2_Left_101,VDD,Metal1,7.2730,26.7680,4.499219
PHY_EDGE_ROW_1_Left_100,VDD,Metal1,7.2730,20.2715,4.499467
PHY_EDGE_ROW_0_Left_99,VDD,Metal1,7.2730,18.9280,4.499467
PHY_EDGE_ROW_98_Right_98,VDD,Metal1,395.9265,403.0880,4.499976
PHY_EDGE_ROW_97_Right_97,VDD,Metal1,395.9265,396.5915,4.499846
PHY_EDGE_ROW_96_Right_96,VDD,Metal1,395.9265,395.2480,4.499846
PHY_EDGE_ROW_95_Right_95,VDD,Metal1,395.9265,388.7515,4.499717
PHY_EDGE_ROW_94_Right_94,VDD,Metal1,395.9265,387.4080,4.499717
PHY_EDGE_ROW_93_Right_93,VDD,Metal1,395.9265,380.9115,4.499776
PHY_EDGE_ROW_92_Right_92,VDD,Metal1,395.9265,379.5680,4.499776
PHY_EDGE_ROW_91_Right_91,VDD,Metal1,395.9265,373.0715,4.499767
PHY_EDGE_ROW_90_Right_90,VDD,Metal1,395.9265,371.7280,4.499767
PHY_EDGE_ROW_89_Right_89,VDD,Metal1,395.9265,365.2315,4.499718
PHY_EDGE_ROW_88_Right_88,VDD,Metal1,395.9265,363.8880,4.499718
PHY_EDGE_ROW_87_Right_87,VDD,Metal1,395.9265,357.3915,4.499447
PHY_EDGE_ROW_86_Right_86,VDD,Metal1,395.9265,356.0480,4.499447
PHY_EDGE_ROW_85_Right_85,VDD,Metal1,395.9265,349.5515,4.499406
PHY_EDGE_ROW_84_Right_84,VDD,Metal1,395.9265,348.2080,4.499406
PHY_EDGE_ROW_83_Right_83,VDD,Metal1,395.9265,341.7115,4.498731
PHY_EDGE_ROW_82_Right_82,VDD,Metal1,395.9265,340.3680,4.498731
PHY_EDGE_ROW_81_Right_81,VDD,Metal1,395.9265,333.8715,4.499181
PHY_EDGE_ROW_80_Right_80,VDD,Metal1,395.9265,332.5280,4.499181
PHY_EDGE_ROW_79_Right_79,VDD,Metal1,395.9265,326.0315,4.499051
PHY_EDGE_ROW_78_Right_78,VDD,Metal1,395.9265,324.6880,4.499051
PHY_EDGE_ROW_77_Right_77,VDD,Metal1,395.9265,318.1915,4.499220
PHY_EDGE_ROW_76_Right_76,VDD,Metal1,395.9265,316.8480,4.499220
PHY_EDGE_ROW_75_Right_75,VDD,Metal1,395.9265,310.3515,4.499581
PHY_EDGE_ROW_74_Right_74,VDD,Metal1,395.9265,309.0080,4.499581
PHY_EDGE_ROW_73_Right_73,VDD,Metal1,395.9265,302.5115,4.499474
PHY_EDGE_ROW_72_Right_72,VDD,Metal1,395.9265,301.1680,4.499474
PHY_EDGE_ROW_71_Right_71,VDD,Metal1,395.9265,294.6715,4.499320
PHY_EDGE_ROW_70_Right_70,VDD,Metal1,395.9265,293.3280,4.499320
PHY_EDGE_ROW_69_Right_69,VDD,Metal1,395.9265,286.8315,4.499638
PHY_EDGE_ROW_68_Right_68,VDD,Metal1,395.9265,285.4880,4.499638
PHY_EDGE_ROW_67_Right_67,VDD,Metal1,395.9265,278.9915,4.499290
PHY_EDGE_ROW_66_Right_66,VDD,Metal1,395.9265,277.6480,4.499290
PHY_EDGE_ROW_65_Right_65,VDD,Metal1,395.9265,271.1515,4.499539
PHY_EDGE_ROW_64_Right_64,VDD,Metal1,395.9265,269.8080,4.499539
PHY_EDGE_ROW_63_Right_63,VDD,Metal1,395.9265,263.3115,4.499042
PHY_EDGE_ROW_62_Right_62,VDD,Metal1,395.9265,261.9680,4.499042
PHY_EDGE_ROW_61_Right_61,VDD,Metal1,395.9265,255.4715,4.499334
PHY_EDGE_ROW_60_Right_60,VDD,Metal1,395.9265,254.1280,4.499334
PHY_EDGE_ROW_59_Right_59,VDD,Metal1,395.9265,247.6315,4.499251
PHY_EDGE_ROW_58_Right_58,VDD,Metal1,395.9265,246.2880,4.499251
PHY_EDGE_ROW_57_Right_57,VDD,Metal1,395.9265,239.7915,4.499344
PHY_EDGE_ROW_56_Right_56,VDD,Metal1,395.9265,238.4480,4.499344
PHY_EDGE_ROW_55_Right_55,VDD,Metal1,395.9265,231.9515,4.499316
PHY_EDGE_ROW_54_Right_54,VDD,Metal1,395.9265,230.6080,4.499316
PHY_EDGE_ROW_53_Right_53,VDD,Metal1,395.9265,224.1115,4.499040
PHY_EDGE_ROW_52_Right_52,VDD,Metal1,395.9265,222.7680,4.499040
PHY_EDGE_ROW_51_Right_51,VDD,Metal1,395.9265,216.2715,4.498966
PHY_EDGE_ROW_50_Right_50,VDD,Metal1,395.9265,214.9280,4.498966
PHY_EDGE_ROW_49_Right_49,VDD,Metal1,395.9265,208.4315,4.498754
PHY_EDGE_ROW_48_Right_48,VDD,Metal1,395.9265,207.0880,4.498754
PHY_EDGE_ROW_47_Right_47,VDD,Metal1,395.9265,200.5915,4.499208
PHY_EDGE_ROW_46_Right_46,VDD,Metal1,395.9265,199.2480,4.499208
PHY_EDGE_ROW_45_Right_45,VDD,Metal1,395.9265,192.7515,4.498825
PHY_EDGE_ROW_44_Right_44,VDD,Metal1,395.9265,191.4080,4.498825
PHY_EDGE_ROW_43_Right_43,VDD,Metal1,395.9265,184.9115,4.498748
PHY_EDGE_ROW_42_Right_42,VDD,Metal1,395.9265,183.5680,4.498748
PHY_EDGE_ROW_41_Right_41,VDD,Metal1,395.9265,177.0715,4.499019
PHY_EDGE_ROW_40_Right_40,VDD,Metal1,395.9265,175.7280,4.499019
PHY_EDGE_ROW_39_Right_39,VDD,Metal1,395.9265,169.2315,4.499221
PHY_EDGE_ROW_38_Right_38,VDD,Metal1,395.9265,167.8880,4.499221
PHY_EDGE_ROW_37_Right_37,VDD,Metal1,395.9265,161.3915,4.499090
PHY_EDGE_ROW_36_Right_36,VDD,Metal1,395.9265,160.0480,4.499090
PHY_EDGE_ROW_35_Right_35,VDD,Metal1,395.9265,153.5515,4.499226
PHY_EDGE_ROW_34_Right_34,VDD,Metal1,395.9265,152.2080,4.499226
PHY_EDGE_ROW_33_Right_33,VDD,Metal1,395.9265,145.7115,4.498954
PHY_EDGE_ROW_32_Right_32,VDD,Metal1,395.9265,144.3680,4.498954
PHY_EDGE_ROW_31_Right_31,VDD,Metal1,395.9265,137.8715,4.499227
PHY_EDGE_ROW_30_Right_30,VDD,Metal1,395.9265,136.5280,4.499227
PHY_EDGE_ROW_29_Right_29,VDD,Metal1,395.9265,130.0315,4.499003
PHY_EDGE_ROW_28_Right_28,VDD,Metal1,395.9265,128.6880,4.499003
PHY_EDGE_ROW_27_Right_27,VDD,Metal1,395.9265,122.1915,4.498916
PHY_EDGE_ROW_26_Right_26,VDD,Metal1,395.9265,120.8480,4.498916
PHY_EDGE_ROW_25_Right_25,VDD,Metal1,395.9265,114.3515,4.499514
PHY_EDGE_ROW_24_Right_24,VDD,Metal1,395.9265,113.0080,4.499514
PHY_EDGE_ROW_23_Right_23,VDD,Metal1,395.9265,106.5115,4.499252
PHY_EDGE_ROW_22_Right_22,VDD,Metal1,395.9265,105.1680,4.499252
PHY_EDGE_ROW_21_Right_21,VDD,Metal1,395.9265,98.6715,4.499563
PHY_EDGE_ROW_20_Right_20,VDD,Metal1,395.9265,97.3280,4.499563
PHY_EDGE_ROW_19_Right_19,VDD,Metal1,395.9265,90.8315,4.499144
PHY_EDGE_ROW_18_Right_18,VDD,Metal1,395.9265,89.4880,4.499144
PHY_EDGE_ROW_17_Right_17,VDD,Metal1,395.9265,82.9915,4.499602
PHY_EDGE_ROW_16_Right_16,VDD,Metal1,395.9265,81.6480,4.499602
PHY_EDGE_ROW_15_Right_15,VDD,Metal1,395.9265,75.1515,4.499238
PHY_EDGE_ROW_14_Right_14,VDD,Metal1,395.9265,73.8080,4.499238
PHY_EDGE_ROW_13_Right_13,VDD,Metal1,395.9265,67.3115,4.499426
PHY_EDGE_ROW_12_Right_12,VDD,Metal1,395.9265,65.9680,4.499426
PHY_EDGE_ROW_11_Right_11,VDD,Metal1,395.9265,59.4715,4.499023
PHY_EDGE_ROW_10_Right_10,VDD,Metal1,395.9265,58.1280,4.499023
PHY_EDGE_ROW_9_Right_9,VDD,Metal1,395.9265,51.6315,4.498746
PHY_EDGE_ROW_8_Right_8,VDD,Metal1,395.9265,50.2880,4.498746
PHY_EDGE_ROW_7_Right_7,VDD,Metal1,395.9265,43.7915,4.499018
PHY_EDGE_ROW_6_Right_6,VDD,Metal1,395.9265,42.4480,4.499018
PHY_EDGE_ROW_5_Right_5,VDD,Metal1,395.9265,35.9515,4.499450
PHY_EDGE_ROW_4_Right_4,VDD,Metal1,395.9265,34.6080,4.499450
PHY_EDGE_ROW_3_Right_3,VDD,Metal1,395.9265,28.1115,4.499232
PHY_EDGE_ROW_2_Right_2,VDD,Metal1,395.9265,26.7680,4.499232
PHY_EDGE_ROW_1_Right_1,VDD,Metal1,395.9265,20.2715,4.499722
PHY_EDGE_ROW_0_Right_0,VDD,Metal1,395.9265,18.9280,4.499722
_2194_,VDD,Metal1,233.5165,128.7565,4.499039
_2193_,VDD,Metal1,219.5165,114.2830,4.499507
_2192_,VDD,Metal1,232.4030,120.9165,4.498886
_2191_,VDD,Metal1,198.7965,128.7565,4.499048
_2190_,VDD,Metal1,185.9165,122.1230,4.498928
_2189_,VDD,Metal1,209.9965,120.9165,4.498887
_2188_,VDD,Metal1,254.7965,161.3230,4.498983
_2187_,VDD,Metal1,227.9165,161.3230,4.498918
_2186_,VDD,Metal1,240.8030,175.7965,4.498987
_2185_,VDD,Metal1,213.3565,160.1165,4.498917
_2184_,VDD,Metal1,193.7565,161.3230,4.498912
_2183_,VDD,Metal1,220.0830,153.4830,4.499173
_2182_,VDD,Metal1,279.4430,136.5965,4.499194
_2181_,VDD,Metal1,261.5165,145.6430,4.498936
_2180_,VDD,Metal1,272.1565,137.8030,4.499193
_2179_,VDD,Metal1,236.8765,152.2765,4.499173
_2178_,VDD,Metal1,223.4430,137.8030,4.499207
_2177_,VDD,Metal1,253.1165,137.8030,4.499186
_2176_,VDD,Metal1,344.4030,357.3230,4.499447
_2175_,VDD,Metal1,329.8430,371.7965,4.499767
_2174_,VDD,Metal1,346.6430,349.4830,4.499406
_2173_,VDD,Metal1,349.4430,333.8030,4.499181
_2172_,VDD,Metal1,312.4765,262.0365,4.498897
_2171_,VDD,Metal1,341.6030,263.2430,4.499042
_2170_,VDD,Metal1,317.5165,269.8765,4.499537
_2169_,VDD,Metal1,327.0365,277.7165,4.499299
_2168_,VDD,Metal1,327.5965,293.3965,4.499326
_2167_,VDD,Metal1,349.4430,271.0830,4.499539
_2166_,VDD,Metal1,365.6765,293.3965,4.499320
_2165_,VDD,Metal1,366.7965,301.2365,4.499474
_2164_,VDD,Metal1,363.4365,348.2765,4.499406
_2163_,VDD,Metal1,370.7165,325.9630,4.499051
_2162_,VDD,Metal1,370.7165,318.1230,4.499220
_2161_,VDD,Metal1,292.3165,255.4030,4.499315
_2160_,VDD,Metal1,264.8830,263.2430,4.498879
_2159_,VDD,Metal1,237.1890,207.1815,4.498706
_2158_,VDD,Metal1,230.4690,231.8580,4.499279
_2157_,VDD,Metal1,223.7490,239.6980,4.499298
_2156_,VDD,Metal1,278.3165,105.2365,4.499268
_2155_,VDD,Metal1,322.0030,105.2365,4.499255
_2154_,VDD,Metal1,314.1565,97.3965,4.499567
_2153_,VDD,Metal1,297.6690,51.5380,4.498681
_2152_,VDD,Metal1,303.8290,67.2180,4.499095
_2151_,VDD,Metal1,299.0365,35.8830,4.499448
_2150_,VDD,Metal1,295.1165,28.0430,4.499182
_2149_,VDD,Metal1,313.3490,58.2215,4.498995
_2148_,VDD,Metal1,321.1890,66.0615,4.499396
_2147_,VDD,Metal1,315.2765,42.5165,4.498996
_2146_,VDD,Metal1,310.8030,26.8365,4.499185
_2145_,VDD,Metal1,246.9630,277.7165,4.499314
_2144_,VDD,Metal1,251.4430,262.0365,4.498879
_2143_,VDD,Metal1,233.5165,262.0365,4.498890
_2142_,VDD,Metal1,217.2765,255.4030,4.499314
_2141_,VDD,Metal1,212.8030,278.9230,4.499339
_2140_,VDD,Metal1,201.0365,269.8765,4.499489
_2139_,VDD,Metal1,186.4765,271.0830,4.499488
_2138_,VDD,Metal1,164.0765,277.7165,4.499351
_2137_,VDD,Metal1,195.4365,301.2365,4.499385
_2136_,VDD,Metal1,149.5165,302.4430,4.499301
_2135_,VDD,Metal1,154.5565,286.7630,4.499550
_2134_,VDD,Metal1,148.3965,310.2830,4.499536
_2133_,VDD,Metal1,183.1165,325.9630,4.499070
_2132_,VDD,Metal1,151.1965,333.8030,4.499082
_2131_,VDD,Metal1,180.3165,333.8030,4.499046
_2130_,VDD,Metal1,161.8365,348.2765,4.499399
_2129_,VDD,Metal1,166.3165,262.0365,4.498956
_2128_,VDD,Metal1,87.9165,144.4365,4.499007
_2127_,VDD,Metal1,108.6430,137.8030,4.499258
_2126_,VDD,Metal1,95.7565,152.2765,4.499201
_2125_,VDD,Metal1,111.7490,153.4580,4.499201
_2124_,VDD,Metal1,111.7490,161.2980,4.498842
_2123_,VDD,Metal1,108.6365,184.8430,4.498859
_2122_,VDD,Metal1,109.1965,177.0030,4.498917
_2121_,VDD,Metal1,130.7890,160.1415,4.498869
_2120_,VDD,Metal1,130.7890,167.9815,4.499087
_2119_,VDD,Metal1,126.5565,191.4765,4.498910
_2118_,VDD,Metal1,125.9965,175.7965,4.498921
_2117_,VDD,Metal1,194.3165,58.1965,4.499010
_2116_,VDD,Metal1,272.7165,97.3965,4.499503
_2115_,VDD,Metal1,201.5965,42.5165,4.498902
_2114_,VDD,Metal1,225.1230,28.0430,4.499134
_2113_,VDD,Metal1,218.9630,20.2030,4.499493
_2112_,VDD,Metal1,245.8365,160.1165,4.498982
_2111_,VDD,Metal1,193.1965,137.8030,4.499251
_2110_,VDD,Metal1,234.0830,167.9565,4.499171
_2109_,VDD,Metal1,171.9165,152.2765,4.499201
_2108_,VDD,Metal1,192.6430,192.6830,4.498759
_2107_,VDD,Metal1,183.6765,184.8430,4.498868
_2106_,VDD,Metal1,164.6365,183.6365,4.498860
_2105_,VDD,Metal1,204.3965,199.3165,4.499192
_2104_,VDD,Metal1,188.7230,177.0030,4.498986
_2103_,VDD,Metal1,174.1565,175.7965,4.498986
_2102_,VDD,Metal1,208.8765,167.9565,4.499133
_2101_,VDD,Metal1,272.7165,167.9565,4.499195
_2100_,VDD,Metal1,296.2365,380.8430,4.499776
_2099_,VDD,Metal1,298.4765,388.6830,4.499717
_2098_,VDD,Metal1,233.5230,340.4365,4.498716
_2097_,VDD,Metal1,257.5965,325.9630,4.499020
_2096_,VDD,Metal1,193.1965,365.1630,4.499696
_2095_,VDD,Metal1,233.5165,324.7565,4.499030
_2094_,VDD,Metal1,244.1565,309.0765,4.499503
_2093_,VDD,Metal1,243.0365,332.5965,4.499039
_2092_,VDD,Metal1,206.6365,356.1165,4.499424
_2091_,VDD,Metal1,221.1965,341.6430,4.498716
_2090_,VDD,Metal1,213.9165,325.9630,4.499061
_2089_,VDD,Metal1,181.4365,349.4830,4.499381
_2088_,VDD,Metal1,277.7630,371.7965,4.499720
_2087_,VDD,Metal1,193.1965,341.6430,4.498718
_2086_,VDD,Metal1,203.2765,324.7565,4.499063
_2085_,VDD,Metal1,170.2365,363.9565,4.499706
_2084_,VDD,Metal1,190.3965,153.4830,4.499188
_2083_,VDD,Metal1,165.1965,167.9565,4.499115
_2082_,VDD,Metal1,147.8365,239.7230,4.499238
_2081_,VDD,Metal1,202.7165,222.8365,4.499068
_2080_,VDD,Metal1,200.4765,246.3565,4.499252
_2079_,VDD,Metal1,186.4765,255.4030,4.499314
_2078_,VDD,Metal1,114.5490,271.0580,4.499393
_2077_,VDD,Metal1,122.9490,309.1015,4.499536
_2076_,VDD,Metal1,133.0290,301.2615,4.499301
_2075_,VDD,Metal1,139.7490,271.0580,4.499394
_2074_,VDD,Metal1,121.8290,324.7815,4.499078
_2073_,VDD,Metal1,116.7890,293.4215,4.499097
_2072_,VDD,Metal1,114.5490,255.3780,4.499279
_2071_,VDD,Metal1,135.8290,247.5380,4.499249
_2070_,VDD,Metal1,193.2030,214.9965,4.499051
_2069_,VDD,Metal1,173.0430,230.6765,4.499293
_2068_,VDD,Metal1,168.0030,199.3165,4.499193
_2067_,VDD,Metal1,271.0430,216.2030,4.498946
_2066_,VDD,Metal1,275.5230,238.5165,4.499330
_2065_,VDD,Metal1,257.5965,247.5630,4.499252
_2064_,VDD,Metal1,243.0365,238.5165,4.499317
_2063_,VDD,Metal1,299.9090,216.1780,4.498977
_2062_,VDD,Metal1,298.2290,200.4980,4.499215
_2061_,VDD,Metal1,283.6690,175.8215,4.499007
_2060_,VDD,Metal1,294.3090,239.6980,4.499335
_2059_,VDD,Metal1,337.4290,239.6980,4.499344
_2058_,VDD,Metal1,339.6690,224.0180,4.499048
_2057_,VDD,Metal1,336.3090,176.9780,4.499028
_2056_,VDD,Metal1,338.5490,161.2980,4.499099
_2055_,VDD,Metal1,232.9565,184.8430,4.498849
_2054_,VDD,Metal1,213.3565,214.9965,4.498973
_2053_,VDD,Metal1,213.9165,184.8430,4.498858
_2052_,VDD,Metal1,272.1565,177.0030,4.499001
_2051_,VDD,Metal1,264.3230,43.7230,4.498959
_2050_,VDD,Metal1,357.8365,167.9565,4.499226
_2049_,VDD,Metal1,363.9965,136.5965,4.499231
_2048_,VDD,Metal1,365.6765,105.2365,4.499254
_2047_,VDD,Metal1,363.4365,120.9165,4.498920
_2046_,VDD,Metal1,350.5565,184.8430,4.498753
_2045_,VDD,Metal1,358.9565,152.2765,4.499227
_2044_,VDD,Metal1,339.9165,114.2830,4.499522
_2043_,VDD,Metal1,370.7165,82.9230,4.499603
_2042_,VDD,Metal1,213.3565,105.2365,4.499320
_2041_,VDD,Metal1,200.4765,113.0765,4.499524
_2040_,VDD,Metal1,217.2765,75.0830,4.499246
_2039_,VDD,Metal1,252.0030,122.1230,4.498895
_2038_,VDD,Metal1,257.6030,114.2830,4.499504
_2037_,VDD,Metal1,155.1165,160.1165,4.498869
_2036_,VDD,Metal1,148.9565,169.1630,4.499092
_2035_,VDD,Metal1,220.0765,51.5630,4.498639
_2034_,VDD,Metal1,43.1165,34.6765,4.499218
_2033_,VDD,Metal1,67.7565,20.2030,4.499425
_2032_,VDD,Metal1,113.1165,20.2030,4.499442
_2031_,VDD,Metal1,19.5965,75.0830,4.499328
_2030_,VDD,Metal1,89.0430,34.6765,4.499199
_2029_,VDD,Metal1,26.3165,90.7630,4.499238
_2028_,VDD,Metal1,111.9965,98.6030,4.499428
_2027_,VDD,Metal1,98.5565,90.7630,4.499237
_2026_,VDD,Metal1,55.9965,50.3565,4.498670
_2025_,VDD,Metal1,140.0030,20.2030,4.499460
_2024_,VDD,Metal1,129.9230,26.8365,4.499119
_2023_,VDD,Metal1,174.1565,26.8365,4.499132
_2022_,VDD,Metal1,144.4765,106.4430,4.499364
_2021_,VDD,Metal1,182.5565,59.4030,4.499010
_2020_,VDD,Metal1,154.5565,98.6030,4.499469
_2019_,VDD,Metal1,128.8030,105.2365,4.499368
_2018_,VDD,Metal1,94.6430,50.3565,4.498642
_2017_,VDD,Metal1,84.5565,81.7165,4.499576
_2016_,VDD,Metal1,132.7230,73.8765,4.499282
_2015_,VDD,Metal1,110.3165,75.0830,4.499284
_2014_,VDD,Metal1,80.6365,58.1965,4.499018
_2013_,VDD,Metal1,134.9565,42.5165,4.498889
_2012_,VDD,Metal1,162.9565,42.5165,4.498892
_2011_,VDD,Metal1,170.2430,58.1965,4.499009
_2010_,VDD,Metal1,146.7230,75.0830,4.499283
_2009_,VDD,Metal1,174.7165,82.9230,4.499543
_2008_,VDD,Metal1,156.2365,66.0365,4.499045
_2007_,VDD,Metal1,160.1565,81.7165,4.499541
_2006_,VDD,Metal1,226.2365,35.8830,4.499424
_2005_,VDD,Metal1,45.3565,26.8365,4.499161
_2004_,VDD,Metal1,66.0830,28.0430,4.499156
_2003_,VDD,Metal1,112.5565,28.0430,4.499119
_2002_,VDD,Metal1,17.9165,67.2430,4.499227
_2001_,VDD,Metal1,91.2765,26.8365,4.499129
_2000_,VDD,Metal1,17.9165,98.6030,4.499441
_1999_,VDD,Metal1,104.7165,106.4430,4.499373
_1998_,VDD,Metal1,119.2765,128.7565,4.499058
_1997_,VDD,Metal1,17.9165,114.2830,4.499517
_1996_,VDD,Metal1,147.8430,28.0430,4.499122
_1995_,VDD,Metal1,127.6830,89.5565,4.499241
_1994_,VDD,Metal1,176.9565,43.7230,4.498893
_1993_,VDD,Metal1,146.7230,122.1230,4.498926
_1992_,VDD,Metal1,169.1230,105.2365,4.499361
_1991_,VDD,Metal1,162.3965,120.9165,4.498929
_1990_,VDD,Metal1,133.8430,120.9165,4.498926
_1989_,VDD,Metal1,75.6030,50.3565,4.498667
_1988_,VDD,Metal1,73.3565,75.0830,4.499300
_1987_,VDD,Metal1,94.6430,73.8765,4.499288
_1986_,VDD,Metal1,95.2030,59.4030,4.499018
_1985_,VDD,Metal1,68.8765,51.5630,4.498668
_1984_,VDD,Metal1,120.9630,58.1965,4.499007
_1983_,VDD,Metal1,115.3565,59.4030,4.499007
_1982_,VDD,Metal1,154.0030,26.8365,4.499122
_1981_,VDD,Metal1,144.4830,51.5630,4.498646
_1980_,VDD,Metal1,185.3565,20.2030,4.499488
_1979_,VDD,Metal1,199.3565,26.8365,4.499132
_1978_,VDD,Metal1,123.2030,81.7165,4.499507
_1977_,VDD,Metal1,189.2765,145.6430,4.498967
_1976_,VDD,Metal1,209.4365,144.4365,4.498941
_1975_,VDD,Metal1,276.6365,395.3165,4.499844
_1974_,VDD,Metal1,279.9965,387.4765,4.499716
_1973_,VDD,Metal1,233.5165,363.9565,4.499696
_1972_,VDD,Metal1,253.6765,349.4830,4.499340
_1971_,VDD,Metal1,189.2765,380.8430,4.499805
_1970_,VDD,Metal1,226.2365,388.6830,4.499725
_1969_,VDD,Metal1,239.1165,387.4765,4.499724
_1968_,VDD,Metal1,243.0365,356.1165,4.499423
_1967_,VDD,Metal1,198.7965,395.3165,4.499845
_1966_,VDD,Metal1,213.9165,365.1630,4.499695
_1965_,VDD,Metal1,209.4365,379.6365,4.499796
_1964_,VDD,Metal1,170.7965,387.4765,4.499742
_1963_,VDD,Metal1,262.6365,373.0030,4.499720
_1962_,VDD,Metal1,138.8765,349.4830,4.499404
_1961_,VDD,Metal1,139.9965,294.6030,4.499145
_1960_,VDD,Metal1,164.0765,395.3165,4.499851
_1959_,VDD,Metal1,184.2365,114.2830,4.499533
_1958_,VDD,Metal1,162.9565,136.5965,4.499259
_1957_,VDD,Metal1,72.2430,145.6430,4.499014
_1956_,VDD,Metal1,71.1165,122.1230,4.498932
_1955_,VDD,Metal1,17.9165,208.3630,4.498759
_1954_,VDD,Metal1,17.9165,255.4030,4.499290
_1953_,VDD,Metal1,17.9165,231.8830,4.499220
_1952_,VDD,Metal1,39.1965,160.1165,4.498855
_1951_,VDD,Metal1,17.9165,278.9230,4.499300
_1950_,VDD,Metal1,17.9165,161.3230,4.498870
_1949_,VDD,Metal1,41.4365,183.6365,4.498926
_1948_,VDD,Metal1,17.9165,177.0030,4.498959
_1947_,VDD,Metal1,24.6365,200.5230,4.499253
_1946_,VDD,Metal1,25.7565,239.7230,4.499257
_1945_,VDD,Metal1,22.3965,224.0430,4.499040
_1944_,VDD,Metal1,44.7965,152.2765,4.499206
_1943_,VDD,Metal1,21.8365,271.0830,4.499401
_1942_,VDD,Metal1,19.0365,153.4830,4.499221
_1941_,VDD,Metal1,47.5965,175.7965,4.498920
_1940_,VDD,Metal1,22.9565,184.8430,4.498946
_1939_,VDD,Metal1,57.1165,161.3230,4.498825
_1938_,VDD,Metal1,17.9165,129.9630,4.499127
_1937_,VDD,Metal1,36.9565,129.9630,4.499060
_1936_,VDD,Metal1,44.7965,113.0765,4.499507
_1935_,VDD,Metal1,132.7165,214.9965,4.499123
_1934_,VDD,Metal1,125.4365,207.1565,4.498685
_1933_,VDD,Metal1,125.1890,246.3815,4.499249
_1932_,VDD,Metal1,134.1490,230.7015,4.499285
_1931_,VDD,Metal1,91.5890,160.1415,4.498840
_1930_,VDD,Metal1,96.6290,169.1380,4.499083
_1929_,VDD,Metal1,76.1565,169.1630,4.499083
_1928_,VDD,Metal1,76.7165,167.9565,4.499083
_1927_,VDD,Metal1,87.9165,222.8365,4.499012
_1926_,VDD,Metal1,87.3565,340.4365,4.498811
_1925_,VDD,Metal1,89.0365,309.0765,4.499541
_1924_,VDD,Metal1,91.2765,269.8765,4.499392
_1923_,VDD,Metal1,95.2030,333.8030,4.499104
_1922_,VDD,Metal1,90.7165,285.5565,4.499523
_1921_,VDD,Metal1,91.2765,254.1965,4.499274
_1920_,VDD,Metal1,87.3565,238.5165,4.499251
_1919_,VDD,Metal1,42.5565,214.9965,4.499206
_1918_,VDD,Metal1,26.8765,318.1230,4.499125
_1917_,VDD,Metal1,18.4765,302.4430,4.499411
_1916_,VDD,Metal1,44.2365,269.8765,4.499396
_1915_,VDD,Metal1,17.9165,310.2830,4.499639
_1914_,VDD,Metal1,17.9165,294.6030,4.499114
_1913_,VDD,Metal1,44.7965,262.0365,4.499045
_1912_,VDD,Metal1,43.6765,238.5165,4.499251
_1911_,VDD,Metal1,73.3565,216.2030,4.499178
_1910_,VDD,Metal1,66.6365,333.8030,4.499110
_1909_,VDD,Metal1,65.5165,302.4430,4.499353
_1908_,VDD,Metal1,69.9965,271.0830,4.499393
_1907_,VDD,Metal1,66.0765,341.6430,4.498832
_1906_,VDD,Metal1,67.1965,286.7630,4.499514
_1905_,VDD,Metal1,71.6765,255.4030,4.499273
_1904_,VDD,Metal1,67.1965,231.8830,4.499211
_1903_,VDD,Metal1,51.5165,207.1565,4.498717
_1902_,VDD,Metal1,43.6765,332.5965,4.499121
_1901_,VDD,Metal1,43.6765,301.2365,4.499392
_1900_,VDD,Metal1,48.7165,277.7165,4.499289
_1899_,VDD,Metal1,45.9165,324.7565,4.499264
_1898_,VDD,Metal1,36.9565,294.6030,4.499090
_1897_,VDD,Metal1,56.5565,254.1965,4.499274
_1896_,VDD,Metal1,49.2765,230.6765,4.499211
_1895_,VDD,Metal1,331.5165,28.0430,4.499232
_1894_,VDD,Metal1,327.0365,34.6765,4.499450
_1893_,VDD,Metal1,351.4290,42.5415,4.499019
_1892_,VDD,Metal1,345.8290,59.3780,4.499023
_1891_,VDD,Metal1,287.0290,66.0615,4.499094
_1890_,VDD,Metal1,278.0690,81.7415,4.499595
_1889_,VDD,Metal1,281.6765,42.5165,4.498960
_1888_,VDD,Metal1,283.3565,34.6765,4.499448
_1887_,VDD,Metal1,316.9565,199.3165,4.499221
_1886_,VDD,Metal1,317.5165,160.1165,4.499092
_1885_,VDD,Metal1,319.2030,113.0765,4.499519
_1884_,VDD,Metal1,323.1165,222.8365,4.499077
_1883_,VDD,Metal1,365.6765,230.6765,4.499316
_1882_,VDD,Metal1,364.5565,199.3165,4.499211
_1881_,VDD,Metal1,345.5165,129.9630,4.499015
_1880_,VDD,Metal1,358.4030,81.7165,4.499603
_1879_,VDD,Metal1,322.5565,183.6365,4.498847
_1878_,VDD,Metal1,311.3565,153.4830,4.499189
_1877_,VDD,Metal1,300.1565,114.2830,4.499517
_1876_,VDD,Metal1,318.0830,246.3565,4.499254
_1875_,VDD,Metal1,360.0765,246.3565,4.499251
_1874_,VDD,Metal1,362.3165,207.1565,4.498756
_1873_,VDD,Metal1,337.1165,153.4830,4.499232
_1872_,VDD,Metal1,346.6365,75.0830,4.499238
_1871_,VDD,Metal1,299.0365,177.0030,4.499007
_1870_,VDD,Metal1,283.9165,160.1165,4.499008
_1869_,VDD,Metal1,291.7565,128.7565,4.499018
_1868_,VDD,Metal1,302.3965,231.8830,4.499313
_1867_,VDD,Metal1,342.1565,231.8830,4.499318
_1866_,VDD,Metal1,334.3165,200.5230,4.499225
_1865_,VDD,Metal1,320.3165,136.5965,4.499238
_1864_,VDD,Metal1,330.9565,89.5565,4.499151
_1863_,VDD,Metal1,305.1965,184.8430,4.498843
_1862_,VDD,Metal1,292.3165,153.4830,4.499178
_1861_,VDD,Metal1,300.1565,137.8030,4.499221
_1860_,VDD,Metal1,306.8765,224.0430,4.499070
_1859_,VDD,Metal1,350.5565,216.2030,4.498969
_1858_,VDD,Metal1,340.4765,192.6830,4.498832
_1857_,VDD,Metal1,324.7965,128.7565,4.499020
_1856_,VDD,Metal1,342.1565,98.6030,4.499569
_1855_,VDD,Metal1,207.3075,152.3005,4.499180
_1854_,VDD,Metal1,268.6925,161.2990,4.499004
_1853_,VDD,Metal1,293.8925,387.5005,4.499717
_1852_,VDD,Metal1,288.8525,379.6605,4.499776
_1851_,VDD,Metal1,233.6275,341.6190,4.498716
_1850_,VDD,Metal1,253.2275,340.4605,4.498716
_1849_,VDD,Metal1,192.7475,371.8205,4.499781
_1848_,VDD,Metal1,226.3475,318.0990,4.499052
_1847_,VDD,Metal1,236.9875,302.4190,4.499391
_1846_,VDD,Metal1,236.9875,325.9390,4.499030
_1845_,VDD,Metal1,207.3075,349.4590,4.499328
_1844_,VDD,Metal1,216.2675,349.4590,4.499328
_1843_,VDD,Metal1,213.4675,333.7790,4.499043
_1842_,VDD,Metal1,178.1875,365.1390,4.499706
_1841_,VDD,Metal1,276.5325,372.9790,4.499720
_1840_,VDD,Metal1,187.7075,340.4605,4.498718
_1839_,VDD,Metal1,199.2525,318.0990,4.499049
_1838_,VDD,Metal1,169.7875,371.8205,4.499781
_1837_,VDD,Metal1,185.4675,169.1390,4.499134
_1836_,VDD,Metal1,168.1075,169.1390,4.499115
_1835_,VDD,Metal1,192.3375,199.6250,4.499193
_1834_,VDD,Metal1,154.6765,246.5265,4.499256
_1833_,VDD,Metal1,150.0630,246.4965,4.499252
_1832_,VDD,Metal1,160.1765,238.6565,4.499255
_1831_,VDD,Metal1,160.4135,246.5700,4.499261
_1830_,VDD,Metal1,195.8330,231.7215,4.499279
_1829_,VDD,Metal1,189.5860,230.8900,4.499284
_1828_,VDD,Metal1,194.4600,238.7375,4.499282
_1827_,VDD,Metal1,185.1060,239.5100,4.499279
_1826_,VDD,Metal1,198.1000,239.5025,4.499289
_1825_,VDD,Metal1,199.0900,238.5565,4.499289
_1824_,VDD,Metal1,179.6525,254.2205,4.499314
_1823_,VDD,Metal1,114.3475,269.9005,4.499393
_1822_,VDD,Metal1,109.2700,223.0675,4.499006
_1821_,VDD,Metal1,99.1900,208.1325,4.498700
_1820_,VDD,Metal1,98.3275,216.0225,4.499155
_1819_,VDD,Metal1,100.5000,223.0025,4.499011
_1818_,VDD,Metal1,108.1200,215.3350,4.499145
_1817_,VDD,Metal1,115.4300,317.8925,4.499060
_1816_,VDD,Metal1,108.9100,318.0830,4.499060
_1815_,VDD,Metal1,72.2800,325.0950,4.499123
_1814_,VDD,Metal1,99.1030,317.9830,4.499067
_1813_,VDD,Metal1,90.7030,317.9830,4.499067
_1812_,VDD,Metal1,94.9100,324.7965,4.499095
_1811_,VDD,Metal1,121.8260,277.9300,4.499319
_1810_,VDD,Metal1,122.3700,310.2430,4.499536
_1809_,VDD,Metal1,119.3500,301.4675,4.499301
_1808_,VDD,Metal1,112.8300,302.4030,4.499301
_1807_,VDD,Metal1,71.7200,301.5750,4.499353
_1806_,VDD,Metal1,101.3430,302.3030,4.499312
_1805_,VDD,Metal1,95.1830,302.3030,4.499324
_1804_,VDD,Metal1,98.2700,301.2765,4.499324
_1803_,VDD,Metal1,129.0535,293.6100,4.499144
_1802_,VDD,Metal1,128.5300,294.5630,4.499144
_1801_,VDD,Metal1,131.6700,277.9475,4.499339
_1800_,VDD,Metal1,110.0300,277.7565,4.499318
_1799_,VDD,Metal1,72.8400,278.0550,4.499289
_1798_,VDD,Metal1,99.6630,278.7830,4.499317
_1797_,VDD,Metal1,94.0630,278.7830,4.499312
_1796_,VDD,Metal1,92.6700,271.0430,4.499392
_1795_,VDD,Metal1,136.3335,285.7700,4.499539
_1794_,VDD,Metal1,141.9500,277.7565,4.499340
_1793_,VDD,Metal1,114.8700,325.7325,4.499078
_1792_,VDD,Metal1,106.1100,318.0830,4.499063
_1791_,VDD,Metal1,71.7200,317.7850,4.499066
_1790_,VDD,Metal1,100.7830,324.8965,4.499092
_1789_,VDD,Metal1,94.6230,317.9830,4.499067
_1788_,VDD,Metal1,97.7100,324.7965,4.499092
_1787_,VDD,Metal1,138.0135,277.9300,4.499340
_1786_,VDD,Metal1,121.2500,318.0830,4.499056
_1785_,VDD,Metal1,111.5100,286.5325,4.499531
_1784_,VDD,Metal1,106.6700,294.5630,4.499093
_1783_,VDD,Metal1,72.2800,293.7350,4.499089
_1782_,VDD,Metal1,100.2230,294.4630,4.499092
_1781_,VDD,Metal1,94.6230,294.4630,4.499090
_1780_,VDD,Metal1,98.2700,293.4365,4.499092
_1779_,VDD,Metal1,121.8260,286.5500,4.499532
_1778_,VDD,Metal1,119.0100,294.5630,4.499097
_1777_,VDD,Metal1,112.0700,254.4275,4.499279
_1776_,VDD,Metal1,102.7500,255.3630,4.499278
_1775_,VDD,Metal1,74.5200,254.5350,4.499273
_1774_,VDD,Metal1,99.1030,255.2630,4.499274
_1773_,VDD,Metal1,94.0630,255.2630,4.499274
_1772_,VDD,Metal1,97.7100,262.0765,4.498989
_1771_,VDD,Metal1,121.7735,263.0300,4.498972
_1770_,VDD,Metal1,119.5700,254.2365,4.499279
_1769_,VDD,Metal1,121.0300,239.4925,4.499236
_1768_,VDD,Metal1,111.7100,246.3965,4.499249
_1767_,VDD,Metal1,71.7200,238.8550,4.499251
_1766_,VDD,Metal1,101.3430,238.6565,4.499249
_1765_,VDD,Metal1,95.7430,231.7430,4.499238
_1764_,VDD,Metal1,99.3900,231.8430,4.499253
_1763_,VDD,Metal1,124.5735,254.4100,4.499284
_1762_,VDD,Metal1,136.3700,246.3965,4.499249
_1761_,VDD,Metal1,141.2200,255.2225,4.499291
_1760_,VDD,Metal1,141.0000,262.2025,4.498959
_1759_,VDD,Metal1,175.8230,247.4230,4.499270
_1758_,VDD,Metal1,183.2200,208.1825,4.498724
_1757_,VDD,Metal1,178.8975,215.3050,4.499086
_1756_,VDD,Metal1,179.8600,223.0175,4.499071
_1755_,VDD,Metal1,176.6700,208.3230,4.498727
_1754_,VDD,Metal1,172.7825,215.3050,4.499093
_1753_,VDD,Metal1,170.0425,223.0175,4.499066
_1752_,VDD,Metal1,155.9100,223.0175,4.499008
_1751_,VDD,Metal1,166.6225,223.7350,4.499024
_1750_,VDD,Metal1,159.5000,231.7025,4.499285
_1749_,VDD,Metal1,165.6600,192.5025,4.498910
_1748_,VDD,Metal1,161.3965,207.3265,4.498696
_1747_,VDD,Metal1,167.5600,207.3225,4.498708
_1746_,VDD,Metal1,161.3965,200.3530,4.499193
_1745_,VDD,Metal1,171.3430,208.2230,4.498727
_1744_,VDD,Metal1,171.9365,223.9030,4.499066
_1743_,VDD,Metal1,151.5025,223.1450,4.499004
_1742_,VDD,Metal1,155.8200,215.9825,4.499101
_1741_,VDD,Metal1,157.8265,223.8875,4.499008
_1740_,VDD,Metal1,203.8230,238.6565,4.499294
_1739_,VDD,Metal1,207.9000,223.8225,4.499068
_1738_,VDD,Metal1,206.8975,231.5750,4.499279
_1737_,VDD,Metal1,201.3300,231.8430,4.499279
_1736_,VDD,Metal1,266.8300,222.8765,4.499069
_1735_,VDD,Metal1,260.1100,222.8765,4.499069
_1734_,VDD,Metal1,259.9565,216.0330,4.498943
_1733_,VDD,Metal1,265.7460,208.1500,4.498753
_1732_,VDD,Metal1,268.6930,239.6830,4.499330
_1731_,VDD,Metal1,271.7165,246.5265,4.499252
_1730_,VDD,Metal1,252.7000,239.5025,4.499317
_1729_,VDD,Metal1,257.2975,239.4150,4.499320
_1728_,VDD,Metal1,261.3900,231.6305,4.499296
_1727_,VDD,Metal1,253.9700,238.5565,4.499317
_1726_,VDD,Metal1,249.8675,231.8590,4.499287
_1725_,VDD,Metal1,254.9300,208.1105,4.498713
_1724_,VDD,Metal1,286.6130,216.1630,4.498952
_1723_,VDD,Metal1,287.5700,222.8765,4.499070
_1722_,VDD,Metal1,286.6130,199.3565,4.499206
_1721_,VDD,Metal1,289.8100,208.3230,4.498753
_1720_,VDD,Metal1,289.0765,215.1665,4.498954
_1719_,VDD,Metal1,283.2600,208.1825,4.498753
_1718_,VDD,Metal1,281.7875,191.5005,4.498786
_1717_,VDD,Metal1,284.9230,200.3530,4.499206
_1716_,VDD,Metal1,288.1100,191.5165,4.498791
_1715_,VDD,Metal1,286.9900,208.3230,4.498753
_1714_,VDD,Metal1,291.0925,238.5405,4.499335
_1713_,VDD,Metal1,286.4300,230.7165,4.499310
_1712_,VDD,Metal1,278.8630,223.9030,4.499070
_1711_,VDD,Metal1,285.1565,223.8730,4.499070
_1710_,VDD,Metal1,333.0925,246.3805,4.499251
_1709_,VDD,Metal1,334.4275,230.7005,4.499318
_1708_,VDD,Metal1,332.7475,175.8205,4.499028
_1707_,VDD,Metal1,334.4275,160.1405,4.499099
_1706_,VDD,Metal1,252.8660,191.6900,4.498778
_1705_,VDD,Metal1,224.9800,191.6975,4.498766
_1704_,VDD,Metal1,220.1965,199.4865,4.499192
_1703_,VDD,Metal1,228.5500,192.4525,4.498770
_1702_,VDD,Metal1,220.5000,208.1425,4.498702
_1701_,VDD,Metal1,220.1965,207.3265,4.498702
_1700_,VDD,Metal1,229.1800,215.9825,4.498953
_1699_,VDD,Metal1,207.6600,192.5025,4.498759
_1698_,VDD,Metal1,218.6575,192.3750,4.498763
_1697_,VDD,Metal1,238.0400,200.1850,4.499195
_1696_,VDD,Metal1,257.9060,238.7300,4.499320
_1695_,VDD,Metal1,255.0575,230.9850,4.499288
_1694_,VDD,Metal1,256.1900,231.8430,4.499288
_1693_,VDD,Metal1,264.0500,238.5565,4.499325
_1692_,VDD,Metal1,245.4200,199.5375,4.499196
_1691_,VDD,Metal1,222.5175,192.5025,4.498764
_1690_,VDD,Metal1,267.0200,184.6625,4.498845
_1689_,VDD,Metal1,264.4600,184.6225,4.498846
_1688_,VDD,Metal1,255.2300,184.5905,4.498848
_1687_,VDD,Metal1,266.8000,215.2425,4.498946
_1686_,VDD,Metal1,264.9965,58.3665,4.498987
_1685_,VDD,Metal1,261.5030,59.2630,4.498986
_1684_,VDD,Metal1,354.5875,169.1390,4.499226
_1683_,VDD,Metal1,362.4275,144.4605,4.498958
_1682_,VDD,Metal1,364.1075,106.4190,4.499254
_1681_,VDD,Metal1,354.5875,128.7805,4.499014
_1680_,VDD,Metal1,353.4675,176.9790,4.499024
_1679_,VDD,Metal1,354.5875,153.4590,4.499227
_1678_,VDD,Metal1,334.9875,113.1005,4.499522
_1677_,VDD,Metal1,371.9475,81.7405,4.499603
_1676_,VDD,Metal1,268.1400,59.2225,4.498988
_1675_,VDD,Metal1,210.1075,98.5790,4.499485
_1674_,VDD,Metal1,197.7875,106.4190,4.499341
_1673_,VDD,Metal1,206.3860,90.5500,4.499182
_1672_,VDD,Metal1,214.0275,73.9005,4.499246
_1671_,VDD,Metal1,250.5900,120.9565,4.498895
_1670_,VDD,Metal1,247.7900,120.9565,4.498895
_1669_,VDD,Metal1,256.1900,120.9565,4.498895
_1668_,VDD,Metal1,255.0700,113.1165,4.499504
_1667_,VDD,Metal1,149.0675,152.3005,4.499200
_1666_,VDD,Metal1,144.5875,153.4590,4.499200
_1665_,VDD,Metal1,213.2525,59.3790,4.498998
_1664_,VDD,Metal1,40.9875,28.0190,4.499161
_1663_,VDD,Metal1,60.5875,26.8605,4.499156
_1662_,VDD,Metal1,116.5875,35.8590,4.499279
_1661_,VDD,Metal1,16.9075,73.9005,4.499328
_1660_,VDD,Metal1,89.7075,20.1790,4.499425
_1659_,VDD,Metal1,21.3875,97.4205,4.499441
_1658_,VDD,Metal1,110.4275,97.4205,4.499428
_1657_,VDD,Metal1,99.7875,89.5805,4.499237
_1656_,VDD,Metal1,53.8675,51.5390,4.498670
_1655_,VDD,Metal1,141.0125,35.8590,4.499322
_1654_,VDD,Metal1,131.4925,35.8590,4.499315
_1653_,VDD,Metal1,169.2275,35.8590,4.499394
_1652_,VDD,Metal1,139.5475,98.5790,4.499436
_1651_,VDD,Metal1,178.1875,66.0605,4.499051
_1650_,VDD,Metal1,152.9875,97.4205,4.499469
_1649_,VDD,Metal1,130.0275,98.5790,4.499428
_1648_,VDD,Metal1,187.3700,89.7375,4.499236
_1647_,VDD,Metal1,96.4275,42.5405,4.498881
_1646_,VDD,Metal1,80.1875,82.8990,4.499576
_1645_,VDD,Metal1,134.2925,67.2190,4.499044
_1644_,VDD,Metal1,109.3075,81.7405,4.499510
_1643_,VDD,Metal1,78.5075,59.3790,4.499018
_1642_,VDD,Metal1,136.7475,58.2205,4.499007
_1641_,VDD,Metal1,158.5875,50.3805,4.498663
_1640_,VDD,Metal1,170.1325,66.0605,4.499051
_1639_,VDD,Metal1,148.2925,82.8990,4.499515
_1638_,VDD,Metal1,169.7875,75.0590,4.499283
_1637_,VDD,Metal1,154.1075,59.3790,4.499007
_1636_,VDD,Metal1,157.4675,82.8990,4.499541
_1635_,VDD,Metal1,174.7700,90.5825,4.499251
_1634_,VDD,Metal1,214.9325,43.6990,4.498916
_1633_,VDD,Metal1,40.9875,20.1790,4.499451
_1632_,VDD,Metal1,71.5725,26.8605,4.499156
_1631_,VDD,Metal1,112.6675,34.7005,4.499279
_1630_,VDD,Metal1,14.6675,81.7405,4.499600
_1629_,VDD,Metal1,90.2675,28.0190,4.499129
_1628_,VDD,Metal1,14.6675,105.2605,4.499370
_1627_,VDD,Metal1,105.3875,114.2590,4.499532
_1626_,VDD,Metal1,118.2675,120.9405,4.498932
_1625_,VDD,Metal1,14.6675,113.1005,4.499517
_1624_,VDD,Metal1,148.5075,34.7005,4.499326
_1623_,VDD,Metal1,130.3725,90.7390,4.499241
_1622_,VDD,Metal1,173.1475,50.3805,4.498682
_1621_,VDD,Metal1,149.9725,128.7805,4.499064
_1620_,VDD,Metal1,169.5725,98.5790,4.499469
_1619_,VDD,Metal1,158.5875,114.2590,4.499533
_1618_,VDD,Metal1,132.8275,114.2590,4.499532
_1617_,VDD,Metal1,179.8100,97.5775,4.499469
_1616_,VDD,Metal1,80.1875,43.6990,4.498904
_1615_,VDD,Metal1,72.9075,73.9005,4.499300
_1614_,VDD,Metal1,101.4675,67.2190,4.499040
_1613_,VDD,Metal1,99.7875,58.2205,4.499017
_1612_,VDD,Metal1,71.2275,43.6990,4.499054
_1611_,VDD,Metal1,128.9075,51.5390,4.498641
_1610_,VDD,Metal1,119.3875,51.5390,4.498641
_1609_,VDD,Metal1,160.8275,34.7005,4.499330
_1608_,VDD,Metal1,148.5075,50.3805,4.498646
_1607_,VDD,Metal1,186.5875,35.8590,4.499404
_1606_,VDD,Metal1,197.7875,20.1790,4.499488
_1605_,VDD,Metal1,128.9075,75.0590,4.499282
_1604_,VDD,Metal1,200.2260,67.0300,4.499058
_1603_,VDD,Metal1,187.7075,152.3005,4.499188
_1602_,VDD,Metal1,207.3075,137.7790,4.499249
_1601_,VDD,Metal1,258.0525,387.5005,4.499717
_1600_,VDD,Metal1,264.2125,388.6590,4.499716
_1599_,VDD,Metal1,229.1475,365.1390,4.499696
_1598_,VDD,Metal1,251.5475,357.2990,4.499423
_1597_,VDD,Metal1,190.5075,388.6590,4.499738
_1596_,VDD,Metal1,226.9075,395.3405,4.499843
_1595_,VDD,Metal1,236.4275,395.3405,4.499842
_1594_,VDD,Metal1,245.9475,363.9805,4.499699
_1593_,VDD,Metal1,201.7075,387.5005,4.499732
_1592_,VDD,Metal1,214.5875,372.9790,4.499775
_1591_,VDD,Metal1,209.5475,380.8190,4.499796
_1590_,VDD,Metal1,172.0275,388.6590,4.499742
_1589_,VDD,Metal1,253.7875,379.6605,4.499790
_1588_,VDD,Metal1,136.1875,340.4605,4.498792
_1587_,VDD,Metal1,135.0675,324.7805,4.499072
_1586_,VDD,Metal1,168.1075,396.4990,4.499851
_1585_,VDD,Metal1,182.1075,106.4190,4.499351
_1584_,VDD,Metal1,157.4675,129.9390,4.499068
_1583_,VDD,Metal1,189.3300,90.5825,4.499236
_1582_,VDD,Metal1,61.0230,145.5030,4.499025
_1581_,VDD,Metal1,61.2935,144.6500,4.499025
_1580_,VDD,Metal1,56.3060,144.6500,4.499032
_1579_,VDD,Metal1,72.5100,137.7630,4.499258
_1578_,VDD,Metal1,61.9200,129.0025,4.499055
_1577_,VDD,Metal1,59.6800,136.8425,4.499268
_1576_,VDD,Metal1,12.9875,207.1805,4.498759
_1575_,VDD,Metal1,12.9875,254.2205,4.499290
_1574_,VDD,Metal1,11.8675,230.7005,4.499220
_1573_,VDD,Metal1,33.4925,153.4590,4.499207
_1572_,VDD,Metal1,12.9875,277.7405,4.499300
_1571_,VDD,Metal1,21.7325,167.9805,4.499106
_1570_,VDD,Metal1,37.0675,184.8190,4.498926
_1569_,VDD,Metal1,20.2675,191.5005,4.498963
_1568_,VDD,Metal1,21.3875,207.1805,4.498759
_1567_,VDD,Metal1,21.3875,254.2205,4.499290
_1566_,VDD,Metal1,20.2675,230.7005,4.499220
_1565_,VDD,Metal1,40.4275,153.4590,4.499206
_1564_,VDD,Metal1,19.1475,269.9005,4.499401
_1563_,VDD,Metal1,17.4675,160.1405,4.498870
_1562_,VDD,Metal1,40.9875,176.9790,4.498921
_1561_,VDD,Metal1,20.2675,183.6605,4.498946
_1560_,VDD,Metal1,54.0000,168.9175,4.499086
_1559_,VDD,Metal1,17.0400,136.8425,4.499295
_1558_,VDD,Metal1,23.0600,144.6175,4.499054
_1557_,VDD,Metal1,18.4630,144.5765,4.499054
_1556_,VDD,Metal1,23.3530,128.8780,4.499127
_1555_,VDD,Metal1,29.4100,120.9565,4.498975
_1554_,VDD,Metal1,27.3465,121.9675,4.498976
_1553_,VDD,Metal1,23.1000,121.9025,4.498984
_1552_,VDD,Metal1,32.7200,121.8775,4.498972
_1551_,VDD,Metal1,33.3930,114.1740,4.499507
_1550_,VDD,Metal1,24.2200,121.1375,4.498984
_1549_,VDD,Metal1,17.9030,121.9830,4.498962
_1548_,VDD,Metal1,32.1900,120.9565,4.498972
_1547_,VDD,Metal1,23.3400,136.7650,4.499296
_1546_,VDD,Metal1,43.4100,137.7630,4.499295
_1545_,VDD,Metal1,128.9075,200.4990,4.499207
_1544_,VDD,Metal1,119.3875,208.3390,4.498686
_1543_,VDD,Metal1,118.8275,230.7005,4.499282
_1542_,VDD,Metal1,132.8275,222.8605,4.499004
_1541_,VDD,Metal1,137.4900,207.1965,4.498685
_1540_,VDD,Metal1,147.8230,192.5430,4.498910
_1539_,VDD,Metal1,149.6200,207.3375,4.498685
_1538_,VDD,Metal1,150.3335,199.5300,4.499197
_1537_,VDD,Metal1,150.7600,200.3575,4.499197
_1536_,VDD,Metal1,146.4300,199.3565,4.499199
_1535_,VDD,Metal1,140.6400,191.6575,4.498910
_1534_,VDD,Metal1,139.1335,192.4700,4.498910
_1533_,VDD,Metal1,134.1460,192.4700,4.498910
_1532_,VDD,Metal1,139.1860,199.5300,4.499200
_1531_,VDD,Metal1,89.7075,161.2990,4.498840
_1530_,VDD,Metal1,89.7075,176.9790,4.498916
_1529_,VDD,Metal1,70.6675,175.8205,4.498916
_1528_,VDD,Metal1,70.1075,161.2990,4.498824
_1527_,VDD,Metal1,80.5230,223.8730,4.499012
_1526_,VDD,Metal1,90.4500,216.1630,4.499177
_1525_,VDD,Metal1,80.5230,332.7665,4.499108
_1524_,VDD,Metal1,89.8900,332.6365,4.499104
_1523_,VDD,Metal1,81.6430,302.2730,4.499326
_1522_,VDD,Metal1,91.0100,302.4030,4.499325
_1521_,VDD,Metal1,82.7630,270.9130,4.499392
_1520_,VDD,Metal1,89.8900,271.0430,4.499392
_1519_,VDD,Metal1,85.5630,332.7665,4.499107
_1518_,VDD,Metal1,93.2500,325.9230,4.499095
_1517_,VDD,Metal1,83.3230,293.5665,4.499089
_1516_,VDD,Metal1,92.1300,293.4365,4.499090
_1515_,VDD,Metal1,82.7630,255.2330,4.499274
_1514_,VDD,Metal1,92.1300,247.5230,4.499266
_1513_,VDD,Metal1,78.6900,231.8430,4.499211
_1512_,VDD,Metal1,90.4500,231.8430,4.499238
_1511_,VDD,Metal1,91.7700,199.5475,4.499225
_1510_,VDD,Metal1,69.1860,230.8900,4.499211
_1509_,VDD,Metal1,40.4275,208.3390,4.498720
_1508_,VDD,Metal1,26.9875,325.9390,4.499269
_1507_,VDD,Metal1,21.3875,301.2605,4.499412
_1506_,VDD,Metal1,40.9875,278.8990,4.499289
_1505_,VDD,Metal1,20.8275,316.9405,4.499127
_1504_,VDD,Metal1,20.2675,293.4205,4.499114
_1503_,VDD,Metal1,41.5475,254.2205,4.499281
_1502_,VDD,Metal1,40.9875,231.8590,4.499211
_1501_,VDD,Metal1,72.2720,199.5175,4.499237
_1500_,VDD,Metal1,68.7630,215.1665,4.499178
_1499_,VDD,Metal1,73.6500,215.0365,4.499178
_1498_,VDD,Metal1,54.3030,215.1365,4.499205
_1497_,VDD,Metal1,63.1630,332.7665,4.499110
_1496_,VDD,Metal1,57.1365,317.9830,4.499086
_1495_,VDD,Metal1,70.2900,325.9230,4.499180
_1494_,VDD,Metal1,63.1630,309.2465,4.499570
_1493_,VDD,Metal1,53.1830,302.3030,4.499354
_1492_,VDD,Metal1,68.6100,309.1165,4.499560
_1491_,VDD,Metal1,68.7630,270.0465,4.499393
_1490_,VDD,Metal1,57.6630,270.9430,4.499394
_1489_,VDD,Metal1,69.1700,277.7565,4.499289
_1488_,VDD,Metal1,64.2830,325.7930,4.499257
_1487_,VDD,Metal1,56.5430,317.0565,4.499086
_1486_,VDD,Metal1,73.0900,325.9230,4.499123
_1485_,VDD,Metal1,63.1630,294.4330,4.499090
_1484_,VDD,Metal1,54.8630,286.6230,4.499510
_1483_,VDD,Metal1,68.6100,293.4365,4.499089
_1482_,VDD,Metal1,68.7630,254.3665,4.499273
_1481_,VDD,Metal1,61.5830,247.4230,4.499266
_1480_,VDD,Metal1,73.0900,262.0765,4.499026
_1479_,VDD,Metal1,62.9900,230.7165,4.499211
_1478_,VDD,Metal1,57.9860,200.3100,4.499239
_1477_,VDD,Metal1,77.9800,200.3025,4.499232
_1476_,VDD,Metal1,69.1700,224.0030,4.499020
_1475_,VDD,Metal1,71.1520,192.4825,4.498918
_1474_,VDD,Metal1,77.4775,192.5025,4.498917
_1473_,VDD,Metal1,50.5075,208.3390,4.498717
_1472_,VDD,Metal1,31.8125,208.3390,4.498731
_1471_,VDD,Metal1,40.9875,318.0990,4.499108
_1470_,VDD,Metal1,30.3475,255.3790,4.499284
_1469_,VDD,Metal1,40.9875,302.4190,4.499392
_1468_,VDD,Metal1,30.3475,231.8590,4.499212
_1467_,VDD,Metal1,50.5075,271.0590,4.499396
_1466_,VDD,Metal1,51.6275,160.1405,4.498825
_1465_,VDD,Metal1,45.4675,316.9405,4.499103
_1464_,VDD,Metal1,22.8525,277.7405,4.499299
_1463_,VDD,Metal1,40.4275,286.7390,4.499510
_1462_,VDD,Metal1,30.3475,161.2990,4.498856
_1461_,VDD,Metal1,54.4275,247.5390,4.499266
_1460_,VDD,Metal1,50.5075,184.8190,4.498924
_1459_,VDD,Metal1,50.5075,231.8590,4.499210
_1458_,VDD,Metal1,32.3725,176.9790,4.498930
_1457_,VDD,Metal1,68.0950,200.4880,4.499237
_1456_,VDD,Metal1,61.4830,129.7930,4.499055
_1455_,VDD,Metal1,69.6975,136.9050,4.499258
_1454_,VDD,Metal1,69.1700,144.4765,4.499014
_1453_,VDD,Metal1,327.1475,26.8605,4.499232
_1452_,VDD,Metal1,324.9075,35.8590,4.499451
_1451_,VDD,Metal1,344.2925,43.6990,4.499019
_1450_,VDD,Metal1,340.0275,51.5390,4.498746
_1449_,VDD,Metal1,257.7975,58.3775,4.498985
_1448_,VDD,Metal1,252.2300,58.3775,4.498984
_1447_,VDD,Metal1,265.1500,59.3630,4.498987
_1446_,VDD,Metal1,257.3675,59.2225,4.498985
_1445_,VDD,Metal1,285.7075,67.2190,4.499094
_1444_,VDD,Metal1,276.1875,75.0590,4.499234
_1443_,VDD,Metal1,273.9475,50.3805,4.498643
_1442_,VDD,Metal1,282.3475,50.3805,4.498647
_1441_,VDD,Metal1,314.8275,200.4990,4.499221
_1440_,VDD,Metal1,313.7075,161.2990,4.499092
_1439_,VDD,Metal1,316.8525,114.2590,4.499519
_1438_,VDD,Metal1,324.9075,216.1790,4.498978
_1437_,VDD,Metal1,365.5725,224.0190,4.499040
_1436_,VDD,Metal1,361.0925,215.0205,4.498969
_1435_,VDD,Metal1,344.5075,136.6205,4.499237
_1434_,VDD,Metal1,356.0525,97.4205,4.499568
_1433_,VDD,Metal1,287.7700,89.7875,4.499148
_1432_,VDD,Metal1,315.3875,192.6590,4.498832
_1431_,VDD,Metal1,305.3075,144.4605,4.498959
_1430_,VDD,Metal1,295.7875,113.1005,4.499517
_1429_,VDD,Metal1,315.3875,247.5390,4.499254
_1428_,VDD,Metal1,354.5875,231.8590,4.499317
_1427_,VDD,Metal1,354.5875,208.3390,4.498756
_1426_,VDD,Metal1,334.9875,152.3005,4.499232
_1425_,VDD,Metal1,344.5075,81.7405,4.499604
_1424_,VDD,Metal1,293.8775,89.8385,4.499147
_1423_,VDD,Metal1,305.3075,183.6605,4.498843
_1422_,VDD,Metal1,287.3875,161.2990,4.499008
_1421_,VDD,Metal1,295.2275,120.9405,4.498910
_1420_,VDD,Metal1,307.5475,239.6990,4.499342
_1419_,VDD,Metal1,344.5075,246.3805,4.499251
_1418_,VDD,Metal1,333.8675,199.3405,4.499225
_1417_,VDD,Metal1,324.9075,129.9390,4.499020
_1416_,VDD,Metal1,332.1875,90.7390,4.499153
_1415_,VDD,Metal1,289.7735,97.6100,4.499552
_1414_,VDD,Metal1,305.3075,175.8205,4.499008
_1413_,VDD,Metal1,295.7875,161.2990,4.499016
_1412_,VDD,Metal1,295.7875,136.6205,4.499221
_1411_,VDD,Metal1,305.3075,222.8605,4.499070
_1410_,VDD,Metal1,345.0675,215.0205,4.498969
_1409_,VDD,Metal1,346.7475,200.4990,4.499220
_1408_,VDD,Metal1,325.4675,137.7790,4.499239
_1407_,VDD,Metal1,340.5875,90.7390,4.499147
_1406_,VDD,Metal1,291.6300,98.3505,4.499552
_1405_,VDD,Metal1,373.9000,207.3250,4.498756
_1404_,VDD,Metal1,384.4175,183.9450,4.498748
_1403_,VDD,Metal1,377.8200,208.1950,4.498754
_1402_,VDD,Metal1,384.4175,191.7850,4.498826
_1401_,VDD,Metal1,362.1400,200.3550,4.499211
_1400_,VDD,Metal1,384.4175,207.4650,4.498754
_1399_,VDD,Metal1,377.0600,200.3550,4.499209
_1398_,VDD,Metal1,377.1375,199.6250,4.499209
_1397_,VDD,Metal1,349.7300,145.6030,4.498959
_1396_,VDD,Metal1,357.5375,145.3350,4.498959
_1395_,VDD,Metal1,377.1375,136.9050,4.499231
_1394_,VDD,Metal1,368.7700,144.4765,4.498958
_1393_,VDD,Metal1,384.4175,129.0650,4.499004
_1392_,VDD,Metal1,384.4175,136.9050,4.499228
_1391_,VDD,Metal1,354.7500,192.6430,4.498831
_1390_,VDD,Metal1,375.1100,184.7180,4.498753
_1389_,VDD,Metal1,382.2225,168.2650,4.499222
_1388_,VDD,Metal1,351.9500,192.6430,4.498831
_1387_,VDD,Metal1,362.9700,176.8780,4.499022
_1386_,VDD,Metal1,369.2975,191.7850,4.498829
_1385_,VDD,Metal1,351.3900,175.8365,4.499024
_1384_,VDD,Metal1,366.1500,161.1980,4.499094
_1383_,VDD,Metal1,367.6175,192.3750,4.498830
_1382_,VDD,Metal1,352.5300,144.4765,4.498959
_1381_,VDD,Metal1,366.1500,129.8380,4.499009
_1380_,VDD,Metal1,377.1375,121.2250,4.498920
_1379_,VDD,Metal1,357.2630,106.3030,4.499254
_1378_,VDD,Metal1,375.1100,106.3180,4.499254
_1377_,VDD,Metal1,252.8300,28.0030,4.499170
_1376_,VDD,Metal1,248.6230,35.7430,4.499428
_1375_,VDD,Metal1,356.9775,144.7450,4.498959
_1374_,VDD,Metal1,377.6975,90.4550,4.499145
_1373_,VDD,Metal1,244.7030,26.9765,4.499161
_1372_,VDD,Metal1,384.7365,98.4630,4.499564
_1371_,VDD,Metal1,383.2975,97.7050,4.499564
_1370_,VDD,Metal1,382.2225,105.5450,4.499252
_1369_,VDD,Metal1,384.1200,121.2550,4.498917
_1368_,VDD,Metal1,252.2700,35.8430,4.499438
_1367_,VDD,Metal1,248.9460,27.8300,4.499169
_1366_,VDD,Metal1,245.0260,34.8900,4.499428
_1365_,VDD,Metal1,386.1100,216.1630,4.498966
_1364_,VDD,Metal1,383.3425,176.1050,4.499019
_1363_,VDD,Metal1,376.4130,207.3125,4.498754
_1362_,VDD,Metal1,384.4175,199.6250,4.499209
_1361_,VDD,Metal1,358.1425,176.1050,4.499023
_1360_,VDD,Metal1,348.8630,153.3430,4.499228
_1359_,VDD,Metal1,383.2975,160.4250,4.499091
_1358_,VDD,Metal1,384.4175,144.7450,4.498954
_1357_,VDD,Metal1,383.2975,152.5850,4.499227
_1356_,VDD,Metal1,390.6100,89.5965,4.499144
_1355_,VDD,Metal1,270.3500,113.3290,4.499505
_1354_,VDD,Metal1,255.6135,105.4500,4.499309
_1353_,VDD,Metal1,250.0135,105.4500,4.499309
_1352_,VDD,Metal1,265.6975,144.7450,4.498936
_1351_,VDD,Metal1,345.2175,113.3850,4.499522
_1350_,VDD,Metal1,373.6100,113.2015,4.499516
_1349_,VDD,Metal1,376.8630,105.3765,4.499254
_1348_,VDD,Metal1,371.5375,98.2950,4.499567
_1347_,VDD,Metal1,245.5100,67.0625,4.499086
_1346_,VDD,Metal1,245.2630,74.0165,4.499241
_1345_,VDD,Metal1,237.9830,74.9430,4.499245
_1344_,VDD,Metal1,245.5860,43.5100,4.498952
_1343_,VDD,Metal1,250.5735,98.3900,4.499498
_1342_,VDD,Metal1,253.3735,81.9300,4.499581
_1341_,VDD,Metal1,240.5100,59.3630,4.498984
_1340_,VDD,Metal1,237.4230,58.3365,4.498987
_1339_,VDD,Metal1,239.3735,43.5100,4.498951
_1338_,VDD,Metal1,226.1900,97.5775,4.499489
_1337_,VDD,Metal1,224.8300,98.5630,4.499489
_1336_,VDD,Metal1,236.3365,42.6565,4.498945
_1335_,VDD,Metal1,235.7100,90.5825,4.499169
_1334_,VDD,Metal1,383.3425,113.3850,4.499515
_1333_,VDD,Metal1,261.0530,82.7675,4.499581
_1332_,VDD,Metal1,234.5900,97.5775,4.499492
_1331_,VDD,Metal1,245.5860,98.3900,4.499497
_1330_,VDD,Metal1,244.7030,90.6230,4.499169
_1329_,VDD,Metal1,239.0000,27.8775,4.499155
_1328_,VDD,Metal1,244.5800,97.6175,4.499497
_1327_,VDD,Metal1,237.5100,66.2675,4.499078
_1326_,VDD,Metal1,258.4135,81.9300,4.499581
_1325_,VDD,Metal1,258.0300,97.6490,4.499500
_1324_,VDD,Metal1,232.0700,66.2175,4.499070
_1323_,VDD,Metal1,231.5860,90.5500,4.499169
_1322_,VDD,Metal1,237.2100,59.2225,4.498987
_1321_,VDD,Metal1,242.1900,66.0765,4.499082
_1320_,VDD,Metal1,236.3365,67.1030,4.499077
_1319_,VDD,Metal1,246.3300,74.8525,4.499241
_1318_,VDD,Metal1,231.8230,67.1030,4.499070
_1317_,VDD,Metal1,232.6300,43.5425,4.498924
_1316_,VDD,Metal1,153.8830,247.3930,4.499256
_1315_,VDD,Metal1,158.5200,247.2250,4.499260
_1314_,VDD,Metal1,169.2130,246.5125,4.499270
_1313_,VDD,Metal1,173.6930,246.5125,4.499270
_1312_,VDD,Metal1,318.7005,175.8310,4.499020
_1311_,VDD,Metal1,310.3005,152.3110,4.499189
_1310_,VDD,Metal1,310.8605,120.9510,4.498911
_1309_,VDD,Metal1,319.2605,230.7110,4.499317
_1308_,VDD,Metal1,358.4605,238.5510,4.499344
_1307_,VDD,Metal1,355.6605,191.5110,4.498831
_1306_,VDD,Metal1,338.8605,137.7690,4.499237
_1305_,VDD,Metal1,350.0605,82.8890,4.499604
_1304_,VDD,Metal1,332.5100,356.3690,4.499449
_1303_,VDD,Metal1,327.6800,356.2975,4.499445
_1302_,VDD,Metal1,330.1100,349.4430,4.499407
_1301_,VDD,Metal1,327.4700,357.0705,4.499445
_1300_,VDD,Metal1,330.0935,325.7500,4.499087
_1299_,VDD,Metal1,327.3300,349.4430,4.499404
_1298_,VDD,Metal1,333.6300,341.3905,4.498746
_1297_,VDD,Metal1,330.1460,324.9700,4.499087
_1296_,VDD,Metal1,328.2600,332.7775,4.499117
_1295_,VDD,Metal1,330.1300,333.7630,4.499267
_1294_,VDD,Metal1,335.3100,332.8490,4.499184
_1293_,VDD,Metal1,335.1860,324.9700,4.499057
_1292_,VDD,Metal1,326.1900,325.9230,4.499078
_1291_,VDD,Metal1,302.5000,263.0625,4.498894
_1290_,VDD,Metal1,296.5460,263.0300,4.498879
_1289_,VDD,Metal1,328.7365,310.1430,4.499581
_1288_,VDD,Metal1,323.5500,309.3290,4.499566
_1287_,VDD,Metal1,303.3800,270.0975,4.499530
_1286_,VDD,Metal1,331.9500,270.8305,4.499544
_1285_,VDD,Metal1,330.6535,278.7100,4.499301
_1284_,VDD,Metal1,326.2475,270.9025,4.499538
_1283_,VDD,Metal1,305.8600,263.0625,4.498897
_1282_,VDD,Metal1,296.5460,270.0900,4.499508
_1281_,VDD,Metal1,298.5965,285.7265,4.499612
_1280_,VDD,Metal1,303.4700,285.7375,4.499618
_1279_,VDD,Metal1,315.1500,278.6705,4.499298
_1278_,VDD,Metal1,315.8565,293.5365,4.499321
_1277_,VDD,Metal1,308.8300,285.5965,4.499618
_1276_,VDD,Metal1,316.2700,286.5105,4.499625
_1275_,VDD,Metal1,318.9300,294.5630,4.499326
_1274_,VDD,Metal1,335.2100,286.5825,4.499638
_1273_,VDD,Metal1,312.1900,286.7230,4.499622
_1272_,VDD,Metal1,343.1500,278.6705,4.499290
_1271_,VDD,Metal1,347.4535,294.3900,4.499323
_1270_,VDD,Metal1,338.2900,301.4175,4.499496
_1269_,VDD,Metal1,340.1900,286.7230,4.499638
_1268_,VDD,Metal1,350.9900,293.6490,4.499322
_1267_,VDD,Metal1,347.4900,301.2765,4.499495
_1266_,VDD,Metal1,351.6630,294.4630,4.499322
_1265_,VDD,Metal1,351.5500,301.4890,4.499474
_1264_,VDD,Metal1,345.7900,302.4030,4.499495
_1263_,VDD,Metal1,349.7300,302.4030,4.499474
_1262_,VDD,Metal1,350.4300,341.3905,4.498731
_1261_,VDD,Metal1,344.7060,317.1300,4.499220
_1260_,VDD,Metal1,346.5100,309.3290,4.499581
_1259_,VDD,Metal1,346.3500,348.3165,4.499406
_1258_,VDD,Metal1,352.6700,325.7105,4.499051
_1257_,VDD,Metal1,356.4500,318.0830,4.499220
_1256_,VDD,Metal1,347.2165,317.9830,4.499220
_1255_,VDD,Metal1,351.5500,317.8705,4.499220
_1254_,VDD,Metal1,350.2700,316.9565,4.499220
_1253_,VDD,Metal1,313.3100,316.9565,4.499216
_1252_,VDD,Metal1,285.7300,262.9905,4.498879
_1251_,VDD,Metal1,283.7800,270.8625,4.499502
_1250_,VDD,Metal1,232.1100,216.1630,4.498953
_1249_,VDD,Metal1,225.3525,238.6975,4.499298
_1248_,VDD,Metal1,219.7525,238.6975,4.499298
_1247_,VDD,Metal1,246.1700,278.7425,4.499314
_1246_,VDD,Metal1,239.0000,278.7575,4.499314
_1245_,VDD,Metal1,243.7400,285.7775,4.499598
_1244_,VDD,Metal1,237.1100,255.2225,4.499314
_1243_,VDD,Metal1,232.2700,262.9905,4.498890
_1242_,VDD,Metal1,238.4600,263.0625,4.498890
_1241_,VDD,Metal1,228.2500,263.0625,4.498890
_1240_,VDD,Metal1,225.0700,277.8975,4.499323
_1239_,VDD,Metal1,226.5300,286.7230,4.499582
_1238_,VDD,Metal1,228.0600,270.0975,4.499489
_1237_,VDD,Metal1,211.9100,263.0625,4.498925
_1236_,VDD,Metal1,212.3700,277.9690,4.499339
_1235_,VDD,Metal1,217.3800,263.0625,4.498924
_1234_,VDD,Metal1,211.4500,285.7375,4.499578
_1233_,VDD,Metal1,224.7900,285.7375,4.499582
_1232_,VDD,Metal1,218.1100,285.5965,4.499578
_1231_,VDD,Metal1,211.2600,270.8625,4.499489
_1230_,VDD,Metal1,190.1700,277.8975,4.499348
_1229_,VDD,Metal1,189.9700,278.6705,4.499348
_1228_,VDD,Metal1,194.9800,278.7425,4.499343
_1227_,VDD,Metal1,181.7700,277.8975,4.499357
_1226_,VDD,Metal1,179.6300,285.8090,4.499571
_1225_,VDD,Metal1,229.3300,285.5965,4.499584
_1224_,VDD,Metal1,184.9400,278.7025,4.499354
_1223_,VDD,Metal1,160.3900,278.7425,4.499351
_1222_,VDD,Metal1,160.8500,285.8090,4.499551
_1221_,VDD,Metal1,167.5800,294.3825,4.499145
_1220_,VDD,Metal1,185.0300,294.4225,4.499246
_1219_,VDD,Metal1,179.5060,293.6100,4.499243
_1218_,VDD,Metal1,177.3900,294.3505,4.499243
_1217_,VDD,Metal1,181.3465,301.3925,4.499387
_1216_,VDD,Metal1,185.5000,302.2225,4.499386
_1215_,VDD,Metal1,161.6100,309.2575,4.499536
_1214_,VDD,Metal1,160.5800,302.2225,4.499352
_1213_,VDD,Metal1,161.9700,301.4890,4.499352
_1212_,VDD,Metal1,161.0500,294.4225,4.499145
_1211_,VDD,Metal1,160.8500,310.0305,4.499536
_1210_,VDD,Metal1,167.5800,301.4575,4.499387
_1209_,VDD,Metal1,159.3700,317.0975,4.499058
_1208_,VDD,Metal1,168.1300,317.8705,4.499062
_1207_,VDD,Metal1,161.4200,317.9025,4.499059
_1206_,VDD,Metal1,172.7100,324.9375,4.499071
_1205_,VDD,Metal1,162.8300,325.0090,4.499071
_1204_,VDD,Metal1,168.4200,324.9775,4.499071
_1203_,VDD,Metal1,156.0100,340.6175,4.498792
_1202_,VDD,Metal1,160.3000,340.6575,4.498792
_1201_,VDD,Metal1,160.8400,332.7625,4.499077
_1200_,VDD,Metal1,169.9100,341.4625,4.498787
_1199_,VDD,Metal1,167.5330,340.5925,4.498789
_1198_,VDD,Metal1,172.5800,340.6175,4.498787
_1197_,VDD,Metal1,161.9400,341.4625,4.498791
_1196_,VDD,Metal1,161.5500,269.9165,4.499407
_1195_,VDD,Metal1,266.1300,387.7290,4.499716
_1194_,VDD,Metal1,277.8900,396.2705,4.499844
_1193_,VDD,Metal1,236.7500,372.7505,4.499734
_1192_,VDD,Metal1,259.1500,357.0705,4.499421
_1191_,VDD,Metal1,199.2300,388.4305,4.499733
_1190_,VDD,Metal1,237.8700,388.4305,4.499724
_1189_,VDD,Metal1,245.7100,388.4305,4.499724
_1188_,VDD,Metal1,251.3100,372.0490,4.499722
_1187_,VDD,Metal1,210.9900,395.5690,4.499844
_1186_,VDD,Metal1,226.1100,372.0490,4.499741
_1185_,VDD,Metal1,218.8300,387.7290,4.499725
_1184_,VDD,Metal1,183.5500,388.4305,4.499741
_1183_,VDD,Metal1,257.4700,372.0490,4.499720
_1182_,VDD,Metal1,193.0700,356.3690,4.499434
_1181_,VDD,Metal1,179.8900,310.0305,4.499538
_1180_,VDD,Metal1,178.2100,395.5690,4.499849
_1179_,VDD,Metal1,258.6000,152.4425,4.499171
_1178_,VDD,Metal1,231.2300,81.8975,4.499576
_1177_,VDD,Metal1,225.9100,90.5825,4.499169
_1176_,VDD,Metal1,229.0230,82.7830,4.499575
_1175_,VDD,Metal1,239.9100,97.5775,4.499494
_1174_,VDD,Metal1,230.4300,75.0430,4.499245
_1173_,VDD,Metal1,244.8130,82.7675,4.499579
_1172_,VDD,Metal1,230.6030,114.1130,4.499506
_1171_,VDD,Metal1,288.6700,105.2765,4.499263
_1170_,VDD,Metal1,277.3975,106.2625,4.499268
_1169_,VDD,Metal1,251.2730,168.0780,4.499184
_1168_,VDD,Metal1,260.1300,175.8365,4.498988
_1167_,VDD,Metal1,277.5930,129.8015,4.499035
_1166_,VDD,Metal1,283.6500,106.4030,4.499268
_1165_,VDD,Metal1,279.5800,270.0975,4.499496
_1164_,VDD,Metal1,283.7400,270.0450,4.499502
_1163_,VDD,Metal1,245.3500,192.4525,4.498777
_1162_,VDD,Metal1,242.5965,191.6465,4.498777
_1161_,VDD,Metal1,256.1500,199.4975,4.499199
_1160_,VDD,Metal1,258.8200,207.3375,4.498714
_1159_,VDD,Metal1,286.7030,340.5765,4.498729
_1158_,VDD,Metal1,278.5500,340.6175,4.498723
_1157_,VDD,Metal1,276.1265,349.2615,4.499377
_1156_,VDD,Metal1,277.0830,332.7665,4.499039
_1155_,VDD,Metal1,277.5060,324.9700,4.499025
_1154_,VDD,Metal1,271.8575,317.8150,4.499100
_1153_,VDD,Metal1,275.8225,317.8150,4.499109
_1152_,VDD,Metal1,278.0175,317.2250,4.499109
_1151_,VDD,Metal1,285.3425,309.9750,4.499524
_1150_,VDD,Metal1,302.1700,341.4625,4.498744
_1149_,VDD,Metal1,300.4135,310.0700,4.499533
_1148_,VDD,Metal1,303.8225,309.3850,4.499546
_1147_,VDD,Metal1,306.0660,341.4300,4.498745
_1146_,VDD,Metal1,311.0575,356.4250,4.499416
_1145_,VDD,Metal1,306.6225,333.4950,4.499064
_1144_,VDD,Metal1,305.3665,356.2380,4.499415
_1143_,VDD,Metal1,287.2630,325.8230,4.499056
_1142_,VDD,Metal1,284.9200,341.4775,4.498729
_1141_,VDD,Metal1,307.3500,348.4015,4.499390
_1140_,VDD,Metal1,287.9400,324.9375,4.499056
_1139_,VDD,Metal1,295.9860,309.2900,4.499532
_1138_,VDD,Metal1,298.2225,302.1350,4.499471
_1137_,VDD,Metal1,297.1025,286.4550,4.499612
_1136_,VDD,Metal1,266.2535,317.9100,4.499099
_1135_,VDD,Metal1,269.6175,317.2250,4.499100
_1134_,VDD,Metal1,267.9375,325.0650,4.499022
_1133_,VDD,Metal1,261.2300,318.0830,4.499064
_1132_,VDD,Metal1,256.8075,317.0975,4.499062
_1131_,VDD,Metal1,260.1100,316.9565,4.499064
_1130_,VDD,Metal1,290.9700,332.7775,4.499045
_1129_,VDD,Metal1,302.9765,333.6630,4.499054
_1128_,VDD,Metal1,303.8225,332.9050,4.499054
_1127_,VDD,Metal1,309.9375,340.7450,4.498746
_1126_,VDD,Metal1,284.7400,349.3175,4.499381
_1125_,VDD,Metal1,315.9800,356.3375,4.499432
_1124_,VDD,Metal1,275.9865,357.1675,4.499414
_1123_,VDD,Metal1,280.1000,348.4575,4.499378
_1122_,VDD,Metal1,298.7700,301.2765,4.499471
_1121_,VDD,Metal1,275.8475,348.4575,4.499377
_1120_,VDD,Metal1,268.3400,341.4625,4.498718
_1119_,VDD,Metal1,267.2130,348.4325,4.499375
_1118_,VDD,Metal1,316.6700,333.7630,4.499092
_1117_,VDD,Metal1,291.4700,309.1165,4.499532
_1116_,VDD,Metal1,305.4700,340.4765,4.498745
_1115_,VDD,Metal1,293.1200,325.7175,4.499062
_1114_,VDD,Metal1,284.9465,357.1675,4.499414
_1113_,VDD,Metal1,285.7000,348.4575,4.499381
_1112_,VDD,Metal1,267.9700,325.9230,4.499022
_1111_,VDD,Metal1,304.3700,310.2430,4.499546
_1110_,VDD,Metal1,274.3830,270.0165,4.499493
_1109_,VDD,Metal1,277.1000,270.9025,4.499496
_1108_,VDD,Metal1,273.0260,277.9300,4.499293
_1107_,VDD,Metal1,273.4100,278.6705,4.499293
_1106_,VDD,Metal1,265.6975,301.5450,4.499402
_1105_,VDD,Metal1,264.0300,302.4030,4.499402
_1104_,VDD,Metal1,260.7275,302.2625,4.499397
_1103_,VDD,Metal1,262.9100,294.5630,4.499275
_1102_,VDD,Metal1,259.6075,301.4175,4.499396
_1101_,VDD,Metal1,264.6225,278.6150,4.499294
_1100_,VDD,Metal1,260.7275,278.7425,4.499309
_1099_,VDD,Metal1,264.5900,285.5965,4.499605
_1098_,VDD,Metal1,265.2075,277.8975,4.499294
_1097_,VDD,Metal1,267.4100,285.5965,4.499605
_1096_,VDD,Metal1,278.0625,294.2950,4.499289
_1095_,VDD,Metal1,274.1675,294.4225,4.499278
_1094_,VDD,Metal1,278.6100,301.2765,4.499408
_1093_,VDD,Metal1,286.4500,301.2765,4.499456
_1092_,VDD,Metal1,303.2500,301.2765,4.499479
_1091_,VDD,Metal1,277.5025,293.7050,4.499289
_1090_,VDD,Metal1,275.7900,301.2765,4.499408
_1089_,VDD,Metal1,273.6075,293.5775,4.499278
_1088_,VDD,Metal1,279.1500,286.7230,4.499609
_1087_,VDD,Metal1,286.4500,293.4365,4.499314
_1086_,VDD,Metal1,261.3225,208.1825,4.498714
_1085_,VDD,Metal1,269.2600,208.1825,4.498753
_1084_,VDD,Metal1,256.4300,192.5025,4.498779
_1083_,VDD,Metal1,240.5300,208.3230,4.498706
_1082_,VDD,Metal1,248.3100,208.1825,4.498712
_1081_,VDD,Metal1,308.1000,317.9425,4.499210
_1080_,VDD,Metal1,311.6135,317.9100,4.499215
_1079_,VDD,Metal1,304.9425,325.6550,4.499068
_1078_,VDD,Metal1,313.9025,332.9050,4.499080
_1077_,VDD,Metal1,308.3025,317.2250,4.499210
_1076_,VDD,Metal1,308.8625,309.9750,4.499559
_1075_,VDD,Metal1,310.4935,364.9500,4.499717
_1074_,VDD,Metal1,311.0575,357.0150,4.499416
_1073_,VDD,Metal1,302.6700,372.9630,4.499721
_1072_,VDD,Metal1,303.7525,364.9825,4.499712
_1071_,VDD,Metal1,304.9300,363.9965,4.499712
_1070_,VDD,Metal1,308.8300,372.9630,4.499738
_1069_,VDD,Metal1,308.8500,371.8365,4.499738
_1068_,VDD,Metal1,312.1525,371.9775,4.499762
_1067_,VDD,Metal1,294.8300,371.8365,4.499720
_1066_,VDD,Metal1,287.5500,363.9965,4.499705
_1065_,VDD,Metal1,291.5275,364.1375,4.499705
_1064_,VDD,Metal1,238.1800,192.5150,4.498777
_1063_,VDD,Metal1,234.3100,192.5025,4.498776
_1062_,VDD,Metal1,309.2000,81.8975,4.499605
_1061_,VDD,Metal1,312.9000,81.9375,4.499608
_1060_,VDD,Metal1,296.5100,81.7565,4.499601
_1059_,VDD,Metal1,307.0200,89.7775,4.499147
_1058_,VDD,Metal1,291.3165,82.7530,4.499600
_1057_,VDD,Metal1,306.2730,82.7015,4.499605
_1056_,VDD,Metal1,334.4365,74.0465,4.499238
_1055_,VDD,Metal1,294.8500,82.8830,4.499601
_1054_,VDD,Metal1,286.2530,82.7675,4.499595
_1053_,VDD,Metal1,324.1230,74.9130,4.499237
_1052_,VDD,Metal1,298.1900,82.8830,4.499601
_1051_,VDD,Metal1,332.9065,74.8330,4.499238
_1050_,VDD,Metal1,293.7100,81.7565,4.499600
_1049_,VDD,Metal1,276.8725,113.2575,4.499508
_1048_,VDD,Metal1,276.5400,114.1025,4.499508
_1047_,VDD,Metal1,259.0260,191.6900,4.498779
_1046_,VDD,Metal1,253.1365,192.5430,4.498778
_1045_,VDD,Metal1,160.5225,263.0625,4.498956
_1044_,VDD,Metal1,158.9000,255.1825,4.499299
_1043_,VDD,Metal1,151.3800,215.1650,4.499114
_1042_,VDD,Metal1,158.7100,239.5425,4.499255
_1041_,VDD,Metal1,159.7000,215.1775,4.499098
_1040_,VDD,Metal1,171.2600,239.5425,4.499277
_1039_,VDD,Metal1,212.5460,294.3900,4.499249
_1038_,VDD,Metal1,207.3300,309.3290,4.499519
_1037_,VDD,Metal1,219.4700,302.2625,4.499385
_1036_,VDD,Metal1,213.1200,309.3225,4.499514
_1035_,VDD,Metal1,194.9300,309.2575,4.499527
_1034_,VDD,Metal1,236.2700,294.4225,4.499254
_1033_,VDD,Metal1,234.4000,286.5175,4.499590
_1032_,VDD,Metal1,234.9600,293.6425,4.499254
_1031_,VDD,Metal1,207.1850,310.2200,4.499519
_1030_,VDD,Metal1,207.5200,302.1975,4.499385
_1029_,VDD,Metal1,228.7200,309.3225,4.499513
_1028_,VDD,Metal1,243.8400,317.1625,4.499059
_1027_,VDD,Metal1,227.3750,301.3000,4.499390
_1026_,VDD,Metal1,236.0800,317.1625,4.499053
_1025_,VDD,Metal1,214.2400,302.1975,4.499385
_1024_,VDD,Metal1,212.2550,316.9800,4.499048
_1023_,VDD,Metal1,191.8400,310.0375,4.499527
_1022_,VDD,Metal1,187.3600,317.1625,4.499051
_1021_,VDD,Metal1,182.3200,317.8775,4.499057
_1020_,VDD,Metal1,247.2000,294.3575,4.499272
_1019_,VDD,Metal1,215.0550,301.3000,4.499385
_1018_,VDD,Metal1,94.5700,192.4525,4.498911
_1017_,VDD,Metal1,93.5600,200.1850,4.499225
_1016_,VDD,Metal1,98.9800,200.3025,4.499221
_1015_,VDD,Metal1,98.2700,192.6430,4.498910
_1014_,VDD,Metal1,98.2900,238.5565,4.499250
_1013_,VDD,Metal1,107.9630,199.4865,4.499212
_1012_,VDD,Metal1,98.2700,246.3965,4.499249
_1011_,VDD,Metal1,105.5375,215.8950,4.499153
_1010_,VDD,Metal1,95.4700,208.3230,4.498700
_1009_,VDD,Metal1,103.3300,207.1965,4.498692
_1008_,VDD,Metal1,103.8900,224.0030,4.499009
_1007_,VDD,Metal1,103.8900,231.8430,4.499280
_1006_,VDD,Metal1,96.3900,199.5475,4.499223
_1005_,VDD,Metal1,78.1100,199.3565,4.499232
_1004_,VDD,Metal1,75.3425,191.7850,4.498918
_1003_,VDD,Metal1,71.2365,184.6730,4.498860
_1002_,VDD,Metal1,81.1065,191.6325,4.498914
_1001_,VDD,Metal1,65.2300,192.6430,4.498927
_1000_,VDD,Metal1,93.0530,191.6325,4.498911
_0999_,VDD,Metal1,82.6100,192.6430,4.498914
_0998_,VDD,Metal1,135.2300,199.3565,4.499201
_0997_,VDD,Metal1,79.0400,137.6225,4.499258
_0996_,VDD,Metal1,49.5800,128.9225,4.499055
_0995_,VDD,Metal1,51.5030,121.9830,4.498956
_0994_,VDD,Metal1,55.6800,129.0025,4.499055
_0993_,VDD,Metal1,50.6900,137.7630,4.499283
_0992_,VDD,Metal1,258.5400,42.6850,4.498959
_0991_,VDD,Metal1,327.3460,50.5700,4.498724
_0990_,VDD,Metal1,324.8800,51.3825,4.498712
_0989_,VDD,Metal1,323.9700,67.2030,4.499396
_0988_,VDD,Metal1,326.1735,43.5100,4.499003
_0987_,VDD,Metal1,329.8565,58.3365,4.499028
_0986_,VDD,Metal1,333.1000,51.3825,4.498746
_0985_,VDD,Metal1,329.5860,51.3500,4.498746
_0984_,VDD,Metal1,318.9300,75.0430,4.499237
_0983_,VDD,Metal1,194.7500,90.5105,4.499185
_0982_,VDD,Metal1,199.4100,89.7375,4.499184
_0981_,VDD,Metal1,192.3700,97.4365,4.499485
_0980_,VDD,Metal1,194.0900,89.7375,4.499185
_0979_,VDD,Metal1,189.5500,97.4365,4.499469
_0978_,VDD,Metal1,207.0700,35.6305,4.499418
_0977_,VDD,Metal1,211.5500,34.9290,4.499420
_0976_,VDD,Metal1,211.4260,66.2500,4.499061
_0975_,VDD,Metal1,198.8165,82.7830,4.499560
_0974_,VDD,Metal1,198.7500,74.9025,4.499275
_0973_,VDD,Metal1,196.6900,50.6090,4.498645
_0972_,VDD,Metal1,197.8100,51.3105,4.498645
_0971_,VDD,Metal1,207.5060,51.3500,4.498640
_0970_,VDD,Metal1,199.2600,81.8975,4.499560
_0969_,VDD,Metal1,200.5800,59.2225,4.499010
_0968_,VDD,Metal1,215.5065,81.8725,4.499573
_0967_,VDD,Metal1,235.6600,27.0175,4.499141
_0966_,VDD,Metal1,353.8200,98.4225,4.499568
_0965_,VDD,Metal1,217.5100,113.2575,4.499507
_0964_,VDD,Metal1,213.6300,113.1165,4.499507
_0963_,VDD,Metal1,355.6930,114.1275,4.499520
_0962_,VDD,Metal1,253.3900,120.9565,4.498895
_0961_,VDD,Metal1,225.3900,152.3165,4.499173
_0960_,VDD,Metal1,248.3500,129.9230,4.499035
_0959_,VDD,Metal1,187.7800,199.4850,4.499193
_0958_,VDD,Metal1,210.9400,223.8750,4.499068
_0957_,VDD,Metal1,207.5800,238.6850,4.499296
_0956_,VDD,Metal1,200.3000,223.8750,4.499068
_0955_,VDD,Metal1,256.8600,246.5250,4.499252
_0954_,VDD,Metal1,253.8600,246.5250,4.499252
_0953_,VDD,Metal1,212.4200,223.8750,4.499068
_0952_,VDD,Metal1,210.1800,216.0350,4.498973
_0951_,VDD,Metal1,215.7800,208.1950,4.498697
_0950_,VDD,Metal1,237.2600,114.1150,4.499506
_0949_,VDD,Metal1,255.7400,168.1250,4.499185
_0948_,VDD,Metal1,289.9000,129.7950,4.499018
_0947_,VDD,Metal1,325.1800,349.3150,4.499404
_0946_,VDD,Metal1,322.7400,356.2850,4.499436
_0945_,VDD,Metal1,330.7800,332.7650,4.499267
_0944_,VDD,Metal1,324.4200,332.7650,4.499117
_0943_,VDD,Metal1,273.6600,332.7650,4.499038
_0942_,VDD,Metal1,288.0200,285.7250,4.499609
_0941_,VDD,Metal1,302.2200,278.7550,4.499296
_0940_,VDD,Metal1,329.1000,286.5950,4.499637
_0939_,VDD,Metal1,337.8600,294.4350,4.499325
_0938_,VDD,Metal1,337.8600,302.2750,4.499496
_0937_,VDD,Metal1,333.9400,309.2450,4.499581
_0936_,VDD,Metal1,343.4600,348.4450,4.499406
_0935_,VDD,Metal1,348.1400,325.7950,4.499051
_0934_,VDD,Metal1,316.2200,317.0850,4.499217
_0933_,VDD,Metal1,299.2200,270.9150,4.499508
_0932_,VDD,Metal1,238.3800,223.8750,4.499068
_0931_,VDD,Metal1,229.2200,191.6450,4.498770
_0930_,VDD,Metal1,266.3800,192.5150,4.498785
_0929_,VDD,Metal1,253.3000,199.4850,4.499198
_0928_,VDD,Metal1,309.3000,349.3150,4.499393
_0927_,VDD,Metal1,311.1800,333.6350,4.499079
_0926_,VDD,Metal1,263.3800,324.9250,4.499020
_0925_,VDD,Metal1,272.3400,324.9250,4.499025
_0924_,VDD,Metal1,291.9400,294.4350,4.499316
_0923_,VDD,Metal1,265.0600,317.0850,4.499099
_0922_,VDD,Metal1,288.5800,309.2450,4.499527
_0921_,VDD,Metal1,304.2600,302.2750,4.499480
_0920_,VDD,Metal1,306.5000,357.1550,4.499415
_0919_,VDD,Metal1,273.1000,317.0850,4.499101
_0918_,VDD,Metal1,302.7800,302.2750,4.499479
_0917_,VDD,Metal1,304.2600,317.0850,4.499191
_0916_,VDD,Metal1,313.4200,310.1150,4.499559
_0915_,VDD,Metal1,194.1400,200.3550,4.499193
_0914_,VDD,Metal1,161.1000,208.1950,4.498696
_0913_,VDD,Metal1,138.1400,168.9950,4.499087
_0912_,VDD,Metal1,139.0600,184.6750,4.498858
_0911_,VDD,Metal1,136.8200,184.6750,4.498858
_0910_,VDD,Metal1,64.0200,136.7650,4.499258
_0909_,VDD,Metal1,329.4600,59.2350,4.499028
_0908_,VDD,Metal1,315.4600,34.8450,4.499449
_0907_,VDD,Metal1,205.1400,74.9150,4.499256
_0906_,VDD,Metal1,190.0200,74.9150,4.499279
_0905_,VDD,Metal1,201.9800,82.7550,4.499560
_0904_,VDD,Metal1,362.1400,98.4350,4.499567
_0903_,VDD,Metal1,225.3000,160.2850,4.498918
_0902_,VDD,Metal1,255.1800,129.7950,4.499035
_0901_,VDD,Metal1,67.3800,128.9250,4.499057
