Instance,Terminal,Layer,X location,Y location,Voltage
FILLER_98_690,VSS,Metal1,393.8600,400.1885,0.000049
FILLER_98_682,VSS,Metal1,390.3730,400.3015,0.000049
FILLER_98_672,VSS,Metal1,384.7730,400.3015,0.000049
FILLER_98_656,VSS,Metal1,377.9520,400.3880,0.000049
FILLER_98_645,VSS,Metal1,368.2000,399.8400,0.000049
FILLER_98_643,VSS,Metal1,367.3600,399.8400,0.000049
FILLER_98_634,VSS,Metal1,362.0400,399.8400,0.000049
FILLER_98_618,VSS,Metal1,356.6720,400.3880,0.000049
FILLER_98_580,VSS,Metal1,339.8040,400.4375,0.000049
FILLER_98_546,VSS,Metal1,320.7640,400.4375,0.000049
FILLER_98_542,VSS,Metal1,310.8000,399.8400,0.000049
FILLER_98_526,VSS,Metal1,305.1520,400.3880,0.000049
FILLER_98_506,VSS,Metal1,290.8200,400.1885,0.000049
FILLER_98_342,VSS,Metal1,198.8000,399.8400,0.000056
FILLER_98_324,VSS,Metal1,188.7200,399.8400,0.000055
FILLER_98_305,VSS,Metal1,177.8000,399.8400,0.000055
FILLER_98_301,VSS,Metal1,176.0200,400.1885,0.000054
FILLER_98_284,VSS,Metal1,166.0400,399.8400,0.000054
FILLER_98_282,VSS,Metal1,165.2000,399.8400,0.000054
FILLER_98_274,VSS,Metal1,161.8930,400.3015,0.000053
FILLER_98_240,VSS,Metal1,149.4040,400.4375,0.000048
FILLER_98_206,VSS,Metal1,130.3640,400.4375,0.000048
FILLER_98_172,VSS,Metal1,111.3240,400.4375,0.000047
FILLER_98_138,VSS,Metal1,92.2840,400.4375,0.000047
FILLER_98_104,VSS,Metal1,73.2440,400.4375,0.000046
FILLER_98_70,VSS,Metal1,54.2040,400.4375,0.000046
FILLER_98_36,VSS,Metal1,35.1640,400.4375,0.000045
FILLER_98_2,VSS,Metal1,16.1240,400.4375,0.000045
FILLER_97_689,VSS,Metal1,392.8400,399.8400,0.000049
FILLER_97_685,VSS,Metal1,391.0600,399.4910,0.000049
FILLER_97_653,VSS,Metal1,380.6840,399.2420,0.000049
FILLER_97_644,VSS,Metal1,367.6400,399.8400,0.000049
FILLER_97_640,VSS,Metal1,365.8600,399.4910,0.000049
FILLER_97_632,VSS,Metal1,362.3730,399.3780,0.000049
FILLER_97_626,VSS,Metal1,358.0200,399.4910,0.000049
FILLER_97_562,VSS,Metal1,338.6445,399.2020,0.000049
FILLER_97_558,VSS,Metal1,319.7600,399.8400,0.000049
FILLER_97_554,VSS,Metal1,317.7000,399.4910,0.000049
FILLER_97_538,VSS,Metal1,311.8720,399.2920,0.000049
FILLER_97_506,VSS,Metal1,298.3640,399.2420,0.000049
FILLER_97_489,VSS,Metal1,280.8400,399.8400,0.000058
FILLER_97_445,VSS,Metal1,256.2000,399.8400,0.000060
FILLER_97_443,VSS,Metal1,255.3600,399.8400,0.000060
FILLER_97_426,VSS,Metal1,245.5600,399.8400,0.000060
FILLER_97_422,VSS,Metal1,243.7800,399.4910,0.000060
FILLER_97_419,VSS,Metal1,241.6400,399.8400,0.000060
FILLER_97_415,VSS,Metal1,239.8600,399.4910,0.000060
FILLER_97_397,VSS,Metal1,229.6000,399.8400,0.000060
FILLER_97_371,VSS,Metal1,215.2200,399.4910,0.000057
FILLER_97_354,VSS,Metal1,205.2400,399.8400,0.000057
FILLER_97_352,VSS,Metal1,204.4000,399.8400,0.000057
FILLER_97_340,VSS,Metal1,197.8600,399.4910,0.000056
FILLER_97_297,VSS,Metal1,173.3200,399.8400,0.000054
FILLER_97_276,VSS,Metal1,162.0200,399.4910,0.000053
FILLER_97_212,VSS,Metal1,142.6445,399.2020,0.000048
FILLER_97_206,VSS,Metal1,122.8200,399.4910,0.000048
FILLER_97_142,VSS,Metal1,103.4445,399.2020,0.000047
FILLER_97_136,VSS,Metal1,83.6200,399.4910,0.000047
FILLER_97_72,VSS,Metal1,64.2445,399.2020,0.000046
FILLER_97_66,VSS,Metal1,44.4200,399.4910,0.000045
FILLER_97_2,VSS,Metal1,25.0445,399.2020,0.000045
FILLER_96_685,VSS,Metal1,390.6000,392.0000,0.000275
FILLER_96_683,VSS,Metal1,389.7600,392.0000,0.000275
FILLER_96_667,VSS,Metal1,384.1120,392.5480,0.000275
FILLER_96_661,VSS,Metal1,377.6200,392.3485,0.000275
FILLER_96_597,VSS,Metal1,358.2445,392.6375,0.000275
FILLER_96_591,VSS,Metal1,338.4200,392.3485,0.000275
FILLER_96_527,VSS,Metal1,319.0445,392.6375,0.000275
FILLER_96_524,VSS,Metal1,300.4400,392.0000,0.000276
FILLER_96_520,VSS,Metal1,298.6600,392.3485,0.000276
FILLER_96_512,VSS,Metal1,295.1730,392.4615,0.000276
FILLER_96_463,VSS,Metal1,266.2800,392.0000,0.000277
FILLER_96_451,VSS,Metal1,260.0200,392.3485,0.000276
FILLER_96_425,VSS,Metal1,245.4600,392.3485,0.000270
FILLER_96_402,VSS,Metal1,232.4000,392.0000,0.000266
FILLER_96_359,VSS,Metal1,208.0400,392.0000,0.000261
FILLER_96_317,VSS,Metal1,185.9730,392.4615,0.000258
FILLER_96_311,VSS,Metal1,181.6200,392.3485,0.000248
FILLER_96_299,VSS,Metal1,174.4400,392.0000,0.000233
FILLER_96_297,VSS,Metal1,173.6000,392.0000,0.000233
FILLER_96_247,VSS,Metal1,148.9120,392.5480,0.000232
FILLER_96_241,VSS,Metal1,142.4200,392.3485,0.000232
FILLER_96_177,VSS,Metal1,123.0445,392.6375,0.000232
FILLER_96_171,VSS,Metal1,103.2200,392.3485,0.000232
FILLER_96_107,VSS,Metal1,83.8445,392.6375,0.000231
FILLER_96_101,VSS,Metal1,64.0200,392.3485,0.000231
FILLER_96_37,VSS,Metal1,44.6445,392.6375,0.000231
FILLER_96_34,VSS,Metal1,26.0400,392.0000,0.000231
FILLER_96_30,VSS,Metal1,24.2600,392.3485,0.000231
FILLER_96_22,VSS,Metal1,20.7730,392.4615,0.000231
FILLER_96_6,VSS,Metal1,13.9520,392.5480,0.000231
FILLER_95_692,VSS,Metal1,394.8000,392.0000,0.000275
FILLER_95_688,VSS,Metal1,392.7400,391.6510,0.000275
FILLER_95_680,VSS,Metal1,389.2530,391.5380,0.000275
FILLER_95_664,VSS,Metal1,382.4320,391.4520,0.000275
FILLER_95_632,VSS,Metal1,368.9240,391.4020,0.000275
FILLER_95_626,VSS,Metal1,358.0200,391.6510,0.000275
FILLER_95_562,VSS,Metal1,338.6445,391.3620,0.000275
FILLER_95_559,VSS,Metal1,320.0400,392.0000,0.000275
FILLER_95_557,VSS,Metal1,319.2000,392.0000,0.000275
FILLER_95_553,VSS,Metal1,317.1400,391.6510,0.000275
FILLER_95_537,VSS,Metal1,311.3120,391.4520,0.000275
FILLER_95_502,VSS,Metal1,288.1200,392.0000,0.000276
FILLER_95_500,VSS,Metal1,287.2800,392.0000,0.000276
FILLER_95_492,VSS,Metal1,283.9730,391.5380,0.000277
FILLER_95_486,VSS,Metal1,279.6200,391.6510,0.000277
FILLER_95_433,VSS,Metal1,249.7600,392.0000,0.000271
FILLER_95_419,VSS,Metal1,241.6400,392.0000,0.000267
FILLER_95_352,VSS,Metal1,207.7120,391.4520,0.000261
FILLER_95_337,VSS,Metal1,196.0000,392.0000,0.000259
FILLER_95_310,VSS,Metal1,180.6000,392.0000,0.000248
FILLER_95_308,VSS,Metal1,179.7600,392.0000,0.000234
FILLER_95_304,VSS,Metal1,177.7000,391.6510,0.000234
FILLER_95_288,VSS,Metal1,168.2800,392.0000,0.000233
FILLER_95_286,VSS,Metal1,167.4400,392.0000,0.000233
FILLER_95_282,VSS,Metal1,165.3800,391.6510,0.000233
FILLER_95_276,VSS,Metal1,162.0200,391.6510,0.000232
FILLER_95_212,VSS,Metal1,142.6445,391.3620,0.000232
FILLER_95_206,VSS,Metal1,122.8200,391.6510,0.000232
FILLER_95_142,VSS,Metal1,103.4445,391.3620,0.000232
FILLER_95_136,VSS,Metal1,83.6200,391.6510,0.000231
FILLER_95_72,VSS,Metal1,64.2445,391.3620,0.000231
FILLER_95_66,VSS,Metal1,44.4200,391.6510,0.000231
FILLER_95_2,VSS,Metal1,25.0445,391.3620,0.000231
FILLER_94_693,VSS,Metal1,395.0800,384.1600,0.000300
FILLER_94_691,VSS,Metal1,394.2400,384.1600,0.000300
FILLER_94_683,VSS,Metal1,390.9330,384.6215,0.000300
FILLER_94_667,VSS,Metal1,384.1120,384.7080,0.000300
FILLER_94_661,VSS,Metal1,377.6200,384.5085,0.000300
FILLER_94_597,VSS,Metal1,358.2445,384.7975,0.000300
FILLER_94_591,VSS,Metal1,338.4200,384.5085,0.000300
FILLER_94_527,VSS,Metal1,319.0445,384.7975,0.000300
FILLER_94_523,VSS,Metal1,300.1600,384.1600,0.000301
FILLER_94_519,VSS,Metal1,298.1000,384.5085,0.000301
FILLER_94_468,VSS,Metal1,269.3600,384.1600,0.000303
FILLER_94_439,VSS,Metal1,252.8400,384.1600,0.000285
FILLER_94_437,VSS,Metal1,252.0000,384.1600,0.000285
FILLER_94_387,VSS,Metal1,224.1800,384.5085,0.000282
FILLER_94_373,VSS,Metal1,215.8800,384.1600,0.000276
FILLER_94_357,VSS,Metal1,210.5120,384.7080,0.000273
FILLER_94_341,VSS,Metal1,197.9600,384.1600,0.000263
FILLER_94_333,VSS,Metal1,194.9330,384.6215,0.000263
FILLER_94_317,VSS,Metal1,188.1120,384.7080,0.000263
FILLER_94_313,VSS,Metal1,182.5600,384.1600,0.000263
FILLER_94_309,VSS,Metal1,180.5000,384.5085,0.000262
FILLER_94_271,VSS,Metal1,159.2200,384.5085,0.000248
FILLER_94_263,VSS,Metal1,155.7330,384.6215,0.000248
FILLER_94_247,VSS,Metal1,148.9120,384.7080,0.000248
FILLER_94_241,VSS,Metal1,142.4200,384.5085,0.000248
FILLER_94_177,VSS,Metal1,123.0445,384.7975,0.000248
FILLER_94_171,VSS,Metal1,103.2200,384.5085,0.000248
FILLER_94_107,VSS,Metal1,83.8445,384.7975,0.000248
FILLER_94_101,VSS,Metal1,64.0200,384.5085,0.000248
FILLER_94_37,VSS,Metal1,44.6445,384.7975,0.000247
FILLER_94_34,VSS,Metal1,26.0400,384.1600,0.000247
FILLER_94_2,VSS,Metal1,16.1240,384.7575,0.000247
FILLER_93_692,VSS,Metal1,394.8000,384.1600,0.000300
FILLER_93_688,VSS,Metal1,392.7400,383.8110,0.000300
FILLER_93_680,VSS,Metal1,389.2530,383.6980,0.000300
FILLER_93_664,VSS,Metal1,382.4320,383.6120,0.000300
FILLER_93_632,VSS,Metal1,368.9240,383.5620,0.000300
FILLER_93_626,VSS,Metal1,358.0200,383.8110,0.000300
FILLER_93_562,VSS,Metal1,338.6445,383.5220,0.000300
FILLER_93_559,VSS,Metal1,320.0400,384.1600,0.000300
FILLER_93_557,VSS,Metal1,319.2000,384.1600,0.000300
FILLER_93_549,VSS,Metal1,315.8930,383.6980,0.000300
FILLER_93_533,VSS,Metal1,309.0720,383.6120,0.000300
FILLER_93_498,VSS,Metal1,285.8800,384.1600,0.000303
FILLER_93_496,VSS,Metal1,285.0400,384.1600,0.000303
FILLER_93_492,VSS,Metal1,282.9800,383.8110,0.000303
FILLER_93_488,VSS,Metal1,280.5600,384.1600,0.000303
FILLER_93_480,VSS,Metal1,277.2530,383.6980,0.000303
FILLER_93_465,VSS,Metal1,267.4000,384.1600,0.000300
FILLER_93_436,VSS,Metal1,251.1600,384.1600,0.000285
FILLER_93_419,VSS,Metal1,241.6400,384.1600,0.000285
FILLER_93_417,VSS,Metal1,240.8000,384.1600,0.000285
FILLER_93_407,VSS,Metal1,235.3800,383.8110,0.000284
FILLER_93_371,VSS,Metal1,216.2130,383.6980,0.000276
FILLER_93_352,VSS,Metal1,204.5800,383.8110,0.000269
FILLER_93_342,VSS,Metal1,199.9730,383.6980,0.000269
FILLER_93_306,VSS,Metal1,178.6400,384.1600,0.000255
FILLER_93_298,VSS,Metal1,175.3330,383.6980,0.000254
FILLER_93_282,VSS,Metal1,168.5120,383.6120,0.000254
FILLER_93_276,VSS,Metal1,162.0200,383.8110,0.000254
FILLER_93_212,VSS,Metal1,142.6445,383.5220,0.000248
FILLER_93_206,VSS,Metal1,122.8200,383.8110,0.000248
FILLER_93_142,VSS,Metal1,103.4445,383.5220,0.000248
FILLER_93_136,VSS,Metal1,83.6200,383.8110,0.000248
FILLER_93_72,VSS,Metal1,64.2445,383.5220,0.000248
FILLER_93_66,VSS,Metal1,44.4200,383.8110,0.000247
FILLER_93_2,VSS,Metal1,25.0445,383.5220,0.000247
FILLER_92_693,VSS,Metal1,395.0800,376.3200,0.000183
FILLER_92_691,VSS,Metal1,394.2400,376.3200,0.000183
FILLER_92_683,VSS,Metal1,390.9330,376.7815,0.000183
FILLER_92_667,VSS,Metal1,384.1120,376.8680,0.000183
FILLER_92_661,VSS,Metal1,377.6200,376.6685,0.000183
FILLER_92_597,VSS,Metal1,358.2445,376.9575,0.000183
FILLER_92_591,VSS,Metal1,338.4200,376.6685,0.000183
FILLER_92_527,VSS,Metal1,319.0445,376.9575,0.000183
FILLER_92_524,VSS,Metal1,300.4400,376.3200,0.000188
FILLER_92_522,VSS,Metal1,299.6000,376.3200,0.000188
FILLER_92_518,VSS,Metal1,297.5400,376.6685,0.000188
FILLER_92_510,VSS,Metal1,294.0530,376.7815,0.000188
FILLER_92_494,VSS,Metal1,283.6400,376.3200,0.000188
FILLER_92_490,VSS,Metal1,281.8600,376.6685,0.000189
FILLER_92_482,VSS,Metal1,278.3730,376.7815,0.000191
FILLER_92_465,VSS,Metal1,267.4000,376.3200,0.000191
FILLER_92_463,VSS,Metal1,266.5600,376.3200,0.000191
FILLER_92_454,VSS,Metal1,261.2400,376.3200,0.000191
FILLER_92_450,VSS,Metal1,259.4600,376.6685,0.000191
FILLER_92_427,VSS,Metal1,247.5730,376.7815,0.000190
FILLER_92_395,VSS,Metal1,228.4800,376.3200,0.000177
FILLER_92_387,VSS,Metal1,225.1730,376.7815,0.000136
FILLER_92_384,VSS,Metal1,222.0400,376.3200,0.000134
FILLER_92_382,VSS,Metal1,221.2000,376.3200,0.000134
FILLER_92_378,VSS,Metal1,219.1400,376.6685,0.000133
FILLER_92_343,VSS,Metal1,199.0800,376.3200,0.000116
FILLER_92_341,VSS,Metal1,198.2400,376.3200,0.000116
FILLER_92_333,VSS,Metal1,194.9330,376.7815,0.000116
FILLER_92_317,VSS,Metal1,188.1120,376.8680,0.000116
FILLER_92_311,VSS,Metal1,181.6200,376.6685,0.000116
FILLER_92_247,VSS,Metal1,162.2445,376.9575,0.000115
FILLER_92_241,VSS,Metal1,142.4200,376.6685,0.000115
FILLER_92_177,VSS,Metal1,123.0445,376.9575,0.000115
FILLER_92_171,VSS,Metal1,103.2200,376.6685,0.000115
FILLER_92_107,VSS,Metal1,83.8445,376.9575,0.000115
FILLER_92_101,VSS,Metal1,64.0200,376.6685,0.000115
FILLER_92_37,VSS,Metal1,44.6445,376.9575,0.000115
FILLER_92_34,VSS,Metal1,26.0400,376.3200,0.000115
FILLER_92_2,VSS,Metal1,16.1240,376.9175,0.000115
FILLER_91_692,VSS,Metal1,394.8000,376.3200,0.000183
FILLER_91_688,VSS,Metal1,392.7400,375.9710,0.000183
FILLER_91_680,VSS,Metal1,389.2530,375.8580,0.000183
FILLER_91_664,VSS,Metal1,382.4320,375.7720,0.000183
FILLER_91_632,VSS,Metal1,368.9240,375.7220,0.000183
FILLER_91_626,VSS,Metal1,358.0200,375.9710,0.000183
FILLER_91_562,VSS,Metal1,338.6445,375.6820,0.000183
FILLER_91_558,VSS,Metal1,319.7600,376.3200,0.000183
FILLER_91_542,VSS,Metal1,314.1120,375.7720,0.000183
FILLER_91_535,VSS,Metal1,306.8800,376.3200,0.000183
FILLER_91_531,VSS,Metal1,304.8200,375.9710,0.000183
FILLER_91_524,VSS,Metal1,300.7200,376.3200,0.000188
FILLER_91_492,VSS,Metal1,290.5240,375.7220,0.000188
FILLER_91_488,VSS,Metal1,280.5600,376.3200,0.000191
FILLER_91_438,VSS,Metal1,252.2800,376.3200,0.000191
FILLER_91_436,VSS,Metal1,251.4400,376.3200,0.000191
FILLER_91_419,VSS,Metal1,241.6400,376.3200,0.000190
FILLER_91_417,VSS,Metal1,240.8000,376.3200,0.000190
FILLER_91_405,VSS,Metal1,233.8000,376.3200,0.000178
FILLER_91_388,VSS,Metal1,224.2800,376.3200,0.000136
FILLER_91_380,VSS,Metal1,221.2530,375.8580,0.000134
FILLER_91_364,VSS,Metal1,210.8400,376.3200,0.000132
FILLER_91_360,VSS,Metal1,209.0600,375.9710,0.000132
FILLER_91_352,VSS,Metal1,205.5730,375.8580,0.000132
FILLER_91_346,VSS,Metal1,201.2200,375.9710,0.000132
FILLER_91_282,VSS,Metal1,181.8445,375.6820,0.000116
FILLER_91_276,VSS,Metal1,162.0200,375.9710,0.000115
FILLER_91_212,VSS,Metal1,142.6445,375.6820,0.000115
FILLER_91_206,VSS,Metal1,122.8200,375.9710,0.000115
FILLER_91_142,VSS,Metal1,103.4445,375.6820,0.000115
FILLER_91_136,VSS,Metal1,83.6200,375.9710,0.000115
FILLER_91_72,VSS,Metal1,64.2445,375.6820,0.000115
FILLER_91_66,VSS,Metal1,44.4200,375.9710,0.000115
FILLER_91_2,VSS,Metal1,25.0445,375.6820,0.000115
FILLER_90_693,VSS,Metal1,395.0800,368.4800,0.000335
FILLER_90_691,VSS,Metal1,394.2400,368.4800,0.000335
FILLER_90_683,VSS,Metal1,390.9330,368.9415,0.000335
FILLER_90_667,VSS,Metal1,384.1120,369.0280,0.000335
FILLER_90_661,VSS,Metal1,377.6200,368.8285,0.000335
FILLER_90_597,VSS,Metal1,358.2445,369.1175,0.000335
FILLER_90_560,VSS,Metal1,320.6000,368.4800,0.000345
FILLER_90_558,VSS,Metal1,319.7600,368.4800,0.000345
FILLER_90_550,VSS,Metal1,316.4530,368.9415,0.000347
FILLER_90_535,VSS,Metal1,306.8800,368.4800,0.000355
FILLER_90_527,VSS,Metal1,303.5730,368.9415,0.000355
FILLER_90_517,VSS,Metal1,297.9730,368.9415,0.000360
FILLER_90_510,VSS,Metal1,292.8800,368.4800,0.000360
FILLER_90_502,VSS,Metal1,289.5730,368.9415,0.000360
FILLER_90_467,VSS,Metal1,268.5200,368.4800,0.000360
FILLER_90_465,VSS,Metal1,267.6800,368.4800,0.000360
FILLER_90_457,VSS,Metal1,264.3730,368.9415,0.000360
FILLER_90_454,VSS,Metal1,261.2400,368.4800,0.000360
FILLER_90_430,VSS,Metal1,248.0800,368.4800,0.000357
FILLER_90_422,VSS,Metal1,244.7730,368.9415,0.000357
FILLER_90_406,VSS,Metal1,237.9520,369.0280,0.000355
FILLER_90_365,VSS,Metal1,211.8600,368.8285,0.000346
FILLER_90_357,VSS,Metal1,208.3730,368.9415,0.000346
FILLER_90_341,VSS,Metal1,201.5520,369.0280,0.000345
FILLER_90_325,VSS,Metal1,189.0000,368.4800,0.000344
FILLER_90_317,VSS,Metal1,185.9730,368.9415,0.000344
FILLER_90_314,VSS,Metal1,182.8400,368.4800,0.000307
FILLER_90_312,VSS,Metal1,182.0000,368.4800,0.000307
FILLER_90_308,VSS,Metal1,179.9400,368.8285,0.000304
FILLER_90_300,VSS,Metal1,176.4530,368.9415,0.000307
FILLER_90_283,VSS,Metal1,165.7600,368.4800,0.000302
FILLER_90_279,VSS,Metal1,163.7000,368.8285,0.000299
FILLER_90_247,VSS,Metal1,153.3240,369.0775,0.000292
FILLER_90_241,VSS,Metal1,142.4200,368.8285,0.000292
FILLER_90_177,VSS,Metal1,123.0445,369.1175,0.000292
FILLER_90_171,VSS,Metal1,103.2200,368.8285,0.000292
FILLER_90_107,VSS,Metal1,83.8445,369.1175,0.000292
FILLER_90_101,VSS,Metal1,64.0200,368.8285,0.000292
FILLER_90_37,VSS,Metal1,44.6445,369.1175,0.000292
FILLER_90_34,VSS,Metal1,26.0400,368.4800,0.000291
FILLER_90_2,VSS,Metal1,16.1240,369.0775,0.000291
FILLER_89_692,VSS,Metal1,394.8000,368.4800,0.000335
FILLER_89_688,VSS,Metal1,392.7400,368.1310,0.000335
FILLER_89_680,VSS,Metal1,389.2530,368.0180,0.000335
FILLER_89_664,VSS,Metal1,382.4320,367.9320,0.000335
FILLER_89_632,VSS,Metal1,368.9240,367.8820,0.000335
FILLER_89_626,VSS,Metal1,358.0200,368.1310,0.000335
FILLER_89_562,VSS,Metal1,338.6445,367.8420,0.000335
FILLER_89_559,VSS,Metal1,320.0400,368.4800,0.000345
FILLER_89_555,VSS,Metal1,318.2600,368.1310,0.000345
FILLER_89_547,VSS,Metal1,314.7730,368.0180,0.000347
FILLER_89_537,VSS,Metal1,307.7200,368.4800,0.000355
FILLER_89_535,VSS,Metal1,306.8800,368.4800,0.000355
FILLER_89_526,VSS,Metal1,301.5600,368.4800,0.000356
FILLER_89_524,VSS,Metal1,300.7200,368.4800,0.000360
FILLER_89_492,VSS,Metal1,290.5240,367.8820,0.000360
FILLER_89_489,VSS,Metal1,280.8400,368.4800,0.000360
FILLER_89_485,VSS,Metal1,279.0600,368.1310,0.000360
FILLER_89_477,VSS,Metal1,275.5730,368.0180,0.000360
FILLER_89_445,VSS,Metal1,264.2040,367.8820,0.000360
FILLER_89_442,VSS,Metal1,254.5200,368.4800,0.000357
FILLER_89_438,VSS,Metal1,252.7400,368.1310,0.000357
FILLER_89_422,VSS,Metal1,246.9120,367.9320,0.000357
FILLER_89_418,VSS,Metal1,241.3600,368.4800,0.000355
FILLER_89_414,VSS,Metal1,239.3000,368.1310,0.000355
FILLER_89_406,VSS,Metal1,235.8130,368.0180,0.000355
FILLER_89_390,VSS,Metal1,225.4000,368.4800,0.000348
FILLER_89_386,VSS,Metal1,223.6200,368.1310,0.000348
FILLER_89_349,VSS,Metal1,202.4400,368.4800,0.000345
FILLER_89_298,VSS,Metal1,174.1600,368.4800,0.000302
FILLER_89_282,VSS,Metal1,168.5120,367.9320,0.000302
FILLER_89_276,VSS,Metal1,162.0200,368.1310,0.000294
FILLER_89_212,VSS,Metal1,142.6445,367.8420,0.000292
FILLER_89_206,VSS,Metal1,122.8200,368.1310,0.000292
FILLER_89_142,VSS,Metal1,103.4445,367.8420,0.000292
FILLER_89_136,VSS,Metal1,83.6200,368.1310,0.000292
FILLER_89_72,VSS,Metal1,64.2445,367.8420,0.000292
FILLER_89_66,VSS,Metal1,44.4200,368.1310,0.000292
FILLER_89_2,VSS,Metal1,25.0445,367.8420,0.000291
FILLER_88_685,VSS,Metal1,390.6000,360.6400,0.000328
FILLER_88_683,VSS,Metal1,389.7600,360.6400,0.000328
FILLER_88_667,VSS,Metal1,384.1120,361.1880,0.000328
FILLER_88_661,VSS,Metal1,377.6200,360.9885,0.000328
FILLER_88_597,VSS,Metal1,358.2445,361.2775,0.000328
FILLER_88_591,VSS,Metal1,338.4200,360.9885,0.000328
FILLER_88_583,VSS,Metal1,334.9330,361.1015,0.000327
FILLER_88_567,VSS,Metal1,328.1120,361.1880,0.000327
FILLER_88_535,VSS,Metal1,314.6040,361.2375,0.000333
FILLER_88_529,VSS,Metal1,303.2400,360.6400,0.000350
FILLER_88_527,VSS,Metal1,302.4000,360.6400,0.000350
FILLER_88_524,VSS,Metal1,300.4400,360.6400,0.000350
FILLER_88_520,VSS,Metal1,298.6600,360.9885,0.000350
FILLER_88_512,VSS,Metal1,295.1730,361.1015,0.000350
FILLER_88_497,VSS,Metal1,285.6000,360.6400,0.000355
FILLER_88_489,VSS,Metal1,282.2930,361.1015,0.000356
FILLER_88_457,VSS,Metal1,270.9240,361.2375,0.000361
FILLER_88_454,VSS,Metal1,261.2400,360.6400,0.000364
FILLER_88_452,VSS,Metal1,260.4000,360.6400,0.000364
FILLER_88_436,VSS,Metal1,254.7520,361.1880,0.000364
FILLER_88_384,VSS,Metal1,222.0400,360.6400,0.000368
FILLER_88_382,VSS,Metal1,221.2000,360.6400,0.000368
FILLER_88_374,VSS,Metal1,217.8930,361.1015,0.000368
FILLER_88_358,VSS,Metal1,211.0720,361.1880,0.000368
FILLER_88_341,VSS,Metal1,197.9600,360.6400,0.000368
FILLER_88_333,VSS,Metal1,194.9330,361.1015,0.000368
FILLER_88_317,VSS,Metal1,188.1120,361.1880,0.000368
FILLER_88_314,VSS,Metal1,182.8400,360.6400,0.000368
FILLER_88_312,VSS,Metal1,182.0000,360.6400,0.000368
FILLER_88_308,VSS,Metal1,179.9400,360.9885,0.000368
FILLER_88_273,VSS,Metal1,159.8800,360.6400,0.000344
FILLER_88_271,VSS,Metal1,159.0400,360.6400,0.000344
FILLER_88_263,VSS,Metal1,155.7330,361.1015,0.000344
FILLER_88_247,VSS,Metal1,148.9120,361.1880,0.000344
FILLER_88_241,VSS,Metal1,142.4200,360.9885,0.000344
FILLER_88_177,VSS,Metal1,123.0445,361.2775,0.000344
FILLER_88_171,VSS,Metal1,103.2200,360.9885,0.000343
FILLER_88_107,VSS,Metal1,83.8445,361.2775,0.000343
FILLER_88_101,VSS,Metal1,64.0200,360.9885,0.000343
FILLER_88_37,VSS,Metal1,44.6445,361.2775,0.000343
FILLER_88_34,VSS,Metal1,26.0400,360.6400,0.000343
FILLER_88_2,VSS,Metal1,16.1240,361.2375,0.000343
FILLER_87_692,VSS,Metal1,394.8000,360.6400,0.000328
FILLER_87_688,VSS,Metal1,392.7400,360.2910,0.000328
FILLER_87_680,VSS,Metal1,389.2530,360.1780,0.000328
FILLER_87_664,VSS,Metal1,382.4320,360.0920,0.000328
FILLER_87_632,VSS,Metal1,368.9240,360.0420,0.000328
FILLER_87_629,VSS,Metal1,359.2400,360.6400,0.000328
FILLER_87_621,VSS,Metal1,356.2130,360.1780,0.000328
FILLER_87_579,VSS,Metal1,332.6930,360.1780,0.000327
FILLER_87_566,VSS,Metal1,324.2400,360.6400,0.000333
FILLER_87_562,VSS,Metal1,322.1800,360.2910,0.000333
FILLER_87_559,VSS,Metal1,320.0400,360.6400,0.000333
FILLER_87_555,VSS,Metal1,318.2600,360.2910,0.000333
FILLER_87_547,VSS,Metal1,314.7730,360.1780,0.000333
FILLER_87_532,VSS,Metal1,305.2000,360.6400,0.000350
FILLER_87_500,VSS,Metal1,295.0040,360.0420,0.000350
FILLER_87_488,VSS,Metal1,280.5600,360.6400,0.000361
FILLER_87_484,VSS,Metal1,278.5000,360.2910,0.000361
FILLER_87_475,VSS,Metal1,273.0000,360.6400,0.000361
FILLER_87_473,VSS,Metal1,272.1600,360.6400,0.000361
FILLER_87_457,VSS,Metal1,266.5120,360.0920,0.000361
FILLER_87_430,VSS,Metal1,247.8000,360.6400,0.000365
FILLER_87_422,VSS,Metal1,244.7730,360.1780,0.000365
FILLER_87_416,VSS,Metal1,240.4200,360.2910,0.000368
FILLER_87_352,VSS,Metal1,221.0445,360.0020,0.000368
FILLER_87_349,VSS,Metal1,202.4400,360.6400,0.000368
FILLER_87_347,VSS,Metal1,201.6000,360.6400,0.000368
FILLER_87_339,VSS,Metal1,198.2930,360.1780,0.000368
FILLER_87_288,VSS,Metal1,168.2800,360.6400,0.000368
FILLER_87_286,VSS,Metal1,167.4400,360.6400,0.000368
FILLER_87_282,VSS,Metal1,165.3800,360.2910,0.000368
FILLER_87_276,VSS,Metal1,162.0200,360.2910,0.000368
FILLER_87_212,VSS,Metal1,142.6445,360.0020,0.000344
FILLER_87_206,VSS,Metal1,122.8200,360.2910,0.000344
FILLER_87_142,VSS,Metal1,103.4445,360.0020,0.000343
FILLER_87_136,VSS,Metal1,83.6200,360.2910,0.000343
FILLER_87_72,VSS,Metal1,64.2445,360.0020,0.000343
FILLER_87_66,VSS,Metal1,44.4200,360.2910,0.000343
FILLER_87_2,VSS,Metal1,25.0445,360.0020,0.000343
FILLER_86_693,VSS,Metal1,395.0800,352.8000,0.000600
FILLER_86_691,VSS,Metal1,394.2400,352.8000,0.000600
FILLER_86_683,VSS,Metal1,390.9330,353.2615,0.000600
FILLER_86_667,VSS,Metal1,384.1120,353.3480,0.000600
FILLER_86_661,VSS,Metal1,377.6200,353.1485,0.000600
FILLER_86_597,VSS,Metal1,358.2445,353.4375,0.000600
FILLER_86_594,VSS,Metal1,339.6400,352.8000,0.000600
FILLER_86_592,VSS,Metal1,338.8000,352.8000,0.000598
FILLER_86_588,VSS,Metal1,336.7400,353.1485,0.000598
FILLER_86_555,VSS,Metal1,319.2530,353.2615,0.000646
FILLER_86_527,VSS,Metal1,302.1200,352.8000,0.000659
FILLER_86_523,VSS,Metal1,300.1600,352.8000,0.000659
FILLER_86_515,VSS,Metal1,296.8530,353.2615,0.000659
FILLER_86_457,VSS,Metal1,264.3730,353.2615,0.000659
FILLER_86_454,VSS,Metal1,261.2400,352.8000,0.000655
FILLER_86_438,VSS,Metal1,255.8720,353.3480,0.000655
FILLER_86_403,VSS,Metal1,232.6800,352.8000,0.000650
FILLER_86_387,VSS,Metal1,227.3120,353.3480,0.000650
FILLER_86_381,VSS,Metal1,220.8200,353.1485,0.000645
FILLER_86_373,VSS,Metal1,217.3330,353.2615,0.000641
FILLER_86_327,VSS,Metal1,190.1200,352.8000,0.000615
FILLER_86_325,VSS,Metal1,189.2800,352.8000,0.000615
FILLER_86_317,VSS,Metal1,185.9730,353.2615,0.000613
FILLER_86_313,VSS,Metal1,182.5600,352.8000,0.000613
FILLER_86_297,VSS,Metal1,176.9120,353.3480,0.000613
FILLER_86_287,VSS,Metal1,168.0000,352.8000,0.000601
FILLER_86_279,VSS,Metal1,164.6930,353.2615,0.000600
FILLER_86_247,VSS,Metal1,153.3240,353.3975,0.000590
FILLER_86_241,VSS,Metal1,142.4200,353.1485,0.000588
FILLER_86_177,VSS,Metal1,123.0445,353.4375,0.000587
FILLER_86_171,VSS,Metal1,103.2200,353.1485,0.000587
FILLER_86_107,VSS,Metal1,83.8445,353.4375,0.000586
FILLER_86_101,VSS,Metal1,64.0200,353.1485,0.000586
FILLER_86_37,VSS,Metal1,44.6445,353.4375,0.000586
FILLER_86_34,VSS,Metal1,26.0400,352.8000,0.000585
FILLER_86_2,VSS,Metal1,16.1240,353.3975,0.000585
FILLER_85_692,VSS,Metal1,394.8000,352.8000,0.000600
FILLER_85_688,VSS,Metal1,392.7400,352.4510,0.000600
FILLER_85_680,VSS,Metal1,389.2530,352.3380,0.000600
FILLER_85_664,VSS,Metal1,382.4320,352.2520,0.000600
FILLER_85_632,VSS,Metal1,368.9240,352.2020,0.000600
FILLER_85_629,VSS,Metal1,359.2400,352.8000,0.000600
FILLER_85_625,VSS,Metal1,357.4600,352.4510,0.000600
FILLER_85_590,VSS,Metal1,337.4000,352.8000,0.000598
FILLER_85_588,VSS,Metal1,336.5600,352.8000,0.000598
FILLER_85_580,VSS,Metal1,333.2530,352.3380,0.000596
FILLER_85_562,VSS,Metal1,322.1800,352.4510,0.000638
FILLER_85_559,VSS,Metal1,320.0400,352.8000,0.000646
FILLER_85_543,VSS,Metal1,314.6720,352.2520,0.000646
FILLER_85_538,VSS,Metal1,308.2800,352.8000,0.000657
FILLER_85_536,VSS,Metal1,307.4400,352.8000,0.000657
FILLER_85_504,VSS,Metal1,297.2440,352.2020,0.000659
FILLER_85_473,VSS,Metal1,272.1600,352.8000,0.000659
FILLER_85_457,VSS,Metal1,266.5120,352.2520,0.000659
FILLER_85_422,VSS,Metal1,243.3200,352.8000,0.000651
FILLER_85_419,VSS,Metal1,241.6400,352.8000,0.000651
FILLER_85_415,VSS,Metal1,239.8600,352.4510,0.000650
FILLER_85_383,VSS,Metal1,229.4840,352.2020,0.000650
FILLER_85_367,VSS,Metal1,212.5200,352.8000,0.000639
FILLER_85_332,VSS,Metal1,193.2000,352.8000,0.000630
FILLER_85_328,VSS,Metal1,191.1400,352.4510,0.000630
FILLER_85_290,VSS,Metal1,169.8600,352.4510,0.000612
FILLER_85_282,VSS,Metal1,166.3730,352.3380,0.000601
FILLER_85_276,VSS,Metal1,162.0200,352.4510,0.000592
FILLER_85_268,VSS,Metal1,158.5330,352.3380,0.000590
FILLER_85_252,VSS,Metal1,151.7120,352.2520,0.000590
FILLER_85_216,VSS,Metal1,128.2400,352.8000,0.000587
FILLER_85_212,VSS,Metal1,126.1800,352.4510,0.000587
FILLER_85_206,VSS,Metal1,122.8200,352.4510,0.000587
FILLER_85_142,VSS,Metal1,103.4445,352.1620,0.000587
FILLER_85_136,VSS,Metal1,83.6200,352.4510,0.000586
FILLER_85_72,VSS,Metal1,64.2445,352.1620,0.000586
FILLER_85_66,VSS,Metal1,44.4200,352.4510,0.000586
FILLER_85_2,VSS,Metal1,25.0445,352.1620,0.000585
FILLER_84_693,VSS,Metal1,395.0800,344.9600,0.000832
FILLER_84_691,VSS,Metal1,394.2400,344.9600,0.000832
FILLER_84_683,VSS,Metal1,390.9330,345.4215,0.000832
FILLER_84_667,VSS,Metal1,384.1120,345.5080,0.000832
FILLER_84_661,VSS,Metal1,377.6200,345.3085,0.000832
FILLER_84_653,VSS,Metal1,374.1330,345.4215,0.000832
FILLER_84_617,VSS,Metal1,352.8000,344.9600,0.000830
FILLER_84_609,VSS,Metal1,349.4930,345.4215,0.000830
FILLER_84_599,VSS,Metal1,342.4400,344.9600,0.000824
FILLER_84_597,VSS,Metal1,341.6000,344.9600,0.000824
FILLER_84_593,VSS,Metal1,339.3600,344.9600,0.000823
FILLER_84_589,VSS,Metal1,337.3000,345.3085,0.000823
FILLER_84_573,VSS,Metal1,331.4720,345.5080,0.000822
FILLER_84_541,VSS,Metal1,317.9640,345.5575,0.000825
FILLER_84_524,VSS,Metal1,300.4400,344.9600,0.000854
FILLER_84_516,VSS,Metal1,297.4130,345.4215,0.000855
FILLER_84_500,VSS,Metal1,290.5920,345.5080,0.000862
FILLER_84_490,VSS,Metal1,281.8600,345.3085,0.000879
FILLER_84_474,VSS,Metal1,272.7200,344.9600,0.000894
FILLER_84_470,VSS,Metal1,270.6600,345.3085,0.000895
FILLER_84_461,VSS,Metal1,265.1600,344.9600,0.000914
FILLER_84_457,VSS,Metal1,263.3800,345.3085,0.000914
FILLER_84_451,VSS,Metal1,260.0200,345.3085,0.000921
FILLER_84_387,VSS,Metal1,240.6445,345.5975,0.000924
FILLER_84_383,VSS,Metal1,221.7600,344.9600,0.000924
FILLER_84_375,VSS,Metal1,218.4530,345.4215,0.000925
FILLER_84_313,VSS,Metal1,182.5600,344.9600,0.000893
FILLER_84_309,VSS,Metal1,180.5000,345.3085,0.000892
FILLER_84_293,VSS,Metal1,174.6720,345.5080,0.000892
FILLER_84_255,VSS,Metal1,150.2600,345.3085,0.000892
FILLER_84_247,VSS,Metal1,146.7730,345.4215,0.000892
FILLER_84_241,VSS,Metal1,142.4200,345.3085,0.000892
FILLER_84_177,VSS,Metal1,123.0445,345.5975,0.000891
FILLER_84_171,VSS,Metal1,103.2200,345.3085,0.000890
FILLER_84_107,VSS,Metal1,83.8445,345.5975,0.000890
FILLER_84_101,VSS,Metal1,64.0200,345.3085,0.000886
FILLER_84_37,VSS,Metal1,44.6445,345.5975,0.000884
FILLER_84_34,VSS,Metal1,26.0400,344.9600,0.000884
FILLER_84_2,VSS,Metal1,16.1240,345.5575,0.000884
FILLER_83_692,VSS,Metal1,394.8000,344.9600,0.000832
FILLER_83_688,VSS,Metal1,392.7400,344.6110,0.000832
FILLER_83_680,VSS,Metal1,389.2530,344.4980,0.000832
FILLER_83_664,VSS,Metal1,382.4320,344.4120,0.000832
FILLER_83_632,VSS,Metal1,368.9240,344.3620,0.000832
FILLER_83_628,VSS,Metal1,358.9600,344.9600,0.000832
FILLER_83_620,VSS,Metal1,355.6530,344.4980,0.000832
FILLER_83_608,VSS,Metal1,347.4800,344.9600,0.000828
FILLER_83_606,VSS,Metal1,346.6400,344.9600,0.000828
FILLER_83_590,VSS,Metal1,338.8530,344.4980,0.000823
FILLER_83_578,VSS,Metal1,330.6800,344.9600,0.000822
FILLER_83_562,VSS,Metal1,325.3120,344.4120,0.000824
FILLER_83_559,VSS,Metal1,320.0400,344.9600,0.000825
FILLER_83_555,VSS,Metal1,318.2600,344.6110,0.000825
FILLER_83_539,VSS,Metal1,312.4320,344.4120,0.000825
FILLER_83_518,VSS,Metal1,297.5400,344.6110,0.000855
FILLER_83_502,VSS,Metal1,291.7120,344.4120,0.000862
FILLER_83_489,VSS,Metal1,280.8400,344.9600,0.000883
FILLER_83_485,VSS,Metal1,279.0600,344.6110,0.000883
FILLER_83_469,VSS,Metal1,273.2320,344.4120,0.000894
FILLER_83_462,VSS,Metal1,265.7200,344.9600,0.000914
FILLER_83_454,VSS,Metal1,262.6930,344.4980,0.000914
FILLER_83_422,VSS,Metal1,251.3240,344.3620,0.000924
FILLER_83_418,VSS,Metal1,241.3600,344.9600,0.000924
FILLER_83_414,VSS,Metal1,239.3000,344.6110,0.000924
FILLER_83_364,VSS,Metal1,210.8400,344.9600,0.000925
FILLER_83_360,VSS,Metal1,209.0600,344.6110,0.000925
FILLER_83_352,VSS,Metal1,205.5730,344.4980,0.000925
FILLER_83_349,VSS,Metal1,202.4400,344.9600,0.000925
FILLER_83_313,VSS,Metal1,182.5600,344.9600,0.000893
FILLER_83_305,VSS,Metal1,179.2530,344.4980,0.000892
FILLER_83_288,VSS,Metal1,168.2800,344.9600,0.000892
FILLER_83_286,VSS,Metal1,167.4400,344.9600,0.000892
FILLER_83_282,VSS,Metal1,165.3800,344.6110,0.000892
FILLER_83_279,VSS,Metal1,163.2400,344.9600,0.000892
FILLER_83_222,VSS,Metal1,131.3200,344.9600,0.000891
FILLER_83_220,VSS,Metal1,130.4800,344.9600,0.000891
FILLER_83_212,VSS,Metal1,127.1730,344.4980,0.000891
FILLER_83_206,VSS,Metal1,122.8200,344.6110,0.000891
FILLER_83_142,VSS,Metal1,103.4445,344.3220,0.000890
FILLER_83_138,VSS,Metal1,84.5600,344.9600,0.000890
FILLER_83_122,VSS,Metal1,78.9120,344.4120,0.000890
FILLER_83_72,VSS,Metal1,50.9120,344.4120,0.000884
FILLER_83_66,VSS,Metal1,44.4200,344.6110,0.000884
FILLER_83_2,VSS,Metal1,25.0445,344.3220,0.000884
FILLER_82_693,VSS,Metal1,395.0800,337.1200,0.001202
FILLER_82_691,VSS,Metal1,394.2400,337.1200,0.001202
FILLER_82_683,VSS,Metal1,390.9330,337.5815,0.001202
FILLER_82_667,VSS,Metal1,384.1120,337.6680,0.001202
FILLER_82_664,VSS,Metal1,378.8400,337.1200,0.001202
FILLER_82_648,VSS,Metal1,373.4720,337.6680,0.001201
FILLER_82_597,VSS,Metal1,341.3200,337.1200,0.001192
FILLER_82_593,VSS,Metal1,339.3600,337.1200,0.001178
FILLER_82_589,VSS,Metal1,337.3000,337.4685,0.001177
FILLER_82_577,VSS,Metal1,330.5800,337.4685,0.001184
FILLER_82_545,VSS,Metal1,320.2040,337.7175,0.001193
FILLER_82_527,VSS,Metal1,302.5800,337.4685,0.001215
FILLER_82_524,VSS,Metal1,300.4400,337.1200,0.001223
FILLER_82_520,VSS,Metal1,298.6600,337.4685,0.001223
FILLER_82_504,VSS,Metal1,292.8320,337.6680,0.001223
FILLER_82_495,VSS,Metal1,284.4800,337.1200,0.001223
FILLER_82_491,VSS,Metal1,282.4200,337.4685,0.001223
FILLER_82_479,VSS,Metal1,275.7000,337.4685,0.001230
FILLER_82_471,VSS,Metal1,272.2130,337.5815,0.001230
FILLER_82_461,VSS,Metal1,265.4400,337.1200,0.001230
FILLER_82_457,VSS,Metal1,263.3800,337.4685,0.001230
FILLER_82_453,VSS,Metal1,260.9600,337.1200,0.001230
FILLER_82_449,VSS,Metal1,258.9000,337.4685,0.001230
FILLER_82_433,VSS,Metal1,249.4800,337.1200,0.001213
FILLER_82_431,VSS,Metal1,248.6400,337.1200,0.001213
FILLER_82_423,VSS,Metal1,245.3330,337.5815,0.001201
FILLER_82_387,VSS,Metal1,224.0000,337.1200,0.001192
FILLER_82_384,VSS,Metal1,222.0400,337.1200,0.001192
FILLER_82_382,VSS,Metal1,221.2000,337.1200,0.001192
FILLER_82_314,VSS,Metal1,182.8400,337.1200,0.001141
FILLER_82_298,VSS,Metal1,177.4720,337.6680,0.001141
FILLER_82_283,VSS,Metal1,165.4800,337.1200,0.001119
FILLER_82_281,VSS,Metal1,164.6400,337.1200,0.001114
FILLER_82_277,VSS,Metal1,162.5800,337.4685,0.001101
FILLER_82_259,VSS,Metal1,152.3200,337.1200,0.001092
FILLER_82_255,VSS,Metal1,150.2600,337.4685,0.001092
FILLER_82_247,VSS,Metal1,146.7730,337.5815,0.001092
FILLER_82_244,VSS,Metal1,143.6400,337.1200,0.001092
FILLER_82_240,VSS,Metal1,141.8600,337.4685,0.001084
FILLER_82_209,VSS,Metal1,127.6320,337.6680,0.001064
FILLER_82_177,VSS,Metal1,114.1240,337.7175,0.001045
FILLER_82_174,VSS,Metal1,104.4400,337.1200,0.001032
FILLER_82_172,VSS,Metal1,103.6000,337.1200,0.001031
FILLER_82_168,VSS,Metal1,101.5400,337.4685,0.001031
FILLER_82_160,VSS,Metal1,98.0530,337.5815,0.001031
FILLER_82_125,VSS,Metal1,77.0000,337.1200,0.001029
FILLER_82_123,VSS,Metal1,76.1600,337.1200,0.001029
FILLER_82_107,VSS,Metal1,70.5120,337.6680,0.001009
FILLER_82_101,VSS,Metal1,64.0200,337.4685,0.001008
FILLER_82_37,VSS,Metal1,44.6445,337.7575,0.001007
FILLER_82_34,VSS,Metal1,26.0400,337.1200,0.001006
FILLER_82_2,VSS,Metal1,16.1240,337.7175,0.001006
FILLER_81_692,VSS,Metal1,394.8000,337.1200,0.001202
FILLER_81_688,VSS,Metal1,392.7400,336.7710,0.001202
FILLER_81_680,VSS,Metal1,389.2530,336.6580,0.001202
FILLER_81_664,VSS,Metal1,382.4320,336.5720,0.001202
FILLER_81_648,VSS,Metal1,371.3330,336.6580,0.001201
FILLER_81_632,VSS,Metal1,364.5120,336.5720,0.001201
FILLER_81_574,VSS,Metal1,328.4400,337.1200,0.001192
FILLER_81_570,VSS,Metal1,326.6600,336.7710,0.001193
FILLER_81_562,VSS,Metal1,323.1730,336.6580,0.001193
FILLER_81_556,VSS,Metal1,318.8200,336.7710,0.001193
FILLER_81_549,VSS,Metal1,314.7200,337.1200,0.001193
FILLER_81_545,VSS,Metal1,312.6600,336.7710,0.001193
FILLER_81_524,VSS,Metal1,300.4400,337.1200,0.001223
FILLER_81_492,VSS,Metal1,290.5240,336.5220,0.001223
FILLER_81_489,VSS,Metal1,280.8400,337.1200,0.001227
FILLER_81_485,VSS,Metal1,279.0600,336.7710,0.001227
FILLER_81_434,VSS,Metal1,250.0400,337.1200,0.001229
FILLER_81_430,VSS,Metal1,248.2600,336.7710,0.001213
FILLER_81_422,VSS,Metal1,244.7730,336.6580,0.001200
FILLER_81_418,VSS,Metal1,241.3600,337.1200,0.001193
FILLER_81_410,VSS,Metal1,238.0530,336.6580,0.001193
FILLER_81_378,VSS,Metal1,226.6840,336.5220,0.001192
FILLER_81_354,VSS,Metal1,205.2400,337.1200,0.001189
FILLER_81_352,VSS,Metal1,204.4000,337.1200,0.001189
FILLER_81_348,VSS,Metal1,202.1600,337.1200,0.001189
FILLER_81_340,VSS,Metal1,198.8530,336.6580,0.001189
FILLER_81_290,VSS,Metal1,169.6800,337.1200,0.001121
FILLER_81_282,VSS,Metal1,166.3730,336.6580,0.001119
FILLER_81_278,VSS,Metal1,162.9600,337.1200,0.001101
FILLER_81_274,VSS,Metal1,160.9000,336.7710,0.001094
FILLER_81_236,VSS,Metal1,139.6200,336.7710,0.001069
FILLER_81_228,VSS,Metal1,136.1330,336.6580,0.001068
FILLER_81_212,VSS,Metal1,129.3120,336.5720,0.001064
FILLER_81_208,VSS,Metal1,123.7600,337.1200,0.001046
FILLER_81_176,VSS,Metal1,113.5640,336.5220,0.001044
FILLER_81_139,VSS,Metal1,84.8400,337.1200,0.001029
FILLER_81_123,VSS,Metal1,79.4720,336.5720,0.001029
FILLER_81_88,VSS,Metal1,56.2800,337.1200,0.001007
FILLER_81_72,VSS,Metal1,50.9120,336.5720,0.001007
FILLER_81_66,VSS,Metal1,44.4200,336.7710,0.001007
FILLER_81_2,VSS,Metal1,25.0445,336.4820,0.001006
FILLER_80_693,VSS,Metal1,395.0800,329.2800,0.000727
FILLER_80_691,VSS,Metal1,394.2400,329.2800,0.000727
FILLER_80_683,VSS,Metal1,390.9330,329.7415,0.000727
FILLER_80_667,VSS,Metal1,384.1120,329.8280,0.000727
FILLER_80_661,VSS,Metal1,377.6200,329.6285,0.000727
FILLER_80_597,VSS,Metal1,358.2445,329.9175,0.000727
FILLER_80_593,VSS,Metal1,339.3600,329.2800,0.000726
FILLER_80_580,VSS,Metal1,332.0800,329.2800,0.000731
FILLER_80_562,VSS,Metal1,322.1800,329.6285,0.000764
FILLER_80_554,VSS,Metal1,318.6930,329.7415,0.000778
FILLER_80_544,VSS,Metal1,311.6400,329.2800,0.000785
FILLER_80_536,VSS,Metal1,308.6130,329.7415,0.000785
FILLER_80_524,VSS,Metal1,300.4400,329.2800,0.000806
FILLER_80_522,VSS,Metal1,299.6000,329.2800,0.000806
FILLER_80_518,VSS,Metal1,297.5400,329.6285,0.000806
FILLER_80_510,VSS,Metal1,294.0530,329.7415,0.000810
FILLER_80_501,VSS,Metal1,287.5600,329.2800,0.000829
FILLER_80_499,VSS,Metal1,286.7200,329.2800,0.000829
FILLER_80_495,VSS,Metal1,284.6600,329.6285,0.000837
FILLER_80_487,VSS,Metal1,281.1730,329.7415,0.000847
FILLER_80_478,VSS,Metal1,274.6800,329.2800,0.000853
FILLER_80_473,VSS,Metal1,271.8800,329.2800,0.000853
FILLER_80_457,VSS,Metal1,266.5120,329.8280,0.000853
FILLER_80_454,VSS,Metal1,261.2400,329.2800,0.000856
FILLER_80_438,VSS,Metal1,255.8720,329.8280,0.000856
FILLER_80_403,VSS,Metal1,232.6800,329.2800,0.000855
FILLER_80_387,VSS,Metal1,227.3120,329.8280,0.000855
FILLER_80_384,VSS,Metal1,222.0400,329.2800,0.000855
FILLER_80_382,VSS,Metal1,221.2000,329.2800,0.000855
FILLER_80_378,VSS,Metal1,219.1400,329.6285,0.000855
FILLER_80_370,VSS,Metal1,215.6530,329.7415,0.000855
FILLER_80_319,VSS,Metal1,185.6400,329.2800,0.000849
FILLER_80_317,VSS,Metal1,184.8000,329.2800,0.000849
FILLER_80_306,VSS,Metal1,178.3600,329.2800,0.000849
FILLER_80_304,VSS,Metal1,177.5200,329.2800,0.000849
FILLER_80_296,VSS,Metal1,174.2130,329.7415,0.000849
FILLER_80_280,VSS,Metal1,167.3920,329.8280,0.000843
FILLER_80_269,VSS,Metal1,157.6400,329.2800,0.000833
FILLER_80_267,VSS,Metal1,156.8000,329.2800,0.000833
FILLER_80_263,VSS,Metal1,154.7400,329.6285,0.000833
FILLER_80_247,VSS,Metal1,148.9120,329.8280,0.000833
FILLER_80_241,VSS,Metal1,142.4200,329.6285,0.000830
FILLER_80_177,VSS,Metal1,123.0445,329.9175,0.000829
FILLER_80_167,VSS,Metal1,101.9730,329.7415,0.000829
FILLER_80_151,VSS,Metal1,95.1520,329.8280,0.000829
FILLER_80_145,VSS,Metal1,88.2000,329.2800,0.000824
FILLER_80_136,VSS,Metal1,83.1600,329.2800,0.000805
FILLER_80_127,VSS,Metal1,78.1200,329.2800,0.000804
FILLER_80_123,VSS,Metal1,76.3400,329.6285,0.000804
FILLER_80_107,VSS,Metal1,70.5120,329.8280,0.000799
FILLER_80_96,VSS,Metal1,60.7600,329.2800,0.000717
FILLER_80_94,VSS,Metal1,59.9200,329.2800,0.000717
FILLER_80_90,VSS,Metal1,57.8600,329.6285,0.000716
FILLER_80_82,VSS,Metal1,54.3730,329.7415,0.000710
FILLER_80_47,VSS,Metal1,33.3200,329.2800,0.000708
FILLER_80_45,VSS,Metal1,32.4800,329.2800,0.000708
FILLER_80_37,VSS,Metal1,29.1730,329.7415,0.000693
FILLER_80_34,VSS,Metal1,26.0400,329.2800,0.000693
FILLER_80_2,VSS,Metal1,16.1240,329.8775,0.000693
FILLER_79_682,VSS,Metal1,390.3730,328.8180,0.000727
FILLER_79_666,VSS,Metal1,383.5520,328.7320,0.000727
FILLER_79_628,VSS,Metal1,358.9600,329.2800,0.000727
FILLER_79_624,VSS,Metal1,356.9000,328.9310,0.000727
FILLER_79_611,VSS,Metal1,349.4400,329.2800,0.000727
FILLER_79_606,VSS,Metal1,346.3600,329.2800,0.000727
FILLER_79_598,VSS,Metal1,343.3330,328.8180,0.000727
FILLER_79_582,VSS,Metal1,336.5120,328.7320,0.000726
FILLER_79_566,VSS,Metal1,324.2400,329.2800,0.000749
FILLER_79_562,VSS,Metal1,322.1800,328.9310,0.000764
FILLER_79_558,VSS,Metal1,319.7600,329.2800,0.000778
FILLER_79_554,VSS,Metal1,317.7000,328.9310,0.000779
FILLER_79_538,VSS,Metal1,311.8720,328.7320,0.000785
FILLER_79_525,VSS,Metal1,301.4600,328.9310,0.000793
FILLER_79_517,VSS,Metal1,297.9730,328.8180,0.000806
FILLER_79_496,VSS,Metal1,285.0400,329.2800,0.000837
FILLER_79_492,VSS,Metal1,282.9800,328.9310,0.000845
FILLER_79_489,VSS,Metal1,280.8400,329.2800,0.000847
FILLER_79_485,VSS,Metal1,279.0600,328.9310,0.000852
FILLER_79_469,VSS,Metal1,273.2320,328.7320,0.000853
FILLER_79_422,VSS,Metal1,244.7730,328.8180,0.000856
FILLER_79_404,VSS,Metal1,233.2400,329.2800,0.000855
FILLER_79_402,VSS,Metal1,232.4000,329.2800,0.000855
FILLER_79_386,VSS,Metal1,226.7520,328.7320,0.000855
FILLER_79_349,VSS,Metal1,202.4400,329.2800,0.000855
FILLER_79_347,VSS,Metal1,201.6000,329.2800,0.000855
FILLER_79_296,VSS,Metal1,172.7600,329.2800,0.000849
FILLER_79_294,VSS,Metal1,171.9200,329.2800,0.000844
FILLER_79_290,VSS,Metal1,169.8600,328.9310,0.000843
FILLER_79_282,VSS,Metal1,166.3730,328.8180,0.000843
FILLER_79_276,VSS,Metal1,162.0200,328.9310,0.000838
FILLER_79_244,VSS,Metal1,151.6440,328.6820,0.000833
FILLER_79_234,VSS,Metal1,138.3200,329.2800,0.000829
FILLER_79_230,VSS,Metal1,136.2600,328.9310,0.000829
FILLER_79_220,VSS,Metal1,130.4800,329.2800,0.000829
FILLER_79_212,VSS,Metal1,127.1730,328.8180,0.000829
FILLER_79_209,VSS,Metal1,124.0400,329.2800,0.000829
FILLER_79_207,VSS,Metal1,123.2000,329.2800,0.000829
FILLER_79_199,VSS,Metal1,119.8930,328.8180,0.000829
FILLER_79_157,VSS,Metal1,102.9240,328.6820,0.000829
FILLER_79_150,VSS,Metal1,91.2800,329.2800,0.000826
FILLER_79_142,VSS,Metal1,87.9730,328.8180,0.000824
FILLER_79_139,VSS,Metal1,84.8400,329.2800,0.000805
FILLER_79_137,VSS,Metal1,84.0000,329.2800,0.000805
FILLER_79_121,VSS,Metal1,78.3520,328.7320,0.000804
FILLER_79_107,VSS,Metal1,67.3800,328.9310,0.000799
FILLER_79_98,VSS,Metal1,61.8800,329.2800,0.000751
FILLER_79_96,VSS,Metal1,61.0400,329.2800,0.000717
FILLER_79_88,VSS,Metal1,57.7330,328.8180,0.000716
FILLER_79_72,VSS,Metal1,50.9120,328.7320,0.000710
FILLER_79_69,VSS,Metal1,45.6400,329.2800,0.000709
FILLER_79_61,VSS,Metal1,42.6130,328.8180,0.000709
FILLER_79_45,VSS,Metal1,35.7920,328.7320,0.000709
FILLER_79_26,VSS,Metal1,22.0200,328.9310,0.000693
FILLER_79_18,VSS,Metal1,18.5330,328.8180,0.000693
FILLER_79_2,VSS,Metal1,11.7120,328.7320,0.000693
FILLER_78_693,VSS,Metal1,395.0800,321.4400,0.001123
FILLER_78_691,VSS,Metal1,394.2400,321.4400,0.001123
FILLER_78_683,VSS,Metal1,390.9330,321.9015,0.001123
FILLER_78_667,VSS,Metal1,384.1120,321.9880,0.001123
FILLER_78_661,VSS,Metal1,377.6200,321.7885,0.001123
FILLER_78_653,VSS,Metal1,374.1330,321.9015,0.001123
FILLER_78_601,VSS,Metal1,343.8400,321.4400,0.001089
FILLER_78_597,VSS,Metal1,341.7800,321.7885,0.001089
FILLER_78_591,VSS,Metal1,338.4200,321.7885,0.001078
FILLER_78_571,VSS,Metal1,327.0400,321.4400,0.001075
FILLER_78_567,VSS,Metal1,324.9800,321.7885,0.001075
FILLER_78_559,VSS,Metal1,321.4930,321.9015,0.001076
FILLER_78_527,VSS,Metal1,310.1240,322.0375,0.001087
FILLER_78_524,VSS,Metal1,300.4400,321.4400,0.001087
FILLER_78_520,VSS,Metal1,298.6600,321.7885,0.001094
FILLER_78_504,VSS,Metal1,292.8320,321.9880,0.001094
FILLER_78_496,VSS,Metal1,285.0400,321.4400,0.001094
FILLER_78_488,VSS,Metal1,281.7330,321.9015,0.001095
FILLER_78_477,VSS,Metal1,274.4000,321.4400,0.001100
FILLER_78_472,VSS,Metal1,271.3200,321.4400,0.001102
FILLER_78_470,VSS,Metal1,270.4800,321.4400,0.001102
FILLER_78_439,VSS,Metal1,256.4320,321.9880,0.001105
FILLER_78_429,VSS,Metal1,247.5200,321.4400,0.001106
FILLER_78_421,VSS,Metal1,244.2130,321.9015,0.001106
FILLER_78_383,VSS,Metal1,221.7600,321.4400,0.001099
FILLER_78_367,VSS,Metal1,216.1120,321.9880,0.001096
FILLER_78_317,VSS,Metal1,188.1120,321.9880,0.001073
FILLER_78_314,VSS,Metal1,182.8400,321.4400,0.001072
FILLER_78_310,VSS,Metal1,181.0600,321.7885,0.001070
FILLER_78_302,VSS,Metal1,177.5730,321.9015,0.001076
FILLER_78_285,VSS,Metal1,166.6000,321.4400,0.001113
FILLER_78_273,VSS,Metal1,159.8800,321.4400,0.001119
FILLER_78_271,VSS,Metal1,159.0400,321.4400,0.001119
FILLER_78_263,VSS,Metal1,155.7330,321.9015,0.001129
FILLER_78_247,VSS,Metal1,148.9120,321.9880,0.001137
FILLER_78_244,VSS,Metal1,143.6400,321.4400,0.001137
FILLER_78_242,VSS,Metal1,142.8000,321.4400,0.001137
FILLER_78_238,VSS,Metal1,140.7400,321.7885,0.001137
FILLER_78_185,VSS,Metal1,110.8800,321.4400,0.001128
FILLER_78_177,VSS,Metal1,107.5730,321.9015,0.001119
FILLER_78_174,VSS,Metal1,104.4400,321.4400,0.001104
FILLER_78_172,VSS,Metal1,103.6000,321.4400,0.001104
FILLER_78_154,VSS,Metal1,93.2400,321.4400,0.001071
FILLER_78_152,VSS,Metal1,92.4000,321.4400,0.001056
FILLER_78_148,VSS,Metal1,90.3400,321.7885,0.001056
FILLER_78_140,VSS,Metal1,86.8530,321.9015,0.001048
FILLER_78_124,VSS,Metal1,80.0320,321.9880,0.001038
FILLER_78_111,VSS,Metal1,69.4400,321.4400,0.001013
FILLER_78_107,VSS,Metal1,67.3800,321.7885,0.001013
FILLER_78_104,VSS,Metal1,65.2400,321.4400,0.000958
FILLER_78_102,VSS,Metal1,64.4000,321.4400,0.000958
FILLER_78_86,VSS,Metal1,58.7520,321.9880,0.000958
FILLER_78_51,VSS,Metal1,35.5600,321.4400,0.000921
FILLER_78_49,VSS,Metal1,34.7200,321.4400,0.000921
FILLER_78_45,VSS,Metal1,32.6600,321.7885,0.000919
FILLER_78_37,VSS,Metal1,29.1730,321.9015,0.000919
FILLER_78_34,VSS,Metal1,26.0400,321.4400,0.000919
FILLER_78_2,VSS,Metal1,16.1240,322.0375,0.000919
FILLER_77_690,VSS,Metal1,393.8600,321.0910,0.001123
FILLER_77_682,VSS,Metal1,390.3730,320.9780,0.001123
FILLER_77_666,VSS,Metal1,383.5520,320.8920,0.001123
FILLER_77_629,VSS,Metal1,359.2400,321.4400,0.001123
FILLER_77_627,VSS,Metal1,358.4000,321.4400,0.001123
FILLER_77_602,VSS,Metal1,344.4000,321.4400,0.001089
FILLER_77_594,VSS,Metal1,341.0930,320.9780,0.001089
FILLER_77_562,VSS,Metal1,329.7240,320.8420,0.001075
FILLER_77_559,VSS,Metal1,320.0400,321.4400,0.001076
FILLER_77_557,VSS,Metal1,319.2000,321.4400,0.001086
FILLER_77_549,VSS,Metal1,315.8930,320.9780,0.001087
FILLER_77_532,VSS,Metal1,305.2000,321.4400,0.001087
FILLER_77_524,VSS,Metal1,301.8930,320.9780,0.001087
FILLER_77_492,VSS,Metal1,290.5240,320.8420,0.001094
FILLER_77_486,VSS,Metal1,279.6200,321.0910,0.001097
FILLER_77_457,VSS,Metal1,263.2000,321.4400,0.001104
FILLER_77_450,VSS,Metal1,259.2800,321.4400,0.001105
FILLER_77_446,VSS,Metal1,257.2200,321.0910,0.001105
FILLER_77_438,VSS,Metal1,253.7330,320.9780,0.001105
FILLER_77_422,VSS,Metal1,246.9120,320.8920,0.001106
FILLER_77_419,VSS,Metal1,241.6400,321.4400,0.001106
FILLER_77_417,VSS,Metal1,240.8000,321.4400,0.001106
FILLER_77_401,VSS,Metal1,235.1520,320.8920,0.001106
FILLER_77_385,VSS,Metal1,222.6000,321.4400,0.001099
FILLER_77_381,VSS,Metal1,220.8200,321.0910,0.001099
FILLER_77_373,VSS,Metal1,217.3330,320.9780,0.001096
FILLER_77_358,VSS,Metal1,207.4800,321.4400,0.001096
FILLER_77_356,VSS,Metal1,206.6400,321.4400,0.001096
FILLER_77_352,VSS,Metal1,204.5800,321.0910,0.001096
FILLER_77_334,VSS,Metal1,194.0400,321.4400,0.001074
FILLER_77_332,VSS,Metal1,193.2000,321.4400,0.001074
FILLER_77_328,VSS,Metal1,191.1400,321.0910,0.001074
FILLER_77_320,VSS,Metal1,187.6530,320.9780,0.001073
FILLER_77_307,VSS,Metal1,178.9200,321.4400,0.001076
FILLER_77_305,VSS,Metal1,178.0800,321.4400,0.001076
FILLER_77_301,VSS,Metal1,176.0200,321.0910,0.001076
FILLER_77_293,VSS,Metal1,172.5330,320.9780,0.001084
FILLER_77_279,VSS,Metal1,163.2400,321.4400,0.001118
FILLER_77_269,VSS,Metal1,157.9200,321.4400,0.001128
FILLER_77_265,VSS,Metal1,155.8600,321.0910,0.001129
FILLER_77_214,VSS,Metal1,126.8400,321.4400,0.001137
FILLER_77_212,VSS,Metal1,126.0000,321.4400,0.001137
FILLER_77_209,VSS,Metal1,124.0400,321.4400,0.001137
FILLER_77_207,VSS,Metal1,123.2000,321.4400,0.001137
FILLER_77_200,VSS,Metal1,119.2800,321.4400,0.001137
FILLER_77_189,VSS,Metal1,112.8400,321.4400,0.001137
FILLER_77_185,VSS,Metal1,111.0600,321.0910,0.001128
FILLER_77_173,VSS,Metal1,104.1600,321.4400,0.001104
FILLER_77_169,VSS,Metal1,102.1000,321.0910,0.001104
FILLER_77_161,VSS,Metal1,97.1600,321.4400,0.001083
FILLER_77_146,VSS,Metal1,88.7600,321.4400,0.001048
FILLER_77_142,VSS,Metal1,86.9800,321.0910,0.001048
FILLER_77_139,VSS,Metal1,84.8400,321.4400,0.001038
FILLER_77_123,VSS,Metal1,79.4720,320.8920,0.001037
FILLER_77_111,VSS,Metal1,69.1600,321.4400,0.001013
FILLER_77_109,VSS,Metal1,68.3200,321.4400,0.001013
FILLER_77_93,VSS,Metal1,62.6720,320.8920,0.000958
FILLER_77_84,VSS,Metal1,54.3200,321.4400,0.000948
FILLER_77_80,VSS,Metal1,52.2600,321.0910,0.000947
FILLER_77_72,VSS,Metal1,48.7730,320.9780,0.000947
FILLER_77_54,VSS,Metal1,37.2400,321.4400,0.000947
FILLER_77_52,VSS,Metal1,36.4000,321.4400,0.000921
FILLER_77_2,VSS,Metal1,11.7120,320.8920,0.000919
FILLER_76_693,VSS,Metal1,395.0800,313.6000,0.000489
FILLER_76_691,VSS,Metal1,394.2400,313.6000,0.000489
FILLER_76_683,VSS,Metal1,390.9330,314.0615,0.000489
FILLER_76_667,VSS,Metal1,384.1120,314.1480,0.000489
FILLER_76_663,VSS,Metal1,378.5600,313.6000,0.000489
FILLER_76_655,VSS,Metal1,375.2530,314.0615,0.000489
FILLER_76_648,VSS,Metal1,369.8800,313.6000,0.000489
FILLER_76_616,VSS,Metal1,359.9640,314.1975,0.000489
FILLER_76_610,VSS,Metal1,348.6000,313.6000,0.000489
FILLER_76_608,VSS,Metal1,347.7600,313.6000,0.000489
FILLER_76_597,VSS,Metal1,341.6000,313.6000,0.000489
FILLER_76_594,VSS,Metal1,339.6400,313.6000,0.000489
FILLER_76_590,VSS,Metal1,337.8600,313.9485,0.000489
FILLER_76_570,VSS,Metal1,326.6600,313.9485,0.000490
FILLER_76_554,VSS,Metal1,320.8320,314.1480,0.000501
FILLER_76_544,VSS,Metal1,311.6400,313.6000,0.000518
FILLER_76_534,VSS,Metal1,306.0400,313.6000,0.000524
FILLER_76_529,VSS,Metal1,303.2400,313.6000,0.000530
FILLER_76_527,VSS,Metal1,302.4000,313.6000,0.000531
FILLER_76_524,VSS,Metal1,300.4400,313.6000,0.000531
FILLER_76_520,VSS,Metal1,298.6600,313.9485,0.000531
FILLER_76_488,VSS,Metal1,288.2840,314.1975,0.000538
FILLER_76_477,VSS,Metal1,274.4000,313.6000,0.000540
FILLER_76_459,VSS,Metal1,264.0400,313.6000,0.000570
FILLER_76_457,VSS,Metal1,263.2000,313.6000,0.000570
FILLER_76_441,VSS,Metal1,253.9600,313.6000,0.000570
FILLER_76_437,VSS,Metal1,252.1800,313.9485,0.000570
FILLER_76_429,VSS,Metal1,248.6930,314.0615,0.000570
FILLER_76_416,VSS,Metal1,239.9600,313.6000,0.000572
FILLER_76_403,VSS,Metal1,232.6800,313.6000,0.000571
FILLER_76_387,VSS,Metal1,227.3120,314.1480,0.000571
FILLER_76_381,VSS,Metal1,220.8200,313.9485,0.000571
FILLER_76_373,VSS,Metal1,217.3330,314.0615,0.000571
FILLER_76_353,VSS,Metal1,204.6800,313.6000,0.000563
FILLER_76_345,VSS,Metal1,201.6530,314.0615,0.000562
FILLER_76_329,VSS,Metal1,194.8320,314.1480,0.000558
FILLER_76_307,VSS,Metal1,180.3730,314.0615,0.000554
FILLER_76_275,VSS,Metal1,169.0040,314.1975,0.000558
FILLER_76_263,VSS,Metal1,154.7400,313.9485,0.000570
FILLER_76_247,VSS,Metal1,148.9120,314.1480,0.000570
FILLER_76_193,VSS,Metal1,115.3600,313.6000,0.000568
FILLER_76_177,VSS,Metal1,109.7120,314.1480,0.000566
FILLER_76_171,VSS,Metal1,103.2200,313.9485,0.000561
FILLER_76_107,VSS,Metal1,83.8445,314.2375,0.000559
FILLER_76_101,VSS,Metal1,64.0200,313.9485,0.000553
FILLER_76_93,VSS,Metal1,60.5330,314.0615,0.000552
FILLER_76_78,VSS,Metal1,52.1330,314.0615,0.000552
FILLER_76_61,VSS,Metal1,41.4400,313.6000,0.000549
FILLER_76_53,VSS,Metal1,38.1330,314.0615,0.000548
FILLER_76_37,VSS,Metal1,31.3120,314.1480,0.000548
FILLER_76_34,VSS,Metal1,26.0400,313.6000,0.000541
FILLER_76_18,VSS,Metal1,17.0800,313.6000,0.000541
FILLER_76_16,VSS,Metal1,16.2400,313.6000,0.000541
FILLER_76_8,VSS,Metal1,12.9330,314.0615,0.000541
FILLER_75_692,VSS,Metal1,394.8000,313.6000,0.000489
FILLER_75_688,VSS,Metal1,392.7400,313.2510,0.000489
FILLER_75_680,VSS,Metal1,389.2530,313.1380,0.000489
FILLER_75_664,VSS,Metal1,382.4320,313.0520,0.000489
FILLER_75_632,VSS,Metal1,368.9240,313.0020,0.000489
FILLER_75_626,VSS,Metal1,358.0200,313.2510,0.000489
FILLER_75_610,VSS,Metal1,352.1920,313.0520,0.000489
FILLER_75_578,VSS,Metal1,338.6840,313.0020,0.000489
FILLER_75_570,VSS,Metal1,326.2000,313.6000,0.000490
FILLER_75_562,VSS,Metal1,323.1730,313.1380,0.000501
FILLER_75_559,VSS,Metal1,320.0400,313.6000,0.000501
FILLER_75_557,VSS,Metal1,319.2000,313.6000,0.000501
FILLER_75_549,VSS,Metal1,315.8930,313.1380,0.000511
FILLER_75_534,VSS,Metal1,306.3200,313.6000,0.000524
FILLER_75_519,VSS,Metal1,297.6400,313.6000,0.000538
FILLER_75_503,VSS,Metal1,292.2720,313.0520,0.000538
FILLER_75_492,VSS,Metal1,282.8000,313.6000,0.000538
FILLER_75_488,VSS,Metal1,280.5600,313.6000,0.000538
FILLER_75_484,VSS,Metal1,278.5000,313.2510,0.000540
FILLER_75_476,VSS,Metal1,275.0130,313.1380,0.000540
FILLER_75_460,VSS,Metal1,268.1920,313.0520,0.000566
FILLER_75_428,VSS,Metal1,254.6840,313.0020,0.000570
FILLER_75_411,VSS,Metal1,237.1600,313.6000,0.000572
FILLER_75_409,VSS,Metal1,236.3200,313.6000,0.000572
FILLER_75_405,VSS,Metal1,234.2600,313.2510,0.000572
FILLER_75_397,VSS,Metal1,230.7730,313.1380,0.000571
FILLER_75_365,VSS,Metal1,219.4040,313.0020,0.000571
FILLER_75_349,VSS,Metal1,202.4400,313.6000,0.000562
FILLER_75_345,VSS,Metal1,200.6600,313.2510,0.000562
FILLER_75_337,VSS,Metal1,197.1730,313.1380,0.000558
FILLER_75_324,VSS,Metal1,188.4400,313.6000,0.000558
FILLER_75_322,VSS,Metal1,187.6000,313.6000,0.000558
FILLER_75_314,VSS,Metal1,184.2930,313.1380,0.000557
FILLER_75_302,VSS,Metal1,176.1200,313.6000,0.000558
FILLER_75_298,VSS,Metal1,174.3400,313.2510,0.000558
FILLER_75_282,VSS,Metal1,168.5120,313.0520,0.000558
FILLER_75_234,VSS,Metal1,138.0400,313.6000,0.000570
FILLER_75_232,VSS,Metal1,137.2000,313.6000,0.000570
FILLER_75_228,VSS,Metal1,135.1400,313.2510,0.000570
FILLER_75_212,VSS,Metal1,129.3120,313.0520,0.000570
FILLER_75_209,VSS,Metal1,124.0400,313.6000,0.000570
FILLER_75_202,VSS,Metal1,120.4000,313.6000,0.000570
FILLER_75_198,VSS,Metal1,118.3400,313.2510,0.000570
FILLER_75_190,VSS,Metal1,114.8530,313.1380,0.000568
FILLER_75_174,VSS,Metal1,108.0320,313.0520,0.000566
FILLER_75_142,VSS,Metal1,94.5240,313.0020,0.000559
FILLER_75_139,VSS,Metal1,84.8400,313.6000,0.000559
FILLER_75_123,VSS,Metal1,79.4720,313.0520,0.000559
FILLER_75_114,VSS,Metal1,70.8400,313.6000,0.000559
FILLER_75_112,VSS,Metal1,70.0000,313.6000,0.000559
FILLER_75_104,VSS,Metal1,66.6930,313.1380,0.000559
FILLER_75_72,VSS,Metal1,55.3240,313.0020,0.000552
FILLER_75_68,VSS,Metal1,45.3600,313.6000,0.000550
FILLER_75_36,VSS,Metal1,35.1640,313.0020,0.000548
FILLER_74_693,VSS,Metal1,395.0800,305.7600,0.000435
FILLER_74_691,VSS,Metal1,394.2400,305.7600,0.000435
FILLER_74_683,VSS,Metal1,390.9330,306.2215,0.000435
FILLER_74_667,VSS,Metal1,384.1120,306.3080,0.000435
FILLER_74_661,VSS,Metal1,377.6200,306.1085,0.000435
FILLER_74_645,VSS,Metal1,371.7920,306.3080,0.000435
FILLER_74_613,VSS,Metal1,358.2840,306.3575,0.000435
FILLER_74_601,VSS,Metal1,343.5600,305.7600,0.000435
FILLER_74_597,VSS,Metal1,341.7800,306.1085,0.000435
FILLER_74_587,VSS,Metal1,337.1730,306.2215,0.000435
FILLER_74_582,VSS,Metal1,332.9200,305.7600,0.000435
FILLER_74_580,VSS,Metal1,332.0800,305.7600,0.000435
FILLER_74_572,VSS,Metal1,328.7730,306.2215,0.000437
FILLER_74_560,VSS,Metal1,320.6000,305.7600,0.000459
FILLER_74_552,VSS,Metal1,317.5730,306.2215,0.000460
FILLER_74_536,VSS,Metal1,310.7520,306.3080,0.000465
FILLER_74_521,VSS,Metal1,299.2200,306.1085,0.000474
FILLER_74_511,VSS,Metal1,293.1600,305.7600,0.000508
FILLER_74_501,VSS,Metal1,287.5600,305.7600,0.000512
FILLER_74_497,VSS,Metal1,285.7800,306.1085,0.000512
FILLER_74_489,VSS,Metal1,282.2930,306.2215,0.000512
FILLER_74_457,VSS,Metal1,270.9240,306.3575,0.000518
FILLER_74_454,VSS,Metal1,261.2400,305.7600,0.000657
FILLER_74_452,VSS,Metal1,260.4000,305.7600,0.000658
FILLER_74_448,VSS,Metal1,258.3400,306.1085,0.000658
FILLER_74_440,VSS,Metal1,254.8530,306.2215,0.000663
FILLER_74_402,VSS,Metal1,232.5800,306.1085,0.000667
FILLER_74_389,VSS,Metal1,224.8400,305.7600,0.000666
FILLER_74_387,VSS,Metal1,224.0000,305.7600,0.000666
FILLER_74_383,VSS,Metal1,221.7600,305.7600,0.000663
FILLER_74_375,VSS,Metal1,218.4530,306.2215,0.000662
FILLER_74_351,VSS,Metal1,203.5600,305.7600,0.000658
FILLER_74_347,VSS,Metal1,201.7800,306.1085,0.000653
FILLER_74_339,VSS,Metal1,198.2930,306.2215,0.000648
FILLER_74_325,VSS,Metal1,189.4600,306.1085,0.000625
FILLER_74_317,VSS,Metal1,185.9730,306.2215,0.000623
FILLER_74_311,VSS,Metal1,181.6200,306.1085,0.000617
FILLER_74_279,VSS,Metal1,171.2440,306.3575,0.000616
FILLER_74_263,VSS,Metal1,155.7330,306.2215,0.000645
FILLER_74_247,VSS,Metal1,148.9120,306.3080,0.000645
FILLER_74_237,VSS,Metal1,140.0000,305.7600,0.000652
FILLER_74_233,VSS,Metal1,137.9400,306.1085,0.000652
FILLER_74_225,VSS,Metal1,134.4530,306.2215,0.000654
FILLER_74_185,VSS,Metal1,111.0600,306.1085,0.000647
FILLER_74_177,VSS,Metal1,107.5730,306.2215,0.000642
FILLER_74_171,VSS,Metal1,103.2200,306.1085,0.000639
FILLER_74_163,VSS,Metal1,99.7330,306.2215,0.000634
FILLER_74_107,VSS,Metal1,66.9200,305.7600,0.000620
FILLER_74_93,VSS,Metal1,59.5400,306.1085,0.000620
FILLER_74_85,VSS,Metal1,56.0530,306.2215,0.000620
FILLER_74_69,VSS,Metal1,49.2320,306.3080,0.000611
FILLER_74_37,VSS,Metal1,35.7240,306.3575,0.000604
FILLER_74_34,VSS,Metal1,26.0400,305.7600,0.000596
FILLER_74_18,VSS,Metal1,20.6720,306.3080,0.000596
FILLER_73_692,VSS,Metal1,394.8000,305.7600,0.000435
FILLER_73_688,VSS,Metal1,392.7400,305.4110,0.000435
FILLER_73_680,VSS,Metal1,389.2530,305.2980,0.000435
FILLER_73_664,VSS,Metal1,382.4320,305.2120,0.000435
FILLER_73_632,VSS,Metal1,368.9240,305.1620,0.000435
FILLER_73_629,VSS,Metal1,359.2400,305.7600,0.000435
FILLER_73_627,VSS,Metal1,358.4000,305.7600,0.000435
FILLER_73_623,VSS,Metal1,356.3400,305.4110,0.000435
FILLER_73_615,VSS,Metal1,352.8530,305.2980,0.000435
FILLER_73_608,VSS,Metal1,347.7600,305.7600,0.000435
FILLER_73_602,VSS,Metal1,344.1200,305.7600,0.000435
FILLER_73_594,VSS,Metal1,341.0930,305.2980,0.000435
FILLER_73_570,VSS,Metal1,326.6600,305.4110,0.000442
FILLER_73_562,VSS,Metal1,323.1730,305.2980,0.000445
FILLER_73_558,VSS,Metal1,319.7600,305.7600,0.000459
FILLER_73_550,VSS,Metal1,316.4530,305.2980,0.000460
FILLER_73_534,VSS,Metal1,309.6320,305.2120,0.000465
FILLER_73_516,VSS,Metal1,295.9600,305.7600,0.000484
FILLER_73_508,VSS,Metal1,292.9330,305.2980,0.000508
FILLER_73_492,VSS,Metal1,286.1120,305.2120,0.000512
FILLER_73_486,VSS,Metal1,279.6200,305.4110,0.000517
FILLER_73_478,VSS,Metal1,276.1330,305.2980,0.000518
FILLER_73_462,VSS,Metal1,269.3120,305.2120,0.000518
FILLER_73_442,VSS,Metal1,254.5200,305.7600,0.000663
FILLER_73_438,VSS,Metal1,252.7400,305.4110,0.000665
FILLER_73_422,VSS,Metal1,246.9120,305.2120,0.000667
FILLER_73_403,VSS,Metal1,232.9600,305.7600,0.000667
FILLER_73_387,VSS,Metal1,227.3120,305.2120,0.000666
FILLER_73_352,VSS,Metal1,204.1200,305.7600,0.000658
FILLER_73_346,VSS,Metal1,201.2200,305.4110,0.000653
FILLER_73_338,VSS,Metal1,197.7330,305.2980,0.000648
FILLER_73_322,VSS,Metal1,190.9120,305.2120,0.000625
FILLER_73_282,VSS,Metal1,172.9240,305.1620,0.000616
FILLER_73_271,VSS,Metal1,158.7600,305.7600,0.000644
FILLER_73_236,VSS,Metal1,139.1600,305.7600,0.000652
FILLER_73_232,VSS,Metal1,137.3800,305.4110,0.000652
FILLER_73_220,VSS,Metal1,130.6600,305.4110,0.000654
FILLER_73_212,VSS,Metal1,127.1730,305.2980,0.000654
FILLER_73_208,VSS,Metal1,123.7600,305.7600,0.000654
FILLER_73_192,VSS,Metal1,118.1120,305.2120,0.000654
FILLER_73_185,VSS,Metal1,110.8800,305.7600,0.000647
FILLER_73_181,VSS,Metal1,108.8200,305.4110,0.000642
FILLER_73_173,VSS,Metal1,105.3330,305.2980,0.000642
FILLER_73_162,VSS,Metal1,98.1800,305.4110,0.000634
FILLER_73_153,VSS,Metal1,92.9600,305.7600,0.000631
FILLER_73_146,VSS,Metal1,89.0400,305.7600,0.000631
FILLER_73_142,VSS,Metal1,86.9800,305.4110,0.000631
FILLER_73_138,VSS,Metal1,84.5600,305.7600,0.000631
FILLER_73_129,VSS,Metal1,79.2400,305.7600,0.000621
FILLER_73_121,VSS,Metal1,76.2130,305.2980,0.000621
FILLER_73_72,VSS,Metal1,48.7730,305.2980,0.000611
FILLER_73_53,VSS,Metal1,36.9600,305.7600,0.000604
FILLER_73_37,VSS,Metal1,31.3120,305.2120,0.000604
FILLER_73_2,VSS,Metal1,8.1200,305.7600,0.000596
FILLER_72_693,VSS,Metal1,395.0800,297.9200,0.000477
FILLER_72_691,VSS,Metal1,394.2400,297.9200,0.000477
FILLER_72_683,VSS,Metal1,390.9330,298.3815,0.000477
FILLER_72_667,VSS,Metal1,384.1120,298.4680,0.000477
FILLER_72_663,VSS,Metal1,378.5600,297.9200,0.000477
FILLER_72_659,VSS,Metal1,376.5000,298.2685,0.000477
FILLER_72_624,VSS,Metal1,356.4400,297.9200,0.000476
FILLER_72_622,VSS,Metal1,355.6000,297.9200,0.000476
FILLER_72_605,VSS,Metal1,345.8000,297.9200,0.000470
FILLER_72_597,VSS,Metal1,342.7730,298.3815,0.000470
FILLER_72_584,VSS,Metal1,334.0400,297.9200,0.000463
FILLER_72_580,VSS,Metal1,332.2600,298.2685,0.000463
FILLER_72_564,VSS,Metal1,326.4320,298.4680,0.000468
FILLER_72_532,VSS,Metal1,312.9240,298.5175,0.000508
FILLER_72_524,VSS,Metal1,300.4400,297.9200,0.000508
FILLER_72_518,VSS,Metal1,297.0800,297.9200,0.000508
FILLER_72_502,VSS,Metal1,291.7120,298.4680,0.000509
FILLER_72_496,VSS,Metal1,284.7600,297.9200,0.000511
FILLER_72_488,VSS,Metal1,281.7330,298.3815,0.000511
FILLER_72_474,VSS,Metal1,272.9000,298.2685,0.000518
FILLER_72_466,VSS,Metal1,269.4130,298.3815,0.000522
FILLER_72_446,VSS,Metal1,256.7600,297.9200,0.000530
FILLER_72_444,VSS,Metal1,255.9200,297.9200,0.000530
FILLER_72_440,VSS,Metal1,253.8600,298.2685,0.000530
FILLER_72_432,VSS,Metal1,250.3730,298.3815,0.000530
FILLER_72_400,VSS,Metal1,239.0040,298.5175,0.000531
FILLER_72_384,VSS,Metal1,222.0400,297.9200,0.000531
FILLER_72_382,VSS,Metal1,221.2000,297.9200,0.000531
FILLER_72_378,VSS,Metal1,219.1400,298.2685,0.000531
FILLER_72_361,VSS,Metal1,209.6200,298.2685,0.000532
FILLER_72_353,VSS,Metal1,206.1330,298.3815,0.000532
FILLER_72_317,VSS,Metal1,184.8000,297.9200,0.000531
FILLER_72_306,VSS,Metal1,178.3600,297.9200,0.000527
FILLER_72_290,VSS,Metal1,172.9920,298.4680,0.000528
FILLER_72_255,VSS,Metal1,153.3920,298.4680,0.000566
FILLER_72_243,VSS,Metal1,143.3600,297.9200,0.000567
FILLER_72_193,VSS,Metal1,115.5400,298.2685,0.000570
FILLER_72_177,VSS,Metal1,109.7120,298.4680,0.000570
FILLER_72_174,VSS,Metal1,104.4400,297.9200,0.000570
FILLER_72_166,VSS,Metal1,101.4130,298.3815,0.000570
FILLER_72_160,VSS,Metal1,96.6000,297.9200,0.000570
FILLER_72_158,VSS,Metal1,95.7600,297.9200,0.000570
FILLER_72_150,VSS,Metal1,92.4530,298.3815,0.000571
FILLER_72_133,VSS,Metal1,81.4800,297.9200,0.000571
FILLER_72_131,VSS,Metal1,80.6400,297.9200,0.000571
FILLER_72_123,VSS,Metal1,77.3330,298.3815,0.000571
FILLER_72_111,VSS,Metal1,69.1600,297.9200,0.000571
FILLER_72_107,VSS,Metal1,67.3800,298.2685,0.000571
FILLER_72_104,VSS,Metal1,65.2400,297.9200,0.000570
FILLER_72_102,VSS,Metal1,64.4000,297.9200,0.000570
FILLER_72_98,VSS,Metal1,62.3400,298.2685,0.000570
FILLER_72_82,VSS,Metal1,56.5120,298.4680,0.000569
FILLER_72_47,VSS,Metal1,33.3200,297.9200,0.000568
FILLER_72_45,VSS,Metal1,32.4800,297.9200,0.000567
FILLER_72_37,VSS,Metal1,29.1730,298.3815,0.000567
FILLER_72_16,VSS,Metal1,16.4200,298.2685,0.000556
FILLER_71_692,VSS,Metal1,394.8000,297.9200,0.000477
FILLER_71_688,VSS,Metal1,392.7400,297.5710,0.000477
FILLER_71_680,VSS,Metal1,389.2530,297.4580,0.000477
FILLER_71_664,VSS,Metal1,382.4320,297.3720,0.000477
FILLER_71_632,VSS,Metal1,368.9240,297.3220,0.000477
FILLER_71_628,VSS,Metal1,358.9600,297.9200,0.000477
FILLER_71_620,VSS,Metal1,355.6530,297.4580,0.000476
FILLER_71_602,VSS,Metal1,344.4000,297.9200,0.000470
FILLER_71_594,VSS,Metal1,341.0930,297.4580,0.000470
FILLER_71_586,VSS,Metal1,335.6200,297.5710,0.000464
FILLER_71_578,VSS,Metal1,332.1330,297.4580,0.000463
FILLER_71_562,VSS,Metal1,325.3120,297.3720,0.000468
FILLER_71_554,VSS,Metal1,317.2400,297.9200,0.000508
FILLER_71_552,VSS,Metal1,316.4000,297.9200,0.000508
FILLER_71_544,VSS,Metal1,313.0930,297.4580,0.000508
FILLER_71_512,VSS,Metal1,301.7240,297.3220,0.000508
FILLER_71_492,VSS,Metal1,286.1120,297.3720,0.000511
FILLER_71_472,VSS,Metal1,271.3200,297.9200,0.000522
FILLER_71_468,VSS,Metal1,269.5400,297.5710,0.000522
FILLER_71_460,VSS,Metal1,266.0530,297.4580,0.000524
FILLER_71_451,VSS,Metal1,260.0200,297.5710,0.000530
FILLER_71_435,VSS,Metal1,254.1920,297.3720,0.000530
FILLER_71_422,VSS,Metal1,243.3200,297.9200,0.000531
FILLER_71_419,VSS,Metal1,241.6400,297.9200,0.000531
FILLER_71_417,VSS,Metal1,240.8000,297.9200,0.000531
FILLER_71_406,VSS,Metal1,234.3600,297.9200,0.000531
FILLER_71_404,VSS,Metal1,233.5200,297.9200,0.000531
FILLER_71_372,VSS,Metal1,223.3240,297.3220,0.000531
FILLER_71_362,VSS,Metal1,209.7200,297.9200,0.000532
FILLER_71_360,VSS,Metal1,208.8800,297.9200,0.000532
FILLER_71_352,VSS,Metal1,205.5730,297.4580,0.000532
FILLER_71_348,VSS,Metal1,202.1600,297.9200,0.000531
FILLER_71_340,VSS,Metal1,198.8530,297.4580,0.000531
FILLER_71_324,VSS,Metal1,192.0320,297.3720,0.000531
FILLER_71_315,VSS,Metal1,183.4000,297.9200,0.000528
FILLER_71_311,VSS,Metal1,181.6200,297.5710,0.000528
FILLER_71_298,VSS,Metal1,174.1600,297.9200,0.000528
FILLER_71_290,VSS,Metal1,170.8530,297.4580,0.000528
FILLER_71_278,VSS,Metal1,162.9600,297.9200,0.000545
FILLER_71_254,VSS,Metal1,152.8320,297.3720,0.000566
FILLER_71_214,VSS,Metal1,126.8400,297.9200,0.000567
FILLER_71_212,VSS,Metal1,126.0000,297.9200,0.000567
FILLER_71_209,VSS,Metal1,124.0400,297.9200,0.000567
FILLER_71_207,VSS,Metal1,123.2000,297.9200,0.000569
FILLER_71_203,VSS,Metal1,121.1400,297.5710,0.000569
FILLER_71_197,VSS,Metal1,117.3200,297.9200,0.000570
FILLER_71_181,VSS,Metal1,111.9520,297.3720,0.000570
FILLER_71_175,VSS,Metal1,105.0000,297.9200,0.000570
FILLER_71_171,VSS,Metal1,103.2200,297.5710,0.000570
FILLER_71_163,VSS,Metal1,98.2800,297.9200,0.000570
FILLER_71_161,VSS,Metal1,97.4400,297.9200,0.000570
FILLER_71_150,VSS,Metal1,91.4600,297.5710,0.000571
FILLER_71_142,VSS,Metal1,87.9730,297.4580,0.000571
FILLER_71_139,VSS,Metal1,84.8400,297.9200,0.000571
FILLER_71_137,VSS,Metal1,84.0000,297.9200,0.000571
FILLER_71_105,VSS,Metal1,73.8040,297.3220,0.000571
FILLER_71_96,VSS,Metal1,60.7600,297.9200,0.000569
FILLER_71_80,VSS,Metal1,55.3920,297.3720,0.000569
FILLER_70_693,VSS,Metal1,395.0800,290.0800,0.000518
FILLER_70_691,VSS,Metal1,394.2400,290.0800,0.000518
FILLER_70_683,VSS,Metal1,390.9330,290.5415,0.000518
FILLER_70_667,VSS,Metal1,384.1120,290.6280,0.000518
FILLER_70_657,VSS,Metal1,376.3730,290.5415,0.000518
FILLER_70_621,VSS,Metal1,355.0400,290.0800,0.000517
FILLER_70_609,VSS,Metal1,348.0400,290.0800,0.000517
FILLER_70_605,VSS,Metal1,346.2600,290.4285,0.000517
FILLER_70_597,VSS,Metal1,342.7730,290.5415,0.000517
FILLER_70_593,VSS,Metal1,339.3600,290.0800,0.000516
FILLER_70_589,VSS,Metal1,337.3000,290.4285,0.000514
FILLER_70_547,VSS,Metal1,313.3200,290.0800,0.000539
FILLER_70_543,VSS,Metal1,311.5400,290.4285,0.000539
FILLER_70_527,VSS,Metal1,305.7120,290.6280,0.000748
FILLER_70_524,VSS,Metal1,300.4400,290.0800,0.000748
FILLER_70_522,VSS,Metal1,299.6000,290.0800,0.000751
FILLER_70_518,VSS,Metal1,297.5400,290.4285,0.000751
FILLER_70_502,VSS,Metal1,291.7120,290.6280,0.000753
FILLER_70_489,VSS,Metal1,282.2930,290.5415,0.000755
FILLER_70_471,VSS,Metal1,270.7600,290.0800,0.000762
FILLER_70_469,VSS,Metal1,269.9200,290.0800,0.000767
FILLER_70_465,VSS,Metal1,267.8600,290.4285,0.000767
FILLER_70_457,VSS,Metal1,264.3730,290.5415,0.000768
FILLER_70_454,VSS,Metal1,261.2400,290.0800,0.000768
FILLER_70_446,VSS,Metal1,258.2130,290.5415,0.000773
FILLER_70_414,VSS,Metal1,246.8440,290.6775,0.000773
FILLER_70_401,VSS,Metal1,231.5600,290.0800,0.000774
FILLER_70_399,VSS,Metal1,230.7200,290.0800,0.000780
FILLER_70_395,VSS,Metal1,228.6600,290.4285,0.000780
FILLER_70_387,VSS,Metal1,225.1730,290.5415,0.000782
FILLER_70_381,VSS,Metal1,220.8200,290.4285,0.000786
FILLER_70_317,VSS,Metal1,201.4445,290.7175,0.000787
FILLER_70_313,VSS,Metal1,182.5600,290.0800,0.000787
FILLER_70_303,VSS,Metal1,176.6800,290.0800,0.000787
FILLER_70_301,VSS,Metal1,175.8400,290.0800,0.000787
FILLER_70_297,VSS,Metal1,173.7800,290.4285,0.000809
FILLER_70_243,VSS,Metal1,143.3600,290.0800,0.000821
FILLER_70_239,VSS,Metal1,141.3000,290.4285,0.000821
FILLER_70_223,VSS,Metal1,135.4720,290.6280,0.000822
FILLER_70_177,VSS,Metal1,106.1200,290.0800,0.000840
FILLER_70_174,VSS,Metal1,104.4400,290.0800,0.000840
FILLER_70_166,VSS,Metal1,101.4130,290.5415,0.000840
FILLER_70_159,VSS,Metal1,96.3200,290.0800,0.000840
FILLER_70_155,VSS,Metal1,94.2600,290.4285,0.000840
FILLER_70_149,VSS,Metal1,90.4400,290.0800,0.000840
FILLER_70_141,VSS,Metal1,87.4130,290.5415,0.000840
FILLER_70_132,VSS,Metal1,80.9200,290.0800,0.000840
FILLER_70_124,VSS,Metal1,77.8930,290.5415,0.000840
FILLER_70_107,VSS,Metal1,66.9200,290.0800,0.000840
FILLER_70_53,VSS,Metal1,36.9600,290.0800,0.000820
FILLER_70_37,VSS,Metal1,31.3120,290.6280,0.000816
FILLER_70_33,VSS,Metal1,25.7600,290.0800,0.000815
FILLER_70_2,VSS,Metal1,11.7120,290.6280,0.000816
FILLER_69_692,VSS,Metal1,394.8000,290.0800,0.000518
FILLER_69_688,VSS,Metal1,392.7400,289.7310,0.000518
FILLER_69_680,VSS,Metal1,389.2530,289.6180,0.000518
FILLER_69_664,VSS,Metal1,382.4320,289.5320,0.000518
FILLER_69_632,VSS,Metal1,368.9240,289.4820,0.000518
FILLER_69_598,VSS,Metal1,349.8840,289.4820,0.000517
FILLER_69_589,VSS,Metal1,337.3000,289.7310,0.000514
FILLER_69_577,VSS,Metal1,330.5800,289.7310,0.000513
FILLER_69_572,VSS,Metal1,327.3200,290.0800,0.000513
FILLER_69_570,VSS,Metal1,326.4800,290.0800,0.000513
FILLER_69_562,VSS,Metal1,323.1730,289.6180,0.000513
FILLER_69_559,VSS,Metal1,320.0400,290.0800,0.000513
FILLER_69_542,VSS,Metal1,310.5200,290.0800,0.000748
FILLER_69_540,VSS,Metal1,309.6800,290.0800,0.000748
FILLER_69_524,VSS,Metal1,304.0320,289.5320,0.000748
FILLER_69_514,VSS,Metal1,294.8400,290.0800,0.000753
FILLER_69_512,VSS,Metal1,294.0000,290.0800,0.000753
FILLER_69_508,VSS,Metal1,291.9400,289.7310,0.000753
FILLER_69_492,VSS,Metal1,286.1120,289.5320,0.000754
FILLER_69_489,VSS,Metal1,280.8400,290.0800,0.000755
FILLER_69_482,VSS,Metal1,277.2000,290.0800,0.000757
FILLER_69_478,VSS,Metal1,275.1400,289.7310,0.000760
FILLER_69_470,VSS,Metal1,271.6530,289.6180,0.000762
FILLER_69_454,VSS,Metal1,264.8320,289.5320,0.000768
FILLER_69_422,VSS,Metal1,251.3240,289.4820,0.000773
FILLER_69_419,VSS,Metal1,241.6400,290.0800,0.000773
FILLER_69_417,VSS,Metal1,240.8000,290.0800,0.000773
FILLER_69_413,VSS,Metal1,238.7400,289.7310,0.000773
FILLER_69_399,VSS,Metal1,230.7200,290.0800,0.000780
FILLER_69_395,VSS,Metal1,228.6600,289.7310,0.000780
FILLER_69_388,VSS,Metal1,224.5600,290.0800,0.000782
FILLER_69_384,VSS,Metal1,222.5000,289.7310,0.000783
FILLER_69_352,VSS,Metal1,212.1240,289.4820,0.000787
FILLER_69_349,VSS,Metal1,202.4400,290.0800,0.000787
FILLER_69_333,VSS,Metal1,197.0720,289.5320,0.000787
FILLER_69_301,VSS,Metal1,183.5640,289.4820,0.000787
FILLER_69_284,VSS,Metal1,166.0400,290.0800,0.000811
FILLER_69_282,VSS,Metal1,165.2000,290.0800,0.000811
FILLER_69_244,VSS,Metal1,143.9200,290.0800,0.000821
FILLER_69_212,VSS,Metal1,133.7240,289.4820,0.000822
FILLER_69_193,VSS,Metal1,116.5330,289.6180,0.000840
FILLER_69_182,VSS,Metal1,108.9200,290.0800,0.000840
FILLER_69_174,VSS,Metal1,105.8930,289.6180,0.000840
FILLER_69_142,VSS,Metal1,94.5240,289.4820,0.000840
FILLER_69_124,VSS,Metal1,80.0320,289.5320,0.000840
FILLER_69_82,VSS,Metal1,52.9200,290.0800,0.000840
FILLER_69_80,VSS,Metal1,52.0800,290.0800,0.000840
FILLER_69_72,VSS,Metal1,48.7730,289.6180,0.000840
FILLER_69_69,VSS,Metal1,45.6400,290.0800,0.000840
FILLER_69_50,VSS,Metal1,35.4600,289.7310,0.000820
FILLER_69_18,VSS,Metal1,25.0840,289.4820,0.000815
FILLER_68_693,VSS,Metal1,395.0800,282.2400,0.000392
FILLER_68_691,VSS,Metal1,394.2400,282.2400,0.000392
FILLER_68_683,VSS,Metal1,390.9330,282.7015,0.000392
FILLER_68_667,VSS,Metal1,384.1120,282.7880,0.000392
FILLER_68_661,VSS,Metal1,377.6200,282.5885,0.000392
FILLER_68_597,VSS,Metal1,358.2445,282.8775,0.000392
FILLER_68_594,VSS,Metal1,339.6400,282.2400,0.000392
FILLER_68_592,VSS,Metal1,338.8000,282.2400,0.000392
FILLER_68_588,VSS,Metal1,336.7400,282.5885,0.000392
FILLER_68_580,VSS,Metal1,333.2530,282.7015,0.000393
FILLER_68_564,VSS,Metal1,326.4320,282.7880,0.000394
FILLER_68_546,VSS,Metal1,313.0400,282.2400,0.000419
FILLER_68_542,VSS,Metal1,310.9800,282.5885,0.000419
FILLER_68_513,VSS,Metal1,294.7400,282.5885,0.000434
FILLER_68_505,VSS,Metal1,291.2530,282.7015,0.000434
FILLER_68_500,VSS,Metal1,287.0000,282.2400,0.000434
FILLER_68_468,VSS,Metal1,277.0840,282.8375,0.000434
FILLER_68_457,VSS,Metal1,262.9200,282.2400,0.000439
FILLER_68_454,VSS,Metal1,261.2400,282.2400,0.000441
FILLER_68_450,VSS,Metal1,259.4600,282.5885,0.000442
FILLER_68_442,VSS,Metal1,255.9730,282.7015,0.000446
FILLER_68_426,VSS,Metal1,249.1520,282.7880,0.000446
FILLER_68_416,VSS,Metal1,240.2400,282.2400,0.000449
FILLER_68_400,VSS,Metal1,234.5920,282.7880,0.000450
FILLER_68_384,VSS,Metal1,222.0400,282.2400,0.000458
FILLER_68_380,VSS,Metal1,220.2600,282.5885,0.000458
FILLER_68_374,VSS,Metal1,216.4400,282.2400,0.000458
FILLER_68_372,VSS,Metal1,215.6000,282.2400,0.000458
FILLER_68_368,VSS,Metal1,213.5400,282.5885,0.000458
FILLER_68_359,VSS,Metal1,208.0400,282.2400,0.000458
FILLER_68_357,VSS,Metal1,207.2000,282.2400,0.000458
FILLER_68_349,VSS,Metal1,203.8930,282.7015,0.000459
FILLER_68_317,VSS,Metal1,192.5240,282.8375,0.000462
FILLER_68_303,VSS,Metal1,176.6800,282.2400,0.000478
FILLER_68_301,VSS,Metal1,175.8400,282.2400,0.000479
FILLER_68_297,VSS,Metal1,173.7800,282.5885,0.000479
FILLER_68_280,VSS,Metal1,163.8000,282.2400,0.000506
FILLER_68_267,VSS,Metal1,156.8000,282.2400,0.000515
FILLER_68_263,VSS,Metal1,154.7400,282.5885,0.000515
FILLER_68_247,VSS,Metal1,148.9120,282.7880,0.000524
FILLER_68_244,VSS,Metal1,143.6400,282.2400,0.000532
FILLER_68_236,VSS,Metal1,140.6130,282.7015,0.000532
FILLER_68_225,VSS,Metal1,133.2800,282.2400,0.000544
FILLER_68_209,VSS,Metal1,127.6320,282.7880,0.000545
FILLER_68_177,VSS,Metal1,114.1240,282.8375,0.000554
FILLER_68_174,VSS,Metal1,104.4400,282.2400,0.000554
FILLER_68_166,VSS,Metal1,101.4130,282.7015,0.000554
FILLER_68_131,VSS,Metal1,80.3600,282.2400,0.000560
FILLER_68_123,VSS,Metal1,77.3330,282.7015,0.000560
FILLER_68_107,VSS,Metal1,70.5120,282.7880,0.000560
FILLER_68_103,VSS,Metal1,64.9600,282.2400,0.000560
FILLER_68_87,VSS,Metal1,59.3120,282.7880,0.000560
FILLER_68_34,VSS,Metal1,26.0400,282.2400,0.000554
FILLER_68_2,VSS,Metal1,16.1240,282.8375,0.000554
FILLER_67_692,VSS,Metal1,394.8000,282.2400,0.000392
FILLER_67_688,VSS,Metal1,392.7400,281.8910,0.000392
FILLER_67_680,VSS,Metal1,389.2530,281.7780,0.000392
FILLER_67_664,VSS,Metal1,382.4320,281.6920,0.000392
FILLER_67_632,VSS,Metal1,368.9240,281.6420,0.000392
FILLER_67_629,VSS,Metal1,359.2400,282.2400,0.000392
FILLER_67_627,VSS,Metal1,358.4000,282.2400,0.000392
FILLER_67_623,VSS,Metal1,356.3400,281.8910,0.000392
FILLER_67_607,VSS,Metal1,350.5120,281.6920,0.000392
FILLER_67_595,VSS,Metal1,340.2000,282.2400,0.000392
FILLER_67_591,VSS,Metal1,338.4200,281.8910,0.000392
FILLER_67_583,VSS,Metal1,334.9330,281.7780,0.000392
FILLER_67_570,VSS,Metal1,326.6600,281.8910,0.000394
FILLER_67_562,VSS,Metal1,323.1730,281.7780,0.000395
FILLER_67_559,VSS,Metal1,320.0400,282.2400,0.000400
FILLER_67_557,VSS,Metal1,319.2000,282.2400,0.000400
FILLER_67_545,VSS,Metal1,312.2000,282.2400,0.000419
FILLER_67_529,VSS,Metal1,306.8320,281.6920,0.000421
FILLER_67_524,VSS,Metal1,300.4400,282.2400,0.000434
FILLER_67_492,VSS,Metal1,290.5240,281.6420,0.000434
FILLER_67_489,VSS,Metal1,280.8400,282.2400,0.000434
FILLER_67_481,VSS,Metal1,277.8130,281.7780,0.000434
FILLER_67_466,VSS,Metal1,268.4200,281.8910,0.000436
FILLER_67_448,VSS,Metal1,257.8800,282.2400,0.000446
FILLER_67_446,VSS,Metal1,257.0400,282.2400,0.000446
FILLER_67_430,VSS,Metal1,251.3920,281.6920,0.000446
FILLER_67_408,VSS,Metal1,235.7600,282.2400,0.000450
FILLER_67_390,VSS,Metal1,225.6800,282.2400,0.000455
FILLER_67_386,VSS,Metal1,223.6200,281.8910,0.000455
FILLER_67_346,VSS,Metal1,201.2200,281.8910,0.000462
FILLER_67_338,VSS,Metal1,197.7330,281.7780,0.000462
FILLER_67_312,VSS,Metal1,181.7200,282.2400,0.000464
FILLER_67_310,VSS,Metal1,180.8800,282.2400,0.000464
FILLER_67_306,VSS,Metal1,178.8200,281.8910,0.000464
FILLER_67_298,VSS,Metal1,175.3330,281.7780,0.000479
FILLER_67_282,VSS,Metal1,168.5120,281.6920,0.000490
FILLER_67_264,VSS,Metal1,156.2930,281.7780,0.000515
FILLER_67_248,VSS,Metal1,149.4720,281.6920,0.000524
FILLER_67_228,VSS,Metal1,135.1400,281.8910,0.000533
FILLER_67_212,VSS,Metal1,129.3120,281.6920,0.000545
FILLER_67_202,VSS,Metal1,121.5730,281.7780,0.000553
FILLER_67_170,VSS,Metal1,110.2040,281.6420,0.000554
FILLER_67_162,VSS,Metal1,97.7200,282.2400,0.000555
FILLER_67_160,VSS,Metal1,96.8800,282.2400,0.000555
FILLER_67_152,VSS,Metal1,92.1200,282.2400,0.000555
FILLER_67_150,VSS,Metal1,91.2800,282.2400,0.000555
FILLER_67_142,VSS,Metal1,87.9730,281.7780,0.000555
FILLER_67_136,VSS,Metal1,83.6200,281.8910,0.000555
FILLER_67_72,VSS,Metal1,64.2445,281.6020,0.000560
FILLER_67_46,VSS,Metal1,32.7600,282.2400,0.000560
FILLER_67_44,VSS,Metal1,31.9200,282.2400,0.000560
FILLER_67_36,VSS,Metal1,28.6130,281.7780,0.000560
FILLER_66_693,VSS,Metal1,395.0800,274.4000,0.000850
FILLER_66_691,VSS,Metal1,394.2400,274.4000,0.000850
FILLER_66_683,VSS,Metal1,390.9330,274.8615,0.000850
FILLER_66_667,VSS,Metal1,384.1120,274.9480,0.000850
FILLER_66_663,VSS,Metal1,378.5600,274.4000,0.000850
FILLER_66_647,VSS,Metal1,372.9120,274.9480,0.000850
FILLER_66_594,VSS,Metal1,339.6400,274.4000,0.000838
FILLER_66_592,VSS,Metal1,338.8000,274.4000,0.000838
FILLER_66_588,VSS,Metal1,336.7400,274.7485,0.000830
FILLER_66_553,VSS,Metal1,316.6800,274.4000,0.000817
FILLER_66_551,VSS,Metal1,315.8400,274.4000,0.000817
FILLER_66_543,VSS,Metal1,312.5330,274.8615,0.000818
FILLER_66_527,VSS,Metal1,305.7120,274.9480,0.000818
FILLER_66_524,VSS,Metal1,300.4400,274.4000,0.000819
FILLER_66_520,VSS,Metal1,298.6600,274.7485,0.000819
FILLER_66_512,VSS,Metal1,295.1730,274.8615,0.000821
FILLER_66_480,VSS,Metal1,283.8040,274.9975,0.000821
FILLER_66_469,VSS,Metal1,269.9200,274.4000,0.000820
FILLER_66_465,VSS,Metal1,267.8600,274.7485,0.000820
FILLER_66_447,VSS,Metal1,258.7730,274.8615,0.000818
FILLER_66_397,VSS,Metal1,232.9120,274.9480,0.000815
FILLER_66_384,VSS,Metal1,222.0400,274.4000,0.000815
FILLER_66_380,VSS,Metal1,220.2600,274.7485,0.000815
FILLER_66_372,VSS,Metal1,216.7730,274.8615,0.000815
FILLER_66_360,VSS,Metal1,208.6000,274.4000,0.000813
FILLER_66_358,VSS,Metal1,207.7600,274.4000,0.000809
FILLER_66_354,VSS,Metal1,205.7000,274.7485,0.000809
FILLER_66_346,VSS,Metal1,202.2130,274.8615,0.000793
FILLER_66_321,VSS,Metal1,186.7600,274.4000,0.000788
FILLER_66_317,VSS,Metal1,184.9800,274.7485,0.000788
FILLER_66_305,VSS,Metal1,178.0800,274.4000,0.000788
FILLER_66_297,VSS,Metal1,174.7730,274.8615,0.000801
FILLER_66_247,VSS,Metal1,148.9120,274.9480,0.000820
FILLER_66_244,VSS,Metal1,143.6400,274.4000,0.000821
FILLER_66_229,VSS,Metal1,135.2400,274.4000,0.000821
FILLER_66_218,VSS,Metal1,129.0800,274.4000,0.000831
FILLER_66_210,VSS,Metal1,126.0530,274.8615,0.000831
FILLER_66_199,VSS,Metal1,118.7200,274.4000,0.000837
FILLER_66_195,VSS,Metal1,116.6600,274.7485,0.000837
FILLER_66_187,VSS,Metal1,113.1730,274.8615,0.000837
FILLER_66_181,VSS,Metal1,108.3600,274.4000,0.000837
FILLER_66_177,VSS,Metal1,106.5800,274.7485,0.000837
FILLER_66_157,VSS,Metal1,95.2000,274.4000,0.000840
FILLER_66_153,VSS,Metal1,93.1400,274.7485,0.000840
FILLER_66_133,VSS,Metal1,81.9400,274.7485,0.000843
FILLER_66_125,VSS,Metal1,78.4530,274.8615,0.000844
FILLER_66_107,VSS,Metal1,67.2000,274.4000,0.000844
FILLER_66_103,VSS,Metal1,64.9600,274.4000,0.000844
FILLER_66_99,VSS,Metal1,62.9000,274.7485,0.000844
FILLER_66_91,VSS,Metal1,59.4130,274.8615,0.000843
FILLER_66_53,VSS,Metal1,37.1400,274.7485,0.000815
FILLER_66_37,VSS,Metal1,31.3120,274.9480,0.000815
FILLER_66_4,VSS,Metal1,9.2400,274.4000,0.000816
FILLER_66_2,VSS,Metal1,8.4000,274.4000,0.000816
FILLER_65_692,VSS,Metal1,394.8000,274.4000,0.000850
FILLER_65_688,VSS,Metal1,392.7400,274.0510,0.000850
FILLER_65_680,VSS,Metal1,389.2530,273.9380,0.000850
FILLER_65_664,VSS,Metal1,382.4320,273.8520,0.000850
FILLER_65_632,VSS,Metal1,368.9240,273.8020,0.000850
FILLER_65_587,VSS,Metal1,335.7200,274.4000,0.000817
FILLER_65_574,VSS,Metal1,328.7200,274.4000,0.000816
FILLER_65_562,VSS,Metal1,322.1800,274.0510,0.000816
FILLER_65_559,VSS,Metal1,320.0400,274.4000,0.000816
FILLER_65_557,VSS,Metal1,319.2000,274.4000,0.000816
FILLER_65_549,VSS,Metal1,315.8930,273.9380,0.000817
FILLER_65_525,VSS,Metal1,302.4530,273.9380,0.000818
FILLER_65_520,VSS,Metal1,298.2000,274.4000,0.000819
FILLER_65_516,VSS,Metal1,296.4200,274.0510,0.000821
FILLER_65_500,VSS,Metal1,290.5920,273.8520,0.000821
FILLER_65_489,VSS,Metal1,280.8400,274.4000,0.000821
FILLER_65_487,VSS,Metal1,280.0000,274.4000,0.000821
FILLER_65_480,VSS,Metal1,275.8000,274.4000,0.000821
FILLER_65_478,VSS,Metal1,274.9600,274.4000,0.000821
FILLER_65_470,VSS,Metal1,271.6530,273.9380,0.000821
FILLER_65_454,VSS,Metal1,264.8320,273.8520,0.000820
FILLER_65_422,VSS,Metal1,251.3240,273.8020,0.000818
FILLER_65_416,VSS,Metal1,240.4200,274.0510,0.000818
FILLER_65_400,VSS,Metal1,234.5920,273.8520,0.000815
FILLER_65_368,VSS,Metal1,221.0840,273.8020,0.000815
FILLER_65_352,VSS,Metal1,205.5730,273.9380,0.000809
FILLER_65_349,VSS,Metal1,202.4400,274.4000,0.000793
FILLER_65_345,VSS,Metal1,200.6600,274.0510,0.000793
FILLER_65_337,VSS,Metal1,197.1730,273.9380,0.000790
FILLER_65_302,VSS,Metal1,176.1200,274.4000,0.000801
FILLER_65_298,VSS,Metal1,174.3400,274.0510,0.000801
FILLER_65_282,VSS,Metal1,168.5120,273.8520,0.000818
FILLER_65_279,VSS,Metal1,163.2400,274.4000,0.000819
FILLER_65_271,VSS,Metal1,160.2130,273.9380,0.000819
FILLER_65_255,VSS,Metal1,153.3920,273.8520,0.000820
FILLER_65_218,VSS,Metal1,129.0800,274.4000,0.000831
FILLER_65_216,VSS,Metal1,128.2400,274.4000,0.000831
FILLER_65_212,VSS,Metal1,126.1800,274.0510,0.000831
FILLER_65_172,VSS,Metal1,103.6000,274.4000,0.000838
FILLER_65_142,VSS,Metal1,86.9800,274.0510,0.000841
FILLER_65_131,VSS,Metal1,80.3600,274.4000,0.000844
FILLER_65_129,VSS,Metal1,79.5200,274.4000,0.000844
FILLER_65_87,VSS,Metal1,55.7200,274.4000,0.000844
FILLER_65_69,VSS,Metal1,45.6400,274.4000,0.000843
FILLER_65_67,VSS,Metal1,44.8000,274.4000,0.000843
FILLER_65_59,VSS,Metal1,41.4930,273.9380,0.000843
FILLER_65_43,VSS,Metal1,34.6720,273.8520,0.000815
FILLER_65_8,VSS,Metal1,11.4800,274.4000,0.000816
FILLER_65_6,VSS,Metal1,10.6400,274.4000,0.000816
FILLER_65_2,VSS,Metal1,8.5800,274.0510,0.000816
FILLER_64_693,VSS,Metal1,395.0800,266.5600,0.000552
FILLER_64_691,VSS,Metal1,394.2400,266.5600,0.000552
FILLER_64_683,VSS,Metal1,390.9330,267.0215,0.000552
FILLER_64_667,VSS,Metal1,384.1120,267.1080,0.000552
FILLER_64_661,VSS,Metal1,377.6200,266.9085,0.000552
FILLER_64_597,VSS,Metal1,358.2445,267.1975,0.000552
FILLER_64_587,VSS,Metal1,337.1730,267.0215,0.000552
FILLER_64_571,VSS,Metal1,330.3520,267.1080,0.000551
FILLER_64_535,VSS,Metal1,306.8800,266.5600,0.000556
FILLER_64_524,VSS,Metal1,300.4400,266.5600,0.000557
FILLER_64_522,VSS,Metal1,299.6000,266.5600,0.000557
FILLER_64_512,VSS,Metal1,293.7200,266.5600,0.000574
FILLER_64_496,VSS,Metal1,288.3520,267.1080,0.000575
FILLER_64_490,VSS,Metal1,281.6800,266.5600,0.000575
FILLER_64_473,VSS,Metal1,272.1600,266.5600,0.000580
FILLER_64_457,VSS,Metal1,266.5120,267.1080,0.000580
FILLER_64_454,VSS,Metal1,261.2400,266.5600,0.000580
FILLER_64_446,VSS,Metal1,258.2130,267.0215,0.000580
FILLER_64_430,VSS,Metal1,251.3920,267.1080,0.000579
FILLER_64_398,VSS,Metal1,237.8840,267.1575,0.000579
FILLER_64_389,VSS,Metal1,224.8400,266.5600,0.000577
FILLER_64_387,VSS,Metal1,224.0000,266.5600,0.000577
FILLER_64_383,VSS,Metal1,221.7600,266.5600,0.000576
FILLER_64_379,VSS,Metal1,219.7000,266.9085,0.000576
FILLER_64_363,VSS,Metal1,213.8720,267.1080,0.000575
FILLER_64_325,VSS,Metal1,189.4600,266.9085,0.000565
FILLER_64_317,VSS,Metal1,185.9730,267.0215,0.000561
FILLER_64_311,VSS,Metal1,181.6200,266.9085,0.000558
FILLER_64_279,VSS,Metal1,171.2440,267.1575,0.000557
FILLER_64_273,VSS,Metal1,159.8800,266.5600,0.000568
FILLER_64_271,VSS,Metal1,159.0400,266.5600,0.000568
FILLER_64_263,VSS,Metal1,155.7330,267.0215,0.000570
FILLER_64_247,VSS,Metal1,148.9120,267.1080,0.000573
FILLER_64_241,VSS,Metal1,142.4200,266.9085,0.000573
FILLER_64_233,VSS,Metal1,138.9330,267.0215,0.000573
FILLER_64_201,VSS,Metal1,127.5640,267.1575,0.000573
FILLER_64_185,VSS,Metal1,110.6000,266.5600,0.000569
FILLER_64_177,VSS,Metal1,107.5730,267.0215,0.000569
FILLER_64_167,VSS,Metal1,101.9730,267.0215,0.000563
FILLER_64_131,VSS,Metal1,80.6400,266.5600,0.000552
FILLER_64_115,VSS,Metal1,74.9920,267.1080,0.000550
FILLER_64_103,VSS,Metal1,64.9600,266.5600,0.000540
FILLER_64_99,VSS,Metal1,62.9000,266.9085,0.000540
FILLER_64_83,VSS,Metal1,57.0720,267.1080,0.000540
FILLER_64_45,VSS,Metal1,32.6600,266.9085,0.000537
FILLER_64_37,VSS,Metal1,29.1730,267.0215,0.000537
FILLER_64_31,VSS,Metal1,24.8200,266.9085,0.000537
FILLER_64_14,VSS,Metal1,15.1200,266.5600,0.000537
FILLER_64_10,VSS,Metal1,13.0600,266.9085,0.000537
FILLER_64_2,VSS,Metal1,9.5730,267.0215,0.000537
FILLER_63_692,VSS,Metal1,394.8000,266.5600,0.000552
FILLER_63_688,VSS,Metal1,392.7400,266.2110,0.000552
FILLER_63_680,VSS,Metal1,389.2530,266.0980,0.000552
FILLER_63_664,VSS,Metal1,382.4320,266.0120,0.000552
FILLER_63_632,VSS,Metal1,368.9240,265.9620,0.000552
FILLER_63_628,VSS,Metal1,358.9600,266.5600,0.000552
FILLER_63_624,VSS,Metal1,356.9000,266.2110,0.000552
FILLER_63_616,VSS,Metal1,353.4130,266.0980,0.000552
FILLER_63_570,VSS,Metal1,326.6600,266.2110,0.000552
FILLER_63_562,VSS,Metal1,323.1730,266.0980,0.000555
FILLER_63_552,VSS,Metal1,317.5730,266.0980,0.000555
FILLER_63_536,VSS,Metal1,310.7520,266.0120,0.000555
FILLER_63_522,VSS,Metal1,299.6000,266.5600,0.000557
FILLER_63_511,VSS,Metal1,293.4400,266.5600,0.000574
FILLER_63_503,VSS,Metal1,290.1330,266.0980,0.000575
FILLER_63_489,VSS,Metal1,280.8400,266.5600,0.000577
FILLER_63_487,VSS,Metal1,280.0000,266.5600,0.000577
FILLER_63_444,VSS,Metal1,255.6400,266.5600,0.000579
FILLER_63_442,VSS,Metal1,254.8000,266.5600,0.000579
FILLER_63_438,VSS,Metal1,252.7400,266.2110,0.000579
FILLER_63_422,VSS,Metal1,246.9120,266.0120,0.000579
FILLER_63_418,VSS,Metal1,241.3600,266.5600,0.000579
FILLER_63_411,VSS,Metal1,237.1600,266.5600,0.000579
FILLER_63_409,VSS,Metal1,236.3200,266.5600,0.000579
FILLER_63_386,VSS,Metal1,223.6200,266.2110,0.000577
FILLER_63_378,VSS,Metal1,220.1330,266.0980,0.000576
FILLER_63_360,VSS,Metal1,209.0600,266.2110,0.000574
FILLER_63_352,VSS,Metal1,205.5730,266.0980,0.000569
FILLER_63_334,VSS,Metal1,197.6320,266.0120,0.000569
FILLER_63_322,VSS,Metal1,187.7800,266.2110,0.000562
FILLER_63_314,VSS,Metal1,184.2930,266.0980,0.000561
FILLER_63_282,VSS,Metal1,172.9240,265.9620,0.000557
FILLER_63_278,VSS,Metal1,162.9600,266.5600,0.000568
FILLER_63_266,VSS,Metal1,156.2400,266.5600,0.000570
FILLER_63_262,VSS,Metal1,154.1800,266.2110,0.000570
FILLER_63_200,VSS,Metal1,119.0000,266.5600,0.000569
FILLER_63_198,VSS,Metal1,118.1600,266.5600,0.000569
FILLER_63_190,VSS,Metal1,114.8530,266.0980,0.000569
FILLER_63_174,VSS,Metal1,108.0320,266.0120,0.000569
FILLER_63_142,VSS,Metal1,94.5240,265.9620,0.000563
FILLER_63_139,VSS,Metal1,84.8400,266.5600,0.000563
FILLER_63_137,VSS,Metal1,84.0000,266.5600,0.000562
FILLER_63_133,VSS,Metal1,81.9400,266.2110,0.000559
FILLER_63_124,VSS,Metal1,76.4400,266.5600,0.000550
FILLER_63_120,VSS,Metal1,74.6600,266.2110,0.000550
FILLER_63_104,VSS,Metal1,68.8320,266.0120,0.000549
FILLER_63_72,VSS,Metal1,55.3240,265.9620,0.000540
FILLER_63_66,VSS,Metal1,44.4200,266.2110,0.000539
FILLER_63_2,VSS,Metal1,25.0445,265.9220,0.000537
FILLER_62_693,VSS,Metal1,395.0800,258.7200,0.001174
FILLER_62_691,VSS,Metal1,394.2400,258.7200,0.001174
FILLER_62_683,VSS,Metal1,390.9330,259.1815,0.001174
FILLER_62_667,VSS,Metal1,384.1120,259.2680,0.001174
FILLER_62_661,VSS,Metal1,377.6200,259.0685,0.001174
FILLER_62_597,VSS,Metal1,358.2445,259.3575,0.001174
FILLER_62_594,VSS,Metal1,339.6400,258.7200,0.001174
FILLER_62_562,VSS,Metal1,329.7240,259.3175,0.001174
FILLER_62_527,VSS,Metal1,302.1200,258.7200,0.001196
FILLER_62_523,VSS,Metal1,300.1600,258.7200,0.001214
FILLER_62_465,VSS,Metal1,268.8530,259.1815,0.001234
FILLER_62_384,VSS,Metal1,222.0400,258.7200,0.001200
FILLER_62_376,VSS,Metal1,219.0130,259.1815,0.001200
FILLER_62_325,VSS,Metal1,189.0000,258.7200,0.001193
FILLER_62_317,VSS,Metal1,185.9730,259.1815,0.001193
FILLER_62_313,VSS,Metal1,182.5600,258.7200,0.001191
FILLER_62_309,VSS,Metal1,180.5000,259.0685,0.001191
FILLER_62_301,VSS,Metal1,177.0130,259.1815,0.001193
FILLER_62_263,VSS,Metal1,154.7400,259.0685,0.001188
FILLER_62_247,VSS,Metal1,148.9120,259.2680,0.001187
FILLER_62_225,VSS,Metal1,133.2800,258.7200,0.001174
FILLER_62_209,VSS,Metal1,127.6320,259.2680,0.001174
FILLER_62_177,VSS,Metal1,114.1240,259.3175,0.001170
FILLER_62_173,VSS,Metal1,104.1600,258.7200,0.001154
FILLER_62_165,VSS,Metal1,100.8530,259.1815,0.001154
FILLER_62_159,VSS,Metal1,96.0400,258.7200,0.001149
FILLER_62_157,VSS,Metal1,95.2000,258.7200,0.001132
FILLER_62_141,VSS,Metal1,89.5520,259.2680,0.001104
FILLER_62_121,VSS,Metal1,75.2200,259.0685,0.001096
FILLER_62_115,VSS,Metal1,71.4000,258.7200,0.001096
FILLER_62_107,VSS,Metal1,67.2000,258.7200,0.001096
FILLER_62_104,VSS,Metal1,65.2400,258.7200,0.001096
FILLER_62_100,VSS,Metal1,63.4600,259.0685,0.001096
FILLER_62_84,VSS,Metal1,57.6320,259.2680,0.001060
FILLER_62_49,VSS,Metal1,34.4400,258.7200,0.001046
FILLER_62_45,VSS,Metal1,32.6600,259.0685,0.001045
FILLER_62_37,VSS,Metal1,29.1730,259.1815,0.001045
FILLER_62_34,VSS,Metal1,26.0400,258.7200,0.001033
FILLER_62_32,VSS,Metal1,25.2000,258.7200,0.001034
FILLER_62_16,VSS,Metal1,19.5520,259.2680,0.001034
FILLER_61_692,VSS,Metal1,394.8000,258.7200,0.001174
FILLER_61_688,VSS,Metal1,392.7400,258.3710,0.001174
FILLER_61_680,VSS,Metal1,389.2530,258.2580,0.001174
FILLER_61_664,VSS,Metal1,382.4320,258.1720,0.001174
FILLER_61_632,VSS,Metal1,368.9240,258.1220,0.001174
FILLER_61_626,VSS,Metal1,358.0200,258.3710,0.001174
FILLER_61_562,VSS,Metal1,338.6445,258.0820,0.001174
FILLER_61_558,VSS,Metal1,319.7600,258.7200,0.001196
FILLER_61_526,VSS,Metal1,309.5640,258.1220,0.001196
FILLER_61_488,VSS,Metal1,280.5600,258.7200,0.001216
FILLER_61_419,VSS,Metal1,241.6400,258.7200,0.001225
FILLER_61_417,VSS,Metal1,240.8000,258.7200,0.001224
FILLER_61_408,VSS,Metal1,235.4800,258.7200,0.001224
FILLER_61_392,VSS,Metal1,230.1120,258.1720,0.001224
FILLER_61_356,VSS,Metal1,206.6400,258.7200,0.001200
FILLER_61_352,VSS,Metal1,204.5800,258.3710,0.001200
FILLER_61_349,VSS,Metal1,202.4400,258.7200,0.001200
FILLER_61_345,VSS,Metal1,200.6600,258.3710,0.001200
FILLER_61_337,VSS,Metal1,197.1730,258.2580,0.001200
FILLER_61_302,VSS,Metal1,176.1200,258.7200,0.001193
FILLER_61_298,VSS,Metal1,174.3400,258.3710,0.001193
FILLER_61_282,VSS,Metal1,168.5120,258.1720,0.001192
FILLER_61_279,VSS,Metal1,163.2400,258.7200,0.001192
FILLER_61_277,VSS,Metal1,162.4000,258.7200,0.001192
FILLER_61_268,VSS,Metal1,157.0800,258.7200,0.001188
FILLER_61_266,VSS,Metal1,156.2400,258.7200,0.001188
FILLER_61_258,VSS,Metal1,152.9330,258.2580,0.001187
FILLER_61_242,VSS,Metal1,146.1120,258.1720,0.001187
FILLER_61_228,VSS,Metal1,136.1330,258.2580,0.001178
FILLER_61_212,VSS,Metal1,129.3120,258.1720,0.001174
FILLER_61_160,VSS,Metal1,96.8800,258.7200,0.001149
FILLER_61_146,VSS,Metal1,88.7600,258.7200,0.001104
FILLER_61_142,VSS,Metal1,86.9800,258.3710,0.001104
FILLER_61_96,VSS,Metal1,61.0400,258.7200,0.001061
FILLER_61_80,VSS,Metal1,55.3920,258.1720,0.001060
FILLER_61_69,VSS,Metal1,45.6400,258.7200,0.001059
FILLER_61_67,VSS,Metal1,44.8000,258.7200,0.001059
FILLER_61_51,VSS,Metal1,39.1520,258.1720,0.001058
FILLER_60_693,VSS,Metal1,395.0800,250.8800,0.000651
FILLER_60_691,VSS,Metal1,394.2400,250.8800,0.000651
FILLER_60_683,VSS,Metal1,390.9330,251.3415,0.000651
FILLER_60_667,VSS,Metal1,384.1120,251.4280,0.000651
FILLER_60_661,VSS,Metal1,377.6200,251.2285,0.000651
FILLER_60_597,VSS,Metal1,358.2445,251.5175,0.000651
FILLER_60_591,VSS,Metal1,338.4200,251.2285,0.000651
FILLER_60_527,VSS,Metal1,319.0445,251.5175,0.000650
FILLER_60_521,VSS,Metal1,299.2200,251.2285,0.000652
FILLER_60_457,VSS,Metal1,279.8445,251.5175,0.000653
FILLER_60_451,VSS,Metal1,260.0200,251.2285,0.000654
FILLER_60_387,VSS,Metal1,240.6445,251.5175,0.000654
FILLER_60_381,VSS,Metal1,220.8200,251.2285,0.000654
FILLER_60_317,VSS,Metal1,201.4445,251.5175,0.000654
FILLER_60_299,VSS,Metal1,174.4400,250.8800,0.000682
FILLER_60_295,VSS,Metal1,172.6600,251.2285,0.000682
FILLER_60_279,VSS,Metal1,166.8320,251.4280,0.000685
FILLER_60_247,VSS,Metal1,153.3240,251.4775,0.000701
FILLER_60_243,VSS,Metal1,143.3600,250.8800,0.000709
FILLER_60_239,VSS,Metal1,141.3000,251.2285,0.000709
FILLER_60_231,VSS,Metal1,137.8130,251.3415,0.000709
FILLER_60_215,VSS,Metal1,130.9920,251.4280,0.000709
FILLER_60_204,VSS,Metal1,121.5200,250.8800,0.000728
FILLER_60_198,VSS,Metal1,117.8800,250.8800,0.000762
FILLER_60_194,VSS,Metal1,116.1000,251.2285,0.000762
FILLER_60_183,VSS,Metal1,109.4800,250.8800,0.000771
FILLER_60_181,VSS,Metal1,108.6400,250.8800,0.000771
FILLER_60_177,VSS,Metal1,106.5800,251.2285,0.000771
FILLER_60_167,VSS,Metal1,101.9730,251.3415,0.000771
FILLER_60_132,VSS,Metal1,80.9200,250.8800,0.000778
FILLER_60_128,VSS,Metal1,79.1400,251.2285,0.000779
FILLER_60_115,VSS,Metal1,71.6800,250.8800,0.000779
FILLER_60_55,VSS,Metal1,37.8000,250.8800,0.000801
FILLER_60_53,VSS,Metal1,36.9600,250.8800,0.000801
FILLER_60_37,VSS,Metal1,31.3120,251.4280,0.000801
FILLER_60_4,VSS,Metal1,9.2400,250.8800,0.000803
FILLER_60_2,VSS,Metal1,8.4000,250.8800,0.000803
FILLER_59_692,VSS,Metal1,394.8000,250.8800,0.000651
FILLER_59_688,VSS,Metal1,392.7400,250.5310,0.000651
FILLER_59_680,VSS,Metal1,389.2530,250.4180,0.000651
FILLER_59_664,VSS,Metal1,382.4320,250.3320,0.000651
FILLER_59_632,VSS,Metal1,368.9240,250.2820,0.000651
FILLER_59_578,VSS,Metal1,330.9600,250.8800,0.000650
FILLER_59_562,VSS,Metal1,325.3120,250.3320,0.000650
FILLER_59_544,VSS,Metal1,311.6400,250.8800,0.000650
FILLER_59_540,VSS,Metal1,309.8600,250.5310,0.000650
FILLER_59_524,VSS,Metal1,304.0320,250.3320,0.000650
FILLER_59_492,VSS,Metal1,290.5240,250.2820,0.000653
FILLER_59_488,VSS,Metal1,280.5600,250.8800,0.000653
FILLER_59_480,VSS,Metal1,277.2530,250.4180,0.000653
FILLER_59_464,VSS,Metal1,270.4320,250.3320,0.000653
FILLER_59_422,VSS,Metal1,244.7730,250.4180,0.000654
FILLER_59_416,VSS,Metal1,240.4200,250.5310,0.000654
FILLER_59_352,VSS,Metal1,221.0445,250.2420,0.000654
FILLER_59_330,VSS,Metal1,192.2600,250.5310,0.000654
FILLER_59_322,VSS,Metal1,188.7730,250.4180,0.000654
FILLER_59_298,VSS,Metal1,173.8800,250.8800,0.000682
FILLER_59_282,VSS,Metal1,168.5120,250.3320,0.000685
FILLER_59_278,VSS,Metal1,162.9600,250.8800,0.000700
FILLER_59_258,VSS,Metal1,151.4800,250.8800,0.000701
FILLER_59_256,VSS,Metal1,150.6400,250.8800,0.000701
FILLER_59_248,VSS,Metal1,147.3330,250.4180,0.000701
FILLER_59_209,VSS,Metal1,124.0400,250.8800,0.000709
FILLER_59_207,VSS,Metal1,123.2000,250.8800,0.000728
FILLER_59_203,VSS,Metal1,121.1400,250.5310,0.000728
FILLER_59_187,VSS,Metal1,115.3120,250.3320,0.000762
FILLER_59_155,VSS,Metal1,101.8040,250.2820,0.000771
FILLER_59_142,VSS,Metal1,87.9730,250.4180,0.000771
FILLER_59_138,VSS,Metal1,84.5600,250.8800,0.000771
FILLER_59_134,VSS,Metal1,82.5000,250.5310,0.000772
FILLER_59_102,VSS,Metal1,72.1240,250.2820,0.000779
FILLER_59_94,VSS,Metal1,59.6400,250.8800,0.000802
FILLER_59_78,VSS,Metal1,50.6800,250.8800,0.000802
FILLER_59_76,VSS,Metal1,49.8400,250.8800,0.000802
FILLER_59_72,VSS,Metal1,47.7800,250.5310,0.000802
FILLER_59_16,VSS,Metal1,16.4200,250.5310,0.000803
FILLER_59_8,VSS,Metal1,12.9330,250.4180,0.000803
FILLER_58_693,VSS,Metal1,395.0800,243.0400,0.000525
FILLER_58_691,VSS,Metal1,394.2400,243.0400,0.000525
FILLER_58_683,VSS,Metal1,390.9330,243.5015,0.000525
FILLER_58_667,VSS,Metal1,384.1120,243.5880,0.000525
FILLER_58_663,VSS,Metal1,378.5600,243.0400,0.000525
FILLER_58_647,VSS,Metal1,372.9120,243.5880,0.000525
FILLER_58_612,VSS,Metal1,349.7200,243.0400,0.000523
FILLER_58_593,VSS,Metal1,339.3600,243.0400,0.000522
FILLER_58_589,VSS,Metal1,337.3000,243.3885,0.000522
FILLER_58_539,VSS,Metal1,308.8400,243.0400,0.000531
FILLER_58_535,VSS,Metal1,307.0600,243.3885,0.000531
FILLER_58_527,VSS,Metal1,303.5730,243.5015,0.000531
FILLER_58_509,VSS,Metal1,295.6320,243.5880,0.000531
FILLER_58_477,VSS,Metal1,282.1240,243.6375,0.000531
FILLER_58_457,VSS,Metal1,263.3800,243.3885,0.000536
FILLER_58_454,VSS,Metal1,261.2400,243.0400,0.000552
FILLER_58_452,VSS,Metal1,260.4000,243.0400,0.000552
FILLER_58_448,VSS,Metal1,258.3400,243.3885,0.000553
FILLER_58_439,VSS,Metal1,252.8400,243.0400,0.000555
FILLER_58_435,VSS,Metal1,251.0600,243.3885,0.000555
FILLER_58_419,VSS,Metal1,245.2320,243.5880,0.000558
FILLER_58_387,VSS,Metal1,231.7240,243.6375,0.000562
FILLER_58_384,VSS,Metal1,222.0400,243.0400,0.000562
FILLER_58_382,VSS,Metal1,221.2000,243.0400,0.000562
FILLER_58_378,VSS,Metal1,219.1400,243.3885,0.000562
FILLER_58_362,VSS,Metal1,213.3120,243.5880,0.000562
FILLER_58_319,VSS,Metal1,185.6400,243.0400,0.000551
FILLER_58_317,VSS,Metal1,184.8000,243.0400,0.000551
FILLER_58_311,VSS,Metal1,181.6200,243.3885,0.000545
FILLER_58_303,VSS,Metal1,178.1330,243.5015,0.000544
FILLER_58_279,VSS,Metal1,164.6930,243.5015,0.000548
FILLER_58_268,VSS,Metal1,157.3600,243.0400,0.000555
FILLER_58_251,VSS,Metal1,147.8400,243.0400,0.000555
FILLER_58_247,VSS,Metal1,145.7800,243.3885,0.000555
FILLER_58_244,VSS,Metal1,143.6400,243.0400,0.000555
FILLER_58_242,VSS,Metal1,142.8000,243.0400,0.000555
FILLER_58_234,VSS,Metal1,139.4930,243.5015,0.000555
FILLER_58_192,VSS,Metal1,114.5200,243.0400,0.000535
FILLER_58_190,VSS,Metal1,113.6800,243.0400,0.000535
FILLER_58_177,VSS,Metal1,107.5730,243.5015,0.000531
FILLER_58_174,VSS,Metal1,104.4400,243.0400,0.000524
FILLER_58_166,VSS,Metal1,101.4130,243.5015,0.000523
FILLER_58_159,VSS,Metal1,96.3200,243.0400,0.000523
FILLER_58_155,VSS,Metal1,94.2600,243.3885,0.000517
FILLER_58_139,VSS,Metal1,88.4320,243.5880,0.000509
FILLER_58_107,VSS,Metal1,74.9240,243.6375,0.000502
FILLER_58_101,VSS,Metal1,64.0200,243.3885,0.000502
FILLER_58_37,VSS,Metal1,44.6445,243.6775,0.000502
FILLER_58_34,VSS,Metal1,26.0400,243.0400,0.000501
FILLER_58_2,VSS,Metal1,16.1240,243.6375,0.000501
FILLER_57_692,VSS,Metal1,394.8000,243.0400,0.000525
FILLER_57_688,VSS,Metal1,392.7400,242.6910,0.000525
FILLER_57_680,VSS,Metal1,389.2530,242.5780,0.000525
FILLER_57_664,VSS,Metal1,382.4320,242.4920,0.000525
FILLER_57_632,VSS,Metal1,368.9240,242.4420,0.000525
FILLER_57_629,VSS,Metal1,359.2400,243.0400,0.000525
FILLER_57_625,VSS,Metal1,357.4600,242.6910,0.000525
FILLER_57_608,VSS,Metal1,347.4800,243.0400,0.000522
FILLER_57_570,VSS,Metal1,326.4800,243.0400,0.000529
FILLER_57_562,VSS,Metal1,323.1730,242.5780,0.000529
FILLER_57_558,VSS,Metal1,319.7600,243.0400,0.000529
FILLER_57_554,VSS,Metal1,317.7000,242.6910,0.000529
FILLER_57_546,VSS,Metal1,314.2130,242.5780,0.000529
FILLER_57_494,VSS,Metal1,283.6400,243.0400,0.000531
FILLER_57_492,VSS,Metal1,282.8000,243.0400,0.000531
FILLER_57_489,VSS,Metal1,280.8400,243.0400,0.000531
FILLER_57_473,VSS,Metal1,275.4720,242.4920,0.000531
FILLER_57_461,VSS,Metal1,265.1600,243.0400,0.000536
FILLER_57_459,VSS,Metal1,264.3200,243.0400,0.000536
FILLER_57_451,VSS,Metal1,261.0130,242.5780,0.000552
FILLER_57_430,VSS,Metal1,248.2600,242.6910,0.000558
FILLER_57_422,VSS,Metal1,244.7730,242.5780,0.000558
FILLER_57_419,VSS,Metal1,241.6400,243.0400,0.000558
FILLER_57_417,VSS,Metal1,240.8000,243.0400,0.000561
FILLER_57_413,VSS,Metal1,238.7400,242.6910,0.000562
FILLER_57_405,VSS,Metal1,235.2530,242.5780,0.000562
FILLER_57_368,VSS,Metal1,213.0800,243.0400,0.000562
FILLER_57_352,VSS,Metal1,207.7120,242.4920,0.000562
FILLER_57_349,VSS,Metal1,202.4400,243.0400,0.000562
FILLER_57_347,VSS,Metal1,201.6000,243.0400,0.000562
FILLER_57_298,VSS,Metal1,177.4720,242.4920,0.000544
FILLER_57_290,VSS,Metal1,169.6800,243.0400,0.000548
FILLER_57_282,VSS,Metal1,166.3730,242.5780,0.000548
FILLER_57_279,VSS,Metal1,163.2400,243.0400,0.000548
FILLER_57_277,VSS,Metal1,162.4000,243.0400,0.000550
FILLER_57_268,VSS,Metal1,157.0800,243.0400,0.000555
FILLER_57_232,VSS,Metal1,137.2000,243.0400,0.000556
FILLER_57_228,VSS,Metal1,135.1400,242.6910,0.000556
FILLER_57_220,VSS,Metal1,131.6530,242.5780,0.000557
FILLER_57_199,VSS,Metal1,118.4400,243.0400,0.000557
FILLER_57_195,VSS,Metal1,116.6600,242.6910,0.000556
FILLER_57_187,VSS,Metal1,113.1730,242.5780,0.000535
FILLER_57_154,VSS,Metal1,93.2400,243.0400,0.000510
FILLER_57_150,VSS,Metal1,91.4600,242.6910,0.000510
FILLER_57_142,VSS,Metal1,87.9730,242.5780,0.000509
FILLER_57_136,VSS,Metal1,83.6200,242.6910,0.000504
FILLER_57_72,VSS,Metal1,64.2445,242.4020,0.000502
FILLER_57_66,VSS,Metal1,44.4200,242.6910,0.000502
FILLER_57_50,VSS,Metal1,38.5920,242.4920,0.000502
FILLER_57_14,VSS,Metal1,15.1200,243.0400,0.000501
FILLER_57_10,VSS,Metal1,13.0600,242.6910,0.000501
FILLER_57_2,VSS,Metal1,9.5730,242.5780,0.000501
FILLER_56_693,VSS,Metal1,395.0800,235.2000,0.000558
FILLER_56_691,VSS,Metal1,394.2400,235.2000,0.000558
FILLER_56_683,VSS,Metal1,390.9330,235.6615,0.000558
FILLER_56_667,VSS,Metal1,384.1120,235.7480,0.000558
FILLER_56_661,VSS,Metal1,377.6200,235.5485,0.000558
FILLER_56_645,VSS,Metal1,371.7920,235.7480,0.000558
FILLER_56_597,VSS,Metal1,342.7730,235.6615,0.000558
FILLER_56_591,VSS,Metal1,338.4200,235.5485,0.000558
FILLER_56_527,VSS,Metal1,319.0445,235.8375,0.000558
FILLER_56_524,VSS,Metal1,300.4400,235.2000,0.000560
FILLER_56_522,VSS,Metal1,299.6000,235.2000,0.000560
FILLER_56_514,VSS,Metal1,296.2930,235.6615,0.000560
FILLER_56_498,VSS,Metal1,285.8800,235.2000,0.000561
FILLER_56_462,VSS,Metal1,266.0000,235.2000,0.000562
FILLER_56_453,VSS,Metal1,260.9600,235.2000,0.000588
FILLER_56_438,VSS,Metal1,252.2800,235.2000,0.000630
FILLER_56_403,VSS,Metal1,232.6800,235.2000,0.000631
FILLER_56_395,VSS,Metal1,229.6530,235.6615,0.000631
FILLER_56_376,VSS,Metal1,217.5600,235.2000,0.000636
FILLER_56_360,VSS,Metal1,212.1920,235.7480,0.000637
FILLER_56_348,VSS,Metal1,201.8800,235.2000,0.000750
FILLER_56_346,VSS,Metal1,201.0400,235.2000,0.000750
FILLER_56_340,VSS,Metal1,197.4000,235.2000,0.000754
FILLER_56_338,VSS,Metal1,196.5600,235.2000,0.000754
FILLER_56_329,VSS,Metal1,191.2400,235.2000,0.000754
FILLER_56_325,VSS,Metal1,189.4600,235.5485,0.000755
FILLER_56_317,VSS,Metal1,185.9730,235.6615,0.000756
FILLER_56_313,VSS,Metal1,182.5600,235.2000,0.000757
FILLER_56_309,VSS,Metal1,180.5000,235.5485,0.000757
FILLER_56_277,VSS,Metal1,170.1240,235.7975,0.000757
FILLER_56_269,VSS,Metal1,157.6400,235.2000,0.000783
FILLER_56_267,VSS,Metal1,156.8000,235.2000,0.000783
FILLER_56_263,VSS,Metal1,154.7400,235.5485,0.000784
FILLER_56_247,VSS,Metal1,148.9120,235.7480,0.000784
FILLER_56_244,VSS,Metal1,143.6400,235.2000,0.000785
FILLER_56_242,VSS,Metal1,142.8000,235.2000,0.000785
FILLER_56_238,VSS,Metal1,140.7400,235.5485,0.000785
FILLER_56_187,VSS,Metal1,111.7200,235.2000,0.000786
FILLER_56_185,VSS,Metal1,110.8800,235.2000,0.000786
FILLER_56_177,VSS,Metal1,107.5730,235.6615,0.000786
FILLER_56_173,VSS,Metal1,104.1600,235.2000,0.000787
FILLER_56_160,VSS,Metal1,96.6000,235.2000,0.000804
FILLER_56_125,VSS,Metal1,77.0000,235.2000,0.000810
FILLER_56_123,VSS,Metal1,76.1600,235.2000,0.000810
FILLER_56_111,VSS,Metal1,69.1600,235.2000,0.000810
FILLER_56_107,VSS,Metal1,67.3800,235.5485,0.000810
FILLER_56_104,VSS,Metal1,65.2400,235.2000,0.000810
FILLER_56_102,VSS,Metal1,64.4000,235.2000,0.000810
FILLER_56_98,VSS,Metal1,62.3400,235.5485,0.000810
FILLER_56_82,VSS,Metal1,56.5120,235.7480,0.000810
FILLER_56_47,VSS,Metal1,33.3200,235.2000,0.000806
FILLER_56_45,VSS,Metal1,32.4800,235.2000,0.000806
FILLER_56_37,VSS,Metal1,29.1730,235.6615,0.000806
FILLER_56_33,VSS,Metal1,25.7600,235.2000,0.000800
FILLER_56_29,VSS,Metal1,23.7000,235.5485,0.000801
FILLER_56_20,VSS,Metal1,18.2000,235.2000,0.000801
FILLER_56_18,VSS,Metal1,17.3600,235.2000,0.000801
FILLER_56_2,VSS,Metal1,11.7120,235.7480,0.000801
FILLER_55_692,VSS,Metal1,394.8000,235.2000,0.000558
FILLER_55_688,VSS,Metal1,392.7400,234.8510,0.000558
FILLER_55_680,VSS,Metal1,389.2530,234.7380,0.000558
FILLER_55_664,VSS,Metal1,382.4320,234.6520,0.000558
FILLER_55_632,VSS,Metal1,368.9240,234.6020,0.000558
FILLER_55_580,VSS,Metal1,331.8000,235.2000,0.000558
FILLER_55_578,VSS,Metal1,330.9600,235.2000,0.000558
FILLER_55_562,VSS,Metal1,325.3120,234.6520,0.000558
FILLER_55_544,VSS,Metal1,315.2320,234.6520,0.000558
FILLER_55_508,VSS,Metal1,291.7600,235.2000,0.000560
FILLER_55_492,VSS,Metal1,286.1120,234.6520,0.000561
FILLER_55_489,VSS,Metal1,280.8400,235.2000,0.000561
FILLER_55_485,VSS,Metal1,279.0600,234.8510,0.000561
FILLER_55_477,VSS,Metal1,275.5730,234.7380,0.000561
FILLER_55_461,VSS,Metal1,268.7520,234.6520,0.000562
FILLER_55_448,VSS,Metal1,258.1600,235.2000,0.000609
FILLER_55_426,VSS,Metal1,245.8400,235.2000,0.000630
FILLER_55_422,VSS,Metal1,243.7800,234.8510,0.000630
FILLER_55_419,VSS,Metal1,241.6400,235.2000,0.000630
FILLER_55_417,VSS,Metal1,240.8000,235.2000,0.000631
FILLER_55_379,VSS,Metal1,219.5200,235.2000,0.000631
FILLER_55_361,VSS,Metal1,212.7520,234.6520,0.000636
FILLER_55_344,VSS,Metal1,199.6400,235.2000,0.000750
FILLER_55_322,VSS,Metal1,187.6000,235.2000,0.000756
FILLER_55_314,VSS,Metal1,184.2930,234.7380,0.000756
FILLER_55_282,VSS,Metal1,172.9240,234.6020,0.000757
FILLER_55_279,VSS,Metal1,163.2400,235.2000,0.000758
FILLER_55_277,VSS,Metal1,162.4000,235.2000,0.000758
FILLER_55_255,VSS,Metal1,153.3920,234.6520,0.000784
FILLER_55_223,VSS,Metal1,139.8840,234.6020,0.000785
FILLER_55_214,VSS,Metal1,126.8400,235.2000,0.000786
FILLER_55_212,VSS,Metal1,126.0000,235.2000,0.000786
FILLER_55_208,VSS,Metal1,123.7600,235.2000,0.000786
FILLER_55_176,VSS,Metal1,113.5640,234.6020,0.000786
FILLER_55_170,VSS,Metal1,102.2000,235.2000,0.000796
FILLER_55_168,VSS,Metal1,101.3600,235.2000,0.000796
FILLER_55_152,VSS,Metal1,92.5800,234.8510,0.000804
FILLER_55_146,VSS,Metal1,88.7600,235.2000,0.000806
FILLER_55_142,VSS,Metal1,86.9800,234.8510,0.000806
FILLER_55_139,VSS,Metal1,84.8400,235.2000,0.000806
FILLER_55_131,VSS,Metal1,81.8130,234.7380,0.000806
FILLER_55_124,VSS,Metal1,76.7200,235.2000,0.000810
FILLER_55_89,VSS,Metal1,56.8400,235.2000,0.000810
FILLER_55_87,VSS,Metal1,56.0000,235.2000,0.000810
FILLER_55_51,VSS,Metal1,36.0200,234.8510,0.000810
FILLER_54_693,VSS,Metal1,395.0800,227.3600,0.000726
FILLER_54_691,VSS,Metal1,394.2400,227.3600,0.000726
FILLER_54_683,VSS,Metal1,390.9330,227.8215,0.000726
FILLER_54_667,VSS,Metal1,384.1120,227.9080,0.000726
FILLER_54_657,VSS,Metal1,376.3730,227.8215,0.000726
FILLER_54_619,VSS,Metal1,354.1000,227.7085,0.000726
FILLER_54_611,VSS,Metal1,350.6130,227.8215,0.000726
FILLER_54_608,VSS,Metal1,347.4800,227.3600,0.000725
FILLER_54_601,VSS,Metal1,343.5600,227.3600,0.000725
FILLER_54_597,VSS,Metal1,341.7800,227.7085,0.000725
FILLER_54_594,VSS,Metal1,339.6400,227.3600,0.000725
FILLER_54_575,VSS,Metal1,329.4600,227.7085,0.000733
FILLER_54_527,VSS,Metal1,305.7120,227.9080,0.000751
FILLER_54_524,VSS,Metal1,300.4400,227.3600,0.000751
FILLER_54_522,VSS,Metal1,299.6000,227.3600,0.000751
FILLER_54_518,VSS,Metal1,297.5400,227.7085,0.000755
FILLER_54_502,VSS,Metal1,291.7120,227.9080,0.000767
FILLER_54_489,VSS,Metal1,282.2930,227.8215,0.000787
FILLER_54_457,VSS,Metal1,270.9240,227.9575,0.000797
FILLER_54_447,VSS,Metal1,258.7730,227.8215,0.000804
FILLER_54_437,VSS,Metal1,251.7200,227.3600,0.000805
FILLER_54_435,VSS,Metal1,250.8800,227.3600,0.000805
FILLER_54_419,VSS,Metal1,245.2320,227.9080,0.000805
FILLER_54_387,VSS,Metal1,231.7240,227.9575,0.000813
FILLER_54_331,VSS,Metal1,192.8200,227.7085,0.000808
FILLER_54_321,VSS,Metal1,186.7600,227.3600,0.000802
FILLER_54_317,VSS,Metal1,184.9800,227.7085,0.000802
FILLER_54_279,VSS,Metal1,163.5200,227.3600,0.000820
FILLER_54_247,VSS,Metal1,153.3240,227.9575,0.000820
FILLER_54_193,VSS,Metal1,115.0800,227.3600,0.000814
FILLER_54_177,VSS,Metal1,109.7120,227.9080,0.000814
FILLER_54_174,VSS,Metal1,104.4400,227.3600,0.000813
FILLER_54_172,VSS,Metal1,103.6000,227.3600,0.000813
FILLER_54_164,VSS,Metal1,100.2930,227.8215,0.000813
FILLER_54_148,VSS,Metal1,93.4720,227.9080,0.000813
FILLER_54_116,VSS,Metal1,79.9640,227.9575,0.000809
FILLER_54_103,VSS,Metal1,64.9600,227.3600,0.000799
FILLER_54_96,VSS,Metal1,61.0400,227.3600,0.000799
FILLER_54_92,VSS,Metal1,58.9800,227.7085,0.000799
FILLER_54_57,VSS,Metal1,38.9200,227.3600,0.000767
FILLER_54_53,VSS,Metal1,37.1400,227.7085,0.000767
FILLER_54_37,VSS,Metal1,31.3120,227.9080,0.000767
FILLER_54_33,VSS,Metal1,25.7600,227.3600,0.000762
FILLER_54_2,VSS,Metal1,8.1200,227.3600,0.000764
FILLER_53_693,VSS,Metal1,395.0800,227.3600,0.000726
FILLER_53_691,VSS,Metal1,394.2400,227.3600,0.000726
FILLER_53_687,VSS,Metal1,392.1800,227.0110,0.000726
FILLER_53_679,VSS,Metal1,388.6930,226.8980,0.000726
FILLER_53_647,VSS,Metal1,377.3240,226.7620,0.000726
FILLER_53_628,VSS,Metal1,358.9600,227.3600,0.000726
FILLER_53_574,VSS,Metal1,328.7200,227.3600,0.000744
FILLER_53_570,VSS,Metal1,326.6600,227.0110,0.000745
FILLER_53_562,VSS,Metal1,323.1730,226.8980,0.000745
FILLER_53_552,VSS,Metal1,317.5730,226.8980,0.000745
FILLER_53_517,VSS,Metal1,296.5200,227.3600,0.000766
FILLER_53_501,VSS,Metal1,291.1520,226.8120,0.000767
FILLER_53_492,VSS,Metal1,282.5200,227.3600,0.000787
FILLER_53_482,VSS,Metal1,276.9200,227.3600,0.000797
FILLER_53_478,VSS,Metal1,275.1400,227.0110,0.000797
FILLER_53_470,VSS,Metal1,271.6530,226.8980,0.000797
FILLER_53_454,VSS,Metal1,264.8320,226.8120,0.000797
FILLER_53_422,VSS,Metal1,251.3240,226.7620,0.000805
FILLER_53_419,VSS,Metal1,241.6400,227.3600,0.000805
FILLER_53_415,VSS,Metal1,239.8600,227.0110,0.000813
FILLER_53_410,VSS,Metal1,236.6000,227.3600,0.000813
FILLER_53_402,VSS,Metal1,233.5730,226.8980,0.000813
FILLER_53_370,VSS,Metal1,222.2040,226.7620,0.000814
FILLER_53_352,VSS,Metal1,204.4000,227.3600,0.000814
FILLER_53_349,VSS,Metal1,202.4400,227.3600,0.000814
FILLER_53_347,VSS,Metal1,201.6000,227.3600,0.000814
FILLER_53_342,VSS,Metal1,198.5200,227.3600,0.000814
FILLER_53_338,VSS,Metal1,196.7400,227.0110,0.000814
FILLER_53_330,VSS,Metal1,193.2530,226.8980,0.000808
FILLER_53_298,VSS,Metal1,181.8840,226.7620,0.000802
FILLER_53_279,VSS,Metal1,163.2400,227.3600,0.000820
FILLER_53_277,VSS,Metal1,162.4000,227.3600,0.000820
FILLER_53_273,VSS,Metal1,160.3400,227.0110,0.000820
FILLER_53_214,VSS,Metal1,126.8400,227.3600,0.000821
FILLER_53_212,VSS,Metal1,126.0000,227.3600,0.000821
FILLER_53_208,VSS,Metal1,123.7600,227.3600,0.000815
FILLER_53_176,VSS,Metal1,113.5640,226.7620,0.000814
FILLER_53_154,VSS,Metal1,93.2400,227.3600,0.000813
FILLER_53_150,VSS,Metal1,91.4600,227.0110,0.000813
FILLER_53_142,VSS,Metal1,87.9730,226.8980,0.000810
FILLER_53_136,VSS,Metal1,83.6200,227.0110,0.000809
FILLER_53_126,VSS,Metal1,77.8400,227.3600,0.000809
FILLER_53_122,VSS,Metal1,75.7800,227.0110,0.000809
FILLER_53_114,VSS,Metal1,72.2930,226.8980,0.000809
FILLER_53_108,VSS,Metal1,67.4800,227.3600,0.000807
FILLER_53_104,VSS,Metal1,65.7000,227.0110,0.000805
FILLER_53_72,VSS,Metal1,55.3240,226.7620,0.000799
FILLER_53_68,VSS,Metal1,45.3600,227.3600,0.000798
FILLER_53_60,VSS,Metal1,42.0530,226.8980,0.000798
FILLER_53_44,VSS,Metal1,35.2320,226.8120,0.000767
FILLER_53_2,VSS,Metal1,9.5730,226.8980,0.000764
FILLER_52_681,VSS,Metal1,388.3600,219.5200,0.000819
FILLER_52_679,VSS,Metal1,387.5200,219.5200,0.000818
FILLER_52_675,VSS,Metal1,385.4600,219.8685,0.000818
FILLER_52_667,VSS,Metal1,381.9730,219.9815,0.000798
FILLER_52_663,VSS,Metal1,378.5600,219.5200,0.000797
FILLER_52_655,VSS,Metal1,375.2530,219.9815,0.000797
FILLER_52_593,VSS,Metal1,339.3600,219.5200,0.000760
FILLER_52_589,VSS,Metal1,337.3000,219.8685,0.000760
FILLER_52_581,VSS,Metal1,333.8130,219.9815,0.000760
FILLER_52_546,VSS,Metal1,312.7600,219.5200,0.000760
FILLER_52_542,VSS,Metal1,310.9800,219.8685,0.000760
FILLER_52_524,VSS,Metal1,300.4400,219.5200,0.000760
FILLER_52_520,VSS,Metal1,298.6600,219.8685,0.000760
FILLER_52_504,VSS,Metal1,292.8320,220.0680,0.000760
FILLER_52_467,VSS,Metal1,276.5240,220.1175,0.000751
FILLER_52_461,VSS,Metal1,265.1600,219.5200,0.000751
FILLER_52_457,VSS,Metal1,263.3800,219.8685,0.000751
FILLER_52_449,VSS,Metal1,258.4400,219.5200,0.000743
FILLER_52_447,VSS,Metal1,257.6000,219.5200,0.000737
FILLER_52_443,VSS,Metal1,255.5400,219.8685,0.000737
FILLER_52_435,VSS,Metal1,252.0530,219.9815,0.000736
FILLER_52_419,VSS,Metal1,245.2320,220.0680,0.000735
FILLER_52_387,VSS,Metal1,231.7240,220.1175,0.000731
FILLER_52_384,VSS,Metal1,222.0400,219.5200,0.000730
FILLER_52_382,VSS,Metal1,221.2000,219.5200,0.000730
FILLER_52_366,VSS,Metal1,215.5520,220.0680,0.000726
FILLER_52_331,VSS,Metal1,192.3600,219.5200,0.000721
FILLER_52_329,VSS,Metal1,191.5200,219.5200,0.000721
FILLER_52_325,VSS,Metal1,189.4600,219.8685,0.000721
FILLER_52_317,VSS,Metal1,185.9730,219.9815,0.000714
FILLER_52_311,VSS,Metal1,181.6200,219.8685,0.000713
FILLER_52_303,VSS,Metal1,176.9600,219.5200,0.000718
FILLER_52_295,VSS,Metal1,173.6530,219.9815,0.000719
FILLER_52_284,VSS,Metal1,166.0400,219.5200,0.000721
FILLER_52_280,VSS,Metal1,164.2600,219.8685,0.000723
FILLER_52_272,VSS,Metal1,160.7730,219.9815,0.000731
FILLER_52_247,VSS,Metal1,146.7730,219.9815,0.000735
FILLER_52_244,VSS,Metal1,143.6400,219.5200,0.000735
FILLER_52_242,VSS,Metal1,142.8000,219.5200,0.000741
FILLER_52_234,VSS,Metal1,139.4930,219.9815,0.000741
FILLER_52_209,VSS,Metal1,124.3200,219.5200,0.000743
FILLER_52_205,VSS,Metal1,122.2600,219.8685,0.000743
FILLER_52_189,VSS,Metal1,116.4320,220.0680,0.000743
FILLER_52_177,VSS,Metal1,106.4000,219.5200,0.000743
FILLER_52_161,VSS,Metal1,97.4400,219.5200,0.000743
FILLER_52_119,VSS,Metal1,73.9200,219.5200,0.000742
FILLER_52_115,VSS,Metal1,71.8600,219.8685,0.000742
FILLER_52_107,VSS,Metal1,68.3730,219.9815,0.000742
FILLER_52_104,VSS,Metal1,65.2400,219.5200,0.000742
FILLER_52_96,VSS,Metal1,62.2130,219.9815,0.000739
FILLER_52_45,VSS,Metal1,32.2000,219.5200,0.000739
FILLER_52_37,VSS,Metal1,29.1730,219.9815,0.000739
FILLER_52_34,VSS,Metal1,26.0400,219.5200,0.000739
FILLER_52_2,VSS,Metal1,16.1240,220.1175,0.000739
FILLER_51_674,VSS,Metal1,384.4400,219.5200,0.000798
FILLER_51_672,VSS,Metal1,383.6000,219.5200,0.000798
FILLER_51_664,VSS,Metal1,380.2930,219.0580,0.000798
FILLER_51_632,VSS,Metal1,368.9240,218.9220,0.000797
FILLER_51_595,VSS,Metal1,340.2000,219.5200,0.000786
FILLER_51_593,VSS,Metal1,339.3600,219.5200,0.000760
FILLER_51_577,VSS,Metal1,333.7120,218.9720,0.000760
FILLER_51_559,VSS,Metal1,320.0400,219.5200,0.000760
FILLER_51_557,VSS,Metal1,319.2000,219.5200,0.000760
FILLER_51_541,VSS,Metal1,313.5520,218.9720,0.000760
FILLER_51_492,VSS,Metal1,282.8000,219.5200,0.000751
FILLER_51_446,VSS,Metal1,257.0400,219.5200,0.000737
FILLER_51_438,VSS,Metal1,253.7330,219.0580,0.000736
FILLER_51_422,VSS,Metal1,246.9120,218.9720,0.000735
FILLER_51_419,VSS,Metal1,241.6400,219.5200,0.000735
FILLER_51_417,VSS,Metal1,240.8000,219.5200,0.000731
FILLER_51_413,VSS,Metal1,238.7400,219.1710,0.000731
FILLER_51_405,VSS,Metal1,235.2530,219.0580,0.000731
FILLER_51_390,VSS,Metal1,225.6800,219.5200,0.000731
FILLER_51_382,VSS,Metal1,222.3730,219.0580,0.000730
FILLER_51_366,VSS,Metal1,215.5520,218.9720,0.000726
FILLER_51_360,VSS,Metal1,208.8800,219.5200,0.000722
FILLER_51_352,VSS,Metal1,205.5730,219.0580,0.000722
FILLER_51_349,VSS,Metal1,202.4400,219.5200,0.000722
FILLER_51_341,VSS,Metal1,199.4130,219.0580,0.000722
FILLER_51_325,VSS,Metal1,192.5920,218.9720,0.000721
FILLER_51_308,VSS,Metal1,179.4800,219.5200,0.000711
FILLER_51_306,VSS,Metal1,178.6400,219.5200,0.000711
FILLER_51_298,VSS,Metal1,175.3330,219.0580,0.000719
FILLER_51_282,VSS,Metal1,168.5120,218.9720,0.000721
FILLER_51_279,VSS,Metal1,163.2400,219.5200,0.000731
FILLER_51_277,VSS,Metal1,162.4000,219.5200,0.000731
FILLER_51_269,VSS,Metal1,159.0930,219.0580,0.000732
FILLER_51_260,VSS,Metal1,152.6000,219.5200,0.000735
FILLER_51_244,VSS,Metal1,147.2320,218.9720,0.000735
FILLER_51_212,VSS,Metal1,133.7240,218.9220,0.000741
FILLER_51_208,VSS,Metal1,123.7600,219.5200,0.000743
FILLER_51_204,VSS,Metal1,121.7000,219.1710,0.000743
FILLER_51_196,VSS,Metal1,118.2130,219.0580,0.000743
FILLER_51_180,VSS,Metal1,111.3920,218.9720,0.000743
FILLER_51_167,VSS,Metal1,100.9800,219.1710,0.000743
FILLER_51_158,VSS,Metal1,95.4800,219.5200,0.000743
FILLER_51_156,VSS,Metal1,94.6400,219.5200,0.000743
FILLER_51_152,VSS,Metal1,92.5800,219.1710,0.000743
FILLER_51_146,VSS,Metal1,88.7600,219.5200,0.000743
FILLER_51_142,VSS,Metal1,86.9800,219.1710,0.000743
FILLER_51_139,VSS,Metal1,84.8400,219.5200,0.000742
FILLER_51_135,VSS,Metal1,83.0600,219.1710,0.000742
FILLER_51_92,VSS,Metal1,58.5200,219.5200,0.000739
FILLER_51_88,VSS,Metal1,56.7400,219.1710,0.000739
FILLER_51_72,VSS,Metal1,50.9120,218.9720,0.000739
FILLER_51_66,VSS,Metal1,44.4200,219.1710,0.000739
FILLER_51_2,VSS,Metal1,25.0445,218.8820,0.000739
FILLER_50_667,VSS,Metal1,380.5200,211.6800,0.001154
FILLER_50_663,VSS,Metal1,378.5600,211.6800,0.001153
FILLER_50_655,VSS,Metal1,375.2530,212.1415,0.001153
FILLER_50_639,VSS,Metal1,368.4320,212.2280,0.001153
FILLER_50_623,VSS,Metal1,355.8800,211.6800,0.001153
FILLER_50_621,VSS,Metal1,355.0400,211.6800,0.001153
FILLER_50_613,VSS,Metal1,351.7330,212.1415,0.001153
FILLER_50_597,VSS,Metal1,341.3200,211.6800,0.001151
FILLER_50_593,VSS,Metal1,339.3600,211.6800,0.001150
FILLER_50_577,VSS,Metal1,333.7120,212.2280,0.001149
FILLER_50_524,VSS,Metal1,300.4400,211.6800,0.001152
FILLER_50_508,VSS,Metal1,295.0720,212.2280,0.001152
FILLER_50_486,VSS,Metal1,280.6130,212.1415,0.001277
FILLER_50_470,VSS,Metal1,273.7920,212.2280,0.001280
FILLER_50_457,VSS,Metal1,262.9200,211.6800,0.001289
FILLER_50_403,VSS,Metal1,232.9600,211.6800,0.001294
FILLER_50_387,VSS,Metal1,227.3120,212.2280,0.001279
FILLER_50_311,VSS,Metal1,181.6200,212.0285,0.001234
FILLER_50_291,VSS,Metal1,170.2400,211.6800,0.001229
FILLER_50_275,VSS,Metal1,164.5920,212.2280,0.001240
FILLER_50_255,VSS,Metal1,150.0800,211.6800,0.001253
FILLER_50_247,VSS,Metal1,146.7730,212.1415,0.001253
FILLER_50_241,VSS,Metal1,142.4200,212.0285,0.001253
FILLER_50_206,VSS,Metal1,122.3600,211.6800,0.001244
FILLER_50_204,VSS,Metal1,121.5200,211.6800,0.001244
FILLER_50_188,VSS,Metal1,115.8720,212.2280,0.001244
FILLER_50_158,VSS,Metal1,95.4800,211.6800,0.001198
FILLER_50_154,VSS,Metal1,93.7000,212.0285,0.001192
FILLER_50_122,VSS,Metal1,83.3240,212.2775,0.001178
FILLER_50_115,VSS,Metal1,71.6800,211.6800,0.001164
FILLER_50_97,VSS,Metal1,61.6000,211.6800,0.001163
FILLER_50_89,VSS,Metal1,58.2930,212.1415,0.001163
FILLER_50_80,VSS,Metal1,52.0800,211.6800,0.001150
FILLER_50_45,VSS,Metal1,32.2000,211.6800,0.001146
FILLER_50_37,VSS,Metal1,29.1730,212.1415,0.001146
FILLER_50_34,VSS,Metal1,26.0400,211.6800,0.001124
FILLER_50_2,VSS,Metal1,16.1240,212.2775,0.001124
FILLER_49_658,VSS,Metal1,375.7600,211.6800,0.001153
FILLER_49_640,VSS,Metal1,365.8600,211.3310,0.001153
FILLER_49_632,VSS,Metal1,362.3730,211.2180,0.001153
FILLER_49_614,VSS,Metal1,350.8400,211.6800,0.001153
FILLER_49_610,VSS,Metal1,349.0600,211.3310,0.001151
FILLER_49_594,VSS,Metal1,343.2320,211.1320,0.001151
FILLER_49_562,VSS,Metal1,329.7240,211.0820,0.001150
FILLER_49_556,VSS,Metal1,318.8200,211.3310,0.001151
FILLER_49_540,VSS,Metal1,312.9920,211.1320,0.001151
FILLER_49_508,VSS,Metal1,299.4840,211.0820,0.001152
FILLER_49_489,VSS,Metal1,280.8400,211.6800,0.001277
FILLER_49_473,VSS,Metal1,275.4720,211.1320,0.001280
FILLER_49_428,VSS,Metal1,246.6800,211.6800,0.001295
FILLER_49_426,VSS,Metal1,245.8400,211.6800,0.001295
FILLER_49_422,VSS,Metal1,243.7800,211.3310,0.001295
FILLER_49_411,VSS,Metal1,237.6200,211.3310,0.001295
FILLER_49_403,VSS,Metal1,234.1330,211.2180,0.001294
FILLER_49_378,VSS,Metal1,218.6800,211.6800,0.001268
FILLER_49_376,VSS,Metal1,217.8400,211.6800,0.001268
FILLER_49_368,VSS,Metal1,213.5400,211.3310,0.001268
FILLER_49_352,VSS,Metal1,207.7120,211.1320,0.001267
FILLER_49_343,VSS,Metal1,199.0800,211.6800,0.001251
FILLER_49_341,VSS,Metal1,198.2400,211.6800,0.001251
FILLER_49_333,VSS,Metal1,194.9330,211.2180,0.001251
FILLER_49_317,VSS,Metal1,188.1120,211.1320,0.001250
FILLER_49_310,VSS,Metal1,180.6000,211.6800,0.001229
FILLER_49_306,VSS,Metal1,178.8200,211.3310,0.001227
FILLER_49_300,VSS,Metal1,175.0000,211.6800,0.001229
FILLER_49_298,VSS,Metal1,174.1600,211.6800,0.001229
FILLER_49_290,VSS,Metal1,169.4000,211.6800,0.001240
FILLER_49_282,VSS,Metal1,166.3730,211.2180,0.001240
FILLER_49_279,VSS,Metal1,163.2400,211.6800,0.001240
FILLER_49_277,VSS,Metal1,162.4000,211.6800,0.001241
FILLER_49_271,VSS,Metal1,159.0400,211.6800,0.001242
FILLER_49_263,VSS,Metal1,155.7330,211.2180,0.001251
FILLER_49_212,VSS,Metal1,125.7200,211.6800,0.001253
FILLER_49_187,VSS,Metal1,113.1730,211.2180,0.001244
FILLER_49_171,VSS,Metal1,106.3520,211.1320,0.001226
FILLER_49_154,VSS,Metal1,93.5200,211.6800,0.001192
FILLER_49_150,VSS,Metal1,91.4600,211.3310,0.001178
FILLER_49_142,VSS,Metal1,87.9730,211.2180,0.001178
FILLER_49_139,VSS,Metal1,84.8400,211.6800,0.001178
FILLER_49_135,VSS,Metal1,83.0600,211.3310,0.001178
FILLER_49_119,VSS,Metal1,77.2320,211.1320,0.001178
FILLER_49_87,VSS,Metal1,63.7240,211.0820,0.001163
FILLER_49_69,VSS,Metal1,45.6400,211.6800,0.001149
FILLER_49_53,VSS,Metal1,36.6800,211.6800,0.001149
FILLER_49_51,VSS,Metal1,35.8400,211.6800,0.001149
FILLER_48_667,VSS,Metal1,380.8000,203.8400,0.001389
FILLER_48_651,VSS,Metal1,371.8400,203.8400,0.001385
FILLER_48_613,VSS,Metal1,350.7400,204.1885,0.001383
FILLER_48_597,VSS,Metal1,344.9120,204.3880,0.001382
FILLER_48_594,VSS,Metal1,339.6400,203.8400,0.001382
FILLER_48_592,VSS,Metal1,338.8000,203.8400,0.001382
FILLER_48_576,VSS,Metal1,333.1520,204.3880,0.001382
FILLER_48_544,VSS,Metal1,319.6440,204.4375,0.001386
FILLER_48_535,VSS,Metal1,306.6000,203.8400,0.001416
FILLER_48_527,VSS,Metal1,303.5730,204.3015,0.001418
FILLER_48_524,VSS,Metal1,300.4400,203.8400,0.001418
FILLER_48_520,VSS,Metal1,298.6600,204.1885,0.001418
FILLER_48_512,VSS,Metal1,295.1730,204.3015,0.001418
FILLER_48_461,VSS,Metal1,265.1600,203.8400,0.001428
FILLER_48_457,VSS,Metal1,263.3800,204.1885,0.001428
FILLER_48_454,VSS,Metal1,261.2400,203.8400,0.001428
FILLER_48_452,VSS,Metal1,260.4000,203.8400,0.001428
FILLER_48_445,VSS,Metal1,256.2000,203.8400,0.001436
FILLER_48_429,VSS,Metal1,250.8320,204.3880,0.001436
FILLER_48_391,VSS,Metal1,226.2400,203.8400,0.001437
FILLER_48_387,VSS,Metal1,224.1800,204.1885,0.001440
FILLER_48_375,VSS,Metal1,217.2800,203.8400,0.001445
FILLER_48_367,VSS,Metal1,213.9730,204.3015,0.001445
FILLER_48_314,VSS,Metal1,182.8400,203.8400,0.001444
FILLER_48_312,VSS,Metal1,182.0000,203.8400,0.001444
FILLER_48_308,VSS,Metal1,179.9400,204.1885,0.001437
FILLER_48_292,VSS,Metal1,174.1120,204.3880,0.001444
FILLER_48_280,VSS,Metal1,164.0800,203.8400,0.001442
FILLER_48_271,VSS,Metal1,158.7600,203.8400,0.001435
FILLER_48_269,VSS,Metal1,157.9200,203.8400,0.001435
FILLER_48_265,VSS,Metal1,155.8600,204.1885,0.001435
FILLER_48_257,VSS,Metal1,152.3730,204.3015,0.001431
FILLER_48_247,VSS,Metal1,145.7800,204.1885,0.001424
FILLER_48_244,VSS,Metal1,143.6400,203.8400,0.001424
FILLER_48_236,VSS,Metal1,140.6130,204.3015,0.001424
FILLER_48_230,VSS,Metal1,135.8000,203.8400,0.001421
FILLER_48_228,VSS,Metal1,134.9600,203.8400,0.001421
FILLER_48_193,VSS,Metal1,115.0800,203.8400,0.001414
FILLER_48_177,VSS,Metal1,109.7120,204.3880,0.001414
FILLER_48_169,VSS,Metal1,101.6400,203.8400,0.001410
FILLER_48_167,VSS,Metal1,100.8000,203.8400,0.001410
FILLER_48_163,VSS,Metal1,98.7400,204.1885,0.001410
FILLER_48_155,VSS,Metal1,95.2530,204.3015,0.001400
FILLER_48_139,VSS,Metal1,88.4320,204.3880,0.001399
FILLER_48_107,VSS,Metal1,74.9240,204.4375,0.001387
FILLER_48_104,VSS,Metal1,65.2400,203.8400,0.001357
FILLER_48_96,VSS,Metal1,62.2130,204.3015,0.001356
FILLER_48_61,VSS,Metal1,41.1600,203.8400,0.001274
FILLER_48_53,VSS,Metal1,38.1330,204.3015,0.001273
FILLER_48_37,VSS,Metal1,31.3120,204.3880,0.001270
FILLER_48_4,VSS,Metal1,9.2400,203.8400,0.001271
FILLER_48_2,VSS,Metal1,8.4000,203.8400,0.001271
FILLER_47_636,VSS,Metal1,363.4400,203.8400,0.001385
FILLER_47_628,VSS,Metal1,358.9600,203.8400,0.001385
FILLER_47_624,VSS,Metal1,356.9000,203.4910,0.001385
FILLER_47_616,VSS,Metal1,353.4130,203.3780,0.001385
FILLER_47_566,VSS,Metal1,323.9600,203.8400,0.001386
FILLER_47_562,VSS,Metal1,322.1800,203.4910,0.001386
FILLER_47_559,VSS,Metal1,320.0400,203.8400,0.001386
FILLER_47_542,VSS,Metal1,310.8000,203.8400,0.001397
FILLER_47_538,VSS,Metal1,308.7400,203.4910,0.001397
FILLER_47_501,VSS,Metal1,287.5600,203.8400,0.001420
FILLER_47_492,VSS,Metal1,282.5200,203.8400,0.001420
FILLER_47_488,VSS,Metal1,280.5600,203.8400,0.001420
FILLER_47_472,VSS,Metal1,274.9120,203.2920,0.001420
FILLER_47_446,VSS,Metal1,257.0400,203.8400,0.001436
FILLER_47_438,VSS,Metal1,253.7330,203.3780,0.001436
FILLER_47_422,VSS,Metal1,246.9120,203.2920,0.001436
FILLER_47_408,VSS,Metal1,235.4800,203.8400,0.001437
FILLER_47_404,VSS,Metal1,233.7000,203.4910,0.001437
FILLER_47_384,VSS,Metal1,222.5000,203.4910,0.001442
FILLER_47_352,VSS,Metal1,212.1240,203.2420,0.001445
FILLER_47_348,VSS,Metal1,202.1600,203.8400,0.001446
FILLER_47_344,VSS,Metal1,200.1000,203.4910,0.001446
FILLER_47_336,VSS,Metal1,196.6130,203.3780,0.001446
FILLER_47_262,VSS,Metal1,154.0000,203.8400,0.001431
FILLER_47_235,VSS,Metal1,138.6000,203.8400,0.001422
FILLER_47_227,VSS,Metal1,135.5730,203.3780,0.001421
FILLER_47_202,VSS,Metal1,121.5730,203.3780,0.001415
FILLER_47_170,VSS,Metal1,110.2040,203.2420,0.001414
FILLER_47_150,VSS,Metal1,91.0000,203.8400,0.001399
FILLER_47_142,VSS,Metal1,87.9730,203.3780,0.001399
FILLER_47_138,VSS,Metal1,84.5600,203.8400,0.001388
FILLER_47_130,VSS,Metal1,81.2530,203.3780,0.001387
FILLER_47_86,VSS,Metal1,55.1600,203.8400,0.001341
FILLER_47_84,VSS,Metal1,54.3200,203.8400,0.001341
FILLER_47_80,VSS,Metal1,52.2600,203.4910,0.001341
FILLER_47_72,VSS,Metal1,48.7730,203.3780,0.001341
FILLER_47_68,VSS,Metal1,45.3600,203.8400,0.001341
FILLER_47_64,VSS,Metal1,43.3000,203.4910,0.001341
FILLER_47_48,VSS,Metal1,37.4720,203.2920,0.001273
FILLER_47_10,VSS,Metal1,13.0600,203.4910,0.001271
FILLER_47_2,VSS,Metal1,9.5730,203.3780,0.001271
FILLER_46_667,VSS,Metal1,380.8000,196.0000,0.000578
FILLER_46_655,VSS,Metal1,373.8000,196.0000,0.000578
FILLER_46_613,VSS,Metal1,351.7330,196.4615,0.000574
FILLER_46_597,VSS,Metal1,342.7730,196.4615,0.000573
FILLER_46_593,VSS,Metal1,339.3600,196.0000,0.000573
FILLER_46_570,VSS,Metal1,327.6530,196.4615,0.000576
FILLER_46_535,VSS,Metal1,306.6000,196.0000,0.000576
FILLER_46_527,VSS,Metal1,303.5730,196.4615,0.000576
FILLER_46_521,VSS,Metal1,299.2200,196.3485,0.000576
FILLER_46_505,VSS,Metal1,293.3920,196.5480,0.000577
FILLER_46_493,VSS,Metal1,283.0800,196.0000,0.000580
FILLER_46_489,VSS,Metal1,281.3000,196.3485,0.000581
FILLER_46_457,VSS,Metal1,270.9240,196.5975,0.000582
FILLER_46_451,VSS,Metal1,260.0200,196.3485,0.000559
FILLER_46_437,VSS,Metal1,252.0000,196.0000,0.000547
FILLER_46_429,VSS,Metal1,248.6930,196.4615,0.000547
FILLER_46_420,VSS,Metal1,242.2000,196.0000,0.000542
FILLER_46_404,VSS,Metal1,236.8320,196.5480,0.000542
FILLER_46_387,VSS,Metal1,223.7200,196.0000,0.000532
FILLER_46_369,VSS,Metal1,215.0930,196.4615,0.000506
FILLER_46_321,VSS,Metal1,186.7600,196.0000,0.000501
FILLER_46_317,VSS,Metal1,184.9800,196.3485,0.000501
FILLER_46_314,VSS,Metal1,182.8400,196.0000,0.000489
FILLER_46_306,VSS,Metal1,179.8130,196.4615,0.000483
FILLER_46_271,VSS,Metal1,158.7600,196.0000,0.000484
FILLER_46_269,VSS,Metal1,157.9200,196.0000,0.000484
FILLER_46_261,VSS,Metal1,154.6130,196.4615,0.000484
FILLER_46_241,VSS,Metal1,142.4200,196.3485,0.000452
FILLER_46_225,VSS,Metal1,133.2800,196.0000,0.000444
FILLER_46_199,VSS,Metal1,118.4400,196.0000,0.000441
FILLER_46_197,VSS,Metal1,117.6000,196.0000,0.000436
FILLER_46_193,VSS,Metal1,115.5400,196.3485,0.000436
FILLER_46_185,VSS,Metal1,112.0530,196.4615,0.000436
FILLER_46_174,VSS,Metal1,104.4400,196.0000,0.000436
FILLER_46_166,VSS,Metal1,101.4130,196.4615,0.000436
FILLER_46_130,VSS,Metal1,83.3920,196.5480,0.000416
FILLER_46_107,VSS,Metal1,67.2000,196.0000,0.000413
FILLER_46_85,VSS,Metal1,55.0600,196.3485,0.000402
FILLER_46_69,VSS,Metal1,49.2320,196.5480,0.000401
FILLER_46_37,VSS,Metal1,35.7240,196.5975,0.000396
FILLER_46_34,VSS,Metal1,26.0400,196.0000,0.000392
FILLER_46_18,VSS,Metal1,20.6720,196.5480,0.000392
FILLER_45_632,VSS,Metal1,360.9200,196.0000,0.000578
FILLER_45_612,VSS,Metal1,350.0000,196.0000,0.000573
FILLER_45_562,VSS,Metal1,325.3120,195.4520,0.000576
FILLER_45_543,VSS,Metal1,311.3600,196.0000,0.000576
FILLER_45_511,VSS,Metal1,301.1640,195.4020,0.000576
FILLER_45_494,VSS,Metal1,283.6400,196.0000,0.000580
FILLER_45_492,VSS,Metal1,282.8000,196.0000,0.000580
FILLER_45_489,VSS,Metal1,280.8400,196.0000,0.000581
FILLER_45_481,VSS,Metal1,277.8130,195.5380,0.000582
FILLER_45_465,VSS,Metal1,270.9920,195.4520,0.000582
FILLER_45_432,VSS,Metal1,249.3800,195.6510,0.000547
FILLER_45_416,VSS,Metal1,240.4200,195.6510,0.000542
FILLER_45_402,VSS,Metal1,232.4000,196.0000,0.000533
FILLER_45_371,VSS,Metal1,215.0400,196.0000,0.000506
FILLER_45_363,VSS,Metal1,211.7330,195.5380,0.000504
FILLER_45_356,VSS,Metal1,206.3600,196.0000,0.000503
FILLER_45_352,VSS,Metal1,204.5800,195.6510,0.000503
FILLER_45_290,VSS,Metal1,169.4000,196.0000,0.000488
FILLER_45_288,VSS,Metal1,168.5600,196.0000,0.000488
FILLER_45_272,VSS,Metal1,160.7730,195.5380,0.000488
FILLER_45_256,VSS,Metal1,153.9520,195.4520,0.000484
FILLER_45_241,VSS,Metal1,143.4130,195.5380,0.000452
FILLER_45_222,VSS,Metal1,131.3200,196.0000,0.000442
FILLER_45_220,VSS,Metal1,130.4800,196.0000,0.000442
FILLER_45_212,VSS,Metal1,127.1730,195.5380,0.000442
FILLER_45_206,VSS,Metal1,122.8200,195.6510,0.000442
FILLER_45_198,VSS,Metal1,119.3330,195.5380,0.000441
FILLER_45_166,VSS,Metal1,107.9640,195.4020,0.000436
FILLER_45_150,VSS,Metal1,91.0000,196.0000,0.000416
FILLER_45_142,VSS,Metal1,87.9730,195.5380,0.000416
FILLER_45_138,VSS,Metal1,84.5600,196.0000,0.000416
FILLER_45_100,VSS,Metal1,63.2800,196.0000,0.000406
FILLER_45_96,VSS,Metal1,61.2200,195.6510,0.000406
FILLER_45_88,VSS,Metal1,57.7330,195.5380,0.000406
FILLER_45_72,VSS,Metal1,50.9120,195.4520,0.000401
FILLER_45_69,VSS,Metal1,45.6400,196.0000,0.000401
FILLER_45_67,VSS,Metal1,44.8000,196.0000,0.000396
FILLER_45_35,VSS,Metal1,34.6040,195.4020,0.000396
FILLER_45_26,VSS,Metal1,21.5600,196.0000,0.000392
FILLER_44_667,VSS,Metal1,380.8000,188.1600,0.001212
FILLER_44_640,VSS,Metal1,365.6800,188.1600,0.001211
FILLER_44_607,VSS,Metal1,346.9200,188.1600,0.001211
FILLER_44_605,VSS,Metal1,346.0800,188.1600,0.001211
FILLER_44_597,VSS,Metal1,342.7730,188.6215,0.001210
FILLER_44_535,VSS,Metal1,306.8800,188.1600,0.001244
FILLER_44_527,VSS,Metal1,303.5730,188.6215,0.001244
FILLER_44_521,VSS,Metal1,299.2200,188.5085,0.001244
FILLER_44_505,VSS,Metal1,293.3920,188.7080,0.001244
FILLER_44_481,VSS,Metal1,276.8200,188.5085,0.001256
FILLER_44_473,VSS,Metal1,273.3330,188.6215,0.001256
FILLER_44_457,VSS,Metal1,266.5120,188.7080,0.001256
FILLER_44_444,VSS,Metal1,255.9200,188.1600,0.001268
FILLER_44_433,VSS,Metal1,249.7600,188.1600,0.001299
FILLER_44_425,VSS,Metal1,246.4530,188.6215,0.001299
FILLER_44_416,VSS,Metal1,239.9600,188.1600,0.001305
FILLER_44_395,VSS,Metal1,228.2000,188.1600,0.001306
FILLER_44_383,VSS,Metal1,221.7600,188.1600,0.001315
FILLER_44_379,VSS,Metal1,219.7000,188.5085,0.001316
FILLER_44_371,VSS,Metal1,216.2130,188.6215,0.001316
FILLER_44_317,VSS,Metal1,184.9800,188.5085,0.001312
FILLER_44_313,VSS,Metal1,182.5600,188.1600,0.001312
FILLER_44_309,VSS,Metal1,180.5000,188.5085,0.001307
FILLER_44_255,VSS,Metal1,150.2600,188.5085,0.001314
FILLER_44_247,VSS,Metal1,146.7730,188.6215,0.001314
FILLER_44_243,VSS,Metal1,143.3600,188.1600,0.001314
FILLER_44_232,VSS,Metal1,136.9200,188.1600,0.001321
FILLER_44_230,VSS,Metal1,136.0800,188.1600,0.001325
FILLER_44_195,VSS,Metal1,116.2000,188.1600,0.001325
FILLER_44_193,VSS,Metal1,115.3600,188.1600,0.001325
FILLER_44_177,VSS,Metal1,109.7120,188.7080,0.001325
FILLER_44_159,VSS,Metal1,99.6320,188.7080,0.001325
FILLER_44_150,VSS,Metal1,91.0000,188.1600,0.001323
FILLER_44_148,VSS,Metal1,90.1600,188.1600,0.001323
FILLER_44_144,VSS,Metal1,88.1000,188.5085,0.001323
FILLER_44_136,VSS,Metal1,84.6130,188.6215,0.001315
FILLER_44_107,VSS,Metal1,67.3800,188.5085,0.001306
FILLER_44_103,VSS,Metal1,64.9600,188.1600,0.001306
FILLER_44_95,VSS,Metal1,61.6530,188.6215,0.001304
FILLER_44_33,VSS,Metal1,25.7600,188.1600,0.001280
FILLER_43_632,VSS,Metal1,361.2000,188.1600,0.001211
FILLER_43_595,VSS,Metal1,340.2000,188.1600,0.001209
FILLER_43_593,VSS,Metal1,339.3600,188.1600,0.001208
FILLER_43_584,VSS,Metal1,334.0400,188.1600,0.001206
FILLER_43_582,VSS,Metal1,333.2000,188.1600,0.001206
FILLER_43_578,VSS,Metal1,331.1400,187.8110,0.001208
FILLER_43_562,VSS,Metal1,325.3120,187.6120,0.001208
FILLER_43_559,VSS,Metal1,320.0400,188.1600,0.001208
FILLER_43_557,VSS,Metal1,319.2000,188.1600,0.001208
FILLER_43_549,VSS,Metal1,315.8930,187.6980,0.001208
FILLER_43_514,VSS,Metal1,294.8400,188.1600,0.001244
FILLER_43_512,VSS,Metal1,294.0000,188.1600,0.001244
FILLER_43_508,VSS,Metal1,291.9400,187.8110,0.001244
FILLER_43_492,VSS,Metal1,286.1120,187.6120,0.001246
FILLER_43_489,VSS,Metal1,280.8400,188.1600,0.001247
FILLER_43_485,VSS,Metal1,279.0600,187.8110,0.001247
FILLER_43_469,VSS,Metal1,273.2320,187.6120,0.001256
FILLER_43_454,VSS,Metal1,261.2400,188.1600,0.001268
FILLER_43_450,VSS,Metal1,259.4600,187.8110,0.001268
FILLER_43_438,VSS,Metal1,252.2800,188.1600,0.001296
FILLER_43_422,VSS,Metal1,246.9120,187.6120,0.001299
FILLER_43_349,VSS,Metal1,202.4400,188.1600,0.001316
FILLER_43_347,VSS,Metal1,201.6000,188.1600,0.001316
FILLER_43_338,VSS,Metal1,196.2800,188.1600,0.001316
FILLER_43_336,VSS,Metal1,195.4400,188.1600,0.001316
FILLER_43_332,VSS,Metal1,193.3800,187.8110,0.001316
FILLER_43_282,VSS,Metal1,168.5120,187.6120,0.001312
FILLER_43_279,VSS,Metal1,163.2400,188.1600,0.001312
FILLER_43_271,VSS,Metal1,160.2130,187.6980,0.001312
FILLER_43_239,VSS,Metal1,148.8440,187.5620,0.001314
FILLER_43_230,VSS,Metal1,135.8000,188.1600,0.001325
FILLER_43_228,VSS,Metal1,134.9600,188.1600,0.001325
FILLER_43_212,VSS,Metal1,129.3120,187.6120,0.001325
FILLER_43_209,VSS,Metal1,124.0400,188.1600,0.001325
FILLER_43_207,VSS,Metal1,123.2000,188.1600,0.001325
FILLER_43_198,VSS,Metal1,117.8800,188.1600,0.001325
FILLER_43_162,VSS,Metal1,98.0000,188.1600,0.001325
FILLER_43_158,VSS,Metal1,95.9400,187.8110,0.001325
FILLER_43_142,VSS,Metal1,90.1120,187.6120,0.001323
FILLER_43_139,VSS,Metal1,84.8400,188.1600,0.001315
FILLER_43_135,VSS,Metal1,83.0600,187.8110,0.001315
FILLER_43_119,VSS,Metal1,77.2320,187.6120,0.001313
FILLER_43_103,VSS,Metal1,66.1330,187.6980,0.001306
FILLER_43_87,VSS,Metal1,59.3120,187.6120,0.001304
FILLER_43_69,VSS,Metal1,45.6400,188.1600,0.001302
FILLER_43_67,VSS,Metal1,44.8000,188.1600,0.001302
FILLER_43_63,VSS,Metal1,42.7400,187.8110,0.001302
FILLER_43_47,VSS,Metal1,33.3200,188.1600,0.001302
FILLER_43_45,VSS,Metal1,32.4800,188.1600,0.001302
FILLER_43_10,VSS,Metal1,12.6000,188.1600,0.001288
FILLER_43_2,VSS,Metal1,9.5730,187.6980,0.001288
FILLER_42_667,VSS,Metal1,380.8000,180.3200,0.001077
FILLER_42_647,VSS,Metal1,369.6000,180.3200,0.001076
FILLER_42_594,VSS,Metal1,339.6400,180.3200,0.001074
FILLER_42_592,VSS,Metal1,338.8000,180.3200,0.001074
FILLER_42_588,VSS,Metal1,336.7400,180.6685,0.001074
FILLER_42_580,VSS,Metal1,333.2530,180.7815,0.001074
FILLER_42_542,VSS,Metal1,310.9800,180.6685,0.001076
FILLER_42_524,VSS,Metal1,300.4400,180.3200,0.001077
FILLER_42_520,VSS,Metal1,298.6600,180.6685,0.001077
FILLER_42_469,VSS,Metal1,269.6400,180.3200,0.001078
FILLER_42_465,VSS,Metal1,267.8600,180.6685,0.001078
FILLER_42_457,VSS,Metal1,264.3730,180.7815,0.001078
FILLER_42_451,VSS,Metal1,260.0200,180.6685,0.001066
FILLER_42_387,VSS,Metal1,240.6445,180.9575,0.001064
FILLER_42_384,VSS,Metal1,222.0400,180.3200,0.001064
FILLER_42_382,VSS,Metal1,221.2000,180.3200,0.001064
FILLER_42_374,VSS,Metal1,217.8930,180.7815,0.001064
FILLER_42_342,VSS,Metal1,206.5240,180.9175,0.001064
FILLER_42_314,VSS,Metal1,182.8400,180.3200,0.001059
FILLER_42_298,VSS,Metal1,177.4720,180.8680,0.001057
FILLER_42_263,VSS,Metal1,154.2800,180.3200,0.001071
FILLER_42_247,VSS,Metal1,148.9120,180.8680,0.001071
FILLER_42_193,VSS,Metal1,115.3600,180.3200,0.001073
FILLER_42_177,VSS,Metal1,109.7120,180.8680,0.001073
FILLER_42_171,VSS,Metal1,103.2200,180.6685,0.001073
FILLER_42_107,VSS,Metal1,83.8445,180.9575,0.001073
FILLER_42_104,VSS,Metal1,65.2400,180.3200,0.001072
FILLER_42_102,VSS,Metal1,64.4000,180.3200,0.001064
FILLER_42_94,VSS,Metal1,61.0930,180.7815,0.001064
FILLER_42_78,VSS,Metal1,54.2720,180.8680,0.001064
FILLER_42_43,VSS,Metal1,31.0800,180.3200,0.001061
FILLER_42_41,VSS,Metal1,30.2400,180.3200,0.001061
FILLER_42_37,VSS,Metal1,28.1800,180.6685,0.001052
FILLER_42_33,VSS,Metal1,25.7600,180.3200,0.001034
FILLER_41_628,VSS,Metal1,358.9600,180.3200,0.001076
FILLER_41_612,VSS,Metal1,349.7200,180.3200,0.001076
FILLER_41_610,VSS,Metal1,348.8800,180.3200,0.001076
FILLER_41_606,VSS,Metal1,346.8200,179.9710,0.001076
FILLER_41_562,VSS,Metal1,323.1730,179.8580,0.001075
FILLER_41_558,VSS,Metal1,319.7600,180.3200,0.001075
FILLER_41_554,VSS,Metal1,317.7000,179.9710,0.001075
FILLER_41_538,VSS,Metal1,311.8720,179.7720,0.001076
FILLER_41_500,VSS,Metal1,287.4600,179.9710,0.001078
FILLER_41_492,VSS,Metal1,283.9730,179.8580,0.001078
FILLER_41_454,VSS,Metal1,261.5200,180.3200,0.001066
FILLER_41_422,VSS,Metal1,251.3240,179.7220,0.001064
FILLER_41_416,VSS,Metal1,240.4200,179.9710,0.001064
FILLER_41_352,VSS,Metal1,221.0445,179.6820,0.001064
FILLER_41_349,VSS,Metal1,202.4400,180.3200,0.001064
FILLER_41_347,VSS,Metal1,201.6000,180.3200,0.001064
FILLER_41_343,VSS,Metal1,199.5400,179.9710,0.001064
FILLER_41_308,VSS,Metal1,179.4800,180.3200,0.001055
FILLER_41_306,VSS,Metal1,178.6400,180.3200,0.001055
FILLER_41_298,VSS,Metal1,175.3330,179.8580,0.001057
FILLER_41_282,VSS,Metal1,168.5120,179.7720,0.001069
FILLER_41_279,VSS,Metal1,163.2400,180.3200,0.001069
FILLER_41_277,VSS,Metal1,162.4000,180.3200,0.001069
FILLER_41_269,VSS,Metal1,159.0930,179.8580,0.001069
FILLER_41_237,VSS,Metal1,147.7240,179.7220,0.001071
FILLER_41_209,VSS,Metal1,124.0400,180.3200,0.001073
FILLER_41_207,VSS,Metal1,123.2000,180.3200,0.001073
FILLER_41_199,VSS,Metal1,119.8930,179.8580,0.001073
FILLER_41_157,VSS,Metal1,96.3730,179.8580,0.001073
FILLER_41_136,VSS,Metal1,83.6200,179.9710,0.001073
FILLER_41_124,VSS,Metal1,76.9000,179.9710,0.001073
FILLER_41_112,VSS,Metal1,70.1800,179.9710,0.001073
FILLER_41_104,VSS,Metal1,66.6930,179.8580,0.001072
FILLER_41_72,VSS,Metal1,55.3240,179.7220,0.001064
FILLER_41_54,VSS,Metal1,37.2400,180.3200,0.001061
FILLER_41_52,VSS,Metal1,36.4000,180.3200,0.001061
FILLER_41_36,VSS,Metal1,27.1600,180.3200,0.001046
FILLER_40_667,VSS,Metal1,380.8000,172.4800,0.000869
FILLER_40_633,VSS,Metal1,361.7600,172.4800,0.000867
FILLER_40_597,VSS,Metal1,344.9120,173.0280,0.000865
FILLER_40_591,VSS,Metal1,338.4200,172.8285,0.000864
FILLER_40_574,VSS,Metal1,328.7200,172.4800,0.000863
FILLER_40_524,VSS,Metal1,300.4400,172.4800,0.000874
FILLER_40_520,VSS,Metal1,298.6600,172.8285,0.000874
FILLER_40_475,VSS,Metal1,273.0000,172.4800,0.000886
FILLER_40_473,VSS,Metal1,272.1600,172.4800,0.000886
FILLER_40_457,VSS,Metal1,266.5120,173.0280,0.000886
FILLER_40_448,VSS,Metal1,258.1600,172.4800,0.000886
FILLER_40_444,VSS,Metal1,256.1000,172.8285,0.000897
FILLER_40_436,VSS,Metal1,252.6130,172.9415,0.000900
FILLER_40_401,VSS,Metal1,231.5600,172.4800,0.000903
FILLER_40_399,VSS,Metal1,230.7200,172.4800,0.000903
FILLER_40_395,VSS,Metal1,228.6600,172.8285,0.000910
FILLER_40_387,VSS,Metal1,225.1730,172.9415,0.000925
FILLER_40_384,VSS,Metal1,222.0400,172.4800,0.000988
FILLER_40_376,VSS,Metal1,219.0130,172.9415,0.000988
FILLER_40_325,VSS,Metal1,189.0000,172.4800,0.000988
FILLER_40_317,VSS,Metal1,185.9730,172.9415,0.000988
FILLER_40_279,VSS,Metal1,163.5200,172.4800,0.001016
FILLER_40_271,VSS,Metal1,159.0400,172.4800,0.001022
FILLER_40_263,VSS,Metal1,155.7330,172.9415,0.001044
FILLER_40_247,VSS,Metal1,148.9120,173.0280,0.001044
FILLER_40_229,VSS,Metal1,138.8320,173.0280,0.001046
FILLER_40_193,VSS,Metal1,115.3600,172.4800,0.001050
FILLER_40_177,VSS,Metal1,109.7120,173.0280,0.001050
FILLER_40_123,VSS,Metal1,76.1600,172.4800,0.001053
FILLER_40_107,VSS,Metal1,66.9200,172.4800,0.001024
FILLER_40_89,VSS,Metal1,60.4320,173.0280,0.001014
FILLER_40_53,VSS,Metal1,36.9600,172.4800,0.001009
FILLER_40_37,VSS,Metal1,31.3120,173.0280,0.001009
FILLER_40_26,VSS,Metal1,21.5600,172.4800,0.001010
FILLER_40_18,VSS,Metal1,18.5330,172.9415,0.001010
FILLER_39_608,VSS,Metal1,347.4800,172.4800,0.000865
FILLER_39_606,VSS,Metal1,346.6400,172.4800,0.000865
FILLER_39_602,VSS,Metal1,344.5800,172.1310,0.000865
FILLER_39_594,VSS,Metal1,341.0930,172.0180,0.000865
FILLER_39_562,VSS,Metal1,329.7240,171.8820,0.000864
FILLER_39_556,VSS,Metal1,318.8200,172.1310,0.000872
FILLER_39_492,VSS,Metal1,299.4445,171.8420,0.000874
FILLER_39_489,VSS,Metal1,280.8400,172.4800,0.000874
FILLER_39_487,VSS,Metal1,280.0000,172.4800,0.000874
FILLER_39_479,VSS,Metal1,276.6930,172.0180,0.000874
FILLER_39_447,VSS,Metal1,265.3240,171.8820,0.000886
FILLER_39_393,VSS,Metal1,227.3600,172.4800,0.000924
FILLER_39_389,VSS,Metal1,225.3000,172.1310,0.000925
FILLER_39_373,VSS,Metal1,219.4720,171.9320,0.000988
FILLER_39_356,VSS,Metal1,206.3600,172.4800,0.000990
FILLER_39_352,VSS,Metal1,204.5800,172.1310,0.000990
FILLER_39_332,VSS,Metal1,193.2000,172.4800,0.000990
FILLER_39_328,VSS,Metal1,191.1400,172.1310,0.000989
FILLER_39_297,VSS,Metal1,176.9120,171.9320,0.000987
FILLER_39_278,VSS,Metal1,162.9600,172.4800,0.001016
FILLER_39_270,VSS,Metal1,159.6530,172.0180,0.001022
FILLER_39_224,VSS,Metal1,133.8930,172.0180,0.001049
FILLER_39_212,VSS,Metal1,126.1800,172.1310,0.001050
FILLER_39_178,VSS,Metal1,114.6840,171.8820,0.001050
FILLER_39_90,VSS,Metal1,60.9920,171.9320,0.001014
FILLER_39_76,VSS,Metal1,49.8400,172.4800,0.001010
FILLER_39_72,VSS,Metal1,47.7800,172.1310,0.001010
FILLER_39_66,VSS,Metal1,44.4200,172.1310,0.001010
FILLER_39_34,VSS,Metal1,34.0440,171.8820,0.001009
FILLER_39_18,VSS,Metal1,18.5330,172.0180,0.001010
FILLER_38_676,VSS,Metal1,385.8400,164.6400,0.001095
FILLER_38_601,VSS,Metal1,343.8400,164.6400,0.001088
FILLER_38_597,VSS,Metal1,341.7800,164.9885,0.001088
FILLER_38_593,VSS,Metal1,339.3600,164.6400,0.001088
FILLER_38_561,VSS,Metal1,329.1640,165.2375,0.001088
FILLER_38_549,VSS,Metal1,314.9000,164.9885,0.001104
FILLER_38_527,VSS,Metal1,305.7120,165.1880,0.001119
FILLER_38_523,VSS,Metal1,300.1600,164.6400,0.001137
FILLER_38_507,VSS,Metal1,294.5120,165.1880,0.001139
FILLER_38_499,VSS,Metal1,286.7200,164.6400,0.001141
FILLER_38_491,VSS,Metal1,283.4130,165.1015,0.001141
FILLER_38_454,VSS,Metal1,261.2400,164.6400,0.001189
FILLER_38_446,VSS,Metal1,258.2130,165.1015,0.001189
FILLER_38_424,VSS,Metal1,245.8930,165.1015,0.001190
FILLER_38_389,VSS,Metal1,224.8400,164.6400,0.001205
FILLER_38_387,VSS,Metal1,224.0000,164.6400,0.001205
FILLER_38_377,VSS,Metal1,219.5730,165.1015,0.001206
FILLER_38_341,VSS,Metal1,198.2400,164.6400,0.001215
FILLER_38_333,VSS,Metal1,194.9330,165.1015,0.001215
FILLER_38_317,VSS,Metal1,188.1120,165.1880,0.001215
FILLER_38_299,VSS,Metal1,178.0320,165.1880,0.001216
FILLER_38_263,VSS,Metal1,154.5600,164.6400,0.001220
FILLER_38_255,VSS,Metal1,151.2530,165.1015,0.001230
FILLER_38_243,VSS,Metal1,143.3600,164.6400,0.001230
FILLER_38_239,VSS,Metal1,141.3000,164.9885,0.001230
FILLER_38_201,VSS,Metal1,119.8400,164.6400,0.001261
FILLER_38_193,VSS,Metal1,116.5330,165.1015,0.001261
FILLER_38_177,VSS,Metal1,109.7120,165.1880,0.001261
FILLER_38_173,VSS,Metal1,104.1600,164.6400,0.001261
FILLER_38_141,VSS,Metal1,93.9640,165.2375,0.001264
FILLER_38_104,VSS,Metal1,65.2400,164.6400,0.001271
FILLER_38_102,VSS,Metal1,64.4000,164.6400,0.001271
FILLER_38_98,VSS,Metal1,62.3400,164.9885,0.001271
FILLER_38_47,VSS,Metal1,33.3200,164.6400,0.001253
FILLER_38_45,VSS,Metal1,32.4800,164.6400,0.001253
FILLER_38_37,VSS,Metal1,29.1730,165.1015,0.001253
FILLER_38_33,VSS,Metal1,25.7600,164.6400,0.001237
FILLER_37_570,VSS,Metal1,326.6600,164.2910,0.001088
FILLER_37_562,VSS,Metal1,323.1730,164.1780,0.001088
FILLER_37_559,VSS,Metal1,320.0400,164.6400,0.001102
FILLER_37_557,VSS,Metal1,319.2000,164.6400,0.001104
FILLER_37_541,VSS,Metal1,309.9600,164.6400,0.001118
FILLER_37_525,VSS,Metal1,304.5920,164.0920,0.001120
FILLER_37_494,VSS,Metal1,283.6400,164.6400,0.001141
FILLER_37_492,VSS,Metal1,282.8000,164.6400,0.001141
FILLER_37_474,VSS,Metal1,276.0320,164.0920,0.001156
FILLER_37_424,VSS,Metal1,244.4400,164.6400,0.001190
FILLER_37_422,VSS,Metal1,243.6000,164.6400,0.001199
FILLER_37_419,VSS,Metal1,241.6400,164.6400,0.001205
FILLER_37_411,VSS,Metal1,238.6130,164.1780,0.001205
FILLER_37_314,VSS,Metal1,183.1200,164.6400,0.001216
FILLER_37_282,VSS,Metal1,172.9240,164.0420,0.001217
FILLER_37_278,VSS,Metal1,162.9600,164.6400,0.001220
FILLER_37_262,VSS,Metal1,157.3120,164.0920,0.001220
FILLER_37_209,VSS,Metal1,124.0400,164.6400,0.001230
FILLER_37_205,VSS,Metal1,122.2600,164.2910,0.001230
FILLER_37_165,VSS,Metal1,99.8600,164.2910,0.001264
FILLER_37_157,VSS,Metal1,96.3730,164.1780,0.001264
FILLER_37_132,VSS,Metal1,82.3730,164.1780,0.001271
FILLER_37_122,VSS,Metal1,75.6000,164.6400,0.001271
FILLER_37_106,VSS,Metal1,66.3600,164.6400,0.001271
FILLER_37_69,VSS,Metal1,45.6400,164.6400,0.001271
FILLER_37_67,VSS,Metal1,44.8000,164.6400,0.001271
FILLER_37_51,VSS,Metal1,39.1520,164.0920,0.001271
FILLER_36_676,VSS,Metal1,385.8400,156.8000,0.000911
FILLER_36_605,VSS,Metal1,346.2600,157.1485,0.000904
FILLER_36_594,VSS,Metal1,339.6400,156.8000,0.000899
FILLER_36_571,VSS,Metal1,328.2130,157.2615,0.000904
FILLER_36_527,VSS,Metal1,302.4000,156.8000,0.000925
FILLER_36_523,VSS,Metal1,300.1600,156.8000,0.000934
FILLER_36_519,VSS,Metal1,298.1000,157.1485,0.000935
FILLER_36_511,VSS,Metal1,294.6130,157.2615,0.000935
FILLER_36_473,VSS,Metal1,272.3400,157.1485,0.000936
FILLER_36_457,VSS,Metal1,266.5120,157.3480,0.000936
FILLER_36_451,VSS,Metal1,260.0200,157.1485,0.000936
FILLER_36_443,VSS,Metal1,256.5330,157.2615,0.000936
FILLER_36_393,VSS,Metal1,230.6720,157.3480,0.000933
FILLER_36_387,VSS,Metal1,224.0000,156.8000,0.000933
FILLER_36_349,VSS,Metal1,202.7200,156.8000,0.000918
FILLER_36_317,VSS,Metal1,192.5240,157.3975,0.000918
FILLER_36_313,VSS,Metal1,182.5600,156.8000,0.000917
FILLER_36_281,VSS,Metal1,172.3640,157.3975,0.000907
FILLER_36_243,VSS,Metal1,143.3600,156.8000,0.000915
FILLER_36_239,VSS,Metal1,141.3000,157.1485,0.000915
FILLER_36_199,VSS,Metal1,118.9000,157.1485,0.000927
FILLER_36_189,VSS,Metal1,113.1200,156.8000,0.000927
FILLER_36_185,VSS,Metal1,111.0600,157.1485,0.000927
FILLER_36_177,VSS,Metal1,107.5730,157.2615,0.000927
FILLER_36_173,VSS,Metal1,104.1600,156.8000,0.000927
FILLER_36_169,VSS,Metal1,102.1000,157.1485,0.000927
FILLER_36_131,VSS,Metal1,80.6400,156.8000,0.000926
FILLER_36_123,VSS,Metal1,77.3330,157.2615,0.000926
FILLER_36_107,VSS,Metal1,70.5120,157.3480,0.000926
FILLER_36_89,VSS,Metal1,60.4320,157.3480,0.000926
FILLER_36_39,VSS,Metal1,28.8400,156.8000,0.000892
FILLER_36_37,VSS,Metal1,28.0000,156.8000,0.000892
FILLER_36_34,VSS,Metal1,26.0400,156.8000,0.000889
FILLER_36_12,VSS,Metal1,13.7200,156.8000,0.000889
FILLER_36_10,VSS,Metal1,12.8800,156.8000,0.000889
FILLER_36_2,VSS,Metal1,9.5730,157.2615,0.000889
FILLER_35_606,VSS,Metal1,346.6400,156.8000,0.000904
FILLER_35_570,VSS,Metal1,326.4800,156.8000,0.000917
FILLER_35_438,VSS,Metal1,252.5600,156.8000,0.000934
FILLER_35_422,VSS,Metal1,246.9120,156.2520,0.000934
FILLER_35_419,VSS,Metal1,241.6400,156.8000,0.000934
FILLER_35_415,VSS,Metal1,239.8600,156.4510,0.000934
FILLER_35_399,VSS,Metal1,234.0320,156.2520,0.000934
FILLER_35_364,VSS,Metal1,210.8400,156.8000,0.000933
FILLER_35_360,VSS,Metal1,209.0600,156.4510,0.000933
FILLER_35_352,VSS,Metal1,205.5730,156.3380,0.000933
FILLER_35_348,VSS,Metal1,202.1600,156.8000,0.000918
FILLER_35_344,VSS,Metal1,200.1000,156.4510,0.000918
FILLER_35_306,VSS,Metal1,178.8200,156.4510,0.000904
FILLER_35_298,VSS,Metal1,175.3330,156.3380,0.000907
FILLER_35_282,VSS,Metal1,168.5120,156.2520,0.000907
FILLER_35_279,VSS,Metal1,163.2400,156.8000,0.000913
FILLER_35_271,VSS,Metal1,160.2130,156.3380,0.000914
FILLER_35_255,VSS,Metal1,153.3920,156.2520,0.000914
FILLER_35_236,VSS,Metal1,139.6200,156.4510,0.000918
FILLER_35_228,VSS,Metal1,136.1330,156.3380,0.000919
FILLER_35_212,VSS,Metal1,129.3120,156.2520,0.000919
FILLER_35_209,VSS,Metal1,124.0400,156.8000,0.000919
FILLER_35_205,VSS,Metal1,122.2600,156.4510,0.000919
FILLER_35_160,VSS,Metal1,96.6000,156.8000,0.000927
FILLER_35_158,VSS,Metal1,95.7600,156.8000,0.000927
FILLER_35_142,VSS,Metal1,90.1120,156.2520,0.000927
FILLER_35_136,VSS,Metal1,83.6200,156.4510,0.000927
FILLER_35_72,VSS,Metal1,64.2445,156.1620,0.000926
FILLER_35_69,VSS,Metal1,45.6400,156.8000,0.000913
FILLER_35_38,VSS,Metal1,28.2800,156.8000,0.000892
FILLER_35_2,VSS,Metal1,8.4000,156.8000,0.000889
FILLER_34_676,VSS,Metal1,385.8400,148.9600,0.000950
FILLER_34_645,VSS,Metal1,368.6600,149.3085,0.000948
FILLER_34_597,VSS,Metal1,342.7730,149.4215,0.000947
FILLER_34_579,VSS,Metal1,331.2400,148.9600,0.000945
FILLER_34_575,VSS,Metal1,329.4600,149.3085,0.000945
FILLER_34_559,VSS,Metal1,323.6320,149.5080,0.000946
FILLER_34_509,VSS,Metal1,292.3200,148.9600,0.000956
FILLER_34_505,VSS,Metal1,290.2600,149.3085,0.000956
FILLER_34_489,VSS,Metal1,284.4320,149.5080,0.000957
FILLER_34_457,VSS,Metal1,270.9240,149.5575,0.000961
FILLER_34_443,VSS,Metal1,255.3600,148.9600,0.000961
FILLER_34_427,VSS,Metal1,249.7120,149.5080,0.000961
FILLER_34_387,VSS,Metal1,223.7200,148.9600,0.000948
FILLER_34_383,VSS,Metal1,221.7600,148.9600,0.000942
FILLER_34_367,VSS,Metal1,216.1120,149.5080,0.000942
FILLER_34_336,VSS,Metal1,195.4400,148.9600,0.000937
FILLER_34_332,VSS,Metal1,193.3800,149.3085,0.000937
FILLER_34_311,VSS,Metal1,181.6200,149.3085,0.000937
FILLER_34_275,VSS,Metal1,161.2800,148.9600,0.000946
FILLER_34_271,VSS,Metal1,159.2200,149.3085,0.000946
FILLER_34_263,VSS,Metal1,155.7330,149.4215,0.000946
FILLER_34_247,VSS,Metal1,145.3200,148.9600,0.000946
FILLER_34_241,VSS,Metal1,142.4200,149.3085,0.000946
FILLER_34_225,VSS,Metal1,136.5920,149.5080,0.000946
FILLER_34_193,VSS,Metal1,123.0840,149.5575,0.000946
FILLER_34_185,VSS,Metal1,110.8800,148.9600,0.000950
FILLER_34_177,VSS,Metal1,107.5730,149.4215,0.000950
FILLER_34_139,VSS,Metal1,85.1200,148.9600,0.000935
FILLER_34_107,VSS,Metal1,74.9240,149.5575,0.000935
FILLER_34_104,VSS,Metal1,65.2400,148.9600,0.000935
FILLER_34_100,VSS,Metal1,63.4600,149.3085,0.000926
FILLER_34_84,VSS,Metal1,57.6320,149.5080,0.000914
FILLER_34_49,VSS,Metal1,34.4400,148.9600,0.000913
FILLER_34_45,VSS,Metal1,32.6600,149.3085,0.000901
FILLER_34_37,VSS,Metal1,29.1730,149.4215,0.000897
FILLER_34_34,VSS,Metal1,26.0400,148.9600,0.000896
FILLER_34_30,VSS,Metal1,24.2600,149.3085,0.000897
FILLER_34_18,VSS,Metal1,17.5400,149.3085,0.000897
FILLER_33_594,VSS,Metal1,343.2320,148.4120,0.000947
FILLER_33_562,VSS,Metal1,329.7240,148.3620,0.000945
FILLER_33_508,VSS,Metal1,291.7600,148.9600,0.000956
FILLER_33_492,VSS,Metal1,286.1120,148.4120,0.000957
FILLER_33_488,VSS,Metal1,280.5600,148.9600,0.000961
FILLER_33_484,VSS,Metal1,278.5000,148.6110,0.000961
FILLER_33_475,VSS,Metal1,273.0000,148.9600,0.000961
FILLER_33_471,VSS,Metal1,271.2200,148.6110,0.000961
FILLER_33_428,VSS,Metal1,246.6800,148.9600,0.000961
FILLER_33_426,VSS,Metal1,245.8400,148.9600,0.000958
FILLER_33_422,VSS,Metal1,243.7800,148.6110,0.000958
FILLER_33_394,VSS,Metal1,227.6400,148.9600,0.000958
FILLER_33_392,VSS,Metal1,226.8000,148.9600,0.000948
FILLER_33_384,VSS,Metal1,223.4930,148.4980,0.000948
FILLER_33_352,VSS,Metal1,212.1240,148.3620,0.000942
FILLER_33_342,VSS,Metal1,199.9730,148.4980,0.000937
FILLER_33_306,VSS,Metal1,178.6400,148.9600,0.000932
FILLER_33_298,VSS,Metal1,175.3330,148.4980,0.000932
FILLER_33_282,VSS,Metal1,168.5120,148.4120,0.000932
FILLER_33_276,VSS,Metal1,162.0200,148.6110,0.000938
FILLER_33_212,VSS,Metal1,142.6445,148.3220,0.000946
FILLER_33_208,VSS,Metal1,123.7600,148.9600,0.000946
FILLER_33_192,VSS,Metal1,118.1120,148.4120,0.000946
FILLER_33_139,VSS,Metal1,84.8400,148.9600,0.000935
FILLER_33_135,VSS,Metal1,83.0600,148.6110,0.000935
FILLER_33_92,VSS,Metal1,58.8000,148.9600,0.000914
FILLER_33_88,VSS,Metal1,56.7400,148.6110,0.000914
FILLER_33_72,VSS,Metal1,50.9120,148.4120,0.000914
FILLER_33_68,VSS,Metal1,45.3600,148.9600,0.000913
FILLER_33_64,VSS,Metal1,43.3000,148.6110,0.000913
FILLER_33_48,VSS,Metal1,37.4720,148.4120,0.000913
FILLER_33_16,VSS,Metal1,23.9640,148.3620,0.000897
FILLER_32_667,VSS,Metal1,380.8000,141.1200,0.000716
FILLER_32_613,VSS,Metal1,350.5600,141.1200,0.000713
FILLER_32_597,VSS,Metal1,344.9120,141.6680,0.000711
FILLER_32_594,VSS,Metal1,339.6400,141.1200,0.000710
FILLER_32_590,VSS,Metal1,337.8600,141.4685,0.000710
FILLER_32_574,VSS,Metal1,332.0320,141.6680,0.000710
FILLER_32_542,VSS,Metal1,318.5240,141.7175,0.000711
FILLER_32_516,VSS,Metal1,295.9600,141.1200,0.000720
FILLER_32_514,VSS,Metal1,295.1200,141.1200,0.000720
FILLER_32_507,VSS,Metal1,290.9200,141.1200,0.000736
FILLER_32_491,VSS,Metal1,285.5520,141.6680,0.000737
FILLER_32_453,VSS,Metal1,260.9600,141.1200,0.000761
FILLER_32_437,VSS,Metal1,255.3120,141.6680,0.000762
FILLER_32_384,VSS,Metal1,222.0400,141.1200,0.000762
FILLER_32_382,VSS,Metal1,221.2000,141.1200,0.000762
FILLER_32_378,VSS,Metal1,219.1400,141.4685,0.000762
FILLER_32_342,VSS,Metal1,198.8000,141.1200,0.000742
FILLER_32_311,VSS,Metal1,181.6200,141.4685,0.000724
FILLER_32_247,VSS,Metal1,162.2445,141.7575,0.000721
FILLER_32_244,VSS,Metal1,143.6400,141.1200,0.000721
FILLER_32_242,VSS,Metal1,142.8000,141.1200,0.000721
FILLER_32_234,VSS,Metal1,139.4930,141.5815,0.000721
FILLER_32_202,VSS,Metal1,128.1240,141.7175,0.000721
FILLER_32_173,VSS,Metal1,104.1600,141.1200,0.000724
FILLER_32_169,VSS,Metal1,102.1000,141.4685,0.000724
FILLER_32_161,VSS,Metal1,98.6130,141.5815,0.000725
FILLER_32_126,VSS,Metal1,77.5600,141.1200,0.000735
FILLER_32_122,VSS,Metal1,75.7800,141.4685,0.000733
FILLER_32_114,VSS,Metal1,72.2930,141.5815,0.000730
FILLER_32_107,VSS,Metal1,67.2000,141.1200,0.000729
FILLER_32_104,VSS,Metal1,65.2400,141.1200,0.000729
FILLER_32_102,VSS,Metal1,64.4000,141.1200,0.000729
FILLER_32_83,VSS,Metal1,53.4800,141.1200,0.000702
FILLER_32_81,VSS,Metal1,52.6400,141.1200,0.000702
FILLER_32_77,VSS,Metal1,50.5800,141.4685,0.000702
FILLER_32_69,VSS,Metal1,47.0930,141.5815,0.000688
FILLER_32_37,VSS,Metal1,35.7240,141.7175,0.000680
FILLER_32_31,VSS,Metal1,24.8200,141.4685,0.000679
FILLER_31_562,VSS,Metal1,321.7200,141.1200,0.000711
FILLER_31_556,VSS,Metal1,318.8200,140.7710,0.000711
FILLER_31_540,VSS,Metal1,312.9920,140.5720,0.000712
FILLER_31_504,VSS,Metal1,289.5200,141.1200,0.000736
FILLER_31_500,VSS,Metal1,287.4600,140.7710,0.000737
FILLER_31_492,VSS,Metal1,283.9730,140.6580,0.000737
FILLER_31_419,VSS,Metal1,241.6400,141.1200,0.000762
FILLER_31_417,VSS,Metal1,240.8000,141.1200,0.000762
FILLER_31_413,VSS,Metal1,238.7400,140.7710,0.000762
FILLER_31_405,VSS,Metal1,235.2530,140.6580,0.000762
FILLER_31_367,VSS,Metal1,212.9800,140.7710,0.000761
FILLER_31_349,VSS,Metal1,202.4400,141.1200,0.000761
FILLER_31_314,VSS,Metal1,182.8400,141.1200,0.000724
FILLER_31_282,VSS,Metal1,172.9240,140.5220,0.000721
FILLER_31_276,VSS,Metal1,162.0200,140.7710,0.000721
FILLER_31_212,VSS,Metal1,142.6445,140.4820,0.000721
FILLER_31_208,VSS,Metal1,123.7600,141.1200,0.000721
FILLER_31_200,VSS,Metal1,120.4530,140.6580,0.000721
FILLER_31_158,VSS,Metal1,96.9330,140.6580,0.000726
FILLER_31_142,VSS,Metal1,90.1120,140.5720,0.000735
FILLER_31_139,VSS,Metal1,84.8400,141.1200,0.000735
FILLER_31_137,VSS,Metal1,84.0000,141.1200,0.000735
FILLER_31_133,VSS,Metal1,81.9400,140.7710,0.000735
FILLER_31_122,VSS,Metal1,75.3200,141.1200,0.000733
FILLER_31_120,VSS,Metal1,74.4800,141.1200,0.000730
FILLER_31_97,VSS,Metal1,61.6000,141.1200,0.000725
FILLER_31_89,VSS,Metal1,58.2930,140.6580,0.000725
FILLER_31_81,VSS,Metal1,52.6400,141.1200,0.000702
FILLER_31_72,VSS,Metal1,47.7800,140.7710,0.000688
FILLER_31_68,VSS,Metal1,45.3600,141.1200,0.000681
FILLER_31_62,VSS,Metal1,41.7200,141.1200,0.000680
FILLER_31_58,VSS,Metal1,39.9400,140.7710,0.000680
FILLER_31_50,VSS,Metal1,36.4530,140.6580,0.000680
FILLER_31_18,VSS,Metal1,25.0840,140.5220,0.000679
FILLER_30_667,VSS,Metal1,380.8000,133.2800,0.000996
FILLER_30_654,VSS,Metal1,373.5200,133.2800,0.000995
FILLER_30_612,VSS,Metal1,350.0000,133.2800,0.000991
FILLER_30_594,VSS,Metal1,339.6400,133.2800,0.000991
FILLER_30_592,VSS,Metal1,338.8000,133.2800,0.000991
FILLER_30_576,VSS,Metal1,333.1520,133.8280,0.000990
FILLER_30_541,VSS,Metal1,309.9600,133.2800,0.001002
FILLER_30_539,VSS,Metal1,309.1200,133.2800,0.001002
FILLER_30_535,VSS,Metal1,307.0600,133.6285,0.001002
FILLER_30_509,VSS,Metal1,292.0400,133.2800,0.001005
FILLER_30_505,VSS,Metal1,290.2600,133.6285,0.001005
FILLER_30_469,VSS,Metal1,269.9200,133.2800,0.001007
FILLER_30_465,VSS,Metal1,267.8600,133.6285,0.001007
FILLER_30_457,VSS,Metal1,264.3730,133.7415,0.001007
FILLER_30_403,VSS,Metal1,232.9600,133.2800,0.000994
FILLER_30_387,VSS,Metal1,227.3120,133.8280,0.000993
FILLER_30_384,VSS,Metal1,222.0400,133.2800,0.000993
FILLER_30_382,VSS,Metal1,221.2000,133.2800,0.000993
FILLER_30_374,VSS,Metal1,217.8930,133.7415,0.000993
FILLER_30_358,VSS,Metal1,211.0720,133.8280,0.000983
FILLER_30_317,VSS,Metal1,188.1120,133.8280,0.000934
FILLER_30_311,VSS,Metal1,181.6200,133.6285,0.000910
FILLER_30_295,VSS,Metal1,175.7920,133.8280,0.000904
FILLER_30_259,VSS,Metal1,152.3200,133.2800,0.000888
FILLER_30_255,VSS,Metal1,150.2600,133.6285,0.000888
FILLER_30_247,VSS,Metal1,146.7730,133.7415,0.000888
FILLER_30_241,VSS,Metal1,142.4200,133.6285,0.000885
FILLER_30_225,VSS,Metal1,136.5920,133.8280,0.000884
FILLER_30_193,VSS,Metal1,123.0840,133.8775,0.000883
FILLER_30_185,VSS,Metal1,110.8800,133.2800,0.000883
FILLER_30_177,VSS,Metal1,107.5730,133.7415,0.000883
FILLER_30_174,VSS,Metal1,104.4400,133.2800,0.000883
FILLER_30_172,VSS,Metal1,103.6000,133.2800,0.000883
FILLER_30_164,VSS,Metal1,100.2930,133.7415,0.000883
FILLER_30_148,VSS,Metal1,93.4720,133.8280,0.000883
FILLER_30_116,VSS,Metal1,79.9640,133.8775,0.000882
FILLER_30_85,VSS,Metal1,55.0600,133.6285,0.000874
FILLER_30_69,VSS,Metal1,49.2320,133.8280,0.000872
FILLER_30_37,VSS,Metal1,35.7240,133.8775,0.000867
FILLER_30_31,VSS,Metal1,24.8200,133.6285,0.000854
FILLER_30_26,VSS,Metal1,21.5600,133.2800,0.000854
FILLER_30_24,VSS,Metal1,20.7200,133.2800,0.000854
FILLER_30_8,VSS,Metal1,11.9400,133.6285,0.000854
FILLER_29_621,VSS,Metal1,354.7600,133.2800,0.000991
FILLER_29_585,VSS,Metal1,334.8800,133.2800,0.000990
FILLER_29_577,VSS,Metal1,331.5730,132.8180,0.000990
FILLER_29_509,VSS,Metal1,292.0400,133.2800,0.001005
FILLER_29_507,VSS,Metal1,291.2000,133.2800,0.001005
FILLER_29_494,VSS,Metal1,283.6400,133.2800,0.001007
FILLER_29_492,VSS,Metal1,282.8000,133.2800,0.001007
FILLER_29_477,VSS,Metal1,274.1200,133.2800,0.001007
FILLER_29_445,VSS,Metal1,264.2040,132.6820,0.001007
FILLER_29_440,VSS,Metal1,253.4000,133.2800,0.001007
FILLER_29_438,VSS,Metal1,252.5600,133.2800,0.001007
FILLER_29_434,VSS,Metal1,250.5000,132.9310,0.001007
FILLER_29_428,VSS,Metal1,246.6800,133.2800,0.001007
FILLER_29_426,VSS,Metal1,245.8400,133.2800,0.001007
FILLER_29_422,VSS,Metal1,243.7800,132.9310,0.001007
FILLER_29_418,VSS,Metal1,241.3600,133.2800,0.001007
FILLER_29_414,VSS,Metal1,239.3000,132.9310,0.001007
FILLER_29_406,VSS,Metal1,235.8130,132.8180,0.001007
FILLER_29_374,VSS,Metal1,224.4440,132.6820,0.000993
FILLER_29_364,VSS,Metal1,211.1200,133.2800,0.000983
FILLER_29_360,VSS,Metal1,209.0600,132.9310,0.000983
FILLER_29_352,VSS,Metal1,205.5730,132.8180,0.000972
FILLER_29_314,VSS,Metal1,183.3000,132.9310,0.000926
FILLER_29_282,VSS,Metal1,172.9240,132.6820,0.000905
FILLER_29_278,VSS,Metal1,162.9600,133.2800,0.000905
FILLER_29_262,VSS,Metal1,153.7200,133.2800,0.000896
FILLER_29_260,VSS,Metal1,152.8800,133.2800,0.000888
FILLER_29_244,VSS,Metal1,147.2320,132.7320,0.000888
FILLER_29_212,VSS,Metal1,133.7240,132.6820,0.000884
FILLER_29_206,VSS,Metal1,122.8200,132.9310,0.000883
FILLER_29_142,VSS,Metal1,103.4445,132.6420,0.000883
FILLER_29_138,VSS,Metal1,84.5600,133.2800,0.000882
FILLER_29_134,VSS,Metal1,82.5000,132.9310,0.000882
FILLER_29_102,VSS,Metal1,72.1240,132.6820,0.000882
FILLER_29_92,VSS,Metal1,58.8000,133.2800,0.000880
FILLER_29_88,VSS,Metal1,56.7400,132.9310,0.000880
FILLER_29_72,VSS,Metal1,50.9120,132.7320,0.000872
FILLER_28_667,VSS,Metal1,380.8000,125.4400,0.001217
FILLER_28_664,VSS,Metal1,378.8400,125.4400,0.001217
FILLER_28_662,VSS,Metal1,378.0000,125.4400,0.001216
FILLER_28_654,VSS,Metal1,373.5200,125.4400,0.001216
FILLER_28_605,VSS,Metal1,346.2600,125.7885,0.001206
FILLER_28_597,VSS,Metal1,342.7730,125.9015,0.001205
FILLER_28_594,VSS,Metal1,339.6400,125.4400,0.001198
FILLER_28_592,VSS,Metal1,338.8000,125.4400,0.001198
FILLER_28_584,VSS,Metal1,335.4930,125.9015,0.001198
FILLER_28_549,VSS,Metal1,314.4400,125.4400,0.001200
FILLER_28_547,VSS,Metal1,313.6000,125.4400,0.001200
FILLER_28_543,VSS,Metal1,311.5400,125.7885,0.001200
FILLER_28_535,VSS,Metal1,308.0530,125.9015,0.001200
FILLER_28_489,VSS,Metal1,281.1200,125.4400,0.001212
FILLER_28_457,VSS,Metal1,270.9240,126.0375,0.001212
FILLER_28_453,VSS,Metal1,260.9600,125.4400,0.001216
FILLER_28_421,VSS,Metal1,250.7640,126.0375,0.001217
FILLER_28_383,VSS,Metal1,221.7600,125.4400,0.001219
FILLER_28_375,VSS,Metal1,218.4530,125.9015,0.001219
FILLER_28_359,VSS,Metal1,211.6320,125.9880,0.001219
FILLER_28_317,VSS,Metal1,185.9730,125.9015,0.001213
FILLER_28_314,VSS,Metal1,182.8400,125.4400,0.001212
FILLER_28_310,VSS,Metal1,181.0600,125.7885,0.001212
FILLER_28_294,VSS,Metal1,175.2320,125.9880,0.001215
FILLER_28_262,VSS,Metal1,161.7240,126.0375,0.001215
FILLER_28_241,VSS,Metal1,142.4200,125.7885,0.001216
FILLER_28_233,VSS,Metal1,138.9330,125.9015,0.001216
FILLER_28_217,VSS,Metal1,132.1120,125.9880,0.001225
FILLER_28_181,VSS,Metal1,108.6400,125.4400,0.001227
FILLER_28_177,VSS,Metal1,106.5800,125.7885,0.001227
FILLER_28_111,VSS,Metal1,86.0845,126.0775,0.001227
FILLER_28_53,VSS,Metal1,40.2720,125.9880,0.001207
FILLER_28_24,VSS,Metal1,20.4400,125.4400,0.001171
FILLER_28_16,VSS,Metal1,17.4130,125.9015,0.001182
FILLER_27_602,VSS,Metal1,345.5730,124.9780,0.001206
FILLER_27_594,VSS,Metal1,339.9200,125.4400,0.001198
FILLER_27_562,VSS,Metal1,329.7240,124.8420,0.001198
FILLER_27_508,VSS,Metal1,291.7600,125.4400,0.001202
FILLER_27_492,VSS,Metal1,286.1120,124.8920,0.001202
FILLER_27_488,VSS,Metal1,280.5600,125.4400,0.001212
FILLER_27_456,VSS,Metal1,270.3640,124.8420,0.001213
FILLER_27_410,VSS,Metal1,236.8800,125.4400,0.001219
FILLER_27_402,VSS,Metal1,232.4000,125.4400,0.001219
FILLER_27_348,VSS,Metal1,202.1600,125.4400,0.001218
FILLER_27_344,VSS,Metal1,200.1000,125.0910,0.001218
FILLER_27_336,VSS,Metal1,196.6130,124.9780,0.001217
FILLER_27_298,VSS,Metal1,174.3400,125.0910,0.001215
FILLER_27_282,VSS,Metal1,168.5120,124.8920,0.001215
FILLER_27_276,VSS,Metal1,162.0200,125.0910,0.001215
FILLER_27_268,VSS,Metal1,158.5330,124.9780,0.001215
FILLER_27_232,VSS,Metal1,137.2000,125.4400,0.001224
FILLER_27_228,VSS,Metal1,135.1400,125.0910,0.001224
FILLER_27_212,VSS,Metal1,129.3120,124.8920,0.001225
FILLER_27_206,VSS,Metal1,122.8200,125.0910,0.001226
FILLER_27_142,VSS,Metal1,103.4445,124.8020,0.001227
FILLER_27_139,VSS,Metal1,84.8400,125.4400,0.001227
FILLER_27_131,VSS,Metal1,81.8130,124.9780,0.001227
FILLER_27_96,VSS,Metal1,60.7600,125.4400,0.001227
FILLER_27_92,VSS,Metal1,58.9800,125.0910,0.001227
FILLER_27_84,VSS,Metal1,55.4930,124.9780,0.001225
FILLER_27_76,VSS,Metal1,49.5600,125.4400,0.001220
FILLER_27_72,VSS,Metal1,47.7800,125.0910,0.001220
FILLER_27_68,VSS,Metal1,45.3600,125.4400,0.001207
FILLER_27_52,VSS,Metal1,39.7120,124.8920,0.001206
FILLER_27_16,VSS,Metal1,15.9600,125.4400,0.001182
FILLER_26_655,VSS,Metal1,373.8000,117.6000,0.000511
FILLER_26_653,VSS,Metal1,372.9600,117.6000,0.000511
FILLER_26_617,VSS,Metal1,352.8000,117.6000,0.000507
FILLER_26_613,VSS,Metal1,350.7400,117.9485,0.000507
FILLER_26_601,VSS,Metal1,343.5600,117.6000,0.000505
FILLER_26_597,VSS,Metal1,341.7800,117.9485,0.000505
FILLER_26_593,VSS,Metal1,339.3600,117.6000,0.000505
FILLER_26_577,VSS,Metal1,333.7120,118.1480,0.000505
FILLER_26_568,VSS,Metal1,325.0800,117.6000,0.000513
FILLER_26_560,VSS,Metal1,322.0530,118.0615,0.000514
FILLER_26_527,VSS,Metal1,302.1200,117.6000,0.000517
FILLER_26_524,VSS,Metal1,300.4400,117.6000,0.000518
FILLER_26_505,VSS,Metal1,290.2600,117.9485,0.000521
FILLER_26_489,VSS,Metal1,284.4320,118.1480,0.000526
FILLER_26_457,VSS,Metal1,270.9240,118.1975,0.000530
FILLER_26_454,VSS,Metal1,261.2400,117.6000,0.000530
FILLER_26_452,VSS,Metal1,260.4000,117.6000,0.000530
FILLER_26_448,VSS,Metal1,258.3400,117.9485,0.000530
FILLER_26_427,VSS,Metal1,246.1200,117.6000,0.000532
FILLER_26_425,VSS,Metal1,245.2800,117.6000,0.000532
FILLER_26_421,VSS,Metal1,243.2200,117.9485,0.000532
FILLER_26_383,VSS,Metal1,221.7600,117.6000,0.000532
FILLER_26_379,VSS,Metal1,219.7000,117.9485,0.000532
FILLER_26_341,VSS,Metal1,198.4200,117.9485,0.000530
FILLER_26_314,VSS,Metal1,182.8400,117.6000,0.000525
FILLER_26_310,VSS,Metal1,181.0600,117.9485,0.000524
FILLER_26_294,VSS,Metal1,175.2320,118.1480,0.000524
FILLER_26_249,VSS,Metal1,146.4400,117.6000,0.000526
FILLER_26_247,VSS,Metal1,145.6000,117.6000,0.000526
FILLER_26_210,VSS,Metal1,124.6000,117.6000,0.000522
FILLER_26_208,VSS,Metal1,123.7600,117.6000,0.000522
FILLER_26_177,VSS,Metal1,109.7120,118.1480,0.000521
FILLER_26_171,VSS,Metal1,103.2200,117.9485,0.000521
FILLER_26_107,VSS,Metal1,83.8445,118.2375,0.000518
FILLER_26_104,VSS,Metal1,65.2400,117.6000,0.000518
FILLER_26_96,VSS,Metal1,62.2130,118.0615,0.000518
FILLER_26_80,VSS,Metal1,55.3920,118.1480,0.000518
FILLER_26_48,VSS,Metal1,41.8840,118.1975,0.000518
FILLER_26_37,VSS,Metal1,27.7200,117.6000,0.000518
FILLER_26_34,VSS,Metal1,26.0400,117.6000,0.000510
FILLER_26_24,VSS,Metal1,20.7200,117.6000,0.000511
FILLER_25_628,VSS,Metal1,358.9600,117.6000,0.000511
FILLER_25_619,VSS,Metal1,353.6400,117.6000,0.000507
FILLER_25_611,VSS,Metal1,350.6130,117.1380,0.000507
FILLER_25_576,VSS,Metal1,329.5600,117.6000,0.000508
FILLER_25_574,VSS,Metal1,328.7200,117.6000,0.000508
FILLER_25_570,VSS,Metal1,326.6600,117.2510,0.000508
FILLER_25_544,VSS,Metal1,311.6400,117.6000,0.000516
FILLER_25_540,VSS,Metal1,309.8600,117.2510,0.000516
FILLER_25_504,VSS,Metal1,289.5200,117.6000,0.000525
FILLER_25_500,VSS,Metal1,287.4600,117.2510,0.000525
FILLER_25_492,VSS,Metal1,283.9730,117.1380,0.000526
FILLER_25_486,VSS,Metal1,279.6200,117.2510,0.000529
FILLER_25_478,VSS,Metal1,274.9600,117.6000,0.000530
FILLER_25_474,VSS,Metal1,272.9000,117.2510,0.000530
FILLER_25_466,VSS,Metal1,269.4130,117.1380,0.000530
FILLER_25_430,VSS,Metal1,248.0800,117.6000,0.000531
FILLER_25_422,VSS,Metal1,244.7730,117.1380,0.000532
FILLER_25_419,VSS,Metal1,241.6400,117.6000,0.000532
FILLER_25_417,VSS,Metal1,240.8000,117.6000,0.000532
FILLER_25_413,VSS,Metal1,238.7400,117.2510,0.000532
FILLER_25_408,VSS,Metal1,235.4800,117.6000,0.000532
FILLER_25_404,VSS,Metal1,233.7000,117.2510,0.000532
FILLER_25_360,VSS,Metal1,208.8800,117.6000,0.000532
FILLER_25_352,VSS,Metal1,205.5730,117.1380,0.000532
FILLER_25_349,VSS,Metal1,202.4400,117.6000,0.000532
FILLER_25_298,VSS,Metal1,173.8800,117.6000,0.000524
FILLER_25_282,VSS,Metal1,168.5120,117.0520,0.000524
FILLER_25_264,VSS,Metal1,154.8400,117.6000,0.000524
FILLER_25_262,VSS,Metal1,154.0000,117.6000,0.000524
FILLER_25_258,VSS,Metal1,151.9400,117.2510,0.000525
FILLER_25_250,VSS,Metal1,148.4530,117.1380,0.000526
FILLER_25_234,VSS,Metal1,141.6320,117.0520,0.000526
FILLER_25_218,VSS,Metal1,129.0800,117.6000,0.000526
FILLER_25_216,VSS,Metal1,128.2400,117.6000,0.000526
FILLER_25_212,VSS,Metal1,126.1800,117.2510,0.000526
FILLER_25_209,VSS,Metal1,124.0400,117.6000,0.000522
FILLER_25_201,VSS,Metal1,121.0130,117.1380,0.000521
FILLER_25_185,VSS,Metal1,114.1920,117.0520,0.000521
FILLER_25_166,VSS,Metal1,100.4200,117.2510,0.000519
FILLER_25_158,VSS,Metal1,96.9330,117.1380,0.000518
FILLER_25_142,VSS,Metal1,90.1120,117.0520,0.000518
FILLER_25_136,VSS,Metal1,83.6200,117.2510,0.000518
FILLER_25_72,VSS,Metal1,64.2445,116.9620,0.000518
FILLER_25_68,VSS,Metal1,45.3600,117.6000,0.000518
FILLER_25_60,VSS,Metal1,42.0530,117.1380,0.000518
FILLER_25_36,VSS,Metal1,27.1600,117.6000,0.000516
FILLER_24_667,VSS,Metal1,380.8000,109.7600,0.000679
FILLER_24_636,VSS,Metal1,363.1600,109.7600,0.000677
FILLER_24_608,VSS,Metal1,347.9400,110.1085,0.000659
FILLER_24_597,VSS,Metal1,341.6000,109.7600,0.000659
FILLER_24_576,VSS,Metal1,330.0200,110.1085,0.000659
FILLER_24_541,VSS,Metal1,309.9600,109.7600,0.000659
FILLER_24_533,VSS,Metal1,306.9330,110.2215,0.000659
FILLER_24_509,VSS,Metal1,292.0400,109.7600,0.000657
FILLER_24_507,VSS,Metal1,291.2000,109.7600,0.000657
FILLER_24_503,VSS,Metal1,289.1400,110.1085,0.000657
FILLER_24_487,VSS,Metal1,283.3120,110.3080,0.000656
FILLER_24_477,VSS,Metal1,274.4000,109.7600,0.000639
FILLER_24_465,VSS,Metal1,267.4000,109.7600,0.000608
FILLER_24_457,VSS,Metal1,264.3730,110.2215,0.000608
FILLER_24_454,VSS,Metal1,261.2400,109.7600,0.000608
FILLER_24_446,VSS,Metal1,258.2130,110.2215,0.000599
FILLER_24_439,VSS,Metal1,253.1200,109.7600,0.000599
FILLER_24_435,VSS,Metal1,251.0600,110.1085,0.000599
FILLER_24_419,VSS,Metal1,245.2320,110.3080,0.000599
FILLER_24_393,VSS,Metal1,227.0800,109.7600,0.000591
FILLER_24_391,VSS,Metal1,226.2400,109.7600,0.000591
FILLER_24_387,VSS,Metal1,224.1800,110.1085,0.000591
FILLER_24_384,VSS,Metal1,222.0400,109.7600,0.000591
FILLER_24_382,VSS,Metal1,221.2000,109.7600,0.000591
FILLER_24_372,VSS,Metal1,215.6000,109.7600,0.000591
FILLER_24_366,VSS,Metal1,211.9600,109.7600,0.000591
FILLER_24_362,VSS,Metal1,210.1800,110.1085,0.000591
FILLER_24_327,VSS,Metal1,190.1200,109.7600,0.000558
FILLER_24_325,VSS,Metal1,189.2800,109.7600,0.000557
FILLER_24_317,VSS,Metal1,185.9730,110.2215,0.000555
FILLER_24_311,VSS,Metal1,181.6200,110.1085,0.000554
FILLER_24_247,VSS,Metal1,162.2445,110.3975,0.000554
FILLER_24_241,VSS,Metal1,142.4200,110.1085,0.000554
FILLER_24_177,VSS,Metal1,123.0445,110.3975,0.000554
FILLER_24_171,VSS,Metal1,103.2200,110.1085,0.000554
FILLER_24_107,VSS,Metal1,83.8445,110.3975,0.000554
FILLER_24_104,VSS,Metal1,65.2400,109.7600,0.000554
FILLER_24_100,VSS,Metal1,63.4600,110.1085,0.000554
FILLER_24_84,VSS,Metal1,57.6320,110.3080,0.000554
FILLER_24_49,VSS,Metal1,34.4400,109.7600,0.000550
FILLER_24_45,VSS,Metal1,32.6600,110.1085,0.000550
FILLER_24_37,VSS,Metal1,29.1730,110.2215,0.000550
FILLER_24_31,VSS,Metal1,24.8200,110.1085,0.000550
FILLER_24_23,VSS,Metal1,21.3330,110.2215,0.000550
FILLER_23_666,VSS,Metal1,379.9600,109.7600,0.000679
FILLER_23_662,VSS,Metal1,378.1800,109.4110,0.000679
FILLER_23_647,VSS,Metal1,369.3200,109.7600,0.000677
FILLER_23_619,VSS,Metal1,354.1000,109.4110,0.000659
FILLER_23_568,VSS,Metal1,325.0800,109.7600,0.000659
FILLER_23_566,VSS,Metal1,324.2400,109.7600,0.000659
FILLER_23_562,VSS,Metal1,322.1800,109.4110,0.000659
FILLER_23_558,VSS,Metal1,319.7600,109.7600,0.000659
FILLER_23_554,VSS,Metal1,317.7000,109.4110,0.000659
FILLER_23_522,VSS,Metal1,307.3240,109.1620,0.000659
FILLER_23_513,VSS,Metal1,294.2800,109.7600,0.000658
FILLER_23_497,VSS,Metal1,288.9120,109.2120,0.000657
FILLER_23_478,VSS,Metal1,274.9600,109.7600,0.000639
FILLER_23_470,VSS,Metal1,271.6530,109.2980,0.000616
FILLER_23_454,VSS,Metal1,264.8320,109.2120,0.000608
FILLER_23_422,VSS,Metal1,251.3240,109.1620,0.000599
FILLER_23_416,VSS,Metal1,240.4200,109.4110,0.000593
FILLER_23_352,VSS,Metal1,221.0445,109.1220,0.000591
FILLER_23_334,VSS,Metal1,194.0400,109.7600,0.000590
FILLER_23_330,VSS,Metal1,192.2600,109.4110,0.000590
FILLER_23_322,VSS,Metal1,188.7730,109.2980,0.000557
FILLER_23_290,VSS,Metal1,169.4000,109.7600,0.000554
FILLER_23_282,VSS,Metal1,166.3730,109.2980,0.000554
FILLER_23_278,VSS,Metal1,162.9600,109.7600,0.000554
FILLER_23_262,VSS,Metal1,157.3120,109.2120,0.000554
FILLER_23_212,VSS,Metal1,129.3120,109.2120,0.000554
FILLER_23_209,VSS,Metal1,124.0400,109.7600,0.000554
FILLER_23_207,VSS,Metal1,123.2000,109.7600,0.000554
FILLER_23_191,VSS,Metal1,117.5520,109.2120,0.000554
FILLER_23_156,VSS,Metal1,94.3600,109.7600,0.000554
FILLER_23_154,VSS,Metal1,93.5200,109.7600,0.000554
FILLER_23_150,VSS,Metal1,91.4600,109.4110,0.000554
FILLER_23_142,VSS,Metal1,87.9730,109.2980,0.000554
FILLER_23_136,VSS,Metal1,83.6200,109.4110,0.000554
FILLER_23_72,VSS,Metal1,64.2445,109.1220,0.000554
FILLER_23_54,VSS,Metal1,40.8320,109.2120,0.000554
FILLER_23_22,VSS,Metal1,27.3240,109.1620,0.000550
FILLER_22_682,VSS,Metal1,388.9200,101.9200,0.000614
FILLER_22_680,VSS,Metal1,388.0800,101.9200,0.000614
FILLER_22_676,VSS,Metal1,386.0200,102.2685,0.000614
FILLER_22_657,VSS,Metal1,374.9200,101.9200,0.000613
FILLER_22_605,VSS,Metal1,346.0800,101.9200,0.000608
FILLER_22_597,VSS,Metal1,342.7730,102.3815,0.000608
FILLER_22_591,VSS,Metal1,338.4200,102.2685,0.000608
FILLER_22_581,VSS,Metal1,332.6400,101.9200,0.000613
FILLER_22_543,VSS,Metal1,311.5400,102.2685,0.000614
FILLER_22_527,VSS,Metal1,305.7120,102.4680,0.000616
FILLER_22_524,VSS,Metal1,300.4400,101.9200,0.000631
FILLER_22_522,VSS,Metal1,299.6000,101.9200,0.000631
FILLER_22_506,VSS,Metal1,293.9520,102.4680,0.000633
FILLER_22_465,VSS,Metal1,267.6800,101.9200,0.000638
FILLER_22_457,VSS,Metal1,264.3730,102.3815,0.000638
FILLER_22_453,VSS,Metal1,260.9600,101.9200,0.000639
FILLER_22_449,VSS,Metal1,258.9000,102.2685,0.000639
FILLER_22_439,VSS,Metal1,252.8400,101.9200,0.000639
FILLER_22_429,VSS,Metal1,247.2400,101.9200,0.000639
FILLER_22_427,VSS,Metal1,246.4000,101.9200,0.000640
FILLER_22_419,VSS,Metal1,243.0930,102.3815,0.000640
FILLER_22_387,VSS,Metal1,231.7240,102.5175,0.000640
FILLER_22_349,VSS,Metal1,202.7200,101.9200,0.000638
FILLER_22_341,VSS,Metal1,199.4130,102.3815,0.000638
FILLER_22_325,VSS,Metal1,189.2800,101.9200,0.000637
FILLER_22_317,VSS,Metal1,185.9730,102.3815,0.000637
FILLER_22_314,VSS,Metal1,182.8400,101.9200,0.000637
FILLER_22_312,VSS,Metal1,182.0000,101.9200,0.000637
FILLER_22_308,VSS,Metal1,179.9400,102.2685,0.000637
FILLER_22_273,VSS,Metal1,159.8800,101.9200,0.000644
FILLER_22_271,VSS,Metal1,159.0400,101.9200,0.000644
FILLER_22_263,VSS,Metal1,155.7330,102.3815,0.000644
FILLER_22_247,VSS,Metal1,148.9120,102.4680,0.000645
FILLER_22_244,VSS,Metal1,143.6400,101.9200,0.000651
FILLER_22_236,VSS,Metal1,140.6130,102.3815,0.000652
FILLER_22_201,VSS,Metal1,119.5600,101.9200,0.000676
FILLER_22_193,VSS,Metal1,116.5330,102.3815,0.000676
FILLER_22_177,VSS,Metal1,109.7120,102.4680,0.000676
FILLER_22_171,VSS,Metal1,103.2200,102.2685,0.000676
FILLER_22_107,VSS,Metal1,83.8445,102.5575,0.000678
FILLER_22_101,VSS,Metal1,64.0200,102.2685,0.000678
FILLER_22_37,VSS,Metal1,44.6445,102.5575,0.000677
FILLER_22_31,VSS,Metal1,24.8200,102.2685,0.000668
FILLER_22_23,VSS,Metal1,21.3330,102.3815,0.000668
FILLER_21_663,VSS,Metal1,379.7330,101.4580,0.000614
FILLER_21_636,VSS,Metal1,363.6200,101.5710,0.000611
FILLER_21_617,VSS,Metal1,352.5200,101.9200,0.000608
FILLER_21_615,VSS,Metal1,351.6800,101.9200,0.000608
FILLER_21_580,VSS,Metal1,331.8000,101.9200,0.000613
FILLER_21_578,VSS,Metal1,330.9600,101.9200,0.000613
FILLER_21_562,VSS,Metal1,325.3120,101.3720,0.000614
FILLER_21_559,VSS,Metal1,320.0400,101.9200,0.000614
FILLER_21_557,VSS,Metal1,319.2000,101.9200,0.000614
FILLER_21_553,VSS,Metal1,317.1400,101.5710,0.000614
FILLER_21_545,VSS,Metal1,313.6530,101.4580,0.000614
FILLER_21_529,VSS,Metal1,306.8320,101.3720,0.000616
FILLER_21_519,VSS,Metal1,297.9200,101.9200,0.000633
FILLER_21_515,VSS,Metal1,295.8600,101.5710,0.000633
FILLER_21_500,VSS,Metal1,287.4600,101.5710,0.000635
FILLER_21_492,VSS,Metal1,283.9730,101.4580,0.000637
FILLER_21_489,VSS,Metal1,280.8400,101.9200,0.000637
FILLER_21_485,VSS,Metal1,279.0600,101.5710,0.000637
FILLER_21_469,VSS,Metal1,273.2320,101.3720,0.000637
FILLER_21_452,VSS,Metal1,260.1200,101.9200,0.000639
FILLER_21_448,VSS,Metal1,258.3400,101.5710,0.000639
FILLER_21_440,VSS,Metal1,254.8530,101.4580,0.000639
FILLER_21_416,VSS,Metal1,240.4200,101.5710,0.000640
FILLER_21_408,VSS,Metal1,236.9330,101.4580,0.000640
FILLER_21_392,VSS,Metal1,230.1120,101.3720,0.000640
FILLER_21_386,VSS,Metal1,223.1600,101.9200,0.000643
FILLER_21_384,VSS,Metal1,222.3200,101.9200,0.000643
FILLER_21_380,VSS,Metal1,220.2600,101.5710,0.000643
FILLER_21_372,VSS,Metal1,216.7730,101.4580,0.000643
FILLER_21_356,VSS,Metal1,206.3600,101.9200,0.000643
FILLER_21_352,VSS,Metal1,204.5800,101.5710,0.000643
FILLER_21_349,VSS,Metal1,202.4400,101.9200,0.000638
FILLER_21_345,VSS,Metal1,200.6600,101.5710,0.000638
FILLER_21_329,VSS,Metal1,194.8320,101.3720,0.000638
FILLER_21_297,VSS,Metal1,181.3240,101.3220,0.000637
FILLER_21_229,VSS,Metal1,135.5200,101.9200,0.000653
FILLER_21_212,VSS,Metal1,126.0000,101.9200,0.000653
FILLER_21_208,VSS,Metal1,123.7600,101.9200,0.000653
FILLER_21_204,VSS,Metal1,121.7000,101.5710,0.000653
FILLER_21_166,VSS,Metal1,100.4200,101.5710,0.000678
FILLER_21_158,VSS,Metal1,96.9330,101.4580,0.000678
FILLER_21_142,VSS,Metal1,90.1120,101.3720,0.000678
FILLER_21_88,VSS,Metal1,56.5600,101.9200,0.000677
FILLER_21_72,VSS,Metal1,50.9120,101.3720,0.000677
FILLER_21_68,VSS,Metal1,45.3600,101.9200,0.000677
FILLER_21_36,VSS,Metal1,35.1640,101.3220,0.000677
FILLER_20_676,VSS,Metal1,385.8400,94.0800,0.000524
FILLER_20_650,VSS,Metal1,371.0000,94.0800,0.000524
FILLER_20_646,VSS,Metal1,369.2200,94.4285,0.000524
FILLER_20_630,VSS,Metal1,363.3920,94.6280,0.000523
FILLER_20_597,VSS,Metal1,341.7800,94.4285,0.000521
FILLER_20_569,VSS,Metal1,325.6400,94.0800,0.000536
FILLER_20_565,VSS,Metal1,323.8600,94.4285,0.000536
FILLER_20_527,VSS,Metal1,302.5800,94.4285,0.000578
FILLER_20_518,VSS,Metal1,297.0800,94.0800,0.000578
FILLER_20_510,VSS,Metal1,294.0530,94.5415,0.000578
FILLER_20_499,VSS,Metal1,286.7200,94.0800,0.000572
FILLER_20_491,VSS,Metal1,283.4130,94.5415,0.000571
FILLER_20_442,VSS,Metal1,254.8000,94.0800,0.000525
FILLER_20_438,VSS,Metal1,252.7400,94.4285,0.000524
FILLER_20_430,VSS,Metal1,249.2530,94.5415,0.000524
FILLER_20_403,VSS,Metal1,232.6800,94.0800,0.000486
FILLER_20_399,VSS,Metal1,230.9000,94.4285,0.000486
FILLER_20_387,VSS,Metal1,224.0000,94.0800,0.000448
FILLER_20_384,VSS,Metal1,222.0400,94.0800,0.000441
FILLER_20_382,VSS,Metal1,221.2000,94.0800,0.000441
FILLER_20_366,VSS,Metal1,215.5520,94.6280,0.000441
FILLER_20_334,VSS,Metal1,202.0440,94.6775,0.000439
FILLER_20_323,VSS,Metal1,187.8800,94.0800,0.000437
FILLER_20_321,VSS,Metal1,187.0400,94.0800,0.000437
FILLER_20_317,VSS,Metal1,184.9800,94.4285,0.000432
FILLER_20_314,VSS,Metal1,182.8400,94.0800,0.000411
FILLER_20_312,VSS,Metal1,182.0000,94.0800,0.000411
FILLER_20_270,VSS,Metal1,166.2040,94.6775,0.000412
FILLER_20_247,VSS,Metal1,146.7730,94.5415,0.000412
FILLER_20_244,VSS,Metal1,143.6400,94.0800,0.000412
FILLER_20_226,VSS,Metal1,134.0200,94.4285,0.000413
FILLER_20_194,VSS,Metal1,123.6440,94.6775,0.000418
FILLER_20_177,VSS,Metal1,106.4000,94.0800,0.000419
FILLER_20_174,VSS,Metal1,104.4400,94.0800,0.000419
FILLER_20_170,VSS,Metal1,102.6600,94.4285,0.000419
FILLER_20_162,VSS,Metal1,99.1730,94.5415,0.000419
FILLER_20_130,VSS,Metal1,87.8040,94.6775,0.000418
FILLER_20_121,VSS,Metal1,74.7600,94.0800,0.000418
FILLER_20_119,VSS,Metal1,73.9200,94.0800,0.000418
FILLER_20_115,VSS,Metal1,71.8600,94.4285,0.000418
FILLER_20_107,VSS,Metal1,68.3730,94.5415,0.000418
FILLER_20_101,VSS,Metal1,64.0200,94.4285,0.000418
FILLER_20_37,VSS,Metal1,44.6445,94.7175,0.000418
FILLER_20_18,VSS,Metal1,17.3600,94.0800,0.000419
FILLER_19_656,VSS,Metal1,374.3600,94.0800,0.000524
FILLER_19_648,VSS,Metal1,371.3330,93.6180,0.000524
FILLER_19_632,VSS,Metal1,364.5120,93.5320,0.000523
FILLER_19_613,VSS,Metal1,350.2800,94.0800,0.000521
FILLER_19_605,VSS,Metal1,347.2530,93.6180,0.000521
FILLER_19_574,VSS,Metal1,328.4400,94.0800,0.000520
FILLER_19_570,VSS,Metal1,326.6600,93.7310,0.000526
FILLER_19_562,VSS,Metal1,323.1730,93.6180,0.000536
FILLER_19_559,VSS,Metal1,320.0400,94.0800,0.000578
FILLER_19_551,VSS,Metal1,317.0130,93.6180,0.000578
FILLER_19_500,VSS,Metal1,287.0000,94.0800,0.000572
FILLER_19_492,VSS,Metal1,283.9730,93.6180,0.000572
FILLER_19_489,VSS,Metal1,280.8400,94.0800,0.000568
FILLER_19_481,VSS,Metal1,277.8130,93.6180,0.000568
FILLER_19_465,VSS,Metal1,270.9920,93.5320,0.000568
FILLER_19_445,VSS,Metal1,256.6600,93.7310,0.000531
FILLER_19_429,VSS,Metal1,250.8320,93.5320,0.000524
FILLER_19_416,VSS,Metal1,240.4200,93.7310,0.000496
FILLER_19_385,VSS,Metal1,223.0600,93.7310,0.000448
FILLER_19_377,VSS,Metal1,219.5730,93.6180,0.000441
FILLER_19_361,VSS,Metal1,212.7520,93.5320,0.000440
FILLER_19_342,VSS,Metal1,199.9730,93.6180,0.000439
FILLER_19_329,VSS,Metal1,191.5200,94.0800,0.000437
FILLER_19_292,VSS,Metal1,170.5200,94.0800,0.000412
FILLER_19_290,VSS,Metal1,169.6800,94.0800,0.000412
FILLER_19_282,VSS,Metal1,166.3730,93.6180,0.000412
FILLER_19_279,VSS,Metal1,163.2400,94.0800,0.000412
FILLER_19_275,VSS,Metal1,161.4600,93.7310,0.000412
FILLER_19_259,VSS,Metal1,155.6320,93.5320,0.000412
FILLER_19_227,VSS,Metal1,142.1240,93.4820,0.000412
FILLER_19_208,VSS,Metal1,123.7600,94.0800,0.000418
FILLER_19_204,VSS,Metal1,121.7000,93.7310,0.000418
FILLER_19_196,VSS,Metal1,118.2130,93.6180,0.000418
FILLER_19_180,VSS,Metal1,111.3920,93.5320,0.000418
FILLER_19_142,VSS,Metal1,86.9800,93.7310,0.000418
FILLER_19_136,VSS,Metal1,83.6200,93.7310,0.000418
FILLER_19_72,VSS,Metal1,64.2445,93.4420,0.000418
FILLER_19_69,VSS,Metal1,45.6400,94.0800,0.000418
FILLER_19_67,VSS,Metal1,44.8000,94.0800,0.000418
FILLER_19_51,VSS,Metal1,39.1520,93.5320,0.000418
FILLER_19_16,VSS,Metal1,15.9600,94.0800,0.000419
FILLER_18_663,VSS,Metal1,378.5600,86.2400,0.000716
FILLER_18_647,VSS,Metal1,372.9120,86.7880,0.000716
FILLER_18_559,VSS,Metal1,320.3200,86.2400,0.000680
FILLER_18_555,VSS,Metal1,318.2600,86.5885,0.000680
FILLER_18_539,VSS,Metal1,312.4320,86.7880,0.000680
FILLER_18_527,VSS,Metal1,302.5800,86.5885,0.000678
FILLER_18_524,VSS,Metal1,300.4400,86.2400,0.000677
FILLER_18_495,VSS,Metal1,284.2000,86.2400,0.000673
FILLER_18_493,VSS,Metal1,283.3600,86.2400,0.000673
FILLER_18_489,VSS,Metal1,281.3000,86.5885,0.000672
FILLER_18_457,VSS,Metal1,270.9240,86.8375,0.000671
FILLER_18_451,VSS,Metal1,260.0200,86.5885,0.000666
FILLER_18_387,VSS,Metal1,240.6445,86.8775,0.000664
FILLER_18_383,VSS,Metal1,221.7600,86.2400,0.000662
FILLER_18_379,VSS,Metal1,219.7000,86.5885,0.000662
FILLER_18_347,VSS,Metal1,209.3240,86.8375,0.000662
FILLER_18_325,VSS,Metal1,189.4600,86.5885,0.000659
FILLER_18_303,VSS,Metal1,176.6800,86.2400,0.000657
FILLER_18_299,VSS,Metal1,174.9000,86.5885,0.000657
FILLER_18_283,VSS,Metal1,165.7600,86.2400,0.000665
FILLER_18_279,VSS,Metal1,163.7000,86.5885,0.000666
FILLER_18_247,VSS,Metal1,153.3240,86.8375,0.000676
FILLER_18_244,VSS,Metal1,143.6400,86.2400,0.000678
FILLER_18_242,VSS,Metal1,142.8000,86.2400,0.000694
FILLER_18_234,VSS,Metal1,139.4930,86.7015,0.000694
FILLER_18_199,VSS,Metal1,118.4400,86.2400,0.000697
FILLER_18_197,VSS,Metal1,117.6000,86.2400,0.000701
FILLER_18_193,VSS,Metal1,115.5400,86.5885,0.000701
FILLER_18_177,VSS,Metal1,109.7120,86.7880,0.000703
FILLER_18_159,VSS,Metal1,96.0400,86.2400,0.000703
FILLER_18_157,VSS,Metal1,95.2000,86.2400,0.000703
FILLER_18_101,VSS,Metal1,64.0200,86.5885,0.000693
FILLER_18_37,VSS,Metal1,44.6445,86.8775,0.000690
FILLER_18_34,VSS,Metal1,26.0400,86.2400,0.000689
FILLER_18_32,VSS,Metal1,25.2000,86.2400,0.000689
FILLER_18_16,VSS,Metal1,19.5520,86.7880,0.000691
FILLER_17_596,VSS,Metal1,341.0400,86.2400,0.000707
FILLER_17_588,VSS,Metal1,337.7330,85.7780,0.000683
FILLER_17_578,VSS,Metal1,330.9600,86.2400,0.000683
FILLER_17_562,VSS,Metal1,325.3120,85.6920,0.000683
FILLER_17_559,VSS,Metal1,320.0400,86.2400,0.000680
FILLER_17_557,VSS,Metal1,319.2000,86.2400,0.000680
FILLER_17_541,VSS,Metal1,313.5520,85.6920,0.000680
FILLER_17_525,VSS,Metal1,301.0000,86.2400,0.000677
FILLER_17_523,VSS,Metal1,300.1600,86.2400,0.000677
FILLER_17_517,VSS,Metal1,296.5200,86.2400,0.000676
FILLER_17_492,VSS,Metal1,282.9800,85.8910,0.000673
FILLER_17_489,VSS,Metal1,280.8400,86.2400,0.000672
FILLER_17_487,VSS,Metal1,280.0000,86.2400,0.000671
FILLER_17_483,VSS,Metal1,277.9400,85.8910,0.000671
FILLER_17_475,VSS,Metal1,274.4530,85.7780,0.000671
FILLER_17_459,VSS,Metal1,267.6320,85.6920,0.000671
FILLER_17_450,VSS,Metal1,259.0000,86.2400,0.000664
FILLER_17_446,VSS,Metal1,257.2200,85.8910,0.000664
FILLER_17_430,VSS,Metal1,251.3920,85.6920,0.000664
FILLER_17_419,VSS,Metal1,241.6400,86.2400,0.000664
FILLER_17_417,VSS,Metal1,240.8000,86.2400,0.000664
FILLER_17_401,VSS,Metal1,235.1520,85.6920,0.000664
FILLER_17_392,VSS,Metal1,226.8000,86.2400,0.000664
FILLER_17_384,VSS,Metal1,223.4930,85.7780,0.000664
FILLER_17_352,VSS,Metal1,212.1240,85.6420,0.000662
FILLER_17_338,VSS,Metal1,196.2800,86.2400,0.000662
FILLER_17_336,VSS,Metal1,195.4400,86.2400,0.000661
FILLER_17_332,VSS,Metal1,193.3800,85.8910,0.000661
FILLER_17_316,VSS,Metal1,187.5520,85.6920,0.000659
FILLER_17_278,VSS,Metal1,162.9600,86.2400,0.000676
FILLER_17_259,VSS,Metal1,152.5000,85.8910,0.000676
FILLER_17_243,VSS,Metal1,143.0800,86.2400,0.000694
FILLER_17_241,VSS,Metal1,142.2400,86.2400,0.000694
FILLER_17_237,VSS,Metal1,140.1800,85.8910,0.000694
FILLER_17_222,VSS,Metal1,131.3200,86.2400,0.000695
FILLER_17_220,VSS,Metal1,130.4800,86.2400,0.000695
FILLER_17_212,VSS,Metal1,127.1730,85.7780,0.000695
FILLER_17_203,VSS,Metal1,120.6800,86.2400,0.000695
FILLER_17_190,VSS,Metal1,113.4000,86.2400,0.000702
FILLER_17_174,VSS,Metal1,104.9000,85.8910,0.000703
FILLER_17_142,VSS,Metal1,94.5240,85.6420,0.000703
FILLER_17_124,VSS,Metal1,76.4400,86.2400,0.000703
FILLER_17_120,VSS,Metal1,74.6600,85.8910,0.000703
FILLER_17_104,VSS,Metal1,68.8320,85.6920,0.000703
FILLER_17_72,VSS,Metal1,55.3240,85.6420,0.000690
FILLER_17_68,VSS,Metal1,45.3600,86.2400,0.000690
FILLER_17_64,VSS,Metal1,43.3000,85.8910,0.000690
FILLER_17_32,VSS,Metal1,32.9240,85.6420,0.000689
FILLER_16_671,VSS,Metal1,382.7600,78.4000,0.000471
FILLER_16_667,VSS,Metal1,380.9800,78.7485,0.000471
FILLER_16_661,VSS,Metal1,377.6200,78.7485,0.000471
FILLER_16_594,VSS,Metal1,339.6400,78.4000,0.000469
FILLER_16_592,VSS,Metal1,338.8000,78.4000,0.000469
FILLER_16_552,VSS,Metal1,324.1240,78.9975,0.000467
FILLER_16_533,VSS,Metal1,305.4800,78.4000,0.000470
FILLER_16_531,VSS,Metal1,304.6400,78.4000,0.000470
FILLER_16_527,VSS,Metal1,302.5800,78.7485,0.000470
FILLER_16_524,VSS,Metal1,300.4400,78.4000,0.000470
FILLER_16_520,VSS,Metal1,298.6600,78.7485,0.000470
FILLER_16_502,VSS,Metal1,289.5730,78.8615,0.000474
FILLER_16_465,VSS,Metal1,267.4000,78.4000,0.000475
FILLER_16_457,VSS,Metal1,264.3730,78.8615,0.000479
FILLER_16_454,VSS,Metal1,261.2400,78.4000,0.000479
FILLER_16_432,VSS,Metal1,249.3800,78.7485,0.000479
FILLER_16_424,VSS,Metal1,245.8930,78.8615,0.000484
FILLER_16_408,VSS,Metal1,239.0720,78.9480,0.000507
FILLER_16_397,VSS,Metal1,229.3200,78.4000,0.000510
FILLER_16_395,VSS,Metal1,228.4800,78.4000,0.000516
FILLER_16_387,VSS,Metal1,225.1730,78.8615,0.000517
FILLER_16_384,VSS,Metal1,222.0400,78.4000,0.000517
FILLER_16_376,VSS,Metal1,219.0130,78.8615,0.000517
FILLER_16_364,VSS,Metal1,211.3000,78.7485,0.000517
FILLER_16_348,VSS,Metal1,205.4720,78.9480,0.000517
FILLER_16_341,VSS,Metal1,197.9600,78.4000,0.000517
FILLER_16_333,VSS,Metal1,194.9330,78.8615,0.000518
FILLER_16_317,VSS,Metal1,188.1120,78.9480,0.000518
FILLER_16_314,VSS,Metal1,182.8400,78.4000,0.000518
FILLER_16_310,VSS,Metal1,181.0600,78.7485,0.000519
FILLER_16_290,VSS,Metal1,169.8600,78.7485,0.000523
FILLER_16_255,VSS,Metal1,149.8000,78.4000,0.000525
FILLER_16_247,VSS,Metal1,146.7730,78.8615,0.000525
FILLER_16_228,VSS,Metal1,134.6800,78.4000,0.000538
FILLER_16_226,VSS,Metal1,133.8400,78.4000,0.000538
FILLER_16_155,VSS,Metal1,95.2530,78.8615,0.000534
FILLER_16_119,VSS,Metal1,73.9200,78.4000,0.000531
FILLER_16_115,VSS,Metal1,71.8600,78.7485,0.000531
FILLER_16_107,VSS,Metal1,68.3730,78.8615,0.000531
FILLER_16_101,VSS,Metal1,64.0200,78.7485,0.000528
FILLER_16_37,VSS,Metal1,44.6445,79.0375,0.000519
FILLER_16_31,VSS,Metal1,24.8200,78.7485,0.000499
FILLER_16_23,VSS,Metal1,21.3330,78.8615,0.000502
FILLER_15_664,VSS,Metal1,382.4320,77.8520,0.000471
FILLER_15_632,VSS,Metal1,368.9240,77.8020,0.000471
FILLER_15_629,VSS,Metal1,359.2400,78.4000,0.000471
FILLER_15_627,VSS,Metal1,358.4000,78.4000,0.000471
FILLER_15_623,VSS,Metal1,356.3400,78.0510,0.000471
FILLER_15_588,VSS,Metal1,336.2800,78.4000,0.000467
FILLER_15_571,VSS,Metal1,326.7600,78.4000,0.000467
FILLER_15_562,VSS,Metal1,321.7200,78.4000,0.000467
FILLER_15_554,VSS,Metal1,317.2400,78.4000,0.000467
FILLER_15_552,VSS,Metal1,316.4000,78.4000,0.000467
FILLER_15_548,VSS,Metal1,314.3400,78.0510,0.000469
FILLER_15_540,VSS,Metal1,310.8530,77.9380,0.000470
FILLER_15_508,VSS,Metal1,299.4840,77.8020,0.000470
FILLER_15_474,VSS,Metal1,272.4400,78.4000,0.000475
FILLER_15_472,VSS,Metal1,271.6000,78.4000,0.000475
FILLER_15_464,VSS,Metal1,268.2930,77.9380,0.000475
FILLER_15_432,VSS,Metal1,256.9240,77.8020,0.000479
FILLER_15_419,VSS,Metal1,241.6400,78.4000,0.000507
FILLER_15_417,VSS,Metal1,240.8000,78.4000,0.000507
FILLER_15_402,VSS,Metal1,233.5730,77.9380,0.000510
FILLER_15_396,VSS,Metal1,228.7600,78.4000,0.000516
FILLER_15_392,VSS,Metal1,226.9800,78.0510,0.000516
FILLER_15_357,VSS,Metal1,206.9200,78.4000,0.000517
FILLER_15_352,VSS,Metal1,204.1200,78.4000,0.000517
FILLER_15_338,VSS,Metal1,196.5600,78.4000,0.000518
FILLER_15_330,VSS,Metal1,193.2530,77.9380,0.000518
FILLER_15_308,VSS,Metal1,179.7600,78.4000,0.000519
FILLER_15_300,VSS,Metal1,176.4530,77.9380,0.000521
FILLER_15_284,VSS,Metal1,166.0400,78.4000,0.000524
FILLER_15_282,VSS,Metal1,165.2000,78.4000,0.000524
FILLER_15_276,VSS,Metal1,162.0200,78.0510,0.000525
FILLER_15_268,VSS,Metal1,158.5330,77.9380,0.000525
FILLER_15_227,VSS,Metal1,134.1200,78.4000,0.000538
FILLER_15_209,VSS,Metal1,124.0400,78.4000,0.000539
FILLER_15_201,VSS,Metal1,119.8400,78.4000,0.000539
FILLER_15_154,VSS,Metal1,93.2400,78.4000,0.000532
FILLER_15_146,VSS,Metal1,89.0400,78.4000,0.000532
FILLER_15_142,VSS,Metal1,86.9800,78.0510,0.000532
FILLER_15_139,VSS,Metal1,84.8400,78.4000,0.000532
FILLER_15_135,VSS,Metal1,83.0600,78.0510,0.000532
FILLER_15_100,VSS,Metal1,63.0000,78.4000,0.000519
FILLER_15_96,VSS,Metal1,61.2200,78.0510,0.000519
FILLER_15_88,VSS,Metal1,57.7330,77.9380,0.000519
FILLER_15_72,VSS,Metal1,50.9120,77.8520,0.000519
FILLER_15_69,VSS,Metal1,45.6400,78.4000,0.000519
FILLER_15_67,VSS,Metal1,44.8000,78.4000,0.000519
FILLER_15_63,VSS,Metal1,42.7400,78.0510,0.000519
FILLER_15_55,VSS,Metal1,39.2530,77.9380,0.000519
FILLER_15_39,VSS,Metal1,32.4320,77.8520,0.000519
FILLER_15_4,VSS,Metal1,9.2400,78.4000,0.000502
FILLER_15_2,VSS,Metal1,8.4000,78.4000,0.000502
FILLER_14_687,VSS,Metal1,391.7200,70.5600,0.000700
FILLER_14_683,VSS,Metal1,389.9400,70.9085,0.000700
FILLER_14_667,VSS,Metal1,384.1120,71.1080,0.000700
FILLER_14_661,VSS,Metal1,377.6200,70.9085,0.000700
FILLER_14_597,VSS,Metal1,358.2445,71.1975,0.000700
FILLER_14_593,VSS,Metal1,339.3600,70.5600,0.000700
FILLER_14_589,VSS,Metal1,337.3000,70.9085,0.000700
FILLER_14_577,VSS,Metal1,330.5800,70.9085,0.001013
FILLER_14_516,VSS,Metal1,295.9600,70.5600,0.001020
FILLER_14_500,VSS,Metal1,290.5920,71.1080,0.001020
FILLER_14_483,VSS,Metal1,277.4800,70.5600,0.001009
FILLER_14_481,VSS,Metal1,276.6400,70.5600,0.001009
FILLER_14_473,VSS,Metal1,273.3330,71.0215,0.001004
FILLER_14_457,VSS,Metal1,266.5120,71.1080,0.001004
FILLER_14_454,VSS,Metal1,261.2400,70.5600,0.001003
FILLER_14_446,VSS,Metal1,258.2130,71.0215,0.001003
FILLER_14_430,VSS,Metal1,251.3920,71.1080,0.001003
FILLER_14_419,VSS,Metal1,242.1000,70.9085,0.000995
FILLER_14_387,VSS,Metal1,231.7240,71.1575,0.000988
FILLER_14_383,VSS,Metal1,221.7600,70.5600,0.000981
FILLER_14_379,VSS,Metal1,219.7000,70.9085,0.000981
FILLER_14_356,VSS,Metal1,207.8130,71.0215,0.000981
FILLER_14_347,VSS,Metal1,201.3200,70.5600,0.000935
FILLER_14_345,VSS,Metal1,200.4800,70.5600,0.000918
FILLER_14_341,VSS,Metal1,198.4200,70.9085,0.000918
FILLER_14_333,VSS,Metal1,194.9330,71.0215,0.000910
FILLER_14_317,VSS,Metal1,188.1120,71.1080,0.000906
FILLER_14_313,VSS,Metal1,182.5600,70.5600,0.000906
FILLER_14_309,VSS,Metal1,180.5000,70.9085,0.000906
FILLER_14_293,VSS,Metal1,174.6720,71.1080,0.000906
FILLER_14_261,VSS,Metal1,161.1640,71.1575,0.000906
FILLER_14_243,VSS,Metal1,143.3600,70.5600,0.000907
FILLER_14_193,VSS,Metal1,115.3600,70.5600,0.000900
FILLER_14_139,VSS,Metal1,85.1200,70.5600,0.000867
FILLER_14_135,VSS,Metal1,83.0600,70.9085,0.000866
FILLER_14_127,VSS,Metal1,79.5730,71.0215,0.000850
FILLER_14_111,VSS,Metal1,69.1600,70.5600,0.000838
FILLER_14_107,VSS,Metal1,67.3800,70.9085,0.000838
FILLER_14_101,VSS,Metal1,64.0200,70.9085,0.000827
FILLER_14_37,VSS,Metal1,44.6445,71.1975,0.000823
FILLER_14_27,VSS,Metal1,23.5730,71.0215,0.000812
FILLER_14_8,VSS,Metal1,11.9400,70.9085,0.000812
FILLER_13_692,VSS,Metal1,394.8000,70.5600,0.000700
FILLER_13_688,VSS,Metal1,392.7400,70.2110,0.000700
FILLER_13_680,VSS,Metal1,389.2530,70.0980,0.000700
FILLER_13_664,VSS,Metal1,382.4320,70.0120,0.000700
FILLER_13_632,VSS,Metal1,368.9240,69.9620,0.000700
FILLER_13_629,VSS,Metal1,359.2400,70.5600,0.000700
FILLER_13_625,VSS,Metal1,357.4600,70.2110,0.000700
FILLER_13_617,VSS,Metal1,353.9730,70.0980,0.000700
FILLER_13_585,VSS,Metal1,342.6040,69.9620,0.000700
FILLER_13_577,VSS,Metal1,330.4000,70.5600,0.001013
FILLER_13_569,VSS,Metal1,327.0930,70.0980,0.001020
FILLER_13_562,VSS,Metal1,322.0000,70.5600,0.001020
FILLER_13_556,VSS,Metal1,318.8200,70.2110,0.001020
FILLER_13_548,VSS,Metal1,315.3330,70.0980,0.001020
FILLER_13_511,VSS,Metal1,293.1600,70.5600,0.001020
FILLER_13_507,VSS,Metal1,291.3800,70.2110,0.001020
FILLER_13_488,VSS,Metal1,280.5600,70.5600,0.001012
FILLER_13_480,VSS,Metal1,277.2530,70.0980,0.001009
FILLER_13_464,VSS,Metal1,270.4320,70.0120,0.001004
FILLER_13_432,VSS,Metal1,256.9240,69.9620,0.001003
FILLER_13_422,VSS,Metal1,243.6000,70.5600,0.000996
FILLER_13_419,VSS,Metal1,241.6400,70.5600,0.000995
FILLER_13_417,VSS,Metal1,240.8000,70.5600,0.000989
FILLER_13_413,VSS,Metal1,238.7400,70.2110,0.000988
FILLER_13_398,VSS,Metal1,229.8800,70.5600,0.000988
FILLER_13_396,VSS,Metal1,229.0400,70.5600,0.000988
FILLER_13_392,VSS,Metal1,226.9800,70.2110,0.000988
FILLER_13_384,VSS,Metal1,223.4930,70.0980,0.000988
FILLER_13_352,VSS,Metal1,212.1240,69.9620,0.000981
FILLER_13_340,VSS,Metal1,197.4000,70.5600,0.000910
FILLER_13_332,VSS,Metal1,194.3730,70.0980,0.000909
FILLER_13_278,VSS,Metal1,162.9600,70.5600,0.000906
FILLER_13_263,VSS,Metal1,154.2800,70.5600,0.000906
FILLER_13_261,VSS,Metal1,153.4400,70.5600,0.000906
FILLER_13_257,VSS,Metal1,151.3800,70.2110,0.000907
FILLER_13_236,VSS,Metal1,139.1600,70.5600,0.000904
FILLER_13_234,VSS,Metal1,138.3200,70.5600,0.000904
FILLER_13_212,VSS,Metal1,125.7200,70.5600,0.000904
FILLER_13_178,VSS,Metal1,107.1400,70.2110,0.000900
FILLER_13_142,VSS,Metal1,86.5200,70.5600,0.000882
FILLER_13_132,VSS,Metal1,81.2000,70.5600,0.000851
FILLER_13_128,VSS,Metal1,79.1400,70.2110,0.000850
FILLER_13_120,VSS,Metal1,75.6530,70.0980,0.000838
FILLER_13_104,VSS,Metal1,68.8320,70.0120,0.000838
FILLER_13_72,VSS,Metal1,55.3240,69.9620,0.000823
FILLER_13_68,VSS,Metal1,45.3600,70.5600,0.000823
FILLER_13_36,VSS,Metal1,35.1640,69.9620,0.000823
FILLER_12_693,VSS,Metal1,395.0800,62.7200,0.000901
FILLER_12_691,VSS,Metal1,394.2400,62.7200,0.000901
FILLER_12_683,VSS,Metal1,390.9330,63.1815,0.000901
FILLER_12_667,VSS,Metal1,384.1120,63.2680,0.000901
FILLER_12_661,VSS,Metal1,377.6200,63.0685,0.000901
FILLER_12_597,VSS,Metal1,358.2445,63.3575,0.000901
FILLER_12_579,VSS,Metal1,334.8320,63.2680,0.000901
FILLER_12_527,VSS,Metal1,305.7120,63.2680,0.000920
FILLER_12_524,VSS,Metal1,300.4400,62.7200,0.000920
FILLER_12_522,VSS,Metal1,299.6000,62.7200,0.000920
FILLER_12_518,VSS,Metal1,297.5400,63.0685,0.000920
FILLER_12_481,VSS,Metal1,276.3600,62.7200,0.000920
FILLER_12_473,VSS,Metal1,273.3330,63.1815,0.000920
FILLER_12_457,VSS,Metal1,266.5120,63.2680,0.000921
FILLER_12_423,VSS,Metal1,251.8840,63.3175,0.000921
FILLER_12_399,VSS,Metal1,230.4400,62.7200,0.000919
FILLER_12_395,VSS,Metal1,228.6600,63.0685,0.000918
FILLER_12_387,VSS,Metal1,225.1730,63.1815,0.000918
FILLER_12_384,VSS,Metal1,222.0400,62.7200,0.000918
FILLER_12_382,VSS,Metal1,221.2000,62.7200,0.000918
FILLER_12_378,VSS,Metal1,219.1400,63.0685,0.000918
FILLER_12_370,VSS,Metal1,215.6530,63.1815,0.000917
FILLER_12_360,VSS,Metal1,208.6000,62.7200,0.000915
FILLER_12_356,VSS,Metal1,206.8200,63.0685,0.000915
FILLER_12_341,VSS,Metal1,198.4200,63.0685,0.000907
FILLER_12_333,VSS,Metal1,194.9330,63.1815,0.000905
FILLER_12_317,VSS,Metal1,188.1120,63.2680,0.000905
FILLER_12_298,VSS,Metal1,174.1600,62.7200,0.000904
FILLER_12_247,VSS,Metal1,145.6000,62.7200,0.000919
FILLER_12_185,VSS,Metal1,111.0600,63.0685,0.000923
FILLER_12_123,VSS,Metal1,76.3400,63.0685,0.000899
FILLER_12_107,VSS,Metal1,70.5120,63.2680,0.000884
FILLER_12_101,VSS,Metal1,64.0200,63.0685,0.000862
FILLER_12_37,VSS,Metal1,44.6445,63.3575,0.000857
FILLER_12_34,VSS,Metal1,26.0400,62.7200,0.000857
FILLER_12_2,VSS,Metal1,16.1240,63.3175,0.000857
FILLER_11_692,VSS,Metal1,394.8000,62.7200,0.000901
FILLER_11_688,VSS,Metal1,392.7400,62.3710,0.000901
FILLER_11_680,VSS,Metal1,389.2530,62.2580,0.000901
FILLER_11_664,VSS,Metal1,382.4320,62.1720,0.000901
FILLER_11_632,VSS,Metal1,368.9240,62.1220,0.000901
FILLER_11_629,VSS,Metal1,359.2400,62.7200,0.000901
FILLER_11_627,VSS,Metal1,358.4000,62.7200,0.000901
FILLER_11_623,VSS,Metal1,356.3400,62.3710,0.000901
FILLER_11_579,VSS,Metal1,332.6930,62.2580,0.000901
FILLER_11_574,VSS,Metal1,328.4400,62.7200,0.000918
FILLER_11_562,VSS,Metal1,322.1800,62.3710,0.000918
FILLER_11_559,VSS,Metal1,320.0400,62.7200,0.000918
FILLER_11_555,VSS,Metal1,318.2600,62.3710,0.000918
FILLER_11_504,VSS,Metal1,289.2400,62.7200,0.000920
FILLER_11_500,VSS,Metal1,287.4600,62.3710,0.000920
FILLER_11_492,VSS,Metal1,283.9730,62.2580,0.000920
FILLER_11_489,VSS,Metal1,280.8400,62.7200,0.000920
FILLER_11_487,VSS,Metal1,280.0000,62.7200,0.000920
FILLER_11_464,VSS,Metal1,266.8400,62.7200,0.000921
FILLER_11_451,VSS,Metal1,259.5600,62.7200,0.000921
FILLER_11_442,VSS,Metal1,254.5200,62.7200,0.000921
FILLER_11_438,VSS,Metal1,252.7400,62.3710,0.000921
FILLER_11_422,VSS,Metal1,246.9120,62.1720,0.000921
FILLER_11_414,VSS,Metal1,238.8400,62.7200,0.000920
FILLER_11_405,VSS,Metal1,233.8000,62.7200,0.000919
FILLER_11_403,VSS,Metal1,232.9600,62.7200,0.000919
FILLER_11_399,VSS,Metal1,230.9000,62.3710,0.000919
FILLER_11_391,VSS,Metal1,227.4130,62.2580,0.000918
FILLER_11_375,VSS,Metal1,220.5920,62.1720,0.000918
FILLER_11_352,VSS,Metal1,205.5730,62.2580,0.000915
FILLER_11_348,VSS,Metal1,202.1600,62.7200,0.000914
FILLER_11_338,VSS,Metal1,196.7400,62.3710,0.000906
FILLER_11_330,VSS,Metal1,193.2530,62.2580,0.000905
FILLER_11_294,VSS,Metal1,171.9200,62.7200,0.000909
FILLER_11_290,VSS,Metal1,169.8600,62.3710,0.000909
FILLER_11_282,VSS,Metal1,166.3730,62.2580,0.000909
FILLER_11_272,VSS,Metal1,160.7730,62.2580,0.000917
FILLER_11_214,VSS,Metal1,126.8400,62.7200,0.000923
FILLER_11_212,VSS,Metal1,126.0000,62.7200,0.000923
FILLER_11_139,VSS,Metal1,84.8400,62.7200,0.000911
FILLER_11_137,VSS,Metal1,84.0000,62.7200,0.000911
FILLER_11_114,VSS,Metal1,71.1200,62.7200,0.000884
FILLER_11_104,VSS,Metal1,65.7000,62.3710,0.000876
FILLER_11_72,VSS,Metal1,55.3240,62.1220,0.000857
FILLER_11_66,VSS,Metal1,44.4200,62.3710,0.000857
FILLER_11_2,VSS,Metal1,25.0445,62.0820,0.000857
FILLER_10_693,VSS,Metal1,395.0800,54.8800,0.001100
FILLER_10_691,VSS,Metal1,394.2400,54.8800,0.001100
FILLER_10_683,VSS,Metal1,390.9330,55.3415,0.001100
FILLER_10_667,VSS,Metal1,384.1120,55.4280,0.001100
FILLER_10_661,VSS,Metal1,377.6200,55.2285,0.001100
FILLER_10_645,VSS,Metal1,371.7920,55.4280,0.001100
FILLER_10_613,VSS,Metal1,358.2840,55.4775,0.001100
FILLER_10_588,VSS,Metal1,336.2800,54.8800,0.001098
FILLER_10_580,VSS,Metal1,333.2530,55.3415,0.001098
FILLER_10_565,VSS,Metal1,324.8530,55.3415,0.001127
FILLER_10_527,VSS,Metal1,302.4000,54.8800,0.001144
FILLER_10_517,VSS,Metal1,297.9730,55.3415,0.001144
FILLER_10_485,VSS,Metal1,286.6040,55.4775,0.001145
FILLER_10_469,VSS,Metal1,269.9200,54.8800,0.001146
FILLER_10_465,VSS,Metal1,267.8600,55.2285,0.001146
FILLER_10_444,VSS,Metal1,255.6400,54.8800,0.001146
FILLER_10_432,VSS,Metal1,249.3800,55.2285,0.001153
FILLER_10_424,VSS,Metal1,245.8930,55.3415,0.001153
FILLER_10_408,VSS,Metal1,235.4800,54.8800,0.001155
FILLER_10_406,VSS,Metal1,234.6400,54.8800,0.001154
FILLER_10_398,VSS,Metal1,231.3330,55.3415,0.001154
FILLER_10_389,VSS,Metal1,224.8400,54.8800,0.001154
FILLER_10_387,VSS,Metal1,224.0000,54.8800,0.001154
FILLER_10_383,VSS,Metal1,221.7600,54.8800,0.001154
FILLER_10_367,VSS,Metal1,216.1120,55.4280,0.001154
FILLER_10_314,VSS,Metal1,182.8400,54.8800,0.001137
FILLER_10_310,VSS,Metal1,181.0600,55.2285,0.001134
FILLER_10_247,VSS,Metal1,145.3200,54.8800,0.001140
FILLER_10_241,VSS,Metal1,142.4200,55.2285,0.001140
FILLER_10_222,VSS,Metal1,131.7800,55.2285,0.001143
FILLER_10_179,VSS,Metal1,107.2400,54.8800,0.001143
FILLER_10_177,VSS,Metal1,106.4000,54.8800,0.001143
FILLER_10_148,VSS,Metal1,90.3400,55.2285,0.001143
FILLER_10_107,VSS,Metal1,66.9200,54.8800,0.001136
FILLER_10_101,VSS,Metal1,64.0200,55.2285,0.001136
FILLER_10_37,VSS,Metal1,44.6445,55.5175,0.001133
FILLER_10_34,VSS,Metal1,26.0400,54.8800,0.001132
FILLER_10_2,VSS,Metal1,16.1240,55.4775,0.001132
FILLER_9_692,VSS,Metal1,394.8000,54.8800,0.001100
FILLER_9_688,VSS,Metal1,392.7400,54.5310,0.001100
FILLER_9_680,VSS,Metal1,389.2530,54.4180,0.001100
FILLER_9_664,VSS,Metal1,382.4320,54.3320,0.001100
FILLER_9_632,VSS,Metal1,368.9240,54.2820,0.001100
FILLER_9_628,VSS,Metal1,358.9600,54.8800,0.001100
FILLER_9_620,VSS,Metal1,355.6530,54.4180,0.001100
FILLER_9_604,VSS,Metal1,348.8320,54.3320,0.001100
FILLER_9_587,VSS,Metal1,336.0000,54.8800,0.001098
FILLER_9_559,VSS,Metal1,320.0400,54.8800,0.001142
FILLER_9_557,VSS,Metal1,319.2000,54.8800,0.001142
FILLER_9_553,VSS,Metal1,317.1400,54.5310,0.001142
FILLER_9_537,VSS,Metal1,311.3120,54.3320,0.001142
FILLER_9_500,VSS,Metal1,287.0000,54.8800,0.001145
FILLER_9_492,VSS,Metal1,283.9730,54.4180,0.001145
FILLER_9_438,VSS,Metal1,252.5600,54.8800,0.001151
FILLER_9_422,VSS,Metal1,246.9120,54.3320,0.001153
FILLER_9_403,VSS,Metal1,232.6800,54.8800,0.001154
FILLER_9_401,VSS,Metal1,231.8400,54.8800,0.001154
FILLER_9_397,VSS,Metal1,229.7800,54.5310,0.001154
FILLER_9_352,VSS,Metal1,204.4000,54.8800,0.001142
FILLER_9_346,VSS,Metal1,201.2200,54.5310,0.001137
FILLER_9_333,VSS,Metal1,193.7600,54.8800,0.001137
FILLER_9_329,VSS,Metal1,191.7000,54.5310,0.001137
FILLER_9_313,VSS,Metal1,185.8720,54.3320,0.001137
FILLER_9_284,VSS,Metal1,166.0400,54.8800,0.001135
FILLER_9_282,VSS,Metal1,165.2000,54.8800,0.001135
FILLER_9_264,VSS,Metal1,155.1200,54.8800,0.001135
FILLER_9_229,VSS,Metal1,135.2400,54.8800,0.001140
FILLER_9_227,VSS,Metal1,134.4000,54.8800,0.001140
FILLER_9_194,VSS,Metal1,115.6400,54.8800,0.001143
FILLER_9_192,VSS,Metal1,114.8000,54.8800,0.001143
FILLER_9_127,VSS,Metal1,78.1200,54.8800,0.001136
FILLER_9_76,VSS,Metal1,49.8400,54.8800,0.001133
FILLER_9_72,VSS,Metal1,47.7800,54.5310,0.001133
FILLER_9_66,VSS,Metal1,44.4200,54.5310,0.001133
FILLER_9_2,VSS,Metal1,25.0445,54.2420,0.001132
FILLER_8_693,VSS,Metal1,395.0800,47.0400,0.001089
FILLER_8_691,VSS,Metal1,394.2400,47.0400,0.001089
FILLER_8_683,VSS,Metal1,390.9330,47.5015,0.001089
FILLER_8_667,VSS,Metal1,384.1120,47.5880,0.001089
FILLER_8_661,VSS,Metal1,377.6200,47.3885,0.001089
FILLER_8_597,VSS,Metal1,358.2445,47.6775,0.001089
FILLER_8_593,VSS,Metal1,339.3600,47.0400,0.001088
FILLER_8_577,VSS,Metal1,333.7120,47.5880,0.001088
FILLER_8_567,VSS,Metal1,324.5200,47.0400,0.001131
FILLER_8_559,VSS,Metal1,321.4930,47.5015,0.001132
FILLER_8_527,VSS,Metal1,310.1240,47.6375,0.001151
FILLER_8_517,VSS,Metal1,297.9730,47.5015,0.001171
FILLER_8_501,VSS,Metal1,291.1520,47.5880,0.001172
FILLER_8_469,VSS,Metal1,269.9200,47.0400,0.001203
FILLER_8_465,VSS,Metal1,267.8600,47.3885,0.001203
FILLER_8_457,VSS,Metal1,264.3730,47.5015,0.001206
FILLER_8_454,VSS,Metal1,261.2400,47.0400,0.001206
FILLER_8_452,VSS,Metal1,260.4000,47.0400,0.001206
FILLER_8_448,VSS,Metal1,258.3400,47.3885,0.001206
FILLER_8_440,VSS,Metal1,254.8530,47.5015,0.001217
FILLER_8_389,VSS,Metal1,224.8400,47.0400,0.001336
FILLER_8_387,VSS,Metal1,224.0000,47.0400,0.001336
FILLER_8_384,VSS,Metal1,222.0400,47.0400,0.001336
FILLER_8_376,VSS,Metal1,219.0130,47.5015,0.001336
FILLER_8_360,VSS,Metal1,212.1920,47.5880,0.001337
FILLER_8_332,VSS,Metal1,192.9200,47.0400,0.001347
FILLER_8_328,VSS,Metal1,191.1400,47.3885,0.001347
FILLER_8_321,VSS,Metal1,186.7600,47.0400,0.001347
FILLER_8_317,VSS,Metal1,184.9800,47.3885,0.001351
FILLER_8_314,VSS,Metal1,182.8400,47.0400,0.001374
FILLER_8_306,VSS,Metal1,179.8130,47.5015,0.001370
FILLER_8_290,VSS,Metal1,169.4000,47.0400,0.001374
FILLER_8_288,VSS,Metal1,168.5600,47.0400,0.001374
FILLER_8_264,VSS,Metal1,154.8400,47.0400,0.001437
FILLER_8_262,VSS,Metal1,154.0000,47.0400,0.001437
FILLER_8_227,VSS,Metal1,134.5800,47.3885,0.001439
FILLER_8_104,VSS,Metal1,65.2400,47.0400,0.001318
FILLER_8_69,VSS,Metal1,45.6400,47.0400,0.001219
FILLER_8_37,VSS,Metal1,35.7240,47.6375,0.001213
FILLER_8_34,VSS,Metal1,26.0400,47.0400,0.001212
FILLER_8_2,VSS,Metal1,16.1240,47.6375,0.001212
FILLER_7_676,VSS,Metal1,385.8400,47.0400,0.001089
FILLER_7_672,VSS,Metal1,383.7800,46.6910,0.001089
FILLER_7_664,VSS,Metal1,380.2930,46.5780,0.001089
FILLER_7_632,VSS,Metal1,368.9240,46.4420,0.001089
FILLER_7_629,VSS,Metal1,359.2400,47.0400,0.001089
FILLER_7_625,VSS,Metal1,357.4600,46.6910,0.001089
FILLER_7_609,VSS,Metal1,351.6320,46.4920,0.001089
FILLER_7_593,VSS,Metal1,339.0800,47.0400,0.001088
FILLER_7_591,VSS,Metal1,338.2400,47.0400,0.001088
FILLER_7_575,VSS,Metal1,332.5920,46.4920,0.001088
FILLER_7_562,VSS,Metal1,322.1800,46.6910,0.001131
FILLER_7_534,VSS,Metal1,306.0400,47.0400,0.001151
FILLER_7_532,VSS,Metal1,305.2000,47.0400,0.001151
FILLER_7_524,VSS,Metal1,301.8930,46.5780,0.001152
FILLER_7_492,VSS,Metal1,290.5240,46.4420,0.001172
FILLER_7_486,VSS,Metal1,279.6200,46.6910,0.001173
FILLER_7_478,VSS,Metal1,276.1330,46.5780,0.001197
FILLER_7_443,VSS,Metal1,255.0800,47.0400,0.001217
FILLER_7_439,VSS,Metal1,253.3000,46.6910,0.001217
FILLER_7_431,VSS,Metal1,249.8130,46.5780,0.001302
FILLER_7_409,VSS,Metal1,236.3200,47.0400,0.001307
FILLER_7_400,VSS,Metal1,231.0000,47.0400,0.001307
FILLER_7_398,VSS,Metal1,230.1600,47.0400,0.001307
FILLER_7_394,VSS,Metal1,228.1000,46.6910,0.001307
FILLER_7_378,VSS,Metal1,222.2720,46.4920,0.001336
FILLER_7_362,VSS,Metal1,209.7200,47.0400,0.001337
FILLER_7_360,VSS,Metal1,208.8800,47.0400,0.001337
FILLER_7_352,VSS,Metal1,205.5730,46.5780,0.001343
FILLER_7_334,VSS,Metal1,197.6320,46.4920,0.001345
FILLER_7_282,VSS,Metal1,165.3800,46.6910,0.001387
FILLER_7_279,VSS,Metal1,163.2400,47.0400,0.001424
FILLER_7_216,VSS,Metal1,127.9600,47.0400,0.001442
FILLER_7_212,VSS,Metal1,126.1800,46.6910,0.001442
FILLER_7_142,VSS,Metal1,86.9800,46.6910,0.001441
FILLER_7_124,VSS,Metal1,76.4400,47.0400,0.001421
FILLER_7_82,VSS,Metal1,52.9200,47.0400,0.001317
FILLER_7_80,VSS,Metal1,52.0800,47.0400,0.001316
FILLER_7_72,VSS,Metal1,48.7730,46.5780,0.001316
FILLER_7_66,VSS,Metal1,44.4200,46.6910,0.001219
FILLER_7_2,VSS,Metal1,25.0445,46.4020,0.001212
FILLER_6_681,VSS,Metal1,388.3600,39.2000,0.000688
FILLER_6_679,VSS,Metal1,387.5200,39.2000,0.000688
FILLER_6_675,VSS,Metal1,385.4600,39.5485,0.000688
FILLER_6_667,VSS,Metal1,381.9730,39.6615,0.000688
FILLER_6_633,VSS,Metal1,369.4840,39.7975,0.000688
FILLER_6_594,VSS,Metal1,339.6400,39.2000,0.000686
FILLER_6_590,VSS,Metal1,337.8600,39.5485,0.000686
FILLER_6_582,VSS,Metal1,334.3730,39.6615,0.000686
FILLER_6_575,VSS,Metal1,329.0000,39.2000,0.000698
FILLER_6_567,VSS,Metal1,325.9730,39.6615,0.000698
FILLER_6_531,VSS,Metal1,304.6400,39.2000,0.000725
FILLER_6_527,VSS,Metal1,302.5800,39.5485,0.000725
FILLER_6_523,VSS,Metal1,300.1600,39.2000,0.000725
FILLER_6_507,VSS,Metal1,294.5120,39.7480,0.000725
FILLER_6_457,VSS,Metal1,266.5120,39.7480,0.000738
FILLER_6_451,VSS,Metal1,260.0200,39.5485,0.000738
FILLER_6_445,VSS,Metal1,256.4800,39.2000,0.000738
FILLER_6_413,VSS,Metal1,246.2840,39.7975,0.000738
FILLER_6_405,VSS,Metal1,233.8000,39.2000,0.000746
FILLER_6_403,VSS,Metal1,232.9600,39.2000,0.000746
FILLER_6_387,VSS,Metal1,227.3120,39.7480,0.000746
FILLER_6_384,VSS,Metal1,222.0400,39.2000,0.000746
FILLER_6_380,VSS,Metal1,220.2600,39.5485,0.000746
FILLER_6_364,VSS,Metal1,214.4320,39.7480,0.000746
FILLER_6_326,VSS,Metal1,190.0200,39.5485,0.000760
FILLER_6_319,VSS,Metal1,185.6400,39.2000,0.000760
FILLER_6_317,VSS,Metal1,184.8000,39.2000,0.000760
FILLER_6_193,VSS,Metal1,115.5400,39.5485,0.000792
FILLER_6_111,VSS,Metal1,69.1600,39.2000,0.000779
FILLER_6_107,VSS,Metal1,67.3800,39.5485,0.000778
FILLER_6_69,VSS,Metal1,46.1000,39.5485,0.000722
FILLER_6_37,VSS,Metal1,35.7240,39.7975,0.000706
FILLER_6_34,VSS,Metal1,26.0400,39.2000,0.000705
FILLER_6_30,VSS,Metal1,24.2600,39.5485,0.000705
FILLER_6_22,VSS,Metal1,20.7730,39.6615,0.000705
FILLER_6_6,VSS,Metal1,13.9520,39.7480,0.000705
FILLER_5_684,VSS,Metal1,390.3200,39.2000,0.000688
FILLER_5_680,VSS,Metal1,388.2600,38.8510,0.000688
FILLER_5_664,VSS,Metal1,382.4320,38.6520,0.000688
FILLER_5_632,VSS,Metal1,368.9240,38.6020,0.000688
FILLER_5_628,VSS,Metal1,358.9600,39.2000,0.000688
FILLER_5_596,VSS,Metal1,348.7640,38.6020,0.000688
FILLER_5_579,VSS,Metal1,331.2400,39.2000,0.000697
FILLER_5_577,VSS,Metal1,330.4000,39.2000,0.000698
FILLER_5_558,VSS,Metal1,319.7600,39.2000,0.000701
FILLER_5_554,VSS,Metal1,317.7000,38.8510,0.000701
FILLER_5_538,VSS,Metal1,311.8720,38.6520,0.000701
FILLER_5_500,VSS,Metal1,287.4600,38.8510,0.000730
FILLER_5_492,VSS,Metal1,283.9730,38.7380,0.000730
FILLER_5_489,VSS,Metal1,280.8400,39.2000,0.000730
FILLER_5_473,VSS,Metal1,275.4720,38.6520,0.000730
FILLER_5_441,VSS,Metal1,261.9640,38.6020,0.000738
FILLER_5_428,VSS,Metal1,246.6800,39.2000,0.000738
FILLER_5_426,VSS,Metal1,245.8400,39.2000,0.000738
FILLER_5_422,VSS,Metal1,243.7800,38.8510,0.000738
FILLER_5_416,VSS,Metal1,240.4200,38.8510,0.000738
FILLER_5_408,VSS,Metal1,236.9330,38.7380,0.000740
FILLER_5_372,VSS,Metal1,215.6000,39.2000,0.000746
FILLER_5_364,VSS,Metal1,212.2930,38.7380,0.000746
FILLER_5_352,VSS,Metal1,204.1200,39.2000,0.000758
FILLER_5_349,VSS,Metal1,202.4400,39.2000,0.000758
FILLER_5_334,VSS,Metal1,194.0400,39.2000,0.000758
FILLER_5_330,VSS,Metal1,192.2600,38.8510,0.000759
FILLER_5_307,VSS,Metal1,179.2000,39.2000,0.000761
FILLER_5_282,VSS,Metal1,165.2000,39.2000,0.000780
FILLER_5_279,VSS,Metal1,163.2400,39.2000,0.000781
FILLER_5_277,VSS,Metal1,162.4000,39.2000,0.000781
FILLER_5_248,VSS,Metal1,145.8800,39.2000,0.000784
FILLER_5_246,VSS,Metal1,145.0400,39.2000,0.000787
FILLER_5_229,VSS,Metal1,135.5200,39.2000,0.000788
FILLER_5_212,VSS,Metal1,126.0000,39.2000,0.000791
FILLER_5_209,VSS,Metal1,124.0400,39.2000,0.000792
FILLER_5_205,VSS,Metal1,122.2600,38.8510,0.000792
FILLER_5_180,VSS,Metal1,108.2600,38.8510,0.000793
FILLER_5_142,VSS,Metal1,86.9800,38.8510,0.000799
FILLER_5_62,VSS,Metal1,42.0000,39.2000,0.000706
FILLER_5_58,VSS,Metal1,39.9400,38.8510,0.000706
FILLER_5_50,VSS,Metal1,36.4530,38.7380,0.000706
FILLER_5_34,VSS,Metal1,29.6320,38.6520,0.000705
FILLER_5_2,VSS,Metal1,16.1240,38.6020,0.000705
FILLER_4_689,VSS,Metal1,392.8400,31.3600,0.000703
FILLER_4_687,VSS,Metal1,392.0000,31.3600,0.000703
FILLER_4_683,VSS,Metal1,389.9400,31.7085,0.000703
FILLER_4_667,VSS,Metal1,384.1120,31.9080,0.000703
FILLER_4_661,VSS,Metal1,377.6200,31.7085,0.000703
FILLER_4_597,VSS,Metal1,358.2445,31.9975,0.000703
FILLER_4_594,VSS,Metal1,339.6400,31.3600,0.000703
FILLER_4_592,VSS,Metal1,338.8000,31.3600,0.000703
FILLER_4_588,VSS,Metal1,336.7400,31.7085,0.000703
FILLER_4_549,VSS,Metal1,314.4400,31.3600,0.000712
FILLER_4_547,VSS,Metal1,313.6000,31.3600,0.000712
FILLER_4_543,VSS,Metal1,311.5400,31.7085,0.000712
FILLER_4_527,VSS,Metal1,305.7120,31.9080,0.000712
FILLER_4_524,VSS,Metal1,300.4400,31.3600,0.000713
FILLER_4_522,VSS,Metal1,299.6000,31.3600,0.000713
FILLER_4_518,VSS,Metal1,297.5400,31.7085,0.000713
FILLER_4_510,VSS,Metal1,294.0530,31.8215,0.000713
FILLER_4_475,VSS,Metal1,273.0000,31.3600,0.000715
FILLER_4_473,VSS,Metal1,272.1600,31.3600,0.000724
FILLER_4_457,VSS,Metal1,266.5120,31.9080,0.000725
FILLER_4_454,VSS,Metal1,261.2400,31.3600,0.000725
FILLER_4_446,VSS,Metal1,258.2130,31.8215,0.000725
FILLER_4_419,VSS,Metal1,241.9200,31.3600,0.000765
FILLER_4_387,VSS,Metal1,231.7240,31.9575,0.000766
FILLER_4_384,VSS,Metal1,222.0400,31.3600,0.000766
FILLER_4_380,VSS,Metal1,220.2600,31.7085,0.000766
FILLER_4_372,VSS,Metal1,216.7730,31.8215,0.000767
FILLER_4_360,VSS,Metal1,208.6000,31.3600,0.000776
FILLER_4_358,VSS,Metal1,207.7600,31.3600,0.000776
FILLER_4_336,VSS,Metal1,195.4400,31.3600,0.000789
FILLER_4_328,VSS,Metal1,192.1330,31.8215,0.000789
FILLER_4_317,VSS,Metal1,184.5200,31.3600,0.000790
FILLER_4_286,VSS,Metal1,167.1600,31.3600,0.000790
FILLER_4_284,VSS,Metal1,166.3200,31.3600,0.000804
FILLER_4_262,VSS,Metal1,153.7200,31.3600,0.000899
FILLER_4_235,VSS,Metal1,139.0600,31.7085,0.000903
FILLER_4_198,VSS,Metal1,117.8800,31.3600,0.000915
FILLER_4_165,VSS,Metal1,99.6800,31.3600,0.000907
FILLER_4_107,VSS,Metal1,67.3800,31.7085,0.000904
FILLER_4_81,VSS,Metal1,52.8200,31.7085,0.000892
FILLER_4_45,VSS,Metal1,32.4800,31.3600,0.000874
FILLER_4_37,VSS,Metal1,29.1730,31.8215,0.000874
FILLER_4_34,VSS,Metal1,26.0400,31.3600,0.000874
FILLER_4_2,VSS,Metal1,16.1240,31.9575,0.000874
FILLER_3_692,VSS,Metal1,394.8000,31.3600,0.000703
FILLER_3_688,VSS,Metal1,392.7400,31.0110,0.000703
FILLER_3_680,VSS,Metal1,389.2530,30.8980,0.000703
FILLER_3_664,VSS,Metal1,382.4320,30.8120,0.000703
FILLER_3_632,VSS,Metal1,368.9240,30.7620,0.000703
FILLER_3_628,VSS,Metal1,358.9600,31.3600,0.000703
FILLER_3_596,VSS,Metal1,348.7640,30.7620,0.000703
FILLER_3_559,VSS,Metal1,320.0400,31.3600,0.000703
FILLER_3_557,VSS,Metal1,319.2000,31.3600,0.000703
FILLER_3_531,VSS,Metal1,304.3600,31.3600,0.000712
FILLER_3_496,VSS,Metal1,284.7600,31.3600,0.000715
FILLER_3_492,VSS,Metal1,282.9800,31.0110,0.000715
FILLER_3_474,VSS,Metal1,276.0320,30.8120,0.000715
FILLER_3_442,VSS,Metal1,262.5240,30.7620,0.000725
FILLER_3_426,VSS,Metal1,245.8400,31.3600,0.000754
FILLER_3_422,VSS,Metal1,243.7800,31.0110,0.000754
FILLER_3_408,VSS,Metal1,235.7600,31.3600,0.000766
FILLER_3_366,VSS,Metal1,213.4130,30.8980,0.000770
FILLER_3_354,VSS,Metal1,205.2400,31.3600,0.000777
FILLER_3_352,VSS,Metal1,204.4000,31.3600,0.000777
FILLER_3_340,VSS,Metal1,197.8600,31.0110,0.000783
FILLER_3_332,VSS,Metal1,194.3730,30.8980,0.000789
FILLER_3_270,VSS,Metal1,158.6600,31.0110,0.000894
FILLER_3_212,VSS,Metal1,126.0000,31.3600,0.000911
FILLER_3_209,VSS,Metal1,124.0400,31.3600,0.000912
FILLER_3_205,VSS,Metal1,122.2600,31.0110,0.000912
FILLER_3_164,VSS,Metal1,98.8400,31.3600,0.000907
FILLER_3_142,VSS,Metal1,86.5200,31.3600,0.000906
FILLER_3_124,VSS,Metal1,76.7200,31.3600,0.000904
FILLER_3_72,VSS,Metal1,47.7800,31.0110,0.000892
FILLER_3_54,VSS,Metal1,37.2400,31.3600,0.000889
FILLER_3_50,VSS,Metal1,35.4600,31.0110,0.000889
FILLER_3_34,VSS,Metal1,29.6320,30.8120,0.000874
FILLER_3_2,VSS,Metal1,16.1240,30.7620,0.000874
FILLER_2_693,VSS,Metal1,395.0800,23.5200,0.000541
FILLER_2_691,VSS,Metal1,394.2400,23.5200,0.000541
FILLER_2_683,VSS,Metal1,390.9330,23.9815,0.000541
FILLER_2_667,VSS,Metal1,384.1120,24.0680,0.000541
FILLER_2_661,VSS,Metal1,377.6200,23.8685,0.000541
FILLER_2_597,VSS,Metal1,358.2445,24.1575,0.000541
FILLER_2_593,VSS,Metal1,339.3600,23.5200,0.000541
FILLER_2_589,VSS,Metal1,337.3000,23.8685,0.000541
FILLER_2_581,VSS,Metal1,333.8130,23.9815,0.000541
FILLER_2_565,VSS,Metal1,323.4000,23.5200,0.000542
FILLER_2_561,VSS,Metal1,321.6200,23.8685,0.000542
FILLER_2_521,VSS,Metal1,299.2200,23.8685,0.000551
FILLER_2_457,VSS,Metal1,279.8445,24.1575,0.000552
FILLER_2_453,VSS,Metal1,260.9600,23.5200,0.000581
FILLER_2_445,VSS,Metal1,257.6530,23.9815,0.000581
FILLER_2_421,VSS,Metal1,242.7600,23.5200,0.000617
FILLER_2_413,VSS,Metal1,239.7330,23.9815,0.000626
FILLER_2_405,VSS,Metal1,234.0800,23.5200,0.000627
FILLER_2_397,VSS,Metal1,230.7730,23.9815,0.000633
FILLER_2_387,VSS,Metal1,224.1800,23.8685,0.000645
FILLER_2_384,VSS,Metal1,222.0400,23.5200,0.000645
FILLER_2_382,VSS,Metal1,221.2000,23.5200,0.000645
FILLER_2_378,VSS,Metal1,219.1400,23.8685,0.000645
FILLER_2_319,VSS,Metal1,185.6400,23.5200,0.000649
FILLER_2_317,VSS,Metal1,184.8000,23.5200,0.000649
FILLER_2_238,VSS,Metal1,140.2800,23.5200,0.000667
FILLER_2_181,VSS,Metal1,108.3600,23.5200,0.000693
FILLER_2_177,VSS,Metal1,106.5800,23.8685,0.000693
FILLER_2_167,VSS,Metal1,100.8000,23.5200,0.000694
FILLER_2_122,VSS,Metal1,75.3200,23.5200,0.000687
FILLER_2_85,VSS,Metal1,54.6000,23.5200,0.000681
FILLER_2_49,VSS,Metal1,34.7200,23.5200,0.000655
FILLER_2_45,VSS,Metal1,32.6600,23.8685,0.000655
FILLER_2_37,VSS,Metal1,29.1730,23.9815,0.000655
FILLER_2_34,VSS,Metal1,26.0400,23.5200,0.000655
FILLER_2_26,VSS,Metal1,23.0130,23.9815,0.000655
FILLER_2_10,VSS,Metal1,16.1920,24.0680,0.000655
FILLER_1_692,VSS,Metal1,394.8000,23.5200,0.000541
FILLER_1_688,VSS,Metal1,392.7400,23.1710,0.000541
FILLER_1_680,VSS,Metal1,389.2530,23.0580,0.000541
FILLER_1_664,VSS,Metal1,382.4320,22.9720,0.000541
FILLER_1_632,VSS,Metal1,368.9240,22.9220,0.000541
FILLER_1_626,VSS,Metal1,358.0200,23.1710,0.000541
FILLER_1_562,VSS,Metal1,338.6445,22.8820,0.000541
FILLER_1_556,VSS,Metal1,318.8200,23.1710,0.000551
FILLER_1_492,VSS,Metal1,299.4445,22.8820,0.000551
FILLER_1_489,VSS,Metal1,280.8400,23.5200,0.000552
FILLER_1_487,VSS,Metal1,280.0000,23.5200,0.000552
FILLER_1_483,VSS,Metal1,277.9400,23.1710,0.000552
FILLER_1_475,VSS,Metal1,274.4530,23.0580,0.000552
FILLER_1_459,VSS,Metal1,267.6320,22.9720,0.000552
FILLER_1_426,VSS,Metal1,245.5600,23.5200,0.000613
FILLER_1_422,VSS,Metal1,243.7800,23.1710,0.000614
FILLER_1_419,VSS,Metal1,241.6400,23.5200,0.000626
FILLER_1_417,VSS,Metal1,240.8000,23.5200,0.000626
FILLER_1_358,VSS,Metal1,207.4800,23.5200,0.000649
FILLER_1_284,VSS,Metal1,166.0400,23.5200,0.000650
FILLER_1_282,VSS,Metal1,165.2000,23.5200,0.000657
FILLER_1_212,VSS,Metal1,126.1800,23.1710,0.000667
FILLER_1_206,VSS,Metal1,122.8200,23.1710,0.000667
FILLER_1_157,VSS,Metal1,94.9200,23.5200,0.000694
FILLER_1_125,VSS,Metal1,77.0000,23.5200,0.000689
FILLER_1_76,VSS,Metal1,49.5600,23.5200,0.000681
FILLER_1_72,VSS,Metal1,47.7800,23.1710,0.000681
FILLER_1_54,VSS,Metal1,37.2400,23.5200,0.000681
FILLER_1_50,VSS,Metal1,35.4600,23.1710,0.000671
FILLER_1_34,VSS,Metal1,29.6320,22.9720,0.000655
FILLER_1_2,VSS,Metal1,16.1240,22.9220,0.000655
FILLER_0_690,VSS,Metal1,393.8600,16.0285,0.000098
FILLER_0_682,VSS,Metal1,390.3730,16.1415,0.000098
FILLER_0_648,VSS,Metal1,377.8840,16.2775,0.000098
FILLER_0_645,VSS,Metal1,368.2000,15.6800,0.000098
FILLER_0_637,VSS,Metal1,365.1730,16.1415,0.000098
FILLER_0_621,VSS,Metal1,358.3520,16.2280,0.000098
FILLER_0_616,VSS,Metal1,351.9600,15.6800,0.000098
FILLER_0_614,VSS,Metal1,351.1200,15.6800,0.000098
FILLER_0_580,VSS,Metal1,339.8040,16.2775,0.000098
FILLER_0_546,VSS,Metal1,320.7640,16.2775,0.000102
FILLER_0_512,VSS,Metal1,301.7240,16.2775,0.000105
FILLER_0_478,VSS,Metal1,282.6840,16.2775,0.000108
FILLER_0_474,VSS,Metal1,272.7200,15.6800,0.000111
FILLER_0_435,VSS,Metal1,250.6000,15.6800,0.000119
FILLER_0_433,VSS,Metal1,249.7600,15.6800,0.000124
FILLER_0_429,VSS,Metal1,247.7000,16.0285,0.000124
FILLER_0_412,VSS,Metal1,237.7200,15.6800,0.000130
FILLER_0_410,VSS,Metal1,236.8800,15.6800,0.000130
FILLER_0_376,VSS,Metal1,217.8400,15.6800,0.000136
FILLER_0_372,VSS,Metal1,215.6000,15.6800,0.000138
FILLER_0_324,VSS,Metal1,188.7200,15.6800,0.000145
FILLER_0_104,VSS,Metal1,65.5200,15.6800,0.000215
FILLER_0_36,VSS,Metal1,27.6200,16.0285,0.000208
FILLER_0_2,VSS,Metal1,16.1240,16.2775,0.000206
ANTENNA_3,VSS,Metal1,218.4000,235.2000,0.000636
ANTENNA_2,VSS,Metal1,348.3200,227.3600,0.000725
ANTENNA_1,VSS,Metal1,255.3600,368.4800,0.000357
max_cap561,VSS,Metal1,370.3850,125.7950,0.001216
max_cap560,VSS,Metal1,190.0650,234.8450,0.000755
max_cap559,VSS,Metal1,375.9850,336.7650,0.001202
max_cap558,VSS,Metal1,90.3850,46.6850,0.001441
max_cap557,VSS,Metal1,151.9850,23.1650,0.000666
max_cap556,VSS,Metal1,116.2550,157.1550,0.000927
max_cap555,VSS,Metal1,146.9450,164.9950,0.001230
max_cap554,VSS,Metal1,275.1850,148.6050,0.000961
max_cap553,VSS,Metal1,296.0150,172.8350,0.000874
max_cap552,VSS,Metal1,60.7050,219.1650,0.000739
max_cap551,VSS,Metal1,191.8550,336.7650,0.001153
max_cap550,VSS,Metal1,266.7850,243.3950,0.000532
max_cap549,VSS,Metal1,348.0950,235.5550,0.000558
max_cap548,VSS,Metal1,249.9850,321.7950,0.001106
max_cap547,VSS,Metal1,98.7850,156.4450,0.000927
max_cap546,VSS,Metal1,239.3450,125.0850,0.001219
max_cap545,VSS,Metal1,176.0650,38.8450,0.000762
max_cap544,VSS,Metal1,141.4550,94.4350,0.000412
max_cap543,VSS,Metal1,109.4250,55.2350,0.001143
max_cap542,VSS,Metal1,342.9450,157.1550,0.000903
max_cap541,VSS,Metal1,286.8430,78.0790,0.000475
max_cap540,VSS,Metal1,23.9800,157.1060,0.000889
max_cap539,VSS,Metal1,23.8800,172.0225,0.001009
max_cap538,VSS,Metal1,141.4550,328.9250,0.000830
max_cap537,VSS,Metal1,207.4250,336.7650,0.001189
max_cap536,VSS,Metal1,239.3450,313.2450,0.000572
max_cap535,VSS,Metal1,74.2550,179.9650,0.001073
max_cap534,VSS,Metal1,325.5850,62.3650,0.000918
max_cap533,VSS,Metal1,300.3600,101.4625,0.000631
max_cap532,VSS,Metal1,323.3450,117.2450,0.000514
max_cap531,VSS,Metal1,342.0600,125.1335,0.001205
max_cap530,VSS,Metal1,361.0000,110.2175,0.000677
max_cap529,VSS,Metal1,299.1400,94.3860,0.000578
max_cap528,VSS,Metal1,303.4200,110.0660,0.000659
max_cap527,VSS,Metal1,298.9400,149.2660,0.000948
hold526,VSS,Metal1,176.6225,195.6425,0.000488
hold525,VSS,Metal1,234.8625,172.1225,0.000903
hold524,VSS,Metal1,332.8625,94.4375,0.000520
hold523,VSS,Metal1,191.1825,141.4775,0.000742
hold522,VSS,Metal1,112.7825,141.4775,0.000723
hold521,VSS,Metal1,234.8625,148.6025,0.000958
hold520,VSS,Metal1,274.7375,141.4775,0.000748
hold519,VSS,Metal1,249.9825,172.1225,0.000900
hold518,VSS,Metal1,210.7825,164.2825,0.001215
hold517,VSS,Metal1,125.7775,196.3575,0.000442
hold516,VSS,Metal1,200.2575,133.6375,0.000970
hold515,VSS,Metal1,132.4975,179.9625,0.001073
hold514,VSS,Metal1,234.3025,110.1175,0.000592
hold513,VSS,Metal1,311.5825,31.0025,0.000712
hold512,VSS,Metal1,191.1825,180.6775,0.001059
hold511,VSS,Metal1,313.2625,46.6825,0.001150
clkload20,VSS,Metal1,344.2000,344.5025,0.000827
clkload19,VSS,Metal1,338.6000,273.9425,0.000838
clkload18,VSS,Metal1,277.5600,266.1025,0.000577
clkload17,VSS,Metal1,171.1600,353.2575,0.000612
clkload16,VSS,Metal1,147.6400,298.3775,0.000567
clkload15,VSS,Metal1,191.8800,266.1025,0.000569
clkload14,VSS,Metal1,129.7200,234.7425,0.000786
clkload13,VSS,Metal1,343.6400,219.9775,0.000797
clkload12,VSS,Metal1,310.0400,188.6175,0.001245
clkload11,VSS,Metal1,327.9600,118.0575,0.000508
clkload10,VSS,Metal1,304.4400,125.8975,0.001200
clkload9,VSS,Metal1,269.1600,203.3825,0.001420
clkload8,VSS,Metal1,120.7600,187.7025,0.001325
clkbuf_5_31__f_periph_clk_i,VSS,Metal1,356.5735,337.7180,0.001201
clkbuf_5_30__f_periph_clk_i,VSS,Metal1,359.3735,322.0380,0.001123
clkbuf_5_29__f_periph_clk_i,VSS,Metal1,282.0935,353.3980,0.000659
clkbuf_5_28__f_periph_clk_i,VSS,Metal1,263.3460,336.5215,0.001230
clkbuf_5_27__f_periph_clk_i,VSS,Metal1,356.0135,274.9980,0.000850
clkbuf_5_26__f_periph_clk_i,VSS,Metal1,346.4935,250.2815,0.000651
clkbuf_5_25__f_periph_clk_i,VSS,Metal1,286.5735,259.3180,0.001216
clkbuf_5_24__f_periph_clk_i,VSS,Metal1,256.0660,258.1215,0.001235
clkbuf_5_23__f_periph_clk_i,VSS,Metal1,181.5860,360.0415,0.000368
clkbuf_5_22__f_periph_clk_i,VSS,Metal1,200.8935,329.8780,0.000855
clkbuf_5_21__f_periph_clk_i,VSS,Metal1,140.1460,320.8415,0.001137
clkbuf_5_20__f_periph_clk_i,VSS,Metal1,160.0135,290.6780,0.000811
clkbuf_5_19__f_periph_clk_i,VSS,Metal1,204.2535,259.3180,0.001200
clkbuf_5_18__f_periph_clk_i,VSS,Metal1,209.2935,227.9580,0.000814
clkbuf_5_17__f_periph_clk_i,VSS,Metal1,140.4135,265.9615,0.000573
clkbuf_5_16__f_periph_clk_i,VSS,Metal1,142.0935,226.7615,0.000821
clkbuf_5_15__f_periph_clk_i,VSS,Metal1,360.4935,220.1180,0.000797
clkbuf_5_14__f_periph_clk_i,VSS,Metal1,356.0135,180.9180,0.001076
clkbuf_5_13__f_periph_clk_i,VSS,Metal1,314.8660,212.2780,0.001151
clkbuf_5_12__f_periph_clk_i,VSS,Metal1,326.8935,188.7580,0.001208
clkbuf_5_11__f_periph_clk_i,VSS,Metal1,338.3860,109.1615,0.000659
clkbuf_5_10__f_periph_clk_i,VSS,Metal1,356.0135,86.8380,0.000716
clkbuf_5_9__f_periph_clk_i,VSS,Metal1,307.2935,132.6815,0.001002
clkbuf_5_8__f_periph_clk_i,VSS,Metal1,300.3060,93.4815,0.000578
clkbuf_5_7__f_periph_clk_i,VSS,Metal1,280.4135,204.4380,0.001420
clkbuf_5_6__f_periph_clk_i,VSS,Metal1,284.8935,180.9180,0.001078
clkbuf_5_5__f_periph_clk_i,VSS,Metal1,268.0935,156.2015,0.000936
clkbuf_5_4__f_periph_clk_i,VSS,Metal1,246.5460,133.8780,0.001007
clkbuf_5_3__f_periph_clk_i,VSS,Metal1,201.4535,188.7580,0.001316
clkbuf_5_2__f_periph_clk_i,VSS,Metal1,204.2535,173.0780,0.000990
clkbuf_5_1__f_periph_clk_i,VSS,Metal1,128.9460,180.9180,0.001073
clkbuf_5_0__f_periph_clk_i,VSS,Metal1,140.4135,164.0415,0.001230
clkbuf_4_15_0_periph_clk_i,VSS,Metal1,334.6800,337.5775,0.001177
clkbuf_4_14_0_periph_clk_i,VSS,Metal1,268.6000,337.5775,0.001231
clkbuf_4_13_0_periph_clk_i,VSS,Metal1,330.7600,266.1025,0.000551
clkbuf_4_12_0_periph_clk_i,VSS,Metal1,265.2400,259.1775,0.001235
clkbuf_4_11_0_periph_clk_i,VSS,Metal1,174.9200,344.5025,0.000892
clkbuf_4_10_0_periph_clk_i,VSS,Metal1,134.7600,305.3025,0.000654
clkbuf_4_9_0_periph_clk_i,VSS,Metal1,188.5200,243.4975,0.000562
clkbuf_4_8_0_periph_clk_i,VSS,Metal1,127.3200,242.5825,0.000558
clkbuf_4_7_0_periph_clk_i,VSS,Metal1,348.1200,196.4575,0.000573
clkbuf_4_6_0_periph_clk_i,VSS,Metal1,309.4800,204.2975,0.001397
clkbuf_4_5_0_periph_clk_i,VSS,Metal1,335.0800,102.3775,0.000608
clkbuf_4_4_0_periph_clk_i,VSS,Metal1,297.1600,109.3025,0.000658
clkbuf_4_3_0_periph_clk_i,VSS,Metal1,263.0000,195.5425,0.000583
clkbuf_4_2_0_periph_clk_i,VSS,Metal1,249.5600,148.5025,0.000961
clkbuf_4_1_0_periph_clk_i,VSS,Metal1,198.4400,187.7025,0.001316
clkbuf_4_0_0_periph_clk_i,VSS,Metal1,130.2800,172.0225,0.001050
clkbuf_0_periph_clk_i,VSS,Metal1,246.5460,212.2780,0.001295
clkload7,VSS,Metal1,186.1200,345.4175,0.000925
clkload6,VSS,Metal1,156.4400,203.3825,0.001435
clkload5,VSS,Metal1,49.6400,297.4625,0.000568
clkload4,VSS,Metal1,81.0000,179.8625,0.001073
clkload3,VSS,Metal1,295.4800,149.4175,0.000948
clkload2,VSS,Metal1,298.1200,71.0175,0.001020
clkload1,VSS,Metal1,227.7200,55.3375,0.001154
clkload0,VSS,Metal1,102.8400,31.8175,0.000914
clkbuf_5_31__f_sys_clk_i,VSS,Metal1,203.6935,345.5580,0.000925
clkbuf_5_30__f_sys_clk_i,VSS,Metal1,207.6135,337.7180,0.001189
clkbuf_5_29__f_sys_clk_i,VSS,Metal1,146.5735,344.3615,0.000892
clkbuf_5_28__f_sys_clk_i,VSS,Metal1,128.9460,314.1980,0.000570
clkbuf_5_27__f_sys_clk_i,VSS,Metal1,179.6135,203.2415,0.001444
clkbuf_5_26__f_sys_clk_i,VSS,Metal1,164.7860,188.7580,0.001312
clkbuf_5_25__f_sys_clk_i,VSS,Metal1,125.0260,235.7980,0.000786
clkbuf_5_24__f_sys_clk_i,VSS,Metal1,140.9735,211.0815,0.001253
clkbuf_5_23__f_sys_clk_i,VSS,Metal1,52.4935,290.6780,0.000840
clkbuf_5_22__f_sys_clk_i,VSS,Metal1,40.4660,282.8380,0.000560
clkbuf_5_21__f_sys_clk_i,VSS,Metal1,32.8935,250.2815,0.000801
clkbuf_5_20__f_sys_clk_i,VSS,Metal1,47.4535,220.1180,0.000739
clkbuf_5_19__f_sys_clk_i,VSS,Metal1,91.6935,173.0780,0.001054
clkbuf_5_18__f_sys_clk_i,VSS,Metal1,101.2135,148.3615,0.000950
clkbuf_5_17__f_sys_clk_i,VSS,Metal1,42.4135,188.7580,0.001302
clkbuf_5_16__f_sys_clk_i,VSS,Metal1,48.5735,165.2380,0.001271
clkbuf_5_15__f_sys_clk_i,VSS,Metal1,307.2935,148.3615,0.000948
clkbuf_5_14__f_sys_clk_i,VSS,Metal1,307.2935,124.8415,0.001200
clkbuf_5_13__f_sys_clk_i,VSS,Metal1,238.4135,141.7180,0.000762
clkbuf_5_12__f_sys_clk_i,VSS,Metal1,216.8660,124.8415,0.001219
clkbuf_5_11__f_sys_clk_i,VSS,Metal1,316.8135,71.1580,0.001020
clkbuf_5_10__f_sys_clk_i,VSS,Metal1,304.4935,62.1215,0.000920
clkbuf_5_9__f_sys_clk_i,VSS,Metal1,238.1460,47.6380,0.001307
clkbuf_5_8__f_sys_clk_i,VSS,Metal1,268.0935,54.2815,0.001146
clkbuf_5_7__f_sys_clk_i,VSS,Metal1,120.8135,47.6380,0.001442
clkbuf_5_6__f_sys_clk_i,VSS,Metal1,99.2660,54.2815,0.001143
clkbuf_5_5__f_sys_clk_i,VSS,Metal1,70.1460,101.3215,0.000678
clkbuf_5_4__f_sys_clk_i,VSS,Metal1,81.6135,86.8380,0.000703
clkbuf_5_3__f_sys_clk_i,VSS,Metal1,179.6135,69.9615,0.000906
clkbuf_5_2__f_sys_clk_i,VSS,Metal1,179.6135,30.7615,0.000790
clkbuf_5_1__f_sys_clk_i,VSS,Metal1,143.2135,46.4415,0.001438
clkbuf_5_0__f_sys_clk_i,VSS,Metal1,105.9860,46.4415,0.001442
clkbuf_4_15_0_sys_clk_i,VSS,Metal1,181.2400,329.7375,0.000849
clkbuf_4_14_0_sys_clk_i,VSS,Metal1,133.6400,328.8225,0.000829
clkbuf_4_13_0_sys_clk_i,VSS,Metal1,155.4800,212.1375,0.001251
clkbuf_4_12_0_sys_clk_i,VSS,Metal1,127.4800,219.9775,0.000742
clkbuf_4_11_0_sys_clk_i,VSS,Metal1,35.6400,281.7825,0.000560
clkbuf_4_10_0_sys_clk_i,VSS,Metal1,20.3600,235.6575,0.000802
clkbuf_4_9_0_sys_clk_i,VSS,Metal1,78.7600,164.1825,0.001272
clkbuf_4_8_0_sys_clk_i,VSS,Metal1,24.4400,172.9375,0.001009
clkbuf_4_7_0_sys_clk_i,VSS,Metal1,286.5200,132.8225,0.001007
clkbuf_4_6_0_sys_clk_i,VSS,Metal1,214.2800,132.8225,0.000986
clkbuf_4_5_0_sys_clk_i,VSS,Metal1,280.3600,71.0175,0.001012
clkbuf_4_4_0_sys_clk_i,VSS,Metal1,242.2800,55.3375,0.001155
clkbuf_4_3_0_sys_clk_i,VSS,Metal1,108.4400,63.1775,0.000923
clkbuf_4_2_0_sys_clk_i,VSS,Metal1,76.9200,94.5375,0.000418
clkbuf_4_1_0_sys_clk_i,VSS,Metal1,166.1200,47.4975,0.001386
clkbuf_4_0_0_sys_clk_i,VSS,Metal1,94.4400,55.3375,0.001143
clkbuf_0_sys_clk_i,VSS,Metal1,199.2135,204.4380,0.001446
udma_uart_top,VSS,Metal1,393.8600,399.4750,0.000049
fanout478,VSS,Metal1,352.3630,242.7190,0.000525
fanout477,VSS,Metal1,371.8500,313.8910,0.000489
fanout476,VSS,Metal1,256.4700,305.4685,0.000661
load_slew475,VSS,Metal1,271.6520,383.6460,0.000303
fanout474,VSS,Metal1,272.2830,376.6405,0.000191
fanout473,VSS,Metal1,354.0430,227.0390,0.000726
fanout472,VSS,Metal1,345.5300,227.6510,0.000725
fanout471,VSS,Metal1,275.6430,258.3990,0.001217
fanout470,VSS,Metal1,285.0300,211.9710,0.001173
fanout469,VSS,Metal1,196.4365,328.9590,0.000855
fanout468,VSS,Metal1,202.8430,360.9605,0.000368
fanout467,VSS,Metal1,195.4300,336.8285,0.001189
load_slew466,VSS,Metal1,73.0250,313.2450,0.000559
fanout465,VSS,Metal1,74.6030,306.0805,0.000621
fanout464,VSS,Metal1,196.1230,274.7205,0.000790
fanout463,VSS,Metal1,201.0300,211.3885,0.001251
fanout462,VSS,Metal1,98.1230,227.0390,0.000813
load_slew461,VSS,Metal1,78.6250,266.2050,0.000551
fanout460,VSS,Metal1,81.3230,259.0405,0.001097
fanout459,VSS,Metal1,63.8300,211.9710,0.001163
fanout458,VSS,Metal1,384.2830,85.9190,0.000718
fanout457,VSS,Metal1,375.7500,125.7310,0.001216
fanout456,VSS,Metal1,288.9700,164.9310,0.001141
fanout455,VSS,Metal1,292.8700,141.4110,0.000720
fanout454,VSS,Metal1,234.6500,125.1485,0.001219
fanout453,VSS,Metal1,384.8430,86.5605,0.000718
load_slew452,VSS,Metal1,274.3480,55.3940,0.001146
fanout451,VSS,Metal1,275.0830,62.3990,0.000920
fanout450,VSS,Metal1,189.1565,132.9590,0.000935
fanout449,VSS,Metal1,198.1165,172.1590,0.000990
fanout448,VSS,Metal1,161.2700,172.7710,0.001017
load_slew447,VSS,Metal1,199.9720,149.4740,0.000937
fanout446,VSS,Metal1,198.1165,132.9590,0.000970
fanout445,VSS,Metal1,113.1300,149.2510,0.000950
fanout444,VSS,Metal1,113.1100,133.5710,0.000883
fanout443,VSS,Metal1,207.8830,55.2005,0.001151
load_slew442,VSS,Metal1,193.8120,102.4340,0.000638
fanout441,VSS,Metal1,197.8030,117.2790,0.000530
fanout440,VSS,Metal1,203.9630,47.3605,0.001343
fanout439,VSS,Metal1,197.6700,31.6510,0.000783
fanout438,VSS,Metal1,110.4430,39.5205,0.000793
load_slew437,VSS,Metal1,112.6120,70.0460,0.000900
fanout436,VSS,Metal1,110.1965,70.8805,0.000900
fanout435,VSS,Metal1,111.4300,38.9085,0.000793
fanout434,VSS,Metal1,181.0030,93.7590,0.000411
fanout433,VSS,Metal1,208.5930,30.9815,0.000776
fanout432,VSS,Metal1,202.9930,63.0980,0.000914
fanout431,VSS,Metal1,204.2000,71.0175,0.000980
fanout430,VSS,Metal1,261.0830,399.5190,0.000060
fanout429,VSS,Metal1,259.4030,383.8390,0.000292
fanout428,VSS,Metal1,262.7630,93.7590,0.000567
fanout427,VSS,Metal1,180.0330,86.6180,0.000656
fanout425,VSS,Metal1,198.3630,352.4790,0.000637
fanout424,VSS,Metal1,189.4030,399.5190,0.000055
fanout423,VSS,Metal1,252.1230,31.6805,0.000729
max_cap422,VSS,Metal1,237.5630,54.5590,0.001155
max_cap421,VSS,Metal1,57.3450,188.5150,0.001304
fanout420,VSS,Metal1,227.7965,211.3590,0.001279
fanout419,VSS,Metal1,235.3230,188.4805,0.001305
fanout418,VSS,Metal1,184.3630,219.1990,0.000714
fanout417,VSS,Metal1,141.2430,281.9190,0.000532
fanout416,VSS,Metal1,182.4365,250.5590,0.000654
wire415,VSS,Metal1,203.2280,31.8740,0.000777
wire414,VSS,Metal1,157.8680,38.6860,0.000781
wire413,VSS,Metal1,211.0680,16.1940,0.000139
wire412,VSS,Metal1,124.2680,63.2340,0.000923
wire411,VSS,Metal1,11.7080,109.2460,0.000553
wire410,VSS,Metal1,92.9080,63.2340,0.000913
wire409,VSS,Metal1,11.7080,86.7540,0.000691
wire408,VSS,Metal1,76.2120,31.8740,0.000904
wire407,VSS,Metal1,33.0920,16.1940,0.000213
wire406,VSS,Metal1,63.7880,46.5260,0.001318
wire405,VSS,Metal1,125.4920,31.8740,0.000911
wire404,VSS,Metal1,159.5480,54.3660,0.001135
wire403,VSS,Metal1,120.9080,39.7140,0.000792
wire402,VSS,Metal1,170.1880,54.3660,0.001135
wire401,VSS,Metal1,81.1480,39.7140,0.000784
wire400,VSS,Metal1,135.4680,85.7260,0.000695
wire399,VSS,Metal1,11.8120,125.9540,0.001189
wire398,VSS,Metal1,120.3480,70.0460,0.000900
wire397,VSS,Metal1,52.1320,16.1940,0.000216
wire396,VSS,Metal1,81.2520,38.6860,0.000784
wire395,VSS,Metal1,57.7320,38.6860,0.000777
wire394,VSS,Metal1,85.0680,63.2340,0.000911
wire393,VSS,Metal1,150.1320,38.6860,0.000784
wire392,VSS,Metal1,179.2520,39.7140,0.000761
wire391,VSS,Metal1,146.6680,62.2060,0.000919
wire390,VSS,Metal1,148.9080,71.0740,0.000907
wire389,VSS,Metal1,73.4120,39.7140,0.000783
wire388,VSS,Metal1,81.2520,30.8460,0.000905
wire387,VSS,Metal1,53.8120,23.0060,0.000681
wire386,VSS,Metal1,81.1480,23.0060,0.000694
wire385,VSS,Metal1,61.6520,31.8740,0.000903
wire384,VSS,Metal1,198.1880,38.6860,0.000758
wire383,VSS,Metal1,212.1880,24.0340,0.000645
wire382,VSS,Metal1,193.1480,16.1940,0.000143
wire381,VSS,Metal1,92.3480,38.6860,0.000799
wire380,VSS,Metal1,11.8120,93.5660,0.000419
wire379,VSS,Metal1,65.4680,38.6860,0.000778
wire378,VSS,Metal1,20.6680,85.7260,0.000690
wire377,VSS,Metal1,59.9720,16.1940,0.000216
wire376,VSS,Metal1,61.6520,39.7140,0.000777
wire375,VSS,Metal1,40.9320,16.1940,0.000214
wire374,VSS,Metal1,100.2920,38.6860,0.000799
wire373,VSS,Metal1,178.1320,54.3660,0.001135
wire372,VSS,Metal1,146.6680,70.0460,0.000907
wire371,VSS,Metal1,189.7880,46.5260,0.001347
wire370,VSS,Metal1,70.0520,16.1940,0.000215
wire369,VSS,Metal1,89.0920,39.7140,0.000799
wire368,VSS,Metal1,94.0280,70.0460,0.000891
wire367,VSS,Metal1,53.2520,30.8460,0.000892
wire366,VSS,Metal1,119.7880,71.0740,0.000900
wire365,VSS,Metal1,157.3080,55.3940,0.001135
wire364,VSS,Metal1,100.8520,63.2340,0.000913
wire363,VSS,Metal1,73.4120,38.6860,0.000783
wire362,VSS,Metal1,138.8280,62.2060,0.000921
wire361,VSS,Metal1,148.9080,39.7140,0.000784
wire360,VSS,Metal1,99.0680,23.0060,0.000694
wire359,VSS,Metal1,140.0520,47.5540,0.001438
wire358,VSS,Metal1,149.5720,55.3940,0.001140
wire357,VSS,Metal1,131.0920,62.2060,0.000923
wire356,VSS,Metal1,116.4280,63.2340,0.000923
wire355,VSS,Metal1,132.1080,63.2340,0.000923
wire354,VSS,Metal1,139.9480,63.2340,0.000921
fanout353,VSS,Metal1,349.4300,157.0910,0.000908
load_slew352,VSS,Metal1,371.3320,211.1660,0.001153
fanout351,VSS,Metal1,371.7165,203.5190,0.001385
fanout350,VSS,Metal1,353.7965,110.0805,0.000659
load_slew349,VSS,Metal1,347.2520,94.5940,0.000521
fanout348,VSS,Metal1,351.2430,102.2405,0.000608
fanout347,VSS,Metal1,355.1630,93.7590,0.000523
fanout346,VSS,Metal1,332.6300,70.2685,0.000996
max_cap345,VSS,Metal1,70.7600,188.6175,0.001308
fanout344,VSS,Metal1,98.6830,274.0790,0.000838
fanout343,VSS,Metal1,100.3630,212.0005,0.001221
max_cap342,VSS,Metal1,333.4250,85.8850,0.000679
max_cap341,VSS,Metal1,305.5350,157.1550,0.000918
max_cap340,VSS,Metal1,335.6400,78.8575,0.000467
max_cap339,VSS,Metal1,312.4900,164.9310,0.001104
fanout338,VSS,Metal1,265.0030,101.5990,0.000638
fanout337,VSS,Metal1,241.4830,376.6405,0.000190
fanout336,VSS,Metal1,228.9165,375.9990,0.000177
fanout335,VSS,Metal1,61.1630,196.3205,0.000406
fanout334,VSS,Metal1,100.3630,274.7205,0.000838
fanout333,VSS,Metal1,98.1230,242.7190,0.000523
fanout332,VSS,Metal1,107.0830,242.7190,0.000531
max_cap331,VSS,Metal1,262.2030,203.5190,0.001428
max_cap330,VSS,Metal1,332.7630,305.4390,0.000435
max_cap329,VSS,Metal1,332.5165,313.9205,0.000490
fanout328,VSS,Metal1,192.2030,242.7190,0.000562
fanout327,VSS,Metal1,376.1200,101.4625,0.000614
fanout326,VSS,Metal1,391.0030,179.9990,0.001077
fanout325,VSS,Metal1,346.9130,117.9780,0.000506
fanout324,VSS,Metal1,391.0030,180.6405,0.001077
fanout323,VSS,Metal1,383.3265,109.3815,0.000680
fanout322,VSS,Metal1,392.2865,102.2980,0.000614
fanout321,VSS,Metal1,66.7630,140.7990,0.000729
fanout320,VSS,Metal1,54.8700,140.8285,0.000717
max_cap319,VSS,Metal1,76.0600,219.8260,0.000742
max_cap318,VSS,Metal1,88.0430,274.7205,0.000841
max_cap317,VSS,Metal1,86.3630,298.2405,0.000571
fanout316,VSS,Metal1,201.0300,31.0685,0.000777
max_cap315,VSS,Metal1,336.8950,187.8050,0.001208
fanout314,VSS,Metal1,288.5230,195.6790,0.000577
fanout313,VSS,Metal1,210.9965,172.1590,0.000990
fanout312,VSS,Metal1,244.7100,313.3085,0.000571
load_slew311,VSS,Metal1,211.5200,321.0140,0.001096
fanout310,VSS,Metal1,206.6500,313.8910,0.000567
wire309,VSS,Metal1,180.8280,399.3260,0.000055
wire308,VSS,Metal1,11.7080,298.4340,0.000556
wire307,VSS,Metal1,203.2280,400.3540,0.000057
wire306,VSS,Metal1,271.5480,391.4860,0.000277
wire305,VSS,Metal1,193.2520,400.3540,0.000055
wire304,VSS,Metal1,230.6680,383.6460,0.000284
wire303,VSS,Metal1,233.0120,376.8340,0.000178
wire302,VSS,Metal1,222.8280,383.6460,0.000282
wire301,VSS,Metal1,286.1080,400.3540,0.000050
wire300,VSS,Metal1,278.2680,400.3540,0.000058
wire299,VSS,Metal1,246.9080,383.6460,0.000285
wire298,VSS,Metal1,218.4520,392.5140,0.000266
wire297,VSS,Metal1,297.3080,400.3540,0.000049
wire296,VSS,Metal1,247.0120,375.8060,0.000190
wire295,VSS,Metal1,289.4680,392.5140,0.000276
wire294,VSS,Metal1,286.1080,399.3260,0.000050
wire293,VSS,Metal1,391.3880,77.8860,0.000471
wire292,VSS,Metal1,391.3880,78.9140,0.000471
wire291,VSS,Metal1,364.5080,140.6060,0.000714
wire290,VSS,Metal1,366.1880,172.9940,0.000867
wire289,VSS,Metal1,364.5080,148.4460,0.000948
wire288,VSS,Metal1,375.1480,94.5940,0.000524
wire287,VSS,Metal1,391.3880,93.5660,0.000525
wire286,VSS,Metal1,366.1880,157.3140,0.000911
wire285,VSS,Metal1,11.7080,148.4460,0.000898
wire284,VSS,Metal1,222.3720,16.1940,0.000135
max_cap283,VSS,Metal1,32.0430,125.7605,0.001204
load_slew282,VSS,Metal1,284.1450,70.9150,0.001020
max_cap281,VSS,Metal1,230.5965,281.9190,0.000450
max_cap280,VSS,Metal1,309.8030,274.0790,0.000818
max_cap279,VSS,Metal1,69.4300,259.0110,0.001096
max_cap278,VSS,Metal1,48.9450,258.3650,0.001059
max_cap277,VSS,Metal1,90.7100,258.4285,0.001104
max_cap276,VSS,Metal1,20.9450,149.3150,0.000897
max_cap275,VSS,Metal1,18.7050,195.6450,0.000392
load_slew274,VSS,Metal1,195.1050,117.9550,0.000529
fanout273,VSS,Metal1,188.5965,117.9205,0.000525
fanout272,VSS,Metal1,142.2300,306.0510,0.000645
load_slew271,VSS,Metal1,231.5050,368.8350,0.000351
fanout270,VSS,Metal1,217.7165,368.8005,0.000346
fanout269,VSS,Metal1,137.1900,94.3710,0.000412
load_slew268,VSS,Metal1,149.5265,117.9550,0.000526
fanout267,VSS,Metal1,174.2830,109.4390,0.000554
wire266,VSS,Metal1,139.5630,78.7205,0.000525
max_cap265,VSS,Metal1,135.9800,78.0935,0.000528
load_slew264,VSS,Metal1,170.4000,86.6660,0.000657
fanout263,VSS,Metal1,175.9630,78.7205,0.000521
fanout262,VSS,Metal1,181.4300,38.9085,0.000761
load_slew261,VSS,Metal1,158.6400,70.1340,0.000906
fanout260,VSS,Metal1,184.9230,78.0790,0.000518
fanout259,VSS,Metal1,198.3630,250.5590,0.000654
wire258,VSS,Metal1,11.7080,124.9260,0.001189
fanout257,VSS,Metal1,170.6765,289.7590,0.000811
fanout256,VSS,Metal1,168.4365,282.5605,0.000490
max_cap255,VSS,Metal1,303.7450,133.6350,0.001002
load_slew254,VSS,Metal1,298.1450,141.4750,0.000720
load_slew253,VSS,Metal1,318.3050,164.9950,0.001104
fanout252,VSS,Metal1,143.4830,203.5190,0.001424
load_slew251,VSS,Metal1,23.7450,195.6450,0.000392
max_cap250,VSS,Metal1,228.6030,203.5190,0.001437
max_cap249,VSS,Metal1,228.6030,196.3205,0.000532
wire248,VSS,Metal1,355.5480,164.1260,0.001092
wire247,VSS,Metal1,358.3480,157.3140,0.000910
wire246,VSS,Metal1,391.3880,212.1940,0.001155
wire245,VSS,Metal1,365.6280,187.6460,0.001211
wire244,VSS,Metal1,373.4680,195.4860,0.000578
wire243,VSS,Metal1,375.1480,188.6740,0.001211
wire242,VSS,Metal1,364.5080,156.2860,0.000911
wire241,VSS,Metal1,355.5480,140.6060,0.000714
wire240,VSS,Metal1,364.5080,171.9660,0.000867
wire239,VSS,Metal1,391.3880,219.0060,0.000819
wire238,VSS,Metal1,382.4280,211.1660,0.001154
wire237,VSS,Metal1,364.6120,117.0860,0.000511
wire236,VSS,Metal1,11.7080,259.2340,0.001034
fanout235,VSS,Metal1,335.8765,336.7990,0.001177
load_slew234,VSS,Metal1,323.3450,156.4450,0.000918
wire233,VSS,Metal1,345.6430,55.2005,0.001100
max_cap232,VSS,Metal1,338.3400,55.1860,0.001099
wire231,VSS,Metal1,336.1230,38.8790,0.000686
max_cap230,VSS,Metal1,331.0600,39.5060,0.000697
load_slew229,VSS,Metal1,356.9450,132.9250,0.000995
max_cap228,VSS,Metal1,135.7450,259.0750,0.001178
wire227,VSS,Metal1,367.3080,110.2740,0.000677
wire226,VSS,Metal1,382.5320,203.3260,0.001389
wire225,VSS,Metal1,364.5080,124.9260,0.001215
wire224,VSS,Metal1,355.6520,124.9260,0.001214
wire223,VSS,Metal1,268.1880,16.1940,0.000112
fanout222,VSS,Metal1,317.9565,282.5605,0.000400
wire221,VSS,Metal1,383.5480,93.5660,0.000524
output220,VSS,Metal1,9.5100,250.5885,0.000803
output219,VSS,Metal1,227.3500,23.8110,0.000645
output218,VSS,Metal1,393.6700,85.9485,0.000719
output217,VSS,Metal1,9.5100,110.0510,0.000553
output216,VSS,Metal1,9.5100,133.5710,0.000854
output215,VSS,Metal1,252.5700,15.9710,0.000119
output214,VSS,Metal1,349.4500,172.1885,0.000866
output213,VSS,Metal1,393.6700,86.5310,0.000719
output212,VSS,Metal1,366.8100,101.6285,0.000611
output211,VSS,Metal1,352.8100,148.6685,0.000948
output210,VSS,Metal1,368.4700,164.9310,0.001092
output209,VSS,Metal1,347.2100,149.2510,0.000948
output208,VSS,Metal1,357.8500,101.6285,0.000611
output207,VSS,Metal1,393.6700,70.8510,0.000700
output206,VSS,Metal1,103.0500,39.4910,0.000799
output205,VSS,Metal1,127.6900,70.2685,0.000904
output204,VSS,Metal1,91.2900,78.1085,0.000532
output203,VSS,Metal1,141.1100,70.2685,0.000904
output202,VSS,Metal1,161.2700,46.7485,0.001426
output201,VSS,Metal1,142.2300,31.6510,0.000899
output200,VSS,Metal1,100.7900,31.0685,0.000913
output199,VSS,Metal1,119.8500,31.6510,0.000915
output198,VSS,Metal1,103.0500,23.8110,0.000694
output197,VSS,Metal1,83.4300,70.2685,0.000866
output196,VSS,Metal1,103.0500,78.6910,0.000539
output195,VSS,Metal1,129.3700,23.2285,0.000667
output194,VSS,Metal1,83.4500,54.5885,0.001139
output193,VSS,Metal1,108.0700,85.9485,0.000703
output192,VSS,Metal1,80.0900,54.5885,0.001139
output191,VSS,Metal1,99.6700,78.6910,0.000537
output190,VSS,Metal1,98.5500,78.1085,0.000536
output189,VSS,Metal1,142.2500,23.8110,0.000667
output188,VSS,Metal1,56.0100,31.6510,0.000893
output187,VSS,Metal1,181.4300,31.6510,0.000790
output186,VSS,Metal1,107.5100,31.6510,0.000915
output185,VSS,Metal1,44.2300,38.9085,0.000711
output184,VSS,Metal1,79.5100,63.0110,0.000904
output183,VSS,Metal1,122.0700,78.1085,0.000539
output182,VSS,Metal1,9.5300,70.8510,0.000812
output181,VSS,Metal1,49.2900,39.4910,0.000743
output180,VSS,Metal1,17.3500,109.4685,0.000552
output179,VSS,Metal1,79.5300,23.8110,0.000694
output178,VSS,Metal1,187.6100,23.8110,0.000649
output177,VSS,Metal1,188.7300,31.6510,0.000790
output176,VSS,Metal1,187.6100,39.4910,0.000760
output175,VSS,Metal1,105.8300,38.9085,0.000798
output174,VSS,Metal1,68.8900,62.4285,0.000884
output173,VSS,Metal1,88.4700,70.2685,0.000891
output172,VSS,Metal1,122.6300,85.9485,0.000696
output171,VSS,Metal1,115.3500,85.9485,0.000701
output170,VSS,Metal1,128.2500,31.0685,0.000911
output169,VSS,Metal1,48.7300,38.9085,0.000739
output168,VSS,Metal1,178.0900,31.6510,0.000790
output167,VSS,Metal1,173.5900,39.4910,0.000770
output166,VSS,Metal1,68.8900,55.1710,0.001137
output165,VSS,Metal1,73.3500,62.4285,0.000884
output164,VSS,Metal1,96.8700,31.0685,0.000906
output163,VSS,Metal1,111.4300,85.9485,0.000703
output162,VSS,Metal1,52.0900,38.9085,0.000763
output161,VSS,Metal1,18.4700,117.8910,0.000511
output160,VSS,Metal1,122.6500,46.7485,0.001442
output159,VSS,Metal1,56.0100,39.4910,0.000777
output158,VSS,Metal1,155.6900,31.6510,0.000899
output157,VSS,Metal1,70.5700,31.6510,0.000905
output156,VSS,Metal1,157.9100,46.7485,0.001426
output155,VSS,Metal1,161.8300,31.0685,0.000894
output154,VSS,Metal1,54.8900,46.7485,0.001317
output153,VSS,Metal1,58.2300,46.7485,0.001317
output152,VSS,Metal1,118.7100,85.9485,0.000697
output151,VSS,Metal1,9.5100,78.6910,0.000502
output150,VSS,Metal1,52.6500,39.4910,0.000766
output149,VSS,Metal1,9.5100,102.2110,0.000669
output148,VSS,Metal1,95.2100,78.1085,0.000534
output147,VSS,Metal1,205.5300,23.2285,0.000649
output146,VSS,Metal1,110.3300,23.8110,0.000694
output145,VSS,Metal1,188.7300,47.3310,0.001347
output144,VSS,Metal1,382.4700,211.9710,0.001154
output143,VSS,Metal1,385.8500,211.9710,0.001154
output142,VSS,Metal1,354.4900,172.7710,0.000867
output141,VSS,Metal1,350.0100,140.8285,0.000712
output140,VSS,Metal1,390.3100,85.9485,0.000719
output139,VSS,Metal1,352.2500,133.5710,0.000991
output138,VSS,Metal1,390.3100,219.8110,0.000819
output137,VSS,Metal1,265.4500,383.8685,0.000300
output136,VSS,Metal1,264.3300,376.6110,0.000191
output135,VSS,Metal1,350.0100,164.3485,0.001092
output134,VSS,Metal1,249.7700,384.4510,0.000285
output133,VSS,Metal1,277.2100,391.7085,0.000277
output132,VSS,Metal1,218.4100,399.5485,0.000059
output131,VSS,Metal1,238.5700,383.8685,0.000285
output130,VSS,Metal1,257.6100,392.2910,0.000271
output129,VSS,Metal1,253.1300,383.8685,0.000289
output128,VSS,Metal1,214.4900,391.7085,0.000265
output127,VSS,Metal1,243.0300,392.2910,0.000269
output126,VSS,Metal1,227.3700,384.4510,0.000284
output125,VSS,Metal1,195.4500,399.5485,0.000055
output124,VSS,Metal1,349.4500,125.7310,0.001211
output123,VSS,Metal1,264.3300,392.2910,0.000277
output122,VSS,Metal1,201.0500,399.5485,0.000057
output121,VSS,Metal1,9.5100,313.8910,0.000541
output120,VSS,Metal1,175.2900,399.5485,0.000054
output119,VSS,Metal1,365.6900,203.5485,0.001385
output118,VSS,Metal1,362.8900,195.7085,0.000578
output117,VSS,Metal1,357.8500,195.7085,0.000578
output116,VSS,Metal1,393.6700,219.8110,0.000819
output115,VSS,Metal1,346.0900,164.9310,0.001088
output114,VSS,Metal1,352.7900,157.0910,0.000910
output113,VSS,Metal1,350.0100,125.1485,0.001212
input112,VSS,Metal1,249.8830,400.1605,0.000060
input111,VSS,Metal1,391.0030,46.7190,0.001089
input110,VSS,Metal1,12.1965,141.4405,0.000680
input109,VSS,Metal1,12.1965,196.3205,0.000392
input108,VSS,Metal1,12.1965,195.6790,0.000392
input107,VSS,Metal1,12.1965,172.8005,0.001010
input106,VSS,Metal1,12.1965,149.2805,0.000898
input105,VSS,Metal1,12.1965,188.4805,0.001288
input104,VSS,Metal1,12.1965,164.9605,0.001238
input103,VSS,Metal1,12.1965,172.1590,0.001010
input102,VSS,Metal1,12.1965,180.6405,0.001034
input101,VSS,Metal1,12.1965,117.9205,0.000511
input100,VSS,Metal1,242.3565,16.0005,0.000127
input99,VSS,Metal1,202.5965,16.0005,0.000141
input98,VSS,Metal1,259.9630,16.0005,0.000114
input97,VSS,Metal1,259.4030,23.1990,0.000581
input96,VSS,Metal1,391.0030,156.4790,0.000912
input95,VSS,Metal1,391.0030,157.1205,0.000912
input94,VSS,Metal1,374.7630,164.9605,0.001093
input93,VSS,Metal1,373.0830,132.9590,0.000995
input92,VSS,Metal1,373.0830,148.6390,0.000949
input91,VSS,Metal1,381.7965,117.2790,0.000511
input90,VSS,Metal1,374.5165,180.6405,0.001076
input89,VSS,Metal1,391.0030,140.7990,0.000716
input88,VSS,Metal1,391.0030,110.0805,0.000680
input87,VSS,Metal1,382.0430,148.6390,0.000950
input86,VSS,Metal1,391.0030,141.4405,0.000716
input85,VSS,Metal1,230.5965,16.0005,0.000133
input84,VSS,Metal1,382.0430,179.9990,0.001077
input83,VSS,Metal1,382.0430,172.1590,0.000869
input82,VSS,Metal1,373.0830,172.1590,0.000868
input81,VSS,Metal1,363.8765,125.7605,0.001215
input80,VSS,Metal1,391.0030,125.7605,0.001218
input79,VSS,Metal1,391.0030,117.2790,0.000512
input78,VSS,Metal1,391.0030,203.5190,0.001390
input77,VSS,Metal1,391.0030,148.6390,0.000951
input76,VSS,Metal1,391.0030,101.5990,0.000614
input75,VSS,Metal1,382.0430,187.8390,0.001212
input74,VSS,Metal1,391.0030,187.8390,0.001212
input73,VSS,Metal1,391.0030,164.9605,0.001096
input72,VSS,Metal1,382.0430,195.6790,0.000578
input71,VSS,Metal1,374.7630,157.1205,0.000911
input70,VSS,Metal1,372.8365,156.4790,0.000911
input69,VSS,Metal1,391.0030,125.1190,0.001218
input68,VSS,Metal1,250.4430,23.1990,0.000592
input67,VSS,Metal1,251.5630,23.8405,0.000592
input66,VSS,Metal1,374.5165,172.8005,0.000868
input65,VSS,Metal1,391.0030,196.3205,0.000579
input64,VSS,Metal1,382.0430,164.3190,0.001094
input63,VSS,Metal1,382.0430,125.1190,0.001217
input62,VSS,Metal1,391.0030,94.4005,0.000525
input61,VSS,Metal1,372.8365,125.1190,0.001216
input60,VSS,Metal1,391.0030,195.6790,0.000579
input59,VSS,Metal1,381.7965,156.4790,0.000911
input58,VSS,Metal1,391.0030,109.4390,0.000680
input57,VSS,Metal1,382.0430,140.7990,0.000716
input56,VSS,Metal1,391.0030,132.9590,0.000996
input55,VSS,Metal1,235.6365,23.1990,0.000627
input54,VSS,Metal1,391.0030,164.3190,0.001096
input53,VSS,Metal1,373.0830,179.9990,0.001076
input52,VSS,Metal1,391.0030,149.2805,0.000951
input51,VSS,Metal1,391.0030,117.9205,0.000512
input50,VSS,Metal1,374.5165,141.4405,0.000715
input49,VSS,Metal1,372.8365,117.2790,0.000511
input48,VSS,Metal1,391.0030,188.4805,0.001212
input47,VSS,Metal1,372.8365,164.3190,0.001093
input46,VSS,Metal1,382.0430,132.9590,0.000996
input45,VSS,Metal1,391.0030,172.1590,0.000869
input44,VSS,Metal1,391.0030,204.1605,0.001390
input43,VSS,Metal1,391.0030,211.3590,0.001155
input42,VSS,Metal1,391.0030,172.8005,0.000869
input41,VSS,Metal1,374.7630,149.2805,0.000949
input40,VSS,Metal1,391.0030,133.6005,0.000996
input39,VSS,Metal1,372.8365,140.7990,0.000715
input38,VSS,Metal1,183.5565,16.0005,0.000145
input37,VSS,Metal1,116.6030,16.0005,0.000196
input36,VSS,Metal1,116.6030,23.8405,0.000693
input35,VSS,Metal1,12.1965,140.7990,0.000680
input34,VSS,Metal1,126.4365,16.0005,0.000190
input33,VSS,Metal1,133.7165,31.6805,0.000907
input32,VSS,Metal1,158.9165,23.1990,0.000666
input31,VSS,Metal1,145.7230,16.0005,0.000176
input30,VSS,Metal1,259.7165,400.1605,0.000060
input29,VSS,Metal1,268.9230,400.1605,0.000059
input28,VSS,Metal1,154.4365,16.0005,0.000170
input27,VSS,Metal1,234.7630,399.5190,0.000060
input26,VSS,Metal1,254.9230,391.6790,0.000271
input25,VSS,Metal1,210.1230,399.5190,0.000057
input24,VSS,Metal1,230.8430,400.1605,0.000060
input23,VSS,Metal1,240.9230,400.1605,0.000060
input22,VSS,Metal1,251.5630,392.3205,0.000271
input21,VSS,Metal1,211.8030,400.1605,0.000057
input20,VSS,Metal1,224.6830,399.5190,0.000059
input19,VSS,Metal1,221.8830,400.1605,0.000059
input18,VSS,Metal1,183.8030,400.1605,0.000055
input17,VSS,Metal1,135.3965,16.0005,0.000184
input16,VSS,Metal1,250.1965,399.5190,0.000060
input15,VSS,Metal1,12.1965,289.7590,0.000816
input14,VSS,Metal1,12.1965,306.0805,0.000596
input13,VSS,Metal1,170.9230,400.1605,0.000054
input12,VSS,Metal1,88.6030,16.0005,0.000209
input11,VSS,Metal1,78.5230,16.0005,0.000213
input10,VSS,Metal1,107.3965,16.0005,0.000200
input9,VSS,Metal1,12.1965,85.9190,0.000691
input8,VSS,Metal1,97.5630,16.0005,0.000205
input7,VSS,Metal1,12.1965,94.4005,0.000419
input6,VSS,Metal1,134.2765,31.0390,0.000907
input5,VSS,Metal1,173.4765,16.0005,0.000152
input4,VSS,Metal1,270.0430,399.5190,0.000059
input3,VSS,Metal1,164.5165,16.0005,0.000160
input2,VSS,Metal1,170.6765,23.1990,0.000650
input1,VSS,Metal1,171.7965,31.6805,0.000790
udma_uart_top_510,VSS,Metal1,352.0575,400.2050,0.000049
udma_uart_top_509,VSS,Metal1,373.3400,400.2050,0.000049
udma_uart_top_508,VSS,Metal1,383.7800,78.7650,0.000471
udma_uart_top_507,VSS,Metal1,353.7400,16.0450,0.000098
udma_uart_top_506,VSS,Metal1,9.3400,392.3650,0.000231
udma_uart_top_505,VSS,Metal1,363.0600,400.2050,0.000049
udma_uart_top_504,VSS,Metal1,393.8600,38.8350,0.000688
udma_uart_top_503,VSS,Metal1,76.3400,23.8850,0.000689
udma_uart_top_502,VSS,Metal1,9.3400,23.8850,0.000655
udma_uart_top_501,VSS,Metal1,389.3800,39.5650,0.000688
udma_uart_top_500,VSS,Metal1,208.5000,23.1550,0.000645
udma_uart_top_499,VSS,Metal1,55.6200,23.8850,0.000681
udma_uart_top_498,VSS,Metal1,47.4200,16.0450,0.000215
udma_uart_top_497,VSS,Metal1,391.6200,38.8350,0.000688
udma_uart_top_496,VSS,Metal1,393.8600,31.7250,0.000703
udma_uart_top_495,VSS,Metal1,185.5400,31.7250,0.000790
udma_uart_top_494,VSS,Metal1,393.8600,392.3650,0.000275
udma_uart_top_493,VSS,Metal1,393.8600,328.9150,0.000727
udma_uart_top_492,VSS,Metal1,369.4200,399.4750,0.000049
udma_uart_top_491,VSS,Metal1,391.6200,392.3650,0.000275
udma_uart_top_490,VSS,Metal1,366.0600,400.2050,0.000049
udma_uart_top_489,VSS,Metal1,386.0200,78.7650,0.000471
udma_uart_top_488,VSS,Metal1,393.8600,39.5650,0.000688
udma_uart_top_487,VSS,Metal1,391.6200,39.5650,0.000688
udma_uart_top_486,VSS,Metal1,371.1000,400.2050,0.000049
udma_uart_top_485,VSS,Metal1,9.3400,39.5650,0.000705
udma_uart_top_484,VSS,Metal1,217.6600,23.8850,0.000645
udma_uart_top_483,VSS,Metal1,371.6600,399.4750,0.000049
udma_uart_top_482,VSS,Metal1,391.6200,361.0050,0.000328
udma_uart_top_481,VSS,Metal1,11.5800,23.8850,0.000655
udma_uart_top_480,VSS,Metal1,230.5400,23.1550,0.000633
udma_uart_top_479,VSS,Metal1,393.8600,361.0050,0.000328
TAP_TAPCELL_ROW_98_1158,VSS,Metal1,388.0800,400.3090,0.000049
TAP_TAPCELL_ROW_98_1157,VSS,Metal1,369.0400,400.3090,0.000049
TAP_TAPCELL_ROW_98_1156,VSS,Metal1,350.0000,400.3090,0.000049
TAP_TAPCELL_ROW_98_1155,VSS,Metal1,330.9600,400.3090,0.000049
TAP_TAPCELL_ROW_98_1154,VSS,Metal1,311.9200,400.3090,0.000049
TAP_TAPCELL_ROW_98_1153,VSS,Metal1,292.8800,400.3090,0.000049
TAP_TAPCELL_ROW_98_1152,VSS,Metal1,273.8400,400.3090,0.000059
TAP_TAPCELL_ROW_98_1151,VSS,Metal1,254.8000,400.3090,0.000060
TAP_TAPCELL_ROW_98_1150,VSS,Metal1,235.7600,400.3090,0.000060
TAP_TAPCELL_ROW_98_1149,VSS,Metal1,216.7200,400.3090,0.000058
TAP_TAPCELL_ROW_98_1148,VSS,Metal1,197.6800,400.3090,0.000056
TAP_TAPCELL_ROW_98_1147,VSS,Metal1,178.6400,400.3090,0.000055
TAP_TAPCELL_ROW_98_1146,VSS,Metal1,159.6000,400.3090,0.000052
TAP_TAPCELL_ROW_98_1145,VSS,Metal1,140.5600,400.3090,0.000048
TAP_TAPCELL_ROW_98_1144,VSS,Metal1,121.5200,400.3090,0.000048
TAP_TAPCELL_ROW_98_1143,VSS,Metal1,102.4800,400.3090,0.000047
TAP_TAPCELL_ROW_98_1142,VSS,Metal1,83.4400,400.3090,0.000047
TAP_TAPCELL_ROW_98_1141,VSS,Metal1,64.4000,400.3090,0.000046
TAP_TAPCELL_ROW_98_1140,VSS,Metal1,45.3600,400.3090,0.000046
TAP_TAPCELL_ROW_98_1139,VSS,Metal1,26.3200,400.3090,0.000044
TAP_TAPCELL_ROW_97_1138,VSS,Metal1,360.0800,399.3705,0.000049
TAP_TAPCELL_ROW_97_1137,VSS,Metal1,320.8800,399.3705,0.000049
TAP_TAPCELL_ROW_97_1136,VSS,Metal1,281.6800,399.3705,0.000058
TAP_TAPCELL_ROW_97_1135,VSS,Metal1,242.4800,399.3705,0.000060
TAP_TAPCELL_ROW_97_1134,VSS,Metal1,203.2800,399.3705,0.000057
TAP_TAPCELL_ROW_97_1133,VSS,Metal1,164.0800,399.3705,0.000054
TAP_TAPCELL_ROW_97_1132,VSS,Metal1,124.8800,399.3705,0.000048
TAP_TAPCELL_ROW_97_1131,VSS,Metal1,85.6800,399.3705,0.000047
TAP_TAPCELL_ROW_97_1130,VSS,Metal1,46.4800,399.3705,0.000046
TAP_TAPCELL_ROW_96_1129,VSS,Metal1,379.6800,392.4690,0.000275
TAP_TAPCELL_ROW_96_1128,VSS,Metal1,340.4800,392.4690,0.000275
TAP_TAPCELL_ROW_96_1127,VSS,Metal1,301.2800,392.4690,0.000275
TAP_TAPCELL_ROW_96_1126,VSS,Metal1,262.0800,392.4690,0.000277
TAP_TAPCELL_ROW_96_1125,VSS,Metal1,222.8800,392.4690,0.000266
TAP_TAPCELL_ROW_96_1124,VSS,Metal1,183.6800,392.4690,0.000257
TAP_TAPCELL_ROW_96_1123,VSS,Metal1,144.4800,392.4690,0.000232
TAP_TAPCELL_ROW_96_1122,VSS,Metal1,105.2800,392.4690,0.000232
TAP_TAPCELL_ROW_96_1121,VSS,Metal1,66.0800,392.4690,0.000231
TAP_TAPCELL_ROW_96_1120,VSS,Metal1,26.8800,392.4690,0.000231
TAP_TAPCELL_ROW_95_1119,VSS,Metal1,360.0800,391.5305,0.000275
TAP_TAPCELL_ROW_95_1118,VSS,Metal1,320.8800,391.5305,0.000275
TAP_TAPCELL_ROW_95_1117,VSS,Metal1,281.6800,391.5305,0.000277
TAP_TAPCELL_ROW_95_1116,VSS,Metal1,242.4800,391.5305,0.000269
TAP_TAPCELL_ROW_95_1115,VSS,Metal1,203.2800,391.5305,0.000260
TAP_TAPCELL_ROW_95_1114,VSS,Metal1,164.0800,391.5305,0.000233
TAP_TAPCELL_ROW_95_1113,VSS,Metal1,124.8800,391.5305,0.000232
TAP_TAPCELL_ROW_95_1112,VSS,Metal1,85.6800,391.5305,0.000232
TAP_TAPCELL_ROW_95_1111,VSS,Metal1,46.4800,391.5305,0.000231
TAP_TAPCELL_ROW_94_1110,VSS,Metal1,379.6800,384.6290,0.000300
TAP_TAPCELL_ROW_94_1109,VSS,Metal1,340.4800,384.6290,0.000300
TAP_TAPCELL_ROW_94_1108,VSS,Metal1,301.2800,384.6290,0.000301
TAP_TAPCELL_ROW_94_1107,VSS,Metal1,262.0800,384.6290,0.000292
TAP_TAPCELL_ROW_94_1106,VSS,Metal1,222.8800,384.6290,0.000282
TAP_TAPCELL_ROW_94_1105,VSS,Metal1,183.6800,384.6290,0.000263
TAP_TAPCELL_ROW_94_1104,VSS,Metal1,144.4800,384.6290,0.000248
TAP_TAPCELL_ROW_94_1103,VSS,Metal1,105.2800,384.6290,0.000248
TAP_TAPCELL_ROW_94_1102,VSS,Metal1,66.0800,384.6290,0.000248
TAP_TAPCELL_ROW_94_1101,VSS,Metal1,26.8800,384.6290,0.000247
TAP_TAPCELL_ROW_93_1100,VSS,Metal1,360.0800,383.6905,0.000300
TAP_TAPCELL_ROW_93_1099,VSS,Metal1,320.8800,383.6905,0.000300
TAP_TAPCELL_ROW_93_1098,VSS,Metal1,281.6800,383.6905,0.000303
TAP_TAPCELL_ROW_93_1097,VSS,Metal1,242.4800,383.6905,0.000285
TAP_TAPCELL_ROW_93_1096,VSS,Metal1,203.2800,383.6905,0.000269
TAP_TAPCELL_ROW_93_1095,VSS,Metal1,164.0800,383.6905,0.000254
TAP_TAPCELL_ROW_93_1094,VSS,Metal1,124.8800,383.6905,0.000248
TAP_TAPCELL_ROW_93_1093,VSS,Metal1,85.6800,383.6905,0.000248
TAP_TAPCELL_ROW_93_1092,VSS,Metal1,46.4800,383.6905,0.000248
TAP_TAPCELL_ROW_92_1091,VSS,Metal1,379.6800,376.7890,0.000183
TAP_TAPCELL_ROW_92_1090,VSS,Metal1,340.4800,376.7890,0.000183
TAP_TAPCELL_ROW_92_1089,VSS,Metal1,301.2800,376.7890,0.000183
TAP_TAPCELL_ROW_92_1088,VSS,Metal1,262.0800,376.7890,0.000191
TAP_TAPCELL_ROW_92_1087,VSS,Metal1,222.8800,376.7890,0.000135
TAP_TAPCELL_ROW_92_1086,VSS,Metal1,183.6800,376.7890,0.000116
TAP_TAPCELL_ROW_92_1085,VSS,Metal1,144.4800,376.7890,0.000115
TAP_TAPCELL_ROW_92_1084,VSS,Metal1,105.2800,376.7890,0.000115
TAP_TAPCELL_ROW_92_1083,VSS,Metal1,66.0800,376.7890,0.000115
TAP_TAPCELL_ROW_92_1082,VSS,Metal1,26.8800,376.7890,0.000115
TAP_TAPCELL_ROW_91_1081,VSS,Metal1,360.0800,375.8505,0.000183
TAP_TAPCELL_ROW_91_1080,VSS,Metal1,320.8800,375.8505,0.000183
TAP_TAPCELL_ROW_91_1079,VSS,Metal1,281.6800,375.8505,0.000189
TAP_TAPCELL_ROW_91_1078,VSS,Metal1,242.4800,375.8505,0.000190
TAP_TAPCELL_ROW_91_1077,VSS,Metal1,203.2800,375.8505,0.000132
TAP_TAPCELL_ROW_91_1076,VSS,Metal1,164.0800,375.8505,0.000115
TAP_TAPCELL_ROW_91_1075,VSS,Metal1,124.8800,375.8505,0.000115
TAP_TAPCELL_ROW_91_1074,VSS,Metal1,85.6800,375.8505,0.000115
TAP_TAPCELL_ROW_91_1073,VSS,Metal1,46.4800,375.8505,0.000115
TAP_TAPCELL_ROW_90_1072,VSS,Metal1,379.6800,368.9490,0.000335
TAP_TAPCELL_ROW_90_1071,VSS,Metal1,340.4800,368.9490,0.000335
TAP_TAPCELL_ROW_90_1070,VSS,Metal1,301.2800,368.9490,0.000356
TAP_TAPCELL_ROW_90_1069,VSS,Metal1,262.0800,368.9490,0.000360
TAP_TAPCELL_ROW_90_1068,VSS,Metal1,222.8800,368.9490,0.000347
TAP_TAPCELL_ROW_90_1067,VSS,Metal1,183.6800,368.9490,0.000318
TAP_TAPCELL_ROW_90_1066,VSS,Metal1,144.4800,368.9490,0.000292
TAP_TAPCELL_ROW_90_1065,VSS,Metal1,105.2800,368.9490,0.000292
TAP_TAPCELL_ROW_90_1064,VSS,Metal1,66.0800,368.9490,0.000292
TAP_TAPCELL_ROW_90_1063,VSS,Metal1,26.8800,368.9490,0.000291
TAP_TAPCELL_ROW_89_1062,VSS,Metal1,360.0800,368.0105,0.000335
TAP_TAPCELL_ROW_89_1061,VSS,Metal1,320.8800,368.0105,0.000337
TAP_TAPCELL_ROW_89_1060,VSS,Metal1,281.6800,368.0105,0.000360
TAP_TAPCELL_ROW_89_1059,VSS,Metal1,242.4800,368.0105,0.000356
TAP_TAPCELL_ROW_89_1058,VSS,Metal1,203.2800,368.0105,0.000345
TAP_TAPCELL_ROW_89_1057,VSS,Metal1,164.0800,368.0105,0.000299
TAP_TAPCELL_ROW_89_1056,VSS,Metal1,124.8800,368.0105,0.000292
TAP_TAPCELL_ROW_89_1055,VSS,Metal1,85.6800,368.0105,0.000292
TAP_TAPCELL_ROW_89_1054,VSS,Metal1,46.4800,368.0105,0.000292
TAP_TAPCELL_ROW_88_1053,VSS,Metal1,379.6800,361.1090,0.000328
TAP_TAPCELL_ROW_88_1052,VSS,Metal1,340.4800,361.1090,0.000328
TAP_TAPCELL_ROW_88_1051,VSS,Metal1,301.2800,361.1090,0.000350
TAP_TAPCELL_ROW_88_1050,VSS,Metal1,262.0800,361.1090,0.000362
TAP_TAPCELL_ROW_88_1049,VSS,Metal1,222.8800,361.1090,0.000368
TAP_TAPCELL_ROW_88_1048,VSS,Metal1,183.6800,361.1090,0.000368
TAP_TAPCELL_ROW_88_1047,VSS,Metal1,144.4800,361.1090,0.000344
TAP_TAPCELL_ROW_88_1046,VSS,Metal1,105.2800,361.1090,0.000343
TAP_TAPCELL_ROW_88_1045,VSS,Metal1,66.0800,361.1090,0.000343
TAP_TAPCELL_ROW_88_1044,VSS,Metal1,26.8800,361.1090,0.000342
TAP_TAPCELL_ROW_87_1043,VSS,Metal1,360.0800,360.1705,0.000328
TAP_TAPCELL_ROW_87_1042,VSS,Metal1,320.8800,360.1705,0.000333
TAP_TAPCELL_ROW_87_1041,VSS,Metal1,281.6800,360.1705,0.000356
TAP_TAPCELL_ROW_87_1040,VSS,Metal1,242.4800,360.1705,0.000365
TAP_TAPCELL_ROW_87_1039,VSS,Metal1,203.2800,360.1705,0.000368
TAP_TAPCELL_ROW_87_1038,VSS,Metal1,164.0800,360.1705,0.000368
TAP_TAPCELL_ROW_87_1037,VSS,Metal1,124.8800,360.1705,0.000344
TAP_TAPCELL_ROW_87_1036,VSS,Metal1,85.6800,360.1705,0.000343
TAP_TAPCELL_ROW_87_1035,VSS,Metal1,46.4800,360.1705,0.000343
TAP_TAPCELL_ROW_86_1034,VSS,Metal1,379.6800,353.2690,0.000600
TAP_TAPCELL_ROW_86_1033,VSS,Metal1,340.4800,353.2690,0.000600
TAP_TAPCELL_ROW_86_1032,VSS,Metal1,301.2800,353.2690,0.000659
TAP_TAPCELL_ROW_86_1031,VSS,Metal1,262.0800,353.2690,0.000657
TAP_TAPCELL_ROW_86_1030,VSS,Metal1,222.8800,353.2690,0.000650
TAP_TAPCELL_ROW_86_1029,VSS,Metal1,183.6800,353.2690,0.000613
TAP_TAPCELL_ROW_86_1028,VSS,Metal1,144.4800,353.2690,0.000589
TAP_TAPCELL_ROW_86_1027,VSS,Metal1,105.2800,353.2690,0.000587
TAP_TAPCELL_ROW_86_1026,VSS,Metal1,66.0800,353.2690,0.000586
TAP_TAPCELL_ROW_86_1025,VSS,Metal1,26.8800,353.2690,0.000585
TAP_TAPCELL_ROW_85_1024,VSS,Metal1,360.0800,352.3305,0.000600
TAP_TAPCELL_ROW_85_1023,VSS,Metal1,320.8800,352.3305,0.000643
TAP_TAPCELL_ROW_85_1022,VSS,Metal1,281.6800,352.3305,0.000659
TAP_TAPCELL_ROW_85_1021,VSS,Metal1,242.4800,352.3305,0.000651
TAP_TAPCELL_ROW_85_1020,VSS,Metal1,203.2800,352.3305,0.000638
TAP_TAPCELL_ROW_85_1019,VSS,Metal1,164.0800,352.3305,0.000601
TAP_TAPCELL_ROW_85_1018,VSS,Metal1,124.8800,352.3305,0.000587
TAP_TAPCELL_ROW_85_1017,VSS,Metal1,85.6800,352.3305,0.000587
TAP_TAPCELL_ROW_85_1016,VSS,Metal1,46.4800,352.3305,0.000586
TAP_TAPCELL_ROW_84_1015,VSS,Metal1,379.6800,345.4290,0.000832
TAP_TAPCELL_ROW_84_1014,VSS,Metal1,340.4800,345.4290,0.000824
TAP_TAPCELL_ROW_84_1013,VSS,Metal1,301.2800,345.4290,0.000839
TAP_TAPCELL_ROW_84_1012,VSS,Metal1,262.0800,345.4290,0.000914
TAP_TAPCELL_ROW_84_1011,VSS,Metal1,222.8800,345.4290,0.000924
TAP_TAPCELL_ROW_84_1010,VSS,Metal1,183.6800,345.4290,0.000919
TAP_TAPCELL_ROW_84_1009,VSS,Metal1,144.4800,345.4290,0.000892
TAP_TAPCELL_ROW_84_1008,VSS,Metal1,105.2800,345.4290,0.000890
TAP_TAPCELL_ROW_84_1007,VSS,Metal1,66.0800,345.4290,0.000888
TAP_TAPCELL_ROW_84_1006,VSS,Metal1,26.8800,345.4290,0.000883
TAP_TAPCELL_ROW_83_1005,VSS,Metal1,360.0800,344.4905,0.000832
TAP_TAPCELL_ROW_83_1004,VSS,Metal1,320.8800,344.4905,0.000825
TAP_TAPCELL_ROW_83_1003,VSS,Metal1,281.6800,344.4905,0.000879
TAP_TAPCELL_ROW_83_1002,VSS,Metal1,242.4800,344.4905,0.000924
TAP_TAPCELL_ROW_83_1001,VSS,Metal1,203.2800,344.4905,0.000925
TAP_TAPCELL_ROW_83_1000,VSS,Metal1,164.0800,344.4905,0.000892
TAP_TAPCELL_ROW_83_999,VSS,Metal1,124.8800,344.4905,0.000891
TAP_TAPCELL_ROW_83_998,VSS,Metal1,85.6800,344.4905,0.000890
TAP_TAPCELL_ROW_83_997,VSS,Metal1,46.4800,344.4905,0.000884
TAP_TAPCELL_ROW_82_996,VSS,Metal1,379.6800,337.5890,0.001202
TAP_TAPCELL_ROW_82_995,VSS,Metal1,340.4800,337.5890,0.001191
TAP_TAPCELL_ROW_82_994,VSS,Metal1,301.2800,337.5890,0.001217
TAP_TAPCELL_ROW_82_993,VSS,Metal1,262.0800,337.5890,0.001230
TAP_TAPCELL_ROW_82_992,VSS,Metal1,222.8800,337.5890,0.001192
TAP_TAPCELL_ROW_82_991,VSS,Metal1,183.6800,337.5890,0.001141
TAP_TAPCELL_ROW_82_990,VSS,Metal1,144.4800,337.5890,0.001092
TAP_TAPCELL_ROW_82_989,VSS,Metal1,105.2800,337.5890,0.001043
TAP_TAPCELL_ROW_82_988,VSS,Metal1,66.0800,337.5890,0.001009
TAP_TAPCELL_ROW_82_987,VSS,Metal1,26.8800,337.5890,0.001006
TAP_TAPCELL_ROW_81_986,VSS,Metal1,360.0800,336.6505,0.001201
TAP_TAPCELL_ROW_81_985,VSS,Metal1,320.8800,336.6505,0.001193
TAP_TAPCELL_ROW_81_984,VSS,Metal1,281.6800,336.6505,0.001224
TAP_TAPCELL_ROW_81_983,VSS,Metal1,242.4800,336.6505,0.001194
TAP_TAPCELL_ROW_81_982,VSS,Metal1,203.2800,336.6505,0.001189
TAP_TAPCELL_ROW_81_981,VSS,Metal1,164.0800,336.6505,0.001113
TAP_TAPCELL_ROW_81_980,VSS,Metal1,124.8800,336.6505,0.001064
TAP_TAPCELL_ROW_81_979,VSS,Metal1,85.6800,336.6505,0.001029
TAP_TAPCELL_ROW_81_978,VSS,Metal1,46.4800,336.6505,0.001007
TAP_TAPCELL_ROW_80_977,VSS,Metal1,379.6800,329.7490,0.000727
TAP_TAPCELL_ROW_80_976,VSS,Metal1,340.4800,329.7490,0.000726
TAP_TAPCELL_ROW_80_975,VSS,Metal1,301.2800,329.7490,0.000793
TAP_TAPCELL_ROW_80_974,VSS,Metal1,262.0800,329.7490,0.000855
TAP_TAPCELL_ROW_80_973,VSS,Metal1,222.8800,329.7490,0.000855
TAP_TAPCELL_ROW_80_972,VSS,Metal1,183.6800,329.7490,0.000849
TAP_TAPCELL_ROW_80_971,VSS,Metal1,144.4800,329.7490,0.000833
TAP_TAPCELL_ROW_80_970,VSS,Metal1,105.2800,329.7490,0.000829
TAP_TAPCELL_ROW_80_969,VSS,Metal1,66.0800,329.7490,0.000789
TAP_TAPCELL_ROW_80_968,VSS,Metal1,26.8800,329.7490,0.000693
TAP_TAPCELL_ROW_79_967,VSS,Metal1,360.0800,328.8105,0.000727
TAP_TAPCELL_ROW_79_966,VSS,Metal1,320.8800,328.8105,0.000770
TAP_TAPCELL_ROW_79_965,VSS,Metal1,281.6800,328.8105,0.000847
TAP_TAPCELL_ROW_79_964,VSS,Metal1,242.4800,328.8105,0.000856
TAP_TAPCELL_ROW_79_963,VSS,Metal1,203.2800,328.8105,0.000855
TAP_TAPCELL_ROW_79_962,VSS,Metal1,164.0800,328.8105,0.000843
TAP_TAPCELL_ROW_79_961,VSS,Metal1,124.8800,328.8105,0.000829
TAP_TAPCELL_ROW_79_960,VSS,Metal1,85.6800,328.8105,0.000824
TAP_TAPCELL_ROW_79_959,VSS,Metal1,46.4800,328.8105,0.000710
TAP_TAPCELL_ROW_78_958,VSS,Metal1,379.6800,321.9090,0.001123
TAP_TAPCELL_ROW_78_957,VSS,Metal1,340.4800,321.9090,0.001089
TAP_TAPCELL_ROW_78_956,VSS,Metal1,301.2800,321.9090,0.001087
TAP_TAPCELL_ROW_78_955,VSS,Metal1,262.0800,321.9090,0.001104
TAP_TAPCELL_ROW_78_954,VSS,Metal1,222.8800,321.9090,0.001105
TAP_TAPCELL_ROW_78_953,VSS,Metal1,183.6800,321.9090,0.001073
TAP_TAPCELL_ROW_78_952,VSS,Metal1,144.4800,321.9090,0.001137
TAP_TAPCELL_ROW_78_951,VSS,Metal1,105.2800,321.9090,0.001119
TAP_TAPCELL_ROW_78_950,VSS,Metal1,66.0800,321.9090,0.001003
TAP_TAPCELL_ROW_78_949,VSS,Metal1,26.8800,321.9090,0.000919
TAP_TAPCELL_ROW_77_948,VSS,Metal1,360.0800,320.9705,0.001123
TAP_TAPCELL_ROW_77_947,VSS,Metal1,320.8800,320.9705,0.001075
TAP_TAPCELL_ROW_77_946,VSS,Metal1,281.6800,320.9705,0.001095
TAP_TAPCELL_ROW_77_945,VSS,Metal1,242.4800,320.9705,0.001106
TAP_TAPCELL_ROW_77_944,VSS,Metal1,203.2800,320.9705,0.001096
TAP_TAPCELL_ROW_77_943,VSS,Metal1,164.0800,320.9705,0.001118
TAP_TAPCELL_ROW_77_942,VSS,Metal1,124.8800,320.9705,0.001137
TAP_TAPCELL_ROW_77_941,VSS,Metal1,85.6800,320.9705,0.001048
TAP_TAPCELL_ROW_77_940,VSS,Metal1,46.4800,320.9705,0.000947
TAP_TAPCELL_ROW_76_939,VSS,Metal1,379.6800,314.0690,0.000489
TAP_TAPCELL_ROW_76_938,VSS,Metal1,340.4800,314.0690,0.000489
TAP_TAPCELL_ROW_76_937,VSS,Metal1,301.2800,314.0690,0.000531
TAP_TAPCELL_ROW_76_936,VSS,Metal1,262.0800,314.0690,0.000570
TAP_TAPCELL_ROW_76_935,VSS,Metal1,222.8800,314.0690,0.000571
TAP_TAPCELL_ROW_76_934,VSS,Metal1,183.6800,314.0690,0.000557
TAP_TAPCELL_ROW_76_933,VSS,Metal1,144.4800,314.0690,0.000570
TAP_TAPCELL_ROW_76_932,VSS,Metal1,105.2800,314.0690,0.000566
TAP_TAPCELL_ROW_76_931,VSS,Metal1,66.0800,314.0690,0.000559
TAP_TAPCELL_ROW_76_930,VSS,Metal1,26.8800,314.0690,0.000547
TAP_TAPCELL_ROW_75_929,VSS,Metal1,360.0800,313.1305,0.000489
TAP_TAPCELL_ROW_75_928,VSS,Metal1,320.8800,313.1305,0.000501
TAP_TAPCELL_ROW_75_927,VSS,Metal1,281.6800,313.1305,0.000538
TAP_TAPCELL_ROW_75_926,VSS,Metal1,242.4800,313.1305,0.000571
TAP_TAPCELL_ROW_75_925,VSS,Metal1,203.2800,313.1305,0.000562
TAP_TAPCELL_ROW_75_924,VSS,Metal1,164.0800,313.1305,0.000558
TAP_TAPCELL_ROW_75_923,VSS,Metal1,124.8800,313.1305,0.000570
TAP_TAPCELL_ROW_75_922,VSS,Metal1,85.6800,313.1305,0.000559
TAP_TAPCELL_ROW_75_921,VSS,Metal1,46.4800,313.1305,0.000551
TAP_TAPCELL_ROW_74_920,VSS,Metal1,379.6800,306.2290,0.000435
TAP_TAPCELL_ROW_74_919,VSS,Metal1,340.4800,306.2290,0.000435
TAP_TAPCELL_ROW_74_918,VSS,Metal1,301.2800,306.2290,0.000473
TAP_TAPCELL_ROW_74_917,VSS,Metal1,262.0800,306.2290,0.000655
TAP_TAPCELL_ROW_74_916,VSS,Metal1,222.8800,306.2290,0.000666
TAP_TAPCELL_ROW_74_915,VSS,Metal1,183.6800,306.2290,0.000623
TAP_TAPCELL_ROW_74_914,VSS,Metal1,144.4800,306.2290,0.000645
TAP_TAPCELL_ROW_74_913,VSS,Metal1,105.2800,306.2290,0.000642
TAP_TAPCELL_ROW_74_912,VSS,Metal1,66.0800,306.2290,0.000620
TAP_TAPCELL_ROW_74_911,VSS,Metal1,26.8800,306.2290,0.000600
TAP_TAPCELL_ROW_73_910,VSS,Metal1,360.0800,305.2905,0.000435
TAP_TAPCELL_ROW_73_909,VSS,Metal1,320.8800,305.2905,0.000449
TAP_TAPCELL_ROW_73_908,VSS,Metal1,281.6800,305.2905,0.000512
TAP_TAPCELL_ROW_73_907,VSS,Metal1,242.4800,305.2905,0.000667
TAP_TAPCELL_ROW_73_906,VSS,Metal1,203.2800,305.2905,0.000658
TAP_TAPCELL_ROW_73_905,VSS,Metal1,164.0800,305.2905,0.000616
TAP_TAPCELL_ROW_73_904,VSS,Metal1,124.8800,305.2905,0.000654
TAP_TAPCELL_ROW_73_903,VSS,Metal1,85.6800,305.2905,0.000631
TAP_TAPCELL_ROW_73_902,VSS,Metal1,46.4800,305.2905,0.000611
TAP_TAPCELL_ROW_72_901,VSS,Metal1,379.6800,298.3890,0.000477
TAP_TAPCELL_ROW_72_900,VSS,Metal1,340.4800,298.3890,0.000470
TAP_TAPCELL_ROW_72_899,VSS,Metal1,301.2800,298.3890,0.000508
TAP_TAPCELL_ROW_72_898,VSS,Metal1,262.0800,298.3890,0.000526
TAP_TAPCELL_ROW_72_897,VSS,Metal1,222.8800,298.3890,0.000531
TAP_TAPCELL_ROW_72_896,VSS,Metal1,183.6800,298.3890,0.000531
TAP_TAPCELL_ROW_72_895,VSS,Metal1,144.4800,298.3890,0.000567
TAP_TAPCELL_ROW_72_894,VSS,Metal1,105.2800,298.3890,0.000570
TAP_TAPCELL_ROW_72_893,VSS,Metal1,66.0800,298.3890,0.000571
TAP_TAPCELL_ROW_72_892,VSS,Metal1,26.8800,298.3890,0.000562
TAP_TAPCELL_ROW_71_891,VSS,Metal1,360.0800,297.4505,0.000477
TAP_TAPCELL_ROW_71_890,VSS,Metal1,320.8800,297.4505,0.000475
TAP_TAPCELL_ROW_71_889,VSS,Metal1,281.6800,297.4505,0.000511
TAP_TAPCELL_ROW_71_888,VSS,Metal1,242.4800,297.4505,0.000531
TAP_TAPCELL_ROW_71_887,VSS,Metal1,203.2800,297.4505,0.000531
TAP_TAPCELL_ROW_71_886,VSS,Metal1,164.0800,297.4505,0.000537
TAP_TAPCELL_ROW_71_885,VSS,Metal1,124.8800,297.4505,0.000567
TAP_TAPCELL_ROW_71_884,VSS,Metal1,85.6800,297.4505,0.000571
TAP_TAPCELL_ROW_71_883,VSS,Metal1,46.4800,297.4505,0.000567
TAP_TAPCELL_ROW_70_882,VSS,Metal1,379.6800,290.5490,0.000518
TAP_TAPCELL_ROW_70_881,VSS,Metal1,340.4800,290.5490,0.000517
TAP_TAPCELL_ROW_70_880,VSS,Metal1,301.2800,290.5490,0.000748
TAP_TAPCELL_ROW_70_879,VSS,Metal1,262.0800,290.5490,0.000768
TAP_TAPCELL_ROW_70_878,VSS,Metal1,222.8800,290.5490,0.000783
TAP_TAPCELL_ROW_70_877,VSS,Metal1,183.6800,290.5490,0.000787
TAP_TAPCELL_ROW_70_876,VSS,Metal1,144.4800,290.5490,0.000815
TAP_TAPCELL_ROW_70_875,VSS,Metal1,105.2800,290.5490,0.000840
TAP_TAPCELL_ROW_70_874,VSS,Metal1,66.0800,290.5490,0.000840
TAP_TAPCELL_ROW_70_873,VSS,Metal1,26.8800,290.5490,0.000815
TAP_TAPCELL_ROW_69_872,VSS,Metal1,360.0800,289.6105,0.000518
TAP_TAPCELL_ROW_69_871,VSS,Metal1,320.8800,289.6105,0.000513
TAP_TAPCELL_ROW_69_870,VSS,Metal1,281.6800,289.6105,0.000755
TAP_TAPCELL_ROW_69_869,VSS,Metal1,242.4800,289.6105,0.000773
TAP_TAPCELL_ROW_69_868,VSS,Metal1,203.2800,289.6105,0.000787
TAP_TAPCELL_ROW_69_867,VSS,Metal1,164.0800,289.6105,0.000811
TAP_TAPCELL_ROW_69_866,VSS,Metal1,124.8800,289.6105,0.000840
TAP_TAPCELL_ROW_69_865,VSS,Metal1,85.6800,289.6105,0.000840
TAP_TAPCELL_ROW_69_864,VSS,Metal1,46.4800,289.6105,0.000840
TAP_TAPCELL_ROW_68_863,VSS,Metal1,379.6800,282.7090,0.000392
TAP_TAPCELL_ROW_68_862,VSS,Metal1,340.4800,282.7090,0.000392
TAP_TAPCELL_ROW_68_861,VSS,Metal1,301.2800,282.7090,0.000422
TAP_TAPCELL_ROW_68_860,VSS,Metal1,262.0800,282.7090,0.000439
TAP_TAPCELL_ROW_68_859,VSS,Metal1,222.8800,282.7090,0.000455
TAP_TAPCELL_ROW_68_858,VSS,Metal1,183.6800,282.7090,0.000463
TAP_TAPCELL_ROW_68_857,VSS,Metal1,144.4800,282.7090,0.000529
TAP_TAPCELL_ROW_68_856,VSS,Metal1,105.2800,282.7090,0.000554
TAP_TAPCELL_ROW_68_855,VSS,Metal1,66.0800,282.7090,0.000560
TAP_TAPCELL_ROW_68_854,VSS,Metal1,26.8800,282.7090,0.000559
TAP_TAPCELL_ROW_67_853,VSS,Metal1,360.0800,281.7705,0.000392
TAP_TAPCELL_ROW_67_852,VSS,Metal1,320.8800,281.7705,0.000398
TAP_TAPCELL_ROW_67_851,VSS,Metal1,281.6800,281.7705,0.000434
TAP_TAPCELL_ROW_67_850,VSS,Metal1,242.4800,281.7705,0.000447
TAP_TAPCELL_ROW_67_849,VSS,Metal1,203.2800,281.7705,0.000459
TAP_TAPCELL_ROW_67_848,VSS,Metal1,164.0800,281.7705,0.000494
TAP_TAPCELL_ROW_67_847,VSS,Metal1,124.8800,281.7705,0.000545
TAP_TAPCELL_ROW_67_846,VSS,Metal1,85.6800,281.7705,0.000555
TAP_TAPCELL_ROW_67_845,VSS,Metal1,46.4800,281.7705,0.000560
TAP_TAPCELL_ROW_66_844,VSS,Metal1,379.6800,274.8690,0.000850
TAP_TAPCELL_ROW_66_843,VSS,Metal1,340.4800,274.8690,0.000840
TAP_TAPCELL_ROW_66_842,VSS,Metal1,301.2800,274.8690,0.000818
TAP_TAPCELL_ROW_66_841,VSS,Metal1,262.0800,274.8690,0.000820
TAP_TAPCELL_ROW_66_840,VSS,Metal1,222.8800,274.8690,0.000815
TAP_TAPCELL_ROW_66_839,VSS,Metal1,183.6800,274.8690,0.000788
TAP_TAPCELL_ROW_66_838,VSS,Metal1,144.4800,274.8690,0.000821
TAP_TAPCELL_ROW_66_837,VSS,Metal1,105.2800,274.8690,0.000837
TAP_TAPCELL_ROW_66_836,VSS,Metal1,66.0800,274.8690,0.000844
TAP_TAPCELL_ROW_66_835,VSS,Metal1,26.8800,274.8690,0.000808
TAP_TAPCELL_ROW_65_834,VSS,Metal1,360.0800,273.9305,0.000850
TAP_TAPCELL_ROW_65_833,VSS,Metal1,320.8800,273.9305,0.000816
TAP_TAPCELL_ROW_65_832,VSS,Metal1,281.6800,273.9305,0.000821
TAP_TAPCELL_ROW_65_831,VSS,Metal1,242.4800,273.9305,0.000818
TAP_TAPCELL_ROW_65_830,VSS,Metal1,203.2800,273.9305,0.000806
TAP_TAPCELL_ROW_65_829,VSS,Metal1,164.0800,273.9305,0.000819
TAP_TAPCELL_ROW_65_828,VSS,Metal1,124.8800,273.9305,0.000831
TAP_TAPCELL_ROW_65_827,VSS,Metal1,85.6800,273.9305,0.000841
TAP_TAPCELL_ROW_65_826,VSS,Metal1,46.4800,273.9305,0.000843
TAP_TAPCELL_ROW_64_825,VSS,Metal1,379.6800,267.0290,0.000552
TAP_TAPCELL_ROW_64_824,VSS,Metal1,340.4800,267.0290,0.000552
TAP_TAPCELL_ROW_64_823,VSS,Metal1,301.2800,267.0290,0.000557
TAP_TAPCELL_ROW_64_822,VSS,Metal1,262.0800,267.0290,0.000580
TAP_TAPCELL_ROW_64_821,VSS,Metal1,222.8800,267.0290,0.000577
TAP_TAPCELL_ROW_64_820,VSS,Metal1,183.6800,267.0290,0.000561
TAP_TAPCELL_ROW_64_819,VSS,Metal1,144.4800,267.0290,0.000573
TAP_TAPCELL_ROW_64_818,VSS,Metal1,105.2800,267.0290,0.000569
TAP_TAPCELL_ROW_64_817,VSS,Metal1,66.0800,267.0290,0.000549
TAP_TAPCELL_ROW_64_816,VSS,Metal1,26.8800,267.0290,0.000537
TAP_TAPCELL_ROW_63_815,VSS,Metal1,360.0800,266.0905,0.000552
TAP_TAPCELL_ROW_63_814,VSS,Metal1,320.8800,266.0905,0.000555
TAP_TAPCELL_ROW_63_813,VSS,Metal1,281.6800,266.0905,0.000575
TAP_TAPCELL_ROW_63_812,VSS,Metal1,242.4800,266.0905,0.000579
TAP_TAPCELL_ROW_63_811,VSS,Metal1,203.2800,266.0905,0.000569
TAP_TAPCELL_ROW_63_810,VSS,Metal1,164.0800,266.0905,0.000557
TAP_TAPCELL_ROW_63_809,VSS,Metal1,124.8800,266.0905,0.000573
TAP_TAPCELL_ROW_63_808,VSS,Metal1,85.6800,266.0905,0.000563
TAP_TAPCELL_ROW_63_807,VSS,Metal1,46.4800,266.0905,0.000539
TAP_TAPCELL_ROW_62_806,VSS,Metal1,379.6800,259.1890,0.001174
TAP_TAPCELL_ROW_62_805,VSS,Metal1,340.4800,259.1890,0.001174
TAP_TAPCELL_ROW_62_804,VSS,Metal1,301.2800,259.1890,0.001199
TAP_TAPCELL_ROW_62_803,VSS,Metal1,262.0800,259.1890,0.001235
TAP_TAPCELL_ROW_62_802,VSS,Metal1,222.8800,259.1890,0.001200
TAP_TAPCELL_ROW_62_801,VSS,Metal1,183.6800,259.1890,0.001192
TAP_TAPCELL_ROW_62_800,VSS,Metal1,144.4800,259.1890,0.001187
TAP_TAPCELL_ROW_62_799,VSS,Metal1,105.2800,259.1890,0.001169
TAP_TAPCELL_ROW_62_798,VSS,Metal1,66.0800,259.1890,0.001096
TAP_TAPCELL_ROW_62_797,VSS,Metal1,26.8800,259.1890,0.001044
TAP_TAPCELL_ROW_61_796,VSS,Metal1,360.0800,258.2505,0.001174
TAP_TAPCELL_ROW_61_795,VSS,Metal1,320.8800,258.2505,0.001184
TAP_TAPCELL_ROW_61_794,VSS,Metal1,281.6800,258.2505,0.001216
TAP_TAPCELL_ROW_61_793,VSS,Metal1,242.4800,258.2505,0.001230
TAP_TAPCELL_ROW_61_792,VSS,Metal1,203.2800,258.2505,0.001200
TAP_TAPCELL_ROW_61_791,VSS,Metal1,164.0800,258.2505,0.001192
TAP_TAPCELL_ROW_61_790,VSS,Metal1,124.8800,258.2505,0.001174
TAP_TAPCELL_ROW_61_789,VSS,Metal1,85.6800,258.2505,0.001103
TAP_TAPCELL_ROW_61_788,VSS,Metal1,46.4800,258.2505,0.001059
TAP_TAPCELL_ROW_60_787,VSS,Metal1,379.6800,251.3490,0.000651
TAP_TAPCELL_ROW_60_786,VSS,Metal1,340.4800,251.3490,0.000651
TAP_TAPCELL_ROW_60_785,VSS,Metal1,301.2800,251.3490,0.000650
TAP_TAPCELL_ROW_60_784,VSS,Metal1,262.0800,251.3490,0.000654
TAP_TAPCELL_ROW_60_783,VSS,Metal1,222.8800,251.3490,0.000654
TAP_TAPCELL_ROW_60_782,VSS,Metal1,183.6800,251.3490,0.000654
TAP_TAPCELL_ROW_60_781,VSS,Metal1,144.4800,251.3490,0.000706
TAP_TAPCELL_ROW_60_780,VSS,Metal1,105.2800,251.3490,0.000771
TAP_TAPCELL_ROW_60_779,VSS,Metal1,66.0800,251.3490,0.000779
TAP_TAPCELL_ROW_60_778,VSS,Metal1,26.8800,251.3490,0.000800
TAP_TAPCELL_ROW_59_777,VSS,Metal1,360.0800,250.4105,0.000651
TAP_TAPCELL_ROW_59_776,VSS,Metal1,320.8800,250.4105,0.000650
TAP_TAPCELL_ROW_59_775,VSS,Metal1,281.6800,250.4105,0.000653
TAP_TAPCELL_ROW_59_774,VSS,Metal1,242.4800,250.4105,0.000654
TAP_TAPCELL_ROW_59_773,VSS,Metal1,203.2800,250.4105,0.000654
TAP_TAPCELL_ROW_59_772,VSS,Metal1,164.0800,250.4105,0.000685
TAP_TAPCELL_ROW_59_771,VSS,Metal1,124.8800,250.4105,0.000709
TAP_TAPCELL_ROW_59_770,VSS,Metal1,85.6800,250.4105,0.000771
TAP_TAPCELL_ROW_59_769,VSS,Metal1,46.4800,250.4105,0.000801
TAP_TAPCELL_ROW_58_768,VSS,Metal1,379.6800,243.5090,0.000525
TAP_TAPCELL_ROW_58_767,VSS,Metal1,340.4800,243.5090,0.000523
TAP_TAPCELL_ROW_58_766,VSS,Metal1,301.2800,243.5090,0.000531
TAP_TAPCELL_ROW_58_765,VSS,Metal1,262.0800,243.5090,0.000539
TAP_TAPCELL_ROW_58_764,VSS,Metal1,222.8800,243.5090,0.000562
TAP_TAPCELL_ROW_58_763,VSS,Metal1,183.6800,243.5090,0.000551
TAP_TAPCELL_ROW_58_762,VSS,Metal1,144.4800,243.5090,0.000555
TAP_TAPCELL_ROW_58_761,VSS,Metal1,105.2800,243.5090,0.000531
TAP_TAPCELL_ROW_58_760,VSS,Metal1,66.0800,243.5090,0.000502
TAP_TAPCELL_ROW_58_759,VSS,Metal1,26.8800,243.5090,0.000502
TAP_TAPCELL_ROW_57_758,VSS,Metal1,360.0800,242.5705,0.000525
TAP_TAPCELL_ROW_57_757,VSS,Metal1,320.8800,242.5705,0.000529
TAP_TAPCELL_ROW_57_756,VSS,Metal1,281.6800,242.5705,0.000531
TAP_TAPCELL_ROW_57_755,VSS,Metal1,242.4800,242.5705,0.000558
TAP_TAPCELL_ROW_57_754,VSS,Metal1,203.2800,242.5705,0.000562
TAP_TAPCELL_ROW_57_753,VSS,Metal1,164.0800,242.5705,0.000548
TAP_TAPCELL_ROW_57_752,VSS,Metal1,124.8800,242.5705,0.000557
TAP_TAPCELL_ROW_57_751,VSS,Metal1,85.6800,242.5705,0.000509
TAP_TAPCELL_ROW_57_750,VSS,Metal1,46.4800,242.5705,0.000502
TAP_TAPCELL_ROW_56_749,VSS,Metal1,379.6800,235.6690,0.000558
TAP_TAPCELL_ROW_56_748,VSS,Metal1,340.4800,235.6690,0.000558
TAP_TAPCELL_ROW_56_747,VSS,Metal1,301.2800,235.6690,0.000560
TAP_TAPCELL_ROW_56_746,VSS,Metal1,262.0800,235.6690,0.000588
TAP_TAPCELL_ROW_56_745,VSS,Metal1,222.8800,235.6690,0.000631
TAP_TAPCELL_ROW_56_744,VSS,Metal1,183.6800,235.6690,0.000756
TAP_TAPCELL_ROW_56_743,VSS,Metal1,144.4800,235.6690,0.000785
TAP_TAPCELL_ROW_56_742,VSS,Metal1,105.2800,235.6690,0.000787
TAP_TAPCELL_ROW_56_741,VSS,Metal1,66.0800,235.6690,0.000810
TAP_TAPCELL_ROW_56_740,VSS,Metal1,26.8800,235.6690,0.000805
TAP_TAPCELL_ROW_55_739,VSS,Metal1,360.0800,234.7305,0.000558
TAP_TAPCELL_ROW_55_738,VSS,Metal1,320.8800,234.7305,0.000558
TAP_TAPCELL_ROW_55_737,VSS,Metal1,281.6800,234.7305,0.000561
TAP_TAPCELL_ROW_55_736,VSS,Metal1,242.4800,234.7305,0.000630
TAP_TAPCELL_ROW_55_735,VSS,Metal1,203.2800,234.7305,0.000749
TAP_TAPCELL_ROW_55_734,VSS,Metal1,164.0800,234.7305,0.000757
TAP_TAPCELL_ROW_55_733,VSS,Metal1,124.8800,234.7305,0.000786
TAP_TAPCELL_ROW_55_732,VSS,Metal1,85.6800,234.7305,0.000806
TAP_TAPCELL_ROW_55_731,VSS,Metal1,46.4800,234.7305,0.000810
TAP_TAPCELL_ROW_54_730,VSS,Metal1,379.6800,227.8290,0.000726
TAP_TAPCELL_ROW_54_729,VSS,Metal1,340.4800,227.8290,0.000725
TAP_TAPCELL_ROW_54_728,VSS,Metal1,301.2800,227.8290,0.000751
TAP_TAPCELL_ROW_54_727,VSS,Metal1,262.0800,227.8290,0.000797
TAP_TAPCELL_ROW_54_726,VSS,Metal1,222.8800,227.8290,0.000814
TAP_TAPCELL_ROW_54_725,VSS,Metal1,183.6800,227.8290,0.000802
TAP_TAPCELL_ROW_54_724,VSS,Metal1,144.4800,227.8290,0.000821
TAP_TAPCELL_ROW_54_723,VSS,Metal1,105.2800,227.8290,0.000814
TAP_TAPCELL_ROW_54_722,VSS,Metal1,66.0800,227.8290,0.000805
TAP_TAPCELL_ROW_54_721,VSS,Metal1,26.8800,227.8290,0.000764
TAP_TAPCELL_ROW_53_720,VSS,Metal1,360.0800,226.8905,0.000726
TAP_TAPCELL_ROW_53_719,VSS,Metal1,320.8800,226.8905,0.000745
TAP_TAPCELL_ROW_53_718,VSS,Metal1,281.6800,226.8905,0.000787
TAP_TAPCELL_ROW_53_717,VSS,Metal1,242.4800,226.8905,0.000805
TAP_TAPCELL_ROW_53_716,VSS,Metal1,203.2800,226.8905,0.000814
TAP_TAPCELL_ROW_53_715,VSS,Metal1,164.0800,226.8905,0.000806
TAP_TAPCELL_ROW_53_714,VSS,Metal1,124.8800,226.8905,0.000821
TAP_TAPCELL_ROW_53_713,VSS,Metal1,85.6800,226.8905,0.000810
TAP_TAPCELL_ROW_53_712,VSS,Metal1,46.4800,226.8905,0.000799
TAP_TAPCELL_ROW_52_711,VSS,Metal1,379.6800,219.9890,0.000798
TAP_TAPCELL_ROW_52_710,VSS,Metal1,340.4800,219.9890,0.000786
TAP_TAPCELL_ROW_52_709,VSS,Metal1,301.2800,219.9890,0.000760
TAP_TAPCELL_ROW_52_708,VSS,Metal1,262.0800,219.9890,0.000749
TAP_TAPCELL_ROW_52_707,VSS,Metal1,222.8800,219.9890,0.000730
TAP_TAPCELL_ROW_52_706,VSS,Metal1,183.6800,219.9890,0.000714
TAP_TAPCELL_ROW_52_705,VSS,Metal1,144.4800,219.9890,0.000735
TAP_TAPCELL_ROW_52_704,VSS,Metal1,105.2800,219.9890,0.000743
TAP_TAPCELL_ROW_52_703,VSS,Metal1,66.0800,219.9890,0.000742
TAP_TAPCELL_ROW_52_702,VSS,Metal1,26.8800,219.9890,0.000738
TAP_TAPCELL_ROW_51_701,VSS,Metal1,360.0800,219.0505,0.000797
TAP_TAPCELL_ROW_51_700,VSS,Metal1,320.8800,219.0505,0.000760
TAP_TAPCELL_ROW_51_699,VSS,Metal1,281.6800,219.0505,0.000751
TAP_TAPCELL_ROW_51_698,VSS,Metal1,242.4800,219.0505,0.000735
TAP_TAPCELL_ROW_51_697,VSS,Metal1,203.2800,219.0505,0.000722
TAP_TAPCELL_ROW_51_696,VSS,Metal1,164.0800,219.0505,0.000723
TAP_TAPCELL_ROW_51_695,VSS,Metal1,124.8800,219.0505,0.000742
TAP_TAPCELL_ROW_51_694,VSS,Metal1,85.6800,219.0505,0.000743
TAP_TAPCELL_ROW_51_693,VSS,Metal1,46.4800,219.0505,0.000739
TAP_TAPCELL_ROW_50_692,VSS,Metal1,379.6800,212.1490,0.001154
TAP_TAPCELL_ROW_50_691,VSS,Metal1,340.4800,212.1490,0.001151
TAP_TAPCELL_ROW_50_690,VSS,Metal1,301.2800,212.1490,0.001152
TAP_TAPCELL_ROW_50_689,VSS,Metal1,262.0800,212.1490,0.001290
TAP_TAPCELL_ROW_50_688,VSS,Metal1,222.8800,212.1490,0.001269
TAP_TAPCELL_ROW_50_687,VSS,Metal1,183.6800,212.1490,0.001234
TAP_TAPCELL_ROW_50_686,VSS,Metal1,144.4800,212.1490,0.001253
TAP_TAPCELL_ROW_50_685,VSS,Metal1,105.2800,212.1490,0.001226
TAP_TAPCELL_ROW_50_684,VSS,Metal1,66.0800,212.1490,0.001163
TAP_TAPCELL_ROW_50_683,VSS,Metal1,26.8800,212.1490,0.001137
TAP_TAPCELL_ROW_49_682,VSS,Metal1,360.0800,211.2105,0.001153
TAP_TAPCELL_ROW_49_681,VSS,Metal1,320.8800,211.2105,0.001151
TAP_TAPCELL_ROW_49_680,VSS,Metal1,281.6800,211.2105,0.001235
TAP_TAPCELL_ROW_49_679,VSS,Metal1,242.4800,211.2105,0.001295
TAP_TAPCELL_ROW_49_678,VSS,Metal1,203.2800,211.2105,0.001261
TAP_TAPCELL_ROW_49_677,VSS,Metal1,164.0800,211.2105,0.001240
TAP_TAPCELL_ROW_49_676,VSS,Metal1,124.8800,211.2105,0.001253
TAP_TAPCELL_ROW_49_675,VSS,Metal1,85.6800,211.2105,0.001178
TAP_TAPCELL_ROW_49_674,VSS,Metal1,46.4800,211.2105,0.001149
TAP_TAPCELL_ROW_48_673,VSS,Metal1,379.6800,204.3090,0.001389
TAP_TAPCELL_ROW_48_672,VSS,Metal1,340.4800,204.3090,0.001382
TAP_TAPCELL_ROW_48_671,VSS,Metal1,301.2800,204.3090,0.001418
TAP_TAPCELL_ROW_48_670,VSS,Metal1,262.0800,204.3090,0.001428
TAP_TAPCELL_ROW_48_669,VSS,Metal1,222.8800,204.3090,0.001442
TAP_TAPCELL_ROW_48_668,VSS,Metal1,183.6800,204.3090,0.001444
TAP_TAPCELL_ROW_48_667,VSS,Metal1,144.4800,204.3090,0.001424
TAP_TAPCELL_ROW_48_666,VSS,Metal1,105.2800,204.3090,0.001414
TAP_TAPCELL_ROW_48_665,VSS,Metal1,66.0800,204.3090,0.001381
TAP_TAPCELL_ROW_48_664,VSS,Metal1,26.8800,204.3090,0.001269
TAP_TAPCELL_ROW_47_663,VSS,Metal1,360.0800,203.3705,0.001385
TAP_TAPCELL_ROW_47_662,VSS,Metal1,320.8800,203.3705,0.001386
TAP_TAPCELL_ROW_47_661,VSS,Metal1,281.6800,203.3705,0.001420
TAP_TAPCELL_ROW_47_660,VSS,Metal1,242.4800,203.3705,0.001436
TAP_TAPCELL_ROW_47_659,VSS,Metal1,203.2800,203.3705,0.001446
TAP_TAPCELL_ROW_47_658,VSS,Metal1,164.0800,203.3705,0.001442
TAP_TAPCELL_ROW_47_657,VSS,Metal1,124.8800,203.3705,0.001415
TAP_TAPCELL_ROW_47_656,VSS,Metal1,85.6800,203.3705,0.001399
TAP_TAPCELL_ROW_47_655,VSS,Metal1,46.4800,203.3705,0.001341
TAP_TAPCELL_ROW_46_654,VSS,Metal1,379.6800,196.4690,0.000578
TAP_TAPCELL_ROW_46_653,VSS,Metal1,340.4800,196.4690,0.000573
TAP_TAPCELL_ROW_46_652,VSS,Metal1,301.2800,196.4690,0.000576
TAP_TAPCELL_ROW_46_651,VSS,Metal1,262.0800,196.4690,0.000583
TAP_TAPCELL_ROW_46_650,VSS,Metal1,222.8800,196.4690,0.000532
TAP_TAPCELL_ROW_46_649,VSS,Metal1,183.6800,196.4690,0.000497
TAP_TAPCELL_ROW_46_648,VSS,Metal1,144.4800,196.4690,0.000470
TAP_TAPCELL_ROW_46_647,VSS,Metal1,105.2800,196.4690,0.000436
TAP_TAPCELL_ROW_46_646,VSS,Metal1,66.0800,196.4690,0.000411
TAP_TAPCELL_ROW_46_645,VSS,Metal1,26.8800,196.4690,0.000396
TAP_TAPCELL_ROW_45_644,VSS,Metal1,360.0800,195.5305,0.000578
TAP_TAPCELL_ROW_45_643,VSS,Metal1,320.8800,195.5305,0.000576
TAP_TAPCELL_ROW_45_642,VSS,Metal1,281.6800,195.5305,0.000580
TAP_TAPCELL_ROW_45_641,VSS,Metal1,242.4800,195.5305,0.000546
TAP_TAPCELL_ROW_45_640,VSS,Metal1,203.2800,195.5305,0.000503
TAP_TAPCELL_ROW_45_639,VSS,Metal1,164.0800,195.5305,0.000488
TAP_TAPCELL_ROW_45_638,VSS,Metal1,124.8800,195.5305,0.000442
TAP_TAPCELL_ROW_45_637,VSS,Metal1,85.6800,195.5305,0.000416
TAP_TAPCELL_ROW_45_636,VSS,Metal1,46.4800,195.5305,0.000401
TAP_TAPCELL_ROW_44_635,VSS,Metal1,379.6800,188.6290,0.001212
TAP_TAPCELL_ROW_44_634,VSS,Metal1,340.4800,188.6290,0.001210
TAP_TAPCELL_ROW_44_633,VSS,Metal1,301.2800,188.6290,0.001244
TAP_TAPCELL_ROW_44_632,VSS,Metal1,262.0800,188.6290,0.001256
TAP_TAPCELL_ROW_44_631,VSS,Metal1,222.8800,188.6290,0.001311
TAP_TAPCELL_ROW_44_630,VSS,Metal1,183.6800,188.6290,0.001312
TAP_TAPCELL_ROW_44_629,VSS,Metal1,144.4800,188.6290,0.001314
TAP_TAPCELL_ROW_44_628,VSS,Metal1,105.2800,188.6290,0.001325
TAP_TAPCELL_ROW_44_627,VSS,Metal1,66.0800,188.6290,0.001306
TAP_TAPCELL_ROW_44_626,VSS,Metal1,26.8800,188.6290,0.001283
TAP_TAPCELL_ROW_43_625,VSS,Metal1,360.0800,187.6905,0.001211
TAP_TAPCELL_ROW_43_624,VSS,Metal1,320.8800,187.6905,0.001208
TAP_TAPCELL_ROW_43_623,VSS,Metal1,281.6800,187.6905,0.001247
TAP_TAPCELL_ROW_43_622,VSS,Metal1,242.4800,187.6905,0.001303
TAP_TAPCELL_ROW_43_621,VSS,Metal1,203.2800,187.6905,0.001316
TAP_TAPCELL_ROW_43_620,VSS,Metal1,164.0800,187.6905,0.001312
TAP_TAPCELL_ROW_43_619,VSS,Metal1,124.8800,187.6905,0.001325
TAP_TAPCELL_ROW_43_618,VSS,Metal1,85.6800,187.6905,0.001322
TAP_TAPCELL_ROW_43_617,VSS,Metal1,46.4800,187.6905,0.001302
TAP_TAPCELL_ROW_42_616,VSS,Metal1,379.6800,180.7890,0.001077
TAP_TAPCELL_ROW_42_615,VSS,Metal1,340.4800,180.7890,0.001074
TAP_TAPCELL_ROW_42_614,VSS,Metal1,301.2800,180.7890,0.001077
TAP_TAPCELL_ROW_42_613,VSS,Metal1,262.0800,180.7890,0.001075
TAP_TAPCELL_ROW_42_612,VSS,Metal1,222.8800,180.7890,0.001064
TAP_TAPCELL_ROW_42_611,VSS,Metal1,183.6800,180.7890,0.001059
TAP_TAPCELL_ROW_42_610,VSS,Metal1,144.4800,180.7890,0.001071
TAP_TAPCELL_ROW_42_609,VSS,Metal1,105.2800,180.7890,0.001073
TAP_TAPCELL_ROW_42_608,VSS,Metal1,66.0800,180.7890,0.001072
TAP_TAPCELL_ROW_42_607,VSS,Metal1,26.8800,180.7890,0.001045
TAP_TAPCELL_ROW_41_606,VSS,Metal1,360.0800,179.8505,0.001076
TAP_TAPCELL_ROW_41_605,VSS,Metal1,320.8800,179.8505,0.001075
TAP_TAPCELL_ROW_41_604,VSS,Metal1,281.6800,179.8505,0.001078
TAP_TAPCELL_ROW_41_603,VSS,Metal1,242.4800,179.8505,0.001064
TAP_TAPCELL_ROW_41_602,VSS,Metal1,203.2800,179.8505,0.001064
TAP_TAPCELL_ROW_41_601,VSS,Metal1,164.0800,179.8505,0.001069
TAP_TAPCELL_ROW_41_600,VSS,Metal1,124.8800,179.8505,0.001073
TAP_TAPCELL_ROW_41_599,VSS,Metal1,85.6800,179.8505,0.001073
TAP_TAPCELL_ROW_41_598,VSS,Metal1,46.4800,179.8505,0.001063
TAP_TAPCELL_ROW_40_597,VSS,Metal1,379.6800,172.9490,0.000869
TAP_TAPCELL_ROW_40_596,VSS,Metal1,340.4800,172.9490,0.000865
TAP_TAPCELL_ROW_40_595,VSS,Metal1,301.2800,172.9490,0.000874
TAP_TAPCELL_ROW_40_594,VSS,Metal1,262.0800,172.9490,0.000886
TAP_TAPCELL_ROW_40_593,VSS,Metal1,222.8800,172.9490,0.000937
TAP_TAPCELL_ROW_40_592,VSS,Metal1,183.6800,172.9490,0.000988
TAP_TAPCELL_ROW_40_591,VSS,Metal1,144.4800,172.9490,0.001044
TAP_TAPCELL_ROW_40_590,VSS,Metal1,105.2800,172.9490,0.001053
TAP_TAPCELL_ROW_40_589,VSS,Metal1,66.0800,172.9490,0.001024
TAP_TAPCELL_ROW_40_588,VSS,Metal1,26.8800,172.9490,0.001008
TAP_TAPCELL_ROW_39_587,VSS,Metal1,360.0800,172.0105,0.000867
TAP_TAPCELL_ROW_39_586,VSS,Metal1,320.8800,172.0105,0.000866
TAP_TAPCELL_ROW_39_585,VSS,Metal1,281.6800,172.0105,0.000874
TAP_TAPCELL_ROW_39_584,VSS,Metal1,242.4800,172.0105,0.000901
TAP_TAPCELL_ROW_39_583,VSS,Metal1,203.2800,172.0105,0.000990
TAP_TAPCELL_ROW_39_582,VSS,Metal1,164.0800,172.0105,0.000995
TAP_TAPCELL_ROW_39_581,VSS,Metal1,124.8800,172.0105,0.001050
TAP_TAPCELL_ROW_39_580,VSS,Metal1,85.6800,172.0105,0.001054
TAP_TAPCELL_ROW_39_579,VSS,Metal1,46.4800,172.0105,0.001010
TAP_TAPCELL_ROW_38_578,VSS,Metal1,379.6800,165.1090,0.001094
TAP_TAPCELL_ROW_38_577,VSS,Metal1,340.4800,165.1090,0.001088
TAP_TAPCELL_ROW_38_576,VSS,Metal1,301.2800,165.1090,0.001119
TAP_TAPCELL_ROW_38_575,VSS,Metal1,262.0800,165.1090,0.001189
TAP_TAPCELL_ROW_38_574,VSS,Metal1,222.8800,165.1090,0.001205
TAP_TAPCELL_ROW_38_573,VSS,Metal1,183.6800,165.1090,0.001215
TAP_TAPCELL_ROW_38_572,VSS,Metal1,144.4800,165.1090,0.001230
TAP_TAPCELL_ROW_38_571,VSS,Metal1,105.2800,165.1090,0.001261
TAP_TAPCELL_ROW_38_570,VSS,Metal1,66.0800,165.1090,0.001271
TAP_TAPCELL_ROW_38_569,VSS,Metal1,26.8800,165.1090,0.001251
TAP_TAPCELL_ROW_37_568,VSS,Metal1,360.0800,164.1705,0.001092
TAP_TAPCELL_ROW_37_567,VSS,Metal1,320.8800,164.1705,0.001090
TAP_TAPCELL_ROW_37_566,VSS,Metal1,281.6800,164.1705,0.001143
TAP_TAPCELL_ROW_37_565,VSS,Metal1,242.4800,164.1705,0.001205
TAP_TAPCELL_ROW_37_564,VSS,Metal1,203.2800,164.1705,0.001215
TAP_TAPCELL_ROW_37_563,VSS,Metal1,164.0800,164.1705,0.001218
TAP_TAPCELL_ROW_37_562,VSS,Metal1,124.8800,164.1705,0.001230
TAP_TAPCELL_ROW_37_561,VSS,Metal1,85.6800,164.1705,0.001265
TAP_TAPCELL_ROW_37_560,VSS,Metal1,46.4800,164.1705,0.001271
TAP_TAPCELL_ROW_36_559,VSS,Metal1,379.6800,157.2690,0.000911
TAP_TAPCELL_ROW_36_558,VSS,Metal1,340.4800,157.2690,0.000902
TAP_TAPCELL_ROW_36_557,VSS,Metal1,301.2800,157.2690,0.000926
TAP_TAPCELL_ROW_36_556,VSS,Metal1,262.0800,157.2690,0.000936
TAP_TAPCELL_ROW_36_555,VSS,Metal1,222.8800,157.2690,0.000933
TAP_TAPCELL_ROW_36_554,VSS,Metal1,183.6800,157.2690,0.000917
TAP_TAPCELL_ROW_36_553,VSS,Metal1,144.4800,157.2690,0.000914
TAP_TAPCELL_ROW_36_552,VSS,Metal1,105.2800,157.2690,0.000927
TAP_TAPCELL_ROW_36_551,VSS,Metal1,66.0800,157.2690,0.000926
TAP_TAPCELL_ROW_36_550,VSS,Metal1,26.8800,157.2690,0.000891
TAP_TAPCELL_ROW_35_549,VSS,Metal1,360.0800,156.3305,0.000910
TAP_TAPCELL_ROW_35_548,VSS,Metal1,320.8800,156.3305,0.000918
TAP_TAPCELL_ROW_35_547,VSS,Metal1,281.6800,156.3305,0.000936
TAP_TAPCELL_ROW_35_546,VSS,Metal1,242.4800,156.3305,0.000934
TAP_TAPCELL_ROW_35_545,VSS,Metal1,203.2800,156.3305,0.000929
TAP_TAPCELL_ROW_35_544,VSS,Metal1,164.0800,156.3305,0.000908
TAP_TAPCELL_ROW_35_543,VSS,Metal1,124.8800,156.3305,0.000919
TAP_TAPCELL_ROW_35_542,VSS,Metal1,85.6800,156.3305,0.000927
TAP_TAPCELL_ROW_35_541,VSS,Metal1,46.4800,156.3305,0.000913
TAP_TAPCELL_ROW_34_540,VSS,Metal1,379.6800,149.4290,0.000950
TAP_TAPCELL_ROW_34_539,VSS,Metal1,340.4800,149.4290,0.000947
TAP_TAPCELL_ROW_34_538,VSS,Metal1,301.2800,149.4290,0.000948
TAP_TAPCELL_ROW_34_537,VSS,Metal1,262.0800,149.4290,0.000961
TAP_TAPCELL_ROW_34_536,VSS,Metal1,222.8800,149.4290,0.000948
TAP_TAPCELL_ROW_34_535,VSS,Metal1,183.6800,149.4290,0.000937
TAP_TAPCELL_ROW_34_534,VSS,Metal1,144.4800,149.4290,0.000946
TAP_TAPCELL_ROW_34_533,VSS,Metal1,105.2800,149.4290,0.000950
TAP_TAPCELL_ROW_34_532,VSS,Metal1,66.0800,149.4290,0.000935
TAP_TAPCELL_ROW_34_531,VSS,Metal1,26.8800,149.4290,0.000897
TAP_TAPCELL_ROW_33_530,VSS,Metal1,360.0800,148.4905,0.000948
TAP_TAPCELL_ROW_33_529,VSS,Metal1,320.8800,148.4905,0.000945
TAP_TAPCELL_ROW_33_528,VSS,Metal1,281.6800,148.4905,0.000957
TAP_TAPCELL_ROW_33_527,VSS,Metal1,242.4800,148.4905,0.000958
TAP_TAPCELL_ROW_33_526,VSS,Metal1,203.2800,148.4905,0.000937
TAP_TAPCELL_ROW_33_525,VSS,Metal1,164.0800,148.4905,0.000932
TAP_TAPCELL_ROW_33_524,VSS,Metal1,124.8800,148.4905,0.000946
TAP_TAPCELL_ROW_33_523,VSS,Metal1,85.6800,148.4905,0.000945
TAP_TAPCELL_ROW_33_522,VSS,Metal1,46.4800,148.4905,0.000914
TAP_TAPCELL_ROW_32_521,VSS,Metal1,379.6800,141.5890,0.000716
TAP_TAPCELL_ROW_32_520,VSS,Metal1,340.4800,141.5890,0.000711
TAP_TAPCELL_ROW_32_519,VSS,Metal1,301.2800,141.5890,0.000718
TAP_TAPCELL_ROW_32_518,VSS,Metal1,262.0800,141.5890,0.000755
TAP_TAPCELL_ROW_32_517,VSS,Metal1,222.8800,141.5890,0.000762
TAP_TAPCELL_ROW_32_516,VSS,Metal1,183.6800,141.5890,0.000738
TAP_TAPCELL_ROW_32_515,VSS,Metal1,144.4800,141.5890,0.000721
TAP_TAPCELL_ROW_32_514,VSS,Metal1,105.2800,141.5890,0.000724
TAP_TAPCELL_ROW_32_513,VSS,Metal1,66.0800,141.5890,0.000729
TAP_TAPCELL_ROW_32_512,VSS,Metal1,26.8800,141.5890,0.000679
TAP_TAPCELL_ROW_31_511,VSS,Metal1,360.0800,140.6505,0.000714
TAP_TAPCELL_ROW_31_510,VSS,Metal1,320.8800,140.6505,0.000711
TAP_TAPCELL_ROW_31_509,VSS,Metal1,281.6800,140.6505,0.000738
TAP_TAPCELL_ROW_31_508,VSS,Metal1,242.4800,140.6505,0.000762
TAP_TAPCELL_ROW_31_507,VSS,Metal1,203.2800,140.6505,0.000761
TAP_TAPCELL_ROW_31_506,VSS,Metal1,164.0800,140.6505,0.000721
TAP_TAPCELL_ROW_31_505,VSS,Metal1,124.8800,140.6505,0.000721
TAP_TAPCELL_ROW_31_504,VSS,Metal1,85.6800,140.6505,0.000735
TAP_TAPCELL_ROW_31_503,VSS,Metal1,46.4800,140.6505,0.000688
TAP_TAPCELL_ROW_30_502,VSS,Metal1,379.6800,133.7490,0.000996
TAP_TAPCELL_ROW_30_501,VSS,Metal1,340.4800,133.7490,0.000991
TAP_TAPCELL_ROW_30_500,VSS,Metal1,301.2800,133.7490,0.001002
TAP_TAPCELL_ROW_30_499,VSS,Metal1,262.0800,133.7490,0.001007
TAP_TAPCELL_ROW_30_498,VSS,Metal1,222.8800,133.7490,0.000993
TAP_TAPCELL_ROW_30_497,VSS,Metal1,183.6800,133.7490,0.000926
TAP_TAPCELL_ROW_30_496,VSS,Metal1,144.4800,133.7490,0.000888
TAP_TAPCELL_ROW_30_495,VSS,Metal1,105.2800,133.7490,0.000883
TAP_TAPCELL_ROW_30_494,VSS,Metal1,66.0800,133.7490,0.000882
TAP_TAPCELL_ROW_30_493,VSS,Metal1,26.8800,133.7490,0.000862
TAP_TAPCELL_ROW_29_492,VSS,Metal1,360.0800,132.8105,0.000995
TAP_TAPCELL_ROW_29_491,VSS,Metal1,320.8800,132.8105,0.001002
TAP_TAPCELL_ROW_29_490,VSS,Metal1,281.6800,132.8105,0.001007
TAP_TAPCELL_ROW_29_489,VSS,Metal1,242.4800,132.8105,0.001007
TAP_TAPCELL_ROW_29_488,VSS,Metal1,203.2800,132.8105,0.000972
TAP_TAPCELL_ROW_29_487,VSS,Metal1,164.0800,132.8105,0.000905
TAP_TAPCELL_ROW_29_486,VSS,Metal1,124.8800,132.8105,0.000884
TAP_TAPCELL_ROW_29_485,VSS,Metal1,85.6800,132.8105,0.000883
TAP_TAPCELL_ROW_29_484,VSS,Metal1,46.4800,132.8105,0.000872
TAP_TAPCELL_ROW_28_483,VSS,Metal1,379.6800,125.9090,0.001217
TAP_TAPCELL_ROW_28_482,VSS,Metal1,340.4800,125.9090,0.001204
TAP_TAPCELL_ROW_28_481,VSS,Metal1,301.2800,125.9090,0.001200
TAP_TAPCELL_ROW_28_480,VSS,Metal1,262.0800,125.9090,0.001213
TAP_TAPCELL_ROW_28_479,VSS,Metal1,222.8800,125.9090,0.001219
TAP_TAPCELL_ROW_28_478,VSS,Metal1,183.6800,125.9090,0.001213
TAP_TAPCELL_ROW_28_477,VSS,Metal1,144.4800,125.9090,0.001216
TAP_TAPCELL_ROW_28_476,VSS,Metal1,105.2800,125.9090,0.001227
TAP_TAPCELL_ROW_28_475,VSS,Metal1,66.0800,125.9090,0.001227
TAP_TAPCELL_ROW_28_474,VSS,Metal1,26.8800,125.9090,0.001188
TAP_TAPCELL_ROW_27_473,VSS,Metal1,360.0800,124.9705,0.001214
TAP_TAPCELL_ROW_27_472,VSS,Metal1,320.8800,124.9705,0.001199
TAP_TAPCELL_ROW_27_471,VSS,Metal1,281.6800,124.9705,0.001204
TAP_TAPCELL_ROW_27_470,VSS,Metal1,242.4800,124.9705,0.001217
TAP_TAPCELL_ROW_27_469,VSS,Metal1,203.2800,124.9705,0.001218
TAP_TAPCELL_ROW_27_468,VSS,Metal1,164.0800,124.9705,0.001215
TAP_TAPCELL_ROW_27_467,VSS,Metal1,124.8800,124.9705,0.001225
TAP_TAPCELL_ROW_27_466,VSS,Metal1,85.6800,124.9705,0.001227
TAP_TAPCELL_ROW_27_465,VSS,Metal1,46.4800,124.9705,0.001217
TAP_TAPCELL_ROW_26_464,VSS,Metal1,379.6800,118.0690,0.000511
TAP_TAPCELL_ROW_26_463,VSS,Metal1,340.4800,118.0690,0.000505
TAP_TAPCELL_ROW_26_462,VSS,Metal1,301.2800,118.0690,0.000517
TAP_TAPCELL_ROW_26_461,VSS,Metal1,262.0800,118.0690,0.000530
TAP_TAPCELL_ROW_26_460,VSS,Metal1,222.8800,118.0690,0.000532
TAP_TAPCELL_ROW_26_459,VSS,Metal1,183.6800,118.0690,0.000525
TAP_TAPCELL_ROW_26_458,VSS,Metal1,144.4800,118.0690,0.000526
TAP_TAPCELL_ROW_26_457,VSS,Metal1,105.2800,118.0690,0.000521
TAP_TAPCELL_ROW_26_456,VSS,Metal1,66.0800,118.0690,0.000518
TAP_TAPCELL_ROW_26_455,VSS,Metal1,26.8800,118.0690,0.000515
TAP_TAPCELL_ROW_25_454,VSS,Metal1,360.0800,117.1305,0.000511
TAP_TAPCELL_ROW_25_453,VSS,Metal1,320.8800,117.1305,0.000514
TAP_TAPCELL_ROW_25_452,VSS,Metal1,281.6800,117.1305,0.000526
TAP_TAPCELL_ROW_25_451,VSS,Metal1,242.4800,117.1305,0.000532
TAP_TAPCELL_ROW_25_450,VSS,Metal1,203.2800,117.1305,0.000532
TAP_TAPCELL_ROW_25_449,VSS,Metal1,164.0800,117.1305,0.000524
TAP_TAPCELL_ROW_25_448,VSS,Metal1,124.8800,117.1305,0.000525
TAP_TAPCELL_ROW_25_447,VSS,Metal1,85.6800,117.1305,0.000518
TAP_TAPCELL_ROW_25_446,VSS,Metal1,46.4800,117.1305,0.000518
TAP_TAPCELL_ROW_24_445,VSS,Metal1,379.6800,110.2290,0.000679
TAP_TAPCELL_ROW_24_444,VSS,Metal1,340.4800,110.2290,0.000659
TAP_TAPCELL_ROW_24_443,VSS,Metal1,301.2800,110.2290,0.000659
TAP_TAPCELL_ROW_24_442,VSS,Metal1,262.0800,110.2290,0.000608
TAP_TAPCELL_ROW_24_441,VSS,Metal1,222.8800,110.2290,0.000591
TAP_TAPCELL_ROW_24_440,VSS,Metal1,183.6800,110.2290,0.000555
TAP_TAPCELL_ROW_24_439,VSS,Metal1,144.4800,110.2290,0.000554
TAP_TAPCELL_ROW_24_438,VSS,Metal1,105.2800,110.2290,0.000554
TAP_TAPCELL_ROW_24_437,VSS,Metal1,66.0800,110.2290,0.000554
TAP_TAPCELL_ROW_24_436,VSS,Metal1,26.8800,110.2290,0.000549
TAP_TAPCELL_ROW_23_435,VSS,Metal1,360.0800,109.2905,0.000677
TAP_TAPCELL_ROW_23_434,VSS,Metal1,320.8800,109.2905,0.000659
TAP_TAPCELL_ROW_23_433,VSS,Metal1,281.6800,109.2905,0.000655
TAP_TAPCELL_ROW_23_432,VSS,Metal1,242.4800,109.2905,0.000599
TAP_TAPCELL_ROW_23_431,VSS,Metal1,203.2800,109.2905,0.000591
TAP_TAPCELL_ROW_23_430,VSS,Metal1,164.0800,109.2905,0.000554
TAP_TAPCELL_ROW_23_429,VSS,Metal1,124.8800,109.2905,0.000554
TAP_TAPCELL_ROW_23_428,VSS,Metal1,85.6800,109.2905,0.000554
TAP_TAPCELL_ROW_23_427,VSS,Metal1,46.4800,109.2905,0.000554
TAP_TAPCELL_ROW_22_426,VSS,Metal1,379.6800,102.3890,0.000614
TAP_TAPCELL_ROW_22_425,VSS,Metal1,340.4800,102.3890,0.000608
TAP_TAPCELL_ROW_22_424,VSS,Metal1,301.2800,102.3890,0.000631
TAP_TAPCELL_ROW_22_423,VSS,Metal1,262.0800,102.3890,0.000638
TAP_TAPCELL_ROW_22_422,VSS,Metal1,222.8800,102.3890,0.000643
TAP_TAPCELL_ROW_22_421,VSS,Metal1,183.6800,102.3890,0.000637
TAP_TAPCELL_ROW_22_420,VSS,Metal1,144.4800,102.3890,0.000647
TAP_TAPCELL_ROW_22_419,VSS,Metal1,105.2800,102.3890,0.000676
TAP_TAPCELL_ROW_22_418,VSS,Metal1,66.0800,102.3890,0.000678
TAP_TAPCELL_ROW_22_417,VSS,Metal1,26.8800,102.3890,0.000675
TAP_TAPCELL_ROW_21_416,VSS,Metal1,360.0800,101.4505,0.000611
TAP_TAPCELL_ROW_21_415,VSS,Metal1,320.8800,101.4505,0.000614
TAP_TAPCELL_ROW_21_414,VSS,Metal1,281.6800,101.4505,0.000637
TAP_TAPCELL_ROW_21_413,VSS,Metal1,242.4800,101.4505,0.000640
TAP_TAPCELL_ROW_21_412,VSS,Metal1,203.2800,101.4505,0.000642
TAP_TAPCELL_ROW_21_411,VSS,Metal1,164.0800,101.4505,0.000641
TAP_TAPCELL_ROW_21_410,VSS,Metal1,124.8800,101.4505,0.000653
TAP_TAPCELL_ROW_21_409,VSS,Metal1,85.6800,101.4505,0.000678
TAP_TAPCELL_ROW_21_408,VSS,Metal1,46.4800,101.4505,0.000677
TAP_TAPCELL_ROW_20_407,VSS,Metal1,379.6800,94.5490,0.000524
TAP_TAPCELL_ROW_20_406,VSS,Metal1,340.4800,94.5490,0.000521
TAP_TAPCELL_ROW_20_405,VSS,Metal1,301.2800,94.5490,0.000578
TAP_TAPCELL_ROW_20_404,VSS,Metal1,262.0800,94.5490,0.000567
TAP_TAPCELL_ROW_20_403,VSS,Metal1,222.8800,94.5490,0.000448
TAP_TAPCELL_ROW_20_402,VSS,Metal1,183.6800,94.5490,0.000411
TAP_TAPCELL_ROW_20_401,VSS,Metal1,144.4800,94.5490,0.000412
TAP_TAPCELL_ROW_20_400,VSS,Metal1,105.2800,94.5490,0.000419
TAP_TAPCELL_ROW_20_399,VSS,Metal1,66.0800,94.5490,0.000418
TAP_TAPCELL_ROW_20_398,VSS,Metal1,26.8800,94.5490,0.000418
TAP_TAPCELL_ROW_19_397,VSS,Metal1,360.0800,93.6105,0.000523
TAP_TAPCELL_ROW_19_396,VSS,Metal1,320.8800,93.6105,0.000578
TAP_TAPCELL_ROW_19_395,VSS,Metal1,281.6800,93.6105,0.000571
TAP_TAPCELL_ROW_19_394,VSS,Metal1,242.4800,93.6105,0.000500
TAP_TAPCELL_ROW_19_393,VSS,Metal1,203.2800,93.6105,0.000439
TAP_TAPCELL_ROW_19_392,VSS,Metal1,164.0800,93.6105,0.000412
TAP_TAPCELL_ROW_19_391,VSS,Metal1,124.8800,93.6105,0.000418
TAP_TAPCELL_ROW_19_390,VSS,Metal1,85.6800,93.6105,0.000418
TAP_TAPCELL_ROW_19_389,VSS,Metal1,46.4800,93.6105,0.000418
TAP_TAPCELL_ROW_18_388,VSS,Metal1,379.6800,86.7090,0.000717
TAP_TAPCELL_ROW_18_387,VSS,Metal1,340.4800,86.7090,0.000705
TAP_TAPCELL_ROW_18_386,VSS,Metal1,301.2800,86.7090,0.000677
TAP_TAPCELL_ROW_18_385,VSS,Metal1,262.0800,86.7090,0.000669
TAP_TAPCELL_ROW_18_384,VSS,Metal1,222.8800,86.7090,0.000664
TAP_TAPCELL_ROW_18_383,VSS,Metal1,183.6800,86.7090,0.000658
TAP_TAPCELL_ROW_18_382,VSS,Metal1,144.4800,86.7090,0.000678
TAP_TAPCELL_ROW_18_381,VSS,Metal1,105.2800,86.7090,0.000703
TAP_TAPCELL_ROW_18_380,VSS,Metal1,66.0800,86.7090,0.000702
TAP_TAPCELL_ROW_18_379,VSS,Metal1,26.8800,86.7090,0.000689
TAP_TAPCELL_ROW_17_378,VSS,Metal1,360.0800,85.7705,0.000716
TAP_TAPCELL_ROW_17_377,VSS,Metal1,320.8800,85.7705,0.000682
TAP_TAPCELL_ROW_17_376,VSS,Metal1,281.6800,85.7705,0.000672
TAP_TAPCELL_ROW_17_375,VSS,Metal1,242.4800,85.7705,0.000664
TAP_TAPCELL_ROW_17_374,VSS,Metal1,203.2800,85.7705,0.000662
TAP_TAPCELL_ROW_17_373,VSS,Metal1,164.0800,85.7705,0.000666
TAP_TAPCELL_ROW_17_372,VSS,Metal1,124.8800,85.7705,0.000695
TAP_TAPCELL_ROW_17_371,VSS,Metal1,85.6800,85.7705,0.000703
TAP_TAPCELL_ROW_17_370,VSS,Metal1,46.4800,85.7705,0.000690
TAP_TAPCELL_ROW_16_369,VSS,Metal1,379.6800,78.8690,0.000471
TAP_TAPCELL_ROW_16_368,VSS,Metal1,340.4800,78.8690,0.000469
TAP_TAPCELL_ROW_16_367,VSS,Metal1,301.2800,78.8690,0.000470
TAP_TAPCELL_ROW_16_366,VSS,Metal1,262.0800,78.8690,0.000479
TAP_TAPCELL_ROW_16_365,VSS,Metal1,222.8800,78.8690,0.000517
TAP_TAPCELL_ROW_16_364,VSS,Metal1,183.6800,78.8690,0.000518
TAP_TAPCELL_ROW_16_363,VSS,Metal1,144.4800,78.8690,0.000525
TAP_TAPCELL_ROW_16_362,VSS,Metal1,105.2800,78.8690,0.000539
TAP_TAPCELL_ROW_16_361,VSS,Metal1,66.0800,78.8690,0.000531
TAP_TAPCELL_ROW_16_360,VSS,Metal1,26.8800,78.8690,0.000502
TAP_TAPCELL_ROW_15_359,VSS,Metal1,360.0800,77.9305,0.000471
TAP_TAPCELL_ROW_15_358,VSS,Metal1,320.8800,77.9305,0.000467
TAP_TAPCELL_ROW_15_357,VSS,Metal1,281.6800,77.9305,0.000475
TAP_TAPCELL_ROW_15_356,VSS,Metal1,242.4800,77.9305,0.000489
TAP_TAPCELL_ROW_15_355,VSS,Metal1,203.2800,77.9305,0.000517
TAP_TAPCELL_ROW_15_354,VSS,Metal1,164.0800,77.9305,0.000525
TAP_TAPCELL_ROW_15_353,VSS,Metal1,124.8800,77.9305,0.000538
TAP_TAPCELL_ROW_15_352,VSS,Metal1,85.6800,77.9305,0.000532
TAP_TAPCELL_ROW_15_351,VSS,Metal1,46.4800,77.9305,0.000519
TAP_TAPCELL_ROW_14_350,VSS,Metal1,379.6800,71.0290,0.000700
TAP_TAPCELL_ROW_14_349,VSS,Metal1,340.4800,71.0290,0.000700
TAP_TAPCELL_ROW_14_348,VSS,Metal1,301.2800,71.0290,0.001020
TAP_TAPCELL_ROW_14_347,VSS,Metal1,262.0800,71.0290,0.001003
TAP_TAPCELL_ROW_14_346,VSS,Metal1,222.8800,71.0290,0.000988
TAP_TAPCELL_ROW_14_345,VSS,Metal1,183.6800,71.0290,0.000906
TAP_TAPCELL_ROW_14_344,VSS,Metal1,144.4800,71.0290,0.000907
TAP_TAPCELL_ROW_14_343,VSS,Metal1,105.2800,71.0290,0.000894
TAP_TAPCELL_ROW_14_342,VSS,Metal1,66.0800,71.0290,0.000838
TAP_TAPCELL_ROW_14_341,VSS,Metal1,26.8800,71.0290,0.000821
TAP_TAPCELL_ROW_13_340,VSS,Metal1,360.0800,70.0905,0.000700
TAP_TAPCELL_ROW_13_339,VSS,Metal1,320.8800,70.0905,0.001020
TAP_TAPCELL_ROW_13_338,VSS,Metal1,281.6800,70.0905,0.001012
TAP_TAPCELL_ROW_13_337,VSS,Metal1,242.4800,70.0905,0.000995
TAP_TAPCELL_ROW_13_336,VSS,Metal1,203.2800,70.0905,0.000980
TAP_TAPCELL_ROW_13_335,VSS,Metal1,164.0800,70.0905,0.000906
TAP_TAPCELL_ROW_13_334,VSS,Metal1,124.8800,70.0905,0.000903
TAP_TAPCELL_ROW_13_333,VSS,Metal1,85.6800,70.0905,0.000881
TAP_TAPCELL_ROW_13_332,VSS,Metal1,46.4800,70.0905,0.000823
TAP_TAPCELL_ROW_12_331,VSS,Metal1,379.6800,63.1890,0.000901
TAP_TAPCELL_ROW_12_330,VSS,Metal1,340.4800,63.1890,0.000901
TAP_TAPCELL_ROW_12_329,VSS,Metal1,301.2800,63.1890,0.000920
TAP_TAPCELL_ROW_12_328,VSS,Metal1,262.0800,63.1890,0.000921
TAP_TAPCELL_ROW_12_327,VSS,Metal1,222.8800,63.1890,0.000918
TAP_TAPCELL_ROW_12_326,VSS,Metal1,183.6800,63.1890,0.000904
TAP_TAPCELL_ROW_12_325,VSS,Metal1,144.4800,63.1890,0.000919
TAP_TAPCELL_ROW_12_324,VSS,Metal1,105.2800,63.1890,0.000916
TAP_TAPCELL_ROW_12_323,VSS,Metal1,66.0800,63.1890,0.000876
TAP_TAPCELL_ROW_12_322,VSS,Metal1,26.8800,63.1890,0.000856
TAP_TAPCELL_ROW_11_321,VSS,Metal1,360.0800,62.2505,0.000901
TAP_TAPCELL_ROW_11_320,VSS,Metal1,320.8800,62.2505,0.000918
TAP_TAPCELL_ROW_11_319,VSS,Metal1,281.6800,62.2505,0.000920
TAP_TAPCELL_ROW_11_318,VSS,Metal1,242.4800,62.2505,0.000921
TAP_TAPCELL_ROW_11_317,VSS,Metal1,203.2800,62.2505,0.000914
TAP_TAPCELL_ROW_11_316,VSS,Metal1,164.0800,62.2505,0.000915
TAP_TAPCELL_ROW_11_315,VSS,Metal1,124.8800,62.2505,0.000923
TAP_TAPCELL_ROW_11_314,VSS,Metal1,85.6800,62.2505,0.000911
TAP_TAPCELL_ROW_11_313,VSS,Metal1,46.4800,62.2505,0.000857
TAP_TAPCELL_ROW_10_312,VSS,Metal1,379.6800,55.3490,0.001100
TAP_TAPCELL_ROW_10_311,VSS,Metal1,340.4800,55.3490,0.001099
TAP_TAPCELL_ROW_10_310,VSS,Metal1,301.2800,55.3490,0.001144
TAP_TAPCELL_ROW_10_309,VSS,Metal1,262.0800,55.3490,0.001146
TAP_TAPCELL_ROW_10_308,VSS,Metal1,222.8800,55.3490,0.001154
TAP_TAPCELL_ROW_10_307,VSS,Metal1,183.6800,55.3490,0.001137
TAP_TAPCELL_ROW_10_306,VSS,Metal1,144.4800,55.3490,0.001140
TAP_TAPCELL_ROW_10_305,VSS,Metal1,105.2800,55.3490,0.001143
TAP_TAPCELL_ROW_10_304,VSS,Metal1,66.0800,55.3490,0.001136
TAP_TAPCELL_ROW_10_303,VSS,Metal1,26.8800,55.3490,0.001131
TAP_TAPCELL_ROW_9_302,VSS,Metal1,360.0800,54.4105,0.001100
TAP_TAPCELL_ROW_9_301,VSS,Metal1,320.8800,54.4105,0.001142
TAP_TAPCELL_ROW_9_300,VSS,Metal1,281.6800,54.4105,0.001145
TAP_TAPCELL_ROW_9_299,VSS,Metal1,242.4800,54.4105,0.001154
TAP_TAPCELL_ROW_9_298,VSS,Metal1,203.2800,54.4105,0.001141
TAP_TAPCELL_ROW_9_297,VSS,Metal1,164.0800,54.4105,0.001135
TAP_TAPCELL_ROW_9_296,VSS,Metal1,124.8800,54.4105,0.001143
TAP_TAPCELL_ROW_9_295,VSS,Metal1,85.6800,54.4105,0.001141
TAP_TAPCELL_ROW_9_294,VSS,Metal1,46.4800,54.4105,0.001133
TAP_TAPCELL_ROW_8_293,VSS,Metal1,379.6800,47.5090,0.001089
TAP_TAPCELL_ROW_8_292,VSS,Metal1,340.4800,47.5090,0.001089
TAP_TAPCELL_ROW_8_291,VSS,Metal1,301.2800,47.5090,0.001151
TAP_TAPCELL_ROW_8_290,VSS,Metal1,262.0800,47.5090,0.001206
TAP_TAPCELL_ROW_8_289,VSS,Metal1,222.8800,47.5090,0.001336
TAP_TAPCELL_ROW_8_288,VSS,Metal1,183.6800,47.5090,0.001374
TAP_TAPCELL_ROW_8_287,VSS,Metal1,144.4800,47.5090,0.001438
TAP_TAPCELL_ROW_8_286,VSS,Metal1,105.2800,47.5090,0.001441
TAP_TAPCELL_ROW_8_285,VSS,Metal1,66.0800,47.5090,0.001318
TAP_TAPCELL_ROW_8_284,VSS,Metal1,26.8800,47.5090,0.001212
TAP_TAPCELL_ROW_7_283,VSS,Metal1,360.0800,46.5705,0.001089
TAP_TAPCELL_ROW_7_282,VSS,Metal1,320.8800,46.5705,0.001132
TAP_TAPCELL_ROW_7_281,VSS,Metal1,281.6800,46.5705,0.001172
TAP_TAPCELL_ROW_7_280,VSS,Metal1,242.4800,46.5705,0.001307
TAP_TAPCELL_ROW_7_279,VSS,Metal1,203.2800,46.5705,0.001343
TAP_TAPCELL_ROW_7_278,VSS,Metal1,164.0800,46.5705,0.001398
TAP_TAPCELL_ROW_7_277,VSS,Metal1,124.8800,46.5705,0.001442
TAP_TAPCELL_ROW_7_276,VSS,Metal1,85.6800,46.5705,0.001433
TAP_TAPCELL_ROW_7_275,VSS,Metal1,46.4800,46.5705,0.001249
TAP_TAPCELL_ROW_6_274,VSS,Metal1,379.6800,39.6690,0.000688
TAP_TAPCELL_ROW_6_273,VSS,Metal1,340.4800,39.6690,0.000688
TAP_TAPCELL_ROW_6_272,VSS,Metal1,301.2800,39.6690,0.000725
TAP_TAPCELL_ROW_6_271,VSS,Metal1,262.0800,39.6690,0.000738
TAP_TAPCELL_ROW_6_270,VSS,Metal1,222.8800,39.6690,0.000746
TAP_TAPCELL_ROW_6_269,VSS,Metal1,183.6800,39.6690,0.000760
TAP_TAPCELL_ROW_6_268,VSS,Metal1,144.4800,39.6690,0.000787
TAP_TAPCELL_ROW_6_267,VSS,Metal1,105.2800,39.6690,0.000798
TAP_TAPCELL_ROW_6_266,VSS,Metal1,66.0800,39.6690,0.000778
TAP_TAPCELL_ROW_6_265,VSS,Metal1,26.8800,39.6690,0.000705
TAP_TAPCELL_ROW_5_264,VSS,Metal1,360.0800,38.7305,0.000688
TAP_TAPCELL_ROW_5_263,VSS,Metal1,320.8800,38.7305,0.000699
TAP_TAPCELL_ROW_5_262,VSS,Metal1,281.6800,38.7305,0.000730
TAP_TAPCELL_ROW_5_261,VSS,Metal1,242.4800,38.7305,0.000738
TAP_TAPCELL_ROW_5_260,VSS,Metal1,203.2800,38.7305,0.000758
TAP_TAPCELL_ROW_5_259,VSS,Metal1,164.0800,38.7305,0.000780
TAP_TAPCELL_ROW_5_258,VSS,Metal1,124.8800,38.7305,0.000791
TAP_TAPCELL_ROW_5_257,VSS,Metal1,85.6800,38.7305,0.000799
TAP_TAPCELL_ROW_5_256,VSS,Metal1,46.4800,38.7305,0.000722
TAP_TAPCELL_ROW_4_255,VSS,Metal1,379.6800,31.8290,0.000703
TAP_TAPCELL_ROW_4_254,VSS,Metal1,340.4800,31.8290,0.000703
TAP_TAPCELL_ROW_4_253,VSS,Metal1,301.2800,31.8290,0.000713
TAP_TAPCELL_ROW_4_252,VSS,Metal1,262.0800,31.8290,0.000725
TAP_TAPCELL_ROW_4_251,VSS,Metal1,222.8800,31.8290,0.000766
TAP_TAPCELL_ROW_4_250,VSS,Metal1,183.6800,31.8290,0.000790
TAP_TAPCELL_ROW_4_249,VSS,Metal1,144.4800,31.8290,0.000899
TAP_TAPCELL_ROW_4_248,VSS,Metal1,105.2800,31.8290,0.000915
TAP_TAPCELL_ROW_4_247,VSS,Metal1,66.0800,31.8290,0.000904
TAP_TAPCELL_ROW_4_246,VSS,Metal1,26.8800,31.8290,0.000873
TAP_TAPCELL_ROW_3_245,VSS,Metal1,360.0800,30.8905,0.000703
TAP_TAPCELL_ROW_3_244,VSS,Metal1,320.8800,30.8905,0.000703
TAP_TAPCELL_ROW_3_243,VSS,Metal1,281.6800,30.8905,0.000715
TAP_TAPCELL_ROW_3_242,VSS,Metal1,242.4800,30.8905,0.000756
TAP_TAPCELL_ROW_3_241,VSS,Metal1,203.2800,30.8905,0.000777
TAP_TAPCELL_ROW_3_240,VSS,Metal1,164.0800,30.8905,0.000894
TAP_TAPCELL_ROW_3_239,VSS,Metal1,124.8800,30.8905,0.000911
TAP_TAPCELL_ROW_3_238,VSS,Metal1,85.6800,30.8905,0.000906
TAP_TAPCELL_ROW_3_237,VSS,Metal1,46.4800,30.8905,0.000889
TAP_TAPCELL_ROW_2_236,VSS,Metal1,379.6800,23.9890,0.000541
TAP_TAPCELL_ROW_2_235,VSS,Metal1,340.4800,23.9890,0.000541
TAP_TAPCELL_ROW_2_234,VSS,Metal1,301.2800,23.9890,0.000551
TAP_TAPCELL_ROW_2_233,VSS,Metal1,262.0800,23.9890,0.000581
TAP_TAPCELL_ROW_2_232,VSS,Metal1,222.8800,23.9890,0.000645
TAP_TAPCELL_ROW_2_231,VSS,Metal1,183.6800,23.9890,0.000650
TAP_TAPCELL_ROW_2_230,VSS,Metal1,144.4800,23.9890,0.000667
TAP_TAPCELL_ROW_2_229,VSS,Metal1,105.2800,23.9890,0.000693
TAP_TAPCELL_ROW_2_228,VSS,Metal1,66.0800,23.9890,0.000686
TAP_TAPCELL_ROW_2_227,VSS,Metal1,26.8800,23.9890,0.000654
TAP_TAPCELL_ROW_1_226,VSS,Metal1,360.0800,23.0505,0.000541
TAP_TAPCELL_ROW_1_225,VSS,Metal1,320.8800,23.0505,0.000543
TAP_TAPCELL_ROW_1_224,VSS,Metal1,281.6800,23.0505,0.000551
TAP_TAPCELL_ROW_1_223,VSS,Metal1,242.4800,23.0505,0.000617
TAP_TAPCELL_ROW_1_222,VSS,Metal1,203.2800,23.0505,0.000649
TAP_TAPCELL_ROW_1_221,VSS,Metal1,164.0800,23.0505,0.000658
TAP_TAPCELL_ROW_1_220,VSS,Metal1,124.8800,23.0505,0.000667
TAP_TAPCELL_ROW_1_219,VSS,Metal1,85.6800,23.0505,0.000694
TAP_TAPCELL_ROW_1_218,VSS,Metal1,46.4800,23.0505,0.000681
TAP_TAPCELL_ROW_0_217,VSS,Metal1,388.0800,16.1490,0.000098
TAP_TAPCELL_ROW_0_216,VSS,Metal1,369.0400,16.1490,0.000098
TAP_TAPCELL_ROW_0_215,VSS,Metal1,350.0000,16.1490,0.000098
TAP_TAPCELL_ROW_0_214,VSS,Metal1,330.9600,16.1490,0.000099
TAP_TAPCELL_ROW_0_213,VSS,Metal1,311.9200,16.1490,0.000102
TAP_TAPCELL_ROW_0_212,VSS,Metal1,292.8800,16.1490,0.000106
TAP_TAPCELL_ROW_0_211,VSS,Metal1,273.8400,16.1490,0.000109
TAP_TAPCELL_ROW_0_210,VSS,Metal1,254.8000,16.1490,0.000117
TAP_TAPCELL_ROW_0_209,VSS,Metal1,235.7600,16.1490,0.000130
TAP_TAPCELL_ROW_0_208,VSS,Metal1,216.7200,16.1490,0.000137
TAP_TAPCELL_ROW_0_207,VSS,Metal1,197.6800,16.1490,0.000142
TAP_TAPCELL_ROW_0_206,VSS,Metal1,178.6400,16.1490,0.000147
TAP_TAPCELL_ROW_0_205,VSS,Metal1,159.6000,16.1490,0.000165
TAP_TAPCELL_ROW_0_204,VSS,Metal1,140.5600,16.1490,0.000180
TAP_TAPCELL_ROW_0_203,VSS,Metal1,121.5200,16.1490,0.000193
TAP_TAPCELL_ROW_0_202,VSS,Metal1,102.4800,16.1490,0.000203
TAP_TAPCELL_ROW_0_201,VSS,Metal1,83.4400,16.1490,0.000211
TAP_TAPCELL_ROW_0_200,VSS,Metal1,64.4000,16.1490,0.000215
TAP_TAPCELL_ROW_0_199,VSS,Metal1,45.3600,16.1490,0.000215
TAP_TAPCELL_ROW_0_198,VSS,Metal1,26.3200,16.1490,0.000206
PHY_EDGE_ROW_98_Left_197,VSS,Metal1,7.2730,400.3100,0.000045
PHY_EDGE_ROW_97_Left_196,VSS,Metal1,7.2730,399.3700,0.000045
PHY_EDGE_ROW_96_Left_195,VSS,Metal1,7.2730,392.4700,0.000231
PHY_EDGE_ROW_95_Left_194,VSS,Metal1,7.2730,391.5300,0.000231
PHY_EDGE_ROW_94_Left_193,VSS,Metal1,7.2730,384.6300,0.000247
PHY_EDGE_ROW_93_Left_192,VSS,Metal1,7.2730,383.6900,0.000247
PHY_EDGE_ROW_92_Left_191,VSS,Metal1,7.2730,376.7900,0.000115
PHY_EDGE_ROW_91_Left_190,VSS,Metal1,7.2730,375.8500,0.000115
PHY_EDGE_ROW_90_Left_189,VSS,Metal1,7.2730,368.9500,0.000291
PHY_EDGE_ROW_89_Left_188,VSS,Metal1,7.2730,368.0100,0.000291
PHY_EDGE_ROW_88_Left_187,VSS,Metal1,7.2730,361.1100,0.000343
PHY_EDGE_ROW_87_Left_186,VSS,Metal1,7.2730,360.1700,0.000343
PHY_EDGE_ROW_86_Left_185,VSS,Metal1,7.2730,353.2700,0.000585
PHY_EDGE_ROW_85_Left_184,VSS,Metal1,7.2730,352.3300,0.000585
PHY_EDGE_ROW_84_Left_183,VSS,Metal1,7.2730,345.4300,0.000884
PHY_EDGE_ROW_83_Left_182,VSS,Metal1,7.2730,344.4900,0.000884
PHY_EDGE_ROW_82_Left_181,VSS,Metal1,7.2730,337.5900,0.001006
PHY_EDGE_ROW_81_Left_180,VSS,Metal1,7.2730,336.6500,0.001006
PHY_EDGE_ROW_80_Left_179,VSS,Metal1,7.2730,329.7500,0.000693
PHY_EDGE_ROW_79_Left_178,VSS,Metal1,7.2730,328.8100,0.000693
PHY_EDGE_ROW_78_Left_177,VSS,Metal1,7.2730,321.9100,0.000919
PHY_EDGE_ROW_77_Left_176,VSS,Metal1,7.2730,320.9700,0.000919
PHY_EDGE_ROW_76_Left_175,VSS,Metal1,7.2730,314.0700,0.000541
PHY_EDGE_ROW_75_Left_174,VSS,Metal1,7.2730,313.1300,0.000541
PHY_EDGE_ROW_74_Left_173,VSS,Metal1,7.2730,306.2300,0.000596
PHY_EDGE_ROW_73_Left_172,VSS,Metal1,7.2730,305.2900,0.000596
PHY_EDGE_ROW_72_Left_171,VSS,Metal1,7.2730,298.3900,0.000556
PHY_EDGE_ROW_71_Left_170,VSS,Metal1,7.2730,297.4500,0.000556
PHY_EDGE_ROW_70_Left_169,VSS,Metal1,7.2730,290.5500,0.000816
PHY_EDGE_ROW_69_Left_168,VSS,Metal1,7.2730,289.6100,0.000816
PHY_EDGE_ROW_68_Left_167,VSS,Metal1,7.2730,282.7100,0.000554
PHY_EDGE_ROW_67_Left_166,VSS,Metal1,7.2730,281.7700,0.000554
PHY_EDGE_ROW_66_Left_165,VSS,Metal1,7.2730,274.8700,0.000816
PHY_EDGE_ROW_65_Left_164,VSS,Metal1,7.2730,273.9300,0.000816
PHY_EDGE_ROW_64_Left_163,VSS,Metal1,7.2730,267.0300,0.000537
PHY_EDGE_ROW_63_Left_162,VSS,Metal1,7.2730,266.0900,0.000537
PHY_EDGE_ROW_62_Left_161,VSS,Metal1,7.2730,259.1900,0.001034
PHY_EDGE_ROW_61_Left_160,VSS,Metal1,7.2730,258.2500,0.001034
PHY_EDGE_ROW_60_Left_159,VSS,Metal1,7.2730,251.3500,0.000803
PHY_EDGE_ROW_59_Left_158,VSS,Metal1,7.2730,250.4100,0.000803
PHY_EDGE_ROW_58_Left_157,VSS,Metal1,7.2730,243.5100,0.000501
PHY_EDGE_ROW_57_Left_156,VSS,Metal1,7.2730,242.5700,0.000501
PHY_EDGE_ROW_56_Left_155,VSS,Metal1,7.2730,235.6700,0.000801
PHY_EDGE_ROW_55_Left_154,VSS,Metal1,7.2730,234.7300,0.000801
PHY_EDGE_ROW_54_Left_153,VSS,Metal1,7.2730,227.8300,0.000764
PHY_EDGE_ROW_53_Left_152,VSS,Metal1,7.2730,226.8900,0.000764
PHY_EDGE_ROW_52_Left_151,VSS,Metal1,7.2730,219.9900,0.000739
PHY_EDGE_ROW_51_Left_150,VSS,Metal1,7.2730,219.0500,0.000739
PHY_EDGE_ROW_50_Left_149,VSS,Metal1,7.2730,212.1500,0.001124
PHY_EDGE_ROW_49_Left_148,VSS,Metal1,7.2730,211.2100,0.001124
PHY_EDGE_ROW_48_Left_147,VSS,Metal1,7.2730,204.3100,0.001271
PHY_EDGE_ROW_47_Left_146,VSS,Metal1,7.2730,203.3700,0.001271
PHY_EDGE_ROW_46_Left_145,VSS,Metal1,7.2730,196.4700,0.000392
PHY_EDGE_ROW_45_Left_144,VSS,Metal1,7.2730,195.5300,0.000392
PHY_EDGE_ROW_44_Left_143,VSS,Metal1,7.2730,188.6300,0.001288
PHY_EDGE_ROW_43_Left_142,VSS,Metal1,7.2730,187.6900,0.001288
PHY_EDGE_ROW_42_Left_141,VSS,Metal1,7.2730,180.7900,0.001034
PHY_EDGE_ROW_41_Left_140,VSS,Metal1,7.2730,179.8500,0.001034
PHY_EDGE_ROW_40_Left_139,VSS,Metal1,7.2730,172.9500,0.001010
PHY_EDGE_ROW_39_Left_138,VSS,Metal1,7.2730,172.0100,0.001010
PHY_EDGE_ROW_38_Left_137,VSS,Metal1,7.2730,165.1100,0.001237
PHY_EDGE_ROW_37_Left_136,VSS,Metal1,7.2730,164.1700,0.001237
PHY_EDGE_ROW_36_Left_135,VSS,Metal1,7.2730,157.2700,0.000889
PHY_EDGE_ROW_35_Left_134,VSS,Metal1,7.2730,156.3300,0.000889
PHY_EDGE_ROW_34_Left_133,VSS,Metal1,7.2730,149.4300,0.000898
PHY_EDGE_ROW_33_Left_132,VSS,Metal1,7.2730,148.4900,0.000898
PHY_EDGE_ROW_32_Left_131,VSS,Metal1,7.2730,141.5900,0.000680
PHY_EDGE_ROW_31_Left_130,VSS,Metal1,7.2730,140.6500,0.000680
PHY_EDGE_ROW_30_Left_129,VSS,Metal1,7.2730,133.7500,0.000854
PHY_EDGE_ROW_29_Left_128,VSS,Metal1,7.2730,132.8100,0.000854
PHY_EDGE_ROW_28_Left_127,VSS,Metal1,7.2730,125.9100,0.001189
PHY_EDGE_ROW_27_Left_126,VSS,Metal1,7.2730,124.9700,0.001189
PHY_EDGE_ROW_26_Left_125,VSS,Metal1,7.2730,118.0700,0.000511
PHY_EDGE_ROW_25_Left_124,VSS,Metal1,7.2730,117.1300,0.000511
PHY_EDGE_ROW_24_Left_123,VSS,Metal1,7.2730,110.2300,0.000553
PHY_EDGE_ROW_23_Left_122,VSS,Metal1,7.2730,109.2900,0.000553
PHY_EDGE_ROW_22_Left_121,VSS,Metal1,7.2730,102.3900,0.000668
PHY_EDGE_ROW_21_Left_120,VSS,Metal1,7.2730,101.4500,0.000668
PHY_EDGE_ROW_20_Left_119,VSS,Metal1,7.2730,94.5500,0.000419
PHY_EDGE_ROW_19_Left_118,VSS,Metal1,7.2730,93.6100,0.000419
PHY_EDGE_ROW_18_Left_117,VSS,Metal1,7.2730,86.7100,0.000691
PHY_EDGE_ROW_17_Left_116,VSS,Metal1,7.2730,85.7700,0.000691
PHY_EDGE_ROW_16_Left_115,VSS,Metal1,7.2730,78.8700,0.000502
PHY_EDGE_ROW_15_Left_114,VSS,Metal1,7.2730,77.9300,0.000502
PHY_EDGE_ROW_14_Left_113,VSS,Metal1,7.2730,71.0300,0.000812
PHY_EDGE_ROW_13_Left_112,VSS,Metal1,7.2730,70.0900,0.000812
PHY_EDGE_ROW_12_Left_111,VSS,Metal1,7.2730,63.1900,0.000857
PHY_EDGE_ROW_11_Left_110,VSS,Metal1,7.2730,62.2500,0.000857
PHY_EDGE_ROW_10_Left_109,VSS,Metal1,7.2730,55.3500,0.001132
PHY_EDGE_ROW_9_Left_108,VSS,Metal1,7.2730,54.4100,0.001132
PHY_EDGE_ROW_8_Left_107,VSS,Metal1,7.2730,47.5100,0.001212
PHY_EDGE_ROW_7_Left_106,VSS,Metal1,7.2730,46.5700,0.001212
PHY_EDGE_ROW_6_Left_105,VSS,Metal1,7.2730,39.6700,0.000705
PHY_EDGE_ROW_5_Left_104,VSS,Metal1,7.2730,38.7300,0.000705
PHY_EDGE_ROW_4_Left_103,VSS,Metal1,7.2730,31.8300,0.000874
PHY_EDGE_ROW_3_Left_102,VSS,Metal1,7.2730,30.8900,0.000874
PHY_EDGE_ROW_2_Left_101,VSS,Metal1,7.2730,23.9900,0.000655
PHY_EDGE_ROW_1_Left_100,VSS,Metal1,7.2730,23.0500,0.000655
PHY_EDGE_ROW_0_Left_99,VSS,Metal1,7.2730,16.1500,0.000206
PHY_EDGE_ROW_98_Right_98,VSS,Metal1,395.9265,400.3100,0.000049
PHY_EDGE_ROW_97_Right_97,VSS,Metal1,395.9265,399.3700,0.000049
PHY_EDGE_ROW_96_Right_96,VSS,Metal1,395.9265,392.4700,0.000275
PHY_EDGE_ROW_95_Right_95,VSS,Metal1,395.9265,391.5300,0.000275
PHY_EDGE_ROW_94_Right_94,VSS,Metal1,395.9265,384.6300,0.000300
PHY_EDGE_ROW_93_Right_93,VSS,Metal1,395.9265,383.6900,0.000300
PHY_EDGE_ROW_92_Right_92,VSS,Metal1,395.9265,376.7900,0.000183
PHY_EDGE_ROW_91_Right_91,VSS,Metal1,395.9265,375.8500,0.000183
PHY_EDGE_ROW_90_Right_90,VSS,Metal1,395.9265,368.9500,0.000335
PHY_EDGE_ROW_89_Right_89,VSS,Metal1,395.9265,368.0100,0.000335
PHY_EDGE_ROW_88_Right_88,VSS,Metal1,395.9265,361.1100,0.000328
PHY_EDGE_ROW_87_Right_87,VSS,Metal1,395.9265,360.1700,0.000328
PHY_EDGE_ROW_86_Right_86,VSS,Metal1,395.9265,353.2700,0.000600
PHY_EDGE_ROW_85_Right_85,VSS,Metal1,395.9265,352.3300,0.000600
PHY_EDGE_ROW_84_Right_84,VSS,Metal1,395.9265,345.4300,0.000832
PHY_EDGE_ROW_83_Right_83,VSS,Metal1,395.9265,344.4900,0.000832
PHY_EDGE_ROW_82_Right_82,VSS,Metal1,395.9265,337.5900,0.001202
PHY_EDGE_ROW_81_Right_81,VSS,Metal1,395.9265,336.6500,0.001202
PHY_EDGE_ROW_80_Right_80,VSS,Metal1,395.9265,329.7500,0.000727
PHY_EDGE_ROW_79_Right_79,VSS,Metal1,395.9265,328.8100,0.000727
PHY_EDGE_ROW_78_Right_78,VSS,Metal1,395.9265,321.9100,0.001123
PHY_EDGE_ROW_77_Right_77,VSS,Metal1,395.9265,320.9700,0.001123
PHY_EDGE_ROW_76_Right_76,VSS,Metal1,395.9265,314.0700,0.000489
PHY_EDGE_ROW_75_Right_75,VSS,Metal1,395.9265,313.1300,0.000489
PHY_EDGE_ROW_74_Right_74,VSS,Metal1,395.9265,306.2300,0.000435
PHY_EDGE_ROW_73_Right_73,VSS,Metal1,395.9265,305.2900,0.000435
PHY_EDGE_ROW_72_Right_72,VSS,Metal1,395.9265,298.3900,0.000477
PHY_EDGE_ROW_71_Right_71,VSS,Metal1,395.9265,297.4500,0.000477
PHY_EDGE_ROW_70_Right_70,VSS,Metal1,395.9265,290.5500,0.000518
PHY_EDGE_ROW_69_Right_69,VSS,Metal1,395.9265,289.6100,0.000518
PHY_EDGE_ROW_68_Right_68,VSS,Metal1,395.9265,282.7100,0.000392
PHY_EDGE_ROW_67_Right_67,VSS,Metal1,395.9265,281.7700,0.000392
PHY_EDGE_ROW_66_Right_66,VSS,Metal1,395.9265,274.8700,0.000850
PHY_EDGE_ROW_65_Right_65,VSS,Metal1,395.9265,273.9300,0.000850
PHY_EDGE_ROW_64_Right_64,VSS,Metal1,395.9265,267.0300,0.000552
PHY_EDGE_ROW_63_Right_63,VSS,Metal1,395.9265,266.0900,0.000552
PHY_EDGE_ROW_62_Right_62,VSS,Metal1,395.9265,259.1900,0.001174
PHY_EDGE_ROW_61_Right_61,VSS,Metal1,395.9265,258.2500,0.001174
PHY_EDGE_ROW_60_Right_60,VSS,Metal1,395.9265,251.3500,0.000651
PHY_EDGE_ROW_59_Right_59,VSS,Metal1,395.9265,250.4100,0.000651
PHY_EDGE_ROW_58_Right_58,VSS,Metal1,395.9265,243.5100,0.000525
PHY_EDGE_ROW_57_Right_57,VSS,Metal1,395.9265,242.5700,0.000525
PHY_EDGE_ROW_56_Right_56,VSS,Metal1,395.9265,235.6700,0.000558
PHY_EDGE_ROW_55_Right_55,VSS,Metal1,395.9265,234.7300,0.000558
PHY_EDGE_ROW_54_Right_54,VSS,Metal1,395.9265,227.8300,0.000726
PHY_EDGE_ROW_53_Right_53,VSS,Metal1,395.9265,226.8900,0.000726
PHY_EDGE_ROW_52_Right_52,VSS,Metal1,395.9265,219.9900,0.000819
PHY_EDGE_ROW_51_Right_51,VSS,Metal1,395.9265,219.0500,0.000819
PHY_EDGE_ROW_50_Right_50,VSS,Metal1,395.9265,212.1500,0.001155
PHY_EDGE_ROW_49_Right_49,VSS,Metal1,395.9265,211.2100,0.001155
PHY_EDGE_ROW_48_Right_48,VSS,Metal1,395.9265,204.3100,0.001390
PHY_EDGE_ROW_47_Right_47,VSS,Metal1,395.9265,203.3700,0.001390
PHY_EDGE_ROW_46_Right_46,VSS,Metal1,395.9265,196.4700,0.000579
PHY_EDGE_ROW_45_Right_45,VSS,Metal1,395.9265,195.5300,0.000579
PHY_EDGE_ROW_44_Right_44,VSS,Metal1,395.9265,188.6300,0.001212
PHY_EDGE_ROW_43_Right_43,VSS,Metal1,395.9265,187.6900,0.001212
PHY_EDGE_ROW_42_Right_42,VSS,Metal1,395.9265,180.7900,0.001077
PHY_EDGE_ROW_41_Right_41,VSS,Metal1,395.9265,179.8500,0.001077
PHY_EDGE_ROW_40_Right_40,VSS,Metal1,395.9265,172.9500,0.000869
PHY_EDGE_ROW_39_Right_39,VSS,Metal1,395.9265,172.0100,0.000869
PHY_EDGE_ROW_38_Right_38,VSS,Metal1,395.9265,165.1100,0.001096
PHY_EDGE_ROW_37_Right_37,VSS,Metal1,395.9265,164.1700,0.001096
PHY_EDGE_ROW_36_Right_36,VSS,Metal1,395.9265,157.2700,0.000912
PHY_EDGE_ROW_35_Right_35,VSS,Metal1,395.9265,156.3300,0.000912
PHY_EDGE_ROW_34_Right_34,VSS,Metal1,395.9265,149.4300,0.000951
PHY_EDGE_ROW_33_Right_33,VSS,Metal1,395.9265,148.4900,0.000951
PHY_EDGE_ROW_32_Right_32,VSS,Metal1,395.9265,141.5900,0.000716
PHY_EDGE_ROW_31_Right_31,VSS,Metal1,395.9265,140.6500,0.000716
PHY_EDGE_ROW_30_Right_30,VSS,Metal1,395.9265,133.7500,0.000996
PHY_EDGE_ROW_29_Right_29,VSS,Metal1,395.9265,132.8100,0.000996
PHY_EDGE_ROW_28_Right_28,VSS,Metal1,395.9265,125.9100,0.001218
PHY_EDGE_ROW_27_Right_27,VSS,Metal1,395.9265,124.9700,0.001218
PHY_EDGE_ROW_26_Right_26,VSS,Metal1,395.9265,118.0700,0.000512
PHY_EDGE_ROW_25_Right_25,VSS,Metal1,395.9265,117.1300,0.000512
PHY_EDGE_ROW_24_Right_24,VSS,Metal1,395.9265,110.2300,0.000680
PHY_EDGE_ROW_23_Right_23,VSS,Metal1,395.9265,109.2900,0.000680
PHY_EDGE_ROW_22_Right_22,VSS,Metal1,395.9265,102.3900,0.000614
PHY_EDGE_ROW_21_Right_21,VSS,Metal1,395.9265,101.4500,0.000614
PHY_EDGE_ROW_20_Right_20,VSS,Metal1,395.9265,94.5500,0.000525
PHY_EDGE_ROW_19_Right_19,VSS,Metal1,395.9265,93.6100,0.000525
PHY_EDGE_ROW_18_Right_18,VSS,Metal1,395.9265,86.7100,0.000719
PHY_EDGE_ROW_17_Right_17,VSS,Metal1,395.9265,85.7700,0.000719
PHY_EDGE_ROW_16_Right_16,VSS,Metal1,395.9265,78.8700,0.000471
PHY_EDGE_ROW_15_Right_15,VSS,Metal1,395.9265,77.9300,0.000471
PHY_EDGE_ROW_14_Right_14,VSS,Metal1,395.9265,71.0300,0.000700
PHY_EDGE_ROW_13_Right_13,VSS,Metal1,395.9265,70.0900,0.000700
PHY_EDGE_ROW_12_Right_12,VSS,Metal1,395.9265,63.1900,0.000901
PHY_EDGE_ROW_11_Right_11,VSS,Metal1,395.9265,62.2500,0.000901
PHY_EDGE_ROW_10_Right_10,VSS,Metal1,395.9265,55.3500,0.001100
PHY_EDGE_ROW_9_Right_9,VSS,Metal1,395.9265,54.4100,0.001100
PHY_EDGE_ROW_8_Right_8,VSS,Metal1,395.9265,47.5100,0.001089
PHY_EDGE_ROW_7_Right_7,VSS,Metal1,395.9265,46.5700,0.001089
PHY_EDGE_ROW_6_Right_6,VSS,Metal1,395.9265,39.6700,0.000688
PHY_EDGE_ROW_5_Right_5,VSS,Metal1,395.9265,38.7300,0.000688
PHY_EDGE_ROW_4_Right_4,VSS,Metal1,395.9265,31.8300,0.000703
PHY_EDGE_ROW_3_Right_3,VSS,Metal1,395.9265,30.8900,0.000703
PHY_EDGE_ROW_2_Right_2,VSS,Metal1,395.9265,23.9900,0.000541
PHY_EDGE_ROW_1_Right_1,VSS,Metal1,395.9265,23.0500,0.000541
PHY_EDGE_ROW_0_Right_0,VSS,Metal1,395.9265,16.1500,0.000098
_2194_,VSS,Metal1,232.5420,125.9850,0.001219
_2193_,VSS,Metal1,218.5420,117.0545,0.000532
_2192_,VSS,Metal1,233.3775,118.1450,0.000532
_2191_,VSS,Metal1,197.8220,125.9850,0.001218
_2190_,VSS,Metal1,184.9420,124.8945,0.001213
_2189_,VSS,Metal1,209.0220,118.1450,0.000532
_2188_,VSS,Metal1,253.8220,164.0945,0.001189
_2187_,VSS,Metal1,226.9420,164.0945,0.001205
_2186_,VSS,Metal1,241.7775,173.0250,0.000902
_2185_,VSS,Metal1,212.3820,157.3450,0.000933
_2184_,VSS,Metal1,192.7820,164.0945,0.001215
_2183_,VSS,Metal1,221.0575,156.2545,0.000933
_2182_,VSS,Metal1,280.4175,133.8250,0.001007
_2181_,VSS,Metal1,260.5420,148.4145,0.000961
_2180_,VSS,Metal1,271.1820,140.5745,0.000749
_2179_,VSS,Metal1,235.9020,149.5050,0.000958
_2178_,VSS,Metal1,224.4175,140.5745,0.000762
_2177_,VSS,Metal1,252.1420,140.5745,0.000762
_2176_,VSS,Metal1,345.3775,360.0945,0.000328
_2175_,VSS,Metal1,330.8175,369.0250,0.000335
_2174_,VSS,Metal1,347.6175,352.2545,0.000600
_2173_,VSS,Metal1,350.4175,336.5745,0.001201
_2172_,VSS,Metal1,311.5020,259.2650,0.001196
_2171_,VSS,Metal1,342.5775,266.0145,0.000552
_2170_,VSS,Metal1,316.5420,267.1050,0.000555
_2169_,VSS,Metal1,326.0620,274.9450,0.000816
_2168_,VSS,Metal1,326.6220,290.6250,0.000513
_2167_,VSS,Metal1,350.4175,273.8545,0.000850
_2166_,VSS,Metal1,364.7020,290.6250,0.000518
_2165_,VSS,Metal1,365.8220,298.4650,0.000477
_2164_,VSS,Metal1,362.4620,345.5050,0.000832
_2163_,VSS,Metal1,369.7420,328.7345,0.000727
_2162_,VSS,Metal1,369.7420,320.8945,0.001123
_2161_,VSS,Metal1,291.3420,258.1745,0.001216
_2160_,VSS,Metal1,265.8575,266.0145,0.000580
_2159_,VSS,Metal1,236.4325,204.3825,0.001437
_2158_,VSS,Metal1,229.7125,234.6570,0.000631
_2157_,VSS,Metal1,222.9925,242.4970,0.000562
_2156_,VSS,Metal1,277.3420,102.4650,0.000637
_2155_,VSS,Metal1,322.9775,102.4650,0.000614
_2154_,VSS,Metal1,313.1820,94.6250,0.000578
_2153_,VSS,Metal1,296.9125,54.3370,0.001144
_2152_,VSS,Metal1,303.0725,70.0170,0.001020
_2151_,VSS,Metal1,298.0620,38.6545,0.000725
_2150_,VSS,Metal1,294.1420,30.8145,0.000713
_2149_,VSS,Metal1,312.5925,55.4225,0.001142
_2148_,VSS,Metal1,320.4325,63.2625,0.000918
_2147_,VSS,Metal1,314.3020,39.7450,0.000701
_2146_,VSS,Metal1,311.7775,24.0650,0.000551
_2145_,VSS,Metal1,247.9375,274.9450,0.000818
_2144_,VSS,Metal1,252.4175,259.2650,0.001235
_2143_,VSS,Metal1,232.5420,259.2650,0.001224
_2142_,VSS,Metal1,216.3020,258.1745,0.001200
_2141_,VSS,Metal1,213.7775,281.6945,0.000458
_2140_,VSS,Metal1,200.0620,267.1050,0.000569
_2139_,VSS,Metal1,185.5020,273.8545,0.000788
_2138_,VSS,Metal1,163.1020,274.9450,0.000819
_2137_,VSS,Metal1,194.4620,298.4650,0.000531
_2136_,VSS,Metal1,148.5420,305.2145,0.000645
_2135_,VSS,Metal1,153.5820,289.5345,0.000811
_2134_,VSS,Metal1,147.4220,313.0545,0.000570
_2133_,VSS,Metal1,182.1420,328.7345,0.000849
_2132_,VSS,Metal1,150.2220,336.5745,0.001092
_2131_,VSS,Metal1,179.3420,336.5745,0.001141
_2130_,VSS,Metal1,160.8620,345.5050,0.000892
_2129_,VSS,Metal1,165.3420,259.2650,0.001192
_2128_,VSS,Metal1,86.9420,141.6650,0.000735
_2127_,VSS,Metal1,109.6175,140.5745,0.000724
_2126_,VSS,Metal1,94.7820,149.5050,0.000949
_2125_,VSS,Metal1,110.9925,156.2570,0.000927
_2124_,VSS,Metal1,110.9925,164.0970,0.001261
_2123_,VSS,Metal1,107.6620,187.6145,0.001325
_2122_,VSS,Metal1,108.2220,179.7745,0.001073
_2121_,VSS,Metal1,130.0325,157.3425,0.000919
_2120_,VSS,Metal1,130.0325,165.1825,0.001230
_2119_,VSS,Metal1,125.5820,188.7050,0.001325
_2118_,VSS,Metal1,125.0220,173.0250,0.001050
_2117_,VSS,Metal1,193.3420,55.4250,0.001137
_2116_,VSS,Metal1,271.7420,94.6250,0.000568
_2115_,VSS,Metal1,200.6220,39.7450,0.000758
_2114_,VSS,Metal1,226.0975,30.8145,0.000766
_2113_,VSS,Metal1,219.9375,22.9745,0.000645
_2112_,VSS,Metal1,244.8620,157.3450,0.000934
_2111_,VSS,Metal1,192.2220,140.5745,0.000742
_2110_,VSS,Metal1,235.0575,165.1850,0.001205
_2109_,VSS,Metal1,170.9420,149.5050,0.000932
_2108_,VSS,Metal1,193.6175,195.4545,0.000501
_2107_,VSS,Metal1,182.7020,187.6145,0.001312
_2106_,VSS,Metal1,163.6620,180.8650,0.001069
_2105_,VSS,Metal1,203.4220,196.5450,0.000503
_2104_,VSS,Metal1,189.6975,179.7745,0.001059
_2103_,VSS,Metal1,173.1820,173.0250,0.000987
_2102_,VSS,Metal1,207.9020,165.1850,0.001215
_2101_,VSS,Metal1,271.7420,165.1850,0.001156
_2100_,VSS,Metal1,295.2620,383.6145,0.000301
_2099_,VSS,Metal1,297.5020,391.4545,0.000276
_2098_,VSS,Metal1,234.4975,337.6650,0.001193
_2097_,VSS,Metal1,256.6220,328.7345,0.000856
_2096_,VSS,Metal1,192.2220,367.9345,0.000345
_2095_,VSS,Metal1,232.5420,321.9850,0.001106
_2094_,VSS,Metal1,243.1820,306.3050,0.000667
_2093_,VSS,Metal1,242.0620,329.8250,0.000856
_2092_,VSS,Metal1,205.6620,353.3450,0.000638
_2091_,VSS,Metal1,220.2220,344.4145,0.000924
_2090_,VSS,Metal1,212.9420,328.7345,0.000855
_2089_,VSS,Metal1,180.4620,352.2545,0.000613
_2088_,VSS,Metal1,278.7375,369.0250,0.000360
_2087_,VSS,Metal1,192.2220,344.4145,0.000925
_2086_,VSS,Metal1,202.3020,321.9850,0.001096
_2085_,VSS,Metal1,169.2620,361.1850,0.000368
_2084_,VSS,Metal1,189.4220,156.2545,0.000917
_2083_,VSS,Metal1,164.2220,165.1850,0.001218
_2082_,VSS,Metal1,146.8620,242.4945,0.000555
_2081_,VSS,Metal1,201.7420,220.0650,0.000722
_2080_,VSS,Metal1,199.5020,243.5850,0.000562
_2079_,VSS,Metal1,185.5020,258.1745,0.001193
_2078_,VSS,Metal1,113.7925,273.8570,0.000837
_2077_,VSS,Metal1,122.1925,306.3025,0.000654
_2076_,VSS,Metal1,132.2725,298.4625,0.000567
_2075_,VSS,Metal1,138.9925,273.8570,0.000821
_2074_,VSS,Metal1,121.0725,321.9825,0.001137
_2073_,VSS,Metal1,116.0325,290.6225,0.000840
_2072_,VSS,Metal1,113.7925,258.1770,0.001170
_2071_,VSS,Metal1,135.0725,250.3370,0.000709
_2070_,VSS,Metal1,194.1775,212.2250,0.001251
_2069_,VSS,Metal1,174.0175,227.9050,0.000801
_2068_,VSS,Metal1,168.9775,196.5450,0.000488
_2067_,VSS,Metal1,272.0175,218.9745,0.000751
_2066_,VSS,Metal1,276.4975,235.7450,0.000561
_2065_,VSS,Metal1,256.6220,250.3345,0.000654
_2064_,VSS,Metal1,242.0620,235.7450,0.000630
_2063_,VSS,Metal1,299.1525,218.9770,0.000760
_2062_,VSS,Metal1,297.4725,203.2970,0.001418
_2061_,VSS,Metal1,282.9125,173.0225,0.000874
_2060_,VSS,Metal1,293.5525,242.4970,0.000531
_2059_,VSS,Metal1,336.6725,242.4970,0.000522
_2058_,VSS,Metal1,338.9125,226.8170,0.000725
_2057_,VSS,Metal1,335.5525,179.7770,0.001074
_2056_,VSS,Metal1,337.7925,164.0970,0.001088
_2055_,VSS,Metal1,231.9820,187.6145,0.001305
_2054_,VSS,Metal1,212.3820,212.2250,0.001268
_2053_,VSS,Metal1,212.9420,187.6145,0.001316
_2052_,VSS,Metal1,271.1820,179.7745,0.001078
_2051_,VSS,Metal1,265.2975,46.4945,0.001206
_2050_,VSS,Metal1,356.8620,165.1850,0.001092
_2049_,VSS,Metal1,363.0220,133.8250,0.000995
_2048_,VSS,Metal1,364.7020,102.4650,0.000611
_2047_,VSS,Metal1,362.4620,118.1450,0.000511
_2046_,VSS,Metal1,349.5820,187.6145,0.001211
_2045_,VSS,Metal1,357.9820,149.5050,0.000948
_2044_,VSS,Metal1,338.9420,117.0545,0.000505
_2043_,VSS,Metal1,369.7420,85.6945,0.000716
_2042_,VSS,Metal1,212.3820,102.4650,0.000643
_2041_,VSS,Metal1,199.5020,110.3050,0.000590
_2040_,VSS,Metal1,216.3020,77.8545,0.000517
_2039_,VSS,Metal1,252.9775,124.8945,0.001217
_2038_,VSS,Metal1,258.5775,117.0545,0.000530
_2037_,VSS,Metal1,154.1420,157.3450,0.000914
_2036_,VSS,Metal1,147.9820,171.9345,0.001044
_2035_,VSS,Metal1,219.1020,54.3345,0.001154
_2034_,VSS,Metal1,42.1420,31.9050,0.000889
_2033_,VSS,Metal1,66.7820,22.9745,0.000687
_2032_,VSS,Metal1,112.1420,22.9745,0.000693
_2031_,VSS,Metal1,18.6220,77.8545,0.000502
_2030_,VSS,Metal1,90.0175,31.9050,0.000906
_2029_,VSS,Metal1,25.3420,93.5345,0.000418
_2028_,VSS,Metal1,111.0220,101.3745,0.000676
_2027_,VSS,Metal1,97.5820,93.5345,0.000419
_2026_,VSS,Metal1,55.0220,47.5850,0.001317
_2025_,VSS,Metal1,140.9775,22.9745,0.000666
_2024_,VSS,Metal1,130.8975,24.0650,0.000667
_2023_,VSS,Metal1,173.1820,24.0650,0.000650
_2022_,VSS,Metal1,143.5020,109.2145,0.000554
_2021_,VSS,Metal1,181.5820,62.1745,0.000904
_2020_,VSS,Metal1,153.5820,101.3745,0.000644
_2019_,VSS,Metal1,129.7775,102.4650,0.000653
_2018_,VSS,Metal1,95.6175,47.5850,0.001441
_2017_,VSS,Metal1,83.5820,78.9450,0.000532
_2016_,VSS,Metal1,133.6975,71.1050,0.000904
_2015_,VSS,Metal1,109.3420,77.8545,0.000539
_2014_,VSS,Metal1,79.6620,55.4250,0.001139
_2013_,VSS,Metal1,133.9820,39.7450,0.000788
_2012_,VSS,Metal1,161.9820,39.7450,0.000781
_2011_,VSS,Metal1,171.2175,55.4250,0.001135
_2010_,VSS,Metal1,147.6975,77.8545,0.000525
_2009_,VSS,Metal1,173.7420,85.6945,0.000657
_2008_,VSS,Metal1,155.2620,63.2650,0.000917
_2007_,VSS,Metal1,159.1820,78.9450,0.000525
_2006_,VSS,Metal1,225.2620,38.6545,0.000746
_2005_,VSS,Metal1,44.3820,24.0650,0.000681
_2004_,VSS,Metal1,67.0575,30.8145,0.000904
_2003_,VSS,Metal1,111.5820,30.8145,0.000915
_2002_,VSS,Metal1,16.9420,70.0145,0.000812
_2001_,VSS,Metal1,90.3020,24.0650,0.000694
_2000_,VSS,Metal1,16.9420,101.3745,0.000668
_1999_,VSS,Metal1,103.7420,109.2145,0.000554
_1998_,VSS,Metal1,118.3020,125.9850,0.001226
_1997_,VSS,Metal1,16.9420,117.0545,0.000511
_1996_,VSS,Metal1,148.8175,30.8145,0.000899
_1995_,VSS,Metal1,128.6575,86.7850,0.000695
_1994_,VSS,Metal1,175.9820,46.4945,0.001374
_1993_,VSS,Metal1,147.6975,124.8945,0.001216
_1992_,VSS,Metal1,170.0975,102.4650,0.000640
_1991_,VSS,Metal1,161.4220,118.1450,0.000524
_1990_,VSS,Metal1,134.8175,118.1450,0.000526
_1989_,VSS,Metal1,76.5775,47.5850,0.001421
_1988_,VSS,Metal1,72.3820,77.8545,0.000531
_1987_,VSS,Metal1,95.6175,71.1050,0.000891
_1986_,VSS,Metal1,96.1775,62.1745,0.000913
_1985_,VSS,Metal1,67.9020,54.3345,0.001136
_1984_,VSS,Metal1,121.9375,55.4250,0.001143
_1983_,VSS,Metal1,114.3820,62.1745,0.000923
_1982_,VSS,Metal1,154.9775,24.0650,0.000666
_1981_,VSS,Metal1,145.4575,54.3345,0.001140
_1980_,VSS,Metal1,184.3820,22.9745,0.000649
_1979_,VSS,Metal1,198.3820,24.0650,0.000649
_1978_,VSS,Metal1,124.1775,78.9450,0.000539
_1977_,VSS,Metal1,188.3020,148.4145,0.000937
_1976_,VSS,Metal1,208.4620,141.6650,0.000761
_1975_,VSS,Metal1,275.6620,392.5450,0.000277
_1974_,VSS,Metal1,279.0220,384.7050,0.000303
_1973_,VSS,Metal1,232.5420,361.1850,0.000368
_1972_,VSS,Metal1,252.7020,352.2545,0.000655
_1971_,VSS,Metal1,188.3020,383.6145,0.000263
_1970_,VSS,Metal1,225.2620,391.4545,0.000266
_1969_,VSS,Metal1,238.1420,384.7050,0.000285
_1968_,VSS,Metal1,242.0620,353.3450,0.000651
_1967_,VSS,Metal1,197.8220,392.5450,0.000260
_1966_,VSS,Metal1,212.9420,367.9345,0.000346
_1965_,VSS,Metal1,208.4620,376.8650,0.000132
_1964_,VSS,Metal1,169.8220,384.7050,0.000254
_1963_,VSS,Metal1,261.6620,375.7745,0.000191
_1962_,VSS,Metal1,137.9020,352.2545,0.000588
_1961_,VSS,Metal1,139.0220,297.3745,0.000567
_1960_,VSS,Metal1,163.1020,392.5450,0.000233
_1959_,VSS,Metal1,183.2620,117.0545,0.000525
_1958_,VSS,Metal1,161.9820,133.8250,0.000905
_1957_,VSS,Metal1,73.2175,148.4145,0.000935
_1956_,VSS,Metal1,70.1420,124.8945,0.001227
_1955_,VSS,Metal1,16.9420,211.1345,0.001124
_1954_,VSS,Metal1,16.9420,258.1745,0.001034
_1953_,VSS,Metal1,16.9420,234.6545,0.000801
_1952_,VSS,Metal1,38.2220,157.3450,0.000913
_1951_,VSS,Metal1,16.9420,281.6945,0.000554
_1950_,VSS,Metal1,16.9420,164.0945,0.001237
_1949_,VSS,Metal1,40.4620,180.8650,0.001062
_1948_,VSS,Metal1,16.9420,179.7745,0.001034
_1947_,VSS,Metal1,23.6620,203.2945,0.001270
_1946_,VSS,Metal1,24.7820,242.4945,0.000501
_1945_,VSS,Metal1,21.4220,226.8145,0.000764
_1944_,VSS,Metal1,43.8220,149.5050,0.000913
_1943_,VSS,Metal1,20.8620,273.8545,0.000816
_1942_,VSS,Metal1,18.0620,156.2545,0.000889
_1941_,VSS,Metal1,46.6220,173.0250,0.001010
_1940_,VSS,Metal1,21.9820,187.6145,0.001288
_1939_,VSS,Metal1,56.1420,164.0945,0.001271
_1938_,VSS,Metal1,16.9420,132.7345,0.000854
_1937_,VSS,Metal1,35.9820,132.7345,0.000867
_1936_,VSS,Metal1,43.8220,110.3050,0.000554
_1935_,VSS,Metal1,131.7420,212.2250,0.001253
_1934_,VSS,Metal1,124.4620,204.3850,0.001415
_1933_,VSS,Metal1,124.4325,243.5825,0.000557
_1932_,VSS,Metal1,133.3925,227.9025,0.000821
_1931_,VSS,Metal1,90.8325,157.3425,0.000927
_1930_,VSS,Metal1,95.8725,171.9370,0.001054
_1929_,VSS,Metal1,75.1820,171.9345,0.001053
_1928_,VSS,Metal1,75.7420,165.1850,0.001271
_1927_,VSS,Metal1,86.9420,220.0650,0.000743
_1926_,VSS,Metal1,86.3820,337.6650,0.001030
_1925_,VSS,Metal1,88.0620,306.3050,0.000631
_1924_,VSS,Metal1,90.3020,267.1050,0.000562
_1923_,VSS,Metal1,96.1775,336.5745,0.001031
_1922_,VSS,Metal1,89.7420,282.7850,0.000555
_1921_,VSS,Metal1,90.3020,251.4250,0.000771
_1920_,VSS,Metal1,86.3820,235.7450,0.000806
_1919_,VSS,Metal1,41.5820,212.2250,0.001149
_1918_,VSS,Metal1,25.9020,320.8945,0.000919
_1917_,VSS,Metal1,17.5020,305.2145,0.000596
_1916_,VSS,Metal1,43.2620,267.1050,0.000538
_1915_,VSS,Metal1,16.9420,313.0545,0.000541
_1914_,VSS,Metal1,16.9420,297.3745,0.000556
_1913_,VSS,Metal1,43.8220,259.2650,0.001059
_1912_,VSS,Metal1,42.7020,235.7450,0.000810
_1911_,VSS,Metal1,72.3820,218.9745,0.000742
_1910_,VSS,Metal1,65.6620,336.5745,0.001009
_1909_,VSS,Metal1,64.5420,305.2145,0.000620
_1908_,VSS,Metal1,69.0220,273.8545,0.000844
_1907_,VSS,Metal1,65.1020,344.4145,0.000887
_1906_,VSS,Metal1,66.2220,289.5345,0.000840
_1905_,VSS,Metal1,70.7020,258.1745,0.001096
_1904_,VSS,Metal1,66.2220,234.6545,0.000810
_1903_,VSS,Metal1,50.5420,204.3850,0.001341
_1902_,VSS,Metal1,42.7020,329.8250,0.000709
_1901_,VSS,Metal1,42.7020,298.4650,0.000568
_1900_,VSS,Metal1,47.7420,274.9450,0.000843
_1899_,VSS,Metal1,44.9420,321.9850,0.000947
_1898_,VSS,Metal1,35.9820,297.3745,0.000567
_1897_,VSS,Metal1,55.5820,251.4250,0.000802
_1896_,VSS,Metal1,48.3020,227.9050,0.000798
_1895_,VSS,Metal1,330.5420,30.8145,0.000703
_1894_,VSS,Metal1,326.0620,31.9050,0.000703
_1893_,VSS,Metal1,350.6725,39.7425,0.000688
_1892_,VSS,Metal1,345.0725,62.1770,0.000901
_1891_,VSS,Metal1,286.2725,63.2625,0.000920
_1890_,VSS,Metal1,277.3125,78.9425,0.000475
_1889_,VSS,Metal1,280.7020,39.7450,0.000730
_1888_,VSS,Metal1,282.3820,31.9050,0.000715
_1887_,VSS,Metal1,315.9820,196.5450,0.000576
_1886_,VSS,Metal1,316.5420,157.3450,0.000918
_1885_,VSS,Metal1,320.1775,110.3050,0.000659
_1884_,VSS,Metal1,322.1420,220.0650,0.000760
_1883_,VSS,Metal1,364.7020,227.9050,0.000726
_1882_,VSS,Metal1,363.5820,196.5450,0.000578
_1881_,VSS,Metal1,344.5420,132.7345,0.000991
_1880_,VSS,Metal1,359.3775,78.9450,0.000471
_1879_,VSS,Metal1,321.5820,180.8650,0.001075
_1878_,VSS,Metal1,310.3820,156.2545,0.000918
_1877_,VSS,Metal1,299.1820,117.0545,0.000518
_1876_,VSS,Metal1,319.0575,243.5850,0.000529
_1875_,VSS,Metal1,359.1020,243.5850,0.000525
_1874_,VSS,Metal1,361.3420,204.3850,0.001385
_1873_,VSS,Metal1,336.1420,156.2545,0.000902
_1872_,VSS,Metal1,345.6620,77.8545,0.000469
_1871_,VSS,Metal1,298.0620,179.7745,0.001077
_1870_,VSS,Metal1,282.9420,157.3450,0.000936
_1869_,VSS,Metal1,290.7820,125.9850,0.001202
_1868_,VSS,Metal1,301.4220,234.6545,0.000560
_1867_,VSS,Metal1,341.1820,234.6545,0.000558
_1866_,VSS,Metal1,333.3420,203.2945,0.001382
_1865_,VSS,Metal1,319.3420,133.8250,0.001002
_1864_,VSS,Metal1,329.9820,86.7850,0.000683
_1863_,VSS,Metal1,304.2220,187.6145,0.001244
_1862_,VSS,Metal1,291.3420,156.2545,0.000935
_1861_,VSS,Metal1,299.1820,140.5745,0.000720
_1860_,VSS,Metal1,305.9020,226.8145,0.000751
_1859_,VSS,Metal1,349.5820,218.9745,0.000797
_1858_,VSS,Metal1,339.5020,195.4545,0.000573
_1857_,VSS,Metal1,323.8220,125.9850,0.001199
_1856_,VSS,Metal1,341.1820,101.3745,0.000608
_1855_,VSS,Metal1,207.3200,149.3855,0.000942
_1854_,VSS,Metal1,268.6800,164.2140,0.001157
_1853_,VSS,Metal1,293.8800,384.5855,0.000301
_1852_,VSS,Metal1,288.8400,376.7455,0.000188
_1851_,VSS,Metal1,233.6400,344.5340,0.000924
_1850_,VSS,Metal1,253.2400,337.5455,0.001229
_1849_,VSS,Metal1,192.7600,368.9055,0.000345
_1848_,VSS,Metal1,226.3600,321.0140,0.001106
_1847_,VSS,Metal1,237.0000,305.3340,0.000667
_1846_,VSS,Metal1,237.0000,328.8540,0.000856
_1845_,VSS,Metal1,207.3200,352.3740,0.000638
_1844_,VSS,Metal1,216.2800,352.3740,0.000641
_1843_,VSS,Metal1,213.4800,336.6940,0.001189
_1842_,VSS,Metal1,178.2000,368.0540,0.000307
_1841_,VSS,Metal1,276.5200,375.8940,0.000191
_1840_,VSS,Metal1,187.7200,337.5455,0.001144
_1839_,VSS,Metal1,199.2400,321.0140,0.001096
_1838_,VSS,Metal1,169.8000,368.9055,0.000302
_1837_,VSS,Metal1,185.4800,172.0540,0.000988
_1836_,VSS,Metal1,168.1200,172.0540,0.000989
_1835_,VSS,Metal1,191.8365,196.3715,0.000501
_1834_,VSS,Metal1,153.8200,243.3475,0.000555
_1833_,VSS,Metal1,149.6275,243.3160,0.000555
_1832_,VSS,Metal1,160.6125,235.4760,0.000765
_1831_,VSS,Metal1,161.4425,243.3600,0.000550
_1830_,VSS,Metal1,194.7465,234.7950,0.000754
_1829_,VSS,Metal1,188.5575,227.6800,0.000802
_1828_,VSS,Metal1,193.6330,235.5550,0.000754
_1827_,VSS,Metal1,184.0775,242.7200,0.000551
_1826_,VSS,Metal1,198.9265,242.6850,0.000562
_1825_,VSS,Metal1,199.5975,235.4760,0.000750
_1824_,VSS,Metal1,179.6400,251.3055,0.000655
_1823_,VSS,Metal1,114.3600,266.9855,0.000569
_1822_,VSS,Metal1,110.7800,219.8175,0.000744
_1821_,VSS,Metal1,100.7000,211.3825,0.001221
_1820_,VSS,Metal1,97.6100,219.1405,0.000743
_1819_,VSS,Metal1,100.4200,219.7535,0.000743
_1818_,VSS,Metal1,108.2665,212.0400,0.001226
_1817_,VSS,Metal1,116.9400,321.1425,0.001137
_1816_,VSS,Metal1,108.4025,321.1635,0.001119
_1815_,VSS,Metal1,72.4265,321.8000,0.001028
_1814_,VSS,Metal1,98.6675,321.1635,0.001088
_1813_,VSS,Metal1,90.2675,321.1635,0.001056
_1812_,VSS,Metal1,94.4025,321.7160,0.001071
_1811_,VSS,Metal1,120.7975,274.7200,0.000837
_1810_,VSS,Metal1,122.8775,313.3235,0.000570
_1809_,VSS,Metal1,120.8600,298.2175,0.000569
_1808_,VSS,Metal1,112.3225,305.4835,0.000649
_1807_,VSS,Metal1,71.8665,298.2800,0.000571
_1806_,VSS,Metal1,100.9075,305.4835,0.000634
_1805_,VSS,Metal1,94.7475,305.4835,0.000631
_1804_,VSS,Metal1,97.7625,298.1960,0.000570
_1803_,VSS,Metal1,130.0825,290.4000,0.000822
_1802_,VSS,Metal1,129.0375,297.6435,0.000567
_1801_,VSS,Metal1,133.1800,274.6975,0.000821
_1800_,VSS,Metal1,109.5225,274.6760,0.000837
_1799_,VSS,Metal1,72.9865,274.7600,0.000844
_1798_,VSS,Metal1,99.2275,281.9635,0.000554
_1797_,VSS,Metal1,93.6275,281.9635,0.000555
_1796_,VSS,Metal1,92.1625,274.1235,0.000840
_1795_,VSS,Metal1,137.3625,282.5600,0.000533
_1794_,VSS,Metal1,141.4425,274.6760,0.000821
_1793_,VSS,Metal1,116.3800,328.9825,0.000829
_1792_,VSS,Metal1,105.6025,321.1635,0.001119
_1791_,VSS,Metal1,71.8665,321.0800,0.001028
_1790_,VSS,Metal1,100.3475,321.7160,0.001095
_1789_,VSS,Metal1,94.1875,321.1635,0.001071
_1788_,VSS,Metal1,97.2025,321.7160,0.001083
_1787_,VSS,Metal1,139.0425,274.7200,0.000821
_1786_,VSS,Metal1,121.7575,321.1635,0.001137
_1785_,VSS,Metal1,113.0200,289.7825,0.000840
_1784_,VSS,Metal1,106.1625,297.6435,0.000570
_1783_,VSS,Metal1,72.4265,290.4400,0.000840
_1782_,VSS,Metal1,99.7875,297.6435,0.000570
_1781_,VSS,Metal1,94.1875,297.6435,0.000570
_1780_,VSS,Metal1,97.7625,290.3560,0.000840
_1779_,VSS,Metal1,120.7975,289.7600,0.000840
_1778_,VSS,Metal1,119.5175,297.6435,0.000569
_1777_,VSS,Metal1,113.5800,251.1775,0.000762
_1776_,VSS,Metal1,102.2425,258.4435,0.001154
_1775_,VSS,Metal1,74.6665,251.2400,0.000779
_1774_,VSS,Metal1,98.6675,258.4435,0.001154
_1773_,VSS,Metal1,93.6275,258.4435,0.001132
_1772_,VSS,Metal1,97.2025,258.9960,0.001149
_1771_,VSS,Metal1,122.8025,266.2400,0.000573
_1770_,VSS,Metal1,120.0775,251.1560,0.000761
_1769_,VSS,Metal1,122.5400,242.7425,0.000557
_1768_,VSS,Metal1,111.2025,243.3160,0.000535
_1767_,VSS,Metal1,71.8665,235.5600,0.000810
_1766_,VSS,Metal1,100.9075,235.4760,0.000796
_1765_,VSS,Metal1,95.3075,234.9235,0.000804
_1764_,VSS,Metal1,98.8825,234.9235,0.000798
_1763_,VSS,Metal1,125.6025,251.2000,0.000709
_1762_,VSS,Metal1,136.8775,243.3160,0.000556
_1761_,VSS,Metal1,140.6930,258.2805,0.001185
_1760_,VSS,Metal1,141.6000,259.0675,0.001185
_1759_,VSS,Metal1,175.3875,250.6035,0.000666
_1758_,VSS,Metal1,182.6930,211.2405,0.001234
_1757_,VSS,Metal1,178.3965,212.0515,0.001228
_1756_,VSS,Metal1,179.3330,219.9590,0.000711
_1755_,VSS,Metal1,176.1625,211.4035,0.001228
_1754_,VSS,Metal1,173.2830,212.0515,0.001229
_1753_,VSS,Metal1,168.5830,219.9005,0.000721
_1752_,VSS,Metal1,156.2930,219.8930,0.000733
_1751_,VSS,Metal1,167.1230,226.9880,0.000802
_1750_,VSS,Metal1,160.0265,234.7605,0.000765
_1749_,VSS,Metal1,166.1865,195.5605,0.000488
_1748_,VSS,Metal1,160.5400,204.1475,0.001438
_1747_,VSS,Metal1,166.9600,204.1875,0.001444
_1746_,VSS,Metal1,160.5400,203.5325,0.001438
_1745_,VSS,Metal1,170.9075,211.4035,0.001229
_1744_,VSS,Metal1,172.3725,227.0835,0.000801
_1743_,VSS,Metal1,152.0030,219.8915,0.000735
_1742_,VSS,Metal1,154.9930,219.1650,0.000733
_1741_,VSS,Metal1,157.1700,227.0935,0.000820
_1740_,VSS,Metal1,203.3875,235.4760,0.000749
_1739_,VSS,Metal1,207.0730,227.0050,0.000814
_1738_,VSS,Metal1,206.3965,234.8280,0.000748
_1737_,VSS,Metal1,201.8375,234.9235,0.000750
_1736_,VSS,Metal1,266.3225,219.7960,0.000751
_1735_,VSS,Metal1,259.6025,219.7960,0.000744
_1734_,VSS,Metal1,259.1000,219.2125,0.000743
_1733_,VSS,Metal1,264.7175,211.3600,0.001282
_1732_,VSS,Metal1,269.8800,242.7285,0.000532
_1731_,VSS,Metal1,270.8600,243.3475,0.000532
_1730_,VSS,Metal1,251.8730,242.6850,0.000555
_1729_,VSS,Metal1,256.7965,242.6680,0.000553
_1728_,VSS,Metal1,262.5975,234.8660,0.000588
_1727_,VSS,Metal1,254.4775,235.4760,0.000630
_1726_,VSS,Metal1,249.8800,234.7740,0.000630
_1725_,VSS,Metal1,253.7225,211.3460,0.001295
_1724_,VSS,Metal1,287.8000,219.2085,0.000751
_1723_,VSS,Metal1,288.0775,219.7960,0.000751
_1722_,VSS,Metal1,287.8000,196.3110,0.000577
_1721_,VSS,Metal1,290.3175,211.4035,0.001156
_1720_,VSS,Metal1,288.2200,211.9875,0.001156
_1719_,VSS,Metal1,283.7865,211.2405,0.001226
_1718_,VSS,Metal1,281.8000,188.5855,0.001247
_1717_,VSS,Metal1,285.7800,203.5325,0.001420
_1716_,VSS,Metal1,287.6025,188.4360,0.001246
_1715_,VSS,Metal1,286.4825,211.4035,0.001164
_1714_,VSS,Metal1,291.0800,235.6255,0.000560
_1713_,VSS,Metal1,285.9225,227.6360,0.000777
_1712_,VSS,Metal1,278.4275,227.0835,0.000797
_1711_,VSS,Metal1,284.3000,227.0525,0.000785
_1710_,VSS,Metal1,333.0800,243.4655,0.000522
_1709_,VSS,Metal1,334.4400,227.7855,0.000724
_1708_,VSS,Metal1,332.7600,172.9055,0.000863
_1707_,VSS,Metal1,334.4400,157.2255,0.000899
_1706_,VSS,Metal1,251.8375,188.4800,0.001296
_1705_,VSS,Metal1,225.8065,188.5150,0.001306
_1704_,VSS,Metal1,219.3400,196.3075,0.000527
_1703_,VSS,Metal1,230.0600,195.7025,0.000532
_1702_,VSS,Metal1,221.3265,211.3250,0.001269
_1701_,VSS,Metal1,219.3400,204.1475,0.001445
_1700_,VSS,Metal1,228.3530,219.1650,0.000731
_1699_,VSS,Metal1,208.1865,195.5605,0.000503
_1698_,VSS,Metal1,218.1565,195.6280,0.000527
_1697_,VSS,Metal1,238.1865,203.4800,0.001437
_1696_,VSS,Metal1,256.8775,235.5200,0.000609
_1695_,VSS,Metal1,254.5565,227.7315,0.000805
_1694_,VSS,Metal1,255.6825,234.9235,0.000609
_1693_,VSS,Metal1,264.5575,235.4760,0.000587
_1692_,VSS,Metal1,244.5930,196.3550,0.000546
_1691_,VSS,Metal1,223.9765,195.6190,0.000532
_1690_,VSS,Metal1,267.5465,187.7205,0.001256
_1689_,VSS,Metal1,263.6330,187.8050,0.001256
_1688_,VSS,Metal1,256.4375,187.8260,0.001268
_1687_,VSS,Metal1,266.8100,212.0615,0.001282
_1686_,VSS,Metal1,264.1400,55.1875,0.001146
_1685_,VSS,Metal1,261.0675,62.4435,0.000921
_1684_,VSS,Metal1,354.6000,172.0540,0.000867
_1683_,VSS,Metal1,362.4400,141.5455,0.000714
_1682_,VSS,Metal1,364.1200,109.3340,0.000677
_1681_,VSS,Metal1,354.6000,125.8655,0.001214
_1680_,VSS,Metal1,353.4800,179.8940,0.001076
_1679_,VSS,Metal1,354.6000,156.3740,0.000910
_1678_,VSS,Metal1,335.0000,110.1855,0.000659
_1677_,VSS,Metal1,371.9600,78.8255,0.000471
_1676_,VSS,Metal1,268.6665,62.2805,0.000921
_1675_,VSS,Metal1,210.1200,101.4940,0.000643
_1674_,VSS,Metal1,197.8000,109.3340,0.000590
_1673_,VSS,Metal1,205.3575,93.7600,0.000439
_1672_,VSS,Metal1,214.0400,70.9855,0.000981
_1671_,VSS,Metal1,250.0825,117.8760,0.000530
_1670_,VSS,Metal1,247.2825,117.8760,0.000531
_1669_,VSS,Metal1,255.6825,117.8760,0.000530
_1668_,VSS,Metal1,254.5625,110.0360,0.000599
_1667_,VSS,Metal1,149.0800,149.3855,0.000946
_1666_,VSS,Metal1,144.6000,156.3740,0.000914
_1665_,VSS,Metal1,213.2400,62.2940,0.000917
_1664_,VSS,Metal1,41.0000,30.9340,0.000889
_1663_,VSS,Metal1,60.6000,23.9455,0.000686
_1662_,VSS,Metal1,116.6000,38.7740,0.000792
_1661_,VSS,Metal1,16.9200,70.9855,0.000812
_1660_,VSS,Metal1,89.7200,23.0940,0.000694
_1659_,VSS,Metal1,21.4000,94.5055,0.000418
_1658_,VSS,Metal1,110.4400,94.5055,0.000418
_1657_,VSS,Metal1,99.8000,86.6655,0.000703
_1656_,VSS,Metal1,53.8800,54.4540,0.001133
_1655_,VSS,Metal1,141.0000,38.7740,0.000788
_1654_,VSS,Metal1,131.4800,38.7740,0.000788
_1653_,VSS,Metal1,169.2400,38.7740,0.000778
_1652_,VSS,Metal1,139.5600,101.4940,0.000652
_1651_,VSS,Metal1,178.2000,63.1455,0.000904
_1650_,VSS,Metal1,153.0000,94.5055,0.000412
_1649_,VSS,Metal1,130.0400,101.4940,0.000653
_1648_,VSS,Metal1,186.9865,86.6130,0.000659
_1647_,VSS,Metal1,96.4400,39.6255,0.000799
_1646_,VSS,Metal1,80.2000,85.8140,0.000703
_1645_,VSS,Metal1,134.2800,70.1340,0.000904
_1644_,VSS,Metal1,109.3200,78.8255,0.000539
_1643_,VSS,Metal1,78.5200,62.2940,0.000899
_1642_,VSS,Metal1,136.7600,55.3055,0.001140
_1641_,VSS,Metal1,158.6000,47.4655,0.001426
_1640_,VSS,Metal1,170.1200,63.1455,0.000909
_1639_,VSS,Metal1,148.2800,85.8140,0.000676
_1638_,VSS,Metal1,169.8000,77.9740,0.000523
_1637_,VSS,Metal1,154.1200,62.2940,0.000917
_1636_,VSS,Metal1,157.4800,85.8140,0.000676
_1635_,VSS,Metal1,173.7500,93.6525,0.000412
_1634_,VSS,Metal1,214.9200,46.6140,0.001337
_1633_,VSS,Metal1,41.0000,23.0940,0.000681
_1632_,VSS,Metal1,71.5600,23.9455,0.000687
_1631_,VSS,Metal1,112.6800,31.7855,0.000915
_1630_,VSS,Metal1,14.6800,78.8255,0.000502
_1629_,VSS,Metal1,90.2800,30.9340,0.000906
_1628_,VSS,Metal1,14.6800,102.3455,0.000668
_1627_,VSS,Metal1,105.4000,117.1740,0.000521
_1626_,VSS,Metal1,118.2800,118.0255,0.000521
_1625_,VSS,Metal1,14.6800,110.1855,0.000552
_1624_,VSS,Metal1,148.5200,31.7855,0.000899
_1623_,VSS,Metal1,130.3600,93.6540,0.000418
_1622_,VSS,Metal1,173.1600,47.4655,0.001374
_1621_,VSS,Metal1,149.9600,125.8655,0.001216
_1620_,VSS,Metal1,169.5600,101.4940,0.000639
_1619_,VSS,Metal1,158.6000,117.1740,0.000524
_1618_,VSS,Metal1,132.8400,117.1740,0.000526
_1617_,VSS,Metal1,178.7900,94.5075,0.000411
_1616_,VSS,Metal1,80.2000,46.6140,0.001421
_1615_,VSS,Metal1,72.9200,70.9855,0.000838
_1614_,VSS,Metal1,101.4800,70.1340,0.000892
_1613_,VSS,Metal1,99.8000,55.3055,0.001143
_1612_,VSS,Metal1,71.2400,46.6140,0.001421
_1611_,VSS,Metal1,128.9200,54.4540,0.001143
_1610_,VSS,Metal1,119.4000,54.4540,0.001143
_1609_,VSS,Metal1,160.8400,31.7855,0.000894
_1608_,VSS,Metal1,148.5200,47.4655,0.001438
_1607_,VSS,Metal1,186.6000,38.7740,0.000760
_1606_,VSS,Metal1,197.8000,23.0940,0.000649
_1605_,VSS,Metal1,128.9200,77.9740,0.000538
_1604_,VSS,Metal1,199.1975,70.2400,0.000918
_1603_,VSS,Metal1,187.7200,149.3855,0.000937
_1602_,VSS,Metal1,207.3200,140.6940,0.000761
_1601_,VSS,Metal1,258.0400,384.5855,0.000292
_1600_,VSS,Metal1,264.2000,391.5740,0.000277
_1599_,VSS,Metal1,229.1600,368.0540,0.000351
_1598_,VSS,Metal1,251.5600,360.2140,0.000364
_1597_,VSS,Metal1,190.5200,391.5740,0.000259
_1596_,VSS,Metal1,226.9200,392.4255,0.000266
_1595_,VSS,Metal1,236.4400,392.4255,0.000266
_1594_,VSS,Metal1,245.9600,361.0655,0.000365
_1593_,VSS,Metal1,201.7200,384.5855,0.000269
_1592_,VSS,Metal1,214.6000,375.8940,0.000132
_1591_,VSS,Metal1,209.5600,383.7340,0.000273
_1590_,VSS,Metal1,172.0400,391.5740,0.000233
_1589_,VSS,Metal1,253.8000,376.7455,0.000191
_1588_,VSS,Metal1,136.2000,337.5455,0.001068
_1587_,VSS,Metal1,135.0800,321.8655,0.001137
_1586_,VSS,Metal1,168.1200,399.4140,0.000054
_1585_,VSS,Metal1,182.1200,109.3340,0.000554
_1584_,VSS,Metal1,157.4800,132.8540,0.000905
_1583_,VSS,Metal1,188.3100,93.6525,0.000437
_1582_,VSS,Metal1,60.5875,148.6835,0.000914
_1581_,VSS,Metal1,62.3225,141.4400,0.000725
_1580_,VSS,Metal1,55.2775,141.4400,0.000717
_1579_,VSS,Metal1,72.0025,140.8435,0.000730
_1578_,VSS,Metal1,61.9100,125.8215,0.001227
_1577_,VSS,Metal1,59.6700,133.6615,0.000881
_1576_,VSS,Metal1,13.0000,204.2655,0.001271
_1575_,VSS,Metal1,13.0000,251.3055,0.000803
_1574_,VSS,Metal1,11.8800,227.7855,0.000764
_1573_,VSS,Metal1,33.4800,156.3740,0.000913
_1572_,VSS,Metal1,13.0000,274.8255,0.000816
_1571_,VSS,Metal1,21.7200,165.0655,0.001238
_1570_,VSS,Metal1,37.0800,187.7340,0.001302
_1569_,VSS,Metal1,20.2800,188.5855,0.001282
_1568_,VSS,Metal1,21.4000,204.2655,0.001267
_1567_,VSS,Metal1,21.4000,251.3055,0.000801
_1566_,VSS,Metal1,20.2800,227.7855,0.000764
_1565_,VSS,Metal1,40.4400,156.3740,0.000913
_1564_,VSS,Metal1,19.1600,266.9855,0.000537
_1563_,VSS,Metal1,17.4800,157.2255,0.000889
_1562_,VSS,Metal1,41.0000,179.8940,0.001062
_1561_,VSS,Metal1,20.2800,180.7455,0.001034
_1560_,VSS,Metal1,54.0100,172.0980,0.001011
_1559_,VSS,Metal1,17.0500,133.6615,0.000854
_1558_,VSS,Metal1,22.5330,141.5590,0.000680
_1557_,VSS,Metal1,18.0275,141.3960,0.000680
_1556_,VSS,Metal1,22.8600,125.6735,0.001171
_1555_,VSS,Metal1,29.9175,117.8760,0.000518
_1554_,VSS,Metal1,26.6900,125.1735,0.001188
_1553_,VSS,Metal1,22.2730,125.0850,0.001171
_1552_,VSS,Metal1,32.7300,125.0580,0.001204
_1551_,VSS,Metal1,33.6165,117.1685,0.000518
_1550_,VSS,Metal1,23.3930,117.9550,0.000511
_1549_,VSS,Metal1,17.4675,125.1635,0.001182
_1548_,VSS,Metal1,31.6825,117.8760,0.000518
_1547_,VSS,Metal1,23.3400,133.6150,0.000854
_1546_,VSS,Metal1,43.9175,140.8435,0.000680
_1545_,VSS,Metal1,128.9200,203.4140,0.001415
_1544_,VSS,Metal1,119.4000,211.2540,0.001244
_1543_,VSS,Metal1,118.8400,227.7855,0.000814
_1542_,VSS,Metal1,132.8400,219.9455,0.000741
_1541_,VSS,Metal1,137.9975,204.1160,0.001422
_1540_,VSS,Metal1,147.3875,195.7235,0.000476
_1539_,VSS,Metal1,149.0930,204.2790,0.001430
_1538_,VSS,Metal1,151.3625,196.3200,0.000484
_1537_,VSS,Metal1,150.1600,203.4925,0.001430
_1536_,VSS,Metal1,145.9225,196.2760,0.000474
_1535_,VSS,Metal1,139.9265,188.5050,0.001315
_1534_,VSS,Metal1,140.1625,195.6800,0.000450
_1533_,VSS,Metal1,133.1175,195.6800,0.000444
_1532_,VSS,Metal1,138.1575,196.3200,0.000450
_1531_,VSS,Metal1,89.7200,164.2140,0.001264
_1530_,VSS,Metal1,89.7200,179.8940,0.001073
_1529_,VSS,Metal1,70.6800,172.9055,0.001053
_1528_,VSS,Metal1,70.1200,164.2140,0.001271
_1527_,VSS,Metal1,81.3800,227.0525,0.000809
_1526_,VSS,Metal1,90.9575,219.2435,0.000743
_1525_,VSS,Metal1,81.3800,329.5875,0.000804
_1524_,VSS,Metal1,90.3975,329.5560,0.000825
_1523_,VSS,Metal1,82.5000,305.4525,0.000631
_1522_,VSS,Metal1,91.5175,305.4835,0.000631
_1521_,VSS,Metal1,83.6200,274.0925,0.000843
_1520_,VSS,Metal1,90.3975,274.1235,0.000841
_1519_,VSS,Metal1,86.4200,329.5875,0.000824
_1518_,VSS,Metal1,93.7575,329.0035,0.000829
_1517_,VSS,Metal1,84.1800,290.3875,0.000840
_1516_,VSS,Metal1,92.6375,290.3560,0.000840
_1515_,VSS,Metal1,83.6200,258.4125,0.001097
_1514_,VSS,Metal1,92.6375,250.6035,0.000771
_1513_,VSS,Metal1,79.1975,234.9235,0.000806
_1512_,VSS,Metal1,90.9575,234.9235,0.000806
_1511_,VSS,Metal1,90.2600,196.2975,0.000416
_1510_,VSS,Metal1,68.1575,227.6800,0.000807
_1509_,VSS,Metal1,40.4400,211.2540,0.001149
_1508_,VSS,Metal1,27.0000,328.8540,0.000693
_1507_,VSS,Metal1,21.4000,298.3455,0.000556
_1506_,VSS,Metal1,41.0000,281.8140,0.000560
_1505_,VSS,Metal1,20.8400,314.0255,0.000541
_1504_,VSS,Metal1,20.2800,290.5055,0.000815
_1503_,VSS,Metal1,41.5600,251.3055,0.000801
_1502_,VSS,Metal1,41.0000,234.7740,0.000810
_1501_,VSS,Metal1,72.2665,196.3765,0.000413
_1500_,VSS,Metal1,69.6200,211.9875,0.001163
_1499_,VSS,Metal1,74.1575,211.9560,0.001178
_1498_,VSS,Metal1,53.8675,211.9560,0.001151
_1497_,VSS,Metal1,64.0200,329.5875,0.000751
_1496_,VSS,Metal1,57.5725,321.1635,0.000958
_1495_,VSS,Metal1,70.7975,329.0035,0.000799
_1494_,VSS,Metal1,64.0200,306.0675,0.000620
_1493_,VSS,Metal1,52.7475,305.4835,0.000611
_1492_,VSS,Metal1,69.1175,306.0360,0.000620
_1491_,VSS,Metal1,69.6200,266.8675,0.000549
_1490_,VSS,Metal1,57.2275,274.1235,0.000843
_1489_,VSS,Metal1,69.6775,274.6760,0.000844
_1488_,VSS,Metal1,65.1400,328.9725,0.000751
_1487_,VSS,Metal1,56.1075,313.8760,0.000552
_1486_,VSS,Metal1,73.5975,329.0035,0.000800
_1485_,VSS,Metal1,64.0200,297.6125,0.000570
_1484_,VSS,Metal1,54.4275,289.8035,0.000840
_1483_,VSS,Metal1,69.1175,290.3560,0.000840
_1482_,VSS,Metal1,69.6200,251.1875,0.000779
_1481_,VSS,Metal1,61.1475,250.6035,0.000802
_1480_,VSS,Metal1,73.5975,258.9960,0.001096
_1479_,VSS,Metal1,62.4825,227.6360,0.000799
_1478_,VSS,Metal1,56.9575,203.5200,0.001341
_1477_,VSS,Metal1,77.1530,203.4850,0.001387
_1476_,VSS,Metal1,69.6775,227.0835,0.000807
_1475_,VSS,Metal1,71.1465,195.6230,0.000413
_1474_,VSS,Metal1,78.9365,195.6190,0.000415
_1473_,VSS,Metal1,50.5200,211.2540,0.001150
_1472_,VSS,Metal1,31.8000,211.2540,0.001146
_1471_,VSS,Metal1,41.0000,321.0140,0.000947
_1470_,VSS,Metal1,30.3600,258.2940,0.001045
_1469_,VSS,Metal1,41.0000,305.3340,0.000605
_1468_,VSS,Metal1,30.3600,234.7740,0.000806
_1467_,VSS,Metal1,50.5200,273.9740,0.000844
_1466_,VSS,Metal1,51.6400,157.2255,0.000926
_1465_,VSS,Metal1,45.4800,314.0255,0.000550
_1464_,VSS,Metal1,22.8400,274.8255,0.000816
_1463_,VSS,Metal1,40.4400,289.6540,0.000839
_1462_,VSS,Metal1,30.3600,164.2140,0.001253
_1461_,VSS,Metal1,54.4400,250.4540,0.000802
_1460_,VSS,Metal1,50.5200,187.7340,0.001302
_1459_,VSS,Metal1,50.5200,234.7740,0.000810
_1458_,VSS,Metal1,32.3600,179.8940,0.001061
_1457_,VSS,Metal1,69.5200,203.5280,0.001388
_1456_,VSS,Metal1,62.3400,132.9725,0.000881
_1455_,VSS,Metal1,69.1965,133.6515,0.000882
_1454_,VSS,Metal1,69.6775,141.3960,0.000729
_1453_,VSS,Metal1,327.1600,23.9455,0.000541
_1452_,VSS,Metal1,324.9200,38.7740,0.000698
_1451_,VSS,Metal1,344.2800,46.6140,0.001089
_1450_,VSS,Metal1,340.0400,54.4540,0.001099
_1449_,VSS,Metal1,259.2565,55.2605,0.001146
_1448_,VSS,Metal1,252.6130,55.2530,0.001151
_1447_,VSS,Metal1,264.6425,62.4435,0.000921
_1446_,VSS,Metal1,256.6500,62.3405,0.000921
_1445_,VSS,Metal1,285.7200,70.1340,0.001020
_1444_,VSS,Metal1,276.2000,77.9740,0.000475
_1443_,VSS,Metal1,273.9600,47.4655,0.001197
_1442_,VSS,Metal1,282.3600,47.4655,0.001173
_1441_,VSS,Metal1,314.8400,203.4140,0.001386
_1440_,VSS,Metal1,313.7200,164.2140,0.001104
_1439_,VSS,Metal1,316.8400,117.1740,0.000516
_1438_,VSS,Metal1,324.9200,219.0940,0.000760
_1437_,VSS,Metal1,365.5600,226.9340,0.000726
_1436_,VSS,Metal1,361.0800,212.1055,0.001153
_1435_,VSS,Metal1,344.5200,133.7055,0.000991
_1434_,VSS,Metal1,356.0400,94.5055,0.000523
_1433_,VSS,Metal1,286.2600,86.5375,0.000675
_1432_,VSS,Metal1,315.4000,195.5740,0.000576
_1431_,VSS,Metal1,305.3200,141.5455,0.000717
_1430_,VSS,Metal1,295.8000,110.1855,0.000658
_1429_,VSS,Metal1,315.4000,250.4540,0.000650
_1428_,VSS,Metal1,354.6000,234.7740,0.000558
_1427_,VSS,Metal1,354.6000,211.2540,0.001153
_1426_,VSS,Metal1,335.0000,149.3855,0.000945
_1425_,VSS,Metal1,344.5200,78.8255,0.000469
_1424_,VSS,Metal1,295.1075,86.6875,0.000676
_1423_,VSS,Metal1,305.3200,180.7455,0.001076
_1422_,VSS,Metal1,287.4000,164.2140,0.001141
_1421_,VSS,Metal1,295.2400,118.0255,0.000518
_1420_,VSS,Metal1,307.5600,242.6140,0.000531
_1419_,VSS,Metal1,344.5200,243.4655,0.000523
_1418_,VSS,Metal1,333.8800,196.4255,0.000572
_1417_,VSS,Metal1,324.9200,132.8540,0.001001
_1416_,VSS,Metal1,332.2000,93.6540,0.000520
_1415_,VSS,Metal1,290.8025,94.4000,0.000578
_1414_,VSS,Metal1,305.3200,172.9055,0.000874
_1413_,VSS,Metal1,295.8000,164.2140,0.001138
_1412_,VSS,Metal1,295.8000,133.7055,0.001002
_1411_,VSS,Metal1,305.3200,219.9455,0.000760
_1410_,VSS,Metal1,345.0800,212.1055,0.001151
_1409_,VSS,Metal1,346.7600,203.4140,0.001382
_1408_,VSS,Metal1,325.4800,140.6940,0.000711
_1407_,VSS,Metal1,340.6000,93.6540,0.000521
_1406_,VSS,Metal1,292.8375,101.5860,0.000633
_1405_,VSS,Metal1,373.9000,204.1750,0.001385
_1404_,VSS,Metal1,383.9165,180.6915,0.001077
_1403_,VSS,Metal1,377.8200,211.3450,0.001153
_1402_,VSS,Metal1,383.9165,188.5315,0.001212
_1401_,VSS,Metal1,362.1400,203.5050,0.001385
_1400_,VSS,Metal1,383.9165,204.2115,0.001389
_1399_,VSS,Metal1,377.0600,203.5050,0.001388
_1398_,VSS,Metal1,376.6365,196.3715,0.000578
_1397_,VSS,Metal1,350.2375,148.6835,0.000948
_1396_,VSS,Metal1,357.0365,148.5880,0.000948
_1395_,VSS,Metal1,376.6365,133.6515,0.000995
_1394_,VSS,Metal1,369.2775,141.3960,0.000714
_1393_,VSS,Metal1,383.9165,125.8115,0.001217
_1392_,VSS,Metal1,383.9165,133.6515,0.000996
_1391_,VSS,Metal1,354.2425,195.7235,0.000575
_1390_,VSS,Metal1,374.1630,187.8030,0.001211
_1389_,VSS,Metal1,382.7230,165.0115,0.001094
_1388_,VSS,Metal1,351.4425,195.7235,0.000574
_1387_,VSS,Metal1,363.9165,179.9630,0.001076
_1386_,VSS,Metal1,368.7965,188.5315,0.001211
_1385_,VSS,Metal1,350.8825,172.7560,0.000867
_1384_,VSS,Metal1,365.2030,164.2830,0.001092
_1383_,VSS,Metal1,367.1165,195.6280,0.000578
_1382_,VSS,Metal1,353.0375,141.3960,0.000714
_1381_,VSS,Metal1,365.2030,132.9230,0.000995
_1380_,VSS,Metal1,376.6365,117.9715,0.000511
_1379_,VSS,Metal1,356.8275,109.4835,0.000660
_1378_,VSS,Metal1,374.1630,109.4030,0.000678
_1377_,VSS,Metal1,252.3225,31.0835,0.000729
_1376_,VSS,Metal1,248.1875,38.9235,0.000738
_1375_,VSS,Metal1,356.4765,141.4915,0.000714
_1374_,VSS,Metal1,377.1965,93.7080,0.000524
_1373_,VSS,Metal1,244.2675,23.7960,0.000613
_1372_,VSS,Metal1,385.1725,101.6435,0.000614
_1371_,VSS,Metal1,382.7965,94.4515,0.000524
_1370_,VSS,Metal1,382.7230,102.2915,0.000614
_1369_,VSS,Metal1,383.9730,117.9600,0.000511
_1368_,VSS,Metal1,251.7625,38.9235,0.000738
_1367_,VSS,Metal1,247.9175,31.0400,0.000740
_1366_,VSS,Metal1,243.9975,31.6800,0.000754
_1365_,VSS,Metal1,385.6025,219.2435,0.000818
_1364_,VSS,Metal1,383.8430,172.8515,0.000869
_1363_,VSS,Metal1,377.0700,204.1060,0.001388
_1362_,VSS,Metal1,383.9165,196.3715,0.000578
_1361_,VSS,Metal1,358.6430,172.8515,0.000867
_1360_,VSS,Metal1,348.4275,156.5235,0.000906
_1359_,VSS,Metal1,382.7965,157.1715,0.000911
_1358_,VSS,Metal1,383.9165,141.4915,0.000716
_1357_,VSS,Metal1,382.7965,149.3315,0.000950
_1356_,VSS,Metal1,391.1175,86.5160,0.000719
_1355_,VSS,Metal1,271.5575,110.0935,0.000616
_1354_,VSS,Metal1,256.6425,102.2400,0.000639
_1353_,VSS,Metal1,251.0425,102.2400,0.000639
_1352_,VSS,Metal1,265.1965,141.4915,0.000750
_1351_,VSS,Metal1,344.7165,110.1315,0.000659
_1350_,VSS,Metal1,374.5565,110.1165,0.000678
_1349_,VSS,Metal1,376.4275,102.1960,0.000614
_1348_,VSS,Metal1,371.0365,101.5480,0.000611
_1347_,VSS,Metal1,245.8930,70.1865,0.001000
_1346_,VSS,Metal1,244.8275,70.8360,0.001000
_1345_,VSS,Metal1,237.5475,78.1235,0.000507
_1344_,VSS,Metal1,244.5575,46.7200,0.001307
_1343_,VSS,Metal1,251.6025,101.6000,0.000639
_1342_,VSS,Metal1,254.4025,78.7200,0.000479
_1341_,VSS,Metal1,240.0025,62.4435,0.000920
_1340_,VSS,Metal1,236.9875,55.1560,0.001155
_1339_,VSS,Metal1,240.4025,46.7200,0.001307
_1338_,VSS,Metal1,227.2100,94.5075,0.000465
_1337_,VSS,Metal1,224.3225,101.6435,0.000640
_1336_,VSS,Metal1,236.7725,39.4760,0.000740
_1335_,VSS,Metal1,236.7300,93.6525,0.000496
_1334_,VSS,Metal1,383.8430,110.1315,0.000680
_1333_,VSS,Metal1,261.7100,85.9735,0.000666
_1332_,VSS,Metal1,235.6100,94.5075,0.000495
_1331_,VSS,Metal1,244.5575,101.6000,0.000640
_1330_,VSS,Metal1,244.2675,93.8035,0.000503
_1329_,VSS,Metal1,239.6000,31.0125,0.000766
_1328_,VSS,Metal1,245.4065,94.4350,0.000503
_1327_,VSS,Metal1,239.0200,63.0175,0.000920
_1326_,VSS,Metal1,259.4425,78.7200,0.000479
_1325_,VSS,Metal1,259.2375,94.4135,0.000532
_1324_,VSS,Metal1,232.4530,63.0930,0.000919
_1323_,VSS,Metal1,230.5575,93.7600,0.000486
_1322_,VSS,Metal1,236.8265,62.3465,0.000920
_1321_,VSS,Metal1,241.6825,62.9960,0.000921
_1320_,VSS,Metal1,236.7725,70.2835,0.000988
_1319_,VSS,Metal1,244.8200,78.1025,0.000484
_1318_,VSS,Metal1,231.3875,70.2835,0.000988
_1317_,VSS,Metal1,233.0130,46.6665,0.001307
_1316_,VSS,Metal1,154.7400,250.5725,0.000701
_1315_,VSS,Metal1,158.6665,250.5200,0.000701
_1314_,VSS,Metal1,169.8700,243.3060,0.000548
_1313_,VSS,Metal1,174.3500,243.3060,0.000544
_1312_,VSS,Metal1,318.6910,173.0580,0.000872
_1311_,VSS,Metal1,310.2910,149.5380,0.000948
_1310_,VSS,Metal1,310.8510,118.1780,0.000516
_1309_,VSS,Metal1,319.2510,227.9380,0.000745
_1308_,VSS,Metal1,358.4510,235.7780,0.000558
_1307_,VSS,Metal1,355.6510,188.7380,0.001211
_1306_,VSS,Metal1,338.8510,140.5420,0.000710
_1305_,VSS,Metal1,350.0510,85.6620,0.000716
_1304_,VSS,Metal1,333.7175,353.1335,0.000596
_1303_,VSS,Metal1,326.9665,353.1450,0.000621
_1302_,VSS,Metal1,329.6025,352.5235,0.000612
_1301_,VSS,Metal1,328.6775,360.3060,0.000327
_1300_,VSS,Metal1,331.1225,328.9600,0.000732
_1299_,VSS,Metal1,327.8375,352.5235,0.000621
_1298_,VSS,Metal1,334.8375,344.6260,0.000821
_1297_,VSS,Metal1,329.1175,321.7600,0.001075
_1296_,VSS,Metal1,327.7330,329.7190,0.000732
_1295_,VSS,Metal1,330.6375,336.8435,0.001184
_1294_,VSS,Metal1,336.5175,329.6135,0.000726
_1293_,VSS,Metal1,334.1575,321.7600,0.001075
_1292_,VSS,Metal1,325.6825,329.0035,0.000742
_1291_,VSS,Metal1,301.9730,266.1205,0.000557
_1290_,VSS,Metal1,295.5175,266.2400,0.000569
_1289_,VSS,Metal1,329.1725,313.3235,0.000490
_1288_,VSS,Metal1,324.7575,306.0935,0.000445
_1287_,VSS,Metal1,304.2065,266.9150,0.000557
_1286_,VSS,Metal1,333.1575,274.0660,0.000815
_1285_,VSS,Metal1,331.6825,281.9200,0.000394
_1284_,VSS,Metal1,325.5300,274.0205,0.000816
_1283_,VSS,Metal1,305.3330,266.1205,0.000557
_1282_,VSS,Metal1,295.5175,266.8800,0.000569
_1281_,VSS,Metal1,297.7400,282.5475,0.000434
_1280_,VSS,Metal1,304.4900,282.6675,0.000421
_1279_,VSS,Metal1,316.3575,281.9060,0.000400
_1278_,VSS,Metal1,316.2925,290.3560,0.000516
_1277_,VSS,Metal1,308.3225,282.5160,0.000421
_1276_,VSS,Metal1,317.4775,289.7460,0.000516
_1275_,VSS,Metal1,319.4375,297.6435,0.000508
_1274_,VSS,Metal1,334.8265,289.7065,0.000513
_1273_,VSS,Metal1,311.6825,289.8035,0.000539
_1272_,VSS,Metal1,344.3575,281.9060,0.000392
_1271_,VSS,Metal1,348.4825,297.6000,0.000474
_1270_,VSS,Metal1,337.2700,298.3475,0.000464
_1269_,VSS,Metal1,339.6825,289.8035,0.000516
_1268_,VSS,Metal1,352.1975,290.4135,0.000517
_1267_,VSS,Metal1,347.9975,298.1960,0.000474
_1266_,VSS,Metal1,351.2275,297.6435,0.000475
_1265_,VSS,Metal1,352.7575,298.2535,0.000475
_1264_,VSS,Metal1,345.2825,305.4835,0.000435
_1263_,VSS,Metal1,350.2375,305.4835,0.000435
_1262_,VSS,Metal1,351.6375,344.6260,0.000830
_1261_,VSS,Metal1,343.6775,313.9200,0.000489
_1260_,VSS,Metal1,347.7175,306.0935,0.000435
_1259_,VSS,Metal1,345.8425,345.2360,0.000828
_1258_,VSS,Metal1,353.8775,328.9460,0.000727
_1257_,VSS,Metal1,356.9575,321.1635,0.001123
_1256_,VSS,Metal1,347.6525,321.1635,0.001123
_1255_,VSS,Metal1,352.7575,321.1060,0.001123
_1254_,VSS,Metal1,349.7625,313.8760,0.000489
_1253_,VSS,Metal1,312.8025,313.8760,0.000515
_1252_,VSS,Metal1,284.5225,266.2260,0.000575
_1251_,VSS,Metal1,284.6065,274.0450,0.000821
_1250_,VSS,Metal1,231.6025,219.2435,0.000731
_1249_,VSS,Metal1,226.0700,235.5790,0.000631
_1248_,VSS,Metal1,220.4700,235.5790,0.000631
_1247_,VSS,Metal1,245.7865,281.8665,0.000446
_1246_,VSS,Metal1,239.6000,281.8925,0.000449
_1245_,VSS,Metal1,242.9130,282.5950,0.000447
_1244_,VSS,Metal1,237.4930,258.3465,0.001224
_1243_,VSS,Metal1,233.4775,266.2260,0.000579
_1242_,VSS,Metal1,238.9865,266.1205,0.000579
_1241_,VSS,Metal1,227.8665,266.1865,0.000578
_1240_,VSS,Metal1,226.0900,274.8275,0.000815
_1239_,VSS,Metal1,227.0375,289.8035,0.000781
_1238_,VSS,Metal1,227.2330,266.9150,0.000578
_1237_,VSS,Metal1,212.2930,266.1865,0.000575
_1236_,VSS,Metal1,211.1625,274.7335,0.000813
_1235_,VSS,Metal1,216.8530,266.1205,0.000576
_1234_,VSS,Metal1,211.0665,282.6130,0.000458
_1233_,VSS,Metal1,225.1730,282.6130,0.000455
_1232_,VSS,Metal1,217.6025,282.5160,0.000458
_1231_,VSS,Metal1,210.4330,274.0450,0.000813
_1230_,VSS,Metal1,189.7865,274.7730,0.000789
_1229_,VSS,Metal1,188.7625,281.9060,0.000462
_1228_,VSS,Metal1,194.4530,281.8005,0.000462
_1227_,VSS,Metal1,181.3865,274.7730,0.000787
_1226_,VSS,Metal1,180.8375,282.5735,0.000464
_1225_,VSS,Metal1,229.8375,282.5160,0.000450
_1224_,VSS,Metal1,184.1130,281.8850,0.000463
_1223_,VSS,Metal1,160.7730,281.8665,0.000507
_1222_,VSS,Metal1,159.6425,282.5735,0.000507
_1221_,VSS,Metal1,166.7530,297.5650,0.000533
_1220_,VSS,Metal1,185.4130,297.5465,0.000531
_1219_,VSS,Metal1,178.4775,290.4000,0.000786
_1218_,VSS,Metal1,178.5975,297.5860,0.000527
_1217_,VSS,Metal1,180.6900,298.1860,0.000528
_1216_,VSS,Metal1,184.6730,305.4050,0.000623
_1215_,VSS,Metal1,161.2265,306.1330,0.000636
_1214_,VSS,Metal1,161.4065,305.4050,0.000636
_1213_,VSS,Metal1,160.7625,298.2535,0.000546
_1212_,VSS,Metal1,160.6665,297.5465,0.000546
_1211_,VSS,Metal1,159.6425,313.2660,0.000561
_1210_,VSS,Metal1,166.7530,298.2750,0.000533
_1209_,VSS,Metal1,158.9865,313.9730,0.000561
_1208_,VSS,Metal1,166.9225,321.1060,0.001113
_1207_,VSS,Metal1,160.5930,321.0850,0.001119
_1206_,VSS,Metal1,173.0930,321.8130,0.001084
_1205_,VSS,Metal1,164.0375,321.7735,0.001118
_1204_,VSS,Metal1,169.2465,321.7950,0.001113
_1203_,VSS,Metal1,155.6265,337.4930,0.001092
_1202_,VSS,Metal1,159.4730,337.4750,0.001093
_1201_,VSS,Metal1,160.2400,329.6275,0.000833
_1200_,VSS,Metal1,170.2930,344.5865,0.000892
_1199_,VSS,Metal1,168.1900,337.3860,0.001120
_1198_,VSS,Metal1,172.0530,337.5590,0.001140
_1197_,VSS,Metal1,161.4130,344.5205,0.000892
_1196_,VSS,Metal1,161.0425,266.8360,0.000568
_1195_,VSS,Metal1,264.9225,384.4935,0.000300
_1194_,VSS,Metal1,276.6825,399.5060,0.000058
_1193_,VSS,Metal1,237.9575,375.9860,0.000178
_1192_,VSS,Metal1,260.3575,360.3060,0.000364
_1191_,VSS,Metal1,200.4375,391.6660,0.000260
_1190_,VSS,Metal1,239.0775,391.6660,0.000266
_1189_,VSS,Metal1,246.9175,391.6660,0.000270
_1188_,VSS,Metal1,252.5175,368.8135,0.000357
_1187_,VSS,Metal1,212.1975,392.3335,0.000261
_1186_,VSS,Metal1,227.3175,368.8135,0.000351
_1185_,VSS,Metal1,220.0375,384.4935,0.000282
_1184_,VSS,Metal1,184.7575,391.6660,0.000257
_1183_,VSS,Metal1,258.6775,368.8135,0.000360
_1182_,VSS,Metal1,194.2775,353.1335,0.000630
_1181_,VSS,Metal1,178.6825,313.2660,0.000554
_1180_,VSS,Metal1,177.0025,392.3335,0.000234
_1179_,VSS,Metal1,259.2000,149.3075,0.000961
_1178_,VSS,Metal1,232.2500,78.8275,0.000510
_1177_,VSS,Metal1,226.2930,93.7065,0.000465
_1176_,VSS,Metal1,228.5875,85.9635,0.000664
_1175_,VSS,Metal1,240.2930,94.4530,0.000496
_1174_,VSS,Metal1,229.9225,78.1235,0.000510
_1173_,VSS,Metal1,245.4700,85.9735,0.000664
_1172_,VSS,Metal1,231.4600,117.2925,0.000532
_1171_,VSS,Metal1,288.1625,102.1960,0.000635
_1170_,VSS,Metal1,278.8565,109.3790,0.000655
_1169_,VSS,Metal1,250.7800,164.8735,0.001189
_1168_,VSS,Metal1,260.6375,172.7560,0.000886
_1167_,VSS,Metal1,276.5065,132.8750,0.001007
_1166_,VSS,Metal1,284.1575,109.4835,0.000656
_1165_,VSS,Metal1,278.7530,266.9150,0.000577
_1164_,VSS,Metal1,283.7400,266.8950,0.000575
_1163_,VSS,Metal1,246.8600,195.7025,0.000546
_1162_,VSS,Metal1,241.7400,188.4675,0.001303
_1161_,VSS,Metal1,256.5330,196.3730,0.000559
_1160_,VSS,Metal1,258.2930,204.2790,0.001429
_1159_,VSS,Metal1,286.2675,337.3960,0.001223
_1158_,VSS,Metal1,278.9330,337.4930,0.001227
_1157_,VSS,Metal1,275.1065,352.4465,0.000660
_1156_,VSS,Metal1,277.9400,329.5875,0.000852
_1155_,VSS,Metal1,276.4775,321.7600,0.001100
_1154_,VSS,Metal1,271.3565,321.0680,0.001102
_1153_,VSS,Metal1,276.3230,321.0680,0.001100
_1152_,VSS,Metal1,277.5165,313.9715,0.000540
_1151_,VSS,Metal1,285.8430,313.2280,0.000538
_1150_,VSS,Metal1,301.7865,344.5865,0.000839
_1149_,VSS,Metal1,301.4425,313.2800,0.000531
_1148_,VSS,Metal1,304.3230,306.1315,0.000469
_1147_,VSS,Metal1,305.0375,344.6400,0.000833
_1146_,VSS,Metal1,310.5565,353.1715,0.000648
_1145_,VSS,Metal1,307.1230,336.7480,0.001214
_1144_,VSS,Metal1,305.8600,353.0335,0.000658
_1143_,VSS,Metal1,286.8275,329.0035,0.000829
_1142_,VSS,Metal1,285.5200,344.6125,0.000866
_1141_,VSS,Metal1,306.4030,345.3165,0.000833
_1140_,VSS,Metal1,287.4130,321.8790,0.001095
_1139_,VSS,Metal1,294.9575,306.0800,0.000484
_1138_,VSS,Metal1,298.7230,305.3880,0.000474
_1137_,VSS,Metal1,297.6030,289.7080,0.000751
_1136_,VSS,Metal1,267.2825,321.1200,0.001102
_1135_,VSS,Metal1,269.1165,313.9715,0.000566
_1134_,VSS,Metal1,267.4365,321.8115,0.001102
_1133_,VSS,Metal1,260.7225,321.1635,0.001105
_1132_,VSS,Metal1,256.0900,313.9790,0.000570
_1131_,VSS,Metal1,259.6025,313.8760,0.000570
_1130_,VSS,Metal1,290.5865,329.6530,0.000811
_1129_,VSS,Metal1,303.4125,336.8435,0.001215
_1128_,VSS,Metal1,304.3230,329.6515,0.000789
_1127_,VSS,Metal1,309.4365,337.4915,0.001214
_1126_,VSS,Metal1,284.6600,352.5660,0.000659
_1125_,VSS,Metal1,315.1530,353.1550,0.000646
_1124_,VSS,Metal1,275.3300,360.3735,0.000361
_1123_,VSS,Metal1,279.5730,345.3990,0.000883
_1122_,VSS,Metal1,299.2775,298.1960,0.000508
_1121_,VSS,Metal1,275.1300,345.3390,0.000894
_1120_,VSS,Metal1,267.8130,344.5205,0.000898
_1119_,VSS,Metal1,267.8700,345.2260,0.000898
_1118_,VSS,Metal1,316.1625,336.8435,0.001193
_1117_,VSS,Metal1,290.9625,306.0360,0.000509
_1116_,VSS,Metal1,304.9625,337.3960,0.001214
_1115_,VSS,Metal1,293.1300,328.8980,0.000810
_1114_,VSS,Metal1,284.2900,360.3735,0.000355
_1113_,VSS,Metal1,285.1730,345.3990,0.000866
_1112_,VSS,Metal1,268.4775,329.0035,0.000853
_1111_,VSS,Metal1,304.8775,313.3235,0.000525
_1110_,VSS,Metal1,273.9475,266.8360,0.000580
_1109_,VSS,Metal1,277.6265,273.9605,0.000821
_1108_,VSS,Metal1,271.9975,274.7200,0.000821
_1107_,VSS,Metal1,272.2025,281.9060,0.000434
_1106_,VSS,Metal1,265.1965,298.2915,0.000524
_1105_,VSS,Metal1,263.5225,305.4835,0.000518
_1104_,VSS,Metal1,260.0100,305.3805,0.000658
_1103_,VSS,Metal1,262.4025,297.6435,0.000526
_1102_,VSS,Metal1,258.8900,298.2990,0.000530
_1101_,VSS,Metal1,265.1230,281.8680,0.000437
_1100_,VSS,Metal1,260.0100,281.8605,0.000442
_1099_,VSS,Metal1,264.0825,282.5160,0.000437
_1098_,VSS,Metal1,264.4900,274.7790,0.000820
_1097_,VSS,Metal1,267.9175,282.5160,0.000436
_1096_,VSS,Metal1,278.5630,297.5480,0.000512
_1095_,VSS,Metal1,273.4500,297.5405,0.000518
_1094_,VSS,Metal1,279.1175,298.1960,0.000512
_1093_,VSS,Metal1,286.9575,298.1960,0.000511
_1092_,VSS,Metal1,303.7575,298.1960,0.000508
_1091_,VSS,Metal1,278.0030,290.4515,0.000757
_1090_,VSS,Metal1,275.2825,298.1960,0.000517
_1089_,VSS,Metal1,272.8900,290.4590,0.000762
_1088_,VSS,Metal1,278.6425,289.8035,0.000757
_1087_,VSS,Metal1,286.9575,290.3560,0.000754
_1086_,VSS,Metal1,259.8630,211.2990,0.001294
_1085_,VSS,Metal1,269.7865,211.2405,0.001281
_1084_,VSS,Metal1,257.4500,195.5725,0.000559
_1083_,VSS,Metal1,241.0375,211.4035,0.001295
_1082_,VSS,Metal1,248.6930,211.3065,0.001295
_1081_,VSS,Metal1,307.5730,321.0005,0.001088
_1080_,VSS,Metal1,312.6425,321.1200,0.001087
_1079_,VSS,Metal1,305.4430,328.9080,0.000789
_1078_,VSS,Metal1,314.4030,329.6515,0.000784
_1077_,VSS,Metal1,308.8030,313.9715,0.000519
_1076_,VSS,Metal1,309.3630,313.2280,0.000519
_1075_,VSS,Metal1,311.5225,368.1600,0.000347
_1074_,VSS,Metal1,310.5565,360.2680,0.000333
_1073_,VSS,Metal1,302.1625,376.0435,0.000183
_1072_,VSS,Metal1,304.4700,368.1005,0.000355
_1071_,VSS,Metal1,305.4375,360.9160,0.000350
_1070_,VSS,Metal1,308.3225,376.0435,0.000183
_1069_,VSS,Metal1,309.3575,368.7560,0.000348
_1068_,VSS,Metal1,312.8700,368.8590,0.000347
_1067_,VSS,Metal1,294.3225,368.7560,0.000360
_1066_,VSS,Metal1,287.0425,360.9160,0.000350
_1065_,VSS,Metal1,290.8100,361.0190,0.000350
_1064_,VSS,Metal1,238.1800,195.6650,0.000542
_1063_,VSS,Metal1,234.6930,195.6265,0.000542
_1062_,VSS,Metal1,308.4865,78.7450,0.000470
_1061_,VSS,Metal1,313.7265,78.7550,0.000469
_1060_,VSS,Metal1,296.0025,78.6760,0.000470
_1059_,VSS,Metal1,306.1930,86.5950,0.000679
_1058_,VSS,Metal1,290.4600,85.9325,0.000676
_1057_,VSS,Metal1,307.2930,85.8865,0.000679
_1056_,VSS,Metal1,333.5800,70.8675,0.000700
_1055_,VSS,Metal1,295.3575,85.9635,0.000676
_1054_,VSS,Metal1,286.9100,85.9735,0.000675
_1053_,VSS,Metal1,324.9800,78.0925,0.000467
_1052_,VSS,Metal1,297.6825,85.9635,0.000676
_1051_,VSS,Metal1,331.5500,77.9810,0.000467
_1050_,VSS,Metal1,293.2025,78.6760,0.000470
_1049_,VSS,Metal1,277.5900,110.1390,0.000654
_1048_,VSS,Metal1,277.0665,117.1605,0.000530
_1047_,VSS,Metal1,257.9975,188.4800,0.001268
_1046_,VSS,Metal1,253.5725,195.7235,0.000553
_1045_,VSS,Metal1,159.0630,266.1790,0.000568
_1044_,VSS,Metal1,159.7265,258.3650,0.001192
_1043_,VSS,Metal1,151.3800,212.0150,0.001253
_1042_,VSS,Metal1,159.0930,242.6665,0.000551
_1041_,VSS,Metal1,159.1730,212.1190,0.001242
_1040_,VSS,Metal1,171.7865,242.6005,0.000547
_1039_,VSS,Metal1,211.5175,297.6000,0.000532
_1038_,VSS,Metal1,206.1225,306.0935,0.000662
_1037_,VSS,Metal1,220.4900,305.3325,0.000663
_1036_,VSS,Metal1,213.1100,306.1415,0.000662
_1035_,VSS,Metal1,193.9100,306.1875,0.000627
_1034_,VSS,Metal1,237.2900,297.4925,0.000531
_1033_,VSS,Metal1,234.3900,289.6980,0.000774
_1032_,VSS,Metal1,234.9500,290.4615,0.000774
_1031_,VSS,Metal1,206.9300,313.3350,0.000567
_1030_,VSS,Metal1,207.5100,305.3780,0.000662
_1029_,VSS,Metal1,228.7300,306.1415,0.000666
_1028_,VSS,Metal1,243.8500,313.9815,0.000571
_1027_,VSS,Metal1,227.6300,298.1850,0.000531
_1026_,VSS,Metal1,236.0700,313.9815,0.000572
_1025_,VSS,Metal1,214.2300,305.3780,0.000662
_1024_,VSS,Metal1,212.5100,313.8650,0.000571
_1023_,VSS,Metal1,191.8300,313.2180,0.000558
_1022_,VSS,Metal1,187.3500,313.9815,0.000558
_1021_,VSS,Metal1,182.3100,321.0580,0.001072
_1020_,VSS,Metal1,247.2100,297.5380,0.000531
_1019_,VSS,Metal1,215.3100,298.1850,0.000531
_1018_,VSS,Metal1,93.0600,195.7025,0.000422
_1017_,VSS,Metal1,93.7065,203.4800,0.001399
_1016_,VSS,Metal1,99.8065,203.4850,0.001410
_1015_,VSS,Metal1,97.7625,195.7235,0.000434
_1014_,VSS,Metal1,98.7975,235.4760,0.000798
_1013_,VSS,Metal1,108.8200,196.3075,0.000436
_1012_,VSS,Metal1,97.7625,243.3160,0.000523
_1011_,VSS,Metal1,105.0365,219.1480,0.000743
_1010_,VSS,Metal1,94.9625,211.4035,0.001198
_1009_,VSS,Metal1,103.8375,204.1160,0.001414
_1008_,VSS,Metal1,104.3975,227.0835,0.000813
_1007_,VSS,Metal1,104.3975,234.9235,0.000787
_1006_,VSS,Metal1,97.9000,196.2975,0.000434
_1005_,VSS,Metal1,77.6025,196.2760,0.000415
_1004_,VSS,Metal1,75.8430,188.5315,0.001313
_1003_,VSS,Metal1,70.3800,187.8525,0.001308
_1002_,VSS,Metal1,80.4500,188.4260,0.001313
_1001_,VSS,Metal1,64.7225,195.7235,0.000407
_1000_,VSS,Metal1,93.7100,188.4260,0.001323
_0999_,VSS,Metal1,83.1175,195.7235,0.000416
_0998_,VSS,Metal1,134.7225,196.2760,0.000444
_0997_,VSS,Metal1,78.3265,140.7750,0.000735
_0996_,VSS,Metal1,49.6600,125.6735,0.001220
_0995_,VSS,Metal1,51.0675,125.1635,0.001221
_0994_,VSS,Metal1,55.6900,125.8215,0.001225
_0993_,VSS,Metal1,51.1975,140.8435,0.000702
_0992_,VSS,Metal1,258.5400,39.5350,0.000738
_0991_,VSS,Metal1,326.3175,47.3600,0.001098
_0990_,VSS,Metal1,324.1665,54.5350,0.001127
_0989_,VSS,Metal1,324.4775,70.2835,0.001020
_0988_,VSS,Metal1,327.2025,46.7200,0.001098
_0987_,VSS,Metal1,330.2925,55.1560,0.001107
_0986_,VSS,Metal1,333.6265,54.4405,0.001098
_0985_,VSS,Metal1,328.5575,54.5600,0.001107
_0984_,VSS,Metal1,319.4375,78.1235,0.000467
_0983_,VSS,Metal1,195.9575,93.7460,0.000439
_0982_,VSS,Metal1,198.3900,86.6675,0.000662
_0981_,VSS,Metal1,192.8775,94.3560,0.000437
_0980_,VSS,Metal1,193.7065,86.6130,0.000661
_0979_,VSS,Metal1,189.0425,94.3560,0.000437
_0978_,VSS,Metal1,208.2775,38.8660,0.000758
_0977_,VSS,Metal1,212.7575,31.6935,0.000770
_0976_,VSS,Metal1,210.3975,63.0400,0.000917
_0975_,VSS,Metal1,199.2525,85.9635,0.000662
_0974_,VSS,Metal1,199.7700,77.9725,0.000517
_0973_,VSS,Metal1,195.4825,47.3735,0.001345
_0972_,VSS,Metal1,196.6025,54.5460,0.001137
_0971_,VSS,Metal1,206.4775,54.5600,0.001151
_0970_,VSS,Metal1,199.7865,78.8390,0.000517
_0969_,VSS,Metal1,200.0530,62.2805,0.000908
_0968_,VSS,Metal1,214.8500,78.6660,0.000517
_0967_,VSS,Metal1,236.1865,23.9590,0.000627
_0966_,VSS,Metal1,354.3465,101.4805,0.000609
_0965_,VSS,Metal1,217.8930,110.1330,0.000591
_0964_,VSS,Metal1,213.1225,110.0360,0.000591
_0963_,VSS,Metal1,356.3500,117.3335,0.000511
_0962_,VSS,Metal1,252.8825,117.8760,0.000530
_0961_,VSS,Metal1,224.8825,149.2360,0.000948
_0960_,VSS,Metal1,247.8425,133.0035,0.001007
_0959_,VSS,Metal1,187.7800,196.3350,0.000502
_0958_,VSS,Metal1,210.9400,227.0250,0.000814
_0957_,VSS,Metal1,207.5800,235.5350,0.000748
_0956_,VSS,Metal1,200.3000,227.0250,0.000814
_0955_,VSS,Metal1,256.8600,243.3750,0.000553
_0954_,VSS,Metal1,253.8600,243.3750,0.000555
_0953_,VSS,Metal1,212.4200,227.0250,0.000814
_0952_,VSS,Metal1,210.1800,219.1850,0.000722
_0951_,VSS,Metal1,215.7800,211.3450,0.001269
_0950_,VSS,Metal1,237.2600,117.2650,0.000532
_0949_,VSS,Metal1,255.7400,164.9750,0.001189
_0948_,VSS,Metal1,289.9000,132.9450,0.001005
_0947_,VSS,Metal1,325.1800,352.4650,0.000638
_0946_,VSS,Metal1,322.7400,353.1350,0.000638
_0945_,VSS,Metal1,330.7800,329.6150,0.000732
_0944_,VSS,Metal1,324.4200,329.6150,0.000749
_0943_,VSS,Metal1,273.6600,329.6150,0.000853
_0942_,VSS,Metal1,288.0200,282.5750,0.000434
_0941_,VSS,Metal1,302.2200,281.9050,0.000422
_0940_,VSS,Metal1,329.1000,289.7450,0.000513
_0939_,VSS,Metal1,337.8600,297.5850,0.000464
_0938_,VSS,Metal1,337.8600,305.4250,0.000435
_0937_,VSS,Metal1,333.9400,306.0950,0.000429
_0936_,VSS,Metal1,343.4600,345.2950,0.000827
_0935_,VSS,Metal1,348.1400,328.9450,0.000727
_0934_,VSS,Metal1,316.2200,313.9350,0.000511
_0933_,VSS,Metal1,299.2200,274.0650,0.000819
_0932_,VSS,Metal1,238.3800,227.0250,0.000813
_0931_,VSS,Metal1,229.2200,188.4950,0.001306
_0930_,VSS,Metal1,266.3800,195.6650,0.000582
_0929_,VSS,Metal1,253.3000,196.3350,0.000552
_0928_,VSS,Metal1,309.3000,352.4650,0.000648
_0927_,VSS,Metal1,311.1800,336.7850,0.001214
_0926_,VSS,Metal1,263.3800,321.7750,0.001104
_0925_,VSS,Metal1,272.3400,321.7750,0.001102
_0924_,VSS,Metal1,291.9400,297.5850,0.000509
_0923_,VSS,Metal1,265.0600,313.9350,0.000566
_0922_,VSS,Metal1,288.5800,306.0950,0.000512
_0921_,VSS,Metal1,304.2600,305.4250,0.000469
_0920_,VSS,Metal1,306.5000,360.3050,0.000334
_0919_,VSS,Metal1,273.1000,313.9350,0.000563
_0918_,VSS,Metal1,302.7800,305.4250,0.000469
_0917_,VSS,Metal1,304.2600,313.9350,0.000525
_0916_,VSS,Metal1,313.4200,313.2650,0.000515
_0915_,VSS,Metal1,194.1400,203.5050,0.001446
_0914_,VSS,Metal1,161.1000,211.3450,0.001241
_0913_,VSS,Metal1,138.1400,172.1450,0.001046
_0912_,VSS,Metal1,139.0600,187.8250,0.001315
_0911_,VSS,Metal1,136.8200,187.8250,0.001321
_0910_,VSS,Metal1,64.0200,133.6150,0.000882
_0909_,VSS,Metal1,329.4600,62.3850,0.000917
_0908_,VSS,Metal1,315.4600,31.6950,0.000712
_0907_,VSS,Metal1,205.1400,78.0650,0.000517
_0906_,VSS,Metal1,190.0200,78.0650,0.000519
_0905_,VSS,Metal1,201.9800,85.9050,0.000662
_0904_,VSS,Metal1,362.1400,101.5850,0.000611
_0903_,VSS,Metal1,225.3000,157.1350,0.000933
_0902_,VSS,Metal1,255.1800,132.9450,0.001007
_0901_,VSS,Metal1,67.3800,125.7750,0.001227
