
===========================================================================
report_checks -path_delay min (Hold)
============================================================================
======================= nom_ss_125C_4v50 Corner ===================================

Startpoint: _291_ (rising edge-triggered flip-flop clocked by clk_i)
Endpoint: _291_ (rising edge-triggered flip-flop clocked by clk_i)
Path Group: clk_i
Path Type: min

Fanout         Cap        Slew       Delay        Time   Description
---------------------------------------------------------------------------------------------
                      0.150000    0.000000    0.000000   clock clk_i (rise edge)
                                  0.000000    0.000000   clock network delay (ideal)
                      0.150000    0.000000    0.000000 ^ _291_/CLK (gf180mcu_fd_sc_mcu7t5v0__dffrnq_1)
     2    0.009210    0.269372    1.335733    1.335733 v _291_/Q (gf180mcu_fd_sc_mcu7t5v0__dffrnq_1)
                                                         _017_ (net)
                      0.269372    0.000000    1.335733 v _144_/I (gf180mcu_fd_sc_mcu7t5v0__clkinv_1)
     2    0.009680    0.358608    0.284323    1.620056 ^ _144_/ZN (gf180mcu_fd_sc_mcu7t5v0__clkinv_1)
                                                         _037_ (net)
                      0.358608    0.000000    1.620056 ^ _274_/A1 (gf180mcu_fd_sc_mcu7t5v0__oai22_1)
     1    0.003014    0.199805    0.172321    1.792377 v _274_/ZN (gf180mcu_fd_sc_mcu7t5v0__oai22_1)
                                                         _031_ (net)
                      0.199805    0.000000    1.792377 v _291_/D (gf180mcu_fd_sc_mcu7t5v0__dffrnq_1)
                                              1.792377   data arrival time

                      0.150000    0.000000    0.000000   clock clk_i (rise edge)
                                  0.000000    0.000000   clock network delay (ideal)
                                  0.250000    0.250000   clock uncertainty
                                  0.000000    0.250000   clock reconvergence pessimism
                                              0.250000 ^ _291_/CLK (gf180mcu_fd_sc_mcu7t5v0__dffrnq_1)
                                  0.214426    0.464426   library hold time
                                              0.464426   data required time
---------------------------------------------------------------------------------------------
                                              0.464426   data required time
                                             -1.792377   data arrival time
---------------------------------------------------------------------------------------------
                                              1.327951   slack (MET)


Startpoint: _290_ (rising edge-triggered flip-flop clocked by clk_i)
Endpoint: _290_ (rising edge-triggered flip-flop clocked by clk_i)
Path Group: clk_i
Path Type: min

Fanout         Cap        Slew       Delay        Time   Description
---------------------------------------------------------------------------------------------
                      0.150000    0.000000    0.000000   clock clk_i (rise edge)
                                  0.000000    0.000000   clock network delay (ideal)
                      0.150000    0.000000    0.000000 ^ _290_/CLK (gf180mcu_fd_sc_mcu7t5v0__dffrnq_1)
     3    0.016929    0.382407    1.423783    1.423783 v _290_/Q (gf180mcu_fd_sc_mcu7t5v0__dffrnq_1)
                                                         reg_bit_count[1] (net)
                      0.382407    0.000000    1.423783 v _143_/I (gf180mcu_fd_sc_mcu7t5v0__clkinv_1)
     2    0.010075    0.388949    0.323966    1.747748 ^ _143_/ZN (gf180mcu_fd_sc_mcu7t5v0__clkinv_1)
                                                         _036_ (net)
                      0.388949    0.000000    1.747748 ^ _272_/A1 (gf180mcu_fd_sc_mcu7t5v0__aoi21_1)
     1    0.003014    0.222044    0.199380    1.947128 v _272_/ZN (gf180mcu_fd_sc_mcu7t5v0__aoi21_1)
                                                         _030_ (net)
                      0.222044    0.000000    1.947128 v _290_/D (gf180mcu_fd_sc_mcu7t5v0__dffrnq_1)
                                              1.947128   data arrival time

                      0.150000    0.000000    0.000000   clock clk_i (rise edge)
                                  0.000000    0.000000   clock network delay (ideal)
                                  0.250000    0.250000   clock uncertainty
                                  0.000000    0.250000   clock reconvergence pessimism
                                              0.250000 ^ _290_/CLK (gf180mcu_fd_sc_mcu7t5v0__dffrnq_1)
                                  0.208509    0.458509   library hold time
                                              0.458509   data required time
---------------------------------------------------------------------------------------------
                                              0.458509   data required time
                                             -1.947128   data arrival time
---------------------------------------------------------------------------------------------
                                              1.488620   slack (MET)


Startpoint: _306_ (rising edge-triggered flip-flop clocked by clk_i)
Endpoint: _306_ (rising edge-triggered flip-flop clocked by clk_i)
Path Group: clk_i
Path Type: min

Fanout         Cap        Slew       Delay        Time   Description
---------------------------------------------------------------------------------------------
                      0.150000    0.000000    0.000000   clock clk_i (rise edge)
                                  0.000000    0.000000   clock network delay (ideal)
                      0.150000    0.000000    0.000000 ^ _306_/CLK (gf180mcu_fd_sc_mcu7t5v0__dffrnq_1)
     3    0.014523    0.347174    1.396338    1.396338 v _306_/Q (gf180mcu_fd_sc_mcu7t5v0__dffrnq_1)
                                                         baud_cnt[13] (net)
                      0.347174    0.000000    1.396338 v _213_/B (gf180mcu_fd_sc_mcu7t5v0__aoi21_1)
     1    0.004029    0.421119    0.363158    1.759496 ^ _213_/ZN (gf180mcu_fd_sc_mcu7t5v0__aoi21_1)
                                                         _090_ (net)
                      0.421119    0.000000    1.759496 ^ _215_/A2 (gf180mcu_fd_sc_mcu7t5v0__nor3_1)
     1    0.003014    0.299445    0.280097    2.039593 v _215_/ZN (gf180mcu_fd_sc_mcu7t5v0__nor3_1)
                                                         _004_ (net)
                      0.299445    0.000000    2.039593 v _306_/D (gf180mcu_fd_sc_mcu7t5v0__dffrnq_1)
                                              2.039593   data arrival time

                      0.150000    0.000000    0.000000   clock clk_i (rise edge)
                                  0.000000    0.000000   clock network delay (ideal)
                                  0.250000    0.250000   clock uncertainty
                                  0.000000    0.250000   clock reconvergence pessimism
                                              0.250000 ^ _306_/CLK (gf180mcu_fd_sc_mcu7t5v0__dffrnq_1)
                                  0.190480    0.440480   library hold time
                                              0.440480   data required time
---------------------------------------------------------------------------------------------
                                              0.440480   data required time
                                             -2.039593   data arrival time
---------------------------------------------------------------------------------------------
                                              1.599113   slack (MET)


Startpoint: _308_ (rising edge-triggered flip-flop clocked by clk_i)
Endpoint: _308_ (rising edge-triggered flip-flop clocked by clk_i)
Path Group: clk_i
Path Type: min

Fanout         Cap        Slew       Delay        Time   Description
---------------------------------------------------------------------------------------------
                      0.150000    0.000000    0.000000   clock clk_i (rise edge)
                                  0.000000    0.000000   clock network delay (ideal)
                      0.150000    0.000000    0.000000 ^ _308_/CLK (gf180mcu_fd_sc_mcu7t5v0__dffrnq_1)
     3    0.014523    0.347174    1.396338    1.396338 v _308_/Q (gf180mcu_fd_sc_mcu7t5v0__dffrnq_1)
                                                         baud_cnt[15] (net)
                      0.347174    0.000000    1.396338 v _218_/B (gf180mcu_fd_sc_mcu7t5v0__aoi21_1)
     1    0.004029    0.421119    0.363158    1.759496 ^ _218_/ZN (gf180mcu_fd_sc_mcu7t5v0__aoi21_1)
                                                         _093_ (net)
                      0.421119    0.000000    1.759496 ^ _220_/A2 (gf180mcu_fd_sc_mcu7t5v0__nor3_1)
     1    0.003014    0.299445    0.280097    2.039593 v _220_/ZN (gf180mcu_fd_sc_mcu7t5v0__nor3_1)
                                                         _006_ (net)
                      0.299445    0.000000    2.039593 v _308_/D (gf180mcu_fd_sc_mcu7t5v0__dffrnq_1)
                                              2.039593   data arrival time

                      0.150000    0.000000    0.000000   clock clk_i (rise edge)
                                  0.000000    0.000000   clock network delay (ideal)
                                  0.250000    0.250000   clock uncertainty
                                  0.000000    0.250000   clock reconvergence pessimism
                                              0.250000 ^ _308_/CLK (gf180mcu_fd_sc_mcu7t5v0__dffrnq_1)
                                  0.190480    0.440480   library hold time
                                              0.440480   data required time
---------------------------------------------------------------------------------------------
                                              0.440480   data required time
                                             -2.039593   data arrival time
---------------------------------------------------------------------------------------------
                                              1.599113   slack (MET)


Startpoint: _304_ (rising edge-triggered flip-flop clocked by clk_i)
Endpoint: _304_ (rising edge-triggered flip-flop clocked by clk_i)
Path Group: clk_i
Path Type: min

Fanout         Cap        Slew       Delay        Time   Description
---------------------------------------------------------------------------------------------
                      0.150000    0.000000    0.000000   clock clk_i (rise edge)
                                  0.000000    0.000000   clock network delay (ideal)
                      0.150000    0.000000    0.000000 ^ _304_/CLK (gf180mcu_fd_sc_mcu7t5v0__dffrnq_1)
     3    0.015770    0.365435    1.410562    1.410562 v _304_/Q (gf180mcu_fd_sc_mcu7t5v0__dffrnq_1)
                                                         baud_cnt[11] (net)
                      0.365435    0.000000    1.410562 v _207_/B (gf180mcu_fd_sc_mcu7t5v0__aoi21_1)
     1    0.004029    0.423339    0.366956    1.777518 ^ _207_/ZN (gf180mcu_fd_sc_mcu7t5v0__aoi21_1)
                                                         _086_ (net)
                      0.423339    0.000000    1.777518 ^ _210_/A2 (gf180mcu_fd_sc_mcu7t5v0__nor3_1)
     1    0.003014    0.299940    0.280521    2.058039 v _210_/ZN (gf180mcu_fd_sc_mcu7t5v0__nor3_1)
                                                         _002_ (net)
                      0.299940    0.000000    2.058039 v _304_/D (gf180mcu_fd_sc_mcu7t5v0__dffrnq_1)
                                              2.058039   data arrival time

                      0.150000    0.000000    0.000000   clock clk_i (rise edge)
                                  0.000000    0.000000   clock network delay (ideal)
                                  0.250000    0.250000   clock uncertainty
                                  0.000000    0.250000   clock reconvergence pessimism
                                              0.250000 ^ _304_/CLK (gf180mcu_fd_sc_mcu7t5v0__dffrnq_1)
                                  0.190369    0.440369   library hold time
                                              0.440369   data required time
---------------------------------------------------------------------------------------------
                                              0.440369   data required time
                                             -2.058039   data arrival time
---------------------------------------------------------------------------------------------
                                              1.617670   slack (MET)


Startpoint: _292_ (rising edge-triggered flip-flop clocked by clk_i)
Endpoint: _292_ (rising edge-triggered flip-flop clocked by clk_i)
Path Group: clk_i
Path Type: min

Fanout         Cap        Slew       Delay        Time   Description
---------------------------------------------------------------------------------------------
                      0.150000    0.000000    0.000000   clock clk_i (rise edge)
                                  0.000000    0.000000   clock network delay (ideal)
                      0.150000    0.000000    0.000000 ^ _292_/CLK (gf180mcu_fd_sc_mcu7t5v0__dffrnq_1)
     3    0.014525    0.573918    1.848398    1.848398 ^ _292_/Q (gf180mcu_fd_sc_mcu7t5v0__dffrnq_1)
                                                         parity_bit (net)
                      0.573918    0.000000    1.848398 ^ _277_/A1 (gf180mcu_fd_sc_mcu7t5v0__oai21_1)
     1    0.003014    0.262118    0.222806    2.071204 v _277_/ZN (gf180mcu_fd_sc_mcu7t5v0__oai21_1)
                                                         _032_ (net)
                      0.262118    0.000000    2.071204 v _292_/D (gf180mcu_fd_sc_mcu7t5v0__dffrnq_1)
                                              2.071204   data arrival time

                      0.150000    0.000000    0.000000   clock clk_i (rise edge)
                                  0.000000    0.000000   clock network delay (ideal)
                                  0.250000    0.250000   clock uncertainty
                                  0.000000    0.250000   clock reconvergence pessimism
                                              0.250000 ^ _292_/CLK (gf180mcu_fd_sc_mcu7t5v0__dffrnq_1)
                                  0.198871    0.448871   library hold time
                                              0.448871   data required time
---------------------------------------------------------------------------------------------
                                              0.448871   data required time
                                             -2.071204   data arrival time
---------------------------------------------------------------------------------------------
                                              1.622334   slack (MET)


Startpoint: _298_ (rising edge-triggered flip-flop clocked by clk_i)
Endpoint: _298_ (rising edge-triggered flip-flop clocked by clk_i)
Path Group: clk_i
Path Type: min

Fanout         Cap        Slew       Delay        Time   Description
---------------------------------------------------------------------------------------------
                      0.150000    0.000000    0.000000   clock clk_i (rise edge)
                                  0.000000    0.000000   clock network delay (ideal)
                      0.150000    0.000000    0.000000 ^ _298_/CLK (gf180mcu_fd_sc_mcu7t5v0__dffrnq_1)
     3    0.016374    0.374280    1.417452    1.417452 v _298_/Q (gf180mcu_fd_sc_mcu7t5v0__dffrnq_1)
                                                         baud_cnt[5] (net)
                      0.374280    0.000000    1.417452 v _191_/B (gf180mcu_fd_sc_mcu7t5v0__aoi21_1)
     1    0.004177    0.429871    0.372454    1.789906 ^ _191_/ZN (gf180mcu_fd_sc_mcu7t5v0__aoi21_1)
                                                         _076_ (net)
                      0.429871    0.000000    1.789906 ^ _192_/A3 (gf180mcu_fd_sc_mcu7t5v0__nor3_1)
     1    0.003014    0.344980    0.301787    2.091694 v _192_/ZN (gf180mcu_fd_sc_mcu7t5v0__nor3_1)
                                                         _011_ (net)
                      0.344980    0.000000    2.091694 v _298_/D (gf180mcu_fd_sc_mcu7t5v0__dffrnq_1)
                                              2.091694   data arrival time

                      0.150000    0.000000    0.000000   clock clk_i (rise edge)
                                  0.000000    0.000000   clock network delay (ideal)
                                  0.250000    0.250000   clock uncertainty
                                  0.000000    0.250000   clock reconvergence pessimism
                                              0.250000 ^ _298_/CLK (gf180mcu_fd_sc_mcu7t5v0__dffrnq_1)
                                  0.180245    0.430245   library hold time
                                              0.430245   data required time
---------------------------------------------------------------------------------------------
                                              0.430245   data required time
                                             -2.091694   data arrival time
---------------------------------------------------------------------------------------------
                                              1.661449   slack (MET)


Startpoint: _300_ (rising edge-triggered flip-flop clocked by clk_i)
Endpoint: _300_ (rising edge-triggered flip-flop clocked by clk_i)
Path Group: clk_i
Path Type: min

Fanout         Cap        Slew       Delay        Time   Description
---------------------------------------------------------------------------------------------
                      0.150000    0.000000    0.000000   clock clk_i (rise edge)
                                  0.000000    0.000000   clock network delay (ideal)
                      0.150000    0.000000    0.000000 ^ _300_/CLK (gf180mcu_fd_sc_mcu7t5v0__dffrnq_1)
     3    0.016374    0.374280    1.417452    1.417452 v _300_/Q (gf180mcu_fd_sc_mcu7t5v0__dffrnq_1)
                                                         baud_cnt[7] (net)
                      0.374280    0.000000    1.417452 v _197_/B (gf180mcu_fd_sc_mcu7t5v0__aoi21_1)
     1    0.004177    0.429871    0.372454    1.789906 ^ _197_/ZN (gf180mcu_fd_sc_mcu7t5v0__aoi21_1)
                                                         _080_ (net)
                      0.429871    0.000000    1.789906 ^ _198_/A3 (gf180mcu_fd_sc_mcu7t5v0__nor3_1)
     1    0.003014    0.344980    0.301787    2.091694 v _198_/ZN (gf180mcu_fd_sc_mcu7t5v0__nor3_1)
                                                         _013_ (net)
                      0.344980    0.000000    2.091694 v _300_/D (gf180mcu_fd_sc_mcu7t5v0__dffrnq_1)
                                              2.091694   data arrival time

                      0.150000    0.000000    0.000000   clock clk_i (rise edge)
                                  0.000000    0.000000   clock network delay (ideal)
                                  0.250000    0.250000   clock uncertainty
                                  0.000000    0.250000   clock reconvergence pessimism
                                              0.250000 ^ _300_/CLK (gf180mcu_fd_sc_mcu7t5v0__dffrnq_1)
                                  0.180245    0.430245   library hold time
                                              0.430245   data required time
---------------------------------------------------------------------------------------------
                                              0.430245   data required time
                                             -2.091694   data arrival time
---------------------------------------------------------------------------------------------
                                              1.661449   slack (MET)


Startpoint: _296_ (rising edge-triggered flip-flop clocked by clk_i)
Endpoint: _296_ (rising edge-triggered flip-flop clocked by clk_i)
Path Group: clk_i
Path Type: min

Fanout         Cap        Slew       Delay        Time   Description
---------------------------------------------------------------------------------------------
                      0.150000    0.000000    0.000000   clock clk_i (rise edge)
                                  0.000000    0.000000   clock network delay (ideal)
                      0.150000    0.000000    0.000000 ^ _296_/CLK (gf180mcu_fd_sc_mcu7t5v0__dffrnq_1)
     4    0.019099    0.414184    1.448536    1.448536 v _296_/Q (gf180mcu_fd_sc_mcu7t5v0__dffrnq_1)
                                                         baud_cnt[3] (net)
                      0.414184    0.000000    1.448536 v _185_/A1 (gf180mcu_fd_sc_mcu7t5v0__nor2_1)
     1    0.004177    0.455660    0.365232    1.813768 ^ _185_/ZN (gf180mcu_fd_sc_mcu7t5v0__nor2_1)
                                                         _072_ (net)
                      0.455660    0.000000    1.813768 ^ _186_/A3 (gf180mcu_fd_sc_mcu7t5v0__nor3_1)
     1    0.003014    0.292420    0.307361    2.121129 v _186_/ZN (gf180mcu_fd_sc_mcu7t5v0__nor3_1)
                                                         _009_ (net)
                      0.292420    0.000000    2.121129 v _296_/D (gf180mcu_fd_sc_mcu7t5v0__dffrnq_1)
                                              2.121129   data arrival time

                      0.150000    0.000000    0.000000   clock clk_i (rise edge)
                                  0.000000    0.000000   clock network delay (ideal)
                                  0.250000    0.250000   clock uncertainty
                                  0.000000    0.250000   clock reconvergence pessimism
                                              0.250000 ^ _296_/CLK (gf180mcu_fd_sc_mcu7t5v0__dffrnq_1)
                                  0.192059    0.442059   library hold time
                                              0.442059   data required time
---------------------------------------------------------------------------------------------
                                              0.442059   data required time
                                             -2.121129   data arrival time
---------------------------------------------------------------------------------------------
                                              1.679069   slack (MET)


Startpoint: _295_ (rising edge-triggered flip-flop clocked by clk_i)
Endpoint: _295_ (rising edge-triggered flip-flop clocked by clk_i)
Path Group: clk_i
Path Type: min

Fanout         Cap        Slew       Delay        Time   Description
---------------------------------------------------------------------------------------------
                      0.150000    0.000000    0.000000   clock clk_i (rise edge)
                                  0.000000    0.000000   clock network delay (ideal)
                      0.150000    0.000000    0.000000 ^ _295_/CLK (gf180mcu_fd_sc_mcu7t5v0__dffrnq_1)
     4    0.018608    0.406994    1.442935    1.442935 v _295_/Q (gf180mcu_fd_sc_mcu7t5v0__dffrnq_1)
                                                         baud_cnt[2] (net)
                      0.406994    0.000000    1.442935 v _181_/B (gf180mcu_fd_sc_mcu7t5v0__aoi21_1)
     1    0.004177    0.433751    0.379289    1.822224 ^ _181_/ZN (gf180mcu_fd_sc_mcu7t5v0__aoi21_1)
                                                         _069_ (net)
                      0.433751    0.000000    1.822224 ^ _182_/A3 (gf180mcu_fd_sc_mcu7t5v0__nor3_1)
     1    0.003014    0.316995    0.302626    2.124850 v _182_/ZN (gf180mcu_fd_sc_mcu7t5v0__nor3_1)
                                                         _008_ (net)
                      0.316995    0.000000    2.124850 v _295_/D (gf180mcu_fd_sc_mcu7t5v0__dffrnq_1)
                                              2.124850   data arrival time

                      0.150000    0.000000    0.000000   clock clk_i (rise edge)
                                  0.000000    0.000000   clock network delay (ideal)
                                  0.250000    0.250000   clock uncertainty
                                  0.000000    0.250000   clock reconvergence pessimism
                                              0.250000 ^ _295_/CLK (gf180mcu_fd_sc_mcu7t5v0__dffrnq_1)
                                  0.186535    0.436535   library hold time
                                              0.436535   data required time
---------------------------------------------------------------------------------------------
                                              0.436535   data required time
                                             -2.124850   data arrival time
---------------------------------------------------------------------------------------------
                                              1.688314   slack (MET)


Startpoint: _302_ (rising edge-triggered flip-flop clocked by clk_i)
Endpoint: _302_ (rising edge-triggered flip-flop clocked by clk_i)
Path Group: clk_i
Path Type: min

Fanout         Cap        Slew       Delay        Time   Description
---------------------------------------------------------------------------------------------
                      0.150000    0.000000    0.000000   clock clk_i (rise edge)
                                  0.000000    0.000000   clock network delay (ideal)
                      0.150000    0.000000    0.000000 ^ _302_/CLK (gf180mcu_fd_sc_mcu7t5v0__dffrnq_1)
     4    0.018581    0.406598    1.442627    1.442627 v _302_/Q (gf180mcu_fd_sc_mcu7t5v0__dffrnq_1)
                                                         baud_cnt[9] (net)
                      0.406598    0.000000    1.442627 v _202_/B (gf180mcu_fd_sc_mcu7t5v0__aoi21_1)
     1    0.004177    0.433704    0.379206    1.821833 ^ _202_/ZN (gf180mcu_fd_sc_mcu7t5v0__aoi21_1)
                                                         _083_ (net)
                      0.433704    0.000000    1.821833 ^ _203_/A3 (gf180mcu_fd_sc_mcu7t5v0__nor3_1)
     1    0.003014    0.345801    0.302616    2.124449 v _203_/ZN (gf180mcu_fd_sc_mcu7t5v0__nor3_1)
                                                         _015_ (net)
                      0.345801    0.000000    2.124449 v _302_/D (gf180mcu_fd_sc_mcu7t5v0__dffrnq_1)
                                              2.124449   data arrival time

                      0.150000    0.000000    0.000000   clock clk_i (rise edge)
                                  0.000000    0.000000   clock network delay (ideal)
                                  0.250000    0.250000   clock uncertainty
                                  0.000000    0.250000   clock reconvergence pessimism
                                              0.250000 ^ _302_/CLK (gf180mcu_fd_sc_mcu7t5v0__dffrnq_1)
                                  0.180060    0.430060   library hold time
                                              0.430060   data required time
---------------------------------------------------------------------------------------------
                                              0.430060   data required time
                                             -2.124449   data arrival time
---------------------------------------------------------------------------------------------
                                              1.694388   slack (MET)


Startpoint: _278_ (rising edge-triggered flip-flop clocked by clk_i)
Endpoint: _278_ (rising edge-triggered flip-flop clocked by clk_i)
Path Group: clk_i
Path Type: min

Fanout         Cap        Slew       Delay        Time   Description
---------------------------------------------------------------------------------------------
                      0.150000    0.000000    0.000000   clock clk_i (rise edge)
                                  0.000000    0.000000   clock network delay (ideal)
                      0.150000    0.000000    0.000000 ^ _278_/CLK (gf180mcu_fd_sc_mcu7t5v0__dffrnq_1)
     8    0.035888    0.666219    1.620026    1.620026 v _278_/Q (gf180mcu_fd_sc_mcu7t5v0__dffrnq_1)
                                                         CS[0] (net)
                      0.666219    0.000000    1.620026 v _226_/A1 (gf180mcu_fd_sc_mcu7t5v0__nand2_1)
     1    0.004977    0.348680    0.351222    1.971248 ^ _226_/ZN (gf180mcu_fd_sc_mcu7t5v0__nand2_1)
                                                         _099_ (net)
                      0.348680    0.000000    1.971248 ^ _239_/A1 (gf180mcu_fd_sc_mcu7t5v0__aoi21_1)
     1    0.003014    0.222168    0.195324    2.166572 v _239_/ZN (gf180mcu_fd_sc_mcu7t5v0__aoi21_1)
                                                         _018_ (net)
                      0.222168    0.000000    2.166572 v _278_/D (gf180mcu_fd_sc_mcu7t5v0__dffrnq_1)
                                              2.166572   data arrival time

                      0.150000    0.000000    0.000000   clock clk_i (rise edge)
                                  0.000000    0.000000   clock network delay (ideal)
                                  0.250000    0.250000   clock uncertainty
                                  0.000000    0.250000   clock reconvergence pessimism
                                              0.250000 ^ _278_/CLK (gf180mcu_fd_sc_mcu7t5v0__dffrnq_1)
                                  0.208476    0.458476   library hold time
                                              0.458476   data required time
---------------------------------------------------------------------------------------------
                                              0.458476   data required time
                                             -2.166572   data arrival time
---------------------------------------------------------------------------------------------
                                              1.708096   slack (MET)


Startpoint: _303_ (rising edge-triggered flip-flop clocked by clk_i)
Endpoint: _303_ (rising edge-triggered flip-flop clocked by clk_i)
Path Group: clk_i
Path Type: min

Fanout         Cap        Slew       Delay        Time   Description
---------------------------------------------------------------------------------------------
                      0.150000    0.000000    0.000000   clock clk_i (rise edge)
                                  0.000000    0.000000   clock network delay (ideal)
                      0.150000    0.000000    0.000000 ^ _303_/CLK (gf180mcu_fd_sc_mcu7t5v0__dffrnq_1)
     5    0.024107    0.489141    1.500412    1.500412 v _303_/Q (gf180mcu_fd_sc_mcu7t5v0__dffrnq_1)
                                                         baud_cnt[10] (net)
                      0.489141    0.000000    1.500412 v _204_/A1 (gf180mcu_fd_sc_mcu7t5v0__nor2_1)
     1    0.004029    0.456441    0.383233    1.883645 ^ _204_/ZN (gf180mcu_fd_sc_mcu7t5v0__nor2_1)
                                                         _084_ (net)
                      0.456441    0.000000    1.883645 ^ _206_/A2 (gf180mcu_fd_sc_mcu7t5v0__nor3_1)
     1    0.003014    0.307320    0.286834    2.170479 v _206_/ZN (gf180mcu_fd_sc_mcu7t5v0__nor3_1)
                                                         _001_ (net)
                      0.307320    0.000000    2.170479 v _303_/D (gf180mcu_fd_sc_mcu7t5v0__dffrnq_1)
                                              2.170479   data arrival time

                      0.150000    0.000000    0.000000   clock clk_i (rise edge)
                                  0.000000    0.000000   clock network delay (ideal)
                                  0.250000    0.250000   clock uncertainty
                                  0.000000    0.250000   clock reconvergence pessimism
                                              0.250000 ^ _303_/CLK (gf180mcu_fd_sc_mcu7t5v0__dffrnq_1)
                                  0.188710    0.438710   library hold time
                                              0.438710   data required time
---------------------------------------------------------------------------------------------
                                              0.438710   data required time
                                             -2.170479   data arrival time
---------------------------------------------------------------------------------------------
                                              1.731768   slack (MET)


Startpoint: _297_ (rising edge-triggered flip-flop clocked by clk_i)
Endpoint: _297_ (rising edge-triggered flip-flop clocked by clk_i)
Path Group: clk_i
Path Type: min

Fanout         Cap        Slew       Delay        Time   Description
---------------------------------------------------------------------------------------------
                      0.150000    0.000000    0.000000   clock clk_i (rise edge)
                                  0.000000    0.000000   clock network delay (ideal)
                      0.150000    0.000000    0.000000 ^ _297_/CLK (gf180mcu_fd_sc_mcu7t5v0__dffrnq_1)
     4    0.025259    0.506456    1.512108    1.512108 v _297_/Q (gf180mcu_fd_sc_mcu7t5v0__dffrnq_1)
                                                         baud_cnt[4] (net)
                      0.506456    0.000000    1.512108 v _187_/A1 (gf180mcu_fd_sc_mcu7t5v0__xor2_1)
     1    0.004329    0.511625    0.426694    1.938802 ^ _187_/Z (gf180mcu_fd_sc_mcu7t5v0__xor2_1)
                                                         _073_ (net)
                      0.511625    0.000000    1.938802 ^ _188_/A2 (gf180mcu_fd_sc_mcu7t5v0__nor2_1)
     1    0.003014    0.277892    0.244767    2.183569 v _188_/ZN (gf180mcu_fd_sc_mcu7t5v0__nor2_1)
                                                         _010_ (net)
                      0.277892    0.000000    2.183569 v _297_/D (gf180mcu_fd_sc_mcu7t5v0__dffrnq_1)
                                              2.183569   data arrival time

                      0.150000    0.000000    0.000000   clock clk_i (rise edge)
                                  0.000000    0.000000   clock network delay (ideal)
                                  0.250000    0.250000   clock uncertainty
                                  0.000000    0.250000   clock reconvergence pessimism
                                              0.250000 ^ _297_/CLK (gf180mcu_fd_sc_mcu7t5v0__dffrnq_1)
                                  0.195325    0.445325   library hold time
                                              0.445325   data required time
---------------------------------------------------------------------------------------------
                                              0.445325   data required time
                                             -2.183569   data arrival time
---------------------------------------------------------------------------------------------
                                              1.738244   slack (MET)


Startpoint: _305_ (rising edge-triggered flip-flop clocked by clk_i)
Endpoint: _305_ (rising edge-triggered flip-flop clocked by clk_i)
Path Group: clk_i
Path Type: min

Fanout         Cap        Slew       Delay        Time   Description
---------------------------------------------------------------------------------------------
                      0.150000    0.000000    0.000000   clock clk_i (rise edge)
                                  0.000000    0.000000   clock network delay (ideal)
                      0.150000    0.000000    0.000000 ^ _305_/CLK (gf180mcu_fd_sc_mcu7t5v0__dffrnq_1)
     4    0.022737    0.468548    1.486502    1.486502 v _305_/Q (gf180mcu_fd_sc_mcu7t5v0__dffrnq_1)
                                                         baud_cnt[12] (net)
                      0.468548    0.000000    1.486502 v _211_/A1 (gf180mcu_fd_sc_mcu7t5v0__xnor2_1)
     1    0.004329    0.477236    0.481969    1.968471 ^ _211_/ZN (gf180mcu_fd_sc_mcu7t5v0__xnor2_1)
                                                         _089_ (net)
                      0.477236    0.000000    1.968471 ^ _212_/A2 (gf180mcu_fd_sc_mcu7t5v0__nor2_1)
     1    0.003014    0.269302    0.239357    2.207827 v _212_/ZN (gf180mcu_fd_sc_mcu7t5v0__nor2_1)
                                                         _003_ (net)
                      0.269302    0.000000    2.207827 v _305_/D (gf180mcu_fd_sc_mcu7t5v0__dffrnq_1)
                                              2.207827   data arrival time

                      0.150000    0.000000    0.000000   clock clk_i (rise edge)
                                  0.000000    0.000000   clock network delay (ideal)
                                  0.250000    0.250000   clock uncertainty
                                  0.000000    0.250000   clock reconvergence pessimism
                                              0.250000 ^ _305_/CLK (gf180mcu_fd_sc_mcu7t5v0__dffrnq_1)
                                  0.197256    0.447256   library hold time
                                              0.447256   data required time
---------------------------------------------------------------------------------------------
                                              0.447256   data required time
                                             -2.207827   data arrival time
---------------------------------------------------------------------------------------------
                                              1.760571   slack (MET)


Startpoint: _299_ (rising edge-triggered flip-flop clocked by clk_i)
Endpoint: _299_ (rising edge-triggered flip-flop clocked by clk_i)
Path Group: clk_i
Path Type: min

Fanout         Cap        Slew       Delay        Time   Description
---------------------------------------------------------------------------------------------
                      0.150000    0.000000    0.000000   clock clk_i (rise edge)
                                  0.000000    0.000000   clock network delay (ideal)
                      0.150000    0.000000    0.000000 ^ _299_/CLK (gf180mcu_fd_sc_mcu7t5v0__dffrnq_1)
     4    0.024829    0.499993    1.507742    1.507742 v _299_/Q (gf180mcu_fd_sc_mcu7t5v0__dffrnq_1)
                                                         baud_cnt[6] (net)
                      0.499993    0.000000    1.507742 v _193_/A1 (gf180mcu_fd_sc_mcu7t5v0__xnor2_1)
     1    0.004329    0.476591    0.491344    1.999086 ^ _193_/ZN (gf180mcu_fd_sc_mcu7t5v0__xnor2_1)
                                                         _077_ (net)
                      0.476591    0.000000    1.999086 ^ _194_/A2 (gf180mcu_fd_sc_mcu7t5v0__nor2_1)
     1    0.003014    0.269141    0.239255    2.238341 v _194_/ZN (gf180mcu_fd_sc_mcu7t5v0__nor2_1)
                                                         _012_ (net)
                      0.269141    0.000000    2.238341 v _299_/D (gf180mcu_fd_sc_mcu7t5v0__dffrnq_1)
                                              2.238341   data arrival time

                      0.150000    0.000000    0.000000   clock clk_i (rise edge)
                                  0.000000    0.000000   clock network delay (ideal)
                                  0.250000    0.250000   clock uncertainty
                                  0.000000    0.250000   clock reconvergence pessimism
                                              0.250000 ^ _299_/CLK (gf180mcu_fd_sc_mcu7t5v0__dffrnq_1)
                                  0.197292    0.447292   library hold time
                                              0.447292   data required time
---------------------------------------------------------------------------------------------
                                              0.447292   data required time
                                             -2.238341   data arrival time
---------------------------------------------------------------------------------------------
                                              1.791049   slack (MET)


Startpoint: _282_ (rising edge-triggered flip-flop clocked by clk_i)
Endpoint: _282_ (rising edge-triggered flip-flop clocked by clk_i)
Path Group: clk_i
Path Type: min

Fanout         Cap        Slew       Delay        Time   Description
---------------------------------------------------------------------------------------------
                      0.150000    0.000000    0.000000   clock clk_i (rise edge)
                                  0.000000    0.000000   clock network delay (ideal)
                      0.150000    0.000000    0.000000 ^ _282_/CLK (gf180mcu_fd_sc_mcu7t5v0__dffsnq_1)
     2    0.009718    0.402204    1.490036    1.490036 ^ _282_/Q (gf180mcu_fd_sc_mcu7t5v0__dffsnq_1)
                                                         reg_data[1] (net)
                      0.402204    0.000000    1.490036 ^ _252_/I0 (gf180mcu_fd_sc_mcu7t5v0__mux2_2)
     1    0.002637    0.154728    0.482390    1.972426 ^ _252_/Z (gf180mcu_fd_sc_mcu7t5v0__mux2_2)
                                                         _022_ (net)
                      0.154728    0.000000    1.972426 ^ _282_/D (gf180mcu_fd_sc_mcu7t5v0__dffsnq_1)
                                              1.972426   data arrival time

                      0.150000    0.000000    0.000000   clock clk_i (rise edge)
                                  0.000000    0.000000   clock network delay (ideal)
                                  0.250000    0.250000   clock uncertainty
                                  0.000000    0.250000   clock reconvergence pessimism
                                              0.250000 ^ _282_/CLK (gf180mcu_fd_sc_mcu7t5v0__dffsnq_1)
                                 -0.068698    0.181302   library hold time
                                              0.181302   data required time
---------------------------------------------------------------------------------------------
                                              0.181302   data required time
                                             -1.972426   data arrival time
---------------------------------------------------------------------------------------------
                                              1.791124   slack (MET)


Startpoint: _283_ (rising edge-triggered flip-flop clocked by clk_i)
Endpoint: _283_ (rising edge-triggered flip-flop clocked by clk_i)
Path Group: clk_i
Path Type: min

Fanout         Cap        Slew       Delay        Time   Description
---------------------------------------------------------------------------------------------
                      0.150000    0.000000    0.000000   clock clk_i (rise edge)
                                  0.000000    0.000000   clock network delay (ideal)
                      0.150000    0.000000    0.000000 ^ _283_/CLK (gf180mcu_fd_sc_mcu7t5v0__dffsnq_1)
     2    0.009718    0.402204    1.490036    1.490036 ^ _283_/Q (gf180mcu_fd_sc_mcu7t5v0__dffsnq_1)
                                                         reg_data[2] (net)
                      0.402204    0.000000    1.490036 ^ _254_/I0 (gf180mcu_fd_sc_mcu7t5v0__mux2_2)
     1    0.002637    0.154728    0.482390    1.972426 ^ _254_/Z (gf180mcu_fd_sc_mcu7t5v0__mux2_2)
                                                         _023_ (net)
                      0.154728    0.000000    1.972426 ^ _283_/D (gf180mcu_fd_sc_mcu7t5v0__dffsnq_1)
                                              1.972426   data arrival time

                      0.150000    0.000000    0.000000   clock clk_i (rise edge)
                                  0.000000    0.000000   clock network delay (ideal)
                                  0.250000    0.250000   clock uncertainty
                                  0.000000    0.250000   clock reconvergence pessimism
                                              0.250000 ^ _283_/CLK (gf180mcu_fd_sc_mcu7t5v0__dffsnq_1)
                                 -0.068698    0.181302   library hold time
                                              0.181302   data required time
---------------------------------------------------------------------------------------------
                                              0.181302   data required time
                                             -1.972426   data arrival time
---------------------------------------------------------------------------------------------
                                              1.791124   slack (MET)


Startpoint: _284_ (rising edge-triggered flip-flop clocked by clk_i)
Endpoint: _284_ (rising edge-triggered flip-flop clocked by clk_i)
Path Group: clk_i
Path Type: min

Fanout         Cap        Slew       Delay        Time   Description
---------------------------------------------------------------------------------------------
                      0.150000    0.000000    0.000000   clock clk_i (rise edge)
                                  0.000000    0.000000   clock network delay (ideal)
                      0.150000    0.000000    0.000000 ^ _284_/CLK (gf180mcu_fd_sc_mcu7t5v0__dffsnq_1)
     2    0.009718    0.402204    1.490036    1.490036 ^ _284_/Q (gf180mcu_fd_sc_mcu7t5v0__dffsnq_1)
                                                         reg_data[3] (net)
                      0.402204    0.000000    1.490036 ^ _256_/I0 (gf180mcu_fd_sc_mcu7t5v0__mux2_2)
     1    0.002637    0.154728    0.482390    1.972426 ^ _256_/Z (gf180mcu_fd_sc_mcu7t5v0__mux2_2)
                                                         _024_ (net)
                      0.154728    0.000000    1.972426 ^ _284_/D (gf180mcu_fd_sc_mcu7t5v0__dffsnq_1)
                                              1.972426   data arrival time

                      0.150000    0.000000    0.000000   clock clk_i (rise edge)
                                  0.000000    0.000000   clock network delay (ideal)
                                  0.250000    0.250000   clock uncertainty
                                  0.000000    0.250000   clock reconvergence pessimism
                                              0.250000 ^ _284_/CLK (gf180mcu_fd_sc_mcu7t5v0__dffsnq_1)
                                 -0.068698    0.181302   library hold time
                                              0.181302   data required time
---------------------------------------------------------------------------------------------
                                              0.181302   data required time
                                             -1.972426   data arrival time
---------------------------------------------------------------------------------------------
                                              1.791124   slack (MET)


Startpoint: _285_ (rising edge-triggered flip-flop clocked by clk_i)
Endpoint: _285_ (rising edge-triggered flip-flop clocked by clk_i)
Path Group: clk_i
Path Type: min

Fanout         Cap        Slew       Delay        Time   Description
---------------------------------------------------------------------------------------------
                      0.150000    0.000000    0.000000   clock clk_i (rise edge)
                                  0.000000    0.000000   clock network delay (ideal)
                      0.150000    0.000000    0.000000 ^ _285_/CLK (gf180mcu_fd_sc_mcu7t5v0__dffsnq_1)
     2    0.009718    0.402204    1.490036    1.490036 ^ _285_/Q (gf180mcu_fd_sc_mcu7t5v0__dffsnq_1)
                                                         reg_data[4] (net)
                      0.402204    0.000000    1.490036 ^ _258_/I0 (gf180mcu_fd_sc_mcu7t5v0__mux2_2)
     1    0.002637    0.154728    0.482390    1.972426 ^ _258_/Z (gf180mcu_fd_sc_mcu7t5v0__mux2_2)
                                                         _025_ (net)
                      0.154728    0.000000    1.972426 ^ _285_/D (gf180mcu_fd_sc_mcu7t5v0__dffsnq_1)
                                              1.972426   data arrival time

                      0.150000    0.000000    0.000000   clock clk_i (rise edge)
                                  0.000000    0.000000   clock network delay (ideal)
                                  0.250000    0.250000   clock uncertainty
                                  0.000000    0.250000   clock reconvergence pessimism
                                              0.250000 ^ _285_/CLK (gf180mcu_fd_sc_mcu7t5v0__dffsnq_1)
                                 -0.068698    0.181302   library hold time
                                              0.181302   data required time
---------------------------------------------------------------------------------------------
                                              0.181302   data required time
                                             -1.972426   data arrival time
---------------------------------------------------------------------------------------------
                                              1.791124   slack (MET)


Startpoint: _286_ (rising edge-triggered flip-flop clocked by clk_i)
Endpoint: _286_ (rising edge-triggered flip-flop clocked by clk_i)
Path Group: clk_i
Path Type: min

Fanout         Cap        Slew       Delay        Time   Description
---------------------------------------------------------------------------------------------
                      0.150000    0.000000    0.000000   clock clk_i (rise edge)
                                  0.000000    0.000000   clock network delay (ideal)
                      0.150000    0.000000    0.000000 ^ _286_/CLK (gf180mcu_fd_sc_mcu7t5v0__dffsnq_1)
     2    0.009718    0.402204    1.490036    1.490036 ^ _286_/Q (gf180mcu_fd_sc_mcu7t5v0__dffsnq_1)
                                                         reg_data[5] (net)
                      0.402204    0.000000    1.490036 ^ _260_/I0 (gf180mcu_fd_sc_mcu7t5v0__mux2_2)
     1    0.002637    0.154728    0.482390    1.972426 ^ _260_/Z (gf180mcu_fd_sc_mcu7t5v0__mux2_2)
                                                         _026_ (net)
                      0.154728    0.000000    1.972426 ^ _286_/D (gf180mcu_fd_sc_mcu7t5v0__dffsnq_1)
                                              1.972426   data arrival time

                      0.150000    0.000000    0.000000   clock clk_i (rise edge)
                                  0.000000    0.000000   clock network delay (ideal)
                                  0.250000    0.250000   clock uncertainty
                                  0.000000    0.250000   clock reconvergence pessimism
                                              0.250000 ^ _286_/CLK (gf180mcu_fd_sc_mcu7t5v0__dffsnq_1)
                                 -0.068698    0.181302   library hold time
                                              0.181302   data required time
---------------------------------------------------------------------------------------------
                                              0.181302   data required time
                                             -1.972426   data arrival time
---------------------------------------------------------------------------------------------
                                              1.791124   slack (MET)


Startpoint: _287_ (rising edge-triggered flip-flop clocked by clk_i)
Endpoint: _287_ (rising edge-triggered flip-flop clocked by clk_i)
Path Group: clk_i
Path Type: min

Fanout         Cap        Slew       Delay        Time   Description
---------------------------------------------------------------------------------------------
                      0.150000    0.000000    0.000000   clock clk_i (rise edge)
                                  0.000000    0.000000   clock network delay (ideal)
                      0.150000    0.000000    0.000000 ^ _287_/CLK (gf180mcu_fd_sc_mcu7t5v0__dffsnq_1)
     2    0.009718    0.402204    1.490036    1.490036 ^ _287_/Q (gf180mcu_fd_sc_mcu7t5v0__dffsnq_1)
                                                         reg_data[6] (net)
                      0.402204    0.000000    1.490036 ^ _264_/I0 (gf180mcu_fd_sc_mcu7t5v0__mux2_2)
     1    0.002637    0.154728    0.482390    1.972426 ^ _264_/Z (gf180mcu_fd_sc_mcu7t5v0__mux2_2)
                                                         _027_ (net)
                      0.154728    0.000000    1.972426 ^ _287_/D (gf180mcu_fd_sc_mcu7t5v0__dffsnq_1)
                                              1.972426   data arrival time

                      0.150000    0.000000    0.000000   clock clk_i (rise edge)
                                  0.000000    0.000000   clock network delay (ideal)
                                  0.250000    0.250000   clock uncertainty
                                  0.000000    0.250000   clock reconvergence pessimism
                                              0.250000 ^ _287_/CLK (gf180mcu_fd_sc_mcu7t5v0__dffsnq_1)
                                 -0.068698    0.181302   library hold time
                                              0.181302   data required time
---------------------------------------------------------------------------------------------
                                              0.181302   data required time
                                             -1.972426   data arrival time
---------------------------------------------------------------------------------------------
                                              1.791124   slack (MET)


Startpoint: _288_ (rising edge-triggered flip-flop clocked by clk_i)
Endpoint: _288_ (rising edge-triggered flip-flop clocked by clk_i)
Path Group: clk_i
Path Type: min

Fanout         Cap        Slew       Delay        Time   Description
---------------------------------------------------------------------------------------------
                      0.150000    0.000000    0.000000   clock clk_i (rise edge)
                                  0.000000    0.000000   clock network delay (ideal)
                      0.150000    0.000000    0.000000 ^ _288_/CLK (gf180mcu_fd_sc_mcu7t5v0__dffsnq_1)
     1    0.004067    0.214602    1.414156    1.414156 v _288_/Q (gf180mcu_fd_sc_mcu7t5v0__dffsnq_1)
                                                         reg_data[7] (net)
                      0.214602    0.000000    1.414156 v _261_/B (gf180mcu_fd_sc_mcu7t5v0__aoi21_1)
     2    0.009461    0.627025    0.462257    1.876413 ^ _261_/ZN (gf180mcu_fd_sc_mcu7t5v0__aoi21_1)
                                                         _125_ (net)
                      0.627025    0.000000    1.876413 ^ _266_/A2 (gf180mcu_fd_sc_mcu7t5v0__aoi21_1)
     1    0.002637    0.251755    0.192479    2.068892 v _266_/ZN (gf180mcu_fd_sc_mcu7t5v0__aoi21_1)
                                                         _028_ (net)
                      0.251755    0.000000    2.068892 v _288_/D (gf180mcu_fd_sc_mcu7t5v0__dffsnq_1)
                                              2.068892   data arrival time

                      0.150000    0.000000    0.000000   clock clk_i (rise edge)
                                  0.000000    0.000000   clock network delay (ideal)
                                  0.250000    0.250000   clock uncertainty
                                  0.000000    0.250000   clock reconvergence pessimism
                                              0.250000 ^ _288_/CLK (gf180mcu_fd_sc_mcu7t5v0__dffsnq_1)
                                  0.025489    0.275489   library hold time
                                              0.275489   data required time
---------------------------------------------------------------------------------------------
                                              0.275489   data required time
                                             -2.068892   data arrival time
---------------------------------------------------------------------------------------------
                                              1.793403   slack (MET)


Startpoint: _307_ (rising edge-triggered flip-flop clocked by clk_i)
Endpoint: _307_ (rising edge-triggered flip-flop clocked by clk_i)
Path Group: clk_i
Path Type: min

Fanout         Cap        Slew       Delay        Time   Description
---------------------------------------------------------------------------------------------
                      0.150000    0.000000    0.000000   clock clk_i (rise edge)
                                  0.000000    0.000000   clock network delay (ideal)
                      0.150000    0.000000    0.000000 ^ _307_/CLK (gf180mcu_fd_sc_mcu7t5v0__dffrnq_1)
     5    0.025407    0.859136    2.029517    2.029517 ^ _307_/Q (gf180mcu_fd_sc_mcu7t5v0__dffrnq_1)
                                                         baud_cnt[14] (net)
                      0.859136    0.000000    2.029517 ^ _217_/A1 (gf180mcu_fd_sc_mcu7t5v0__aoi21_1)
     1    0.003014    0.287311    0.223324    2.252841 v _217_/ZN (gf180mcu_fd_sc_mcu7t5v0__aoi21_1)
                                                         _005_ (net)
                      0.287311    0.000000    2.252841 v _307_/D (gf180mcu_fd_sc_mcu7t5v0__dffrnq_1)
                                              2.252841   data arrival time

                      0.150000    0.000000    0.000000   clock clk_i (rise edge)
                                  0.000000    0.000000   clock network delay (ideal)
                                  0.250000    0.250000   clock uncertainty
                                  0.000000    0.250000   clock reconvergence pessimism
                                              0.250000 ^ _307_/CLK (gf180mcu_fd_sc_mcu7t5v0__dffrnq_1)
                                  0.193208    0.443208   library hold time
                                              0.443208   data required time
---------------------------------------------------------------------------------------------
                                              0.443208   data required time
                                             -2.252841   data arrival time
---------------------------------------------------------------------------------------------
                                              1.809633   slack (MET)


Startpoint: _301_ (rising edge-triggered flip-flop clocked by clk_i)
Endpoint: _301_ (rising edge-triggered flip-flop clocked by clk_i)
Path Group: clk_i
Path Type: min

Fanout         Cap        Slew       Delay        Time   Description
---------------------------------------------------------------------------------------------
                      0.150000    0.000000    0.000000   clock clk_i (rise edge)
                                  0.000000    0.000000   clock network delay (ideal)
                      0.150000    0.000000    0.000000 ^ _301_/CLK (gf180mcu_fd_sc_mcu7t5v0__dffrnq_1)
     5    0.026894    0.531031    1.528709    1.528709 v _301_/Q (gf180mcu_fd_sc_mcu7t5v0__dffrnq_1)
                                                         baud_cnt[8] (net)
                      0.531031    0.000000    1.528709 v _199_/A1 (gf180mcu_fd_sc_mcu7t5v0__xnor2_1)
     1    0.004329    0.475734    0.500597    2.029306 ^ _199_/ZN (gf180mcu_fd_sc_mcu7t5v0__xnor2_1)
                                                         _081_ (net)
                      0.475734    0.000000    2.029306 ^ _200_/A2 (gf180mcu_fd_sc_mcu7t5v0__nor2_1)
     1    0.003014    0.268927    0.239120    2.268426 v _200_/ZN (gf180mcu_fd_sc_mcu7t5v0__nor2_1)
                                                         _014_ (net)
                      0.268927    0.000000    2.268426 v _301_/D (gf180mcu_fd_sc_mcu7t5v0__dffrnq_1)
                                              2.268426   data arrival time

                      0.150000    0.000000    0.000000   clock clk_i (rise edge)
                                  0.000000    0.000000   clock network delay (ideal)
                                  0.250000    0.250000   clock uncertainty
                                  0.000000    0.250000   clock reconvergence pessimism
                                              0.250000 ^ _301_/CLK (gf180mcu_fd_sc_mcu7t5v0__dffrnq_1)
                                  0.197340    0.447340   library hold time
                                              0.447340   data required time
---------------------------------------------------------------------------------------------
                                              0.447340   data required time
                                             -2.268426   data arrival time
---------------------------------------------------------------------------------------------
                                              1.821086   slack (MET)


Startpoint: _294_ (rising edge-triggered flip-flop clocked by clk_i)
Endpoint: _294_ (rising edge-triggered flip-flop clocked by clk_i)
Path Group: clk_i
Path Type: min

Fanout         Cap        Slew       Delay        Time   Description
---------------------------------------------------------------------------------------------
                      0.150000    0.000000    0.000000   clock clk_i (rise edge)
                                  0.000000    0.000000   clock network delay (ideal)
                      0.150000    0.000000    0.000000 ^ _294_/CLK (gf180mcu_fd_sc_mcu7t5v0__dffrnq_1)
     5    0.027160    0.535030    1.531409    1.531409 v _294_/Q (gf180mcu_fd_sc_mcu7t5v0__dffrnq_1)
                                                         baud_cnt[1] (net)
                      0.535030    0.000000    1.531409 v _178_/A2 (gf180mcu_fd_sc_mcu7t5v0__xnor2_1)
     1    0.004329    0.474537    0.511494    2.042904 ^ _178_/ZN (gf180mcu_fd_sc_mcu7t5v0__xnor2_1)
                                                         _067_ (net)
                      0.474537    0.000000    2.042904 ^ _179_/A2 (gf180mcu_fd_sc_mcu7t5v0__nor2_1)
     1    0.003014    0.268628    0.238932    2.281836 v _179_/ZN (gf180mcu_fd_sc_mcu7t5v0__nor2_1)
                                                         _007_ (net)
                      0.268628    0.000000    2.281836 v _294_/D (gf180mcu_fd_sc_mcu7t5v0__dffrnq_1)
                                              2.281836   data arrival time

                      0.150000    0.000000    0.000000   clock clk_i (rise edge)
                                  0.000000    0.000000   clock network delay (ideal)
                                  0.250000    0.250000   clock uncertainty
                                  0.000000    0.250000   clock reconvergence pessimism
                                              0.250000 ^ _294_/CLK (gf180mcu_fd_sc_mcu7t5v0__dffrnq_1)
                                  0.197407    0.447407   library hold time
                                              0.447407   data required time
---------------------------------------------------------------------------------------------
                                              0.447407   data required time
                                             -2.281836   data arrival time
---------------------------------------------------------------------------------------------
                                              1.834428   slack (MET)


Startpoint: _281_ (rising edge-triggered flip-flop clocked by clk_i)
Endpoint: _281_ (rising edge-triggered flip-flop clocked by clk_i)
Path Group: clk_i
Path Type: min

Fanout         Cap        Slew       Delay        Time   Description
---------------------------------------------------------------------------------------------
                      0.150000    0.000000    0.000000   clock clk_i (rise edge)
                                  0.000000    0.000000   clock network delay (ideal)
                      0.150000    0.000000    0.000000 ^ _281_/CLK (gf180mcu_fd_sc_mcu7t5v0__dffsnq_1)
     3    0.014346    0.525135    1.563698    1.563698 ^ _281_/Q (gf180mcu_fd_sc_mcu7t5v0__dffsnq_1)
                                                         reg_data[0] (net)
                      0.525135    0.000000    1.563698 ^ _250_/I0 (gf180mcu_fd_sc_mcu7t5v0__mux2_2)
     1    0.002637    0.154728    0.493885    2.057584 ^ _250_/Z (gf180mcu_fd_sc_mcu7t5v0__mux2_2)
                                                         _021_ (net)
                      0.154728    0.000000    2.057584 ^ _281_/D (gf180mcu_fd_sc_mcu7t5v0__dffsnq_1)
                                              2.057584   data arrival time

                      0.150000    0.000000    0.000000   clock clk_i (rise edge)
                                  0.000000    0.000000   clock network delay (ideal)
                                  0.250000    0.250000   clock uncertainty
                                  0.000000    0.250000   clock reconvergence pessimism
                                              0.250000 ^ _281_/CLK (gf180mcu_fd_sc_mcu7t5v0__dffsnq_1)
                                 -0.068698    0.181302   library hold time
                                              0.181302   data required time
---------------------------------------------------------------------------------------------
                                              0.181302   data required time
                                             -2.057584   data arrival time
---------------------------------------------------------------------------------------------
                                              1.876281   slack (MET)


Startpoint: _293_ (rising edge-triggered flip-flop clocked by clk_i)
Endpoint: _293_ (rising edge-triggered flip-flop clocked by clk_i)
Path Group: clk_i
Path Type: min

Fanout         Cap        Slew       Delay        Time   Description
---------------------------------------------------------------------------------------------
                      0.150000    0.000000    0.000000   clock clk_i (rise edge)
                                  0.000000    0.000000   clock network delay (ideal)
                      0.150000    0.000000    0.000000 ^ _293_/CLK (gf180mcu_fd_sc_mcu7t5v0__dffrnq_1)
     6    0.031485    1.019239    2.126571    2.126571 ^ _293_/Q (gf180mcu_fd_sc_mcu7t5v0__dffrnq_1)
                                                         baud_cnt[0] (net)
                      1.019239    0.000000    2.126571 ^ _177_/A1 (gf180mcu_fd_sc_mcu7t5v0__nor2_1)
     1    0.003014    0.334026    0.214252    2.340823 v _177_/ZN (gf180mcu_fd_sc_mcu7t5v0__nor2_1)
                                                         _000_ (net)
                      0.334026    0.000000    2.340823 v _293_/D (gf180mcu_fd_sc_mcu7t5v0__dffrnq_1)
                                              2.340823   data arrival time

                      0.150000    0.000000    0.000000   clock clk_i (rise edge)
                                  0.000000    0.000000   clock network delay (ideal)
                                  0.250000    0.250000   clock uncertainty
                                  0.000000    0.250000   clock reconvergence pessimism
                                              0.250000 ^ _293_/CLK (gf180mcu_fd_sc_mcu7t5v0__dffrnq_1)
                                  0.182707    0.432707   library hold time
                                              0.432707   data required time
---------------------------------------------------------------------------------------------
                                              0.432707   data required time
                                             -2.340823   data arrival time
---------------------------------------------------------------------------------------------
                                              1.908116   slack (MET)


Startpoint: _280_ (rising edge-triggered flip-flop clocked by clk_i)
Endpoint: _280_ (rising edge-triggered flip-flop clocked by clk_i)
Path Group: clk_i
Path Type: min

Fanout         Cap        Slew       Delay        Time   Description
---------------------------------------------------------------------------------------------
                      0.150000    0.000000    0.000000   clock clk_i (rise edge)
                                  0.000000    0.000000   clock network delay (ideal)
                      0.150000    0.000000    0.000000 ^ _280_/CLK (gf180mcu_fd_sc_mcu7t5v0__dffrnq_1)
     9    0.039454    0.721519    1.655532    1.655532 v _280_/Q (gf180mcu_fd_sc_mcu7t5v0__dffrnq_1)
                                                         CS[2] (net)
                      0.721519    0.000000    1.655532 v _138_/I (gf180mcu_fd_sc_mcu7t5v0__clkinv_1)
     3    0.013454    0.532763    0.471806    2.127339 ^ _138_/ZN (gf180mcu_fd_sc_mcu7t5v0__clkinv_1)
                                                         _136_ (net)
                      0.532763    0.000000    2.127339 ^ _244_/A1 (gf180mcu_fd_sc_mcu7t5v0__aoi211_1)
     1    0.003014    0.283915    0.269751    2.397090 v _244_/ZN (gf180mcu_fd_sc_mcu7t5v0__aoi211_1)
                                                         _020_ (net)
                      0.283915    0.000000    2.397090 v _280_/D (gf180mcu_fd_sc_mcu7t5v0__dffrnq_1)
                                              2.397090   data arrival time

                      0.150000    0.000000    0.000000   clock clk_i (rise edge)
                                  0.000000    0.000000   clock network delay (ideal)
                                  0.250000    0.250000   clock uncertainty
                                  0.000000    0.250000   clock reconvergence pessimism
                                              0.250000 ^ _280_/CLK (gf180mcu_fd_sc_mcu7t5v0__dffrnq_1)
                                  0.193971    0.443971   library hold time
                                              0.443971   data required time
---------------------------------------------------------------------------------------------
                                              0.443971   data required time
                                             -2.397090   data arrival time
---------------------------------------------------------------------------------------------
                                              1.953119   slack (MET)


Startpoint: _279_ (rising edge-triggered flip-flop clocked by clk_i)
Endpoint: _279_ (rising edge-triggered flip-flop clocked by clk_i)
Path Group: clk_i
Path Type: min

Fanout         Cap        Slew       Delay        Time   Description
---------------------------------------------------------------------------------------------
                      0.150000    0.000000    0.000000   clock clk_i (rise edge)
                                  0.000000    0.000000   clock network delay (ideal)
                      0.150000    0.000000    0.000000 ^ _279_/CLK (gf180mcu_fd_sc_mcu7t5v0__dffrnq_1)
     7    0.030491    0.585097    1.565230    1.565230 v _279_/Q (gf180mcu_fd_sc_mcu7t5v0__dffrnq_1)
                                                         CS[1] (net)
                      0.585097    0.000000    1.565230 v _140_/I (gf180mcu_fd_sc_mcu7t5v0__clkinv_1)
     5    0.020869    0.680260    0.556287    2.121517 ^ _140_/ZN (gf180mcu_fd_sc_mcu7t5v0__clkinv_1)
                                                         _033_ (net)
                      0.680260    0.000000    2.121517 ^ _241_/A1 (gf180mcu_fd_sc_mcu7t5v0__aoi211_1)
     1    0.003014    0.283915    0.279765    2.401282 v _241_/ZN (gf180mcu_fd_sc_mcu7t5v0__aoi211_1)
                                                         _019_ (net)
                      0.283915    0.000000    2.401282 v _279_/D (gf180mcu_fd_sc_mcu7t5v0__dffrnq_1)
                                              2.401282   data arrival time

                      0.150000    0.000000    0.000000   clock clk_i (rise edge)
                                  0.000000    0.000000   clock network delay (ideal)
                                  0.250000    0.250000   clock uncertainty
                                  0.000000    0.250000   clock reconvergence pessimism
                                              0.250000 ^ _279_/CLK (gf180mcu_fd_sc_mcu7t5v0__dffrnq_1)
                                  0.193971    0.443971   library hold time
                                              0.443971   data required time
---------------------------------------------------------------------------------------------
                                              0.443971   data required time
                                             -2.401282   data arrival time
---------------------------------------------------------------------------------------------
                                              1.957311   slack (MET)


Startpoint: _289_ (rising edge-triggered flip-flop clocked by clk_i)
Endpoint: _289_ (rising edge-triggered flip-flop clocked by clk_i)
Path Group: clk_i
Path Type: min

Fanout         Cap        Slew       Delay        Time   Description
---------------------------------------------------------------------------------------------
                      0.150000    0.000000    0.000000   clock clk_i (rise edge)
                                  0.000000    0.000000   clock network delay (ideal)
                      0.150000    0.000000    0.000000 ^ _289_/CLK (gf180mcu_fd_sc_mcu7t5v0__dffrnq_1)
     1    0.004310    0.192196    1.269356    1.269356 v _289_/Q (gf180mcu_fd_sc_mcu7t5v0__dffrnq_1)
                                                         reg_bit_count[0] (net)
                      0.192196    0.000000    1.269356 v _142_/I (gf180mcu_fd_sc_mcu7t5v0__clkinv_1)
     5    0.026030    0.810652    0.516244    1.785600 ^ _142_/ZN (gf180mcu_fd_sc_mcu7t5v0__clkinv_1)
                                                         _035_ (net)
                      0.810652    0.000000    1.785600 ^ _267_/S (gf180mcu_fd_sc_mcu7t5v0__mux2_2)
     1    0.004310    0.178377    0.535189    2.320790 ^ _267_/Z (gf180mcu_fd_sc_mcu7t5v0__mux2_2)
                                                         _129_ (net)
                      0.178377    0.000000    2.320790 ^ _268_/I (gf180mcu_fd_sc_mcu7t5v0__clkinv_1)
     1    0.003014    0.168504    0.156866    2.477656 v _268_/ZN (gf180mcu_fd_sc_mcu7t5v0__clkinv_1)
                                                         _029_ (net)
                      0.168504    0.000000    2.477656 v _289_/D (gf180mcu_fd_sc_mcu7t5v0__dffrnq_1)
                                              2.477656   data arrival time

                      0.150000    0.000000    0.000000   clock clk_i (rise edge)
                                  0.000000    0.000000   clock network delay (ideal)
                                  0.250000    0.250000   clock uncertainty
                                  0.000000    0.250000   clock reconvergence pessimism
                                              0.250000 ^ _289_/CLK (gf180mcu_fd_sc_mcu7t5v0__dffrnq_1)
                                  0.222755    0.472755   library hold time
                                              0.472755   data required time
---------------------------------------------------------------------------------------------
                                              0.472755   data required time
                                             -2.477656   data arrival time
---------------------------------------------------------------------------------------------
                                              2.004901   slack (MET)


Startpoint: _279_ (rising edge-triggered flip-flop clocked by clk_i)
Endpoint: _309_ (rising edge-triggered flip-flop clocked by clk_i)
Path Group: clk_i
Path Type: min

Fanout         Cap        Slew       Delay        Time   Description
---------------------------------------------------------------------------------------------
                      0.150000    0.000000    0.000000   clock clk_i (rise edge)
                                  0.000000    0.000000   clock network delay (ideal)
                      0.150000    0.000000    0.000000 ^ _279_/CLK (gf180mcu_fd_sc_mcu7t5v0__dffrnq_1)
     7    0.030491    0.993056    2.110698    2.110698 ^ _279_/Q (gf180mcu_fd_sc_mcu7t5v0__dffrnq_1)
                                                         CS[1] (net)
                      0.993056    0.000000    2.110698 ^ _150_/A2 (gf180mcu_fd_sc_mcu7t5v0__aoi21_1)
     3    0.012253    0.535375    0.382014    2.492712 v _150_/ZN (gf180mcu_fd_sc_mcu7t5v0__aoi21_1)
                                                         _042_ (net)
                      0.535375    0.000000    2.492712 v _174_/A1 (gf180mcu_fd_sc_mcu7t5v0__and2_1)
     1    0.003014    0.177874    0.525469    3.018181 v _174_/Z (gf180mcu_fd_sc_mcu7t5v0__and2_1)
                                                         _016_ (net)
                      0.177874    0.000000    3.018181 v _309_/D (gf180mcu_fd_sc_mcu7t5v0__dffrnq_1)
                                              3.018181   data arrival time

                      0.150000    0.000000    0.000000   clock clk_i (rise edge)
                                  0.000000    0.000000   clock network delay (ideal)
                                  0.250000    0.250000   clock uncertainty
                                  0.000000    0.250000   clock reconvergence pessimism
                                              0.250000 ^ _309_/CLK (gf180mcu_fd_sc_mcu7t5v0__dffrnq_1)
                                  0.220261    0.470261   library hold time
                                              0.470261   data required time
---------------------------------------------------------------------------------------------
                                              0.470261   data required time
                                             -3.018181   data arrival time
---------------------------------------------------------------------------------------------
                                              2.547920   slack (MET)


Startpoint: rstn_i (input port clocked by clk_i)
Endpoint: _278_ (removal check against rising-edge clock clk_i)
Path Group: asynchronous
Path Type: min

Fanout         Cap        Slew       Delay        Time   Description
---------------------------------------------------------------------------------------------
                      0.150000    0.000000    0.000000   clock clk_i (rise edge)
                                  0.000000    0.000000   clock network delay (ideal)
                                  4.000000    4.000000 ^ input external delay
    32    0.230256    6.540239    3.590692    7.590692 ^ rstn_i (in)
                                                         rstn_i (net)
                      6.540239    0.000000    7.590692 ^ _278_/RN (gf180mcu_fd_sc_mcu7t5v0__dffrnq_1)
                                              7.590692   data arrival time

                      0.150000    0.000000    0.000000   clock clk_i (rise edge)
                                  0.000000    0.000000   clock network delay (ideal)
                                  0.250000    0.250000   clock uncertainty
                                  0.000000    0.250000   clock reconvergence pessimism
                                              0.250000 ^ _278_/CLK (gf180mcu_fd_sc_mcu7t5v0__dffrnq_1)
                                  1.058106    1.308106   library removal time
                                              1.308106   data required time
---------------------------------------------------------------------------------------------
                                              1.308106   data required time
                                             -7.590692   data arrival time
---------------------------------------------------------------------------------------------
                                              6.282585   slack (MET)


Startpoint: rstn_i (input port clocked by clk_i)
Endpoint: _279_ (removal check against rising-edge clock clk_i)
Path Group: asynchronous
Path Type: min

Fanout         Cap        Slew       Delay        Time   Description
---------------------------------------------------------------------------------------------
                      0.150000    0.000000    0.000000   clock clk_i (rise edge)
                                  0.000000    0.000000   clock network delay (ideal)
                                  4.000000    4.000000 ^ input external delay
    32    0.230256    6.540239    3.590692    7.590692 ^ rstn_i (in)
                                                         rstn_i (net)
                      6.540239    0.000000    7.590692 ^ _279_/RN (gf180mcu_fd_sc_mcu7t5v0__dffrnq_1)
                                              7.590692   data arrival time

                      0.150000    0.000000    0.000000   clock clk_i (rise edge)
                                  0.000000    0.000000   clock network delay (ideal)
                                  0.250000    0.250000   clock uncertainty
                                  0.000000    0.250000   clock reconvergence pessimism
                                              0.250000 ^ _279_/CLK (gf180mcu_fd_sc_mcu7t5v0__dffrnq_1)
                                  1.058106    1.308106   library removal time
                                              1.308106   data required time
---------------------------------------------------------------------------------------------
                                              1.308106   data required time
                                             -7.590692   data arrival time
---------------------------------------------------------------------------------------------
                                              6.282585   slack (MET)


Startpoint: rstn_i (input port clocked by clk_i)
Endpoint: _280_ (removal check against rising-edge clock clk_i)
Path Group: asynchronous
Path Type: min

Fanout         Cap        Slew       Delay        Time   Description
---------------------------------------------------------------------------------------------
                      0.150000    0.000000    0.000000   clock clk_i (rise edge)
                                  0.000000    0.000000   clock network delay (ideal)
                                  4.000000    4.000000 ^ input external delay
    32    0.230256    6.540239    3.590692    7.590692 ^ rstn_i (in)
                                                         rstn_i (net)
                      6.540239    0.000000    7.590692 ^ _280_/RN (gf180mcu_fd_sc_mcu7t5v0__dffrnq_1)
                                              7.590692   data arrival time

                      0.150000    0.000000    0.000000   clock clk_i (rise edge)
                                  0.000000    0.000000   clock network delay (ideal)
                                  0.250000    0.250000   clock uncertainty
                                  0.000000    0.250000   clock reconvergence pessimism
                                              0.250000 ^ _280_/CLK (gf180mcu_fd_sc_mcu7t5v0__dffrnq_1)
                                  1.058106    1.308106   library removal time
                                              1.308106   data required time
---------------------------------------------------------------------------------------------
                                              1.308106   data required time
                                             -7.590692   data arrival time
---------------------------------------------------------------------------------------------
                                              6.282585   slack (MET)


Startpoint: rstn_i (input port clocked by clk_i)
Endpoint: _289_ (removal check against rising-edge clock clk_i)
Path Group: asynchronous
Path Type: min

Fanout         Cap        Slew       Delay        Time   Description
---------------------------------------------------------------------------------------------
                      0.150000    0.000000    0.000000   clock clk_i (rise edge)
                                  0.000000    0.000000   clock network delay (ideal)
                                  4.000000    4.000000 ^ input external delay
    32    0.230256    6.540239    3.590692    7.590692 ^ rstn_i (in)
                                                         rstn_i (net)
                      6.540239    0.000000    7.590692 ^ _289_/RN (gf180mcu_fd_sc_mcu7t5v0__dffrnq_1)
                                              7.590692   data arrival time

                      0.150000    0.000000    0.000000   clock clk_i (rise edge)
                                  0.000000    0.000000   clock network delay (ideal)
                                  0.250000    0.250000   clock uncertainty
                                  0.000000    0.250000   clock reconvergence pessimism
                                              0.250000 ^ _289_/CLK (gf180mcu_fd_sc_mcu7t5v0__dffrnq_1)
                                  1.058106    1.308106   library removal time
                                              1.308106   data required time
---------------------------------------------------------------------------------------------
                                              1.308106   data required time
                                             -7.590692   data arrival time
---------------------------------------------------------------------------------------------
                                              6.282585   slack (MET)


Startpoint: rstn_i (input port clocked by clk_i)
Endpoint: _290_ (removal check against rising-edge clock clk_i)
Path Group: asynchronous
Path Type: min

Fanout         Cap        Slew       Delay        Time   Description
---------------------------------------------------------------------------------------------
                      0.150000    0.000000    0.000000   clock clk_i (rise edge)
                                  0.000000    0.000000   clock network delay (ideal)
                                  4.000000    4.000000 ^ input external delay
    32    0.230256    6.540239    3.590692    7.590692 ^ rstn_i (in)
                                                         rstn_i (net)
                      6.540239    0.000000    7.590692 ^ _290_/RN (gf180mcu_fd_sc_mcu7t5v0__dffrnq_1)
                                              7.590692   data arrival time

                      0.150000    0.000000    0.000000   clock clk_i (rise edge)
                                  0.000000    0.000000   clock network delay (ideal)
                                  0.250000    0.250000   clock uncertainty
                                  0.000000    0.250000   clock reconvergence pessimism
                                              0.250000 ^ _290_/CLK (gf180mcu_fd_sc_mcu7t5v0__dffrnq_1)
                                  1.058106    1.308106   library removal time
                                              1.308106   data required time
---------------------------------------------------------------------------------------------
                                              1.308106   data required time
                                             -7.590692   data arrival time
---------------------------------------------------------------------------------------------
                                              6.282585   slack (MET)


Startpoint: rstn_i (input port clocked by clk_i)
Endpoint: _291_ (removal check against rising-edge clock clk_i)
Path Group: asynchronous
Path Type: min

Fanout         Cap        Slew       Delay        Time   Description
---------------------------------------------------------------------------------------------
                      0.150000    0.000000    0.000000   clock clk_i (rise edge)
                                  0.000000    0.000000   clock network delay (ideal)
                                  4.000000    4.000000 ^ input external delay
    32    0.230256    6.540239    3.590692    7.590692 ^ rstn_i (in)
                                                         rstn_i (net)
                      6.540239    0.000000    7.590692 ^ _291_/RN (gf180mcu_fd_sc_mcu7t5v0__dffrnq_1)
                                              7.590692   data arrival time

                      0.150000    0.000000    0.000000   clock clk_i (rise edge)
                                  0.000000    0.000000   clock network delay (ideal)
                                  0.250000    0.250000   clock uncertainty
                                  0.000000    0.250000   clock reconvergence pessimism
                                              0.250000 ^ _291_/CLK (gf180mcu_fd_sc_mcu7t5v0__dffrnq_1)
                                  1.058106    1.308106   library removal time
                                              1.308106   data required time
---------------------------------------------------------------------------------------------
                                              1.308106   data required time
                                             -7.590692   data arrival time
---------------------------------------------------------------------------------------------
                                              6.282585   slack (MET)


Startpoint: rstn_i (input port clocked by clk_i)
Endpoint: _292_ (removal check against rising-edge clock clk_i)
Path Group: asynchronous
Path Type: min

Fanout         Cap        Slew       Delay        Time   Description
---------------------------------------------------------------------------------------------
                      0.150000    0.000000    0.000000   clock clk_i (rise edge)
                                  0.000000    0.000000   clock network delay (ideal)
                                  4.000000    4.000000 ^ input external delay
    32    0.230256    6.540239    3.590692    7.590692 ^ rstn_i (in)
                                                         rstn_i (net)
                      6.540239    0.000000    7.590692 ^ _292_/RN (gf180mcu_fd_sc_mcu7t5v0__dffrnq_1)
                                              7.590692   data arrival time

                      0.150000    0.000000    0.000000   clock clk_i (rise edge)
                                  0.000000    0.000000   clock network delay (ideal)
                                  0.250000    0.250000   clock uncertainty
                                  0.000000    0.250000   clock reconvergence pessimism
                                              0.250000 ^ _292_/CLK (gf180mcu_fd_sc_mcu7t5v0__dffrnq_1)
                                  1.058106    1.308106   library removal time
                                              1.308106   data required time
---------------------------------------------------------------------------------------------
                                              1.308106   data required time
                                             -7.590692   data arrival time
---------------------------------------------------------------------------------------------
                                              6.282585   slack (MET)


Startpoint: rstn_i (input port clocked by clk_i)
Endpoint: _293_ (removal check against rising-edge clock clk_i)
Path Group: asynchronous
Path Type: min

Fanout         Cap        Slew       Delay        Time   Description
---------------------------------------------------------------------------------------------
                      0.150000    0.000000    0.000000   clock clk_i (rise edge)
                                  0.000000    0.000000   clock network delay (ideal)
                                  4.000000    4.000000 ^ input external delay
    32    0.230256    6.540239    3.590692    7.590692 ^ rstn_i (in)
                                                         rstn_i (net)
                      6.540239    0.000000    7.590692 ^ _293_/RN (gf180mcu_fd_sc_mcu7t5v0__dffrnq_1)
                                              7.590692   data arrival time

                      0.150000    0.000000    0.000000   clock clk_i (rise edge)
                                  0.000000    0.000000   clock network delay (ideal)
                                  0.250000    0.250000   clock uncertainty
                                  0.000000    0.250000   clock reconvergence pessimism
                                              0.250000 ^ _293_/CLK (gf180mcu_fd_sc_mcu7t5v0__dffrnq_1)
                                  1.058106    1.308106   library removal time
                                              1.308106   data required time
---------------------------------------------------------------------------------------------
                                              1.308106   data required time
                                             -7.590692   data arrival time
---------------------------------------------------------------------------------------------
                                              6.282585   slack (MET)


Startpoint: rstn_i (input port clocked by clk_i)
Endpoint: _294_ (removal check against rising-edge clock clk_i)
Path Group: asynchronous
Path Type: min

Fanout         Cap        Slew       Delay        Time   Description
---------------------------------------------------------------------------------------------
                      0.150000    0.000000    0.000000   clock clk_i (rise edge)
                                  0.000000    0.000000   clock network delay (ideal)
                                  4.000000    4.000000 ^ input external delay
    32    0.230256    6.540239    3.590692    7.590692 ^ rstn_i (in)
                                                         rstn_i (net)
                      6.540239    0.000000    7.590692 ^ _294_/RN (gf180mcu_fd_sc_mcu7t5v0__dffrnq_1)
                                              7.590692   data arrival time

                      0.150000    0.000000    0.000000   clock clk_i (rise edge)
                                  0.000000    0.000000   clock network delay (ideal)
                                  0.250000    0.250000   clock uncertainty
                                  0.000000    0.250000   clock reconvergence pessimism
                                              0.250000 ^ _294_/CLK (gf180mcu_fd_sc_mcu7t5v0__dffrnq_1)
                                  1.058106    1.308106   library removal time
                                              1.308106   data required time
---------------------------------------------------------------------------------------------
                                              1.308106   data required time
                                             -7.590692   data arrival time
---------------------------------------------------------------------------------------------
                                              6.282585   slack (MET)


Startpoint: rstn_i (input port clocked by clk_i)
Endpoint: _295_ (removal check against rising-edge clock clk_i)
Path Group: asynchronous
Path Type: min

Fanout         Cap        Slew       Delay        Time   Description
---------------------------------------------------------------------------------------------
                      0.150000    0.000000    0.000000   clock clk_i (rise edge)
                                  0.000000    0.000000   clock network delay (ideal)
                                  4.000000    4.000000 ^ input external delay
    32    0.230256    6.540239    3.590692    7.590692 ^ rstn_i (in)
                                                         rstn_i (net)
                      6.540239    0.000000    7.590692 ^ _295_/RN (gf180mcu_fd_sc_mcu7t5v0__dffrnq_1)
                                              7.590692   data arrival time

                      0.150000    0.000000    0.000000   clock clk_i (rise edge)
                                  0.000000    0.000000   clock network delay (ideal)
                                  0.250000    0.250000   clock uncertainty
                                  0.000000    0.250000   clock reconvergence pessimism
                                              0.250000 ^ _295_/CLK (gf180mcu_fd_sc_mcu7t5v0__dffrnq_1)
                                  1.058106    1.308106   library removal time
                                              1.308106   data required time
---------------------------------------------------------------------------------------------
                                              1.308106   data required time
                                             -7.590692   data arrival time
---------------------------------------------------------------------------------------------
                                              6.282585   slack (MET)


Startpoint: rstn_i (input port clocked by clk_i)
Endpoint: _296_ (removal check against rising-edge clock clk_i)
Path Group: asynchronous
Path Type: min

Fanout         Cap        Slew       Delay        Time   Description
---------------------------------------------------------------------------------------------
                      0.150000    0.000000    0.000000   clock clk_i (rise edge)
                                  0.000000    0.000000   clock network delay (ideal)
                                  4.000000    4.000000 ^ input external delay
    32    0.230256    6.540239    3.590692    7.590692 ^ rstn_i (in)
                                                         rstn_i (net)
                      6.540239    0.000000    7.590692 ^ _296_/RN (gf180mcu_fd_sc_mcu7t5v0__dffrnq_1)
                                              7.590692   data arrival time

                      0.150000    0.000000    0.000000   clock clk_i (rise edge)
                                  0.000000    0.000000   clock network delay (ideal)
                                  0.250000    0.250000   clock uncertainty
                                  0.000000    0.250000   clock reconvergence pessimism
                                              0.250000 ^ _296_/CLK (gf180mcu_fd_sc_mcu7t5v0__dffrnq_1)
                                  1.058106    1.308106   library removal time
                                              1.308106   data required time
---------------------------------------------------------------------------------------------
                                              1.308106   data required time
                                             -7.590692   data arrival time
---------------------------------------------------------------------------------------------
                                              6.282585   slack (MET)


Startpoint: rstn_i (input port clocked by clk_i)
Endpoint: _297_ (removal check against rising-edge clock clk_i)
Path Group: asynchronous
Path Type: min

Fanout         Cap        Slew       Delay        Time   Description
---------------------------------------------------------------------------------------------
                      0.150000    0.000000    0.000000   clock clk_i (rise edge)
                                  0.000000    0.000000   clock network delay (ideal)
                                  4.000000    4.000000 ^ input external delay
    32    0.230256    6.540239    3.590692    7.590692 ^ rstn_i (in)
                                                         rstn_i (net)
                      6.540239    0.000000    7.590692 ^ _297_/RN (gf180mcu_fd_sc_mcu7t5v0__dffrnq_1)
                                              7.590692   data arrival time

                      0.150000    0.000000    0.000000   clock clk_i (rise edge)
                                  0.000000    0.000000   clock network delay (ideal)
                                  0.250000    0.250000   clock uncertainty
                                  0.000000    0.250000   clock reconvergence pessimism
                                              0.250000 ^ _297_/CLK (gf180mcu_fd_sc_mcu7t5v0__dffrnq_1)
                                  1.058106    1.308106   library removal time
                                              1.308106   data required time
---------------------------------------------------------------------------------------------
                                              1.308106   data required time
                                             -7.590692   data arrival time
---------------------------------------------------------------------------------------------
                                              6.282585   slack (MET)


Startpoint: rstn_i (input port clocked by clk_i)
Endpoint: _298_ (removal check against rising-edge clock clk_i)
Path Group: asynchronous
Path Type: min

Fanout         Cap        Slew       Delay        Time   Description
---------------------------------------------------------------------------------------------
                      0.150000    0.000000    0.000000   clock clk_i (rise edge)
                                  0.000000    0.000000   clock network delay (ideal)
                                  4.000000    4.000000 ^ input external delay
    32    0.230256    6.540239    3.590692    7.590692 ^ rstn_i (in)
                                                         rstn_i (net)
                      6.540239    0.000000    7.590692 ^ _298_/RN (gf180mcu_fd_sc_mcu7t5v0__dffrnq_1)
                                              7.590692   data arrival time

                      0.150000    0.000000    0.000000   clock clk_i (rise edge)
                                  0.000000    0.000000   clock network delay (ideal)
                                  0.250000    0.250000   clock uncertainty
                                  0.000000    0.250000   clock reconvergence pessimism
                                              0.250000 ^ _298_/CLK (gf180mcu_fd_sc_mcu7t5v0__dffrnq_1)
                                  1.058106    1.308106   library removal time
                                              1.308106   data required time
---------------------------------------------------------------------------------------------
                                              1.308106   data required time
                                             -7.590692   data arrival time
---------------------------------------------------------------------------------------------
                                              6.282585   slack (MET)


Startpoint: rstn_i (input port clocked by clk_i)
Endpoint: _299_ (removal check against rising-edge clock clk_i)
Path Group: asynchronous
Path Type: min

Fanout         Cap        Slew       Delay        Time   Description
---------------------------------------------------------------------------------------------
                      0.150000    0.000000    0.000000   clock clk_i (rise edge)
                                  0.000000    0.000000   clock network delay (ideal)
                                  4.000000    4.000000 ^ input external delay
    32    0.230256    6.540239    3.590692    7.590692 ^ rstn_i (in)
                                                         rstn_i (net)
                      6.540239    0.000000    7.590692 ^ _299_/RN (gf180mcu_fd_sc_mcu7t5v0__dffrnq_1)
                                              7.590692   data arrival time

                      0.150000    0.000000    0.000000   clock clk_i (rise edge)
                                  0.000000    0.000000   clock network delay (ideal)
                                  0.250000    0.250000   clock uncertainty
                                  0.000000    0.250000   clock reconvergence pessimism
                                              0.250000 ^ _299_/CLK (gf180mcu_fd_sc_mcu7t5v0__dffrnq_1)
                                  1.058106    1.308106   library removal time
                                              1.308106   data required time
---------------------------------------------------------------------------------------------
                                              1.308106   data required time
                                             -7.590692   data arrival time
---------------------------------------------------------------------------------------------
                                              6.282585   slack (MET)


Startpoint: rstn_i (input port clocked by clk_i)
Endpoint: _300_ (removal check against rising-edge clock clk_i)
Path Group: asynchronous
Path Type: min

Fanout         Cap        Slew       Delay        Time   Description
---------------------------------------------------------------------------------------------
                      0.150000    0.000000    0.000000   clock clk_i (rise edge)
                                  0.000000    0.000000   clock network delay (ideal)
                                  4.000000    4.000000 ^ input external delay
    32    0.230256    6.540239    3.590692    7.590692 ^ rstn_i (in)
                                                         rstn_i (net)
                      6.540239    0.000000    7.590692 ^ _300_/RN (gf180mcu_fd_sc_mcu7t5v0__dffrnq_1)
                                              7.590692   data arrival time

                      0.150000    0.000000    0.000000   clock clk_i (rise edge)
                                  0.000000    0.000000   clock network delay (ideal)
                                  0.250000    0.250000   clock uncertainty
                                  0.000000    0.250000   clock reconvergence pessimism
                                              0.250000 ^ _300_/CLK (gf180mcu_fd_sc_mcu7t5v0__dffrnq_1)
                                  1.058106    1.308106   library removal time
                                              1.308106   data required time
---------------------------------------------------------------------------------------------
                                              1.308106   data required time
                                             -7.590692   data arrival time
---------------------------------------------------------------------------------------------
                                              6.282585   slack (MET)


Startpoint: rstn_i (input port clocked by clk_i)
Endpoint: _301_ (removal check against rising-edge clock clk_i)
Path Group: asynchronous
Path Type: min

Fanout         Cap        Slew       Delay        Time   Description
---------------------------------------------------------------------------------------------
                      0.150000    0.000000    0.000000   clock clk_i (rise edge)
                                  0.000000    0.000000   clock network delay (ideal)
                                  4.000000    4.000000 ^ input external delay
    32    0.230256    6.540239    3.590692    7.590692 ^ rstn_i (in)
                                                         rstn_i (net)
                      6.540239    0.000000    7.590692 ^ _301_/RN (gf180mcu_fd_sc_mcu7t5v0__dffrnq_1)
                                              7.590692   data arrival time

                      0.150000    0.000000    0.000000   clock clk_i (rise edge)
                                  0.000000    0.000000   clock network delay (ideal)
                                  0.250000    0.250000   clock uncertainty
                                  0.000000    0.250000   clock reconvergence pessimism
                                              0.250000 ^ _301_/CLK (gf180mcu_fd_sc_mcu7t5v0__dffrnq_1)
                                  1.058106    1.308106   library removal time
                                              1.308106   data required time
---------------------------------------------------------------------------------------------
                                              1.308106   data required time
                                             -7.590692   data arrival time
---------------------------------------------------------------------------------------------
                                              6.282585   slack (MET)


Startpoint: rstn_i (input port clocked by clk_i)
Endpoint: _302_ (removal check against rising-edge clock clk_i)
Path Group: asynchronous
Path Type: min

Fanout         Cap        Slew       Delay        Time   Description
---------------------------------------------------------------------------------------------
                      0.150000    0.000000    0.000000   clock clk_i (rise edge)
                                  0.000000    0.000000   clock network delay (ideal)
                                  4.000000    4.000000 ^ input external delay
    32    0.230256    6.540239    3.590692    7.590692 ^ rstn_i (in)
                                                         rstn_i (net)
                      6.540239    0.000000    7.590692 ^ _302_/RN (gf180mcu_fd_sc_mcu7t5v0__dffrnq_1)
                                              7.590692   data arrival time

                      0.150000    0.000000    0.000000   clock clk_i (rise edge)
                                  0.000000    0.000000   clock network delay (ideal)
                                  0.250000    0.250000   clock uncertainty
                                  0.000000    0.250000   clock reconvergence pessimism
                                              0.250000 ^ _302_/CLK (gf180mcu_fd_sc_mcu7t5v0__dffrnq_1)
                                  1.058106    1.308106   library removal time
                                              1.308106   data required time
---------------------------------------------------------------------------------------------
                                              1.308106   data required time
                                             -7.590692   data arrival time
---------------------------------------------------------------------------------------------
                                              6.282585   slack (MET)


Startpoint: rstn_i (input port clocked by clk_i)
Endpoint: _303_ (removal check against rising-edge clock clk_i)
Path Group: asynchronous
Path Type: min

Fanout         Cap        Slew       Delay        Time   Description
---------------------------------------------------------------------------------------------
                      0.150000    0.000000    0.000000   clock clk_i (rise edge)
                                  0.000000    0.000000   clock network delay (ideal)
                                  4.000000    4.000000 ^ input external delay
    32    0.230256    6.540239    3.590692    7.590692 ^ rstn_i (in)
                                                         rstn_i (net)
                      6.540239    0.000000    7.590692 ^ _303_/RN (gf180mcu_fd_sc_mcu7t5v0__dffrnq_1)
                                              7.590692   data arrival time

                      0.150000    0.000000    0.000000   clock clk_i (rise edge)
                                  0.000000    0.000000   clock network delay (ideal)
                                  0.250000    0.250000   clock uncertainty
                                  0.000000    0.250000   clock reconvergence pessimism
                                              0.250000 ^ _303_/CLK (gf180mcu_fd_sc_mcu7t5v0__dffrnq_1)
                                  1.058106    1.308106   library removal time
                                              1.308106   data required time
---------------------------------------------------------------------------------------------
                                              1.308106   data required time
                                             -7.590692   data arrival time
---------------------------------------------------------------------------------------------
                                              6.282585   slack (MET)


Startpoint: rstn_i (input port clocked by clk_i)
Endpoint: _304_ (removal check against rising-edge clock clk_i)
Path Group: asynchronous
Path Type: min

Fanout         Cap        Slew       Delay        Time   Description
---------------------------------------------------------------------------------------------
                      0.150000    0.000000    0.000000   clock clk_i (rise edge)
                                  0.000000    0.000000   clock network delay (ideal)
                                  4.000000    4.000000 ^ input external delay
    32    0.230256    6.540239    3.590692    7.590692 ^ rstn_i (in)
                                                         rstn_i (net)
                      6.540239    0.000000    7.590692 ^ _304_/RN (gf180mcu_fd_sc_mcu7t5v0__dffrnq_1)
                                              7.590692   data arrival time

                      0.150000    0.000000    0.000000   clock clk_i (rise edge)
                                  0.000000    0.000000   clock network delay (ideal)
                                  0.250000    0.250000   clock uncertainty
                                  0.000000    0.250000   clock reconvergence pessimism
                                              0.250000 ^ _304_/CLK (gf180mcu_fd_sc_mcu7t5v0__dffrnq_1)
                                  1.058106    1.308106   library removal time
                                              1.308106   data required time
---------------------------------------------------------------------------------------------
                                              1.308106   data required time
                                             -7.590692   data arrival time
---------------------------------------------------------------------------------------------
                                              6.282585   slack (MET)


Startpoint: rstn_i (input port clocked by clk_i)
Endpoint: _305_ (removal check against rising-edge clock clk_i)
Path Group: asynchronous
Path Type: min

Fanout         Cap        Slew       Delay        Time   Description
---------------------------------------------------------------------------------------------
                      0.150000    0.000000    0.000000   clock clk_i (rise edge)
                                  0.000000    0.000000   clock network delay (ideal)
                                  4.000000    4.000000 ^ input external delay
    32    0.230256    6.540239    3.590692    7.590692 ^ rstn_i (in)
                                                         rstn_i (net)
                      6.540239    0.000000    7.590692 ^ _305_/RN (gf180mcu_fd_sc_mcu7t5v0__dffrnq_1)
                                              7.590692   data arrival time

                      0.150000    0.000000    0.000000   clock clk_i (rise edge)
                                  0.000000    0.000000   clock network delay (ideal)
                                  0.250000    0.250000   clock uncertainty
                                  0.000000    0.250000   clock reconvergence pessimism
                                              0.250000 ^ _305_/CLK (gf180mcu_fd_sc_mcu7t5v0__dffrnq_1)
                                  1.058106    1.308106   library removal time
                                              1.308106   data required time
---------------------------------------------------------------------------------------------
                                              1.308106   data required time
                                             -7.590692   data arrival time
---------------------------------------------------------------------------------------------
                                              6.282585   slack (MET)


Startpoint: rstn_i (input port clocked by clk_i)
Endpoint: _306_ (removal check against rising-edge clock clk_i)
Path Group: asynchronous
Path Type: min

Fanout         Cap        Slew       Delay        Time   Description
---------------------------------------------------------------------------------------------
                      0.150000    0.000000    0.000000   clock clk_i (rise edge)
                                  0.000000    0.000000   clock network delay (ideal)
                                  4.000000    4.000000 ^ input external delay
    32    0.230256    6.540239    3.590692    7.590692 ^ rstn_i (in)
                                                         rstn_i (net)
                      6.540239    0.000000    7.590692 ^ _306_/RN (gf180mcu_fd_sc_mcu7t5v0__dffrnq_1)
                                              7.590692   data arrival time

                      0.150000    0.000000    0.000000   clock clk_i (rise edge)
                                  0.000000    0.000000   clock network delay (ideal)
                                  0.250000    0.250000   clock uncertainty
                                  0.000000    0.250000   clock reconvergence pessimism
                                              0.250000 ^ _306_/CLK (gf180mcu_fd_sc_mcu7t5v0__dffrnq_1)
                                  1.058106    1.308106   library removal time
                                              1.308106   data required time
---------------------------------------------------------------------------------------------
                                              1.308106   data required time
                                             -7.590692   data arrival time
---------------------------------------------------------------------------------------------
                                              6.282585   slack (MET)


Startpoint: rstn_i (input port clocked by clk_i)
Endpoint: _307_ (removal check against rising-edge clock clk_i)
Path Group: asynchronous
Path Type: min

Fanout         Cap        Slew       Delay        Time   Description
---------------------------------------------------------------------------------------------
                      0.150000    0.000000    0.000000   clock clk_i (rise edge)
                                  0.000000    0.000000   clock network delay (ideal)
                                  4.000000    4.000000 ^ input external delay
    32    0.230256    6.540239    3.590692    7.590692 ^ rstn_i (in)
                                                         rstn_i (net)
                      6.540239    0.000000    7.590692 ^ _307_/RN (gf180mcu_fd_sc_mcu7t5v0__dffrnq_1)
                                              7.590692   data arrival time

                      0.150000    0.000000    0.000000   clock clk_i (rise edge)
                                  0.000000    0.000000   clock network delay (ideal)
                                  0.250000    0.250000   clock uncertainty
                                  0.000000    0.250000   clock reconvergence pessimism
                                              0.250000 ^ _307_/CLK (gf180mcu_fd_sc_mcu7t5v0__dffrnq_1)
                                  1.058106    1.308106   library removal time
                                              1.308106   data required time
---------------------------------------------------------------------------------------------
                                              1.308106   data required time
                                             -7.590692   data arrival time
---------------------------------------------------------------------------------------------
                                              6.282585   slack (MET)


Startpoint: rstn_i (input port clocked by clk_i)
Endpoint: _308_ (removal check against rising-edge clock clk_i)
Path Group: asynchronous
Path Type: min

Fanout         Cap        Slew       Delay        Time   Description
---------------------------------------------------------------------------------------------
                      0.150000    0.000000    0.000000   clock clk_i (rise edge)
                                  0.000000    0.000000   clock network delay (ideal)
                                  4.000000    4.000000 ^ input external delay
    32    0.230256    6.540239    3.590692    7.590692 ^ rstn_i (in)
                                                         rstn_i (net)
                      6.540239    0.000000    7.590692 ^ _308_/RN (gf180mcu_fd_sc_mcu7t5v0__dffrnq_1)
                                              7.590692   data arrival time

                      0.150000    0.000000    0.000000   clock clk_i (rise edge)
                                  0.000000    0.000000   clock network delay (ideal)
                                  0.250000    0.250000   clock uncertainty
                                  0.000000    0.250000   clock reconvergence pessimism
                                              0.250000 ^ _308_/CLK (gf180mcu_fd_sc_mcu7t5v0__dffrnq_1)
                                  1.058106    1.308106   library removal time
                                              1.308106   data required time
---------------------------------------------------------------------------------------------
                                              1.308106   data required time
                                             -7.590692   data arrival time
---------------------------------------------------------------------------------------------
                                              6.282585   slack (MET)


Startpoint: rstn_i (input port clocked by clk_i)
Endpoint: _309_ (removal check against rising-edge clock clk_i)
Path Group: asynchronous
Path Type: min

Fanout         Cap        Slew       Delay        Time   Description
---------------------------------------------------------------------------------------------
                      0.150000    0.000000    0.000000   clock clk_i (rise edge)
                                  0.000000    0.000000   clock network delay (ideal)
                                  4.000000    4.000000 ^ input external delay
    32    0.230256    6.540239    3.590692    7.590692 ^ rstn_i (in)
                                                         rstn_i (net)
                      6.540239    0.000000    7.590692 ^ _309_/RN (gf180mcu_fd_sc_mcu7t5v0__dffrnq_1)
                                              7.590692   data arrival time

                      0.150000    0.000000    0.000000   clock clk_i (rise edge)
                                  0.000000    0.000000   clock network delay (ideal)
                                  0.250000    0.250000   clock uncertainty
                                  0.000000    0.250000   clock reconvergence pessimism
                                              0.250000 ^ _309_/CLK (gf180mcu_fd_sc_mcu7t5v0__dffrnq_1)
                                  1.058106    1.308106   library removal time
                                              1.308106   data required time
---------------------------------------------------------------------------------------------
                                              1.308106   data required time
                                             -7.590692   data arrival time
---------------------------------------------------------------------------------------------
                                              6.282585   slack (MET)


Startpoint: _292_ (rising edge-triggered flip-flop clocked by clk_i)
Endpoint: tx_o (output port clocked by clk_i)
Path Group: clk_i
Path Type: min

Fanout         Cap        Slew       Delay        Time   Description
---------------------------------------------------------------------------------------------
                      0.150000    0.000000    0.000000   clock clk_i (rise edge)
                                  0.000000    0.000000   clock network delay (ideal)
                      0.150000    0.000000    0.000000 ^ _292_/CLK (gf180mcu_fd_sc_mcu7t5v0__dffrnq_1)
     3    0.014525    0.347203    1.396361    1.396361 v _292_/Q (gf180mcu_fd_sc_mcu7t5v0__dffrnq_1)
                                                         parity_bit (net)
                      0.347203    0.000000    1.396361 v _222_/A2 (gf180mcu_fd_sc_mcu7t5v0__nand2_1)
     1    0.004825    0.333429    0.299715    1.696076 ^ _222_/ZN (gf180mcu_fd_sc_mcu7t5v0__nand2_1)
                                                         _096_ (net)
                      0.333429    0.000000    1.696076 ^ _224_/B1 (gf180mcu_fd_sc_mcu7t5v0__aoi22_1)
     1    0.072910    2.054161    1.378127    3.074203 v _224_/ZN (gf180mcu_fd_sc_mcu7t5v0__aoi22_1)
                                                         tx_o (net)
                      2.054161    0.000000    3.074203 v tx_o (out)
                                              3.074203   data arrival time

                      0.150000    0.000000    0.000000   clock clk_i (rise edge)
                                  0.000000    0.000000   clock network delay (ideal)
                                  0.250000    0.250000   clock uncertainty
                                  0.000000    0.250000   clock reconvergence pessimism
                                 -4.000000   -3.750000   output external delay
                                             -3.750000   data required time
---------------------------------------------------------------------------------------------
                                             -3.750000   data required time
                                             -3.074203   data arrival time
---------------------------------------------------------------------------------------------
                                              6.824203   slack (MET)


Startpoint: rstn_i (input port clocked by clk_i)
Endpoint: _281_ (removal check against rising-edge clock clk_i)
Path Group: asynchronous
Path Type: min

Fanout         Cap        Slew       Delay        Time   Description
---------------------------------------------------------------------------------------------
                      0.150000    0.000000    0.000000   clock clk_i (rise edge)
                                  0.000000    0.000000   clock network delay (ideal)
                                  4.000000    4.000000 ^ input external delay
    32    0.230256    6.540239    3.590692    7.590692 ^ rstn_i (in)
                                                         rstn_i (net)
                      6.540239    0.000000    7.590692 ^ _281_/SETN (gf180mcu_fd_sc_mcu7t5v0__dffsnq_1)
                                              7.590692   data arrival time

                      0.150000    0.000000    0.000000   clock clk_i (rise edge)
                                  0.000000    0.000000   clock network delay (ideal)
                                  0.250000    0.250000   clock uncertainty
                                  0.000000    0.250000   clock reconvergence pessimism
                                              0.250000 ^ _281_/CLK (gf180mcu_fd_sc_mcu7t5v0__dffsnq_1)
                                 -0.085156    0.164844   library removal time
                                              0.164844   data required time
---------------------------------------------------------------------------------------------
                                              0.164844   data required time
                                             -7.590692   data arrival time
---------------------------------------------------------------------------------------------
                                              7.425848   slack (MET)


Startpoint: rstn_i (input port clocked by clk_i)
Endpoint: _282_ (removal check against rising-edge clock clk_i)
Path Group: asynchronous
Path Type: min

Fanout         Cap        Slew       Delay        Time   Description
---------------------------------------------------------------------------------------------
                      0.150000    0.000000    0.000000   clock clk_i (rise edge)
                                  0.000000    0.000000   clock network delay (ideal)
                                  4.000000    4.000000 ^ input external delay
    32    0.230256    6.540239    3.590692    7.590692 ^ rstn_i (in)
                                                         rstn_i (net)
                      6.540239    0.000000    7.590692 ^ _282_/SETN (gf180mcu_fd_sc_mcu7t5v0__dffsnq_1)
                                              7.590692   data arrival time

                      0.150000    0.000000    0.000000   clock clk_i (rise edge)
                                  0.000000    0.000000   clock network delay (ideal)
                                  0.250000    0.250000   clock uncertainty
                                  0.000000    0.250000   clock reconvergence pessimism
                                              0.250000 ^ _282_/CLK (gf180mcu_fd_sc_mcu7t5v0__dffsnq_1)
                                 -0.085156    0.164844   library removal time
                                              0.164844   data required time
---------------------------------------------------------------------------------------------
                                              0.164844   data required time
                                             -7.590692   data arrival time
---------------------------------------------------------------------------------------------
                                              7.425848   slack (MET)


Startpoint: rstn_i (input port clocked by clk_i)
Endpoint: _283_ (removal check against rising-edge clock clk_i)
Path Group: asynchronous
Path Type: min

Fanout         Cap        Slew       Delay        Time   Description
---------------------------------------------------------------------------------------------
                      0.150000    0.000000    0.000000   clock clk_i (rise edge)
                                  0.000000    0.000000   clock network delay (ideal)
                                  4.000000    4.000000 ^ input external delay
    32    0.230256    6.540239    3.590692    7.590692 ^ rstn_i (in)
                                                         rstn_i (net)
                      6.540239    0.000000    7.590692 ^ _283_/SETN (gf180mcu_fd_sc_mcu7t5v0__dffsnq_1)
                                              7.590692   data arrival time

                      0.150000    0.000000    0.000000   clock clk_i (rise edge)
                                  0.000000    0.000000   clock network delay (ideal)
                                  0.250000    0.250000   clock uncertainty
                                  0.000000    0.250000   clock reconvergence pessimism
                                              0.250000 ^ _283_/CLK (gf180mcu_fd_sc_mcu7t5v0__dffsnq_1)
                                 -0.085156    0.164844   library removal time
                                              0.164844   data required time
---------------------------------------------------------------------------------------------
                                              0.164844   data required time
                                             -7.590692   data arrival time
---------------------------------------------------------------------------------------------
                                              7.425848   slack (MET)


Startpoint: rstn_i (input port clocked by clk_i)
Endpoint: _284_ (removal check against rising-edge clock clk_i)
Path Group: asynchronous
Path Type: min

Fanout         Cap        Slew       Delay        Time   Description
---------------------------------------------------------------------------------------------
                      0.150000    0.000000    0.000000   clock clk_i (rise edge)
                                  0.000000    0.000000   clock network delay (ideal)
                                  4.000000    4.000000 ^ input external delay
    32    0.230256    6.540239    3.590692    7.590692 ^ rstn_i (in)
                                                         rstn_i (net)
                      6.540239    0.000000    7.590692 ^ _284_/SETN (gf180mcu_fd_sc_mcu7t5v0__dffsnq_1)
                                              7.590692   data arrival time

                      0.150000    0.000000    0.000000   clock clk_i (rise edge)
                                  0.000000    0.000000   clock network delay (ideal)
                                  0.250000    0.250000   clock uncertainty
                                  0.000000    0.250000   clock reconvergence pessimism
                                              0.250000 ^ _284_/CLK (gf180mcu_fd_sc_mcu7t5v0__dffsnq_1)
                                 -0.085156    0.164844   library removal time
                                              0.164844   data required time
---------------------------------------------------------------------------------------------
                                              0.164844   data required time
                                             -7.590692   data arrival time
---------------------------------------------------------------------------------------------
                                              7.425848   slack (MET)


Startpoint: rstn_i (input port clocked by clk_i)
Endpoint: _285_ (removal check against rising-edge clock clk_i)
Path Group: asynchronous
Path Type: min

Fanout         Cap        Slew       Delay        Time   Description
---------------------------------------------------------------------------------------------
                      0.150000    0.000000    0.000000   clock clk_i (rise edge)
                                  0.000000    0.000000   clock network delay (ideal)
                                  4.000000    4.000000 ^ input external delay
    32    0.230256    6.540239    3.590692    7.590692 ^ rstn_i (in)
                                                         rstn_i (net)
                      6.540239    0.000000    7.590692 ^ _285_/SETN (gf180mcu_fd_sc_mcu7t5v0__dffsnq_1)
                                              7.590692   data arrival time

                      0.150000    0.000000    0.000000   clock clk_i (rise edge)
                                  0.000000    0.000000   clock network delay (ideal)
                                  0.250000    0.250000   clock uncertainty
                                  0.000000    0.250000   clock reconvergence pessimism
                                              0.250000 ^ _285_/CLK (gf180mcu_fd_sc_mcu7t5v0__dffsnq_1)
                                 -0.085156    0.164844   library removal time
                                              0.164844   data required time
---------------------------------------------------------------------------------------------
                                              0.164844   data required time
                                             -7.590692   data arrival time
---------------------------------------------------------------------------------------------
                                              7.425848   slack (MET)


Startpoint: rstn_i (input port clocked by clk_i)
Endpoint: _286_ (removal check against rising-edge clock clk_i)
Path Group: asynchronous
Path Type: min

Fanout         Cap        Slew       Delay        Time   Description
---------------------------------------------------------------------------------------------
                      0.150000    0.000000    0.000000   clock clk_i (rise edge)
                                  0.000000    0.000000   clock network delay (ideal)
                                  4.000000    4.000000 ^ input external delay
    32    0.230256    6.540239    3.590692    7.590692 ^ rstn_i (in)
                                                         rstn_i (net)
                      6.540239    0.000000    7.590692 ^ _286_/SETN (gf180mcu_fd_sc_mcu7t5v0__dffsnq_1)
                                              7.590692   data arrival time

                      0.150000    0.000000    0.000000   clock clk_i (rise edge)
                                  0.000000    0.000000   clock network delay (ideal)
                                  0.250000    0.250000   clock uncertainty
                                  0.000000    0.250000   clock reconvergence pessimism
                                              0.250000 ^ _286_/CLK (gf180mcu_fd_sc_mcu7t5v0__dffsnq_1)
                                 -0.085156    0.164844   library removal time
                                              0.164844   data required time
---------------------------------------------------------------------------------------------
                                              0.164844   data required time
                                             -7.590692   data arrival time
---------------------------------------------------------------------------------------------
                                              7.425848   slack (MET)


Startpoint: rstn_i (input port clocked by clk_i)
Endpoint: _287_ (removal check against rising-edge clock clk_i)
Path Group: asynchronous
Path Type: min

Fanout         Cap        Slew       Delay        Time   Description
---------------------------------------------------------------------------------------------
                      0.150000    0.000000    0.000000   clock clk_i (rise edge)
                                  0.000000    0.000000   clock network delay (ideal)
                                  4.000000    4.000000 ^ input external delay
    32    0.230256    6.540239    3.590692    7.590692 ^ rstn_i (in)
                                                         rstn_i (net)
                      6.540239    0.000000    7.590692 ^ _287_/SETN (gf180mcu_fd_sc_mcu7t5v0__dffsnq_1)
                                              7.590692   data arrival time

                      0.150000    0.000000    0.000000   clock clk_i (rise edge)
                                  0.000000    0.000000   clock network delay (ideal)
                                  0.250000    0.250000   clock uncertainty
                                  0.000000    0.250000   clock reconvergence pessimism
                                              0.250000 ^ _287_/CLK (gf180mcu_fd_sc_mcu7t5v0__dffsnq_1)
                                 -0.085156    0.164844   library removal time
                                              0.164844   data required time
---------------------------------------------------------------------------------------------
                                              0.164844   data required time
                                             -7.590692   data arrival time
---------------------------------------------------------------------------------------------
                                              7.425848   slack (MET)


Startpoint: rstn_i (input port clocked by clk_i)
Endpoint: _288_ (removal check against rising-edge clock clk_i)
Path Group: asynchronous
Path Type: min

Fanout         Cap        Slew       Delay        Time   Description
---------------------------------------------------------------------------------------------
                      0.150000    0.000000    0.000000   clock clk_i (rise edge)
                                  0.000000    0.000000   clock network delay (ideal)
                                  4.000000    4.000000 ^ input external delay
    32    0.230256    6.540239    3.590692    7.590692 ^ rstn_i (in)
                                                         rstn_i (net)
                      6.540239    0.000000    7.590692 ^ _288_/SETN (gf180mcu_fd_sc_mcu7t5v0__dffsnq_1)
                                              7.590692   data arrival time

                      0.150000    0.000000    0.000000   clock clk_i (rise edge)
                                  0.000000    0.000000   clock network delay (ideal)
                                  0.250000    0.250000   clock uncertainty
                                  0.000000    0.250000   clock reconvergence pessimism
                                              0.250000 ^ _288_/CLK (gf180mcu_fd_sc_mcu7t5v0__dffsnq_1)
                                 -0.085156    0.164844   library removal time
                                              0.164844   data required time
---------------------------------------------------------------------------------------------
                                              0.164844   data required time
                                             -7.590692   data arrival time
---------------------------------------------------------------------------------------------
                                              7.425848   slack (MET)


Startpoint: _279_ (rising edge-triggered flip-flop clocked by clk_i)
Endpoint: busy_o (output port clocked by clk_i)
Path Group: clk_i
Path Type: min

Fanout         Cap        Slew       Delay        Time   Description
---------------------------------------------------------------------------------------------
                      0.150000    0.000000    0.000000   clock clk_i (rise edge)
                                  0.000000    0.000000   clock network delay (ideal)
                      0.150000    0.000000    0.000000 ^ _279_/CLK (gf180mcu_fd_sc_mcu7t5v0__dffrnq_1)
     7    0.030491    0.993056    2.110698    2.110698 ^ _279_/Q (gf180mcu_fd_sc_mcu7t5v0__dffrnq_1)
                                                         CS[1] (net)
                      0.993056    0.000000    2.110698 ^ _148_/A3 (gf180mcu_fd_sc_mcu7t5v0__nor3_1)
     6    0.026667    0.987757    0.848651    2.959350 v _148_/ZN (gf180mcu_fd_sc_mcu7t5v0__nor3_1)
                                                         _041_ (net)
                      0.987757    0.000000    2.959350 v _149_/I (gf180mcu_fd_sc_mcu7t5v0__clkinv_1)
     3    0.081734    2.369040    1.622511    4.581861 ^ _149_/ZN (gf180mcu_fd_sc_mcu7t5v0__clkinv_1)
                                                         busy_o (net)
                      2.369040    0.000000    4.581861 ^ busy_o (out)
                                              4.581861   data arrival time

                      0.150000    0.000000    0.000000   clock clk_i (rise edge)
                                  0.000000    0.000000   clock network delay (ideal)
                                  0.250000    0.250000   clock uncertainty
                                  0.000000    0.250000   clock reconvergence pessimism
                                 -4.000000   -3.750000   output external delay
                                             -3.750000   data required time
---------------------------------------------------------------------------------------------
                                             -3.750000   data required time
                                             -4.581861   data arrival time
---------------------------------------------------------------------------------------------
                                              8.331861   slack (MET)


Startpoint: cfg_en_i (input port clocked by clk_i)
Endpoint: tx_ready_o (output port clocked by clk_i)
Path Group: clk_i
Path Type: min

Fanout         Cap        Slew       Delay        Time   Description
---------------------------------------------------------------------------------------------
                      0.150000    0.000000    0.000000   clock clk_i (rise edge)
                                  0.000000    0.000000   clock network delay (ideal)
                                  4.000000    4.000000 v input external delay
     1    0.004310    0.120150    0.042313    4.042313 v cfg_en_i (in)
                                                         cfg_en_i (net)
                      0.120150    0.000000    4.042313 v _141_/I (gf180mcu_fd_sc_mcu7t5v0__clkinv_1)
     4    0.016536    0.544627    0.347401    4.389714 ^ _141_/ZN (gf180mcu_fd_sc_mcu7t5v0__clkinv_1)
                                                         _034_ (net)
                      0.544627    0.000000    4.389714 ^ _175_/A1 (gf180mcu_fd_sc_mcu7t5v0__nor2_1)
     1    0.072910    1.794139    1.210448    5.600162 v _175_/ZN (gf180mcu_fd_sc_mcu7t5v0__nor2_1)
                                                         tx_ready_o (net)
                      1.794139    0.000000    5.600162 v tx_ready_o (out)
                                              5.600162   data arrival time

                      0.150000    0.000000    0.000000   clock clk_i (rise edge)
                                  0.000000    0.000000   clock network delay (ideal)
                                  0.250000    0.250000   clock uncertainty
                                  0.000000    0.250000   clock reconvergence pessimism
                                 -4.000000   -3.750000   output external delay
                                             -3.750000   data required time
---------------------------------------------------------------------------------------------
                                             -3.750000   data required time
                                             -5.600162   data arrival time
---------------------------------------------------------------------------------------------
                                              9.350162   slack (MET)



