
===========================================================================
report_checks -path_delay min (Hold)
============================================================================
======================= nom_ss_125C_4v50 Corner ===================================

Startpoint: _377_ (rising edge-triggered flip-flop clocked by clk_i)
Endpoint: _377_ (rising edge-triggered flip-flop clocked by clk_i)
Path Group: clk_i
Path Type: min

Fanout         Cap        Slew       Delay        Time   Description
---------------------------------------------------------------------------------------------
                                  0.000000    0.000000   clock clk_i (rise edge)
                                  0.000000    0.000000   clock source latency
     1    0.034824    0.299442    0.141687    0.141687 ^ clk_i (in)
                                                         clk_i (net)
                      0.299445    0.000000    0.141687 ^ clkbuf_0_clk_i/I (gf180mcu_fd_sc_mcu7t5v0__clkbuf_16)
     4    0.099953    0.280058    0.525428    0.667115 ^ clkbuf_0_clk_i/Z (gf180mcu_fd_sc_mcu7t5v0__clkbuf_16)
                                                         clknet_0_clk_i (net)
                      0.280058    0.000349    0.667464 ^ clkbuf_2_2__f_clk_i/I (gf180mcu_fd_sc_mcu7t5v0__clkbuf_16)
    10    0.057746    0.216607    0.471241    1.138705 ^ clkbuf_2_2__f_clk_i/Z (gf180mcu_fd_sc_mcu7t5v0__clkbuf_16)
                                                         clknet_2_2__leaf_clk_i (net)
                      0.216608    0.000417    1.139122 ^ _377_/CLK (gf180mcu_fd_sc_mcu7t5v0__dffrnq_1)
     2    0.010646    0.282913    1.366581    2.505702 v _377_/Q (gf180mcu_fd_sc_mcu7t5v0__dffrnq_1)
                                                         _021_ (net)
                      0.282913    0.000204    2.505907 v _198_/I (gf180mcu_fd_sc_mcu7t5v0__clkinv_1)
     2    0.010919    0.384241    0.307565    2.813472 ^ _198_/ZN (gf180mcu_fd_sc_mcu7t5v0__clkinv_1)
                                                         _056_ (net)
                      0.384241    0.000185    2.813657 ^ _359_/A1 (gf180mcu_fd_sc_mcu7t5v0__oai21_1)
     1    0.003583    0.257108    0.213356    3.027013 v _359_/ZN (gf180mcu_fd_sc_mcu7t5v0__oai21_1)
                                                         _036_ (net)
                      0.257108    0.000036    3.027049 v _377_/D (gf180mcu_fd_sc_mcu7t5v0__dffrnq_1)
                                              3.027049   data arrival time

                                  0.000000    0.000000   clock clk_i (rise edge)
                                  0.000000    0.000000   clock source latency
     1    0.034824    0.299442    0.141687    0.141687 ^ clk_i (in)
                                                         clk_i (net)
                      0.299445    0.000000    0.141687 ^ clkbuf_0_clk_i/I (gf180mcu_fd_sc_mcu7t5v0__clkbuf_16)
     4    0.099953    0.280058    0.525428    0.667115 ^ clkbuf_0_clk_i/Z (gf180mcu_fd_sc_mcu7t5v0__clkbuf_16)
                                                         clknet_0_clk_i (net)
                      0.280058    0.000349    0.667464 ^ clkbuf_2_2__f_clk_i/I (gf180mcu_fd_sc_mcu7t5v0__clkbuf_16)
    10    0.057746    0.216607    0.471241    1.138705 ^ clkbuf_2_2__f_clk_i/Z (gf180mcu_fd_sc_mcu7t5v0__clkbuf_16)
                                                         clknet_2_2__leaf_clk_i (net)
                      0.216608    0.000417    1.139122 ^ _377_/CLK (gf180mcu_fd_sc_mcu7t5v0__dffrnq_1)
                                  0.250000    1.389122   clock uncertainty
                                  0.000000    1.389122   clock reconvergence pessimism
                                  0.213508    1.602630   library hold time
                                              1.602630   data required time
---------------------------------------------------------------------------------------------
                                              1.602630   data required time
                                             -3.027049   data arrival time
---------------------------------------------------------------------------------------------
                                              1.424418   slack (MET)


Startpoint: _378_ (rising edge-triggered flip-flop clocked by clk_i)
Endpoint: _378_ (rising edge-triggered flip-flop clocked by clk_i)
Path Group: clk_i
Path Type: min

Fanout         Cap        Slew       Delay        Time   Description
---------------------------------------------------------------------------------------------
                                  0.000000    0.000000   clock clk_i (rise edge)
                                  0.000000    0.000000   clock source latency
     1    0.034824    0.299442    0.141687    0.141687 ^ clk_i (in)
                                                         clk_i (net)
                      0.299445    0.000000    0.141687 ^ clkbuf_0_clk_i/I (gf180mcu_fd_sc_mcu7t5v0__clkbuf_16)
     4    0.099953    0.280058    0.525428    0.667115 ^ clkbuf_0_clk_i/Z (gf180mcu_fd_sc_mcu7t5v0__clkbuf_16)
                                                         clknet_0_clk_i (net)
                      0.280058    0.000349    0.667464 ^ clkbuf_2_2__f_clk_i/I (gf180mcu_fd_sc_mcu7t5v0__clkbuf_16)
    10    0.057746    0.216607    0.471241    1.138705 ^ clkbuf_2_2__f_clk_i/Z (gf180mcu_fd_sc_mcu7t5v0__clkbuf_16)
                                                         clknet_2_2__leaf_clk_i (net)
                      0.216608    0.000552    1.139257 ^ _378_/CLK (gf180mcu_fd_sc_mcu7t5v0__dffrnq_1)
     2    0.015879    0.355265    1.426187    2.565444 v _378_/Q (gf180mcu_fd_sc_mcu7t5v0__dffrnq_1)
                                                         parity_bit (net)
                      0.355265    0.000275    2.565719 v _361_/A1 (gf180mcu_fd_sc_mcu7t5v0__nand3_1)
     1    0.007312    0.433945    0.366624    2.932343 ^ _361_/ZN (gf180mcu_fd_sc_mcu7t5v0__nand3_1)
                                                         _179_ (net)
                      0.433945    0.000092    2.932435 ^ _362_/B (gf180mcu_fd_sc_mcu7t5v0__oai21_1)
     1    0.003779    0.252771    0.236235    3.168670 v _362_/ZN (gf180mcu_fd_sc_mcu7t5v0__oai21_1)
                                                         _037_ (net)
                      0.252771    0.000038    3.168708 v _378_/D (gf180mcu_fd_sc_mcu7t5v0__dffrnq_1)
                                              3.168708   data arrival time

                                  0.000000    0.000000   clock clk_i (rise edge)
                                  0.000000    0.000000   clock source latency
     1    0.034824    0.299442    0.141687    0.141687 ^ clk_i (in)
                                                         clk_i (net)
                      0.299445    0.000000    0.141687 ^ clkbuf_0_clk_i/I (gf180mcu_fd_sc_mcu7t5v0__clkbuf_16)
     4    0.099953    0.280058    0.525428    0.667115 ^ clkbuf_0_clk_i/Z (gf180mcu_fd_sc_mcu7t5v0__clkbuf_16)
                                                         clknet_0_clk_i (net)
                      0.280058    0.000349    0.667464 ^ clkbuf_2_2__f_clk_i/I (gf180mcu_fd_sc_mcu7t5v0__clkbuf_16)
    10    0.057746    0.216607    0.471241    1.138705 ^ clkbuf_2_2__f_clk_i/Z (gf180mcu_fd_sc_mcu7t5v0__clkbuf_16)
                                                         clknet_2_2__leaf_clk_i (net)
                      0.216608    0.000552    1.139257 ^ _378_/CLK (gf180mcu_fd_sc_mcu7t5v0__dffrnq_1)
                                  0.250000    1.389257   clock uncertainty
                                  0.000000    1.389257   clock reconvergence pessimism
                                  0.214457    1.603714   library hold time
                                              1.603714   data required time
---------------------------------------------------------------------------------------------
                                              1.603714   data required time
                                             -3.168708   data arrival time
---------------------------------------------------------------------------------------------
                                              1.564994   slack (MET)


Startpoint: _396_ (rising edge-triggered flip-flop clocked by clk_i)
Endpoint: _397_ (rising edge-triggered flip-flop clocked by clk_i)
Path Group: clk_i
Path Type: min

Fanout         Cap        Slew       Delay        Time   Description
---------------------------------------------------------------------------------------------
                                  0.000000    0.000000   clock clk_i (rise edge)
                                  0.000000    0.000000   clock source latency
     1    0.034824    0.299442    0.141687    0.141687 ^ clk_i (in)
                                                         clk_i (net)
                      0.299445    0.000000    0.141687 ^ clkbuf_0_clk_i/I (gf180mcu_fd_sc_mcu7t5v0__clkbuf_16)
     4    0.099953    0.280058    0.525428    0.667115 ^ clkbuf_0_clk_i/Z (gf180mcu_fd_sc_mcu7t5v0__clkbuf_16)
                                                         clknet_0_clk_i (net)
                      0.280059    0.001057    0.668173 ^ clkbuf_2_0__f_clk_i/I (gf180mcu_fd_sc_mcu7t5v0__clkbuf_16)
    10    0.055399    0.213004    0.468014    1.136186 ^ clkbuf_2_0__f_clk_i/Z (gf180mcu_fd_sc_mcu7t5v0__clkbuf_16)
                                                         clknet_2_0__leaf_clk_i (net)
                      0.213008    0.001725    1.137911 ^ _396_/CLK (gf180mcu_fd_sc_mcu7t5v0__dffsnq_1)
     1    0.003235    0.235038    1.393245    2.531156 ^ _396_/Q (gf180mcu_fd_sc_mcu7t5v0__dffsnq_1)
                                                         reg_rx_sync[0] (net)
                      0.235038    0.000032    2.531187 ^ _307_/A2 (gf180mcu_fd_sc_mcu7t5v0__or2_1)
     1    0.005040    0.254931    0.447035    2.978222 ^ _307_/Z (gf180mcu_fd_sc_mcu7t5v0__or2_1)
                                                         _018_ (net)
                      0.254931    0.000066    2.978289 ^ _397_/D (gf180mcu_fd_sc_mcu7t5v0__dffsnq_1)
                                              2.978289   data arrival time

                                  0.000000    0.000000   clock clk_i (rise edge)
                                  0.000000    0.000000   clock source latency
     1    0.034824    0.299442    0.141687    0.141687 ^ clk_i (in)
                                                         clk_i (net)
                      0.299445    0.000000    0.141687 ^ clkbuf_0_clk_i/I (gf180mcu_fd_sc_mcu7t5v0__clkbuf_16)
     4    0.099953    0.280058    0.525428    0.667115 ^ clkbuf_0_clk_i/Z (gf180mcu_fd_sc_mcu7t5v0__clkbuf_16)
                                                         clknet_0_clk_i (net)
                      0.280058    0.000349    0.667464 ^ clkbuf_2_2__f_clk_i/I (gf180mcu_fd_sc_mcu7t5v0__clkbuf_16)
    10    0.057746    0.216607    0.471241    1.138705 ^ clkbuf_2_2__f_clk_i/Z (gf180mcu_fd_sc_mcu7t5v0__clkbuf_16)
                                                         clknet_2_2__leaf_clk_i (net)
                      0.216608    0.000585    1.139290 ^ _397_/CLK (gf180mcu_fd_sc_mcu7t5v0__dffsnq_1)
                                  0.250000    1.389290   clock uncertainty
                                  0.000000    1.389290   clock reconvergence pessimism
                                 -0.075037    1.314254   library hold time
                                              1.314254   data required time
---------------------------------------------------------------------------------------------
                                              1.314254   data required time
                                             -2.978289   data arrival time
---------------------------------------------------------------------------------------------
                                              1.664035   slack (MET)


Startpoint: _383_ (rising edge-triggered flip-flop clocked by clk_i)
Endpoint: _384_ (rising edge-triggered flip-flop clocked by clk_i)
Path Group: clk_i
Path Type: min

Fanout         Cap        Slew       Delay        Time   Description
---------------------------------------------------------------------------------------------
                                  0.000000    0.000000   clock clk_i (rise edge)
                                  0.000000    0.000000   clock source latency
     1    0.034824    0.299442    0.141687    0.141687 ^ clk_i (in)
                                                         clk_i (net)
                      0.299445    0.000000    0.141687 ^ clkbuf_0_clk_i/I (gf180mcu_fd_sc_mcu7t5v0__clkbuf_16)
     4    0.099953    0.280058    0.525428    0.667115 ^ clkbuf_0_clk_i/Z (gf180mcu_fd_sc_mcu7t5v0__clkbuf_16)
                                                         clknet_0_clk_i (net)
                      0.280059    0.001057    0.668173 ^ clkbuf_2_0__f_clk_i/I (gf180mcu_fd_sc_mcu7t5v0__clkbuf_16)
    10    0.055399    0.213004    0.468014    1.136186 ^ clkbuf_2_0__f_clk_i/Z (gf180mcu_fd_sc_mcu7t5v0__clkbuf_16)
                                                         clknet_2_0__leaf_clk_i (net)
                      0.213013    0.002388    1.138574 ^ _383_/CLK (gf180mcu_fd_sc_mcu7t5v0__dffrnq_1)
     3    0.014431    0.345752    1.409076    2.547650 v _383_/Q (gf180mcu_fd_sc_mcu7t5v0__dffrnq_1)
                                                         baud_cnt[4] (net)
                      0.345752    0.000096    2.547746 v _273_/A1 (gf180mcu_fd_sc_mcu7t5v0__aoi21_1)
     1    0.004809    0.484775    0.381272    2.929018 ^ _273_/ZN (gf180mcu_fd_sc_mcu7t5v0__aoi21_1)
                                                         _120_ (net)
                      0.484775    0.000049    2.929067 ^ _274_/A3 (gf180mcu_fd_sc_mcu7t5v0__nor3_1)
     1    0.004654    0.387286    0.346139    3.275206 v _274_/ZN (gf180mcu_fd_sc_mcu7t5v0__nor3_1)
                                                         _011_ (net)
                      0.387286    0.000093    3.275299 v _384_/D (gf180mcu_fd_sc_mcu7t5v0__dffrnq_1)
                                              3.275299   data arrival time

                                  0.000000    0.000000   clock clk_i (rise edge)
                                  0.000000    0.000000   clock source latency
     1    0.034824    0.299442    0.141687    0.141687 ^ clk_i (in)
                                                         clk_i (net)
                      0.299445    0.000000    0.141687 ^ clkbuf_0_clk_i/I (gf180mcu_fd_sc_mcu7t5v0__clkbuf_16)
     4    0.099953    0.280058    0.525428    0.667115 ^ clkbuf_0_clk_i/Z (gf180mcu_fd_sc_mcu7t5v0__clkbuf_16)
                                                         clknet_0_clk_i (net)
                      0.280059    0.001057    0.668173 ^ clkbuf_2_0__f_clk_i/I (gf180mcu_fd_sc_mcu7t5v0__clkbuf_16)
    10    0.055399    0.213004    0.468014    1.136186 ^ clkbuf_2_0__f_clk_i/Z (gf180mcu_fd_sc_mcu7t5v0__clkbuf_16)
                                                         clknet_2_0__leaf_clk_i (net)
                      0.213007    0.001480    1.137667 ^ _384_/CLK (gf180mcu_fd_sc_mcu7t5v0__dffrnq_1)
                                  0.250000    1.387667   clock uncertainty
                                  0.000000    1.387667   clock reconvergence pessimism
                                  0.184268    1.571934   library hold time
                                              1.571934   data required time
---------------------------------------------------------------------------------------------
                                              1.571934   data required time
                                             -3.275299   data arrival time
---------------------------------------------------------------------------------------------
                                              1.703364   slack (MET)


Startpoint: _376_ (rising edge-triggered flip-flop clocked by clk_i)
Endpoint: _376_ (rising edge-triggered flip-flop clocked by clk_i)
Path Group: clk_i
Path Type: min

Fanout         Cap        Slew       Delay        Time   Description
---------------------------------------------------------------------------------------------
                                  0.000000    0.000000   clock clk_i (rise edge)
                                  0.000000    0.000000   clock source latency
     1    0.034824    0.299442    0.141687    0.141687 ^ clk_i (in)
                                                         clk_i (net)
                      0.299445    0.000000    0.141687 ^ clkbuf_0_clk_i/I (gf180mcu_fd_sc_mcu7t5v0__clkbuf_16)
     4    0.099953    0.280058    0.525428    0.667115 ^ clkbuf_0_clk_i/Z (gf180mcu_fd_sc_mcu7t5v0__clkbuf_16)
                                                         clknet_0_clk_i (net)
                      0.280059    0.001058    0.668174 ^ clkbuf_2_1__f_clk_i/I (gf180mcu_fd_sc_mcu7t5v0__clkbuf_16)
    10    0.060228    0.220271    0.473897    1.142071 ^ clkbuf_2_1__f_clk_i/Z (gf180mcu_fd_sc_mcu7t5v0__clkbuf_16)
                                                         clknet_2_1__leaf_clk_i (net)
                      0.220271    0.000089    1.142160 ^ _376_/CLK (gf180mcu_fd_sc_mcu7t5v0__dffrnq_1)
     4    0.024383    0.477152    1.518366    2.660526 v _376_/Q (gf180mcu_fd_sc_mcu7t5v0__dffrnq_1)
                                                         _020_ (net)
                      0.477152    0.000147    2.660674 v _356_/B (gf180mcu_fd_sc_mcu7t5v0__aoi21_1)
     1    0.004773    0.462930    0.409001    3.069674 ^ _356_/ZN (gf180mcu_fd_sc_mcu7t5v0__aoi21_1)
                                                         _176_ (net)
                      0.462930    0.000048    3.069723 ^ _357_/A2 (gf180mcu_fd_sc_mcu7t5v0__nor2_1)
     1    0.005291    0.309059    0.277009    3.346732 v _357_/ZN (gf180mcu_fd_sc_mcu7t5v0__nor2_1)
                                                         _035_ (net)
                      0.309059    0.000111    3.346843 v _376_/D (gf180mcu_fd_sc_mcu7t5v0__dffrnq_1)
                                              3.346843   data arrival time

                                  0.000000    0.000000   clock clk_i (rise edge)
                                  0.000000    0.000000   clock source latency
     1    0.034824    0.299442    0.141687    0.141687 ^ clk_i (in)
                                                         clk_i (net)
                      0.299445    0.000000    0.141687 ^ clkbuf_0_clk_i/I (gf180mcu_fd_sc_mcu7t5v0__clkbuf_16)
     4    0.099953    0.280058    0.525428    0.667115 ^ clkbuf_0_clk_i/Z (gf180mcu_fd_sc_mcu7t5v0__clkbuf_16)
                                                         clknet_0_clk_i (net)
                      0.280059    0.001058    0.668174 ^ clkbuf_2_1__f_clk_i/I (gf180mcu_fd_sc_mcu7t5v0__clkbuf_16)
    10    0.060228    0.220271    0.473897    1.142071 ^ clkbuf_2_1__f_clk_i/Z (gf180mcu_fd_sc_mcu7t5v0__clkbuf_16)
                                                         clknet_2_1__leaf_clk_i (net)
                      0.220271    0.000089    1.142160 ^ _376_/CLK (gf180mcu_fd_sc_mcu7t5v0__dffrnq_1)
                                  0.250000    1.392160   clock uncertainty
                                  0.000000    1.392160   clock reconvergence pessimism
                                  0.202908    1.595068   library hold time
                                              1.595068   data required time
---------------------------------------------------------------------------------------------
                                              1.595068   data required time
                                             -3.346843   data arrival time
---------------------------------------------------------------------------------------------
                                              1.751776   slack (MET)


Startpoint: _374_ (rising edge-triggered flip-flop clocked by clk_i)
Endpoint: _374_ (rising edge-triggered flip-flop clocked by clk_i)
Path Group: clk_i
Path Type: min

Fanout         Cap        Slew       Delay        Time   Description
---------------------------------------------------------------------------------------------
                                  0.000000    0.000000   clock clk_i (rise edge)
                                  0.000000    0.000000   clock source latency
     1    0.034824    0.299442    0.141687    0.141687 ^ clk_i (in)
                                                         clk_i (net)
                      0.299445    0.000000    0.141687 ^ clkbuf_0_clk_i/I (gf180mcu_fd_sc_mcu7t5v0__clkbuf_16)
     4    0.099953    0.280058    0.525428    0.667115 ^ clkbuf_0_clk_i/Z (gf180mcu_fd_sc_mcu7t5v0__clkbuf_16)
                                                         clknet_0_clk_i (net)
                      0.280058    0.000349    0.667464 ^ clkbuf_2_2__f_clk_i/I (gf180mcu_fd_sc_mcu7t5v0__clkbuf_16)
    10    0.057746    0.216607    0.471241    1.138705 ^ clkbuf_2_2__f_clk_i/Z (gf180mcu_fd_sc_mcu7t5v0__clkbuf_16)
                                                         clknet_2_2__leaf_clk_i (net)
                      0.216608    0.000585    1.139290 ^ _374_/CLK (gf180mcu_fd_sc_mcu7t5v0__dffsnq_1)
     3    0.014387    0.360474    1.564259    2.703549 v _374_/Q (gf180mcu_fd_sc_mcu7t5v0__dffsnq_1)
                                                         net35 (net)
                      0.360474    0.000249    2.703798 v _350_/A1 (gf180mcu_fd_sc_mcu7t5v0__nand2_1)
     1    0.005364    0.296555    0.278146    2.981944 ^ _350_/ZN (gf180mcu_fd_sc_mcu7t5v0__nand2_1)
                                                         _172_ (net)
                      0.296555    0.000101    2.982045 ^ _351_/B (gf180mcu_fd_sc_mcu7t5v0__oai21_1)
     1    0.003537    0.216024    0.219584    3.201629 v _351_/ZN (gf180mcu_fd_sc_mcu7t5v0__oai21_1)
                                                         _033_ (net)
                      0.216024    0.000038    3.201668 v _374_/D (gf180mcu_fd_sc_mcu7t5v0__dffsnq_1)
                                              3.201668   data arrival time

                                  0.000000    0.000000   clock clk_i (rise edge)
                                  0.000000    0.000000   clock source latency
     1    0.034824    0.299442    0.141687    0.141687 ^ clk_i (in)
                                                         clk_i (net)
                      0.299445    0.000000    0.141687 ^ clkbuf_0_clk_i/I (gf180mcu_fd_sc_mcu7t5v0__clkbuf_16)
     4    0.099953    0.280058    0.525428    0.667115 ^ clkbuf_0_clk_i/Z (gf180mcu_fd_sc_mcu7t5v0__clkbuf_16)
                                                         clknet_0_clk_i (net)
                      0.280058    0.000349    0.667464 ^ clkbuf_2_2__f_clk_i/I (gf180mcu_fd_sc_mcu7t5v0__clkbuf_16)
    10    0.057746    0.216607    0.471241    1.138705 ^ clkbuf_2_2__f_clk_i/Z (gf180mcu_fd_sc_mcu7t5v0__clkbuf_16)
                                                         clknet_2_2__leaf_clk_i (net)
                      0.216608    0.000585    1.139290 ^ _374_/CLK (gf180mcu_fd_sc_mcu7t5v0__dffsnq_1)
                                  0.250000    1.389290   clock uncertainty
                                  0.000000    1.389290   clock reconvergence pessimism
                                  0.051076    1.440366   library hold time
                                              1.440366   data required time
---------------------------------------------------------------------------------------------
                                              1.440366   data required time
                                             -3.201668   data arrival time
---------------------------------------------------------------------------------------------
                                              1.761301   slack (MET)


Startpoint: _363_ (rising edge-triggered flip-flop clocked by clk_i)
Endpoint: _363_ (rising edge-triggered flip-flop clocked by clk_i)
Path Group: clk_i
Path Type: min

Fanout         Cap        Slew       Delay        Time   Description
---------------------------------------------------------------------------------------------
                                  0.000000    0.000000   clock clk_i (rise edge)
                                  0.000000    0.000000   clock source latency
     1    0.034824    0.299442    0.141687    0.141687 ^ clk_i (in)
                                                         clk_i (net)
                      0.299445    0.000000    0.141687 ^ clkbuf_0_clk_i/I (gf180mcu_fd_sc_mcu7t5v0__clkbuf_16)
     4    0.099953    0.280058    0.525428    0.667115 ^ clkbuf_0_clk_i/Z (gf180mcu_fd_sc_mcu7t5v0__clkbuf_16)
                                                         clknet_0_clk_i (net)
                      0.280058    0.000349    0.667464 ^ clkbuf_2_2__f_clk_i/I (gf180mcu_fd_sc_mcu7t5v0__clkbuf_16)
    10    0.057746    0.216607    0.471241    1.138705 ^ clkbuf_2_2__f_clk_i/Z (gf180mcu_fd_sc_mcu7t5v0__clkbuf_16)
                                                         clknet_2_2__leaf_clk_i (net)
                      0.216609    0.000775    1.139480 ^ _363_/CLK (gf180mcu_fd_sc_mcu7t5v0__dffrnq_1)
     4    0.022713    0.453151    1.500560    2.640041 v _363_/Q (gf180mcu_fd_sc_mcu7t5v0__dffrnq_1)
                                                         r_error_parity (net)
                      0.453151    0.000448    2.640489 v _312_/A1 (gf180mcu_fd_sc_mcu7t5v0__oai21_1)
     1    0.006534    0.625674    0.488283    3.128772 ^ _312_/ZN (gf180mcu_fd_sc_mcu7t5v0__oai21_1)
                                                         _145_ (net)
                      0.625674    0.000085    3.128857 ^ _313_/I (gf180mcu_fd_sc_mcu7t5v0__clkinv_1)
     1    0.003789    0.272814    0.233038    3.361895 v _313_/ZN (gf180mcu_fd_sc_mcu7t5v0__clkinv_1)
                                                         _022_ (net)
                      0.272814    0.000071    3.361965 v _363_/D (gf180mcu_fd_sc_mcu7t5v0__dffrnq_1)
                                              3.361965   data arrival time

                                  0.000000    0.000000   clock clk_i (rise edge)
                                  0.000000    0.000000   clock source latency
     1    0.034824    0.299442    0.141687    0.141687 ^ clk_i (in)
                                                         clk_i (net)
                      0.299445    0.000000    0.141687 ^ clkbuf_0_clk_i/I (gf180mcu_fd_sc_mcu7t5v0__clkbuf_16)
     4    0.099953    0.280058    0.525428    0.667115 ^ clkbuf_0_clk_i/Z (gf180mcu_fd_sc_mcu7t5v0__clkbuf_16)
                                                         clknet_0_clk_i (net)
                      0.280058    0.000349    0.667464 ^ clkbuf_2_2__f_clk_i/I (gf180mcu_fd_sc_mcu7t5v0__clkbuf_16)
    10    0.057746    0.216607    0.471241    1.138705 ^ clkbuf_2_2__f_clk_i/Z (gf180mcu_fd_sc_mcu7t5v0__clkbuf_16)
                                                         clknet_2_2__leaf_clk_i (net)
                      0.216609    0.000775    1.139480 ^ _363_/CLK (gf180mcu_fd_sc_mcu7t5v0__dffrnq_1)
                                  0.250000    1.389480   clock uncertainty
                                  0.000000    1.389480   clock reconvergence pessimism
                                  0.210074    1.599554   library hold time
                                              1.599554   data required time
---------------------------------------------------------------------------------------------
                                              1.599554   data required time
                                             -3.361965   data arrival time
---------------------------------------------------------------------------------------------
                                              1.762411   slack (MET)


Startpoint: _397_ (rising edge-triggered flip-flop clocked by clk_i)
Endpoint: _398_ (rising edge-triggered flip-flop clocked by clk_i)
Path Group: clk_i
Path Type: min

Fanout         Cap        Slew       Delay        Time   Description
---------------------------------------------------------------------------------------------
                                  0.000000    0.000000   clock clk_i (rise edge)
                                  0.000000    0.000000   clock source latency
     1    0.034824    0.299442    0.141687    0.141687 ^ clk_i (in)
                                                         clk_i (net)
                      0.299445    0.000000    0.141687 ^ clkbuf_0_clk_i/I (gf180mcu_fd_sc_mcu7t5v0__clkbuf_16)
     4    0.099953    0.280058    0.525428    0.667115 ^ clkbuf_0_clk_i/Z (gf180mcu_fd_sc_mcu7t5v0__clkbuf_16)
                                                         clknet_0_clk_i (net)
                      0.280058    0.000349    0.667464 ^ clkbuf_2_2__f_clk_i/I (gf180mcu_fd_sc_mcu7t5v0__clkbuf_16)
    10    0.057746    0.216607    0.471241    1.138705 ^ clkbuf_2_2__f_clk_i/Z (gf180mcu_fd_sc_mcu7t5v0__clkbuf_16)
                                                         clknet_2_2__leaf_clk_i (net)
                      0.216608    0.000585    1.139290 ^ _397_/CLK (gf180mcu_fd_sc_mcu7t5v0__dffsnq_1)
     2    0.012834    0.338812    1.545762    2.685053 v _397_/Q (gf180mcu_fd_sc_mcu7t5v0__dffsnq_1)
                                                         reg_rx_sync[1] (net)
                      0.338812    0.000232    2.685284 v _183_/I (gf180mcu_fd_sc_mcu7t5v0__clkinv_1)
     2    0.012008    0.420783    0.341280    3.026564 ^ _183_/ZN (gf180mcu_fd_sc_mcu7t5v0__clkinv_1)
                                                         _041_ (net)
                      0.420783    0.000202    3.026766 ^ _308_/A1 (gf180mcu_fd_sc_mcu7t5v0__nand2_1)
     1    0.003410    0.245677    0.198560    3.225326 v _308_/ZN (gf180mcu_fd_sc_mcu7t5v0__nand2_1)
                                                         _019_ (net)
                      0.245677    0.000034    3.225359 v _398_/D (gf180mcu_fd_sc_mcu7t5v0__dffsnq_1)
                                              3.225359   data arrival time

                                  0.000000    0.000000   clock clk_i (rise edge)
                                  0.000000    0.000000   clock source latency
     1    0.034824    0.299442    0.141687    0.141687 ^ clk_i (in)
                                                         clk_i (net)
                      0.299445    0.000000    0.141687 ^ clkbuf_0_clk_i/I (gf180mcu_fd_sc_mcu7t5v0__clkbuf_16)
     4    0.099953    0.280058    0.525428    0.667115 ^ clkbuf_0_clk_i/Z (gf180mcu_fd_sc_mcu7t5v0__clkbuf_16)
                                                         clknet_0_clk_i (net)
                      0.280058    0.000349    0.667464 ^ clkbuf_2_2__f_clk_i/I (gf180mcu_fd_sc_mcu7t5v0__clkbuf_16)
    10    0.057746    0.216607    0.471241    1.138705 ^ clkbuf_2_2__f_clk_i/Z (gf180mcu_fd_sc_mcu7t5v0__clkbuf_16)
                                                         clknet_2_2__leaf_clk_i (net)
                      0.216608    0.000578    1.139283 ^ _398_/CLK (gf180mcu_fd_sc_mcu7t5v0__dffsnq_1)
                                  0.250000    1.389283   clock uncertainty
                                  0.000000    1.389283   clock reconvergence pessimism
                                  0.041947    1.431230   library hold time
                                              1.431230   data required time
---------------------------------------------------------------------------------------------
                                              1.431230   data required time
                                             -3.225359   data arrival time
---------------------------------------------------------------------------------------------
                                              1.794130   slack (MET)


Startpoint: _367_ (rising edge-triggered flip-flop clocked by clk_i)
Endpoint: _367_ (rising edge-triggered flip-flop clocked by clk_i)
Path Group: clk_i
Path Type: min

Fanout         Cap        Slew       Delay        Time   Description
---------------------------------------------------------------------------------------------
                                  0.000000    0.000000   clock clk_i (rise edge)
                                  0.000000    0.000000   clock source latency
     1    0.034824    0.299442    0.141687    0.141687 ^ clk_i (in)
                                                         clk_i (net)
                      0.299445    0.000000    0.141687 ^ clkbuf_0_clk_i/I (gf180mcu_fd_sc_mcu7t5v0__clkbuf_16)
     4    0.099953    0.280058    0.525428    0.667115 ^ clkbuf_0_clk_i/Z (gf180mcu_fd_sc_mcu7t5v0__clkbuf_16)
                                                         clknet_0_clk_i (net)
                      0.280058    0.000704    0.667819 ^ clkbuf_2_3__f_clk_i/I (gf180mcu_fd_sc_mcu7t5v0__clkbuf_16)
     9    0.050755    0.206101    0.462870    1.130689 ^ clkbuf_2_3__f_clk_i/Z (gf180mcu_fd_sc_mcu7t5v0__clkbuf_16)
                                                         clknet_2_3__leaf_clk_i (net)
                      0.206102    0.000970    1.131659 ^ _367_/CLK (gf180mcu_fd_sc_mcu7t5v0__dffsnq_1)
     2    0.009601    0.390140    1.500038    2.631697 ^ _367_/Q (gf180mcu_fd_sc_mcu7t5v0__dffsnq_1)
                                                         net28 (net)
                      0.390140    0.000179    2.631876 ^ _333_/I1 (gf180mcu_fd_sc_mcu7t5v0__mux2_2)
     1    0.003922    0.170834    0.497315    3.129191 ^ _333_/Z (gf180mcu_fd_sc_mcu7t5v0__mux2_2)
                                                         _026_ (net)
                      0.170834    0.000078    3.129269 ^ _367_/D (gf180mcu_fd_sc_mcu7t5v0__dffsnq_1)
                                              3.129269   data arrival time

                                  0.000000    0.000000   clock clk_i (rise edge)
                                  0.000000    0.000000   clock source latency
     1    0.034824    0.299442    0.141687    0.141687 ^ clk_i (in)
                                                         clk_i (net)
                      0.299445    0.000000    0.141687 ^ clkbuf_0_clk_i/I (gf180mcu_fd_sc_mcu7t5v0__clkbuf_16)
     4    0.099953    0.280058    0.525428    0.667115 ^ clkbuf_0_clk_i/Z (gf180mcu_fd_sc_mcu7t5v0__clkbuf_16)
                                                         clknet_0_clk_i (net)
                      0.280058    0.000704    0.667819 ^ clkbuf_2_3__f_clk_i/I (gf180mcu_fd_sc_mcu7t5v0__clkbuf_16)
     9    0.050755    0.206101    0.462870    1.130689 ^ clkbuf_2_3__f_clk_i/Z (gf180mcu_fd_sc_mcu7t5v0__clkbuf_16)
                                                         clknet_2_3__leaf_clk_i (net)
                      0.206102    0.000970    1.131659 ^ _367_/CLK (gf180mcu_fd_sc_mcu7t5v0__dffsnq_1)
                                  0.250000    1.381659   clock uncertainty
                                  0.000000    1.381659   clock reconvergence pessimism
                                 -0.060972    1.320687   library hold time
                                              1.320687   data required time
---------------------------------------------------------------------------------------------
                                              1.320687   data required time
                                             -3.129269   data arrival time
---------------------------------------------------------------------------------------------
                                              1.808583   slack (MET)


Startpoint: _373_ (rising edge-triggered flip-flop clocked by clk_i)
Endpoint: _373_ (rising edge-triggered flip-flop clocked by clk_i)
Path Group: clk_i
Path Type: min

Fanout         Cap        Slew       Delay        Time   Description
---------------------------------------------------------------------------------------------
                                  0.000000    0.000000   clock clk_i (rise edge)
                                  0.000000    0.000000   clock source latency
     1    0.034824    0.299442    0.141687    0.141687 ^ clk_i (in)
                                                         clk_i (net)
                      0.299445    0.000000    0.141687 ^ clkbuf_0_clk_i/I (gf180mcu_fd_sc_mcu7t5v0__clkbuf_16)
     4    0.099953    0.280058    0.525428    0.667115 ^ clkbuf_0_clk_i/Z (gf180mcu_fd_sc_mcu7t5v0__clkbuf_16)
                                                         clknet_0_clk_i (net)
                      0.280058    0.000704    0.667819 ^ clkbuf_2_3__f_clk_i/I (gf180mcu_fd_sc_mcu7t5v0__clkbuf_16)
     9    0.050755    0.206101    0.462870    1.130689 ^ clkbuf_2_3__f_clk_i/Z (gf180mcu_fd_sc_mcu7t5v0__clkbuf_16)
                                                         clknet_2_3__leaf_clk_i (net)
                      0.206101    0.000577    1.131266 ^ _373_/CLK (gf180mcu_fd_sc_mcu7t5v0__dffsnq_1)
     3    0.018441    0.417176    1.610294    2.741560 v _373_/Q (gf180mcu_fd_sc_mcu7t5v0__dffsnq_1)
                                                         net34 (net)
                      0.417176    0.000289    2.741849 v _347_/A1 (gf180mcu_fd_sc_mcu7t5v0__nand2_1)
     1    0.005314    0.310501    0.293473    3.035322 ^ _347_/ZN (gf180mcu_fd_sc_mcu7t5v0__nand2_1)
                                                         _170_ (net)
                      0.310501    0.000053    3.035375 ^ _348_/B (gf180mcu_fd_sc_mcu7t5v0__oai21_1)
     1    0.003459    0.218138    0.219848    3.255223 v _348_/ZN (gf180mcu_fd_sc_mcu7t5v0__oai21_1)
                                                         _032_ (net)
                      0.218138    0.000065    3.255288 v _373_/D (gf180mcu_fd_sc_mcu7t5v0__dffsnq_1)
                                              3.255288   data arrival time

                                  0.000000    0.000000   clock clk_i (rise edge)
                                  0.000000    0.000000   clock source latency
     1    0.034824    0.299442    0.141687    0.141687 ^ clk_i (in)
                                                         clk_i (net)
                      0.299445    0.000000    0.141687 ^ clkbuf_0_clk_i/I (gf180mcu_fd_sc_mcu7t5v0__clkbuf_16)
     4    0.099953    0.280058    0.525428    0.667115 ^ clkbuf_0_clk_i/Z (gf180mcu_fd_sc_mcu7t5v0__clkbuf_16)
                                                         clknet_0_clk_i (net)
                      0.280058    0.000704    0.667819 ^ clkbuf_2_3__f_clk_i/I (gf180mcu_fd_sc_mcu7t5v0__clkbuf_16)
     9    0.050755    0.206101    0.462870    1.130689 ^ clkbuf_2_3__f_clk_i/Z (gf180mcu_fd_sc_mcu7t5v0__clkbuf_16)
                                                         clknet_2_3__leaf_clk_i (net)
                      0.206101    0.000577    1.131266 ^ _373_/CLK (gf180mcu_fd_sc_mcu7t5v0__dffsnq_1)
                                  0.250000    1.381266   clock uncertainty
                                  0.000000    1.381266   clock reconvergence pessimism
                                  0.048150    1.429416   library hold time
                                              1.429416   data required time
---------------------------------------------------------------------------------------------
                                              1.429416   data required time
                                             -3.255288   data arrival time
---------------------------------------------------------------------------------------------
                                              1.825872   slack (MET)


Startpoint: _392_ (rising edge-triggered flip-flop clocked by clk_i)
Endpoint: _392_ (rising edge-triggered flip-flop clocked by clk_i)
Path Group: clk_i
Path Type: min

Fanout         Cap        Slew       Delay        Time   Description
---------------------------------------------------------------------------------------------
                                  0.000000    0.000000   clock clk_i (rise edge)
                                  0.000000    0.000000   clock source latency
     1    0.034824    0.299442    0.141687    0.141687 ^ clk_i (in)
                                                         clk_i (net)
                      0.299445    0.000000    0.141687 ^ clkbuf_0_clk_i/I (gf180mcu_fd_sc_mcu7t5v0__clkbuf_16)
     4    0.099953    0.280058    0.525428    0.667115 ^ clkbuf_0_clk_i/Z (gf180mcu_fd_sc_mcu7t5v0__clkbuf_16)
                                                         clknet_0_clk_i (net)
                      0.280059    0.001058    0.668174 ^ clkbuf_2_1__f_clk_i/I (gf180mcu_fd_sc_mcu7t5v0__clkbuf_16)
    10    0.060228    0.220271    0.473897    1.142071 ^ clkbuf_2_1__f_clk_i/Z (gf180mcu_fd_sc_mcu7t5v0__clkbuf_16)
                                                         clknet_2_1__leaf_clk_i (net)
                      0.220276    0.001927    1.143998 ^ _392_/CLK (gf180mcu_fd_sc_mcu7t5v0__dffrnq_1)
     4    0.029348    0.549131    1.568631    2.712629 v _392_/Q (gf180mcu_fd_sc_mcu7t5v0__dffrnq_1)
                                                         baud_cnt[13] (net)
                      0.549131    0.000449    2.713078 v _297_/B (gf180mcu_fd_sc_mcu7t5v0__aoi21_1)
     1    0.004644    0.466186    0.421059    3.134137 ^ _297_/ZN (gf180mcu_fd_sc_mcu7t5v0__aoi21_1)
                                                         _136_ (net)
                      0.466186    0.000047    3.134184 ^ _300_/A2 (gf180mcu_fd_sc_mcu7t5v0__nor3_1)
     1    0.003839    0.329705    0.304965    3.439149 v _300_/ZN (gf180mcu_fd_sc_mcu7t5v0__nor3_1)
                                                         _004_ (net)
                      0.329705    0.000039    3.439188 v _392_/D (gf180mcu_fd_sc_mcu7t5v0__dffrnq_1)
                                              3.439188   data arrival time

                                  0.000000    0.000000   clock clk_i (rise edge)
                                  0.000000    0.000000   clock source latency
     1    0.034824    0.299442    0.141687    0.141687 ^ clk_i (in)
                                                         clk_i (net)
                      0.299445    0.000000    0.141687 ^ clkbuf_0_clk_i/I (gf180mcu_fd_sc_mcu7t5v0__clkbuf_16)
     4    0.099953    0.280058    0.525428    0.667115 ^ clkbuf_0_clk_i/Z (gf180mcu_fd_sc_mcu7t5v0__clkbuf_16)
                                                         clknet_0_clk_i (net)
                      0.280059    0.001058    0.668174 ^ clkbuf_2_1__f_clk_i/I (gf180mcu_fd_sc_mcu7t5v0__clkbuf_16)
    10    0.060228    0.220271    0.473897    1.142071 ^ clkbuf_2_1__f_clk_i/Z (gf180mcu_fd_sc_mcu7t5v0__clkbuf_16)
                                                         clknet_2_1__leaf_clk_i (net)
                      0.220276    0.001927    1.143998 ^ _392_/CLK (gf180mcu_fd_sc_mcu7t5v0__dffrnq_1)
                                  0.250000    1.393998   clock uncertainty
                                  0.000000    1.393998   clock reconvergence pessimism
                                  0.198401    1.592400   library hold time
                                              1.592400   data required time
---------------------------------------------------------------------------------------------
                                              1.592400   data required time
                                             -3.439188   data arrival time
---------------------------------------------------------------------------------------------
                                              1.846789   slack (MET)


Startpoint: _393_ (rising edge-triggered flip-flop clocked by clk_i)
Endpoint: _393_ (rising edge-triggered flip-flop clocked by clk_i)
Path Group: clk_i
Path Type: min

Fanout         Cap        Slew       Delay        Time   Description
---------------------------------------------------------------------------------------------
                                  0.000000    0.000000   clock clk_i (rise edge)
                                  0.000000    0.000000   clock source latency
     1    0.034824    0.299442    0.141687    0.141687 ^ clk_i (in)
                                                         clk_i (net)
                      0.299445    0.000000    0.141687 ^ clkbuf_0_clk_i/I (gf180mcu_fd_sc_mcu7t5v0__clkbuf_16)
     4    0.099953    0.280058    0.525428    0.667115 ^ clkbuf_0_clk_i/Z (gf180mcu_fd_sc_mcu7t5v0__clkbuf_16)
                                                         clknet_0_clk_i (net)
                      0.280059    0.001058    0.668174 ^ clkbuf_2_1__f_clk_i/I (gf180mcu_fd_sc_mcu7t5v0__clkbuf_16)
    10    0.060228    0.220271    0.473897    1.142071 ^ clkbuf_2_1__f_clk_i/Z (gf180mcu_fd_sc_mcu7t5v0__clkbuf_16)
                                                         clknet_2_1__leaf_clk_i (net)
                      0.220277    0.001965    1.144036 ^ _393_/CLK (gf180mcu_fd_sc_mcu7t5v0__dffrnq_1)
     4    0.029835    0.556207    1.573446    2.717481 v _393_/Q (gf180mcu_fd_sc_mcu7t5v0__dffrnq_1)
                                                         baud_cnt[14] (net)
                      0.556207    0.000519    2.718001 v _301_/A1 (gf180mcu_fd_sc_mcu7t5v0__nor2_1)
     1    0.004577    0.491560    0.420740    3.138741 ^ _301_/ZN (gf180mcu_fd_sc_mcu7t5v0__nor2_1)
                                                         _139_ (net)
                      0.491560    0.000086    3.138826 ^ _303_/A2 (gf180mcu_fd_sc_mcu7t5v0__nor3_1)
     1    0.003453    0.325982    0.302657    3.441484 v _303_/ZN (gf180mcu_fd_sc_mcu7t5v0__nor3_1)
                                                         _005_ (net)
                      0.325982    0.000034    3.441518 v _393_/D (gf180mcu_fd_sc_mcu7t5v0__dffrnq_1)
                                              3.441518   data arrival time

                                  0.000000    0.000000   clock clk_i (rise edge)
                                  0.000000    0.000000   clock source latency
     1    0.034824    0.299442    0.141687    0.141687 ^ clk_i (in)
                                                         clk_i (net)
                      0.299445    0.000000    0.141687 ^ clkbuf_0_clk_i/I (gf180mcu_fd_sc_mcu7t5v0__clkbuf_16)
     4    0.099953    0.280058    0.525428    0.667115 ^ clkbuf_0_clk_i/Z (gf180mcu_fd_sc_mcu7t5v0__clkbuf_16)
                                                         clknet_0_clk_i (net)
                      0.280059    0.001058    0.668174 ^ clkbuf_2_1__f_clk_i/I (gf180mcu_fd_sc_mcu7t5v0__clkbuf_16)
    10    0.060228    0.220271    0.473897    1.142071 ^ clkbuf_2_1__f_clk_i/Z (gf180mcu_fd_sc_mcu7t5v0__clkbuf_16)
                                                         clknet_2_1__leaf_clk_i (net)
                      0.220277    0.001965    1.144036 ^ _393_/CLK (gf180mcu_fd_sc_mcu7t5v0__dffrnq_1)
                                  0.250000    1.394036   clock uncertainty
                                  0.000000    1.394036   clock reconvergence pessimism
                                  0.199214    1.593250   library hold time
                                              1.593250   data required time
---------------------------------------------------------------------------------------------
                                              1.593250   data required time
                                             -3.441518   data arrival time
---------------------------------------------------------------------------------------------
                                              1.848268   slack (MET)


Startpoint: _372_ (rising edge-triggered flip-flop clocked by clk_i)
Endpoint: _372_ (rising edge-triggered flip-flop clocked by clk_i)
Path Group: clk_i
Path Type: min

Fanout         Cap        Slew       Delay        Time   Description
---------------------------------------------------------------------------------------------
                                  0.000000    0.000000   clock clk_i (rise edge)
                                  0.000000    0.000000   clock source latency
     1    0.034824    0.299442    0.141687    0.141687 ^ clk_i (in)
                                                         clk_i (net)
                      0.299445    0.000000    0.141687 ^ clkbuf_0_clk_i/I (gf180mcu_fd_sc_mcu7t5v0__clkbuf_16)
     4    0.099953    0.280058    0.525428    0.667115 ^ clkbuf_0_clk_i/Z (gf180mcu_fd_sc_mcu7t5v0__clkbuf_16)
                                                         clknet_0_clk_i (net)
                      0.280058    0.000704    0.667819 ^ clkbuf_2_3__f_clk_i/I (gf180mcu_fd_sc_mcu7t5v0__clkbuf_16)
     9    0.050755    0.206101    0.462870    1.130689 ^ clkbuf_2_3__f_clk_i/Z (gf180mcu_fd_sc_mcu7t5v0__clkbuf_16)
                                                         clknet_2_3__leaf_clk_i (net)
                      0.206101    0.000549    1.131238 ^ _372_/CLK (gf180mcu_fd_sc_mcu7t5v0__dffsnq_1)
     3    0.018394    0.416514    1.609720    2.740958 v _372_/Q (gf180mcu_fd_sc_mcu7t5v0__dffsnq_1)
                                                         net33 (net)
                      0.416514    0.000347    2.741306 v _343_/A1 (gf180mcu_fd_sc_mcu7t5v0__nand2_1)
     1    0.005495    0.315185    0.296736    3.038041 ^ _343_/ZN (gf180mcu_fd_sc_mcu7t5v0__nand2_1)
                                                         _167_ (net)
                      0.315185    0.000055    3.038096 ^ _344_/B (gf180mcu_fd_sc_mcu7t5v0__oai21_1)
     1    0.004496    0.235950    0.234328    3.272424 v _344_/ZN (gf180mcu_fd_sc_mcu7t5v0__oai21_1)
                                                         _031_ (net)
                      0.235950    0.000052    3.272476 v _372_/D (gf180mcu_fd_sc_mcu7t5v0__dffsnq_1)
                                              3.272476   data arrival time

                                  0.000000    0.000000   clock clk_i (rise edge)
                                  0.000000    0.000000   clock source latency
     1    0.034824    0.299442    0.141687    0.141687 ^ clk_i (in)
                                                         clk_i (net)
                      0.299445    0.000000    0.141687 ^ clkbuf_0_clk_i/I (gf180mcu_fd_sc_mcu7t5v0__clkbuf_16)
     4    0.099953    0.280058    0.525428    0.667115 ^ clkbuf_0_clk_i/Z (gf180mcu_fd_sc_mcu7t5v0__clkbuf_16)
                                                         clknet_0_clk_i (net)
                      0.280058    0.000704    0.667819 ^ clkbuf_2_3__f_clk_i/I (gf180mcu_fd_sc_mcu7t5v0__clkbuf_16)
     9    0.050755    0.206101    0.462870    1.130689 ^ clkbuf_2_3__f_clk_i/Z (gf180mcu_fd_sc_mcu7t5v0__clkbuf_16)
                                                         clknet_2_3__leaf_clk_i (net)
                      0.206101    0.000549    1.131238 ^ _372_/CLK (gf180mcu_fd_sc_mcu7t5v0__dffsnq_1)
                                  0.250000    1.381238   clock uncertainty
                                  0.000000    1.381238   clock reconvergence pessimism
                                  0.042595    1.423833   library hold time
                                              1.423833   data required time
---------------------------------------------------------------------------------------------
                                              1.423833   data required time
                                             -3.272476   data arrival time
---------------------------------------------------------------------------------------------
                                              1.848643   slack (MET)


Startpoint: _375_ (rising edge-triggered flip-flop clocked by clk_i)
Endpoint: _375_ (rising edge-triggered flip-flop clocked by clk_i)
Path Group: clk_i
Path Type: min

Fanout         Cap        Slew       Delay        Time   Description
---------------------------------------------------------------------------------------------
                                  0.000000    0.000000   clock clk_i (rise edge)
                                  0.000000    0.000000   clock source latency
     1    0.034824    0.299442    0.141687    0.141687 ^ clk_i (in)
                                                         clk_i (net)
                      0.299445    0.000000    0.141687 ^ clkbuf_0_clk_i/I (gf180mcu_fd_sc_mcu7t5v0__clkbuf_16)
     4    0.099953    0.280058    0.525428    0.667115 ^ clkbuf_0_clk_i/Z (gf180mcu_fd_sc_mcu7t5v0__clkbuf_16)
                                                         clknet_0_clk_i (net)
                      0.280059    0.001058    0.668174 ^ clkbuf_2_1__f_clk_i/I (gf180mcu_fd_sc_mcu7t5v0__clkbuf_16)
    10    0.060228    0.220271    0.473897    1.142071 ^ clkbuf_2_1__f_clk_i/Z (gf180mcu_fd_sc_mcu7t5v0__clkbuf_16)
                                                         clknet_2_1__leaf_clk_i (net)
                      0.220271    0.000242    1.142313 ^ _375_/CLK (gf180mcu_fd_sc_mcu7t5v0__dffrnq_1)
     5    0.038097    0.676999    1.657289    2.799602 v _375_/Q (gf180mcu_fd_sc_mcu7t5v0__dffrnq_1)
                                                         reg_bit_count (net)
                      0.676999    0.000265    2.799867 v _353_/S (gf180mcu_fd_sc_mcu7t5v0__mux2_2)
     1    0.004173    0.206549    0.687641    3.487508 v _353_/Z (gf180mcu_fd_sc_mcu7t5v0__mux2_2)
                                                         _034_ (net)
                      0.206549    0.000080    3.487588 v _375_/D (gf180mcu_fd_sc_mcu7t5v0__dffrnq_1)
                                              3.487588   data arrival time

                                  0.000000    0.000000   clock clk_i (rise edge)
                                  0.000000    0.000000   clock source latency
     1    0.034824    0.299442    0.141687    0.141687 ^ clk_i (in)
                                                         clk_i (net)
                      0.299445    0.000000    0.141687 ^ clkbuf_0_clk_i/I (gf180mcu_fd_sc_mcu7t5v0__clkbuf_16)
     4    0.099953    0.280058    0.525428    0.667115 ^ clkbuf_0_clk_i/Z (gf180mcu_fd_sc_mcu7t5v0__clkbuf_16)
                                                         clknet_0_clk_i (net)
                      0.280059    0.001058    0.668174 ^ clkbuf_2_1__f_clk_i/I (gf180mcu_fd_sc_mcu7t5v0__clkbuf_16)
    10    0.060228    0.220271    0.473897    1.142071 ^ clkbuf_2_1__f_clk_i/Z (gf180mcu_fd_sc_mcu7t5v0__clkbuf_16)
                                                         clknet_2_1__leaf_clk_i (net)
                      0.220271    0.000242    1.142313 ^ _375_/CLK (gf180mcu_fd_sc_mcu7t5v0__dffrnq_1)
                                  0.250000    1.392313   clock uncertainty
                                  0.000000    1.392313   clock reconvergence pessimism
                                  0.226759    1.619072   library hold time
                                              1.619072   data required time
---------------------------------------------------------------------------------------------
                                              1.619072   data required time
                                             -3.487588   data arrival time
---------------------------------------------------------------------------------------------
                                              1.868516   slack (MET)


Startpoint: _394_ (rising edge-triggered flip-flop clocked by clk_i)
Endpoint: _394_ (rising edge-triggered flip-flop clocked by clk_i)
Path Group: clk_i
Path Type: min

Fanout         Cap        Slew       Delay        Time   Description
---------------------------------------------------------------------------------------------
                                  0.000000    0.000000   clock clk_i (rise edge)
                                  0.000000    0.000000   clock source latency
     1    0.034824    0.299442    0.141687    0.141687 ^ clk_i (in)
                                                         clk_i (net)
                      0.299445    0.000000    0.141687 ^ clkbuf_0_clk_i/I (gf180mcu_fd_sc_mcu7t5v0__clkbuf_16)
     4    0.099953    0.280058    0.525428    0.667115 ^ clkbuf_0_clk_i/Z (gf180mcu_fd_sc_mcu7t5v0__clkbuf_16)
                                                         clknet_0_clk_i (net)
                      0.280059    0.001058    0.668174 ^ clkbuf_2_1__f_clk_i/I (gf180mcu_fd_sc_mcu7t5v0__clkbuf_16)
    10    0.060228    0.220271    0.473897    1.142071 ^ clkbuf_2_1__f_clk_i/Z (gf180mcu_fd_sc_mcu7t5v0__clkbuf_16)
                                                         clknet_2_1__leaf_clk_i (net)
                      0.220277    0.001965    1.144036 ^ _394_/CLK (gf180mcu_fd_sc_mcu7t5v0__dffrnq_1)
     4    0.028848    0.541832    1.563547    2.707583 v _394_/Q (gf180mcu_fd_sc_mcu7t5v0__dffrnq_1)
                                                         baud_cnt[15] (net)
                      0.541832    0.000412    2.707996 v _304_/A1 (gf180mcu_fd_sc_mcu7t5v0__nor2_1)
     1    0.004585    0.479055    0.416645    3.124641 ^ _304_/ZN (gf180mcu_fd_sc_mcu7t5v0__nor2_1)
                                                         _141_ (net)
                      0.479055    0.000045    3.124686 ^ _305_/B (gf180mcu_fd_sc_mcu7t5v0__aoi211_1)
     1    0.003385    0.313858    0.342413    3.467098 v _305_/ZN (gf180mcu_fd_sc_mcu7t5v0__aoi211_1)
                                                         _006_ (net)
                      0.313858    0.000033    3.467131 v _394_/D (gf180mcu_fd_sc_mcu7t5v0__dffrnq_1)
                                              3.467131   data arrival time

                                  0.000000    0.000000   clock clk_i (rise edge)
                                  0.000000    0.000000   clock source latency
     1    0.034824    0.299442    0.141687    0.141687 ^ clk_i (in)
                                                         clk_i (net)
                      0.299445    0.000000    0.141687 ^ clkbuf_0_clk_i/I (gf180mcu_fd_sc_mcu7t5v0__clkbuf_16)
     4    0.099953    0.280058    0.525428    0.667115 ^ clkbuf_0_clk_i/Z (gf180mcu_fd_sc_mcu7t5v0__clkbuf_16)
                                                         clknet_0_clk_i (net)
                      0.280059    0.001058    0.668174 ^ clkbuf_2_1__f_clk_i/I (gf180mcu_fd_sc_mcu7t5v0__clkbuf_16)
    10    0.060228    0.220271    0.473897    1.142071 ^ clkbuf_2_1__f_clk_i/Z (gf180mcu_fd_sc_mcu7t5v0__clkbuf_16)
                                                         clknet_2_1__leaf_clk_i (net)
                      0.220277    0.001965    1.144036 ^ _394_/CLK (gf180mcu_fd_sc_mcu7t5v0__dffrnq_1)
                                  0.250000    1.394036   clock uncertainty
                                  0.000000    1.394036   clock reconvergence pessimism
                                  0.201862    1.595898   library hold time
                                              1.595898   data required time
---------------------------------------------------------------------------------------------
                                              1.595898   data required time
                                             -3.467131   data arrival time
---------------------------------------------------------------------------------------------
                                              1.871234   slack (MET)


Startpoint: _364_ (rising edge-triggered flip-flop clocked by clk_i)
Endpoint: _366_ (rising edge-triggered flip-flop clocked by clk_i)
Path Group: clk_i
Path Type: min

Fanout         Cap        Slew       Delay        Time   Description
---------------------------------------------------------------------------------------------
                                  0.000000    0.000000   clock clk_i (rise edge)
                                  0.000000    0.000000   clock source latency
     1    0.034824    0.299442    0.141687    0.141687 ^ clk_i (in)
                                                         clk_i (net)
                      0.299445    0.000000    0.141687 ^ clkbuf_0_clk_i/I (gf180mcu_fd_sc_mcu7t5v0__clkbuf_16)
     4    0.099953    0.280058    0.525428    0.667115 ^ clkbuf_0_clk_i/Z (gf180mcu_fd_sc_mcu7t5v0__clkbuf_16)
                                                         clknet_0_clk_i (net)
                      0.280058    0.000349    0.667464 ^ clkbuf_2_2__f_clk_i/I (gf180mcu_fd_sc_mcu7t5v0__clkbuf_16)
    10    0.057746    0.216607    0.471241    1.138705 ^ clkbuf_2_2__f_clk_i/Z (gf180mcu_fd_sc_mcu7t5v0__clkbuf_16)
                                                         clknet_2_2__leaf_clk_i (net)
                      0.216608    0.000606    1.139311 ^ _364_/CLK (gf180mcu_fd_sc_mcu7t5v0__dffrnq_1)
     5    0.031148    0.575416    1.586041    2.725352 v _364_/Q (gf180mcu_fd_sc_mcu7t5v0__dffrnq_1)
                                                         CS[0] (net)
                      0.575416    0.000573    2.725924 v _329_/A1 (gf180mcu_fd_sc_mcu7t5v0__oai211_1)
     1    0.005738    0.661097    0.546387    3.272312 ^ _329_/ZN (gf180mcu_fd_sc_mcu7t5v0__oai211_1)
                                                         _159_ (net)
                      0.661097    0.000062    3.272374 ^ _331_/A2 (gf180mcu_fd_sc_mcu7t5v0__aoi21_1)
     1    0.003705    0.279485    0.213456    3.485829 v _331_/ZN (gf180mcu_fd_sc_mcu7t5v0__aoi21_1)
                                                         _025_ (net)
                      0.279485    0.000070    3.485899 v _366_/D (gf180mcu_fd_sc_mcu7t5v0__dffrnq_1)
                                              3.485899   data arrival time

                                  0.000000    0.000000   clock clk_i (rise edge)
                                  0.000000    0.000000   clock source latency
     1    0.034824    0.299442    0.141687    0.141687 ^ clk_i (in)
                                                         clk_i (net)
                      0.299445    0.000000    0.141687 ^ clkbuf_0_clk_i/I (gf180mcu_fd_sc_mcu7t5v0__clkbuf_16)
     4    0.099953    0.280058    0.525428    0.667115 ^ clkbuf_0_clk_i/Z (gf180mcu_fd_sc_mcu7t5v0__clkbuf_16)
                                                         clknet_0_clk_i (net)
                      0.280058    0.000349    0.667464 ^ clkbuf_2_2__f_clk_i/I (gf180mcu_fd_sc_mcu7t5v0__clkbuf_16)
    10    0.057746    0.216607    0.471241    1.138705 ^ clkbuf_2_2__f_clk_i/Z (gf180mcu_fd_sc_mcu7t5v0__clkbuf_16)
                                                         clknet_2_2__leaf_clk_i (net)
                      0.216609    0.000818    1.139523 ^ _366_/CLK (gf180mcu_fd_sc_mcu7t5v0__dffrnq_1)
                                  0.250000    1.389523   clock uncertainty
                                  0.000000    1.389523   clock reconvergence pessimism
                                  0.208615    1.598138   library hold time
                                              1.598138   data required time
---------------------------------------------------------------------------------------------
                                              1.598138   data required time
                                             -3.485899   data arrival time
---------------------------------------------------------------------------------------------
                                              1.887761   slack (MET)


Startpoint: _382_ (rising edge-triggered flip-flop clocked by clk_i)
Endpoint: _382_ (rising edge-triggered flip-flop clocked by clk_i)
Path Group: clk_i
Path Type: min

Fanout         Cap        Slew       Delay        Time   Description
---------------------------------------------------------------------------------------------
                                  0.000000    0.000000   clock clk_i (rise edge)
                                  0.000000    0.000000   clock source latency
     1    0.034824    0.299442    0.141687    0.141687 ^ clk_i (in)
                                                         clk_i (net)
                      0.299445    0.000000    0.141687 ^ clkbuf_0_clk_i/I (gf180mcu_fd_sc_mcu7t5v0__clkbuf_16)
     4    0.099953    0.280058    0.525428    0.667115 ^ clkbuf_0_clk_i/Z (gf180mcu_fd_sc_mcu7t5v0__clkbuf_16)
                                                         clknet_0_clk_i (net)
                      0.280059    0.001057    0.668173 ^ clkbuf_2_0__f_clk_i/I (gf180mcu_fd_sc_mcu7t5v0__clkbuf_16)
    10    0.055399    0.213004    0.468014    1.136186 ^ clkbuf_2_0__f_clk_i/Z (gf180mcu_fd_sc_mcu7t5v0__clkbuf_16)
                                                         clknet_2_0__leaf_clk_i (net)
                      0.213012    0.002349    1.138535 ^ _382_/CLK (gf180mcu_fd_sc_mcu7t5v0__dffrnq_1)
     4    0.031134    0.575223    1.585134    2.723669 v _382_/Q (gf180mcu_fd_sc_mcu7t5v0__dffrnq_1)
                                                         baud_cnt[3] (net)
                      0.575223    0.000421    2.724090 v _267_/A1 (gf180mcu_fd_sc_mcu7t5v0__nor2_1)
     1    0.004537    0.472946    0.424782    3.148871 ^ _267_/ZN (gf180mcu_fd_sc_mcu7t5v0__nor2_1)
                                                         _116_ (net)
                      0.472946    0.000044    3.148916 ^ _268_/A3 (gf180mcu_fd_sc_mcu7t5v0__nor3_1)
     1    0.004086    0.380461    0.332558    3.481474 v _268_/ZN (gf180mcu_fd_sc_mcu7t5v0__nor3_1)
                                                         _009_ (net)
                      0.380461    0.000045    3.481518 v _382_/D (gf180mcu_fd_sc_mcu7t5v0__dffrnq_1)
                                              3.481518   data arrival time

                                  0.000000    0.000000   clock clk_i (rise edge)
                                  0.000000    0.000000   clock source latency
     1    0.034824    0.299442    0.141687    0.141687 ^ clk_i (in)
                                                         clk_i (net)
                      0.299445    0.000000    0.141687 ^ clkbuf_0_clk_i/I (gf180mcu_fd_sc_mcu7t5v0__clkbuf_16)
     4    0.099953    0.280058    0.525428    0.667115 ^ clkbuf_0_clk_i/Z (gf180mcu_fd_sc_mcu7t5v0__clkbuf_16)
                                                         clknet_0_clk_i (net)
                      0.280059    0.001057    0.668173 ^ clkbuf_2_0__f_clk_i/I (gf180mcu_fd_sc_mcu7t5v0__clkbuf_16)
    10    0.055399    0.213004    0.468014    1.136186 ^ clkbuf_2_0__f_clk_i/Z (gf180mcu_fd_sc_mcu7t5v0__clkbuf_16)
                                                         clknet_2_0__leaf_clk_i (net)
                      0.213012    0.002349    1.138535 ^ _382_/CLK (gf180mcu_fd_sc_mcu7t5v0__dffrnq_1)
                                  0.250000    1.388535   clock uncertainty
                                  0.000000    1.388535   clock reconvergence pessimism
                                  0.185764    1.574299   library hold time
                                              1.574299   data required time
---------------------------------------------------------------------------------------------
                                              1.574299   data required time
                                             -3.481518   data arrival time
---------------------------------------------------------------------------------------------
                                              1.907219   slack (MET)


Startpoint: _370_ (rising edge-triggered flip-flop clocked by clk_i)
Endpoint: _369_ (rising edge-triggered flip-flop clocked by clk_i)
Path Group: clk_i
Path Type: min

Fanout         Cap        Slew       Delay        Time   Description
---------------------------------------------------------------------------------------------
                                  0.000000    0.000000   clock clk_i (rise edge)
                                  0.000000    0.000000   clock source latency
     1    0.034824    0.299442    0.141687    0.141687 ^ clk_i (in)
                                                         clk_i (net)
                      0.299445    0.000000    0.141687 ^ clkbuf_0_clk_i/I (gf180mcu_fd_sc_mcu7t5v0__clkbuf_16)
     4    0.099953    0.280058    0.525428    0.667115 ^ clkbuf_0_clk_i/Z (gf180mcu_fd_sc_mcu7t5v0__clkbuf_16)
                                                         clknet_0_clk_i (net)
                      0.280058    0.000704    0.667819 ^ clkbuf_2_3__f_clk_i/I (gf180mcu_fd_sc_mcu7t5v0__clkbuf_16)
     9    0.050755    0.206101    0.462870    1.130689 ^ clkbuf_2_3__f_clk_i/Z (gf180mcu_fd_sc_mcu7t5v0__clkbuf_16)
                                                         clknet_2_3__leaf_clk_i (net)
                      0.206103    0.001278    1.131967 ^ _370_/CLK (gf180mcu_fd_sc_mcu7t5v0__dffsnq_1)
     3    0.016279    0.560283    1.606300    2.738267 ^ _370_/Q (gf180mcu_fd_sc_mcu7t5v0__dffsnq_1)
                                                         net31 (net)
                      0.560283    0.000161    2.738428 ^ _335_/I0 (gf180mcu_fd_sc_mcu7t5v0__mux2_2)
     1    0.003969    0.171472    0.511775    3.250203 ^ _335_/Z (gf180mcu_fd_sc_mcu7t5v0__mux2_2)
                                                         _028_ (net)
                      0.171472    0.000044    3.250247 ^ _369_/D (gf180mcu_fd_sc_mcu7t5v0__dffsnq_1)
                                              3.250247   data arrival time

                                  0.000000    0.000000   clock clk_i (rise edge)
                                  0.000000    0.000000   clock source latency
     1    0.034824    0.299442    0.141687    0.141687 ^ clk_i (in)
                                                         clk_i (net)
                      0.299445    0.000000    0.141687 ^ clkbuf_0_clk_i/I (gf180mcu_fd_sc_mcu7t5v0__clkbuf_16)
     4    0.099953    0.280058    0.525428    0.667115 ^ clkbuf_0_clk_i/Z (gf180mcu_fd_sc_mcu7t5v0__clkbuf_16)
                                                         clknet_0_clk_i (net)
                      0.280058    0.000704    0.667819 ^ clkbuf_2_3__f_clk_i/I (gf180mcu_fd_sc_mcu7t5v0__clkbuf_16)
     9    0.050755    0.206101    0.462870    1.130689 ^ clkbuf_2_3__f_clk_i/Z (gf180mcu_fd_sc_mcu7t5v0__clkbuf_16)
                                                         clknet_2_3__leaf_clk_i (net)
                      0.206103    0.001091    1.131780 ^ _369_/CLK (gf180mcu_fd_sc_mcu7t5v0__dffsnq_1)
                                  0.250000    1.381780   clock uncertainty
                                  0.000000    1.381780   clock reconvergence pessimism
                                 -0.061106    1.320674   library hold time
                                              1.320674   data required time
---------------------------------------------------------------------------------------------
                                              1.320674   data required time
                                             -3.250247   data arrival time
---------------------------------------------------------------------------------------------
                                              1.929573   slack (MET)


Startpoint: _370_ (rising edge-triggered flip-flop clocked by clk_i)
Endpoint: _370_ (rising edge-triggered flip-flop clocked by clk_i)
Path Group: clk_i
Path Type: min

Fanout         Cap        Slew       Delay        Time   Description
---------------------------------------------------------------------------------------------
                                  0.000000    0.000000   clock clk_i (rise edge)
                                  0.000000    0.000000   clock source latency
     1    0.034824    0.299442    0.141687    0.141687 ^ clk_i (in)
                                                         clk_i (net)
                      0.299445    0.000000    0.141687 ^ clkbuf_0_clk_i/I (gf180mcu_fd_sc_mcu7t5v0__clkbuf_16)
     4    0.099953    0.280058    0.525428    0.667115 ^ clkbuf_0_clk_i/Z (gf180mcu_fd_sc_mcu7t5v0__clkbuf_16)
                                                         clknet_0_clk_i (net)
                      0.280058    0.000704    0.667819 ^ clkbuf_2_3__f_clk_i/I (gf180mcu_fd_sc_mcu7t5v0__clkbuf_16)
     9    0.050755    0.206101    0.462870    1.130689 ^ clkbuf_2_3__f_clk_i/Z (gf180mcu_fd_sc_mcu7t5v0__clkbuf_16)
                                                         clknet_2_3__leaf_clk_i (net)
                      0.206103    0.001278    1.131967 ^ _370_/CLK (gf180mcu_fd_sc_mcu7t5v0__dffsnq_1)
     3    0.016279    0.560283    1.606300    2.738267 ^ _370_/Q (gf180mcu_fd_sc_mcu7t5v0__dffsnq_1)
                                                         net31 (net)
                      0.560283    0.000202    2.738469 ^ _336_/I1 (gf180mcu_fd_sc_mcu7t5v0__mux2_2)
     1    0.004094    0.173194    0.516327    3.254796 ^ _336_/Z (gf180mcu_fd_sc_mcu7t5v0__mux2_2)
                                                         _029_ (net)
                      0.173194    0.000078    3.254874 ^ _370_/D (gf180mcu_fd_sc_mcu7t5v0__dffsnq_1)
                                              3.254874   data arrival time

                                  0.000000    0.000000   clock clk_i (rise edge)
                                  0.000000    0.000000   clock source latency
     1    0.034824    0.299442    0.141687    0.141687 ^ clk_i (in)
                                                         clk_i (net)
                      0.299445    0.000000    0.141687 ^ clkbuf_0_clk_i/I (gf180mcu_fd_sc_mcu7t5v0__clkbuf_16)
     4    0.099953    0.280058    0.525428    0.667115 ^ clkbuf_0_clk_i/Z (gf180mcu_fd_sc_mcu7t5v0__clkbuf_16)
                                                         clknet_0_clk_i (net)
                      0.280058    0.000704    0.667819 ^ clkbuf_2_3__f_clk_i/I (gf180mcu_fd_sc_mcu7t5v0__clkbuf_16)
     9    0.050755    0.206101    0.462870    1.130689 ^ clkbuf_2_3__f_clk_i/Z (gf180mcu_fd_sc_mcu7t5v0__clkbuf_16)
                                                         clknet_2_3__leaf_clk_i (net)
                      0.206103    0.001278    1.131967 ^ _370_/CLK (gf180mcu_fd_sc_mcu7t5v0__dffsnq_1)
                                  0.250000    1.381967   clock uncertainty
                                  0.000000    1.381967   clock reconvergence pessimism
                                 -0.061467    1.320500   library hold time
                                              1.320500   data required time
---------------------------------------------------------------------------------------------
                                              1.320500   data required time
                                             -3.254874   data arrival time
---------------------------------------------------------------------------------------------
                                              1.934374   slack (MET)


Startpoint: _369_ (rising edge-triggered flip-flop clocked by clk_i)
Endpoint: _368_ (rising edge-triggered flip-flop clocked by clk_i)
Path Group: clk_i
Path Type: min

Fanout         Cap        Slew       Delay        Time   Description
---------------------------------------------------------------------------------------------
                                  0.000000    0.000000   clock clk_i (rise edge)
                                  0.000000    0.000000   clock source latency
     1    0.034824    0.299442    0.141687    0.141687 ^ clk_i (in)
                                                         clk_i (net)
                      0.299445    0.000000    0.141687 ^ clkbuf_0_clk_i/I (gf180mcu_fd_sc_mcu7t5v0__clkbuf_16)
     4    0.099953    0.280058    0.525428    0.667115 ^ clkbuf_0_clk_i/Z (gf180mcu_fd_sc_mcu7t5v0__clkbuf_16)
                                                         clknet_0_clk_i (net)
                      0.280058    0.000704    0.667819 ^ clkbuf_2_3__f_clk_i/I (gf180mcu_fd_sc_mcu7t5v0__clkbuf_16)
     9    0.050755    0.206101    0.462870    1.130689 ^ clkbuf_2_3__f_clk_i/Z (gf180mcu_fd_sc_mcu7t5v0__clkbuf_16)
                                                         clknet_2_3__leaf_clk_i (net)
                      0.206103    0.001091    1.131780 ^ _369_/CLK (gf180mcu_fd_sc_mcu7t5v0__dffsnq_1)
     3    0.017817    0.599457    1.630718    2.762498 ^ _369_/Q (gf180mcu_fd_sc_mcu7t5v0__dffsnq_1)
                                                         net30 (net)
                      0.599457    0.000253    2.762751 ^ _334_/I0 (gf180mcu_fd_sc_mcu7t5v0__mux2_2)
     1    0.003244    0.161680    0.506665    3.269415 ^ _334_/Z (gf180mcu_fd_sc_mcu7t5v0__mux2_2)
                                                         _027_ (net)
                      0.161680    0.000032    3.269447 ^ _368_/D (gf180mcu_fd_sc_mcu7t5v0__dffsnq_1)
                                              3.269447   data arrival time

                                  0.000000    0.000000   clock clk_i (rise edge)
                                  0.000000    0.000000   clock source latency
     1    0.034824    0.299442    0.141687    0.141687 ^ clk_i (in)
                                                         clk_i (net)
                      0.299445    0.000000    0.141687 ^ clkbuf_0_clk_i/I (gf180mcu_fd_sc_mcu7t5v0__clkbuf_16)
     4    0.099953    0.280058    0.525428    0.667115 ^ clkbuf_0_clk_i/Z (gf180mcu_fd_sc_mcu7t5v0__clkbuf_16)
                                                         clknet_0_clk_i (net)
                      0.280058    0.000704    0.667819 ^ clkbuf_2_3__f_clk_i/I (gf180mcu_fd_sc_mcu7t5v0__clkbuf_16)
     9    0.050755    0.206101    0.462870    1.130689 ^ clkbuf_2_3__f_clk_i/Z (gf180mcu_fd_sc_mcu7t5v0__clkbuf_16)
                                                         clknet_2_3__leaf_clk_i (net)
                      0.206102    0.000751    1.131440 ^ _368_/CLK (gf180mcu_fd_sc_mcu7t5v0__dffsnq_1)
                                  0.250000    1.381440   clock uncertainty
                                  0.000000    1.381440   clock reconvergence pessimism
                                 -0.059054    1.322386   library hold time
                                              1.322386   data required time
---------------------------------------------------------------------------------------------
                                              1.322386   data required time
                                             -3.269447   data arrival time
---------------------------------------------------------------------------------------------
                                              1.947061   slack (MET)


Startpoint: _371_ (rising edge-triggered flip-flop clocked by clk_i)
Endpoint: _371_ (rising edge-triggered flip-flop clocked by clk_i)
Path Group: clk_i
Path Type: min

Fanout         Cap        Slew       Delay        Time   Description
---------------------------------------------------------------------------------------------
                                  0.000000    0.000000   clock clk_i (rise edge)
                                  0.000000    0.000000   clock source latency
     1    0.034824    0.299442    0.141687    0.141687 ^ clk_i (in)
                                                         clk_i (net)
                      0.299445    0.000000    0.141687 ^ clkbuf_0_clk_i/I (gf180mcu_fd_sc_mcu7t5v0__clkbuf_16)
     4    0.099953    0.280058    0.525428    0.667115 ^ clkbuf_0_clk_i/Z (gf180mcu_fd_sc_mcu7t5v0__clkbuf_16)
                                                         clknet_0_clk_i (net)
                      0.280058    0.000704    0.667819 ^ clkbuf_2_3__f_clk_i/I (gf180mcu_fd_sc_mcu7t5v0__clkbuf_16)
     9    0.050755    0.206101    0.462870    1.130689 ^ clkbuf_2_3__f_clk_i/Z (gf180mcu_fd_sc_mcu7t5v0__clkbuf_16)
                                                         clknet_2_3__leaf_clk_i (net)
                      0.206104    0.001420    1.132109 ^ _371_/CLK (gf180mcu_fd_sc_mcu7t5v0__dffsnq_1)
     3    0.017589    0.593615    1.627036    2.759145 ^ _371_/Q (gf180mcu_fd_sc_mcu7t5v0__dffsnq_1)
                                                         net32 (net)
                      0.593615    0.000303    2.759448 ^ _339_/I1 (gf180mcu_fd_sc_mcu7t5v0__mux2_2)
     1    0.003573    0.166854    0.513131    3.272579 ^ _339_/Z (gf180mcu_fd_sc_mcu7t5v0__mux2_2)
                                                         _030_ (net)
                      0.166854    0.000067    3.272645 ^ _371_/D (gf180mcu_fd_sc_mcu7t5v0__dffsnq_1)
                                              3.272645   data arrival time

                                  0.000000    0.000000   clock clk_i (rise edge)
                                  0.000000    0.000000   clock source latency
     1    0.034824    0.299442    0.141687    0.141687 ^ clk_i (in)
                                                         clk_i (net)
                      0.299445    0.000000    0.141687 ^ clkbuf_0_clk_i/I (gf180mcu_fd_sc_mcu7t5v0__clkbuf_16)
     4    0.099953    0.280058    0.525428    0.667115 ^ clkbuf_0_clk_i/Z (gf180mcu_fd_sc_mcu7t5v0__clkbuf_16)
                                                         clknet_0_clk_i (net)
                      0.280058    0.000704    0.667819 ^ clkbuf_2_3__f_clk_i/I (gf180mcu_fd_sc_mcu7t5v0__clkbuf_16)
     9    0.050755    0.206101    0.462870    1.130689 ^ clkbuf_2_3__f_clk_i/Z (gf180mcu_fd_sc_mcu7t5v0__clkbuf_16)
                                                         clknet_2_3__leaf_clk_i (net)
                      0.206104    0.001420    1.132109 ^ _371_/CLK (gf180mcu_fd_sc_mcu7t5v0__dffsnq_1)
                                  0.250000    1.382109   clock uncertainty
                                  0.000000    1.382109   clock reconvergence pessimism
                                 -0.060138    1.321971   library hold time
                                              1.321971   data required time
---------------------------------------------------------------------------------------------
                                              1.321971   data required time
                                             -3.272645   data arrival time
---------------------------------------------------------------------------------------------
                                              1.950674   slack (MET)


Startpoint: _390_ (rising edge-triggered flip-flop clocked by clk_i)
Endpoint: _390_ (rising edge-triggered flip-flop clocked by clk_i)
Path Group: clk_i
Path Type: min

Fanout         Cap        Slew       Delay        Time   Description
---------------------------------------------------------------------------------------------
                                  0.000000    0.000000   clock clk_i (rise edge)
                                  0.000000    0.000000   clock source latency
     1    0.034824    0.299442    0.141687    0.141687 ^ clk_i (in)
                                                         clk_i (net)
                      0.299445    0.000000    0.141687 ^ clkbuf_0_clk_i/I (gf180mcu_fd_sc_mcu7t5v0__clkbuf_16)
     4    0.099953    0.280058    0.525428    0.667115 ^ clkbuf_0_clk_i/Z (gf180mcu_fd_sc_mcu7t5v0__clkbuf_16)
                                                         clknet_0_clk_i (net)
                      0.280059    0.001058    0.668174 ^ clkbuf_2_1__f_clk_i/I (gf180mcu_fd_sc_mcu7t5v0__clkbuf_16)
    10    0.060228    0.220271    0.473897    1.142071 ^ clkbuf_2_1__f_clk_i/Z (gf180mcu_fd_sc_mcu7t5v0__clkbuf_16)
                                                         clknet_2_1__leaf_clk_i (net)
                      0.220277    0.002076    1.144146 ^ _390_/CLK (gf180mcu_fd_sc_mcu7t5v0__dffrnq_1)
     5    0.039541    0.699053    1.670586    2.814732 v _390_/Q (gf180mcu_fd_sc_mcu7t5v0__dffrnq_1)
                                                         baud_cnt[11] (net)
                      0.699053    0.000767    2.815500 v _291_/A1 (gf180mcu_fd_sc_mcu7t5v0__nor2_1)
     1    0.004863    0.496917    0.468957    3.284457 ^ _291_/ZN (gf180mcu_fd_sc_mcu7t5v0__nor2_1)
                                                         _132_ (net)
                      0.496917    0.000091    3.284549 ^ _294_/A2 (gf180mcu_fd_sc_mcu7t5v0__nor3_1)
     1    0.003915    0.337927    0.312545    3.597093 v _294_/ZN (gf180mcu_fd_sc_mcu7t5v0__nor3_1)
                                                         _002_ (net)
                      0.337927    0.000042    3.597135 v _390_/D (gf180mcu_fd_sc_mcu7t5v0__dffrnq_1)
                                              3.597135   data arrival time

                                  0.000000    0.000000   clock clk_i (rise edge)
                                  0.000000    0.000000   clock source latency
     1    0.034824    0.299442    0.141687    0.141687 ^ clk_i (in)
                                                         clk_i (net)
                      0.299445    0.000000    0.141687 ^ clkbuf_0_clk_i/I (gf180mcu_fd_sc_mcu7t5v0__clkbuf_16)
     4    0.099953    0.280058    0.525428    0.667115 ^ clkbuf_0_clk_i/Z (gf180mcu_fd_sc_mcu7t5v0__clkbuf_16)
                                                         clknet_0_clk_i (net)
                      0.280059    0.001058    0.668174 ^ clkbuf_2_1__f_clk_i/I (gf180mcu_fd_sc_mcu7t5v0__clkbuf_16)
    10    0.060228    0.220271    0.473897    1.142071 ^ clkbuf_2_1__f_clk_i/Z (gf180mcu_fd_sc_mcu7t5v0__clkbuf_16)
                                                         clknet_2_1__leaf_clk_i (net)
                      0.220277    0.002076    1.144146 ^ _390_/CLK (gf180mcu_fd_sc_mcu7t5v0__dffrnq_1)
                                  0.250000    1.394146   clock uncertainty
                                  0.000000    1.394146   clock reconvergence pessimism
                                  0.196606    1.590753   library hold time
                                              1.590753   data required time
---------------------------------------------------------------------------------------------
                                              1.590753   data required time
                                             -3.597135   data arrival time
---------------------------------------------------------------------------------------------
                                              2.006382   slack (MET)


Startpoint: _388_ (rising edge-triggered flip-flop clocked by clk_i)
Endpoint: _388_ (rising edge-triggered flip-flop clocked by clk_i)
Path Group: clk_i
Path Type: min

Fanout         Cap        Slew       Delay        Time   Description
---------------------------------------------------------------------------------------------
                                  0.000000    0.000000   clock clk_i (rise edge)
                                  0.000000    0.000000   clock source latency
     1    0.034824    0.299442    0.141687    0.141687 ^ clk_i (in)
                                                         clk_i (net)
                      0.299445    0.000000    0.141687 ^ clkbuf_0_clk_i/I (gf180mcu_fd_sc_mcu7t5v0__clkbuf_16)
     4    0.099953    0.280058    0.525428    0.667115 ^ clkbuf_0_clk_i/Z (gf180mcu_fd_sc_mcu7t5v0__clkbuf_16)
                                                         clknet_0_clk_i (net)
                      0.280059    0.001058    0.668174 ^ clkbuf_2_1__f_clk_i/I (gf180mcu_fd_sc_mcu7t5v0__clkbuf_16)
    10    0.060228    0.220271    0.473897    1.142071 ^ clkbuf_2_1__f_clk_i/Z (gf180mcu_fd_sc_mcu7t5v0__clkbuf_16)
                                                         clknet_2_1__leaf_clk_i (net)
                      0.220272    0.000513    1.142584 ^ _388_/CLK (gf180mcu_fd_sc_mcu7t5v0__dffrnq_1)
     6    0.042618    0.746883    1.701269    2.843853 v _388_/Q (gf180mcu_fd_sc_mcu7t5v0__dffrnq_1)
                                                         baud_cnt[9] (net)
                      0.746883    0.000701    2.844553 v _284_/A1 (gf180mcu_fd_sc_mcu7t5v0__nor2_1)
     1    0.004316    0.457238    0.464214    3.308768 ^ _284_/ZN (gf180mcu_fd_sc_mcu7t5v0__nor2_1)
                                                         _127_ (net)
                      0.457238    0.000079    3.308847 ^ _286_/A2 (gf180mcu_fd_sc_mcu7t5v0__nor3_1)
     1    0.003812    0.327175    0.302672    3.611519 v _286_/ZN (gf180mcu_fd_sc_mcu7t5v0__nor3_1)
                                                         _015_ (net)
                      0.327175    0.000039    3.611558 v _388_/D (gf180mcu_fd_sc_mcu7t5v0__dffrnq_1)
                                              3.611558   data arrival time

                                  0.000000    0.000000   clock clk_i (rise edge)
                                  0.000000    0.000000   clock source latency
     1    0.034824    0.299442    0.141687    0.141687 ^ clk_i (in)
                                                         clk_i (net)
                      0.299445    0.000000    0.141687 ^ clkbuf_0_clk_i/I (gf180mcu_fd_sc_mcu7t5v0__clkbuf_16)
     4    0.099953    0.280058    0.525428    0.667115 ^ clkbuf_0_clk_i/Z (gf180mcu_fd_sc_mcu7t5v0__clkbuf_16)
                                                         clknet_0_clk_i (net)
                      0.280059    0.001058    0.668174 ^ clkbuf_2_1__f_clk_i/I (gf180mcu_fd_sc_mcu7t5v0__clkbuf_16)
    10    0.060228    0.220271    0.473897    1.142071 ^ clkbuf_2_1__f_clk_i/Z (gf180mcu_fd_sc_mcu7t5v0__clkbuf_16)
                                                         clknet_2_1__leaf_clk_i (net)
                      0.220272    0.000513    1.142584 ^ _388_/CLK (gf180mcu_fd_sc_mcu7t5v0__dffrnq_1)
                                  0.250000    1.392584   clock uncertainty
                                  0.000000    1.392584   clock reconvergence pessimism
                                  0.198953    1.591537   library hold time
                                              1.591537   data required time
---------------------------------------------------------------------------------------------
                                              1.591537   data required time
                                             -3.611558   data arrival time
---------------------------------------------------------------------------------------------
                                              2.020022   slack (MET)


Startpoint: _389_ (rising edge-triggered flip-flop clocked by clk_i)
Endpoint: _389_ (rising edge-triggered flip-flop clocked by clk_i)
Path Group: clk_i
Path Type: min

Fanout         Cap        Slew       Delay        Time   Description
---------------------------------------------------------------------------------------------
                                  0.000000    0.000000   clock clk_i (rise edge)
                                  0.000000    0.000000   clock source latency
     1    0.034824    0.299442    0.141687    0.141687 ^ clk_i (in)
                                                         clk_i (net)
                      0.299445    0.000000    0.141687 ^ clkbuf_0_clk_i/I (gf180mcu_fd_sc_mcu7t5v0__clkbuf_16)
     4    0.099953    0.280058    0.525428    0.667115 ^ clkbuf_0_clk_i/Z (gf180mcu_fd_sc_mcu7t5v0__clkbuf_16)
                                                         clknet_0_clk_i (net)
                      0.280058    0.000704    0.667819 ^ clkbuf_2_3__f_clk_i/I (gf180mcu_fd_sc_mcu7t5v0__clkbuf_16)
     9    0.050755    0.206101    0.462870    1.130689 ^ clkbuf_2_3__f_clk_i/Z (gf180mcu_fd_sc_mcu7t5v0__clkbuf_16)
                                                         clknet_2_3__leaf_clk_i (net)
                      0.206104    0.001460    1.132149 ^ _389_/CLK (gf180mcu_fd_sc_mcu7t5v0__dffrnq_1)
     5    0.041949    0.736486    1.691524    2.823673 v _389_/Q (gf180mcu_fd_sc_mcu7t5v0__dffrnq_1)
                                                         baud_cnt[10] (net)
                      0.736486    0.000324    2.823996 v _287_/A1 (gf180mcu_fd_sc_mcu7t5v0__nor2_1)
     1    0.004439    0.480683    0.465468    3.289464 ^ _287_/ZN (gf180mcu_fd_sc_mcu7t5v0__nor2_1)
                                                         _129_ (net)
                      0.480683    0.000044    3.289509 ^ _290_/A2 (gf180mcu_fd_sc_mcu7t5v0__nor3_1)
     1    0.004838    0.352714    0.326774    3.616282 v _290_/ZN (gf180mcu_fd_sc_mcu7t5v0__nor3_1)
                                                         _001_ (net)
                      0.352714    0.000102    3.616385 v _389_/D (gf180mcu_fd_sc_mcu7t5v0__dffrnq_1)
                                              3.616385   data arrival time

                                  0.000000    0.000000   clock clk_i (rise edge)
                                  0.000000    0.000000   clock source latency
     1    0.034824    0.299442    0.141687    0.141687 ^ clk_i (in)
                                                         clk_i (net)
                      0.299445    0.000000    0.141687 ^ clkbuf_0_clk_i/I (gf180mcu_fd_sc_mcu7t5v0__clkbuf_16)
     4    0.099953    0.280058    0.525428    0.667115 ^ clkbuf_0_clk_i/Z (gf180mcu_fd_sc_mcu7t5v0__clkbuf_16)
                                                         clknet_0_clk_i (net)
                      0.280058    0.000704    0.667819 ^ clkbuf_2_3__f_clk_i/I (gf180mcu_fd_sc_mcu7t5v0__clkbuf_16)
     9    0.050755    0.206101    0.462870    1.130689 ^ clkbuf_2_3__f_clk_i/Z (gf180mcu_fd_sc_mcu7t5v0__clkbuf_16)
                                                         clknet_2_3__leaf_clk_i (net)
                      0.206104    0.001460    1.132149 ^ _389_/CLK (gf180mcu_fd_sc_mcu7t5v0__dffrnq_1)
                                  0.250000    1.382149   clock uncertainty
                                  0.000000    1.382149   clock reconvergence pessimism
                                  0.190379    1.572527   library hold time
                                              1.572527   data required time
---------------------------------------------------------------------------------------------
                                              1.572527   data required time
                                             -3.616385   data arrival time
---------------------------------------------------------------------------------------------
                                              2.043857   slack (MET)


Startpoint: _381_ (rising edge-triggered flip-flop clocked by clk_i)
Endpoint: _381_ (rising edge-triggered flip-flop clocked by clk_i)
Path Group: clk_i
Path Type: min

Fanout         Cap        Slew       Delay        Time   Description
---------------------------------------------------------------------------------------------
                                  0.000000    0.000000   clock clk_i (rise edge)
                                  0.000000    0.000000   clock source latency
     1    0.034824    0.299442    0.141687    0.141687 ^ clk_i (in)
                                                         clk_i (net)
                      0.299445    0.000000    0.141687 ^ clkbuf_0_clk_i/I (gf180mcu_fd_sc_mcu7t5v0__clkbuf_16)
     4    0.099953    0.280058    0.525428    0.667115 ^ clkbuf_0_clk_i/Z (gf180mcu_fd_sc_mcu7t5v0__clkbuf_16)
                                                         clknet_0_clk_i (net)
                      0.280059    0.001057    0.668173 ^ clkbuf_2_0__f_clk_i/I (gf180mcu_fd_sc_mcu7t5v0__clkbuf_16)
    10    0.055399    0.213004    0.468014    1.136186 ^ clkbuf_2_0__f_clk_i/Z (gf180mcu_fd_sc_mcu7t5v0__clkbuf_16)
                                                         clknet_2_0__leaf_clk_i (net)
                      0.213014    0.002529    1.138715 ^ _381_/CLK (gf180mcu_fd_sc_mcu7t5v0__dffrnq_1)
     5    0.040293    0.710774    1.676606    2.815321 v _381_/Q (gf180mcu_fd_sc_mcu7t5v0__dffrnq_1)
                                                         baud_cnt[2] (net)
                      0.710776    0.001021    2.816342 v _264_/B (gf180mcu_fd_sc_mcu7t5v0__aoi21_1)
     1    0.005206    0.511965    0.463962    3.280304 ^ _264_/ZN (gf180mcu_fd_sc_mcu7t5v0__aoi21_1)
                                                         _114_ (net)
                      0.511965    0.000098    3.280402 ^ _265_/A3 (gf180mcu_fd_sc_mcu7t5v0__nor3_1)
     1    0.004475    0.344457    0.348785    3.629187 v _265_/ZN (gf180mcu_fd_sc_mcu7t5v0__nor3_1)
                                                         _008_ (net)
                      0.344457    0.000050    3.629237 v _381_/D (gf180mcu_fd_sc_mcu7t5v0__dffrnq_1)
                                              3.629237   data arrival time

                                  0.000000    0.000000   clock clk_i (rise edge)
                                  0.000000    0.000000   clock source latency
     1    0.034824    0.299442    0.141687    0.141687 ^ clk_i (in)
                                                         clk_i (net)
                      0.299445    0.000000    0.141687 ^ clkbuf_0_clk_i/I (gf180mcu_fd_sc_mcu7t5v0__clkbuf_16)
     4    0.099953    0.280058    0.525428    0.667115 ^ clkbuf_0_clk_i/Z (gf180mcu_fd_sc_mcu7t5v0__clkbuf_16)
                                                         clknet_0_clk_i (net)
                      0.280059    0.001057    0.668173 ^ clkbuf_2_0__f_clk_i/I (gf180mcu_fd_sc_mcu7t5v0__clkbuf_16)
    10    0.055399    0.213004    0.468014    1.136186 ^ clkbuf_2_0__f_clk_i/Z (gf180mcu_fd_sc_mcu7t5v0__clkbuf_16)
                                                         clknet_2_0__leaf_clk_i (net)
                      0.213014    0.002529    1.138715 ^ _381_/CLK (gf180mcu_fd_sc_mcu7t5v0__dffrnq_1)
                                  0.250000    1.388715   clock uncertainty
                                  0.000000    1.388715   clock reconvergence pessimism
                                  0.193649    1.582365   library hold time
                                              1.582365   data required time
---------------------------------------------------------------------------------------------
                                              1.582365   data required time
                                             -3.629237   data arrival time
---------------------------------------------------------------------------------------------
                                              2.046873   slack (MET)


Startpoint: _391_ (rising edge-triggered flip-flop clocked by clk_i)
Endpoint: _391_ (rising edge-triggered flip-flop clocked by clk_i)
Path Group: clk_i
Path Type: min

Fanout         Cap        Slew       Delay        Time   Description
---------------------------------------------------------------------------------------------
                                  0.000000    0.000000   clock clk_i (rise edge)
                                  0.000000    0.000000   clock source latency
     1    0.034824    0.299442    0.141687    0.141687 ^ clk_i (in)
                                                         clk_i (net)
                      0.299445    0.000000    0.141687 ^ clkbuf_0_clk_i/I (gf180mcu_fd_sc_mcu7t5v0__clkbuf_16)
     4    0.099953    0.280058    0.525428    0.667115 ^ clkbuf_0_clk_i/Z (gf180mcu_fd_sc_mcu7t5v0__clkbuf_16)
                                                         clknet_0_clk_i (net)
                      0.280059    0.001058    0.668174 ^ clkbuf_2_1__f_clk_i/I (gf180mcu_fd_sc_mcu7t5v0__clkbuf_16)
    10    0.060228    0.220271    0.473897    1.142071 ^ clkbuf_2_1__f_clk_i/Z (gf180mcu_fd_sc_mcu7t5v0__clkbuf_16)
                                                         clknet_2_1__leaf_clk_i (net)
                      0.220277    0.001996    1.144066 ^ _391_/CLK (gf180mcu_fd_sc_mcu7t5v0__dffrnq_1)
     5    0.040236    0.709983    1.677927    2.821993 v _391_/Q (gf180mcu_fd_sc_mcu7t5v0__dffrnq_1)
                                                         baud_cnt[12] (net)
                      0.709984    0.000820    2.822813 v _295_/A1 (gf180mcu_fd_sc_mcu7t5v0__xnor2_1)
     1    0.005106    0.497134    0.581426    3.404239 ^ _295_/ZN (gf180mcu_fd_sc_mcu7t5v0__xnor2_1)
                                                         _135_ (net)
                      0.497134    0.000054    3.404293 ^ _296_/A2 (gf180mcu_fd_sc_mcu7t5v0__nor2_1)
     1    0.003714    0.288802    0.255445    3.659738 v _296_/ZN (gf180mcu_fd_sc_mcu7t5v0__nor2_1)
                                                         _003_ (net)
                      0.288802    0.000038    3.659776 v _391_/D (gf180mcu_fd_sc_mcu7t5v0__dffrnq_1)
                                              3.659776   data arrival time

                                  0.000000    0.000000   clock clk_i (rise edge)
                                  0.000000    0.000000   clock source latency
     1    0.034824    0.299442    0.141687    0.141687 ^ clk_i (in)
                                                         clk_i (net)
                      0.299445    0.000000    0.141687 ^ clkbuf_0_clk_i/I (gf180mcu_fd_sc_mcu7t5v0__clkbuf_16)
     4    0.099953    0.280058    0.525428    0.667115 ^ clkbuf_0_clk_i/Z (gf180mcu_fd_sc_mcu7t5v0__clkbuf_16)
                                                         clknet_0_clk_i (net)
                      0.280059    0.001058    0.668174 ^ clkbuf_2_1__f_clk_i/I (gf180mcu_fd_sc_mcu7t5v0__clkbuf_16)
    10    0.060228    0.220271    0.473897    1.142071 ^ clkbuf_2_1__f_clk_i/Z (gf180mcu_fd_sc_mcu7t5v0__clkbuf_16)
                                                         clknet_2_1__leaf_clk_i (net)
                      0.220277    0.001996    1.144066 ^ _391_/CLK (gf180mcu_fd_sc_mcu7t5v0__dffrnq_1)
                                  0.250000    1.394066   clock uncertainty
                                  0.000000    1.394066   clock reconvergence pessimism
                                  0.207332    1.601399   library hold time
                                              1.601399   data required time
---------------------------------------------------------------------------------------------
                                              1.601399   data required time
                                             -3.659776   data arrival time
---------------------------------------------------------------------------------------------
                                              2.058377   slack (MET)


Startpoint: _387_ (rising edge-triggered flip-flop clocked by clk_i)
Endpoint: _387_ (rising edge-triggered flip-flop clocked by clk_i)
Path Group: clk_i
Path Type: min

Fanout         Cap        Slew       Delay        Time   Description
---------------------------------------------------------------------------------------------
                                  0.000000    0.000000   clock clk_i (rise edge)
                                  0.000000    0.000000   clock source latency
     1    0.034824    0.299442    0.141687    0.141687 ^ clk_i (in)
                                                         clk_i (net)
                      0.299445    0.000000    0.141687 ^ clkbuf_0_clk_i/I (gf180mcu_fd_sc_mcu7t5v0__clkbuf_16)
     4    0.099953    0.280058    0.525428    0.667115 ^ clkbuf_0_clk_i/Z (gf180mcu_fd_sc_mcu7t5v0__clkbuf_16)
                                                         clknet_0_clk_i (net)
                      0.280058    0.000704    0.667819 ^ clkbuf_2_3__f_clk_i/I (gf180mcu_fd_sc_mcu7t5v0__clkbuf_16)
     9    0.050755    0.206101    0.462870    1.130689 ^ clkbuf_2_3__f_clk_i/Z (gf180mcu_fd_sc_mcu7t5v0__clkbuf_16)
                                                         clknet_2_3__leaf_clk_i (net)
                      0.206105    0.001552    1.132241 ^ _387_/CLK (gf180mcu_fd_sc_mcu7t5v0__dffrnq_1)
     6    0.047821    0.827495    1.748257    2.880497 v _387_/Q (gf180mcu_fd_sc_mcu7t5v0__dffrnq_1)
                                                         baud_cnt[8] (net)
                      0.827499    0.000969    2.881466 v _282_/A1 (gf180mcu_fd_sc_mcu7t5v0__xor2_1)
     1    0.004950    0.559381    0.539837    3.421303 ^ _282_/Z (gf180mcu_fd_sc_mcu7t5v0__xor2_1)
                                                         _126_ (net)
                      0.559381    0.000050    3.421353 ^ _283_/A2 (gf180mcu_fd_sc_mcu7t5v0__nor2_1)
     1    0.004036    0.310942    0.272164    3.693517 v _283_/ZN (gf180mcu_fd_sc_mcu7t5v0__nor2_1)
                                                         _014_ (net)
                      0.310942    0.000043    3.693560 v _387_/D (gf180mcu_fd_sc_mcu7t5v0__dffrnq_1)
                                              3.693560   data arrival time

                                  0.000000    0.000000   clock clk_i (rise edge)
                                  0.000000    0.000000   clock source latency
     1    0.034824    0.299442    0.141687    0.141687 ^ clk_i (in)
                                                         clk_i (net)
                      0.299445    0.000000    0.141687 ^ clkbuf_0_clk_i/I (gf180mcu_fd_sc_mcu7t5v0__clkbuf_16)
     4    0.099953    0.280058    0.525428    0.667115 ^ clkbuf_0_clk_i/Z (gf180mcu_fd_sc_mcu7t5v0__clkbuf_16)
                                                         clknet_0_clk_i (net)
                      0.280058    0.000704    0.667819 ^ clkbuf_2_3__f_clk_i/I (gf180mcu_fd_sc_mcu7t5v0__clkbuf_16)
     9    0.050755    0.206101    0.462870    1.130689 ^ clkbuf_2_3__f_clk_i/Z (gf180mcu_fd_sc_mcu7t5v0__clkbuf_16)
                                                         clknet_2_3__leaf_clk_i (net)
                      0.206105    0.001552    1.132241 ^ _387_/CLK (gf180mcu_fd_sc_mcu7t5v0__dffrnq_1)
                                  0.250000    1.382241   clock uncertainty
                                  0.000000    1.382241   clock reconvergence pessimism
                                  0.199554    1.581794   library hold time
                                              1.581794   data required time
---------------------------------------------------------------------------------------------
                                              1.581794   data required time
                                             -3.693560   data arrival time
---------------------------------------------------------------------------------------------
                                              2.111766   slack (MET)


Startpoint: _379_ (rising edge-triggered flip-flop clocked by clk_i)
Endpoint: _380_ (rising edge-triggered flip-flop clocked by clk_i)
Path Group: clk_i
Path Type: min

Fanout         Cap        Slew       Delay        Time   Description
---------------------------------------------------------------------------------------------
                                  0.000000    0.000000   clock clk_i (rise edge)
                                  0.000000    0.000000   clock source latency
     1    0.034824    0.299442    0.141687    0.141687 ^ clk_i (in)
                                                         clk_i (net)
                      0.299445    0.000000    0.141687 ^ clkbuf_0_clk_i/I (gf180mcu_fd_sc_mcu7t5v0__clkbuf_16)
     4    0.099953    0.280058    0.525428    0.667115 ^ clkbuf_0_clk_i/Z (gf180mcu_fd_sc_mcu7t5v0__clkbuf_16)
                                                         clknet_0_clk_i (net)
                      0.280059    0.001057    0.668173 ^ clkbuf_2_0__f_clk_i/I (gf180mcu_fd_sc_mcu7t5v0__clkbuf_16)
    10    0.055399    0.213004    0.468014    1.136186 ^ clkbuf_2_0__f_clk_i/Z (gf180mcu_fd_sc_mcu7t5v0__clkbuf_16)
                                                         clknet_2_0__leaf_clk_i (net)
                      0.213015    0.002625    1.138811 ^ _379_/CLK (gf180mcu_fd_sc_mcu7t5v0__dffrnq_1)
     7    0.049354    0.851344    1.764935    2.903746 v _379_/Q (gf180mcu_fd_sc_mcu7t5v0__dffrnq_1)
                                                         baud_cnt[0] (net)
                      0.851356    0.001798    2.905544 v _261_/A1 (gf180mcu_fd_sc_mcu7t5v0__xor2_1)
     1    0.004714    0.530961    0.539598    3.445143 ^ _261_/Z (gf180mcu_fd_sc_mcu7t5v0__xor2_1)
                                                         _112_ (net)
                      0.530961    0.000046    3.445189 ^ _262_/A2 (gf180mcu_fd_sc_mcu7t5v0__nor2_1)
     1    0.003767    0.298315    0.262135    3.707324 v _262_/ZN (gf180mcu_fd_sc_mcu7t5v0__nor2_1)
                                                         _007_ (net)
                      0.298315    0.000039    3.707362 v _380_/D (gf180mcu_fd_sc_mcu7t5v0__dffrnq_1)
                                              3.707362   data arrival time

                                  0.000000    0.000000   clock clk_i (rise edge)
                                  0.000000    0.000000   clock source latency
     1    0.034824    0.299442    0.141687    0.141687 ^ clk_i (in)
                                                         clk_i (net)
                      0.299445    0.000000    0.141687 ^ clkbuf_0_clk_i/I (gf180mcu_fd_sc_mcu7t5v0__clkbuf_16)
     4    0.099953    0.280058    0.525428    0.667115 ^ clkbuf_0_clk_i/Z (gf180mcu_fd_sc_mcu7t5v0__clkbuf_16)
                                                         clknet_0_clk_i (net)
                      0.280059    0.001057    0.668173 ^ clkbuf_2_0__f_clk_i/I (gf180mcu_fd_sc_mcu7t5v0__clkbuf_16)
    10    0.055399    0.213004    0.468014    1.136186 ^ clkbuf_2_0__f_clk_i/Z (gf180mcu_fd_sc_mcu7t5v0__clkbuf_16)
                                                         clknet_2_0__leaf_clk_i (net)
                      0.213015    0.002650    1.138837 ^ _380_/CLK (gf180mcu_fd_sc_mcu7t5v0__dffrnq_1)
                                  0.250000    1.388837   clock uncertainty
                                  0.000000    1.388837   clock reconvergence pessimism
                                  0.203755    1.592592   library hold time
                                              1.592592   data required time
---------------------------------------------------------------------------------------------
                                              1.592592   data required time
                                             -3.707362   data arrival time
---------------------------------------------------------------------------------------------
                                              2.114770   slack (MET)


Startpoint: _385_ (rising edge-triggered flip-flop clocked by clk_i)
Endpoint: _385_ (rising edge-triggered flip-flop clocked by clk_i)
Path Group: clk_i
Path Type: min

Fanout         Cap        Slew       Delay        Time   Description
---------------------------------------------------------------------------------------------
                                  0.000000    0.000000   clock clk_i (rise edge)
                                  0.000000    0.000000   clock source latency
     1    0.034824    0.299442    0.141687    0.141687 ^ clk_i (in)
                                                         clk_i (net)
                      0.299445    0.000000    0.141687 ^ clkbuf_0_clk_i/I (gf180mcu_fd_sc_mcu7t5v0__clkbuf_16)
     4    0.099953    0.280058    0.525428    0.667115 ^ clkbuf_0_clk_i/Z (gf180mcu_fd_sc_mcu7t5v0__clkbuf_16)
                                                         clknet_0_clk_i (net)
                      0.280059    0.001057    0.668173 ^ clkbuf_2_0__f_clk_i/I (gf180mcu_fd_sc_mcu7t5v0__clkbuf_16)
    10    0.055399    0.213004    0.468014    1.136186 ^ clkbuf_2_0__f_clk_i/Z (gf180mcu_fd_sc_mcu7t5v0__clkbuf_16)
                                                         clknet_2_0__leaf_clk_i (net)
                      0.213010    0.001989    1.138175 ^ _385_/CLK (gf180mcu_fd_sc_mcu7t5v0__dffrnq_1)
     5    0.045744    0.795188    1.729730    2.867905 v _385_/Q (gf180mcu_fd_sc_mcu7t5v0__dffrnq_1)
                                                         baud_cnt[6] (net)
                      0.795189    0.000937    2.868842 v _276_/A1 (gf180mcu_fd_sc_mcu7t5v0__xnor2_1)
     1    0.005258    0.501158    0.612963    3.481805 ^ _276_/ZN (gf180mcu_fd_sc_mcu7t5v0__xnor2_1)
                                                         _122_ (net)
                      0.501158    0.000056    3.481861 ^ _277_/A2 (gf180mcu_fd_sc_mcu7t5v0__nor2_1)
     1    0.003569    0.286795    0.253429    3.735290 v _277_/ZN (gf180mcu_fd_sc_mcu7t5v0__nor2_1)
                                                         _012_ (net)
                      0.286795    0.000035    3.735325 v _385_/D (gf180mcu_fd_sc_mcu7t5v0__dffrnq_1)
                                              3.735325   data arrival time

                                  0.000000    0.000000   clock clk_i (rise edge)
                                  0.000000    0.000000   clock source latency
     1    0.034824    0.299442    0.141687    0.141687 ^ clk_i (in)
                                                         clk_i (net)
                      0.299445    0.000000    0.141687 ^ clkbuf_0_clk_i/I (gf180mcu_fd_sc_mcu7t5v0__clkbuf_16)
     4    0.099953    0.280058    0.525428    0.667115 ^ clkbuf_0_clk_i/Z (gf180mcu_fd_sc_mcu7t5v0__clkbuf_16)
                                                         clknet_0_clk_i (net)
                      0.280059    0.001057    0.668173 ^ clkbuf_2_0__f_clk_i/I (gf180mcu_fd_sc_mcu7t5v0__clkbuf_16)
    10    0.055399    0.213004    0.468014    1.136186 ^ clkbuf_2_0__f_clk_i/Z (gf180mcu_fd_sc_mcu7t5v0__clkbuf_16)
                                                         clknet_2_0__leaf_clk_i (net)
                      0.213010    0.001989    1.138175 ^ _385_/CLK (gf180mcu_fd_sc_mcu7t5v0__dffrnq_1)
                                  0.250000    1.388175   clock uncertainty
                                  0.000000    1.388175   clock reconvergence pessimism
                                  0.206277    1.594452   library hold time
                                              1.594452   data required time
---------------------------------------------------------------------------------------------
                                              1.594452   data required time
                                             -3.735325   data arrival time
---------------------------------------------------------------------------------------------
                                              2.140873   slack (MET)


Startpoint: _379_ (rising edge-triggered flip-flop clocked by clk_i)
Endpoint: _379_ (rising edge-triggered flip-flop clocked by clk_i)
Path Group: clk_i
Path Type: min

Fanout         Cap        Slew       Delay        Time   Description
---------------------------------------------------------------------------------------------
                                  0.000000    0.000000   clock clk_i (rise edge)
                                  0.000000    0.000000   clock source latency
     1    0.034824    0.299442    0.141687    0.141687 ^ clk_i (in)
                                                         clk_i (net)
                      0.299445    0.000000    0.141687 ^ clkbuf_0_clk_i/I (gf180mcu_fd_sc_mcu7t5v0__clkbuf_16)
     4    0.099953    0.280058    0.525428    0.667115 ^ clkbuf_0_clk_i/Z (gf180mcu_fd_sc_mcu7t5v0__clkbuf_16)
                                                         clknet_0_clk_i (net)
                      0.280059    0.001057    0.668173 ^ clkbuf_2_0__f_clk_i/I (gf180mcu_fd_sc_mcu7t5v0__clkbuf_16)
    10    0.055399    0.213004    0.468014    1.136186 ^ clkbuf_2_0__f_clk_i/Z (gf180mcu_fd_sc_mcu7t5v0__clkbuf_16)
                                                         clknet_2_0__leaf_clk_i (net)
                      0.213015    0.002625    1.138811 ^ _379_/CLK (gf180mcu_fd_sc_mcu7t5v0__dffrnq_1)
     7    0.049354    0.851344    1.764935    2.903746 v _379_/Q (gf180mcu_fd_sc_mcu7t5v0__dffrnq_1)
                                                         baud_cnt[0] (net)
                      0.851349    0.001063    2.904809 v _260_/A1 (gf180mcu_fd_sc_mcu7t5v0__nor2_1)
     1    0.003561    0.488988    0.466558    3.371368 ^ _260_/ZN (gf180mcu_fd_sc_mcu7t5v0__nor2_1)
                                                         _000_ (net)
                      0.488988    0.000036    3.371404 ^ _379_/D (gf180mcu_fd_sc_mcu7t5v0__dffrnq_1)
                                              3.371404   data arrival time

                                  0.000000    0.000000   clock clk_i (rise edge)
                                  0.000000    0.000000   clock source latency
     1    0.034824    0.299442    0.141687    0.141687 ^ clk_i (in)
                                                         clk_i (net)
                      0.299445    0.000000    0.141687 ^ clkbuf_0_clk_i/I (gf180mcu_fd_sc_mcu7t5v0__clkbuf_16)
     4    0.099953    0.280058    0.525428    0.667115 ^ clkbuf_0_clk_i/Z (gf180mcu_fd_sc_mcu7t5v0__clkbuf_16)
                                                         clknet_0_clk_i (net)
                      0.280059    0.001057    0.668173 ^ clkbuf_2_0__f_clk_i/I (gf180mcu_fd_sc_mcu7t5v0__clkbuf_16)
    10    0.055399    0.213004    0.468014    1.136186 ^ clkbuf_2_0__f_clk_i/Z (gf180mcu_fd_sc_mcu7t5v0__clkbuf_16)
                                                         clknet_2_0__leaf_clk_i (net)
                      0.213015    0.002625    1.138811 ^ _379_/CLK (gf180mcu_fd_sc_mcu7t5v0__dffrnq_1)
                                  0.250000    1.388811   clock uncertainty
                                  0.000000    1.388811   clock reconvergence pessimism
                                 -0.236067    1.152744   library hold time
                                              1.152744   data required time
---------------------------------------------------------------------------------------------
                                              1.152744   data required time
                                             -3.371404   data arrival time
---------------------------------------------------------------------------------------------
                                              2.218660   slack (MET)


Startpoint: _366_ (rising edge-triggered flip-flop clocked by clk_i)
Endpoint: _395_ (rising edge-triggered flip-flop clocked by clk_i)
Path Group: clk_i
Path Type: min

Fanout         Cap        Slew       Delay        Time   Description
---------------------------------------------------------------------------------------------
                                  0.000000    0.000000   clock clk_i (rise edge)
                                  0.000000    0.000000   clock source latency
     1    0.034824    0.299442    0.141687    0.141687 ^ clk_i (in)
                                                         clk_i (net)
                      0.299445    0.000000    0.141687 ^ clkbuf_0_clk_i/I (gf180mcu_fd_sc_mcu7t5v0__clkbuf_16)
     4    0.099953    0.280058    0.525428    0.667115 ^ clkbuf_0_clk_i/Z (gf180mcu_fd_sc_mcu7t5v0__clkbuf_16)
                                                         clknet_0_clk_i (net)
                      0.280058    0.000349    0.667464 ^ clkbuf_2_2__f_clk_i/I (gf180mcu_fd_sc_mcu7t5v0__clkbuf_16)
    10    0.057746    0.216607    0.471241    1.138705 ^ clkbuf_2_2__f_clk_i/Z (gf180mcu_fd_sc_mcu7t5v0__clkbuf_16)
                                                         clknet_2_2__leaf_clk_i (net)
                      0.216609    0.000818    1.139523 ^ _366_/CLK (gf180mcu_fd_sc_mcu7t5v0__dffrnq_1)
     5    0.037266    0.664511    1.647842    2.787365 v _366_/Q (gf180mcu_fd_sc_mcu7t5v0__dffrnq_1)
                                                         CS[2] (net)
                      0.664514    0.001126    2.788491 v _251_/A1 (gf180mcu_fd_sc_mcu7t5v0__xor2_1)
     3    0.020261    1.360537    0.946847    3.735338 ^ _251_/Z (gf180mcu_fd_sc_mcu7t5v0__xor2_1)
                                                         _108_ (net)
                      1.360537    0.000313    3.735651 ^ _253_/A2 (gf180mcu_fd_sc_mcu7t5v0__aoi21_1)
     1    0.003401    0.309787    0.189374    3.925025 v _253_/ZN (gf180mcu_fd_sc_mcu7t5v0__aoi21_1)
                                                         _016_ (net)
                      0.309787    0.000033    3.925059 v _395_/D (gf180mcu_fd_sc_mcu7t5v0__dffrnq_1)
                                              3.925059   data arrival time

                                  0.000000    0.000000   clock clk_i (rise edge)
                                  0.000000    0.000000   clock source latency
     1    0.034824    0.299442    0.141687    0.141687 ^ clk_i (in)
                                                         clk_i (net)
                      0.299445    0.000000    0.141687 ^ clkbuf_0_clk_i/I (gf180mcu_fd_sc_mcu7t5v0__clkbuf_16)
     4    0.099953    0.280058    0.525428    0.667115 ^ clkbuf_0_clk_i/Z (gf180mcu_fd_sc_mcu7t5v0__clkbuf_16)
                                                         clknet_0_clk_i (net)
                      0.280059    0.001058    0.668174 ^ clkbuf_2_1__f_clk_i/I (gf180mcu_fd_sc_mcu7t5v0__clkbuf_16)
    10    0.060228    0.220271    0.473897    1.142071 ^ clkbuf_2_1__f_clk_i/Z (gf180mcu_fd_sc_mcu7t5v0__clkbuf_16)
                                                         clknet_2_1__leaf_clk_i (net)
                      0.220271    0.000271    1.142342 ^ _395_/CLK (gf180mcu_fd_sc_mcu7t5v0__dffrnq_1)
                                  0.250000    1.392342   clock uncertainty
                                  0.000000    1.392342   clock reconvergence pessimism
                                  0.202750    1.595091   library hold time
                                              1.595091   data required time
---------------------------------------------------------------------------------------------
                                              1.595091   data required time
                                             -3.925059   data arrival time
---------------------------------------------------------------------------------------------
                                              2.329967   slack (MET)


Startpoint: _385_ (rising edge-triggered flip-flop clocked by clk_i)
Endpoint: _386_ (rising edge-triggered flip-flop clocked by clk_i)
Path Group: clk_i
Path Type: min

Fanout         Cap        Slew       Delay        Time   Description
---------------------------------------------------------------------------------------------
                                  0.000000    0.000000   clock clk_i (rise edge)
                                  0.000000    0.000000   clock source latency
     1    0.034824    0.299442    0.141687    0.141687 ^ clk_i (in)
                                                         clk_i (net)
                      0.299445    0.000000    0.141687 ^ clkbuf_0_clk_i/I (gf180mcu_fd_sc_mcu7t5v0__clkbuf_16)
     4    0.099953    0.280058    0.525428    0.667115 ^ clkbuf_0_clk_i/Z (gf180mcu_fd_sc_mcu7t5v0__clkbuf_16)
                                                         clknet_0_clk_i (net)
                      0.280059    0.001057    0.668173 ^ clkbuf_2_0__f_clk_i/I (gf180mcu_fd_sc_mcu7t5v0__clkbuf_16)
    10    0.055399    0.213004    0.468014    1.136186 ^ clkbuf_2_0__f_clk_i/Z (gf180mcu_fd_sc_mcu7t5v0__clkbuf_16)
                                                         clknet_2_0__leaf_clk_i (net)
                      0.213010    0.001989    1.138175 ^ _385_/CLK (gf180mcu_fd_sc_mcu7t5v0__dffrnq_1)
     5    0.045744    0.795188    1.729730    2.867905 v _385_/Q (gf180mcu_fd_sc_mcu7t5v0__dffrnq_1)
                                                         baud_cnt[6] (net)
                      0.795190    0.001224    2.869130 v _275_/A1 (gf180mcu_fd_sc_mcu7t5v0__nand2_1)
     1    0.005212    0.355684    0.385423    3.254553 ^ _275_/ZN (gf180mcu_fd_sc_mcu7t5v0__nand2_1)
                                                         _121_ (net)
                      0.355684    0.000052    3.254605 ^ _278_/A2 (gf180mcu_fd_sc_mcu7t5v0__nand2_1)
     1    0.003378    0.218980    0.187104    3.441709 v _278_/ZN (gf180mcu_fd_sc_mcu7t5v0__nand2_1)
                                                         _123_ (net)
                      0.218980    0.000062    3.441771 v _280_/A3 (gf180mcu_fd_sc_mcu7t5v0__and4_1)
     1    0.004943    0.227653    0.608587    4.050357 v _280_/Z (gf180mcu_fd_sc_mcu7t5v0__and4_1)
                                                         _013_ (net)
                      0.227653    0.000099    4.050457 v _386_/D (gf180mcu_fd_sc_mcu7t5v0__dffrnq_1)
                                              4.050457   data arrival time

                                  0.000000    0.000000   clock clk_i (rise edge)
                                  0.000000    0.000000   clock source latency
     1    0.034824    0.299442    0.141687    0.141687 ^ clk_i (in)
                                                         clk_i (net)
                      0.299445    0.000000    0.141687 ^ clkbuf_0_clk_i/I (gf180mcu_fd_sc_mcu7t5v0__clkbuf_16)
     4    0.099953    0.280058    0.525428    0.667115 ^ clkbuf_0_clk_i/Z (gf180mcu_fd_sc_mcu7t5v0__clkbuf_16)
                                                         clknet_0_clk_i (net)
                      0.280059    0.001057    0.668173 ^ clkbuf_2_0__f_clk_i/I (gf180mcu_fd_sc_mcu7t5v0__clkbuf_16)
    10    0.055399    0.213004    0.468014    1.136186 ^ clkbuf_2_0__f_clk_i/Z (gf180mcu_fd_sc_mcu7t5v0__clkbuf_16)
                                                         clknet_2_0__leaf_clk_i (net)
                      0.213006    0.001017    1.137203 ^ _386_/CLK (gf180mcu_fd_sc_mcu7t5v0__dffrnq_1)
                                  0.250000    1.387203   clock uncertainty
                                  0.000000    1.387203   clock reconvergence pessimism
                                  0.219683    1.606886   library hold time
                                              1.606886   data required time
---------------------------------------------------------------------------------------------
                                              1.606886   data required time
                                             -4.050457   data arrival time
---------------------------------------------------------------------------------------------
                                              2.443571   slack (MET)


Startpoint: _365_ (rising edge-triggered flip-flop clocked by clk_i)
Endpoint: _365_ (rising edge-triggered flip-flop clocked by clk_i)
Path Group: clk_i
Path Type: min

Fanout         Cap        Slew       Delay        Time   Description
---------------------------------------------------------------------------------------------
                                  0.000000    0.000000   clock clk_i (rise edge)
                                  0.000000    0.000000   clock source latency
     1    0.034824    0.299442    0.141687    0.141687 ^ clk_i (in)
                                                         clk_i (net)
                      0.299445    0.000000    0.141687 ^ clkbuf_0_clk_i/I (gf180mcu_fd_sc_mcu7t5v0__clkbuf_16)
     4    0.099953    0.280058    0.525428    0.667115 ^ clkbuf_0_clk_i/Z (gf180mcu_fd_sc_mcu7t5v0__clkbuf_16)
                                                         clknet_0_clk_i (net)
                      0.280058    0.000349    0.667464 ^ clkbuf_2_2__f_clk_i/I (gf180mcu_fd_sc_mcu7t5v0__clkbuf_16)
    10    0.057746    0.216607    0.471241    1.138705 ^ clkbuf_2_2__f_clk_i/Z (gf180mcu_fd_sc_mcu7t5v0__clkbuf_16)
                                                         clknet_2_2__leaf_clk_i (net)
                      0.216609    0.000926    1.139632 ^ _365_/CLK (gf180mcu_fd_sc_mcu7t5v0__dffrnq_1)
     7    0.050464    0.868613    1.776689    2.916321 v _365_/Q (gf180mcu_fd_sc_mcu7t5v0__dffrnq_1)
                                                         CS[1] (net)
                      0.868623    0.001737    2.918057 v _327_/I0 (gf180mcu_fd_sc_mcu7t5v0__mux2_2)
     1    0.003267    0.192066    0.765556    3.683614 v _327_/Z (gf180mcu_fd_sc_mcu7t5v0__mux2_2)
                                                         _158_ (net)
                      0.192066    0.000032    3.683645 v _328_/A2 (gf180mcu_fd_sc_mcu7t5v0__and2_1)
     1    0.003380    0.187025    0.451022    4.134667 v _328_/Z (gf180mcu_fd_sc_mcu7t5v0__and2_1)
                                                         _024_ (net)
                      0.187025    0.000032    4.134699 v _365_/D (gf180mcu_fd_sc_mcu7t5v0__dffrnq_1)
                                              4.134699   data arrival time

                                  0.000000    0.000000   clock clk_i (rise edge)
                                  0.000000    0.000000   clock source latency
     1    0.034824    0.299442    0.141687    0.141687 ^ clk_i (in)
                                                         clk_i (net)
                      0.299445    0.000000    0.141687 ^ clkbuf_0_clk_i/I (gf180mcu_fd_sc_mcu7t5v0__clkbuf_16)
     4    0.099953    0.280058    0.525428    0.667115 ^ clkbuf_0_clk_i/Z (gf180mcu_fd_sc_mcu7t5v0__clkbuf_16)
                                                         clknet_0_clk_i (net)
                      0.280058    0.000349    0.667464 ^ clkbuf_2_2__f_clk_i/I (gf180mcu_fd_sc_mcu7t5v0__clkbuf_16)
    10    0.057746    0.216607    0.471241    1.138705 ^ clkbuf_2_2__f_clk_i/Z (gf180mcu_fd_sc_mcu7t5v0__clkbuf_16)
                                                         clknet_2_2__leaf_clk_i (net)
                      0.216609    0.000926    1.139632 ^ _365_/CLK (gf180mcu_fd_sc_mcu7t5v0__dffrnq_1)
                                  0.250000    1.389632   clock uncertainty
                                  0.000000    1.389632   clock reconvergence pessimism
                                  0.231218    1.620849   library hold time
                                              1.620849   data required time
---------------------------------------------------------------------------------------------
                                              1.620849   data required time
                                             -4.134699   data arrival time
---------------------------------------------------------------------------------------------
                                              2.513850   slack (MET)


Startpoint: _383_ (rising edge-triggered flip-flop clocked by clk_i)
Endpoint: _383_ (rising edge-triggered flip-flop clocked by clk_i)
Path Group: clk_i
Path Type: min

Fanout         Cap        Slew       Delay        Time   Description
---------------------------------------------------------------------------------------------
                                  0.000000    0.000000   clock clk_i (rise edge)
                                  0.000000    0.000000   clock source latency
     1    0.034824    0.299442    0.141687    0.141687 ^ clk_i (in)
                                                         clk_i (net)
                      0.299445    0.000000    0.141687 ^ clkbuf_0_clk_i/I (gf180mcu_fd_sc_mcu7t5v0__clkbuf_16)
     4    0.099953    0.280058    0.525428    0.667115 ^ clkbuf_0_clk_i/Z (gf180mcu_fd_sc_mcu7t5v0__clkbuf_16)
                                                         clknet_0_clk_i (net)
                      0.280059    0.001057    0.668173 ^ clkbuf_2_0__f_clk_i/I (gf180mcu_fd_sc_mcu7t5v0__clkbuf_16)
    10    0.055399    0.213004    0.468014    1.136186 ^ clkbuf_2_0__f_clk_i/Z (gf180mcu_fd_sc_mcu7t5v0__clkbuf_16)
                                                         clknet_2_0__leaf_clk_i (net)
                      0.213013    0.002388    1.138574 ^ _383_/CLK (gf180mcu_fd_sc_mcu7t5v0__dffrnq_1)
     3    0.014431    0.345752    1.409076    2.547650 v _383_/Q (gf180mcu_fd_sc_mcu7t5v0__dffrnq_1)
                                                         baud_cnt[4] (net)
                      0.345752    0.000117    2.547767 v _187_/I (gf180mcu_fd_sc_mcu7t5v0__clkinv_1)
     4    0.032718    0.966057    0.665940    3.213707 ^ _187_/ZN (gf180mcu_fd_sc_mcu7t5v0__clkinv_1)
                                                         _045_ (net)
                      0.966057    0.000485    3.214192 ^ _269_/A1 (gf180mcu_fd_sc_mcu7t5v0__xor2_1)
     1    0.004925    0.542220    0.788104    4.002296 ^ _269_/Z (gf180mcu_fd_sc_mcu7t5v0__xor2_1)
                                                         _117_ (net)
                      0.542220    0.000050    4.002346 ^ _270_/A2 (gf180mcu_fd_sc_mcu7t5v0__nor2_1)
     1    0.003568    0.297007    0.260224    4.262570 v _270_/ZN (gf180mcu_fd_sc_mcu7t5v0__nor2_1)
                                                         _010_ (net)
                      0.297007    0.000035    4.262605 v _383_/D (gf180mcu_fd_sc_mcu7t5v0__dffrnq_1)
                                              4.262605   data arrival time

                                  0.000000    0.000000   clock clk_i (rise edge)
                                  0.000000    0.000000   clock source latency
     1    0.034824    0.299442    0.141687    0.141687 ^ clk_i (in)
                                                         clk_i (net)
                      0.299445    0.000000    0.141687 ^ clkbuf_0_clk_i/I (gf180mcu_fd_sc_mcu7t5v0__clkbuf_16)
     4    0.099953    0.280058    0.525428    0.667115 ^ clkbuf_0_clk_i/Z (gf180mcu_fd_sc_mcu7t5v0__clkbuf_16)
                                                         clknet_0_clk_i (net)
                      0.280059    0.001057    0.668173 ^ clkbuf_2_0__f_clk_i/I (gf180mcu_fd_sc_mcu7t5v0__clkbuf_16)
    10    0.055399    0.213004    0.468014    1.136186 ^ clkbuf_2_0__f_clk_i/Z (gf180mcu_fd_sc_mcu7t5v0__clkbuf_16)
                                                         clknet_2_0__leaf_clk_i (net)
                      0.213013    0.002388    1.138574 ^ _383_/CLK (gf180mcu_fd_sc_mcu7t5v0__dffrnq_1)
                                  0.250000    1.388574   clock uncertainty
                                  0.000000    1.388574   clock reconvergence pessimism
                                  0.204041    1.592615   library hold time
                                              1.592615   data required time
---------------------------------------------------------------------------------------------
                                              1.592615   data required time
                                             -4.262605   data arrival time
---------------------------------------------------------------------------------------------
                                              2.669989   slack (MET)


Startpoint: _395_ (rising edge-triggered flip-flop clocked by clk_i)
Endpoint: _364_ (rising edge-triggered flip-flop clocked by clk_i)
Path Group: clk_i
Path Type: min

Fanout         Cap        Slew       Delay        Time   Description
---------------------------------------------------------------------------------------------
                                  0.000000    0.000000   clock clk_i (rise edge)
                                  0.000000    0.000000   clock source latency
     1    0.034824    0.299442    0.141687    0.141687 ^ clk_i (in)
                                                         clk_i (net)
                      0.299445    0.000000    0.141687 ^ clkbuf_0_clk_i/I (gf180mcu_fd_sc_mcu7t5v0__clkbuf_16)
     4    0.099953    0.280058    0.525428    0.667115 ^ clkbuf_0_clk_i/Z (gf180mcu_fd_sc_mcu7t5v0__clkbuf_16)
                                                         clknet_0_clk_i (net)
                      0.280059    0.001058    0.668174 ^ clkbuf_2_1__f_clk_i/I (gf180mcu_fd_sc_mcu7t5v0__clkbuf_16)
    10    0.060228    0.220271    0.473897    1.142071 ^ clkbuf_2_1__f_clk_i/Z (gf180mcu_fd_sc_mcu7t5v0__clkbuf_16)
                                                         clknet_2_1__leaf_clk_i (net)
                      0.220271    0.000271    1.142342 ^ _395_/CLK (gf180mcu_fd_sc_mcu7t5v0__dffrnq_1)
     7    0.042602    1.274674    2.316749    3.459091 ^ _395_/Q (gf180mcu_fd_sc_mcu7t5v0__dffrnq_1)
                                                         bit_done (net)
                      1.274674    0.000612    3.459703 ^ _314_/A1 (gf180mcu_fd_sc_mcu7t5v0__nor2_1)
     1    0.005318    0.442317    0.278548    3.738251 v _314_/ZN (gf180mcu_fd_sc_mcu7t5v0__nor2_1)
                                                         _146_ (net)
                      0.442317    0.000057    3.738308 v _324_/B (gf180mcu_fd_sc_mcu7t5v0__aoi21_1)
     1    0.007300    0.546185    0.461000    4.199308 ^ _324_/ZN (gf180mcu_fd_sc_mcu7t5v0__aoi21_1)
                                                         _156_ (net)
                      0.546185    0.000167    4.199475 ^ _325_/A2 (gf180mcu_fd_sc_mcu7t5v0__nor2_1)
     1    0.003751    0.248602    0.264404    4.463879 v _325_/ZN (gf180mcu_fd_sc_mcu7t5v0__nor2_1)
                                                         _023_ (net)
                      0.248602    0.000039    4.463918 v _364_/D (gf180mcu_fd_sc_mcu7t5v0__dffrnq_1)
                                              4.463918   data arrival time

                                  0.000000    0.000000   clock clk_i (rise edge)
                                  0.000000    0.000000   clock source latency
     1    0.034824    0.299442    0.141687    0.141687 ^ clk_i (in)
                                                         clk_i (net)
                      0.299445    0.000000    0.141687 ^ clkbuf_0_clk_i/I (gf180mcu_fd_sc_mcu7t5v0__clkbuf_16)
     4    0.099953    0.280058    0.525428    0.667115 ^ clkbuf_0_clk_i/Z (gf180mcu_fd_sc_mcu7t5v0__clkbuf_16)
                                                         clknet_0_clk_i (net)
                      0.280058    0.000349    0.667464 ^ clkbuf_2_2__f_clk_i/I (gf180mcu_fd_sc_mcu7t5v0__clkbuf_16)
    10    0.057746    0.216607    0.471241    1.138705 ^ clkbuf_2_2__f_clk_i/Z (gf180mcu_fd_sc_mcu7t5v0__clkbuf_16)
                                                         clknet_2_2__leaf_clk_i (net)
                      0.216608    0.000606    1.139311 ^ _364_/CLK (gf180mcu_fd_sc_mcu7t5v0__dffrnq_1)
                                  0.250000    1.389311   clock uncertainty
                                  0.000000    1.389311   clock reconvergence pessimism
                                  0.215369    1.604680   library hold time
                                              1.604680   data required time
---------------------------------------------------------------------------------------------
                                              1.604680   data required time
                                             -4.463918   data arrival time
---------------------------------------------------------------------------------------------
                                              2.859238   slack (MET)


Startpoint: rx_i (input port clocked by clk_i)
Endpoint: _396_ (rising edge-triggered flip-flop clocked by clk_i)
Path Group: clk_i
Path Type: min

Fanout         Cap        Slew       Delay        Time   Description
---------------------------------------------------------------------------------------------
                                  0.000000    0.000000   clock clk_i (rise edge)
                                  0.000000    0.000000   clock network delay (propagated)
                                  4.000000    4.000000 ^ input external delay
     1    0.004830    0.219800    0.077562    4.077562 ^ rx_i (in)
                                                         rx_i (net)
                      0.219800    0.000000    4.077562 ^ input22/I (gf180mcu_fd_sc_mcu7t5v0__dlyb_1)
     1    0.004043    0.279296    1.673714    5.751276 ^ input22/Z (gf180mcu_fd_sc_mcu7t5v0__dlyb_1)
                                                         net22 (net)
                      0.279296    0.000075    5.751352 ^ _306_/A2 (gf180mcu_fd_sc_mcu7t5v0__or2_1)
     1    0.003476    0.216753    0.429928    6.181280 ^ _306_/Z (gf180mcu_fd_sc_mcu7t5v0__or2_1)
                                                         _017_ (net)
                      0.216753    0.000036    6.181316 ^ _396_/D (gf180mcu_fd_sc_mcu7t5v0__dffsnq_1)
                                              6.181316   data arrival time

                                  0.000000    0.000000   clock clk_i (rise edge)
                                  0.000000    0.000000   clock source latency
     1    0.034824    0.299442    0.141687    0.141687 ^ clk_i (in)
                                                         clk_i (net)
                      0.299445    0.000000    0.141687 ^ clkbuf_0_clk_i/I (gf180mcu_fd_sc_mcu7t5v0__clkbuf_16)
     4    0.099953    0.280058    0.525428    0.667115 ^ clkbuf_0_clk_i/Z (gf180mcu_fd_sc_mcu7t5v0__clkbuf_16)
                                                         clknet_0_clk_i (net)
                      0.280059    0.001057    0.668173 ^ clkbuf_2_0__f_clk_i/I (gf180mcu_fd_sc_mcu7t5v0__clkbuf_16)
    10    0.055399    0.213004    0.468014    1.136186 ^ clkbuf_2_0__f_clk_i/Z (gf180mcu_fd_sc_mcu7t5v0__clkbuf_16)
                                                         clknet_2_0__leaf_clk_i (net)
                      0.213008    0.001725    1.137911 ^ _396_/CLK (gf180mcu_fd_sc_mcu7t5v0__dffsnq_1)
                                  0.250000    1.387911   clock uncertainty
                                  0.000000    1.387911   clock reconvergence pessimism
                                 -0.069275    1.318636   library hold time
                                              1.318636   data required time
---------------------------------------------------------------------------------------------
                                              1.318636   data required time
                                             -6.181316   data arrival time
---------------------------------------------------------------------------------------------
                                              4.862680   slack (MET)


Startpoint: rstn_i (input port clocked by clk_i)
Endpoint: _391_ (removal check against rising-edge clock clk_i)
Path Group: asynchronous
Path Type: min

Fanout         Cap        Slew       Delay        Time   Description
---------------------------------------------------------------------------------------------
                                  0.000000    0.000000   clock clk_i (rise edge)
                                  0.000000    0.000000   clock network delay (propagated)
                                  4.000000    4.000000 ^ input external delay
     1    0.004615    0.213991    0.074141    4.074141 ^ rstn_i (in)
                                                         rstn_i (net)
                      0.213991    0.000000    4.074141 ^ input21/I (gf180mcu_fd_sc_mcu7t5v0__dlyb_1)
     1    0.004918    0.300909    1.688907    5.763048 ^ input21/Z (gf180mcu_fd_sc_mcu7t5v0__dlyb_1)
                                                         net21 (net)
                      0.300909    0.000060    5.763108 ^ fanout44/I (gf180mcu_fd_sc_mcu7t5v0__dlyb_1)
     9    0.091519    2.576258    3.067679    8.830787 ^ fanout44/Z (gf180mcu_fd_sc_mcu7t5v0__dlyb_1)
                                                         net44 (net)
                      2.576288    0.004923    8.835711 ^ _391_/RN (gf180mcu_fd_sc_mcu7t5v0__dffrnq_1)
                                              8.835711   data arrival time

                                  0.000000    0.000000   clock clk_i (rise edge)
                                  0.000000    0.000000   clock source latency
     1    0.034824    0.299442    0.141687    0.141687 ^ clk_i (in)
                                                         clk_i (net)
                      0.299445    0.000000    0.141687 ^ clkbuf_0_clk_i/I (gf180mcu_fd_sc_mcu7t5v0__clkbuf_16)
     4    0.099953    0.280058    0.525428    0.667115 ^ clkbuf_0_clk_i/Z (gf180mcu_fd_sc_mcu7t5v0__clkbuf_16)
                                                         clknet_0_clk_i (net)
                      0.280059    0.001058    0.668174 ^ clkbuf_2_1__f_clk_i/I (gf180mcu_fd_sc_mcu7t5v0__clkbuf_16)
    10    0.060228    0.220271    0.473897    1.142071 ^ clkbuf_2_1__f_clk_i/Z (gf180mcu_fd_sc_mcu7t5v0__clkbuf_16)
                                                         clknet_2_1__leaf_clk_i (net)
                      0.220277    0.001996    1.144066 ^ _391_/CLK (gf180mcu_fd_sc_mcu7t5v0__dffrnq_1)
                                  0.250000    1.394066   clock uncertainty
                                  0.000000    1.394066   clock reconvergence pessimism
                                  0.863887    2.257953   library removal time
                                              2.257953   data required time
---------------------------------------------------------------------------------------------
                                              2.257953   data required time
                                             -8.835711   data arrival time
---------------------------------------------------------------------------------------------
                                              6.577757   slack (MET)


Startpoint: rstn_i (input port clocked by clk_i)
Endpoint: _392_ (removal check against rising-edge clock clk_i)
Path Group: asynchronous
Path Type: min

Fanout         Cap        Slew       Delay        Time   Description
---------------------------------------------------------------------------------------------
                                  0.000000    0.000000   clock clk_i (rise edge)
                                  0.000000    0.000000   clock network delay (propagated)
                                  4.000000    4.000000 ^ input external delay
     1    0.004615    0.213991    0.074141    4.074141 ^ rstn_i (in)
                                                         rstn_i (net)
                      0.213991    0.000000    4.074141 ^ input21/I (gf180mcu_fd_sc_mcu7t5v0__dlyb_1)
     1    0.004918    0.300909    1.688907    5.763048 ^ input21/Z (gf180mcu_fd_sc_mcu7t5v0__dlyb_1)
                                                         net21 (net)
                      0.300909    0.000060    5.763108 ^ fanout44/I (gf180mcu_fd_sc_mcu7t5v0__dlyb_1)
     9    0.091519    2.576258    3.067679    8.830787 ^ fanout44/Z (gf180mcu_fd_sc_mcu7t5v0__dlyb_1)
                                                         net44 (net)
                      2.576288    0.004902    8.835689 ^ _392_/RN (gf180mcu_fd_sc_mcu7t5v0__dffrnq_1)
                                              8.835689   data arrival time

                                  0.000000    0.000000   clock clk_i (rise edge)
                                  0.000000    0.000000   clock source latency
     1    0.034824    0.299442    0.141687    0.141687 ^ clk_i (in)
                                                         clk_i (net)
                      0.299445    0.000000    0.141687 ^ clkbuf_0_clk_i/I (gf180mcu_fd_sc_mcu7t5v0__clkbuf_16)
     4    0.099953    0.280058    0.525428    0.667115 ^ clkbuf_0_clk_i/Z (gf180mcu_fd_sc_mcu7t5v0__clkbuf_16)
                                                         clknet_0_clk_i (net)
                      0.280059    0.001058    0.668174 ^ clkbuf_2_1__f_clk_i/I (gf180mcu_fd_sc_mcu7t5v0__clkbuf_16)
    10    0.060228    0.220271    0.473897    1.142071 ^ clkbuf_2_1__f_clk_i/Z (gf180mcu_fd_sc_mcu7t5v0__clkbuf_16)
                                                         clknet_2_1__leaf_clk_i (net)
                      0.220276    0.001927    1.143998 ^ _392_/CLK (gf180mcu_fd_sc_mcu7t5v0__dffrnq_1)
                                  0.250000    1.393998   clock uncertainty
                                  0.000000    1.393998   clock reconvergence pessimism
                                  0.863887    2.257885   library removal time
                                              2.257885   data required time
---------------------------------------------------------------------------------------------
                                              2.257885   data required time
                                             -8.835689   data arrival time
---------------------------------------------------------------------------------------------
                                              6.577804   slack (MET)


Startpoint: rstn_i (input port clocked by clk_i)
Endpoint: _393_ (removal check against rising-edge clock clk_i)
Path Group: asynchronous
Path Type: min

Fanout         Cap        Slew       Delay        Time   Description
---------------------------------------------------------------------------------------------
                                  0.000000    0.000000   clock clk_i (rise edge)
                                  0.000000    0.000000   clock network delay (propagated)
                                  4.000000    4.000000 ^ input external delay
     1    0.004615    0.213991    0.074141    4.074141 ^ rstn_i (in)
                                                         rstn_i (net)
                      0.213991    0.000000    4.074141 ^ input21/I (gf180mcu_fd_sc_mcu7t5v0__dlyb_1)
     1    0.004918    0.300909    1.688907    5.763048 ^ input21/Z (gf180mcu_fd_sc_mcu7t5v0__dlyb_1)
                                                         net21 (net)
                      0.300909    0.000060    5.763108 ^ fanout44/I (gf180mcu_fd_sc_mcu7t5v0__dlyb_1)
     9    0.091519    2.576258    3.067679    8.830787 ^ fanout44/Z (gf180mcu_fd_sc_mcu7t5v0__dlyb_1)
                                                         net44 (net)
                      2.576290    0.005072    8.835859 ^ _393_/RN (gf180mcu_fd_sc_mcu7t5v0__dffrnq_1)
                                              8.835859   data arrival time

                                  0.000000    0.000000   clock clk_i (rise edge)
                                  0.000000    0.000000   clock source latency
     1    0.034824    0.299442    0.141687    0.141687 ^ clk_i (in)
                                                         clk_i (net)
                      0.299445    0.000000    0.141687 ^ clkbuf_0_clk_i/I (gf180mcu_fd_sc_mcu7t5v0__clkbuf_16)
     4    0.099953    0.280058    0.525428    0.667115 ^ clkbuf_0_clk_i/Z (gf180mcu_fd_sc_mcu7t5v0__clkbuf_16)
                                                         clknet_0_clk_i (net)
                      0.280059    0.001058    0.668174 ^ clkbuf_2_1__f_clk_i/I (gf180mcu_fd_sc_mcu7t5v0__clkbuf_16)
    10    0.060228    0.220271    0.473897    1.142071 ^ clkbuf_2_1__f_clk_i/Z (gf180mcu_fd_sc_mcu7t5v0__clkbuf_16)
                                                         clknet_2_1__leaf_clk_i (net)
                      0.220277    0.001965    1.144036 ^ _393_/CLK (gf180mcu_fd_sc_mcu7t5v0__dffrnq_1)
                                  0.250000    1.394036   clock uncertainty
                                  0.000000    1.394036   clock reconvergence pessimism
                                  0.863887    2.257923   library removal time
                                              2.257923   data required time
---------------------------------------------------------------------------------------------
                                              2.257923   data required time
                                             -8.835859   data arrival time
---------------------------------------------------------------------------------------------
                                              6.577936   slack (MET)


Startpoint: rstn_i (input port clocked by clk_i)
Endpoint: _394_ (removal check against rising-edge clock clk_i)
Path Group: asynchronous
Path Type: min

Fanout         Cap        Slew       Delay        Time   Description
---------------------------------------------------------------------------------------------
                                  0.000000    0.000000   clock clk_i (rise edge)
                                  0.000000    0.000000   clock network delay (propagated)
                                  4.000000    4.000000 ^ input external delay
     1    0.004615    0.213991    0.074141    4.074141 ^ rstn_i (in)
                                                         rstn_i (net)
                      0.213991    0.000000    4.074141 ^ input21/I (gf180mcu_fd_sc_mcu7t5v0__dlyb_1)
     1    0.004918    0.300909    1.688907    5.763048 ^ input21/Z (gf180mcu_fd_sc_mcu7t5v0__dlyb_1)
                                                         net21 (net)
                      0.300909    0.000060    5.763108 ^ fanout44/I (gf180mcu_fd_sc_mcu7t5v0__dlyb_1)
     9    0.091519    2.576258    3.067679    8.830787 ^ fanout44/Z (gf180mcu_fd_sc_mcu7t5v0__dlyb_1)
                                                         net44 (net)
                      2.576290    0.005068    8.835855 ^ _394_/RN (gf180mcu_fd_sc_mcu7t5v0__dffrnq_1)
                                              8.835855   data arrival time

                                  0.000000    0.000000   clock clk_i (rise edge)
                                  0.000000    0.000000   clock source latency
     1    0.034824    0.299442    0.141687    0.141687 ^ clk_i (in)
                                                         clk_i (net)
                      0.299445    0.000000    0.141687 ^ clkbuf_0_clk_i/I (gf180mcu_fd_sc_mcu7t5v0__clkbuf_16)
     4    0.099953    0.280058    0.525428    0.667115 ^ clkbuf_0_clk_i/Z (gf180mcu_fd_sc_mcu7t5v0__clkbuf_16)
                                                         clknet_0_clk_i (net)
                      0.280059    0.001058    0.668174 ^ clkbuf_2_1__f_clk_i/I (gf180mcu_fd_sc_mcu7t5v0__clkbuf_16)
    10    0.060228    0.220271    0.473897    1.142071 ^ clkbuf_2_1__f_clk_i/Z (gf180mcu_fd_sc_mcu7t5v0__clkbuf_16)
                                                         clknet_2_1__leaf_clk_i (net)
                      0.220277    0.001965    1.144036 ^ _394_/CLK (gf180mcu_fd_sc_mcu7t5v0__dffrnq_1)
                                  0.250000    1.394036   clock uncertainty
                                  0.000000    1.394036   clock reconvergence pessimism
                                  0.863887    2.257923   library removal time
                                              2.257923   data required time
---------------------------------------------------------------------------------------------
                                              2.257923   data required time
                                             -8.835855   data arrival time
---------------------------------------------------------------------------------------------
                                              6.577932   slack (MET)


Startpoint: rstn_i (input port clocked by clk_i)
Endpoint: _374_ (removal check against rising-edge clock clk_i)
Path Group: asynchronous
Path Type: min

Fanout         Cap        Slew       Delay        Time   Description
---------------------------------------------------------------------------------------------
                                  0.000000    0.000000   clock clk_i (rise edge)
                                  0.000000    0.000000   clock network delay (propagated)
                                  4.000000    4.000000 ^ input external delay
     1    0.004615    0.213991    0.074141    4.074141 ^ rstn_i (in)
                                                         rstn_i (net)
                      0.213991    0.000000    4.074141 ^ input21/I (gf180mcu_fd_sc_mcu7t5v0__dlyb_1)
     1    0.004918    0.300909    1.688907    5.763048 ^ input21/Z (gf180mcu_fd_sc_mcu7t5v0__dlyb_1)
                                                         net21 (net)
                      0.300909    0.000060    5.763108 ^ fanout44/I (gf180mcu_fd_sc_mcu7t5v0__dlyb_1)
     9    0.091519    2.576258    3.067679    8.830787 ^ fanout44/Z (gf180mcu_fd_sc_mcu7t5v0__dlyb_1)
                                                         net44 (net)
                      2.576267    0.002716    8.833503 ^ _374_/SETN (gf180mcu_fd_sc_mcu7t5v0__dffsnq_1)
                                              8.833503   data arrival time

                                  0.000000    0.000000   clock clk_i (rise edge)
                                  0.000000    0.000000   clock source latency
     1    0.034824    0.299442    0.141687    0.141687 ^ clk_i (in)
                                                         clk_i (net)
                      0.299445    0.000000    0.141687 ^ clkbuf_0_clk_i/I (gf180mcu_fd_sc_mcu7t5v0__clkbuf_16)
     4    0.099953    0.280058    0.525428    0.667115 ^ clkbuf_0_clk_i/Z (gf180mcu_fd_sc_mcu7t5v0__clkbuf_16)
                                                         clknet_0_clk_i (net)
                      0.280058    0.000349    0.667464 ^ clkbuf_2_2__f_clk_i/I (gf180mcu_fd_sc_mcu7t5v0__clkbuf_16)
    10    0.057746    0.216607    0.471241    1.138705 ^ clkbuf_2_2__f_clk_i/Z (gf180mcu_fd_sc_mcu7t5v0__clkbuf_16)
                                                         clknet_2_2__leaf_clk_i (net)
                      0.216608    0.000585    1.139290 ^ _374_/CLK (gf180mcu_fd_sc_mcu7t5v0__dffsnq_1)
                                  0.250000    1.389290   clock uncertainty
                                  0.000000    1.389290   clock reconvergence pessimism
                                  0.141103    1.530393   library removal time
                                              1.530393   data required time
---------------------------------------------------------------------------------------------
                                              1.530393   data required time
                                             -8.833503   data arrival time
---------------------------------------------------------------------------------------------
                                              7.303110   slack (MET)


Startpoint: rstn_i (input port clocked by clk_i)
Endpoint: _373_ (removal check against rising-edge clock clk_i)
Path Group: asynchronous
Path Type: min

Fanout         Cap        Slew       Delay        Time   Description
---------------------------------------------------------------------------------------------
                                  0.000000    0.000000   clock clk_i (rise edge)
                                  0.000000    0.000000   clock network delay (propagated)
                                  4.000000    4.000000 ^ input external delay
     1    0.004615    0.213991    0.074141    4.074141 ^ rstn_i (in)
                                                         rstn_i (net)
                      0.213991    0.000000    4.074141 ^ input21/I (gf180mcu_fd_sc_mcu7t5v0__dlyb_1)
     1    0.004918    0.300909    1.688907    5.763048 ^ input21/Z (gf180mcu_fd_sc_mcu7t5v0__dlyb_1)
                                                         net21 (net)
                      0.300909    0.000060    5.763108 ^ fanout44/I (gf180mcu_fd_sc_mcu7t5v0__dlyb_1)
     9    0.091519    2.576258    3.067679    8.830787 ^ fanout44/Z (gf180mcu_fd_sc_mcu7t5v0__dlyb_1)
                                                         net44 (net)
                      2.576272    0.003432    8.834219 ^ _373_/SETN (gf180mcu_fd_sc_mcu7t5v0__dffsnq_1)
                                              8.834219   data arrival time

                                  0.000000    0.000000   clock clk_i (rise edge)
                                  0.000000    0.000000   clock source latency
     1    0.034824    0.299442    0.141687    0.141687 ^ clk_i (in)
                                                         clk_i (net)
                      0.299445    0.000000    0.141687 ^ clkbuf_0_clk_i/I (gf180mcu_fd_sc_mcu7t5v0__clkbuf_16)
     4    0.099953    0.280058    0.525428    0.667115 ^ clkbuf_0_clk_i/Z (gf180mcu_fd_sc_mcu7t5v0__clkbuf_16)
                                                         clknet_0_clk_i (net)
                      0.280058    0.000704    0.667819 ^ clkbuf_2_3__f_clk_i/I (gf180mcu_fd_sc_mcu7t5v0__clkbuf_16)
     9    0.050755    0.206101    0.462870    1.130689 ^ clkbuf_2_3__f_clk_i/Z (gf180mcu_fd_sc_mcu7t5v0__clkbuf_16)
                                                         clknet_2_3__leaf_clk_i (net)
                      0.206101    0.000577    1.131266 ^ _373_/CLK (gf180mcu_fd_sc_mcu7t5v0__dffsnq_1)
                                  0.250000    1.381266   clock uncertainty
                                  0.000000    1.381266   clock reconvergence pessimism
                                  0.138788    1.520054   library removal time
                                              1.520054   data required time
---------------------------------------------------------------------------------------------
                                              1.520054   data required time
                                             -8.834219   data arrival time
---------------------------------------------------------------------------------------------
                                              7.314165   slack (MET)


Startpoint: _367_ (rising edge-triggered flip-flop clocked by clk_i)
Endpoint: rx_data_o[0] (output port clocked by clk_i)
Path Group: clk_i
Path Type: min

Fanout         Cap        Slew       Delay        Time   Description
---------------------------------------------------------------------------------------------
                                  0.000000    0.000000   clock clk_i (rise edge)
                                  0.000000    0.000000   clock source latency
     1    0.034824    0.299442    0.141687    0.141687 ^ clk_i (in)
                                                         clk_i (net)
                      0.299445    0.000000    0.141687 ^ clkbuf_0_clk_i/I (gf180mcu_fd_sc_mcu7t5v0__clkbuf_16)
     4    0.099953    0.280058    0.525428    0.667115 ^ clkbuf_0_clk_i/Z (gf180mcu_fd_sc_mcu7t5v0__clkbuf_16)
                                                         clknet_0_clk_i (net)
                      0.280058    0.000704    0.667819 ^ clkbuf_2_3__f_clk_i/I (gf180mcu_fd_sc_mcu7t5v0__clkbuf_16)
     9    0.050755    0.206101    0.462870    1.130689 ^ clkbuf_2_3__f_clk_i/Z (gf180mcu_fd_sc_mcu7t5v0__clkbuf_16)
                                                         clknet_2_3__leaf_clk_i (net)
                      0.206102    0.000970    1.131659 ^ _367_/CLK (gf180mcu_fd_sc_mcu7t5v0__dffsnq_1)
     2    0.009601    0.293982    1.504913    2.636572 v _367_/Q (gf180mcu_fd_sc_mcu7t5v0__dffsnq_1)
                                                         net28 (net)
                      0.293982    0.000174    2.636746 v output28/I (gf180mcu_fd_sc_mcu7t5v0__dlyb_1)
     1    0.074184    1.402381    2.793238    5.429984 v output28/Z (gf180mcu_fd_sc_mcu7t5v0__dlyb_1)
                                                         rx_data_o[0] (net)
                      1.402381    0.001009    5.430992 v rx_data_o[0] (out)
                                              5.430992   data arrival time

                                  0.000000    0.000000   clock clk_i (rise edge)
                                  0.000000    0.000000   clock network delay (propagated)
                                  0.250000    0.250000   clock uncertainty
                                  0.000000    0.250000   clock reconvergence pessimism
                                 -4.000000   -3.750000   output external delay
                                             -3.750000   data required time
---------------------------------------------------------------------------------------------
                                             -3.750000   data required time
                                             -5.430992   data arrival time
---------------------------------------------------------------------------------------------
                                              9.180992   slack (MET)


Startpoint: _374_ (rising edge-triggered flip-flop clocked by clk_i)
Endpoint: rx_data_o[7] (output port clocked by clk_i)
Path Group: clk_i
Path Type: min

Fanout         Cap        Slew       Delay        Time   Description
---------------------------------------------------------------------------------------------
                                  0.000000    0.000000   clock clk_i (rise edge)
                                  0.000000    0.000000   clock source latency
     1    0.034824    0.299442    0.141687    0.141687 ^ clk_i (in)
                                                         clk_i (net)
                      0.299445    0.000000    0.141687 ^ clkbuf_0_clk_i/I (gf180mcu_fd_sc_mcu7t5v0__clkbuf_16)
     4    0.099953    0.280058    0.525428    0.667115 ^ clkbuf_0_clk_i/Z (gf180mcu_fd_sc_mcu7t5v0__clkbuf_16)
                                                         clknet_0_clk_i (net)
                      0.280058    0.000349    0.667464 ^ clkbuf_2_2__f_clk_i/I (gf180mcu_fd_sc_mcu7t5v0__clkbuf_16)
    10    0.057746    0.216607    0.471241    1.138705 ^ clkbuf_2_2__f_clk_i/Z (gf180mcu_fd_sc_mcu7t5v0__clkbuf_16)
                                                         clknet_2_2__leaf_clk_i (net)
                      0.216608    0.000585    1.139290 ^ _374_/CLK (gf180mcu_fd_sc_mcu7t5v0__dffsnq_1)
     3    0.014387    0.360474    1.564259    2.703549 v _374_/Q (gf180mcu_fd_sc_mcu7t5v0__dffsnq_1)
                                                         net35 (net)
                      0.360474    0.000256    2.703805 v output35/I (gf180mcu_fd_sc_mcu7t5v0__dlyb_1)
     1    0.074668    1.409202    2.822294    5.526100 v output35/Z (gf180mcu_fd_sc_mcu7t5v0__dlyb_1)
                                                         rx_data_o[7] (net)
                      1.409202    0.001070    5.527170 v rx_data_o[7] (out)
                                              5.527170   data arrival time

                                  0.000000    0.000000   clock clk_i (rise edge)
                                  0.000000    0.000000   clock network delay (propagated)
                                  0.250000    0.250000   clock uncertainty
                                  0.000000    0.250000   clock reconvergence pessimism
                                 -4.000000   -3.750000   output external delay
                                             -3.750000   data required time
---------------------------------------------------------------------------------------------
                                             -3.750000   data required time
                                             -5.527170   data arrival time
---------------------------------------------------------------------------------------------
                                              9.277169   slack (MET)


Startpoint: _370_ (rising edge-triggered flip-flop clocked by clk_i)
Endpoint: rx_data_o[3] (output port clocked by clk_i)
Path Group: clk_i
Path Type: min

Fanout         Cap        Slew       Delay        Time   Description
---------------------------------------------------------------------------------------------
                                  0.000000    0.000000   clock clk_i (rise edge)
                                  0.000000    0.000000   clock source latency
     1    0.034824    0.299442    0.141687    0.141687 ^ clk_i (in)
                                                         clk_i (net)
                      0.299445    0.000000    0.141687 ^ clkbuf_0_clk_i/I (gf180mcu_fd_sc_mcu7t5v0__clkbuf_16)
     4    0.099953    0.280058    0.525428    0.667115 ^ clkbuf_0_clk_i/Z (gf180mcu_fd_sc_mcu7t5v0__clkbuf_16)
                                                         clknet_0_clk_i (net)
                      0.280058    0.000704    0.667819 ^ clkbuf_2_3__f_clk_i/I (gf180mcu_fd_sc_mcu7t5v0__clkbuf_16)
     9    0.050755    0.206101    0.462870    1.130689 ^ clkbuf_2_3__f_clk_i/Z (gf180mcu_fd_sc_mcu7t5v0__clkbuf_16)
                                                         clknet_2_3__leaf_clk_i (net)
                      0.206103    0.001278    1.131967 ^ _370_/CLK (gf180mcu_fd_sc_mcu7t5v0__dffsnq_1)
     3    0.016279    0.386889    1.584590    2.716557 v _370_/Q (gf180mcu_fd_sc_mcu7t5v0__dffsnq_1)
                                                         net31 (net)
                      0.386889    0.000187    2.716743 v output31/I (gf180mcu_fd_sc_mcu7t5v0__dlyb_1)
     1    0.075414    1.419917    2.839705    5.556448 v output31/Z (gf180mcu_fd_sc_mcu7t5v0__dlyb_1)
                                                         rx_data_o[3] (net)
                      1.419917    0.001048    5.557497 v rx_data_o[3] (out)
                                              5.557497   data arrival time

                                  0.000000    0.000000   clock clk_i (rise edge)
                                  0.000000    0.000000   clock network delay (propagated)
                                  0.250000    0.250000   clock uncertainty
                                  0.000000    0.250000   clock reconvergence pessimism
                                 -4.000000   -3.750000   output external delay
                                             -3.750000   data required time
---------------------------------------------------------------------------------------------
                                             -3.750000   data required time
                                             -5.557497   data arrival time
---------------------------------------------------------------------------------------------
                                              9.307496   slack (MET)


Startpoint: _371_ (rising edge-triggered flip-flop clocked by clk_i)
Endpoint: rx_data_o[4] (output port clocked by clk_i)
Path Group: clk_i
Path Type: min

Fanout         Cap        Slew       Delay        Time   Description
---------------------------------------------------------------------------------------------
                                  0.000000    0.000000   clock clk_i (rise edge)
                                  0.000000    0.000000   clock source latency
     1    0.034824    0.299442    0.141687    0.141687 ^ clk_i (in)
                                                         clk_i (net)
                      0.299445    0.000000    0.141687 ^ clkbuf_0_clk_i/I (gf180mcu_fd_sc_mcu7t5v0__clkbuf_16)
     4    0.099953    0.280058    0.525428    0.667115 ^ clkbuf_0_clk_i/Z (gf180mcu_fd_sc_mcu7t5v0__clkbuf_16)
                                                         clknet_0_clk_i (net)
                      0.280058    0.000704    0.667819 ^ clkbuf_2_3__f_clk_i/I (gf180mcu_fd_sc_mcu7t5v0__clkbuf_16)
     9    0.050755    0.206101    0.462870    1.130689 ^ clkbuf_2_3__f_clk_i/Z (gf180mcu_fd_sc_mcu7t5v0__clkbuf_16)
                                                         clknet_2_3__leaf_clk_i (net)
                      0.206104    0.001420    1.132109 ^ _371_/CLK (gf180mcu_fd_sc_mcu7t5v0__dffsnq_1)
     3    0.017589    0.405156    1.600098    2.732207 v _371_/Q (gf180mcu_fd_sc_mcu7t5v0__dffsnq_1)
                                                         net32 (net)
                      0.405157    0.000416    2.732623 v output32/I (gf180mcu_fd_sc_mcu7t5v0__dlyb_1)
     1    0.074914    1.412603    2.840647    5.573270 v output32/Z (gf180mcu_fd_sc_mcu7t5v0__dlyb_1)
                                                         rx_data_o[4] (net)
                      1.412608    0.001547    5.574817 v rx_data_o[4] (out)
                                              5.574817   data arrival time

                                  0.000000    0.000000   clock clk_i (rise edge)
                                  0.000000    0.000000   clock network delay (propagated)
                                  0.250000    0.250000   clock uncertainty
                                  0.000000    0.250000   clock reconvergence pessimism
                                 -4.000000   -3.750000   output external delay
                                             -3.750000   data required time
---------------------------------------------------------------------------------------------
                                             -3.750000   data required time
                                             -5.574817   data arrival time
---------------------------------------------------------------------------------------------
                                              9.324817   slack (MET)


Startpoint: _373_ (rising edge-triggered flip-flop clocked by clk_i)
Endpoint: rx_data_o[6] (output port clocked by clk_i)
Path Group: clk_i
Path Type: min

Fanout         Cap        Slew       Delay        Time   Description
---------------------------------------------------------------------------------------------
                                  0.000000    0.000000   clock clk_i (rise edge)
                                  0.000000    0.000000   clock source latency
     1    0.034824    0.299442    0.141687    0.141687 ^ clk_i (in)
                                                         clk_i (net)
                      0.299445    0.000000    0.141687 ^ clkbuf_0_clk_i/I (gf180mcu_fd_sc_mcu7t5v0__clkbuf_16)
     4    0.099953    0.280058    0.525428    0.667115 ^ clkbuf_0_clk_i/Z (gf180mcu_fd_sc_mcu7t5v0__clkbuf_16)
                                                         clknet_0_clk_i (net)
                      0.280058    0.000704    0.667819 ^ clkbuf_2_3__f_clk_i/I (gf180mcu_fd_sc_mcu7t5v0__clkbuf_16)
     9    0.050755    0.206101    0.462870    1.130689 ^ clkbuf_2_3__f_clk_i/Z (gf180mcu_fd_sc_mcu7t5v0__clkbuf_16)
                                                         clknet_2_3__leaf_clk_i (net)
                      0.206101    0.000577    1.131266 ^ _373_/CLK (gf180mcu_fd_sc_mcu7t5v0__dffsnq_1)
     3    0.018441    0.417176    1.610294    2.741560 v _373_/Q (gf180mcu_fd_sc_mcu7t5v0__dffsnq_1)
                                                         net34 (net)
                      0.417176    0.000299    2.741859 v output34/I (gf180mcu_fd_sc_mcu7t5v0__dlyb_1)
     1    0.073939    1.398545    2.835219    5.577077 v output34/Z (gf180mcu_fd_sc_mcu7t5v0__dlyb_1)
                                                         rx_data_o[6] (net)
                      1.398545    0.000941    5.578019 v rx_data_o[6] (out)
                                              5.578019   data arrival time

                                  0.000000    0.000000   clock clk_i (rise edge)
                                  0.000000    0.000000   clock network delay (propagated)
                                  0.250000    0.250000   clock uncertainty
                                  0.000000    0.250000   clock reconvergence pessimism
                                 -4.000000   -3.750000   output external delay
                                             -3.750000   data required time
---------------------------------------------------------------------------------------------
                                             -3.750000   data required time
                                             -5.578019   data arrival time
---------------------------------------------------------------------------------------------
                                              9.328018   slack (MET)


Startpoint: _369_ (rising edge-triggered flip-flop clocked by clk_i)
Endpoint: rx_data_o[2] (output port clocked by clk_i)
Path Group: clk_i
Path Type: min

Fanout         Cap        Slew       Delay        Time   Description
---------------------------------------------------------------------------------------------
                                  0.000000    0.000000   clock clk_i (rise edge)
                                  0.000000    0.000000   clock source latency
     1    0.034824    0.299442    0.141687    0.141687 ^ clk_i (in)
                                                         clk_i (net)
                      0.299445    0.000000    0.141687 ^ clkbuf_0_clk_i/I (gf180mcu_fd_sc_mcu7t5v0__clkbuf_16)
     4    0.099953    0.280058    0.525428    0.667115 ^ clkbuf_0_clk_i/Z (gf180mcu_fd_sc_mcu7t5v0__clkbuf_16)
                                                         clknet_0_clk_i (net)
                      0.280058    0.000704    0.667819 ^ clkbuf_2_3__f_clk_i/I (gf180mcu_fd_sc_mcu7t5v0__clkbuf_16)
     9    0.050755    0.206101    0.462870    1.130689 ^ clkbuf_2_3__f_clk_i/Z (gf180mcu_fd_sc_mcu7t5v0__clkbuf_16)
                                                         clknet_2_3__leaf_clk_i (net)
                      0.206103    0.001091    1.131780 ^ _369_/CLK (gf180mcu_fd_sc_mcu7t5v0__dffsnq_1)
     3    0.017817    0.408367    1.602879    2.734659 v _369_/Q (gf180mcu_fd_sc_mcu7t5v0__dffsnq_1)
                                                         net30 (net)
                      0.408367    0.000256    2.734916 v output30/I (gf180mcu_fd_sc_mcu7t5v0__dlyb_1)
     1    0.074929    1.412867    2.842497    5.577413 v output30/Z (gf180mcu_fd_sc_mcu7t5v0__dlyb_1)
                                                         rx_data_o[2] (net)
                      1.412867    0.000880    5.578293 v rx_data_o[2] (out)
                                              5.578293   data arrival time

                                  0.000000    0.000000   clock clk_i (rise edge)
                                  0.000000    0.000000   clock network delay (propagated)
                                  0.250000    0.250000   clock uncertainty
                                  0.000000    0.250000   clock reconvergence pessimism
                                 -4.000000   -3.750000   output external delay
                                             -3.750000   data required time
---------------------------------------------------------------------------------------------
                                             -3.750000   data required time
                                             -5.578293   data arrival time
---------------------------------------------------------------------------------------------
                                              9.328293   slack (MET)


Startpoint: _372_ (rising edge-triggered flip-flop clocked by clk_i)
Endpoint: rx_data_o[5] (output port clocked by clk_i)
Path Group: clk_i
Path Type: min

Fanout         Cap        Slew       Delay        Time   Description
---------------------------------------------------------------------------------------------
                                  0.000000    0.000000   clock clk_i (rise edge)
                                  0.000000    0.000000   clock source latency
     1    0.034824    0.299442    0.141687    0.141687 ^ clk_i (in)
                                                         clk_i (net)
                      0.299445    0.000000    0.141687 ^ clkbuf_0_clk_i/I (gf180mcu_fd_sc_mcu7t5v0__clkbuf_16)
     4    0.099953    0.280058    0.525428    0.667115 ^ clkbuf_0_clk_i/Z (gf180mcu_fd_sc_mcu7t5v0__clkbuf_16)
                                                         clknet_0_clk_i (net)
                      0.280058    0.000704    0.667819 ^ clkbuf_2_3__f_clk_i/I (gf180mcu_fd_sc_mcu7t5v0__clkbuf_16)
     9    0.050755    0.206101    0.462870    1.130689 ^ clkbuf_2_3__f_clk_i/Z (gf180mcu_fd_sc_mcu7t5v0__clkbuf_16)
                                                         clknet_2_3__leaf_clk_i (net)
                      0.206101    0.000549    1.131238 ^ _372_/CLK (gf180mcu_fd_sc_mcu7t5v0__dffsnq_1)
     3    0.018394    0.416514    1.609720    2.740958 v _372_/Q (gf180mcu_fd_sc_mcu7t5v0__dffsnq_1)
                                                         net33 (net)
                      0.416514    0.000202    2.741160 v output33/I (gf180mcu_fd_sc_mcu7t5v0__dlyb_1)
     1    0.074254    1.403093    2.838222    5.579381 v output33/Z (gf180mcu_fd_sc_mcu7t5v0__dlyb_1)
                                                         rx_data_o[5] (net)
                      1.403093    0.001036    5.580418 v rx_data_o[5] (out)
                                              5.580418   data arrival time

                                  0.000000    0.000000   clock clk_i (rise edge)
                                  0.000000    0.000000   clock network delay (propagated)
                                  0.250000    0.250000   clock uncertainty
                                  0.000000    0.250000   clock reconvergence pessimism
                                 -4.000000   -3.750000   output external delay
                                             -3.750000   data required time
---------------------------------------------------------------------------------------------
                                             -3.750000   data required time
                                             -5.580418   data arrival time
---------------------------------------------------------------------------------------------
                                              9.330418   slack (MET)


Startpoint: _368_ (rising edge-triggered flip-flop clocked by clk_i)
Endpoint: rx_data_o[1] (output port clocked by clk_i)
Path Group: clk_i
Path Type: min

Fanout         Cap        Slew       Delay        Time   Description
---------------------------------------------------------------------------------------------
                                  0.000000    0.000000   clock clk_i (rise edge)
                                  0.000000    0.000000   clock source latency
     1    0.034824    0.299442    0.141687    0.141687 ^ clk_i (in)
                                                         clk_i (net)
                      0.299445    0.000000    0.141687 ^ clkbuf_0_clk_i/I (gf180mcu_fd_sc_mcu7t5v0__clkbuf_16)
     4    0.099953    0.280058    0.525428    0.667115 ^ clkbuf_0_clk_i/Z (gf180mcu_fd_sc_mcu7t5v0__clkbuf_16)
                                                         clknet_0_clk_i (net)
                      0.280058    0.000704    0.667819 ^ clkbuf_2_3__f_clk_i/I (gf180mcu_fd_sc_mcu7t5v0__clkbuf_16)
     9    0.050755    0.206101    0.462870    1.130689 ^ clkbuf_2_3__f_clk_i/Z (gf180mcu_fd_sc_mcu7t5v0__clkbuf_16)
                                                         clknet_2_3__leaf_clk_i (net)
                      0.206102    0.000751    1.131440 ^ _368_/CLK (gf180mcu_fd_sc_mcu7t5v0__dffsnq_1)
     3    0.018980    0.424864    1.616759    2.748199 v _368_/Q (gf180mcu_fd_sc_mcu7t5v0__dffsnq_1)
                                                         net29 (net)
                      0.424864    0.000250    2.748449 v output29/I (gf180mcu_fd_sc_mcu7t5v0__dlyb_1)
     1    0.074591    1.407949    2.844965    5.593414 v output29/Z (gf180mcu_fd_sc_mcu7t5v0__dlyb_1)
                                                         rx_data_o[1] (net)
                      1.407949    0.000798    5.594213 v rx_data_o[1] (out)
                                              5.594213   data arrival time

                                  0.000000    0.000000   clock clk_i (rise edge)
                                  0.000000    0.000000   clock network delay (propagated)
                                  0.250000    0.250000   clock uncertainty
                                  0.000000    0.250000   clock reconvergence pessimism
                                 -4.000000   -3.750000   output external delay
                                             -3.750000   data required time
---------------------------------------------------------------------------------------------
                                             -3.750000   data required time
                                             -5.594213   data arrival time
---------------------------------------------------------------------------------------------
                                              9.344213   slack (MET)


Startpoint: _363_ (rising edge-triggered flip-flop clocked by clk_i)
Endpoint: err_parity_o (output port clocked by clk_i)
Path Group: clk_i
Path Type: min

Fanout         Cap        Slew       Delay        Time   Description
---------------------------------------------------------------------------------------------
                                  0.000000    0.000000   clock clk_i (rise edge)
                                  0.000000    0.000000   clock source latency
     1    0.034824    0.299442    0.141687    0.141687 ^ clk_i (in)
                                                         clk_i (net)
                      0.299445    0.000000    0.141687 ^ clkbuf_0_clk_i/I (gf180mcu_fd_sc_mcu7t5v0__clkbuf_16)
     4    0.099953    0.280058    0.525428    0.667115 ^ clkbuf_0_clk_i/Z (gf180mcu_fd_sc_mcu7t5v0__clkbuf_16)
                                                         clknet_0_clk_i (net)
                      0.280058    0.000349    0.667464 ^ clkbuf_2_2__f_clk_i/I (gf180mcu_fd_sc_mcu7t5v0__clkbuf_16)
    10    0.057746    0.216607    0.471241    1.138705 ^ clkbuf_2_2__f_clk_i/Z (gf180mcu_fd_sc_mcu7t5v0__clkbuf_16)
                                                         clknet_2_2__leaf_clk_i (net)
                      0.216609    0.000775    1.139480 ^ _363_/CLK (gf180mcu_fd_sc_mcu7t5v0__dffrnq_1)
     4    0.022713    0.453151    1.500560    2.640041 v _363_/Q (gf180mcu_fd_sc_mcu7t5v0__dffrnq_1)
                                                         r_error_parity (net)
                      0.453151    0.000294    2.640334 v _196_/I (gf180mcu_fd_sc_mcu7t5v0__clkinv_1)
     1    0.006534    0.308674    0.283255    2.923589 ^ _196_/ZN (gf180mcu_fd_sc_mcu7t5v0__clkinv_1)
                                                         _054_ (net)
                      0.308674    0.000139    2.923728 ^ _258_/A1 (gf180mcu_fd_sc_mcu7t5v0__nor2_1)
     1    0.003246    0.190899    0.179365    3.103093 v _258_/ZN (gf180mcu_fd_sc_mcu7t5v0__nor2_1)
                                                         net27 (net)
                      0.190899    0.000032    3.103125 v output27/I (gf180mcu_fd_sc_mcu7t5v0__dlyb_1)
     1    0.074494    1.406972    2.761908    5.865033 v output27/Z (gf180mcu_fd_sc_mcu7t5v0__dlyb_1)
                                                         err_parity_o (net)
                      1.406972    0.001041    5.866074 v err_parity_o (out)
                                              5.866074   data arrival time

                                  0.000000    0.000000   clock clk_i (rise edge)
                                  0.000000    0.000000   clock network delay (propagated)
                                  0.250000    0.250000   clock uncertainty
                                  0.000000    0.250000   clock reconvergence pessimism
                                 -4.000000   -3.750000   output external delay
                                             -3.750000   data required time
---------------------------------------------------------------------------------------------
                                             -3.750000   data required time
                                             -5.866074   data arrival time
---------------------------------------------------------------------------------------------
                                              9.616074   slack (MET)


Startpoint: rstn_i (input port clocked by clk_i)
Endpoint: _375_ (removal check against rising-edge clock clk_i)
Path Group: asynchronous
Path Type: min

Fanout         Cap        Slew       Delay        Time   Description
---------------------------------------------------------------------------------------------
                                  0.000000    0.000000   clock clk_i (rise edge)
                                  0.000000    0.000000   clock network delay (propagated)
                                  4.000000    4.000000 ^ input external delay
     1    0.004615    0.213991    0.074141    4.074141 ^ rstn_i (in)
                                                         rstn_i (net)
                      0.213991    0.000000    4.074141 ^ input21/I (gf180mcu_fd_sc_mcu7t5v0__dlyb_1)
     1    0.004918    0.300909    1.688907    5.763048 ^ input21/Z (gf180mcu_fd_sc_mcu7t5v0__dlyb_1)
                                                         net21 (net)
                      0.300909    0.000060    5.763108 ^ fanout44/I (gf180mcu_fd_sc_mcu7t5v0__dlyb_1)
     9    0.091519    2.576258    3.067679    8.830787 ^ fanout44/Z (gf180mcu_fd_sc_mcu7t5v0__dlyb_1)
                                                         net44 (net)
                      2.576258    0.002194    8.832981 ^ fanout42/I (gf180mcu_fd_sc_mcu7t5v0__dlyb_1)
    10    0.091890    2.587947    3.108902   11.941882 ^ fanout42/Z (gf180mcu_fd_sc_mcu7t5v0__dlyb_1)
                                                         net42 (net)
                      2.587947    0.001451   11.943334 ^ _375_/RN (gf180mcu_fd_sc_mcu7t5v0__dffrnq_1)
                                             11.943334   data arrival time

                                  0.000000    0.000000   clock clk_i (rise edge)
                                  0.000000    0.000000   clock source latency
     1    0.034824    0.299442    0.141687    0.141687 ^ clk_i (in)
                                                         clk_i (net)
                      0.299445    0.000000    0.141687 ^ clkbuf_0_clk_i/I (gf180mcu_fd_sc_mcu7t5v0__clkbuf_16)
     4    0.099953    0.280058    0.525428    0.667115 ^ clkbuf_0_clk_i/Z (gf180mcu_fd_sc_mcu7t5v0__clkbuf_16)
                                                         clknet_0_clk_i (net)
                      0.280059    0.001058    0.668174 ^ clkbuf_2_1__f_clk_i/I (gf180mcu_fd_sc_mcu7t5v0__clkbuf_16)
    10    0.060228    0.220271    0.473897    1.142071 ^ clkbuf_2_1__f_clk_i/Z (gf180mcu_fd_sc_mcu7t5v0__clkbuf_16)
                                                         clknet_2_1__leaf_clk_i (net)
                      0.220271    0.000242    1.142313 ^ _375_/CLK (gf180mcu_fd_sc_mcu7t5v0__dffrnq_1)
                                  0.250000    1.392313   clock uncertainty
                                  0.000000    1.392313   clock reconvergence pessimism
                                  0.864728    2.257041   library removal time
                                              2.257041   data required time
---------------------------------------------------------------------------------------------
                                              2.257041   data required time
                                            -11.943334   data arrival time
---------------------------------------------------------------------------------------------
                                              9.686293   slack (MET)


Startpoint: rstn_i (input port clocked by clk_i)
Endpoint: _376_ (removal check against rising-edge clock clk_i)
Path Group: asynchronous
Path Type: min

Fanout         Cap        Slew       Delay        Time   Description
---------------------------------------------------------------------------------------------
                                  0.000000    0.000000   clock clk_i (rise edge)
                                  0.000000    0.000000   clock network delay (propagated)
                                  4.000000    4.000000 ^ input external delay
     1    0.004615    0.213991    0.074141    4.074141 ^ rstn_i (in)
                                                         rstn_i (net)
                      0.213991    0.000000    4.074141 ^ input21/I (gf180mcu_fd_sc_mcu7t5v0__dlyb_1)
     1    0.004918    0.300909    1.688907    5.763048 ^ input21/Z (gf180mcu_fd_sc_mcu7t5v0__dlyb_1)
                                                         net21 (net)
                      0.300909    0.000060    5.763108 ^ fanout44/I (gf180mcu_fd_sc_mcu7t5v0__dlyb_1)
     9    0.091519    2.576258    3.067679    8.830787 ^ fanout44/Z (gf180mcu_fd_sc_mcu7t5v0__dlyb_1)
                                                         net44 (net)
                      2.576258    0.002194    8.832981 ^ fanout42/I (gf180mcu_fd_sc_mcu7t5v0__dlyb_1)
    10    0.091890    2.587947    3.108902   11.941882 ^ fanout42/Z (gf180mcu_fd_sc_mcu7t5v0__dlyb_1)
                                                         net42 (net)
                      2.587947    0.001927   11.943810 ^ _376_/RN (gf180mcu_fd_sc_mcu7t5v0__dffrnq_1)
                                             11.943810   data arrival time

                                  0.000000    0.000000   clock clk_i (rise edge)
                                  0.000000    0.000000   clock source latency
     1    0.034824    0.299442    0.141687    0.141687 ^ clk_i (in)
                                                         clk_i (net)
                      0.299445    0.000000    0.141687 ^ clkbuf_0_clk_i/I (gf180mcu_fd_sc_mcu7t5v0__clkbuf_16)
     4    0.099953    0.280058    0.525428    0.667115 ^ clkbuf_0_clk_i/Z (gf180mcu_fd_sc_mcu7t5v0__clkbuf_16)
                                                         clknet_0_clk_i (net)
                      0.280059    0.001058    0.668174 ^ clkbuf_2_1__f_clk_i/I (gf180mcu_fd_sc_mcu7t5v0__clkbuf_16)
    10    0.060228    0.220271    0.473897    1.142071 ^ clkbuf_2_1__f_clk_i/Z (gf180mcu_fd_sc_mcu7t5v0__clkbuf_16)
                                                         clknet_2_1__leaf_clk_i (net)
                      0.220271    0.000089    1.142160 ^ _376_/CLK (gf180mcu_fd_sc_mcu7t5v0__dffrnq_1)
                                  0.250000    1.392160   clock uncertainty
                                  0.000000    1.392160   clock reconvergence pessimism
                                  0.864728    2.256888   library removal time
                                              2.256888   data required time
---------------------------------------------------------------------------------------------
                                              2.256888   data required time
                                            -11.943810   data arrival time
---------------------------------------------------------------------------------------------
                                              9.686922   slack (MET)


Startpoint: rstn_i (input port clocked by clk_i)
Endpoint: _377_ (removal check against rising-edge clock clk_i)
Path Group: asynchronous
Path Type: min

Fanout         Cap        Slew       Delay        Time   Description
---------------------------------------------------------------------------------------------
                                  0.000000    0.000000   clock clk_i (rise edge)
                                  0.000000    0.000000   clock network delay (propagated)
                                  4.000000    4.000000 ^ input external delay
     1    0.004615    0.213991    0.074141    4.074141 ^ rstn_i (in)
                                                         rstn_i (net)
                      0.213991    0.000000    4.074141 ^ input21/I (gf180mcu_fd_sc_mcu7t5v0__dlyb_1)
     1    0.004918    0.300909    1.688907    5.763048 ^ input21/Z (gf180mcu_fd_sc_mcu7t5v0__dlyb_1)
                                                         net21 (net)
                      0.300909    0.000060    5.763108 ^ fanout44/I (gf180mcu_fd_sc_mcu7t5v0__dlyb_1)
     9    0.091519    2.576258    3.067679    8.830787 ^ fanout44/Z (gf180mcu_fd_sc_mcu7t5v0__dlyb_1)
                                                         net44 (net)
                      2.576258    0.002194    8.832981 ^ fanout42/I (gf180mcu_fd_sc_mcu7t5v0__dlyb_1)
    10    0.091890    2.587947    3.108902   11.941882 ^ fanout42/Z (gf180mcu_fd_sc_mcu7t5v0__dlyb_1)
                                                         net42 (net)
                      2.587955    0.002672   11.944554 ^ _377_/RN (gf180mcu_fd_sc_mcu7t5v0__dffrnq_1)
                                             11.944554   data arrival time

                                  0.000000    0.000000   clock clk_i (rise edge)
                                  0.000000    0.000000   clock source latency
     1    0.034824    0.299442    0.141687    0.141687 ^ clk_i (in)
                                                         clk_i (net)
                      0.299445    0.000000    0.141687 ^ clkbuf_0_clk_i/I (gf180mcu_fd_sc_mcu7t5v0__clkbuf_16)
     4    0.099953    0.280058    0.525428    0.667115 ^ clkbuf_0_clk_i/Z (gf180mcu_fd_sc_mcu7t5v0__clkbuf_16)
                                                         clknet_0_clk_i (net)
                      0.280058    0.000349    0.667464 ^ clkbuf_2_2__f_clk_i/I (gf180mcu_fd_sc_mcu7t5v0__clkbuf_16)
    10    0.057746    0.216607    0.471241    1.138705 ^ clkbuf_2_2__f_clk_i/Z (gf180mcu_fd_sc_mcu7t5v0__clkbuf_16)
                                                         clknet_2_2__leaf_clk_i (net)
                      0.216608    0.000417    1.139122 ^ _377_/CLK (gf180mcu_fd_sc_mcu7t5v0__dffrnq_1)
                                  0.250000    1.389122   clock uncertainty
                                  0.000000    1.389122   clock reconvergence pessimism
                                  0.864011    2.253134   library removal time
                                              2.253134   data required time
---------------------------------------------------------------------------------------------
                                              2.253134   data required time
                                            -11.944554   data arrival time
---------------------------------------------------------------------------------------------
                                              9.691421   slack (MET)


Startpoint: rstn_i (input port clocked by clk_i)
Endpoint: _387_ (removal check against rising-edge clock clk_i)
Path Group: asynchronous
Path Type: min

Fanout         Cap        Slew       Delay        Time   Description
---------------------------------------------------------------------------------------------
                                  0.000000    0.000000   clock clk_i (rise edge)
                                  0.000000    0.000000   clock network delay (propagated)
                                  4.000000    4.000000 ^ input external delay
     1    0.004615    0.213991    0.074141    4.074141 ^ rstn_i (in)
                                                         rstn_i (net)
                      0.213991    0.000000    4.074141 ^ input21/I (gf180mcu_fd_sc_mcu7t5v0__dlyb_1)
     1    0.004918    0.300909    1.688907    5.763048 ^ input21/Z (gf180mcu_fd_sc_mcu7t5v0__dlyb_1)
                                                         net21 (net)
                      0.300909    0.000060    5.763108 ^ fanout44/I (gf180mcu_fd_sc_mcu7t5v0__dlyb_1)
     9    0.091519    2.576258    3.067679    8.830787 ^ fanout44/Z (gf180mcu_fd_sc_mcu7t5v0__dlyb_1)
                                                         net44 (net)
                      2.576258    0.002194    8.832981 ^ fanout42/I (gf180mcu_fd_sc_mcu7t5v0__dlyb_1)
    10    0.091890    2.587947    3.108902   11.941882 ^ fanout42/Z (gf180mcu_fd_sc_mcu7t5v0__dlyb_1)
                                                         net42 (net)
                      2.587947    0.001988   11.943871 ^ _387_/RN (gf180mcu_fd_sc_mcu7t5v0__dffrnq_1)
                                             11.943871   data arrival time

                                  0.000000    0.000000   clock clk_i (rise edge)
                                  0.000000    0.000000   clock source latency
     1    0.034824    0.299442    0.141687    0.141687 ^ clk_i (in)
                                                         clk_i (net)
                      0.299445    0.000000    0.141687 ^ clkbuf_0_clk_i/I (gf180mcu_fd_sc_mcu7t5v0__clkbuf_16)
     4    0.099953    0.280058    0.525428    0.667115 ^ clkbuf_0_clk_i/Z (gf180mcu_fd_sc_mcu7t5v0__clkbuf_16)
                                                         clknet_0_clk_i (net)
                      0.280058    0.000704    0.667819 ^ clkbuf_2_3__f_clk_i/I (gf180mcu_fd_sc_mcu7t5v0__clkbuf_16)
     9    0.050755    0.206101    0.462870    1.130689 ^ clkbuf_2_3__f_clk_i/Z (gf180mcu_fd_sc_mcu7t5v0__clkbuf_16)
                                                         clknet_2_3__leaf_clk_i (net)
                      0.206105    0.001552    1.132241 ^ _387_/CLK (gf180mcu_fd_sc_mcu7t5v0__dffrnq_1)
                                  0.250000    1.382241   clock uncertainty
                                  0.000000    1.382241   clock reconvergence pessimism
                                  0.861954    2.244195   library removal time
                                              2.244195   data required time
---------------------------------------------------------------------------------------------
                                              2.244195   data required time
                                            -11.943871   data arrival time
---------------------------------------------------------------------------------------------
                                              9.699676   slack (MET)


Startpoint: rstn_i (input port clocked by clk_i)
Endpoint: _395_ (removal check against rising-edge clock clk_i)
Path Group: asynchronous
Path Type: min

Fanout         Cap        Slew       Delay        Time   Description
---------------------------------------------------------------------------------------------
                                  0.000000    0.000000   clock clk_i (rise edge)
                                  0.000000    0.000000   clock network delay (propagated)
                                  4.000000    4.000000 ^ input external delay
     1    0.004615    0.213991    0.074141    4.074141 ^ rstn_i (in)
                                                         rstn_i (net)
                      0.213991    0.000000    4.074141 ^ input21/I (gf180mcu_fd_sc_mcu7t5v0__dlyb_1)
     1    0.004918    0.300909    1.688907    5.763048 ^ input21/Z (gf180mcu_fd_sc_mcu7t5v0__dlyb_1)
                                                         net21 (net)
                      0.300909    0.000060    5.763108 ^ fanout44/I (gf180mcu_fd_sc_mcu7t5v0__dlyb_1)
     9    0.091519    2.576258    3.067679    8.830787 ^ fanout44/Z (gf180mcu_fd_sc_mcu7t5v0__dlyb_1)
                                                         net44 (net)
                      2.576258    0.000513    8.831301 ^ fanout43/I (gf180mcu_fd_sc_mcu7t5v0__dlyb_1)
    10    0.093887    2.642284    3.140597   11.971897 ^ fanout43/Z (gf180mcu_fd_sc_mcu7t5v0__dlyb_1)
                                                         net43 (net)
                      2.642295    0.002980   11.974877 ^ _395_/RN (gf180mcu_fd_sc_mcu7t5v0__dffrnq_1)
                                             11.974877   data arrival time

                                  0.000000    0.000000   clock clk_i (rise edge)
                                  0.000000    0.000000   clock source latency
     1    0.034824    0.299442    0.141687    0.141687 ^ clk_i (in)
                                                         clk_i (net)
                      0.299445    0.000000    0.141687 ^ clkbuf_0_clk_i/I (gf180mcu_fd_sc_mcu7t5v0__clkbuf_16)
     4    0.099953    0.280058    0.525428    0.667115 ^ clkbuf_0_clk_i/Z (gf180mcu_fd_sc_mcu7t5v0__clkbuf_16)
                                                         clknet_0_clk_i (net)
                      0.280059    0.001058    0.668174 ^ clkbuf_2_1__f_clk_i/I (gf180mcu_fd_sc_mcu7t5v0__clkbuf_16)
    10    0.060228    0.220271    0.473897    1.142071 ^ clkbuf_2_1__f_clk_i/Z (gf180mcu_fd_sc_mcu7t5v0__clkbuf_16)
                                                         clknet_2_1__leaf_clk_i (net)
                      0.220271    0.000271    1.142342 ^ _395_/CLK (gf180mcu_fd_sc_mcu7t5v0__dffrnq_1)
                                  0.250000    1.392342   clock uncertainty
                                  0.000000    1.392342   clock reconvergence pessimism
                                  0.868654    2.260996   library removal time
                                              2.260996   data required time
---------------------------------------------------------------------------------------------
                                              2.260996   data required time
                                            -11.974877   data arrival time
---------------------------------------------------------------------------------------------
                                              9.713881   slack (MET)


Startpoint: rstn_i (input port clocked by clk_i)
Endpoint: _365_ (removal check against rising-edge clock clk_i)
Path Group: asynchronous
Path Type: min

Fanout         Cap        Slew       Delay        Time   Description
---------------------------------------------------------------------------------------------
                                  0.000000    0.000000   clock clk_i (rise edge)
                                  0.000000    0.000000   clock network delay (propagated)
                                  4.000000    4.000000 ^ input external delay
     1    0.004615    0.213991    0.074141    4.074141 ^ rstn_i (in)
                                                         rstn_i (net)
                      0.213991    0.000000    4.074141 ^ input21/I (gf180mcu_fd_sc_mcu7t5v0__dlyb_1)
     1    0.004918    0.300909    1.688907    5.763048 ^ input21/Z (gf180mcu_fd_sc_mcu7t5v0__dlyb_1)
                                                         net21 (net)
                      0.300909    0.000060    5.763108 ^ fanout44/I (gf180mcu_fd_sc_mcu7t5v0__dlyb_1)
     9    0.091519    2.576258    3.067679    8.830787 ^ fanout44/Z (gf180mcu_fd_sc_mcu7t5v0__dlyb_1)
                                                         net44 (net)
                      2.576258    0.000513    8.831301 ^ fanout43/I (gf180mcu_fd_sc_mcu7t5v0__dlyb_1)
    10    0.093887    2.642284    3.140597   11.971897 ^ fanout43/Z (gf180mcu_fd_sc_mcu7t5v0__dlyb_1)
                                                         net43 (net)
                      2.642284    0.001079   11.972977 ^ _365_/RN (gf180mcu_fd_sc_mcu7t5v0__dffrnq_1)
                                             11.972977   data arrival time

                                  0.000000    0.000000   clock clk_i (rise edge)
                                  0.000000    0.000000   clock source latency
     1    0.034824    0.299442    0.141687    0.141687 ^ clk_i (in)
                                                         clk_i (net)
                      0.299445    0.000000    0.141687 ^ clkbuf_0_clk_i/I (gf180mcu_fd_sc_mcu7t5v0__clkbuf_16)
     4    0.099953    0.280058    0.525428    0.667115 ^ clkbuf_0_clk_i/Z (gf180mcu_fd_sc_mcu7t5v0__clkbuf_16)
                                                         clknet_0_clk_i (net)
                      0.280058    0.000349    0.667464 ^ clkbuf_2_2__f_clk_i/I (gf180mcu_fd_sc_mcu7t5v0__clkbuf_16)
    10    0.057746    0.216607    0.471241    1.138705 ^ clkbuf_2_2__f_clk_i/Z (gf180mcu_fd_sc_mcu7t5v0__clkbuf_16)
                                                         clknet_2_2__leaf_clk_i (net)
                      0.216609    0.000926    1.139632 ^ _365_/CLK (gf180mcu_fd_sc_mcu7t5v0__dffrnq_1)
                                  0.250000    1.389632   clock uncertainty
                                  0.000000    1.389632   clock reconvergence pessimism
                                  0.867937    2.257569   library removal time
                                              2.257569   data required time
---------------------------------------------------------------------------------------------
                                              2.257569   data required time
                                            -11.972977   data arrival time
---------------------------------------------------------------------------------------------
                                              9.715408   slack (MET)


Startpoint: rstn_i (input port clocked by clk_i)
Endpoint: _366_ (removal check against rising-edge clock clk_i)
Path Group: asynchronous
Path Type: min

Fanout         Cap        Slew       Delay        Time   Description
---------------------------------------------------------------------------------------------
                                  0.000000    0.000000   clock clk_i (rise edge)
                                  0.000000    0.000000   clock network delay (propagated)
                                  4.000000    4.000000 ^ input external delay
     1    0.004615    0.213991    0.074141    4.074141 ^ rstn_i (in)
                                                         rstn_i (net)
                      0.213991    0.000000    4.074141 ^ input21/I (gf180mcu_fd_sc_mcu7t5v0__dlyb_1)
     1    0.004918    0.300909    1.688907    5.763048 ^ input21/Z (gf180mcu_fd_sc_mcu7t5v0__dlyb_1)
                                                         net21 (net)
                      0.300909    0.000060    5.763108 ^ fanout44/I (gf180mcu_fd_sc_mcu7t5v0__dlyb_1)
     9    0.091519    2.576258    3.067679    8.830787 ^ fanout44/Z (gf180mcu_fd_sc_mcu7t5v0__dlyb_1)
                                                         net44 (net)
                      2.576258    0.000513    8.831301 ^ fanout43/I (gf180mcu_fd_sc_mcu7t5v0__dlyb_1)
    10    0.093887    2.642284    3.140597   11.971897 ^ fanout43/Z (gf180mcu_fd_sc_mcu7t5v0__dlyb_1)
                                                         net43 (net)
                      2.642284    0.001456   11.973353 ^ _366_/RN (gf180mcu_fd_sc_mcu7t5v0__dffrnq_1)
                                             11.973353   data arrival time

                                  0.000000    0.000000   clock clk_i (rise edge)
                                  0.000000    0.000000   clock source latency
     1    0.034824    0.299442    0.141687    0.141687 ^ clk_i (in)
                                                         clk_i (net)
                      0.299445    0.000000    0.141687 ^ clkbuf_0_clk_i/I (gf180mcu_fd_sc_mcu7t5v0__clkbuf_16)
     4    0.099953    0.280058    0.525428    0.667115 ^ clkbuf_0_clk_i/Z (gf180mcu_fd_sc_mcu7t5v0__clkbuf_16)
                                                         clknet_0_clk_i (net)
                      0.280058    0.000349    0.667464 ^ clkbuf_2_2__f_clk_i/I (gf180mcu_fd_sc_mcu7t5v0__clkbuf_16)
    10    0.057746    0.216607    0.471241    1.138705 ^ clkbuf_2_2__f_clk_i/Z (gf180mcu_fd_sc_mcu7t5v0__clkbuf_16)
                                                         clknet_2_2__leaf_clk_i (net)
                      0.216609    0.000818    1.139523 ^ _366_/CLK (gf180mcu_fd_sc_mcu7t5v0__dffrnq_1)
                                  0.250000    1.389523   clock uncertainty
                                  0.000000    1.389523   clock reconvergence pessimism
                                  0.867937    2.257460   library removal time
                                              2.257460   data required time
---------------------------------------------------------------------------------------------
                                              2.257460   data required time
                                            -11.973353   data arrival time
---------------------------------------------------------------------------------------------
                                              9.715893   slack (MET)


Startpoint: rstn_i (input port clocked by clk_i)
Endpoint: _363_ (removal check against rising-edge clock clk_i)
Path Group: asynchronous
Path Type: min

Fanout         Cap        Slew       Delay        Time   Description
---------------------------------------------------------------------------------------------
                                  0.000000    0.000000   clock clk_i (rise edge)
                                  0.000000    0.000000   clock network delay (propagated)
                                  4.000000    4.000000 ^ input external delay
     1    0.004615    0.213991    0.074141    4.074141 ^ rstn_i (in)
                                                         rstn_i (net)
                      0.213991    0.000000    4.074141 ^ input21/I (gf180mcu_fd_sc_mcu7t5v0__dlyb_1)
     1    0.004918    0.300909    1.688907    5.763048 ^ input21/Z (gf180mcu_fd_sc_mcu7t5v0__dlyb_1)
                                                         net21 (net)
                      0.300909    0.000060    5.763108 ^ fanout44/I (gf180mcu_fd_sc_mcu7t5v0__dlyb_1)
     9    0.091519    2.576258    3.067679    8.830787 ^ fanout44/Z (gf180mcu_fd_sc_mcu7t5v0__dlyb_1)
                                                         net44 (net)
                      2.576258    0.000513    8.831301 ^ fanout43/I (gf180mcu_fd_sc_mcu7t5v0__dlyb_1)
    10    0.093887    2.642284    3.140597   11.971897 ^ fanout43/Z (gf180mcu_fd_sc_mcu7t5v0__dlyb_1)
                                                         net43 (net)
                      2.642284    0.001670   11.973567 ^ _363_/RN (gf180mcu_fd_sc_mcu7t5v0__dffrnq_1)
                                             11.973567   data arrival time

                                  0.000000    0.000000   clock clk_i (rise edge)
                                  0.000000    0.000000   clock source latency
     1    0.034824    0.299442    0.141687    0.141687 ^ clk_i (in)
                                                         clk_i (net)
                      0.299445    0.000000    0.141687 ^ clkbuf_0_clk_i/I (gf180mcu_fd_sc_mcu7t5v0__clkbuf_16)
     4    0.099953    0.280058    0.525428    0.667115 ^ clkbuf_0_clk_i/Z (gf180mcu_fd_sc_mcu7t5v0__clkbuf_16)
                                                         clknet_0_clk_i (net)
                      0.280058    0.000349    0.667464 ^ clkbuf_2_2__f_clk_i/I (gf180mcu_fd_sc_mcu7t5v0__clkbuf_16)
    10    0.057746    0.216607    0.471241    1.138705 ^ clkbuf_2_2__f_clk_i/Z (gf180mcu_fd_sc_mcu7t5v0__clkbuf_16)
                                                         clknet_2_2__leaf_clk_i (net)
                      0.216609    0.000775    1.139480 ^ _363_/CLK (gf180mcu_fd_sc_mcu7t5v0__dffrnq_1)
                                  0.250000    1.389480   clock uncertainty
                                  0.000000    1.389480   clock reconvergence pessimism
                                  0.867937    2.257417   library removal time
                                              2.257417   data required time
---------------------------------------------------------------------------------------------
                                              2.257417   data required time
                                            -11.973567   data arrival time
---------------------------------------------------------------------------------------------
                                              9.716150   slack (MET)


Startpoint: rstn_i (input port clocked by clk_i)
Endpoint: _378_ (removal check against rising-edge clock clk_i)
Path Group: asynchronous
Path Type: min

Fanout         Cap        Slew       Delay        Time   Description
---------------------------------------------------------------------------------------------
                                  0.000000    0.000000   clock clk_i (rise edge)
                                  0.000000    0.000000   clock network delay (propagated)
                                  4.000000    4.000000 ^ input external delay
     1    0.004615    0.213991    0.074141    4.074141 ^ rstn_i (in)
                                                         rstn_i (net)
                      0.213991    0.000000    4.074141 ^ input21/I (gf180mcu_fd_sc_mcu7t5v0__dlyb_1)
     1    0.004918    0.300909    1.688907    5.763048 ^ input21/Z (gf180mcu_fd_sc_mcu7t5v0__dlyb_1)
                                                         net21 (net)
                      0.300909    0.000060    5.763108 ^ fanout44/I (gf180mcu_fd_sc_mcu7t5v0__dlyb_1)
     9    0.091519    2.576258    3.067679    8.830787 ^ fanout44/Z (gf180mcu_fd_sc_mcu7t5v0__dlyb_1)
                                                         net44 (net)
                      2.576258    0.000513    8.831301 ^ fanout43/I (gf180mcu_fd_sc_mcu7t5v0__dlyb_1)
    10    0.093887    2.642284    3.140597   11.971897 ^ fanout43/Z (gf180mcu_fd_sc_mcu7t5v0__dlyb_1)
                                                         net43 (net)
                      2.642284    0.002236   11.974134 ^ _378_/RN (gf180mcu_fd_sc_mcu7t5v0__dffrnq_1)
                                             11.974134   data arrival time

                                  0.000000    0.000000   clock clk_i (rise edge)
                                  0.000000    0.000000   clock source latency
     1    0.034824    0.299442    0.141687    0.141687 ^ clk_i (in)
                                                         clk_i (net)
                      0.299445    0.000000    0.141687 ^ clkbuf_0_clk_i/I (gf180mcu_fd_sc_mcu7t5v0__clkbuf_16)
     4    0.099953    0.280058    0.525428    0.667115 ^ clkbuf_0_clk_i/Z (gf180mcu_fd_sc_mcu7t5v0__clkbuf_16)
                                                         clknet_0_clk_i (net)
                      0.280058    0.000349    0.667464 ^ clkbuf_2_2__f_clk_i/I (gf180mcu_fd_sc_mcu7t5v0__clkbuf_16)
    10    0.057746    0.216607    0.471241    1.138705 ^ clkbuf_2_2__f_clk_i/Z (gf180mcu_fd_sc_mcu7t5v0__clkbuf_16)
                                                         clknet_2_2__leaf_clk_i (net)
                      0.216608    0.000552    1.139257 ^ _378_/CLK (gf180mcu_fd_sc_mcu7t5v0__dffrnq_1)
                                  0.250000    1.389257   clock uncertainty
                                  0.000000    1.389257   clock reconvergence pessimism
                                  0.867937    2.257194   library removal time
                                              2.257194   data required time
---------------------------------------------------------------------------------------------
                                              2.257194   data required time
                                            -11.974134   data arrival time
---------------------------------------------------------------------------------------------
                                              9.716941   slack (MET)


Startpoint: rstn_i (input port clocked by clk_i)
Endpoint: _364_ (removal check against rising-edge clock clk_i)
Path Group: asynchronous
Path Type: min

Fanout         Cap        Slew       Delay        Time   Description
---------------------------------------------------------------------------------------------
                                  0.000000    0.000000   clock clk_i (rise edge)
                                  0.000000    0.000000   clock network delay (propagated)
                                  4.000000    4.000000 ^ input external delay
     1    0.004615    0.213991    0.074141    4.074141 ^ rstn_i (in)
                                                         rstn_i (net)
                      0.213991    0.000000    4.074141 ^ input21/I (gf180mcu_fd_sc_mcu7t5v0__dlyb_1)
     1    0.004918    0.300909    1.688907    5.763048 ^ input21/Z (gf180mcu_fd_sc_mcu7t5v0__dlyb_1)
                                                         net21 (net)
                      0.300909    0.000060    5.763108 ^ fanout44/I (gf180mcu_fd_sc_mcu7t5v0__dlyb_1)
     9    0.091519    2.576258    3.067679    8.830787 ^ fanout44/Z (gf180mcu_fd_sc_mcu7t5v0__dlyb_1)
                                                         net44 (net)
                      2.576258    0.000513    8.831301 ^ fanout43/I (gf180mcu_fd_sc_mcu7t5v0__dlyb_1)
    10    0.093887    2.642284    3.140597   11.971897 ^ fanout43/Z (gf180mcu_fd_sc_mcu7t5v0__dlyb_1)
                                                         net43 (net)
                      2.642296    0.003181   11.975079 ^ _364_/RN (gf180mcu_fd_sc_mcu7t5v0__dffrnq_1)
                                             11.975079   data arrival time

                                  0.000000    0.000000   clock clk_i (rise edge)
                                  0.000000    0.000000   clock source latency
     1    0.034824    0.299442    0.141687    0.141687 ^ clk_i (in)
                                                         clk_i (net)
                      0.299445    0.000000    0.141687 ^ clkbuf_0_clk_i/I (gf180mcu_fd_sc_mcu7t5v0__clkbuf_16)
     4    0.099953    0.280058    0.525428    0.667115 ^ clkbuf_0_clk_i/Z (gf180mcu_fd_sc_mcu7t5v0__clkbuf_16)
                                                         clknet_0_clk_i (net)
                      0.280058    0.000349    0.667464 ^ clkbuf_2_2__f_clk_i/I (gf180mcu_fd_sc_mcu7t5v0__clkbuf_16)
    10    0.057746    0.216607    0.471241    1.138705 ^ clkbuf_2_2__f_clk_i/Z (gf180mcu_fd_sc_mcu7t5v0__clkbuf_16)
                                                         clknet_2_2__leaf_clk_i (net)
                      0.216608    0.000606    1.139311 ^ _364_/CLK (gf180mcu_fd_sc_mcu7t5v0__dffrnq_1)
                                  0.250000    1.389311   clock uncertainty
                                  0.000000    1.389311   clock reconvergence pessimism
                                  0.867938    2.257249   library removal time
                                              2.257249   data required time
---------------------------------------------------------------------------------------------
                                              2.257249   data required time
                                            -11.975079   data arrival time
---------------------------------------------------------------------------------------------
                                              9.717831   slack (MET)


Startpoint: rstn_i (input port clocked by clk_i)
Endpoint: _386_ (removal check against rising-edge clock clk_i)
Path Group: asynchronous
Path Type: min

Fanout         Cap        Slew       Delay        Time   Description
---------------------------------------------------------------------------------------------
                                  0.000000    0.000000   clock clk_i (rise edge)
                                  0.000000    0.000000   clock network delay (propagated)
                                  4.000000    4.000000 ^ input external delay
     1    0.004615    0.213991    0.074141    4.074141 ^ rstn_i (in)
                                                         rstn_i (net)
                      0.213991    0.000000    4.074141 ^ input21/I (gf180mcu_fd_sc_mcu7t5v0__dlyb_1)
     1    0.004918    0.300909    1.688907    5.763048 ^ input21/Z (gf180mcu_fd_sc_mcu7t5v0__dlyb_1)
                                                         net21 (net)
                      0.300909    0.000060    5.763108 ^ fanout44/I (gf180mcu_fd_sc_mcu7t5v0__dlyb_1)
     9    0.091519    2.576258    3.067679    8.830787 ^ fanout44/Z (gf180mcu_fd_sc_mcu7t5v0__dlyb_1)
                                                         net44 (net)
                      2.576258    0.000513    8.831301 ^ fanout43/I (gf180mcu_fd_sc_mcu7t5v0__dlyb_1)
    10    0.093887    2.642284    3.140597   11.971897 ^ fanout43/Z (gf180mcu_fd_sc_mcu7t5v0__dlyb_1)
                                                         net43 (net)
                      2.642297    0.003261   11.975159 ^ _386_/RN (gf180mcu_fd_sc_mcu7t5v0__dffrnq_1)
                                             11.975159   data arrival time

                                  0.000000    0.000000   clock clk_i (rise edge)
                                  0.000000    0.000000   clock source latency
     1    0.034824    0.299442    0.141687    0.141687 ^ clk_i (in)
                                                         clk_i (net)
                      0.299445    0.000000    0.141687 ^ clkbuf_0_clk_i/I (gf180mcu_fd_sc_mcu7t5v0__clkbuf_16)
     4    0.099953    0.280058    0.525428    0.667115 ^ clkbuf_0_clk_i/Z (gf180mcu_fd_sc_mcu7t5v0__clkbuf_16)
                                                         clknet_0_clk_i (net)
                      0.280059    0.001057    0.668173 ^ clkbuf_2_0__f_clk_i/I (gf180mcu_fd_sc_mcu7t5v0__clkbuf_16)
    10    0.055399    0.213004    0.468014    1.136186 ^ clkbuf_2_0__f_clk_i/Z (gf180mcu_fd_sc_mcu7t5v0__clkbuf_16)
                                                         clknet_2_0__leaf_clk_i (net)
                      0.213006    0.001017    1.137203 ^ _386_/CLK (gf180mcu_fd_sc_mcu7t5v0__dffrnq_1)
                                  0.250000    1.387203   clock uncertainty
                                  0.000000    1.387203   clock reconvergence pessimism
                                  0.867234    2.254437   library removal time
                                              2.254437   data required time
---------------------------------------------------------------------------------------------
                                              2.254437   data required time
                                            -11.975159   data arrival time
---------------------------------------------------------------------------------------------
                                              9.720722   slack (MET)


Startpoint: _363_ (rising edge-triggered flip-flop clocked by clk_i)
Endpoint: rx_valid_o (output port clocked by clk_i)
Path Group: clk_i
Path Type: min

Fanout         Cap        Slew       Delay        Time   Description
---------------------------------------------------------------------------------------------
                                  0.000000    0.000000   clock clk_i (rise edge)
                                  0.000000    0.000000   clock source latency
     1    0.034824    0.299442    0.141687    0.141687 ^ clk_i (in)
                                                         clk_i (net)
                      0.299445    0.000000    0.141687 ^ clkbuf_0_clk_i/I (gf180mcu_fd_sc_mcu7t5v0__clkbuf_16)
     4    0.099953    0.280058    0.525428    0.667115 ^ clkbuf_0_clk_i/Z (gf180mcu_fd_sc_mcu7t5v0__clkbuf_16)
                                                         clknet_0_clk_i (net)
                      0.280058    0.000349    0.667464 ^ clkbuf_2_2__f_clk_i/I (gf180mcu_fd_sc_mcu7t5v0__clkbuf_16)
    10    0.057746    0.216607    0.471241    1.138705 ^ clkbuf_2_2__f_clk_i/Z (gf180mcu_fd_sc_mcu7t5v0__clkbuf_16)
                                                         clknet_2_2__leaf_clk_i (net)
                      0.216609    0.000775    1.139480 ^ _363_/CLK (gf180mcu_fd_sc_mcu7t5v0__dffrnq_1)
     4    0.022713    0.453151    1.500560    2.640041 v _363_/Q (gf180mcu_fd_sc_mcu7t5v0__dffrnq_1)
                                                         r_error_parity (net)
                      0.453151    0.000425    2.640466 v _255_/A1 (gf180mcu_fd_sc_mcu7t5v0__nor2_1)
     2    0.007944    0.654706    0.489140    3.129606 ^ _255_/ZN (gf180mcu_fd_sc_mcu7t5v0__nor2_1)
                                                         net36 (net)
                      0.654706    0.000089    3.129695 ^ output36/I (gf180mcu_fd_sc_mcu7t5v0__dlyb_1)
     1    0.074171    2.108450    2.841193    5.970888 ^ output36/Z (gf180mcu_fd_sc_mcu7t5v0__dlyb_1)
                                                         rx_valid_o (net)
                      2.108450    0.000896    5.971784 ^ rx_valid_o (out)
                                              5.971784   data arrival time

                                  0.000000    0.000000   clock clk_i (rise edge)
                                  0.000000    0.000000   clock network delay (propagated)
                                  0.250000    0.250000   clock uncertainty
                                  0.000000    0.250000   clock reconvergence pessimism
                                 -4.000000   -3.750000   output external delay
                                             -3.750000   data required time
---------------------------------------------------------------------------------------------
                                             -3.750000   data required time
                                             -5.971784   data arrival time
---------------------------------------------------------------------------------------------
                                              9.721784   slack (MET)


Startpoint: _363_ (rising edge-triggered flip-flop clocked by clk_i)
Endpoint: err_overflow_o (output port clocked by clk_i)
Path Group: clk_i
Path Type: min

Fanout         Cap        Slew       Delay        Time   Description
---------------------------------------------------------------------------------------------
                                  0.000000    0.000000   clock clk_i (rise edge)
                                  0.000000    0.000000   clock source latency
     1    0.034824    0.299442    0.141687    0.141687 ^ clk_i (in)
                                                         clk_i (net)
                      0.299445    0.000000    0.141687 ^ clkbuf_0_clk_i/I (gf180mcu_fd_sc_mcu7t5v0__clkbuf_16)
     4    0.099953    0.280058    0.525428    0.667115 ^ clkbuf_0_clk_i/Z (gf180mcu_fd_sc_mcu7t5v0__clkbuf_16)
                                                         clknet_0_clk_i (net)
                      0.280058    0.000349    0.667464 ^ clkbuf_2_2__f_clk_i/I (gf180mcu_fd_sc_mcu7t5v0__clkbuf_16)
    10    0.057746    0.216607    0.471241    1.138705 ^ clkbuf_2_2__f_clk_i/Z (gf180mcu_fd_sc_mcu7t5v0__clkbuf_16)
                                                         clknet_2_2__leaf_clk_i (net)
                      0.216609    0.000775    1.139480 ^ _363_/CLK (gf180mcu_fd_sc_mcu7t5v0__dffrnq_1)
     4    0.022713    0.453151    1.500560    2.640041 v _363_/Q (gf180mcu_fd_sc_mcu7t5v0__dffrnq_1)
                                                         r_error_parity (net)
                      0.453151    0.000406    2.640447 v _257_/A1 (gf180mcu_fd_sc_mcu7t5v0__nor3_1)
     1    0.003960    0.716989    0.484237    3.124684 ^ _257_/ZN (gf180mcu_fd_sc_mcu7t5v0__nor3_1)
                                                         net26 (net)
                      0.716989    0.000077    3.124761 ^ output26/I (gf180mcu_fd_sc_mcu7t5v0__dlyb_1)
     1    0.074931    2.129868    2.856513    5.981274 ^ output26/Z (gf180mcu_fd_sc_mcu7t5v0__dlyb_1)
                                                         err_overflow_o (net)
                      2.129868    0.001063    5.982337 ^ err_overflow_o (out)
                                              5.982337   data arrival time

                                  0.000000    0.000000   clock clk_i (rise edge)
                                  0.000000    0.000000   clock network delay (propagated)
                                  0.250000    0.250000   clock uncertainty
                                  0.000000    0.250000   clock reconvergence pessimism
                                 -4.000000   -3.750000   output external delay
                                             -3.750000   data required time
---------------------------------------------------------------------------------------------
                                             -3.750000   data required time
                                             -5.982337   data arrival time
---------------------------------------------------------------------------------------------
                                              9.732337   slack (MET)


Startpoint: rstn_i (input port clocked by clk_i)
Endpoint: _390_ (removal check against rising-edge clock clk_i)
Path Group: asynchronous
Path Type: min

Fanout         Cap        Slew       Delay        Time   Description
---------------------------------------------------------------------------------------------
                                  0.000000    0.000000   clock clk_i (rise edge)
                                  0.000000    0.000000   clock network delay (propagated)
                                  4.000000    4.000000 ^ input external delay
     1    0.004615    0.213991    0.074141    4.074141 ^ rstn_i (in)
                                                         rstn_i (net)
                      0.213991    0.000000    4.074141 ^ input21/I (gf180mcu_fd_sc_mcu7t5v0__dlyb_1)
     1    0.004918    0.300909    1.688907    5.763048 ^ input21/Z (gf180mcu_fd_sc_mcu7t5v0__dlyb_1)
                                                         net21 (net)
                      0.300909    0.000060    5.763108 ^ fanout44/I (gf180mcu_fd_sc_mcu7t5v0__dlyb_1)
     9    0.091519    2.576258    3.067679    8.830787 ^ fanout44/Z (gf180mcu_fd_sc_mcu7t5v0__dlyb_1)
                                                         net44 (net)
                      2.576258    0.000780    8.831567 ^ fanout41/I (gf180mcu_fd_sc_mcu7t5v0__dlyb_1)
    10    0.102935    2.887624    3.280795   12.112362 ^ fanout41/Z (gf180mcu_fd_sc_mcu7t5v0__dlyb_1)
                                                         net41 (net)
                      2.887624    0.002746   12.115108 ^ _390_/RN (gf180mcu_fd_sc_mcu7t5v0__dffrnq_1)
                                             12.115108   data arrival time

                                  0.000000    0.000000   clock clk_i (rise edge)
                                  0.000000    0.000000   clock source latency
     1    0.034824    0.299442    0.141687    0.141687 ^ clk_i (in)
                                                         clk_i (net)
                      0.299445    0.000000    0.141687 ^ clkbuf_0_clk_i/I (gf180mcu_fd_sc_mcu7t5v0__clkbuf_16)
     4    0.099953    0.280058    0.525428    0.667115 ^ clkbuf_0_clk_i/Z (gf180mcu_fd_sc_mcu7t5v0__clkbuf_16)
                                                         clknet_0_clk_i (net)
                      0.280059    0.001058    0.668174 ^ clkbuf_2_1__f_clk_i/I (gf180mcu_fd_sc_mcu7t5v0__clkbuf_16)
    10    0.060228    0.220271    0.473897    1.142071 ^ clkbuf_2_1__f_clk_i/Z (gf180mcu_fd_sc_mcu7t5v0__clkbuf_16)
                                                         clknet_2_1__leaf_clk_i (net)
                      0.220277    0.002076    1.144146 ^ _390_/CLK (gf180mcu_fd_sc_mcu7t5v0__dffrnq_1)
                                  0.250000    1.394146   clock uncertainty
                                  0.000000    1.394146   clock reconvergence pessimism
                                  0.883657    2.277804   library removal time
                                              2.277804   data required time
---------------------------------------------------------------------------------------------
                                              2.277804   data required time
                                            -12.115108   data arrival time
---------------------------------------------------------------------------------------------
                                              9.837304   slack (MET)


Startpoint: rstn_i (input port clocked by clk_i)
Endpoint: _388_ (removal check against rising-edge clock clk_i)
Path Group: asynchronous
Path Type: min

Fanout         Cap        Slew       Delay        Time   Description
---------------------------------------------------------------------------------------------
                                  0.000000    0.000000   clock clk_i (rise edge)
                                  0.000000    0.000000   clock network delay (propagated)
                                  4.000000    4.000000 ^ input external delay
     1    0.004615    0.213991    0.074141    4.074141 ^ rstn_i (in)
                                                         rstn_i (net)
                      0.213991    0.000000    4.074141 ^ input21/I (gf180mcu_fd_sc_mcu7t5v0__dlyb_1)
     1    0.004918    0.300909    1.688907    5.763048 ^ input21/Z (gf180mcu_fd_sc_mcu7t5v0__dlyb_1)
                                                         net21 (net)
                      0.300909    0.000060    5.763108 ^ fanout44/I (gf180mcu_fd_sc_mcu7t5v0__dlyb_1)
     9    0.091519    2.576258    3.067679    8.830787 ^ fanout44/Z (gf180mcu_fd_sc_mcu7t5v0__dlyb_1)
                                                         net44 (net)
                      2.576258    0.000780    8.831567 ^ fanout41/I (gf180mcu_fd_sc_mcu7t5v0__dlyb_1)
    10    0.102935    2.887624    3.280795   12.112362 ^ fanout41/Z (gf180mcu_fd_sc_mcu7t5v0__dlyb_1)
                                                         net41 (net)
                      2.887624    0.002333   12.114696 ^ _388_/RN (gf180mcu_fd_sc_mcu7t5v0__dffrnq_1)
                                             12.114696   data arrival time

                                  0.000000    0.000000   clock clk_i (rise edge)
                                  0.000000    0.000000   clock source latency
     1    0.034824    0.299442    0.141687    0.141687 ^ clk_i (in)
                                                         clk_i (net)
                      0.299445    0.000000    0.141687 ^ clkbuf_0_clk_i/I (gf180mcu_fd_sc_mcu7t5v0__clkbuf_16)
     4    0.099953    0.280058    0.525428    0.667115 ^ clkbuf_0_clk_i/Z (gf180mcu_fd_sc_mcu7t5v0__clkbuf_16)
                                                         clknet_0_clk_i (net)
                      0.280059    0.001058    0.668174 ^ clkbuf_2_1__f_clk_i/I (gf180mcu_fd_sc_mcu7t5v0__clkbuf_16)
    10    0.060228    0.220271    0.473897    1.142071 ^ clkbuf_2_1__f_clk_i/Z (gf180mcu_fd_sc_mcu7t5v0__clkbuf_16)
                                                         clknet_2_1__leaf_clk_i (net)
                      0.220272    0.000513    1.142584 ^ _388_/CLK (gf180mcu_fd_sc_mcu7t5v0__dffrnq_1)
                                  0.250000    1.392584   clock uncertainty
                                  0.000000    1.392584   clock reconvergence pessimism
                                  0.883656    2.276240   library removal time
                                              2.276240   data required time
---------------------------------------------------------------------------------------------
                                              2.276240   data required time
                                            -12.114696   data arrival time
---------------------------------------------------------------------------------------------
                                              9.838455   slack (MET)


Startpoint: rstn_i (input port clocked by clk_i)
Endpoint: _385_ (removal check against rising-edge clock clk_i)
Path Group: asynchronous
Path Type: min

Fanout         Cap        Slew       Delay        Time   Description
---------------------------------------------------------------------------------------------
                                  0.000000    0.000000   clock clk_i (rise edge)
                                  0.000000    0.000000   clock network delay (propagated)
                                  4.000000    4.000000 ^ input external delay
     1    0.004615    0.213991    0.074141    4.074141 ^ rstn_i (in)
                                                         rstn_i (net)
                      0.213991    0.000000    4.074141 ^ input21/I (gf180mcu_fd_sc_mcu7t5v0__dlyb_1)
     1    0.004918    0.300909    1.688907    5.763048 ^ input21/Z (gf180mcu_fd_sc_mcu7t5v0__dlyb_1)
                                                         net21 (net)
                      0.300909    0.000060    5.763108 ^ fanout44/I (gf180mcu_fd_sc_mcu7t5v0__dlyb_1)
     9    0.091519    2.576258    3.067679    8.830787 ^ fanout44/Z (gf180mcu_fd_sc_mcu7t5v0__dlyb_1)
                                                         net44 (net)
                      2.576258    0.000780    8.831567 ^ fanout41/I (gf180mcu_fd_sc_mcu7t5v0__dlyb_1)
    10    0.102935    2.887624    3.280795   12.112362 ^ fanout41/Z (gf180mcu_fd_sc_mcu7t5v0__dlyb_1)
                                                         net41 (net)
                      2.887624    0.001672   12.114034 ^ _385_/RN (gf180mcu_fd_sc_mcu7t5v0__dffrnq_1)
                                             12.114034   data arrival time

                                  0.000000    0.000000   clock clk_i (rise edge)
                                  0.000000    0.000000   clock source latency
     1    0.034824    0.299442    0.141687    0.141687 ^ clk_i (in)
                                                         clk_i (net)
                      0.299445    0.000000    0.141687 ^ clkbuf_0_clk_i/I (gf180mcu_fd_sc_mcu7t5v0__clkbuf_16)
     4    0.099953    0.280058    0.525428    0.667115 ^ clkbuf_0_clk_i/Z (gf180mcu_fd_sc_mcu7t5v0__clkbuf_16)
                                                         clknet_0_clk_i (net)
                      0.280059    0.001057    0.668173 ^ clkbuf_2_0__f_clk_i/I (gf180mcu_fd_sc_mcu7t5v0__clkbuf_16)
    10    0.055399    0.213004    0.468014    1.136186 ^ clkbuf_2_0__f_clk_i/Z (gf180mcu_fd_sc_mcu7t5v0__clkbuf_16)
                                                         clknet_2_0__leaf_clk_i (net)
                      0.213010    0.001989    1.138175 ^ _385_/CLK (gf180mcu_fd_sc_mcu7t5v0__dffrnq_1)
                                  0.250000    1.388175   clock uncertainty
                                  0.000000    1.388175   clock reconvergence pessimism
                                  0.882225    2.270401   library removal time
                                              2.270401   data required time
---------------------------------------------------------------------------------------------
                                              2.270401   data required time
                                            -12.114034   data arrival time
---------------------------------------------------------------------------------------------
                                              9.843633   slack (MET)


Startpoint: rstn_i (input port clocked by clk_i)
Endpoint: _383_ (removal check against rising-edge clock clk_i)
Path Group: asynchronous
Path Type: min

Fanout         Cap        Slew       Delay        Time   Description
---------------------------------------------------------------------------------------------
                                  0.000000    0.000000   clock clk_i (rise edge)
                                  0.000000    0.000000   clock network delay (propagated)
                                  4.000000    4.000000 ^ input external delay
     1    0.004615    0.213991    0.074141    4.074141 ^ rstn_i (in)
                                                         rstn_i (net)
                      0.213991    0.000000    4.074141 ^ input21/I (gf180mcu_fd_sc_mcu7t5v0__dlyb_1)
     1    0.004918    0.300909    1.688907    5.763048 ^ input21/Z (gf180mcu_fd_sc_mcu7t5v0__dlyb_1)
                                                         net21 (net)
                      0.300909    0.000060    5.763108 ^ fanout44/I (gf180mcu_fd_sc_mcu7t5v0__dlyb_1)
     9    0.091519    2.576258    3.067679    8.830787 ^ fanout44/Z (gf180mcu_fd_sc_mcu7t5v0__dlyb_1)
                                                         net44 (net)
                      2.576258    0.000780    8.831567 ^ fanout41/I (gf180mcu_fd_sc_mcu7t5v0__dlyb_1)
    10    0.102935    2.887624    3.280795   12.112362 ^ fanout41/Z (gf180mcu_fd_sc_mcu7t5v0__dlyb_1)
                                                         net41 (net)
                      2.887624    0.002595   12.114958 ^ _383_/RN (gf180mcu_fd_sc_mcu7t5v0__dffrnq_1)
                                             12.114958   data arrival time

                                  0.000000    0.000000   clock clk_i (rise edge)
                                  0.000000    0.000000   clock source latency
     1    0.034824    0.299442    0.141687    0.141687 ^ clk_i (in)
                                                         clk_i (net)
                      0.299445    0.000000    0.141687 ^ clkbuf_0_clk_i/I (gf180mcu_fd_sc_mcu7t5v0__clkbuf_16)
     4    0.099953    0.280058    0.525428    0.667115 ^ clkbuf_0_clk_i/Z (gf180mcu_fd_sc_mcu7t5v0__clkbuf_16)
                                                         clknet_0_clk_i (net)
                      0.280059    0.001057    0.668173 ^ clkbuf_2_0__f_clk_i/I (gf180mcu_fd_sc_mcu7t5v0__clkbuf_16)
    10    0.055399    0.213004    0.468014    1.136186 ^ clkbuf_2_0__f_clk_i/Z (gf180mcu_fd_sc_mcu7t5v0__clkbuf_16)
                                                         clknet_2_0__leaf_clk_i (net)
                      0.213013    0.002388    1.138574 ^ _383_/CLK (gf180mcu_fd_sc_mcu7t5v0__dffrnq_1)
                                  0.250000    1.388574   clock uncertainty
                                  0.000000    1.388574   clock reconvergence pessimism
                                  0.882226    2.270800   library removal time
                                              2.270800   data required time
---------------------------------------------------------------------------------------------
                                              2.270800   data required time
                                            -12.114958   data arrival time
---------------------------------------------------------------------------------------------
                                              9.844157   slack (MET)


Startpoint: rstn_i (input port clocked by clk_i)
Endpoint: _382_ (removal check against rising-edge clock clk_i)
Path Group: asynchronous
Path Type: min

Fanout         Cap        Slew       Delay        Time   Description
---------------------------------------------------------------------------------------------
                                  0.000000    0.000000   clock clk_i (rise edge)
                                  0.000000    0.000000   clock network delay (propagated)
                                  4.000000    4.000000 ^ input external delay
     1    0.004615    0.213991    0.074141    4.074141 ^ rstn_i (in)
                                                         rstn_i (net)
                      0.213991    0.000000    4.074141 ^ input21/I (gf180mcu_fd_sc_mcu7t5v0__dlyb_1)
     1    0.004918    0.300909    1.688907    5.763048 ^ input21/Z (gf180mcu_fd_sc_mcu7t5v0__dlyb_1)
                                                         net21 (net)
                      0.300909    0.000060    5.763108 ^ fanout44/I (gf180mcu_fd_sc_mcu7t5v0__dlyb_1)
     9    0.091519    2.576258    3.067679    8.830787 ^ fanout44/Z (gf180mcu_fd_sc_mcu7t5v0__dlyb_1)
                                                         net44 (net)
                      2.576258    0.000780    8.831567 ^ fanout41/I (gf180mcu_fd_sc_mcu7t5v0__dlyb_1)
    10    0.102935    2.887624    3.280795   12.112362 ^ fanout41/Z (gf180mcu_fd_sc_mcu7t5v0__dlyb_1)
                                                         net41 (net)
                      2.887624    0.002777   12.115139 ^ _382_/RN (gf180mcu_fd_sc_mcu7t5v0__dffrnq_1)
                                             12.115139   data arrival time

                                  0.000000    0.000000   clock clk_i (rise edge)
                                  0.000000    0.000000   clock source latency
     1    0.034824    0.299442    0.141687    0.141687 ^ clk_i (in)
                                                         clk_i (net)
                      0.299445    0.000000    0.141687 ^ clkbuf_0_clk_i/I (gf180mcu_fd_sc_mcu7t5v0__clkbuf_16)
     4    0.099953    0.280058    0.525428    0.667115 ^ clkbuf_0_clk_i/Z (gf180mcu_fd_sc_mcu7t5v0__clkbuf_16)
                                                         clknet_0_clk_i (net)
                      0.280059    0.001057    0.668173 ^ clkbuf_2_0__f_clk_i/I (gf180mcu_fd_sc_mcu7t5v0__clkbuf_16)
    10    0.055399    0.213004    0.468014    1.136186 ^ clkbuf_2_0__f_clk_i/Z (gf180mcu_fd_sc_mcu7t5v0__clkbuf_16)
                                                         clknet_2_0__leaf_clk_i (net)
                      0.213012    0.002349    1.138535 ^ _382_/CLK (gf180mcu_fd_sc_mcu7t5v0__dffrnq_1)
                                  0.250000    1.388535   clock uncertainty
                                  0.000000    1.388535   clock reconvergence pessimism
                                  0.882226    2.270761   library removal time
                                              2.270761   data required time
---------------------------------------------------------------------------------------------
                                              2.270761   data required time
                                            -12.115139   data arrival time
---------------------------------------------------------------------------------------------
                                              9.844378   slack (MET)


Startpoint: rstn_i (input port clocked by clk_i)
Endpoint: _381_ (removal check against rising-edge clock clk_i)
Path Group: asynchronous
Path Type: min

Fanout         Cap        Slew       Delay        Time   Description
---------------------------------------------------------------------------------------------
                                  0.000000    0.000000   clock clk_i (rise edge)
                                  0.000000    0.000000   clock network delay (propagated)
                                  4.000000    4.000000 ^ input external delay
     1    0.004615    0.213991    0.074141    4.074141 ^ rstn_i (in)
                                                         rstn_i (net)
                      0.213991    0.000000    4.074141 ^ input21/I (gf180mcu_fd_sc_mcu7t5v0__dlyb_1)
     1    0.004918    0.300909    1.688907    5.763048 ^ input21/Z (gf180mcu_fd_sc_mcu7t5v0__dlyb_1)
                                                         net21 (net)
                      0.300909    0.000060    5.763108 ^ fanout44/I (gf180mcu_fd_sc_mcu7t5v0__dlyb_1)
     9    0.091519    2.576258    3.067679    8.830787 ^ fanout44/Z (gf180mcu_fd_sc_mcu7t5v0__dlyb_1)
                                                         net44 (net)
                      2.576258    0.000780    8.831567 ^ fanout41/I (gf180mcu_fd_sc_mcu7t5v0__dlyb_1)
    10    0.102935    2.887624    3.280795   12.112362 ^ fanout41/Z (gf180mcu_fd_sc_mcu7t5v0__dlyb_1)
                                                         net41 (net)
                      2.887635    0.003213   12.115575 ^ _381_/RN (gf180mcu_fd_sc_mcu7t5v0__dffrnq_1)
                                             12.115575   data arrival time

                                  0.000000    0.000000   clock clk_i (rise edge)
                                  0.000000    0.000000   clock source latency
     1    0.034824    0.299442    0.141687    0.141687 ^ clk_i (in)
                                                         clk_i (net)
                      0.299445    0.000000    0.141687 ^ clkbuf_0_clk_i/I (gf180mcu_fd_sc_mcu7t5v0__clkbuf_16)
     4    0.099953    0.280058    0.525428    0.667115 ^ clkbuf_0_clk_i/Z (gf180mcu_fd_sc_mcu7t5v0__clkbuf_16)
                                                         clknet_0_clk_i (net)
                      0.280059    0.001057    0.668173 ^ clkbuf_2_0__f_clk_i/I (gf180mcu_fd_sc_mcu7t5v0__clkbuf_16)
    10    0.055399    0.213004    0.468014    1.136186 ^ clkbuf_2_0__f_clk_i/Z (gf180mcu_fd_sc_mcu7t5v0__clkbuf_16)
                                                         clknet_2_0__leaf_clk_i (net)
                      0.213014    0.002529    1.138715 ^ _381_/CLK (gf180mcu_fd_sc_mcu7t5v0__dffrnq_1)
                                  0.250000    1.388715   clock uncertainty
                                  0.000000    1.388715   clock reconvergence pessimism
                                  0.882227    2.270942   library removal time
                                              2.270942   data required time
---------------------------------------------------------------------------------------------
                                              2.270942   data required time
                                            -12.115575   data arrival time
---------------------------------------------------------------------------------------------
                                              9.844632   slack (MET)


Startpoint: rstn_i (input port clocked by clk_i)
Endpoint: _379_ (removal check against rising-edge clock clk_i)
Path Group: asynchronous
Path Type: min

Fanout         Cap        Slew       Delay        Time   Description
---------------------------------------------------------------------------------------------
                                  0.000000    0.000000   clock clk_i (rise edge)
                                  0.000000    0.000000   clock network delay (propagated)
                                  4.000000    4.000000 ^ input external delay
     1    0.004615    0.213991    0.074141    4.074141 ^ rstn_i (in)
                                                         rstn_i (net)
                      0.213991    0.000000    4.074141 ^ input21/I (gf180mcu_fd_sc_mcu7t5v0__dlyb_1)
     1    0.004918    0.300909    1.688907    5.763048 ^ input21/Z (gf180mcu_fd_sc_mcu7t5v0__dlyb_1)
                                                         net21 (net)
                      0.300909    0.000060    5.763108 ^ fanout44/I (gf180mcu_fd_sc_mcu7t5v0__dlyb_1)
     9    0.091519    2.576258    3.067679    8.830787 ^ fanout44/Z (gf180mcu_fd_sc_mcu7t5v0__dlyb_1)
                                                         net44 (net)
                      2.576258    0.000780    8.831567 ^ fanout41/I (gf180mcu_fd_sc_mcu7t5v0__dlyb_1)
    10    0.102935    2.887624    3.280795   12.112362 ^ fanout41/Z (gf180mcu_fd_sc_mcu7t5v0__dlyb_1)
                                                         net41 (net)
                      2.887636    0.003472   12.115834 ^ _379_/RN (gf180mcu_fd_sc_mcu7t5v0__dffrnq_1)
                                             12.115834   data arrival time

                                  0.000000    0.000000   clock clk_i (rise edge)
                                  0.000000    0.000000   clock source latency
     1    0.034824    0.299442    0.141687    0.141687 ^ clk_i (in)
                                                         clk_i (net)
                      0.299445    0.000000    0.141687 ^ clkbuf_0_clk_i/I (gf180mcu_fd_sc_mcu7t5v0__clkbuf_16)
     4    0.099953    0.280058    0.525428    0.667115 ^ clkbuf_0_clk_i/Z (gf180mcu_fd_sc_mcu7t5v0__clkbuf_16)
                                                         clknet_0_clk_i (net)
                      0.280059    0.001057    0.668173 ^ clkbuf_2_0__f_clk_i/I (gf180mcu_fd_sc_mcu7t5v0__clkbuf_16)
    10    0.055399    0.213004    0.468014    1.136186 ^ clkbuf_2_0__f_clk_i/Z (gf180mcu_fd_sc_mcu7t5v0__clkbuf_16)
                                                         clknet_2_0__leaf_clk_i (net)
                      0.213015    0.002625    1.138811 ^ _379_/CLK (gf180mcu_fd_sc_mcu7t5v0__dffrnq_1)
                                  0.250000    1.388811   clock uncertainty
                                  0.000000    1.388811   clock reconvergence pessimism
                                  0.882227    2.271038   library removal time
                                              2.271038   data required time
---------------------------------------------------------------------------------------------
                                              2.271038   data required time
                                            -12.115834   data arrival time
---------------------------------------------------------------------------------------------
                                              9.844796   slack (MET)


Startpoint: rstn_i (input port clocked by clk_i)
Endpoint: _380_ (removal check against rising-edge clock clk_i)
Path Group: asynchronous
Path Type: min

Fanout         Cap        Slew       Delay        Time   Description
---------------------------------------------------------------------------------------------
                                  0.000000    0.000000   clock clk_i (rise edge)
                                  0.000000    0.000000   clock network delay (propagated)
                                  4.000000    4.000000 ^ input external delay
     1    0.004615    0.213991    0.074141    4.074141 ^ rstn_i (in)
                                                         rstn_i (net)
                      0.213991    0.000000    4.074141 ^ input21/I (gf180mcu_fd_sc_mcu7t5v0__dlyb_1)
     1    0.004918    0.300909    1.688907    5.763048 ^ input21/Z (gf180mcu_fd_sc_mcu7t5v0__dlyb_1)
                                                         net21 (net)
                      0.300909    0.000060    5.763108 ^ fanout44/I (gf180mcu_fd_sc_mcu7t5v0__dlyb_1)
     9    0.091519    2.576258    3.067679    8.830787 ^ fanout44/Z (gf180mcu_fd_sc_mcu7t5v0__dlyb_1)
                                                         net44 (net)
                      2.576258    0.000780    8.831567 ^ fanout41/I (gf180mcu_fd_sc_mcu7t5v0__dlyb_1)
    10    0.102935    2.887624    3.280795   12.112362 ^ fanout41/Z (gf180mcu_fd_sc_mcu7t5v0__dlyb_1)
                                                         net41 (net)
                      2.887637    0.003577   12.115939 ^ _380_/RN (gf180mcu_fd_sc_mcu7t5v0__dffrnq_1)
                                             12.115939   data arrival time

                                  0.000000    0.000000   clock clk_i (rise edge)
                                  0.000000    0.000000   clock source latency
     1    0.034824    0.299442    0.141687    0.141687 ^ clk_i (in)
                                                         clk_i (net)
                      0.299445    0.000000    0.141687 ^ clkbuf_0_clk_i/I (gf180mcu_fd_sc_mcu7t5v0__clkbuf_16)
     4    0.099953    0.280058    0.525428    0.667115 ^ clkbuf_0_clk_i/Z (gf180mcu_fd_sc_mcu7t5v0__clkbuf_16)
                                                         clknet_0_clk_i (net)
                      0.280059    0.001057    0.668173 ^ clkbuf_2_0__f_clk_i/I (gf180mcu_fd_sc_mcu7t5v0__clkbuf_16)
    10    0.055399    0.213004    0.468014    1.136186 ^ clkbuf_2_0__f_clk_i/Z (gf180mcu_fd_sc_mcu7t5v0__clkbuf_16)
                                                         clknet_2_0__leaf_clk_i (net)
                      0.213015    0.002650    1.138837 ^ _380_/CLK (gf180mcu_fd_sc_mcu7t5v0__dffrnq_1)
                                  0.250000    1.388837   clock uncertainty
                                  0.000000    1.388837   clock reconvergence pessimism
                                  0.882227    2.271064   library removal time
                                              2.271064   data required time
---------------------------------------------------------------------------------------------
                                              2.271064   data required time
                                            -12.115939   data arrival time
---------------------------------------------------------------------------------------------
                                              9.844875   slack (MET)


Startpoint: rstn_i (input port clocked by clk_i)
Endpoint: _384_ (removal check against rising-edge clock clk_i)
Path Group: asynchronous
Path Type: min

Fanout         Cap        Slew       Delay        Time   Description
---------------------------------------------------------------------------------------------
                                  0.000000    0.000000   clock clk_i (rise edge)
                                  0.000000    0.000000   clock network delay (propagated)
                                  4.000000    4.000000 ^ input external delay
     1    0.004615    0.213991    0.074141    4.074141 ^ rstn_i (in)
                                                         rstn_i (net)
                      0.213991    0.000000    4.074141 ^ input21/I (gf180mcu_fd_sc_mcu7t5v0__dlyb_1)
     1    0.004918    0.300909    1.688907    5.763048 ^ input21/Z (gf180mcu_fd_sc_mcu7t5v0__dlyb_1)
                                                         net21 (net)
                      0.300909    0.000060    5.763108 ^ fanout44/I (gf180mcu_fd_sc_mcu7t5v0__dlyb_1)
     9    0.091519    2.576258    3.067679    8.830787 ^ fanout44/Z (gf180mcu_fd_sc_mcu7t5v0__dlyb_1)
                                                         net44 (net)
                      2.576258    0.000780    8.831567 ^ fanout41/I (gf180mcu_fd_sc_mcu7t5v0__dlyb_1)
    10    0.102935    2.887624    3.280795   12.112362 ^ fanout41/Z (gf180mcu_fd_sc_mcu7t5v0__dlyb_1)
                                                         net41 (net)
                      2.887624    0.002447   12.114809 ^ _384_/RN (gf180mcu_fd_sc_mcu7t5v0__dffrnq_1)
                                             12.114809   data arrival time

                                  0.000000    0.000000   clock clk_i (rise edge)
                                  0.000000    0.000000   clock source latency
     1    0.034824    0.299442    0.141687    0.141687 ^ clk_i (in)
                                                         clk_i (net)
                      0.299445    0.000000    0.141687 ^ clkbuf_0_clk_i/I (gf180mcu_fd_sc_mcu7t5v0__clkbuf_16)
     4    0.099953    0.280058    0.525428    0.667115 ^ clkbuf_0_clk_i/Z (gf180mcu_fd_sc_mcu7t5v0__clkbuf_16)
                                                         clknet_0_clk_i (net)
                      0.280059    0.001057    0.668173 ^ clkbuf_2_0__f_clk_i/I (gf180mcu_fd_sc_mcu7t5v0__clkbuf_16)
    10    0.055399    0.213004    0.468014    1.136186 ^ clkbuf_2_0__f_clk_i/Z (gf180mcu_fd_sc_mcu7t5v0__clkbuf_16)
                                                         clknet_2_0__leaf_clk_i (net)
                      0.213007    0.001480    1.137667 ^ _384_/CLK (gf180mcu_fd_sc_mcu7t5v0__dffrnq_1)
                                  0.250000    1.387667   clock uncertainty
                                  0.000000    1.387667   clock reconvergence pessimism
                                  0.882225    2.269892   library removal time
                                              2.269892   data required time
---------------------------------------------------------------------------------------------
                                              2.269892   data required time
                                            -12.114809   data arrival time
---------------------------------------------------------------------------------------------
                                              9.844918   slack (MET)


Startpoint: rstn_i (input port clocked by clk_i)
Endpoint: _389_ (removal check against rising-edge clock clk_i)
Path Group: asynchronous
Path Type: min

Fanout         Cap        Slew       Delay        Time   Description
---------------------------------------------------------------------------------------------
                                  0.000000    0.000000   clock clk_i (rise edge)
                                  0.000000    0.000000   clock network delay (propagated)
                                  4.000000    4.000000 ^ input external delay
     1    0.004615    0.213991    0.074141    4.074141 ^ rstn_i (in)
                                                         rstn_i (net)
                      0.213991    0.000000    4.074141 ^ input21/I (gf180mcu_fd_sc_mcu7t5v0__dlyb_1)
     1    0.004918    0.300909    1.688907    5.763048 ^ input21/Z (gf180mcu_fd_sc_mcu7t5v0__dlyb_1)
                                                         net21 (net)
                      0.300909    0.000060    5.763108 ^ fanout44/I (gf180mcu_fd_sc_mcu7t5v0__dlyb_1)
     9    0.091519    2.576258    3.067679    8.830787 ^ fanout44/Z (gf180mcu_fd_sc_mcu7t5v0__dlyb_1)
                                                         net44 (net)
                      2.576258    0.000780    8.831567 ^ fanout41/I (gf180mcu_fd_sc_mcu7t5v0__dlyb_1)
    10    0.102935    2.887624    3.280795   12.112362 ^ fanout41/Z (gf180mcu_fd_sc_mcu7t5v0__dlyb_1)
                                                         net41 (net)
                      2.887624    0.002704   12.115066 ^ _389_/RN (gf180mcu_fd_sc_mcu7t5v0__dffrnq_1)
                                             12.115066   data arrival time

                                  0.000000    0.000000   clock clk_i (rise edge)
                                  0.000000    0.000000   clock source latency
     1    0.034824    0.299442    0.141687    0.141687 ^ clk_i (in)
                                                         clk_i (net)
                      0.299445    0.000000    0.141687 ^ clkbuf_0_clk_i/I (gf180mcu_fd_sc_mcu7t5v0__clkbuf_16)
     4    0.099953    0.280058    0.525428    0.667115 ^ clkbuf_0_clk_i/Z (gf180mcu_fd_sc_mcu7t5v0__clkbuf_16)
                                                         clknet_0_clk_i (net)
                      0.280058    0.000704    0.667819 ^ clkbuf_2_3__f_clk_i/I (gf180mcu_fd_sc_mcu7t5v0__clkbuf_16)
     9    0.050755    0.206101    0.462870    1.130689 ^ clkbuf_2_3__f_clk_i/Z (gf180mcu_fd_sc_mcu7t5v0__clkbuf_16)
                                                         clknet_2_3__leaf_clk_i (net)
                      0.206104    0.001460    1.132149 ^ _389_/CLK (gf180mcu_fd_sc_mcu7t5v0__dffrnq_1)
                                  0.250000    1.382149   clock uncertainty
                                  0.000000    1.382149   clock reconvergence pessimism
                                  0.880865    2.263013   library removal time
                                              2.263013   data required time
---------------------------------------------------------------------------------------------
                                              2.263013   data required time
                                            -12.115066   data arrival time
---------------------------------------------------------------------------------------------
                                              9.852052   slack (MET)


Startpoint: _363_ (rising edge-triggered flip-flop clocked by clk_i)
Endpoint: char_event_o (output port clocked by clk_i)
Path Group: clk_i
Path Type: min

Fanout         Cap        Slew       Delay        Time   Description
---------------------------------------------------------------------------------------------
                                  0.000000    0.000000   clock clk_i (rise edge)
                                  0.000000    0.000000   clock source latency
     1    0.034824    0.299442    0.141687    0.141687 ^ clk_i (in)
                                                         clk_i (net)
                      0.299445    0.000000    0.141687 ^ clkbuf_0_clk_i/I (gf180mcu_fd_sc_mcu7t5v0__clkbuf_16)
     4    0.099953    0.280058    0.525428    0.667115 ^ clkbuf_0_clk_i/Z (gf180mcu_fd_sc_mcu7t5v0__clkbuf_16)
                                                         clknet_0_clk_i (net)
                      0.280058    0.000349    0.667464 ^ clkbuf_2_2__f_clk_i/I (gf180mcu_fd_sc_mcu7t5v0__clkbuf_16)
    10    0.057746    0.216607    0.471241    1.138705 ^ clkbuf_2_2__f_clk_i/Z (gf180mcu_fd_sc_mcu7t5v0__clkbuf_16)
                                                         clknet_2_2__leaf_clk_i (net)
                      0.216609    0.000775    1.139480 ^ _363_/CLK (gf180mcu_fd_sc_mcu7t5v0__dffrnq_1)
     4    0.022713    0.453151    1.500560    2.640041 v _363_/Q (gf180mcu_fd_sc_mcu7t5v0__dffrnq_1)
                                                         r_error_parity (net)
                      0.453151    0.000425    2.640466 v _255_/A1 (gf180mcu_fd_sc_mcu7t5v0__nor2_1)
     2    0.007944    0.654706    0.489140    3.129606 ^ _255_/ZN (gf180mcu_fd_sc_mcu7t5v0__nor2_1)
                                                         net36 (net)
                      0.654706    0.000066    3.129672 ^ _256_/A2 (gf180mcu_fd_sc_mcu7t5v0__and2_1)
     1    0.004983    0.280840    0.573101    3.702773 ^ _256_/Z (gf180mcu_fd_sc_mcu7t5v0__and2_1)
                                                         net25 (net)
                      0.280840    0.000066    3.702839 ^ output25/I (gf180mcu_fd_sc_mcu7t5v0__dlyb_1)
     1    0.075113    2.134240    2.812244    6.515083 ^ output25/Z (gf180mcu_fd_sc_mcu7t5v0__dlyb_1)
                                                         char_event_o (net)
                      2.134240    0.001146    6.516229 ^ char_event_o (out)
                                              6.516229   data arrival time

                                  0.000000    0.000000   clock clk_i (rise edge)
                                  0.000000    0.000000   clock network delay (propagated)
                                  0.250000    0.250000   clock uncertainty
                                  0.000000    0.250000   clock reconvergence pessimism
                                 -4.000000   -3.750000   output external delay
                                             -3.750000   data required time
---------------------------------------------------------------------------------------------
                                             -3.750000   data required time
                                             -6.516229   data arrival time
---------------------------------------------------------------------------------------------
                                             10.266229   slack (MET)


Startpoint: rstn_i (input port clocked by clk_i)
Endpoint: _371_ (removal check against rising-edge clock clk_i)
Path Group: asynchronous
Path Type: min

Fanout         Cap        Slew       Delay        Time   Description
---------------------------------------------------------------------------------------------
                                  0.000000    0.000000   clock clk_i (rise edge)
                                  0.000000    0.000000   clock network delay (propagated)
                                  4.000000    4.000000 ^ input external delay
     1    0.004615    0.213991    0.074141    4.074141 ^ rstn_i (in)
                                                         rstn_i (net)
                      0.213991    0.000000    4.074141 ^ input21/I (gf180mcu_fd_sc_mcu7t5v0__dlyb_1)
     1    0.004918    0.300909    1.688907    5.763048 ^ input21/Z (gf180mcu_fd_sc_mcu7t5v0__dlyb_1)
                                                         net21 (net)
                      0.300909    0.000060    5.763108 ^ fanout44/I (gf180mcu_fd_sc_mcu7t5v0__dlyb_1)
     9    0.091519    2.576258    3.067679    8.830787 ^ fanout44/Z (gf180mcu_fd_sc_mcu7t5v0__dlyb_1)
                                                         net44 (net)
                      2.576258    0.002194    8.832981 ^ fanout42/I (gf180mcu_fd_sc_mcu7t5v0__dlyb_1)
    10    0.091890    2.587947    3.108902   11.941882 ^ fanout42/Z (gf180mcu_fd_sc_mcu7t5v0__dlyb_1)
                                                         net42 (net)
                      2.587958    0.003014   11.944897 ^ _371_/SETN (gf180mcu_fd_sc_mcu7t5v0__dffsnq_1)
                                             11.944897   data arrival time

                                  0.000000    0.000000   clock clk_i (rise edge)
                                  0.000000    0.000000   clock source latency
     1    0.034824    0.299442    0.141687    0.141687 ^ clk_i (in)
                                                         clk_i (net)
                      0.299445    0.000000    0.141687 ^ clkbuf_0_clk_i/I (gf180mcu_fd_sc_mcu7t5v0__clkbuf_16)
     4    0.099953    0.280058    0.525428    0.667115 ^ clkbuf_0_clk_i/Z (gf180mcu_fd_sc_mcu7t5v0__clkbuf_16)
                                                         clknet_0_clk_i (net)
                      0.280058    0.000704    0.667819 ^ clkbuf_2_3__f_clk_i/I (gf180mcu_fd_sc_mcu7t5v0__clkbuf_16)
     9    0.050755    0.206101    0.462870    1.130689 ^ clkbuf_2_3__f_clk_i/Z (gf180mcu_fd_sc_mcu7t5v0__clkbuf_16)
                                                         clknet_2_3__leaf_clk_i (net)
                      0.206104    0.001420    1.132109 ^ _371_/CLK (gf180mcu_fd_sc_mcu7t5v0__dffsnq_1)
                                  0.250000    1.382109   clock uncertainty
                                  0.000000    1.382109   clock reconvergence pessimism
                                  0.137674    1.519782   library removal time
                                              1.519782   data required time
---------------------------------------------------------------------------------------------
                                              1.519782   data required time
                                            -11.944897   data arrival time
---------------------------------------------------------------------------------------------
                                             10.425115   slack (MET)


Startpoint: rstn_i (input port clocked by clk_i)
Endpoint: _370_ (removal check against rising-edge clock clk_i)
Path Group: asynchronous
Path Type: min

Fanout         Cap        Slew       Delay        Time   Description
---------------------------------------------------------------------------------------------
                                  0.000000    0.000000   clock clk_i (rise edge)
                                  0.000000    0.000000   clock network delay (propagated)
                                  4.000000    4.000000 ^ input external delay
     1    0.004615    0.213991    0.074141    4.074141 ^ rstn_i (in)
                                                         rstn_i (net)
                      0.213991    0.000000    4.074141 ^ input21/I (gf180mcu_fd_sc_mcu7t5v0__dlyb_1)
     1    0.004918    0.300909    1.688907    5.763048 ^ input21/Z (gf180mcu_fd_sc_mcu7t5v0__dlyb_1)
                                                         net21 (net)
                      0.300909    0.000060    5.763108 ^ fanout44/I (gf180mcu_fd_sc_mcu7t5v0__dlyb_1)
     9    0.091519    2.576258    3.067679    8.830787 ^ fanout44/Z (gf180mcu_fd_sc_mcu7t5v0__dlyb_1)
                                                         net44 (net)
                      2.576258    0.002194    8.832981 ^ fanout42/I (gf180mcu_fd_sc_mcu7t5v0__dlyb_1)
    10    0.091890    2.587947    3.108902   11.941882 ^ fanout42/Z (gf180mcu_fd_sc_mcu7t5v0__dlyb_1)
                                                         net42 (net)
                      2.587962    0.003499   11.945381 ^ _370_/SETN (gf180mcu_fd_sc_mcu7t5v0__dffsnq_1)
                                             11.945381   data arrival time

                                  0.000000    0.000000   clock clk_i (rise edge)
                                  0.000000    0.000000   clock source latency
     1    0.034824    0.299442    0.141687    0.141687 ^ clk_i (in)
                                                         clk_i (net)
                      0.299445    0.000000    0.141687 ^ clkbuf_0_clk_i/I (gf180mcu_fd_sc_mcu7t5v0__clkbuf_16)
     4    0.099953    0.280058    0.525428    0.667115 ^ clkbuf_0_clk_i/Z (gf180mcu_fd_sc_mcu7t5v0__clkbuf_16)
                                                         clknet_0_clk_i (net)
                      0.280058    0.000704    0.667819 ^ clkbuf_2_3__f_clk_i/I (gf180mcu_fd_sc_mcu7t5v0__clkbuf_16)
     9    0.050755    0.206101    0.462870    1.130689 ^ clkbuf_2_3__f_clk_i/Z (gf180mcu_fd_sc_mcu7t5v0__clkbuf_16)
                                                         clknet_2_3__leaf_clk_i (net)
                      0.206103    0.001278    1.131967 ^ _370_/CLK (gf180mcu_fd_sc_mcu7t5v0__dffsnq_1)
                                  0.250000    1.381967   clock uncertainty
                                  0.000000    1.381967   clock reconvergence pessimism
                                  0.137673    1.519640   library removal time
                                              1.519640   data required time
---------------------------------------------------------------------------------------------
                                              1.519640   data required time
                                            -11.945381   data arrival time
---------------------------------------------------------------------------------------------
                                             10.425741   slack (MET)


Startpoint: rstn_i (input port clocked by clk_i)
Endpoint: _369_ (removal check against rising-edge clock clk_i)
Path Group: asynchronous
Path Type: min

Fanout         Cap        Slew       Delay        Time   Description
---------------------------------------------------------------------------------------------
                                  0.000000    0.000000   clock clk_i (rise edge)
                                  0.000000    0.000000   clock network delay (propagated)
                                  4.000000    4.000000 ^ input external delay
     1    0.004615    0.213991    0.074141    4.074141 ^ rstn_i (in)
                                                         rstn_i (net)
                      0.213991    0.000000    4.074141 ^ input21/I (gf180mcu_fd_sc_mcu7t5v0__dlyb_1)
     1    0.004918    0.300909    1.688907    5.763048 ^ input21/Z (gf180mcu_fd_sc_mcu7t5v0__dlyb_1)
                                                         net21 (net)
                      0.300909    0.000060    5.763108 ^ fanout44/I (gf180mcu_fd_sc_mcu7t5v0__dlyb_1)
     9    0.091519    2.576258    3.067679    8.830787 ^ fanout44/Z (gf180mcu_fd_sc_mcu7t5v0__dlyb_1)
                                                         net44 (net)
                      2.576258    0.002194    8.832981 ^ fanout42/I (gf180mcu_fd_sc_mcu7t5v0__dlyb_1)
    10    0.091890    2.587947    3.108902   11.941882 ^ fanout42/Z (gf180mcu_fd_sc_mcu7t5v0__dlyb_1)
                                                         net42 (net)
                      2.587964    0.003734   11.945617 ^ _369_/SETN (gf180mcu_fd_sc_mcu7t5v0__dffsnq_1)
                                             11.945617   data arrival time

                                  0.000000    0.000000   clock clk_i (rise edge)
                                  0.000000    0.000000   clock source latency
     1    0.034824    0.299442    0.141687    0.141687 ^ clk_i (in)
                                                         clk_i (net)
                      0.299445    0.000000    0.141687 ^ clkbuf_0_clk_i/I (gf180mcu_fd_sc_mcu7t5v0__clkbuf_16)
     4    0.099953    0.280058    0.525428    0.667115 ^ clkbuf_0_clk_i/Z (gf180mcu_fd_sc_mcu7t5v0__clkbuf_16)
                                                         clknet_0_clk_i (net)
                      0.280058    0.000704    0.667819 ^ clkbuf_2_3__f_clk_i/I (gf180mcu_fd_sc_mcu7t5v0__clkbuf_16)
     9    0.050755    0.206101    0.462870    1.130689 ^ clkbuf_2_3__f_clk_i/Z (gf180mcu_fd_sc_mcu7t5v0__clkbuf_16)
                                                         clknet_2_3__leaf_clk_i (net)
                      0.206103    0.001091    1.131780 ^ _369_/CLK (gf180mcu_fd_sc_mcu7t5v0__dffsnq_1)
                                  0.250000    1.381780   clock uncertainty
                                  0.000000    1.381780   clock reconvergence pessimism
                                  0.137673    1.519452   library removal time
                                              1.519452   data required time
---------------------------------------------------------------------------------------------
                                              1.519452   data required time
                                            -11.945617   data arrival time
---------------------------------------------------------------------------------------------
                                             10.426165   slack (MET)


Startpoint: rstn_i (input port clocked by clk_i)
Endpoint: _367_ (removal check against rising-edge clock clk_i)
Path Group: asynchronous
Path Type: min

Fanout         Cap        Slew       Delay        Time   Description
---------------------------------------------------------------------------------------------
                                  0.000000    0.000000   clock clk_i (rise edge)
                                  0.000000    0.000000   clock network delay (propagated)
                                  4.000000    4.000000 ^ input external delay
     1    0.004615    0.213991    0.074141    4.074141 ^ rstn_i (in)
                                                         rstn_i (net)
                      0.213991    0.000000    4.074141 ^ input21/I (gf180mcu_fd_sc_mcu7t5v0__dlyb_1)
     1    0.004918    0.300909    1.688907    5.763048 ^ input21/Z (gf180mcu_fd_sc_mcu7t5v0__dlyb_1)
                                                         net21 (net)
                      0.300909    0.000060    5.763108 ^ fanout44/I (gf180mcu_fd_sc_mcu7t5v0__dlyb_1)
     9    0.091519    2.576258    3.067679    8.830787 ^ fanout44/Z (gf180mcu_fd_sc_mcu7t5v0__dlyb_1)
                                                         net44 (net)
                      2.576258    0.002194    8.832981 ^ fanout42/I (gf180mcu_fd_sc_mcu7t5v0__dlyb_1)
    10    0.091890    2.587947    3.108902   11.941882 ^ fanout42/Z (gf180mcu_fd_sc_mcu7t5v0__dlyb_1)
                                                         net42 (net)
                      2.587967    0.004112   11.945994 ^ _367_/SETN (gf180mcu_fd_sc_mcu7t5v0__dffsnq_1)
                                             11.945994   data arrival time

                                  0.000000    0.000000   clock clk_i (rise edge)
                                  0.000000    0.000000   clock source latency
     1    0.034824    0.299442    0.141687    0.141687 ^ clk_i (in)
                                                         clk_i (net)
                      0.299445    0.000000    0.141687 ^ clkbuf_0_clk_i/I (gf180mcu_fd_sc_mcu7t5v0__clkbuf_16)
     4    0.099953    0.280058    0.525428    0.667115 ^ clkbuf_0_clk_i/Z (gf180mcu_fd_sc_mcu7t5v0__clkbuf_16)
                                                         clknet_0_clk_i (net)
                      0.280058    0.000704    0.667819 ^ clkbuf_2_3__f_clk_i/I (gf180mcu_fd_sc_mcu7t5v0__clkbuf_16)
     9    0.050755    0.206101    0.462870    1.130689 ^ clkbuf_2_3__f_clk_i/Z (gf180mcu_fd_sc_mcu7t5v0__clkbuf_16)
                                                         clknet_2_3__leaf_clk_i (net)
                      0.206102    0.000970    1.131659 ^ _367_/CLK (gf180mcu_fd_sc_mcu7t5v0__dffsnq_1)
                                  0.250000    1.381659   clock uncertainty
                                  0.000000    1.381659   clock reconvergence pessimism
                                  0.137672    1.519331   library removal time
                                              1.519331   data required time
---------------------------------------------------------------------------------------------
                                              1.519331   data required time
                                            -11.945994   data arrival time
---------------------------------------------------------------------------------------------
                                             10.426663   slack (MET)


Startpoint: rstn_i (input port clocked by clk_i)
Endpoint: _368_ (removal check against rising-edge clock clk_i)
Path Group: asynchronous
Path Type: min

Fanout         Cap        Slew       Delay        Time   Description
---------------------------------------------------------------------------------------------
                                  0.000000    0.000000   clock clk_i (rise edge)
                                  0.000000    0.000000   clock network delay (propagated)
                                  4.000000    4.000000 ^ input external delay
     1    0.004615    0.213991    0.074141    4.074141 ^ rstn_i (in)
                                                         rstn_i (net)
                      0.213991    0.000000    4.074141 ^ input21/I (gf180mcu_fd_sc_mcu7t5v0__dlyb_1)
     1    0.004918    0.300909    1.688907    5.763048 ^ input21/Z (gf180mcu_fd_sc_mcu7t5v0__dlyb_1)
                                                         net21 (net)
                      0.300909    0.000060    5.763108 ^ fanout44/I (gf180mcu_fd_sc_mcu7t5v0__dlyb_1)
     9    0.091519    2.576258    3.067679    8.830787 ^ fanout44/Z (gf180mcu_fd_sc_mcu7t5v0__dlyb_1)
                                                         net44 (net)
                      2.576258    0.002194    8.832981 ^ fanout42/I (gf180mcu_fd_sc_mcu7t5v0__dlyb_1)
    10    0.091890    2.587947    3.108902   11.941882 ^ fanout42/Z (gf180mcu_fd_sc_mcu7t5v0__dlyb_1)
                                                         net42 (net)
                      2.587967    0.004073   11.945955 ^ _368_/SETN (gf180mcu_fd_sc_mcu7t5v0__dffsnq_1)
                                             11.945955   data arrival time

                                  0.000000    0.000000   clock clk_i (rise edge)
                                  0.000000    0.000000   clock source latency
     1    0.034824    0.299442    0.141687    0.141687 ^ clk_i (in)
                                                         clk_i (net)
                      0.299445    0.000000    0.141687 ^ clkbuf_0_clk_i/I (gf180mcu_fd_sc_mcu7t5v0__clkbuf_16)
     4    0.099953    0.280058    0.525428    0.667115 ^ clkbuf_0_clk_i/Z (gf180mcu_fd_sc_mcu7t5v0__clkbuf_16)
                                                         clknet_0_clk_i (net)
                      0.280058    0.000704    0.667819 ^ clkbuf_2_3__f_clk_i/I (gf180mcu_fd_sc_mcu7t5v0__clkbuf_16)
     9    0.050755    0.206101    0.462870    1.130689 ^ clkbuf_2_3__f_clk_i/Z (gf180mcu_fd_sc_mcu7t5v0__clkbuf_16)
                                                         clknet_2_3__leaf_clk_i (net)
                      0.206102    0.000751    1.131440 ^ _368_/CLK (gf180mcu_fd_sc_mcu7t5v0__dffsnq_1)
                                  0.250000    1.381440   clock uncertainty
                                  0.000000    1.381440   clock reconvergence pessimism
                                  0.137672    1.519112   library removal time
                                              1.519112   data required time
---------------------------------------------------------------------------------------------
                                              1.519112   data required time
                                            -11.945955   data arrival time
---------------------------------------------------------------------------------------------
                                             10.426844   slack (MET)


Startpoint: rstn_i (input port clocked by clk_i)
Endpoint: _372_ (removal check against rising-edge clock clk_i)
Path Group: asynchronous
Path Type: min

Fanout         Cap        Slew       Delay        Time   Description
---------------------------------------------------------------------------------------------
                                  0.000000    0.000000   clock clk_i (rise edge)
                                  0.000000    0.000000   clock network delay (propagated)
                                  4.000000    4.000000 ^ input external delay
     1    0.004615    0.213991    0.074141    4.074141 ^ rstn_i (in)
                                                         rstn_i (net)
                      0.213991    0.000000    4.074141 ^ input21/I (gf180mcu_fd_sc_mcu7t5v0__dlyb_1)
     1    0.004918    0.300909    1.688907    5.763048 ^ input21/Z (gf180mcu_fd_sc_mcu7t5v0__dlyb_1)
                                                         net21 (net)
                      0.300909    0.000060    5.763108 ^ fanout44/I (gf180mcu_fd_sc_mcu7t5v0__dlyb_1)
     9    0.091519    2.576258    3.067679    8.830787 ^ fanout44/Z (gf180mcu_fd_sc_mcu7t5v0__dlyb_1)
                                                         net44 (net)
                      2.576258    0.002194    8.832981 ^ fanout42/I (gf180mcu_fd_sc_mcu7t5v0__dlyb_1)
    10    0.091890    2.587947    3.108902   11.941882 ^ fanout42/Z (gf180mcu_fd_sc_mcu7t5v0__dlyb_1)
                                                         net42 (net)
                      2.587967    0.004118   11.946000 ^ _372_/SETN (gf180mcu_fd_sc_mcu7t5v0__dffsnq_1)
                                             11.946000   data arrival time

                                  0.000000    0.000000   clock clk_i (rise edge)
                                  0.000000    0.000000   clock source latency
     1    0.034824    0.299442    0.141687    0.141687 ^ clk_i (in)
                                                         clk_i (net)
                      0.299445    0.000000    0.141687 ^ clkbuf_0_clk_i/I (gf180mcu_fd_sc_mcu7t5v0__clkbuf_16)
     4    0.099953    0.280058    0.525428    0.667115 ^ clkbuf_0_clk_i/Z (gf180mcu_fd_sc_mcu7t5v0__clkbuf_16)
                                                         clknet_0_clk_i (net)
                      0.280058    0.000704    0.667819 ^ clkbuf_2_3__f_clk_i/I (gf180mcu_fd_sc_mcu7t5v0__clkbuf_16)
     9    0.050755    0.206101    0.462870    1.130689 ^ clkbuf_2_3__f_clk_i/Z (gf180mcu_fd_sc_mcu7t5v0__clkbuf_16)
                                                         clknet_2_3__leaf_clk_i (net)
                      0.206101    0.000549    1.131238 ^ _372_/CLK (gf180mcu_fd_sc_mcu7t5v0__dffsnq_1)
                                  0.250000    1.381238   clock uncertainty
                                  0.000000    1.381238   clock reconvergence pessimism
                                  0.137672    1.518910   library removal time
                                              1.518910   data required time
---------------------------------------------------------------------------------------------
                                              1.518910   data required time
                                            -11.946000   data arrival time
---------------------------------------------------------------------------------------------
                                             10.427091   slack (MET)


Startpoint: rstn_i (input port clocked by clk_i)
Endpoint: _398_ (removal check against rising-edge clock clk_i)
Path Group: asynchronous
Path Type: min

Fanout         Cap        Slew       Delay        Time   Description
---------------------------------------------------------------------------------------------
                                  0.000000    0.000000   clock clk_i (rise edge)
                                  0.000000    0.000000   clock network delay (propagated)
                                  4.000000    4.000000 ^ input external delay
     1    0.004615    0.213991    0.074141    4.074141 ^ rstn_i (in)
                                                         rstn_i (net)
                      0.213991    0.000000    4.074141 ^ input21/I (gf180mcu_fd_sc_mcu7t5v0__dlyb_1)
     1    0.004918    0.300909    1.688907    5.763048 ^ input21/Z (gf180mcu_fd_sc_mcu7t5v0__dlyb_1)
                                                         net21 (net)
                      0.300909    0.000060    5.763108 ^ fanout44/I (gf180mcu_fd_sc_mcu7t5v0__dlyb_1)
     9    0.091519    2.576258    3.067679    8.830787 ^ fanout44/Z (gf180mcu_fd_sc_mcu7t5v0__dlyb_1)
                                                         net44 (net)
                      2.576258    0.000513    8.831301 ^ fanout43/I (gf180mcu_fd_sc_mcu7t5v0__dlyb_1)
    10    0.093887    2.642284    3.140597   11.971897 ^ fanout43/Z (gf180mcu_fd_sc_mcu7t5v0__dlyb_1)
                                                         net43 (net)
                      2.642284    0.002216   11.974113 ^ _398_/SETN (gf180mcu_fd_sc_mcu7t5v0__dffsnq_1)
                                             11.974113   data arrival time

                                  0.000000    0.000000   clock clk_i (rise edge)
                                  0.000000    0.000000   clock source latency
     1    0.034824    0.299442    0.141687    0.141687 ^ clk_i (in)
                                                         clk_i (net)
                      0.299445    0.000000    0.141687 ^ clkbuf_0_clk_i/I (gf180mcu_fd_sc_mcu7t5v0__clkbuf_16)
     4    0.099953    0.280058    0.525428    0.667115 ^ clkbuf_0_clk_i/Z (gf180mcu_fd_sc_mcu7t5v0__clkbuf_16)
                                                         clknet_0_clk_i (net)
                      0.280058    0.000349    0.667464 ^ clkbuf_2_2__f_clk_i/I (gf180mcu_fd_sc_mcu7t5v0__clkbuf_16)
    10    0.057746    0.216607    0.471241    1.138705 ^ clkbuf_2_2__f_clk_i/Z (gf180mcu_fd_sc_mcu7t5v0__clkbuf_16)
                                                         clknet_2_2__leaf_clk_i (net)
                      0.216608    0.000578    1.139283 ^ _398_/CLK (gf180mcu_fd_sc_mcu7t5v0__dffsnq_1)
                                  0.250000    1.389283   clock uncertainty
                                  0.000000    1.389283   clock reconvergence pessimism
                                  0.134796    1.524079   library removal time
                                              1.524079   data required time
---------------------------------------------------------------------------------------------
                                              1.524079   data required time
                                            -11.974113   data arrival time
---------------------------------------------------------------------------------------------
                                             10.450035   slack (MET)


Startpoint: rstn_i (input port clocked by clk_i)
Endpoint: _397_ (removal check against rising-edge clock clk_i)
Path Group: asynchronous
Path Type: min

Fanout         Cap        Slew       Delay        Time   Description
---------------------------------------------------------------------------------------------
                                  0.000000    0.000000   clock clk_i (rise edge)
                                  0.000000    0.000000   clock network delay (propagated)
                                  4.000000    4.000000 ^ input external delay
     1    0.004615    0.213991    0.074141    4.074141 ^ rstn_i (in)
                                                         rstn_i (net)
                      0.213991    0.000000    4.074141 ^ input21/I (gf180mcu_fd_sc_mcu7t5v0__dlyb_1)
     1    0.004918    0.300909    1.688907    5.763048 ^ input21/Z (gf180mcu_fd_sc_mcu7t5v0__dlyb_1)
                                                         net21 (net)
                      0.300909    0.000060    5.763108 ^ fanout44/I (gf180mcu_fd_sc_mcu7t5v0__dlyb_1)
     9    0.091519    2.576258    3.067679    8.830787 ^ fanout44/Z (gf180mcu_fd_sc_mcu7t5v0__dlyb_1)
                                                         net44 (net)
                      2.576258    0.000513    8.831301 ^ fanout43/I (gf180mcu_fd_sc_mcu7t5v0__dlyb_1)
    10    0.093887    2.642284    3.140597   11.971897 ^ fanout43/Z (gf180mcu_fd_sc_mcu7t5v0__dlyb_1)
                                                         net43 (net)
                      2.642296    0.003117   11.975014 ^ _397_/SETN (gf180mcu_fd_sc_mcu7t5v0__dffsnq_1)
                                             11.975014   data arrival time

                                  0.000000    0.000000   clock clk_i (rise edge)
                                  0.000000    0.000000   clock source latency
     1    0.034824    0.299442    0.141687    0.141687 ^ clk_i (in)
                                                         clk_i (net)
                      0.299445    0.000000    0.141687 ^ clkbuf_0_clk_i/I (gf180mcu_fd_sc_mcu7t5v0__clkbuf_16)
     4    0.099953    0.280058    0.525428    0.667115 ^ clkbuf_0_clk_i/Z (gf180mcu_fd_sc_mcu7t5v0__clkbuf_16)
                                                         clknet_0_clk_i (net)
                      0.280058    0.000349    0.667464 ^ clkbuf_2_2__f_clk_i/I (gf180mcu_fd_sc_mcu7t5v0__clkbuf_16)
    10    0.057746    0.216607    0.471241    1.138705 ^ clkbuf_2_2__f_clk_i/Z (gf180mcu_fd_sc_mcu7t5v0__clkbuf_16)
                                                         clknet_2_2__leaf_clk_i (net)
                      0.216608    0.000585    1.139290 ^ _397_/CLK (gf180mcu_fd_sc_mcu7t5v0__dffsnq_1)
                                  0.250000    1.389290   clock uncertainty
                                  0.000000    1.389290   clock reconvergence pessimism
                                  0.134795    1.524085   library removal time
                                              1.524085   data required time
---------------------------------------------------------------------------------------------
                                              1.524085   data required time
                                            -11.975014   data arrival time
---------------------------------------------------------------------------------------------
                                             10.450929   slack (MET)


Startpoint: rstn_i (input port clocked by clk_i)
Endpoint: _396_ (removal check against rising-edge clock clk_i)
Path Group: asynchronous
Path Type: min

Fanout         Cap        Slew       Delay        Time   Description
---------------------------------------------------------------------------------------------
                                  0.000000    0.000000   clock clk_i (rise edge)
                                  0.000000    0.000000   clock network delay (propagated)
                                  4.000000    4.000000 ^ input external delay
     1    0.004615    0.213991    0.074141    4.074141 ^ rstn_i (in)
                                                         rstn_i (net)
                      0.213991    0.000000    4.074141 ^ input21/I (gf180mcu_fd_sc_mcu7t5v0__dlyb_1)
     1    0.004918    0.300909    1.688907    5.763048 ^ input21/Z (gf180mcu_fd_sc_mcu7t5v0__dlyb_1)
                                                         net21 (net)
                      0.300909    0.000060    5.763108 ^ fanout44/I (gf180mcu_fd_sc_mcu7t5v0__dlyb_1)
     9    0.091519    2.576258    3.067679    8.830787 ^ fanout44/Z (gf180mcu_fd_sc_mcu7t5v0__dlyb_1)
                                                         net44 (net)
                      2.576258    0.000513    8.831301 ^ fanout43/I (gf180mcu_fd_sc_mcu7t5v0__dlyb_1)
    10    0.093887    2.642284    3.140597   11.971897 ^ fanout43/Z (gf180mcu_fd_sc_mcu7t5v0__dlyb_1)
                                                         net43 (net)
                      2.642284    0.001166   11.973063 ^ _396_/SETN (gf180mcu_fd_sc_mcu7t5v0__dffsnq_1)
                                             11.973063   data arrival time

                                  0.000000    0.000000   clock clk_i (rise edge)
                                  0.000000    0.000000   clock source latency
     1    0.034824    0.299442    0.141687    0.141687 ^ clk_i (in)
                                                         clk_i (net)
                      0.299445    0.000000    0.141687 ^ clkbuf_0_clk_i/I (gf180mcu_fd_sc_mcu7t5v0__clkbuf_16)
     4    0.099953    0.280058    0.525428    0.667115 ^ clkbuf_0_clk_i/Z (gf180mcu_fd_sc_mcu7t5v0__clkbuf_16)
                                                         clknet_0_clk_i (net)
                      0.280059    0.001057    0.668173 ^ clkbuf_2_0__f_clk_i/I (gf180mcu_fd_sc_mcu7t5v0__clkbuf_16)
    10    0.055399    0.213004    0.468014    1.136186 ^ clkbuf_2_0__f_clk_i/Z (gf180mcu_fd_sc_mcu7t5v0__clkbuf_16)
                                                         clknet_2_0__leaf_clk_i (net)
                      0.213008    0.001725    1.137911 ^ _396_/CLK (gf180mcu_fd_sc_mcu7t5v0__dffsnq_1)
                                  0.250000    1.387911   clock uncertainty
                                  0.000000    1.387911   clock reconvergence pessimism
                                  0.134006    1.521917   library removal time
                                              1.521917   data required time
---------------------------------------------------------------------------------------------
                                              1.521917   data required time
                                            -11.973063   data arrival time
---------------------------------------------------------------------------------------------
                                             10.451146   slack (MET)


Startpoint: _366_ (rising edge-triggered flip-flop clocked by clk_i)
Endpoint: busy_o (output port clocked by clk_i)
Path Group: clk_i
Path Type: min

Fanout         Cap        Slew       Delay        Time   Description
---------------------------------------------------------------------------------------------
                                  0.000000    0.000000   clock clk_i (rise edge)
                                  0.000000    0.000000   clock source latency
     1    0.034824    0.299442    0.141687    0.141687 ^ clk_i (in)
                                                         clk_i (net)
                      0.299445    0.000000    0.141687 ^ clkbuf_0_clk_i/I (gf180mcu_fd_sc_mcu7t5v0__clkbuf_16)
     4    0.099953    0.280058    0.525428    0.667115 ^ clkbuf_0_clk_i/Z (gf180mcu_fd_sc_mcu7t5v0__clkbuf_16)
                                                         clknet_0_clk_i (net)
                      0.280058    0.000349    0.667464 ^ clkbuf_2_2__f_clk_i/I (gf180mcu_fd_sc_mcu7t5v0__clkbuf_16)
    10    0.057746    0.216607    0.471241    1.138705 ^ clkbuf_2_2__f_clk_i/Z (gf180mcu_fd_sc_mcu7t5v0__clkbuf_16)
                                                         clknet_2_2__leaf_clk_i (net)
                      0.216609    0.000818    1.139523 ^ _366_/CLK (gf180mcu_fd_sc_mcu7t5v0__dffrnq_1)
     5    0.037266    0.664511    1.647842    2.787365 v _366_/Q (gf180mcu_fd_sc_mcu7t5v0__dffrnq_1)
                                                         CS[2] (net)
                      0.664512    0.000874    2.788239 v _181_/I (gf180mcu_fd_sc_mcu7t5v0__clkinv_1)
     5    0.026564    0.846921    0.668608    3.456847 ^ _181_/ZN (gf180mcu_fd_sc_mcu7t5v0__clkinv_1)
                                                         _039_ (net)
                      0.846921    0.000244    3.457092 ^ _202_/A1 (gf180mcu_fd_sc_mcu7t5v0__nand2_1)
     3    0.023444    0.769210    0.604464    4.061556 v _202_/ZN (gf180mcu_fd_sc_mcu7t5v0__nand2_1)
                                                         net24 (net)
                      0.769210    0.000394    4.061950 v output24/I (gf180mcu_fd_sc_mcu7t5v0__dlyb_1)
     1    0.074187    1.401625    2.966390    7.028339 v output24/Z (gf180mcu_fd_sc_mcu7t5v0__dlyb_1)
                                                         busy_o (net)
                      1.401625    0.000945    7.029285 v busy_o (out)
                                              7.029285   data arrival time

                                  0.000000    0.000000   clock clk_i (rise edge)
                                  0.000000    0.000000   clock network delay (propagated)
                                  0.250000    0.250000   clock uncertainty
                                  0.000000    0.250000   clock reconvergence pessimism
                                 -4.000000   -3.750000   output external delay
                                             -3.750000   data required time
---------------------------------------------------------------------------------------------
                                             -3.750000   data required time
                                             -7.029285   data arrival time
---------------------------------------------------------------------------------------------
                                             10.779285   slack (MET)



