+ define_corners nom_ss_125C_4v50
Reading timing models for corner nom_ss_125C_4v50…
Reading cell library for the 'nom_ss_125C_4v50' corner at '/home/sahana/.ciel/gf180mcuD/libs.ref/gf180mcu_fd_sc_mcu7t5v0/lib/gf180mcu_fd_sc_mcu7t5v0__ss_125C_4v50.lib'…
Reading top-level netlist at '/home/sahana/core5_udma/hardening/uart_rx/runs/RUN_2026-07-26_12-38-49/06-yosys-synthesis/udma_uart_rx.nl.v'…
Linking design 'udma_uart_rx' from netlist…
Reading design constraints file at '/nix/store/ffl2vg3m80k0p74pyffnmai83fnv38mf-python3-3.13.9-env/lib/python3.13/site-packages/librelane/scripts/base.sdc'…
[INFO] Using clock clk_i…
[INFO] Setting output delay to: 4
[INFO] Setting input delay to: 4
[INFO] Setting load to: 0.07291
[INFO] Setting clock uncertainty to: 0.25
[INFO] Setting clock transition to: 0.1499999999999999944488848768742172978818416595458984375
[INFO] Setting timing derate to: 5%
%OL_CREATE_REPORT min.rpt

===========================================================================
report_checks -path_delay min (Hold)
============================================================================
======================= nom_ss_125C_4v50 Corner ===================================

Startpoint: _377_ (rising edge-triggered flip-flop clocked by clk_i)
Endpoint: _377_ (rising edge-triggered flip-flop clocked by clk_i)
Path Group: clk_i
Path Type: min

Fanout         Cap        Slew       Delay        Time   Description
---------------------------------------------------------------------------------------------
                      0.150000    0.000000    0.000000   clock clk_i (rise edge)
                                  0.000000    0.000000   clock network delay (ideal)
                      0.150000    0.000000    0.000000 ^ _377_/CLK (gf180mcu_fd_sc_mcu7t5v0__dffrnq_1)
     2    0.008805    0.263441    1.331113    1.331113 v _377_/Q (gf180mcu_fd_sc_mcu7t5v0__dffrnq_1)
                                                         _021_ (net)
                      0.263441    0.000000    1.331113 v _198_/I (gf180mcu_fd_sc_mcu7t5v0__clkinv_1)
     2    0.009086    0.341183    0.273315    1.604428 ^ _198_/ZN (gf180mcu_fd_sc_mcu7t5v0__clkinv_1)
                                                         _056_ (net)
                      0.341183    0.000000    1.604428 ^ _359_/A1 (gf180mcu_fd_sc_mcu7t5v0__oai21_1)
     1    0.003014    0.234588    0.198234    1.802662 v _359_/ZN (gf180mcu_fd_sc_mcu7t5v0__oai21_1)
                                                         _036_ (net)
                      0.234588    0.000000    1.802662 v _377_/D (gf180mcu_fd_sc_mcu7t5v0__dffrnq_1)
                                              1.802662   data arrival time

                      0.150000    0.000000    0.000000   clock clk_i (rise edge)
                                  0.000000    0.000000   clock network delay (ideal)
                                  0.250000    0.250000   clock uncertainty
                                  0.000000    0.250000   clock reconvergence pessimism
                                              0.250000 ^ _377_/CLK (gf180mcu_fd_sc_mcu7t5v0__dffrnq_1)
                                  0.205171    0.455171   library hold time
                                              0.455171   data required time
---------------------------------------------------------------------------------------------
                                              0.455171   data required time
                                             -1.802662   data arrival time
---------------------------------------------------------------------------------------------
                                              1.347491   slack (MET)


Startpoint: _378_ (rising edge-triggered flip-flop clocked by clk_i)
Endpoint: _378_ (rising edge-triggered flip-flop clocked by clk_i)
Path Group: clk_i
Path Type: min

Fanout         Cap        Slew       Delay        Time   Description
---------------------------------------------------------------------------------------------
                      0.150000    0.000000    0.000000   clock clk_i (rise edge)
                                  0.000000    0.000000   clock network delay (ideal)
                      0.150000    0.000000    0.000000 ^ _378_/CLK (gf180mcu_fd_sc_mcu7t5v0__dffrnq_1)
     2    0.012191    0.313025    1.369737    1.369737 v _378_/Q (gf180mcu_fd_sc_mcu7t5v0__dffrnq_1)
                                                         parity_bit (net)
                      0.313025    0.000000    1.369737 v _361_/A1 (gf180mcu_fd_sc_mcu7t5v0__nand3_1)
     1    0.004900    0.348847    0.304849    1.674586 ^ _361_/ZN (gf180mcu_fd_sc_mcu7t5v0__nand3_1)
                                                         _179_ (net)
                      0.348847    0.000000    1.674586 ^ _362_/B (gf180mcu_fd_sc_mcu7t5v0__oai21_1)
     1    0.003014    0.221311    0.217245    1.891831 v _362_/ZN (gf180mcu_fd_sc_mcu7t5v0__oai21_1)
                                                         _037_ (net)
                      0.221311    0.000000    1.891831 v _378_/D (gf180mcu_fd_sc_mcu7t5v0__dffrnq_1)
                                              1.891831   data arrival time

                      0.150000    0.000000    0.000000   clock clk_i (rise edge)
                                  0.000000    0.000000   clock network delay (ideal)
                                  0.250000    0.250000   clock uncertainty
                                  0.000000    0.250000   clock reconvergence pessimism
                                              0.250000 ^ _378_/CLK (gf180mcu_fd_sc_mcu7t5v0__dffrnq_1)
                                  0.208703    0.458703   library hold time
                                              0.458703   data required time
---------------------------------------------------------------------------------------------
                                              0.458703   data required time
                                             -1.891831   data arrival time
---------------------------------------------------------------------------------------------
                                              1.433127   slack (MET)


Startpoint: _383_ (rising edge-triggered flip-flop clocked by clk_i)
Endpoint: _384_ (rising edge-triggered flip-flop clocked by clk_i)
Path Group: clk_i
Path Type: min

Fanout         Cap        Slew       Delay        Time   Description
---------------------------------------------------------------------------------------------
                      0.150000    0.000000    0.000000   clock clk_i (rise edge)
                                  0.000000    0.000000   clock network delay (ideal)
                      0.150000    0.000000    0.000000 ^ _383_/CLK (gf180mcu_fd_sc_mcu7t5v0__dffrnq_1)
     3    0.012092    0.311575    1.368608    1.368608 v _383_/Q (gf180mcu_fd_sc_mcu7t5v0__dffrnq_1)
                                                         baud_cnt[4] (net)
                      0.311575    0.000000    1.368608 v _273_/A1 (gf180mcu_fd_sc_mcu7t5v0__aoi21_1)
     1    0.004177    0.442996    0.351580    1.720188 ^ _273_/ZN (gf180mcu_fd_sc_mcu7t5v0__aoi21_1)
                                                         _120_ (net)
                      0.442996    0.000000    1.720188 ^ _274_/A3 (gf180mcu_fd_sc_mcu7t5v0__nor3_1)
     1    0.003014    0.336318    0.304624    2.024812 v _274_/ZN (gf180mcu_fd_sc_mcu7t5v0__nor3_1)
                                                         _011_ (net)
                      0.336318    0.000000    2.024812 v _384_/D (gf180mcu_fd_sc_mcu7t5v0__dffrnq_1)
                                              2.024812   data arrival time

                      0.150000    0.000000    0.000000   clock clk_i (rise edge)
                                  0.000000    0.000000   clock network delay (ideal)
                                  0.250000    0.250000   clock uncertainty
                                  0.000000    0.250000   clock reconvergence pessimism
                                              0.250000 ^ _384_/CLK (gf180mcu_fd_sc_mcu7t5v0__dffrnq_1)
                                  0.182192    0.432192   library hold time
                                              0.432192   data required time
---------------------------------------------------------------------------------------------
                                              0.432192   data required time
                                             -2.024812   data arrival time
---------------------------------------------------------------------------------------------
                                              1.592620   slack (MET)


Startpoint: _363_ (rising edge-triggered flip-flop clocked by clk_i)
Endpoint: _363_ (rising edge-triggered flip-flop clocked by clk_i)
Path Group: clk_i
Path Type: min

Fanout         Cap        Slew       Delay        Time   Description
---------------------------------------------------------------------------------------------
                      0.150000    0.000000    0.000000   clock clk_i (rise edge)
                                  0.000000    0.000000   clock network delay (ideal)
                      0.150000    0.000000    0.000000 ^ _363_/CLK (gf180mcu_fd_sc_mcu7t5v0__dffrnq_1)
     4    0.018287    0.402293    1.439273    1.439273 v _363_/Q (gf180mcu_fd_sc_mcu7t5v0__dffrnq_1)
                                                         r_error_parity (net)
                      0.402293    0.000000    1.439273 v _312_/A1 (gf180mcu_fd_sc_mcu7t5v0__oai21_1)
     1    0.004310    0.507860    0.406419    1.845692 ^ _312_/ZN (gf180mcu_fd_sc_mcu7t5v0__oai21_1)
                                                         _145_ (net)
                      0.507860    0.000000    1.845692 ^ _313_/I (gf180mcu_fd_sc_mcu7t5v0__clkinv_1)
     1    0.003014    0.234217    0.204424    2.050116 v _313_/ZN (gf180mcu_fd_sc_mcu7t5v0__clkinv_1)
                                                         _022_ (net)
                      0.234217    0.000000    2.050116 v _363_/D (gf180mcu_fd_sc_mcu7t5v0__dffrnq_1)
                                              2.050116   data arrival time

                      0.150000    0.000000    0.000000   clock clk_i (rise edge)
                                  0.000000    0.000000   clock network delay (ideal)
                                  0.250000    0.250000   clock uncertainty
                                  0.000000    0.250000   clock reconvergence pessimism
                                              0.250000 ^ _363_/CLK (gf180mcu_fd_sc_mcu7t5v0__dffrnq_1)
                                  0.205269    0.455269   library hold time
                                              0.455269   data required time
---------------------------------------------------------------------------------------------
                                              0.455269   data required time
                                             -2.050116   data arrival time
---------------------------------------------------------------------------------------------
                                              1.594847   slack (MET)


Startpoint: _396_ (rising edge-triggered flip-flop clocked by clk_i)
Endpoint: _397_ (rising edge-triggered flip-flop clocked by clk_i)
Path Group: clk_i
Path Type: min

Fanout         Cap        Slew       Delay        Time   Description
---------------------------------------------------------------------------------------------
                      0.150000    0.000000    0.000000   clock clk_i (rise edge)
                                  0.000000    0.000000   clock network delay (ideal)
                      0.150000    0.000000    0.000000 ^ _396_/CLK (gf180mcu_fd_sc_mcu7t5v0__dffsnq_1)
     1    0.002758    0.222896    1.371622    1.371622 ^ _396_/Q (gf180mcu_fd_sc_mcu7t5v0__dffsnq_1)
                                                         reg_rx_sync[0] (net)
                      0.222896    0.000000    1.371622 ^ _307_/A2 (gf180mcu_fd_sc_mcu7t5v0__or2_1)
     1    0.002637    0.196262    0.404654    1.776276 ^ _307_/Z (gf180mcu_fd_sc_mcu7t5v0__or2_1)
                                                         _018_ (net)
                      0.196262    0.000000    1.776276 ^ _397_/D (gf180mcu_fd_sc_mcu7t5v0__dffsnq_1)
                                              1.776276   data arrival time

                      0.150000    0.000000    0.000000   clock clk_i (rise edge)
                                  0.000000    0.000000   clock network delay (ideal)
                                  0.250000    0.250000   clock uncertainty
                                  0.000000    0.250000   clock reconvergence pessimism
                                              0.250000 ^ _397_/CLK (gf180mcu_fd_sc_mcu7t5v0__dffsnq_1)
                                 -0.077159    0.172841   library hold time
                                              0.172841   data required time
---------------------------------------------------------------------------------------------
                                              0.172841   data required time
                                             -1.776276   data arrival time
---------------------------------------------------------------------------------------------
                                              1.603435   slack (MET)


Startpoint: _376_ (rising edge-triggered flip-flop clocked by clk_i)
Endpoint: _376_ (rising edge-triggered flip-flop clocked by clk_i)
Path Group: clk_i
Path Type: min

Fanout         Cap        Slew       Delay        Time   Description
---------------------------------------------------------------------------------------------
                      0.150000    0.000000    0.000000   clock clk_i (rise edge)
                                  0.000000    0.000000   clock network delay (ideal)
                      0.150000    0.000000    0.000000 ^ _376_/CLK (gf180mcu_fd_sc_mcu7t5v0__dffrnq_1)
     4    0.020472    0.434503    1.463505    1.463505 v _376_/Q (gf180mcu_fd_sc_mcu7t5v0__dffrnq_1)
                                                         _020_ (net)
                      0.434503    0.000000    1.463505 v _356_/B (gf180mcu_fd_sc_mcu7t5v0__aoi21_1)
     1    0.004329    0.442432    0.388853    1.852358 ^ _356_/ZN (gf180mcu_fd_sc_mcu7t5v0__aoi21_1)
                                                         _176_ (net)
                      0.442432    0.000000    1.852358 ^ _357_/A2 (gf180mcu_fd_sc_mcu7t5v0__nor2_1)
     1    0.003014    0.260609    0.233881    2.086238 v _357_/ZN (gf180mcu_fd_sc_mcu7t5v0__nor2_1)
                                                         _035_ (net)
                      0.260609    0.000000    2.086238 v _376_/D (gf180mcu_fd_sc_mcu7t5v0__dffrnq_1)
                                              2.086238   data arrival time

                      0.150000    0.000000    0.000000   clock clk_i (rise edge)
                                  0.000000    0.000000   clock network delay (ideal)
                                  0.250000    0.250000   clock uncertainty
                                  0.000000    0.250000   clock reconvergence pessimism
                                              0.250000 ^ _376_/CLK (gf180mcu_fd_sc_mcu7t5v0__dffrnq_1)
                                  0.199210    0.449210   library hold time
                                              0.449210   data required time
---------------------------------------------------------------------------------------------
                                              0.449210   data required time
                                             -2.086238   data arrival time
---------------------------------------------------------------------------------------------
                                              1.637029   slack (MET)


Startpoint: _397_ (rising edge-triggered flip-flop clocked by clk_i)
Endpoint: _398_ (rising edge-triggered flip-flop clocked by clk_i)
Path Group: clk_i
Path Type: min

Fanout         Cap        Slew       Delay        Time   Description
---------------------------------------------------------------------------------------------
                      0.150000    0.000000    0.000000   clock clk_i (rise edge)
                                  0.000000    0.000000   clock network delay (ideal)
                      0.150000    0.000000    0.000000 ^ _397_/CLK (gf180mcu_fd_sc_mcu7t5v0__dffsnq_1)
     2    0.008639    0.286517    1.481235    1.481235 v _397_/Q (gf180mcu_fd_sc_mcu7t5v0__dffsnq_1)
                                                         reg_rx_sync[1] (net)
                      0.286517    0.000000    1.481235 v _183_/I (gf180mcu_fd_sc_mcu7t5v0__clkinv_1)
     2    0.008921    0.341018    0.277539    1.758774 ^ _183_/ZN (gf180mcu_fd_sc_mcu7t5v0__clkinv_1)
                                                         _041_ (net)
                      0.341018    0.000000    1.758774 ^ _308_/A1 (gf180mcu_fd_sc_mcu7t5v0__nand2_1)
     1    0.002637    0.211388    0.176803    1.935577 v _308_/ZN (gf180mcu_fd_sc_mcu7t5v0__nand2_1)
                                                         _019_ (net)
                      0.211388    0.000000    1.935577 v _398_/D (gf180mcu_fd_sc_mcu7t5v0__dffsnq_1)
                                              1.935577   data arrival time

                      0.150000    0.000000    0.000000   clock clk_i (rise edge)
                                  0.000000    0.000000   clock network delay (ideal)
                                  0.250000    0.250000   clock uncertainty
                                  0.000000    0.250000   clock reconvergence pessimism
                                              0.250000 ^ _398_/CLK (gf180mcu_fd_sc_mcu7t5v0__dffsnq_1)
                                  0.038184    0.288184   library hold time
                                              0.288184   data required time
---------------------------------------------------------------------------------------------
                                              0.288184   data required time
                                             -1.935577   data arrival time
---------------------------------------------------------------------------------------------
                                              1.647392   slack (MET)


Startpoint: _382_ (rising edge-triggered flip-flop clocked by clk_i)
Endpoint: _382_ (rising edge-triggered flip-flop clocked by clk_i)
Path Group: clk_i
Path Type: min

Fanout         Cap        Slew       Delay        Time   Description
---------------------------------------------------------------------------------------------
                      0.150000    0.000000    0.000000   clock clk_i (rise edge)
                                  0.000000    0.000000   clock network delay (ideal)
                      0.150000    0.000000    0.000000 ^ _382_/CLK (gf180mcu_fd_sc_mcu7t5v0__dffrnq_1)
     4    0.019471    0.419631    1.452779    1.452779 v _382_/Q (gf180mcu_fd_sc_mcu7t5v0__dffrnq_1)
                                                         baud_cnt[3] (net)
                      0.419631    0.000000    1.452779 v _267_/A1 (gf180mcu_fd_sc_mcu7t5v0__nor2_1)
     1    0.004177    0.451233    0.366876    1.819655 ^ _267_/ZN (gf180mcu_fd_sc_mcu7t5v0__nor2_1)
                                                         _116_ (net)
                      0.451233    0.000000    1.819655 ^ _268_/A3 (gf180mcu_fd_sc_mcu7t5v0__nor3_1)
     1    0.003014    0.349555    0.306404    2.126059 v _268_/ZN (gf180mcu_fd_sc_mcu7t5v0__nor3_1)
                                                         _009_ (net)
                      0.349555    0.000000    2.126059 v _382_/D (gf180mcu_fd_sc_mcu7t5v0__dffrnq_1)
                                              2.126059   data arrival time

                      0.150000    0.000000    0.000000   clock clk_i (rise edge)
                                  0.000000    0.000000   clock network delay (ideal)
                                  0.250000    0.250000   clock uncertainty
                                  0.000000    0.250000   clock reconvergence pessimism
                                              0.250000 ^ _382_/CLK (gf180mcu_fd_sc_mcu7t5v0__dffrnq_1)
                                  0.179217    0.429217   library hold time
                                              0.429217   data required time
---------------------------------------------------------------------------------------------
                                              0.429217   data required time
                                             -2.126059   data arrival time
---------------------------------------------------------------------------------------------
                                              1.696843   slack (MET)


Startpoint: _393_ (rising edge-triggered flip-flop clocked by clk_i)
Endpoint: _393_ (rising edge-triggered flip-flop clocked by clk_i)
Path Group: clk_i
Path Type: min

Fanout         Cap        Slew       Delay        Time   Description
---------------------------------------------------------------------------------------------
                      0.150000    0.000000    0.000000   clock clk_i (rise edge)
                                  0.000000    0.000000   clock network delay (ideal)
                      0.150000    0.000000    0.000000 ^ _393_/CLK (gf180mcu_fd_sc_mcu7t5v0__dffrnq_1)
     4    0.022788    0.469315    1.487020    1.487020 v _393_/Q (gf180mcu_fd_sc_mcu7t5v0__dffrnq_1)
                                                         baud_cnt[14] (net)
                      0.469315    0.000000    1.487020 v _301_/A1 (gf180mcu_fd_sc_mcu7t5v0__nor2_1)
     1    0.004029    0.457519    0.377265    1.864284 ^ _301_/ZN (gf180mcu_fd_sc_mcu7t5v0__nor2_1)
                                                         _139_ (net)
                      0.457519    0.000000    1.864284 ^ _303_/A2 (gf180mcu_fd_sc_mcu7t5v0__nor3_1)
     1    0.003014    0.307561    0.287040    2.151324 v _303_/ZN (gf180mcu_fd_sc_mcu7t5v0__nor3_1)
                                                         _005_ (net)
                      0.307561    0.000000    2.151324 v _393_/D (gf180mcu_fd_sc_mcu7t5v0__dffrnq_1)
                                              2.151324   data arrival time

                      0.150000    0.000000    0.000000   clock clk_i (rise edge)
                                  0.000000    0.000000   clock network delay (ideal)
                                  0.250000    0.250000   clock uncertainty
                                  0.000000    0.250000   clock reconvergence pessimism
                                              0.250000 ^ _393_/CLK (gf180mcu_fd_sc_mcu7t5v0__dffrnq_1)
                                  0.188656    0.438656   library hold time
                                              0.438656   data required time
---------------------------------------------------------------------------------------------
                                              0.438656   data required time
                                             -2.151324   data arrival time
---------------------------------------------------------------------------------------------
                                              1.712668   slack (MET)


Startpoint: _364_ (rising edge-triggered flip-flop clocked by clk_i)
Endpoint: _366_ (rising edge-triggered flip-flop clocked by clk_i)
Path Group: clk_i
Path Type: min

Fanout         Cap        Slew       Delay        Time   Description
---------------------------------------------------------------------------------------------
                      0.150000    0.000000    0.000000   clock clk_i (rise edge)
                                  0.000000    0.000000   clock network delay (ideal)
                      0.150000    0.000000    0.000000 ^ _364_/CLK (gf180mcu_fd_sc_mcu7t5v0__dffrnq_1)
     5    0.022371    0.463047    1.482786    1.482786 v _364_/Q (gf180mcu_fd_sc_mcu7t5v0__dffrnq_1)
                                                         CS[0] (net)
                      0.463047    0.000000    1.482786 v _329_/A1 (gf180mcu_fd_sc_mcu7t5v0__oai211_1)
     1    0.004870    0.609911    0.488715    1.971501 ^ _329_/ZN (gf180mcu_fd_sc_mcu7t5v0__oai211_1)
                                                         _159_ (net)
                      0.609911    0.000000    1.971501 ^ _331_/A2 (gf180mcu_fd_sc_mcu7t5v0__aoi21_1)
     1    0.003014    0.257657    0.200171    2.171672 v _331_/ZN (gf180mcu_fd_sc_mcu7t5v0__aoi21_1)
                                                         _025_ (net)
                      0.257657    0.000000    2.171672 v _366_/D (gf180mcu_fd_sc_mcu7t5v0__dffrnq_1)
                                              2.171672   data arrival time

                      0.150000    0.000000    0.000000   clock clk_i (rise edge)
                                  0.000000    0.000000   clock network delay (ideal)
                                  0.250000    0.250000   clock uncertainty
                                  0.000000    0.250000   clock reconvergence pessimism
                                              0.250000 ^ _366_/CLK (gf180mcu_fd_sc_mcu7t5v0__dffrnq_1)
                                  0.199873    0.449873   library hold time
                                              0.449873   data required time
---------------------------------------------------------------------------------------------
                                              0.449873   data required time
                                             -2.171672   data arrival time
---------------------------------------------------------------------------------------------
                                              1.721798   slack (MET)


Startpoint: _394_ (rising edge-triggered flip-flop clocked by clk_i)
Endpoint: _394_ (rising edge-triggered flip-flop clocked by clk_i)
Path Group: clk_i
Path Type: min

Fanout         Cap        Slew       Delay        Time   Description
---------------------------------------------------------------------------------------------
                      0.150000    0.000000    0.000000   clock clk_i (rise edge)
                                  0.000000    0.000000   clock network delay (ideal)
                      0.150000    0.000000    0.000000 ^ _394_/CLK (gf180mcu_fd_sc_mcu7t5v0__dffrnq_1)
     4    0.021196    0.445386    1.470856    1.470856 v _394_/Q (gf180mcu_fd_sc_mcu7t5v0__dffrnq_1)
                                                         baud_cnt[15] (net)
                      0.445386    0.000000    1.470856 v _304_/A1 (gf180mcu_fd_sc_mcu7t5v0__nor2_1)
     1    0.004119    0.451513    0.372852    1.843708 ^ _304_/ZN (gf180mcu_fd_sc_mcu7t5v0__nor2_1)
                                                         _141_ (net)
                      0.451513    0.000000    1.843708 ^ _305_/B (gf180mcu_fd_sc_mcu7t5v0__aoi211_1)
     1    0.003014    0.293973    0.329003    2.172711 v _305_/ZN (gf180mcu_fd_sc_mcu7t5v0__aoi211_1)
                                                         _006_ (net)
                      0.293973    0.000000    2.172711 v _394_/D (gf180mcu_fd_sc_mcu7t5v0__dffrnq_1)
                                              2.172711   data arrival time

                      0.150000    0.000000    0.000000   clock clk_i (rise edge)
                                  0.000000    0.000000   clock network delay (ideal)
                                  0.250000    0.250000   clock uncertainty
                                  0.000000    0.250000   clock reconvergence pessimism
                                              0.250000 ^ _394_/CLK (gf180mcu_fd_sc_mcu7t5v0__dffrnq_1)
                                  0.191710    0.441710   library hold time
                                              0.441710   data required time
---------------------------------------------------------------------------------------------
                                              0.441710   data required time
                                             -2.172711   data arrival time
---------------------------------------------------------------------------------------------
                                              1.731001   slack (MET)


Startpoint: _392_ (rising edge-triggered flip-flop clocked by clk_i)
Endpoint: _392_ (rising edge-triggered flip-flop clocked by clk_i)
Path Group: clk_i
Path Type: min

Fanout         Cap        Slew       Delay        Time   Description
---------------------------------------------------------------------------------------------
                      0.150000    0.000000    0.000000   clock clk_i (rise edge)
                                  0.000000    0.000000   clock network delay (ideal)
                      0.150000    0.000000    0.000000 ^ _392_/CLK (gf180mcu_fd_sc_mcu7t5v0__dffrnq_1)
     4    0.024070    0.488584    1.500036    1.500036 v _392_/Q (gf180mcu_fd_sc_mcu7t5v0__dffrnq_1)
                                                         baud_cnt[13] (net)
                      0.488584    0.000000    1.500036 v _297_/B (gf180mcu_fd_sc_mcu7t5v0__aoi21_1)
     1    0.004029    0.438312    0.392567    1.892603 ^ _297_/ZN (gf180mcu_fd_sc_mcu7t5v0__aoi21_1)
                                                         _136_ (net)
                      0.438312    0.000000    1.892603 ^ _300_/A2 (gf180mcu_fd_sc_mcu7t5v0__nor3_1)
     1    0.003014    0.303278    0.283376    2.175979 v _300_/ZN (gf180mcu_fd_sc_mcu7t5v0__nor3_1)
                                                         _004_ (net)
                      0.303278    0.000000    2.175979 v _392_/D (gf180mcu_fd_sc_mcu7t5v0__dffrnq_1)
                                              2.175979   data arrival time

                      0.150000    0.000000    0.000000   clock clk_i (rise edge)
                                  0.000000    0.000000   clock network delay (ideal)
                                  0.250000    0.250000   clock uncertainty
                                  0.000000    0.250000   clock reconvergence pessimism
                                              0.250000 ^ _392_/CLK (gf180mcu_fd_sc_mcu7t5v0__dffrnq_1)
                                  0.189619    0.439619   library hold time
                                              0.439619   data required time
---------------------------------------------------------------------------------------------
                                              0.439619   data required time
                                             -2.175979   data arrival time
---------------------------------------------------------------------------------------------
                                              1.736361   slack (MET)


Startpoint: _390_ (rising edge-triggered flip-flop clocked by clk_i)
Endpoint: _390_ (rising edge-triggered flip-flop clocked by clk_i)
Path Group: clk_i
Path Type: min

Fanout         Cap        Slew       Delay        Time   Description
---------------------------------------------------------------------------------------------
                      0.150000    0.000000    0.000000   clock clk_i (rise edge)
                                  0.000000    0.000000   clock network delay (ideal)
                      0.150000    0.000000    0.000000 ^ _390_/CLK (gf180mcu_fd_sc_mcu7t5v0__dffrnq_1)
     5    0.025513    0.510274    1.514687    1.514687 v _390_/Q (gf180mcu_fd_sc_mcu7t5v0__dffrnq_1)
                                                         baud_cnt[11] (net)
                      0.510274    0.000000    1.514687 v _291_/A1 (gf180mcu_fd_sc_mcu7t5v0__nor2_1)
     1    0.004029    0.450022    0.389595    1.904282 ^ _291_/ZN (gf180mcu_fd_sc_mcu7t5v0__nor2_1)
                                                         _132_ (net)
                      0.450022    0.000000    1.904282 ^ _294_/A2 (gf180mcu_fd_sc_mcu7t5v0__nor3_1)
     1    0.003014    0.305889    0.285610    2.189892 v _294_/ZN (gf180mcu_fd_sc_mcu7t5v0__nor3_1)
                                                         _002_ (net)
                      0.305889    0.000000    2.189892 v _390_/D (gf180mcu_fd_sc_mcu7t5v0__dffrnq_1)
                                              2.189892   data arrival time

                      0.150000    0.000000    0.000000   clock clk_i (rise edge)
                                  0.000000    0.000000   clock network delay (ideal)
                                  0.250000    0.250000   clock uncertainty
                                  0.000000    0.250000   clock reconvergence pessimism
                                              0.250000 ^ _390_/CLK (gf180mcu_fd_sc_mcu7t5v0__dffrnq_1)
                                  0.189032    0.439032   library hold time
                                              0.439032   data required time
---------------------------------------------------------------------------------------------
                                              0.439032   data required time
                                             -2.189892   data arrival time
---------------------------------------------------------------------------------------------
                                              1.750860   slack (MET)


Startpoint: _375_ (rising edge-triggered flip-flop clocked by clk_i)
Endpoint: _375_ (rising edge-triggered flip-flop clocked by clk_i)
Path Group: clk_i
Path Type: min

Fanout         Cap        Slew       Delay        Time   Description
---------------------------------------------------------------------------------------------
                      0.150000    0.000000    0.000000   clock clk_i (rise edge)
                                  0.000000    0.000000   clock network delay (ideal)
                      0.150000    0.000000    0.000000 ^ _375_/CLK (gf180mcu_fd_sc_mcu7t5v0__dffrnq_1)
     5    0.032203    0.610830    1.582612    1.582612 v _375_/Q (gf180mcu_fd_sc_mcu7t5v0__dffrnq_1)
                                                         reg_bit_count (net)
                      0.610830    0.000000    1.582612 v _353_/S (gf180mcu_fd_sc_mcu7t5v0__mux2_2)
     1    0.003014    0.193883    0.652961    2.235573 v _353_/Z (gf180mcu_fd_sc_mcu7t5v0__mux2_2)
                                                         _034_ (net)
                      0.193883    0.000000    2.235573 v _375_/D (gf180mcu_fd_sc_mcu7t5v0__dffrnq_1)
                                              2.235573   data arrival time

                      0.150000    0.000000    0.000000   clock clk_i (rise edge)
                                  0.000000    0.000000   clock network delay (ideal)
                                  0.250000    0.250000   clock uncertainty
                                  0.000000    0.250000   clock reconvergence pessimism
                                              0.250000 ^ _375_/CLK (gf180mcu_fd_sc_mcu7t5v0__dffrnq_1)
                                  0.216002    0.466002   library hold time
                                              0.466002   data required time
---------------------------------------------------------------------------------------------
                                              0.466002   data required time
                                             -2.235573   data arrival time
---------------------------------------------------------------------------------------------
                                              1.769571   slack (MET)


Startpoint: _381_ (rising edge-triggered flip-flop clocked by clk_i)
Endpoint: _381_ (rising edge-triggered flip-flop clocked by clk_i)
Path Group: clk_i
Path Type: min

Fanout         Cap        Slew       Delay        Time   Description
---------------------------------------------------------------------------------------------
                      0.150000    0.000000    0.000000   clock clk_i (rise edge)
                                  0.000000    0.000000   clock network delay (ideal)
                      0.150000    0.000000    0.000000 ^ _381_/CLK (gf180mcu_fd_sc_mcu7t5v0__dffrnq_1)
     5    0.025297    0.507027    1.512494    1.512494 v _381_/Q (gf180mcu_fd_sc_mcu7t5v0__dffrnq_1)
                                                         baud_cnt[2] (net)
                      0.507027    0.000000    1.512494 v _264_/B (gf180mcu_fd_sc_mcu7t5v0__aoi21_1)
     1    0.004177    0.445614    0.400187    1.912681 ^ _264_/ZN (gf180mcu_fd_sc_mcu7t5v0__aoi21_1)
                                                         _114_ (net)
                      0.445614    0.000000    1.912681 ^ _265_/A3 (gf180mcu_fd_sc_mcu7t5v0__nor3_1)
     1    0.003014    0.300922    0.305190    2.217871 v _265_/ZN (gf180mcu_fd_sc_mcu7t5v0__nor3_1)
                                                         _008_ (net)
                      0.300922    0.000000    2.217871 v _381_/D (gf180mcu_fd_sc_mcu7t5v0__dffrnq_1)
                                              2.217871   data arrival time

                      0.150000    0.000000    0.000000   clock clk_i (rise edge)
                                  0.000000    0.000000   clock network delay (ideal)
                                  0.250000    0.250000   clock uncertainty
                                  0.000000    0.250000   clock reconvergence pessimism
                                              0.250000 ^ _381_/CLK (gf180mcu_fd_sc_mcu7t5v0__dffrnq_1)
                                  0.190148    0.440148   library hold time
                                              0.440148   data required time
---------------------------------------------------------------------------------------------
                                              0.440148   data required time
                                             -2.217871   data arrival time
---------------------------------------------------------------------------------------------
                                              1.777723   slack (MET)


Startpoint: _389_ (rising edge-triggered flip-flop clocked by clk_i)
Endpoint: _389_ (rising edge-triggered flip-flop clocked by clk_i)
Path Group: clk_i
Path Type: min

Fanout         Cap        Slew       Delay        Time   Description
---------------------------------------------------------------------------------------------
                      0.150000    0.000000    0.000000   clock clk_i (rise edge)
                                  0.000000    0.000000   clock network delay (ideal)
                      0.150000    0.000000    0.000000 ^ _389_/CLK (gf180mcu_fd_sc_mcu7t5v0__dffrnq_1)
     5    0.028340    0.552766    1.543390    1.543390 v _389_/Q (gf180mcu_fd_sc_mcu7t5v0__dffrnq_1)
                                                         baud_cnt[10] (net)
                      0.552766    0.000000    1.543390 v _287_/A1 (gf180mcu_fd_sc_mcu7t5v0__nor2_1)
     1    0.004029    0.454360    0.402387    1.945777 ^ _287_/ZN (gf180mcu_fd_sc_mcu7t5v0__nor2_1)
                                                         _129_ (net)
                      0.454360    0.000000    1.945777 ^ _290_/A2 (gf180mcu_fd_sc_mcu7t5v0__nor3_1)
     1    0.003014    0.306856    0.286437    2.232214 v _290_/ZN (gf180mcu_fd_sc_mcu7t5v0__nor3_1)
                                                         _001_ (net)
                      0.306856    0.000000    2.232214 v _389_/D (gf180mcu_fd_sc_mcu7t5v0__dffrnq_1)
                                              2.232214   data arrival time

                      0.150000    0.000000    0.000000   clock clk_i (rise edge)
                                  0.000000    0.000000   clock network delay (ideal)
                                  0.250000    0.250000   clock uncertainty
                                  0.000000    0.250000   clock reconvergence pessimism
                                              0.250000 ^ _389_/CLK (gf180mcu_fd_sc_mcu7t5v0__dffrnq_1)
                                  0.188814    0.438814   library hold time
                                              0.438814   data required time
---------------------------------------------------------------------------------------------
                                              0.438814   data required time
                                             -2.232214   data arrival time
---------------------------------------------------------------------------------------------
                                              1.793400   slack (MET)


Startpoint: _388_ (rising edge-triggered flip-flop clocked by clk_i)
Endpoint: _388_ (rising edge-triggered flip-flop clocked by clk_i)
Path Group: clk_i
Path Type: min

Fanout         Cap        Slew       Delay        Time   Description
---------------------------------------------------------------------------------------------
                      0.150000    0.000000    0.000000   clock clk_i (rise edge)
                                  0.000000    0.000000   clock network delay (ideal)
                      0.150000    0.000000    0.000000 ^ _388_/CLK (gf180mcu_fd_sc_mcu7t5v0__dffrnq_1)
     6    0.029589    0.571540    1.556071    1.556071 v _388_/Q (gf180mcu_fd_sc_mcu7t5v0__dffrnq_1)
                                                         baud_cnt[9] (net)
                      0.571540    0.000000    1.556071 v _284_/A1 (gf180mcu_fd_sc_mcu7t5v0__nor2_1)
     1    0.004029    0.439411    0.407662    1.963734 ^ _284_/ZN (gf180mcu_fd_sc_mcu7t5v0__nor2_1)
                                                         _127_ (net)
                      0.439411    0.000000    1.963734 ^ _286_/A2 (gf180mcu_fd_sc_mcu7t5v0__nor3_1)
     1    0.003014    0.303523    0.283586    2.247319 v _286_/ZN (gf180mcu_fd_sc_mcu7t5v0__nor3_1)
                                                         _015_ (net)
                      0.303523    0.000000    2.247319 v _388_/D (gf180mcu_fd_sc_mcu7t5v0__dffrnq_1)
                                              2.247319   data arrival time

                      0.150000    0.000000    0.000000   clock clk_i (rise edge)
                                  0.000000    0.000000   clock network delay (ideal)
                                  0.250000    0.250000   clock uncertainty
                                  0.000000    0.250000   clock reconvergence pessimism
                                              0.250000 ^ _388_/CLK (gf180mcu_fd_sc_mcu7t5v0__dffrnq_1)
                                  0.189564    0.439564   library hold time
                                              0.439564   data required time
---------------------------------------------------------------------------------------------
                                              0.439564   data required time
                                             -2.247319   data arrival time
---------------------------------------------------------------------------------------------
                                              1.807756   slack (MET)


Startpoint: _387_ (rising edge-triggered flip-flop clocked by clk_i)
Endpoint: _387_ (rising edge-triggered flip-flop clocked by clk_i)
Path Group: clk_i
Path Type: min

Fanout         Cap        Slew       Delay        Time   Description
---------------------------------------------------------------------------------------------
                      0.150000    0.000000    0.000000   clock clk_i (rise edge)
                                  0.000000    0.000000   clock network delay (ideal)
                      0.150000    0.000000    0.000000 ^ _387_/CLK (gf180mcu_fd_sc_mcu7t5v0__dffrnq_1)
     6    0.032724    0.618661    1.587901    1.587901 v _387_/Q (gf180mcu_fd_sc_mcu7t5v0__dffrnq_1)
                                                         baud_cnt[8] (net)
                      0.618661    0.000000    1.587901 v _282_/A1 (gf180mcu_fd_sc_mcu7t5v0__xor2_1)
     1    0.004329    0.518543    0.459855    2.047756 ^ _282_/Z (gf180mcu_fd_sc_mcu7t5v0__xor2_1)
                                                         _126_ (net)
                      0.518543    0.000000    2.047756 ^ _283_/A2 (gf180mcu_fd_sc_mcu7t5v0__nor2_1)
     1    0.003014    0.279619    0.245855    2.293612 v _283_/ZN (gf180mcu_fd_sc_mcu7t5v0__nor2_1)
                                                         _014_ (net)
                      0.279619    0.000000    2.293612 v _387_/D (gf180mcu_fd_sc_mcu7t5v0__dffrnq_1)
                                              2.293612   data arrival time

                      0.150000    0.000000    0.000000   clock clk_i (rise edge)
                                  0.000000    0.000000   clock network delay (ideal)
                                  0.250000    0.250000   clock uncertainty
                                  0.000000    0.250000   clock reconvergence pessimism
                                              0.250000 ^ _387_/CLK (gf180mcu_fd_sc_mcu7t5v0__dffrnq_1)
                                  0.194937    0.444937   library hold time
                                              0.444937   data required time
---------------------------------------------------------------------------------------------
                                              0.444937   data required time
                                             -2.293612   data arrival time
---------------------------------------------------------------------------------------------
                                              1.848675   slack (MET)


Startpoint: _385_ (rising edge-triggered flip-flop clocked by clk_i)
Endpoint: _385_ (rising edge-triggered flip-flop clocked by clk_i)
Path Group: clk_i
Path Type: min

Fanout         Cap        Slew       Delay        Time   Description
---------------------------------------------------------------------------------------------
                      0.150000    0.000000    0.000000   clock clk_i (rise edge)
                                  0.000000    0.000000   clock network delay (ideal)
                      0.150000    0.000000    0.000000 ^ _385_/CLK (gf180mcu_fd_sc_mcu7t5v0__dffrnq_1)
     5    0.031705    0.603345    1.577555    1.577555 v _385_/Q (gf180mcu_fd_sc_mcu7t5v0__dffrnq_1)
                                                         baud_cnt[6] (net)
                      0.603345    0.000000    1.577555 v _276_/A1 (gf180mcu_fd_sc_mcu7t5v0__xnor2_1)
     1    0.004329    0.474469    0.522580    2.100136 ^ _276_/ZN (gf180mcu_fd_sc_mcu7t5v0__xnor2_1)
                                                         _122_ (net)
                      0.474469    0.000000    2.100136 ^ _277_/A2 (gf180mcu_fd_sc_mcu7t5v0__nor2_1)
     1    0.003014    0.268611    0.238921    2.339056 v _277_/ZN (gf180mcu_fd_sc_mcu7t5v0__nor2_1)
                                                         _012_ (net)
                      0.268611    0.000000    2.339056 v _385_/D (gf180mcu_fd_sc_mcu7t5v0__dffrnq_1)
                                              2.339056   data arrival time

                      0.150000    0.000000    0.000000   clock clk_i (rise edge)
                                  0.000000    0.000000   clock network delay (ideal)
                                  0.250000    0.250000   clock uncertainty
                                  0.000000    0.250000   clock reconvergence pessimism
                                              0.250000 ^ _385_/CLK (gf180mcu_fd_sc_mcu7t5v0__dffrnq_1)
                                  0.197411    0.447411   library hold time
                                              0.447411   data required time
---------------------------------------------------------------------------------------------
                                              0.447411   data required time
                                             -2.339056   data arrival time
---------------------------------------------------------------------------------------------
                                              1.891646   slack (MET)


Startpoint: _391_ (rising edge-triggered flip-flop clocked by clk_i)
Endpoint: _391_ (rising edge-triggered flip-flop clocked by clk_i)
Path Group: clk_i
Path Type: min

Fanout         Cap        Slew       Delay        Time   Description
---------------------------------------------------------------------------------------------
                      0.150000    0.000000    0.000000   clock clk_i (rise edge)
                                  0.000000    0.000000   clock network delay (ideal)
                      0.150000    0.000000    0.000000 ^ _391_/CLK (gf180mcu_fd_sc_mcu7t5v0__dffrnq_1)
     5    0.032525    0.615670    1.585881    1.585881 v _391_/Q (gf180mcu_fd_sc_mcu7t5v0__dffrnq_1)
                                                         baud_cnt[12] (net)
                      0.615670    0.000000    1.585881 v _295_/A1 (gf180mcu_fd_sc_mcu7t5v0__xnor2_1)
     1    0.004329    0.474216    0.526375    2.112257 ^ _295_/ZN (gf180mcu_fd_sc_mcu7t5v0__xnor2_1)
                                                         _135_ (net)
                      0.474216    0.000000    2.112257 ^ _296_/A2 (gf180mcu_fd_sc_mcu7t5v0__nor2_1)
     1    0.003014    0.268548    0.238881    2.351138 v _296_/ZN (gf180mcu_fd_sc_mcu7t5v0__nor2_1)
                                                         _003_ (net)
                      0.268548    0.000000    2.351138 v _391_/D (gf180mcu_fd_sc_mcu7t5v0__dffrnq_1)
                                              2.351138   data arrival time

                      0.150000    0.000000    0.000000   clock clk_i (rise edge)
                                  0.000000    0.000000   clock network delay (ideal)
                                  0.250000    0.250000   clock uncertainty
                                  0.000000    0.250000   clock reconvergence pessimism
                                              0.250000 ^ _391_/CLK (gf180mcu_fd_sc_mcu7t5v0__dffrnq_1)
                                  0.197425    0.447425   library hold time
                                              0.447425   data required time
---------------------------------------------------------------------------------------------
                                              0.447425   data required time
                                             -2.351138   data arrival time
---------------------------------------------------------------------------------------------
                                              1.903712   slack (MET)


Startpoint: _379_ (rising edge-triggered flip-flop clocked by clk_i)
Endpoint: _380_ (rising edge-triggered flip-flop clocked by clk_i)
Path Group: clk_i
Path Type: min

Fanout         Cap        Slew       Delay        Time   Description
---------------------------------------------------------------------------------------------
                      0.150000    0.000000    0.000000   clock clk_i (rise edge)
                                  0.000000    0.000000   clock network delay (ideal)
                      0.150000    0.000000    0.000000 ^ _379_/CLK (gf180mcu_fd_sc_mcu7t5v0__dffrnq_1)
     7    0.038406    0.704831    1.645277    1.645277 v _379_/Q (gf180mcu_fd_sc_mcu7t5v0__dffrnq_1)
                                                         baud_cnt[0] (net)
                      0.704831    0.000000    1.645277 v _261_/A1 (gf180mcu_fd_sc_mcu7t5v0__xor2_1)
     1    0.004329    0.510641    0.484708    2.129985 ^ _261_/Z (gf180mcu_fd_sc_mcu7t5v0__xor2_1)
                                                         _112_ (net)
                      0.510641    0.000000    2.129985 ^ _262_/A2 (gf180mcu_fd_sc_mcu7t5v0__nor2_1)
     1    0.003014    0.277646    0.244612    2.374597 v _262_/ZN (gf180mcu_fd_sc_mcu7t5v0__nor2_1)
                                                         _007_ (net)
                      0.277646    0.000000    2.374597 v _380_/D (gf180mcu_fd_sc_mcu7t5v0__dffrnq_1)
                                              2.374597   data arrival time

                      0.150000    0.000000    0.000000   clock clk_i (rise edge)
                                  0.000000    0.000000   clock network delay (ideal)
                                  0.250000    0.250000   clock uncertainty
                                  0.000000    0.250000   clock reconvergence pessimism
                                              0.250000 ^ _380_/CLK (gf180mcu_fd_sc_mcu7t5v0__dffrnq_1)
                                  0.195380    0.445380   library hold time
                                              0.445380   data required time
---------------------------------------------------------------------------------------------
                                              0.445380   data required time
                                             -2.374597   data arrival time
---------------------------------------------------------------------------------------------
                                              1.929217   slack (MET)


Startpoint: _398_ (rising edge-triggered flip-flop clocked by clk_i)
Endpoint: _374_ (rising edge-triggered flip-flop clocked by clk_i)
Path Group: clk_i
Path Type: min

Fanout         Cap        Slew       Delay        Time   Description
---------------------------------------------------------------------------------------------
                      0.150000    0.000000    0.000000   clock clk_i (rise edge)
                                  0.000000    0.000000   clock network delay (ideal)
                      0.150000    0.000000    0.000000 ^ _398_/CLK (gf180mcu_fd_sc_mcu7t5v0__dffsnq_1)
     5    0.022818    0.496248    1.646146    1.646146 v _398_/Q (gf180mcu_fd_sc_mcu7t5v0__dffsnq_1)
                                                         reg_rx_sync[2] (net)
                      0.496248    0.000000    1.646146 v _349_/A1 (gf180mcu_fd_sc_mcu7t5v0__nand3_1)
     1    0.004983    0.378981    0.361775    2.007921 ^ _349_/ZN (gf180mcu_fd_sc_mcu7t5v0__nand3_1)
                                                         _171_ (net)
                      0.378981    0.000000    2.007921 ^ _351_/A2 (gf180mcu_fd_sc_mcu7t5v0__oai21_1)
     1    0.002637    0.240480    0.236523    2.244444 v _351_/ZN (gf180mcu_fd_sc_mcu7t5v0__oai21_1)
                                                         _033_ (net)
                      0.240480    0.000000    2.244444 v _374_/D (gf180mcu_fd_sc_mcu7t5v0__dffsnq_1)
                                              2.244444   data arrival time

                      0.150000    0.000000    0.000000   clock clk_i (rise edge)
                                  0.000000    0.000000   clock network delay (ideal)
                                  0.250000    0.250000   clock uncertainty
                                  0.000000    0.250000   clock reconvergence pessimism
                                              0.250000 ^ _374_/CLK (gf180mcu_fd_sc_mcu7t5v0__dffsnq_1)
                                  0.028930    0.278930   library hold time
                                              0.278930   data required time
---------------------------------------------------------------------------------------------
                                              0.278930   data required time
                                             -2.244444   data arrival time
---------------------------------------------------------------------------------------------
                                              1.965514   slack (MET)


Startpoint: _366_ (rising edge-triggered flip-flop clocked by clk_i)
Endpoint: _395_ (rising edge-triggered flip-flop clocked by clk_i)
Path Group: clk_i
Path Type: min

Fanout         Cap        Slew       Delay        Time   Description
---------------------------------------------------------------------------------------------
                      0.150000    0.000000    0.000000   clock clk_i (rise edge)
                                  0.000000    0.000000   clock network delay (ideal)
                      0.150000    0.000000    0.000000 ^ _366_/CLK (gf180mcu_fd_sc_mcu7t5v0__dffrnq_1)
     5    0.025733    0.513581    1.516921    1.516921 v _366_/Q (gf180mcu_fd_sc_mcu7t5v0__dffrnq_1)
                                                         CS[2] (net)
                      0.513581    0.000000    1.516921 v _251_/A1 (gf180mcu_fd_sc_mcu7t5v0__xor2_1)
     3    0.014434    1.047514    0.728829    2.245749 ^ _251_/Z (gf180mcu_fd_sc_mcu7t5v0__xor2_1)
                                                         _108_ (net)
                      1.047514    0.000000    2.245749 ^ _253_/A2 (gf180mcu_fd_sc_mcu7t5v0__aoi21_1)
     1    0.003014    0.287083    0.194782    2.440531 v _253_/ZN (gf180mcu_fd_sc_mcu7t5v0__aoi21_1)
                                                         _016_ (net)
                      0.287083    0.000000    2.440531 v _395_/D (gf180mcu_fd_sc_mcu7t5v0__dffrnq_1)
                                              2.440531   data arrival time

                      0.150000    0.000000    0.000000   clock clk_i (rise edge)
                                  0.000000    0.000000   clock network delay (ideal)
                                  0.250000    0.250000   clock uncertainty
                                  0.000000    0.250000   clock reconvergence pessimism
                                              0.250000 ^ _395_/CLK (gf180mcu_fd_sc_mcu7t5v0__dffrnq_1)
                                  0.193259    0.443259   library hold time
                                              0.443259   data required time
---------------------------------------------------------------------------------------------
                                              0.443259   data required time
                                             -2.440531   data arrival time
---------------------------------------------------------------------------------------------
                                              1.997272   slack (MET)


Startpoint: _379_ (rising edge-triggered flip-flop clocked by clk_i)
Endpoint: _379_ (rising edge-triggered flip-flop clocked by clk_i)
Path Group: clk_i
Path Type: min

Fanout         Cap        Slew       Delay        Time   Description
---------------------------------------------------------------------------------------------
                      0.150000    0.000000    0.000000   clock clk_i (rise edge)
                                  0.000000    0.000000   clock network delay (ideal)
                      0.150000    0.000000    0.000000 ^ _379_/CLK (gf180mcu_fd_sc_mcu7t5v0__dffrnq_1)
     7    0.038406    1.202468    2.236778    2.236778 ^ _379_/Q (gf180mcu_fd_sc_mcu7t5v0__dffrnq_1)
                                                         baud_cnt[0] (net)
                      1.202468    0.000000    2.236778 ^ _260_/A1 (gf180mcu_fd_sc_mcu7t5v0__nor2_1)
     1    0.003014    0.366199    0.213104    2.449882 v _260_/ZN (gf180mcu_fd_sc_mcu7t5v0__nor2_1)
                                                         _000_ (net)
                      0.366199    0.000000    2.449882 v _379_/D (gf180mcu_fd_sc_mcu7t5v0__dffrnq_1)
                                              2.449882   data arrival time

                      0.150000    0.000000    0.000000   clock clk_i (rise edge)
                                  0.000000    0.000000   clock network delay (ideal)
                                  0.250000    0.250000   clock uncertainty
                                  0.000000    0.250000   clock reconvergence pessimism
                                              0.250000 ^ _379_/CLK (gf180mcu_fd_sc_mcu7t5v0__dffrnq_1)
                                  0.175475    0.425475   library hold time
                                              0.425475   data required time
---------------------------------------------------------------------------------------------
                                              0.425475   data required time
                                             -2.449882   data arrival time
---------------------------------------------------------------------------------------------
                                              2.024406   slack (MET)


Startpoint: _386_ (rising edge-triggered flip-flop clocked by clk_i)
Endpoint: _386_ (rising edge-triggered flip-flop clocked by clk_i)
Path Group: clk_i
Path Type: min

Fanout         Cap        Slew       Delay        Time   Description
---------------------------------------------------------------------------------------------
                      0.150000    0.000000    0.000000   clock clk_i (rise edge)
                                  0.000000    0.000000   clock network delay (ideal)
                      0.150000    0.000000    0.000000 ^ _386_/CLK (gf180mcu_fd_sc_mcu7t5v0__dffrnq_1)
     4    0.017818    0.395425    1.433923    1.433923 v _386_/Q (gf180mcu_fd_sc_mcu7t5v0__dffrnq_1)
                                                         baud_cnt[7] (net)
                      0.395425    0.000000    1.433923 v _190_/I (gf180mcu_fd_sc_mcu7t5v0__clkinv_1)
     2    0.012619    0.456216    0.367981    1.801904 ^ _190_/ZN (gf180mcu_fd_sc_mcu7t5v0__clkinv_1)
                                                         _048_ (net)
                      0.456216    0.000000    1.801904 ^ _278_/A1 (gf180mcu_fd_sc_mcu7t5v0__nand2_1)
     1    0.002991    0.207331    0.194463    1.996367 v _278_/ZN (gf180mcu_fd_sc_mcu7t5v0__nand2_1)
                                                         _123_ (net)
                      0.207331    0.000000    1.996367 v _280_/A3 (gf180mcu_fd_sc_mcu7t5v0__and4_1)
     1    0.003014    0.199235    0.573896    2.570263 v _280_/Z (gf180mcu_fd_sc_mcu7t5v0__and4_1)
                                                         _013_ (net)
                      0.199235    0.000000    2.570263 v _386_/D (gf180mcu_fd_sc_mcu7t5v0__dffrnq_1)
                                              2.570263   data arrival time

                      0.150000    0.000000    0.000000   clock clk_i (rise edge)
                                  0.000000    0.000000   clock network delay (ideal)
                                  0.250000    0.250000   clock uncertainty
                                  0.000000    0.250000   clock reconvergence pessimism
                                              0.250000 ^ _386_/CLK (gf180mcu_fd_sc_mcu7t5v0__dffrnq_1)
                                  0.214578    0.464578   library hold time
                                              0.464578   data required time
---------------------------------------------------------------------------------------------
                                              0.464578   data required time
                                             -2.570263   data arrival time
---------------------------------------------------------------------------------------------
                                              2.105686   slack (MET)


Startpoint: _398_ (rising edge-triggered flip-flop clocked by clk_i)
Endpoint: _373_ (rising edge-triggered flip-flop clocked by clk_i)
Path Group: clk_i
Path Type: min

Fanout         Cap        Slew       Delay        Time   Description
---------------------------------------------------------------------------------------------
                      0.150000    0.000000    0.000000   clock clk_i (rise edge)
                                  0.000000    0.000000   clock network delay (ideal)
                      0.150000    0.000000    0.000000 ^ _398_/CLK (gf180mcu_fd_sc_mcu7t5v0__dffsnq_1)
     5    0.022818    0.496248    1.646146    1.646146 v _398_/Q (gf180mcu_fd_sc_mcu7t5v0__dffsnq_1)
                                                         reg_rx_sync[2] (net)
                      0.496248    0.000000    1.646146 v _346_/A1 (gf180mcu_fd_sc_mcu7t5v0__oai211_1)
     1    0.004983    0.588357    0.501502    2.147648 ^ _346_/ZN (gf180mcu_fd_sc_mcu7t5v0__oai211_1)
                                                         _169_ (net)
                      0.588357    0.000000    2.147648 ^ _348_/A2 (gf180mcu_fd_sc_mcu7t5v0__oai21_1)
     1    0.002637    0.240717    0.265293    2.412941 v _348_/ZN (gf180mcu_fd_sc_mcu7t5v0__oai21_1)
                                                         _032_ (net)
                      0.240717    0.000000    2.412941 v _373_/D (gf180mcu_fd_sc_mcu7t5v0__dffsnq_1)
                                              2.412941   data arrival time

                      0.150000    0.000000    0.000000   clock clk_i (rise edge)
                                  0.000000    0.000000   clock network delay (ideal)
                                  0.250000    0.250000   clock uncertainty
                                  0.000000    0.250000   clock reconvergence pessimism
                                              0.250000 ^ _373_/CLK (gf180mcu_fd_sc_mcu7t5v0__dffsnq_1)
                                  0.028858    0.278858   library hold time
                                              0.278858   data required time
---------------------------------------------------------------------------------------------
                                              0.278858   data required time
                                             -2.412941   data arrival time
---------------------------------------------------------------------------------------------
                                              2.134083   slack (MET)


Startpoint: _365_ (rising edge-triggered flip-flop clocked by clk_i)
Endpoint: _365_ (rising edge-triggered flip-flop clocked by clk_i)
Path Group: clk_i
Path Type: min

Fanout         Cap        Slew       Delay        Time   Description
---------------------------------------------------------------------------------------------
                      0.150000    0.000000    0.000000   clock clk_i (rise edge)
                                  0.000000    0.000000   clock network delay (ideal)
                      0.150000    0.000000    0.000000 ^ _365_/CLK (gf180mcu_fd_sc_mcu7t5v0__dffrnq_1)
     7    0.033682    0.633061    1.597628    1.597628 v _365_/Q (gf180mcu_fd_sc_mcu7t5v0__dffrnq_1)
                                                         CS[1] (net)
                      0.633061    0.000000    1.597628 v _327_/I0 (gf180mcu_fd_sc_mcu7t5v0__mux2_2)
     1    0.002791    0.188413    0.709086    2.306715 v _327_/Z (gf180mcu_fd_sc_mcu7t5v0__mux2_2)
                                                         _158_ (net)
                      0.188413    0.000000    2.306715 v _328_/A2 (gf180mcu_fd_sc_mcu7t5v0__and2_1)
     1    0.003014    0.175158    0.444670    2.751384 v _328_/Z (gf180mcu_fd_sc_mcu7t5v0__and2_1)
                                                         _024_ (net)
                      0.175158    0.000000    2.751384 v _365_/D (gf180mcu_fd_sc_mcu7t5v0__dffrnq_1)
                                              2.751384   data arrival time

                      0.150000    0.000000    0.000000   clock clk_i (rise edge)
                                  0.000000    0.000000   clock network delay (ideal)
                                  0.250000    0.250000   clock uncertainty
                                  0.000000    0.250000   clock reconvergence pessimism
                                              0.250000 ^ _365_/CLK (gf180mcu_fd_sc_mcu7t5v0__dffrnq_1)
                                  0.220984    0.470984   library hold time
                                              0.470984   data required time
---------------------------------------------------------------------------------------------
                                              0.470984   data required time
                                             -2.751384   data arrival time
---------------------------------------------------------------------------------------------
                                              2.280400   slack (MET)


Startpoint: _364_ (rising edge-triggered flip-flop clocked by clk_i)
Endpoint: _364_ (rising edge-triggered flip-flop clocked by clk_i)
Path Group: clk_i
Path Type: min

Fanout         Cap        Slew       Delay        Time   Description
---------------------------------------------------------------------------------------------
                      0.150000    0.000000    0.000000   clock clk_i (rise edge)
                                  0.000000    0.000000   clock network delay (ideal)
                      0.150000    0.000000    0.000000 ^ _364_/CLK (gf180mcu_fd_sc_mcu7t5v0__dffrnq_1)
     5    0.022371    0.463047    1.482786    1.482786 v _364_/Q (gf180mcu_fd_sc_mcu7t5v0__dffrnq_1)
                                                         CS[0] (net)
                      0.463047    0.000000    1.482786 v _209_/A1 (gf180mcu_fd_sc_mcu7t5v0__nand2_1)
     4    0.018593    0.680475    0.538460    2.021246 ^ _209_/ZN (gf180mcu_fd_sc_mcu7t5v0__nand2_1)
                                                         _066_ (net)
                      0.680475    0.000000    2.021246 ^ _314_/A2 (gf180mcu_fd_sc_mcu7t5v0__nor2_1)
     1    0.004067    0.339233    0.282692    2.303937 v _314_/ZN (gf180mcu_fd_sc_mcu7t5v0__nor2_1)
                                                         _146_ (net)
                      0.339233    0.000000    2.303937 v _324_/B (gf180mcu_fd_sc_mcu7t5v0__aoi21_1)
     1    0.004329    0.431425    0.368856    2.672794 ^ _324_/ZN (gf180mcu_fd_sc_mcu7t5v0__aoi21_1)
                                                         _156_ (net)
                      0.431425    0.000000    2.672794 ^ _325_/A2 (gf180mcu_fd_sc_mcu7t5v0__nor2_1)
     1    0.003014    0.205094    0.232149    2.904943 v _325_/ZN (gf180mcu_fd_sc_mcu7t5v0__nor2_1)
                                                         _023_ (net)
                      0.205094    0.000000    2.904943 v _364_/D (gf180mcu_fd_sc_mcu7t5v0__dffrnq_1)
                                              2.904943   data arrival time

                      0.150000    0.000000    0.000000   clock clk_i (rise edge)
                                  0.000000    0.000000   clock network delay (ideal)
                                  0.250000    0.250000   clock uncertainty
                                  0.000000    0.250000   clock reconvergence pessimism
                                              0.250000 ^ _364_/CLK (gf180mcu_fd_sc_mcu7t5v0__dffrnq_1)
                                  0.213019    0.463019   library hold time
                                              0.463019   data required time
---------------------------------------------------------------------------------------------
                                              0.463019   data required time
                                             -2.904943   data arrival time
---------------------------------------------------------------------------------------------
                                              2.441924   slack (MET)


Startpoint: _383_ (rising edge-triggered flip-flop clocked by clk_i)
Endpoint: _383_ (rising edge-triggered flip-flop clocked by clk_i)
Path Group: clk_i
Path Type: min

Fanout         Cap        Slew       Delay        Time   Description
---------------------------------------------------------------------------------------------
                      0.150000    0.000000    0.000000   clock clk_i (rise edge)
                                  0.000000    0.000000   clock network delay (ideal)
                      0.150000    0.000000    0.000000 ^ _383_/CLK (gf180mcu_fd_sc_mcu7t5v0__dffrnq_1)
     3    0.012092    0.311575    1.368608    1.368608 v _383_/Q (gf180mcu_fd_sc_mcu7t5v0__dffrnq_1)
                                                         baud_cnt[4] (net)
                      0.311575    0.000000    1.368608 v _187_/I (gf180mcu_fd_sc_mcu7t5v0__clkinv_1)
     4    0.024678    0.774228    0.531032    1.899639 ^ _187_/ZN (gf180mcu_fd_sc_mcu7t5v0__clkinv_1)
                                                         _045_ (net)
                      0.774228    0.000000    1.899639 ^ _269_/A1 (gf180mcu_fd_sc_mcu7t5v0__xor2_1)
     1    0.004329    0.511392    0.758259    2.657899 ^ _269_/Z (gf180mcu_fd_sc_mcu7t5v0__xor2_1)
                                                         _117_ (net)
                      0.511392    0.000000    2.657899 ^ _270_/A2 (gf180mcu_fd_sc_mcu7t5v0__nor2_1)
     1    0.003014    0.277833    0.244730    2.902629 v _270_/ZN (gf180mcu_fd_sc_mcu7t5v0__nor2_1)
                                                         _010_ (net)
                      0.277833    0.000000    2.902629 v _383_/D (gf180mcu_fd_sc_mcu7t5v0__dffrnq_1)
                                              2.902629   data arrival time

                      0.150000    0.000000    0.000000   clock clk_i (rise edge)
                                  0.000000    0.000000   clock network delay (ideal)
                                  0.250000    0.250000   clock uncertainty
                                  0.000000    0.250000   clock reconvergence pessimism
                                              0.250000 ^ _383_/CLK (gf180mcu_fd_sc_mcu7t5v0__dffrnq_1)
                                  0.195338    0.445338   library hold time
                                              0.445338   data required time
---------------------------------------------------------------------------------------------
                                              0.445338   data required time
                                             -2.902629   data arrival time
---------------------------------------------------------------------------------------------
                                              2.457291   slack (MET)


Startpoint: _398_ (rising edge-triggered flip-flop clocked by clk_i)
Endpoint: _372_ (rising edge-triggered flip-flop clocked by clk_i)
Path Group: clk_i
Path Type: min

Fanout         Cap        Slew       Delay        Time   Description
---------------------------------------------------------------------------------------------
                      0.150000    0.000000    0.000000   clock clk_i (rise edge)
                                  0.000000    0.000000   clock network delay (ideal)
                      0.150000    0.000000    0.000000 ^ _398_/CLK (gf180mcu_fd_sc_mcu7t5v0__dffsnq_1)
     5    0.022818    0.496248    1.646146    1.646146 v _398_/Q (gf180mcu_fd_sc_mcu7t5v0__dffsnq_1)
                                                         reg_rx_sync[2] (net)
                      0.496248    0.000000    1.646146 v _340_/A1 (gf180mcu_fd_sc_mcu7t5v0__nand2_1)
     1    0.004329    0.299608    0.296568    1.942715 ^ _340_/ZN (gf180mcu_fd_sc_mcu7t5v0__nand2_1)
                                                         _164_ (net)
                      0.299608    0.000000    1.942715 ^ _341_/A2 (gf180mcu_fd_sc_mcu7t5v0__nor2_1)
     1    0.004067    0.247159    0.227809    2.170524 v _341_/ZN (gf180mcu_fd_sc_mcu7t5v0__nor2_1)
                                                         _165_ (net)
                      0.247159    0.000000    2.170524 v _342_/B (gf180mcu_fd_sc_mcu7t5v0__aoi21_1)
     1    0.004983    0.446813    0.365024    2.535548 ^ _342_/ZN (gf180mcu_fd_sc_mcu7t5v0__aoi21_1)
                                                         _166_ (net)
                      0.446813    0.000000    2.535548 ^ _344_/A2 (gf180mcu_fd_sc_mcu7t5v0__oai21_1)
     1    0.002637    0.240730    0.246603    2.782151 v _344_/ZN (gf180mcu_fd_sc_mcu7t5v0__oai21_1)
                                                         _031_ (net)
                      0.240730    0.000000    2.782151 v _372_/D (gf180mcu_fd_sc_mcu7t5v0__dffsnq_1)
                                              2.782151   data arrival time

                      0.150000    0.000000    0.000000   clock clk_i (rise edge)
                                  0.000000    0.000000   clock network delay (ideal)
                                  0.250000    0.250000   clock uncertainty
                                  0.000000    0.250000   clock reconvergence pessimism
                                              0.250000 ^ _372_/CLK (gf180mcu_fd_sc_mcu7t5v0__dffsnq_1)
                                  0.028854    0.278854   library hold time
                                              0.278854   data required time
---------------------------------------------------------------------------------------------
                                              0.278854   data required time
                                             -2.782151   data arrival time
---------------------------------------------------------------------------------------------
                                              2.503297   slack (MET)


Startpoint: _398_ (rising edge-triggered flip-flop clocked by clk_i)
Endpoint: _371_ (rising edge-triggered flip-flop clocked by clk_i)
Path Group: clk_i
Path Type: min

Fanout         Cap        Slew       Delay        Time   Description
---------------------------------------------------------------------------------------------
                      0.150000    0.000000    0.000000   clock clk_i (rise edge)
                                  0.000000    0.000000   clock network delay (ideal)
                      0.150000    0.000000    0.000000 ^ _398_/CLK (gf180mcu_fd_sc_mcu7t5v0__dffsnq_1)
     5    0.022818    0.496248    1.646146    1.646146 v _398_/Q (gf180mcu_fd_sc_mcu7t5v0__dffsnq_1)
                                                         reg_rx_sync[2] (net)
                      0.496248    0.000000    1.646146 v _182_/I (gf180mcu_fd_sc_mcu7t5v0__clkinv_1)
     3    0.017039    0.575957    0.468711    2.114858 ^ _182_/ZN (gf180mcu_fd_sc_mcu7t5v0__clkinv_1)
                                                         _040_ (net)
                      0.575957    0.000000    2.114858 ^ _338_/A1 (gf180mcu_fd_sc_mcu7t5v0__oai31_1)
     1    0.004856    0.326560    0.292140    2.406998 v _338_/ZN (gf180mcu_fd_sc_mcu7t5v0__oai31_1)
                                                         _163_ (net)
                      0.326560    0.000000    2.406998 v _339_/I0 (gf180mcu_fd_sc_mcu7t5v0__mux2_2)
     1    0.002637    0.184799    0.649333    3.056331 v _339_/Z (gf180mcu_fd_sc_mcu7t5v0__mux2_2)
                                                         _030_ (net)
                      0.184799    0.000000    3.056331 v _371_/D (gf180mcu_fd_sc_mcu7t5v0__dffsnq_1)
                                              3.056331   data arrival time

                      0.150000    0.000000    0.000000   clock clk_i (rise edge)
                                  0.000000    0.000000   clock network delay (ideal)
                                  0.250000    0.250000   clock uncertainty
                                  0.000000    0.250000   clock reconvergence pessimism
                                              0.250000 ^ _371_/CLK (gf180mcu_fd_sc_mcu7t5v0__dffsnq_1)
                                  0.046684    0.296684   library hold time
                                              0.296684   data required time
---------------------------------------------------------------------------------------------
                                              0.296684   data required time
                                             -3.056331   data arrival time
---------------------------------------------------------------------------------------------
                                              2.759647   slack (MET)


Startpoint: _367_ (rising edge-triggered flip-flop clocked by clk_i)
Endpoint: _367_ (rising edge-triggered flip-flop clocked by clk_i)
Path Group: clk_i
Path Type: min

Fanout         Cap        Slew       Delay        Time   Description
---------------------------------------------------------------------------------------------
                      0.150000    0.000000    0.000000   clock clk_i (rise edge)
                                  0.000000    0.000000   clock network delay (ideal)
                      0.150000    0.000000    0.000000 ^ _367_/CLK (gf180mcu_fd_sc_mcu7t5v0__dffsnq_1)
     2    0.077772    1.348379    2.194919    2.194919 v _367_/Q (gf180mcu_fd_sc_mcu7t5v0__dffsnq_1)
                                                         rx_data_o[0] (net)
                      1.348379    0.000000    2.194919 v _333_/I1 (gf180mcu_fd_sc_mcu7t5v0__mux2_2)
     1    0.002637    0.184799    0.863932    3.058850 v _333_/Z (gf180mcu_fd_sc_mcu7t5v0__mux2_2)
                                                         _026_ (net)
                      0.184799    0.000000    3.058850 v _367_/D (gf180mcu_fd_sc_mcu7t5v0__dffsnq_1)
                                              3.058850   data arrival time

                      0.150000    0.000000    0.000000   clock clk_i (rise edge)
                                  0.000000    0.000000   clock network delay (ideal)
                                  0.250000    0.250000   clock uncertainty
                                  0.000000    0.250000   clock reconvergence pessimism
                                              0.250000 ^ _367_/CLK (gf180mcu_fd_sc_mcu7t5v0__dffsnq_1)
                                  0.046684    0.296684   library hold time
                                              0.296684   data required time
---------------------------------------------------------------------------------------------
                                              0.296684   data required time
                                             -3.058850   data arrival time
---------------------------------------------------------------------------------------------
                                              2.762166   slack (MET)


Startpoint: _369_ (rising edge-triggered flip-flop clocked by clk_i)
Endpoint: _368_ (rising edge-triggered flip-flop clocked by clk_i)
Path Group: clk_i
Path Type: min

Fanout         Cap        Slew       Delay        Time   Description
---------------------------------------------------------------------------------------------
                      0.150000    0.000000    0.000000   clock clk_i (rise edge)
                                  0.000000    0.000000   clock network delay (ideal)
                      0.150000    0.000000    0.000000 ^ _369_/CLK (gf180mcu_fd_sc_mcu7t5v0__dffsnq_1)
     3    0.082628    1.426649    2.242225    2.242225 v _369_/Q (gf180mcu_fd_sc_mcu7t5v0__dffsnq_1)
                                                         rx_data_o[2] (net)
                      1.426649    0.000000    2.242225 v _334_/I0 (gf180mcu_fd_sc_mcu7t5v0__mux2_2)
     1    0.002637    0.184799    0.877423    3.119648 v _334_/Z (gf180mcu_fd_sc_mcu7t5v0__mux2_2)
                                                         _027_ (net)
                      0.184799    0.000000    3.119648 v _368_/D (gf180mcu_fd_sc_mcu7t5v0__dffsnq_1)
                                              3.119648   data arrival time

                      0.150000    0.000000    0.000000   clock clk_i (rise edge)
                                  0.000000    0.000000   clock network delay (ideal)
                                  0.250000    0.250000   clock uncertainty
                                  0.000000    0.250000   clock reconvergence pessimism
                                              0.250000 ^ _368_/CLK (gf180mcu_fd_sc_mcu7t5v0__dffsnq_1)
                                  0.046684    0.296684   library hold time
                                              0.296684   data required time
---------------------------------------------------------------------------------------------
                                              0.296684   data required time
                                             -3.119648   data arrival time
---------------------------------------------------------------------------------------------
                                              2.822964   slack (MET)


Startpoint: _370_ (rising edge-triggered flip-flop clocked by clk_i)
Endpoint: _369_ (rising edge-triggered flip-flop clocked by clk_i)
Path Group: clk_i
Path Type: min

Fanout         Cap        Slew       Delay        Time   Description
---------------------------------------------------------------------------------------------
                      0.150000    0.000000    0.000000   clock clk_i (rise edge)
                                  0.000000    0.000000   clock network delay (ideal)
                      0.150000    0.000000    0.000000 ^ _370_/CLK (gf180mcu_fd_sc_mcu7t5v0__dffsnq_1)
     3    0.082628    1.426649    2.242225    2.242225 v _370_/Q (gf180mcu_fd_sc_mcu7t5v0__dffsnq_1)
                                                         rx_data_o[3] (net)
                      1.426649    0.000000    2.242225 v _335_/I0 (gf180mcu_fd_sc_mcu7t5v0__mux2_2)
     1    0.002637    0.184799    0.877423    3.119648 v _335_/Z (gf180mcu_fd_sc_mcu7t5v0__mux2_2)
                                                         _028_ (net)
                      0.184799    0.000000    3.119648 v _369_/D (gf180mcu_fd_sc_mcu7t5v0__dffsnq_1)
                                              3.119648   data arrival time

                      0.150000    0.000000    0.000000   clock clk_i (rise edge)
                                  0.000000    0.000000   clock network delay (ideal)
                                  0.250000    0.250000   clock uncertainty
                                  0.000000    0.250000   clock reconvergence pessimism
                                              0.250000 ^ _369_/CLK (gf180mcu_fd_sc_mcu7t5v0__dffsnq_1)
                                  0.046684    0.296684   library hold time
                                              0.296684   data required time
---------------------------------------------------------------------------------------------
                                              0.296684   data required time
                                             -3.119648   data arrival time
---------------------------------------------------------------------------------------------
                                              2.822964   slack (MET)


Startpoint: _371_ (rising edge-triggered flip-flop clocked by clk_i)
Endpoint: _370_ (rising edge-triggered flip-flop clocked by clk_i)
Path Group: clk_i
Path Type: min

Fanout         Cap        Slew       Delay        Time   Description
---------------------------------------------------------------------------------------------
                      0.150000    0.000000    0.000000   clock clk_i (rise edge)
                                  0.000000    0.000000   clock network delay (ideal)
                      0.150000    0.000000    0.000000 ^ _371_/CLK (gf180mcu_fd_sc_mcu7t5v0__dffsnq_1)
     3    0.082628    1.426649    2.242225    2.242225 v _371_/Q (gf180mcu_fd_sc_mcu7t5v0__dffsnq_1)
                                                         rx_data_o[4] (net)
                      1.426649    0.000000    2.242225 v _336_/I0 (gf180mcu_fd_sc_mcu7t5v0__mux2_2)
     1    0.002637    0.184799    0.877423    3.119648 v _336_/Z (gf180mcu_fd_sc_mcu7t5v0__mux2_2)
                                                         _029_ (net)
                      0.184799    0.000000    3.119648 v _370_/D (gf180mcu_fd_sc_mcu7t5v0__dffsnq_1)
                                              3.119648   data arrival time

                      0.150000    0.000000    0.000000   clock clk_i (rise edge)
                                  0.000000    0.000000   clock network delay (ideal)
                                  0.250000    0.250000   clock uncertainty
                                  0.000000    0.250000   clock reconvergence pessimism
                                              0.250000 ^ _370_/CLK (gf180mcu_fd_sc_mcu7t5v0__dffsnq_1)
                                  0.046684    0.296684   library hold time
                                              0.296684   data required time
---------------------------------------------------------------------------------------------
                                              0.296684   data required time
                                             -3.119648   data arrival time
---------------------------------------------------------------------------------------------
                                              2.822964   slack (MET)


Startpoint: rx_i (input port clocked by clk_i)
Endpoint: _396_ (rising edge-triggered flip-flop clocked by clk_i)
Path Group: clk_i
Path Type: min

Fanout         Cap        Slew       Delay        Time   Description
---------------------------------------------------------------------------------------------
                      0.150000    0.000000    0.000000   clock clk_i (rise edge)
                                  0.000000    0.000000   clock network delay (ideal)
                                  4.000000    4.000000 ^ input external delay
     1    0.002758    0.165715    0.044765    4.044765 ^ rx_i (in)
                                                         rx_i (net)
                      0.165715    0.000000    4.044765 ^ _306_/A2 (gf180mcu_fd_sc_mcu7t5v0__or2_1)
     1    0.002637    0.196262    0.392748    4.437512 ^ _306_/Z (gf180mcu_fd_sc_mcu7t5v0__or2_1)
                                                         _017_ (net)
                      0.196262    0.000000    4.437512 ^ _396_/D (gf180mcu_fd_sc_mcu7t5v0__dffsnq_1)
                                              4.437512   data arrival time

                      0.150000    0.000000    0.000000   clock clk_i (rise edge)
                                  0.000000    0.000000   clock network delay (ideal)
                                  0.250000    0.250000   clock uncertainty
                                  0.000000    0.250000   clock reconvergence pessimism
                                              0.250000 ^ _396_/CLK (gf180mcu_fd_sc_mcu7t5v0__dffsnq_1)
                                 -0.077159    0.172841   library hold time
                                              0.172841   data required time
---------------------------------------------------------------------------------------------
                                              0.172841   data required time
                                             -4.437512   data arrival time
---------------------------------------------------------------------------------------------
                                              4.264671   slack (MET)


Startpoint: _367_ (rising edge-triggered flip-flop clocked by clk_i)
Endpoint: rx_data_o[0] (output port clocked by clk_i)
Path Group: clk_i
Path Type: min

Fanout         Cap        Slew       Delay        Time   Description
---------------------------------------------------------------------------------------------
                      0.150000    0.000000    0.000000   clock clk_i (rise edge)
                                  0.000000    0.000000   clock network delay (ideal)
                      0.150000    0.000000    0.000000 ^ _367_/CLK (gf180mcu_fd_sc_mcu7t5v0__dffsnq_1)
     2    0.077772    1.348379    2.194919    2.194919 v _367_/Q (gf180mcu_fd_sc_mcu7t5v0__dffsnq_1)
                                                         rx_data_o[0] (net)
                      1.348379    0.000000    2.194919 v rx_data_o[0] (out)
                                              2.194919   data arrival time

                      0.150000    0.000000    0.000000   clock clk_i (rise edge)
                                  0.000000    0.000000   clock network delay (ideal)
                                  0.250000    0.250000   clock uncertainty
                                  0.000000    0.250000   clock reconvergence pessimism
                                 -4.000000   -3.750000   output external delay
                                             -3.750000   data required time
---------------------------------------------------------------------------------------------
                                             -3.750000   data required time
                                             -2.194919   data arrival time
---------------------------------------------------------------------------------------------
                                              5.944919   slack (MET)


Startpoint: _374_ (rising edge-triggered flip-flop clocked by clk_i)
Endpoint: rx_data_o[7] (output port clocked by clk_i)
Path Group: clk_i
Path Type: min

Fanout         Cap        Slew       Delay        Time   Description
---------------------------------------------------------------------------------------------
                      0.150000    0.000000    0.000000   clock clk_i (rise edge)
                                  0.000000    0.000000   clock network delay (ideal)
                      0.150000    0.000000    0.000000 ^ _374_/CLK (gf180mcu_fd_sc_mcu7t5v0__dffsnq_1)
     3    0.082143    1.418832    2.237500    2.237500 v _374_/Q (gf180mcu_fd_sc_mcu7t5v0__dffsnq_1)
                                                         rx_data_o[7] (net)
                      1.418832    0.000000    2.237500 v rx_data_o[7] (out)
                                              2.237500   data arrival time

                      0.150000    0.000000    0.000000   clock clk_i (rise edge)
                                  0.000000    0.000000   clock network delay (ideal)
                                  0.250000    0.250000   clock uncertainty
                                  0.000000    0.250000   clock reconvergence pessimism
                                 -4.000000   -3.750000   output external delay
                                             -3.750000   data required time
---------------------------------------------------------------------------------------------
                                             -3.750000   data required time
                                             -2.237500   data arrival time
---------------------------------------------------------------------------------------------
                                              5.987501   slack (MET)


Startpoint: _368_ (rising edge-triggered flip-flop clocked by clk_i)
Endpoint: rx_data_o[1] (output port clocked by clk_i)
Path Group: clk_i
Path Type: min

Fanout         Cap        Slew       Delay        Time   Description
---------------------------------------------------------------------------------------------
                      0.150000    0.000000    0.000000   clock clk_i (rise edge)
                                  0.000000    0.000000   clock network delay (ideal)
                      0.150000    0.000000    0.000000 ^ _368_/CLK (gf180mcu_fd_sc_mcu7t5v0__dffsnq_1)
     3    0.082628    1.426649    2.242225    2.242225 v _368_/Q (gf180mcu_fd_sc_mcu7t5v0__dffsnq_1)
                                                         rx_data_o[1] (net)
                      1.426649    0.000000    2.242225 v rx_data_o[1] (out)
                                              2.242225   data arrival time

                      0.150000    0.000000    0.000000   clock clk_i (rise edge)
                                  0.000000    0.000000   clock network delay (ideal)
                                  0.250000    0.250000   clock uncertainty
                                  0.000000    0.250000   clock reconvergence pessimism
                                 -4.000000   -3.750000   output external delay
                                             -3.750000   data required time
---------------------------------------------------------------------------------------------
                                             -3.750000   data required time
                                             -2.242225   data arrival time
---------------------------------------------------------------------------------------------
                                              5.992226   slack (MET)


Startpoint: _369_ (rising edge-triggered flip-flop clocked by clk_i)
Endpoint: rx_data_o[2] (output port clocked by clk_i)
Path Group: clk_i
Path Type: min

Fanout         Cap        Slew       Delay        Time   Description
---------------------------------------------------------------------------------------------
                      0.150000    0.000000    0.000000   clock clk_i (rise edge)
                                  0.000000    0.000000   clock network delay (ideal)
                      0.150000    0.000000    0.000000 ^ _369_/CLK (gf180mcu_fd_sc_mcu7t5v0__dffsnq_1)
     3    0.082628    1.426649    2.242225    2.242225 v _369_/Q (gf180mcu_fd_sc_mcu7t5v0__dffsnq_1)
                                                         rx_data_o[2] (net)
                      1.426649    0.000000    2.242225 v rx_data_o[2] (out)
                                              2.242225   data arrival time

                      0.150000    0.000000    0.000000   clock clk_i (rise edge)
                                  0.000000    0.000000   clock network delay (ideal)
                                  0.250000    0.250000   clock uncertainty
                                  0.000000    0.250000   clock reconvergence pessimism
                                 -4.000000   -3.750000   output external delay
                                             -3.750000   data required time
---------------------------------------------------------------------------------------------
                                             -3.750000   data required time
                                             -2.242225   data arrival time
---------------------------------------------------------------------------------------------
                                              5.992226   slack (MET)


Startpoint: _370_ (rising edge-triggered flip-flop clocked by clk_i)
Endpoint: rx_data_o[3] (output port clocked by clk_i)
Path Group: clk_i
Path Type: min

Fanout         Cap        Slew       Delay        Time   Description
---------------------------------------------------------------------------------------------
                      0.150000    0.000000    0.000000   clock clk_i (rise edge)
                                  0.000000    0.000000   clock network delay (ideal)
                      0.150000    0.000000    0.000000 ^ _370_/CLK (gf180mcu_fd_sc_mcu7t5v0__dffsnq_1)
     3    0.082628    1.426649    2.242225    2.242225 v _370_/Q (gf180mcu_fd_sc_mcu7t5v0__dffsnq_1)
                                                         rx_data_o[3] (net)
                      1.426649    0.000000    2.242225 v rx_data_o[3] (out)
                                              2.242225   data arrival time

                      0.150000    0.000000    0.000000   clock clk_i (rise edge)
                                  0.000000    0.000000   clock network delay (ideal)
                                  0.250000    0.250000   clock uncertainty
                                  0.000000    0.250000   clock reconvergence pessimism
                                 -4.000000   -3.750000   output external delay
                                             -3.750000   data required time
---------------------------------------------------------------------------------------------
                                             -3.750000   data required time
                                             -2.242225   data arrival time
---------------------------------------------------------------------------------------------
                                              5.992226   slack (MET)


Startpoint: _371_ (rising edge-triggered flip-flop clocked by clk_i)
Endpoint: rx_data_o[4] (output port clocked by clk_i)
Path Group: clk_i
Path Type: min

Fanout         Cap        Slew       Delay        Time   Description
---------------------------------------------------------------------------------------------
                      0.150000    0.000000    0.000000   clock clk_i (rise edge)
                                  0.000000    0.000000   clock network delay (ideal)
                      0.150000    0.000000    0.000000 ^ _371_/CLK (gf180mcu_fd_sc_mcu7t5v0__dffsnq_1)
     3    0.082628    1.426649    2.242225    2.242225 v _371_/Q (gf180mcu_fd_sc_mcu7t5v0__dffsnq_1)
                                                         rx_data_o[4] (net)
                      1.426649    0.000000    2.242225 v rx_data_o[4] (out)
                                              2.242225   data arrival time

                      0.150000    0.000000    0.000000   clock clk_i (rise edge)
                                  0.000000    0.000000   clock network delay (ideal)
                                  0.250000    0.250000   clock uncertainty
                                  0.000000    0.250000   clock reconvergence pessimism
                                 -4.000000   -3.750000   output external delay
                                             -3.750000   data required time
---------------------------------------------------------------------------------------------
                                             -3.750000   data required time
                                             -2.242225   data arrival time
---------------------------------------------------------------------------------------------
                                              5.992226   slack (MET)


Startpoint: _373_ (rising edge-triggered flip-flop clocked by clk_i)
Endpoint: rx_data_o[6] (output port clocked by clk_i)
Path Group: clk_i
Path Type: min

Fanout         Cap        Slew       Delay        Time   Description
---------------------------------------------------------------------------------------------
                      0.150000    0.000000    0.000000   clock clk_i (rise edge)
                                  0.000000    0.000000   clock network delay (ideal)
                      0.150000    0.000000    0.000000 ^ _373_/CLK (gf180mcu_fd_sc_mcu7t5v0__dffsnq_1)
     3    0.082703    1.427858    2.242956    2.242956 v _373_/Q (gf180mcu_fd_sc_mcu7t5v0__dffsnq_1)
                                                         rx_data_o[6] (net)
                      1.427858    0.000000    2.242956 v rx_data_o[6] (out)
                                              2.242956   data arrival time

                      0.150000    0.000000    0.000000   clock clk_i (rise edge)
                                  0.000000    0.000000   clock network delay (ideal)
                                  0.250000    0.250000   clock uncertainty
                                  0.000000    0.250000   clock reconvergence pessimism
                                 -4.000000   -3.750000   output external delay
                                             -3.750000   data required time
---------------------------------------------------------------------------------------------
                                             -3.750000   data required time
                                             -2.242956   data arrival time
---------------------------------------------------------------------------------------------
                                              5.992956   slack (MET)


Startpoint: _372_ (rising edge-triggered flip-flop clocked by clk_i)
Endpoint: rx_data_o[5] (output port clocked by clk_i)
Path Group: clk_i
Path Type: min

Fanout         Cap        Slew       Delay        Time   Description
---------------------------------------------------------------------------------------------
                      0.150000    0.000000    0.000000   clock clk_i (rise edge)
                                  0.000000    0.000000   clock network delay (ideal)
                      0.150000    0.000000    0.000000 ^ _372_/CLK (gf180mcu_fd_sc_mcu7t5v0__dffsnq_1)
     3    0.082733    1.428341    2.243248    2.243248 v _372_/Q (gf180mcu_fd_sc_mcu7t5v0__dffsnq_1)
                                                         rx_data_o[5] (net)
                      1.428341    0.000000    2.243248 v rx_data_o[5] (out)
                                              2.243248   data arrival time

                      0.150000    0.000000    0.000000   clock clk_i (rise edge)
                                  0.000000    0.000000   clock network delay (ideal)
                                  0.250000    0.250000   clock uncertainty
                                  0.000000    0.250000   clock reconvergence pessimism
                                 -4.000000   -3.750000   output external delay
                                             -3.750000   data required time
---------------------------------------------------------------------------------------------
                                             -3.750000   data required time
                                             -2.243248   data arrival time
---------------------------------------------------------------------------------------------
                                              5.993248   slack (MET)


Startpoint: _363_ (rising edge-triggered flip-flop clocked by clk_i)
Endpoint: err_parity_o (output port clocked by clk_i)
Path Group: clk_i
Path Type: min

Fanout         Cap        Slew       Delay        Time   Description
---------------------------------------------------------------------------------------------
                      0.150000    0.000000    0.000000   clock clk_i (rise edge)
                                  0.000000    0.000000   clock network delay (ideal)
                      0.150000    0.000000    0.000000 ^ _363_/CLK (gf180mcu_fd_sc_mcu7t5v0__dffrnq_1)
     4    0.018287    0.402293    1.439273    1.439273 v _363_/Q (gf180mcu_fd_sc_mcu7t5v0__dffrnq_1)
                                                         r_error_parity (net)
                      0.402293    0.000000    1.439273 v _196_/I (gf180mcu_fd_sc_mcu7t5v0__clkinv_1)
     1    0.004591    0.259411    0.234558    1.673831 ^ _196_/ZN (gf180mcu_fd_sc_mcu7t5v0__clkinv_1)
                                                         _054_ (net)
                      0.259411    0.000000    1.673831 ^ _258_/A1 (gf180mcu_fd_sc_mcu7t5v0__nor2_1)
     1    0.072910    1.794139    1.145967    2.819799 v _258_/ZN (gf180mcu_fd_sc_mcu7t5v0__nor2_1)
                                                         err_parity_o (net)
                      1.794139    0.000000    2.819799 v err_parity_o (out)
                                              2.819799   data arrival time

                      0.150000    0.000000    0.000000   clock clk_i (rise edge)
                                  0.000000    0.000000   clock network delay (ideal)
                                  0.250000    0.250000   clock uncertainty
                                  0.000000    0.250000   clock reconvergence pessimism
                                 -4.000000   -3.750000   output external delay
                                             -3.750000   data required time
---------------------------------------------------------------------------------------------
                                             -3.750000   data required time
                                             -2.819799   data arrival time
---------------------------------------------------------------------------------------------
                                              6.569798   slack (MET)


Startpoint: rstn_i (input port clocked by clk_i)
Endpoint: _363_ (removal check against rising-edge clock clk_i)
Path Group: asynchronous
Path Type: min

Fanout         Cap        Slew       Delay        Time   Description
---------------------------------------------------------------------------------------------
                      0.150000    0.000000    0.000000   clock clk_i (rise edge)
                                  0.000000    0.000000   clock network delay (ideal)
                                  4.000000    4.000000 ^ input external delay
    36    0.257322    7.299897    4.011564    8.011564 ^ rstn_i (in)
                                                         rstn_i (net)
                      7.299897    0.000000    8.011564 ^ _363_/RN (gf180mcu_fd_sc_mcu7t5v0__dffrnq_1)
                                              8.011564   data arrival time

                      0.150000    0.000000    0.000000   clock clk_i (rise edge)
                                  0.000000    0.000000   clock network delay (ideal)
                                  0.250000    0.250000   clock uncertainty
                                  0.000000    0.250000   clock reconvergence pessimism
                                              0.250000 ^ _363_/CLK (gf180mcu_fd_sc_mcu7t5v0__dffrnq_1)
                                  1.094224    1.344224   library removal time
                                              1.344224   data required time
---------------------------------------------------------------------------------------------
                                              1.344224   data required time
                                             -8.011564   data arrival time
---------------------------------------------------------------------------------------------
                                              6.667341   slack (MET)


Startpoint: rstn_i (input port clocked by clk_i)
Endpoint: _364_ (removal check against rising-edge clock clk_i)
Path Group: asynchronous
Path Type: min

Fanout         Cap        Slew       Delay        Time   Description
---------------------------------------------------------------------------------------------
                      0.150000    0.000000    0.000000   clock clk_i (rise edge)
                                  0.000000    0.000000   clock network delay (ideal)
                                  4.000000    4.000000 ^ input external delay
    36    0.257322    7.299897    4.011564    8.011564 ^ rstn_i (in)
                                                         rstn_i (net)
                      7.299897    0.000000    8.011564 ^ _364_/RN (gf180mcu_fd_sc_mcu7t5v0__dffrnq_1)
                                              8.011564   data arrival time

                      0.150000    0.000000    0.000000   clock clk_i (rise edge)
                                  0.000000    0.000000   clock network delay (ideal)
                                  0.250000    0.250000   clock uncertainty
                                  0.000000    0.250000   clock reconvergence pessimism
                                              0.250000 ^ _364_/CLK (gf180mcu_fd_sc_mcu7t5v0__dffrnq_1)
                                  1.094224    1.344224   library removal time
                                              1.344224   data required time
---------------------------------------------------------------------------------------------
                                              1.344224   data required time
                                             -8.011564   data arrival time
---------------------------------------------------------------------------------------------
                                              6.667341   slack (MET)


Startpoint: rstn_i (input port clocked by clk_i)
Endpoint: _365_ (removal check against rising-edge clock clk_i)
Path Group: asynchronous
Path Type: min

Fanout         Cap        Slew       Delay        Time   Description
---------------------------------------------------------------------------------------------
                      0.150000    0.000000    0.000000   clock clk_i (rise edge)
                                  0.000000    0.000000   clock network delay (ideal)
                                  4.000000    4.000000 ^ input external delay
    36    0.257322    7.299897    4.011564    8.011564 ^ rstn_i (in)
                                                         rstn_i (net)
                      7.299897    0.000000    8.011564 ^ _365_/RN (gf180mcu_fd_sc_mcu7t5v0__dffrnq_1)
                                              8.011564   data arrival time

                      0.150000    0.000000    0.000000   clock clk_i (rise edge)
                                  0.000000    0.000000   clock network delay (ideal)
                                  0.250000    0.250000   clock uncertainty
                                  0.000000    0.250000   clock reconvergence pessimism
                                              0.250000 ^ _365_/CLK (gf180mcu_fd_sc_mcu7t5v0__dffrnq_1)
                                  1.094224    1.344224   library removal time
                                              1.344224   data required time
---------------------------------------------------------------------------------------------
                                              1.344224   data required time
                                             -8.011564   data arrival time
---------------------------------------------------------------------------------------------
                                              6.667341   slack (MET)


Startpoint: rstn_i (input port clocked by clk_i)
Endpoint: _366_ (removal check against rising-edge clock clk_i)
Path Group: asynchronous
Path Type: min

Fanout         Cap        Slew       Delay        Time   Description
---------------------------------------------------------------------------------------------
                      0.150000    0.000000    0.000000   clock clk_i (rise edge)
                                  0.000000    0.000000   clock network delay (ideal)
                                  4.000000    4.000000 ^ input external delay
    36    0.257322    7.299897    4.011564    8.011564 ^ rstn_i (in)
                                                         rstn_i (net)
                      7.299897    0.000000    8.011564 ^ _366_/RN (gf180mcu_fd_sc_mcu7t5v0__dffrnq_1)
                                              8.011564   data arrival time

                      0.150000    0.000000    0.000000   clock clk_i (rise edge)
                                  0.000000    0.000000   clock network delay (ideal)
                                  0.250000    0.250000   clock uncertainty
                                  0.000000    0.250000   clock reconvergence pessimism
                                              0.250000 ^ _366_/CLK (gf180mcu_fd_sc_mcu7t5v0__dffrnq_1)
                                  1.094224    1.344224   library removal time
                                              1.344224   data required time
---------------------------------------------------------------------------------------------
                                              1.344224   data required time
                                             -8.011564   data arrival time
---------------------------------------------------------------------------------------------
                                              6.667341   slack (MET)


Startpoint: rstn_i (input port clocked by clk_i)
Endpoint: _375_ (removal check against rising-edge clock clk_i)
Path Group: asynchronous
Path Type: min

Fanout         Cap        Slew       Delay        Time   Description
---------------------------------------------------------------------------------------------
                      0.150000    0.000000    0.000000   clock clk_i (rise edge)
                                  0.000000    0.000000   clock network delay (ideal)
                                  4.000000    4.000000 ^ input external delay
    36    0.257322    7.299897    4.011564    8.011564 ^ rstn_i (in)
                                                         rstn_i (net)
                      7.299897    0.000000    8.011564 ^ _375_/RN (gf180mcu_fd_sc_mcu7t5v0__dffrnq_1)
                                              8.011564   data arrival time

                      0.150000    0.000000    0.000000   clock clk_i (rise edge)
                                  0.000000    0.000000   clock network delay (ideal)
                                  0.250000    0.250000   clock uncertainty
                                  0.000000    0.250000   clock reconvergence pessimism
                                              0.250000 ^ _375_/CLK (gf180mcu_fd_sc_mcu7t5v0__dffrnq_1)
                                  1.094224    1.344224   library removal time
                                              1.344224   data required time
---------------------------------------------------------------------------------------------
                                              1.344224   data required time
                                             -8.011564   data arrival time
---------------------------------------------------------------------------------------------
                                              6.667341   slack (MET)


Startpoint: rstn_i (input port clocked by clk_i)
Endpoint: _376_ (removal check against rising-edge clock clk_i)
Path Group: asynchronous
Path Type: min

Fanout         Cap        Slew       Delay        Time   Description
---------------------------------------------------------------------------------------------
                      0.150000    0.000000    0.000000   clock clk_i (rise edge)
                                  0.000000    0.000000   clock network delay (ideal)
                                  4.000000    4.000000 ^ input external delay
    36    0.257322    7.299897    4.011564    8.011564 ^ rstn_i (in)
                                                         rstn_i (net)
                      7.299897    0.000000    8.011564 ^ _376_/RN (gf180mcu_fd_sc_mcu7t5v0__dffrnq_1)
                                              8.011564   data arrival time

                      0.150000    0.000000    0.000000   clock clk_i (rise edge)
                                  0.000000    0.000000   clock network delay (ideal)
                                  0.250000    0.250000   clock uncertainty
                                  0.000000    0.250000   clock reconvergence pessimism
                                              0.250000 ^ _376_/CLK (gf180mcu_fd_sc_mcu7t5v0__dffrnq_1)
                                  1.094224    1.344224   library removal time
                                              1.344224   data required time
---------------------------------------------------------------------------------------------
                                              1.344224   data required time
                                             -8.011564   data arrival time
---------------------------------------------------------------------------------------------
                                              6.667341   slack (MET)


Startpoint: rstn_i (input port clocked by clk_i)
Endpoint: _377_ (removal check against rising-edge clock clk_i)
Path Group: asynchronous
Path Type: min

Fanout         Cap        Slew       Delay        Time   Description
---------------------------------------------------------------------------------------------
                      0.150000    0.000000    0.000000   clock clk_i (rise edge)
                                  0.000000    0.000000   clock network delay (ideal)
                                  4.000000    4.000000 ^ input external delay
    36    0.257322    7.299897    4.011564    8.011564 ^ rstn_i (in)
                                                         rstn_i (net)
                      7.299897    0.000000    8.011564 ^ _377_/RN (gf180mcu_fd_sc_mcu7t5v0__dffrnq_1)
                                              8.011564   data arrival time

                      0.150000    0.000000    0.000000   clock clk_i (rise edge)
                                  0.000000    0.000000   clock network delay (ideal)
                                  0.250000    0.250000   clock uncertainty
                                  0.000000    0.250000   clock reconvergence pessimism
                                              0.250000 ^ _377_/CLK (gf180mcu_fd_sc_mcu7t5v0__dffrnq_1)
                                  1.094224    1.344224   library removal time
                                              1.344224   data required time
---------------------------------------------------------------------------------------------
                                              1.344224   data required time
                                             -8.011564   data arrival time
---------------------------------------------------------------------------------------------
                                              6.667341   slack (MET)


Startpoint: rstn_i (input port clocked by clk_i)
Endpoint: _378_ (removal check against rising-edge clock clk_i)
Path Group: asynchronous
Path Type: min

Fanout         Cap        Slew       Delay        Time   Description
---------------------------------------------------------------------------------------------
                      0.150000    0.000000    0.000000   clock clk_i (rise edge)
                                  0.000000    0.000000   clock network delay (ideal)
                                  4.000000    4.000000 ^ input external delay
    36    0.257322    7.299897    4.011564    8.011564 ^ rstn_i (in)
                                                         rstn_i (net)
                      7.299897    0.000000    8.011564 ^ _378_/RN (gf180mcu_fd_sc_mcu7t5v0__dffrnq_1)
                                              8.011564   data arrival time

                      0.150000    0.000000    0.000000   clock clk_i (rise edge)
                                  0.000000    0.000000   clock network delay (ideal)
                                  0.250000    0.250000   clock uncertainty
                                  0.000000    0.250000   clock reconvergence pessimism
                                              0.250000 ^ _378_/CLK (gf180mcu_fd_sc_mcu7t5v0__dffrnq_1)
                                  1.094224    1.344224   library removal time
                                              1.344224   data required time
---------------------------------------------------------------------------------------------
                                              1.344224   data required time
                                             -8.011564   data arrival time
---------------------------------------------------------------------------------------------
                                              6.667341   slack (MET)


Startpoint: rstn_i (input port clocked by clk_i)
Endpoint: _379_ (removal check against rising-edge clock clk_i)
Path Group: asynchronous
Path Type: min

Fanout         Cap        Slew       Delay        Time   Description
---------------------------------------------------------------------------------------------
                      0.150000    0.000000    0.000000   clock clk_i (rise edge)
                                  0.000000    0.000000   clock network delay (ideal)
                                  4.000000    4.000000 ^ input external delay
    36    0.257322    7.299897    4.011564    8.011564 ^ rstn_i (in)
                                                         rstn_i (net)
                      7.299897    0.000000    8.011564 ^ _379_/RN (gf180mcu_fd_sc_mcu7t5v0__dffrnq_1)
                                              8.011564   data arrival time

                      0.150000    0.000000    0.000000   clock clk_i (rise edge)
                                  0.000000    0.000000   clock network delay (ideal)
                                  0.250000    0.250000   clock uncertainty
                                  0.000000    0.250000   clock reconvergence pessimism
                                              0.250000 ^ _379_/CLK (gf180mcu_fd_sc_mcu7t5v0__dffrnq_1)
                                  1.094224    1.344224   library removal time
                                              1.344224   data required time
---------------------------------------------------------------------------------------------
                                              1.344224   data required time
                                             -8.011564   data arrival time
---------------------------------------------------------------------------------------------
                                              6.667341   slack (MET)


Startpoint: rstn_i (input port clocked by clk_i)
Endpoint: _380_ (removal check against rising-edge clock clk_i)
Path Group: asynchronous
Path Type: min

Fanout         Cap        Slew       Delay        Time   Description
---------------------------------------------------------------------------------------------
                      0.150000    0.000000    0.000000   clock clk_i (rise edge)
                                  0.000000    0.000000   clock network delay (ideal)
                                  4.000000    4.000000 ^ input external delay
    36    0.257322    7.299897    4.011564    8.011564 ^ rstn_i (in)
                                                         rstn_i (net)
                      7.299897    0.000000    8.011564 ^ _380_/RN (gf180mcu_fd_sc_mcu7t5v0__dffrnq_1)
                                              8.011564   data arrival time

                      0.150000    0.000000    0.000000   clock clk_i (rise edge)
                                  0.000000    0.000000   clock network delay (ideal)
                                  0.250000    0.250000   clock uncertainty
                                  0.000000    0.250000   clock reconvergence pessimism
                                              0.250000 ^ _380_/CLK (gf180mcu_fd_sc_mcu7t5v0__dffrnq_1)
                                  1.094224    1.344224   library removal time
                                              1.344224   data required time
---------------------------------------------------------------------------------------------
                                              1.344224   data required time
                                             -8.011564   data arrival time
---------------------------------------------------------------------------------------------
                                              6.667341   slack (MET)


Startpoint: rstn_i (input port clocked by clk_i)
Endpoint: _381_ (removal check against rising-edge clock clk_i)
Path Group: asynchronous
Path Type: min

Fanout         Cap        Slew       Delay        Time   Description
---------------------------------------------------------------------------------------------
                      0.150000    0.000000    0.000000   clock clk_i (rise edge)
                                  0.000000    0.000000   clock network delay (ideal)
                                  4.000000    4.000000 ^ input external delay
    36    0.257322    7.299897    4.011564    8.011564 ^ rstn_i (in)
                                                         rstn_i (net)
                      7.299897    0.000000    8.011564 ^ _381_/RN (gf180mcu_fd_sc_mcu7t5v0__dffrnq_1)
                                              8.011564   data arrival time

                      0.150000    0.000000    0.000000   clock clk_i (rise edge)
                                  0.000000    0.000000   clock network delay (ideal)
                                  0.250000    0.250000   clock uncertainty
                                  0.000000    0.250000   clock reconvergence pessimism
                                              0.250000 ^ _381_/CLK (gf180mcu_fd_sc_mcu7t5v0__dffrnq_1)
                                  1.094224    1.344224   library removal time
                                              1.344224   data required time
---------------------------------------------------------------------------------------------
                                              1.344224   data required time
                                             -8.011564   data arrival time
---------------------------------------------------------------------------------------------
                                              6.667341   slack (MET)


Startpoint: rstn_i (input port clocked by clk_i)
Endpoint: _382_ (removal check against rising-edge clock clk_i)
Path Group: asynchronous
Path Type: min

Fanout         Cap        Slew       Delay        Time   Description
---------------------------------------------------------------------------------------------
                      0.150000    0.000000    0.000000   clock clk_i (rise edge)
                                  0.000000    0.000000   clock network delay (ideal)
                                  4.000000    4.000000 ^ input external delay
    36    0.257322    7.299897    4.011564    8.011564 ^ rstn_i (in)
                                                         rstn_i (net)
                      7.299897    0.000000    8.011564 ^ _382_/RN (gf180mcu_fd_sc_mcu7t5v0__dffrnq_1)
                                              8.011564   data arrival time

                      0.150000    0.000000    0.000000   clock clk_i (rise edge)
                                  0.000000    0.000000   clock network delay (ideal)
                                  0.250000    0.250000   clock uncertainty
                                  0.000000    0.250000   clock reconvergence pessimism
                                              0.250000 ^ _382_/CLK (gf180mcu_fd_sc_mcu7t5v0__dffrnq_1)
                                  1.094224    1.344224   library removal time
                                              1.344224   data required time
---------------------------------------------------------------------------------------------
                                              1.344224   data required time
                                             -8.011564   data arrival time
---------------------------------------------------------------------------------------------
                                              6.667341   slack (MET)


Startpoint: rstn_i (input port clocked by clk_i)
Endpoint: _383_ (removal check against rising-edge clock clk_i)
Path Group: asynchronous
Path Type: min

Fanout         Cap        Slew       Delay        Time   Description
---------------------------------------------------------------------------------------------
                      0.150000    0.000000    0.000000   clock clk_i (rise edge)
                                  0.000000    0.000000   clock network delay (ideal)
                                  4.000000    4.000000 ^ input external delay
    36    0.257322    7.299897    4.011564    8.011564 ^ rstn_i (in)
                                                         rstn_i (net)
                      7.299897    0.000000    8.011564 ^ _383_/RN (gf180mcu_fd_sc_mcu7t5v0__dffrnq_1)
                                              8.011564   data arrival time

                      0.150000    0.000000    0.000000   clock clk_i (rise edge)
                                  0.000000    0.000000   clock network delay (ideal)
                                  0.250000    0.250000   clock uncertainty
                                  0.000000    0.250000   clock reconvergence pessimism
                                              0.250000 ^ _383_/CLK (gf180mcu_fd_sc_mcu7t5v0__dffrnq_1)
                                  1.094224    1.344224   library removal time
                                              1.344224   data required time
---------------------------------------------------------------------------------------------
                                              1.344224   data required time
                                             -8.011564   data arrival time
---------------------------------------------------------------------------------------------
                                              6.667341   slack (MET)


Startpoint: rstn_i (input port clocked by clk_i)
Endpoint: _384_ (removal check against rising-edge clock clk_i)
Path Group: asynchronous
Path Type: min

Fanout         Cap        Slew       Delay        Time   Description
---------------------------------------------------------------------------------------------
                      0.150000    0.000000    0.000000   clock clk_i (rise edge)
                                  0.000000    0.000000   clock network delay (ideal)
                                  4.000000    4.000000 ^ input external delay
    36    0.257322    7.299897    4.011564    8.011564 ^ rstn_i (in)
                                                         rstn_i (net)
                      7.299897    0.000000    8.011564 ^ _384_/RN (gf180mcu_fd_sc_mcu7t5v0__dffrnq_1)
                                              8.011564   data arrival time

                      0.150000    0.000000    0.000000   clock clk_i (rise edge)
                                  0.000000    0.000000   clock network delay (ideal)
                                  0.250000    0.250000   clock uncertainty
                                  0.000000    0.250000   clock reconvergence pessimism
                                              0.250000 ^ _384_/CLK (gf180mcu_fd_sc_mcu7t5v0__dffrnq_1)
                                  1.094224    1.344224   library removal time
                                              1.344224   data required time
---------------------------------------------------------------------------------------------
                                              1.344224   data required time
                                             -8.011564   data arrival time
---------------------------------------------------------------------------------------------
                                              6.667341   slack (MET)


Startpoint: rstn_i (input port clocked by clk_i)
Endpoint: _385_ (removal check against rising-edge clock clk_i)
Path Group: asynchronous
Path Type: min

Fanout         Cap        Slew       Delay        Time   Description
---------------------------------------------------------------------------------------------
                      0.150000    0.000000    0.000000   clock clk_i (rise edge)
                                  0.000000    0.000000   clock network delay (ideal)
                                  4.000000    4.000000 ^ input external delay
    36    0.257322    7.299897    4.011564    8.011564 ^ rstn_i (in)
                                                         rstn_i (net)
                      7.299897    0.000000    8.011564 ^ _385_/RN (gf180mcu_fd_sc_mcu7t5v0__dffrnq_1)
                                              8.011564   data arrival time

                      0.150000    0.000000    0.000000   clock clk_i (rise edge)
                                  0.000000    0.000000   clock network delay (ideal)
                                  0.250000    0.250000   clock uncertainty
                                  0.000000    0.250000   clock reconvergence pessimism
                                              0.250000 ^ _385_/CLK (gf180mcu_fd_sc_mcu7t5v0__dffrnq_1)
                                  1.094224    1.344224   library removal time
                                              1.344224   data required time
---------------------------------------------------------------------------------------------
                                              1.344224   data required time
                                             -8.011564   data arrival time
---------------------------------------------------------------------------------------------
                                              6.667341   slack (MET)


Startpoint: rstn_i (input port clocked by clk_i)
Endpoint: _386_ (removal check against rising-edge clock clk_i)
Path Group: asynchronous
Path Type: min

Fanout         Cap        Slew       Delay        Time   Description
---------------------------------------------------------------------------------------------
                      0.150000    0.000000    0.000000   clock clk_i (rise edge)
                                  0.000000    0.000000   clock network delay (ideal)
                                  4.000000    4.000000 ^ input external delay
    36    0.257322    7.299897    4.011564    8.011564 ^ rstn_i (in)
                                                         rstn_i (net)
                      7.299897    0.000000    8.011564 ^ _386_/RN (gf180mcu_fd_sc_mcu7t5v0__dffrnq_1)
                                              8.011564   data arrival time

                      0.150000    0.000000    0.000000   clock clk_i (rise edge)
                                  0.000000    0.000000   clock network delay (ideal)
                                  0.250000    0.250000   clock uncertainty
                                  0.000000    0.250000   clock reconvergence pessimism
                                              0.250000 ^ _386_/CLK (gf180mcu_fd_sc_mcu7t5v0__dffrnq_1)
                                  1.094224    1.344224   library removal time
                                              1.344224   data required time
---------------------------------------------------------------------------------------------
                                              1.344224   data required time
                                             -8.011564   data arrival time
---------------------------------------------------------------------------------------------
                                              6.667341   slack (MET)


Startpoint: rstn_i (input port clocked by clk_i)
Endpoint: _387_ (removal check against rising-edge clock clk_i)
Path Group: asynchronous
Path Type: min

Fanout         Cap        Slew       Delay        Time   Description
---------------------------------------------------------------------------------------------
                      0.150000    0.000000    0.000000   clock clk_i (rise edge)
                                  0.000000    0.000000   clock network delay (ideal)
                                  4.000000    4.000000 ^ input external delay
    36    0.257322    7.299897    4.011564    8.011564 ^ rstn_i (in)
                                                         rstn_i (net)
                      7.299897    0.000000    8.011564 ^ _387_/RN (gf180mcu_fd_sc_mcu7t5v0__dffrnq_1)
                                              8.011564   data arrival time

                      0.150000    0.000000    0.000000   clock clk_i (rise edge)
                                  0.000000    0.000000   clock network delay (ideal)
                                  0.250000    0.250000   clock uncertainty
                                  0.000000    0.250000   clock reconvergence pessimism
                                              0.250000 ^ _387_/CLK (gf180mcu_fd_sc_mcu7t5v0__dffrnq_1)
                                  1.094224    1.344224   library removal time
                                              1.344224   data required time
---------------------------------------------------------------------------------------------
                                              1.344224   data required time
                                             -8.011564   data arrival time
---------------------------------------------------------------------------------------------
                                              6.667341   slack (MET)


Startpoint: rstn_i (input port clocked by clk_i)
Endpoint: _388_ (removal check against rising-edge clock clk_i)
Path Group: asynchronous
Path Type: min

Fanout         Cap        Slew       Delay        Time   Description
---------------------------------------------------------------------------------------------
                      0.150000    0.000000    0.000000   clock clk_i (rise edge)
                                  0.000000    0.000000   clock network delay (ideal)
                                  4.000000    4.000000 ^ input external delay
    36    0.257322    7.299897    4.011564    8.011564 ^ rstn_i (in)
                                                         rstn_i (net)
                      7.299897    0.000000    8.011564 ^ _388_/RN (gf180mcu_fd_sc_mcu7t5v0__dffrnq_1)
                                              8.011564   data arrival time

                      0.150000    0.000000    0.000000   clock clk_i (rise edge)
                                  0.000000    0.000000   clock network delay (ideal)
                                  0.250000    0.250000   clock uncertainty
                                  0.000000    0.250000   clock reconvergence pessimism
                                              0.250000 ^ _388_/CLK (gf180mcu_fd_sc_mcu7t5v0__dffrnq_1)
                                  1.094224    1.344224   library removal time
                                              1.344224   data required time
---------------------------------------------------------------------------------------------
                                              1.344224   data required time
                                             -8.011564   data arrival time
---------------------------------------------------------------------------------------------
                                              6.667341   slack (MET)


Startpoint: rstn_i (input port clocked by clk_i)
Endpoint: _389_ (removal check against rising-edge clock clk_i)
Path Group: asynchronous
Path Type: min

Fanout         Cap        Slew       Delay        Time   Description
---------------------------------------------------------------------------------------------
                      0.150000    0.000000    0.000000   clock clk_i (rise edge)
                                  0.000000    0.000000   clock network delay (ideal)
                                  4.000000    4.000000 ^ input external delay
    36    0.257322    7.299897    4.011564    8.011564 ^ rstn_i (in)
                                                         rstn_i (net)
                      7.299897    0.000000    8.011564 ^ _389_/RN (gf180mcu_fd_sc_mcu7t5v0__dffrnq_1)
                                              8.011564   data arrival time

                      0.150000    0.000000    0.000000   clock clk_i (rise edge)
                                  0.000000    0.000000   clock network delay (ideal)
                                  0.250000    0.250000   clock uncertainty
                                  0.000000    0.250000   clock reconvergence pessimism
                                              0.250000 ^ _389_/CLK (gf180mcu_fd_sc_mcu7t5v0__dffrnq_1)
                                  1.094224    1.344224   library removal time
                                              1.344224   data required time
---------------------------------------------------------------------------------------------
                                              1.344224   data required time
                                             -8.011564   data arrival time
---------------------------------------------------------------------------------------------
                                              6.667341   slack (MET)


Startpoint: rstn_i (input port clocked by clk_i)
Endpoint: _390_ (removal check against rising-edge clock clk_i)
Path Group: asynchronous
Path Type: min

Fanout         Cap        Slew       Delay        Time   Description
---------------------------------------------------------------------------------------------
                      0.150000    0.000000    0.000000   clock clk_i (rise edge)
                                  0.000000    0.000000   clock network delay (ideal)
                                  4.000000    4.000000 ^ input external delay
    36    0.257322    7.299897    4.011564    8.011564 ^ rstn_i (in)
                                                         rstn_i (net)
                      7.299897    0.000000    8.011564 ^ _390_/RN (gf180mcu_fd_sc_mcu7t5v0__dffrnq_1)
                                              8.011564   data arrival time

                      0.150000    0.000000    0.000000   clock clk_i (rise edge)
                                  0.000000    0.000000   clock network delay (ideal)
                                  0.250000    0.250000   clock uncertainty
                                  0.000000    0.250000   clock reconvergence pessimism
                                              0.250000 ^ _390_/CLK (gf180mcu_fd_sc_mcu7t5v0__dffrnq_1)
                                  1.094224    1.344224   library removal time
                                              1.344224   data required time
---------------------------------------------------------------------------------------------
                                              1.344224   data required time
                                             -8.011564   data arrival time
---------------------------------------------------------------------------------------------
                                              6.667341   slack (MET)


Startpoint: rstn_i (input port clocked by clk_i)
Endpoint: _391_ (removal check against rising-edge clock clk_i)
Path Group: asynchronous
Path Type: min

Fanout         Cap        Slew       Delay        Time   Description
---------------------------------------------------------------------------------------------
                      0.150000    0.000000    0.000000   clock clk_i (rise edge)
                                  0.000000    0.000000   clock network delay (ideal)
                                  4.000000    4.000000 ^ input external delay
    36    0.257322    7.299897    4.011564    8.011564 ^ rstn_i (in)
                                                         rstn_i (net)
                      7.299897    0.000000    8.011564 ^ _391_/RN (gf180mcu_fd_sc_mcu7t5v0__dffrnq_1)
                                              8.011564   data arrival time

                      0.150000    0.000000    0.000000   clock clk_i (rise edge)
                                  0.000000    0.000000   clock network delay (ideal)
                                  0.250000    0.250000   clock uncertainty
                                  0.000000    0.250000   clock reconvergence pessimism
                                              0.250000 ^ _391_/CLK (gf180mcu_fd_sc_mcu7t5v0__dffrnq_1)
                                  1.094224    1.344224   library removal time
                                              1.344224   data required time
---------------------------------------------------------------------------------------------
                                              1.344224   data required time
                                             -8.011564   data arrival time
---------------------------------------------------------------------------------------------
                                              6.667341   slack (MET)


Startpoint: rstn_i (input port clocked by clk_i)
Endpoint: _392_ (removal check against rising-edge clock clk_i)
Path Group: asynchronous
Path Type: min

Fanout         Cap        Slew       Delay        Time   Description
---------------------------------------------------------------------------------------------
                      0.150000    0.000000    0.000000   clock clk_i (rise edge)
                                  0.000000    0.000000   clock network delay (ideal)
                                  4.000000    4.000000 ^ input external delay
    36    0.257322    7.299897    4.011564    8.011564 ^ rstn_i (in)
                                                         rstn_i (net)
                      7.299897    0.000000    8.011564 ^ _392_/RN (gf180mcu_fd_sc_mcu7t5v0__dffrnq_1)
                                              8.011564   data arrival time

                      0.150000    0.000000    0.000000   clock clk_i (rise edge)
                                  0.000000    0.000000   clock network delay (ideal)
                                  0.250000    0.250000   clock uncertainty
                                  0.000000    0.250000   clock reconvergence pessimism
                                              0.250000 ^ _392_/CLK (gf180mcu_fd_sc_mcu7t5v0__dffrnq_1)
                                  1.094224    1.344224   library removal time
                                              1.344224   data required time
---------------------------------------------------------------------------------------------
                                              1.344224   data required time
                                             -8.011564   data arrival time
---------------------------------------------------------------------------------------------
                                              6.667341   slack (MET)


Startpoint: rstn_i (input port clocked by clk_i)
Endpoint: _393_ (removal check against rising-edge clock clk_i)
Path Group: asynchronous
Path Type: min

Fanout         Cap        Slew       Delay        Time   Description
---------------------------------------------------------------------------------------------
                      0.150000    0.000000    0.000000   clock clk_i (rise edge)
                                  0.000000    0.000000   clock network delay (ideal)
                                  4.000000    4.000000 ^ input external delay
    36    0.257322    7.299897    4.011564    8.011564 ^ rstn_i (in)
                                                         rstn_i (net)
                      7.299897    0.000000    8.011564 ^ _393_/RN (gf180mcu_fd_sc_mcu7t5v0__dffrnq_1)
                                              8.011564   data arrival time

                      0.150000    0.000000    0.000000   clock clk_i (rise edge)
                                  0.000000    0.000000   clock network delay (ideal)
                                  0.250000    0.250000   clock uncertainty
                                  0.000000    0.250000   clock reconvergence pessimism
                                              0.250000 ^ _393_/CLK (gf180mcu_fd_sc_mcu7t5v0__dffrnq_1)
                                  1.094224    1.344224   library removal time
                                              1.344224   data required time
---------------------------------------------------------------------------------------------
                                              1.344224   data required time
                                             -8.011564   data arrival time
---------------------------------------------------------------------------------------------
                                              6.667341   slack (MET)


Startpoint: rstn_i (input port clocked by clk_i)
Endpoint: _394_ (removal check against rising-edge clock clk_i)
Path Group: asynchronous
Path Type: min

Fanout         Cap        Slew       Delay        Time   Description
---------------------------------------------------------------------------------------------
                      0.150000    0.000000    0.000000   clock clk_i (rise edge)
                                  0.000000    0.000000   clock network delay (ideal)
                                  4.000000    4.000000 ^ input external delay
    36    0.257322    7.299897    4.011564    8.011564 ^ rstn_i (in)
                                                         rstn_i (net)
                      7.299897    0.000000    8.011564 ^ _394_/RN (gf180mcu_fd_sc_mcu7t5v0__dffrnq_1)
                                              8.011564   data arrival time

                      0.150000    0.000000    0.000000   clock clk_i (rise edge)
                                  0.000000    0.000000   clock network delay (ideal)
                                  0.250000    0.250000   clock uncertainty
                                  0.000000    0.250000   clock reconvergence pessimism
                                              0.250000 ^ _394_/CLK (gf180mcu_fd_sc_mcu7t5v0__dffrnq_1)
                                  1.094224    1.344224   library removal time
                                              1.344224   data required time
---------------------------------------------------------------------------------------------
                                              1.344224   data required time
                                             -8.011564   data arrival time
---------------------------------------------------------------------------------------------
                                              6.667341   slack (MET)


Startpoint: rstn_i (input port clocked by clk_i)
Endpoint: _395_ (removal check against rising-edge clock clk_i)
Path Group: asynchronous
Path Type: min

Fanout         Cap        Slew       Delay        Time   Description
---------------------------------------------------------------------------------------------
                      0.150000    0.000000    0.000000   clock clk_i (rise edge)
                                  0.000000    0.000000   clock network delay (ideal)
                                  4.000000    4.000000 ^ input external delay
    36    0.257322    7.299897    4.011564    8.011564 ^ rstn_i (in)
                                                         rstn_i (net)
                      7.299897    0.000000    8.011564 ^ _395_/RN (gf180mcu_fd_sc_mcu7t5v0__dffrnq_1)
                                              8.011564   data arrival time

                      0.150000    0.000000    0.000000   clock clk_i (rise edge)
                                  0.000000    0.000000   clock network delay (ideal)
                                  0.250000    0.250000   clock uncertainty
                                  0.000000    0.250000   clock reconvergence pessimism
                                              0.250000 ^ _395_/CLK (gf180mcu_fd_sc_mcu7t5v0__dffrnq_1)
                                  1.094224    1.344224   library removal time
                                              1.344224   data required time
---------------------------------------------------------------------------------------------
                                              1.344224   data required time
                                             -8.011564   data arrival time
---------------------------------------------------------------------------------------------
                                              6.667341   slack (MET)


Startpoint: _363_ (rising edge-triggered flip-flop clocked by clk_i)
Endpoint: rx_valid_o (output port clocked by clk_i)
Path Group: clk_i
Path Type: min

Fanout         Cap        Slew       Delay        Time   Description
---------------------------------------------------------------------------------------------
                      0.150000    0.000000    0.000000   clock clk_i (rise edge)
                                  0.000000    0.000000   clock network delay (ideal)
                      0.150000    0.000000    0.000000 ^ _363_/CLK (gf180mcu_fd_sc_mcu7t5v0__dffrnq_1)
     4    0.018287    0.672017    1.913598    1.913598 ^ _363_/Q (gf180mcu_fd_sc_mcu7t5v0__dffrnq_1)
                                                         r_error_parity (net)
                      0.672017    0.000000    1.913598 ^ _255_/A1 (gf180mcu_fd_sc_mcu7t5v0__nor2_1)
     2    0.075701    1.859805    1.278516    3.192115 v _255_/ZN (gf180mcu_fd_sc_mcu7t5v0__nor2_1)
                                                         rx_valid_o (net)
                      1.859805    0.000000    3.192115 v rx_valid_o (out)
                                              3.192115   data arrival time

                      0.150000    0.000000    0.000000   clock clk_i (rise edge)
                                  0.000000    0.000000   clock network delay (ideal)
                                  0.250000    0.250000   clock uncertainty
                                  0.000000    0.250000   clock reconvergence pessimism
                                 -4.000000   -3.750000   output external delay
                                             -3.750000   data required time
---------------------------------------------------------------------------------------------
                                             -3.750000   data required time
                                             -3.192115   data arrival time
---------------------------------------------------------------------------------------------
                                              6.942115   slack (MET)


Startpoint: _363_ (rising edge-triggered flip-flop clocked by clk_i)
Endpoint: err_overflow_o (output port clocked by clk_i)
Path Group: clk_i
Path Type: min

Fanout         Cap        Slew       Delay        Time   Description
---------------------------------------------------------------------------------------------
                      0.150000    0.000000    0.000000   clock clk_i (rise edge)
                                  0.000000    0.000000   clock network delay (ideal)
                      0.150000    0.000000    0.000000 ^ _363_/CLK (gf180mcu_fd_sc_mcu7t5v0__dffrnq_1)
     4    0.018287    0.672017    1.913598    1.913598 ^ _363_/Q (gf180mcu_fd_sc_mcu7t5v0__dffrnq_1)
                                                         r_error_parity (net)
                      0.672017    0.000000    1.913598 ^ _257_/A1 (gf180mcu_fd_sc_mcu7t5v0__nor3_1)
     1    0.072910    2.167309    1.462307    3.375906 v _257_/ZN (gf180mcu_fd_sc_mcu7t5v0__nor3_1)
                                                         err_overflow_o (net)
                      2.167309    0.000000    3.375906 v err_overflow_o (out)
                                              3.375906   data arrival time

                      0.150000    0.000000    0.000000   clock clk_i (rise edge)
                                  0.000000    0.000000   clock network delay (ideal)
                                  0.250000    0.250000   clock uncertainty
                                  0.000000    0.250000   clock reconvergence pessimism
                                 -4.000000   -3.750000   output external delay
                                             -3.750000   data required time
---------------------------------------------------------------------------------------------
                                             -3.750000   data required time
                                             -3.375906   data arrival time
---------------------------------------------------------------------------------------------
                                              7.125906   slack (MET)


Startpoint: _366_ (rising edge-triggered flip-flop clocked by clk_i)
Endpoint: busy_o (output port clocked by clk_i)
Path Group: clk_i
Path Type: min

Fanout         Cap        Slew       Delay        Time   Description
---------------------------------------------------------------------------------------------
                      0.150000    0.000000    0.000000   clock clk_i (rise edge)
                                  0.000000    0.000000   clock network delay (ideal)
                      0.150000    0.000000    0.000000 ^ _366_/CLK (gf180mcu_fd_sc_mcu7t5v0__dffrnq_1)
     5    0.025733    0.513581    1.516921    1.516921 v _366_/Q (gf180mcu_fd_sc_mcu7t5v0__dffrnq_1)
                                                         CS[2] (net)
                      0.513581    0.000000    1.516921 v _181_/I (gf180mcu_fd_sc_mcu7t5v0__clkinv_1)
     5    0.022346    0.714571    0.557218    2.074139 ^ _181_/ZN (gf180mcu_fd_sc_mcu7t5v0__clkinv_1)
                                                         _039_ (net)
                      0.714571    0.000000    2.074139 ^ _202_/A1 (gf180mcu_fd_sc_mcu7t5v0__nand2_1)
     3    0.082902    2.294936    1.491880    3.566019 v _202_/ZN (gf180mcu_fd_sc_mcu7t5v0__nand2_1)
                                                         busy_o (net)
                      2.294936    0.000000    3.566019 v busy_o (out)
                                              3.566019   data arrival time

                      0.150000    0.000000    0.000000   clock clk_i (rise edge)
                                  0.000000    0.000000   clock network delay (ideal)
                                  0.250000    0.250000   clock uncertainty
                                  0.000000    0.250000   clock reconvergence pessimism
                                 -4.000000   -3.750000   output external delay
                                             -3.750000   data required time
---------------------------------------------------------------------------------------------
                                             -3.750000   data required time
                                             -3.566019   data arrival time
---------------------------------------------------------------------------------------------
                                              7.316019   slack (MET)


Startpoint: rstn_i (input port clocked by clk_i)
Endpoint: _367_ (removal check against rising-edge clock clk_i)
Path Group: asynchronous
Path Type: min

Fanout         Cap        Slew       Delay        Time   Description
---------------------------------------------------------------------------------------------
                      0.150000    0.000000    0.000000   clock clk_i (rise edge)
                                  0.000000    0.000000   clock network delay (ideal)
                                  4.000000    4.000000 ^ input external delay
    36    0.257322    7.299897    4.011564    8.011564 ^ rstn_i (in)
                                                         rstn_i (net)
                      7.299897    0.000000    8.011564 ^ _367_/SETN (gf180mcu_fd_sc_mcu7t5v0__dffsnq_1)
                                              8.011564   data arrival time

                      0.150000    0.000000    0.000000   clock clk_i (rise edge)
                                  0.000000    0.000000   clock network delay (ideal)
                                  0.250000    0.250000   clock uncertainty
                                  0.000000    0.250000   clock reconvergence pessimism
                                              0.250000 ^ _367_/CLK (gf180mcu_fd_sc_mcu7t5v0__dffsnq_1)
                                 -0.113259    0.136741   library removal time
                                              0.136741   data required time
---------------------------------------------------------------------------------------------
                                              0.136741   data required time
                                             -8.011564   data arrival time
---------------------------------------------------------------------------------------------
                                              7.874823   slack (MET)


Startpoint: rstn_i (input port clocked by clk_i)
Endpoint: _368_ (removal check against rising-edge clock clk_i)
Path Group: asynchronous
Path Type: min

Fanout         Cap        Slew       Delay        Time   Description
---------------------------------------------------------------------------------------------
                      0.150000    0.000000    0.000000   clock clk_i (rise edge)
                                  0.000000    0.000000   clock network delay (ideal)
                                  4.000000    4.000000 ^ input external delay
    36    0.257322    7.299897    4.011564    8.011564 ^ rstn_i (in)
                                                         rstn_i (net)
                      7.299897    0.000000    8.011564 ^ _368_/SETN (gf180mcu_fd_sc_mcu7t5v0__dffsnq_1)
                                              8.011564   data arrival time

                      0.150000    0.000000    0.000000   clock clk_i (rise edge)
                                  0.000000    0.000000   clock network delay (ideal)
                                  0.250000    0.250000   clock uncertainty
                                  0.000000    0.250000   clock reconvergence pessimism
                                              0.250000 ^ _368_/CLK (gf180mcu_fd_sc_mcu7t5v0__dffsnq_1)
                                 -0.113259    0.136741   library removal time
                                              0.136741   data required time
---------------------------------------------------------------------------------------------
                                              0.136741   data required time
                                             -8.011564   data arrival time
---------------------------------------------------------------------------------------------
                                              7.874823   slack (MET)


Startpoint: rstn_i (input port clocked by clk_i)
Endpoint: _369_ (removal check against rising-edge clock clk_i)
Path Group: asynchronous
Path Type: min

Fanout         Cap        Slew       Delay        Time   Description
---------------------------------------------------------------------------------------------
                      0.150000    0.000000    0.000000   clock clk_i (rise edge)
                                  0.000000    0.000000   clock network delay (ideal)
                                  4.000000    4.000000 ^ input external delay
    36    0.257322    7.299897    4.011564    8.011564 ^ rstn_i (in)
                                                         rstn_i (net)
                      7.299897    0.000000    8.011564 ^ _369_/SETN (gf180mcu_fd_sc_mcu7t5v0__dffsnq_1)
                                              8.011564   data arrival time

                      0.150000    0.000000    0.000000   clock clk_i (rise edge)
                                  0.000000    0.000000   clock network delay (ideal)
                                  0.250000    0.250000   clock uncertainty
                                  0.000000    0.250000   clock reconvergence pessimism
                                              0.250000 ^ _369_/CLK (gf180mcu_fd_sc_mcu7t5v0__dffsnq_1)
                                 -0.113259    0.136741   library removal time
                                              0.136741   data required time
---------------------------------------------------------------------------------------------
                                              0.136741   data required time
                                             -8.011564   data arrival time
---------------------------------------------------------------------------------------------
                                              7.874823   slack (MET)


Startpoint: rstn_i (input port clocked by clk_i)
Endpoint: _370_ (removal check against rising-edge clock clk_i)
Path Group: asynchronous
Path Type: min

Fanout         Cap        Slew       Delay        Time   Description
---------------------------------------------------------------------------------------------
                      0.150000    0.000000    0.000000   clock clk_i (rise edge)
                                  0.000000    0.000000   clock network delay (ideal)
                                  4.000000    4.000000 ^ input external delay
    36    0.257322    7.299897    4.011564    8.011564 ^ rstn_i (in)
                                                         rstn_i (net)
                      7.299897    0.000000    8.011564 ^ _370_/SETN (gf180mcu_fd_sc_mcu7t5v0__dffsnq_1)
                                              8.011564   data arrival time

                      0.150000    0.000000    0.000000   clock clk_i (rise edge)
                                  0.000000    0.000000   clock network delay (ideal)
                                  0.250000    0.250000   clock uncertainty
                                  0.000000    0.250000   clock reconvergence pessimism
                                              0.250000 ^ _370_/CLK (gf180mcu_fd_sc_mcu7t5v0__dffsnq_1)
                                 -0.113259    0.136741   library removal time
                                              0.136741   data required time
---------------------------------------------------------------------------------------------
                                              0.136741   data required time
                                             -8.011564   data arrival time
---------------------------------------------------------------------------------------------
                                              7.874823   slack (MET)


Startpoint: rstn_i (input port clocked by clk_i)
Endpoint: _371_ (removal check against rising-edge clock clk_i)
Path Group: asynchronous
Path Type: min

Fanout         Cap        Slew       Delay        Time   Description
---------------------------------------------------------------------------------------------
                      0.150000    0.000000    0.000000   clock clk_i (rise edge)
                                  0.000000    0.000000   clock network delay (ideal)
                                  4.000000    4.000000 ^ input external delay
    36    0.257322    7.299897    4.011564    8.011564 ^ rstn_i (in)
                                                         rstn_i (net)
                      7.299897    0.000000    8.011564 ^ _371_/SETN (gf180mcu_fd_sc_mcu7t5v0__dffsnq_1)
                                              8.011564   data arrival time

                      0.150000    0.000000    0.000000   clock clk_i (rise edge)
                                  0.000000    0.000000   clock network delay (ideal)
                                  0.250000    0.250000   clock uncertainty
                                  0.000000    0.250000   clock reconvergence pessimism
                                              0.250000 ^ _371_/CLK (gf180mcu_fd_sc_mcu7t5v0__dffsnq_1)
                                 -0.113259    0.136741   library removal time
                                              0.136741   data required time
---------------------------------------------------------------------------------------------
                                              0.136741   data required time
                                             -8.011564   data arrival time
---------------------------------------------------------------------------------------------
                                              7.874823   slack (MET)


Startpoint: rstn_i (input port clocked by clk_i)
Endpoint: _372_ (removal check against rising-edge clock clk_i)
Path Group: asynchronous
Path Type: min

Fanout         Cap        Slew       Delay        Time   Description
---------------------------------------------------------------------------------------------
                      0.150000    0.000000    0.000000   clock clk_i (rise edge)
                                  0.000000    0.000000   clock network delay (ideal)
                                  4.000000    4.000000 ^ input external delay
    36    0.257322    7.299897    4.011564    8.011564 ^ rstn_i (in)
                                                         rstn_i (net)
                      7.299897    0.000000    8.011564 ^ _372_/SETN (gf180mcu_fd_sc_mcu7t5v0__dffsnq_1)
                                              8.011564   data arrival time

                      0.150000    0.000000    0.000000   clock clk_i (rise edge)
                                  0.000000    0.000000   clock network delay (ideal)
                                  0.250000    0.250000   clock uncertainty
                                  0.000000    0.250000   clock reconvergence pessimism
                                              0.250000 ^ _372_/CLK (gf180mcu_fd_sc_mcu7t5v0__dffsnq_1)
                                 -0.113259    0.136741   library removal time
                                              0.136741   data required time
---------------------------------------------------------------------------------------------
                                              0.136741   data required time
                                             -8.011564   data arrival time
---------------------------------------------------------------------------------------------
                                              7.874823   slack (MET)


Startpoint: rstn_i (input port clocked by clk_i)
Endpoint: _373_ (removal check against rising-edge clock clk_i)
Path Group: asynchronous
Path Type: min

Fanout         Cap        Slew       Delay        Time   Description
---------------------------------------------------------------------------------------------
                      0.150000    0.000000    0.000000   clock clk_i (rise edge)
                                  0.000000    0.000000   clock network delay (ideal)
                                  4.000000    4.000000 ^ input external delay
    36    0.257322    7.299897    4.011564    8.011564 ^ rstn_i (in)
                                                         rstn_i (net)
                      7.299897    0.000000    8.011564 ^ _373_/SETN (gf180mcu_fd_sc_mcu7t5v0__dffsnq_1)
                                              8.011564   data arrival time

                      0.150000    0.000000    0.000000   clock clk_i (rise edge)
                                  0.000000    0.000000   clock network delay (ideal)
                                  0.250000    0.250000   clock uncertainty
                                  0.000000    0.250000   clock reconvergence pessimism
                                              0.250000 ^ _373_/CLK (gf180mcu_fd_sc_mcu7t5v0__dffsnq_1)
                                 -0.113259    0.136741   library removal time
                                              0.136741   data required time
---------------------------------------------------------------------------------------------
                                              0.136741   data required time
                                             -8.011564   data arrival time
---------------------------------------------------------------------------------------------
                                              7.874823   slack (MET)


Startpoint: rstn_i (input port clocked by clk_i)
Endpoint: _374_ (removal check against rising-edge clock clk_i)
Path Group: asynchronous
Path Type: min

Fanout         Cap        Slew       Delay        Time   Description
---------------------------------------------------------------------------------------------
                      0.150000    0.000000    0.000000   clock clk_i (rise edge)
                                  0.000000    0.000000   clock network delay (ideal)
                                  4.000000    4.000000 ^ input external delay
    36    0.257322    7.299897    4.011564    8.011564 ^ rstn_i (in)
                                                         rstn_i (net)
                      7.299897    0.000000    8.011564 ^ _374_/SETN (gf180mcu_fd_sc_mcu7t5v0__dffsnq_1)
                                              8.011564   data arrival time

                      0.150000    0.000000    0.000000   clock clk_i (rise edge)
                                  0.000000    0.000000   clock network delay (ideal)
                                  0.250000    0.250000   clock uncertainty
                                  0.000000    0.250000   clock reconvergence pessimism
                                              0.250000 ^ _374_/CLK (gf180mcu_fd_sc_mcu7t5v0__dffsnq_1)
                                 -0.113259    0.136741   library removal time
                                              0.136741   data required time
---------------------------------------------------------------------------------------------
                                              0.136741   data required time
                                             -8.011564   data arrival time
---------------------------------------------------------------------------------------------
                                              7.874823   slack (MET)


Startpoint: rstn_i (input port clocked by clk_i)
Endpoint: _396_ (removal check against rising-edge clock clk_i)
Path Group: asynchronous
Path Type: min

Fanout         Cap        Slew       Delay        Time   Description
---------------------------------------------------------------------------------------------
                      0.150000    0.000000    0.000000   clock clk_i (rise edge)
                                  0.000000    0.000000   clock network delay (ideal)
                                  4.000000    4.000000 ^ input external delay
    36    0.257322    7.299897    4.011564    8.011564 ^ rstn_i (in)
                                                         rstn_i (net)
                      7.299897    0.000000    8.011564 ^ _396_/SETN (gf180mcu_fd_sc_mcu7t5v0__dffsnq_1)
                                              8.011564   data arrival time

                      0.150000    0.000000    0.000000   clock clk_i (rise edge)
                                  0.000000    0.000000   clock network delay (ideal)
                                  0.250000    0.250000   clock uncertainty
                                  0.000000    0.250000   clock reconvergence pessimism
                                              0.250000 ^ _396_/CLK (gf180mcu_fd_sc_mcu7t5v0__dffsnq_1)
                                 -0.113259    0.136741   library removal time
                                              0.136741   data required time
---------------------------------------------------------------------------------------------
                                              0.136741   data required time
                                             -8.011564   data arrival time
---------------------------------------------------------------------------------------------
                                              7.874823   slack (MET)


Startpoint: rstn_i (input port clocked by clk_i)
Endpoint: _397_ (removal check against rising-edge clock clk_i)
Path Group: asynchronous
Path Type: min

Fanout         Cap        Slew       Delay        Time   Description
---------------------------------------------------------------------------------------------
                      0.150000    0.000000    0.000000   clock clk_i (rise edge)
                                  0.000000    0.000000   clock network delay (ideal)
                                  4.000000    4.000000 ^ input external delay
    36    0.257322    7.299897    4.011564    8.011564 ^ rstn_i (in)
                                                         rstn_i (net)
                      7.299897    0.000000    8.011564 ^ _397_/SETN (gf180mcu_fd_sc_mcu7t5v0__dffsnq_1)
                                              8.011564   data arrival time

                      0.150000    0.000000    0.000000   clock clk_i (rise edge)
                                  0.000000    0.000000   clock network delay (ideal)
                                  0.250000    0.250000   clock uncertainty
                                  0.000000    0.250000   clock reconvergence pessimism
                                              0.250000 ^ _397_/CLK (gf180mcu_fd_sc_mcu7t5v0__dffsnq_1)
                                 -0.113259    0.136741   library removal time
                                              0.136741   data required time
---------------------------------------------------------------------------------------------
                                              0.136741   data required time
                                             -8.011564   data arrival time
---------------------------------------------------------------------------------------------
                                              7.874823   slack (MET)


Startpoint: rstn_i (input port clocked by clk_i)
Endpoint: _398_ (removal check against rising-edge clock clk_i)
Path Group: asynchronous
Path Type: min

Fanout         Cap        Slew       Delay        Time   Description
---------------------------------------------------------------------------------------------
                      0.150000    0.000000    0.000000   clock clk_i (rise edge)
                                  0.000000    0.000000   clock network delay (ideal)
                                  4.000000    4.000000 ^ input external delay
    36    0.257322    7.299897    4.011564    8.011564 ^ rstn_i (in)
                                                         rstn_i (net)
                      7.299897    0.000000    8.011564 ^ _398_/SETN (gf180mcu_fd_sc_mcu7t5v0__dffsnq_1)
                                              8.011564   data arrival time

                      0.150000    0.000000    0.000000   clock clk_i (rise edge)
                                  0.000000    0.000000   clock network delay (ideal)
                                  0.250000    0.250000   clock uncertainty
                                  0.000000    0.250000   clock reconvergence pessimism
                                              0.250000 ^ _398_/CLK (gf180mcu_fd_sc_mcu7t5v0__dffsnq_1)
                                 -0.113259    0.136741   library removal time
                                              0.136741   data required time
---------------------------------------------------------------------------------------------
                                              0.136741   data required time
                                             -8.011564   data arrival time
---------------------------------------------------------------------------------------------
                                              7.874823   slack (MET)


Startpoint: _363_ (rising edge-triggered flip-flop clocked by clk_i)
Endpoint: char_event_o (output port clocked by clk_i)
Path Group: clk_i
Path Type: min

Fanout         Cap        Slew       Delay        Time   Description
---------------------------------------------------------------------------------------------
                      0.150000    0.000000    0.000000   clock clk_i (rise edge)
                                  0.000000    0.000000   clock network delay (ideal)
                      0.150000    0.000000    0.000000 ^ _363_/CLK (gf180mcu_fd_sc_mcu7t5v0__dffrnq_1)
     4    0.018287    0.672017    1.913598    1.913598 ^ _363_/Q (gf180mcu_fd_sc_mcu7t5v0__dffrnq_1)
                                                         r_error_parity (net)
                      0.672017    0.000000    1.913598 ^ _255_/A1 (gf180mcu_fd_sc_mcu7t5v0__nor2_1)
     2    0.075701    1.859805    1.278516    3.192115 v _255_/ZN (gf180mcu_fd_sc_mcu7t5v0__nor2_1)
                                                         rx_valid_o (net)
                      1.859805    0.000000    3.192115 v _256_/A2 (gf180mcu_fd_sc_mcu7t5v0__and2_1)
     1    0.072910    1.263862    1.672925    4.865040 v _256_/Z (gf180mcu_fd_sc_mcu7t5v0__and2_1)
                                                         char_event_o (net)
                      1.263862    0.000000    4.865040 v char_event_o (out)
                                              4.865040   data arrival time

                      0.150000    0.000000    0.000000   clock clk_i (rise edge)
                                  0.000000    0.000000   clock network delay (ideal)
                                  0.250000    0.250000   clock uncertainty
                                  0.000000    0.250000   clock reconvergence pessimism
                                 -4.000000   -3.750000   output external delay
                                             -3.750000   data required time
---------------------------------------------------------------------------------------------
                                             -3.750000   data required time
                                             -4.865040   data arrival time
---------------------------------------------------------------------------------------------
                                              8.615040   slack (MET)



%OL_END_REPORT
%OL_CREATE_REPORT max.rpt

===========================================================================
report_checks -path_delay max (Setup)
============================================================================
======================= nom_ss_125C_4v50 Corner ===================================

Startpoint: rx_ready_i (input port clocked by clk_i)
Endpoint: err_overflow_o (output port clocked by clk_i)
Path Group: clk_i
Path Type: max

Fanout         Cap        Slew       Delay        Time   Description
---------------------------------------------------------------------------------------------
                      0.150000    0.000000    0.000000   clock clk_i (rise edge)
                                  0.000000    0.000000   clock network delay (ideal)
                                  4.000000    4.000000 v input external delay
     2    0.006834    0.161494    0.066982    4.066982 v rx_ready_i (in)
                                                         rx_ready_i (net)
                      0.161494    0.000000    4.066982 v _257_/A2 (gf180mcu_fd_sc_mcu7t5v0__nor3_1)
     1    0.072910    6.246789    3.603873    7.670855 ^ _257_/ZN (gf180mcu_fd_sc_mcu7t5v0__nor3_1)
                                                         err_overflow_o (net)
                      6.246789    0.000000    7.670855 ^ err_overflow_o (out)
                                              7.670855   data arrival time

                      0.150000   20.000000   20.000000   clock clk_i (rise edge)
                                  0.000000   20.000000   clock network delay (ideal)
                                 -0.250000   19.750002   clock uncertainty
                                  0.000000   19.750002   clock reconvergence pessimism
                                 -4.000000   15.750001   output external delay
                                             15.750001   data required time
---------------------------------------------------------------------------------------------
                                             15.750001   data required time
                                             -7.670855   data arrival time
---------------------------------------------------------------------------------------------
                                              8.079145   slack (MET)


Startpoint: _365_ (rising edge-triggered flip-flop clocked by clk_i)
Endpoint: char_event_o (output port clocked by clk_i)
Path Group: clk_i
Path Type: max

Fanout         Cap        Slew       Delay        Time   Description
---------------------------------------------------------------------------------------------
                      0.150000    0.000000    0.000000   clock clk_i (rise edge)
                                  0.000000    0.000000   clock network delay (ideal)
                      0.150000    0.000000    0.000000 ^ _365_/CLK (gf180mcu_fd_sc_mcu7t5v0__dffrnq_1)
     7    0.033682    0.633061    1.597628    1.597628 v _365_/Q (gf180mcu_fd_sc_mcu7t5v0__dffrnq_1)
                                                         CS[1] (net)
                      0.633061    0.000000    1.597628 v _201_/A1 (gf180mcu_fd_sc_mcu7t5v0__nor2_1)
     4    0.020673    1.335370    0.918329    2.515957 ^ _201_/ZN (gf180mcu_fd_sc_mcu7t5v0__nor2_1)
                                                         _059_ (net)
                      1.335370    0.000000    2.515957 ^ _254_/A3 (gf180mcu_fd_sc_mcu7t5v0__nand3_1)
     3    0.012835    0.769445    0.498159    3.014116 v _254_/ZN (gf180mcu_fd_sc_mcu7t5v0__nand3_1)
                                                         _110_ (net)
                      0.769445    0.000000    3.014116 v _255_/A2 (gf180mcu_fd_sc_mcu7t5v0__nor2_1)
     2    0.075701    4.299299    2.585691    5.599807 ^ _255_/ZN (gf180mcu_fd_sc_mcu7t5v0__nor2_1)
                                                         rx_valid_o (net)
                      4.299299    0.000000    5.599807 ^ _256_/A2 (gf180mcu_fd_sc_mcu7t5v0__and2_1)
     1    0.072910    2.177785    1.742708    7.342515 ^ _256_/Z (gf180mcu_fd_sc_mcu7t5v0__and2_1)
                                                         char_event_o (net)
                      2.177785    0.000000    7.342515 ^ char_event_o (out)
                                              7.342515   data arrival time

                      0.150000   20.000000   20.000000   clock clk_i (rise edge)
                                  0.000000   20.000000   clock network delay (ideal)
                                 -0.250000   19.750002   clock uncertainty
                                  0.000000   19.750002   clock reconvergence pessimism
                                 -4.000000   15.750001   output external delay
                                             15.750001   data required time
---------------------------------------------------------------------------------------------
                                             15.750001   data required time
                                             -7.342515   data arrival time
---------------------------------------------------------------------------------------------
                                              8.407486   slack (MET)


Startpoint: cfg_div_i[10] (input port clocked by clk_i)
Endpoint: _394_ (rising edge-triggered flip-flop clocked by clk_i)
Path Group: clk_i
Path Type: max

Fanout         Cap        Slew       Delay        Time   Description
---------------------------------------------------------------------------------------------
                      0.150000    0.000000    0.000000   clock clk_i (rise edge)
                                  0.000000    0.000000   clock network delay (ideal)
                                  4.000000    4.000000 v input external delay
     3    0.016798    0.324846    0.163539    4.163538 v cfg_div_i[10] (in)
                                                         cfg_div_i[10] (net)
                      0.324846    0.000000    4.163538 v _216_/A1 (gf180mcu_fd_sc_mcu7t5v0__xor2_1)
     1    0.003944    0.373827    0.859624    5.023163 v _216_/Z (gf180mcu_fd_sc_mcu7t5v0__xor2_1)
                                                         _073_ (net)
                      0.373827    0.000000    5.023163 v _224_/A4 (gf180mcu_fd_sc_mcu7t5v0__nor4_1)
     1    0.004240    1.066475    0.842570    5.865733 ^ _224_/ZN (gf180mcu_fd_sc_mcu7t5v0__nor4_1)
                                                         _081_ (net)
                      1.066475    0.000000    5.865733 ^ _226_/A2 (gf180mcu_fd_sc_mcu7t5v0__nand3_1)
     1    0.002788    0.434691    0.291701    6.157434 v _226_/ZN (gf180mcu_fd_sc_mcu7t5v0__nand3_1)
                                                         _083_ (net)
                      0.434691    0.000000    6.157434 v _229_/A3 (gf180mcu_fd_sc_mcu7t5v0__or4_1)
     2    0.007300    0.573918    1.673530    7.830964 v _229_/Z (gf180mcu_fd_sc_mcu7t5v0__or4_1)
                                                         _086_ (net)
                      0.573918    0.000000    7.830964 v _259_/A1 (gf180mcu_fd_sc_mcu7t5v0__nand3_1)
    15    0.065607    2.600499    1.569291    9.400254 ^ _259_/ZN (gf180mcu_fd_sc_mcu7t5v0__nand3_1)
                                                         _111_ (net)
                      2.600499    0.000000    9.400254 ^ _305_/C (gf180mcu_fd_sc_mcu7t5v0__aoi211_1)
     1    0.003014    1.028627    0.621228   10.021482 v _305_/ZN (gf180mcu_fd_sc_mcu7t5v0__aoi211_1)
                                                         _006_ (net)
                      1.028627    0.000000   10.021482 v _394_/D (gf180mcu_fd_sc_mcu7t5v0__dffrnq_1)
                                             10.021482   data arrival time

                      0.150000   20.000000   20.000000   clock clk_i (rise edge)
                                  0.000000   20.000000   clock network delay (ideal)
                                 -0.250000   19.750002   clock uncertainty
                                  0.000000   19.750002   clock reconvergence pessimism
                                             19.750002 ^ _394_/CLK (gf180mcu_fd_sc_mcu7t5v0__dffrnq_1)
                                 -0.504716   19.245285   library setup time
                                             19.245285   data required time
---------------------------------------------------------------------------------------------
                                             19.245285   data required time
                                            -10.021482   data arrival time
---------------------------------------------------------------------------------------------
                                              9.223804   slack (MET)


Startpoint: rstn_i (input port clocked by clk_i)
Endpoint: _363_ (recovery check against rising-edge clock clk_i)
Path Group: asynchronous
Path Type: max

Fanout         Cap        Slew       Delay        Time   Description
---------------------------------------------------------------------------------------------
                      0.150000    0.000000    0.000000   clock clk_i (rise edge)
                                  0.000000    0.000000   clock network delay (ideal)
                                  4.000000    4.000000 ^ input external delay
    36    0.257322    7.299897    4.011564    8.011564 ^ rstn_i (in)
                                                         rstn_i (net)
                      7.299897    0.000000    8.011564 ^ _363_/RN (gf180mcu_fd_sc_mcu7t5v0__dffrnq_1)
                                              8.011564   data arrival time

                      0.150000   20.000000   20.000000   clock clk_i (rise edge)
                                  0.000000   20.000000   clock network delay (ideal)
                                 -0.250000   19.750002   clock uncertainty
                                  0.000000   19.750002   clock reconvergence pessimism
                                             19.750002 ^ _363_/CLK (gf180mcu_fd_sc_mcu7t5v0__dffrnq_1)
                                 -2.120235   17.629766   library recovery time
                                             17.629766   data required time
---------------------------------------------------------------------------------------------
                                             17.629766   data required time
                                             -8.011564   data arrival time
---------------------------------------------------------------------------------------------
                                              9.618202   slack (MET)


Startpoint: rstn_i (input port clocked by clk_i)
Endpoint: _364_ (recovery check against rising-edge clock clk_i)
Path Group: asynchronous
Path Type: max

Fanout         Cap        Slew       Delay        Time   Description
---------------------------------------------------------------------------------------------
                      0.150000    0.000000    0.000000   clock clk_i (rise edge)
                                  0.000000    0.000000   clock network delay (ideal)
                                  4.000000    4.000000 ^ input external delay
    36    0.257322    7.299897    4.011564    8.011564 ^ rstn_i (in)
                                                         rstn_i (net)
                      7.299897    0.000000    8.011564 ^ _364_/RN (gf180mcu_fd_sc_mcu7t5v0__dffrnq_1)
                                              8.011564   data arrival time

                      0.150000   20.000000   20.000000   clock clk_i (rise edge)
                                  0.000000   20.000000   clock network delay (ideal)
                                 -0.250000   19.750002   clock uncertainty
                                  0.000000   19.750002   clock reconvergence pessimism
                                             19.750002 ^ _364_/CLK (gf180mcu_fd_sc_mcu7t5v0__dffrnq_1)
                                 -2.120235   17.629766   library recovery time
                                             17.629766   data required time
---------------------------------------------------------------------------------------------
                                             17.629766   data required time
                                             -8.011564   data arrival time
---------------------------------------------------------------------------------------------
                                              9.618202   slack (MET)


Startpoint: rstn_i (input port clocked by clk_i)
Endpoint: _365_ (recovery check against rising-edge clock clk_i)
Path Group: asynchronous
Path Type: max

Fanout         Cap        Slew       Delay        Time   Description
---------------------------------------------------------------------------------------------
                      0.150000    0.000000    0.000000   clock clk_i (rise edge)
                                  0.000000    0.000000   clock network delay (ideal)
                                  4.000000    4.000000 ^ input external delay
    36    0.257322    7.299897    4.011564    8.011564 ^ rstn_i (in)
                                                         rstn_i (net)
                      7.299897    0.000000    8.011564 ^ _365_/RN (gf180mcu_fd_sc_mcu7t5v0__dffrnq_1)
                                              8.011564   data arrival time

                      0.150000   20.000000   20.000000   clock clk_i (rise edge)
                                  0.000000   20.000000   clock network delay (ideal)
                                 -0.250000   19.750002   clock uncertainty
                                  0.000000   19.750002   clock reconvergence pessimism
                                             19.750002 ^ _365_/CLK (gf180mcu_fd_sc_mcu7t5v0__dffrnq_1)
                                 -2.120235   17.629766   library recovery time
                                             17.629766   data required time
---------------------------------------------------------------------------------------------
                                             17.629766   data required time
                                             -8.011564   data arrival time
---------------------------------------------------------------------------------------------
                                              9.618202   slack (MET)


Startpoint: rstn_i (input port clocked by clk_i)
Endpoint: _366_ (recovery check against rising-edge clock clk_i)
Path Group: asynchronous
Path Type: max

Fanout         Cap        Slew       Delay        Time   Description
---------------------------------------------------------------------------------------------
                      0.150000    0.000000    0.000000   clock clk_i (rise edge)
                                  0.000000    0.000000   clock network delay (ideal)
                                  4.000000    4.000000 ^ input external delay
    36    0.257322    7.299897    4.011564    8.011564 ^ rstn_i (in)
                                                         rstn_i (net)
                      7.299897    0.000000    8.011564 ^ _366_/RN (gf180mcu_fd_sc_mcu7t5v0__dffrnq_1)
                                              8.011564   data arrival time

                      0.150000   20.000000   20.000000   clock clk_i (rise edge)
                                  0.000000   20.000000   clock network delay (ideal)
                                 -0.250000   19.750002   clock uncertainty
                                  0.000000   19.750002   clock reconvergence pessimism
                                             19.750002 ^ _366_/CLK (gf180mcu_fd_sc_mcu7t5v0__dffrnq_1)
                                 -2.120235   17.629766   library recovery time
                                             17.629766   data required time
---------------------------------------------------------------------------------------------
                                             17.629766   data required time
                                             -8.011564   data arrival time
---------------------------------------------------------------------------------------------
                                              9.618202   slack (MET)


Startpoint: rstn_i (input port clocked by clk_i)
Endpoint: _375_ (recovery check against rising-edge clock clk_i)
Path Group: asynchronous
Path Type: max

Fanout         Cap        Slew       Delay        Time   Description
---------------------------------------------------------------------------------------------
                      0.150000    0.000000    0.000000   clock clk_i (rise edge)
                                  0.000000    0.000000   clock network delay (ideal)
                                  4.000000    4.000000 ^ input external delay
    36    0.257322    7.299897    4.011564    8.011564 ^ rstn_i (in)
                                                         rstn_i (net)
                      7.299897    0.000000    8.011564 ^ _375_/RN (gf180mcu_fd_sc_mcu7t5v0__dffrnq_1)
                                              8.011564   data arrival time

                      0.150000   20.000000   20.000000   clock clk_i (rise edge)
                                  0.000000   20.000000   clock network delay (ideal)
                                 -0.250000   19.750002   clock uncertainty
                                  0.000000   19.750002   clock reconvergence pessimism
                                             19.750002 ^ _375_/CLK (gf180mcu_fd_sc_mcu7t5v0__dffrnq_1)
                                 -2.120235   17.629766   library recovery time
                                             17.629766   data required time
---------------------------------------------------------------------------------------------
                                             17.629766   data required time
                                             -8.011564   data arrival time
---------------------------------------------------------------------------------------------
                                              9.618202   slack (MET)


Startpoint: rstn_i (input port clocked by clk_i)
Endpoint: _376_ (recovery check against rising-edge clock clk_i)
Path Group: asynchronous
Path Type: max

Fanout         Cap        Slew       Delay        Time   Description
---------------------------------------------------------------------------------------------
                      0.150000    0.000000    0.000000   clock clk_i (rise edge)
                                  0.000000    0.000000   clock network delay (ideal)
                                  4.000000    4.000000 ^ input external delay
    36    0.257322    7.299897    4.011564    8.011564 ^ rstn_i (in)
                                                         rstn_i (net)
                      7.299897    0.000000    8.011564 ^ _376_/RN (gf180mcu_fd_sc_mcu7t5v0__dffrnq_1)
                                              8.011564   data arrival time

                      0.150000   20.000000   20.000000   clock clk_i (rise edge)
                                  0.000000   20.000000   clock network delay (ideal)
                                 -0.250000   19.750002   clock uncertainty
                                  0.000000   19.750002   clock reconvergence pessimism
                                             19.750002 ^ _376_/CLK (gf180mcu_fd_sc_mcu7t5v0__dffrnq_1)
                                 -2.120235   17.629766   library recovery time
                                             17.629766   data required time
---------------------------------------------------------------------------------------------
                                             17.629766   data required time
                                             -8.011564   data arrival time
---------------------------------------------------------------------------------------------
                                              9.618202   slack (MET)


Startpoint: rstn_i (input port clocked by clk_i)
Endpoint: _377_ (recovery check against rising-edge clock clk_i)
Path Group: asynchronous
Path Type: max

Fanout         Cap        Slew       Delay        Time   Description
---------------------------------------------------------------------------------------------
                      0.150000    0.000000    0.000000   clock clk_i (rise edge)
                                  0.000000    0.000000   clock network delay (ideal)
                                  4.000000    4.000000 ^ input external delay
    36    0.257322    7.299897    4.011564    8.011564 ^ rstn_i (in)
                                                         rstn_i (net)
                      7.299897    0.000000    8.011564 ^ _377_/RN (gf180mcu_fd_sc_mcu7t5v0__dffrnq_1)
                                              8.011564   data arrival time

                      0.150000   20.000000   20.000000   clock clk_i (rise edge)
                                  0.000000   20.000000   clock network delay (ideal)
                                 -0.250000   19.750002   clock uncertainty
                                  0.000000   19.750002   clock reconvergence pessimism
                                             19.750002 ^ _377_/CLK (gf180mcu_fd_sc_mcu7t5v0__dffrnq_1)
                                 -2.120235   17.629766   library recovery time
                                             17.629766   data required time
---------------------------------------------------------------------------------------------
                                             17.629766   data required time
                                             -8.011564   data arrival time
---------------------------------------------------------------------------------------------
                                              9.618202   slack (MET)


Startpoint: rstn_i (input port clocked by clk_i)
Endpoint: _378_ (recovery check against rising-edge clock clk_i)
Path Group: asynchronous
Path Type: max

Fanout         Cap        Slew       Delay        Time   Description
---------------------------------------------------------------------------------------------
                      0.150000    0.000000    0.000000   clock clk_i (rise edge)
                                  0.000000    0.000000   clock network delay (ideal)
                                  4.000000    4.000000 ^ input external delay
    36    0.257322    7.299897    4.011564    8.011564 ^ rstn_i (in)
                                                         rstn_i (net)
                      7.299897    0.000000    8.011564 ^ _378_/RN (gf180mcu_fd_sc_mcu7t5v0__dffrnq_1)
                                              8.011564   data arrival time

                      0.150000   20.000000   20.000000   clock clk_i (rise edge)
                                  0.000000   20.000000   clock network delay (ideal)
                                 -0.250000   19.750002   clock uncertainty
                                  0.000000   19.750002   clock reconvergence pessimism
                                             19.750002 ^ _378_/CLK (gf180mcu_fd_sc_mcu7t5v0__dffrnq_1)
                                 -2.120235   17.629766   library recovery time
                                             17.629766   data required time
---------------------------------------------------------------------------------------------
                                             17.629766   data required time
                                             -8.011564   data arrival time
---------------------------------------------------------------------------------------------
                                              9.618202   slack (MET)


Startpoint: rstn_i (input port clocked by clk_i)
Endpoint: _379_ (recovery check against rising-edge clock clk_i)
Path Group: asynchronous
Path Type: max

Fanout         Cap        Slew       Delay        Time   Description
---------------------------------------------------------------------------------------------
                      0.150000    0.000000    0.000000   clock clk_i (rise edge)
                                  0.000000    0.000000   clock network delay (ideal)
                                  4.000000    4.000000 ^ input external delay
    36    0.257322    7.299897    4.011564    8.011564 ^ rstn_i (in)
                                                         rstn_i (net)
                      7.299897    0.000000    8.011564 ^ _379_/RN (gf180mcu_fd_sc_mcu7t5v0__dffrnq_1)
                                              8.011564   data arrival time

                      0.150000   20.000000   20.000000   clock clk_i (rise edge)
                                  0.000000   20.000000   clock network delay (ideal)
                                 -0.250000   19.750002   clock uncertainty
                                  0.000000   19.750002   clock reconvergence pessimism
                                             19.750002 ^ _379_/CLK (gf180mcu_fd_sc_mcu7t5v0__dffrnq_1)
                                 -2.120235   17.629766   library recovery time
                                             17.629766   data required time
---------------------------------------------------------------------------------------------
                                             17.629766   data required time
                                             -8.011564   data arrival time
---------------------------------------------------------------------------------------------
                                              9.618202   slack (MET)


Startpoint: rstn_i (input port clocked by clk_i)
Endpoint: _380_ (recovery check against rising-edge clock clk_i)
Path Group: asynchronous
Path Type: max

Fanout         Cap        Slew       Delay        Time   Description
---------------------------------------------------------------------------------------------
                      0.150000    0.000000    0.000000   clock clk_i (rise edge)
                                  0.000000    0.000000   clock network delay (ideal)
                                  4.000000    4.000000 ^ input external delay
    36    0.257322    7.299897    4.011564    8.011564 ^ rstn_i (in)
                                                         rstn_i (net)
                      7.299897    0.000000    8.011564 ^ _380_/RN (gf180mcu_fd_sc_mcu7t5v0__dffrnq_1)
                                              8.011564   data arrival time

                      0.150000   20.000000   20.000000   clock clk_i (rise edge)
                                  0.000000   20.000000   clock network delay (ideal)
                                 -0.250000   19.750002   clock uncertainty
                                  0.000000   19.750002   clock reconvergence pessimism
                                             19.750002 ^ _380_/CLK (gf180mcu_fd_sc_mcu7t5v0__dffrnq_1)
                                 -2.120235   17.629766   library recovery time
                                             17.629766   data required time
---------------------------------------------------------------------------------------------
                                             17.629766   data required time
                                             -8.011564   data arrival time
---------------------------------------------------------------------------------------------
                                              9.618202   slack (MET)


Startpoint: rstn_i (input port clocked by clk_i)
Endpoint: _381_ (recovery check against rising-edge clock clk_i)
Path Group: asynchronous
Path Type: max

Fanout         Cap        Slew       Delay        Time   Description
---------------------------------------------------------------------------------------------
                      0.150000    0.000000    0.000000   clock clk_i (rise edge)
                                  0.000000    0.000000   clock network delay (ideal)
                                  4.000000    4.000000 ^ input external delay
    36    0.257322    7.299897    4.011564    8.011564 ^ rstn_i (in)
                                                         rstn_i (net)
                      7.299897    0.000000    8.011564 ^ _381_/RN (gf180mcu_fd_sc_mcu7t5v0__dffrnq_1)
                                              8.011564   data arrival time

                      0.150000   20.000000   20.000000   clock clk_i (rise edge)
                                  0.000000   20.000000   clock network delay (ideal)
                                 -0.250000   19.750002   clock uncertainty
                                  0.000000   19.750002   clock reconvergence pessimism
                                             19.750002 ^ _381_/CLK (gf180mcu_fd_sc_mcu7t5v0__dffrnq_1)
                                 -2.120235   17.629766   library recovery time
                                             17.629766   data required time
---------------------------------------------------------------------------------------------
                                             17.629766   data required time
                                             -8.011564   data arrival time
---------------------------------------------------------------------------------------------
                                              9.618202   slack (MET)


Startpoint: rstn_i (input port clocked by clk_i)
Endpoint: _382_ (recovery check against rising-edge clock clk_i)
Path Group: asynchronous
Path Type: max

Fanout         Cap        Slew       Delay        Time   Description
---------------------------------------------------------------------------------------------
                      0.150000    0.000000    0.000000   clock clk_i (rise edge)
                                  0.000000    0.000000   clock network delay (ideal)
                                  4.000000    4.000000 ^ input external delay
    36    0.257322    7.299897    4.011564    8.011564 ^ rstn_i (in)
                                                         rstn_i (net)
                      7.299897    0.000000    8.011564 ^ _382_/RN (gf180mcu_fd_sc_mcu7t5v0__dffrnq_1)
                                              8.011564   data arrival time

                      0.150000   20.000000   20.000000   clock clk_i (rise edge)
                                  0.000000   20.000000   clock network delay (ideal)
                                 -0.250000   19.750002   clock uncertainty
                                  0.000000   19.750002   clock reconvergence pessimism
                                             19.750002 ^ _382_/CLK (gf180mcu_fd_sc_mcu7t5v0__dffrnq_1)
                                 -2.120235   17.629766   library recovery time
                                             17.629766   data required time
---------------------------------------------------------------------------------------------
                                             17.629766   data required time
                                             -8.011564   data arrival time
---------------------------------------------------------------------------------------------
                                              9.618202   slack (MET)


Startpoint: rstn_i (input port clocked by clk_i)
Endpoint: _383_ (recovery check against rising-edge clock clk_i)
Path Group: asynchronous
Path Type: max

Fanout         Cap        Slew       Delay        Time   Description
---------------------------------------------------------------------------------------------
                      0.150000    0.000000    0.000000   clock clk_i (rise edge)
                                  0.000000    0.000000   clock network delay (ideal)
                                  4.000000    4.000000 ^ input external delay
    36    0.257322    7.299897    4.011564    8.011564 ^ rstn_i (in)
                                                         rstn_i (net)
                      7.299897    0.000000    8.011564 ^ _383_/RN (gf180mcu_fd_sc_mcu7t5v0__dffrnq_1)
                                              8.011564   data arrival time

                      0.150000   20.000000   20.000000   clock clk_i (rise edge)
                                  0.000000   20.000000   clock network delay (ideal)
                                 -0.250000   19.750002   clock uncertainty
                                  0.000000   19.750002   clock reconvergence pessimism
                                             19.750002 ^ _383_/CLK (gf180mcu_fd_sc_mcu7t5v0__dffrnq_1)
                                 -2.120235   17.629766   library recovery time
                                             17.629766   data required time
---------------------------------------------------------------------------------------------
                                             17.629766   data required time
                                             -8.011564   data arrival time
---------------------------------------------------------------------------------------------
                                              9.618202   slack (MET)


Startpoint: rstn_i (input port clocked by clk_i)
Endpoint: _384_ (recovery check against rising-edge clock clk_i)
Path Group: asynchronous
Path Type: max

Fanout         Cap        Slew       Delay        Time   Description
---------------------------------------------------------------------------------------------
                      0.150000    0.000000    0.000000   clock clk_i (rise edge)
                                  0.000000    0.000000   clock network delay (ideal)
                                  4.000000    4.000000 ^ input external delay
    36    0.257322    7.299897    4.011564    8.011564 ^ rstn_i (in)
                                                         rstn_i (net)
                      7.299897    0.000000    8.011564 ^ _384_/RN (gf180mcu_fd_sc_mcu7t5v0__dffrnq_1)
                                              8.011564   data arrival time

                      0.150000   20.000000   20.000000   clock clk_i (rise edge)
                                  0.000000   20.000000   clock network delay (ideal)
                                 -0.250000   19.750002   clock uncertainty
                                  0.000000   19.750002   clock reconvergence pessimism
                                             19.750002 ^ _384_/CLK (gf180mcu_fd_sc_mcu7t5v0__dffrnq_1)
                                 -2.120235   17.629766   library recovery time
                                             17.629766   data required time
---------------------------------------------------------------------------------------------
                                             17.629766   data required time
                                             -8.011564   data arrival time
---------------------------------------------------------------------------------------------
                                              9.618202   slack (MET)


Startpoint: rstn_i (input port clocked by clk_i)
Endpoint: _385_ (recovery check against rising-edge clock clk_i)
Path Group: asynchronous
Path Type: max

Fanout         Cap        Slew       Delay        Time   Description
---------------------------------------------------------------------------------------------
                      0.150000    0.000000    0.000000   clock clk_i (rise edge)
                                  0.000000    0.000000   clock network delay (ideal)
                                  4.000000    4.000000 ^ input external delay
    36    0.257322    7.299897    4.011564    8.011564 ^ rstn_i (in)
                                                         rstn_i (net)
                      7.299897    0.000000    8.011564 ^ _385_/RN (gf180mcu_fd_sc_mcu7t5v0__dffrnq_1)
                                              8.011564   data arrival time

                      0.150000   20.000000   20.000000   clock clk_i (rise edge)
                                  0.000000   20.000000   clock network delay (ideal)
                                 -0.250000   19.750002   clock uncertainty
                                  0.000000   19.750002   clock reconvergence pessimism
                                             19.750002 ^ _385_/CLK (gf180mcu_fd_sc_mcu7t5v0__dffrnq_1)
                                 -2.120235   17.629766   library recovery time
                                             17.629766   data required time
---------------------------------------------------------------------------------------------
                                             17.629766   data required time
                                             -8.011564   data arrival time
---------------------------------------------------------------------------------------------
                                              9.618202   slack (MET)


Startpoint: rstn_i (input port clocked by clk_i)
Endpoint: _386_ (recovery check against rising-edge clock clk_i)
Path Group: asynchronous
Path Type: max

Fanout         Cap        Slew       Delay        Time   Description
---------------------------------------------------------------------------------------------
                      0.150000    0.000000    0.000000   clock clk_i (rise edge)
                                  0.000000    0.000000   clock network delay (ideal)
                                  4.000000    4.000000 ^ input external delay
    36    0.257322    7.299897    4.011564    8.011564 ^ rstn_i (in)
                                                         rstn_i (net)
                      7.299897    0.000000    8.011564 ^ _386_/RN (gf180mcu_fd_sc_mcu7t5v0__dffrnq_1)
                                              8.011564   data arrival time

                      0.150000   20.000000   20.000000   clock clk_i (rise edge)
                                  0.000000   20.000000   clock network delay (ideal)
                                 -0.250000   19.750002   clock uncertainty
                                  0.000000   19.750002   clock reconvergence pessimism
                                             19.750002 ^ _386_/CLK (gf180mcu_fd_sc_mcu7t5v0__dffrnq_1)
                                 -2.120235   17.629766   library recovery time
                                             17.629766   data required time
---------------------------------------------------------------------------------------------
                                             17.629766   data required time
                                             -8.011564   data arrival time
---------------------------------------------------------------------------------------------
                                              9.618202   slack (MET)


Startpoint: rstn_i (input port clocked by clk_i)
Endpoint: _387_ (recovery check against rising-edge clock clk_i)
Path Group: asynchronous
Path Type: max

Fanout         Cap        Slew       Delay        Time   Description
---------------------------------------------------------------------------------------------
                      0.150000    0.000000    0.000000   clock clk_i (rise edge)
                                  0.000000    0.000000   clock network delay (ideal)
                                  4.000000    4.000000 ^ input external delay
    36    0.257322    7.299897    4.011564    8.011564 ^ rstn_i (in)
                                                         rstn_i (net)
                      7.299897    0.000000    8.011564 ^ _387_/RN (gf180mcu_fd_sc_mcu7t5v0__dffrnq_1)
                                              8.011564   data arrival time

                      0.150000   20.000000   20.000000   clock clk_i (rise edge)
                                  0.000000   20.000000   clock network delay (ideal)
                                 -0.250000   19.750002   clock uncertainty
                                  0.000000   19.750002   clock reconvergence pessimism
                                             19.750002 ^ _387_/CLK (gf180mcu_fd_sc_mcu7t5v0__dffrnq_1)
                                 -2.120235   17.629766   library recovery time
                                             17.629766   data required time
---------------------------------------------------------------------------------------------
                                             17.629766   data required time
                                             -8.011564   data arrival time
---------------------------------------------------------------------------------------------
                                              9.618202   slack (MET)


Startpoint: rstn_i (input port clocked by clk_i)
Endpoint: _388_ (recovery check against rising-edge clock clk_i)
Path Group: asynchronous
Path Type: max

Fanout         Cap        Slew       Delay        Time   Description
---------------------------------------------------------------------------------------------
                      0.150000    0.000000    0.000000   clock clk_i (rise edge)
                                  0.000000    0.000000   clock network delay (ideal)
                                  4.000000    4.000000 ^ input external delay
    36    0.257322    7.299897    4.011564    8.011564 ^ rstn_i (in)
                                                         rstn_i (net)
                      7.299897    0.000000    8.011564 ^ _388_/RN (gf180mcu_fd_sc_mcu7t5v0__dffrnq_1)
                                              8.011564   data arrival time

                      0.150000   20.000000   20.000000   clock clk_i (rise edge)
                                  0.000000   20.000000   clock network delay (ideal)
                                 -0.250000   19.750002   clock uncertainty
                                  0.000000   19.750002   clock reconvergence pessimism
                                             19.750002 ^ _388_/CLK (gf180mcu_fd_sc_mcu7t5v0__dffrnq_1)
                                 -2.120235   17.629766   library recovery time
                                             17.629766   data required time
---------------------------------------------------------------------------------------------
                                             17.629766   data required time
                                             -8.011564   data arrival time
---------------------------------------------------------------------------------------------
                                              9.618202   slack (MET)


Startpoint: rstn_i (input port clocked by clk_i)
Endpoint: _389_ (recovery check against rising-edge clock clk_i)
Path Group: asynchronous
Path Type: max

Fanout         Cap        Slew       Delay        Time   Description
---------------------------------------------------------------------------------------------
                      0.150000    0.000000    0.000000   clock clk_i (rise edge)
                                  0.000000    0.000000   clock network delay (ideal)
                                  4.000000    4.000000 ^ input external delay
    36    0.257322    7.299897    4.011564    8.011564 ^ rstn_i (in)
                                                         rstn_i (net)
                      7.299897    0.000000    8.011564 ^ _389_/RN (gf180mcu_fd_sc_mcu7t5v0__dffrnq_1)
                                              8.011564   data arrival time

                      0.150000   20.000000   20.000000   clock clk_i (rise edge)
                                  0.000000   20.000000   clock network delay (ideal)
                                 -0.250000   19.750002   clock uncertainty
                                  0.000000   19.750002   clock reconvergence pessimism
                                             19.750002 ^ _389_/CLK (gf180mcu_fd_sc_mcu7t5v0__dffrnq_1)
                                 -2.120235   17.629766   library recovery time
                                             17.629766   data required time
---------------------------------------------------------------------------------------------
                                             17.629766   data required time
                                             -8.011564   data arrival time
---------------------------------------------------------------------------------------------
                                              9.618202   slack (MET)


Startpoint: rstn_i (input port clocked by clk_i)
Endpoint: _390_ (recovery check against rising-edge clock clk_i)
Path Group: asynchronous
Path Type: max

Fanout         Cap        Slew       Delay        Time   Description
---------------------------------------------------------------------------------------------
                      0.150000    0.000000    0.000000   clock clk_i (rise edge)
                                  0.000000    0.000000   clock network delay (ideal)
                                  4.000000    4.000000 ^ input external delay
    36    0.257322    7.299897    4.011564    8.011564 ^ rstn_i (in)
                                                         rstn_i (net)
                      7.299897    0.000000    8.011564 ^ _390_/RN (gf180mcu_fd_sc_mcu7t5v0__dffrnq_1)
                                              8.011564   data arrival time

                      0.150000   20.000000   20.000000   clock clk_i (rise edge)
                                  0.000000   20.000000   clock network delay (ideal)
                                 -0.250000   19.750002   clock uncertainty
                                  0.000000   19.750002   clock reconvergence pessimism
                                             19.750002 ^ _390_/CLK (gf180mcu_fd_sc_mcu7t5v0__dffrnq_1)
                                 -2.120235   17.629766   library recovery time
                                             17.629766   data required time
---------------------------------------------------------------------------------------------
                                             17.629766   data required time
                                             -8.011564   data arrival time
---------------------------------------------------------------------------------------------
                                              9.618202   slack (MET)


Startpoint: rstn_i (input port clocked by clk_i)
Endpoint: _391_ (recovery check against rising-edge clock clk_i)
Path Group: asynchronous
Path Type: max

Fanout         Cap        Slew       Delay        Time   Description
---------------------------------------------------------------------------------------------
                      0.150000    0.000000    0.000000   clock clk_i (rise edge)
                                  0.000000    0.000000   clock network delay (ideal)
                                  4.000000    4.000000 ^ input external delay
    36    0.257322    7.299897    4.011564    8.011564 ^ rstn_i (in)
                                                         rstn_i (net)
                      7.299897    0.000000    8.011564 ^ _391_/RN (gf180mcu_fd_sc_mcu7t5v0__dffrnq_1)
                                              8.011564   data arrival time

                      0.150000   20.000000   20.000000   clock clk_i (rise edge)
                                  0.000000   20.000000   clock network delay (ideal)
                                 -0.250000   19.750002   clock uncertainty
                                  0.000000   19.750002   clock reconvergence pessimism
                                             19.750002 ^ _391_/CLK (gf180mcu_fd_sc_mcu7t5v0__dffrnq_1)
                                 -2.120235   17.629766   library recovery time
                                             17.629766   data required time
---------------------------------------------------------------------------------------------
                                             17.629766   data required time
                                             -8.011564   data arrival time
---------------------------------------------------------------------------------------------
                                              9.618202   slack (MET)


Startpoint: rstn_i (input port clocked by clk_i)
Endpoint: _392_ (recovery check against rising-edge clock clk_i)
Path Group: asynchronous
Path Type: max

Fanout         Cap        Slew       Delay        Time   Description
---------------------------------------------------------------------------------------------
                      0.150000    0.000000    0.000000   clock clk_i (rise edge)
                                  0.000000    0.000000   clock network delay (ideal)
                                  4.000000    4.000000 ^ input external delay
    36    0.257322    7.299897    4.011564    8.011564 ^ rstn_i (in)
                                                         rstn_i (net)
                      7.299897    0.000000    8.011564 ^ _392_/RN (gf180mcu_fd_sc_mcu7t5v0__dffrnq_1)
                                              8.011564   data arrival time

                      0.150000   20.000000   20.000000   clock clk_i (rise edge)
                                  0.000000   20.000000   clock network delay (ideal)
                                 -0.250000   19.750002   clock uncertainty
                                  0.000000   19.750002   clock reconvergence pessimism
                                             19.750002 ^ _392_/CLK (gf180mcu_fd_sc_mcu7t5v0__dffrnq_1)
                                 -2.120235   17.629766   library recovery time
                                             17.629766   data required time
---------------------------------------------------------------------------------------------
                                             17.629766   data required time
                                             -8.011564   data arrival time
---------------------------------------------------------------------------------------------
                                              9.618202   slack (MET)


Startpoint: rstn_i (input port clocked by clk_i)
Endpoint: _393_ (recovery check against rising-edge clock clk_i)
Path Group: asynchronous
Path Type: max

Fanout         Cap        Slew       Delay        Time   Description
---------------------------------------------------------------------------------------------
                      0.150000    0.000000    0.000000   clock clk_i (rise edge)
                                  0.000000    0.000000   clock network delay (ideal)
                                  4.000000    4.000000 ^ input external delay
    36    0.257322    7.299897    4.011564    8.011564 ^ rstn_i (in)
                                                         rstn_i (net)
                      7.299897    0.000000    8.011564 ^ _393_/RN (gf180mcu_fd_sc_mcu7t5v0__dffrnq_1)
                                              8.011564   data arrival time

                      0.150000   20.000000   20.000000   clock clk_i (rise edge)
                                  0.000000   20.000000   clock network delay (ideal)
                                 -0.250000   19.750002   clock uncertainty
                                  0.000000   19.750002   clock reconvergence pessimism
                                             19.750002 ^ _393_/CLK (gf180mcu_fd_sc_mcu7t5v0__dffrnq_1)
                                 -2.120235   17.629766   library recovery time
                                             17.629766   data required time
---------------------------------------------------------------------------------------------
                                             17.629766   data required time
                                             -8.011564   data arrival time
---------------------------------------------------------------------------------------------
                                              9.618202   slack (MET)


Startpoint: rstn_i (input port clocked by clk_i)
Endpoint: _394_ (recovery check against rising-edge clock clk_i)
Path Group: asynchronous
Path Type: max

Fanout         Cap        Slew       Delay        Time   Description
---------------------------------------------------------------------------------------------
                      0.150000    0.000000    0.000000   clock clk_i (rise edge)
                                  0.000000    0.000000   clock network delay (ideal)
                                  4.000000    4.000000 ^ input external delay
    36    0.257322    7.299897    4.011564    8.011564 ^ rstn_i (in)
                                                         rstn_i (net)
                      7.299897    0.000000    8.011564 ^ _394_/RN (gf180mcu_fd_sc_mcu7t5v0__dffrnq_1)
                                              8.011564   data arrival time

                      0.150000   20.000000   20.000000   clock clk_i (rise edge)
                                  0.000000   20.000000   clock network delay (ideal)
                                 -0.250000   19.750002   clock uncertainty
                                  0.000000   19.750002   clock reconvergence pessimism
                                             19.750002 ^ _394_/CLK (gf180mcu_fd_sc_mcu7t5v0__dffrnq_1)
                                 -2.120235   17.629766   library recovery time
                                             17.629766   data required time
---------------------------------------------------------------------------------------------
                                             17.629766   data required time
                                             -8.011564   data arrival time
---------------------------------------------------------------------------------------------
                                              9.618202   slack (MET)


Startpoint: rstn_i (input port clocked by clk_i)
Endpoint: _395_ (recovery check against rising-edge clock clk_i)
Path Group: asynchronous
Path Type: max

Fanout         Cap        Slew       Delay        Time   Description
---------------------------------------------------------------------------------------------
                      0.150000    0.000000    0.000000   clock clk_i (rise edge)
                                  0.000000    0.000000   clock network delay (ideal)
                                  4.000000    4.000000 ^ input external delay
    36    0.257322    7.299897    4.011564    8.011564 ^ rstn_i (in)
                                                         rstn_i (net)
                      7.299897    0.000000    8.011564 ^ _395_/RN (gf180mcu_fd_sc_mcu7t5v0__dffrnq_1)
                                              8.011564   data arrival time

                      0.150000   20.000000   20.000000   clock clk_i (rise edge)
                                  0.000000   20.000000   clock network delay (ideal)
                                 -0.250000   19.750002   clock uncertainty
                                  0.000000   19.750002   clock reconvergence pessimism
                                             19.750002 ^ _395_/CLK (gf180mcu_fd_sc_mcu7t5v0__dffrnq_1)
                                 -2.120235   17.629766   library recovery time
                                             17.629766   data required time
---------------------------------------------------------------------------------------------
                                             17.629766   data required time
                                             -8.011564   data arrival time
---------------------------------------------------------------------------------------------
                                              9.618202   slack (MET)


Startpoint: cfg_div_i[10] (input port clocked by clk_i)
Endpoint: _379_ (rising edge-triggered flip-flop clocked by clk_i)
Path Group: clk_i
Path Type: max

Fanout         Cap        Slew       Delay        Time   Description
---------------------------------------------------------------------------------------------
                      0.150000    0.000000    0.000000   clock clk_i (rise edge)
                                  0.000000    0.000000   clock network delay (ideal)
                                  4.000000    4.000000 v input external delay
     3    0.016798    0.324846    0.163539    4.163538 v cfg_div_i[10] (in)
                                                         cfg_div_i[10] (net)
                      0.324846    0.000000    4.163538 v _216_/A1 (gf180mcu_fd_sc_mcu7t5v0__xor2_1)
     1    0.003944    0.373827    0.859624    5.023163 v _216_/Z (gf180mcu_fd_sc_mcu7t5v0__xor2_1)
                                                         _073_ (net)
                      0.373827    0.000000    5.023163 v _224_/A4 (gf180mcu_fd_sc_mcu7t5v0__nor4_1)
     1    0.004240    1.066475    0.842570    5.865733 ^ _224_/ZN (gf180mcu_fd_sc_mcu7t5v0__nor4_1)
                                                         _081_ (net)
                      1.066475    0.000000    5.865733 ^ _226_/A2 (gf180mcu_fd_sc_mcu7t5v0__nand3_1)
     1    0.002788    0.434691    0.291701    6.157434 v _226_/ZN (gf180mcu_fd_sc_mcu7t5v0__nand3_1)
                                                         _083_ (net)
                      0.434691    0.000000    6.157434 v _229_/A3 (gf180mcu_fd_sc_mcu7t5v0__or4_1)
     2    0.007300    0.573918    1.673530    7.830964 v _229_/Z (gf180mcu_fd_sc_mcu7t5v0__or4_1)
                                                         _086_ (net)
                      0.573918    0.000000    7.830964 v _259_/A1 (gf180mcu_fd_sc_mcu7t5v0__nand3_1)
    15    0.065607    2.600499    1.569291    9.400254 ^ _259_/ZN (gf180mcu_fd_sc_mcu7t5v0__nand3_1)
                                                         _111_ (net)
                      2.600499    0.000000    9.400254 ^ _260_/A2 (gf180mcu_fd_sc_mcu7t5v0__nor2_1)
     1    0.003014    0.682130    0.304173    9.704427 v _260_/ZN (gf180mcu_fd_sc_mcu7t5v0__nor2_1)
                                                         _000_ (net)
                      0.682130    0.000000    9.704427 v _379_/D (gf180mcu_fd_sc_mcu7t5v0__dffrnq_1)
                                              9.704427   data arrival time

                      0.150000   20.000000   20.000000   clock clk_i (rise edge)
                                  0.000000   20.000000   clock network delay (ideal)
                                 -0.250000   19.750002   clock uncertainty
                                  0.000000   19.750002   clock reconvergence pessimism
                                             19.750002 ^ _379_/CLK (gf180mcu_fd_sc_mcu7t5v0__dffrnq_1)
                                 -0.411105   19.338896   library setup time
                                             19.338896   data required time
---------------------------------------------------------------------------------------------
                                             19.338896   data required time
                                             -9.704427   data arrival time
---------------------------------------------------------------------------------------------
                                              9.634469   slack (MET)


Startpoint: rstn_i (input port clocked by clk_i)
Endpoint: _367_ (recovery check against rising-edge clock clk_i)
Path Group: asynchronous
Path Type: max

Fanout         Cap        Slew       Delay        Time   Description
---------------------------------------------------------------------------------------------
                      0.150000    0.000000    0.000000   clock clk_i (rise edge)
                                  0.000000    0.000000   clock network delay (ideal)
                                  4.000000    4.000000 ^ input external delay
    36    0.257322    7.299897    4.011564    8.011564 ^ rstn_i (in)
                                                         rstn_i (net)
                      7.299897    0.000000    8.011564 ^ _367_/SETN (gf180mcu_fd_sc_mcu7t5v0__dffsnq_1)
                                              8.011564   data arrival time

                      0.150000   20.000000   20.000000   clock clk_i (rise edge)
                                  0.000000   20.000000   clock network delay (ideal)
                                 -0.250000   19.750002   clock uncertainty
                                  0.000000   19.750002   clock reconvergence pessimism
                                             19.750002 ^ _367_/CLK (gf180mcu_fd_sc_mcu7t5v0__dffsnq_1)
                                 -2.045948   17.704054   library recovery time
                                             17.704054   data required time
---------------------------------------------------------------------------------------------
                                             17.704054   data required time
                                             -8.011564   data arrival time
---------------------------------------------------------------------------------------------
                                              9.692490   slack (MET)


Startpoint: rstn_i (input port clocked by clk_i)
Endpoint: _368_ (recovery check against rising-edge clock clk_i)
Path Group: asynchronous
Path Type: max

Fanout         Cap        Slew       Delay        Time   Description
---------------------------------------------------------------------------------------------
                      0.150000    0.000000    0.000000   clock clk_i (rise edge)
                                  0.000000    0.000000   clock network delay (ideal)
                                  4.000000    4.000000 ^ input external delay
    36    0.257322    7.299897    4.011564    8.011564 ^ rstn_i (in)
                                                         rstn_i (net)
                      7.299897    0.000000    8.011564 ^ _368_/SETN (gf180mcu_fd_sc_mcu7t5v0__dffsnq_1)
                                              8.011564   data arrival time

                      0.150000   20.000000   20.000000   clock clk_i (rise edge)
                                  0.000000   20.000000   clock network delay (ideal)
                                 -0.250000   19.750002   clock uncertainty
                                  0.000000   19.750002   clock reconvergence pessimism
                                             19.750002 ^ _368_/CLK (gf180mcu_fd_sc_mcu7t5v0__dffsnq_1)
                                 -2.045948   17.704054   library recovery time
                                             17.704054   data required time
---------------------------------------------------------------------------------------------
                                             17.704054   data required time
                                             -8.011564   data arrival time
---------------------------------------------------------------------------------------------
                                              9.692490   slack (MET)


Startpoint: rstn_i (input port clocked by clk_i)
Endpoint: _369_ (recovery check against rising-edge clock clk_i)
Path Group: asynchronous
Path Type: max

Fanout         Cap        Slew       Delay        Time   Description
---------------------------------------------------------------------------------------------
                      0.150000    0.000000    0.000000   clock clk_i (rise edge)
                                  0.000000    0.000000   clock network delay (ideal)
                                  4.000000    4.000000 ^ input external delay
    36    0.257322    7.299897    4.011564    8.011564 ^ rstn_i (in)
                                                         rstn_i (net)
                      7.299897    0.000000    8.011564 ^ _369_/SETN (gf180mcu_fd_sc_mcu7t5v0__dffsnq_1)
                                              8.011564   data arrival time

                      0.150000   20.000000   20.000000   clock clk_i (rise edge)
                                  0.000000   20.000000   clock network delay (ideal)
                                 -0.250000   19.750002   clock uncertainty
                                  0.000000   19.750002   clock reconvergence pessimism
                                             19.750002 ^ _369_/CLK (gf180mcu_fd_sc_mcu7t5v0__dffsnq_1)
                                 -2.045948   17.704054   library recovery time
                                             17.704054   data required time
---------------------------------------------------------------------------------------------
                                             17.704054   data required time
                                             -8.011564   data arrival time
---------------------------------------------------------------------------------------------
                                              9.692490   slack (MET)


Startpoint: rstn_i (input port clocked by clk_i)
Endpoint: _370_ (recovery check against rising-edge clock clk_i)
Path Group: asynchronous
Path Type: max

Fanout         Cap        Slew       Delay        Time   Description
---------------------------------------------------------------------------------------------
                      0.150000    0.000000    0.000000   clock clk_i (rise edge)
                                  0.000000    0.000000   clock network delay (ideal)
                                  4.000000    4.000000 ^ input external delay
    36    0.257322    7.299897    4.011564    8.011564 ^ rstn_i (in)
                                                         rstn_i (net)
                      7.299897    0.000000    8.011564 ^ _370_/SETN (gf180mcu_fd_sc_mcu7t5v0__dffsnq_1)
                                              8.011564   data arrival time

                      0.150000   20.000000   20.000000   clock clk_i (rise edge)
                                  0.000000   20.000000   clock network delay (ideal)
                                 -0.250000   19.750002   clock uncertainty
                                  0.000000   19.750002   clock reconvergence pessimism
                                             19.750002 ^ _370_/CLK (gf180mcu_fd_sc_mcu7t5v0__dffsnq_1)
                                 -2.045948   17.704054   library recovery time
                                             17.704054   data required time
---------------------------------------------------------------------------------------------
                                             17.704054   data required time
                                             -8.011564   data arrival time
---------------------------------------------------------------------------------------------
                                              9.692490   slack (MET)


Startpoint: rstn_i (input port clocked by clk_i)
Endpoint: _371_ (recovery check against rising-edge clock clk_i)
Path Group: asynchronous
Path Type: max

Fanout         Cap        Slew       Delay        Time   Description
---------------------------------------------------------------------------------------------
                      0.150000    0.000000    0.000000   clock clk_i (rise edge)
                                  0.000000    0.000000   clock network delay (ideal)
                                  4.000000    4.000000 ^ input external delay
    36    0.257322    7.299897    4.011564    8.011564 ^ rstn_i (in)
                                                         rstn_i (net)
                      7.299897    0.000000    8.011564 ^ _371_/SETN (gf180mcu_fd_sc_mcu7t5v0__dffsnq_1)
                                              8.011564   data arrival time

                      0.150000   20.000000   20.000000   clock clk_i (rise edge)
                                  0.000000   20.000000   clock network delay (ideal)
                                 -0.250000   19.750002   clock uncertainty
                                  0.000000   19.750002   clock reconvergence pessimism
                                             19.750002 ^ _371_/CLK (gf180mcu_fd_sc_mcu7t5v0__dffsnq_1)
                                 -2.045948   17.704054   library recovery time
                                             17.704054   data required time
---------------------------------------------------------------------------------------------
                                             17.704054   data required time
                                             -8.011564   data arrival time
---------------------------------------------------------------------------------------------
                                              9.692490   slack (MET)


Startpoint: rstn_i (input port clocked by clk_i)
Endpoint: _372_ (recovery check against rising-edge clock clk_i)
Path Group: asynchronous
Path Type: max

Fanout         Cap        Slew       Delay        Time   Description
---------------------------------------------------------------------------------------------
                      0.150000    0.000000    0.000000   clock clk_i (rise edge)
                                  0.000000    0.000000   clock network delay (ideal)
                                  4.000000    4.000000 ^ input external delay
    36    0.257322    7.299897    4.011564    8.011564 ^ rstn_i (in)
                                                         rstn_i (net)
                      7.299897    0.000000    8.011564 ^ _372_/SETN (gf180mcu_fd_sc_mcu7t5v0__dffsnq_1)
                                              8.011564   data arrival time

                      0.150000   20.000000   20.000000   clock clk_i (rise edge)
                                  0.000000   20.000000   clock network delay (ideal)
                                 -0.250000   19.750002   clock uncertainty
                                  0.000000   19.750002   clock reconvergence pessimism
                                             19.750002 ^ _372_/CLK (gf180mcu_fd_sc_mcu7t5v0__dffsnq_1)
                                 -2.045948   17.704054   library recovery time
                                             17.704054   data required time
---------------------------------------------------------------------------------------------
                                             17.704054   data required time
                                             -8.011564   data arrival time
---------------------------------------------------------------------------------------------
                                              9.692490   slack (MET)


Startpoint: rstn_i (input port clocked by clk_i)
Endpoint: _373_ (recovery check against rising-edge clock clk_i)
Path Group: asynchronous
Path Type: max

Fanout         Cap        Slew       Delay        Time   Description
---------------------------------------------------------------------------------------------
                      0.150000    0.000000    0.000000   clock clk_i (rise edge)
                                  0.000000    0.000000   clock network delay (ideal)
                                  4.000000    4.000000 ^ input external delay
    36    0.257322    7.299897    4.011564    8.011564 ^ rstn_i (in)
                                                         rstn_i (net)
                      7.299897    0.000000    8.011564 ^ _373_/SETN (gf180mcu_fd_sc_mcu7t5v0__dffsnq_1)
                                              8.011564   data arrival time

                      0.150000   20.000000   20.000000   clock clk_i (rise edge)
                                  0.000000   20.000000   clock network delay (ideal)
                                 -0.250000   19.750002   clock uncertainty
                                  0.000000   19.750002   clock reconvergence pessimism
                                             19.750002 ^ _373_/CLK (gf180mcu_fd_sc_mcu7t5v0__dffsnq_1)
                                 -2.045948   17.704054   library recovery time
                                             17.704054   data required time
---------------------------------------------------------------------------------------------
                                             17.704054   data required time
                                             -8.011564   data arrival time
---------------------------------------------------------------------------------------------
                                              9.692490   slack (MET)


Startpoint: rstn_i (input port clocked by clk_i)
Endpoint: _374_ (recovery check against rising-edge clock clk_i)
Path Group: asynchronous
Path Type: max

Fanout         Cap        Slew       Delay        Time   Description
---------------------------------------------------------------------------------------------
                      0.150000    0.000000    0.000000   clock clk_i (rise edge)
                                  0.000000    0.000000   clock network delay (ideal)
                                  4.000000    4.000000 ^ input external delay
    36    0.257322    7.299897    4.011564    8.011564 ^ rstn_i (in)
                                                         rstn_i (net)
                      7.299897    0.000000    8.011564 ^ _374_/SETN (gf180mcu_fd_sc_mcu7t5v0__dffsnq_1)
                                              8.011564   data arrival time

                      0.150000   20.000000   20.000000   clock clk_i (rise edge)
                                  0.000000   20.000000   clock network delay (ideal)
                                 -0.250000   19.750002   clock uncertainty
                                  0.000000   19.750002   clock reconvergence pessimism
                                             19.750002 ^ _374_/CLK (gf180mcu_fd_sc_mcu7t5v0__dffsnq_1)
                                 -2.045948   17.704054   library recovery time
                                             17.704054   data required time
---------------------------------------------------------------------------------------------
                                             17.704054   data required time
                                             -8.011564   data arrival time
---------------------------------------------------------------------------------------------
                                              9.692490   slack (MET)


Startpoint: rstn_i (input port clocked by clk_i)
Endpoint: _396_ (recovery check against rising-edge clock clk_i)
Path Group: asynchronous
Path Type: max

Fanout         Cap        Slew       Delay        Time   Description
---------------------------------------------------------------------------------------------
                      0.150000    0.000000    0.000000   clock clk_i (rise edge)
                                  0.000000    0.000000   clock network delay (ideal)
                                  4.000000    4.000000 ^ input external delay
    36    0.257322    7.299897    4.011564    8.011564 ^ rstn_i (in)
                                                         rstn_i (net)
                      7.299897    0.000000    8.011564 ^ _396_/SETN (gf180mcu_fd_sc_mcu7t5v0__dffsnq_1)
                                              8.011564   data arrival time

                      0.150000   20.000000   20.000000   clock clk_i (rise edge)
                                  0.000000   20.000000   clock network delay (ideal)
                                 -0.250000   19.750002   clock uncertainty
                                  0.000000   19.750002   clock reconvergence pessimism
                                             19.750002 ^ _396_/CLK (gf180mcu_fd_sc_mcu7t5v0__dffsnq_1)
                                 -2.045948   17.704054   library recovery time
                                             17.704054   data required time
---------------------------------------------------------------------------------------------
                                             17.704054   data required time
                                             -8.011564   data arrival time
---------------------------------------------------------------------------------------------
                                              9.692490   slack (MET)


Startpoint: rstn_i (input port clocked by clk_i)
Endpoint: _397_ (recovery check against rising-edge clock clk_i)
Path Group: asynchronous
Path Type: max

Fanout         Cap        Slew       Delay        Time   Description
---------------------------------------------------------------------------------------------
                      0.150000    0.000000    0.000000   clock clk_i (rise edge)
                                  0.000000    0.000000   clock network delay (ideal)
                                  4.000000    4.000000 ^ input external delay
    36    0.257322    7.299897    4.011564    8.011564 ^ rstn_i (in)
                                                         rstn_i (net)
                      7.299897    0.000000    8.011564 ^ _397_/SETN (gf180mcu_fd_sc_mcu7t5v0__dffsnq_1)
                                              8.011564   data arrival time

                      0.150000   20.000000   20.000000   clock clk_i (rise edge)
                                  0.000000   20.000000   clock network delay (ideal)
                                 -0.250000   19.750002   clock uncertainty
                                  0.000000   19.750002   clock reconvergence pessimism
                                             19.750002 ^ _397_/CLK (gf180mcu_fd_sc_mcu7t5v0__dffsnq_1)
                                 -2.045948   17.704054   library recovery time
                                             17.704054   data required time
---------------------------------------------------------------------------------------------
                                             17.704054   data required time
                                             -8.011564   data arrival time
---------------------------------------------------------------------------------------------
                                              9.692490   slack (MET)


Startpoint: rstn_i (input port clocked by clk_i)
Endpoint: _398_ (recovery check against rising-edge clock clk_i)
Path Group: asynchronous
Path Type: max

Fanout         Cap        Slew       Delay        Time   Description
---------------------------------------------------------------------------------------------
                      0.150000    0.000000    0.000000   clock clk_i (rise edge)
                                  0.000000    0.000000   clock network delay (ideal)
                                  4.000000    4.000000 ^ input external delay
    36    0.257322    7.299897    4.011564    8.011564 ^ rstn_i (in)
                                                         rstn_i (net)
                      7.299897    0.000000    8.011564 ^ _398_/SETN (gf180mcu_fd_sc_mcu7t5v0__dffsnq_1)
                                              8.011564   data arrival time

                      0.150000   20.000000   20.000000   clock clk_i (rise edge)
                                  0.000000   20.000000   clock network delay (ideal)
                                 -0.250000   19.750002   clock uncertainty
                                  0.000000   19.750002   clock reconvergence pessimism
                                             19.750002 ^ _398_/CLK (gf180mcu_fd_sc_mcu7t5v0__dffsnq_1)
                                 -2.045948   17.704054   library recovery time
                                             17.704054   data required time
---------------------------------------------------------------------------------------------
                                             17.704054   data required time
                                             -8.011564   data arrival time
---------------------------------------------------------------------------------------------
                                              9.692490   slack (MET)


Startpoint: cfg_div_i[10] (input port clocked by clk_i)
Endpoint: _381_ (rising edge-triggered flip-flop clocked by clk_i)
Path Group: clk_i
Path Type: max

Fanout         Cap        Slew       Delay        Time   Description
---------------------------------------------------------------------------------------------
                      0.150000    0.000000    0.000000   clock clk_i (rise edge)
                                  0.000000    0.000000   clock network delay (ideal)
                                  4.000000    4.000000 v input external delay
     3    0.016798    0.324846    0.163539    4.163538 v cfg_div_i[10] (in)
                                                         cfg_div_i[10] (net)
                      0.324846    0.000000    4.163538 v _216_/A1 (gf180mcu_fd_sc_mcu7t5v0__xor2_1)
     1    0.003944    0.373827    0.859624    5.023163 v _216_/Z (gf180mcu_fd_sc_mcu7t5v0__xor2_1)
                                                         _073_ (net)
                      0.373827    0.000000    5.023163 v _224_/A4 (gf180mcu_fd_sc_mcu7t5v0__nor4_1)
     1    0.004240    1.066475    0.842570    5.865733 ^ _224_/ZN (gf180mcu_fd_sc_mcu7t5v0__nor4_1)
                                                         _081_ (net)
                      1.066475    0.000000    5.865733 ^ _226_/A2 (gf180mcu_fd_sc_mcu7t5v0__nand3_1)
     1    0.002788    0.434691    0.291701    6.157434 v _226_/ZN (gf180mcu_fd_sc_mcu7t5v0__nand3_1)
                                                         _083_ (net)
                      0.434691    0.000000    6.157434 v _229_/A3 (gf180mcu_fd_sc_mcu7t5v0__or4_1)
     2    0.007300    0.573918    1.673530    7.830964 v _229_/Z (gf180mcu_fd_sc_mcu7t5v0__or4_1)
                                                         _086_ (net)
                      0.573918    0.000000    7.830964 v _259_/A1 (gf180mcu_fd_sc_mcu7t5v0__nand3_1)
    15    0.065607    2.600499    1.569291    9.400254 ^ _259_/ZN (gf180mcu_fd_sc_mcu7t5v0__nand3_1)
                                                         _111_ (net)
                      2.600499    0.000000    9.400254 ^ _265_/A1 (gf180mcu_fd_sc_mcu7t5v0__nor3_1)
     1    0.003014    0.647743    0.238477    9.638731 v _265_/ZN (gf180mcu_fd_sc_mcu7t5v0__nor3_1)
                                                         _008_ (net)
                      0.647743    0.000000    9.638731 v _381_/D (gf180mcu_fd_sc_mcu7t5v0__dffrnq_1)
                                              9.638731   data arrival time

                      0.150000   20.000000   20.000000   clock clk_i (rise edge)
                                  0.000000   20.000000   clock network delay (ideal)
                                 -0.250000   19.750002   clock uncertainty
                                  0.000000   19.750002   clock reconvergence pessimism
                                             19.750002 ^ _381_/CLK (gf180mcu_fd_sc_mcu7t5v0__dffrnq_1)
                                 -0.401815   19.348186   library setup time
                                             19.348186   data required time
---------------------------------------------------------------------------------------------
                                             19.348186   data required time
                                             -9.638731   data arrival time
---------------------------------------------------------------------------------------------
                                              9.709455   slack (MET)


Startpoint: cfg_div_i[10] (input port clocked by clk_i)
Endpoint: _382_ (rising edge-triggered flip-flop clocked by clk_i)
Path Group: clk_i
Path Type: max

Fanout         Cap        Slew       Delay        Time   Description
---------------------------------------------------------------------------------------------
                      0.150000    0.000000    0.000000   clock clk_i (rise edge)
                                  0.000000    0.000000   clock network delay (ideal)
                                  4.000000    4.000000 v input external delay
     3    0.016798    0.324846    0.163539    4.163538 v cfg_div_i[10] (in)
                                                         cfg_div_i[10] (net)
                      0.324846    0.000000    4.163538 v _216_/A1 (gf180mcu_fd_sc_mcu7t5v0__xor2_1)
     1    0.003944    0.373827    0.859624    5.023163 v _216_/Z (gf180mcu_fd_sc_mcu7t5v0__xor2_1)
                                                         _073_ (net)
                      0.373827    0.000000    5.023163 v _224_/A4 (gf180mcu_fd_sc_mcu7t5v0__nor4_1)
     1    0.004240    1.066475    0.842570    5.865733 ^ _224_/ZN (gf180mcu_fd_sc_mcu7t5v0__nor4_1)
                                                         _081_ (net)
                      1.066475    0.000000    5.865733 ^ _226_/A2 (gf180mcu_fd_sc_mcu7t5v0__nand3_1)
     1    0.002788    0.434691    0.291701    6.157434 v _226_/ZN (gf180mcu_fd_sc_mcu7t5v0__nand3_1)
                                                         _083_ (net)
                      0.434691    0.000000    6.157434 v _229_/A3 (gf180mcu_fd_sc_mcu7t5v0__or4_1)
     2    0.007300    0.573918    1.673530    7.830964 v _229_/Z (gf180mcu_fd_sc_mcu7t5v0__or4_1)
                                                         _086_ (net)
                      0.573918    0.000000    7.830964 v _259_/A1 (gf180mcu_fd_sc_mcu7t5v0__nand3_1)
    15    0.065607    2.600499    1.569291    9.400254 ^ _259_/ZN (gf180mcu_fd_sc_mcu7t5v0__nand3_1)
                                                         _111_ (net)
                      2.600499    0.000000    9.400254 ^ _268_/A1 (gf180mcu_fd_sc_mcu7t5v0__nor3_1)
     1    0.003014    0.647743    0.238477    9.638731 v _268_/ZN (gf180mcu_fd_sc_mcu7t5v0__nor3_1)
                                                         _009_ (net)
                      0.647743    0.000000    9.638731 v _382_/D (gf180mcu_fd_sc_mcu7t5v0__dffrnq_1)
                                              9.638731   data arrival time

                      0.150000   20.000000   20.000000   clock clk_i (rise edge)
                                  0.000000   20.000000   clock network delay (ideal)
                                 -0.250000   19.750002   clock uncertainty
                                  0.000000   19.750002   clock reconvergence pessimism
                                             19.750002 ^ _382_/CLK (gf180mcu_fd_sc_mcu7t5v0__dffrnq_1)
                                 -0.401815   19.348186   library setup time
                                             19.348186   data required time
---------------------------------------------------------------------------------------------
                                             19.348186   data required time
                                             -9.638731   data arrival time
---------------------------------------------------------------------------------------------
                                              9.709455   slack (MET)


Startpoint: cfg_div_i[10] (input port clocked by clk_i)
Endpoint: _384_ (rising edge-triggered flip-flop clocked by clk_i)
Path Group: clk_i
Path Type: max

Fanout         Cap        Slew       Delay        Time   Description
---------------------------------------------------------------------------------------------
                      0.150000    0.000000    0.000000   clock clk_i (rise edge)
                                  0.000000    0.000000   clock network delay (ideal)
                                  4.000000    4.000000 v input external delay
     3    0.016798    0.324846    0.163539    4.163538 v cfg_div_i[10] (in)
                                                         cfg_div_i[10] (net)
                      0.324846    0.000000    4.163538 v _216_/A1 (gf180mcu_fd_sc_mcu7t5v0__xor2_1)
     1    0.003944    0.373827    0.859624    5.023163 v _216_/Z (gf180mcu_fd_sc_mcu7t5v0__xor2_1)
                                                         _073_ (net)
                      0.373827    0.000000    5.023163 v _224_/A4 (gf180mcu_fd_sc_mcu7t5v0__nor4_1)
     1    0.004240    1.066475    0.842570    5.865733 ^ _224_/ZN (gf180mcu_fd_sc_mcu7t5v0__nor4_1)
                                                         _081_ (net)
                      1.066475    0.000000    5.865733 ^ _226_/A2 (gf180mcu_fd_sc_mcu7t5v0__nand3_1)
     1    0.002788    0.434691    0.291701    6.157434 v _226_/ZN (gf180mcu_fd_sc_mcu7t5v0__nand3_1)
                                                         _083_ (net)
                      0.434691    0.000000    6.157434 v _229_/A3 (gf180mcu_fd_sc_mcu7t5v0__or4_1)
     2    0.007300    0.573918    1.673530    7.830964 v _229_/Z (gf180mcu_fd_sc_mcu7t5v0__or4_1)
                                                         _086_ (net)
                      0.573918    0.000000    7.830964 v _259_/A1 (gf180mcu_fd_sc_mcu7t5v0__nand3_1)
    15    0.065607    2.600499    1.569291    9.400254 ^ _259_/ZN (gf180mcu_fd_sc_mcu7t5v0__nand3_1)
                                                         _111_ (net)
                      2.600499    0.000000    9.400254 ^ _274_/A1 (gf180mcu_fd_sc_mcu7t5v0__nor3_1)
     1    0.003014    0.647743    0.238477    9.638731 v _274_/ZN (gf180mcu_fd_sc_mcu7t5v0__nor3_1)
                                                         _011_ (net)
                      0.647743    0.000000    9.638731 v _384_/D (gf180mcu_fd_sc_mcu7t5v0__dffrnq_1)
                                              9.638731   data arrival time

                      0.150000   20.000000   20.000000   clock clk_i (rise edge)
                                  0.000000   20.000000   clock network delay (ideal)
                                 -0.250000   19.750002   clock uncertainty
                                  0.000000   19.750002   clock reconvergence pessimism
                                             19.750002 ^ _384_/CLK (gf180mcu_fd_sc_mcu7t5v0__dffrnq_1)
                                 -0.401815   19.348186   library setup time
                                             19.348186   data required time
---------------------------------------------------------------------------------------------
                                             19.348186   data required time
                                             -9.638731   data arrival time
---------------------------------------------------------------------------------------------
                                              9.709455   slack (MET)


Startpoint: cfg_div_i[10] (input port clocked by clk_i)
Endpoint: _388_ (rising edge-triggered flip-flop clocked by clk_i)
Path Group: clk_i
Path Type: max

Fanout         Cap        Slew       Delay        Time   Description
---------------------------------------------------------------------------------------------
                      0.150000    0.000000    0.000000   clock clk_i (rise edge)
                                  0.000000    0.000000   clock network delay (ideal)
                                  4.000000    4.000000 v input external delay
     3    0.016798    0.324846    0.163539    4.163538 v cfg_div_i[10] (in)
                                                         cfg_div_i[10] (net)
                      0.324846    0.000000    4.163538 v _216_/A1 (gf180mcu_fd_sc_mcu7t5v0__xor2_1)
     1    0.003944    0.373827    0.859624    5.023163 v _216_/Z (gf180mcu_fd_sc_mcu7t5v0__xor2_1)
                                                         _073_ (net)
                      0.373827    0.000000    5.023163 v _224_/A4 (gf180mcu_fd_sc_mcu7t5v0__nor4_1)
     1    0.004240    1.066475    0.842570    5.865733 ^ _224_/ZN (gf180mcu_fd_sc_mcu7t5v0__nor4_1)
                                                         _081_ (net)
                      1.066475    0.000000    5.865733 ^ _226_/A2 (gf180mcu_fd_sc_mcu7t5v0__nand3_1)
     1    0.002788    0.434691    0.291701    6.157434 v _226_/ZN (gf180mcu_fd_sc_mcu7t5v0__nand3_1)
                                                         _083_ (net)
                      0.434691    0.000000    6.157434 v _229_/A3 (gf180mcu_fd_sc_mcu7t5v0__or4_1)
     2    0.007300    0.573918    1.673530    7.830964 v _229_/Z (gf180mcu_fd_sc_mcu7t5v0__or4_1)
                                                         _086_ (net)
                      0.573918    0.000000    7.830964 v _259_/A1 (gf180mcu_fd_sc_mcu7t5v0__nand3_1)
    15    0.065607    2.600499    1.569291    9.400254 ^ _259_/ZN (gf180mcu_fd_sc_mcu7t5v0__nand3_1)
                                                         _111_ (net)
                      2.600499    0.000000    9.400254 ^ _286_/A1 (gf180mcu_fd_sc_mcu7t5v0__nor3_1)
     1    0.003014    0.647743    0.238477    9.638731 v _286_/ZN (gf180mcu_fd_sc_mcu7t5v0__nor3_1)
                                                         _015_ (net)
                      0.647743    0.000000    9.638731 v _388_/D (gf180mcu_fd_sc_mcu7t5v0__dffrnq_1)
                                              9.638731   data arrival time

                      0.150000   20.000000   20.000000   clock clk_i (rise edge)
                                  0.000000   20.000000   clock network delay (ideal)
                                 -0.250000   19.750002   clock uncertainty
                                  0.000000   19.750002   clock reconvergence pessimism
                                             19.750002 ^ _388_/CLK (gf180mcu_fd_sc_mcu7t5v0__dffrnq_1)
                                 -0.401815   19.348186   library setup time
                                             19.348186   data required time
---------------------------------------------------------------------------------------------
                                             19.348186   data required time
                                             -9.638731   data arrival time
---------------------------------------------------------------------------------------------
                                              9.709455   slack (MET)


Startpoint: cfg_div_i[10] (input port clocked by clk_i)
Endpoint: _389_ (rising edge-triggered flip-flop clocked by clk_i)
Path Group: clk_i
Path Type: max

Fanout         Cap        Slew       Delay        Time   Description
---------------------------------------------------------------------------------------------
                      0.150000    0.000000    0.000000   clock clk_i (rise edge)
                                  0.000000    0.000000   clock network delay (ideal)
                                  4.000000    4.000000 v input external delay
     3    0.016798    0.324846    0.163539    4.163538 v cfg_div_i[10] (in)
                                                         cfg_div_i[10] (net)
                      0.324846    0.000000    4.163538 v _216_/A1 (gf180mcu_fd_sc_mcu7t5v0__xor2_1)
     1    0.003944    0.373827    0.859624    5.023163 v _216_/Z (gf180mcu_fd_sc_mcu7t5v0__xor2_1)
                                                         _073_ (net)
                      0.373827    0.000000    5.023163 v _224_/A4 (gf180mcu_fd_sc_mcu7t5v0__nor4_1)
     1    0.004240    1.066475    0.842570    5.865733 ^ _224_/ZN (gf180mcu_fd_sc_mcu7t5v0__nor4_1)
                                                         _081_ (net)
                      1.066475    0.000000    5.865733 ^ _226_/A2 (gf180mcu_fd_sc_mcu7t5v0__nand3_1)
     1    0.002788    0.434691    0.291701    6.157434 v _226_/ZN (gf180mcu_fd_sc_mcu7t5v0__nand3_1)
                                                         _083_ (net)
                      0.434691    0.000000    6.157434 v _229_/A3 (gf180mcu_fd_sc_mcu7t5v0__or4_1)
     2    0.007300    0.573918    1.673530    7.830964 v _229_/Z (gf180mcu_fd_sc_mcu7t5v0__or4_1)
                                                         _086_ (net)
                      0.573918    0.000000    7.830964 v _259_/A1 (gf180mcu_fd_sc_mcu7t5v0__nand3_1)
    15    0.065607    2.600499    1.569291    9.400254 ^ _259_/ZN (gf180mcu_fd_sc_mcu7t5v0__nand3_1)
                                                         _111_ (net)
                      2.600499    0.000000    9.400254 ^ _290_/A1 (gf180mcu_fd_sc_mcu7t5v0__nor3_1)
     1    0.003014    0.647743    0.238477    9.638731 v _290_/ZN (gf180mcu_fd_sc_mcu7t5v0__nor3_1)
                                                         _001_ (net)
                      0.647743    0.000000    9.638731 v _389_/D (gf180mcu_fd_sc_mcu7t5v0__dffrnq_1)
                                              9.638731   data arrival time

                      0.150000   20.000000   20.000000   clock clk_i (rise edge)
                                  0.000000   20.000000   clock network delay (ideal)
                                 -0.250000   19.750002   clock uncertainty
                                  0.000000   19.750002   clock reconvergence pessimism
                                             19.750002 ^ _389_/CLK (gf180mcu_fd_sc_mcu7t5v0__dffrnq_1)
                                 -0.401815   19.348186   library setup time
                                             19.348186   data required time
---------------------------------------------------------------------------------------------
                                             19.348186   data required time
                                             -9.638731   data arrival time
---------------------------------------------------------------------------------------------
                                              9.709455   slack (MET)


Startpoint: cfg_div_i[10] (input port clocked by clk_i)
Endpoint: _390_ (rising edge-triggered flip-flop clocked by clk_i)
Path Group: clk_i
Path Type: max

Fanout         Cap        Slew       Delay        Time   Description
---------------------------------------------------------------------------------------------
                      0.150000    0.000000    0.000000   clock clk_i (rise edge)
                                  0.000000    0.000000   clock network delay (ideal)
                                  4.000000    4.000000 v input external delay
     3    0.016798    0.324846    0.163539    4.163538 v cfg_div_i[10] (in)
                                                         cfg_div_i[10] (net)
                      0.324846    0.000000    4.163538 v _216_/A1 (gf180mcu_fd_sc_mcu7t5v0__xor2_1)
     1    0.003944    0.373827    0.859624    5.023163 v _216_/Z (gf180mcu_fd_sc_mcu7t5v0__xor2_1)
                                                         _073_ (net)
                      0.373827    0.000000    5.023163 v _224_/A4 (gf180mcu_fd_sc_mcu7t5v0__nor4_1)
     1    0.004240    1.066475    0.842570    5.865733 ^ _224_/ZN (gf180mcu_fd_sc_mcu7t5v0__nor4_1)
                                                         _081_ (net)
                      1.066475    0.000000    5.865733 ^ _226_/A2 (gf180mcu_fd_sc_mcu7t5v0__nand3_1)
     1    0.002788    0.434691    0.291701    6.157434 v _226_/ZN (gf180mcu_fd_sc_mcu7t5v0__nand3_1)
                                                         _083_ (net)
                      0.434691    0.000000    6.157434 v _229_/A3 (gf180mcu_fd_sc_mcu7t5v0__or4_1)
     2    0.007300    0.573918    1.673530    7.830964 v _229_/Z (gf180mcu_fd_sc_mcu7t5v0__or4_1)
                                                         _086_ (net)
                      0.573918    0.000000    7.830964 v _259_/A1 (gf180mcu_fd_sc_mcu7t5v0__nand3_1)
    15    0.065607    2.600499    1.569291    9.400254 ^ _259_/ZN (gf180mcu_fd_sc_mcu7t5v0__nand3_1)
                                                         _111_ (net)
                      2.600499    0.000000    9.400254 ^ _294_/A1 (gf180mcu_fd_sc_mcu7t5v0__nor3_1)
     1    0.003014    0.647743    0.238477    9.638731 v _294_/ZN (gf180mcu_fd_sc_mcu7t5v0__nor3_1)
                                                         _002_ (net)
                      0.647743    0.000000    9.638731 v _390_/D (gf180mcu_fd_sc_mcu7t5v0__dffrnq_1)
                                              9.638731   data arrival time

                      0.150000   20.000000   20.000000   clock clk_i (rise edge)
                                  0.000000   20.000000   clock network delay (ideal)
                                 -0.250000   19.750002   clock uncertainty
                                  0.000000   19.750002   clock reconvergence pessimism
                                             19.750002 ^ _390_/CLK (gf180mcu_fd_sc_mcu7t5v0__dffrnq_1)
                                 -0.401815   19.348186   library setup time
                                             19.348186   data required time
---------------------------------------------------------------------------------------------
                                             19.348186   data required time
                                             -9.638731   data arrival time
---------------------------------------------------------------------------------------------
                                              9.709455   slack (MET)


Startpoint: cfg_div_i[10] (input port clocked by clk_i)
Endpoint: _392_ (rising edge-triggered flip-flop clocked by clk_i)
Path Group: clk_i
Path Type: max

Fanout         Cap        Slew       Delay        Time   Description
---------------------------------------------------------------------------------------------
                      0.150000    0.000000    0.000000   clock clk_i (rise edge)
                                  0.000000    0.000000   clock network delay (ideal)
                                  4.000000    4.000000 v input external delay
     3    0.016798    0.324846    0.163539    4.163538 v cfg_div_i[10] (in)
                                                         cfg_div_i[10] (net)
                      0.324846    0.000000    4.163538 v _216_/A1 (gf180mcu_fd_sc_mcu7t5v0__xor2_1)
     1    0.003944    0.373827    0.859624    5.023163 v _216_/Z (gf180mcu_fd_sc_mcu7t5v0__xor2_1)
                                                         _073_ (net)
                      0.373827    0.000000    5.023163 v _224_/A4 (gf180mcu_fd_sc_mcu7t5v0__nor4_1)
     1    0.004240    1.066475    0.842570    5.865733 ^ _224_/ZN (gf180mcu_fd_sc_mcu7t5v0__nor4_1)
                                                         _081_ (net)
                      1.066475    0.000000    5.865733 ^ _226_/A2 (gf180mcu_fd_sc_mcu7t5v0__nand3_1)
     1    0.002788    0.434691    0.291701    6.157434 v _226_/ZN (gf180mcu_fd_sc_mcu7t5v0__nand3_1)
                                                         _083_ (net)
                      0.434691    0.000000    6.157434 v _229_/A3 (gf180mcu_fd_sc_mcu7t5v0__or4_1)
     2    0.007300    0.573918    1.673530    7.830964 v _229_/Z (gf180mcu_fd_sc_mcu7t5v0__or4_1)
                                                         _086_ (net)
                      0.573918    0.000000    7.830964 v _259_/A1 (gf180mcu_fd_sc_mcu7t5v0__nand3_1)
    15    0.065607    2.600499    1.569291    9.400254 ^ _259_/ZN (gf180mcu_fd_sc_mcu7t5v0__nand3_1)
                                                         _111_ (net)
                      2.600499    0.000000    9.400254 ^ _300_/A1 (gf180mcu_fd_sc_mcu7t5v0__nor3_1)
     1    0.003014    0.647743    0.238477    9.638731 v _300_/ZN (gf180mcu_fd_sc_mcu7t5v0__nor3_1)
                                                         _004_ (net)
                      0.647743    0.000000    9.638731 v _392_/D (gf180mcu_fd_sc_mcu7t5v0__dffrnq_1)
                                              9.638731   data arrival time

                      0.150000   20.000000   20.000000   clock clk_i (rise edge)
                                  0.000000   20.000000   clock network delay (ideal)
                                 -0.250000   19.750002   clock uncertainty
                                  0.000000   19.750002   clock reconvergence pessimism
                                             19.750002 ^ _392_/CLK (gf180mcu_fd_sc_mcu7t5v0__dffrnq_1)
                                 -0.401815   19.348186   library setup time
                                             19.348186   data required time
---------------------------------------------------------------------------------------------
                                             19.348186   data required time
                                             -9.638731   data arrival time
---------------------------------------------------------------------------------------------
                                              9.709455   slack (MET)


Startpoint: cfg_div_i[10] (input port clocked by clk_i)
Endpoint: _393_ (rising edge-triggered flip-flop clocked by clk_i)
Path Group: clk_i
Path Type: max

Fanout         Cap        Slew       Delay        Time   Description
---------------------------------------------------------------------------------------------
                      0.150000    0.000000    0.000000   clock clk_i (rise edge)
                                  0.000000    0.000000   clock network delay (ideal)
                                  4.000000    4.000000 v input external delay
     3    0.016798    0.324846    0.163539    4.163538 v cfg_div_i[10] (in)
                                                         cfg_div_i[10] (net)
                      0.324846    0.000000    4.163538 v _216_/A1 (gf180mcu_fd_sc_mcu7t5v0__xor2_1)
     1    0.003944    0.373827    0.859624    5.023163 v _216_/Z (gf180mcu_fd_sc_mcu7t5v0__xor2_1)
                                                         _073_ (net)
                      0.373827    0.000000    5.023163 v _224_/A4 (gf180mcu_fd_sc_mcu7t5v0__nor4_1)
     1    0.004240    1.066475    0.842570    5.865733 ^ _224_/ZN (gf180mcu_fd_sc_mcu7t5v0__nor4_1)
                                                         _081_ (net)
                      1.066475    0.000000    5.865733 ^ _226_/A2 (gf180mcu_fd_sc_mcu7t5v0__nand3_1)
     1    0.002788    0.434691    0.291701    6.157434 v _226_/ZN (gf180mcu_fd_sc_mcu7t5v0__nand3_1)
                                                         _083_ (net)
                      0.434691    0.000000    6.157434 v _229_/A3 (gf180mcu_fd_sc_mcu7t5v0__or4_1)
     2    0.007300    0.573918    1.673530    7.830964 v _229_/Z (gf180mcu_fd_sc_mcu7t5v0__or4_1)
                                                         _086_ (net)
                      0.573918    0.000000    7.830964 v _259_/A1 (gf180mcu_fd_sc_mcu7t5v0__nand3_1)
    15    0.065607    2.600499    1.569291    9.400254 ^ _259_/ZN (gf180mcu_fd_sc_mcu7t5v0__nand3_1)
                                                         _111_ (net)
                      2.600499    0.000000    9.400254 ^ _303_/A1 (gf180mcu_fd_sc_mcu7t5v0__nor3_1)
     1    0.003014    0.647743    0.238477    9.638731 v _303_/ZN (gf180mcu_fd_sc_mcu7t5v0__nor3_1)
                                                         _005_ (net)
                      0.647743    0.000000    9.638731 v _393_/D (gf180mcu_fd_sc_mcu7t5v0__dffrnq_1)
                                              9.638731   data arrival time

                      0.150000   20.000000   20.000000   clock clk_i (rise edge)
                                  0.000000   20.000000   clock network delay (ideal)
                                 -0.250000   19.750002   clock uncertainty
                                  0.000000   19.750002   clock reconvergence pessimism
                                             19.750002 ^ _393_/CLK (gf180mcu_fd_sc_mcu7t5v0__dffrnq_1)
                                 -0.401815   19.348186   library setup time
                                             19.348186   data required time
---------------------------------------------------------------------------------------------
                                             19.348186   data required time
                                             -9.638731   data arrival time
---------------------------------------------------------------------------------------------
                                              9.709455   slack (MET)


Startpoint: cfg_div_i[10] (input port clocked by clk_i)
Endpoint: _380_ (rising edge-triggered flip-flop clocked by clk_i)
Path Group: clk_i
Path Type: max

Fanout         Cap        Slew       Delay        Time   Description
---------------------------------------------------------------------------------------------
                      0.150000    0.000000    0.000000   clock clk_i (rise edge)
                                  0.000000    0.000000   clock network delay (ideal)
                                  4.000000    4.000000 v input external delay
     3    0.016798    0.324846    0.163539    4.163538 v cfg_div_i[10] (in)
                                                         cfg_div_i[10] (net)
                      0.324846    0.000000    4.163538 v _216_/A1 (gf180mcu_fd_sc_mcu7t5v0__xor2_1)
     1    0.003944    0.373827    0.859624    5.023163 v _216_/Z (gf180mcu_fd_sc_mcu7t5v0__xor2_1)
                                                         _073_ (net)
                      0.373827    0.000000    5.023163 v _224_/A4 (gf180mcu_fd_sc_mcu7t5v0__nor4_1)
     1    0.004240    1.066475    0.842570    5.865733 ^ _224_/ZN (gf180mcu_fd_sc_mcu7t5v0__nor4_1)
                                                         _081_ (net)
                      1.066475    0.000000    5.865733 ^ _226_/A2 (gf180mcu_fd_sc_mcu7t5v0__nand3_1)
     1    0.002788    0.434691    0.291701    6.157434 v _226_/ZN (gf180mcu_fd_sc_mcu7t5v0__nand3_1)
                                                         _083_ (net)
                      0.434691    0.000000    6.157434 v _229_/A3 (gf180mcu_fd_sc_mcu7t5v0__or4_1)
     2    0.007300    0.573918    1.673530    7.830964 v _229_/Z (gf180mcu_fd_sc_mcu7t5v0__or4_1)
                                                         _086_ (net)
                      0.573918    0.000000    7.830964 v _259_/A1 (gf180mcu_fd_sc_mcu7t5v0__nand3_1)
    15    0.065607    2.600499    1.569291    9.400254 ^ _259_/ZN (gf180mcu_fd_sc_mcu7t5v0__nand3_1)
                                                         _111_ (net)
                      2.600499    0.000000    9.400254 ^ _262_/A1 (gf180mcu_fd_sc_mcu7t5v0__nor2_1)
     1    0.003014    0.584230    0.169258    9.569511 v _262_/ZN (gf180mcu_fd_sc_mcu7t5v0__nor2_1)
                                                         _007_ (net)
                      0.584230    0.000000    9.569511 v _380_/D (gf180mcu_fd_sc_mcu7t5v0__dffrnq_1)
                                              9.569511   data arrival time

                      0.150000   20.000000   20.000000   clock clk_i (rise edge)
                                  0.000000   20.000000   clock network delay (ideal)
                                 -0.250000   19.750002   clock uncertainty
                                  0.000000   19.750002   clock reconvergence pessimism
                                             19.750002 ^ _380_/CLK (gf180mcu_fd_sc_mcu7t5v0__dffrnq_1)
                                 -0.384656   19.365345   library setup time
                                             19.365345   data required time
---------------------------------------------------------------------------------------------
                                             19.365345   data required time
                                             -9.569511   data arrival time
---------------------------------------------------------------------------------------------
                                              9.795834   slack (MET)


Startpoint: cfg_div_i[10] (input port clocked by clk_i)
Endpoint: _383_ (rising edge-triggered flip-flop clocked by clk_i)
Path Group: clk_i
Path Type: max

Fanout         Cap        Slew       Delay        Time   Description
---------------------------------------------------------------------------------------------
                      0.150000    0.000000    0.000000   clock clk_i (rise edge)
                                  0.000000    0.000000   clock network delay (ideal)
                                  4.000000    4.000000 v input external delay
     3    0.016798    0.324846    0.163539    4.163538 v cfg_div_i[10] (in)
                                                         cfg_div_i[10] (net)
                      0.324846    0.000000    4.163538 v _216_/A1 (gf180mcu_fd_sc_mcu7t5v0__xor2_1)
     1    0.003944    0.373827    0.859624    5.023163 v _216_/Z (gf180mcu_fd_sc_mcu7t5v0__xor2_1)
                                                         _073_ (net)
                      0.373827    0.000000    5.023163 v _224_/A4 (gf180mcu_fd_sc_mcu7t5v0__nor4_1)
     1    0.004240    1.066475    0.842570    5.865733 ^ _224_/ZN (gf180mcu_fd_sc_mcu7t5v0__nor4_1)
                                                         _081_ (net)
                      1.066475    0.000000    5.865733 ^ _226_/A2 (gf180mcu_fd_sc_mcu7t5v0__nand3_1)
     1    0.002788    0.434691    0.291701    6.157434 v _226_/ZN (gf180mcu_fd_sc_mcu7t5v0__nand3_1)
                                                         _083_ (net)
                      0.434691    0.000000    6.157434 v _229_/A3 (gf180mcu_fd_sc_mcu7t5v0__or4_1)
     2    0.007300    0.573918    1.673530    7.830964 v _229_/Z (gf180mcu_fd_sc_mcu7t5v0__or4_1)
                                                         _086_ (net)
                      0.573918    0.000000    7.830964 v _259_/A1 (gf180mcu_fd_sc_mcu7t5v0__nand3_1)
    15    0.065607    2.600499    1.569291    9.400254 ^ _259_/ZN (gf180mcu_fd_sc_mcu7t5v0__nand3_1)
                                                         _111_ (net)
                      2.600499    0.000000    9.400254 ^ _270_/A1 (gf180mcu_fd_sc_mcu7t5v0__nor2_1)
     1    0.003014    0.584230    0.169258    9.569511 v _270_/ZN (gf180mcu_fd_sc_mcu7t5v0__nor2_1)
                                                         _010_ (net)
                      0.584230    0.000000    9.569511 v _383_/D (gf180mcu_fd_sc_mcu7t5v0__dffrnq_1)
                                              9.569511   data arrival time

                      0.150000   20.000000   20.000000   clock clk_i (rise edge)
                                  0.000000   20.000000   clock network delay (ideal)
                                 -0.250000   19.750002   clock uncertainty
                                  0.000000   19.750002   clock reconvergence pessimism
                                             19.750002 ^ _383_/CLK (gf180mcu_fd_sc_mcu7t5v0__dffrnq_1)
                                 -0.384656   19.365345   library setup time
                                             19.365345   data required time
---------------------------------------------------------------------------------------------
                                             19.365345   data required time
                                             -9.569511   data arrival time
---------------------------------------------------------------------------------------------
                                              9.795834   slack (MET)


Startpoint: cfg_div_i[10] (input port clocked by clk_i)
Endpoint: _385_ (rising edge-triggered flip-flop clocked by clk_i)
Path Group: clk_i
Path Type: max

Fanout         Cap        Slew       Delay        Time   Description
---------------------------------------------------------------------------------------------
                      0.150000    0.000000    0.000000   clock clk_i (rise edge)
                                  0.000000    0.000000   clock network delay (ideal)
                                  4.000000    4.000000 v input external delay
     3    0.016798    0.324846    0.163539    4.163538 v cfg_div_i[10] (in)
                                                         cfg_div_i[10] (net)
                      0.324846    0.000000    4.163538 v _216_/A1 (gf180mcu_fd_sc_mcu7t5v0__xor2_1)
     1    0.003944    0.373827    0.859624    5.023163 v _216_/Z (gf180mcu_fd_sc_mcu7t5v0__xor2_1)
                                                         _073_ (net)
                      0.373827    0.000000    5.023163 v _224_/A4 (gf180mcu_fd_sc_mcu7t5v0__nor4_1)
     1    0.004240    1.066475    0.842570    5.865733 ^ _224_/ZN (gf180mcu_fd_sc_mcu7t5v0__nor4_1)
                                                         _081_ (net)
                      1.066475    0.000000    5.865733 ^ _226_/A2 (gf180mcu_fd_sc_mcu7t5v0__nand3_1)
     1    0.002788    0.434691    0.291701    6.157434 v _226_/ZN (gf180mcu_fd_sc_mcu7t5v0__nand3_1)
                                                         _083_ (net)
                      0.434691    0.000000    6.157434 v _229_/A3 (gf180mcu_fd_sc_mcu7t5v0__or4_1)
     2    0.007300    0.573918    1.673530    7.830964 v _229_/Z (gf180mcu_fd_sc_mcu7t5v0__or4_1)
                                                         _086_ (net)
                      0.573918    0.000000    7.830964 v _259_/A1 (gf180mcu_fd_sc_mcu7t5v0__nand3_1)
    15    0.065607    2.600499    1.569291    9.400254 ^ _259_/ZN (gf180mcu_fd_sc_mcu7t5v0__nand3_1)
                                                         _111_ (net)
                      2.600499    0.000000    9.400254 ^ _277_/A1 (gf180mcu_fd_sc_mcu7t5v0__nor2_1)
     1    0.003014    0.584230    0.169258    9.569511 v _277_/ZN (gf180mcu_fd_sc_mcu7t5v0__nor2_1)
                                                         _012_ (net)
                      0.584230    0.000000    9.569511 v _385_/D (gf180mcu_fd_sc_mcu7t5v0__dffrnq_1)
                                              9.569511   data arrival time

                      0.150000   20.000000   20.000000   clock clk_i (rise edge)
                                  0.000000   20.000000   clock network delay (ideal)
                                 -0.250000   19.750002   clock uncertainty
                                  0.000000   19.750002   clock reconvergence pessimism
                                             19.750002 ^ _385_/CLK (gf180mcu_fd_sc_mcu7t5v0__dffrnq_1)
                                 -0.384656   19.365345   library setup time
                                             19.365345   data required time
---------------------------------------------------------------------------------------------
                                             19.365345   data required time
                                             -9.569511   data arrival time
---------------------------------------------------------------------------------------------
                                              9.795834   slack (MET)


Startpoint: cfg_div_i[10] (input port clocked by clk_i)
Endpoint: _387_ (rising edge-triggered flip-flop clocked by clk_i)
Path Group: clk_i
Path Type: max

Fanout         Cap        Slew       Delay        Time   Description
---------------------------------------------------------------------------------------------
                      0.150000    0.000000    0.000000   clock clk_i (rise edge)
                                  0.000000    0.000000   clock network delay (ideal)
                                  4.000000    4.000000 v input external delay
     3    0.016798    0.324846    0.163539    4.163538 v cfg_div_i[10] (in)
                                                         cfg_div_i[10] (net)
                      0.324846    0.000000    4.163538 v _216_/A1 (gf180mcu_fd_sc_mcu7t5v0__xor2_1)
     1    0.003944    0.373827    0.859624    5.023163 v _216_/Z (gf180mcu_fd_sc_mcu7t5v0__xor2_1)
                                                         _073_ (net)
                      0.373827    0.000000    5.023163 v _224_/A4 (gf180mcu_fd_sc_mcu7t5v0__nor4_1)
     1    0.004240    1.066475    0.842570    5.865733 ^ _224_/ZN (gf180mcu_fd_sc_mcu7t5v0__nor4_1)
                                                         _081_ (net)
                      1.066475    0.000000    5.865733 ^ _226_/A2 (gf180mcu_fd_sc_mcu7t5v0__nand3_1)
     1    0.002788    0.434691    0.291701    6.157434 v _226_/ZN (gf180mcu_fd_sc_mcu7t5v0__nand3_1)
                                                         _083_ (net)
                      0.434691    0.000000    6.157434 v _229_/A3 (gf180mcu_fd_sc_mcu7t5v0__or4_1)
     2    0.007300    0.573918    1.673530    7.830964 v _229_/Z (gf180mcu_fd_sc_mcu7t5v0__or4_1)
                                                         _086_ (net)
                      0.573918    0.000000    7.830964 v _259_/A1 (gf180mcu_fd_sc_mcu7t5v0__nand3_1)
    15    0.065607    2.600499    1.569291    9.400254 ^ _259_/ZN (gf180mcu_fd_sc_mcu7t5v0__nand3_1)
                                                         _111_ (net)
                      2.600499    0.000000    9.400254 ^ _283_/A1 (gf180mcu_fd_sc_mcu7t5v0__nor2_1)
     1    0.003014    0.584230    0.169258    9.569511 v _283_/ZN (gf180mcu_fd_sc_mcu7t5v0__nor2_1)
                                                         _014_ (net)
                      0.584230    0.000000    9.569511 v _387_/D (gf180mcu_fd_sc_mcu7t5v0__dffrnq_1)
                                              9.569511   data arrival time

                      0.150000   20.000000   20.000000   clock clk_i (rise edge)
                                  0.000000   20.000000   clock network delay (ideal)
                                 -0.250000   19.750002   clock uncertainty
                                  0.000000   19.750002   clock reconvergence pessimism
                                             19.750002 ^ _387_/CLK (gf180mcu_fd_sc_mcu7t5v0__dffrnq_1)
                                 -0.384656   19.365345   library setup time
                                             19.365345   data required time
---------------------------------------------------------------------------------------------
                                             19.365345   data required time
                                             -9.569511   data arrival time
---------------------------------------------------------------------------------------------
                                              9.795834   slack (MET)


Startpoint: cfg_div_i[10] (input port clocked by clk_i)
Endpoint: _391_ (rising edge-triggered flip-flop clocked by clk_i)
Path Group: clk_i
Path Type: max

Fanout         Cap        Slew       Delay        Time   Description
---------------------------------------------------------------------------------------------
                      0.150000    0.000000    0.000000   clock clk_i (rise edge)
                                  0.000000    0.000000   clock network delay (ideal)
                                  4.000000    4.000000 v input external delay
     3    0.016798    0.324846    0.163539    4.163538 v cfg_div_i[10] (in)
                                                         cfg_div_i[10] (net)
                      0.324846    0.000000    4.163538 v _216_/A1 (gf180mcu_fd_sc_mcu7t5v0__xor2_1)
     1    0.003944    0.373827    0.859624    5.023163 v _216_/Z (gf180mcu_fd_sc_mcu7t5v0__xor2_1)
                                                         _073_ (net)
                      0.373827    0.000000    5.023163 v _224_/A4 (gf180mcu_fd_sc_mcu7t5v0__nor4_1)
     1    0.004240    1.066475    0.842570    5.865733 ^ _224_/ZN (gf180mcu_fd_sc_mcu7t5v0__nor4_1)
                                                         _081_ (net)
                      1.066475    0.000000    5.865733 ^ _226_/A2 (gf180mcu_fd_sc_mcu7t5v0__nand3_1)
     1    0.002788    0.434691    0.291701    6.157434 v _226_/ZN (gf180mcu_fd_sc_mcu7t5v0__nand3_1)
                                                         _083_ (net)
                      0.434691    0.000000    6.157434 v _229_/A3 (gf180mcu_fd_sc_mcu7t5v0__or4_1)
     2    0.007300    0.573918    1.673530    7.830964 v _229_/Z (gf180mcu_fd_sc_mcu7t5v0__or4_1)
                                                         _086_ (net)
                      0.573918    0.000000    7.830964 v _259_/A1 (gf180mcu_fd_sc_mcu7t5v0__nand3_1)
    15    0.065607    2.600499    1.569291    9.400254 ^ _259_/ZN (gf180mcu_fd_sc_mcu7t5v0__nand3_1)
                                                         _111_ (net)
                      2.600499    0.000000    9.400254 ^ _296_/A1 (gf180mcu_fd_sc_mcu7t5v0__nor2_1)
     1    0.003014    0.584230    0.169258    9.569511 v _296_/ZN (gf180mcu_fd_sc_mcu7t5v0__nor2_1)
                                                         _003_ (net)
                      0.584230    0.000000    9.569511 v _391_/D (gf180mcu_fd_sc_mcu7t5v0__dffrnq_1)
                                              9.569511   data arrival time

                      0.150000   20.000000   20.000000   clock clk_i (rise edge)
                                  0.000000   20.000000   clock network delay (ideal)
                                 -0.250000   19.750002   clock uncertainty
                                  0.000000   19.750002   clock reconvergence pessimism
                                             19.750002 ^ _391_/CLK (gf180mcu_fd_sc_mcu7t5v0__dffrnq_1)
                                 -0.384656   19.365345   library setup time
                                             19.365345   data required time
---------------------------------------------------------------------------------------------
                                             19.365345   data required time
                                             -9.569511   data arrival time
---------------------------------------------------------------------------------------------
                                              9.795834   slack (MET)


Startpoint: _365_ (rising edge-triggered flip-flop clocked by clk_i)
Endpoint: rx_valid_o (output port clocked by clk_i)
Path Group: clk_i
Path Type: max

Fanout         Cap        Slew       Delay        Time   Description
---------------------------------------------------------------------------------------------
                      0.150000    0.000000    0.000000   clock clk_i (rise edge)
                                  0.000000    0.000000   clock network delay (ideal)
                      0.150000    0.000000    0.000000 ^ _365_/CLK (gf180mcu_fd_sc_mcu7t5v0__dffrnq_1)
     7    0.033682    0.633061    1.597628    1.597628 v _365_/Q (gf180mcu_fd_sc_mcu7t5v0__dffrnq_1)
                                                         CS[1] (net)
                      0.633061    0.000000    1.597628 v _201_/A1 (gf180mcu_fd_sc_mcu7t5v0__nor2_1)
     4    0.020673    1.335370    0.918329    2.515957 ^ _201_/ZN (gf180mcu_fd_sc_mcu7t5v0__nor2_1)
                                                         _059_ (net)
                      1.335370    0.000000    2.515957 ^ _254_/A3 (gf180mcu_fd_sc_mcu7t5v0__nand3_1)
     3    0.012835    0.769445    0.498159    3.014116 v _254_/ZN (gf180mcu_fd_sc_mcu7t5v0__nand3_1)
                                                         _110_ (net)
                      0.769445    0.000000    3.014116 v _255_/A2 (gf180mcu_fd_sc_mcu7t5v0__nor2_1)
     2    0.075701    4.299299    2.585691    5.599807 ^ _255_/ZN (gf180mcu_fd_sc_mcu7t5v0__nor2_1)
                                                         rx_valid_o (net)
                      4.299299    0.000000    5.599807 ^ rx_valid_o (out)
                                              5.599807   data arrival time

                      0.150000   20.000000   20.000000   clock clk_i (rise edge)
                                  0.000000   20.000000   clock network delay (ideal)
                                 -0.250000   19.750002   clock uncertainty
                                  0.000000   19.750002   clock reconvergence pessimism
                                 -4.000000   15.750001   output external delay
                                             15.750001   data required time
---------------------------------------------------------------------------------------------
                                             15.750001   data required time
                                             -5.599807   data arrival time
---------------------------------------------------------------------------------------------
                                             10.150194   slack (MET)


Startpoint: cfg_div_i[10] (input port clocked by clk_i)
Endpoint: _395_ (rising edge-triggered flip-flop clocked by clk_i)
Path Group: clk_i
Path Type: max

Fanout         Cap        Slew       Delay        Time   Description
---------------------------------------------------------------------------------------------
                      0.150000    0.000000    0.000000   clock clk_i (rise edge)
                                  0.000000    0.000000   clock network delay (ideal)
                                  4.000000    4.000000 v input external delay
     3    0.016798    0.324846    0.163539    4.163538 v cfg_div_i[10] (in)
                                                         cfg_div_i[10] (net)
                      0.324846    0.000000    4.163538 v _216_/A1 (gf180mcu_fd_sc_mcu7t5v0__xor2_1)
     1    0.003944    0.373827    0.859624    5.023163 v _216_/Z (gf180mcu_fd_sc_mcu7t5v0__xor2_1)
                                                         _073_ (net)
                      0.373827    0.000000    5.023163 v _224_/A4 (gf180mcu_fd_sc_mcu7t5v0__nor4_1)
     1    0.004240    1.066475    0.842570    5.865733 ^ _224_/ZN (gf180mcu_fd_sc_mcu7t5v0__nor4_1)
                                                         _081_ (net)
                      1.066475    0.000000    5.865733 ^ _226_/A2 (gf180mcu_fd_sc_mcu7t5v0__nand3_1)
     1    0.002788    0.434691    0.291701    6.157434 v _226_/ZN (gf180mcu_fd_sc_mcu7t5v0__nand3_1)
                                                         _083_ (net)
                      0.434691    0.000000    6.157434 v _229_/A3 (gf180mcu_fd_sc_mcu7t5v0__or4_1)
     2    0.007300    0.573918    1.673530    7.830964 v _229_/Z (gf180mcu_fd_sc_mcu7t5v0__or4_1)
                                                         _086_ (net)
                      0.573918    0.000000    7.830964 v _250_/A1 (gf180mcu_fd_sc_mcu7t5v0__and2_1)
     2    0.007052    0.252835    0.593406    8.424370 v _250_/Z (gf180mcu_fd_sc_mcu7t5v0__and2_1)
                                                         _107_ (net)
                      0.252835    0.000000    8.424370 v _253_/B (gf180mcu_fd_sc_mcu7t5v0__aoi21_1)
     1    0.003014    0.540230    0.442208    8.866578 ^ _253_/ZN (gf180mcu_fd_sc_mcu7t5v0__aoi21_1)
                                                         _016_ (net)
                      0.540230    0.000000    8.866578 ^ _395_/D (gf180mcu_fd_sc_mcu7t5v0__dffrnq_1)
                                              8.866578   data arrival time

                      0.150000   20.000000   20.000000   clock clk_i (rise edge)
                                  0.000000   20.000000   clock network delay (ideal)
                                 -0.250000   19.750002   clock uncertainty
                                  0.000000   19.750002   clock reconvergence pessimism
                                             19.750002 ^ _395_/CLK (gf180mcu_fd_sc_mcu7t5v0__dffrnq_1)
                                 -0.674051   19.075951   library setup time
                                             19.075951   data required time
---------------------------------------------------------------------------------------------
                                             19.075951   data required time
                                             -8.866578   data arrival time
---------------------------------------------------------------------------------------------
                                             10.209373   slack (MET)


Startpoint: _365_ (rising edge-triggered flip-flop clocked by clk_i)
Endpoint: err_parity_o (output port clocked by clk_i)
Path Group: clk_i
Path Type: max

Fanout         Cap        Slew       Delay        Time   Description
---------------------------------------------------------------------------------------------
                      0.150000    0.000000    0.000000   clock clk_i (rise edge)
                                  0.000000    0.000000   clock network delay (ideal)
                      0.150000    0.000000    0.000000 ^ _365_/CLK (gf180mcu_fd_sc_mcu7t5v0__dffrnq_1)
     7    0.033682    0.633061    1.597628    1.597628 v _365_/Q (gf180mcu_fd_sc_mcu7t5v0__dffrnq_1)
                                                         CS[1] (net)
                      0.633061    0.000000    1.597628 v _201_/A1 (gf180mcu_fd_sc_mcu7t5v0__nor2_1)
     4    0.020673    1.335370    0.918329    2.515957 ^ _201_/ZN (gf180mcu_fd_sc_mcu7t5v0__nor2_1)
                                                         _059_ (net)
                      1.335370    0.000000    2.515957 ^ _254_/A3 (gf180mcu_fd_sc_mcu7t5v0__nand3_1)
     3    0.012835    0.769445    0.498159    3.014116 v _254_/ZN (gf180mcu_fd_sc_mcu7t5v0__nand3_1)
                                                         _110_ (net)
                      0.769445    0.000000    3.014116 v _258_/A2 (gf180mcu_fd_sc_mcu7t5v0__nor2_1)
     1    0.072910    4.148581    2.502035    5.516150 ^ _258_/ZN (gf180mcu_fd_sc_mcu7t5v0__nor2_1)
                                                         err_parity_o (net)
                      4.148581    0.000000    5.516150 ^ err_parity_o (out)
                                              5.516150   data arrival time

                      0.150000   20.000000   20.000000   clock clk_i (rise edge)
                                  0.000000   20.000000   clock network delay (ideal)
                                 -0.250000   19.750002   clock uncertainty
                                  0.000000   19.750002   clock reconvergence pessimism
                                 -4.000000   15.750001   output external delay
                                             15.750001   data required time
---------------------------------------------------------------------------------------------
                                             15.750001   data required time
                                             -5.516150   data arrival time
---------------------------------------------------------------------------------------------
                                             10.233850   slack (MET)


Startpoint: cfg_div_i[10] (input port clocked by clk_i)
Endpoint: _386_ (rising edge-triggered flip-flop clocked by clk_i)
Path Group: clk_i
Path Type: max

Fanout         Cap        Slew       Delay        Time   Description
---------------------------------------------------------------------------------------------
                      0.150000    0.000000    0.000000   clock clk_i (rise edge)
                                  0.000000    0.000000   clock network delay (ideal)
                                  4.000000    4.000000 v input external delay
     3    0.016798    0.324846    0.163539    4.163538 v cfg_div_i[10] (in)
                                                         cfg_div_i[10] (net)
                      0.324846    0.000000    4.163538 v _216_/A1 (gf180mcu_fd_sc_mcu7t5v0__xor2_1)
     1    0.003944    0.373827    0.859624    5.023163 v _216_/Z (gf180mcu_fd_sc_mcu7t5v0__xor2_1)
                                                         _073_ (net)
                      0.373827    0.000000    5.023163 v _224_/A4 (gf180mcu_fd_sc_mcu7t5v0__nor4_1)
     1    0.004240    1.066475    0.842570    5.865733 ^ _224_/ZN (gf180mcu_fd_sc_mcu7t5v0__nor4_1)
                                                         _081_ (net)
                      1.066475    0.000000    5.865733 ^ _226_/A2 (gf180mcu_fd_sc_mcu7t5v0__nand3_1)
     1    0.002788    0.434691    0.291701    6.157434 v _226_/ZN (gf180mcu_fd_sc_mcu7t5v0__nand3_1)
                                                         _083_ (net)
                      0.434691    0.000000    6.157434 v _229_/A3 (gf180mcu_fd_sc_mcu7t5v0__or4_1)
     2    0.007300    0.573918    1.673530    7.830964 v _229_/Z (gf180mcu_fd_sc_mcu7t5v0__or4_1)
                                                         _086_ (net)
                      0.573918    0.000000    7.830964 v _250_/A1 (gf180mcu_fd_sc_mcu7t5v0__and2_1)
     2    0.007052    0.252835    0.593406    8.424370 v _250_/Z (gf180mcu_fd_sc_mcu7t5v0__and2_1)
                                                         _107_ (net)
                      0.252835    0.000000    8.424370 v _280_/A1 (gf180mcu_fd_sc_mcu7t5v0__and4_1)
     1    0.003014    0.273299    0.521201    8.945571 v _280_/Z (gf180mcu_fd_sc_mcu7t5v0__and4_1)
                                                         _013_ (net)
                      0.273299    0.000000    8.945571 v _386_/D (gf180mcu_fd_sc_mcu7t5v0__dffrnq_1)
                                              8.945571   data arrival time

                      0.150000   20.000000   20.000000   clock clk_i (rise edge)
                                  0.000000   20.000000   clock network delay (ideal)
                                 -0.250000   19.750002   clock uncertainty
                                  0.000000   19.750002   clock reconvergence pessimism
                                             19.750002 ^ _386_/CLK (gf180mcu_fd_sc_mcu7t5v0__dffrnq_1)
                                 -0.290487   19.459513   library setup time
                                             19.459513   data required time
---------------------------------------------------------------------------------------------
                                             19.459513   data required time
                                             -8.945571   data arrival time
---------------------------------------------------------------------------------------------
                                             10.513943   slack (MET)


Startpoint: cfg_bits_i[1] (input port clocked by clk_i)
Endpoint: _365_ (rising edge-triggered flip-flop clocked by clk_i)
Path Group: clk_i
Path Type: max

Fanout         Cap        Slew       Delay        Time   Description
---------------------------------------------------------------------------------------------
                      0.150000    0.000000    0.000000   clock clk_i (rise edge)
                                  0.000000    0.000000   clock network delay (ideal)
                                  4.000000    4.000000 ^ input external delay
     7    0.035340    1.079194    0.554092    4.554092 ^ cfg_bits_i[1] (in)
                                                         cfg_bits_i[1] (net)
                      1.079194    0.000000    4.554092 ^ _315_/A1 (gf180mcu_fd_sc_mcu7t5v0__xnor2_1)
     1    0.004240    0.607395    0.740639    5.294731 ^ _315_/ZN (gf180mcu_fd_sc_mcu7t5v0__xnor2_1)
                                                         _147_ (net)
                      0.607395    0.000000    5.294731 ^ _317_/A2 (gf180mcu_fd_sc_mcu7t5v0__nand3_1)
     2    0.007782    0.518957    0.390630    5.685361 v _317_/ZN (gf180mcu_fd_sc_mcu7t5v0__nand3_1)
                                                         _149_ (net)
                      0.518957    0.000000    5.685361 v _319_/A1 (gf180mcu_fd_sc_mcu7t5v0__and2_1)
     2    0.007382    0.258396    0.581142    6.266503 v _319_/Z (gf180mcu_fd_sc_mcu7t5v0__and2_1)
                                                         _151_ (net)
                      0.258396    0.000000    6.266503 v _321_/A1 (gf180mcu_fd_sc_mcu7t5v0__nor2_1)
     4    0.025347    1.589014    0.955301    7.221804 ^ _321_/ZN (gf180mcu_fd_sc_mcu7t5v0__nor2_1)
                                                         _153_ (net)
                      1.589014    0.000000    7.221804 ^ _327_/S (gf180mcu_fd_sc_mcu7t5v0__mux2_2)
     1    0.002791    0.181583    0.581939    7.803743 ^ _327_/Z (gf180mcu_fd_sc_mcu7t5v0__mux2_2)
                                                         _158_ (net)
                      0.181583    0.000000    7.803743 ^ _328_/A2 (gf180mcu_fd_sc_mcu7t5v0__and2_1)
     1    0.003014    0.234043    0.495563    8.299306 ^ _328_/Z (gf180mcu_fd_sc_mcu7t5v0__and2_1)
                                                         _024_ (net)
                      0.234043    0.000000    8.299306 ^ _365_/D (gf180mcu_fd_sc_mcu7t5v0__dffrnq_1)
                                              8.299306   data arrival time

                      0.150000   20.000000   20.000000   clock clk_i (rise edge)
                                  0.000000   20.000000   clock network delay (ideal)
                                 -0.250000   19.750002   clock uncertainty
                                  0.000000   19.750002   clock reconvergence pessimism
                                             19.750002 ^ _365_/CLK (gf180mcu_fd_sc_mcu7t5v0__dffrnq_1)
                                 -0.610452   19.139549   library setup time
                                             19.139549   data required time
---------------------------------------------------------------------------------------------
                                             19.139549   data required time
                                             -8.299306   data arrival time
---------------------------------------------------------------------------------------------
                                             10.840243   slack (MET)


Startpoint: cfg_bits_i[1] (input port clocked by clk_i)
Endpoint: _366_ (rising edge-triggered flip-flop clocked by clk_i)
Path Group: clk_i
Path Type: max

Fanout         Cap        Slew       Delay        Time   Description
---------------------------------------------------------------------------------------------
                      0.150000    0.000000    0.000000   clock clk_i (rise edge)
                                  0.000000    0.000000   clock network delay (ideal)
                                  4.000000    4.000000 ^ input external delay
     7    0.035340    1.079194    0.554092    4.554092 ^ cfg_bits_i[1] (in)
                                                         cfg_bits_i[1] (net)
                      1.079194    0.000000    4.554092 ^ _315_/A1 (gf180mcu_fd_sc_mcu7t5v0__xnor2_1)
     1    0.004240    0.607395    0.740639    5.294731 ^ _315_/ZN (gf180mcu_fd_sc_mcu7t5v0__xnor2_1)
                                                         _147_ (net)
                      0.607395    0.000000    5.294731 ^ _317_/A2 (gf180mcu_fd_sc_mcu7t5v0__nand3_1)
     2    0.007782    0.518957    0.390630    5.685361 v _317_/ZN (gf180mcu_fd_sc_mcu7t5v0__nand3_1)
                                                         _149_ (net)
                      0.518957    0.000000    5.685361 v _319_/A1 (gf180mcu_fd_sc_mcu7t5v0__and2_1)
     2    0.007382    0.258396    0.581142    6.266503 v _319_/Z (gf180mcu_fd_sc_mcu7t5v0__and2_1)
                                                         _151_ (net)
                      0.258396    0.000000    6.266503 v _321_/A1 (gf180mcu_fd_sc_mcu7t5v0__nor2_1)
     4    0.025347    1.589014    0.955301    7.221804 ^ _321_/ZN (gf180mcu_fd_sc_mcu7t5v0__nor2_1)
                                                         _153_ (net)
                      1.589014    0.000000    7.221804 ^ _330_/A2 (gf180mcu_fd_sc_mcu7t5v0__oai21_1)
     1    0.004067    0.572319    0.346890    7.568694 v _330_/ZN (gf180mcu_fd_sc_mcu7t5v0__oai21_1)
                                                         _160_ (net)
                      0.572319    0.000000    7.568694 v _331_/B (gf180mcu_fd_sc_mcu7t5v0__aoi21_1)
     1    0.003014    0.538346    0.499027    8.067721 ^ _331_/ZN (gf180mcu_fd_sc_mcu7t5v0__aoi21_1)
                                                         _025_ (net)
                      0.538346    0.000000    8.067721 ^ _366_/D (gf180mcu_fd_sc_mcu7t5v0__dffrnq_1)
                                              8.067721   data arrival time

                      0.150000   20.000000   20.000000   clock clk_i (rise edge)
                                  0.000000   20.000000   clock network delay (ideal)
                                 -0.250000   19.750002   clock uncertainty
                                  0.000000   19.750002   clock reconvergence pessimism
                                             19.750002 ^ _366_/CLK (gf180mcu_fd_sc_mcu7t5v0__dffrnq_1)
                                 -0.673660   19.076342   library setup time
                                             19.076342   data required time
---------------------------------------------------------------------------------------------
                                             19.076342   data required time
                                             -8.067721   data arrival time
---------------------------------------------------------------------------------------------
                                             11.008619   slack (MET)


Startpoint: cfg_bits_i[1] (input port clocked by clk_i)
Endpoint: _364_ (rising edge-triggered flip-flop clocked by clk_i)
Path Group: clk_i
Path Type: max

Fanout         Cap        Slew       Delay        Time   Description
---------------------------------------------------------------------------------------------
                      0.150000    0.000000    0.000000   clock clk_i (rise edge)
                                  0.000000    0.000000   clock network delay (ideal)
                                  4.000000    4.000000 ^ input external delay
     7    0.035340    1.079194    0.554092    4.554092 ^ cfg_bits_i[1] (in)
                                                         cfg_bits_i[1] (net)
                      1.079194    0.000000    4.554092 ^ _315_/A1 (gf180mcu_fd_sc_mcu7t5v0__xnor2_1)
     1    0.004240    0.607395    0.740639    5.294731 ^ _315_/ZN (gf180mcu_fd_sc_mcu7t5v0__xnor2_1)
                                                         _147_ (net)
                      0.607395    0.000000    5.294731 ^ _317_/A2 (gf180mcu_fd_sc_mcu7t5v0__nand3_1)
     2    0.007782    0.518957    0.390630    5.685361 v _317_/ZN (gf180mcu_fd_sc_mcu7t5v0__nand3_1)
                                                         _149_ (net)
                      0.518957    0.000000    5.685361 v _319_/A1 (gf180mcu_fd_sc_mcu7t5v0__and2_1)
     2    0.007382    0.258396    0.581142    6.266503 v _319_/Z (gf180mcu_fd_sc_mcu7t5v0__and2_1)
                                                         _151_ (net)
                      0.258396    0.000000    6.266503 v _321_/A1 (gf180mcu_fd_sc_mcu7t5v0__nor2_1)
     4    0.025347    1.589014    0.955301    7.221804 ^ _321_/ZN (gf180mcu_fd_sc_mcu7t5v0__nor2_1)
                                                         _153_ (net)
                      1.589014    0.000000    7.221804 ^ _324_/A1 (gf180mcu_fd_sc_mcu7t5v0__aoi21_1)
     1    0.004329    0.495059    0.259532    7.481337 v _324_/ZN (gf180mcu_fd_sc_mcu7t5v0__aoi21_1)
                                                         _156_ (net)
                      0.495059    0.000000    7.481337 v _325_/A2 (gf180mcu_fd_sc_mcu7t5v0__nor2_1)
     1    0.003014    0.415727    0.357260    7.838597 ^ _325_/ZN (gf180mcu_fd_sc_mcu7t5v0__nor2_1)
                                                         _023_ (net)
                      0.415727    0.000000    7.838597 ^ _364_/D (gf180mcu_fd_sc_mcu7t5v0__dffrnq_1)
                                              7.838597   data arrival time

                      0.150000   20.000000   20.000000   clock clk_i (rise edge)
                                  0.000000   20.000000   clock network delay (ideal)
                                 -0.250000   19.750002   clock uncertainty
                                  0.000000   19.750002   clock reconvergence pessimism
                                             19.750002 ^ _364_/CLK (gf180mcu_fd_sc_mcu7t5v0__dffrnq_1)
                                 -0.648205   19.101797   library setup time
                                             19.101797   data required time
---------------------------------------------------------------------------------------------
                                             19.101797   data required time
                                             -7.838597   data arrival time
---------------------------------------------------------------------------------------------
                                             11.263200   slack (MET)


Startpoint: cfg_bits_i[0] (input port clocked by clk_i)
Endpoint: _377_ (rising edge-triggered flip-flop clocked by clk_i)
Path Group: clk_i
Path Type: max

Fanout         Cap        Slew       Delay        Time   Description
---------------------------------------------------------------------------------------------
                      0.150000    0.000000    0.000000   clock clk_i (rise edge)
                                  0.000000    0.000000   clock network delay (ideal)
                                  4.000000    4.000000 v input external delay
     7    0.035485    0.629590    0.343790    4.343790 v cfg_bits_i[0] (in)
                                                         cfg_bits_i[0] (net)
                      0.629590    0.000000    4.343790 v _316_/A1 (gf180mcu_fd_sc_mcu7t5v0__xnor2_1)
     1    0.004359    0.490777    0.770513    5.114303 v _316_/ZN (gf180mcu_fd_sc_mcu7t5v0__xnor2_1)
                                                         _148_ (net)
                      0.490777    0.000000    5.114303 v _317_/A3 (gf180mcu_fd_sc_mcu7t5v0__nand3_1)
     2    0.007782    0.573801    0.492012    5.606315 ^ _317_/ZN (gf180mcu_fd_sc_mcu7t5v0__nand3_1)
                                                         _149_ (net)
                      0.573801    0.000000    5.606315 ^ _319_/A1 (gf180mcu_fd_sc_mcu7t5v0__and2_1)
     2    0.007382    0.364509    0.640731    6.247046 ^ _319_/Z (gf180mcu_fd_sc_mcu7t5v0__and2_1)
                                                         _151_ (net)
                      0.364509    0.000000    6.247046 ^ _352_/A2 (gf180mcu_fd_sc_mcu7t5v0__and2_1)
     3    0.013733    0.523089    0.698142    6.945187 ^ _352_/Z (gf180mcu_fd_sc_mcu7t5v0__and2_1)
                                                         _173_ (net)
                      0.523089    0.000000    6.945187 ^ _358_/A4 (gf180mcu_fd_sc_mcu7t5v0__nand4_1)
     1    0.004900    0.612207    0.415686    7.360873 v _358_/ZN (gf180mcu_fd_sc_mcu7t5v0__nand4_1)
                                                         _177_ (net)
                      0.612207    0.000000    7.360873 v _359_/B (gf180mcu_fd_sc_mcu7t5v0__oai21_1)
     1    0.003014    0.559803    0.444000    7.804873 ^ _359_/ZN (gf180mcu_fd_sc_mcu7t5v0__oai21_1)
                                                         _036_ (net)
                      0.559803    0.000000    7.804873 ^ _377_/D (gf180mcu_fd_sc_mcu7t5v0__dffrnq_1)
                                              7.804873   data arrival time

                      0.150000   20.000000   20.000000   clock clk_i (rise edge)
                                  0.000000   20.000000   clock network delay (ideal)
                                 -0.250000   19.750002   clock uncertainty
                                  0.000000   19.750002   clock reconvergence pessimism
                                             19.750002 ^ _377_/CLK (gf180mcu_fd_sc_mcu7t5v0__dffrnq_1)
                                 -0.678114   19.071888   library setup time
                                             19.071888   data required time
---------------------------------------------------------------------------------------------
                                             19.071888   data required time
                                             -7.804873   data arrival time
---------------------------------------------------------------------------------------------
                                             11.267015   slack (MET)


Startpoint: _365_ (rising edge-triggered flip-flop clocked by clk_i)
Endpoint: busy_o (output port clocked by clk_i)
Path Group: clk_i
Path Type: max

Fanout         Cap        Slew       Delay        Time   Description
---------------------------------------------------------------------------------------------
                      0.150000    0.000000    0.000000   clock clk_i (rise edge)
                                  0.000000    0.000000   clock network delay (ideal)
                      0.150000    0.000000    0.000000 ^ _365_/CLK (gf180mcu_fd_sc_mcu7t5v0__dffrnq_1)
     7    0.033682    1.077111    2.161653    2.161653 ^ _365_/Q (gf180mcu_fd_sc_mcu7t5v0__dffrnq_1)
                                                         CS[1] (net)
                      1.077111    0.000000    2.161653 ^ _201_/A1 (gf180mcu_fd_sc_mcu7t5v0__nor2_1)
     4    0.020673    0.718571    0.585622    2.747275 v _201_/ZN (gf180mcu_fd_sc_mcu7t5v0__nor2_1)
                                                         _059_ (net)
                      0.718571    0.000000    2.747275 v _202_/A2 (gf180mcu_fd_sc_mcu7t5v0__nand2_1)
     3    0.082902    2.686315    1.728650    4.475925 ^ _202_/ZN (gf180mcu_fd_sc_mcu7t5v0__nand2_1)
                                                         busy_o (net)
                      2.686315    0.000000    4.475925 ^ busy_o (out)
                                              4.475925   data arrival time

                      0.150000   20.000000   20.000000   clock clk_i (rise edge)
                                  0.000000   20.000000   clock network delay (ideal)
                                 -0.250000   19.750002   clock uncertainty
                                  0.000000   19.750002   clock reconvergence pessimism
                                 -4.000000   15.750001   output external delay
                                             15.750001   data required time
---------------------------------------------------------------------------------------------
                                             15.750001   data required time
                                             -4.475925   data arrival time
---------------------------------------------------------------------------------------------
                                             11.274076   slack (MET)


Startpoint: cfg_bits_i[0] (input port clocked by clk_i)
Endpoint: _376_ (rising edge-triggered flip-flop clocked by clk_i)
Path Group: clk_i
Path Type: max

Fanout         Cap        Slew       Delay        Time   Description
---------------------------------------------------------------------------------------------
                      0.150000    0.000000    0.000000   clock clk_i (rise edge)
                                  0.000000    0.000000   clock network delay (ideal)
                                  4.000000    4.000000 v input external delay
     7    0.035485    0.629590    0.343790    4.343790 v cfg_bits_i[0] (in)
                                                         cfg_bits_i[0] (net)
                      0.629590    0.000000    4.343790 v _316_/A1 (gf180mcu_fd_sc_mcu7t5v0__xnor2_1)
     1    0.004359    0.490777    0.770513    5.114303 v _316_/ZN (gf180mcu_fd_sc_mcu7t5v0__xnor2_1)
                                                         _148_ (net)
                      0.490777    0.000000    5.114303 v _317_/A3 (gf180mcu_fd_sc_mcu7t5v0__nand3_1)
     2    0.007782    0.573801    0.492012    5.606315 ^ _317_/ZN (gf180mcu_fd_sc_mcu7t5v0__nand3_1)
                                                         _149_ (net)
                      0.573801    0.000000    5.606315 ^ _319_/A1 (gf180mcu_fd_sc_mcu7t5v0__and2_1)
     2    0.007382    0.364509    0.640731    6.247046 ^ _319_/Z (gf180mcu_fd_sc_mcu7t5v0__and2_1)
                                                         _151_ (net)
                      0.364509    0.000000    6.247046 ^ _352_/A2 (gf180mcu_fd_sc_mcu7t5v0__and2_1)
     3    0.013733    0.523089    0.698142    6.945187 ^ _352_/Z (gf180mcu_fd_sc_mcu7t5v0__and2_1)
                                                         _173_ (net)
                      0.523089    0.000000    6.945187 ^ _356_/A2 (gf180mcu_fd_sc_mcu7t5v0__aoi21_1)
     1    0.004329    0.478136    0.224031    7.169218 v _356_/ZN (gf180mcu_fd_sc_mcu7t5v0__aoi21_1)
                                                         _176_ (net)
                      0.478136    0.000000    7.169218 v _357_/A2 (gf180mcu_fd_sc_mcu7t5v0__nor2_1)
     1    0.003014    0.510857    0.354362    7.523580 ^ _357_/ZN (gf180mcu_fd_sc_mcu7t5v0__nor2_1)
                                                         _035_ (net)
                      0.510857    0.000000    7.523580 ^ _376_/D (gf180mcu_fd_sc_mcu7t5v0__dffrnq_1)
                                              7.523580   data arrival time

                      0.150000   20.000000   20.000000   clock clk_i (rise edge)
                                  0.000000   20.000000   clock network delay (ideal)
                                 -0.250000   19.750002   clock uncertainty
                                  0.000000   19.750002   clock reconvergence pessimism
                                             19.750002 ^ _376_/CLK (gf180mcu_fd_sc_mcu7t5v0__dffrnq_1)
                                 -0.667953   19.082048   library setup time
                                             19.082048   data required time
---------------------------------------------------------------------------------------------
                                             19.082048   data required time
                                             -7.523580   data arrival time
---------------------------------------------------------------------------------------------
                                             11.558468   slack (MET)


Startpoint: cfg_bits_i[0] (input port clocked by clk_i)
Endpoint: _375_ (rising edge-triggered flip-flop clocked by clk_i)
Path Group: clk_i
Path Type: max

Fanout         Cap        Slew       Delay        Time   Description
---------------------------------------------------------------------------------------------
                      0.150000    0.000000    0.000000   clock clk_i (rise edge)
                                  0.000000    0.000000   clock network delay (ideal)
                                  4.000000    4.000000 v input external delay
     7    0.035485    0.629590    0.343790    4.343790 v cfg_bits_i[0] (in)
                                                         cfg_bits_i[0] (net)
                      0.629590    0.000000    4.343790 v _316_/A1 (gf180mcu_fd_sc_mcu7t5v0__xnor2_1)
     1    0.004359    0.490777    0.770513    5.114303 v _316_/ZN (gf180mcu_fd_sc_mcu7t5v0__xnor2_1)
                                                         _148_ (net)
                      0.490777    0.000000    5.114303 v _317_/A3 (gf180mcu_fd_sc_mcu7t5v0__nand3_1)
     2    0.007782    0.573801    0.492012    5.606315 ^ _317_/ZN (gf180mcu_fd_sc_mcu7t5v0__nand3_1)
                                                         _149_ (net)
                      0.573801    0.000000    5.606315 ^ _319_/A1 (gf180mcu_fd_sc_mcu7t5v0__and2_1)
     2    0.007382    0.364509    0.640731    6.247046 ^ _319_/Z (gf180mcu_fd_sc_mcu7t5v0__and2_1)
                                                         _151_ (net)
                      0.364509    0.000000    6.247046 ^ _352_/A2 (gf180mcu_fd_sc_mcu7t5v0__and2_1)
     3    0.013733    0.523089    0.698142    6.945187 ^ _352_/Z (gf180mcu_fd_sc_mcu7t5v0__and2_1)
                                                         _173_ (net)
                      0.523089    0.000000    6.945187 ^ _353_/I0 (gf180mcu_fd_sc_mcu7t5v0__mux2_2)
     1    0.003014    0.209768    0.497829    7.443016 ^ _353_/Z (gf180mcu_fd_sc_mcu7t5v0__mux2_2)
                                                         _034_ (net)
                      0.209768    0.000000    7.443016 ^ _375_/D (gf180mcu_fd_sc_mcu7t5v0__dffrnq_1)
                                              7.443016   data arrival time

                      0.150000   20.000000   20.000000   clock clk_i (rise edge)
                                  0.000000   20.000000   clock network delay (ideal)
                                 -0.250000   19.750002   clock uncertainty
                                  0.000000   19.750002   clock reconvergence pessimism
                                             19.750002 ^ _375_/CLK (gf180mcu_fd_sc_mcu7t5v0__dffrnq_1)
                                 -0.605146   19.144855   library setup time
                                             19.144855   data required time
---------------------------------------------------------------------------------------------
                                             19.144855   data required time
                                             -7.443016   data arrival time
---------------------------------------------------------------------------------------------
                                             11.701839   slack (MET)


Startpoint: _365_ (rising edge-triggered flip-flop clocked by clk_i)
Endpoint: _372_ (rising edge-triggered flip-flop clocked by clk_i)
Path Group: clk_i
Path Type: max

Fanout         Cap        Slew       Delay        Time   Description
---------------------------------------------------------------------------------------------
                      0.150000    0.000000    0.000000   clock clk_i (rise edge)
                                  0.000000    0.000000   clock network delay (ideal)
                      0.150000    0.000000    0.000000 ^ _365_/CLK (gf180mcu_fd_sc_mcu7t5v0__dffrnq_1)
     7    0.033682    1.077111    2.161653    2.161653 ^ _365_/Q (gf180mcu_fd_sc_mcu7t5v0__dffrnq_1)
                                                         CS[1] (net)
                      1.077111    0.000000    2.161653 ^ _180_/I (gf180mcu_fd_sc_mcu7t5v0__clkinv_1)
     2    0.008455    0.490219    0.392730    2.554383 v _180_/ZN (gf180mcu_fd_sc_mcu7t5v0__clkinv_1)
                                                         _038_ (net)
                      0.490219    0.000000    2.554383 v _318_/A1 (gf180mcu_fd_sc_mcu7t5v0__nor3_1)
     3    0.012013    1.370644    0.848255    3.402638 ^ _318_/ZN (gf180mcu_fd_sc_mcu7t5v0__nor3_1)
                                                         _150_ (net)
                      1.370644    0.000000    3.402638 ^ _332_/A2 (gf180mcu_fd_sc_mcu7t5v0__nand2_1)
    15    0.099299    2.736148    1.770017    5.172655 v _332_/ZN (gf180mcu_fd_sc_mcu7t5v0__nand2_1)
                                                         _161_ (net)
                      2.736148    0.000000    5.172655 v _343_/A2 (gf180mcu_fd_sc_mcu7t5v0__nand2_1)
     1    0.004900    0.733637    0.842266    6.014920 ^ _343_/ZN (gf180mcu_fd_sc_mcu7t5v0__nand2_1)
                                                         _167_ (net)
                      0.733637    0.000000    6.014920 ^ _344_/B (gf180mcu_fd_sc_mcu7t5v0__oai21_1)
     1    0.002637    0.696790    0.305107    6.320027 v _344_/ZN (gf180mcu_fd_sc_mcu7t5v0__oai21_1)
                                                         _031_ (net)
                      0.696790    0.000000    6.320027 v _372_/D (gf180mcu_fd_sc_mcu7t5v0__dffsnq_1)
                                              6.320027   data arrival time

                      0.150000   20.000000   20.000000   clock clk_i (rise edge)
                                  0.000000   20.000000   clock network delay (ideal)
                                 -0.250000   19.750002   clock uncertainty
                                  0.000000   19.750002   clock reconvergence pessimism
                                             19.750002 ^ _372_/CLK (gf180mcu_fd_sc_mcu7t5v0__dffsnq_1)
                                 -0.667428   19.082575   library setup time
                                             19.082575   data required time
---------------------------------------------------------------------------------------------
                                             19.082575   data required time
                                             -6.320027   data arrival time
---------------------------------------------------------------------------------------------
                                             12.762547   slack (MET)


Startpoint: _365_ (rising edge-triggered flip-flop clocked by clk_i)
Endpoint: _373_ (rising edge-triggered flip-flop clocked by clk_i)
Path Group: clk_i
Path Type: max

Fanout         Cap        Slew       Delay        Time   Description
---------------------------------------------------------------------------------------------
                      0.150000    0.000000    0.000000   clock clk_i (rise edge)
                                  0.000000    0.000000   clock network delay (ideal)
                      0.150000    0.000000    0.000000 ^ _365_/CLK (gf180mcu_fd_sc_mcu7t5v0__dffrnq_1)
     7    0.033682    1.077111    2.161653    2.161653 ^ _365_/Q (gf180mcu_fd_sc_mcu7t5v0__dffrnq_1)
                                                         CS[1] (net)
                      1.077111    0.000000    2.161653 ^ _180_/I (gf180mcu_fd_sc_mcu7t5v0__clkinv_1)
     2    0.008455    0.490219    0.392730    2.554383 v _180_/ZN (gf180mcu_fd_sc_mcu7t5v0__clkinv_1)
                                                         _038_ (net)
                      0.490219    0.000000    2.554383 v _318_/A1 (gf180mcu_fd_sc_mcu7t5v0__nor3_1)
     3    0.012013    1.370644    0.848255    3.402638 ^ _318_/ZN (gf180mcu_fd_sc_mcu7t5v0__nor3_1)
                                                         _150_ (net)
                      1.370644    0.000000    3.402638 ^ _332_/A2 (gf180mcu_fd_sc_mcu7t5v0__nand2_1)
    15    0.099299    2.736148    1.770017    5.172655 v _332_/ZN (gf180mcu_fd_sc_mcu7t5v0__nand2_1)
                                                         _161_ (net)
                      2.736148    0.000000    5.172655 v _347_/A2 (gf180mcu_fd_sc_mcu7t5v0__nand2_1)
     1    0.004900    0.733637    0.842266    6.014920 ^ _347_/ZN (gf180mcu_fd_sc_mcu7t5v0__nand2_1)
                                                         _170_ (net)
                      0.733637    0.000000    6.014920 ^ _348_/B (gf180mcu_fd_sc_mcu7t5v0__oai21_1)
     1    0.002637    0.696790    0.305107    6.320027 v _348_/ZN (gf180mcu_fd_sc_mcu7t5v0__oai21_1)
                                                         _032_ (net)
                      0.696790    0.000000    6.320027 v _373_/D (gf180mcu_fd_sc_mcu7t5v0__dffsnq_1)
                                              6.320027   data arrival time

                      0.150000   20.000000   20.000000   clock clk_i (rise edge)
                                  0.000000   20.000000   clock network delay (ideal)
                                 -0.250000   19.750002   clock uncertainty
                                  0.000000   19.750002   clock reconvergence pessimism
                                             19.750002 ^ _373_/CLK (gf180mcu_fd_sc_mcu7t5v0__dffsnq_1)
                                 -0.667428   19.082575   library setup time
                                             19.082575   data required time
---------------------------------------------------------------------------------------------
                                             19.082575   data required time
                                             -6.320027   data arrival time
---------------------------------------------------------------------------------------------
                                             12.762547   slack (MET)


Startpoint: _365_ (rising edge-triggered flip-flop clocked by clk_i)
Endpoint: _374_ (rising edge-triggered flip-flop clocked by clk_i)
Path Group: clk_i
Path Type: max

Fanout         Cap        Slew       Delay        Time   Description
---------------------------------------------------------------------------------------------
                      0.150000    0.000000    0.000000   clock clk_i (rise edge)
                                  0.000000    0.000000   clock network delay (ideal)
                      0.150000    0.000000    0.000000 ^ _365_/CLK (gf180mcu_fd_sc_mcu7t5v0__dffrnq_1)
     7    0.033682    1.077111    2.161653    2.161653 ^ _365_/Q (gf180mcu_fd_sc_mcu7t5v0__dffrnq_1)
                                                         CS[1] (net)
                      1.077111    0.000000    2.161653 ^ _180_/I (gf180mcu_fd_sc_mcu7t5v0__clkinv_1)
     2    0.008455    0.490219    0.392730    2.554383 v _180_/ZN (gf180mcu_fd_sc_mcu7t5v0__clkinv_1)
                                                         _038_ (net)
                      0.490219    0.000000    2.554383 v _318_/A1 (gf180mcu_fd_sc_mcu7t5v0__nor3_1)
     3    0.012013    1.370644    0.848255    3.402638 ^ _318_/ZN (gf180mcu_fd_sc_mcu7t5v0__nor3_1)
                                                         _150_ (net)
                      1.370644    0.000000    3.402638 ^ _332_/A2 (gf180mcu_fd_sc_mcu7t5v0__nand2_1)
    15    0.099299    2.736148    1.770017    5.172655 v _332_/ZN (gf180mcu_fd_sc_mcu7t5v0__nand2_1)
                                                         _161_ (net)
                      2.736148    0.000000    5.172655 v _350_/A2 (gf180mcu_fd_sc_mcu7t5v0__nand2_1)
     1    0.004900    0.733637    0.842266    6.014920 ^ _350_/ZN (gf180mcu_fd_sc_mcu7t5v0__nand2_1)
                                                         _172_ (net)
                      0.733637    0.000000    6.014920 ^ _351_/B (gf180mcu_fd_sc_mcu7t5v0__oai21_1)
     1    0.002637    0.696790    0.305107    6.320027 v _351_/ZN (gf180mcu_fd_sc_mcu7t5v0__oai21_1)
                                                         _033_ (net)
                      0.696790    0.000000    6.320027 v _374_/D (gf180mcu_fd_sc_mcu7t5v0__dffsnq_1)
                                              6.320027   data arrival time

                      0.150000   20.000000   20.000000   clock clk_i (rise edge)
                                  0.000000   20.000000   clock network delay (ideal)
                                 -0.250000   19.750002   clock uncertainty
                                  0.000000   19.750002   clock reconvergence pessimism
                                             19.750002 ^ _374_/CLK (gf180mcu_fd_sc_mcu7t5v0__dffsnq_1)
                                 -0.667428   19.082575   library setup time
                                             19.082575   data required time
---------------------------------------------------------------------------------------------
                                             19.082575   data required time
                                             -6.320027   data arrival time
---------------------------------------------------------------------------------------------
                                             12.762547   slack (MET)


Startpoint: _365_ (rising edge-triggered flip-flop clocked by clk_i)
Endpoint: _367_ (rising edge-triggered flip-flop clocked by clk_i)
Path Group: clk_i
Path Type: max

Fanout         Cap        Slew       Delay        Time   Description
---------------------------------------------------------------------------------------------
                      0.150000    0.000000    0.000000   clock clk_i (rise edge)
                                  0.000000    0.000000   clock network delay (ideal)
                      0.150000    0.000000    0.000000 ^ _365_/CLK (gf180mcu_fd_sc_mcu7t5v0__dffrnq_1)
     7    0.033682    1.077111    2.161653    2.161653 ^ _365_/Q (gf180mcu_fd_sc_mcu7t5v0__dffrnq_1)
                                                         CS[1] (net)
                      1.077111    0.000000    2.161653 ^ _180_/I (gf180mcu_fd_sc_mcu7t5v0__clkinv_1)
     2    0.008455    0.490219    0.392730    2.554383 v _180_/ZN (gf180mcu_fd_sc_mcu7t5v0__clkinv_1)
                                                         _038_ (net)
                      0.490219    0.000000    2.554383 v _318_/A1 (gf180mcu_fd_sc_mcu7t5v0__nor3_1)
     3    0.012013    1.370644    0.848255    3.402638 ^ _318_/ZN (gf180mcu_fd_sc_mcu7t5v0__nor3_1)
                                                         _150_ (net)
                      1.370644    0.000000    3.402638 ^ _332_/A2 (gf180mcu_fd_sc_mcu7t5v0__nand2_1)
    15    0.099299    2.736148    1.770017    5.172655 v _332_/ZN (gf180mcu_fd_sc_mcu7t5v0__nand2_1)
                                                         _161_ (net)
                      2.736148    0.000000    5.172655 v _333_/S (gf180mcu_fd_sc_mcu7t5v0__mux2_2)
     1    0.002637    0.251417    1.217272    6.389926 v _333_/Z (gf180mcu_fd_sc_mcu7t5v0__mux2_2)
                                                         _026_ (net)
                      0.251417    0.000000    6.389926 v _367_/D (gf180mcu_fd_sc_mcu7t5v0__dffsnq_1)
                                              6.389926   data arrival time

                      0.150000   20.000000   20.000000   clock clk_i (rise edge)
                                  0.000000   20.000000   clock network delay (ideal)
                                 -0.250000   19.750002   clock uncertainty
                                  0.000000   19.750002   clock reconvergence pessimism
                                             19.750002 ^ _367_/CLK (gf180mcu_fd_sc_mcu7t5v0__dffsnq_1)
                                 -0.510794   19.239206   library setup time
                                             19.239206   data required time
---------------------------------------------------------------------------------------------
                                             19.239206   data required time
                                             -6.389926   data arrival time
---------------------------------------------------------------------------------------------
                                             12.849280   slack (MET)


Startpoint: _365_ (rising edge-triggered flip-flop clocked by clk_i)
Endpoint: _368_ (rising edge-triggered flip-flop clocked by clk_i)
Path Group: clk_i
Path Type: max

Fanout         Cap        Slew       Delay        Time   Description
---------------------------------------------------------------------------------------------
                      0.150000    0.000000    0.000000   clock clk_i (rise edge)
                                  0.000000    0.000000   clock network delay (ideal)
                      0.150000    0.000000    0.000000 ^ _365_/CLK (gf180mcu_fd_sc_mcu7t5v0__dffrnq_1)
     7    0.033682    1.077111    2.161653    2.161653 ^ _365_/Q (gf180mcu_fd_sc_mcu7t5v0__dffrnq_1)
                                                         CS[1] (net)
                      1.077111    0.000000    2.161653 ^ _180_/I (gf180mcu_fd_sc_mcu7t5v0__clkinv_1)
     2    0.008455    0.490219    0.392730    2.554383 v _180_/ZN (gf180mcu_fd_sc_mcu7t5v0__clkinv_1)
                                                         _038_ (net)
                      0.490219    0.000000    2.554383 v _318_/A1 (gf180mcu_fd_sc_mcu7t5v0__nor3_1)
     3    0.012013    1.370644    0.848255    3.402638 ^ _318_/ZN (gf180mcu_fd_sc_mcu7t5v0__nor3_1)
                                                         _150_ (net)
                      1.370644    0.000000    3.402638 ^ _332_/A2 (gf180mcu_fd_sc_mcu7t5v0__nand2_1)
    15    0.099299    2.736148    1.770017    5.172655 v _332_/ZN (gf180mcu_fd_sc_mcu7t5v0__nand2_1)
                                                         _161_ (net)
                      2.736148    0.000000    5.172655 v _334_/S (gf180mcu_fd_sc_mcu7t5v0__mux2_2)
     1    0.002637    0.251417    1.217272    6.389926 v _334_/Z (gf180mcu_fd_sc_mcu7t5v0__mux2_2)
                                                         _027_ (net)
                      0.251417    0.000000    6.389926 v _368_/D (gf180mcu_fd_sc_mcu7t5v0__dffsnq_1)
                                              6.389926   data arrival time

                      0.150000   20.000000   20.000000   clock clk_i (rise edge)
                                  0.000000   20.000000   clock network delay (ideal)
                                 -0.250000   19.750002   clock uncertainty
                                  0.000000   19.750002   clock reconvergence pessimism
                                             19.750002 ^ _368_/CLK (gf180mcu_fd_sc_mcu7t5v0__dffsnq_1)
                                 -0.510794   19.239206   library setup time
                                             19.239206   data required time
---------------------------------------------------------------------------------------------
                                             19.239206   data required time
                                             -6.389926   data arrival time
---------------------------------------------------------------------------------------------
                                             12.849280   slack (MET)


Startpoint: _365_ (rising edge-triggered flip-flop clocked by clk_i)
Endpoint: _369_ (rising edge-triggered flip-flop clocked by clk_i)
Path Group: clk_i
Path Type: max

Fanout         Cap        Slew       Delay        Time   Description
---------------------------------------------------------------------------------------------
                      0.150000    0.000000    0.000000   clock clk_i (rise edge)
                                  0.000000    0.000000   clock network delay (ideal)
                      0.150000    0.000000    0.000000 ^ _365_/CLK (gf180mcu_fd_sc_mcu7t5v0__dffrnq_1)
     7    0.033682    1.077111    2.161653    2.161653 ^ _365_/Q (gf180mcu_fd_sc_mcu7t5v0__dffrnq_1)
                                                         CS[1] (net)
                      1.077111    0.000000    2.161653 ^ _180_/I (gf180mcu_fd_sc_mcu7t5v0__clkinv_1)
     2    0.008455    0.490219    0.392730    2.554383 v _180_/ZN (gf180mcu_fd_sc_mcu7t5v0__clkinv_1)
                                                         _038_ (net)
                      0.490219    0.000000    2.554383 v _318_/A1 (gf180mcu_fd_sc_mcu7t5v0__nor3_1)
     3    0.012013    1.370644    0.848255    3.402638 ^ _318_/ZN (gf180mcu_fd_sc_mcu7t5v0__nor3_1)
                                                         _150_ (net)
                      1.370644    0.000000    3.402638 ^ _332_/A2 (gf180mcu_fd_sc_mcu7t5v0__nand2_1)
    15    0.099299    2.736148    1.770017    5.172655 v _332_/ZN (gf180mcu_fd_sc_mcu7t5v0__nand2_1)
                                                         _161_ (net)
                      2.736148    0.000000    5.172655 v _335_/S (gf180mcu_fd_sc_mcu7t5v0__mux2_2)
     1    0.002637    0.251417    1.217272    6.389926 v _335_/Z (gf180mcu_fd_sc_mcu7t5v0__mux2_2)
                                                         _028_ (net)
                      0.251417    0.000000    6.389926 v _369_/D (gf180mcu_fd_sc_mcu7t5v0__dffsnq_1)
                                              6.389926   data arrival time

                      0.150000   20.000000   20.000000   clock clk_i (rise edge)
                                  0.000000   20.000000   clock network delay (ideal)
                                 -0.250000   19.750002   clock uncertainty
                                  0.000000   19.750002   clock reconvergence pessimism
                                             19.750002 ^ _369_/CLK (gf180mcu_fd_sc_mcu7t5v0__dffsnq_1)
                                 -0.510794   19.239206   library setup time
                                             19.239206   data required time
---------------------------------------------------------------------------------------------
                                             19.239206   data required time
                                             -6.389926   data arrival time
---------------------------------------------------------------------------------------------
                                             12.849280   slack (MET)


Startpoint: _365_ (rising edge-triggered flip-flop clocked by clk_i)
Endpoint: _370_ (rising edge-triggered flip-flop clocked by clk_i)
Path Group: clk_i
Path Type: max

Fanout         Cap        Slew       Delay        Time   Description
---------------------------------------------------------------------------------------------
                      0.150000    0.000000    0.000000   clock clk_i (rise edge)
                                  0.000000    0.000000   clock network delay (ideal)
                      0.150000    0.000000    0.000000 ^ _365_/CLK (gf180mcu_fd_sc_mcu7t5v0__dffrnq_1)
     7    0.033682    1.077111    2.161653    2.161653 ^ _365_/Q (gf180mcu_fd_sc_mcu7t5v0__dffrnq_1)
                                                         CS[1] (net)
                      1.077111    0.000000    2.161653 ^ _180_/I (gf180mcu_fd_sc_mcu7t5v0__clkinv_1)
     2    0.008455    0.490219    0.392730    2.554383 v _180_/ZN (gf180mcu_fd_sc_mcu7t5v0__clkinv_1)
                                                         _038_ (net)
                      0.490219    0.000000    2.554383 v _318_/A1 (gf180mcu_fd_sc_mcu7t5v0__nor3_1)
     3    0.012013    1.370644    0.848255    3.402638 ^ _318_/ZN (gf180mcu_fd_sc_mcu7t5v0__nor3_1)
                                                         _150_ (net)
                      1.370644    0.000000    3.402638 ^ _332_/A2 (gf180mcu_fd_sc_mcu7t5v0__nand2_1)
    15    0.099299    2.736148    1.770017    5.172655 v _332_/ZN (gf180mcu_fd_sc_mcu7t5v0__nand2_1)
                                                         _161_ (net)
                      2.736148    0.000000    5.172655 v _336_/S (gf180mcu_fd_sc_mcu7t5v0__mux2_2)
     1    0.002637    0.251417    1.217272    6.389926 v _336_/Z (gf180mcu_fd_sc_mcu7t5v0__mux2_2)
                                                         _029_ (net)
                      0.251417    0.000000    6.389926 v _370_/D (gf180mcu_fd_sc_mcu7t5v0__dffsnq_1)
                                              6.389926   data arrival time

                      0.150000   20.000000   20.000000   clock clk_i (rise edge)
                                  0.000000   20.000000   clock network delay (ideal)
                                 -0.250000   19.750002   clock uncertainty
                                  0.000000   19.750002   clock reconvergence pessimism
                                             19.750002 ^ _370_/CLK (gf180mcu_fd_sc_mcu7t5v0__dffsnq_1)
                                 -0.510794   19.239206   library setup time
                                             19.239206   data required time
---------------------------------------------------------------------------------------------
                                             19.239206   data required time
                                             -6.389926   data arrival time
---------------------------------------------------------------------------------------------
                                             12.849280   slack (MET)


Startpoint: _365_ (rising edge-triggered flip-flop clocked by clk_i)
Endpoint: _371_ (rising edge-triggered flip-flop clocked by clk_i)
Path Group: clk_i
Path Type: max

Fanout         Cap        Slew       Delay        Time   Description
---------------------------------------------------------------------------------------------
                      0.150000    0.000000    0.000000   clock clk_i (rise edge)
                                  0.000000    0.000000   clock network delay (ideal)
                      0.150000    0.000000    0.000000 ^ _365_/CLK (gf180mcu_fd_sc_mcu7t5v0__dffrnq_1)
     7    0.033682    1.077111    2.161653    2.161653 ^ _365_/Q (gf180mcu_fd_sc_mcu7t5v0__dffrnq_1)
                                                         CS[1] (net)
                      1.077111    0.000000    2.161653 ^ _180_/I (gf180mcu_fd_sc_mcu7t5v0__clkinv_1)
     2    0.008455    0.490219    0.392730    2.554383 v _180_/ZN (gf180mcu_fd_sc_mcu7t5v0__clkinv_1)
                                                         _038_ (net)
                      0.490219    0.000000    2.554383 v _318_/A1 (gf180mcu_fd_sc_mcu7t5v0__nor3_1)
     3    0.012013    1.370644    0.848255    3.402638 ^ _318_/ZN (gf180mcu_fd_sc_mcu7t5v0__nor3_1)
                                                         _150_ (net)
                      1.370644    0.000000    3.402638 ^ _332_/A2 (gf180mcu_fd_sc_mcu7t5v0__nand2_1)
    15    0.099299    2.736148    1.770017    5.172655 v _332_/ZN (gf180mcu_fd_sc_mcu7t5v0__nand2_1)
                                                         _161_ (net)
                      2.736148    0.000000    5.172655 v _339_/S (gf180mcu_fd_sc_mcu7t5v0__mux2_2)
     1    0.002637    0.251417    1.217272    6.389926 v _339_/Z (gf180mcu_fd_sc_mcu7t5v0__mux2_2)
                                                         _030_ (net)
                      0.251417    0.000000    6.389926 v _371_/D (gf180mcu_fd_sc_mcu7t5v0__dffsnq_1)
                                              6.389926   data arrival time

                      0.150000   20.000000   20.000000   clock clk_i (rise edge)
                                  0.000000   20.000000   clock network delay (ideal)
                                 -0.250000   19.750002   clock uncertainty
                                  0.000000   19.750002   clock reconvergence pessimism
                                             19.750002 ^ _371_/CLK (gf180mcu_fd_sc_mcu7t5v0__dffsnq_1)
                                 -0.510794   19.239206   library setup time
                                             19.239206   data required time
---------------------------------------------------------------------------------------------
                                             19.239206   data required time
                                             -6.389926   data arrival time
---------------------------------------------------------------------------------------------
                                             12.849280   slack (MET)


Startpoint: _365_ (rising edge-triggered flip-flop clocked by clk_i)
Endpoint: _378_ (rising edge-triggered flip-flop clocked by clk_i)
Path Group: clk_i
Path Type: max

Fanout         Cap        Slew       Delay        Time   Description
---------------------------------------------------------------------------------------------
                      0.150000    0.000000    0.000000   clock clk_i (rise edge)
                                  0.000000    0.000000   clock network delay (ideal)
                      0.150000    0.000000    0.000000 ^ _365_/CLK (gf180mcu_fd_sc_mcu7t5v0__dffrnq_1)
     7    0.033682    1.077111    2.161653    2.161653 ^ _365_/Q (gf180mcu_fd_sc_mcu7t5v0__dffrnq_1)
                                                         CS[1] (net)
                      1.077111    0.000000    2.161653 ^ _180_/I (gf180mcu_fd_sc_mcu7t5v0__clkinv_1)
     2    0.008455    0.490219    0.392730    2.554383 v _180_/ZN (gf180mcu_fd_sc_mcu7t5v0__clkinv_1)
                                                         _038_ (net)
                      0.490219    0.000000    2.554383 v _318_/A1 (gf180mcu_fd_sc_mcu7t5v0__nor3_1)
     3    0.012013    1.370644    0.848255    3.402638 ^ _318_/ZN (gf180mcu_fd_sc_mcu7t5v0__nor3_1)
                                                         _150_ (net)
                      1.370644    0.000000    3.402638 ^ _332_/A2 (gf180mcu_fd_sc_mcu7t5v0__nand2_1)
    15    0.099299    2.736148    1.770017    5.172655 v _332_/ZN (gf180mcu_fd_sc_mcu7t5v0__nand2_1)
                                                         _161_ (net)
                      2.736148    0.000000    5.172655 v _361_/A2 (gf180mcu_fd_sc_mcu7t5v0__nand3_1)
     1    0.004900    0.850205    0.911072    6.083726 ^ _361_/ZN (gf180mcu_fd_sc_mcu7t5v0__nand3_1)
                                                         _179_ (net)
                      0.850205    0.000000    6.083726 ^ _362_/B (gf180mcu_fd_sc_mcu7t5v0__oai21_1)
     1    0.003014    0.827335    0.316254    6.399980 v _362_/ZN (gf180mcu_fd_sc_mcu7t5v0__oai21_1)
                                                         _037_ (net)
                      0.827335    0.000000    6.399980 v _378_/D (gf180mcu_fd_sc_mcu7t5v0__dffrnq_1)
                                              6.399980   data arrival time

                      0.150000   20.000000   20.000000   clock clk_i (rise edge)
                                  0.000000   20.000000   clock network delay (ideal)
                                 -0.250000   19.750002   clock uncertainty
                                  0.000000   19.750002   clock reconvergence pessimism
                                             19.750002 ^ _378_/CLK (gf180mcu_fd_sc_mcu7t5v0__dffrnq_1)
                                 -0.450334   19.299667   library setup time
                                             19.299667   data required time
---------------------------------------------------------------------------------------------
                                             19.299667   data required time
                                             -6.399980   data arrival time
---------------------------------------------------------------------------------------------
                                             12.899687   slack (MET)


Startpoint: _372_ (rising edge-triggered flip-flop clocked by clk_i)
Endpoint: rx_data_o[5] (output port clocked by clk_i)
Path Group: clk_i
Path Type: max

Fanout         Cap        Slew       Delay        Time   Description
---------------------------------------------------------------------------------------------
                      0.150000    0.000000    0.000000   clock clk_i (rise edge)
                                  0.000000    0.000000   clock network delay (ideal)
                      0.150000    0.000000    0.000000 ^ _372_/CLK (gf180mcu_fd_sc_mcu7t5v0__dffsnq_1)
     3    0.082733    2.424975    2.631876    2.631876 ^ _372_/Q (gf180mcu_fd_sc_mcu7t5v0__dffsnq_1)
                                                         rx_data_o[5] (net)
                      2.424975    0.000000    2.631876 ^ rx_data_o[5] (out)
                                              2.631876   data arrival time

                      0.150000   20.000000   20.000000   clock clk_i (rise edge)
                                  0.000000   20.000000   clock network delay (ideal)
                                 -0.250000   19.750002   clock uncertainty
                                  0.000000   19.750002   clock reconvergence pessimism
                                 -4.000000   15.750001   output external delay
                                             15.750001   data required time
---------------------------------------------------------------------------------------------
                                             15.750001   data required time
                                             -2.631876   data arrival time
---------------------------------------------------------------------------------------------
                                             13.118125   slack (MET)


Startpoint: _373_ (rising edge-triggered flip-flop clocked by clk_i)
Endpoint: rx_data_o[6] (output port clocked by clk_i)
Path Group: clk_i
Path Type: max

Fanout         Cap        Slew       Delay        Time   Description
---------------------------------------------------------------------------------------------
                      0.150000    0.000000    0.000000   clock clk_i (rise edge)
                                  0.000000    0.000000   clock network delay (ideal)
                      0.150000    0.000000    0.000000 ^ _373_/CLK (gf180mcu_fd_sc_mcu7t5v0__dffsnq_1)
     3    0.082703    2.424133    2.631407    2.631407 ^ _373_/Q (gf180mcu_fd_sc_mcu7t5v0__dffsnq_1)
                                                         rx_data_o[6] (net)
                      2.424133    0.000000    2.631407 ^ rx_data_o[6] (out)
                                              2.631407   data arrival time

                      0.150000   20.000000   20.000000   clock clk_i (rise edge)
                                  0.000000   20.000000   clock network delay (ideal)
                                 -0.250000   19.750002   clock uncertainty
                                  0.000000   19.750002   clock reconvergence pessimism
                                 -4.000000   15.750001   output external delay
                                             15.750001   data required time
---------------------------------------------------------------------------------------------
                                             15.750001   data required time
                                             -2.631407   data arrival time
---------------------------------------------------------------------------------------------
                                             13.118593   slack (MET)


Startpoint: _368_ (rising edge-triggered flip-flop clocked by clk_i)
Endpoint: rx_data_o[1] (output port clocked by clk_i)
Path Group: clk_i
Path Type: max

Fanout         Cap        Slew       Delay        Time   Description
---------------------------------------------------------------------------------------------
                      0.150000    0.000000    0.000000   clock clk_i (rise edge)
                                  0.000000    0.000000   clock network delay (ideal)
                      0.150000    0.000000    0.000000 ^ _368_/CLK (gf180mcu_fd_sc_mcu7t5v0__dffsnq_1)
     3    0.082628    2.422027    2.630237    2.630237 ^ _368_/Q (gf180mcu_fd_sc_mcu7t5v0__dffsnq_1)
                                                         rx_data_o[1] (net)
                      2.422027    0.000000    2.630237 ^ rx_data_o[1] (out)
                                              2.630237   data arrival time

                      0.150000   20.000000   20.000000   clock clk_i (rise edge)
                                  0.000000   20.000000   clock network delay (ideal)
                                 -0.250000   19.750002   clock uncertainty
                                  0.000000   19.750002   clock reconvergence pessimism
                                 -4.000000   15.750001   output external delay
                                             15.750001   data required time
---------------------------------------------------------------------------------------------
                                             15.750001   data required time
                                             -2.630237   data arrival time
---------------------------------------------------------------------------------------------
                                             13.119764   slack (MET)


Startpoint: _369_ (rising edge-triggered flip-flop clocked by clk_i)
Endpoint: rx_data_o[2] (output port clocked by clk_i)
Path Group: clk_i
Path Type: max

Fanout         Cap        Slew       Delay        Time   Description
---------------------------------------------------------------------------------------------
                      0.150000    0.000000    0.000000   clock clk_i (rise edge)
                                  0.000000    0.000000   clock network delay (ideal)
                      0.150000    0.000000    0.000000 ^ _369_/CLK (gf180mcu_fd_sc_mcu7t5v0__dffsnq_1)
     3    0.082628    2.422027    2.630237    2.630237 ^ _369_/Q (gf180mcu_fd_sc_mcu7t5v0__dffsnq_1)
                                                         rx_data_o[2] (net)
                      2.422027    0.000000    2.630237 ^ rx_data_o[2] (out)
                                              2.630237   data arrival time

                      0.150000   20.000000   20.000000   clock clk_i (rise edge)
                                  0.000000   20.000000   clock network delay (ideal)
                                 -0.250000   19.750002   clock uncertainty
                                  0.000000   19.750002   clock reconvergence pessimism
                                 -4.000000   15.750001   output external delay
                                             15.750001   data required time
---------------------------------------------------------------------------------------------
                                             15.750001   data required time
                                             -2.630237   data arrival time
---------------------------------------------------------------------------------------------
                                             13.119764   slack (MET)


Startpoint: _370_ (rising edge-triggered flip-flop clocked by clk_i)
Endpoint: rx_data_o[3] (output port clocked by clk_i)
Path Group: clk_i
Path Type: max

Fanout         Cap        Slew       Delay        Time   Description
---------------------------------------------------------------------------------------------
                      0.150000    0.000000    0.000000   clock clk_i (rise edge)
                                  0.000000    0.000000   clock network delay (ideal)
                      0.150000    0.000000    0.000000 ^ _370_/CLK (gf180mcu_fd_sc_mcu7t5v0__dffsnq_1)
     3    0.082628    2.422027    2.630237    2.630237 ^ _370_/Q (gf180mcu_fd_sc_mcu7t5v0__dffsnq_1)
                                                         rx_data_o[3] (net)
                      2.422027    0.000000    2.630237 ^ rx_data_o[3] (out)
                                              2.630237   data arrival time

                      0.150000   20.000000   20.000000   clock clk_i (rise edge)
                                  0.000000   20.000000   clock network delay (ideal)
                                 -0.250000   19.750002   clock uncertainty
                                  0.000000   19.750002   clock reconvergence pessimism
                                 -4.000000   15.750001   output external delay
                                             15.750001   data required time
---------------------------------------------------------------------------------------------
                                             15.750001   data required time
                                             -2.630237   data arrival time
---------------------------------------------------------------------------------------------
                                             13.119764   slack (MET)


Startpoint: _371_ (rising edge-triggered flip-flop clocked by clk_i)
Endpoint: rx_data_o[4] (output port clocked by clk_i)
Path Group: clk_i
Path Type: max

Fanout         Cap        Slew       Delay        Time   Description
---------------------------------------------------------------------------------------------
                      0.150000    0.000000    0.000000   clock clk_i (rise edge)
                                  0.000000    0.000000   clock network delay (ideal)
                      0.150000    0.000000    0.000000 ^ _371_/CLK (gf180mcu_fd_sc_mcu7t5v0__dffsnq_1)
     3    0.082628    2.422027    2.630237    2.630237 ^ _371_/Q (gf180mcu_fd_sc_mcu7t5v0__dffsnq_1)
                                                         rx_data_o[4] (net)
                      2.422027    0.000000    2.630237 ^ rx_data_o[4] (out)
                                              2.630237   data arrival time

                      0.150000   20.000000   20.000000   clock clk_i (rise edge)
                                  0.000000   20.000000   clock network delay (ideal)
                                 -0.250000   19.750002   clock uncertainty
                                  0.000000   19.750002   clock reconvergence pessimism
                                 -4.000000   15.750001   output external delay
                                             15.750001   data required time
---------------------------------------------------------------------------------------------
                                             15.750001   data required time
                                             -2.630237   data arrival time
---------------------------------------------------------------------------------------------
                                             13.119764   slack (MET)


Startpoint: _374_ (rising edge-triggered flip-flop clocked by clk_i)
Endpoint: rx_data_o[7] (output port clocked by clk_i)
Path Group: clk_i
Path Type: max

Fanout         Cap        Slew       Delay        Time   Description
---------------------------------------------------------------------------------------------
                      0.150000    0.000000    0.000000   clock clk_i (rise edge)
                                  0.000000    0.000000   clock network delay (ideal)
                      0.150000    0.000000    0.000000 ^ _374_/CLK (gf180mcu_fd_sc_mcu7t5v0__dffsnq_1)
     3    0.082143    2.408411    2.622665    2.622665 ^ _374_/Q (gf180mcu_fd_sc_mcu7t5v0__dffsnq_1)
                                                         rx_data_o[7] (net)
                      2.408411    0.000000    2.622665 ^ rx_data_o[7] (out)
                                              2.622665   data arrival time

                      0.150000   20.000000   20.000000   clock clk_i (rise edge)
                                  0.000000   20.000000   clock network delay (ideal)
                                 -0.250000   19.750002   clock uncertainty
                                  0.000000   19.750002   clock reconvergence pessimism
                                 -4.000000   15.750001   output external delay
                                             15.750001   data required time
---------------------------------------------------------------------------------------------
                                             15.750001   data required time
                                             -2.622665   data arrival time
---------------------------------------------------------------------------------------------
                                             13.127337   slack (MET)


Startpoint: _367_ (rising edge-triggered flip-flop clocked by clk_i)
Endpoint: rx_data_o[0] (output port clocked by clk_i)
Path Group: clk_i
Path Type: max

Fanout         Cap        Slew       Delay        Time   Description
---------------------------------------------------------------------------------------------
                      0.150000    0.000000    0.000000   clock clk_i (rise edge)
                                  0.000000    0.000000   clock network delay (ideal)
                      0.150000    0.000000    0.000000 ^ _367_/CLK (gf180mcu_fd_sc_mcu7t5v0__dffsnq_1)
     2    0.077772    2.285697    2.554427    2.554427 ^ _367_/Q (gf180mcu_fd_sc_mcu7t5v0__dffsnq_1)
                                                         rx_data_o[0] (net)
                      2.285697    0.000000    2.554427 ^ rx_data_o[0] (out)
                                              2.554427   data arrival time

                      0.150000   20.000000   20.000000   clock clk_i (rise edge)
                                  0.000000   20.000000   clock network delay (ideal)
                                 -0.250000   19.750002   clock uncertainty
                                  0.000000   19.750002   clock reconvergence pessimism
                                 -4.000000   15.750001   output external delay
                                             15.750001   data required time
---------------------------------------------------------------------------------------------
                                             15.750001   data required time
                                             -2.554427   data arrival time
---------------------------------------------------------------------------------------------
                                             13.195574   slack (MET)


Startpoint: cfg_en_i (input port clocked by clk_i)
Endpoint: _397_ (rising edge-triggered flip-flop clocked by clk_i)
Path Group: clk_i
Path Type: max

Fanout         Cap        Slew       Delay        Time   Description
---------------------------------------------------------------------------------------------
                      0.150000    0.000000    0.000000   clock clk_i (rise edge)
                                  0.000000    0.000000   clock network delay (ideal)
                                  4.000000    4.000000 ^ input external delay
     4    0.016626    0.555340    0.262672    4.262671 ^ cfg_en_i (in)
                                                         cfg_en_i (net)
                      0.555340    0.000000    4.262671 ^ _197_/I (gf180mcu_fd_sc_mcu7t5v0__clkinv_1)
     3    0.010511    0.420940    0.360918    4.623589 v _197_/ZN (gf180mcu_fd_sc_mcu7t5v0__clkinv_1)
                                                         _055_ (net)
                      0.420940    0.000000    4.623589 v _307_/A1 (gf180mcu_fd_sc_mcu7t5v0__or2_1)
     1    0.002637    0.260653    0.738626    5.362215 v _307_/Z (gf180mcu_fd_sc_mcu7t5v0__or2_1)
                                                         _018_ (net)
                      0.260653    0.000000    5.362215 v _397_/D (gf180mcu_fd_sc_mcu7t5v0__dffsnq_1)
                                              5.362215   data arrival time

                      0.150000   20.000000   20.000000   clock clk_i (rise edge)
                                  0.000000   20.000000   clock network delay (ideal)
                                 -0.250000   19.750002   clock uncertainty
                                  0.000000   19.750002   clock reconvergence pessimism
                                             19.750002 ^ _397_/CLK (gf180mcu_fd_sc_mcu7t5v0__dffsnq_1)
                                 -0.514182   19.235819   library setup time
                                             19.235819   data required time
---------------------------------------------------------------------------------------------
                                             19.235819   data required time
                                             -5.362215   data arrival time
---------------------------------------------------------------------------------------------
                                             13.873603   slack (MET)


Startpoint: cfg_en_i (input port clocked by clk_i)
Endpoint: _396_ (rising edge-triggered flip-flop clocked by clk_i)
Path Group: clk_i
Path Type: max

Fanout         Cap        Slew       Delay        Time   Description
---------------------------------------------------------------------------------------------
                      0.150000    0.000000    0.000000   clock clk_i (rise edge)
                                  0.000000    0.000000   clock network delay (ideal)
                                  4.000000    4.000000 ^ input external delay
     4    0.016626    0.555340    0.262672    4.262671 ^ cfg_en_i (in)
                                                         cfg_en_i (net)
                      0.555340    0.000000    4.262671 ^ _197_/I (gf180mcu_fd_sc_mcu7t5v0__clkinv_1)
     3    0.010511    0.420940    0.360918    4.623589 v _197_/ZN (gf180mcu_fd_sc_mcu7t5v0__clkinv_1)
                                                         _055_ (net)
                      0.420940    0.000000    4.623589 v _306_/A1 (gf180mcu_fd_sc_mcu7t5v0__or2_1)
     1    0.002637    0.260309    0.738626    5.362215 v _306_/Z (gf180mcu_fd_sc_mcu7t5v0__or2_1)
                                                         _017_ (net)
                      0.260309    0.000000    5.362215 v _396_/D (gf180mcu_fd_sc_mcu7t5v0__dffsnq_1)
                                              5.362215   data arrival time

                      0.150000   20.000000   20.000000   clock clk_i (rise edge)
                                  0.000000   20.000000   clock network delay (ideal)
                                 -0.250000   19.750002   clock uncertainty
                                  0.000000   19.750002   clock reconvergence pessimism
                                             19.750002 ^ _396_/CLK (gf180mcu_fd_sc_mcu7t5v0__dffsnq_1)
                                 -0.514056   19.235945   library setup time
                                             19.235945   data required time
---------------------------------------------------------------------------------------------
                                             19.235945   data required time
                                             -5.362215   data arrival time
---------------------------------------------------------------------------------------------
                                             13.873729   slack (MET)


Startpoint: cfg_en_i (input port clocked by clk_i)
Endpoint: _398_ (rising edge-triggered flip-flop clocked by clk_i)
Path Group: clk_i
Path Type: max

Fanout         Cap        Slew       Delay        Time   Description
---------------------------------------------------------------------------------------------
                      0.150000    0.000000    0.000000   clock clk_i (rise edge)
                                  0.000000    0.000000   clock network delay (ideal)
                                  4.000000    4.000000 ^ input external delay
     4    0.016626    0.555340    0.262672    4.262671 ^ cfg_en_i (in)
                                                         cfg_en_i (net)
                      0.555340    0.000000    4.262671 ^ _308_/A2 (gf180mcu_fd_sc_mcu7t5v0__nand2_1)
     1    0.002637    0.236146    0.182519    4.445191 v _308_/ZN (gf180mcu_fd_sc_mcu7t5v0__nand2_1)
                                                         _019_ (net)
                      0.236146    0.000000    4.445191 v _398_/D (gf180mcu_fd_sc_mcu7t5v0__dffsnq_1)
                                              4.445191   data arrival time

                      0.150000   20.000000   20.000000   clock clk_i (rise edge)
                                  0.000000   20.000000   clock network delay (ideal)
                                 -0.250000   19.750002   clock uncertainty
                                  0.000000   19.750002   clock reconvergence pessimism
                                             19.750002 ^ _398_/CLK (gf180mcu_fd_sc_mcu7t5v0__dffsnq_1)
                                 -0.505288   19.244713   library setup time
                                             19.244713   data required time
---------------------------------------------------------------------------------------------
                                             19.244713   data required time
                                             -4.445191   data arrival time
---------------------------------------------------------------------------------------------
                                             14.799522   slack (MET)


Startpoint: _398_ (rising edge-triggered flip-flop clocked by clk_i)
Endpoint: _363_ (rising edge-triggered flip-flop clocked by clk_i)
Path Group: clk_i
Path Type: max

Fanout         Cap        Slew       Delay        Time   Description
---------------------------------------------------------------------------------------------
                      0.150000    0.000000    0.000000   clock clk_i (rise edge)
                                  0.000000    0.000000   clock network delay (ideal)
                      0.150000    0.000000    0.000000 ^ _398_/CLK (gf180mcu_fd_sc_mcu7t5v0__dffsnq_1)
     5    0.022818    0.752885    1.697621    1.697621 ^ _398_/Q (gf180mcu_fd_sc_mcu7t5v0__dffsnq_1)
                                                         reg_rx_sync[2] (net)
                      0.752885    0.000000    1.697621 ^ _182_/I (gf180mcu_fd_sc_mcu7t5v0__clkinv_1)
     3    0.017039    0.611582    0.510087    2.207708 v _182_/ZN (gf180mcu_fd_sc_mcu7t5v0__clkinv_1)
                                                         _040_ (net)
                      0.611582    0.000000    2.207708 v _309_/A1 (gf180mcu_fd_sc_mcu7t5v0__xor2_1)
     2    0.009117    0.465782    0.994654    3.202361 v _309_/Z (gf180mcu_fd_sc_mcu7t5v0__xor2_1)
                                                         _142_ (net)
                      0.465782    0.000000    3.202361 v _311_/A2 (gf180mcu_fd_sc_mcu7t5v0__nor3_1)
     1    0.004983    0.814680    0.600752    3.803113 ^ _311_/ZN (gf180mcu_fd_sc_mcu7t5v0__nor3_1)
                                                         _144_ (net)
                      0.814680    0.000000    3.803113 ^ _312_/A2 (gf180mcu_fd_sc_mcu7t5v0__oai21_1)
     1    0.004310    0.446416    0.317044    4.120158 v _312_/ZN (gf180mcu_fd_sc_mcu7t5v0__oai21_1)
                                                         _145_ (net)
                      0.446416    0.000000    4.120158 v _313_/I (gf180mcu_fd_sc_mcu7t5v0__clkinv_1)
     1    0.003014    0.231660    0.215666    4.335824 ^ _313_/ZN (gf180mcu_fd_sc_mcu7t5v0__clkinv_1)
                                                         _022_ (net)
                      0.231660    0.000000    4.335824 ^ _363_/D (gf180mcu_fd_sc_mcu7t5v0__dffrnq_1)
                                              4.335824   data arrival time

                      0.150000   20.000000   20.000000   clock clk_i (rise edge)
                                  0.000000   20.000000   clock network delay (ideal)
                                 -0.250000   19.750002   clock uncertainty
                                  0.000000   19.750002   clock reconvergence pessimism
                                             19.750002 ^ _363_/CLK (gf180mcu_fd_sc_mcu7t5v0__dffrnq_1)
                                 -0.609931   19.140070   library setup time
                                             19.140070   data required time
---------------------------------------------------------------------------------------------
                                             19.140070   data required time
                                             -4.335824   data arrival time
---------------------------------------------------------------------------------------------
                                             14.804245   slack (MET)



%OL_END_REPORT
%OL_CREATE_REPORT checks.rpt

===========================================================================
report_checks -unconstrained
===========================================================================
======================= nom_ss_125C_4v50 Corner ===================================

Startpoint: rstn_i (input port clocked by clk_i)
Endpoint: _363_ (recovery check against rising-edge clock clk_i)
Path Group: asynchronous
Path Type: max

Fanout         Cap        Slew       Delay        Time   Description
---------------------------------------------------------------------------------------------
                      0.150000    0.000000    0.000000   clock clk_i (rise edge)
                                  0.000000    0.000000   clock network delay (ideal)
                                  4.000000    4.000000 ^ input external delay
    36    0.257322    7.299897    4.011564    8.011564 ^ rstn_i (in)
                                                         rstn_i (net)
                      7.299897    0.000000    8.011564 ^ _363_/RN (gf180mcu_fd_sc_mcu7t5v0__dffrnq_1)
                                              8.011564   data arrival time

                      0.150000   20.000000   20.000000   clock clk_i (rise edge)
                                  0.000000   20.000000   clock network delay (ideal)
                                 -0.250000   19.750002   clock uncertainty
                                  0.000000   19.750002   clock reconvergence pessimism
                                             19.750002 ^ _363_/CLK (gf180mcu_fd_sc_mcu7t5v0__dffrnq_1)
                                 -2.120235   17.629766   library recovery time
                                             17.629766   data required time
---------------------------------------------------------------------------------------------
                                             17.629766   data required time
                                             -8.011564   data arrival time
---------------------------------------------------------------------------------------------
                                              9.618202   slack (MET)


Startpoint: rx_ready_i (input port clocked by clk_i)
Endpoint: err_overflow_o (output port clocked by clk_i)
Path Group: clk_i
Path Type: max

Fanout         Cap        Slew       Delay        Time   Description
---------------------------------------------------------------------------------------------
                      0.150000    0.000000    0.000000   clock clk_i (rise edge)
                                  0.000000    0.000000   clock network delay (ideal)
                                  4.000000    4.000000 v input external delay
     2    0.006834    0.161494    0.066982    4.066982 v rx_ready_i (in)
                                                         rx_ready_i (net)
                      0.161494    0.000000    4.066982 v _257_/A2 (gf180mcu_fd_sc_mcu7t5v0__nor3_1)
     1    0.072910    6.246789    3.603873    7.670855 ^ _257_/ZN (gf180mcu_fd_sc_mcu7t5v0__nor3_1)
                                                         err_overflow_o (net)
                      6.246789    0.000000    7.670855 ^ err_overflow_o (out)
                                              7.670855   data arrival time

                      0.150000   20.000000   20.000000   clock clk_i (rise edge)
                                  0.000000   20.000000   clock network delay (ideal)
                                 -0.250000   19.750002   clock uncertainty
                                  0.000000   19.750002   clock reconvergence pessimism
                                 -4.000000   15.750001   output external delay
                                             15.750001   data required time
---------------------------------------------------------------------------------------------
                                             15.750001   data required time
                                             -7.670855   data arrival time
---------------------------------------------------------------------------------------------
                                              8.079145   slack (MET)




===========================================================================
report_checks --slack_max -0.01
============================================================================
======================= nom_ss_125C_4v50 Corner ===================================

No paths found.


===========================================================================
 report_check_types -max_slew -max_cap -max_fanout -violators
============================================================================
======================= nom_ss_125C_4v50 Corner ===================================

max slew

Pin                                        Limit        Slew       Slack
------------------------------------------------------------------------
rstn_i                                  3.000000    7.299897   -4.299897 (VIOLATED)
_363_/RN                                3.000000    7.299897   -4.299897 (VIOLATED)
_364_/RN                                3.000000    7.299897   -4.299897 (VIOLATED)
_365_/RN                                3.000000    7.299897   -4.299897 (VIOLATED)
_366_/RN                                3.000000    7.299897   -4.299897 (VIOLATED)
_367_/SETN                              3.000000    7.299897   -4.299897 (VIOLATED)
_368_/SETN                              3.000000    7.299897   -4.299897 (VIOLATED)
_369_/SETN                              3.000000    7.299897   -4.299897 (VIOLATED)
_370_/SETN                              3.000000    7.299897   -4.299897 (VIOLATED)
_371_/SETN                              3.000000    7.299897   -4.299897 (VIOLATED)
_372_/SETN                              3.000000    7.299897   -4.299897 (VIOLATED)
_373_/SETN                              3.000000    7.299897   -4.299897 (VIOLATED)
_374_/SETN                              3.000000    7.299897   -4.299897 (VIOLATED)
_375_/RN                                3.000000    7.299897   -4.299897 (VIOLATED)
_376_/RN                                3.000000    7.299897   -4.299897 (VIOLATED)
_377_/RN                                3.000000    7.299897   -4.299897 (VIOLATED)
_378_/RN                                3.000000    7.299897   -4.299897 (VIOLATED)
_379_/RN                                3.000000    7.299897   -4.299897 (VIOLATED)
_380_/RN                                3.000000    7.299897   -4.299897 (VIOLATED)
_381_/RN                                3.000000    7.299897   -4.299897 (VIOLATED)
_382_/RN                                3.000000    7.299897   -4.299897 (VIOLATED)
_383_/RN                                3.000000    7.299897   -4.299897 (VIOLATED)
_384_/RN                                3.000000    7.299897   -4.299897 (VIOLATED)
_385_/RN                                3.000000    7.299897   -4.299897 (VIOLATED)
_386_/RN                                3.000000    7.299897   -4.299897 (VIOLATED)
_387_/RN                                3.000000    7.299897   -4.299897 (VIOLATED)
_388_/RN                                3.000000    7.299897   -4.299897 (VIOLATED)
_389_/RN                                3.000000    7.299897   -4.299897 (VIOLATED)
_390_/RN                                3.000000    7.299897   -4.299897 (VIOLATED)
_391_/RN                                3.000000    7.299897   -4.299897 (VIOLATED)
_392_/RN                                3.000000    7.299897   -4.299897 (VIOLATED)
_393_/RN                                3.000000    7.299897   -4.299897 (VIOLATED)
_394_/RN                                3.000000    7.299897   -4.299897 (VIOLATED)
_395_/RN                                3.000000    7.299897   -4.299897 (VIOLATED)
_396_/SETN                              3.000000    7.299897   -4.299897 (VIOLATED)
_397_/SETN                              3.000000    7.299897   -4.299897 (VIOLATED)
_398_/SETN                              3.000000    7.299897   -4.299897 (VIOLATED)
err_overflow_o                          3.000000    6.246789   -3.246789 (VIOLATED)
_257_/ZN                                3.000000    6.246789   -3.246789 (VIOLATED)
rx_valid_o                              3.000000    4.299299   -1.299299 (VIOLATED)
_255_/ZN                                3.000000    4.299299   -1.299299 (VIOLATED)
_256_/A2                                3.000000    4.299299   -1.299299 (VIOLATED)
err_parity_o                            3.000000    4.148581   -1.148581 (VIOLATED)
_258_/ZN                                3.000000    4.148581   -1.148581 (VIOLATED)
_332_/ZN                                3.000000    3.184174   -0.184174 (VIOLATED)
_333_/S                                 3.000000    3.184174   -0.184174 (VIOLATED)
_334_/S                                 3.000000    3.184174   -0.184174 (VIOLATED)
_335_/S                                 3.000000    3.184174   -0.184174 (VIOLATED)
_336_/S                                 3.000000    3.184174   -0.184174 (VIOLATED)
_339_/S                                 3.000000    3.184174   -0.184174 (VIOLATED)
_343_/A2                                3.000000    3.184174   -0.184174 (VIOLATED)
_344_/A1                                3.000000    3.184174   -0.184174 (VIOLATED)
_347_/A2                                3.000000    3.184174   -0.184174 (VIOLATED)
_348_/A1                                3.000000    3.184174   -0.184174 (VIOLATED)
_350_/A2                                3.000000    3.184174   -0.184174 (VIOLATED)
_351_/A1                                3.000000    3.184174   -0.184174 (VIOLATED)
_353_/I1                                3.000000    3.184174   -0.184174 (VIOLATED)
_355_/B                                 3.000000    3.184174   -0.184174 (VIOLATED)
_361_/A2                                3.000000    3.184174   -0.184174 (VIOLATED)
_362_/A2                                3.000000    3.184174   -0.184174 (VIOLATED)

max fanout

Pin                                   Limit Fanout  Slack
---------------------------------------------------------
rstn_i                                   10     36    -26 (VIOLATED)
_259_/ZN                                 10     15     -5 (VIOLATED)
_332_/ZN                                 10     15     -5 (VIOLATED)

max capacitance

Pin                                        Limit         Cap       Slack
------------------------------------------------------------------------
rstn_i                                  0.200000    0.257322   -0.057322 (VIOLATED)



===========================================================================
report_parasitic_annotation -report_unannotated
============================================================================
Found 244 unannotated drivers.
 cfg_bits_i[0]
 cfg_bits_i[1]
 cfg_div_i[0]
 cfg_div_i[10]
 cfg_div_i[11]
 cfg_div_i[12]
 cfg_div_i[13]
 cfg_div_i[14]
 cfg_div_i[15]
 cfg_div_i[1]
 cfg_div_i[2]
 cfg_div_i[3]
 cfg_div_i[4]
 cfg_div_i[5]
 cfg_div_i[6]
 cfg_div_i[7]
 cfg_div_i[8]
 cfg_div_i[9]
 cfg_en_i
 cfg_parity_en_i
 cfg_stop_bits_i
 clk_i
 rstn_i
 rx_i
 rx_ready_i
 _180_/ZN
 _181_/ZN
 _182_/ZN
 _183_/ZN
 _184_/ZN
 _185_/ZN
 _186_/ZN
 _187_/ZN
 _188_/ZN
 _189_/ZN
 _190_/ZN
 _191_/ZN
 _192_/ZN
 _193_/ZN
 _194_/ZN
 _195_/ZN
 _196_/ZN
 _197_/ZN
 _198_/ZN
 _199_/ZN
 _200_/ZN
 _201_/ZN
 _202_/ZN
 _203_/Z
 _204_/Z
 _205_/Z
 _206_/Z
 _207_/ZN
 _208_/ZN
 _209_/ZN
 _210_/ZN
 _211_/Z
 _212_/Z
 _213_/Z
 _214_/Z
 _215_/Z
 _216_/Z
 _217_/Z
 _218_/Z
 _219_/ZN
 _220_/Z
 _221_/Z
 _222_/ZN
 _223_/ZN
 _224_/ZN
 _225_/ZN
 _226_/ZN
 _227_/Z
 _228_/ZN
 _229_/Z
 _230_/ZN
 _231_/Z
 _232_/ZN
 _233_/Z
 _234_/Z
 _235_/Z
 _236_/ZN
 _237_/Z
 _238_/ZN
 _239_/Z
 _240_/ZN
 _241_/ZN
 _242_/ZN
 _243_/Z
 _244_/ZN
 _245_/Z
 _246_/ZN
 _247_/ZN
 _248_/ZN
 _249_/ZN
 _250_/Z
 _251_/Z
 _252_/ZN
 _253_/ZN
 _254_/ZN
 _255_/ZN
 _256_/Z
 _257_/ZN
 _258_/ZN
 _259_/ZN
 _260_/ZN
 _261_/Z
 _262_/ZN
 _263_/Z
 _264_/ZN
 _265_/ZN
 _266_/Z
 _267_/ZN
 _268_/ZN
 _269_/Z
 _270_/ZN
 _271_/Z
 _272_/Z
 _273_/ZN
 _274_/ZN
 _275_/ZN
 _276_/ZN
 _277_/ZN
 _278_/ZN
 _279_/ZN
 _280_/Z
 _281_/ZN
 _282_/Z
 _283_/ZN
 _284_/ZN
 _285_/ZN
 _286_/ZN
 _287_/ZN
 _288_/ZN
 _289_/ZN
 _290_/ZN
 _291_/ZN
 _292_/ZN
 _293_/ZN
 _294_/ZN
 _295_/ZN
 _296_/ZN
 _297_/ZN
 _298_/ZN
 _299_/ZN
 _300_/ZN
 _301_/ZN
 _302_/Z
 _303_/ZN
 _304_/ZN
 _305_/ZN
 _306_/Z
 _307_/Z
 _308_/ZN
 _309_/Z
 _310_/ZN
 _311_/ZN
 _312_/ZN
 _313_/ZN
 _314_/ZN
 _315_/ZN
 _316_/ZN
 _317_/ZN
 _318_/ZN
 _319_/Z
 _320_/ZN
 _321_/ZN
 _322_/ZN
 _323_/ZN
 _324_/ZN
 _325_/ZN
 _326_/ZN
 _327_/Z
 _328_/Z
 _329_/ZN
 _330_/ZN
 _331_/ZN
 _332_/ZN
 _333_/Z
 _334_/Z
 _335_/Z
 _336_/Z
 _337_/ZN
 _338_/ZN
 _339_/Z
 _340_/ZN
 _341_/ZN
 _342_/ZN
 _343_/ZN
 _344_/ZN
 _345_/ZN
 _346_/ZN
 _347_/ZN
 _348_/ZN
 _349_/ZN
 _350_/ZN
 _351_/ZN
 _352_/Z
 _353_/Z
 _354_/ZN
 _355_/ZN
 _356_/ZN
 _357_/ZN
 _358_/ZN
 _359_/ZN
 _360_/ZN
 _361_/ZN
 _362_/ZN
 _363_/Q
 _364_/Q
 _365_/Q
 _366_/Q
 _367_/Q
 _368_/Q
 _369_/Q
 _370_/Q
 _371_/Q
 _372_/Q
 _373_/Q
 _374_/Q
 _375_/Q
 _376_/Q
 _377_/Q
 _378_/Q
 _379_/Q
 _380_/Q
 _381_/Q
 _382_/Q
 _383_/Q
 _384_/Q
 _385_/Q
 _386_/Q
 _387_/Q
 _388_/Q
 _389_/Q
 _390_/Q
 _391_/Q
 _392_/Q
 _393_/Q
 _394_/Q
 _395_/Q
 _396_/Q
 _397_/Q
 _398_/Q
Found 0 partially unannotated drivers.

===========================================================================
max slew violation count 60
%OL_METRIC_I design__max_slew_violation__count__corner:nom_ss_125C_4v50 60
max fanout violation count 3
%OL_METRIC_I design__max_fanout_violation__count__corner:nom_ss_125C_4v50 3
max cap violation count 1
%OL_METRIC_I design__max_cap_violation__count__corner:nom_ss_125C_4v50 1
============================================================================

===========================================================================
check_setup -verbose -unconstrained_endpoints -multiple_clock -no_clock -no_input_delay -loops -generated_clocks
===========================================================================
%OL_END_REPORT
%OL_CREATE_REPORT power.rpt

===========================================================================
 report_power
============================================================================
======================= nom_ss_125C_4v50 Corner ===================================

Group                    Internal    Switching      Leakage        Total
                            Power        Power        Power        Power (Watts)
------------------------------------------------------------------------
Sequential           9.340544e-04 5.673611e-05 4.522672e-08 9.908356e-04  65.6%
Combinational        2.539741e-04 2.659140e-04 1.131391e-07 5.200012e-04  34.4%
Clock                0.000000e+00 0.000000e+00 0.000000e+00 0.000000e+00   0.0%
Macro                0.000000e+00 0.000000e+00 0.000000e+00 0.000000e+00   0.0%
Pad                  0.000000e+00 0.000000e+00 0.000000e+00 0.000000e+00   0.0%
------------------------------------------------------------------------
Total                1.188028e-03 3.226500e-04 1.583659e-07 1.510837e-03 100.0%
                            78.6%        21.4%         0.0%
%OL_METRIC_F power__internal__total 0.0011880284873768687
%OL_METRIC_F power__switching__total 0.00032265004119835794
%OL_METRIC_F power__leakage__total 1.5836587863304885e-7
%OL_METRIC_F power__total 0.0015108368825167418

%OL_END_REPORT
%OL_CREATE_REPORT skew.min.rpt

===========================================================================
Clock Skew (Hold)
============================================================================
%OL_METRIC_F clock__skew__worst_hold__corner:nom_ss_125C_4v50 -0.25
======================= nom_ss_125C_4v50 Corner ===================================

Clock clk_i
0.490568 source latency _363_/CLK ^
-0.490568 target latency _363_/CLK ^
-0.250000 clock uncertainty
0.000000 CRPR
--------------
-0.250000 hold skew

%OL_END_REPORT
%OL_CREATE_REPORT skew.max.rpt

===========================================================================
Clock Skew (Setup)
============================================================================
%OL_METRIC_F clock__skew__worst_setup__corner:nom_ss_125C_4v50 0.25
======================= nom_ss_125C_4v50 Corner ===================================

Clock clk_i
0.490568 source latency _363_/CLK ^
-0.490568 target latency _363_/CLK ^
0.250000 clock uncertainty
0.000000 CRPR
--------------
0.250000 setup skew

%OL_END_REPORT
%OL_CREATE_REPORT ws.min.rpt

===========================================================================
Worst Slack (Hold)
============================================================================
%OL_METRIC_F timing__hold__ws__corner:nom_ss_125C_4v50 1.3474913788404141
nom_ss_125C_4v50: 1.3474913788404141
%OL_END_REPORT
%OL_CREATE_REPORT ws.max.rpt

===========================================================================
Worst Slack (Setup)
============================================================================
%OL_METRIC_F timing__setup__ws__corner:nom_ss_125C_4v50 8.079145581217867
nom_ss_125C_4v50: 8.079145581217867
%OL_END_REPORT
%OL_CREATE_REPORT tns.min.rpt

===========================================================================
Total Negative Slack (Hold)
============================================================================
%OL_METRIC_F timing__hold__tns__corner:nom_ss_125C_4v50 0.0
nom_ss_125C_4v50: 0.0
%OL_END_REPORT
%OL_CREATE_REPORT tns.max.rpt

===========================================================================
Total Negative Slack (Setup)
============================================================================
%OL_METRIC_F timing__setup__tns__corner:nom_ss_125C_4v50 0.0
nom_ss_125C_4v50: 0.0
%OL_END_REPORT
%OL_CREATE_REPORT wns.min.rpt

===========================================================================
Worst Negative Slack (Hold)
============================================================================
%OL_METRIC_F timing__hold__wns__corner:nom_ss_125C_4v50 0
nom_ss_125C_4v50: 0
%OL_END_REPORT
%OL_CREATE_REPORT wns.max.rpt

===========================================================================
Worst Negative Slack (Setup)
============================================================================
%OL_METRIC_F timing__setup__wns__corner:nom_ss_125C_4v50 0.0
nom_ss_125C_4v50: 0.0
%OL_END_REPORT
%OL_CREATE_REPORT violator_list.rpt

===========================================================================
Violator List
============================================================================
%OL_METRIC_I timing__hold_vio__count__corner:nom_ss_125C_4v50 0
%OL_METRIC_F timing__hold_r2r__ws__corner:nom_ss_125C_4v50 1.347491
%OL_METRIC_I timing__hold_r2r_vio__count__corner:nom_ss_125C_4v50 0
%OL_METRIC_I timing__setup_vio__count__corner:nom_ss_125C_4v50 0
%OL_METRIC_F timing__setup_r2r__ws__corner:nom_ss_125C_4v50 12.762547
%OL_METRIC_I timing__setup_r2r_vio__count__corner:nom_ss_125C_4v50 0
%OL_END_REPORT
%OL_CREATE_REPORT unpropagated.rpt
clk_i
%OL_END_REPORT
%OL_CREATE_REPORT clock.rpt
Clock: clk_i
Sources: clk_i 
Generated: no
Virtual: no
Propagated: no
Period: 20.000000

===========================================================================
report_clock_properties
============================================================================
Clock                   Period          Waveform
----------------------------------------------------
clk_i                20.000000    0.000000 10.000000

===========================================================================
report_clock_latency
============================================================================
Clock clk_i
rise -> rise
    min     max
0.000000 0.000000 source latency
0.490568         network latency _363_/CLK
        0.490568 network latency _363_/CLK
---------------
0.490568 0.490568 latency
        0.000000 skew

fall -> fall
    min     max
0.000000 0.000000 source latency
0.302641         network latency _363_/CLK
        0.302641 network latency _363_/CLK
---------------
0.302641 0.302641 latency
        0.000000 skew



===========================================================================
report_clock_min_period
============================================================================
clk_i period_min = 7.24 fmax = 138.17
%OL_END_REPORT
Writing SDF files for all corners…
