Instance,Terminal,Layer,X location,Y location,Voltage
FILLER_96_664,VDD,Metal1,381.3065,395.3430,4.999992
FILLER_96_648,VDD,Metal1,374.6880,395.2280,4.999992
FILLER_96_614,VDD,Metal1,360.1955,395.1510,4.999992
FILLER_96_580,VDD,Metal1,341.1555,395.1510,4.999992
FILLER_96_546,VDD,Metal1,322.1155,395.1510,4.999992
FILLER_96_512,VDD,Metal1,303.0755,395.1510,4.999991
FILLER_96_508,VDD,Metal1,291.7600,395.9200,4.999990
FILLER_96_504,VDD,Metal1,290.4600,395.4875,4.999990
FILLER_96_474,VDD,Metal1,272.7200,395.9200,4.999987
FILLER_96_433,VDD,Metal1,249.4800,395.9200,4.999985
FILLER_96_429,VDD,Metal1,248.4600,395.4875,4.999985
FILLER_96_412,VDD,Metal1,237.7200,395.9200,4.999984
FILLER_96_410,VDD,Metal1,236.8800,395.9200,4.999984
FILLER_96_373,VDD,Metal1,215.8800,395.9200,4.999984
FILLER_96_371,VDD,Metal1,215.0400,395.9200,4.999984
FILLER_96_361,VDD,Metal1,209.4400,395.9200,4.999984
FILLER_96_354,VDD,Metal1,205.2400,395.9200,4.999985
FILLER_96_350,VDD,Metal1,204.2200,395.4875,4.999985
FILLER_96_342,VDD,Metal1,200.9865,395.3430,4.999985
FILLER_96_308,VDD,Metal1,179.7600,395.9200,4.999989
FILLER_96_289,VDD,Metal1,168.8400,395.9200,4.999990
FILLER_96_240,VDD,Metal1,150.7555,395.1510,4.999990
FILLER_96_206,VDD,Metal1,131.7155,395.1510,4.999991
FILLER_96_172,VDD,Metal1,112.6755,395.1510,4.999991
FILLER_96_138,VDD,Metal1,93.6355,395.1510,4.999992
FILLER_96_104,VDD,Metal1,74.5955,395.1510,4.999992
FILLER_96_70,VDD,Metal1,55.5555,395.1510,4.999993
FILLER_96_36,VDD,Metal1,36.5155,395.1510,4.999994
FILLER_96_33,VDD,Metal1,25.4800,395.9200,4.999994
FILLER_96_25,VDD,Metal1,23.4665,395.3430,4.999994
FILLER_96_16,VDD,Metal1,15.9600,395.9200,4.999994
FILLER_96_14,VDD,Metal1,15.1200,395.9200,4.999994
FILLER_96_10,VDD,Metal1,13.8200,395.4875,4.999994
FILLER_96_2,VDD,Metal1,10.5865,395.3430,4.999994
FILLER_95_668,VDD,Metal1,381.3600,388.0800,4.999967
FILLER_95_664,VDD,Metal1,380.0600,388.5125,4.999967
FILLER_95_632,VDD,Metal1,370.2755,388.8485,4.999967
FILLER_95_626,VDD,Metal1,358.7800,388.5125,4.999967
FILLER_95_562,VDD,Metal1,340.0750,388.8940,4.999967
FILLER_95_559,VDD,Metal1,320.0400,388.0800,4.999967
FILLER_95_551,VDD,Metal1,318.0265,388.6565,4.999967
FILLER_95_519,VDD,Metal1,306.9955,388.8485,4.999967
FILLER_95_492,VDD,Metal1,283.7400,388.5125,4.999964
FILLER_95_488,VDD,Metal1,280.5600,388.0800,4.999964
FILLER_95_416,VDD,Metal1,241.1800,388.5125,4.999954
FILLER_95_307,VDD,Metal1,178.9200,388.0800,4.999963
FILLER_95_290,VDD,Metal1,169.4000,388.0800,4.999964
FILLER_95_282,VDD,Metal1,167.3865,388.6565,4.999964
FILLER_95_276,VDD,Metal1,162.7800,388.5125,4.999964
FILLER_95_212,VDD,Metal1,144.0750,388.8940,4.999964
FILLER_95_206,VDD,Metal1,123.5800,388.5125,4.999964
FILLER_95_142,VDD,Metal1,104.8750,388.8940,4.999964
FILLER_95_136,VDD,Metal1,84.3800,388.5125,4.999964
FILLER_95_72,VDD,Metal1,65.6750,388.8940,4.999964
FILLER_95_66,VDD,Metal1,45.1800,388.5125,4.999964
FILLER_95_50,VDD,Metal1,39.8080,388.7720,4.999964
FILLER_95_18,VDD,Metal1,26.4355,388.8485,4.999964
FILLER_94_669,VDD,Metal1,381.6400,388.0800,4.999967
FILLER_94_667,VDD,Metal1,380.8000,388.0800,4.999967
FILLER_94_661,VDD,Metal1,378.3800,387.6475,4.999967
FILLER_94_597,VDD,Metal1,359.6750,387.2655,4.999967
FILLER_94_591,VDD,Metal1,339.1800,387.6475,4.999967
FILLER_94_527,VDD,Metal1,320.4750,387.2655,4.999967
FILLER_94_508,VDD,Metal1,291.4800,388.0800,4.999965
FILLER_94_506,VDD,Metal1,290.6400,388.0800,4.999964
FILLER_94_482,VDD,Metal1,276.9200,388.0800,4.999962
FILLER_94_480,VDD,Metal1,276.0800,388.0800,4.999962
FILLER_94_451,VDD,Metal1,260.7800,387.6475,4.999955
FILLER_94_418,VDD,Metal1,241.0800,388.0800,4.999954
FILLER_94_384,VDD,Metal1,222.0400,388.0800,4.999952
FILLER_94_382,VDD,Metal1,221.2000,388.0800,4.999952
FILLER_94_314,VDD,Metal1,182.8400,388.0800,4.999960
FILLER_94_312,VDD,Metal1,182.0000,388.0800,4.999960
FILLER_94_308,VDD,Metal1,180.7000,387.6475,4.999963
FILLER_94_298,VDD,Metal1,174.1600,388.0800,4.999964
FILLER_94_294,VDD,Metal1,172.8600,387.6475,4.999964
FILLER_94_259,VDD,Metal1,152.0400,388.0800,4.999964
FILLER_94_255,VDD,Metal1,151.0200,387.6475,4.999964
FILLER_94_247,VDD,Metal1,147.7865,387.5030,4.999964
FILLER_94_241,VDD,Metal1,143.1800,387.6475,4.999964
FILLER_94_177,VDD,Metal1,124.4750,387.2655,4.999964
FILLER_94_171,VDD,Metal1,103.9800,387.6475,4.999964
FILLER_94_107,VDD,Metal1,85.2750,387.2655,4.999964
FILLER_94_101,VDD,Metal1,64.7800,387.6475,4.999964
FILLER_94_37,VDD,Metal1,46.0750,387.2655,4.999964
FILLER_94_34,VDD,Metal1,26.0400,388.0800,4.999964
FILLER_94_2,VDD,Metal1,17.4755,387.3110,4.999964
FILLER_93_672,VDD,Metal1,383.6000,380.2400,4.999920
FILLER_93_664,VDD,Metal1,381.3065,380.8165,4.999920
FILLER_93_632,VDD,Metal1,370.2755,381.0085,4.999920
FILLER_93_626,VDD,Metal1,358.7800,380.6725,4.999920
FILLER_93_562,VDD,Metal1,340.0750,381.0540,4.999920
FILLER_93_558,VDD,Metal1,319.7600,380.2400,4.999920
FILLER_93_550,VDD,Metal1,317.4665,380.8165,4.999920
FILLER_93_534,VDD,Metal1,310.8480,380.9320,4.999920
FILLER_93_492,VDD,Metal1,284.9865,380.8165,4.999919
FILLER_93_489,VDD,Metal1,280.8400,380.2400,4.999917
FILLER_93_487,VDD,Metal1,280.0000,380.2400,4.999917
FILLER_93_479,VDD,Metal1,277.7065,380.8165,4.999917
FILLER_93_430,VDD,Metal1,247.8000,380.2400,4.999918
FILLER_93_416,VDD,Metal1,241.1800,380.6725,4.999918
FILLER_93_377,VDD,Metal1,218.4000,380.2400,4.999925
FILLER_93_360,VDD,Metal1,208.6000,380.2400,4.999925
FILLER_93_349,VDD,Metal1,202.4400,380.2400,4.999931
FILLER_93_345,VDD,Metal1,201.4200,380.6725,4.999931
FILLER_93_303,VDD,Metal1,179.1465,380.8165,4.999934
FILLER_93_294,VDD,Metal1,171.6400,380.2400,4.999943
FILLER_93_290,VDD,Metal1,170.6200,380.6725,4.999943
FILLER_93_282,VDD,Metal1,167.3865,380.8165,4.999945
FILLER_93_276,VDD,Metal1,162.7800,380.6725,4.999948
FILLER_93_212,VDD,Metal1,144.0750,381.0540,4.999948
FILLER_93_206,VDD,Metal1,123.5800,380.6725,4.999948
FILLER_93_142,VDD,Metal1,104.8750,381.0540,4.999948
FILLER_93_136,VDD,Metal1,84.3800,380.6725,4.999948
FILLER_93_72,VDD,Metal1,65.6750,381.0540,4.999948
FILLER_93_66,VDD,Metal1,45.1800,380.6725,4.999948
FILLER_93_2,VDD,Metal1,26.4750,381.0540,4.999948
FILLER_92_677,VDD,Metal1,386.1200,380.2400,4.999920
FILLER_92_675,VDD,Metal1,385.2800,380.2400,4.999920
FILLER_92_667,VDD,Metal1,382.9865,379.6630,4.999920
FILLER_92_661,VDD,Metal1,378.3800,379.8075,4.999920
FILLER_92_597,VDD,Metal1,359.6750,379.4255,4.999920
FILLER_92_593,VDD,Metal1,339.3600,380.2400,4.999920
FILLER_92_589,VDD,Metal1,338.0600,379.8075,4.999920
FILLER_92_573,VDD,Metal1,332.6880,379.5480,4.999920
FILLER_92_541,VDD,Metal1,319.3155,379.4710,4.999920
FILLER_92_454,VDD,Metal1,261.2400,380.2400,4.999918
FILLER_92_450,VDD,Metal1,260.2200,379.8075,4.999918
FILLER_92_376,VDD,Metal1,217.5600,380.2400,4.999925
FILLER_92_372,VDD,Metal1,216.5400,379.8075,4.999925
FILLER_92_349,VDD,Metal1,202.7200,380.2400,4.999931
FILLER_92_334,VDD,Metal1,194.0400,380.2400,4.999931
FILLER_92_332,VDD,Metal1,193.2000,380.2400,4.999932
FILLER_92_313,VDD,Metal1,182.5600,380.2400,4.999932
FILLER_92_309,VDD,Metal1,181.2600,379.8075,4.999933
FILLER_92_301,VDD,Metal1,178.0265,379.6630,4.999935
FILLER_92_269,VDD,Metal1,157.6400,380.2400,4.999948
FILLER_92_267,VDD,Metal1,156.8000,380.2400,4.999948
FILLER_92_263,VDD,Metal1,155.5000,379.8075,4.999948
FILLER_92_247,VDD,Metal1,150.1280,379.5480,4.999948
FILLER_92_241,VDD,Metal1,143.1800,379.8075,4.999948
FILLER_92_177,VDD,Metal1,124.4750,379.4255,4.999948
FILLER_92_171,VDD,Metal1,103.9800,379.8075,4.999948
FILLER_92_107,VDD,Metal1,85.2750,379.4255,4.999948
FILLER_92_101,VDD,Metal1,64.7800,379.8075,4.999948
FILLER_92_37,VDD,Metal1,46.0750,379.4255,4.999948
FILLER_92_34,VDD,Metal1,26.0400,380.2400,4.999948
FILLER_92_2,VDD,Metal1,17.4755,379.4710,4.999948
FILLER_91_680,VDD,Metal1,388.0800,372.4000,4.999983
FILLER_91_664,VDD,Metal1,383.6480,373.0920,4.999983
FILLER_91_632,VDD,Metal1,370.2755,373.1685,4.999983
FILLER_91_626,VDD,Metal1,358.7800,372.8325,4.999983
FILLER_91_562,VDD,Metal1,340.0750,373.2140,4.999983
FILLER_91_556,VDD,Metal1,319.5800,372.8325,4.999983
FILLER_91_492,VDD,Metal1,300.8750,373.2140,4.999983
FILLER_91_489,VDD,Metal1,280.8400,372.4000,4.999983
FILLER_91_481,VDD,Metal1,278.8265,372.9765,4.999983
FILLER_91_465,VDD,Metal1,272.2080,373.0920,4.999983
FILLER_91_438,VDD,Metal1,252.2800,372.4000,4.999960
FILLER_91_436,VDD,Metal1,251.4400,372.4000,4.999960
FILLER_91_419,VDD,Metal1,241.6400,372.4000,4.999957
FILLER_91_366,VDD,Metal1,211.9600,372.4000,4.999958
FILLER_91_348,VDD,Metal1,202.1600,372.4000,4.999958
FILLER_91_340,VDD,Metal1,199.8665,372.9765,4.999959
FILLER_91_282,VDD,Metal1,169.7280,373.0920,4.999964
FILLER_91_276,VDD,Metal1,162.7800,372.8325,4.999964
FILLER_91_212,VDD,Metal1,144.0750,373.2140,4.999965
FILLER_91_206,VDD,Metal1,123.5800,372.8325,4.999965
FILLER_91_142,VDD,Metal1,104.8750,373.2140,4.999965
FILLER_91_136,VDD,Metal1,84.3800,372.8325,4.999965
FILLER_91_72,VDD,Metal1,65.6750,373.2140,4.999965
FILLER_91_66,VDD,Metal1,45.1800,372.8325,4.999965
FILLER_91_2,VDD,Metal1,26.4750,373.2140,4.999965
FILLER_90_681,VDD,Metal1,388.3600,372.4000,4.999983
FILLER_90_679,VDD,Metal1,387.5200,372.4000,4.999983
FILLER_90_675,VDD,Metal1,386.2200,371.9675,4.999983
FILLER_90_667,VDD,Metal1,382.9865,371.8230,4.999983
FILLER_90_661,VDD,Metal1,378.3800,371.9675,4.999983
FILLER_90_597,VDD,Metal1,359.6750,371.5855,4.999983
FILLER_90_591,VDD,Metal1,339.1800,371.9675,4.999983
FILLER_90_527,VDD,Metal1,320.4750,371.5855,4.999983
FILLER_90_521,VDD,Metal1,299.9800,371.9675,4.999983
FILLER_90_457,VDD,Metal1,281.2750,371.5855,4.999983
FILLER_90_454,VDD,Metal1,261.2400,372.4000,4.999960
FILLER_90_450,VDD,Metal1,260.2200,371.9675,4.999960
FILLER_90_435,VDD,Metal1,250.6000,372.4000,4.999960
FILLER_90_419,VDD,Metal1,241.6400,372.4000,4.999957
FILLER_90_415,VDD,Metal1,240.6200,371.9675,4.999957
FILLER_90_383,VDD,Metal1,221.7600,372.4000,4.999957
FILLER_90_375,VDD,Metal1,217.2800,372.4000,4.999957
FILLER_90_363,VDD,Metal1,211.5000,371.9675,4.999958
FILLER_90_347,VDD,Metal1,201.3200,372.4000,4.999959
FILLER_90_345,VDD,Metal1,200.4800,372.4000,4.999959
FILLER_90_341,VDD,Metal1,199.1800,371.9675,4.999959
FILLER_90_333,VDD,Metal1,195.9465,371.8230,4.999959
FILLER_90_317,VDD,Metal1,189.3280,371.7080,4.999963
FILLER_90_313,VDD,Metal1,182.5600,372.4000,4.999963
FILLER_90_297,VDD,Metal1,178.1280,371.7080,4.999963
FILLER_90_247,VDD,Metal1,150.1280,371.7080,4.999965
FILLER_90_241,VDD,Metal1,143.1800,371.9675,4.999965
FILLER_90_177,VDD,Metal1,124.4750,371.5855,4.999965
FILLER_90_171,VDD,Metal1,103.9800,371.9675,4.999965
FILLER_90_107,VDD,Metal1,85.2750,371.5855,4.999965
FILLER_90_101,VDD,Metal1,64.7800,371.9675,4.999965
FILLER_90_37,VDD,Metal1,46.0750,371.5855,4.999965
FILLER_90_34,VDD,Metal1,26.0400,372.4000,4.999965
FILLER_90_2,VDD,Metal1,17.4755,371.6310,4.999965
FILLER_89_676,VDD,Metal1,385.8400,364.5600,4.999916
FILLER_89_672,VDD,Metal1,384.5400,364.9925,4.999916
FILLER_89_664,VDD,Metal1,381.3065,365.1365,4.999916
FILLER_89_632,VDD,Metal1,370.2755,365.3285,4.999916
FILLER_89_626,VDD,Metal1,358.7800,364.9925,4.999916
FILLER_89_562,VDD,Metal1,340.0750,365.3740,4.999916
FILLER_89_559,VDD,Metal1,320.0400,364.5600,4.999916
FILLER_89_555,VDD,Metal1,319.0200,364.9925,4.999916
FILLER_89_523,VDD,Metal1,309.2355,365.3285,4.999916
FILLER_89_516,VDD,Metal1,295.9600,364.5600,4.999871
FILLER_89_514,VDD,Metal1,295.1200,364.5600,4.999871
FILLER_89_492,VDD,Metal1,287.3280,365.2520,4.999869
FILLER_89_482,VDD,Metal1,279.3865,365.1365,4.999869
FILLER_89_472,VDD,Metal1,272.5400,364.9925,4.999869
FILLER_89_456,VDD,Metal1,267.1680,365.2520,4.999869
FILLER_89_413,VDD,Metal1,238.2800,364.5600,4.999894
FILLER_89_405,VDD,Metal1,236.2665,365.1365,4.999936
FILLER_89_376,VDD,Metal1,217.5600,364.5600,4.999940
FILLER_89_368,VDD,Metal1,215.5465,365.1365,4.999940
FILLER_89_352,VDD,Metal1,208.9280,365.2520,4.999963
FILLER_89_346,VDD,Metal1,201.9800,364.9925,4.999963
FILLER_89_282,VDD,Metal1,183.2750,365.3740,4.999963
FILLER_89_276,VDD,Metal1,162.7800,364.9925,4.999963
FILLER_89_212,VDD,Metal1,144.0750,365.3740,4.999963
FILLER_89_206,VDD,Metal1,123.5800,364.9925,4.999963
FILLER_89_142,VDD,Metal1,104.8750,365.3740,4.999963
FILLER_89_136,VDD,Metal1,84.3800,364.9925,4.999964
FILLER_89_72,VDD,Metal1,65.6750,365.3740,4.999964
FILLER_89_66,VDD,Metal1,45.1800,364.9925,4.999964
FILLER_89_2,VDD,Metal1,26.4750,365.3740,4.999964
FILLER_88_681,VDD,Metal1,388.3600,364.5600,4.999916
FILLER_88_679,VDD,Metal1,387.5200,364.5600,4.999916
FILLER_88_675,VDD,Metal1,386.2200,364.1275,4.999916
FILLER_88_667,VDD,Metal1,382.9865,363.9830,4.999916
FILLER_88_661,VDD,Metal1,378.3800,364.1275,4.999916
FILLER_88_597,VDD,Metal1,359.6750,363.7455,4.999916
FILLER_88_591,VDD,Metal1,339.1800,364.1275,4.999916
FILLER_88_527,VDD,Metal1,320.4750,363.7455,4.999916
FILLER_88_524,VDD,Metal1,300.4400,364.5600,4.999878
FILLER_88_515,VDD,Metal1,295.4000,364.5600,4.999871
FILLER_88_513,VDD,Metal1,294.5600,364.5600,4.999871
FILLER_88_509,VDD,Metal1,293.2600,364.1275,4.999871
FILLER_88_473,VDD,Metal1,272.1600,364.5600,4.999869
FILLER_88_457,VDD,Metal1,267.7280,363.8680,4.999869
FILLER_88_451,VDD,Metal1,260.7800,364.1275,4.999870
FILLER_88_443,VDD,Metal1,257.5465,363.9830,4.999870
FILLER_88_427,VDD,Metal1,250.9280,363.8680,4.999870
FILLER_88_411,VDD,Metal1,237.1600,364.5600,4.999937
FILLER_88_403,VDD,Metal1,235.1465,363.9830,4.999937
FILLER_88_332,VDD,Metal1,194.1400,364.1275,4.999963
FILLER_88_311,VDD,Metal1,182.3800,364.1275,4.999963
FILLER_88_247,VDD,Metal1,163.6750,363.7455,4.999963
FILLER_88_241,VDD,Metal1,143.1800,364.1275,4.999963
FILLER_88_177,VDD,Metal1,124.4750,363.7455,4.999963
FILLER_88_171,VDD,Metal1,103.9800,364.1275,4.999963
FILLER_88_107,VDD,Metal1,85.2750,363.7455,4.999963
FILLER_88_101,VDD,Metal1,64.7800,364.1275,4.999964
FILLER_88_37,VDD,Metal1,46.0750,363.7455,4.999964
FILLER_88_34,VDD,Metal1,26.0400,364.5600,4.999964
FILLER_88_2,VDD,Metal1,17.4755,363.7910,4.999964
FILLER_87_680,VDD,Metal1,388.0800,356.7200,4.999808
FILLER_87_664,VDD,Metal1,383.6480,357.4120,4.999808
FILLER_87_632,VDD,Metal1,370.2755,357.4885,4.999808
FILLER_87_626,VDD,Metal1,358.7800,357.1525,4.999808
FILLER_87_562,VDD,Metal1,340.0750,357.5340,4.999808
FILLER_87_559,VDD,Metal1,320.0400,356.7200,4.999808
FILLER_87_557,VDD,Metal1,319.2000,356.7200,4.999808
FILLER_87_553,VDD,Metal1,317.9000,357.1525,4.999808
FILLER_87_514,VDD,Metal1,294.8400,356.7200,4.999801
FILLER_87_512,VDD,Metal1,294.0000,356.7200,4.999801
FILLER_87_508,VDD,Metal1,292.7000,357.1525,4.999801
FILLER_87_492,VDD,Metal1,287.3280,357.4120,4.999800
FILLER_87_489,VDD,Metal1,280.8400,356.7200,4.999795
FILLER_87_487,VDD,Metal1,280.0000,356.7200,4.999795
FILLER_87_483,VDD,Metal1,278.7000,357.1525,4.999795
FILLER_87_473,VDD,Metal1,272.1600,356.7200,4.999795
FILLER_87_457,VDD,Metal1,267.7280,357.4120,4.999795
FILLER_87_450,VDD,Metal1,259.0000,356.7200,4.999797
FILLER_87_446,VDD,Metal1,257.9800,357.1525,4.999797
FILLER_87_438,VDD,Metal1,252.5600,356.7200,4.999799
FILLER_87_422,VDD,Metal1,245.7865,357.2965,4.999799
FILLER_87_404,VDD,Metal1,238.0480,357.4120,4.999799
FILLER_87_368,VDD,Metal1,213.3600,356.7200,4.999801
FILLER_87_352,VDD,Metal1,208.9280,357.4120,4.999801
FILLER_87_349,VDD,Metal1,202.4400,356.7200,4.999810
FILLER_87_345,VDD,Metal1,201.4200,357.1525,4.999872
FILLER_87_337,VDD,Metal1,198.1865,357.2965,4.999872
FILLER_87_301,VDD,Metal1,175.8400,356.7200,4.999883
FILLER_87_297,VDD,Metal1,174.5400,357.1525,4.999883
FILLER_87_276,VDD,Metal1,162.7800,357.1525,4.999883
FILLER_87_212,VDD,Metal1,144.0750,357.5340,4.999884
FILLER_87_206,VDD,Metal1,123.5800,357.1525,4.999884
FILLER_87_142,VDD,Metal1,104.8750,357.5340,4.999884
FILLER_87_136,VDD,Metal1,84.3800,357.1525,4.999884
FILLER_87_72,VDD,Metal1,65.6750,357.5340,4.999884
FILLER_87_66,VDD,Metal1,45.1800,357.1525,4.999885
FILLER_87_2,VDD,Metal1,26.4750,357.5340,4.999885
FILLER_86_681,VDD,Metal1,388.3600,356.7200,4.999808
FILLER_86_679,VDD,Metal1,387.5200,356.7200,4.999808
FILLER_86_675,VDD,Metal1,386.2200,356.2875,4.999808
FILLER_86_667,VDD,Metal1,382.9865,356.1430,4.999808
FILLER_86_661,VDD,Metal1,378.3800,356.2875,4.999808
FILLER_86_597,VDD,Metal1,359.6750,355.9055,4.999808
FILLER_86_594,VDD,Metal1,339.6400,356.7200,4.999808
FILLER_86_590,VDD,Metal1,338.6200,356.2875,4.999808
FILLER_86_582,VDD,Metal1,335.3865,356.1430,4.999808
FILLER_86_547,VDD,Metal1,313.3200,356.7200,4.999808
FILLER_86_543,VDD,Metal1,312.3000,356.2875,4.999808
FILLER_86_527,VDD,Metal1,306.9280,356.0280,4.999808
FILLER_86_523,VDD,Metal1,300.1600,356.7200,4.999808
FILLER_86_515,VDD,Metal1,297.8665,356.1430,4.999807
FILLER_86_505,VDD,Metal1,290.0800,356.7200,4.999800
FILLER_86_501,VDD,Metal1,288.7800,356.2875,4.999800
FILLER_86_493,VDD,Metal1,285.5465,356.1430,4.999800
FILLER_86_457,VDD,Metal1,263.2000,356.7200,4.999796
FILLER_86_454,VDD,Metal1,261.2400,356.7200,4.999797
FILLER_86_450,VDD,Metal1,260.2200,356.2875,4.999797
FILLER_86_442,VDD,Metal1,256.9865,356.1430,4.999797
FILLER_86_407,VDD,Metal1,234.9200,356.7200,4.999799
FILLER_86_403,VDD,Metal1,233.9000,356.2875,4.999800
FILLER_86_387,VDD,Metal1,228.5280,356.0280,4.999800
FILLER_86_313,VDD,Metal1,182.5600,356.7200,4.999873
FILLER_86_305,VDD,Metal1,180.2665,356.1430,4.999873
FILLER_86_263,VDD,Metal1,156.7465,356.1430,4.999884
FILLER_86_247,VDD,Metal1,150.1280,356.0280,4.999884
FILLER_86_241,VDD,Metal1,143.1800,356.2875,4.999884
FILLER_86_177,VDD,Metal1,124.4750,355.9055,4.999884
FILLER_86_171,VDD,Metal1,103.9800,356.2875,4.999884
FILLER_86_107,VDD,Metal1,85.2750,355.9055,4.999884
FILLER_86_101,VDD,Metal1,64.7800,356.2875,4.999884
FILLER_86_37,VDD,Metal1,46.0750,355.9055,4.999884
FILLER_86_34,VDD,Metal1,26.0400,356.7200,4.999885
FILLER_86_2,VDD,Metal1,17.4755,355.9510,4.999885
FILLER_85_680,VDD,Metal1,388.0800,348.8800,4.999629
FILLER_85_664,VDD,Metal1,383.6480,349.5720,4.999629
FILLER_85_632,VDD,Metal1,370.2755,349.6485,4.999629
FILLER_85_626,VDD,Metal1,358.7800,349.3125,4.999629
FILLER_85_562,VDD,Metal1,340.0750,349.6940,4.999629
FILLER_85_559,VDD,Metal1,320.0400,348.8800,4.999629
FILLER_85_557,VDD,Metal1,319.2000,348.8800,4.999629
FILLER_85_550,VDD,Metal1,315.0000,348.8800,4.999629
FILLER_85_548,VDD,Metal1,314.1600,348.8800,4.999629
FILLER_85_544,VDD,Metal1,312.8600,349.3125,4.999623
FILLER_85_536,VDD,Metal1,309.6265,349.4565,4.999622
FILLER_85_500,VDD,Metal1,287.2800,348.8800,4.999616
FILLER_85_492,VDD,Metal1,284.9865,349.4565,4.999616
FILLER_85_488,VDD,Metal1,280.5600,348.8800,4.999616
FILLER_85_480,VDD,Metal1,278.2665,349.4565,4.999616
FILLER_85_475,VDD,Metal1,273.0000,348.8800,4.999608
FILLER_85_467,VDD,Metal1,270.9865,349.4565,4.999607
FILLER_85_458,VDD,Metal1,263.4800,348.8800,4.999561
FILLER_85_454,VDD,Metal1,262.4600,349.3125,4.999560
FILLER_85_422,VDD,Metal1,252.6755,349.6485,4.999554
FILLER_85_418,VDD,Metal1,241.3600,348.8800,4.999551
FILLER_85_414,VDD,Metal1,240.0600,349.3125,4.999551
FILLER_85_325,VDD,Metal1,189.2800,348.8800,4.999553
FILLER_85_321,VDD,Metal1,187.9800,349.3125,4.999553
FILLER_85_313,VDD,Metal1,184.7465,349.4565,4.999554
FILLER_85_297,VDD,Metal1,178.1280,349.5720,4.999679
FILLER_85_216,VDD,Metal1,128.2400,348.8800,4.999679
FILLER_85_212,VDD,Metal1,126.9400,349.3125,4.999679
FILLER_85_209,VDD,Metal1,124.0400,348.8800,4.999679
FILLER_85_205,VDD,Metal1,123.0200,349.3125,4.999679
FILLER_85_190,VDD,Metal1,113.4000,348.8800,4.999690
FILLER_85_174,VDD,Metal1,109.2480,349.5720,4.999690
FILLER_85_142,VDD,Metal1,95.8755,349.6485,4.999706
FILLER_85_136,VDD,Metal1,84.3800,349.3125,4.999715
FILLER_85_72,VDD,Metal1,65.6750,349.6940,4.999715
FILLER_85_66,VDD,Metal1,45.1800,349.3125,4.999716
FILLER_85_2,VDD,Metal1,26.4750,349.6940,4.999716
FILLER_84_681,VDD,Metal1,388.3600,348.8800,4.999629
FILLER_84_679,VDD,Metal1,387.5200,348.8800,4.999629
FILLER_84_675,VDD,Metal1,386.2200,348.4475,4.999629
FILLER_84_667,VDD,Metal1,382.9865,348.3030,4.999629
FILLER_84_661,VDD,Metal1,378.3800,348.4475,4.999629
FILLER_84_597,VDD,Metal1,359.6750,348.0655,4.999629
FILLER_84_588,VDD,Metal1,336.2800,348.8800,4.999629
FILLER_84_580,VDD,Metal1,334.2665,348.3030,4.999629
FILLER_84_545,VDD,Metal1,312.2000,348.8800,4.999623
FILLER_84_543,VDD,Metal1,311.3600,348.8800,4.999623
FILLER_84_527,VDD,Metal1,306.9280,348.1880,4.999620
FILLER_84_524,VDD,Metal1,300.4400,348.8800,4.999618
FILLER_84_522,VDD,Metal1,299.6000,348.8800,4.999618
FILLER_84_518,VDD,Metal1,298.3000,348.4475,4.999618
FILLER_84_506,VDD,Metal1,292.8265,348.3030,4.999618
FILLER_84_474,VDD,Metal1,281.7955,348.1110,4.999616
FILLER_84_469,VDD,Metal1,269.6400,348.8800,4.999601
FILLER_84_465,VDD,Metal1,268.6200,348.4475,4.999601
FILLER_84_457,VDD,Metal1,265.3865,348.3030,4.999600
FILLER_84_451,VDD,Metal1,260.7800,348.4475,4.999555
FILLER_84_443,VDD,Metal1,257.5465,348.3030,4.999555
FILLER_84_433,VDD,Metal1,250.7000,348.4475,4.999554
FILLER_84_425,VDD,Metal1,247.4665,348.3030,4.999554
FILLER_84_409,VDD,Metal1,240.8480,348.1880,4.999552
FILLER_84_393,VDD,Metal1,227.0800,348.8800,4.999551
FILLER_84_391,VDD,Metal1,226.2400,348.8800,4.999551
FILLER_84_387,VDD,Metal1,224.9400,348.4475,4.999551
FILLER_84_321,VDD,Metal1,187.0400,348.8800,4.999553
FILLER_84_317,VDD,Metal1,185.7400,348.4475,4.999554
FILLER_84_311,VDD,Metal1,182.3800,348.4475,4.999678
FILLER_84_295,VDD,Metal1,177.0080,348.1880,4.999681
FILLER_84_259,VDD,Metal1,152.3200,348.8800,4.999679
FILLER_84_255,VDD,Metal1,151.0200,348.4475,4.999679
FILLER_84_247,VDD,Metal1,147.7865,348.3030,4.999679
FILLER_84_243,VDD,Metal1,143.3600,348.8800,4.999679
FILLER_84_227,VDD,Metal1,138.9280,348.1880,4.999679
FILLER_84_195,VDD,Metal1,125.5555,348.1110,4.999679
FILLER_84_185,VDD,Metal1,111.8200,348.4475,4.999690
FILLER_84_177,VDD,Metal1,108.5865,348.3030,4.999690
FILLER_84_174,VDD,Metal1,104.4400,348.8800,4.999706
FILLER_84_170,VDD,Metal1,103.4200,348.4475,4.999706
FILLER_84_162,VDD,Metal1,100.1865,348.3030,4.999706
FILLER_84_146,VDD,Metal1,93.5680,348.1880,4.999706
FILLER_84_111,VDD,Metal1,69.1600,348.8800,4.999715
FILLER_84_107,VDD,Metal1,68.1400,348.4475,4.999715
FILLER_84_101,VDD,Metal1,64.7800,348.4475,4.999715
FILLER_84_37,VDD,Metal1,46.0750,348.0655,4.999716
FILLER_84_34,VDD,Metal1,26.0400,348.8800,4.999716
FILLER_84_2,VDD,Metal1,17.4755,348.1110,4.999716
FILLER_83_680,VDD,Metal1,388.0800,341.0400,4.999662
FILLER_83_664,VDD,Metal1,383.6480,341.7320,4.999662
FILLER_83_632,VDD,Metal1,370.2755,341.8085,4.999662
FILLER_83_628,VDD,Metal1,358.9600,341.0400,4.999662
FILLER_83_624,VDD,Metal1,357.6600,341.4725,4.999662
FILLER_83_558,VDD,Metal1,319.7600,341.0400,4.999656
FILLER_83_534,VDD,Metal1,306.0400,341.0400,4.999655
FILLER_83_532,VDD,Metal1,305.2000,341.0400,4.999649
FILLER_83_528,VDD,Metal1,303.9000,341.4725,4.999649
FILLER_83_520,VDD,Metal1,300.6665,341.6165,4.999602
FILLER_83_504,VDD,Metal1,294.0480,341.7320,4.999596
FILLER_83_489,VDD,Metal1,280.8400,341.0400,4.999596
FILLER_83_487,VDD,Metal1,280.0000,341.0400,4.999596
FILLER_83_483,VDD,Metal1,278.7000,341.4725,4.999596
FILLER_83_473,VDD,Metal1,271.8800,341.0400,4.999596
FILLER_83_471,VDD,Metal1,271.0400,341.0400,4.999596
FILLER_83_463,VDD,Metal1,268.7465,341.6165,4.999596
FILLER_83_447,VDD,Metal1,262.1280,341.7320,4.999596
FILLER_83_440,VDD,Metal1,253.4000,341.0400,4.999599
FILLER_83_438,VDD,Metal1,252.5600,341.0400,4.999599
FILLER_83_422,VDD,Metal1,248.1280,341.7320,4.999599
FILLER_83_385,VDD,Metal1,222.6000,341.0400,4.999611
FILLER_83_381,VDD,Metal1,221.5800,341.4725,4.999611
FILLER_83_373,VDD,Metal1,218.3465,341.6165,4.999611
FILLER_83_356,VDD,Metal1,206.6400,341.0400,4.999614
FILLER_83_352,VDD,Metal1,205.3400,341.4725,4.999614
FILLER_83_346,VDD,Metal1,201.9800,341.4725,4.999619
FILLER_83_338,VDD,Metal1,198.7465,341.6165,4.999619
FILLER_83_322,VDD,Metal1,192.1280,341.7320,4.999619
FILLER_83_282,VDD,Metal1,174.2755,341.8085,4.999635
FILLER_83_279,VDD,Metal1,163.2400,341.0400,4.999635
FILLER_83_277,VDD,Metal1,162.4000,341.0400,4.999634
FILLER_83_245,VDD,Metal1,153.5555,341.8085,4.999634
FILLER_83_235,VDD,Metal1,139.8200,341.4725,4.999631
FILLER_83_218,VDD,Metal1,129.0800,341.0400,4.999631
FILLER_83_216,VDD,Metal1,128.2400,341.0400,4.999631
FILLER_83_212,VDD,Metal1,126.9400,341.4725,4.999631
FILLER_83_202,VDD,Metal1,122.5865,341.6165,4.999631
FILLER_83_186,VDD,Metal1,115.9680,341.7320,4.999631
FILLER_83_150,VDD,Metal1,91.2800,341.0400,4.999635
FILLER_83_142,VDD,Metal1,88.9865,341.6165,4.999635
FILLER_83_139,VDD,Metal1,84.8400,341.0400,4.999635
FILLER_83_135,VDD,Metal1,83.8200,341.4725,4.999635
FILLER_83_129,VDD,Metal1,79.2400,341.0400,4.999635
FILLER_83_94,VDD,Metal1,59.6400,341.0400,4.999672
FILLER_83_92,VDD,Metal1,58.8000,341.0400,4.999672
FILLER_83_88,VDD,Metal1,57.5000,341.4725,4.999673
FILLER_83_72,VDD,Metal1,52.1280,341.7320,4.999677
FILLER_83_66,VDD,Metal1,45.1800,341.4725,4.999691
FILLER_83_2,VDD,Metal1,26.4750,341.8540,4.999692
FILLER_82_681,VDD,Metal1,388.3600,341.0400,4.999662
FILLER_82_679,VDD,Metal1,387.5200,341.0400,4.999662
FILLER_82_675,VDD,Metal1,386.2200,340.6075,4.999662
FILLER_82_667,VDD,Metal1,382.9865,340.4630,4.999662
FILLER_82_661,VDD,Metal1,378.3800,340.6075,4.999662
FILLER_82_597,VDD,Metal1,359.6750,340.2255,4.999662
FILLER_82_594,VDD,Metal1,339.6400,341.0400,4.999662
FILLER_82_592,VDD,Metal1,338.8000,341.0400,4.999662
FILLER_82_578,VDD,Metal1,330.9600,341.0400,4.999662
FILLER_82_568,VDD,Metal1,325.0800,341.0400,4.999662
FILLER_82_564,VDD,Metal1,324.0600,340.6075,4.999662
FILLER_82_556,VDD,Metal1,320.8265,340.4630,4.999662
FILLER_82_539,VDD,Metal1,309.1200,341.0400,4.999655
FILLER_82_531,VDD,Metal1,306.8265,340.4630,4.999655
FILLER_82_524,VDD,Metal1,300.4400,341.0400,4.999602
FILLER_82_520,VDD,Metal1,299.4200,340.6075,4.999602
FILLER_82_457,VDD,Metal1,262.9200,341.0400,4.999596
FILLER_82_454,VDD,Metal1,261.2400,341.0400,4.999596
FILLER_82_452,VDD,Metal1,260.4000,341.0400,4.999597
FILLER_82_444,VDD,Metal1,258.1065,340.4630,4.999597
FILLER_82_412,VDD,Metal1,247.0755,340.2710,4.999599
FILLER_82_395,VDD,Metal1,228.4800,341.0400,4.999600
FILLER_82_387,VDD,Metal1,226.1865,340.4630,4.999600
FILLER_82_381,VDD,Metal1,221.5800,340.6075,4.999611
FILLER_82_365,VDD,Metal1,216.2080,340.3480,4.999611
FILLER_82_314,VDD,Metal1,182.8400,341.0400,4.999634
FILLER_82_312,VDD,Metal1,182.0000,341.0400,4.999635
FILLER_82_308,VDD,Metal1,180.7000,340.6075,4.999635
FILLER_82_292,VDD,Metal1,175.3280,340.3480,4.999637
FILLER_82_260,VDD,Metal1,161.9555,340.2710,4.999635
FILLER_82_251,VDD,Metal1,147.5600,341.0400,4.999634
FILLER_82_247,VDD,Metal1,146.5400,340.6075,4.999634
FILLER_82_181,VDD,Metal1,108.6400,341.0400,4.999633
FILLER_82_177,VDD,Metal1,107.3400,340.6075,4.999633
FILLER_82_169,VDD,Metal1,101.6400,341.0400,4.999633
FILLER_82_167,VDD,Metal1,100.8000,341.0400,4.999633
FILLER_82_157,VDD,Metal1,95.2000,341.0400,4.999633
FILLER_82_125,VDD,Metal1,86.3555,340.2710,4.999635
FILLER_82_111,VDD,Metal1,69.1600,341.0400,4.999644
FILLER_82_107,VDD,Metal1,68.1400,340.6075,4.999644
FILLER_82_93,VDD,Metal1,60.3000,340.6075,4.999672
FILLER_82_85,VDD,Metal1,57.0665,340.4630,4.999673
FILLER_82_69,VDD,Metal1,50.4480,340.3480,4.999678
FILLER_82_37,VDD,Metal1,37.0755,340.2710,4.999692
FILLER_82_34,VDD,Metal1,26.0400,341.0400,4.999692
FILLER_82_2,VDD,Metal1,17.4755,340.2710,4.999692
FILLER_81_680,VDD,Metal1,388.0800,333.2000,4.999799
FILLER_81_664,VDD,Metal1,383.6480,333.8920,4.999799
FILLER_81_632,VDD,Metal1,370.2755,333.9685,4.999799
FILLER_81_629,VDD,Metal1,359.2400,333.2000,4.999799
FILLER_81_621,VDD,Metal1,357.2265,333.7765,4.999799
FILLER_81_586,VDD,Metal1,335.1600,333.2000,4.999799
FILLER_81_578,VDD,Metal1,333.1465,333.7765,4.999799
FILLER_81_562,VDD,Metal1,326.5280,333.8920,4.999800
FILLER_81_559,VDD,Metal1,320.0400,333.2000,4.999799
FILLER_81_557,VDD,Metal1,319.2000,333.2000,4.999799
FILLER_81_548,VDD,Metal1,313.8800,333.2000,4.999799
FILLER_81_544,VDD,Metal1,312.8600,333.6325,4.999799
FILLER_81_528,VDD,Metal1,307.4880,333.8920,4.999799
FILLER_81_502,VDD,Metal1,288.1200,333.2000,4.999777
FILLER_81_500,VDD,Metal1,287.2800,333.2000,4.999777
FILLER_81_492,VDD,Metal1,284.9865,333.7765,4.999777
FILLER_81_489,VDD,Metal1,280.8400,333.2000,4.999764
FILLER_81_481,VDD,Metal1,278.8265,333.7765,4.999607
FILLER_81_468,VDD,Metal1,269.0800,333.2000,4.999396
FILLER_81_466,VDD,Metal1,268.2400,333.2000,4.999396
FILLER_81_430,VDD,Metal1,248.0800,333.2000,4.999396
FILLER_81_422,VDD,Metal1,245.7865,333.7765,4.999411
FILLER_81_413,VDD,Metal1,238.2800,333.2000,4.999411
FILLER_81_411,VDD,Metal1,237.4400,333.2000,4.999411
FILLER_81_407,VDD,Metal1,236.1400,333.6325,4.999411
FILLER_81_375,VDD,Metal1,226.3555,333.9685,4.999411
FILLER_81_366,VDD,Metal1,211.9600,333.2000,4.999560
FILLER_81_364,VDD,Metal1,211.1200,333.2000,4.999560
FILLER_81_333,VDD,Metal1,194.7000,333.6325,4.999560
FILLER_81_326,VDD,Metal1,189.5600,333.2000,4.999560
FILLER_81_324,VDD,Metal1,188.7200,333.2000,4.999560
FILLER_81_282,VDD,Metal1,167.3865,333.7765,4.999560
FILLER_81_276,VDD,Metal1,162.7800,333.6325,4.999560
FILLER_81_264,VDD,Metal1,156.0600,333.6325,4.999560
FILLER_81_228,VDD,Metal1,134.9600,333.2000,4.999565
FILLER_81_206,VDD,Metal1,123.5800,333.6325,4.999568
FILLER_81_198,VDD,Metal1,120.3465,333.7765,4.999568
FILLER_81_192,VDD,Metal1,114.5200,333.2000,4.999568
FILLER_81_182,VDD,Metal1,109.2000,333.2000,4.999730
FILLER_81_146,VDD,Metal1,89.0400,333.2000,4.999736
FILLER_81_142,VDD,Metal1,87.7400,333.6325,4.999736
FILLER_81_139,VDD,Metal1,84.8400,333.2000,4.999736
FILLER_81_135,VDD,Metal1,83.8200,333.6325,4.999736
FILLER_81_119,VDD,Metal1,78.4480,333.8920,4.999736
FILLER_81_84,VDD,Metal1,54.0400,333.2000,4.999762
FILLER_81_80,VDD,Metal1,53.0200,333.6325,4.999762
FILLER_81_72,VDD,Metal1,49.7865,333.7765,4.999762
FILLER_81_69,VDD,Metal1,45.6400,333.2000,4.999762
FILLER_81_67,VDD,Metal1,44.8000,333.2000,4.999762
FILLER_81_63,VDD,Metal1,43.5000,333.6325,4.999762
FILLER_81_47,VDD,Metal1,38.1280,333.8920,4.999763
FILLER_81_30,VDD,Metal1,23.8000,333.2000,4.999775
FILLER_81_26,VDD,Metal1,22.7800,333.6325,4.999775
FILLER_81_18,VDD,Metal1,19.5465,333.7765,4.999775
FILLER_81_2,VDD,Metal1,12.9280,333.8920,4.999775
FILLER_80_681,VDD,Metal1,388.3600,333.2000,4.999799
FILLER_80_679,VDD,Metal1,387.5200,333.2000,4.999799
FILLER_80_675,VDD,Metal1,386.2200,332.7675,4.999799
FILLER_80_667,VDD,Metal1,382.9865,332.6230,4.999799
FILLER_80_661,VDD,Metal1,378.3800,332.7675,4.999799
FILLER_80_597,VDD,Metal1,359.6750,332.3855,4.999799
FILLER_80_591,VDD,Metal1,339.1800,332.7675,4.999799
FILLER_80_527,VDD,Metal1,320.4750,332.3855,4.999799
FILLER_80_524,VDD,Metal1,300.4400,333.2000,4.999780
FILLER_80_522,VDD,Metal1,299.6000,333.2000,4.999779
FILLER_80_518,VDD,Metal1,298.3000,332.7675,4.999779
FILLER_80_491,VDD,Metal1,286.7680,332.5080,4.999777
FILLER_80_481,VDD,Metal1,276.6400,333.2000,4.999600
FILLER_80_473,VDD,Metal1,274.3465,332.6230,4.999600
FILLER_80_457,VDD,Metal1,267.7280,332.5080,4.999396
FILLER_80_454,VDD,Metal1,261.2400,333.2000,4.999396
FILLER_80_446,VDD,Metal1,259.2265,332.6230,4.999396
FILLER_80_436,VDD,Metal1,251.4400,333.2000,4.999396
FILLER_80_432,VDD,Metal1,250.1400,332.7675,4.999396
FILLER_80_397,VDD,Metal1,229.3200,333.2000,4.999411
FILLER_80_395,VDD,Metal1,228.4800,333.2000,4.999411
FILLER_80_387,VDD,Metal1,226.1865,332.6230,4.999411
FILLER_80_383,VDD,Metal1,221.7600,333.2000,4.999411
FILLER_80_379,VDD,Metal1,220.4600,332.7675,4.999411
FILLER_80_314,VDD,Metal1,182.8400,333.2000,4.999560
FILLER_80_251,VDD,Metal1,147.5600,333.2000,4.999560
FILLER_80_247,VDD,Metal1,146.5400,332.7675,4.999560
FILLER_80_231,VDD,Metal1,136.3600,333.2000,4.999565
FILLER_80_227,VDD,Metal1,135.3400,332.7675,4.999565
FILLER_80_219,VDD,Metal1,132.1065,332.6230,4.999566
FILLER_80_177,VDD,Metal1,108.5865,332.6230,4.999730
FILLER_80_174,VDD,Metal1,104.4400,333.2000,4.999733
FILLER_80_165,VDD,Metal1,100.6200,332.7675,4.999733
FILLER_80_156,VDD,Metal1,94.3600,333.2000,4.999733
FILLER_80_154,VDD,Metal1,93.5200,333.2000,4.999733
FILLER_80_150,VDD,Metal1,92.2200,332.7675,4.999733
FILLER_80_118,VDD,Metal1,82.4355,332.4310,4.999736
FILLER_80_111,VDD,Metal1,69.4400,333.2000,4.999750
FILLER_80_107,VDD,Metal1,68.1400,332.7675,4.999750
FILLER_80_93,VDD,Metal1,60.3000,332.7675,4.999750
FILLER_80_85,VDD,Metal1,57.0665,332.6230,4.999750
FILLER_80_53,VDD,Metal1,46.0355,332.4310,4.999762
FILLER_80_34,VDD,Metal1,26.0400,333.2000,4.999774
FILLER_80_2,VDD,Metal1,17.4755,332.4310,4.999775
FILLER_79_680,VDD,Metal1,388.0800,325.3600,4.999721
FILLER_79_664,VDD,Metal1,383.6480,326.0520,4.999721
FILLER_79_632,VDD,Metal1,370.2755,326.1285,4.999721
FILLER_79_626,VDD,Metal1,358.7800,325.7925,4.999721
FILLER_79_562,VDD,Metal1,340.0750,326.1740,4.999721
FILLER_79_553,VDD,Metal1,316.6800,325.3600,4.999601
FILLER_79_549,VDD,Metal1,315.6600,325.7925,4.999601
FILLER_79_533,VDD,Metal1,310.2880,326.0520,4.999600
FILLER_79_505,VDD,Metal1,289.8000,325.3600,4.999577
FILLER_79_501,VDD,Metal1,288.7800,325.7925,4.999577
FILLER_79_465,VDD,Metal1,267.4000,325.3600,4.999577
FILLER_79_463,VDD,Metal1,266.5600,325.3600,4.999577
FILLER_79_459,VDD,Metal1,265.2600,325.7925,4.999577
FILLER_79_442,VDD,Metal1,254.5200,325.3600,4.999596
FILLER_79_438,VDD,Metal1,253.5000,325.7925,4.999596
FILLER_79_422,VDD,Metal1,248.1280,326.0520,4.999596
FILLER_79_418,VDD,Metal1,241.3600,325.3600,4.999597
FILLER_79_414,VDD,Metal1,240.0600,325.7925,4.999597
FILLER_79_398,VDD,Metal1,234.6880,326.0520,4.999597
FILLER_79_348,VDD,Metal1,202.1600,325.3600,4.999688
FILLER_79_344,VDD,Metal1,200.8600,325.7925,4.999688
FILLER_79_336,VDD,Metal1,197.6265,325.9365,4.999689
FILLER_79_320,VDD,Metal1,187.4200,325.7925,4.999734
FILLER_79_311,VDD,Metal1,181.1600,325.3600,4.999743
FILLER_79_303,VDD,Metal1,179.1465,325.9365,4.999743
FILLER_79_282,VDD,Metal1,166.1400,325.7925,4.999756
FILLER_79_261,VDD,Metal1,153.1600,325.3600,4.999756
FILLER_79_257,VDD,Metal1,152.1400,325.7925,4.999756
FILLER_79_222,VDD,Metal1,131.3200,325.3600,4.999746
FILLER_79_220,VDD,Metal1,130.4800,325.3600,4.999746
FILLER_79_212,VDD,Metal1,128.1865,325.9365,4.999746
FILLER_79_208,VDD,Metal1,123.7600,325.3600,4.999746
FILLER_79_204,VDD,Metal1,122.4600,325.7925,4.999746
FILLER_79_196,VDD,Metal1,119.2265,325.9365,4.999746
FILLER_79_186,VDD,Metal1,111.4400,325.3600,4.999746
FILLER_79_182,VDD,Metal1,110.1400,325.7925,4.999746
FILLER_79_174,VDD,Metal1,106.9065,325.9365,4.999760
FILLER_79_142,VDD,Metal1,95.8755,326.1285,4.999762
FILLER_79_104,VDD,Metal1,65.5200,325.3600,4.999767
FILLER_79_100,VDD,Metal1,64.2200,325.7925,4.999767
FILLER_79_92,VDD,Metal1,60.9865,325.9365,4.999767
FILLER_79_86,VDD,Metal1,55.1600,325.3600,4.999771
FILLER_79_84,VDD,Metal1,54.3200,325.3600,4.999771
FILLER_79_80,VDD,Metal1,53.0200,325.7925,4.999771
FILLER_79_72,VDD,Metal1,49.7865,325.9365,4.999771
FILLER_79_69,VDD,Metal1,45.6400,325.3600,4.999771
FILLER_79_67,VDD,Metal1,44.8000,325.3600,4.999771
FILLER_79_24,VDD,Metal1,20.4400,325.3600,4.999778
FILLER_79_22,VDD,Metal1,19.6000,325.3600,4.999778
FILLER_79_18,VDD,Metal1,18.3000,325.7925,4.999778
FILLER_79_2,VDD,Metal1,12.9280,326.0520,4.999778
FILLER_78_681,VDD,Metal1,388.3600,325.3600,4.999721
FILLER_78_679,VDD,Metal1,387.5200,325.3600,4.999721
FILLER_78_675,VDD,Metal1,386.2200,324.9275,4.999721
FILLER_78_667,VDD,Metal1,382.9865,324.7830,4.999721
FILLER_78_661,VDD,Metal1,378.3800,324.9275,4.999721
FILLER_78_597,VDD,Metal1,359.6750,324.5455,4.999721
FILLER_78_594,VDD,Metal1,339.6400,325.3600,4.999721
FILLER_78_586,VDD,Metal1,337.6265,324.7830,4.999721
FILLER_78_535,VDD,Metal1,306.6000,325.3600,4.999592
FILLER_78_527,VDD,Metal1,304.5865,324.7830,4.999592
FILLER_78_523,VDD,Metal1,300.1600,325.3600,4.999578
FILLER_78_519,VDD,Metal1,298.8600,324.9275,4.999578
FILLER_78_453,VDD,Metal1,260.9600,325.3600,4.999586
FILLER_78_445,VDD,Metal1,258.6665,324.7830,4.999588
FILLER_78_429,VDD,Metal1,252.0480,324.6680,4.999595
FILLER_78_397,VDD,Metal1,238.6755,324.5910,4.999597
FILLER_78_387,VDD,Metal1,224.9400,324.9275,4.999606
FILLER_78_383,VDD,Metal1,221.7600,325.3600,4.999612
FILLER_78_375,VDD,Metal1,219.4665,324.7830,4.999613
FILLER_78_360,VDD,Metal1,208.6000,325.3600,4.999613
FILLER_78_356,VDD,Metal1,207.5800,324.9275,4.999613
FILLER_78_348,VDD,Metal1,204.3465,324.7830,4.999614
FILLER_78_334,VDD,Metal1,195.2600,324.9275,4.999693
FILLER_78_321,VDD,Metal1,186.7600,325.3600,4.999734
FILLER_78_317,VDD,Metal1,185.7400,324.9275,4.999734
FILLER_78_313,VDD,Metal1,182.5600,325.3600,4.999742
FILLER_78_309,VDD,Metal1,181.2600,324.9275,4.999743
FILLER_78_301,VDD,Metal1,178.0265,324.7830,4.999745
FILLER_78_255,VDD,Metal1,151.0200,324.9275,4.999756
FILLER_78_247,VDD,Metal1,147.7865,324.7830,4.999746
FILLER_78_244,VDD,Metal1,143.6400,325.3600,4.999746
FILLER_78_237,VDD,Metal1,139.7200,325.3600,4.999746
FILLER_78_235,VDD,Metal1,138.8800,325.3600,4.999746
FILLER_78_227,VDD,Metal1,136.5865,324.7830,4.999746
FILLER_78_192,VDD,Metal1,114.5200,325.3600,4.999746
FILLER_78_190,VDD,Metal1,113.6800,325.3600,4.999746
FILLER_78_182,VDD,Metal1,111.3865,324.7830,4.999746
FILLER_78_174,VDD,Metal1,104.4400,325.3600,4.999762
FILLER_78_172,VDD,Metal1,103.6000,325.3600,4.999762
FILLER_78_168,VDD,Metal1,102.3000,324.9275,4.999762
FILLER_78_160,VDD,Metal1,99.0665,324.7830,4.999762
FILLER_78_154,VDD,Metal1,93.2400,325.3600,4.999762
FILLER_78_152,VDD,Metal1,92.4000,325.3600,4.999762
FILLER_78_148,VDD,Metal1,91.1000,324.9275,4.999762
FILLER_78_132,VDD,Metal1,85.7280,324.6680,4.999762
FILLER_78_126,VDD,Metal1,77.5600,325.3600,4.999763
FILLER_78_124,VDD,Metal1,76.7200,325.3600,4.999763
FILLER_78_115,VDD,Metal1,71.4000,325.3600,4.999763
FILLER_78_107,VDD,Metal1,69.3865,324.7830,4.999763
FILLER_78_104,VDD,Metal1,65.2400,325.3600,4.999767
FILLER_78_100,VDD,Metal1,64.2200,324.9275,4.999767
FILLER_78_92,VDD,Metal1,60.9865,324.7830,4.999767
FILLER_78_56,VDD,Metal1,38.6400,325.3600,4.999778
FILLER_78_37,VDD,Metal1,28.9400,324.9275,4.999778
FILLER_78_2,VDD,Metal1,8.4000,325.3600,4.999778
FILLER_77_680,VDD,Metal1,388.0800,317.5200,4.999709
FILLER_77_664,VDD,Metal1,383.6480,318.2120,4.999709
FILLER_77_632,VDD,Metal1,370.2755,318.2885,4.999709
FILLER_77_628,VDD,Metal1,358.9600,317.5200,4.999709
FILLER_77_624,VDD,Metal1,357.6600,317.9525,4.999709
FILLER_77_558,VDD,Metal1,319.7600,317.5200,4.999681
FILLER_77_539,VDD,Metal1,308.8400,317.5200,4.999662
FILLER_77_535,VDD,Metal1,307.8200,317.9525,4.999662
FILLER_77_527,VDD,Metal1,304.5865,318.0965,4.999662
FILLER_77_502,VDD,Metal1,288.1200,317.5200,4.999648
FILLER_77_500,VDD,Metal1,287.2800,317.5200,4.999648
FILLER_77_492,VDD,Metal1,284.9865,318.0965,4.999648
FILLER_77_488,VDD,Metal1,280.5600,317.5200,4.999648
FILLER_77_476,VDD,Metal1,273.5600,317.5200,4.999640
FILLER_77_474,VDD,Metal1,272.7200,317.5200,4.999640
FILLER_77_461,VDD,Metal1,265.4400,317.5200,4.999640
FILLER_77_457,VDD,Metal1,264.1400,317.9525,4.999640
FILLER_77_422,VDD,Metal1,243.3200,317.5200,4.999641
FILLER_77_418,VDD,Metal1,241.3600,317.5200,4.999641
FILLER_77_414,VDD,Metal1,240.0600,317.9525,4.999641
FILLER_77_406,VDD,Metal1,236.8265,318.0965,4.999641
FILLER_77_396,VDD,Metal1,229.0400,317.5200,4.999649
FILLER_77_388,VDD,Metal1,226.7465,318.0965,4.999649
FILLER_77_372,VDD,Metal1,220.1280,318.2120,4.999658
FILLER_77_352,VDD,Metal1,206.5865,318.0965,4.999672
FILLER_77_349,VDD,Metal1,202.4400,317.5200,4.999687
FILLER_77_347,VDD,Metal1,201.6000,317.5200,4.999687
FILLER_77_334,VDD,Metal1,194.0400,317.5200,4.999730
FILLER_77_326,VDD,Metal1,192.0265,318.0965,4.999731
FILLER_77_310,VDD,Metal1,185.4080,318.2120,4.999733
FILLER_77_282,VDD,Metal1,169.7280,318.2120,4.999740
FILLER_77_276,VDD,Metal1,162.7800,317.9525,4.999722
FILLER_77_260,VDD,Metal1,157.4080,318.2120,4.999722
FILLER_77_228,VDD,Metal1,144.0355,318.2885,4.999722
FILLER_77_202,VDD,Metal1,122.5865,318.0965,4.999728
FILLER_77_195,VDD,Metal1,116.4800,317.5200,4.999747
FILLER_77_187,VDD,Metal1,114.1865,318.0965,4.999747
FILLER_77_146,VDD,Metal1,89.0400,317.5200,4.999760
FILLER_77_142,VDD,Metal1,87.7400,317.9525,4.999760
FILLER_77_138,VDD,Metal1,84.5600,317.5200,4.999764
FILLER_77_131,VDD,Metal1,80.6400,317.5200,4.999764
FILLER_77_127,VDD,Metal1,79.3400,317.9525,4.999764
FILLER_77_121,VDD,Metal1,74.7600,317.5200,4.999764
FILLER_77_117,VDD,Metal1,73.7400,317.9525,4.999764
FILLER_77_109,VDD,Metal1,70.5065,318.0965,4.999764
FILLER_77_103,VDD,Metal1,64.6800,317.5200,4.999793
FILLER_77_87,VDD,Metal1,60.5280,318.2120,4.999793
FILLER_77_69,VDD,Metal1,45.6400,317.5200,4.999794
FILLER_77_67,VDD,Metal1,44.8000,317.5200,4.999794
FILLER_77_51,VDD,Metal1,40.3680,318.2120,4.999794
FILLER_76_681,VDD,Metal1,388.3600,317.5200,4.999709
FILLER_76_679,VDD,Metal1,387.5200,317.5200,4.999709
FILLER_76_675,VDD,Metal1,386.2200,317.0875,4.999709
FILLER_76_667,VDD,Metal1,382.9865,316.9430,4.999709
FILLER_76_661,VDD,Metal1,378.3800,317.0875,4.999709
FILLER_76_653,VDD,Metal1,375.1465,316.9430,4.999709
FILLER_76_621,VDD,Metal1,364.1155,316.7510,4.999709
FILLER_76_586,VDD,Metal1,335.1600,317.5200,4.999709
FILLER_76_582,VDD,Metal1,334.1400,317.0875,4.999709
FILLER_76_574,VDD,Metal1,330.9065,316.9430,4.999711
FILLER_76_558,VDD,Metal1,324.2880,316.8280,4.999709
FILLER_76_545,VDD,Metal1,312.2000,317.5200,4.999662
FILLER_76_543,VDD,Metal1,311.3600,317.5200,4.999662
FILLER_76_527,VDD,Metal1,306.9280,316.8280,4.999662
FILLER_76_524,VDD,Metal1,300.4400,317.5200,4.999654
FILLER_76_522,VDD,Metal1,299.6000,317.5200,4.999654
FILLER_76_518,VDD,Metal1,298.3000,317.0875,4.999654
FILLER_76_502,VDD,Metal1,292.9280,316.8280,4.999652
FILLER_76_457,VDD,Metal1,267.7280,316.8280,4.999640
FILLER_76_454,VDD,Metal1,261.2400,317.5200,4.999640
FILLER_76_452,VDD,Metal1,260.4000,317.5200,4.999640
FILLER_76_448,VDD,Metal1,259.1000,317.0875,4.999640
FILLER_76_443,VDD,Metal1,255.0800,317.5200,4.999640
FILLER_76_434,VDD,Metal1,250.0400,317.5200,4.999640
FILLER_76_430,VDD,Metal1,249.0200,317.0875,4.999640
FILLER_76_395,VDD,Metal1,228.2000,317.5200,4.999649
FILLER_76_387,VDD,Metal1,226.1865,316.9430,4.999650
FILLER_76_383,VDD,Metal1,221.7600,317.5200,4.999658
FILLER_76_379,VDD,Metal1,220.4600,317.0875,4.999658
FILLER_76_371,VDD,Metal1,217.2265,316.9430,4.999659
FILLER_76_355,VDD,Metal1,210.6080,316.8280,4.999670
FILLER_76_341,VDD,Metal1,198.2400,317.5200,4.999717
FILLER_76_333,VDD,Metal1,195.9465,316.9430,4.999721
FILLER_76_317,VDD,Metal1,189.3280,316.8280,4.999732
FILLER_76_314,VDD,Metal1,182.8400,317.5200,4.999733
FILLER_76_312,VDD,Metal1,182.0000,317.5200,4.999740
FILLER_76_255,VDD,Metal1,151.0200,317.0875,4.999722
FILLER_76_247,VDD,Metal1,147.7865,316.9430,4.999722
FILLER_76_244,VDD,Metal1,143.6400,317.5200,4.999722
FILLER_76_212,VDD,Metal1,135.0755,316.7510,4.999722
FILLER_76_186,VDD,Metal1,115.9680,316.8280,4.999747
FILLER_76_177,VDD,Metal1,107.3400,317.0875,4.999750
FILLER_76_173,VDD,Metal1,104.1600,317.5200,4.999750
FILLER_76_169,VDD,Metal1,102.8600,317.0875,4.999750
FILLER_76_153,VDD,Metal1,92.6800,317.5200,4.999750
FILLER_76_151,VDD,Metal1,91.8400,317.5200,4.999750
FILLER_76_147,VDD,Metal1,90.5400,317.0875,4.999760
FILLER_76_139,VDD,Metal1,87.3065,316.9430,4.999760
FILLER_76_107,VDD,Metal1,76.2755,316.7510,4.999764
FILLER_76_101,VDD,Metal1,64.7800,317.0875,4.999793
FILLER_76_37,VDD,Metal1,46.0750,316.7055,4.999794
FILLER_76_34,VDD,Metal1,26.0400,317.5200,4.999798
FILLER_76_2,VDD,Metal1,17.4755,316.7510,4.999848
FILLER_75_680,VDD,Metal1,388.0800,309.6800,4.999893
FILLER_75_664,VDD,Metal1,383.6480,310.3720,4.999893
FILLER_75_632,VDD,Metal1,370.2755,310.4485,4.999893
FILLER_75_628,VDD,Metal1,358.9600,309.6800,4.999893
FILLER_75_624,VDD,Metal1,357.6600,310.1125,4.999893
FILLER_75_589,VDD,Metal1,336.8400,309.6800,4.999895
FILLER_75_587,VDD,Metal1,336.0000,309.6800,4.999895
FILLER_75_583,VDD,Metal1,334.7000,310.1125,4.999895
FILLER_75_570,VDD,Metal1,326.4800,309.6800,4.999895
FILLER_75_562,VDD,Metal1,324.1865,310.2565,4.999894
FILLER_75_559,VDD,Metal1,320.0400,309.6800,4.999889
FILLER_75_557,VDD,Metal1,319.2000,309.6800,4.999889
FILLER_75_525,VDD,Metal1,310.3555,310.4485,4.999889
FILLER_75_515,VDD,Metal1,295.4000,309.6800,4.999885
FILLER_75_511,VDD,Metal1,294.3800,310.1125,4.999885
FILLER_75_498,VDD,Metal1,285.8800,309.6800,4.999885
FILLER_75_496,VDD,Metal1,285.0400,309.6800,4.999885
FILLER_75_492,VDD,Metal1,283.7400,310.1125,4.999885
FILLER_75_486,VDD,Metal1,280.3800,310.1125,4.999885
FILLER_75_422,VDD,Metal1,261.6750,310.4940,4.999885
FILLER_75_419,VDD,Metal1,241.6400,309.6800,4.999882
FILLER_75_415,VDD,Metal1,240.6200,310.1125,4.999882
FILLER_75_410,VDD,Metal1,236.6000,309.6800,4.999882
FILLER_75_408,VDD,Metal1,235.7600,309.6800,4.999882
FILLER_75_404,VDD,Metal1,234.4600,310.1125,4.999882
FILLER_75_396,VDD,Metal1,231.2265,310.2565,4.999882
FILLER_75_380,VDD,Metal1,224.6080,310.3720,4.999882
FILLER_75_356,VDD,Metal1,206.6400,309.6800,4.999882
FILLER_75_352,VDD,Metal1,205.3400,310.1125,4.999882
FILLER_75_349,VDD,Metal1,202.4400,309.6800,4.999882
FILLER_75_333,VDD,Metal1,198.2880,310.3720,4.999882
FILLER_75_298,VDD,Metal1,173.8800,309.6800,4.999872
FILLER_75_278,VDD,Metal1,162.9600,309.6800,4.999872
FILLER_75_274,VDD,Metal1,161.6600,310.1125,4.999872
FILLER_75_236,VDD,Metal1,140.3800,310.1125,4.999871
FILLER_75_228,VDD,Metal1,137.1465,310.2565,4.999871
FILLER_75_212,VDD,Metal1,130.5280,310.3720,4.999869
FILLER_75_209,VDD,Metal1,124.0400,309.6800,4.999865
FILLER_75_205,VDD,Metal1,123.0200,310.1125,4.999865
FILLER_75_189,VDD,Metal1,117.6480,310.3720,4.999864
FILLER_75_178,VDD,Metal1,106.9600,309.6800,4.999861
FILLER_75_174,VDD,Metal1,105.6600,310.1125,4.999861
FILLER_75_142,VDD,Metal1,95.8755,310.4485,4.999860
FILLER_75_131,VDD,Metal1,81.5800,310.1125,4.999860
FILLER_75_125,VDD,Metal1,77.0000,309.6800,4.999859
FILLER_75_121,VDD,Metal1,75.9800,310.1125,4.999859
FILLER_75_89,VDD,Metal1,66.1955,310.4485,4.999826
FILLER_75_72,VDD,Metal1,47.6000,309.6800,4.999826
FILLER_75_68,VDD,Metal1,45.3600,309.6800,4.999826
FILLER_75_36,VDD,Metal1,36.5155,310.4485,4.999826
FILLER_74_681,VDD,Metal1,388.3600,309.6800,4.999893
FILLER_74_679,VDD,Metal1,387.5200,309.6800,4.999893
FILLER_74_675,VDD,Metal1,386.2200,309.2475,4.999893
FILLER_74_667,VDD,Metal1,382.9865,309.1030,4.999893
FILLER_74_663,VDD,Metal1,378.5600,309.6800,4.999893
FILLER_74_655,VDD,Metal1,376.2665,309.1030,4.999893
FILLER_74_639,VDD,Metal1,369.6480,308.9880,4.999893
FILLER_74_591,VDD,Metal1,339.1800,309.2475,4.999893
FILLER_74_583,VDD,Metal1,335.9465,309.1030,4.999895
FILLER_74_567,VDD,Metal1,329.3280,308.9880,4.999895
FILLER_74_559,VDD,Metal1,321.2600,309.2475,4.999892
FILLER_74_527,VDD,Metal1,311.4755,308.9110,4.999889
FILLER_74_521,VDD,Metal1,299.9800,309.2475,4.999886
FILLER_74_457,VDD,Metal1,281.2750,308.8655,4.999885
FILLER_74_454,VDD,Metal1,261.2400,309.6800,4.999885
FILLER_74_437,VDD,Metal1,251.7200,309.6800,4.999885
FILLER_74_435,VDD,Metal1,250.8800,309.6800,4.999885
FILLER_74_419,VDD,Metal1,246.4480,308.9880,4.999885
FILLER_74_387,VDD,Metal1,233.0755,308.9110,4.999882
FILLER_74_381,VDD,Metal1,221.5800,309.2475,4.999882
FILLER_74_317,VDD,Metal1,202.8750,308.8655,4.999882
FILLER_74_314,VDD,Metal1,182.8400,309.6800,4.999882
FILLER_74_299,VDD,Metal1,174.7200,309.6800,4.999872
FILLER_74_263,VDD,Metal1,154.5600,309.6800,4.999872
FILLER_74_247,VDD,Metal1,145.3200,309.6800,4.999872
FILLER_74_244,VDD,Metal1,143.6400,309.6800,4.999872
FILLER_74_242,VDD,Metal1,142.8000,309.6800,4.999872
FILLER_74_238,VDD,Metal1,141.5000,309.2475,4.999871
FILLER_74_230,VDD,Metal1,138.2665,309.1030,4.999871
FILLER_74_214,VDD,Metal1,131.6480,308.9880,4.999869
FILLER_74_204,VDD,Metal1,121.2400,309.6800,4.999864
FILLER_74_188,VDD,Metal1,117.0880,308.9880,4.999864
FILLER_74_179,VDD,Metal1,107.2400,309.6800,4.999861
FILLER_74_177,VDD,Metal1,106.4000,309.6800,4.999861
FILLER_74_174,VDD,Metal1,104.4400,309.6800,4.999860
FILLER_74_172,VDD,Metal1,103.6000,309.6800,4.999860
FILLER_74_168,VDD,Metal1,102.3000,309.2475,4.999860
FILLER_74_136,VDD,Metal1,92.5155,308.9110,4.999860
FILLER_74_128,VDD,Metal1,78.6800,309.6800,4.999860
FILLER_74_126,VDD,Metal1,77.8400,309.6800,4.999860
FILLER_74_115,VDD,Metal1,71.4000,309.6800,4.999826
FILLER_74_107,VDD,Metal1,69.3865,309.1030,4.999826
FILLER_74_104,VDD,Metal1,65.2400,309.6800,4.999826
FILLER_74_102,VDD,Metal1,64.4000,309.6800,4.999826
FILLER_74_98,VDD,Metal1,63.1000,309.2475,4.999826
FILLER_74_60,VDD,Metal1,41.8200,309.2475,4.999826
FILLER_74_52,VDD,Metal1,38.5865,309.1030,4.999826
FILLER_74_4,VDD,Metal1,9.2400,309.6800,4.999832
FILLER_74_2,VDD,Metal1,8.4000,309.6800,4.999832
FILLER_73_680,VDD,Metal1,388.0800,301.8400,4.999677
FILLER_73_664,VDD,Metal1,383.6480,302.5320,4.999677
FILLER_73_632,VDD,Metal1,370.2755,302.6085,4.999677
FILLER_73_628,VDD,Metal1,358.9600,301.8400,4.999677
FILLER_73_624,VDD,Metal1,357.6600,302.2725,4.999677
FILLER_73_616,VDD,Metal1,354.4265,302.4165,4.999677
FILLER_73_600,VDD,Metal1,347.8080,302.5320,4.999677
FILLER_73_568,VDD,Metal1,334.4355,302.6085,4.999680
FILLER_73_559,VDD,Metal1,320.0400,301.8400,4.999680
FILLER_73_549,VDD,Metal1,314.7200,301.8400,4.999680
FILLER_73_541,VDD,Metal1,312.4265,302.4165,4.999680
FILLER_73_525,VDD,Metal1,305.8080,302.5320,4.999670
FILLER_73_508,VDD,Metal1,291.4800,301.8400,4.999645
FILLER_73_492,VDD,Metal1,287.3280,302.5320,4.999644
FILLER_73_489,VDD,Metal1,280.8400,301.8400,4.999615
FILLER_73_485,VDD,Metal1,279.8200,302.2725,4.999615
FILLER_73_477,VDD,Metal1,276.5865,302.4165,4.999614
FILLER_73_445,VDD,Metal1,265.5555,302.6085,4.999611
FILLER_73_436,VDD,Metal1,251.1600,301.8400,4.999582
FILLER_73_434,VDD,Metal1,250.3200,301.8400,4.999582
FILLER_73_430,VDD,Metal1,249.0200,302.2725,4.999581
FILLER_73_422,VDD,Metal1,245.7865,302.4165,4.999580
FILLER_73_412,VDD,Metal1,240.1865,302.4165,4.999565
FILLER_73_400,VDD,Metal1,231.2800,301.8400,4.999537
FILLER_73_392,VDD,Metal1,228.9865,302.4165,4.999537
FILLER_73_356,VDD,Metal1,206.6400,301.8400,4.999531
FILLER_73_352,VDD,Metal1,205.3400,302.2725,4.999531
FILLER_73_348,VDD,Metal1,202.1600,301.8400,4.999531
FILLER_73_329,VDD,Metal1,192.4600,302.2725,4.999531
FILLER_73_313,VDD,Metal1,187.0880,302.5320,4.999531
FILLER_73_282,VDD,Metal1,164.9200,301.8400,4.999561
FILLER_73_264,VDD,Metal1,157.3065,302.4165,4.999561
FILLER_73_248,VDD,Metal1,150.6880,302.5320,4.999561
FILLER_73_208,VDD,Metal1,123.7600,301.8400,4.999560
FILLER_73_204,VDD,Metal1,122.4600,302.2725,4.999560
FILLER_73_195,VDD,Metal1,116.2000,301.8400,4.999560
FILLER_73_193,VDD,Metal1,115.3600,301.8400,4.999560
FILLER_73_189,VDD,Metal1,114.0600,302.2725,4.999560
FILLER_73_181,VDD,Metal1,110.8265,302.4165,4.999560
FILLER_73_149,VDD,Metal1,99.7955,302.6085,4.999560
FILLER_73_120,VDD,Metal1,74.2000,301.8400,4.999577
FILLER_73_84,VDD,Metal1,54.3200,301.8400,4.999580
FILLER_73_80,VDD,Metal1,53.0200,302.2725,4.999676
FILLER_73_72,VDD,Metal1,49.7865,302.4165,4.999676
FILLER_73_68,VDD,Metal1,45.3600,301.8400,4.999676
FILLER_73_52,VDD,Metal1,40.9280,302.5320,4.999676
FILLER_72_681,VDD,Metal1,388.3600,301.8400,4.999677
FILLER_72_679,VDD,Metal1,387.5200,301.8400,4.999677
FILLER_72_675,VDD,Metal1,386.2200,301.4075,4.999677
FILLER_72_667,VDD,Metal1,382.9865,301.2630,4.999677
FILLER_72_663,VDD,Metal1,378.5600,301.8400,4.999677
FILLER_72_631,VDD,Metal1,369.7155,301.0710,4.999677
FILLER_72_588,VDD,Metal1,336.2800,301.8400,4.999680
FILLER_72_586,VDD,Metal1,335.4400,301.8400,4.999680
FILLER_72_539,VDD,Metal1,308.8400,301.8400,4.999670
FILLER_72_535,VDD,Metal1,307.8200,301.4075,4.999670
FILLER_72_527,VDD,Metal1,304.5865,301.2630,4.999670
FILLER_72_521,VDD,Metal1,299.9800,301.4075,4.999654
FILLER_72_508,VDD,Metal1,291.4800,301.8400,4.999645
FILLER_72_506,VDD,Metal1,290.6400,301.8400,4.999644
FILLER_72_498,VDD,Metal1,288.3465,301.2630,4.999644
FILLER_72_463,VDD,Metal1,266.2800,301.8400,4.999611
FILLER_72_461,VDD,Metal1,265.4400,301.8400,4.999611
FILLER_72_457,VDD,Metal1,264.1400,301.4075,4.999611
FILLER_72_454,VDD,Metal1,261.2400,301.8400,4.999610
FILLER_72_450,VDD,Metal1,260.2200,301.4075,4.999610
FILLER_72_445,VDD,Metal1,256.2000,301.8400,4.999609
FILLER_72_437,VDD,Metal1,254.1865,301.2630,4.999608
FILLER_72_423,VDD,Metal1,244.1600,301.8400,4.999570
FILLER_72_419,VDD,Metal1,242.8600,301.4075,4.999570
FILLER_72_411,VDD,Metal1,239.6265,301.2630,4.999564
FILLER_72_395,VDD,Metal1,229.4200,301.4075,4.999537
FILLER_72_387,VDD,Metal1,226.1865,301.2630,4.999534
FILLER_72_383,VDD,Metal1,221.7600,301.8400,4.999531
FILLER_72_379,VDD,Metal1,220.4600,301.4075,4.999531
FILLER_72_314,VDD,Metal1,182.8400,301.8400,4.999561
FILLER_72_251,VDD,Metal1,147.5600,301.8400,4.999561
FILLER_72_247,VDD,Metal1,146.5400,301.4075,4.999560
FILLER_72_241,VDD,Metal1,143.1800,301.4075,4.999559
FILLER_72_233,VDD,Metal1,139.9465,301.2630,4.999559
FILLER_72_223,VDD,Metal1,131.8800,301.8400,4.999559
FILLER_72_217,VDD,Metal1,128.5200,301.8400,4.999559
FILLER_72_209,VDD,Metal1,126.5065,301.2630,4.999559
FILLER_72_177,VDD,Metal1,115.4755,301.0710,4.999560
FILLER_72_159,VDD,Metal1,96.0400,301.8400,4.999560
FILLER_72_151,VDD,Metal1,94.0265,301.2630,4.999560
FILLER_72_135,VDD,Metal1,82.8800,301.8400,4.999570
FILLER_72_131,VDD,Metal1,81.5800,301.4075,4.999570
FILLER_72_123,VDD,Metal1,78.3465,301.2630,4.999576
FILLER_72_117,VDD,Metal1,72.5200,301.8400,4.999579
FILLER_72_115,VDD,Metal1,71.6800,301.8400,4.999579
FILLER_72_107,VDD,Metal1,69.3865,301.2630,4.999579
FILLER_72_86,VDD,Metal1,56.3800,301.4075,4.999580
FILLER_72_51,VDD,Metal1,35.5600,301.8400,4.999697
FILLER_72_49,VDD,Metal1,34.7200,301.8400,4.999697
FILLER_72_45,VDD,Metal1,33.4200,301.4075,4.999698
FILLER_72_37,VDD,Metal1,30.1865,301.2630,4.999698
FILLER_72_34,VDD,Metal1,26.0400,301.8400,4.999698
FILLER_72_32,VDD,Metal1,25.2000,301.8400,4.999698
FILLER_72_16,VDD,Metal1,20.7680,301.1480,4.999698
FILLER_71_680,VDD,Metal1,388.0800,294.0000,4.999859
FILLER_71_664,VDD,Metal1,383.6480,294.6920,4.999859
FILLER_71_632,VDD,Metal1,370.2755,294.7685,4.999859
FILLER_71_629,VDD,Metal1,359.2400,294.0000,4.999859
FILLER_71_613,VDD,Metal1,355.0880,294.6920,4.999859
FILLER_71_581,VDD,Metal1,341.7155,294.7685,4.999859
FILLER_71_572,VDD,Metal1,327.3200,294.0000,4.999859
FILLER_71_570,VDD,Metal1,326.4800,294.0000,4.999859
FILLER_71_562,VDD,Metal1,324.1865,294.5765,4.999859
FILLER_71_559,VDD,Metal1,320.0400,294.0000,4.999851
FILLER_71_548,VDD,Metal1,313.8800,294.0000,4.999850
FILLER_71_544,VDD,Metal1,312.8600,294.4325,4.999850
FILLER_71_528,VDD,Metal1,307.4880,294.6920,4.999850
FILLER_71_515,VDD,Metal1,295.4000,294.0000,4.999810
FILLER_71_502,VDD,Metal1,288.1200,294.0000,4.999805
FILLER_71_500,VDD,Metal1,287.2800,294.0000,4.999805
FILLER_71_492,VDD,Metal1,284.9865,294.5765,4.999805
FILLER_71_479,VDD,Metal1,275.5200,294.0000,4.999804
FILLER_71_464,VDD,Metal1,266.8400,294.0000,4.999788
FILLER_71_462,VDD,Metal1,266.0000,294.0000,4.999788
FILLER_71_426,VDD,Metal1,245.8400,294.0000,4.999782
FILLER_71_422,VDD,Metal1,244.5400,294.4325,4.999782
FILLER_71_419,VDD,Metal1,241.6400,294.0000,4.999782
FILLER_71_411,VDD,Metal1,239.6265,294.5765,4.999782
FILLER_71_398,VDD,Metal1,229.8800,294.0000,4.999781
FILLER_71_390,VDD,Metal1,227.8665,294.5765,4.999781
FILLER_71_360,VDD,Metal1,208.6000,294.0000,4.999781
FILLER_71_352,VDD,Metal1,206.5865,294.5765,4.999781
FILLER_71_346,VDD,Metal1,201.9800,294.4325,4.999781
FILLER_71_323,VDD,Metal1,187.8800,294.0000,4.999783
FILLER_71_321,VDD,Metal1,187.0400,294.0000,4.999783
FILLER_71_317,VDD,Metal1,185.7400,294.4325,4.999783
FILLER_71_285,VDD,Metal1,175.9555,294.7685,4.999785
FILLER_71_282,VDD,Metal1,164.9200,294.0000,4.999760
FILLER_71_279,VDD,Metal1,163.2400,294.0000,4.999757
FILLER_71_271,VDD,Metal1,161.2265,294.5765,4.999757
FILLER_71_234,VDD,Metal1,138.0400,294.0000,4.999747
FILLER_71_230,VDD,Metal1,137.0200,294.4325,4.999746
FILLER_71_224,VDD,Metal1,132.4400,294.0000,4.999746
FILLER_71_214,VDD,Metal1,126.8400,294.0000,4.999746
FILLER_71_212,VDD,Metal1,126.0000,294.0000,4.999746
FILLER_71_206,VDD,Metal1,123.5800,294.4325,4.999746
FILLER_71_196,VDD,Metal1,117.0400,294.0000,4.999746
FILLER_71_192,VDD,Metal1,115.7400,294.4325,4.999746
FILLER_71_142,VDD,Metal1,91.3280,294.6920,4.999747
FILLER_71_136,VDD,Metal1,84.3800,294.4325,4.999747
FILLER_71_72,VDD,Metal1,65.6750,294.8140,4.999747
FILLER_71_69,VDD,Metal1,45.6400,294.0000,4.999751
FILLER_71_67,VDD,Metal1,44.8000,294.0000,4.999751
FILLER_71_59,VDD,Metal1,42.5065,294.5765,4.999751
FILLER_71_43,VDD,Metal1,35.8880,294.6920,4.999759
FILLER_71_26,VDD,Metal1,21.5600,294.0000,4.999766
FILLER_71_24,VDD,Metal1,20.7200,294.0000,4.999765
FILLER_71_8,VDD,Metal1,16.2880,294.6920,4.999765
FILLER_70_681,VDD,Metal1,388.3600,294.0000,4.999859
FILLER_70_679,VDD,Metal1,387.5200,294.0000,4.999859
FILLER_70_675,VDD,Metal1,386.2200,293.5675,4.999859
FILLER_70_667,VDD,Metal1,382.9865,293.4230,4.999859
FILLER_70_661,VDD,Metal1,378.3800,293.5675,4.999859
FILLER_70_597,VDD,Metal1,359.6750,293.1855,4.999859
FILLER_70_594,VDD,Metal1,339.6400,294.0000,4.999859
FILLER_70_579,VDD,Metal1,331.2400,294.0000,4.999859
FILLER_70_575,VDD,Metal1,330.2200,293.5675,4.999859
FILLER_70_559,VDD,Metal1,324.8480,293.3080,4.999859
FILLER_70_527,VDD,Metal1,311.4755,293.2310,4.999850
FILLER_70_513,VDD,Metal1,294.5600,294.0000,4.999810
FILLER_70_508,VDD,Metal1,291.4800,294.0000,4.999810
FILLER_70_506,VDD,Metal1,290.6400,294.0000,4.999805
FILLER_70_502,VDD,Metal1,289.3400,293.5675,4.999805
FILLER_70_470,VDD,Metal1,279.5555,293.2310,4.999805
FILLER_70_457,VDD,Metal1,262.9200,294.0000,4.999783
FILLER_70_454,VDD,Metal1,261.2400,294.0000,4.999783
FILLER_70_450,VDD,Metal1,260.2200,293.5675,4.999783
FILLER_70_434,VDD,Metal1,254.8480,293.3080,4.999783
FILLER_70_420,VDD,Metal1,242.4800,294.0000,4.999782
FILLER_70_416,VDD,Metal1,241.1800,293.5675,4.999782
FILLER_70_409,VDD,Metal1,236.3200,294.0000,4.999781
FILLER_70_401,VDD,Metal1,234.0265,293.4230,4.999781
FILLER_70_389,VDD,Metal1,224.8400,294.0000,4.999781
FILLER_70_387,VDD,Metal1,224.0000,294.0000,4.999781
FILLER_70_373,VDD,Metal1,216.1600,294.0000,4.999781
FILLER_70_369,VDD,Metal1,214.8600,293.5675,4.999781
FILLER_70_357,VDD,Metal1,208.1400,293.5675,4.999781
FILLER_70_341,VDD,Metal1,202.7680,293.3080,4.999781
FILLER_70_325,VDD,Metal1,190.2200,293.5675,4.999783
FILLER_70_317,VDD,Metal1,186.9865,293.4230,4.999783
FILLER_70_313,VDD,Metal1,182.5600,294.0000,4.999785
FILLER_70_309,VDD,Metal1,181.2600,293.5675,4.999785
FILLER_70_285,VDD,Metal1,171.4080,293.3080,4.999785
FILLER_70_281,VDD,Metal1,164.6400,294.0000,4.999760
FILLER_70_273,VDD,Metal1,162.3465,293.4230,4.999759
FILLER_70_257,VDD,Metal1,155.7280,293.3080,4.999751
FILLER_70_244,VDD,Metal1,143.6400,294.0000,4.999750
FILLER_70_171,VDD,Metal1,103.9800,293.5675,4.999746
FILLER_70_107,VDD,Metal1,85.2750,293.1855,4.999747
FILLER_70_101,VDD,Metal1,64.7800,293.5675,4.999747
FILLER_70_93,VDD,Metal1,61.5465,293.4230,4.999747
FILLER_70_77,VDD,Metal1,54.9280,293.3080,4.999747
FILLER_70_61,VDD,Metal1,41.1600,294.0000,4.999757
FILLER_70_53,VDD,Metal1,39.1465,293.4230,4.999757
FILLER_70_34,VDD,Metal1,26.0400,294.0000,4.999765
FILLER_70_30,VDD,Metal1,25.0200,293.5675,4.999765
FILLER_70_22,VDD,Metal1,21.7865,293.4230,4.999766
FILLER_70_6,VDD,Metal1,10.3600,294.0000,4.999765
FILLER_70_2,VDD,Metal1,9.3400,293.5675,4.999765
FILLER_69_680,VDD,Metal1,388.0800,286.1600,4.999845
FILLER_69_664,VDD,Metal1,383.6480,286.8520,4.999845
FILLER_69_632,VDD,Metal1,370.2755,286.9285,4.999845
FILLER_69_629,VDD,Metal1,359.2400,286.1600,4.999845
FILLER_69_627,VDD,Metal1,358.4000,286.1600,4.999845
FILLER_69_623,VDD,Metal1,357.1000,286.5925,4.999845
FILLER_69_588,VDD,Metal1,336.2800,286.1600,4.999847
FILLER_69_586,VDD,Metal1,335.4400,286.1600,4.999847
FILLER_69_578,VDD,Metal1,333.1465,286.7365,4.999847
FILLER_69_562,VDD,Metal1,326.5280,286.8520,4.999847
FILLER_69_559,VDD,Metal1,320.0400,286.1600,4.999846
FILLER_69_543,VDD,Metal1,315.8880,286.8520,4.999846
FILLER_69_538,VDD,Metal1,308.2800,286.1600,4.999845
FILLER_69_522,VDD,Metal1,304.1280,286.8520,4.999845
FILLER_69_508,VDD,Metal1,291.4800,286.1600,4.999831
FILLER_69_492,VDD,Metal1,287.3280,286.8520,4.999830
FILLER_69_477,VDD,Metal1,274.1200,286.1600,4.999829
FILLER_69_475,VDD,Metal1,273.2800,286.1600,4.999828
FILLER_69_467,VDD,Metal1,270.9865,286.7365,4.999828
FILLER_69_462,VDD,Metal1,265.7200,286.1600,4.999812
FILLER_69_454,VDD,Metal1,263.7065,286.7365,4.999812
FILLER_69_422,VDD,Metal1,252.6755,286.9285,4.999805
FILLER_69_419,VDD,Metal1,241.6400,286.1600,4.999805
FILLER_69_415,VDD,Metal1,240.6200,286.5925,4.999805
FILLER_69_399,VDD,Metal1,235.2480,286.8520,4.999805
FILLER_69_377,VDD,Metal1,220.5865,286.7365,4.999769
FILLER_69_354,VDD,Metal1,205.2400,286.1600,4.999765
FILLER_69_352,VDD,Metal1,204.4000,286.1600,4.999765
FILLER_69_342,VDD,Metal1,200.9865,286.7365,4.999765
FILLER_69_329,VDD,Metal1,191.2400,286.1600,4.999761
FILLER_69_327,VDD,Metal1,190.4000,286.1600,4.999760
FILLER_69_282,VDD,Metal1,165.2000,286.1600,4.999711
FILLER_69_243,VDD,Metal1,143.0800,286.1600,4.999697
FILLER_69_239,VDD,Metal1,142.0600,286.5925,4.999696
FILLER_69_223,VDD,Metal1,136.6880,286.8520,4.999696
FILLER_69_214,VDD,Metal1,126.8400,286.1600,4.999675
FILLER_69_212,VDD,Metal1,126.0000,286.1600,4.999675
FILLER_69_146,VDD,Metal1,89.0400,286.1600,4.999671
FILLER_69_142,VDD,Metal1,87.7400,286.5925,4.999671
FILLER_69_136,VDD,Metal1,84.3800,286.5925,4.999672
FILLER_69_72,VDD,Metal1,65.6750,286.9740,4.999672
FILLER_69_69,VDD,Metal1,45.6400,286.1600,4.999673
FILLER_69_67,VDD,Metal1,44.8000,286.1600,4.999673
FILLER_69_63,VDD,Metal1,43.5000,286.5925,4.999674
FILLER_69_14,VDD,Metal1,14.8400,286.1600,4.999677
FILLER_69_10,VDD,Metal1,13.8200,286.5925,4.999677
FILLER_69_2,VDD,Metal1,10.5865,286.7365,4.999677
FILLER_68_681,VDD,Metal1,388.3600,286.1600,4.999845
FILLER_68_679,VDD,Metal1,387.5200,286.1600,4.999845
FILLER_68_675,VDD,Metal1,386.2200,285.7275,4.999845
FILLER_68_667,VDD,Metal1,382.9865,285.5830,4.999845
FILLER_68_661,VDD,Metal1,378.3800,285.7275,4.999845
FILLER_68_597,VDD,Metal1,359.6750,285.3455,4.999845
FILLER_68_594,VDD,Metal1,339.6400,286.1600,4.999845
FILLER_68_586,VDD,Metal1,337.6265,285.5830,4.999845
FILLER_68_554,VDD,Metal1,326.5955,285.3910,4.999847
FILLER_68_547,VDD,Metal1,313.3200,286.1600,4.999846
FILLER_68_543,VDD,Metal1,312.3000,285.7275,4.999846
FILLER_68_527,VDD,Metal1,306.9280,285.4680,4.999845
FILLER_68_524,VDD,Metal1,300.4400,286.1600,4.999834
FILLER_68_522,VDD,Metal1,299.6000,286.1600,4.999834
FILLER_68_501,VDD,Metal1,287.8400,286.1600,4.999829
FILLER_68_469,VDD,Metal1,278.9955,285.3910,4.999829
FILLER_68_454,VDD,Metal1,261.2400,286.1600,4.999806
FILLER_68_438,VDD,Metal1,257.0880,285.4680,4.999805
FILLER_68_395,VDD,Metal1,228.2000,286.1600,4.999799
FILLER_68_387,VDD,Metal1,226.1865,285.5830,4.999798
FILLER_68_384,VDD,Metal1,222.0400,286.1600,4.999769
FILLER_68_380,VDD,Metal1,221.0200,285.7275,4.999769
FILLER_68_345,VDD,Metal1,200.2000,286.1600,4.999765
FILLER_68_341,VDD,Metal1,199.1800,285.7275,4.999764
FILLER_68_333,VDD,Metal1,195.9465,285.5830,4.999764
FILLER_68_317,VDD,Metal1,189.3280,285.4680,4.999761
FILLER_68_304,VDD,Metal1,177.2400,286.1600,4.999760
FILLER_68_295,VDD,Metal1,172.2000,286.1600,4.999757
FILLER_68_291,VDD,Metal1,171.1800,285.7275,4.999757
FILLER_68_283,VDD,Metal1,167.9465,285.5830,4.999757
FILLER_68_267,VDD,Metal1,161.3280,285.4680,4.999710
FILLER_68_257,VDD,Metal1,150.9200,286.1600,4.999709
FILLER_68_255,VDD,Metal1,150.0800,286.1600,4.999709
FILLER_68_247,VDD,Metal1,147.7865,285.5830,4.999709
FILLER_68_227,VDD,Metal1,134.4000,286.1600,4.999695
FILLER_68_165,VDD,Metal1,99.6800,286.1600,4.999670
FILLER_68_157,VDD,Metal1,97.3865,285.5830,4.999670
FILLER_68_141,VDD,Metal1,90.7680,285.4680,4.999670
FILLER_68_132,VDD,Metal1,80.9200,286.1600,4.999672
FILLER_68_130,VDD,Metal1,80.0800,286.1600,4.999672
FILLER_68_126,VDD,Metal1,78.7800,285.7275,4.999672
FILLER_68_119,VDD,Metal1,73.9200,286.1600,4.999672
FILLER_68_115,VDD,Metal1,72.6200,285.7275,4.999672
FILLER_68_96,VDD,Metal1,60.7600,286.1600,4.999672
FILLER_68_88,VDD,Metal1,58.7465,285.5830,4.999672
FILLER_68_52,VDD,Metal1,36.4000,286.1600,4.999676
FILLER_68_18,VDD,Metal1,17.3600,286.1600,4.999677
FILLER_68_2,VDD,Metal1,12.9280,285.4680,4.999677
FILLER_67_680,VDD,Metal1,388.0800,278.3200,4.999857
FILLER_67_664,VDD,Metal1,383.6480,279.0120,4.999857
FILLER_67_632,VDD,Metal1,370.2755,279.0885,4.999857
FILLER_67_626,VDD,Metal1,358.7800,278.7525,4.999857
FILLER_67_562,VDD,Metal1,340.0750,279.1340,4.999857
FILLER_67_559,VDD,Metal1,320.0400,278.3200,4.999856
FILLER_67_555,VDD,Metal1,319.0200,278.7525,4.999856
FILLER_67_542,VDD,Metal1,310.5200,278.3200,4.999848
FILLER_67_540,VDD,Metal1,309.6800,278.3200,4.999847
FILLER_67_524,VDD,Metal1,305.2480,279.0120,4.999847
FILLER_67_492,VDD,Metal1,291.8755,279.0885,4.999840
FILLER_67_488,VDD,Metal1,280.5600,278.3200,4.999834
FILLER_67_456,VDD,Metal1,271.7155,279.0885,4.999834
FILLER_67_446,VDD,Metal1,257.9800,278.7525,4.999826
FILLER_67_438,VDD,Metal1,254.7465,278.8965,4.999825
FILLER_67_422,VDD,Metal1,248.1280,279.0120,4.999825
FILLER_67_416,VDD,Metal1,241.1800,278.7525,4.999825
FILLER_67_407,VDD,Metal1,234.9200,278.3200,4.999825
FILLER_67_405,VDD,Metal1,234.0800,278.3200,4.999825
FILLER_67_389,VDD,Metal1,229.6480,279.0120,4.999825
FILLER_67_372,VDD,Metal1,215.3200,278.3200,4.999812
FILLER_67_364,VDD,Metal1,213.3065,278.8965,4.999812
FILLER_67_352,VDD,Metal1,204.4000,278.3200,4.999804
FILLER_67_349,VDD,Metal1,202.4400,278.3200,4.999804
FILLER_67_345,VDD,Metal1,201.4200,278.7525,4.999804
FILLER_67_329,VDD,Metal1,196.0480,279.0120,4.999804
FILLER_67_320,VDD,Metal1,186.2000,278.3200,4.999759
FILLER_67_318,VDD,Metal1,185.3600,278.3200,4.999755
FILLER_67_314,VDD,Metal1,184.0600,278.7525,4.999754
FILLER_67_282,VDD,Metal1,174.2755,279.0885,4.999750
FILLER_67_276,VDD,Metal1,162.7800,278.7525,4.999749
FILLER_67_260,VDD,Metal1,157.4080,279.0120,4.999747
FILLER_67_228,VDD,Metal1,144.0355,279.0885,4.999722
FILLER_67_216,VDD,Metal1,128.2400,278.3200,4.999720
FILLER_67_212,VDD,Metal1,126.9400,278.7525,4.999720
FILLER_67_208,VDD,Metal1,123.7600,278.3200,4.999718
FILLER_67_192,VDD,Metal1,119.3280,279.0120,4.999718
FILLER_67_176,VDD,Metal1,105.5600,278.3200,4.999686
FILLER_67_139,VDD,Metal1,84.8400,278.3200,4.999673
FILLER_67_137,VDD,Metal1,84.0000,278.3200,4.999673
FILLER_67_133,VDD,Metal1,82.7000,278.7525,4.999673
FILLER_67_97,VDD,Metal1,61.6000,278.3200,4.999669
FILLER_67_93,VDD,Metal1,60.3000,278.7525,4.999669
FILLER_67_87,VDD,Metal1,55.7200,278.3200,4.999669
FILLER_67_82,VDD,Metal1,52.9200,278.3200,4.999669
FILLER_67_80,VDD,Metal1,52.0800,278.3200,4.999669
FILLER_67_72,VDD,Metal1,49.7865,278.8965,4.999669
FILLER_67_58,VDD,Metal1,40.7000,278.7525,4.999669
FILLER_67_50,VDD,Metal1,37.4665,278.8965,4.999669
FILLER_67_40,VDD,Metal1,29.6800,278.3200,4.999680
FILLER_67_36,VDD,Metal1,28.3800,278.7525,4.999680
FILLER_66_681,VDD,Metal1,388.3600,278.3200,4.999857
FILLER_66_679,VDD,Metal1,387.5200,278.3200,4.999857
FILLER_66_675,VDD,Metal1,386.2200,277.8875,4.999857
FILLER_66_667,VDD,Metal1,382.9865,277.7430,4.999857
FILLER_66_661,VDD,Metal1,378.3800,277.8875,4.999857
FILLER_66_597,VDD,Metal1,359.6750,277.5055,4.999857
FILLER_66_594,VDD,Metal1,339.6400,278.3200,4.999857
FILLER_66_586,VDD,Metal1,337.6265,277.7430,4.999857
FILLER_66_543,VDD,Metal1,311.0800,278.3200,4.999848
FILLER_66_527,VDD,Metal1,306.9280,277.6280,4.999848
FILLER_66_523,VDD,Metal1,300.1600,278.3200,4.999840
FILLER_66_515,VDD,Metal1,297.8665,277.7430,4.999840
FILLER_66_506,VDD,Metal1,290.3600,278.3200,4.999840
FILLER_66_502,VDD,Metal1,289.3400,277.8875,4.999840
FILLER_66_477,VDD,Metal1,274.4000,278.3200,4.999834
FILLER_66_473,VDD,Metal1,273.1000,277.8875,4.999834
FILLER_66_457,VDD,Metal1,267.7280,277.6280,4.999834
FILLER_66_454,VDD,Metal1,261.2400,278.3200,4.999826
FILLER_66_452,VDD,Metal1,260.4000,278.3200,4.999826
FILLER_66_448,VDD,Metal1,259.1000,277.8875,4.999826
FILLER_66_416,VDD,Metal1,249.3155,277.5510,4.999825
FILLER_66_387,VDD,Metal1,228.5280,277.6280,4.999824
FILLER_66_383,VDD,Metal1,221.7600,278.3200,4.999814
FILLER_66_375,VDD,Metal1,219.4665,277.7430,4.999814
FILLER_66_359,VDD,Metal1,212.8480,277.6280,4.999812
FILLER_66_327,VDD,Metal1,199.4755,277.5510,4.999804
FILLER_66_317,VDD,Metal1,184.8000,278.3200,4.999755
FILLER_66_313,VDD,Metal1,182.5600,278.3200,4.999750
FILLER_66_309,VDD,Metal1,181.2600,277.8875,4.999750
FILLER_66_301,VDD,Metal1,178.0265,277.7430,4.999750
FILLER_66_269,VDD,Metal1,166.9955,277.5510,4.999749
FILLER_66_259,VDD,Metal1,152.3200,278.3200,4.999723
FILLER_66_255,VDD,Metal1,151.0200,277.8875,4.999722
FILLER_66_247,VDD,Metal1,147.7865,277.7430,4.999722
FILLER_66_244,VDD,Metal1,143.6400,278.3200,4.999722
FILLER_66_240,VDD,Metal1,142.6200,277.8875,4.999722
FILLER_66_203,VDD,Metal1,120.6800,278.3200,4.999718
FILLER_66_201,VDD,Metal1,119.8400,278.3200,4.999718
FILLER_66_193,VDD,Metal1,117.5465,277.7430,4.999718
FILLER_66_177,VDD,Metal1,108.5865,277.7430,4.999697
FILLER_66_167,VDD,Metal1,102.9865,277.7430,4.999682
FILLER_66_148,VDD,Metal1,91.1000,277.8875,4.999681
FILLER_66_140,VDD,Metal1,87.8665,277.7430,4.999680
FILLER_66_131,VDD,Metal1,80.3600,278.3200,4.999670
FILLER_66_129,VDD,Metal1,79.5200,278.3200,4.999670
FILLER_66_117,VDD,Metal1,72.5200,278.3200,4.999670
FILLER_66_115,VDD,Metal1,71.6800,278.3200,4.999670
FILLER_66_104,VDD,Metal1,65.2400,278.3200,4.999670
FILLER_66_41,VDD,Metal1,29.9600,278.3200,4.999680
FILLER_66_37,VDD,Metal1,28.9400,277.8875,4.999680
FILLER_66_34,VDD,Metal1,26.0400,278.3200,4.999690
FILLER_66_32,VDD,Metal1,25.2000,278.3200,4.999691
FILLER_66_16,VDD,Metal1,20.7680,277.6280,4.999691
FILLER_65_680,VDD,Metal1,388.0800,270.4800,4.999656
FILLER_65_664,VDD,Metal1,383.6480,271.1720,4.999656
FILLER_65_632,VDD,Metal1,370.2755,271.2485,4.999656
FILLER_65_628,VDD,Metal1,358.9600,270.4800,4.999656
FILLER_65_624,VDD,Metal1,357.6600,270.9125,4.999656
FILLER_65_608,VDD,Metal1,352.2880,271.1720,4.999656
FILLER_65_573,VDD,Metal1,327.8800,270.4800,4.999656
FILLER_65_564,VDD,Metal1,322.8400,270.4800,4.999633
FILLER_65_562,VDD,Metal1,322.0000,270.4800,4.999633
FILLER_65_547,VDD,Metal1,313.6000,270.4800,4.999555
FILLER_65_543,VDD,Metal1,312.3000,270.9125,4.999555
FILLER_65_527,VDD,Metal1,306.9280,271.1720,4.999554
FILLER_65_504,VDD,Metal1,289.5200,270.4800,4.999520
FILLER_65_500,VDD,Metal1,288.2200,270.9125,4.999520
FILLER_65_492,VDD,Metal1,284.9865,271.0565,4.999520
FILLER_65_489,VDD,Metal1,280.8400,270.4800,4.999520
FILLER_65_422,VDD,Metal1,248.1280,271.1720,4.999519
FILLER_65_419,VDD,Metal1,241.6400,270.4800,4.999519
FILLER_65_411,VDD,Metal1,239.6265,271.0565,4.999519
FILLER_65_376,VDD,Metal1,217.5600,270.4800,4.999521
FILLER_65_372,VDD,Metal1,216.5400,270.9125,4.999521
FILLER_65_365,VDD,Metal1,211.6800,270.4800,4.999577
FILLER_65_356,VDD,Metal1,206.3600,270.4800,4.999579
FILLER_65_352,VDD,Metal1,205.3400,270.9125,4.999580
FILLER_65_349,VDD,Metal1,202.4400,270.4800,4.999581
FILLER_65_347,VDD,Metal1,201.6000,270.4800,4.999581
FILLER_65_343,VDD,Metal1,200.3000,270.9125,4.999581
FILLER_65_317,VDD,Metal1,184.8000,270.4800,4.999585
FILLER_65_313,VDD,Metal1,183.5000,270.9125,4.999590
FILLER_65_298,VDD,Metal1,174.1600,270.4800,4.999598
FILLER_65_282,VDD,Metal1,169.7280,271.1720,4.999598
FILLER_65_278,VDD,Metal1,162.9600,270.4800,4.999598
FILLER_65_274,VDD,Metal1,161.6600,270.9125,4.999598
FILLER_65_236,VDD,Metal1,139.4400,270.4800,4.999591
FILLER_65_228,VDD,Metal1,137.1465,271.0565,4.999591
FILLER_65_212,VDD,Metal1,130.5280,271.1720,4.999590
FILLER_65_206,VDD,Metal1,123.5800,270.9125,4.999586
FILLER_65_142,VDD,Metal1,104.8750,271.2940,4.999586
FILLER_65_139,VDD,Metal1,84.8400,270.4800,4.999581
FILLER_65_88,VDD,Metal1,56.5600,270.4800,4.999579
FILLER_65_72,VDD,Metal1,52.1280,271.1720,4.999579
FILLER_65_60,VDD,Metal1,41.8200,270.9125,4.999579
FILLER_65_52,VDD,Metal1,38.5865,271.0565,4.999579
FILLER_65_36,VDD,Metal1,27.1600,270.4800,4.999585
FILLER_64_681,VDD,Metal1,388.3600,270.4800,4.999656
FILLER_64_679,VDD,Metal1,387.5200,270.4800,4.999656
FILLER_64_675,VDD,Metal1,386.2200,270.0475,4.999656
FILLER_64_667,VDD,Metal1,382.9865,269.9030,4.999656
FILLER_64_661,VDD,Metal1,378.3800,270.0475,4.999656
FILLER_64_597,VDD,Metal1,359.6750,269.6655,4.999656
FILLER_64_594,VDD,Metal1,339.6400,270.4800,4.999656
FILLER_64_562,VDD,Metal1,331.0755,269.7110,4.999656
FILLER_64_553,VDD,Metal1,316.6800,270.4800,4.999557
FILLER_64_551,VDD,Metal1,315.8400,270.4800,4.999555
FILLER_64_543,VDD,Metal1,313.5465,269.9030,4.999555
FILLER_64_527,VDD,Metal1,306.9280,269.7880,4.999554
FILLER_64_523,VDD,Metal1,300.1600,270.4800,4.999524
FILLER_64_519,VDD,Metal1,298.8600,270.0475,4.999524
FILLER_64_454,VDD,Metal1,261.2400,270.4800,4.999520
FILLER_64_452,VDD,Metal1,260.4000,270.4800,4.999520
FILLER_64_403,VDD,Metal1,232.6800,270.4800,4.999519
FILLER_64_401,VDD,Metal1,231.8400,270.4800,4.999519
FILLER_64_393,VDD,Metal1,229.5465,269.9030,4.999519
FILLER_64_387,VDD,Metal1,224.0000,270.4800,4.999519
FILLER_64_373,VDD,Metal1,216.1600,270.4800,4.999521
FILLER_64_313,VDD,Metal1,182.5600,270.4800,4.999590
FILLER_64_309,VDD,Metal1,181.2600,270.0475,4.999595
FILLER_64_238,VDD,Metal1,140.5600,270.4800,4.999591
FILLER_64_222,VDD,Metal1,136.1280,269.7880,4.999591
FILLER_64_212,VDD,Metal1,125.7200,270.4800,4.999587
FILLER_64_210,VDD,Metal1,124.8800,270.4800,4.999587
FILLER_64_206,VDD,Metal1,123.5800,270.0475,4.999586
FILLER_64_198,VDD,Metal1,120.3465,269.9030,4.999586
FILLER_64_191,VDD,Metal1,114.2400,270.4800,4.999586
FILLER_64_185,VDD,Metal1,110.6000,270.4800,4.999586
FILLER_64_177,VDD,Metal1,108.5865,269.9030,4.999586
FILLER_64_174,VDD,Metal1,104.4400,270.4800,4.999586
FILLER_64_142,VDD,Metal1,95.8755,269.7110,4.999586
FILLER_64_133,VDD,Metal1,81.4800,270.4800,4.999581
FILLER_64_131,VDD,Metal1,80.6400,270.4800,4.999581
FILLER_64_123,VDD,Metal1,78.3465,269.9030,4.999581
FILLER_64_107,VDD,Metal1,71.7280,269.7880,4.999579
FILLER_64_103,VDD,Metal1,64.9600,270.4800,4.999579
FILLER_64_99,VDD,Metal1,63.6600,270.0475,4.999579
FILLER_64_31,VDD,Metal1,25.5800,270.0475,4.999592
FILLER_63_680,VDD,Metal1,388.0800,262.6400,4.999634
FILLER_63_664,VDD,Metal1,383.6480,263.3320,4.999634
FILLER_63_632,VDD,Metal1,370.2755,263.4085,4.999634
FILLER_63_628,VDD,Metal1,358.9600,262.6400,4.999634
FILLER_63_624,VDD,Metal1,357.6600,263.0725,4.999634
FILLER_63_550,VDD,Metal1,315.2800,262.6400,4.999574
FILLER_63_546,VDD,Metal1,313.9800,263.0725,4.999574
FILLER_63_529,VDD,Metal1,303.2400,262.6400,4.999561
FILLER_63_504,VDD,Metal1,289.2400,262.6400,4.999558
FILLER_63_500,VDD,Metal1,288.2200,263.0725,4.999558
FILLER_63_492,VDD,Metal1,284.9865,263.2165,4.999558
FILLER_63_489,VDD,Metal1,280.8400,262.6400,4.999555
FILLER_63_487,VDD,Metal1,280.0000,262.6400,4.999555
FILLER_63_483,VDD,Metal1,278.7000,263.0725,4.999555
FILLER_63_469,VDD,Metal1,270.8600,263.0725,4.999750
FILLER_63_434,VDD,Metal1,250.0400,262.6400,4.999751
FILLER_63_430,VDD,Metal1,249.0200,263.0725,4.999751
FILLER_63_422,VDD,Metal1,245.7865,263.2165,4.999751
FILLER_63_419,VDD,Metal1,241.6400,262.6400,4.999751
FILLER_63_411,VDD,Metal1,239.6265,263.2165,4.999751
FILLER_63_404,VDD,Metal1,233.2400,262.6400,4.999751
FILLER_63_402,VDD,Metal1,232.4000,262.6400,4.999751
FILLER_63_386,VDD,Metal1,227.9680,263.3320,4.999751
FILLER_63_346,VDD,Metal1,201.9800,263.0725,4.999769
FILLER_63_330,VDD,Metal1,196.6080,263.3320,4.999769
FILLER_63_320,VDD,Metal1,186.4800,262.6400,4.999769
FILLER_63_316,VDD,Metal1,185.1800,263.0725,4.999770
FILLER_63_276,VDD,Metal1,162.7800,263.0725,4.999775
FILLER_63_258,VDD,Metal1,151.4800,262.6400,4.999764
FILLER_63_256,VDD,Metal1,150.6400,262.6400,4.999764
FILLER_63_248,VDD,Metal1,148.3465,263.2165,4.999763
FILLER_63_209,VDD,Metal1,124.0400,262.6400,4.999756
FILLER_63_207,VDD,Metal1,123.2000,262.6400,4.999756
FILLER_63_203,VDD,Metal1,121.9000,263.0725,4.999756
FILLER_63_168,VDD,Metal1,101.0800,262.6400,4.999755
FILLER_63_166,VDD,Metal1,100.2400,262.6400,4.999755
FILLER_63_158,VDD,Metal1,97.9465,263.2165,4.999755
FILLER_63_142,VDD,Metal1,91.3280,263.3320,4.999755
FILLER_63_139,VDD,Metal1,84.8400,262.6400,4.999758
FILLER_63_135,VDD,Metal1,83.8200,263.0725,4.999758
FILLER_63_119,VDD,Metal1,78.4480,263.3320,4.999758
FILLER_63_87,VDD,Metal1,65.0755,263.4085,4.999758
FILLER_63_69,VDD,Metal1,45.6400,262.6400,4.999760
FILLER_63_67,VDD,Metal1,44.8000,262.6400,4.999760
FILLER_63_58,VDD,Metal1,39.4800,262.6400,4.999760
FILLER_63_50,VDD,Metal1,37.4665,263.2165,4.999763
FILLER_63_14,VDD,Metal1,15.1200,262.6400,4.999765
FILLER_63_10,VDD,Metal1,13.8200,263.0725,4.999765
FILLER_63_2,VDD,Metal1,10.5865,263.2165,4.999765
FILLER_62_681,VDD,Metal1,388.3600,262.6400,4.999634
FILLER_62_679,VDD,Metal1,387.5200,262.6400,4.999634
FILLER_62_675,VDD,Metal1,386.2200,262.2075,4.999634
FILLER_62_667,VDD,Metal1,382.9865,262.0630,4.999634
FILLER_62_661,VDD,Metal1,378.3800,262.2075,4.999634
FILLER_62_597,VDD,Metal1,359.6750,261.8255,4.999634
FILLER_62_594,VDD,Metal1,339.6400,262.6400,4.999634
FILLER_62_592,VDD,Metal1,338.8000,262.6400,4.999634
FILLER_62_584,VDD,Metal1,336.5065,262.0630,4.999634
FILLER_62_543,VDD,Metal1,311.0800,262.6400,4.999569
FILLER_62_499,VDD,Metal1,287.6600,262.2075,4.999558
FILLER_62_491,VDD,Metal1,284.4265,262.0630,4.999558
FILLER_62_479,VDD,Metal1,276.4600,262.2075,4.999576
FILLER_62_469,VDD,Metal1,269.9200,262.6400,4.999750
FILLER_62_465,VDD,Metal1,268.6200,262.2075,4.999750
FILLER_62_457,VDD,Metal1,265.3865,262.0630,4.999750
FILLER_62_451,VDD,Metal1,260.7800,262.2075,4.999750
FILLER_62_387,VDD,Metal1,242.0750,261.8255,4.999751
FILLER_62_384,VDD,Metal1,222.0400,262.6400,4.999759
FILLER_62_382,VDD,Metal1,221.2000,262.6400,4.999759
FILLER_62_378,VDD,Metal1,219.9000,262.2075,4.999759
FILLER_62_362,VDD,Metal1,214.5280,261.9480,4.999759
FILLER_62_351,VDD,Metal1,203.5600,262.6400,4.999766
FILLER_62_349,VDD,Metal1,202.7200,262.6400,4.999768
FILLER_62_317,VDD,Metal1,193.8755,261.8710,4.999769
FILLER_62_313,VDD,Metal1,182.5600,262.6400,4.999775
FILLER_62_309,VDD,Metal1,181.2600,262.2075,4.999775
FILLER_62_301,VDD,Metal1,178.0265,262.0630,4.999775
FILLER_62_287,VDD,Metal1,170.1865,262.0630,4.999775
FILLER_62_271,VDD,Metal1,163.5680,261.9480,4.999775
FILLER_62_265,VDD,Metal1,155.4000,262.6400,4.999769
FILLER_62_257,VDD,Metal1,150.9200,262.6400,4.999764
FILLER_62_255,VDD,Metal1,150.0800,262.6400,4.999764
FILLER_62_247,VDD,Metal1,147.7865,262.0630,4.999763
FILLER_62_244,VDD,Metal1,143.6400,262.6400,4.999756
FILLER_62_228,VDD,Metal1,139.4880,261.9480,4.999756
FILLER_62_216,VDD,Metal1,130.4265,262.0630,4.999756
FILLER_62_200,VDD,Metal1,123.8080,261.9480,4.999756
FILLER_62_192,VDD,Metal1,114.5200,262.6400,4.999755
FILLER_62_190,VDD,Metal1,113.6800,262.6400,4.999755
FILLER_62_139,VDD,Metal1,85.1200,262.6400,4.999758
FILLER_62_125,VDD,Metal1,77.0000,262.6400,4.999758
FILLER_62_123,VDD,Metal1,76.1600,262.6400,4.999758
FILLER_62_107,VDD,Metal1,71.7280,261.9480,4.999758
FILLER_62_104,VDD,Metal1,65.2400,262.6400,4.999758
FILLER_62_102,VDD,Metal1,64.4000,262.6400,4.999758
FILLER_62_98,VDD,Metal1,63.1000,262.2075,4.999758
FILLER_62_90,VDD,Metal1,59.8665,262.0630,4.999758
FILLER_62_55,VDD,Metal1,37.8000,262.6400,4.999763
FILLER_62_53,VDD,Metal1,36.9600,262.6400,4.999763
FILLER_62_37,VDD,Metal1,32.5280,261.9480,4.999765
FILLER_62_18,VDD,Metal1,17.3600,262.6400,4.999765
FILLER_62_2,VDD,Metal1,12.9280,261.9480,4.999765
FILLER_61_680,VDD,Metal1,388.0800,254.8000,4.999682
FILLER_61_664,VDD,Metal1,383.6480,255.4920,4.999682
FILLER_61_632,VDD,Metal1,370.2755,255.5685,4.999682
FILLER_61_626,VDD,Metal1,358.7800,255.2325,4.999682
FILLER_61_562,VDD,Metal1,340.0750,255.6140,4.999682
FILLER_61_548,VDD,Metal1,315.1000,255.2325,4.999682
FILLER_61_532,VDD,Metal1,309.7280,255.4920,4.999682
FILLER_61_496,VDD,Metal1,285.0400,254.8000,4.999671
FILLER_61_492,VDD,Metal1,283.7400,255.2325,4.999671
FILLER_61_474,VDD,Metal1,277.2480,255.4920,4.999671
FILLER_61_462,VDD,Metal1,266.9400,255.2325,4.999670
FILLER_61_454,VDD,Metal1,263.7065,255.3765,4.999670
FILLER_61_422,VDD,Metal1,252.6755,255.5685,4.999668
FILLER_61_412,VDD,Metal1,240.1865,255.3765,4.999668
FILLER_61_396,VDD,Metal1,233.5680,255.4920,4.999668
FILLER_61_364,VDD,Metal1,220.1955,255.5685,4.999667
FILLER_61_352,VDD,Metal1,205.3400,255.2325,4.999666
FILLER_61_346,VDD,Metal1,201.9800,255.2325,4.999666
FILLER_61_314,VDD,Metal1,192.1955,255.5685,4.999666
FILLER_61_298,VDD,Metal1,176.3465,255.3765,4.999666
FILLER_61_282,VDD,Metal1,169.7280,255.4920,4.999663
FILLER_61_279,VDD,Metal1,163.2400,254.8000,4.999661
FILLER_61_267,VDD,Metal1,157.7400,255.2325,4.999661
FILLER_61_236,VDD,Metal1,139.1600,254.8000,4.999606
FILLER_61_228,VDD,Metal1,137.1465,255.3765,4.999606
FILLER_61_212,VDD,Metal1,128.1865,255.3765,4.999597
FILLER_61_202,VDD,Metal1,120.1200,254.8000,4.999591
FILLER_61_200,VDD,Metal1,119.2800,254.8000,4.999591
FILLER_61_168,VDD,Metal1,110.4355,255.5685,4.999591
FILLER_61_152,VDD,Metal1,92.1200,254.8000,4.999587
FILLER_61_150,VDD,Metal1,91.2800,254.8000,4.999587
FILLER_61_142,VDD,Metal1,88.9865,255.3765,4.999587
FILLER_61_76,VDD,Metal1,49.8400,254.8000,4.999580
FILLER_61_72,VDD,Metal1,48.5400,255.2325,4.999580
FILLER_61_54,VDD,Metal1,37.2400,254.8000,4.999580
FILLER_61_50,VDD,Metal1,36.2200,255.2325,4.999621
FILLER_61_34,VDD,Metal1,30.8480,255.4920,4.999622
FILLER_61_2,VDD,Metal1,17.4755,255.5685,4.999639
FILLER_60_681,VDD,Metal1,388.3600,254.8000,4.999682
FILLER_60_679,VDD,Metal1,387.5200,254.8000,4.999682
FILLER_60_675,VDD,Metal1,386.2200,254.3675,4.999682
FILLER_60_667,VDD,Metal1,382.9865,254.2230,4.999682
FILLER_60_661,VDD,Metal1,378.3800,254.3675,4.999682
FILLER_60_597,VDD,Metal1,359.6750,253.9855,4.999682
FILLER_60_531,VDD,Metal1,304.6400,254.8000,4.999677
FILLER_60_527,VDD,Metal1,303.3400,254.3675,4.999677
FILLER_60_524,VDD,Metal1,300.4400,254.8000,4.999676
FILLER_60_520,VDD,Metal1,299.4200,254.3675,4.999676
FILLER_60_512,VDD,Metal1,296.1865,254.2230,4.999676
FILLER_60_461,VDD,Metal1,265.1600,254.8000,4.999670
FILLER_60_457,VDD,Metal1,264.1400,254.3675,4.999670
FILLER_60_451,VDD,Metal1,260.7800,254.3675,4.999668
FILLER_60_443,VDD,Metal1,257.5465,254.2230,4.999668
FILLER_60_395,VDD,Metal1,229.4200,254.3675,4.999667
FILLER_60_387,VDD,Metal1,226.1865,254.2230,4.999667
FILLER_60_384,VDD,Metal1,222.0400,254.8000,4.999667
FILLER_60_380,VDD,Metal1,221.0200,254.3675,4.999667
FILLER_60_372,VDD,Metal1,217.7865,254.2230,4.999667
FILLER_60_356,VDD,Metal1,211.1680,254.1080,4.999667
FILLER_60_324,VDD,Metal1,197.7955,254.0310,4.999666
FILLER_60_308,VDD,Metal1,179.4800,254.8000,4.999665
FILLER_60_292,VDD,Metal1,175.3280,254.1080,4.999666
FILLER_60_255,VDD,Metal1,149.8000,254.8000,4.999661
FILLER_60_247,VDD,Metal1,147.7865,254.2230,4.999660
FILLER_60_244,VDD,Metal1,143.6400,254.8000,4.999656
FILLER_60_242,VDD,Metal1,142.8000,254.8000,4.999651
FILLER_60_238,VDD,Metal1,141.5000,254.3675,4.999651
FILLER_60_217,VDD,Metal1,128.8000,254.8000,4.999596
FILLER_60_209,VDD,Metal1,126.5065,254.2230,4.999596
FILLER_60_177,VDD,Metal1,115.4755,254.0310,4.999591
FILLER_60_174,VDD,Metal1,104.4400,254.8000,4.999591
FILLER_60_172,VDD,Metal1,103.6000,254.8000,4.999591
FILLER_60_165,VDD,Metal1,99.6800,254.8000,4.999588
FILLER_60_157,VDD,Metal1,97.3865,254.2230,4.999587
FILLER_60_141,VDD,Metal1,90.7680,254.1080,4.999587
FILLER_60_131,VDD,Metal1,80.3600,254.8000,4.999580
FILLER_60_123,VDD,Metal1,78.3465,254.2230,4.999580
FILLER_60_117,VDD,Metal1,72.5200,254.8000,4.999580
FILLER_60_115,VDD,Metal1,71.6800,254.8000,4.999580
FILLER_60_107,VDD,Metal1,69.3865,254.2230,4.999580
FILLER_60_93,VDD,Metal1,60.3000,254.3675,4.999580
FILLER_60_85,VDD,Metal1,57.0665,254.2230,4.999580
FILLER_60_49,VDD,Metal1,34.7200,254.8000,4.999621
FILLER_60_45,VDD,Metal1,33.4200,254.3675,4.999622
FILLER_60_37,VDD,Metal1,30.1865,254.2230,4.999622
FILLER_60_26,VDD,Metal1,21.5600,254.8000,4.999639
FILLER_60_18,VDD,Metal1,19.5465,254.2230,4.999639
FILLER_60_2,VDD,Metal1,12.9280,254.1080,4.999639
FILLER_59_680,VDD,Metal1,388.0800,246.9600,4.999692
FILLER_59_664,VDD,Metal1,383.6480,247.6520,4.999692
FILLER_59_632,VDD,Metal1,370.2755,247.7285,4.999692
FILLER_59_626,VDD,Metal1,358.7800,247.3925,4.999692
FILLER_59_562,VDD,Metal1,340.0750,247.7740,4.999692
FILLER_59_518,VDD,Metal1,299.5465,247.5365,4.999678
FILLER_59_500,VDD,Metal1,288.2200,247.3925,4.999674
FILLER_59_492,VDD,Metal1,284.9865,247.5365,4.999674
FILLER_59_489,VDD,Metal1,280.8400,246.9600,4.999674
FILLER_59_487,VDD,Metal1,280.0000,246.9600,4.999674
FILLER_59_483,VDD,Metal1,278.7000,247.3925,4.999674
FILLER_59_475,VDD,Metal1,275.4665,247.5365,4.999674
FILLER_59_443,VDD,Metal1,264.4355,247.7285,4.999674
FILLER_59_438,VDD,Metal1,252.2800,246.9600,4.999674
FILLER_59_422,VDD,Metal1,248.1280,247.6520,4.999673
FILLER_59_418,VDD,Metal1,241.3600,246.9600,4.999670
FILLER_59_402,VDD,Metal1,236.9280,247.6520,4.999670
FILLER_59_364,VDD,Metal1,211.1200,246.9600,4.999669
FILLER_59_360,VDD,Metal1,209.8200,247.3925,4.999669
FILLER_59_352,VDD,Metal1,206.5865,247.5365,4.999669
FILLER_59_349,VDD,Metal1,202.4400,246.9600,4.999669
FILLER_59_347,VDD,Metal1,201.6000,246.9600,4.999669
FILLER_59_339,VDD,Metal1,199.3065,247.5365,4.999669
FILLER_59_304,VDD,Metal1,177.2400,246.9600,4.999672
FILLER_59_302,VDD,Metal1,176.4000,246.9600,4.999674
FILLER_59_298,VDD,Metal1,175.1000,247.3925,4.999673
FILLER_59_282,VDD,Metal1,169.7280,247.6520,4.999673
FILLER_59_275,VDD,Metal1,161.0000,246.9600,4.999672
FILLER_59_271,VDD,Metal1,159.9800,247.3925,4.999672
FILLER_59_255,VDD,Metal1,154.6080,247.6520,4.999672
FILLER_59_218,VDD,Metal1,129.0800,246.9600,4.999657
FILLER_59_216,VDD,Metal1,128.2400,246.9600,4.999657
FILLER_59_212,VDD,Metal1,126.9400,247.3925,4.999657
FILLER_59_209,VDD,Metal1,124.0400,246.9600,4.999644
FILLER_59_190,VDD,Metal1,114.6200,247.3925,4.999643
FILLER_59_183,VDD,Metal1,109.7600,246.9600,4.999643
FILLER_59_179,VDD,Metal1,108.4600,247.3925,4.999643
FILLER_59_171,VDD,Metal1,105.2265,247.5365,4.999647
FILLER_59_162,VDD,Metal1,97.7200,246.9600,4.999647
FILLER_59_158,VDD,Metal1,96.7000,247.3925,4.999647
FILLER_59_142,VDD,Metal1,91.3280,247.6520,4.999647
FILLER_59_131,VDD,Metal1,80.3600,246.9600,4.999651
FILLER_59_129,VDD,Metal1,79.5200,246.9600,4.999651
FILLER_59_88,VDD,Metal1,56.5600,246.9600,4.999685
FILLER_59_80,VDD,Metal1,54.2665,247.5365,4.999685
FILLER_59_66,VDD,Metal1,45.1800,247.3925,4.999685
FILLER_59_50,VDD,Metal1,39.8080,247.6520,4.999705
FILLER_59_40,VDD,Metal1,29.6800,246.9600,4.999710
FILLER_59_36,VDD,Metal1,28.3800,247.3925,4.999711
FILLER_58_681,VDD,Metal1,388.3600,246.9600,4.999692
FILLER_58_679,VDD,Metal1,387.5200,246.9600,4.999692
FILLER_58_675,VDD,Metal1,386.2200,246.5275,4.999692
FILLER_58_667,VDD,Metal1,382.9865,246.3830,4.999692
FILLER_58_661,VDD,Metal1,378.3800,246.5275,4.999692
FILLER_58_597,VDD,Metal1,359.6750,246.1455,4.999692
FILLER_58_591,VDD,Metal1,339.1800,246.5275,4.999691
FILLER_58_527,VDD,Metal1,320.4750,246.1455,4.999691
FILLER_58_523,VDD,Metal1,300.1600,246.9600,4.999676
FILLER_58_519,VDD,Metal1,298.8600,246.5275,4.999675
FILLER_58_447,VDD,Metal1,257.3200,246.9600,4.999674
FILLER_58_443,VDD,Metal1,256.3000,246.5275,4.999674
FILLER_58_435,VDD,Metal1,253.0665,246.3830,4.999674
FILLER_58_419,VDD,Metal1,246.4480,246.2680,4.999673
FILLER_58_387,VDD,Metal1,233.0755,246.1910,4.999670
FILLER_58_321,VDD,Metal1,187.0400,246.9600,4.999669
FILLER_58_317,VDD,Metal1,185.7400,246.5275,4.999669
FILLER_58_309,VDD,Metal1,180.0400,246.9600,4.999671
FILLER_58_305,VDD,Metal1,179.0200,246.5275,4.999671
FILLER_58_297,VDD,Metal1,175.7865,246.3830,4.999672
FILLER_58_255,VDD,Metal1,149.8000,246.9600,4.999659
FILLER_58_247,VDD,Metal1,147.7865,246.3830,4.999658
FILLER_58_229,VDD,Metal1,140.0480,246.2680,4.999658
FILLER_58_218,VDD,Metal1,129.3600,246.9600,4.999657
FILLER_58_214,VDD,Metal1,128.0600,246.5275,4.999657
FILLER_58_206,VDD,Metal1,122.6400,246.9600,4.999644
FILLER_58_198,VDD,Metal1,120.3465,246.3830,4.999644
FILLER_58_186,VDD,Metal1,111.4400,246.9600,4.999643
FILLER_58_177,VDD,Metal1,106.1200,246.9600,4.999647
FILLER_58_174,VDD,Metal1,104.4400,246.9600,4.999647
FILLER_58_172,VDD,Metal1,103.6000,246.9600,4.999647
FILLER_58_164,VDD,Metal1,101.3065,246.3830,4.999647
FILLER_58_132,VDD,Metal1,90.2755,246.1910,4.999647
FILLER_58_126,VDD,Metal1,77.5600,246.9600,4.999652
FILLER_58_122,VDD,Metal1,76.5400,246.5275,4.999652
FILLER_58_115,VDD,Metal1,71.6800,246.9600,4.999652
FILLER_58_107,VDD,Metal1,69.3865,246.3830,4.999652
FILLER_58_62,VDD,Metal1,41.7200,246.9600,4.999705
FILLER_58_60,VDD,Metal1,40.8800,246.9600,4.999705
FILLER_58_52,VDD,Metal1,38.5865,246.3830,4.999705
FILLER_58_2,VDD,Metal1,8.4000,246.9600,4.999719
FILLER_57_680,VDD,Metal1,388.0800,239.1200,4.999787
FILLER_57_664,VDD,Metal1,383.6480,239.8120,4.999787
FILLER_57_632,VDD,Metal1,370.2755,239.8885,4.999787
FILLER_57_629,VDD,Metal1,359.2400,239.1200,4.999787
FILLER_57_625,VDD,Metal1,358.2200,239.5525,4.999787
FILLER_57_609,VDD,Metal1,352.8480,239.8120,4.999787
FILLER_57_577,VDD,Metal1,339.4755,239.8885,4.999787
FILLER_57_572,VDD,Metal1,327.3200,239.1200,4.999674
FILLER_57_570,VDD,Metal1,326.4800,239.1200,4.999674
FILLER_57_562,VDD,Metal1,324.1865,239.6965,4.999620
FILLER_57_559,VDD,Metal1,320.0400,239.1200,4.999608
FILLER_57_557,VDD,Metal1,319.2000,239.1200,4.999608
FILLER_57_553,VDD,Metal1,317.9000,239.5525,4.999608
FILLER_57_537,VDD,Metal1,312.5280,239.8120,4.999608
FILLER_57_528,VDD,Metal1,302.6800,239.1200,4.999601
FILLER_57_524,VDD,Metal1,301.6600,239.5525,4.999601
FILLER_57_508,VDD,Metal1,296.2880,239.8120,4.999593
FILLER_57_500,VDD,Metal1,288.2200,239.5525,4.999593
FILLER_57_492,VDD,Metal1,284.9865,239.6965,4.999593
FILLER_57_484,VDD,Metal1,278.0400,239.1200,4.999587
FILLER_57_476,VDD,Metal1,274.7800,239.5525,4.999587
FILLER_57_468,VDD,Metal1,271.5465,239.6965,4.999580
FILLER_57_452,VDD,Metal1,264.9280,239.8120,4.999573
FILLER_57_442,VDD,Metal1,254.8000,239.1200,4.999550
FILLER_57_438,VDD,Metal1,253.5000,239.5525,4.999550
FILLER_57_422,VDD,Metal1,248.1280,239.8120,4.999550
FILLER_57_418,VDD,Metal1,241.3600,239.1200,4.999549
FILLER_57_410,VDD,Metal1,239.0665,239.6965,4.999549
FILLER_57_403,VDD,Metal1,232.6800,239.1200,4.999549
FILLER_57_401,VDD,Metal1,231.8400,239.1200,4.999549
FILLER_57_393,VDD,Metal1,229.5465,239.6965,4.999548
FILLER_57_358,VDD,Metal1,207.4800,239.1200,4.999467
FILLER_57_356,VDD,Metal1,206.6400,239.1200,4.999467
FILLER_57_352,VDD,Metal1,205.3400,239.5525,4.999467
FILLER_57_349,VDD,Metal1,202.4400,239.1200,4.999467
FILLER_57_333,VDD,Metal1,198.2880,239.8120,4.999467
FILLER_57_317,VDD,Metal1,186.9865,239.6965,4.999468
FILLER_57_310,VDD,Metal1,180.8800,239.1200,4.999482
FILLER_57_306,VDD,Metal1,179.5800,239.5525,4.999482
FILLER_57_290,VDD,Metal1,174.2080,239.8120,4.999482
FILLER_57_271,VDD,Metal1,158.7600,239.1200,4.999481
FILLER_57_255,VDD,Metal1,154.6080,239.8120,4.999481
FILLER_57_246,VDD,Metal1,144.7600,239.1200,4.999480
FILLER_57_244,VDD,Metal1,143.9200,239.1200,4.999478
FILLER_57_212,VDD,Metal1,135.0755,239.8885,4.999478
FILLER_57_208,VDD,Metal1,123.7600,239.1200,4.999478
FILLER_57_170,VDD,Metal1,103.4200,239.5525,4.999475
FILLER_57_154,VDD,Metal1,93.2400,239.1200,4.999475
FILLER_57_150,VDD,Metal1,92.2200,239.5525,4.999475
FILLER_57_142,VDD,Metal1,88.9865,239.6965,4.999475
FILLER_57_139,VDD,Metal1,84.8400,239.1200,4.999480
FILLER_57_137,VDD,Metal1,84.0000,239.1200,4.999480
FILLER_57_129,VDD,Metal1,81.7065,239.6965,4.999480
FILLER_57_87,VDD,Metal1,58.1865,239.6965,4.999480
FILLER_57_68,VDD,Metal1,45.3600,239.1200,4.999480
FILLER_57_52,VDD,Metal1,40.9280,239.8120,4.999480
FILLER_57_2,VDD,Metal1,10.5865,239.6965,4.999562
FILLER_56_681,VDD,Metal1,388.3600,239.1200,4.999787
FILLER_56_679,VDD,Metal1,387.5200,239.1200,4.999787
FILLER_56_675,VDD,Metal1,386.2200,238.6875,4.999787
FILLER_56_667,VDD,Metal1,382.9865,238.5430,4.999787
FILLER_56_661,VDD,Metal1,378.3800,238.6875,4.999787
FILLER_56_597,VDD,Metal1,359.6750,238.3055,4.999787
FILLER_56_593,VDD,Metal1,339.3600,239.1200,4.999787
FILLER_56_589,VDD,Metal1,338.0600,238.6875,4.999787
FILLER_56_581,VDD,Metal1,334.8265,238.5430,4.999787
FILLER_56_565,VDD,Metal1,323.6800,239.1200,4.999620
FILLER_56_561,VDD,Metal1,322.3800,238.6875,4.999617
FILLER_56_523,VDD,Metal1,300.1600,239.1200,4.999593
FILLER_56_519,VDD,Metal1,298.8600,238.6875,4.999593
FILLER_56_476,VDD,Metal1,273.5600,239.1200,4.999581
FILLER_56_474,VDD,Metal1,272.7200,239.1200,4.999579
FILLER_56_466,VDD,Metal1,270.4265,238.5430,4.999579
FILLER_56_454,VDD,Metal1,261.2400,239.1200,4.999562
FILLER_56_452,VDD,Metal1,260.4000,239.1200,4.999562
FILLER_56_442,VDD,Metal1,254.8000,239.1200,4.999550
FILLER_56_438,VDD,Metal1,253.5000,238.6875,4.999550
FILLER_56_430,VDD,Metal1,250.2665,238.5430,4.999550
FILLER_56_395,VDD,Metal1,228.2000,239.1200,4.999543
FILLER_56_391,VDD,Metal1,227.1800,238.6875,4.999543
FILLER_56_321,VDD,Metal1,187.0400,239.1200,4.999468
FILLER_56_317,VDD,Metal1,185.7400,238.6875,4.999468
FILLER_56_314,VDD,Metal1,182.8400,239.1200,4.999478
FILLER_56_251,VDD,Metal1,147.5600,239.1200,4.999480
FILLER_56_247,VDD,Metal1,146.5400,238.6875,4.999480
FILLER_56_241,VDD,Metal1,143.1800,238.6875,4.999478
FILLER_56_177,VDD,Metal1,124.4750,238.3055,4.999478
FILLER_56_139,VDD,Metal1,85.1200,239.1200,4.999480
FILLER_56_107,VDD,Metal1,76.2755,238.3510,4.999480
FILLER_56_103,VDD,Metal1,64.9600,239.1200,4.999480
FILLER_56_37,VDD,Metal1,28.9400,238.6875,4.999562
FILLER_56_33,VDD,Metal1,25.7600,239.1200,4.999564
FILLER_55_680,VDD,Metal1,388.0800,231.2800,4.999862
FILLER_55_664,VDD,Metal1,383.6480,231.9720,4.999862
FILLER_55_632,VDD,Metal1,370.2755,232.0485,4.999862
FILLER_55_629,VDD,Metal1,359.2400,231.2800,4.999862
FILLER_55_627,VDD,Metal1,358.4000,231.2800,4.999862
FILLER_55_619,VDD,Metal1,356.1065,231.8565,4.999862
FILLER_55_603,VDD,Metal1,349.4880,231.9720,4.999862
FILLER_55_556,VDD,Metal1,319.5800,231.7125,4.999855
FILLER_55_528,VDD,Metal1,302.9600,231.2800,4.999852
FILLER_55_524,VDD,Metal1,301.6600,231.7125,4.999851
FILLER_55_516,VDD,Metal1,298.4265,231.8565,4.999847
FILLER_55_500,VDD,Metal1,291.8080,231.9720,4.999844
FILLER_55_458,VDD,Metal1,272.8355,232.0485,4.999844
FILLER_55_434,VDD,Metal1,250.0400,231.2800,4.999827
FILLER_55_430,VDD,Metal1,249.0200,231.7125,4.999827
FILLER_55_422,VDD,Metal1,245.7865,231.8565,4.999826
FILLER_55_409,VDD,Metal1,236.3200,231.2800,4.999796
FILLER_55_377,VDD,Metal1,227.4755,232.0485,4.999796
FILLER_55_360,VDD,Metal1,208.8800,231.2800,4.999784
FILLER_55_352,VDD,Metal1,206.5865,231.8565,4.999784
FILLER_55_346,VDD,Metal1,201.9800,231.7125,4.999783
FILLER_55_330,VDD,Metal1,191.8000,231.2800,4.999783
FILLER_55_326,VDD,Metal1,190.7800,231.7125,4.999783
FILLER_55_318,VDD,Metal1,187.5465,231.8565,4.999776
FILLER_55_289,VDD,Metal1,168.8400,231.2800,4.999774
FILLER_55_276,VDD,Metal1,162.7800,231.7125,4.999774
FILLER_55_260,VDD,Metal1,157.4080,231.9720,4.999774
FILLER_55_244,VDD,Metal1,146.1065,231.8565,4.999774
FILLER_55_212,VDD,Metal1,135.0755,232.0485,4.999774
FILLER_55_206,VDD,Metal1,123.5800,231.7125,4.999774
FILLER_55_142,VDD,Metal1,104.8750,232.0940,4.999774
FILLER_55_136,VDD,Metal1,84.3800,231.7125,4.999782
FILLER_55_72,VDD,Metal1,65.6750,232.0940,4.999783
FILLER_55_60,VDD,Metal1,40.8800,231.2800,4.999784
FILLER_55_56,VDD,Metal1,39.5800,231.7125,4.999786
FILLER_55_18,VDD,Metal1,18.3000,231.7125,4.999787
FILLER_54_681,VDD,Metal1,388.3600,231.2800,4.999862
FILLER_54_679,VDD,Metal1,387.5200,231.2800,4.999862
FILLER_54_675,VDD,Metal1,386.2200,230.8475,4.999862
FILLER_54_667,VDD,Metal1,382.9865,230.7030,4.999862
FILLER_54_661,VDD,Metal1,378.3800,230.8475,4.999862
FILLER_54_597,VDD,Metal1,359.6750,230.4655,4.999862
FILLER_54_594,VDD,Metal1,339.6400,231.2800,4.999862
FILLER_54_590,VDD,Metal1,338.6200,230.8475,4.999862
FILLER_54_582,VDD,Metal1,335.3865,230.7030,4.999862
FILLER_54_565,VDD,Metal1,323.4000,231.2800,4.999859
FILLER_54_563,VDD,Metal1,322.5600,231.2800,4.999856
FILLER_54_551,VDD,Metal1,315.8400,231.2800,4.999854
FILLER_54_540,VDD,Metal1,310.6200,230.8475,4.999853
FILLER_54_531,VDD,Metal1,304.3600,231.2800,4.999852
FILLER_54_527,VDD,Metal1,303.3400,230.8475,4.999852
FILLER_54_524,VDD,Metal1,300.4400,231.2800,4.999848
FILLER_54_520,VDD,Metal1,299.4200,230.8475,4.999847
FILLER_54_485,VDD,Metal1,278.6000,231.2800,4.999844
FILLER_54_483,VDD,Metal1,277.7600,231.2800,4.999844
FILLER_54_467,VDD,Metal1,273.3280,230.5880,4.999844
FILLER_54_444,VDD,Metal1,255.6400,231.2800,4.999833
FILLER_54_436,VDD,Metal1,253.6265,230.7030,4.999833
FILLER_54_431,VDD,Metal1,248.3600,231.2800,4.999827
FILLER_54_423,VDD,Metal1,246.3465,230.7030,4.999827
FILLER_54_411,VDD,Metal1,237.4400,231.2800,4.999797
FILLER_54_403,VDD,Metal1,235.1465,230.7030,4.999797
FILLER_54_387,VDD,Metal1,228.5280,230.5880,4.999796
FILLER_54_321,VDD,Metal1,187.0400,231.2800,4.999776
FILLER_54_317,VDD,Metal1,185.7400,230.8475,4.999775
FILLER_54_251,VDD,Metal1,147.8400,231.2800,4.999774
FILLER_54_247,VDD,Metal1,146.5400,230.8475,4.999774
FILLER_54_177,VDD,Metal1,115.4755,230.5110,4.999774
FILLER_54_166,VDD,Metal1,99.9600,231.2800,4.999774
FILLER_54_162,VDD,Metal1,98.9400,230.8475,4.999774
FILLER_54_154,VDD,Metal1,95.7065,230.7030,4.999774
FILLER_54_138,VDD,Metal1,89.0880,230.5880,4.999774
FILLER_54_125,VDD,Metal1,77.2800,231.2800,4.999783
FILLER_54_119,VDD,Metal1,73.6400,231.2800,4.999783
FILLER_54_115,VDD,Metal1,72.6200,230.8475,4.999783
FILLER_54_107,VDD,Metal1,69.3865,230.7030,4.999783
FILLER_54_73,VDD,Metal1,57.2355,230.5110,4.999783
FILLER_54_56,VDD,Metal1,38.6400,231.2800,4.999786
FILLER_54_52,VDD,Metal1,37.3400,230.8475,4.999787
FILLER_54_34,VDD,Metal1,26.0400,231.2800,4.999787
FILLER_54_18,VDD,Metal1,21.8880,230.5880,4.999787
FILLER_53_680,VDD,Metal1,388.0800,223.4400,4.999871
FILLER_53_664,VDD,Metal1,383.6480,224.1320,4.999871
FILLER_53_632,VDD,Metal1,370.2755,224.2085,4.999871
FILLER_53_628,VDD,Metal1,358.9600,223.4400,4.999871
FILLER_53_624,VDD,Metal1,357.6600,223.8725,4.999871
FILLER_53_608,VDD,Metal1,352.2880,224.1320,4.999871
FILLER_53_570,VDD,Metal1,327.4200,223.8725,4.999870
FILLER_53_562,VDD,Metal1,324.1865,224.0165,4.999870
FILLER_53_558,VDD,Metal1,319.7600,223.4400,4.999870
FILLER_53_554,VDD,Metal1,318.4600,223.8725,4.999870
FILLER_53_538,VDD,Metal1,313.0880,224.1320,4.999870
FILLER_53_506,VDD,Metal1,299.7155,224.2085,4.999870
FILLER_53_492,VDD,Metal1,282.5200,223.4400,4.999858
FILLER_53_489,VDD,Metal1,280.8400,223.4400,4.999857
FILLER_53_457,VDD,Metal1,272.2755,224.2085,4.999857
FILLER_53_452,VDD,Metal1,260.1200,223.4400,4.999838
FILLER_53_450,VDD,Metal1,259.2800,223.4400,4.999838
FILLER_53_446,VDD,Metal1,257.9800,223.8725,4.999838
FILLER_53_438,VDD,Metal1,254.7465,224.0165,4.999834
FILLER_53_409,VDD,Metal1,236.0400,223.4400,4.999807
FILLER_53_405,VDD,Metal1,235.0200,223.8725,4.999807
FILLER_53_397,VDD,Metal1,231.7865,224.0165,4.999805
FILLER_53_381,VDD,Metal1,225.1680,224.1320,4.999803
FILLER_53_370,VDD,Metal1,214.2000,223.4400,4.999801
FILLER_53_368,VDD,Metal1,213.3600,223.4400,4.999801
FILLER_53_344,VDD,Metal1,199.6400,223.4400,4.999798
FILLER_53_336,VDD,Metal1,197.6265,224.0165,4.999798
FILLER_53_298,VDD,Metal1,175.1000,223.8725,4.999797
FILLER_53_282,VDD,Metal1,169.7280,224.1320,4.999797
FILLER_53_276,VDD,Metal1,162.7800,223.8725,4.999797
FILLER_53_268,VDD,Metal1,159.5465,224.0165,4.999797
FILLER_53_216,VDD,Metal1,127.9600,223.4400,4.999797
FILLER_53_212,VDD,Metal1,126.9400,223.8725,4.999797
FILLER_53_206,VDD,Metal1,123.5800,223.8725,4.999797
FILLER_53_177,VDD,Metal1,110.9280,224.1320,4.999798
FILLER_53_155,VDD,Metal1,93.8000,223.4400,4.999799
FILLER_53_147,VDD,Metal1,91.7865,224.0165,4.999799
FILLER_53_94,VDD,Metal1,60.8600,223.8725,4.999803
FILLER_53_84,VDD,Metal1,54.3200,223.4400,4.999803
FILLER_53_80,VDD,Metal1,53.0200,223.8725,4.999803
FILLER_53_72,VDD,Metal1,49.7865,224.0165,4.999803
FILLER_53_34,VDD,Metal1,26.3200,223.4400,4.999817
FILLER_53_18,VDD,Metal1,21.8880,224.1320,4.999818
FILLER_52_681,VDD,Metal1,388.3600,223.4400,4.999871
FILLER_52_679,VDD,Metal1,387.5200,223.4400,4.999871
FILLER_52_675,VDD,Metal1,386.2200,223.0075,4.999871
FILLER_52_667,VDD,Metal1,382.9865,222.8630,4.999871
FILLER_52_661,VDD,Metal1,378.3800,223.0075,4.999871
FILLER_52_597,VDD,Metal1,359.6750,222.6255,4.999871
FILLER_52_591,VDD,Metal1,339.1800,223.0075,4.999871
FILLER_52_527,VDD,Metal1,320.4750,222.6255,4.999870
FILLER_52_524,VDD,Metal1,300.4400,223.4400,4.999870
FILLER_52_522,VDD,Metal1,299.6000,223.4400,4.999870
FILLER_52_514,VDD,Metal1,297.3065,222.8630,4.999870
FILLER_52_498,VDD,Metal1,290.6880,222.7480,4.999870
FILLER_52_491,VDD,Metal1,282.2400,223.4400,4.999858
FILLER_52_477,VDD,Metal1,274.1200,223.4400,4.999857
FILLER_52_473,VDD,Metal1,273.1000,223.0075,4.999857
FILLER_52_457,VDD,Metal1,267.7280,222.7480,4.999857
FILLER_52_440,VDD,Metal1,253.4000,223.4400,4.999827
FILLER_52_438,VDD,Metal1,252.5600,223.4400,4.999827
FILLER_52_434,VDD,Metal1,251.2600,223.0075,4.999826
FILLER_52_426,VDD,Metal1,248.0265,222.8630,4.999826
FILLER_52_403,VDD,Metal1,232.6800,223.4400,4.999804
FILLER_52_387,VDD,Metal1,228.5280,222.7480,4.999804
FILLER_52_377,VDD,Metal1,220.5865,222.8630,4.999803
FILLER_52_331,VDD,Metal1,201.7155,222.6710,4.999798
FILLER_52_323,VDD,Metal1,187.8800,223.4400,4.999797
FILLER_52_251,VDD,Metal1,147.8400,223.4400,4.999797
FILLER_52_247,VDD,Metal1,146.5400,223.0075,4.999796
FILLER_52_226,VDD,Metal1,134.7800,223.0075,4.999797
FILLER_52_217,VDD,Metal1,129.7400,223.0075,4.999797
FILLER_52_209,VDD,Metal1,126.5065,222.8630,4.999797
FILLER_52_193,VDD,Metal1,117.5465,222.8630,4.999798
FILLER_52_177,VDD,Metal1,110.9280,222.7480,4.999798
FILLER_52_174,VDD,Metal1,104.4400,223.4400,4.999799
FILLER_52_170,VDD,Metal1,103.4200,223.0075,4.999799
FILLER_52_158,VDD,Metal1,95.4800,223.4400,4.999799
FILLER_52_156,VDD,Metal1,94.6400,223.4400,4.999799
FILLER_52_152,VDD,Metal1,93.3400,223.0075,4.999799
FILLER_52_144,VDD,Metal1,90.1065,222.8630,4.999799
FILLER_52_118,VDD,Metal1,74.3000,223.0075,4.999800
FILLER_52_109,VDD,Metal1,68.0400,223.4400,4.999800
FILLER_52_107,VDD,Metal1,67.2000,223.4400,4.999801
FILLER_52_101,VDD,Metal1,64.7800,223.0075,4.999802
FILLER_52_65,VDD,Metal1,43.6800,223.4400,4.999805
FILLER_52_57,VDD,Metal1,41.3865,222.8630,4.999805
FILLER_52_41,VDD,Metal1,29.9600,223.4400,4.999805
FILLER_52_37,VDD,Metal1,28.9400,223.0075,4.999805
FILLER_52_33,VDD,Metal1,25.7600,223.4400,4.999817
FILLER_52_25,VDD,Metal1,23.4665,222.8630,4.999819
FILLER_52_16,VDD,Metal1,15.9600,223.4400,4.999817
FILLER_52_14,VDD,Metal1,15.1200,223.4400,4.999817
FILLER_52_10,VDD,Metal1,13.8200,223.0075,4.999817
FILLER_52_2,VDD,Metal1,10.5865,222.8630,4.999817
FILLER_51_680,VDD,Metal1,388.0800,215.6000,4.999780
FILLER_51_664,VDD,Metal1,383.6480,216.2920,4.999780
FILLER_51_632,VDD,Metal1,370.2755,216.3685,4.999780
FILLER_51_626,VDD,Metal1,358.7800,216.0325,4.999780
FILLER_51_562,VDD,Metal1,340.0750,216.4140,4.999780
FILLER_51_556,VDD,Metal1,319.5800,216.0325,4.999778
FILLER_51_548,VDD,Metal1,316.3465,216.1765,4.999778
FILLER_51_516,VDD,Metal1,296.2400,215.6000,4.999706
FILLER_51_508,VDD,Metal1,293.9465,216.1765,4.999706
FILLER_51_492,VDD,Metal1,287.3280,216.2920,4.999704
FILLER_51_489,VDD,Metal1,280.8400,215.6000,4.999695
FILLER_51_485,VDD,Metal1,279.8200,216.0325,4.999695
FILLER_51_476,VDD,Metal1,273.5600,215.6000,4.999695
FILLER_51_474,VDD,Metal1,272.7200,215.6000,4.999695
FILLER_51_470,VDD,Metal1,271.4200,216.0325,4.999695
FILLER_51_454,VDD,Metal1,266.0480,216.2920,4.999695
FILLER_51_447,VDD,Metal1,257.3200,215.6000,4.999688
FILLER_51_438,VDD,Metal1,252.2800,215.6000,4.999688
FILLER_51_422,VDD,Metal1,248.1280,216.2920,4.999688
FILLER_51_384,VDD,Metal1,222.3200,215.6000,4.999702
FILLER_51_376,VDD,Metal1,220.0265,216.1765,4.999704
FILLER_51_370,VDD,Metal1,214.2000,215.6000,4.999720
FILLER_51_368,VDD,Metal1,213.3600,215.6000,4.999720
FILLER_51_352,VDD,Metal1,208.9280,216.2920,4.999720
FILLER_51_348,VDD,Metal1,202.1600,215.6000,4.999720
FILLER_51_344,VDD,Metal1,200.8600,216.0325,4.999720
FILLER_51_312,VDD,Metal1,191.0755,216.3685,4.999729
FILLER_51_294,VDD,Metal1,171.9200,215.6000,4.999739
FILLER_51_290,VDD,Metal1,170.6200,216.0325,4.999739
FILLER_51_282,VDD,Metal1,164.9200,215.6000,4.999739
FILLER_51_279,VDD,Metal1,163.2400,215.6000,4.999739
FILLER_51_275,VDD,Metal1,162.2200,216.0325,4.999739
FILLER_51_267,VDD,Metal1,158.9865,216.1765,4.999739
FILLER_51_252,VDD,Metal1,148.4000,215.6000,4.999740
FILLER_51_220,VDD,Metal1,139.5555,216.3685,4.999740
FILLER_51_206,VDD,Metal1,123.5800,216.0325,4.999756
FILLER_51_200,VDD,Metal1,119.0000,215.6000,4.999756
FILLER_51_198,VDD,Metal1,118.1600,215.6000,4.999757
FILLER_51_190,VDD,Metal1,115.8665,216.1765,4.999757
FILLER_51_174,VDD,Metal1,109.2480,216.2920,4.999758
FILLER_51_142,VDD,Metal1,95.8755,216.3685,4.999759
FILLER_51_139,VDD,Metal1,84.8400,215.6000,4.999761
FILLER_51_131,VDD,Metal1,82.8265,216.1765,4.999761
FILLER_51_95,VDD,Metal1,60.4800,215.6000,4.999769
FILLER_51_91,VDD,Metal1,59.1800,216.0325,4.999769
FILLER_51_72,VDD,Metal1,48.5400,216.0325,4.999770
FILLER_51_68,VDD,Metal1,45.3600,215.6000,4.999770
FILLER_51_36,VDD,Metal1,36.5155,216.3685,4.999770
FILLER_50_681,VDD,Metal1,388.3600,215.6000,4.999780
FILLER_50_679,VDD,Metal1,387.5200,215.6000,4.999780
FILLER_50_675,VDD,Metal1,386.2200,215.1675,4.999780
FILLER_50_667,VDD,Metal1,382.9865,215.0230,4.999780
FILLER_50_661,VDD,Metal1,378.3800,215.1675,4.999780
FILLER_50_597,VDD,Metal1,359.6750,214.7855,4.999780
FILLER_50_594,VDD,Metal1,339.6400,215.6000,4.999780
FILLER_50_592,VDD,Metal1,338.8000,215.6000,4.999780
FILLER_50_588,VDD,Metal1,337.5000,215.1675,4.999780
FILLER_50_572,VDD,Metal1,332.1280,214.9080,4.999780
FILLER_50_535,VDD,Metal1,306.6000,215.6000,4.999778
FILLER_50_533,VDD,Metal1,305.7600,215.6000,4.999778
FILLER_50_524,VDD,Metal1,300.4400,215.6000,4.999710
FILLER_50_520,VDD,Metal1,299.4200,215.1675,4.999710
FILLER_50_512,VDD,Metal1,296.1865,215.0230,4.999706
FILLER_50_503,VDD,Metal1,288.6800,215.6000,4.999704
FILLER_50_501,VDD,Metal1,287.8400,215.6000,4.999704
FILLER_50_497,VDD,Metal1,286.5400,215.1675,4.999704
FILLER_50_489,VDD,Metal1,283.3065,215.0230,4.999703
FILLER_50_457,VDD,Metal1,272.2755,214.8310,4.999695
FILLER_50_391,VDD,Metal1,226.2400,215.6000,4.999689
FILLER_50_387,VDD,Metal1,224.9400,215.1675,4.999689
FILLER_50_377,VDD,Metal1,220.5865,215.0230,4.999703
FILLER_50_339,VDD,Metal1,198.0600,215.1675,4.999729
FILLER_50_331,VDD,Metal1,194.8265,215.0230,4.999729
FILLER_50_323,VDD,Metal1,188.1600,215.6000,4.999729
FILLER_50_314,VDD,Metal1,182.8400,215.6000,4.999736
FILLER_50_308,VDD,Metal1,179.4800,215.6000,4.999738
FILLER_50_284,VDD,Metal1,166.0400,215.6000,4.999739
FILLER_50_268,VDD,Metal1,161.8880,214.9080,4.999739
FILLER_50_249,VDD,Metal1,146.4400,215.6000,4.999740
FILLER_50_247,VDD,Metal1,145.6000,215.6000,4.999740
FILLER_50_244,VDD,Metal1,143.6400,215.6000,4.999740
FILLER_50_233,VDD,Metal1,138.7000,215.1675,4.999740
FILLER_50_217,VDD,Metal1,133.3280,214.9080,4.999740
FILLER_50_211,VDD,Metal1,125.1600,215.6000,4.999755
FILLER_50_209,VDD,Metal1,124.3200,215.6000,4.999755
FILLER_50_205,VDD,Metal1,123.0200,215.1675,4.999756
FILLER_50_197,VDD,Metal1,119.7865,215.0230,4.999756
FILLER_50_189,VDD,Metal1,113.1200,215.6000,4.999758
FILLER_50_185,VDD,Metal1,111.8200,215.1675,4.999758
FILLER_50_177,VDD,Metal1,108.5865,215.0230,4.999758
FILLER_50_174,VDD,Metal1,104.4400,215.6000,4.999759
FILLER_50_172,VDD,Metal1,103.6000,215.6000,4.999759
FILLER_50_157,VDD,Metal1,94.9200,215.6000,4.999759
FILLER_50_155,VDD,Metal1,94.0800,215.6000,4.999759
FILLER_50_139,VDD,Metal1,89.6480,214.9080,4.999759
FILLER_50_123,VDD,Metal1,78.3465,215.0230,4.999762
FILLER_50_107,VDD,Metal1,71.7280,214.9080,4.999762
FILLER_50_84,VDD,Metal1,58.8480,214.9080,4.999769
FILLER_50_52,VDD,Metal1,45.4755,214.8310,4.999770
FILLER_50_33,VDD,Metal1,25.7600,215.6000,4.999780
FILLER_49_680,VDD,Metal1,388.0800,207.7600,4.999754
FILLER_49_664,VDD,Metal1,383.6480,208.4520,4.999754
FILLER_49_632,VDD,Metal1,370.2755,208.5285,4.999754
FILLER_49_598,VDD,Metal1,351.2355,208.5285,4.999754
FILLER_49_558,VDD,Metal1,319.7600,207.7600,4.999736
FILLER_49_550,VDD,Metal1,317.4665,208.3365,4.999735
FILLER_49_513,VDD,Metal1,294.2800,207.7600,4.999716
FILLER_49_511,VDD,Metal1,293.4400,207.7600,4.999716
FILLER_49_507,VDD,Metal1,292.1400,208.1925,4.999716
FILLER_49_496,VDD,Metal1,284.7600,207.7600,4.999695
FILLER_49_492,VDD,Metal1,283.7400,208.1925,4.999695
FILLER_49_488,VDD,Metal1,280.5600,207.7600,4.999685
FILLER_49_484,VDD,Metal1,279.2600,208.1925,4.999685
FILLER_49_476,VDD,Metal1,276.0265,208.3365,4.999684
FILLER_49_460,VDD,Metal1,269.4080,208.4520,4.999681
FILLER_49_444,VDD,Metal1,255.9200,207.7600,4.999672
FILLER_49_440,VDD,Metal1,254.6200,208.1925,4.999672
FILLER_49_431,VDD,Metal1,248.3600,207.7600,4.999672
FILLER_49_422,VDD,Metal1,243.3200,207.7600,4.999672
FILLER_49_419,VDD,Metal1,241.6400,207.7600,4.999661
FILLER_49_417,VDD,Metal1,240.8000,207.7600,4.999661
FILLER_49_401,VDD,Metal1,236.3680,208.4520,4.999660
FILLER_49_389,VDD,Metal1,227.3065,208.3365,4.999655
FILLER_49_358,VDD,Metal1,207.4800,207.7600,4.999649
FILLER_49_356,VDD,Metal1,206.6400,207.7600,4.999649
FILLER_49_352,VDD,Metal1,205.3400,208.1925,4.999649
FILLER_49_349,VDD,Metal1,202.4400,207.7600,4.999649
FILLER_49_341,VDD,Metal1,200.4265,208.3365,4.999649
FILLER_49_309,VDD,Metal1,189.3955,208.5285,4.999649
FILLER_49_304,VDD,Metal1,177.2400,207.7600,4.999650
FILLER_49_302,VDD,Metal1,176.4000,207.7600,4.999663
FILLER_49_298,VDD,Metal1,175.1000,208.1925,4.999663
FILLER_49_282,VDD,Metal1,169.7280,208.4520,4.999663
FILLER_49_278,VDD,Metal1,162.9600,207.7600,4.999658
FILLER_49_260,VDD,Metal1,152.8800,207.7600,4.999651
FILLER_49_252,VDD,Metal1,150.5865,208.3365,4.999651
FILLER_49_236,VDD,Metal1,140.3800,208.1925,4.999608
FILLER_49_228,VDD,Metal1,137.1465,208.3365,4.999607
FILLER_49_212,VDD,Metal1,130.5280,208.4520,4.999603
FILLER_49_209,VDD,Metal1,124.0400,207.7600,4.999599
FILLER_49_207,VDD,Metal1,123.2000,207.7600,4.999599
FILLER_49_199,VDD,Metal1,120.9065,208.3365,4.999599
FILLER_49_174,VDD,Metal1,104.4400,207.7600,4.999541
FILLER_49_162,VDD,Metal1,97.7200,207.7600,4.999539
FILLER_49_158,VDD,Metal1,96.7000,208.1925,4.999539
FILLER_49_142,VDD,Metal1,91.3280,208.4520,4.999539
FILLER_49_138,VDD,Metal1,84.5600,207.7600,4.999539
FILLER_49_122,VDD,Metal1,80.1280,208.4520,4.999539
FILLER_49_106,VDD,Metal1,66.3600,207.7600,4.999559
FILLER_49_104,VDD,Metal1,65.5200,207.7600,4.999568
FILLER_49_100,VDD,Metal1,64.2200,208.1925,4.999568
FILLER_49_84,VDD,Metal1,58.8480,208.4520,4.999568
FILLER_49_69,VDD,Metal1,45.6400,207.7600,4.999569
FILLER_49_67,VDD,Metal1,44.8000,207.7600,4.999580
FILLER_49_59,VDD,Metal1,42.5065,208.3365,4.999581
FILLER_49_43,VDD,Metal1,35.8880,208.4520,4.999594
FILLER_49_8,VDD,Metal1,11.4800,207.7600,4.999596
FILLER_48_681,VDD,Metal1,388.3600,207.7600,4.999754
FILLER_48_679,VDD,Metal1,387.5200,207.7600,4.999754
FILLER_48_675,VDD,Metal1,386.2200,207.3275,4.999754
FILLER_48_667,VDD,Metal1,382.9865,207.1830,4.999754
FILLER_48_661,VDD,Metal1,378.3800,207.3275,4.999754
FILLER_48_597,VDD,Metal1,359.6750,206.9455,4.999754
FILLER_48_563,VDD,Metal1,322.5600,207.7600,4.999745
FILLER_48_559,VDD,Metal1,321.2600,207.3275,4.999745
FILLER_48_527,VDD,Metal1,311.4755,206.9910,4.999735
FILLER_48_524,VDD,Metal1,300.4400,207.7600,4.999735
FILLER_48_522,VDD,Metal1,299.6000,207.7600,4.999735
FILLER_48_518,VDD,Metal1,298.3000,207.3275,4.999735
FILLER_48_505,VDD,Metal1,289.8000,207.7600,4.999709
FILLER_48_483,VDD,Metal1,279.9465,207.1830,4.999686
FILLER_48_457,VDD,Metal1,267.7280,207.0680,4.999681
FILLER_48_454,VDD,Metal1,261.2400,207.7600,4.999674
FILLER_48_452,VDD,Metal1,260.4000,207.7600,4.999673
FILLER_48_417,VDD,Metal1,240.5200,207.7600,4.999661
FILLER_48_415,VDD,Metal1,239.6800,207.7600,4.999660
FILLER_48_411,VDD,Metal1,238.3800,207.3275,4.999660
FILLER_48_403,VDD,Metal1,235.1465,207.1830,4.999660
FILLER_48_387,VDD,Metal1,228.5280,207.0680,4.999655
FILLER_48_379,VDD,Metal1,219.5200,207.7600,4.999649
FILLER_48_313,VDD,Metal1,182.5600,207.7600,4.999649
FILLER_48_309,VDD,Metal1,181.2600,207.3275,4.999649
FILLER_48_301,VDD,Metal1,178.0265,207.1830,4.999650
FILLER_48_295,VDD,Metal1,172.2000,207.7600,4.999663
FILLER_48_293,VDD,Metal1,171.3600,207.7600,4.999663
FILLER_48_289,VDD,Metal1,170.0600,207.3275,4.999663
FILLER_48_281,VDD,Metal1,166.8265,207.1830,4.999662
FILLER_48_265,VDD,Metal1,160.2080,207.0680,4.999658
FILLER_48_249,VDD,Metal1,146.4400,207.7600,4.999609
FILLER_48_247,VDD,Metal1,145.6000,207.7600,4.999609
FILLER_48_229,VDD,Metal1,140.0480,207.0680,4.999608
FILLER_48_223,VDD,Metal1,131.8800,207.7600,4.999603
FILLER_48_221,VDD,Metal1,131.0400,207.7600,4.999603
FILLER_48_217,VDD,Metal1,129.7400,207.3275,4.999603
FILLER_48_209,VDD,Metal1,126.5065,207.1830,4.999603
FILLER_48_193,VDD,Metal1,119.8880,207.0680,4.999599
FILLER_48_186,VDD,Metal1,111.4400,207.7600,4.999591
FILLER_48_177,VDD,Metal1,107.3400,207.3275,4.999544
FILLER_48_173,VDD,Metal1,104.1600,207.7600,4.999541
FILLER_48_169,VDD,Metal1,102.8600,207.3275,4.999541
FILLER_48_104,VDD,Metal1,65.2400,207.7600,4.999568
FILLER_48_100,VDD,Metal1,64.2200,207.3275,4.999568
FILLER_48_65,VDD,Metal1,43.4000,207.7600,4.999581
FILLER_48_61,VDD,Metal1,42.3800,207.3275,4.999581
FILLER_48_53,VDD,Metal1,39.1465,207.1830,4.999591
FILLER_48_37,VDD,Metal1,32.5280,207.0680,4.999596
FILLER_48_33,VDD,Metal1,25.7600,207.7600,4.999596
FILLER_47_680,VDD,Metal1,388.0800,199.9200,4.999819
FILLER_47_664,VDD,Metal1,383.6480,200.6120,4.999819
FILLER_47_632,VDD,Metal1,370.2755,200.6885,4.999819
FILLER_47_626,VDD,Metal1,358.7800,200.3525,4.999819
FILLER_47_586,VDD,Metal1,336.3800,200.3525,4.999820
FILLER_47_578,VDD,Metal1,333.1465,200.4965,4.999820
FILLER_47_562,VDD,Metal1,326.5280,200.6120,4.999822
FILLER_47_496,VDD,Metal1,303.1150,200.7340,4.999815
FILLER_47_489,VDD,Metal1,280.8400,199.9200,4.999814
FILLER_47_481,VDD,Metal1,278.8265,200.4965,4.999814
FILLER_47_470,VDD,Metal1,270.2000,199.9200,4.999807
FILLER_47_462,VDD,Metal1,268.1865,200.4965,4.999806
FILLER_47_430,VDD,Metal1,257.1555,200.6885,4.999803
FILLER_47_419,VDD,Metal1,241.6400,199.9200,4.999795
FILLER_47_417,VDD,Metal1,240.8000,199.9200,4.999795
FILLER_47_413,VDD,Metal1,239.5000,200.3525,4.999795
FILLER_47_405,VDD,Metal1,236.2665,200.4965,4.999795
FILLER_47_358,VDD,Metal1,207.4800,199.9200,4.999786
FILLER_47_356,VDD,Metal1,206.6400,199.9200,4.999786
FILLER_47_352,VDD,Metal1,205.3400,200.3525,4.999786
FILLER_47_346,VDD,Metal1,201.9800,200.3525,4.999786
FILLER_47_330,VDD,Metal1,196.6080,200.6120,4.999786
FILLER_47_302,VDD,Metal1,178.5865,200.4965,4.999791
FILLER_47_288,VDD,Metal1,168.2800,199.9200,4.999791
FILLER_47_286,VDD,Metal1,167.4400,199.9200,4.999791
FILLER_47_282,VDD,Metal1,166.1400,200.3525,4.999791
FILLER_47_279,VDD,Metal1,163.2400,199.9200,4.999791
FILLER_47_275,VDD,Metal1,162.2200,200.3525,4.999791
FILLER_47_259,VDD,Metal1,156.8480,200.6120,4.999791
FILLER_47_250,VDD,Metal1,147.0000,199.9200,4.999785
FILLER_47_248,VDD,Metal1,146.1600,199.9200,4.999785
FILLER_47_232,VDD,Metal1,141.7280,200.6120,4.999781
FILLER_47_216,VDD,Metal1,127.9600,199.9200,4.999781
FILLER_47_212,VDD,Metal1,126.9400,200.3525,4.999781
FILLER_47_206,VDD,Metal1,123.5800,200.3525,4.999775
FILLER_47_198,VDD,Metal1,117.8800,199.9200,4.999768
FILLER_47_196,VDD,Metal1,117.0400,199.9200,4.999768
FILLER_47_165,VDD,Metal1,99.6800,199.9200,4.999739
FILLER_47_154,VDD,Metal1,93.2400,199.9200,4.999735
FILLER_47_150,VDD,Metal1,92.2200,200.3525,4.999735
FILLER_47_142,VDD,Metal1,88.9865,200.4965,4.999734
FILLER_47_138,VDD,Metal1,84.5600,199.9200,4.999728
FILLER_47_134,VDD,Metal1,83.2600,200.3525,4.999727
FILLER_47_99,VDD,Metal1,62.4400,199.9200,4.999719
FILLER_47_95,VDD,Metal1,61.4200,200.3525,4.999719
FILLER_47_87,VDD,Metal1,58.1865,200.4965,4.999719
FILLER_47_69,VDD,Metal1,45.6400,199.9200,4.999726
FILLER_47_65,VDD,Metal1,44.6200,200.3525,4.999771
FILLER_47_49,VDD,Metal1,39.2480,200.6120,4.999771
FILLER_47_18,VDD,Metal1,21.8880,200.6120,4.999777
FILLER_46_675,VDD,Metal1,385.0000,199.9200,4.999819
FILLER_46_667,VDD,Metal1,382.9865,199.3430,4.999819
FILLER_46_661,VDD,Metal1,378.3800,199.4875,4.999819
FILLER_46_597,VDD,Metal1,359.6750,199.1055,4.999819
FILLER_46_579,VDD,Metal1,331.2400,199.9200,4.999821
FILLER_46_575,VDD,Metal1,330.2200,199.4875,4.999821
FILLER_46_559,VDD,Metal1,324.8480,199.2280,4.999821
FILLER_46_527,VDD,Metal1,311.4755,199.1510,4.999815
FILLER_46_524,VDD,Metal1,300.4400,199.9200,4.999815
FILLER_46_516,VDD,Metal1,298.4265,199.3430,4.999815
FILLER_46_465,VDD,Metal1,267.4000,199.9200,4.999806
FILLER_46_457,VDD,Metal1,265.3865,199.3430,4.999804
FILLER_46_401,VDD,Metal1,231.8400,199.9200,4.999789
FILLER_46_384,VDD,Metal1,222.0400,199.9200,4.999786
FILLER_46_382,VDD,Metal1,221.2000,199.9200,4.999786
FILLER_46_331,VDD,Metal1,192.3600,199.9200,4.999788
FILLER_46_329,VDD,Metal1,191.5200,199.9200,4.999788
FILLER_46_321,VDD,Metal1,187.0400,199.9200,4.999790
FILLER_46_317,VDD,Metal1,185.7400,199.4875,4.999790
FILLER_46_314,VDD,Metal1,182.8400,199.9200,4.999791
FILLER_46_306,VDD,Metal1,180.8265,199.3430,4.999791
FILLER_46_295,VDD,Metal1,172.2000,199.9200,4.999791
FILLER_46_263,VDD,Metal1,163.6355,199.1510,4.999791
FILLER_46_247,VDD,Metal1,145.3200,199.9200,4.999781
FILLER_46_244,VDD,Metal1,143.6400,199.9200,4.999781
FILLER_46_206,VDD,Metal1,123.5800,199.4875,4.999775
FILLER_46_198,VDD,Metal1,120.3465,199.3430,4.999774
FILLER_46_182,VDD,Metal1,113.7280,199.2280,4.999768
FILLER_46_173,VDD,Metal1,104.1600,199.9200,4.999740
FILLER_46_169,VDD,Metal1,102.8600,199.4875,4.999740
FILLER_46_155,VDD,Metal1,95.0200,199.4875,4.999737
FILLER_46_139,VDD,Metal1,89.6480,199.2280,4.999735
FILLER_46_107,VDD,Metal1,76.2755,199.1510,4.999727
FILLER_46_103,VDD,Metal1,64.9600,199.9200,4.999727
FILLER_46_95,VDD,Metal1,62.6665,199.3430,4.999719
FILLER_46_79,VDD,Metal1,56.0480,199.2280,4.999719
FILLER_46_31,VDD,Metal1,25.5800,199.4875,4.999777
FILLER_46_23,VDD,Metal1,22.3465,199.3430,4.999777
FILLER_45_664,VDD,Metal1,379.1200,192.0800,4.999723
FILLER_45_632,VDD,Metal1,370.2755,192.8485,4.999723
FILLER_45_629,VDD,Metal1,359.2400,192.0800,4.999723
FILLER_45_625,VDD,Metal1,358.2200,192.5125,4.999723
FILLER_45_588,VDD,Metal1,336.2800,192.0800,4.999724
FILLER_45_586,VDD,Metal1,335.4400,192.0800,4.999724
FILLER_45_578,VDD,Metal1,333.1465,192.6565,4.999724
FILLER_45_562,VDD,Metal1,326.5280,192.7720,4.999724
FILLER_45_544,VDD,Metal1,311.6400,192.0800,4.999724
FILLER_45_540,VDD,Metal1,310.6200,192.5125,4.999724
FILLER_45_524,VDD,Metal1,305.2480,192.7720,4.999724
FILLER_45_492,VDD,Metal1,291.8755,192.8485,4.999722
FILLER_45_486,VDD,Metal1,280.3800,192.5125,4.999722
FILLER_45_478,VDD,Metal1,277.1465,192.6565,4.999722
FILLER_45_469,VDD,Metal1,269.6400,192.0800,4.999721
FILLER_45_467,VDD,Metal1,268.8000,192.0800,4.999721
FILLER_45_451,VDD,Metal1,264.3680,192.7720,4.999721
FILLER_45_445,VDD,Metal1,256.4800,192.0800,4.999721
FILLER_45_441,VDD,Metal1,255.1800,192.5125,4.999721
FILLER_45_433,VDD,Metal1,251.9465,192.6565,4.999720
FILLER_45_426,VDD,Metal1,245.8400,192.0800,4.999720
FILLER_45_422,VDD,Metal1,244.5400,192.5125,4.999720
FILLER_45_384,VDD,Metal1,222.3200,192.0800,4.999726
FILLER_45_376,VDD,Metal1,220.0265,192.6565,4.999726
FILLER_45_368,VDD,Metal1,213.3600,192.0800,4.999726
FILLER_45_352,VDD,Metal1,208.9280,192.7720,4.999726
FILLER_45_349,VDD,Metal1,202.4400,192.0800,4.999733
FILLER_45_345,VDD,Metal1,201.4200,192.5125,4.999734
FILLER_45_340,VDD,Metal1,197.4000,192.0800,4.999736
FILLER_45_330,VDD,Metal1,193.0200,192.5125,4.999738
FILLER_45_314,VDD,Metal1,187.6480,192.7720,4.999739
FILLER_45_282,VDD,Metal1,174.2755,192.8485,4.999744
FILLER_45_244,VDD,Metal1,143.9200,192.0800,4.999727
FILLER_45_236,VDD,Metal1,141.6265,192.6565,4.999727
FILLER_45_226,VDD,Metal1,133.8400,192.0800,4.999716
FILLER_45_218,VDD,Metal1,131.5465,192.6565,4.999715
FILLER_45_209,VDD,Metal1,124.0400,192.0800,4.999706
FILLER_45_205,VDD,Metal1,123.0200,192.5125,4.999706
FILLER_45_189,VDD,Metal1,117.6480,192.7720,4.999706
FILLER_45_157,VDD,Metal1,104.2755,192.8485,4.999706
FILLER_45_139,VDD,Metal1,84.8400,192.0800,4.999705
FILLER_45_137,VDD,Metal1,84.0000,192.0800,4.999705
FILLER_45_133,VDD,Metal1,82.7000,192.5125,4.999705
FILLER_45_125,VDD,Metal1,79.4665,192.6565,4.999705
FILLER_45_90,VDD,Metal1,57.4000,192.0800,4.999703
FILLER_45_88,VDD,Metal1,56.5600,192.0800,4.999703
FILLER_45_72,VDD,Metal1,52.1280,192.7720,4.999703
FILLER_45_47,VDD,Metal1,33.6000,192.0800,4.999705
FILLER_45_39,VDD,Metal1,31.3065,192.6565,4.999706
FILLER_45_22,VDD,Metal1,19.3200,192.0800,4.999719
FILLER_45_18,VDD,Metal1,18.3000,192.5125,4.999719
FILLER_44_669,VDD,Metal1,381.6400,192.0800,4.999723
FILLER_44_667,VDD,Metal1,380.8000,192.0800,4.999723
FILLER_44_658,VDD,Metal1,375.7600,192.0800,4.999723
FILLER_44_654,VDD,Metal1,374.4600,191.6475,4.999723
FILLER_44_646,VDD,Metal1,371.2265,191.5030,4.999723
FILLER_44_630,VDD,Metal1,364.6080,191.3880,4.999723
FILLER_44_614,VDD,Metal1,350.8400,192.0800,4.999723
FILLER_44_612,VDD,Metal1,350.0000,192.0800,4.999723
FILLER_44_594,VDD,Metal1,339.6400,192.0800,4.999723
FILLER_44_592,VDD,Metal1,338.8000,192.0800,4.999723
FILLER_44_529,VDD,Metal1,303.2400,192.0800,4.999724
FILLER_44_527,VDD,Metal1,302.4000,192.0800,4.999724
FILLER_44_523,VDD,Metal1,300.1600,192.0800,4.999723
FILLER_44_519,VDD,Metal1,298.8600,191.6475,4.999722
FILLER_44_511,VDD,Metal1,295.6265,191.5030,4.999722
FILLER_44_479,VDD,Metal1,284.5955,191.3110,4.999722
FILLER_44_473,VDD,Metal1,272.1600,192.0800,4.999721
FILLER_44_457,VDD,Metal1,267.7280,191.3880,4.999721
FILLER_44_451,VDD,Metal1,260.7800,191.6475,4.999721
FILLER_44_443,VDD,Metal1,257.5465,191.5030,4.999721
FILLER_44_427,VDD,Metal1,250.9280,191.3880,4.999720
FILLER_44_395,VDD,Metal1,237.5555,191.3110,4.999720
FILLER_44_384,VDD,Metal1,222.0400,192.0800,4.999726
FILLER_44_333,VDD,Metal1,195.9465,191.5030,4.999736
FILLER_44_317,VDD,Metal1,189.3280,191.3880,4.999738
FILLER_44_311,VDD,Metal1,182.3800,191.6475,4.999744
FILLER_44_279,VDD,Metal1,168.0480,191.3880,4.999744
FILLER_44_247,VDD,Metal1,154.6755,191.3110,4.999736
FILLER_44_244,VDD,Metal1,143.6400,192.0800,4.999727
FILLER_44_242,VDD,Metal1,142.8000,192.0800,4.999727
FILLER_44_238,VDD,Metal1,141.5000,191.6475,4.999727
FILLER_44_209,VDD,Metal1,125.2600,191.6475,4.999710
FILLER_44_201,VDD,Metal1,122.0265,191.5030,4.999706
FILLER_44_185,VDD,Metal1,115.4080,191.3880,4.999706
FILLER_44_174,VDD,Metal1,104.4400,192.0800,4.999706
FILLER_44_170,VDD,Metal1,103.4200,191.6475,4.999706
FILLER_44_162,VDD,Metal1,100.1865,191.5030,4.999706
FILLER_44_127,VDD,Metal1,78.1200,192.0800,4.999705
FILLER_44_123,VDD,Metal1,77.1000,191.6475,4.999705
FILLER_44_107,VDD,Metal1,71.7280,191.3880,4.999703
FILLER_44_41,VDD,Metal1,30.2400,192.0800,4.999714
FILLER_44_37,VDD,Metal1,28.9400,191.6475,4.999714
FILLER_44_18,VDD,Metal1,17.0800,192.0800,4.999718
FILLER_43_652,VDD,Metal1,372.4000,184.2400,4.999633
FILLER_43_648,VDD,Metal1,371.1000,184.6725,4.999633
FILLER_43_632,VDD,Metal1,365.7280,184.9320,4.999633
FILLER_43_566,VDD,Metal1,324.2400,184.2400,4.999629
FILLER_43_562,VDD,Metal1,322.9400,184.6725,4.999629
FILLER_43_558,VDD,Metal1,319.7600,184.2400,4.999629
FILLER_43_554,VDD,Metal1,318.4600,184.6725,4.999629
FILLER_43_546,VDD,Metal1,315.2265,184.8165,4.999629
FILLER_43_508,VDD,Metal1,292.7000,184.6725,4.999602
FILLER_43_492,VDD,Metal1,287.3280,184.9320,4.999602
FILLER_43_489,VDD,Metal1,280.8400,184.2400,4.999601
FILLER_43_485,VDD,Metal1,279.8200,184.6725,4.999601
FILLER_43_453,VDD,Metal1,270.0355,185.0085,4.999601
FILLER_43_440,VDD,Metal1,253.4000,184.2400,4.999597
FILLER_43_438,VDD,Metal1,252.5600,184.2400,4.999597
FILLER_43_422,VDD,Metal1,248.1280,184.9320,4.999597
FILLER_43_412,VDD,Metal1,240.1865,184.8165,4.999599
FILLER_43_396,VDD,Metal1,233.5680,184.9320,4.999599
FILLER_43_382,VDD,Metal1,223.3865,184.8165,4.999608
FILLER_43_368,VDD,Metal1,215.5465,184.8165,4.999609
FILLER_43_352,VDD,Metal1,208.9280,184.9320,4.999609
FILLER_43_216,VDD,Metal1,128.2400,184.2400,4.999613
FILLER_43_212,VDD,Metal1,126.9400,184.6725,4.999613
FILLER_43_175,VDD,Metal1,105.0000,184.2400,4.999619
FILLER_43_173,VDD,Metal1,104.1600,184.2400,4.999619
FILLER_43_165,VDD,Metal1,101.8665,184.8165,4.999625
FILLER_43_142,VDD,Metal1,88.9865,184.8165,4.999625
FILLER_43_139,VDD,Metal1,84.8400,184.2400,4.999628
FILLER_43_137,VDD,Metal1,84.0000,184.2400,4.999629
FILLER_43_102,VDD,Metal1,64.1200,184.2400,4.999632
FILLER_43_100,VDD,Metal1,63.2800,184.2400,4.999632
FILLER_43_96,VDD,Metal1,61.9800,184.6725,4.999632
FILLER_43_88,VDD,Metal1,58.7465,184.8165,4.999633
FILLER_43_72,VDD,Metal1,52.1280,184.9320,4.999633
FILLER_43_68,VDD,Metal1,45.3600,184.2400,4.999633
FILLER_43_60,VDD,Metal1,43.0665,184.8165,4.999633
FILLER_42_667,VDD,Metal1,380.5200,184.2400,4.999633
FILLER_42_645,VDD,Metal1,368.2000,184.2400,4.999633
FILLER_42_609,VDD,Metal1,348.3200,184.2400,4.999634
FILLER_42_605,VDD,Metal1,347.0200,183.8075,4.999634
FILLER_42_597,VDD,Metal1,343.7865,183.6630,4.999634
FILLER_42_593,VDD,Metal1,339.3600,184.2400,4.999634
FILLER_42_589,VDD,Metal1,338.0600,183.8075,4.999634
FILLER_42_579,VDD,Metal1,331.5200,184.2400,4.999635
FILLER_42_575,VDD,Metal1,330.2200,183.8075,4.999635
FILLER_42_535,VDD,Metal1,307.8200,183.8075,4.999628
FILLER_42_527,VDD,Metal1,304.5865,183.6630,4.999628
FILLER_42_517,VDD,Metal1,298.9865,183.6630,4.999628
FILLER_42_465,VDD,Metal1,267.4000,184.2400,4.999601
FILLER_42_457,VDD,Metal1,265.3865,183.6630,4.999601
FILLER_42_381,VDD,Metal1,221.5800,183.8075,4.999609
FILLER_42_317,VDD,Metal1,202.8750,183.4255,4.999609
FILLER_42_299,VDD,Metal1,179.2480,183.5480,4.999615
FILLER_42_263,VDD,Metal1,154.5600,184.2400,4.999613
FILLER_42_247,VDD,Metal1,150.1280,183.5480,4.999613
FILLER_42_193,VDD,Metal1,115.3600,184.2400,4.999615
FILLER_42_177,VDD,Metal1,110.9280,183.5480,4.999615
FILLER_42_107,VDD,Metal1,76.2755,183.4710,4.999629
FILLER_42_104,VDD,Metal1,65.2400,184.2400,4.999632
FILLER_42_96,VDD,Metal1,63.2265,183.6630,4.999632
FILLER_42_80,VDD,Metal1,56.6080,183.5480,4.999633
FILLER_42_45,VDD,Metal1,32.2000,184.2400,4.999637
FILLER_42_37,VDD,Metal1,30.1865,183.6630,4.999637
FILLER_42_34,VDD,Metal1,26.0400,184.2400,4.999655
FILLER_42_32,VDD,Metal1,25.2000,184.2400,4.999656
FILLER_42_21,VDD,Metal1,18.7600,184.2400,4.999655
FILLER_41_638,VDD,Metal1,364.2800,176.4000,4.999697
FILLER_41_636,VDD,Metal1,363.4400,176.4000,4.999697
FILLER_41_632,VDD,Metal1,362.1400,176.8325,4.999697
FILLER_41_629,VDD,Metal1,359.2400,176.4000,4.999698
FILLER_41_627,VDD,Metal1,358.4000,176.4000,4.999698
FILLER_41_619,VDD,Metal1,356.1065,176.9765,4.999698
FILLER_41_577,VDD,Metal1,332.5865,176.9765,4.999700
FILLER_41_558,VDD,Metal1,319.7600,176.4000,4.999698
FILLER_41_542,VDD,Metal1,315.3280,177.0920,4.999698
FILLER_41_526,VDD,Metal1,301.5600,176.4000,4.999690
FILLER_41_488,VDD,Metal1,280.5600,176.4000,4.999679
FILLER_41_484,VDD,Metal1,279.2600,176.8325,4.999679
FILLER_41_449,VDD,Metal1,258.4400,176.4000,4.999663
FILLER_41_447,VDD,Metal1,257.6000,176.4000,4.999663
FILLER_41_418,VDD,Metal1,241.3600,176.4000,4.999663
FILLER_41_414,VDD,Metal1,240.0600,176.8325,4.999660
FILLER_41_349,VDD,Metal1,202.4400,176.4000,4.999651
FILLER_41_347,VDD,Metal1,201.6000,176.4000,4.999650
FILLER_41_337,VDD,Metal1,196.0000,176.4000,4.999651
FILLER_41_329,VDD,Metal1,193.7065,176.9765,4.999653
FILLER_41_297,VDD,Metal1,182.6755,177.1685,4.999653
FILLER_41_276,VDD,Metal1,162.7800,176.8325,4.999641
FILLER_41_260,VDD,Metal1,157.4080,177.0920,4.999641
FILLER_41_220,VDD,Metal1,131.4200,176.8325,4.999637
FILLER_41_212,VDD,Metal1,128.1865,176.9765,4.999637
FILLER_41_209,VDD,Metal1,124.0400,176.4000,4.999636
FILLER_41_205,VDD,Metal1,123.0200,176.8325,4.999636
FILLER_41_173,VDD,Metal1,113.2355,177.1685,4.999636
FILLER_41_166,VDD,Metal1,99.9600,176.4000,4.999638
FILLER_41_158,VDD,Metal1,97.9465,176.9765,4.999638
FILLER_41_142,VDD,Metal1,91.3280,177.0920,4.999680
FILLER_41_139,VDD,Metal1,84.8400,176.4000,4.999680
FILLER_41_137,VDD,Metal1,84.0000,176.4000,4.999680
FILLER_41_133,VDD,Metal1,82.7000,176.8325,4.999681
FILLER_41_125,VDD,Metal1,79.4665,176.9765,4.999681
FILLER_41_54,VDD,Metal1,42.0480,177.0920,4.999754
FILLER_41_22,VDD,Metal1,28.6755,177.1685,4.999755
FILLER_41_8,VDD,Metal1,11.4800,176.4000,4.999753
FILLER_40_667,VDD,Metal1,380.5200,176.4000,4.999692
FILLER_40_633,VDD,Metal1,361.4800,176.4000,4.999697
FILLER_40_629,VDD,Metal1,360.4600,175.9675,4.999697
FILLER_40_597,VDD,Metal1,350.6755,175.6310,4.999698
FILLER_40_591,VDD,Metal1,339.1800,175.9675,4.999698
FILLER_40_583,VDD,Metal1,335.9465,175.8230,4.999698
FILLER_40_547,VDD,Metal1,313.6000,176.4000,4.999696
FILLER_40_543,VDD,Metal1,312.3000,175.9675,4.999696
FILLER_40_527,VDD,Metal1,306.9280,175.7080,4.999695
FILLER_40_524,VDD,Metal1,300.4400,176.4000,4.999680
FILLER_40_522,VDD,Metal1,299.6000,176.4000,4.999679
FILLER_40_514,VDD,Metal1,297.3065,175.8230,4.999679
FILLER_40_482,VDD,Metal1,286.2755,175.6310,4.999679
FILLER_40_465,VDD,Metal1,267.6800,176.4000,4.999665
FILLER_40_457,VDD,Metal1,265.3865,175.8230,4.999665
FILLER_40_454,VDD,Metal1,261.2400,176.4000,4.999663
FILLER_40_414,VDD,Metal1,239.1200,176.4000,4.999660
FILLER_40_410,VDD,Metal1,237.8200,175.9675,4.999651
FILLER_40_402,VDD,Metal1,234.5865,175.8230,4.999651
FILLER_40_369,VDD,Metal1,218.4480,175.7080,4.999650
FILLER_40_333,VDD,Metal1,193.7600,176.4000,4.999653
FILLER_40_317,VDD,Metal1,189.3280,175.7080,4.999653
FILLER_40_314,VDD,Metal1,182.8400,176.4000,4.999653
FILLER_40_312,VDD,Metal1,182.0000,176.4000,4.999653
FILLER_40_308,VDD,Metal1,180.7000,175.9675,4.999653
FILLER_40_300,VDD,Metal1,177.4665,175.8230,4.999654
FILLER_40_291,VDD,Metal1,169.9600,176.4000,4.999646
FILLER_40_289,VDD,Metal1,169.1200,176.4000,4.999646
FILLER_40_281,VDD,Metal1,166.8265,175.8230,4.999646
FILLER_40_265,VDD,Metal1,160.2080,175.7080,4.999641
FILLER_40_255,VDD,Metal1,150.0800,176.4000,4.999637
FILLER_40_247,VDD,Metal1,147.7865,175.8230,4.999637
FILLER_40_237,VDD,Metal1,142.1865,175.8230,4.999637
FILLER_40_221,VDD,Metal1,135.5680,175.7080,4.999637
FILLER_40_177,VDD,Metal1,108.5865,175.8230,4.999636
FILLER_40_174,VDD,Metal1,104.4400,176.4000,4.999638
FILLER_40_172,VDD,Metal1,103.6000,176.4000,4.999638
FILLER_40_156,VDD,Metal1,94.3600,176.4000,4.999680
FILLER_40_154,VDD,Metal1,93.5200,176.4000,4.999680
FILLER_40_150,VDD,Metal1,92.2200,175.9675,4.999680
FILLER_40_134,VDD,Metal1,86.8480,175.7080,4.999680
FILLER_40_116,VDD,Metal1,71.9600,176.4000,4.999686
FILLER_40_103,VDD,Metal1,64.9600,176.4000,4.999686
FILLER_40_95,VDD,Metal1,62.6665,175.8230,4.999686
FILLER_40_79,VDD,Metal1,51.2400,176.4000,4.999745
FILLER_40_77,VDD,Metal1,50.4000,176.4000,4.999745
FILLER_40_69,VDD,Metal1,48.1065,175.8230,4.999746
FILLER_40_37,VDD,Metal1,37.0755,175.6310,4.999755
FILLER_40_31,VDD,Metal1,25.5800,175.9675,4.999755
FILLER_40_18,VDD,Metal1,17.0800,176.4000,4.999753
FILLER_39_625,VDD,Metal1,357.0000,168.5600,4.999627
FILLER_39_617,VDD,Metal1,354.9865,169.1365,4.999627
FILLER_39_582,VDD,Metal1,332.9200,168.5600,4.999628
FILLER_39_580,VDD,Metal1,332.0800,168.5600,4.999628
FILLER_39_576,VDD,Metal1,330.7800,168.9925,4.999629
FILLER_39_566,VDD,Metal1,324.2400,168.5600,4.999554
FILLER_39_562,VDD,Metal1,322.9400,168.9925,4.999525
FILLER_39_559,VDD,Metal1,320.0400,168.5600,4.999513
FILLER_39_551,VDD,Metal1,318.0265,169.1365,4.999379
FILLER_39_535,VDD,Metal1,311.4080,169.2520,4.999379
FILLER_39_524,VDD,Metal1,301.6600,168.9925,4.999373
FILLER_39_492,VDD,Metal1,291.8755,169.3285,4.999364
FILLER_39_489,VDD,Metal1,280.8400,168.5600,4.999345
FILLER_39_426,VDD,Metal1,245.5600,168.5600,4.999345
FILLER_39_422,VDD,Metal1,244.5400,168.9925,4.999345
FILLER_39_418,VDD,Metal1,241.3600,168.5600,4.999345
FILLER_39_414,VDD,Metal1,240.0600,168.9925,4.999345
FILLER_39_406,VDD,Metal1,236.8265,169.1365,4.999345
FILLER_39_390,VDD,Metal1,230.2080,169.2520,4.999345
FILLER_39_348,VDD,Metal1,202.1600,168.5600,4.999349
FILLER_39_344,VDD,Metal1,200.8600,168.9925,4.999349
FILLER_39_279,VDD,Metal1,163.2400,168.5600,4.999331
FILLER_39_277,VDD,Metal1,162.4000,168.5600,4.999329
FILLER_39_214,VDD,Metal1,126.8400,168.5600,4.999329
FILLER_39_212,VDD,Metal1,126.0000,168.5600,4.999329
FILLER_39_209,VDD,Metal1,124.0400,168.5600,4.999329
FILLER_39_207,VDD,Metal1,123.2000,168.5600,4.999329
FILLER_39_191,VDD,Metal1,118.7680,169.2520,4.999329
FILLER_39_154,VDD,Metal1,93.2400,168.5600,4.999312
FILLER_39_150,VDD,Metal1,92.2200,168.9925,4.999312
FILLER_39_142,VDD,Metal1,88.9865,169.1365,4.999312
FILLER_39_101,VDD,Metal1,63.5600,168.5600,4.999323
FILLER_39_99,VDD,Metal1,62.7200,168.5600,4.999323
FILLER_39_91,VDD,Metal1,60.4265,169.1365,4.999324
FILLER_39_82,VDD,Metal1,52.9200,168.5600,4.999326
FILLER_39_80,VDD,Metal1,52.0800,168.5600,4.999326
FILLER_39_72,VDD,Metal1,49.7865,169.1365,4.999326
FILLER_39_69,VDD,Metal1,45.6400,168.5600,4.999326
FILLER_39_67,VDD,Metal1,44.8000,168.5600,4.999338
FILLER_39_63,VDD,Metal1,43.5000,168.9925,4.999339
FILLER_38_667,VDD,Metal1,380.5200,168.5600,4.999621
FILLER_38_634,VDD,Metal1,362.0400,168.5600,4.999623
FILLER_38_601,VDD,Metal1,343.5600,168.5600,4.999627
FILLER_38_597,VDD,Metal1,342.5400,168.1275,4.999627
FILLER_38_594,VDD,Metal1,339.6400,168.5600,4.999627
FILLER_38_592,VDD,Metal1,338.8000,168.5600,4.999627
FILLER_38_584,VDD,Metal1,336.5065,167.9830,4.999627
FILLER_38_524,VDD,Metal1,300.4400,168.5600,4.999364
FILLER_38_520,VDD,Metal1,299.4200,168.1275,4.999364
FILLER_38_504,VDD,Metal1,294.0480,167.8680,4.999364
FILLER_38_498,VDD,Metal1,285.8800,168.5600,4.999362
FILLER_38_490,VDD,Metal1,283.8665,167.9830,4.999361
FILLER_38_469,VDD,Metal1,269.6400,168.5600,4.999344
FILLER_38_465,VDD,Metal1,268.6200,168.1275,4.999344
FILLER_38_457,VDD,Metal1,265.3865,167.9830,4.999344
FILLER_38_454,VDD,Metal1,261.2400,168.5600,4.999344
FILLER_38_450,VDD,Metal1,260.2200,168.1275,4.999344
FILLER_38_442,VDD,Metal1,256.9865,167.9830,4.999344
FILLER_38_433,VDD,Metal1,249.4800,168.5600,4.999344
FILLER_38_431,VDD,Metal1,248.6400,168.5600,4.999344
FILLER_38_426,VDD,Metal1,245.5600,168.5600,4.999345
FILLER_38_422,VDD,Metal1,244.5400,168.1275,4.999345
FILLER_38_387,VDD,Metal1,223.7200,168.5600,4.999346
FILLER_38_358,VDD,Metal1,207.7600,168.5600,4.999348
FILLER_38_342,VDD,Metal1,203.3280,167.8680,4.999349
FILLER_38_314,VDD,Metal1,182.8400,168.5600,4.999351
FILLER_38_279,VDD,Metal1,163.2400,168.5600,4.999331
FILLER_38_247,VDD,Metal1,154.6755,167.7910,4.999330
FILLER_38_243,VDD,Metal1,143.3600,168.5600,4.999329
FILLER_38_227,VDD,Metal1,138.9280,167.8680,4.999329
FILLER_38_189,VDD,Metal1,113.1200,168.5600,4.999322
FILLER_38_185,VDD,Metal1,111.8200,168.1275,4.999312
FILLER_38_177,VDD,Metal1,108.5865,167.9830,4.999312
FILLER_38_111,VDD,Metal1,69.4400,168.5600,4.999312
FILLER_38_107,VDD,Metal1,68.1400,168.1275,4.999312
FILLER_38_104,VDD,Metal1,65.2400,168.5600,4.999323
FILLER_38_102,VDD,Metal1,64.4000,168.5600,4.999323
FILLER_38_98,VDD,Metal1,63.1000,168.1275,4.999323
FILLER_38_66,VDD,Metal1,53.3155,167.7910,4.999326
FILLER_38_41,VDD,Metal1,29.9600,168.5600,4.999433
FILLER_38_37,VDD,Metal1,28.9400,168.1275,4.999433
FILLER_38_33,VDD,Metal1,25.7600,168.5600,4.999433
FILLER_38_29,VDD,Metal1,24.4600,168.1275,4.999433
FILLER_38_2,VDD,Metal1,8.4000,168.5600,4.999431
FILLER_37_632,VDD,Metal1,361.2000,160.7200,4.999671
FILLER_37_602,VDD,Metal1,345.3400,161.1525,4.999672
FILLER_37_566,VDD,Metal1,324.2400,160.7200,4.999669
FILLER_37_562,VDD,Metal1,322.9400,161.1525,4.999669
FILLER_37_559,VDD,Metal1,320.0400,160.7200,4.999669
FILLER_37_555,VDD,Metal1,319.0200,161.1525,4.999669
FILLER_37_547,VDD,Metal1,315.7865,161.2965,4.999669
FILLER_37_541,VDD,Metal1,309.9600,160.7200,4.999669
FILLER_37_524,VDD,Metal1,300.4400,160.7200,4.999583
FILLER_37_426,VDD,Metal1,245.8400,160.7200,4.999576
FILLER_37_422,VDD,Metal1,244.5400,161.1525,4.999576
FILLER_37_418,VDD,Metal1,241.3600,160.7200,4.999577
FILLER_37_414,VDD,Metal1,240.0600,161.1525,4.999577
FILLER_37_398,VDD,Metal1,234.6880,161.4120,4.999577
FILLER_37_360,VDD,Metal1,209.8200,161.1525,4.999590
FILLER_37_352,VDD,Metal1,206.5865,161.2965,4.999590
FILLER_37_349,VDD,Metal1,202.4400,160.7200,4.999615
FILLER_37_347,VDD,Metal1,201.6000,160.7200,4.999615
FILLER_37_339,VDD,Metal1,199.3065,161.2965,4.999615
FILLER_37_304,VDD,Metal1,177.2400,160.7200,4.999618
FILLER_37_302,VDD,Metal1,176.4000,160.7200,4.999630
FILLER_37_298,VDD,Metal1,175.1000,161.1525,4.999630
FILLER_37_282,VDD,Metal1,169.7280,161.4120,4.999629
FILLER_37_279,VDD,Metal1,163.2400,160.7200,4.999623
FILLER_37_277,VDD,Metal1,162.4000,160.7200,4.999623
FILLER_37_261,VDD,Metal1,157.9680,161.4120,4.999623
FILLER_37_224,VDD,Metal1,132.4400,160.7200,4.999622
FILLER_37_220,VDD,Metal1,131.4200,161.1525,4.999621
FILLER_37_212,VDD,Metal1,128.1865,161.2965,4.999621
FILLER_37_209,VDD,Metal1,124.0400,160.7200,4.999620
FILLER_37_205,VDD,Metal1,123.0200,161.1525,4.999620
FILLER_37_197,VDD,Metal1,119.7865,161.2965,4.999620
FILLER_37_181,VDD,Metal1,113.1680,161.4120,4.999620
FILLER_37_146,VDD,Metal1,88.7600,160.7200,4.999619
FILLER_37_142,VDD,Metal1,87.7400,161.1525,4.999641
FILLER_37_138,VDD,Metal1,84.5600,160.7200,4.999645
FILLER_37_134,VDD,Metal1,83.2600,161.1525,4.999645
FILLER_37_126,VDD,Metal1,80.0265,161.2965,4.999645
FILLER_37_80,VDD,Metal1,52.0800,160.7200,4.999660
FILLER_37_72,VDD,Metal1,49.7865,161.2965,4.999660
FILLER_37_68,VDD,Metal1,45.3600,160.7200,4.999673
FILLER_37_23,VDD,Metal1,19.8800,160.7200,4.999671
FILLER_37_16,VDD,Metal1,15.9600,160.7200,4.999671
FILLER_37_8,VDD,Metal1,13.9465,161.2965,4.999671
FILLER_36_667,VDD,Metal1,380.5200,160.7200,4.999662
FILLER_36_632,VDD,Metal1,360.9200,160.7200,4.999671
FILLER_36_630,VDD,Metal1,360.0800,160.7200,4.999671
FILLER_36_594,VDD,Metal1,339.6400,160.7200,4.999672
FILLER_36_592,VDD,Metal1,338.8000,160.7200,4.999672
FILLER_36_588,VDD,Metal1,337.5000,160.2875,4.999672
FILLER_36_582,VDD,Metal1,332.9200,160.7200,4.999672
FILLER_36_580,VDD,Metal1,332.0800,160.7200,4.999677
FILLER_36_573,VDD,Metal1,328.1600,160.7200,4.999672
FILLER_36_539,VDD,Metal1,309.1200,160.7200,4.999661
FILLER_36_535,VDD,Metal1,307.8200,160.2875,4.999660
FILLER_36_527,VDD,Metal1,304.5865,160.1430,4.999657
FILLER_36_521,VDD,Metal1,299.9800,160.2875,4.999582
FILLER_36_513,VDD,Metal1,296.7465,160.1430,4.999577
FILLER_36_469,VDD,Metal1,269.9200,160.7200,4.999576
FILLER_36_465,VDD,Metal1,268.6200,160.2875,4.999576
FILLER_36_457,VDD,Metal1,265.3865,160.1430,4.999576
FILLER_36_453,VDD,Metal1,260.9600,160.7200,4.999576
FILLER_36_449,VDD,Metal1,259.6600,160.2875,4.999576
FILLER_36_441,VDD,Metal1,256.4265,160.1430,4.999576
FILLER_36_395,VDD,Metal1,229.4200,160.2875,4.999585
FILLER_36_387,VDD,Metal1,226.1865,160.1430,4.999586
FILLER_36_384,VDD,Metal1,222.0400,160.7200,4.999586
FILLER_36_376,VDD,Metal1,220.0265,160.1430,4.999586
FILLER_36_370,VDD,Metal1,214.2000,160.7200,4.999586
FILLER_36_319,VDD,Metal1,185.6400,160.7200,4.999616
FILLER_36_317,VDD,Metal1,184.8000,160.7200,4.999616
FILLER_36_313,VDD,Metal1,182.5600,160.7200,4.999616
FILLER_36_309,VDD,Metal1,181.2600,160.2875,4.999616
FILLER_36_301,VDD,Metal1,178.0265,160.1430,4.999618
FILLER_36_285,VDD,Metal1,171.4080,160.0280,4.999629
FILLER_36_247,VDD,Metal1,146.5400,160.2875,4.999622
FILLER_36_237,VDD,Metal1,142.1865,160.1430,4.999622
FILLER_36_221,VDD,Metal1,135.5680,160.0280,4.999622
FILLER_36_185,VDD,Metal1,110.8800,160.7200,4.999620
FILLER_36_177,VDD,Metal1,108.5865,160.1430,4.999620
FILLER_36_167,VDD,Metal1,102.9865,160.1430,4.999619
FILLER_36_151,VDD,Metal1,91.5600,160.7200,4.999619
FILLER_36_139,VDD,Metal1,86.0600,160.2875,4.999642
FILLER_36_107,VDD,Metal1,76.2755,159.9510,4.999645
FILLER_36_104,VDD,Metal1,65.2400,160.7200,4.999646
FILLER_36_102,VDD,Metal1,64.4000,160.7200,4.999646
FILLER_36_98,VDD,Metal1,63.1000,160.2875,4.999646
FILLER_36_90,VDD,Metal1,59.8665,160.1430,4.999646
FILLER_36_77,VDD,Metal1,50.1200,160.7200,4.999662
FILLER_36_69,VDD,Metal1,48.1065,160.1430,4.999662
FILLER_36_37,VDD,Metal1,37.0755,159.9510,4.999673
FILLER_36_31,VDD,Metal1,25.5800,160.2875,4.999674
FILLER_36_18,VDD,Metal1,17.0800,160.7200,4.999671
FILLER_35_632,VDD,Metal1,361.2000,152.8800,4.999616
FILLER_35_566,VDD,Metal1,324.2400,152.8800,4.999616
FILLER_35_562,VDD,Metal1,322.9400,153.3125,4.999616
FILLER_35_544,VDD,Metal1,316.4480,153.5720,4.999616
FILLER_35_538,VDD,Metal1,308.2800,152.8800,4.999616
FILLER_35_520,VDD,Metal1,298.4800,152.8800,4.999653
FILLER_35_516,VDD,Metal1,297.1800,153.3125,4.999654
FILLER_35_508,VDD,Metal1,293.9465,153.4565,4.999654
FILLER_35_492,VDD,Metal1,287.3280,153.5720,4.999654
FILLER_35_489,VDD,Metal1,280.8400,152.8800,4.999654
FILLER_35_487,VDD,Metal1,280.0000,152.8800,4.999654
FILLER_35_483,VDD,Metal1,278.7000,153.3125,4.999654
FILLER_35_448,VDD,Metal1,257.8800,152.8800,4.999659
FILLER_35_446,VDD,Metal1,257.0400,152.8800,4.999659
FILLER_35_438,VDD,Metal1,254.7465,153.4565,4.999659
FILLER_35_422,VDD,Metal1,248.1280,153.5720,4.999659
FILLER_35_418,VDD,Metal1,241.3600,152.8800,4.999669
FILLER_35_402,VDD,Metal1,236.9280,153.5720,4.999670
FILLER_35_392,VDD,Metal1,226.8000,152.8800,4.999672
FILLER_35_384,VDD,Metal1,224.5065,153.4565,4.999672
FILLER_35_358,VDD,Metal1,207.4800,152.8800,4.999698
FILLER_35_356,VDD,Metal1,206.6400,152.8800,4.999698
FILLER_35_352,VDD,Metal1,205.3400,153.3125,4.999698
FILLER_35_278,VDD,Metal1,162.9600,152.8800,4.999717
FILLER_35_270,VDD,Metal1,160.6665,153.4565,4.999717
FILLER_35_254,VDD,Metal1,149.2400,152.8800,4.999717
FILLER_35_252,VDD,Metal1,148.4000,152.8800,4.999717
FILLER_35_216,VDD,Metal1,128.2400,152.8800,4.999718
FILLER_35_212,VDD,Metal1,126.9400,153.3125,4.999718
FILLER_35_206,VDD,Metal1,123.5800,153.3125,4.999738
FILLER_35_142,VDD,Metal1,104.8750,153.6940,4.999742
FILLER_35_138,VDD,Metal1,84.5600,152.8800,4.999742
FILLER_35_130,VDD,Metal1,82.2665,153.4565,4.999742
FILLER_35_114,VDD,Metal1,75.6480,153.5720,4.999742
FILLER_35_72,VDD,Metal1,49.7865,153.4565,4.999744
FILLER_35_69,VDD,Metal1,45.6400,152.8800,4.999744
FILLER_35_67,VDD,Metal1,44.8000,152.8800,4.999744
FILLER_35_59,VDD,Metal1,42.5065,153.4565,4.999744
FILLER_35_43,VDD,Metal1,35.8880,153.5720,4.999744
FILLER_35_28,VDD,Metal1,22.6800,152.8800,4.999785
FILLER_35_26,VDD,Metal1,21.8400,152.8800,4.999785
FILLER_35_22,VDD,Metal1,20.5400,153.3125,4.999785
FILLER_34_681,VDD,Metal1,388.3600,152.8800,4.999614
FILLER_34_631,VDD,Metal1,360.6400,152.8800,4.999616
FILLER_34_593,VDD,Metal1,339.3600,152.8800,4.999616
FILLER_34_589,VDD,Metal1,338.0600,152.4475,4.999616
FILLER_34_521,VDD,Metal1,299.9800,152.4475,4.999653
FILLER_34_457,VDD,Metal1,281.2750,152.0655,4.999654
FILLER_34_454,VDD,Metal1,261.2400,152.8800,4.999654
FILLER_34_450,VDD,Metal1,260.2200,152.4475,4.999654
FILLER_34_434,VDD,Metal1,254.8480,152.1880,4.999659
FILLER_34_427,VDD,Metal1,246.4000,152.8800,4.999660
FILLER_34_419,VDD,Metal1,244.1065,152.3030,4.999660
FILLER_34_387,VDD,Metal1,233.0755,152.1110,4.999670
FILLER_34_384,VDD,Metal1,222.0400,152.8800,4.999685
FILLER_34_380,VDD,Metal1,221.0200,152.4475,4.999686
FILLER_34_372,VDD,Metal1,217.7865,152.3030,4.999688
FILLER_34_360,VDD,Metal1,208.8800,152.8800,4.999697
FILLER_34_344,VDD,Metal1,204.4480,152.1880,4.999698
FILLER_34_317,VDD,Metal1,184.8000,152.8800,4.999708
FILLER_34_311,VDD,Metal1,182.3800,152.4475,4.999716
FILLER_34_247,VDD,Metal1,163.6750,152.0655,4.999717
FILLER_34_216,VDD,Metal1,129.1800,152.4475,4.999718
FILLER_34_208,VDD,Metal1,125.9465,152.3030,4.999718
FILLER_34_191,VDD,Metal1,113.9600,152.8800,4.999742
FILLER_34_189,VDD,Metal1,113.1200,152.8800,4.999742
FILLER_34_185,VDD,Metal1,111.8200,152.4475,4.999742
FILLER_34_177,VDD,Metal1,108.5865,152.3030,4.999742
FILLER_34_171,VDD,Metal1,103.9800,152.4475,4.999742
FILLER_34_107,VDD,Metal1,85.2750,152.0655,4.999742
FILLER_34_101,VDD,Metal1,64.7800,152.4475,4.999744
FILLER_34_37,VDD,Metal1,46.0750,152.0655,4.999744
FILLER_34_34,VDD,Metal1,26.0400,152.8800,4.999746
FILLER_34_30,VDD,Metal1,25.0200,152.4475,4.999746
FILLER_34_22,VDD,Metal1,21.7865,152.3030,4.999785
FILLER_33_632,VDD,Metal1,361.2000,145.0400,4.999789
FILLER_33_623,VDD,Metal1,355.8800,145.0400,4.999789
FILLER_33_602,VDD,Metal1,344.1200,145.0400,4.999789
FILLER_33_558,VDD,Metal1,319.7600,145.0400,4.999783
FILLER_33_554,VDD,Metal1,318.4600,145.4725,4.999783
FILLER_33_519,VDD,Metal1,297.6400,145.0400,4.999769
FILLER_33_515,VDD,Metal1,296.6200,145.4725,4.999769
FILLER_33_492,VDD,Metal1,284.9865,145.6165,4.999769
FILLER_33_488,VDD,Metal1,280.5600,145.0400,4.999760
FILLER_33_484,VDD,Metal1,279.2600,145.4725,4.999760
FILLER_33_408,VDD,Metal1,237.9465,145.6165,4.999587
FILLER_33_392,VDD,Metal1,231.3280,145.7320,4.999587
FILLER_33_356,VDD,Metal1,206.6400,145.0400,4.999610
FILLER_33_352,VDD,Metal1,205.3400,145.4725,4.999610
FILLER_33_348,VDD,Metal1,202.1600,145.0400,4.999611
FILLER_33_332,VDD,Metal1,197.7280,145.7320,4.999611
FILLER_33_282,VDD,Metal1,169.7280,145.7320,4.999613
FILLER_33_264,VDD,Metal1,154.8400,145.0400,4.999612
FILLER_33_262,VDD,Metal1,154.0000,145.0400,4.999612
FILLER_33_258,VDD,Metal1,152.7000,145.4725,4.999612
FILLER_33_226,VDD,Metal1,142.9155,145.8085,4.999611
FILLER_33_146,VDD,Metal1,89.0400,145.0400,4.999608
FILLER_33_142,VDD,Metal1,87.7400,145.4725,4.999608
FILLER_33_136,VDD,Metal1,84.3800,145.4725,4.999608
FILLER_33_72,VDD,Metal1,65.6750,145.8540,4.999609
FILLER_33_68,VDD,Metal1,45.3600,145.0400,4.999624
FILLER_33_36,VDD,Metal1,36.5155,145.8085,4.999624
FILLER_32_681,VDD,Metal1,388.3600,145.0400,4.999777
FILLER_32_631,VDD,Metal1,360.6400,145.0400,4.999789
FILLER_32_581,VDD,Metal1,334.8265,144.4630,4.999793
FILLER_32_565,VDD,Metal1,323.4000,145.0400,4.999793
FILLER_32_563,VDD,Metal1,322.5600,145.0400,4.999789
FILLER_32_559,VDD,Metal1,321.2600,144.6075,4.999789
FILLER_32_527,VDD,Metal1,311.4755,144.2710,4.999783
FILLER_32_490,VDD,Metal1,281.4000,145.0400,4.999760
FILLER_32_488,VDD,Metal1,280.5600,145.0400,4.999760
FILLER_32_480,VDD,Metal1,278.2665,144.4630,4.999760
FILLER_32_457,VDD,Metal1,265.3865,144.4630,4.999577
FILLER_32_383,VDD,Metal1,221.7600,145.0400,4.999610
FILLER_32_379,VDD,Metal1,220.4600,144.6075,4.999610
FILLER_32_371,VDD,Metal1,217.2265,144.4630,4.999610
FILLER_32_333,VDD,Metal1,194.7000,144.6075,4.999613
FILLER_32_317,VDD,Metal1,189.3280,144.3480,4.999614
FILLER_32_314,VDD,Metal1,182.8400,145.0400,4.999615
FILLER_32_310,VDD,Metal1,181.8200,144.6075,4.999615
FILLER_32_302,VDD,Metal1,178.5865,144.4630,4.999615
FILLER_32_267,VDD,Metal1,156.5200,145.0400,4.999612
FILLER_32_263,VDD,Metal1,155.5000,144.6075,4.999612
FILLER_32_247,VDD,Metal1,150.1280,144.3480,4.999612
FILLER_32_244,VDD,Metal1,143.6400,145.0400,4.999611
FILLER_32_228,VDD,Metal1,139.4880,144.3480,4.999611
FILLER_32_196,VDD,Metal1,126.1155,144.2710,4.999608
FILLER_32_177,VDD,Metal1,107.3400,144.6075,4.999608
FILLER_32_171,VDD,Metal1,103.9800,144.6075,4.999608
FILLER_32_107,VDD,Metal1,85.2750,144.2255,4.999608
FILLER_32_104,VDD,Metal1,65.2400,145.0400,4.999609
FILLER_32_72,VDD,Metal1,56.6755,144.2710,4.999609
FILLER_32_37,VDD,Metal1,27.7200,145.0400,4.999634
FILLER_32_34,VDD,Metal1,26.0400,145.0400,4.999642
FILLER_32_30,VDD,Metal1,25.0200,144.6075,4.999747
FILLER_32_22,VDD,Metal1,21.7865,144.4630,4.999749
FILLER_32_6,VDD,Metal1,10.3600,145.0400,4.999747
FILLER_32_2,VDD,Metal1,9.3400,144.6075,4.999747
FILLER_31_632,VDD,Metal1,361.2000,137.2000,4.999835
FILLER_31_620,VDD,Metal1,354.2000,137.2000,4.999835
FILLER_31_586,VDD,Metal1,335.4400,137.2000,4.999887
FILLER_31_578,VDD,Metal1,333.1465,137.7765,4.999887
FILLER_31_562,VDD,Metal1,326.5280,137.8920,4.999888
FILLER_31_556,VDD,Metal1,319.5800,137.6325,4.999884
FILLER_31_524,VDD,Metal1,309.7955,137.9685,4.999884
FILLER_31_508,VDD,Metal1,293.9465,137.7765,4.999881
FILLER_31_352,VDD,Metal1,204.4000,137.2000,4.999792
FILLER_31_314,VDD,Metal1,183.1200,137.2000,4.999819
FILLER_31_282,VDD,Metal1,174.2755,137.9685,4.999820
FILLER_31_276,VDD,Metal1,162.7800,137.6325,4.999820
FILLER_31_212,VDD,Metal1,144.0750,138.0140,4.999820
FILLER_31_209,VDD,Metal1,124.0400,137.2000,4.999820
FILLER_31_207,VDD,Metal1,123.2000,137.2000,4.999820
FILLER_31_199,VDD,Metal1,120.9065,137.7765,4.999820
FILLER_31_164,VDD,Metal1,98.8400,137.2000,4.999822
FILLER_31_162,VDD,Metal1,98.0000,137.2000,4.999822
FILLER_31_158,VDD,Metal1,96.7000,137.6325,4.999822
FILLER_31_142,VDD,Metal1,91.3280,137.8920,4.999822
FILLER_31_136,VDD,Metal1,84.3800,137.6325,4.999822
FILLER_31_72,VDD,Metal1,65.6750,138.0140,4.999822
FILLER_31_69,VDD,Metal1,45.6400,137.2000,4.999822
FILLER_31_67,VDD,Metal1,44.8000,137.2000,4.999822
FILLER_31_59,VDD,Metal1,42.5065,137.7765,4.999822
FILLER_31_36,VDD,Metal1,29.6265,137.7765,4.999823
FILLER_30_681,VDD,Metal1,388.3600,137.2000,4.999827
FILLER_30_587,VDD,Metal1,336.0000,137.2000,4.999887
FILLER_30_583,VDD,Metal1,334.7000,136.7675,4.999887
FILLER_30_575,VDD,Metal1,331.4665,136.6230,4.999887
FILLER_30_559,VDD,Metal1,324.8480,136.5080,4.999887
FILLER_30_527,VDD,Metal1,311.4755,136.4310,4.999884
FILLER_30_493,VDD,Metal1,292.4355,136.4310,4.999881
FILLER_30_473,VDD,Metal1,273.1000,136.7675,4.999805
FILLER_30_457,VDD,Metal1,267.7280,136.5080,4.999805
FILLER_30_454,VDD,Metal1,261.2400,137.2000,4.999805
FILLER_30_452,VDD,Metal1,260.4000,137.2000,4.999805
FILLER_30_448,VDD,Metal1,259.1000,136.7675,4.999798
FILLER_30_440,VDD,Metal1,255.8665,136.6230,4.999797
FILLER_30_424,VDD,Metal1,249.2480,136.5080,4.999795
FILLER_30_389,VDD,Metal1,224.8400,137.2000,4.999792
FILLER_30_387,VDD,Metal1,224.0000,137.2000,4.999792
FILLER_30_381,VDD,Metal1,221.5800,136.7675,4.999792
FILLER_30_349,VDD,Metal1,211.7955,136.4310,4.999792
FILLER_30_342,VDD,Metal1,198.8000,137.2000,4.999805
FILLER_30_311,VDD,Metal1,182.3800,136.7675,4.999820
FILLER_30_247,VDD,Metal1,163.6750,136.3855,4.999820
FILLER_30_241,VDD,Metal1,143.1800,136.7675,4.999820
FILLER_30_177,VDD,Metal1,124.4750,136.3855,4.999820
FILLER_30_171,VDD,Metal1,103.9800,136.7675,4.999820
FILLER_30_107,VDD,Metal1,85.2750,136.3855,4.999822
FILLER_30_101,VDD,Metal1,64.7800,136.7675,4.999822
FILLER_30_37,VDD,Metal1,46.0750,136.3855,4.999822
FILLER_30_34,VDD,Metal1,26.0400,137.2000,4.999833
FILLER_30_32,VDD,Metal1,25.2000,137.2000,4.999833
FILLER_30_24,VDD,Metal1,22.9065,136.6230,4.999834
FILLER_29_632,VDD,Metal1,361.2000,129.3600,4.999740
FILLER_29_581,VDD,Metal1,332.3600,129.3600,4.999745
FILLER_29_579,VDD,Metal1,331.5200,129.3600,4.999745
FILLER_29_571,VDD,Metal1,329.2265,129.9365,4.999746
FILLER_29_562,VDD,Metal1,321.7200,129.3600,4.999704
FILLER_29_558,VDD,Metal1,319.7600,129.3600,4.999704
FILLER_29_554,VDD,Metal1,318.4600,129.7925,4.999700
FILLER_29_508,VDD,Metal1,292.7000,129.7925,4.999689
FILLER_29_492,VDD,Metal1,287.3280,130.0520,4.999689
FILLER_29_489,VDD,Metal1,280.8400,129.3600,4.999682
FILLER_29_487,VDD,Metal1,280.0000,129.3600,4.999681
FILLER_29_483,VDD,Metal1,278.7000,129.7925,4.999681
FILLER_29_470,VDD,Metal1,272.6665,129.9365,4.999681
FILLER_29_444,VDD,Metal1,255.6400,129.3600,4.999677
FILLER_29_442,VDD,Metal1,254.8000,129.3600,4.999677
FILLER_29_438,VDD,Metal1,253.5000,129.7925,4.999677
FILLER_29_422,VDD,Metal1,248.1280,130.0520,4.999677
FILLER_29_418,VDD,Metal1,241.3600,129.3600,4.999677
FILLER_29_358,VDD,Metal1,207.4800,129.3600,4.999748
FILLER_29_356,VDD,Metal1,206.6400,129.3600,4.999748
FILLER_29_352,VDD,Metal1,205.3400,129.7925,4.999749
FILLER_29_348,VDD,Metal1,202.1600,129.3600,4.999760
FILLER_29_344,VDD,Metal1,200.8600,129.7925,4.999761
FILLER_29_328,VDD,Metal1,195.4880,130.0520,4.999761
FILLER_29_290,VDD,Metal1,170.6200,129.7925,4.999757
FILLER_29_282,VDD,Metal1,167.3865,129.9365,4.999757
FILLER_29_263,VDD,Metal1,154.5600,129.3600,4.999758
FILLER_29_255,VDD,Metal1,152.2665,129.9365,4.999758
FILLER_29_236,VDD,Metal1,140.3800,129.7925,4.999767
FILLER_29_228,VDD,Metal1,137.1465,129.9365,4.999768
FILLER_29_212,VDD,Metal1,130.5280,130.0520,4.999790
FILLER_29_206,VDD,Metal1,123.5800,129.7925,4.999790
FILLER_29_142,VDD,Metal1,104.8750,130.1740,4.999790
FILLER_29_136,VDD,Metal1,84.3800,129.7925,4.999791
FILLER_29_72,VDD,Metal1,65.6750,130.1740,4.999791
FILLER_29_66,VDD,Metal1,45.1800,129.7925,4.999792
FILLER_29_58,VDD,Metal1,41.9465,129.9365,4.999792
FILLER_29_42,VDD,Metal1,35.3280,130.0520,4.999792
FILLER_29_23,VDD,Metal1,21.1000,129.7925,4.999802
FILLER_28_667,VDD,Metal1,380.5200,129.3600,4.999736
FILLER_28_557,VDD,Metal1,318.9200,129.3600,4.999700
FILLER_28_549,VDD,Metal1,314.4400,129.3600,4.999697
FILLER_28_533,VDD,Metal1,305.4800,129.3600,4.999697
FILLER_28_531,VDD,Metal1,304.6400,129.3600,4.999697
FILLER_28_527,VDD,Metal1,303.3400,128.9275,4.999697
FILLER_28_523,VDD,Metal1,300.1600,129.3600,4.999697
FILLER_28_391,VDD,Metal1,226.2400,129.3600,4.999682
FILLER_28_387,VDD,Metal1,224.9400,128.9275,4.999730
FILLER_28_381,VDD,Metal1,221.5800,128.9275,4.999730
FILLER_28_373,VDD,Metal1,218.3465,128.7830,4.999730
FILLER_28_359,VDD,Metal1,208.0400,129.3600,4.999748
FILLER_28_357,VDD,Metal1,207.2000,129.3600,4.999748
FILLER_28_349,VDD,Metal1,204.9065,128.7830,4.999749
FILLER_28_317,VDD,Metal1,193.8755,128.5910,4.999761
FILLER_28_314,VDD,Metal1,182.8400,129.3600,4.999761
FILLER_28_298,VDD,Metal1,173.8800,129.3600,4.999761
FILLER_28_296,VDD,Metal1,173.0400,129.3600,4.999761
FILLER_28_261,VDD,Metal1,153.1600,129.3600,4.999758
FILLER_28_259,VDD,Metal1,152.3200,129.3600,4.999758
FILLER_28_255,VDD,Metal1,151.0200,128.9275,4.999758
FILLER_28_247,VDD,Metal1,147.7865,128.7830,4.999766
FILLER_28_244,VDD,Metal1,143.6400,129.3600,4.999766
FILLER_28_242,VDD,Metal1,142.8000,129.3600,4.999766
FILLER_28_238,VDD,Metal1,141.5000,128.9275,4.999767
FILLER_28_230,VDD,Metal1,138.2665,128.7830,4.999768
FILLER_28_195,VDD,Metal1,116.2000,129.3600,4.999790
FILLER_28_193,VDD,Metal1,115.3600,129.3600,4.999790
FILLER_28_177,VDD,Metal1,110.9280,128.6680,4.999790
FILLER_28_171,VDD,Metal1,103.9800,128.9275,4.999790
FILLER_28_107,VDD,Metal1,85.2750,128.5455,4.999791
FILLER_28_103,VDD,Metal1,64.9600,129.3600,4.999791
FILLER_28_99,VDD,Metal1,63.6600,128.9275,4.999791
FILLER_28_91,VDD,Metal1,60.4265,128.7830,4.999791
FILLER_28_75,VDD,Metal1,53.8080,128.6680,4.999791
FILLER_28_43,VDD,Metal1,40.4355,128.5910,4.999792
FILLER_28_34,VDD,Metal1,26.0400,129.3600,4.999802
FILLER_28_30,VDD,Metal1,25.0200,128.9275,4.999802
FILLER_27_632,VDD,Metal1,361.2000,121.5200,4.999804
FILLER_27_612,VDD,Metal1,350.9400,121.9525,4.999824
FILLER_27_604,VDD,Metal1,345.5200,121.5200,4.999824
FILLER_27_596,VDD,Metal1,343.2265,122.0965,4.999824
FILLER_27_559,VDD,Metal1,320.0400,121.5200,4.999824
FILLER_27_557,VDD,Metal1,319.2000,121.5200,4.999824
FILLER_27_533,VDD,Metal1,310.2880,122.2120,4.999824
FILLER_27_516,VDD,Metal1,295.9600,121.5200,4.999818
FILLER_27_514,VDD,Metal1,295.1200,121.5200,4.999816
FILLER_27_492,VDD,Metal1,282.5200,121.5200,4.999816
FILLER_27_478,VDD,Metal1,275.9000,121.9525,4.999812
FILLER_27_468,VDD,Metal1,269.3600,121.5200,4.999810
FILLER_27_464,VDD,Metal1,268.0600,121.9525,4.999810
FILLER_27_456,VDD,Metal1,264.8265,122.0965,4.999810
FILLER_27_419,VDD,Metal1,241.6400,121.5200,4.999805
FILLER_27_415,VDD,Metal1,240.6200,121.9525,4.999805
FILLER_27_399,VDD,Metal1,235.2480,122.2120,4.999805
FILLER_27_352,VDD,Metal1,204.4000,121.5200,4.999809
FILLER_27_346,VDD,Metal1,201.9800,121.9525,4.999809
FILLER_27_339,VDD,Metal1,197.1200,121.5200,4.999809
FILLER_27_330,VDD,Metal1,191.8000,121.5200,4.999815
FILLER_27_314,VDD,Metal1,187.6480,122.2120,4.999815
FILLER_27_282,VDD,Metal1,174.2755,122.2885,4.999820
FILLER_27_279,VDD,Metal1,163.2400,121.5200,4.999815
FILLER_27_263,VDD,Metal1,159.0880,122.2120,4.999815
FILLER_27_228,VDD,Metal1,134.6800,121.5200,4.999814
FILLER_27_212,VDD,Metal1,125.7200,121.5200,4.999813
FILLER_27_206,VDD,Metal1,123.5800,121.9525,4.999813
FILLER_27_198,VDD,Metal1,120.3465,122.0965,4.999813
FILLER_27_148,VDD,Metal1,89.8800,121.5200,4.999814
FILLER_27_146,VDD,Metal1,89.0400,121.5200,4.999814
FILLER_27_142,VDD,Metal1,87.7400,121.9525,4.999814
FILLER_27_136,VDD,Metal1,84.3800,121.9525,4.999819
FILLER_27_72,VDD,Metal1,65.6750,122.3340,4.999819
FILLER_26_681,VDD,Metal1,388.3600,121.5200,4.999796
FILLER_26_632,VDD,Metal1,360.9200,121.5200,4.999804
FILLER_26_630,VDD,Metal1,360.0800,121.5200,4.999804
FILLER_26_597,VDD,Metal1,342.5400,121.0875,4.999824
FILLER_26_593,VDD,Metal1,339.3600,121.5200,4.999825
FILLER_26_589,VDD,Metal1,338.0600,121.0875,4.999826
FILLER_26_581,VDD,Metal1,334.8265,120.9430,4.999826
FILLER_26_575,VDD,Metal1,329.0000,121.5200,4.999826
FILLER_26_573,VDD,Metal1,328.1600,121.5200,4.999826
FILLER_26_569,VDD,Metal1,326.8600,121.0875,4.999826
FILLER_26_527,VDD,Metal1,304.5865,120.9430,4.999821
FILLER_26_524,VDD,Metal1,300.4400,121.5200,4.999819
FILLER_26_522,VDD,Metal1,299.6000,121.5200,4.999819
FILLER_26_479,VDD,Metal1,275.2400,121.5200,4.999812
FILLER_26_477,VDD,Metal1,274.4000,121.5200,4.999812
FILLER_26_473,VDD,Metal1,273.1000,121.0875,4.999810
FILLER_26_457,VDD,Metal1,267.7280,120.8280,4.999810
FILLER_26_454,VDD,Metal1,261.2400,121.5200,4.999806
FILLER_26_452,VDD,Metal1,260.4000,121.5200,4.999806
FILLER_26_444,VDD,Metal1,258.1065,120.9430,4.999806
FILLER_26_409,VDD,Metal1,236.0400,121.5200,4.999805
FILLER_26_407,VDD,Metal1,235.2000,121.5200,4.999805
FILLER_26_391,VDD,Metal1,226.2400,121.5200,4.999806
FILLER_26_387,VDD,Metal1,224.9400,121.0875,4.999809
FILLER_26_384,VDD,Metal1,222.0400,121.5200,4.999809
FILLER_26_382,VDD,Metal1,221.2000,121.5200,4.999809
FILLER_26_366,VDD,Metal1,216.7680,120.8280,4.999809
FILLER_26_331,VDD,Metal1,192.3600,121.5200,4.999815
FILLER_26_329,VDD,Metal1,191.5200,121.5200,4.999815
FILLER_26_325,VDD,Metal1,190.2200,121.0875,4.999815
FILLER_26_317,VDD,Metal1,186.9865,120.9430,4.999815
FILLER_26_307,VDD,Metal1,181.3865,120.9430,4.999819
FILLER_26_301,VDD,Metal1,175.5600,121.5200,4.999820
FILLER_26_299,VDD,Metal1,174.7200,121.5200,4.999820
FILLER_26_295,VDD,Metal1,173.4200,121.0875,4.999820
FILLER_26_279,VDD,Metal1,168.0480,120.8280,4.999820
FILLER_26_247,VDD,Metal1,154.6755,120.7510,4.999815
FILLER_26_244,VDD,Metal1,143.6400,121.5200,4.999814
FILLER_26_240,VDD,Metal1,142.6200,121.0875,4.999814
FILLER_26_224,VDD,Metal1,137.2480,120.8280,4.999814
FILLER_26_192,VDD,Metal1,123.8755,120.7510,4.999813
FILLER_26_139,VDD,Metal1,85.1200,121.5200,4.999818
FILLER_26_107,VDD,Metal1,76.2755,120.7510,4.999819
FILLER_26_104,VDD,Metal1,65.2400,121.5200,4.999819
FILLER_26_100,VDD,Metal1,64.2200,121.0875,4.999819
FILLER_26_92,VDD,Metal1,60.9865,120.9430,4.999819
FILLER_26_60,VDD,Metal1,49.9555,120.7510,4.999819
FILLER_26_37,VDD,Metal1,30.1865,120.9430,4.999819
FILLER_26_34,VDD,Metal1,26.0400,121.5200,4.999830
FILLER_26_32,VDD,Metal1,25.2000,121.5200,4.999830
FILLER_26_28,VDD,Metal1,23.9000,121.0875,4.999831
FILLER_26_6,VDD,Metal1,10.3600,121.5200,4.999830
FILLER_26_2,VDD,Metal1,9.3400,121.0875,4.999830
FILLER_25_632,VDD,Metal1,361.2000,113.6800,4.999432
FILLER_25_604,VDD,Metal1,345.2400,113.6800,4.999452
FILLER_25_602,VDD,Metal1,344.4000,113.6800,4.999452
FILLER_25_594,VDD,Metal1,339.6400,113.6800,4.999507
FILLER_25_562,VDD,Metal1,331.0755,114.4485,4.999507
FILLER_25_496,VDD,Metal1,285.0400,113.6800,4.999482
FILLER_25_492,VDD,Metal1,283.7400,114.1125,4.999482
FILLER_25_489,VDD,Metal1,280.8400,113.6800,4.999482
FILLER_25_485,VDD,Metal1,279.8200,114.1125,4.999482
FILLER_25_468,VDD,Metal1,269.3600,113.6800,4.999482
FILLER_25_464,VDD,Metal1,268.0600,114.1125,4.999482
FILLER_25_456,VDD,Metal1,264.8265,114.2565,4.999482
FILLER_25_418,VDD,Metal1,241.3600,113.6800,4.999497
FILLER_25_414,VDD,Metal1,240.0600,114.1125,4.999497
FILLER_25_349,VDD,Metal1,202.4400,113.6800,4.999562
FILLER_25_341,VDD,Metal1,200.4265,114.2565,4.999562
FILLER_25_288,VDD,Metal1,168.2800,113.6800,4.999577
FILLER_25_286,VDD,Metal1,167.4400,113.6800,4.999577
FILLER_25_282,VDD,Metal1,166.1400,114.1125,4.999577
FILLER_25_276,VDD,Metal1,162.7800,114.1125,4.999577
FILLER_25_268,VDD,Metal1,159.5465,114.2565,4.999577
FILLER_25_252,VDD,Metal1,152.9280,114.3720,4.999577
FILLER_25_235,VDD,Metal1,138.8800,113.6800,4.999578
FILLER_25_227,VDD,Metal1,136.5865,114.2565,4.999578
FILLER_25_206,VDD,Metal1,123.5800,114.1125,4.999579
FILLER_25_142,VDD,Metal1,104.8750,114.4940,4.999579
FILLER_25_76,VDD,Metal1,49.8400,113.6800,4.999580
FILLER_25_72,VDD,Metal1,48.5400,114.1125,4.999580
FILLER_25_54,VDD,Metal1,42.0480,114.3720,4.999580
FILLER_25_16,VDD,Metal1,17.1800,114.1125,4.999576
FILLER_24_667,VDD,Metal1,380.5200,113.6800,4.999429
FILLER_24_639,VDD,Metal1,364.8400,113.6800,4.999431
FILLER_24_597,VDD,Metal1,343.7865,113.1030,4.999452
FILLER_24_594,VDD,Metal1,339.6400,113.6800,4.999507
FILLER_24_592,VDD,Metal1,338.8000,113.6800,4.999507
FILLER_24_588,VDD,Metal1,337.5000,113.2475,4.999507
FILLER_24_571,VDD,Metal1,327.0400,113.6800,4.999506
FILLER_24_567,VDD,Metal1,325.7400,113.2475,4.999505
FILLER_24_559,VDD,Metal1,322.5065,113.1030,4.999505
FILLER_24_543,VDD,Metal1,315.8880,112.9880,4.999482
FILLER_24_461,VDD,Metal1,265.4400,113.6800,4.999483
FILLER_24_457,VDD,Metal1,264.1400,113.2475,4.999483
FILLER_24_417,VDD,Metal1,240.8000,113.6800,4.999497
FILLER_24_409,VDD,Metal1,238.5065,113.1030,4.999498
FILLER_24_387,VDD,Metal1,224.0000,113.6800,4.999498
FILLER_24_383,VDD,Metal1,221.7600,113.6800,4.999498
FILLER_24_367,VDD,Metal1,212.5200,113.6800,4.999498
FILLER_24_365,VDD,Metal1,211.6800,113.6800,4.999498
FILLER_24_357,VDD,Metal1,209.3865,113.1030,4.999498
FILLER_24_351,VDD,Metal1,203.5600,113.6800,4.999546
FILLER_24_349,VDD,Metal1,202.7200,113.6800,4.999562
FILLER_24_317,VDD,Metal1,193.8755,112.9110,4.999562
FILLER_24_313,VDD,Metal1,182.5600,113.6800,4.999562
FILLER_24_304,VDD,Metal1,177.2400,113.6800,4.999576
FILLER_24_296,VDD,Metal1,175.2265,113.1030,4.999577
FILLER_24_261,VDD,Metal1,153.1600,113.6800,4.999577
FILLER_24_259,VDD,Metal1,152.3200,113.6800,4.999577
FILLER_24_255,VDD,Metal1,151.0200,113.2475,4.999577
FILLER_24_247,VDD,Metal1,147.7865,113.1030,4.999577
FILLER_24_243,VDD,Metal1,143.3600,113.6800,4.999577
FILLER_24_239,VDD,Metal1,142.0600,113.2475,4.999577
FILLER_24_231,VDD,Metal1,138.8265,113.1030,4.999578
FILLER_24_193,VDD,Metal1,116.3000,113.2475,4.999579
FILLER_24_177,VDD,Metal1,110.9280,112.9880,4.999579
FILLER_24_171,VDD,Metal1,103.9800,113.2475,4.999579
FILLER_24_107,VDD,Metal1,85.2750,112.8655,4.999579
FILLER_24_101,VDD,Metal1,64.7800,113.2475,4.999579
FILLER_24_37,VDD,Metal1,46.0750,112.8655,4.999580
FILLER_24_34,VDD,Metal1,26.0400,113.6800,4.999582
FILLER_24_32,VDD,Metal1,25.2000,113.6800,4.999583
FILLER_24_28,VDD,Metal1,23.9000,113.2475,4.999584
FILLER_23_680,VDD,Metal1,388.0800,105.8400,4.999571
FILLER_23_672,VDD,Metal1,385.7865,106.4165,4.999571
FILLER_23_664,VDD,Metal1,379.1200,105.8400,4.999572
FILLER_23_660,VDD,Metal1,377.8200,106.2725,4.999572
FILLER_23_652,VDD,Metal1,374.5865,106.4165,4.999572
FILLER_23_606,VDD,Metal1,346.3600,105.8400,4.999577
FILLER_23_602,VDD,Metal1,345.3400,106.2725,4.999577
FILLER_23_594,VDD,Metal1,342.1065,106.4165,4.999577
FILLER_23_559,VDD,Metal1,320.0400,105.8400,4.999580
FILLER_23_549,VDD,Metal1,314.7200,105.8400,4.999580
FILLER_23_488,VDD,Metal1,280.5600,105.8400,4.999579
FILLER_23_456,VDD,Metal1,262.3600,105.8400,4.999584
FILLER_23_452,VDD,Metal1,261.3400,106.2725,4.999586
FILLER_23_444,VDD,Metal1,258.1065,106.4165,4.999587
FILLER_23_426,VDD,Metal1,245.8400,105.8400,4.999608
FILLER_23_422,VDD,Metal1,244.5400,106.2725,4.999609
FILLER_23_416,VDD,Metal1,241.1800,106.2725,4.999610
FILLER_23_364,VDD,Metal1,211.1200,105.8400,4.999652
FILLER_23_360,VDD,Metal1,209.8200,106.2725,4.999652
FILLER_23_352,VDD,Metal1,206.5865,106.4165,4.999652
FILLER_23_338,VDD,Metal1,196.2800,105.8400,4.999672
FILLER_23_330,VDD,Metal1,194.2665,106.4165,4.999673
FILLER_23_314,VDD,Metal1,187.6480,106.5320,4.999677
FILLER_23_282,VDD,Metal1,174.2755,106.6085,4.999693
FILLER_23_263,VDD,Metal1,154.5600,105.8400,4.999690
FILLER_23_228,VDD,Metal1,134.6800,105.8400,4.999690
FILLER_23_212,VDD,Metal1,130.5280,106.5320,4.999690
FILLER_23_209,VDD,Metal1,124.0400,105.8400,4.999690
FILLER_23_205,VDD,Metal1,123.0200,106.2725,4.999690
FILLER_23_196,VDD,Metal1,116.7600,105.8400,4.999690
FILLER_23_194,VDD,Metal1,115.9200,105.8400,4.999690
FILLER_23_190,VDD,Metal1,114.6200,106.2725,4.999695
FILLER_23_174,VDD,Metal1,109.2480,106.5320,4.999696
FILLER_23_142,VDD,Metal1,95.8755,106.6085,4.999698
FILLER_23_139,VDD,Metal1,84.8400,105.8400,4.999701
FILLER_23_137,VDD,Metal1,84.0000,105.8400,4.999701
FILLER_23_129,VDD,Metal1,81.7065,106.4165,4.999701
FILLER_23_113,VDD,Metal1,75.0880,106.5320,4.999701
FILLER_23_104,VDD,Metal1,65.2400,105.8400,4.999717
FILLER_23_72,VDD,Metal1,56.6755,106.6085,4.999718
FILLER_23_68,VDD,Metal1,45.3600,105.8400,4.999718
FILLER_23_64,VDD,Metal1,44.0600,106.2725,4.999718
FILLER_23_56,VDD,Metal1,40.8265,106.4165,4.999718
FILLER_23_40,VDD,Metal1,29.6800,105.8400,4.999723
FILLER_23_36,VDD,Metal1,28.3800,106.2725,4.999726
FILLER_22_667,VDD,Metal1,380.5200,105.8400,4.999572
FILLER_22_631,VDD,Metal1,360.6400,105.8400,4.999576
FILLER_22_593,VDD,Metal1,339.3600,105.8400,4.999581
FILLER_22_589,VDD,Metal1,338.0600,105.4075,4.999581
FILLER_22_524,VDD,Metal1,300.4400,105.8400,4.999579
FILLER_22_520,VDD,Metal1,299.4200,105.4075,4.999579
FILLER_22_457,VDD,Metal1,262.9200,105.8400,4.999584
FILLER_22_453,VDD,Metal1,260.9600,105.8400,4.999586
FILLER_22_449,VDD,Metal1,259.6600,105.4075,4.999586
FILLER_22_441,VDD,Metal1,256.4265,105.2630,4.999587
FILLER_22_407,VDD,Metal1,235.2000,105.8400,4.999613
FILLER_22_399,VDD,Metal1,232.9065,105.2630,4.999613
FILLER_22_391,VDD,Metal1,226.2400,105.8400,4.999633
FILLER_22_387,VDD,Metal1,224.9400,105.4075,4.999633
FILLER_22_364,VDD,Metal1,210.8400,105.8400,4.999652
FILLER_22_356,VDD,Metal1,208.8265,105.2630,4.999652
FILLER_22_337,VDD,Metal1,195.7200,105.8400,4.999673
FILLER_22_333,VDD,Metal1,194.7000,105.4075,4.999673
FILLER_22_317,VDD,Metal1,189.3280,105.1480,4.999676
FILLER_22_298,VDD,Metal1,174.1600,105.8400,4.999693
FILLER_22_290,VDD,Metal1,171.8665,105.2630,4.999693
FILLER_22_273,VDD,Metal1,159.8800,105.8400,4.999693
FILLER_22_271,VDD,Metal1,159.0400,105.8400,4.999693
FILLER_22_263,VDD,Metal1,156.7465,105.2630,4.999693
FILLER_22_247,VDD,Metal1,150.1280,105.1480,4.999690
FILLER_22_241,VDD,Metal1,143.1800,105.4075,4.999690
FILLER_22_225,VDD,Metal1,137.8080,105.1480,4.999690
FILLER_22_189,VDD,Metal1,113.1200,105.8400,4.999695
FILLER_22_185,VDD,Metal1,111.8200,105.4075,4.999696
FILLER_22_177,VDD,Metal1,108.5865,105.2630,4.999696
FILLER_22_159,VDD,Metal1,96.0400,105.8400,4.999698
FILLER_22_155,VDD,Metal1,95.0200,105.4075,4.999698
FILLER_22_139,VDD,Metal1,89.6480,105.1480,4.999698
FILLER_22_107,VDD,Metal1,76.2755,105.0710,4.999701
FILLER_22_101,VDD,Metal1,64.7800,105.4075,4.999718
FILLER_22_85,VDD,Metal1,59.4080,105.1480,4.999718
FILLER_22_53,VDD,Metal1,46.0355,105.0710,4.999718
FILLER_22_45,VDD,Metal1,32.4800,105.8400,4.999723
FILLER_22_37,VDD,Metal1,30.1865,105.2630,4.999724
FILLER_22_34,VDD,Metal1,26.0400,105.8400,4.999733
FILLER_22_32,VDD,Metal1,25.2000,105.8400,4.999734
FILLER_21_632,VDD,Metal1,361.2000,98.0000,4.999783
FILLER_21_621,VDD,Metal1,354.7600,98.0000,4.999803
FILLER_21_619,VDD,Metal1,353.9200,98.0000,4.999803
FILLER_21_562,VDD,Metal1,324.1865,98.5765,4.999805
FILLER_21_524,VDD,Metal1,300.7200,98.0000,4.999798
FILLER_21_488,VDD,Metal1,280.5600,98.0000,4.999797
FILLER_21_480,VDD,Metal1,278.2665,98.5765,4.999797
FILLER_21_467,VDD,Metal1,268.8000,98.0000,4.999793
FILLER_21_432,VDD,Metal1,248.9200,98.0000,4.999790
FILLER_21_430,VDD,Metal1,248.0800,98.0000,4.999790
FILLER_21_422,VDD,Metal1,245.7865,98.5765,4.999790
FILLER_21_401,VDD,Metal1,232.7800,98.4325,4.999790
FILLER_21_393,VDD,Metal1,229.5465,98.5765,4.999790
FILLER_21_376,VDD,Metal1,217.5600,98.0000,4.999789
FILLER_21_368,VDD,Metal1,215.5465,98.5765,4.999788
FILLER_21_352,VDD,Metal1,208.9280,98.6920,4.999788
FILLER_21_349,VDD,Metal1,202.4400,98.0000,4.999788
FILLER_21_345,VDD,Metal1,201.4200,98.4325,4.999788
FILLER_21_329,VDD,Metal1,196.0480,98.6920,4.999788
FILLER_21_288,VDD,Metal1,168.2800,98.0000,4.999775
FILLER_21_286,VDD,Metal1,167.4400,98.0000,4.999775
FILLER_21_282,VDD,Metal1,166.1400,98.4325,4.999722
FILLER_21_279,VDD,Metal1,163.2400,98.0000,4.999711
FILLER_21_277,VDD,Metal1,162.4000,98.0000,4.999711
FILLER_21_273,VDD,Metal1,161.1000,98.4325,4.999710
FILLER_21_265,VDD,Metal1,157.8665,98.5765,4.999708
FILLER_21_230,VDD,Metal1,135.8000,98.0000,4.999660
FILLER_21_228,VDD,Metal1,134.9600,98.0000,4.999660
FILLER_21_212,VDD,Metal1,130.5280,98.6920,4.999660
FILLER_21_193,VDD,Metal1,115.3600,98.0000,4.999653
FILLER_21_189,VDD,Metal1,114.0600,98.4325,4.999653
FILLER_21_154,VDD,Metal1,93.2400,98.0000,4.999653
FILLER_21_150,VDD,Metal1,92.2200,98.4325,4.999653
FILLER_21_142,VDD,Metal1,88.9865,98.5765,4.999653
FILLER_21_76,VDD,Metal1,49.8400,98.0000,4.999656
FILLER_21_72,VDD,Metal1,48.5400,98.4325,4.999657
FILLER_21_4,VDD,Metal1,9.2400,98.0000,4.999693
FILLER_21_2,VDD,Metal1,8.4000,98.0000,4.999693
FILLER_20_667,VDD,Metal1,380.5200,98.0000,4.999779
FILLER_20_625,VDD,Metal1,357.0000,98.0000,4.999784
FILLER_20_621,VDD,Metal1,355.9800,97.5675,4.999803
FILLER_20_613,VDD,Metal1,352.7465,97.4230,4.999803
FILLER_20_597,VDD,Metal1,346.1280,97.3080,4.999804
FILLER_20_594,VDD,Metal1,339.6400,98.0000,4.999805
FILLER_20_590,VDD,Metal1,338.6200,97.5675,4.999805
FILLER_20_582,VDD,Metal1,335.3865,97.4230,4.999805
FILLER_20_546,VDD,Metal1,313.0400,98.0000,4.999804
FILLER_20_527,VDD,Metal1,303.3400,97.5675,4.999803
FILLER_20_521,VDD,Metal1,299.9800,97.5675,4.999798
FILLER_20_511,VDD,Metal1,293.4400,98.0000,4.999797
FILLER_20_473,VDD,Metal1,273.1000,97.5675,4.999794
FILLER_20_457,VDD,Metal1,267.7280,97.3080,4.999793
FILLER_20_447,VDD,Metal1,259.7865,97.4230,4.999793
FILLER_20_431,VDD,Metal1,253.1680,97.3080,4.999793
FILLER_20_395,VDD,Metal1,228.4800,98.0000,4.999789
FILLER_20_387,VDD,Metal1,226.1865,97.4230,4.999789
FILLER_20_374,VDD,Metal1,216.4400,98.0000,4.999788
FILLER_20_370,VDD,Metal1,215.4200,97.5675,4.999788
FILLER_20_362,VDD,Metal1,212.1865,97.4230,4.999788
FILLER_20_346,VDD,Metal1,205.5680,97.3080,4.999788
FILLER_20_339,VDD,Metal1,196.8400,98.0000,4.999788
FILLER_20_337,VDD,Metal1,196.0000,98.0000,4.999788
FILLER_20_333,VDD,Metal1,194.7000,97.5675,4.999788
FILLER_20_317,VDD,Metal1,189.3280,97.3080,4.999788
FILLER_20_314,VDD,Metal1,182.8400,98.0000,4.999788
FILLER_20_310,VDD,Metal1,181.8200,97.5675,4.999788
FILLER_20_302,VDD,Metal1,178.5865,97.4230,4.999788
FILLER_20_286,VDD,Metal1,171.9680,97.3080,4.999788
FILLER_20_270,VDD,Metal1,160.6665,97.4230,4.999710
FILLER_20_265,VDD,Metal1,155.4000,98.0000,4.999688
FILLER_20_263,VDD,Metal1,154.5600,98.0000,4.999688
FILLER_20_255,VDD,Metal1,152.2665,97.4230,4.999663
FILLER_20_241,VDD,Metal1,143.1800,97.5675,4.999663
FILLER_20_233,VDD,Metal1,139.9465,97.4230,4.999663
FILLER_20_217,VDD,Metal1,133.3280,97.3080,4.999660
FILLER_20_198,VDD,Metal1,119.1000,97.5675,4.999657
FILLER_20_181,VDD,Metal1,108.3600,98.0000,4.999653
FILLER_20_177,VDD,Metal1,107.3400,97.5675,4.999653
FILLER_20_159,VDD,Metal1,96.0400,98.0000,4.999653
FILLER_20_155,VDD,Metal1,95.0200,97.5675,4.999653
FILLER_20_139,VDD,Metal1,89.6480,97.3080,4.999653
FILLER_20_107,VDD,Metal1,76.2755,97.2310,4.999650
FILLER_20_103,VDD,Metal1,64.9600,98.0000,4.999650
FILLER_20_95,VDD,Metal1,62.6665,97.4230,4.999650
FILLER_20_79,VDD,Metal1,56.0480,97.3080,4.999650
FILLER_20_37,VDD,Metal1,30.1865,97.4230,4.999662
FILLER_20_34,VDD,Metal1,26.0400,98.0000,4.999693
FILLER_20_2,VDD,Metal1,8.4000,98.0000,4.999693
FILLER_19_640,VDD,Metal1,365.4000,90.1600,4.999674
FILLER_19_638,VDD,Metal1,364.5600,90.1600,4.999674
FILLER_19_613,VDD,Metal1,350.5600,90.1600,4.999674
FILLER_19_605,VDD,Metal1,348.2665,90.7365,4.999674
FILLER_19_573,VDD,Metal1,337.2355,90.9285,4.999678
FILLER_19_566,VDD,Metal1,324.2400,90.1600,4.999668
FILLER_19_562,VDD,Metal1,322.9400,90.5925,4.999667
FILLER_19_559,VDD,Metal1,320.0400,90.1600,4.999650
FILLER_19_557,VDD,Metal1,319.2000,90.1600,4.999650
FILLER_19_545,VDD,Metal1,313.4200,90.5925,4.999650
FILLER_19_520,VDD,Metal1,298.2000,90.1600,4.999614
FILLER_19_500,VDD,Metal1,288.2200,90.5925,4.999614
FILLER_19_484,VDD,Metal1,278.0400,90.1600,4.999614
FILLER_19_476,VDD,Metal1,276.0265,90.7365,4.999614
FILLER_19_438,VDD,Metal1,253.5000,90.5925,4.999680
FILLER_19_422,VDD,Metal1,248.1280,90.8520,4.999680
FILLER_19_419,VDD,Metal1,241.6400,90.1600,4.999681
FILLER_19_417,VDD,Metal1,240.8000,90.1600,4.999681
FILLER_19_401,VDD,Metal1,236.3680,90.8520,4.999681
FILLER_19_369,VDD,Metal1,222.9955,90.9285,4.999686
FILLER_19_362,VDD,Metal1,209.7200,90.1600,4.999704
FILLER_19_360,VDD,Metal1,208.8800,90.1600,4.999704
FILLER_19_352,VDD,Metal1,206.5865,90.7365,4.999705
FILLER_19_348,VDD,Metal1,202.1600,90.1600,4.999716
FILLER_19_344,VDD,Metal1,200.8600,90.5925,4.999716
FILLER_19_322,VDD,Metal1,187.3200,90.1600,4.999789
FILLER_19_318,VDD,Metal1,186.3000,90.5925,4.999789
FILLER_19_310,VDD,Metal1,183.0665,90.7365,4.999789
FILLER_19_294,VDD,Metal1,176.4480,90.8520,4.999790
FILLER_19_286,VDD,Metal1,167.1600,90.1600,4.999783
FILLER_19_282,VDD,Metal1,166.1400,90.5925,4.999783
FILLER_19_270,VDD,Metal1,158.4800,90.1600,4.999774
FILLER_19_254,VDD,Metal1,154.0480,90.8520,4.999774
FILLER_19_244,VDD,Metal1,144.8600,90.5925,4.999770
FILLER_19_212,VDD,Metal1,135.0755,90.9285,4.999768
FILLER_19_202,VDD,Metal1,122.5865,90.7365,4.999768
FILLER_19_186,VDD,Metal1,115.9680,90.8520,4.999767
FILLER_19_150,VDD,Metal1,91.2800,90.1600,4.999768
FILLER_19_142,VDD,Metal1,88.9865,90.7365,4.999768
FILLER_19_136,VDD,Metal1,84.3800,90.5925,4.999769
FILLER_19_72,VDD,Metal1,65.6750,90.9740,4.999769
FILLER_18_667,VDD,Metal1,380.5200,90.1600,4.999672
FILLER_18_641,VDD,Metal1,365.9600,90.1600,4.999674
FILLER_18_605,VDD,Metal1,346.0800,90.1600,4.999677
FILLER_18_597,VDD,Metal1,343.7865,89.5830,4.999678
FILLER_18_594,VDD,Metal1,339.6400,90.1600,4.999678
FILLER_18_592,VDD,Metal1,338.8000,90.1600,4.999678
FILLER_18_588,VDD,Metal1,337.5000,89.7275,4.999678
FILLER_18_580,VDD,Metal1,334.2665,89.5830,4.999678
FILLER_18_564,VDD,Metal1,327.6480,89.4680,4.999676
FILLER_18_529,VDD,Metal1,303.2400,90.1600,4.999637
FILLER_18_527,VDD,Metal1,302.4000,90.1600,4.999637
FILLER_18_461,VDD,Metal1,265.4400,90.1600,4.999615
FILLER_18_457,VDD,Metal1,264.1400,89.7275,4.999615
FILLER_18_454,VDD,Metal1,261.2400,90.1600,4.999615
FILLER_18_452,VDD,Metal1,260.4000,90.1600,4.999615
FILLER_18_444,VDD,Metal1,258.1065,89.5830,4.999615
FILLER_18_409,VDD,Metal1,236.0400,90.1600,4.999681
FILLER_18_407,VDD,Metal1,235.2000,90.1600,4.999681
FILLER_18_403,VDD,Metal1,233.9000,89.7275,4.999681
FILLER_18_387,VDD,Metal1,228.5280,89.4680,4.999686
FILLER_18_381,VDD,Metal1,221.5800,89.7275,4.999686
FILLER_18_373,VDD,Metal1,218.3465,89.5830,4.999686
FILLER_18_363,VDD,Metal1,210.5600,90.1600,4.999702
FILLER_18_359,VDD,Metal1,209.2600,89.7275,4.999704
FILLER_18_351,VDD,Metal1,206.0265,89.5830,4.999705
FILLER_18_342,VDD,Metal1,198.5200,90.1600,4.999716
FILLER_18_340,VDD,Metal1,197.6800,90.1600,4.999716
FILLER_18_332,VDD,Metal1,195.3865,89.5830,4.999774
FILLER_18_317,VDD,Metal1,184.5200,90.1600,4.999789
FILLER_18_299,VDD,Metal1,179.2480,89.4680,4.999790
FILLER_18_288,VDD,Metal1,168.2800,90.1600,4.999784
FILLER_18_284,VDD,Metal1,167.2600,89.7275,4.999783
FILLER_18_275,VDD,Metal1,161.2800,90.1600,4.999774
FILLER_18_271,VDD,Metal1,159.9800,89.7275,4.999774
FILLER_18_263,VDD,Metal1,156.7465,89.5830,4.999774
FILLER_18_247,VDD,Metal1,150.1280,89.4680,4.999773
FILLER_18_243,VDD,Metal1,143.3600,90.1600,4.999768
FILLER_18_227,VDD,Metal1,138.9280,89.4680,4.999768
FILLER_18_177,VDD,Metal1,110.9280,89.4680,4.999767
FILLER_18_174,VDD,Metal1,104.4400,90.1600,4.999767
FILLER_18_166,VDD,Metal1,102.4265,89.5830,4.999767
FILLER_18_150,VDD,Metal1,95.8080,89.4680,4.999767
FILLER_18_115,VDD,Metal1,71.4000,90.1600,4.999769
FILLER_18_107,VDD,Metal1,69.3865,89.5830,4.999769
FILLER_18_103,VDD,Metal1,64.9600,90.1600,4.999769
FILLER_18_87,VDD,Metal1,60.5280,89.4680,4.999769
FILLER_18_55,VDD,Metal1,47.1555,89.3910,4.999769
FILLER_18_39,VDD,Metal1,28.8400,90.1600,4.999769
FILLER_18_37,VDD,Metal1,28.0000,90.1600,4.999773
FILLER_18_34,VDD,Metal1,26.0400,90.1600,4.999777
FILLER_18_30,VDD,Metal1,25.0200,89.7275,4.999831
FILLER_17_637,VDD,Metal1,366.1865,82.8965,4.999765
FILLER_17_632,VDD,Metal1,360.9200,82.3200,4.999765
FILLER_17_628,VDD,Metal1,358.9600,82.3200,4.999765
FILLER_17_624,VDD,Metal1,357.6600,82.7525,4.999765
FILLER_17_556,VDD,Metal1,319.5800,82.7525,4.999765
FILLER_17_550,VDD,Metal1,315.0000,82.3200,4.999765
FILLER_17_548,VDD,Metal1,314.1600,82.3200,4.999765
FILLER_17_527,VDD,Metal1,302.1200,82.3200,4.999765
FILLER_17_520,VDD,Metal1,298.2000,82.3200,4.999765
FILLER_17_518,VDD,Metal1,297.3600,82.3200,4.999765
FILLER_17_500,VDD,Metal1,288.2200,82.7525,4.999765
FILLER_17_492,VDD,Metal1,284.9865,82.8965,4.999765
FILLER_17_486,VDD,Metal1,280.3800,82.7525,4.999765
FILLER_17_422,VDD,Metal1,261.6750,83.1340,4.999766
FILLER_17_419,VDD,Metal1,241.6400,82.3200,4.999766
FILLER_17_417,VDD,Metal1,240.8000,82.3200,4.999766
FILLER_17_379,VDD,Metal1,220.4600,82.7525,4.999771
FILLER_17_371,VDD,Metal1,217.2265,82.8965,4.999771
FILLER_17_354,VDD,Metal1,205.2400,82.3200,4.999795
FILLER_17_352,VDD,Metal1,204.4000,82.3200,4.999795
FILLER_17_346,VDD,Metal1,201.9800,82.7525,4.999797
FILLER_17_282,VDD,Metal1,183.2750,83.1340,4.999798
FILLER_17_262,VDD,Metal1,153.7200,82.3200,4.999783
FILLER_17_260,VDD,Metal1,152.8800,82.3200,4.999783
FILLER_17_256,VDD,Metal1,151.5800,82.7525,4.999782
FILLER_17_220,VDD,Metal1,130.4800,82.3200,4.999771
FILLER_17_212,VDD,Metal1,128.1865,82.8965,4.999771
FILLER_17_209,VDD,Metal1,124.0400,82.3200,4.999771
FILLER_17_207,VDD,Metal1,123.2000,82.3200,4.999771
FILLER_17_199,VDD,Metal1,120.9065,82.8965,4.999771
FILLER_17_183,VDD,Metal1,114.2880,83.0120,4.999770
FILLER_17_164,VDD,Metal1,100.0600,82.7525,4.999769
FILLER_17_156,VDD,Metal1,96.8265,82.8965,4.999769
FILLER_17_124,VDD,Metal1,76.4400,82.3200,4.999769
FILLER_17_120,VDD,Metal1,75.4200,82.7525,4.999770
FILLER_17_104,VDD,Metal1,70.0480,83.0120,4.999806
FILLER_17_72,VDD,Metal1,56.6755,83.0885,4.999812
FILLER_17_68,VDD,Metal1,45.3600,82.3200,4.999812
FILLER_17_64,VDD,Metal1,44.0600,82.7525,4.999812
FILLER_17_32,VDD,Metal1,34.2755,83.0885,4.999812
FILLER_16_667,VDD,Metal1,380.5200,82.3200,4.999764
FILLER_16_655,VDD,Metal1,373.8000,82.3200,4.999765
FILLER_16_653,VDD,Metal1,372.9600,82.3200,4.999765
FILLER_16_645,VDD,Metal1,370.6665,81.7430,4.999765
FILLER_16_629,VDD,Metal1,364.0480,81.6280,4.999765
FILLER_16_597,VDD,Metal1,350.6755,81.5510,4.999765
FILLER_16_593,VDD,Metal1,339.3600,82.3200,4.999765
FILLER_16_589,VDD,Metal1,338.0600,81.8875,4.999765
FILLER_16_567,VDD,Metal1,325.7400,81.8875,4.999765
FILLER_16_559,VDD,Metal1,322.5065,81.7430,4.999765
FILLER_16_551,VDD,Metal1,315.8400,82.3200,4.999765
FILLER_16_535,VDD,Metal1,311.4080,81.6280,4.999765
FILLER_16_515,VDD,Metal1,295.6800,82.3200,4.999765
FILLER_16_463,VDD,Metal1,268.7465,81.7430,4.999766
FILLER_16_446,VDD,Metal1,256.7600,82.3200,4.999766
FILLER_16_444,VDD,Metal1,255.9200,82.3200,4.999766
FILLER_16_436,VDD,Metal1,253.6265,81.7430,4.999766
FILLER_16_383,VDD,Metal1,221.7600,82.3200,4.999771
FILLER_16_379,VDD,Metal1,220.4600,81.8875,4.999771
FILLER_16_371,VDD,Metal1,217.2265,81.7430,4.999771
FILLER_16_357,VDD,Metal1,206.9200,82.3200,4.999793
FILLER_16_355,VDD,Metal1,206.0800,82.3200,4.999793
FILLER_16_347,VDD,Metal1,203.7865,81.7430,4.999795
FILLER_16_341,VDD,Metal1,197.9600,82.3200,4.999798
FILLER_16_333,VDD,Metal1,195.9465,81.7430,4.999798
FILLER_16_317,VDD,Metal1,189.3280,81.6280,4.999798
FILLER_16_313,VDD,Metal1,182.5600,82.3200,4.999798
FILLER_16_309,VDD,Metal1,181.2600,81.8875,4.999798
FILLER_16_301,VDD,Metal1,178.0265,81.7430,4.999798
FILLER_16_295,VDD,Metal1,172.2000,82.3200,4.999798
FILLER_16_293,VDD,Metal1,171.3600,82.3200,4.999798
FILLER_16_277,VDD,Metal1,166.9280,81.6280,4.999797
FILLER_16_263,VDD,Metal1,154.2800,82.3200,4.999783
FILLER_16_229,VDD,Metal1,135.2400,82.3200,4.999782
FILLER_16_225,VDD,Metal1,134.2200,81.8875,4.999782
FILLER_16_217,VDD,Metal1,130.9865,81.7430,4.999771
FILLER_16_201,VDD,Metal1,119.8400,82.3200,4.999770
FILLER_16_193,VDD,Metal1,117.5465,81.7430,4.999770
FILLER_16_177,VDD,Metal1,110.9280,81.6280,4.999770
FILLER_16_167,VDD,Metal1,102.9865,81.7430,4.999769
FILLER_16_115,VDD,Metal1,72.6200,81.8875,4.999806
FILLER_16_107,VDD,Metal1,69.3865,81.7430,4.999806
FILLER_16_101,VDD,Metal1,64.7800,81.8875,4.999812
FILLER_16_37,VDD,Metal1,46.0750,81.5055,4.999812
FILLER_16_34,VDD,Metal1,26.0400,82.3200,4.999821
FILLER_16_32,VDD,Metal1,25.2000,82.3200,4.999821
FILLER_16_28,VDD,Metal1,23.9000,81.8875,4.999821
FILLER_16_6,VDD,Metal1,10.3600,82.3200,4.999820
FILLER_16_2,VDD,Metal1,9.3400,81.8875,4.999820
FILLER_15_672,VDD,Metal1,384.5400,74.9125,4.999806
FILLER_15_662,VDD,Metal1,377.7200,74.4800,4.999806
FILLER_15_660,VDD,Metal1,376.8800,74.4800,4.999806
FILLER_15_656,VDD,Metal1,375.5800,74.9125,4.999806
FILLER_15_648,VDD,Metal1,372.3465,75.0565,4.999806
FILLER_15_640,VDD,Metal1,365.6800,74.4800,4.999807
FILLER_15_632,VDD,Metal1,363.3865,75.0565,4.999807
FILLER_15_614,VDD,Metal1,350.8400,74.4800,4.999807
FILLER_15_612,VDD,Metal1,350.0000,74.4800,4.999809
FILLER_15_608,VDD,Metal1,348.7000,74.9125,4.999809
FILLER_15_570,VDD,Metal1,327.4200,74.9125,4.999809
FILLER_15_559,VDD,Metal1,320.0400,74.4800,4.999809
FILLER_15_557,VDD,Metal1,319.2000,74.4800,4.999805
FILLER_15_553,VDD,Metal1,317.9000,74.9125,4.999805
FILLER_15_545,VDD,Metal1,314.6665,75.0565,4.999804
FILLER_15_529,VDD,Metal1,308.0480,75.1720,4.999804
FILLER_15_515,VDD,Metal1,296.6200,74.9125,4.999777
FILLER_15_508,VDD,Metal1,291.4800,74.4800,4.999776
FILLER_15_496,VDD,Metal1,284.7600,74.4800,4.999774
FILLER_15_492,VDD,Metal1,283.7400,74.9125,4.999774
FILLER_15_482,VDD,Metal1,279.3865,75.0565,4.999770
FILLER_15_437,VDD,Metal1,251.7200,74.4800,4.999764
FILLER_15_433,VDD,Metal1,250.7000,74.9125,4.999764
FILLER_15_428,VDD,Metal1,246.6800,74.4800,4.999764
FILLER_15_426,VDD,Metal1,245.8400,74.4800,4.999764
FILLER_15_422,VDD,Metal1,244.5400,74.9125,4.999764
FILLER_15_391,VDD,Metal1,227.1800,74.9125,4.999762
FILLER_15_359,VDD,Metal1,217.3955,75.2485,4.999762
FILLER_15_352,VDD,Metal1,204.1200,74.4800,4.999757
FILLER_15_349,VDD,Metal1,202.4400,74.4800,4.999755
FILLER_15_347,VDD,Metal1,201.6000,74.4800,4.999755
FILLER_15_338,VDD,Metal1,196.2800,74.4800,4.999753
FILLER_15_306,VDD,Metal1,187.7155,75.2485,4.999753
FILLER_15_298,VDD,Metal1,173.8800,74.4800,4.999733
FILLER_15_288,VDD,Metal1,169.5000,74.9125,4.999731
FILLER_15_278,VDD,Metal1,162.9600,74.4800,4.999714
FILLER_15_258,VDD,Metal1,152.7000,74.9125,4.999713
FILLER_15_250,VDD,Metal1,149.4665,75.0565,4.999713
FILLER_15_209,VDD,Metal1,124.0400,74.4800,4.999690
FILLER_15_201,VDD,Metal1,122.0265,75.0565,4.999690
FILLER_15_185,VDD,Metal1,115.4080,75.1720,4.999686
FILLER_15_150,VDD,Metal1,91.0000,74.4800,4.999671
FILLER_15_142,VDD,Metal1,88.9865,75.0565,4.999671
FILLER_15_117,VDD,Metal1,72.5200,74.4800,4.999671
FILLER_15_115,VDD,Metal1,71.6800,74.4800,4.999671
FILLER_15_106,VDD,Metal1,66.3600,74.4800,4.999677
FILLER_15_104,VDD,Metal1,65.5200,74.4800,4.999683
FILLER_15_72,VDD,Metal1,56.6755,75.2485,4.999685
FILLER_15_68,VDD,Metal1,45.3600,74.4800,4.999685
FILLER_15_60,VDD,Metal1,43.0665,75.0565,4.999685
FILLER_15_44,VDD,Metal1,36.4480,75.1720,4.999685
FILLER_15_8,VDD,Metal1,11.7600,74.4800,4.999692
FILLER_14_669,VDD,Metal1,381.6400,74.4800,4.999806
FILLER_14_667,VDD,Metal1,380.8000,74.4800,4.999806
FILLER_14_663,VDD,Metal1,378.5600,74.4800,4.999806
FILLER_14_659,VDD,Metal1,377.2600,74.0475,4.999806
FILLER_14_609,VDD,Metal1,348.3200,74.4800,4.999809
FILLER_14_605,VDD,Metal1,347.0200,74.0475,4.999809
FILLER_14_597,VDD,Metal1,343.7865,73.9030,4.999809
FILLER_14_594,VDD,Metal1,339.6400,74.4800,4.999809
FILLER_14_590,VDD,Metal1,338.6200,74.0475,4.999809
FILLER_14_541,VDD,Metal1,312.4265,73.9030,4.999804
FILLER_14_531,VDD,Metal1,304.6400,74.4800,4.999801
FILLER_14_527,VDD,Metal1,303.3400,74.0475,4.999801
FILLER_14_513,VDD,Metal1,295.5000,74.0475,4.999776
FILLER_14_505,VDD,Metal1,292.2665,73.9030,4.999776
FILLER_14_489,VDD,Metal1,285.6480,73.7880,4.999774
FILLER_14_457,VDD,Metal1,272.2755,73.7110,4.999769
FILLER_14_450,VDD,Metal1,259.0000,74.4800,4.999769
FILLER_14_446,VDD,Metal1,257.9800,74.0475,4.999769
FILLER_14_438,VDD,Metal1,254.7465,73.9030,4.999769
FILLER_14_403,VDD,Metal1,232.6800,74.4800,4.999762
FILLER_14_387,VDD,Metal1,228.5280,73.7880,4.999762
FILLER_14_383,VDD,Metal1,221.7600,74.4800,4.999762
FILLER_14_379,VDD,Metal1,220.4600,74.0475,4.999762
FILLER_14_363,VDD,Metal1,215.0880,73.7880,4.999762
FILLER_14_352,VDD,Metal1,204.1200,74.4800,4.999757
FILLER_14_350,VDD,Metal1,203.2800,74.4800,4.999756
FILLER_14_346,VDD,Metal1,201.9800,74.0475,4.999755
FILLER_14_317,VDD,Metal1,186.9865,73.9030,4.999753
FILLER_14_313,VDD,Metal1,182.5600,74.4800,4.999753
FILLER_14_279,VDD,Metal1,165.7065,73.9030,4.999731
FILLER_14_247,VDD,Metal1,154.6755,73.7110,4.999713
FILLER_14_244,VDD,Metal1,143.6400,74.4800,4.999700
FILLER_14_242,VDD,Metal1,142.8000,74.4800,4.999699
FILLER_14_238,VDD,Metal1,141.5000,74.0475,4.999692
FILLER_14_183,VDD,Metal1,109.4800,74.4800,4.999672
FILLER_14_181,VDD,Metal1,108.6400,74.4800,4.999671
FILLER_14_177,VDD,Metal1,107.3400,74.0475,4.999671
FILLER_14_101,VDD,Metal1,64.7800,74.0475,4.999684
FILLER_14_37,VDD,Metal1,46.0750,73.6655,4.999685
FILLER_14_34,VDD,Metal1,26.0400,74.4800,4.999694
FILLER_14_32,VDD,Metal1,25.2000,74.4800,4.999694
FILLER_14_28,VDD,Metal1,23.9000,74.0475,4.999694
FILLER_14_12,VDD,Metal1,13.7200,74.4800,4.999693
FILLER_14_8,VDD,Metal1,12.7000,74.0475,4.999692
FILLER_13_678,VDD,Metal1,387.9000,67.0725,4.999752
FILLER_13_670,VDD,Metal1,384.6665,67.2165,4.999752
FILLER_13_654,VDD,Metal1,378.0480,67.3320,4.999752
FILLER_13_636,VDD,Metal1,363.4400,66.6400,4.999752
FILLER_13_632,VDD,Metal1,362.1400,67.0725,4.999752
FILLER_13_582,VDD,Metal1,332.9200,66.6400,4.999752
FILLER_13_578,VDD,Metal1,331.9000,67.0725,4.999752
FILLER_13_562,VDD,Metal1,326.5280,67.3320,4.999752
FILLER_13_559,VDD,Metal1,320.0400,66.6400,4.999751
FILLER_13_555,VDD,Metal1,319.0200,67.0725,4.999751
FILLER_13_539,VDD,Metal1,313.6480,67.3320,4.999751
FILLER_13_532,VDD,Metal1,305.2000,66.6400,4.999730
FILLER_13_525,VDD,Metal1,301.2800,66.6400,4.999717
FILLER_13_504,VDD,Metal1,289.5200,66.6400,4.999699
FILLER_13_500,VDD,Metal1,288.2200,67.0725,4.999694
FILLER_13_492,VDD,Metal1,284.9865,67.2165,4.999693
FILLER_13_486,VDD,Metal1,280.3800,67.0725,4.999665
FILLER_13_477,VDD,Metal1,275.3400,67.0725,4.999663
FILLER_13_469,VDD,Metal1,272.1065,67.2165,4.999663
FILLER_13_437,VDD,Metal1,261.0755,67.4085,4.999648
FILLER_13_428,VDD,Metal1,246.6800,66.6400,4.999637
FILLER_13_426,VDD,Metal1,245.8400,66.6400,4.999636
FILLER_13_422,VDD,Metal1,244.5400,67.0725,4.999636
FILLER_13_419,VDD,Metal1,241.6400,66.6400,4.999629
FILLER_13_417,VDD,Metal1,240.8000,66.6400,4.999629
FILLER_13_409,VDD,Metal1,238.5065,67.2165,4.999629
FILLER_13_393,VDD,Metal1,231.8880,67.3320,4.999629
FILLER_13_361,VDD,Metal1,218.5155,67.4085,4.999627
FILLER_13_352,VDD,Metal1,204.1200,66.6400,4.999620
FILLER_13_349,VDD,Metal1,202.4400,66.6400,4.999612
FILLER_13_339,VDD,Metal1,197.1200,66.6400,4.999612
FILLER_13_335,VDD,Metal1,195.8200,67.0725,4.999612
FILLER_13_319,VDD,Metal1,190.4480,67.3320,4.999612
FILLER_13_303,VDD,Metal1,179.1465,67.2165,4.999594
FILLER_13_294,VDD,Metal1,171.9200,66.6400,4.999592
FILLER_13_290,VDD,Metal1,170.6200,67.0725,4.999592
FILLER_13_282,VDD,Metal1,167.3865,67.2165,4.999592
FILLER_13_279,VDD,Metal1,163.2400,66.6400,4.999592
FILLER_13_275,VDD,Metal1,162.2200,67.0725,4.999592
FILLER_13_267,VDD,Metal1,158.9865,67.2165,4.999592
FILLER_13_250,VDD,Metal1,147.2800,66.6400,4.999592
FILLER_13_246,VDD,Metal1,145.9800,67.0725,4.999592
FILLER_13_216,VDD,Metal1,127.9600,66.6400,4.999579
FILLER_13_212,VDD,Metal1,126.9400,67.0725,4.999579
FILLER_13_209,VDD,Metal1,124.0400,66.6400,4.999579
FILLER_13_205,VDD,Metal1,123.0200,67.0725,4.999579
FILLER_13_156,VDD,Metal1,94.3600,66.6400,4.999581
FILLER_13_154,VDD,Metal1,93.5200,66.6400,4.999581
FILLER_13_150,VDD,Metal1,92.2200,67.0725,4.999581
FILLER_13_142,VDD,Metal1,88.9865,67.2165,4.999581
FILLER_13_139,VDD,Metal1,84.8400,66.6400,4.999581
FILLER_13_137,VDD,Metal1,84.0000,66.6400,4.999581
FILLER_13_133,VDD,Metal1,82.7000,67.0725,4.999581
FILLER_13_98,VDD,Metal1,61.8800,66.6400,4.999587
FILLER_13_96,VDD,Metal1,61.0400,66.6400,4.999587
FILLER_13_88,VDD,Metal1,58.7465,67.2165,4.999587
FILLER_13_72,VDD,Metal1,52.1280,67.3320,4.999587
FILLER_13_68,VDD,Metal1,45.3600,66.6400,4.999587
FILLER_13_36,VDD,Metal1,36.5155,67.4085,4.999588
FILLER_12_681,VDD,Metal1,388.3600,66.6400,4.999752
FILLER_12_679,VDD,Metal1,387.5200,66.6400,4.999752
FILLER_12_675,VDD,Metal1,386.2200,66.2075,4.999752
FILLER_12_667,VDD,Metal1,382.9865,66.0630,4.999752
FILLER_12_661,VDD,Metal1,378.3800,66.2075,4.999752
FILLER_12_597,VDD,Metal1,359.6750,65.8255,4.999752
FILLER_12_594,VDD,Metal1,339.6400,66.6400,4.999752
FILLER_12_590,VDD,Metal1,338.6200,66.2075,4.999752
FILLER_12_574,VDD,Metal1,333.2480,65.9480,4.999752
FILLER_12_542,VDD,Metal1,319.8755,65.8710,4.999752
FILLER_12_524,VDD,Metal1,300.4400,66.6400,4.999712
FILLER_12_503,VDD,Metal1,288.6800,66.6400,4.999694
FILLER_12_501,VDD,Metal1,287.8400,66.6400,4.999694
FILLER_12_492,VDD,Metal1,282.5200,66.6400,4.999685
FILLER_12_488,VDD,Metal1,281.5000,66.2075,4.999666
FILLER_12_472,VDD,Metal1,276.1280,65.9480,4.999664
FILLER_12_445,VDD,Metal1,256.4800,66.6400,4.999648
FILLER_12_437,VDD,Metal1,254.1865,66.0630,4.999648
FILLER_12_421,VDD,Metal1,247.5680,65.9480,4.999637
FILLER_12_381,VDD,Metal1,221.5800,66.2075,4.999627
FILLER_12_373,VDD,Metal1,218.3465,66.0630,4.999627
FILLER_12_359,VDD,Metal1,208.0400,66.6400,4.999621
FILLER_12_357,VDD,Metal1,207.2000,66.6400,4.999620
FILLER_12_349,VDD,Metal1,204.9065,66.0630,4.999620
FILLER_12_317,VDD,Metal1,193.8755,65.8710,4.999612
FILLER_12_313,VDD,Metal1,182.5600,66.6400,4.999594
FILLER_12_309,VDD,Metal1,181.2600,66.2075,4.999594
FILLER_12_243,VDD,Metal1,143.3600,66.6400,4.999580
FILLER_12_239,VDD,Metal1,142.0600,66.2075,4.999580
FILLER_12_101,VDD,Metal1,64.7800,66.2075,4.999581
FILLER_12_37,VDD,Metal1,46.0750,65.8255,4.999587
FILLER_12_34,VDD,Metal1,26.0400,66.6400,4.999619
FILLER_12_32,VDD,Metal1,25.2000,66.6400,4.999620
FILLER_12_24,VDD,Metal1,22.9065,66.0630,4.999620
FILLER_11_680,VDD,Metal1,388.0800,58.8000,4.999520
FILLER_11_664,VDD,Metal1,383.6480,59.4920,4.999520
FILLER_11_632,VDD,Metal1,370.2755,59.5685,4.999520
FILLER_11_628,VDD,Metal1,358.9600,58.8000,4.999520
FILLER_11_620,VDD,Metal1,356.6665,59.3765,4.999520
FILLER_11_578,VDD,Metal1,333.1465,59.3765,4.999520
FILLER_11_562,VDD,Metal1,326.5280,59.4920,4.999519
FILLER_11_558,VDD,Metal1,319.7600,58.8000,4.999517
FILLER_11_554,VDD,Metal1,318.4600,59.2325,4.999517
FILLER_11_489,VDD,Metal1,280.8400,58.8000,4.999515
FILLER_11_438,VDD,Metal1,252.5600,58.8000,4.999516
FILLER_11_422,VDD,Metal1,248.1280,59.4920,4.999516
FILLER_11_416,VDD,Metal1,241.1800,59.2325,4.999516
FILLER_11_408,VDD,Metal1,237.9465,59.3765,4.999517
FILLER_11_392,VDD,Metal1,231.3280,59.4920,4.999517
FILLER_11_376,VDD,Metal1,217.8400,58.8000,4.999531
FILLER_11_368,VDD,Metal1,215.5465,59.3765,4.999531
FILLER_11_356,VDD,Metal1,206.6400,58.8000,4.999558
FILLER_11_352,VDD,Metal1,205.3400,59.2325,4.999559
FILLER_11_349,VDD,Metal1,202.4400,58.8000,4.999596
FILLER_11_345,VDD,Metal1,201.4200,59.2325,4.999596
FILLER_11_329,VDD,Metal1,196.0480,59.4920,4.999603
FILLER_11_297,VDD,Metal1,182.6755,59.5685,4.999603
FILLER_11_282,VDD,Metal1,164.9200,58.8000,4.999597
FILLER_11_144,VDD,Metal1,87.6400,58.8000,4.999584
FILLER_11_142,VDD,Metal1,86.8000,58.8000,4.999584
FILLER_11_124,VDD,Metal1,76.7200,58.8000,4.999586
FILLER_11_88,VDD,Metal1,56.5600,58.8000,4.999629
FILLER_11_72,VDD,Metal1,52.1280,59.4920,4.999630
FILLER_11_69,VDD,Metal1,45.6400,58.8000,4.999647
FILLER_11_65,VDD,Metal1,44.6200,59.2325,4.999648
FILLER_11_57,VDD,Metal1,41.3865,59.3765,4.999648
FILLER_11_26,VDD,Metal1,21.5600,58.8000,4.999656
FILLER_11_24,VDD,Metal1,20.7200,58.8000,4.999654
FILLER_11_16,VDD,Metal1,18.4265,59.3765,4.999654
FILLER_10_681,VDD,Metal1,388.3600,58.8000,4.999520
FILLER_10_679,VDD,Metal1,387.5200,58.8000,4.999520
FILLER_10_675,VDD,Metal1,386.2200,58.3675,4.999520
FILLER_10_667,VDD,Metal1,382.9865,58.2230,4.999520
FILLER_10_661,VDD,Metal1,378.3800,58.3675,4.999520
FILLER_10_597,VDD,Metal1,359.6750,57.9855,4.999520
FILLER_10_591,VDD,Metal1,339.1800,58.3675,4.999520
FILLER_10_575,VDD,Metal1,333.8080,58.1080,4.999520
FILLER_10_543,VDD,Metal1,320.4355,58.0310,4.999517
FILLER_10_461,VDD,Metal1,265.4400,58.8000,4.999515
FILLER_10_457,VDD,Metal1,264.1400,58.3675,4.999515
FILLER_10_454,VDD,Metal1,261.2400,58.8000,4.999515
FILLER_10_452,VDD,Metal1,260.4000,58.8000,4.999515
FILLER_10_448,VDD,Metal1,259.1000,58.3675,4.999515
FILLER_10_387,VDD,Metal1,224.0000,58.8000,4.999520
FILLER_10_384,VDD,Metal1,222.0400,58.8000,4.999522
FILLER_10_343,VDD,Metal1,199.0800,58.8000,4.999603
FILLER_10_341,VDD,Metal1,198.2400,58.8000,4.999603
FILLER_10_333,VDD,Metal1,195.9465,58.2230,4.999603
FILLER_10_317,VDD,Metal1,189.3280,58.1080,4.999603
FILLER_10_314,VDD,Metal1,182.8400,58.8000,4.999603
FILLER_10_306,VDD,Metal1,180.8265,58.2230,4.999603
FILLER_10_291,VDD,Metal1,169.9600,58.8000,4.999598
FILLER_10_247,VDD,Metal1,146.5400,58.3675,4.999591
FILLER_10_223,VDD,Metal1,131.8800,58.8000,4.999582
FILLER_10_219,VDD,Metal1,130.8600,58.3675,4.999582
FILLER_10_177,VDD,Metal1,106.4000,58.8000,4.999583
FILLER_10_168,VDD,Metal1,101.0800,58.8000,4.999583
FILLER_10_124,VDD,Metal1,77.6600,58.3675,4.999586
FILLER_10_107,VDD,Metal1,67.2000,58.8000,4.999609
FILLER_10_89,VDD,Metal1,57.1200,58.8000,4.999629
FILLER_10_85,VDD,Metal1,55.8200,58.3675,4.999630
FILLER_10_69,VDD,Metal1,50.4480,58.1080,4.999630
FILLER_10_37,VDD,Metal1,37.0755,58.0310,4.999648
FILLER_10_34,VDD,Metal1,26.0400,58.8000,4.999654
FILLER_10_30,VDD,Metal1,25.0200,58.3675,4.999654
FILLER_10_22,VDD,Metal1,21.7865,58.2230,4.999656
FILLER_10_6,VDD,Metal1,10.3600,58.8000,4.999653
FILLER_10_2,VDD,Metal1,9.3400,58.3675,4.999653
FILLER_9_680,VDD,Metal1,388.0800,50.9600,4.999678
FILLER_9_664,VDD,Metal1,383.6480,51.6520,4.999678
FILLER_9_632,VDD,Metal1,370.2755,51.7285,4.999678
FILLER_9_626,VDD,Metal1,358.7800,51.3925,4.999678
FILLER_9_562,VDD,Metal1,340.0750,51.7740,4.999678
FILLER_9_556,VDD,Metal1,319.5800,51.3925,4.999676
FILLER_9_540,VDD,Metal1,314.2080,51.6520,4.999676
FILLER_9_492,VDD,Metal1,287.3280,51.6520,4.999578
FILLER_9_489,VDD,Metal1,280.8400,50.9600,4.999576
FILLER_9_485,VDD,Metal1,279.8200,51.3925,4.999576
FILLER_9_477,VDD,Metal1,276.5865,51.5365,4.999576
FILLER_9_468,VDD,Metal1,269.0800,50.9600,4.999558
FILLER_9_466,VDD,Metal1,268.2400,50.9600,4.999558
FILLER_9_462,VDD,Metal1,266.9400,51.3925,4.999557
FILLER_9_454,VDD,Metal1,263.7065,51.5365,4.999557
FILLER_9_422,VDD,Metal1,252.6755,51.7285,4.999545
FILLER_9_414,VDD,Metal1,238.8400,50.9600,4.999545
FILLER_9_332,VDD,Metal1,195.3865,51.5365,4.999545
FILLER_9_316,VDD,Metal1,183.9600,50.9600,4.999548
FILLER_9_279,VDD,Metal1,163.2400,50.9600,4.999549
FILLER_9_275,VDD,Metal1,162.2200,51.3925,4.999549
FILLER_9_142,VDD,Metal1,86.8000,50.9600,4.999542
FILLER_9_122,VDD,Metal1,76.5400,51.3925,4.999544
FILLER_9_86,VDD,Metal1,55.1600,50.9600,4.999586
FILLER_9_84,VDD,Metal1,54.3200,50.9600,4.999586
FILLER_9_80,VDD,Metal1,53.0200,51.3925,4.999586
FILLER_9_72,VDD,Metal1,49.7865,51.5365,4.999588
FILLER_9_68,VDD,Metal1,45.3600,50.9600,4.999607
FILLER_9_36,VDD,Metal1,36.5155,51.7285,4.999609
FILLER_8_681,VDD,Metal1,388.3600,50.9600,4.999678
FILLER_8_679,VDD,Metal1,387.5200,50.9600,4.999678
FILLER_8_675,VDD,Metal1,386.2200,50.5275,4.999678
FILLER_8_667,VDD,Metal1,382.9865,50.3830,4.999678
FILLER_8_661,VDD,Metal1,378.3800,50.5275,4.999678
FILLER_8_597,VDD,Metal1,359.6750,50.1455,4.999678
FILLER_8_594,VDD,Metal1,339.6400,50.9600,4.999678
FILLER_8_590,VDD,Metal1,338.6200,50.5275,4.999678
FILLER_8_582,VDD,Metal1,335.3865,50.3830,4.999678
FILLER_8_542,VDD,Metal1,311.7400,50.5275,4.999676
FILLER_8_534,VDD,Metal1,308.5065,50.3830,4.999666
FILLER_8_517,VDD,Metal1,298.9865,50.3830,4.999580
FILLER_8_501,VDD,Metal1,292.3680,50.2680,4.999580
FILLER_8_465,VDD,Metal1,267.6800,50.9600,4.999558
FILLER_8_457,VDD,Metal1,265.3865,50.3830,4.999557
FILLER_8_439,VDD,Metal1,257.6480,50.2680,4.999546
FILLER_8_395,VDD,Metal1,229.4200,50.5275,4.999544
FILLER_8_378,VDD,Metal1,218.9600,50.9600,4.999544
FILLER_8_356,VDD,Metal1,208.8265,50.3830,4.999544
FILLER_8_289,VDD,Metal1,169.1200,50.9600,4.999553
FILLER_8_224,VDD,Metal1,132.4400,50.9600,4.999542
FILLER_8_168,VDD,Metal1,101.0800,50.9600,4.999541
FILLER_8_107,VDD,Metal1,66.9200,50.9600,4.999558
FILLER_8_69,VDD,Metal1,48.1065,50.3830,4.999589
FILLER_8_37,VDD,Metal1,37.0755,50.1910,4.999608
FILLER_8_18,VDD,Metal1,17.3600,50.9600,4.999639
FILLER_8_2,VDD,Metal1,12.9280,50.2680,4.999639
FILLER_7_680,VDD,Metal1,388.0800,43.1200,4.999709
FILLER_7_664,VDD,Metal1,383.6480,43.8120,4.999709
FILLER_7_632,VDD,Metal1,370.2755,43.8885,4.999709
FILLER_7_629,VDD,Metal1,359.2400,43.1200,4.999709
FILLER_7_625,VDD,Metal1,358.2200,43.5525,4.999709
FILLER_7_609,VDD,Metal1,352.8480,43.8120,4.999709
FILLER_7_572,VDD,Metal1,327.3200,43.1200,4.999709
FILLER_7_570,VDD,Metal1,326.4800,43.1200,4.999709
FILLER_7_562,VDD,Metal1,324.1865,43.6965,4.999709
FILLER_7_559,VDD,Metal1,320.0400,43.1200,4.999709
FILLER_7_557,VDD,Metal1,319.2000,43.1200,4.999709
FILLER_7_553,VDD,Metal1,317.9000,43.5525,4.999709
FILLER_7_521,VDD,Metal1,308.1155,43.8885,4.999708
FILLER_7_512,VDD,Metal1,294.0000,43.1200,4.999648
FILLER_7_508,VDD,Metal1,292.7000,43.5525,4.999648
FILLER_7_492,VDD,Metal1,287.3280,43.8120,4.999648
FILLER_7_489,VDD,Metal1,280.8400,43.1200,4.999648
FILLER_7_487,VDD,Metal1,280.0000,43.1200,4.999648
FILLER_7_450,VDD,Metal1,259.0000,43.1200,4.999643
FILLER_7_446,VDD,Metal1,257.9800,43.5525,4.999643
FILLER_7_438,VDD,Metal1,254.7465,43.6965,4.999643
FILLER_7_422,VDD,Metal1,248.1280,43.8120,4.999643
FILLER_7_414,VDD,Metal1,238.8400,43.1200,4.999643
FILLER_7_412,VDD,Metal1,238.0000,43.1200,4.999643
FILLER_7_404,VDD,Metal1,235.7065,43.6965,4.999643
FILLER_7_368,VDD,Metal1,213.3600,43.1200,4.999648
FILLER_7_352,VDD,Metal1,208.9280,43.8120,4.999648
FILLER_7_349,VDD,Metal1,202.4400,43.1200,4.999648
FILLER_7_347,VDD,Metal1,201.6000,43.1200,4.999648
FILLER_7_343,VDD,Metal1,200.3000,43.5525,4.999648
FILLER_7_335,VDD,Metal1,197.0665,43.6965,4.999648
FILLER_7_300,VDD,Metal1,175.0000,43.1200,4.999652
FILLER_7_298,VDD,Metal1,174.1600,43.1200,4.999637
FILLER_7_264,VDD,Metal1,155.1200,43.1200,4.999627
FILLER_7_254,VDD,Metal1,150.4600,43.5525,4.999623
FILLER_7_212,VDD,Metal1,126.0000,43.1200,4.999611
FILLER_7_206,VDD,Metal1,123.5800,43.5525,4.999611
FILLER_7_142,VDD,Metal1,86.8000,43.1200,4.999616
FILLER_7_139,VDD,Metal1,84.8400,43.1200,4.999616
FILLER_7_135,VDD,Metal1,83.8200,43.5525,4.999616
FILLER_7_80,VDD,Metal1,51.8000,43.1200,4.999639
FILLER_7_72,VDD,Metal1,49.7865,43.6965,4.999639
FILLER_7_69,VDD,Metal1,45.6400,43.1200,4.999659
FILLER_7_67,VDD,Metal1,44.8000,43.1200,4.999660
FILLER_7_51,VDD,Metal1,40.3680,43.8120,4.999660
FILLER_7_16,VDD,Metal1,15.9600,43.1200,4.999661
FILLER_7_14,VDD,Metal1,15.1200,43.1200,4.999661
FILLER_7_10,VDD,Metal1,13.8200,43.5525,4.999661
FILLER_7_2,VDD,Metal1,10.5865,43.6965,4.999661
FILLER_6_681,VDD,Metal1,388.3600,43.1200,4.999709
FILLER_6_679,VDD,Metal1,387.5200,43.1200,4.999709
FILLER_6_675,VDD,Metal1,386.2200,42.6875,4.999709
FILLER_6_667,VDD,Metal1,382.9865,42.5430,4.999709
FILLER_6_664,VDD,Metal1,378.8400,43.1200,4.999709
FILLER_6_662,VDD,Metal1,378.0000,43.1200,4.999709
FILLER_6_654,VDD,Metal1,375.7065,42.5430,4.999709
FILLER_6_622,VDD,Metal1,364.6755,42.3510,4.999709
FILLER_6_591,VDD,Metal1,339.1800,42.6875,4.999709
FILLER_6_583,VDD,Metal1,335.9465,42.5430,4.999709
FILLER_6_547,VDD,Metal1,313.6000,43.1200,4.999708
FILLER_6_543,VDD,Metal1,312.3000,42.6875,4.999708
FILLER_6_527,VDD,Metal1,306.9280,42.4280,4.999708
FILLER_6_523,VDD,Metal1,300.1600,43.1200,4.999701
FILLER_6_519,VDD,Metal1,298.8600,42.6875,4.999701
FILLER_6_481,VDD,Metal1,276.6400,43.1200,4.999644
FILLER_6_473,VDD,Metal1,274.3465,42.5430,4.999644
FILLER_6_457,VDD,Metal1,267.7280,42.4280,4.999644
FILLER_6_454,VDD,Metal1,261.2400,43.1200,4.999644
FILLER_6_391,VDD,Metal1,225.9600,43.1200,4.999643
FILLER_6_387,VDD,Metal1,224.9400,42.6875,4.999643
FILLER_6_384,VDD,Metal1,222.0400,43.1200,4.999643
FILLER_6_382,VDD,Metal1,221.2000,43.1200,4.999643
FILLER_6_378,VDD,Metal1,219.9000,42.6875,4.999643
FILLER_6_370,VDD,Metal1,216.6665,42.5430,4.999643
FILLER_6_338,VDD,Metal1,205.6355,42.3510,4.999648
FILLER_6_317,VDD,Metal1,184.8000,43.1200,4.999652
FILLER_6_313,VDD,Metal1,182.5600,43.1200,4.999652
FILLER_6_292,VDD,Metal1,170.5200,43.1200,4.999628
FILLER_6_290,VDD,Metal1,169.6800,43.1200,4.999628
FILLER_6_268,VDD,Metal1,157.0800,43.1200,4.999627
FILLER_6_264,VDD,Metal1,156.0600,42.6875,4.999627
FILLER_6_247,VDD,Metal1,145.3200,43.1200,4.999620
FILLER_6_222,VDD,Metal1,131.6000,43.1200,4.999620
FILLER_6_187,VDD,Metal1,111.7200,43.1200,4.999611
FILLER_6_159,VDD,Metal1,96.3200,43.1200,4.999611
FILLER_6_122,VDD,Metal1,75.6000,43.1200,4.999632
FILLER_6_69,VDD,Metal1,48.1065,42.5430,4.999641
FILLER_6_37,VDD,Metal1,37.0755,42.3510,4.999660
FILLER_6_34,VDD,Metal1,26.0400,43.1200,4.999660
FILLER_6_2,VDD,Metal1,17.4755,42.3510,4.999661
FILLER_5_676,VDD,Metal1,385.8400,35.2800,4.999833
FILLER_5_672,VDD,Metal1,384.5400,35.7125,4.999833
FILLER_5_664,VDD,Metal1,381.3065,35.8565,4.999833
FILLER_5_632,VDD,Metal1,370.2755,36.0485,4.999833
FILLER_5_628,VDD,Metal1,358.9600,35.2800,4.999833
FILLER_5_624,VDD,Metal1,357.6600,35.7125,4.999833
FILLER_5_608,VDD,Metal1,352.2880,35.9720,4.999833
FILLER_5_570,VDD,Metal1,327.4200,35.7125,4.999787
FILLER_5_562,VDD,Metal1,324.1865,35.8565,4.999787
FILLER_5_559,VDD,Metal1,320.0400,35.2800,4.999786
FILLER_5_557,VDD,Metal1,319.2000,35.2800,4.999785
FILLER_5_549,VDD,Metal1,316.9065,35.8565,4.999785
FILLER_5_492,VDD,Metal1,291.8755,36.0485,4.999657
FILLER_5_489,VDD,Metal1,280.8400,35.2800,4.999657
FILLER_5_487,VDD,Metal1,280.0000,35.2800,4.999656
FILLER_5_471,VDD,Metal1,275.5680,35.9720,4.999656
FILLER_5_459,VDD,Metal1,265.2600,35.7125,4.999646
FILLER_5_451,VDD,Metal1,262.0265,35.8565,4.999646
FILLER_5_435,VDD,Metal1,255.4080,35.9720,4.999646
FILLER_5_408,VDD,Metal1,235.7600,35.2800,4.999638
FILLER_5_392,VDD,Metal1,231.3280,35.9720,4.999607
FILLER_5_356,VDD,Metal1,206.6400,35.2800,4.999603
FILLER_5_352,VDD,Metal1,205.3400,35.7125,4.999603
FILLER_5_349,VDD,Metal1,202.4400,35.2800,4.999603
FILLER_5_345,VDD,Metal1,201.4200,35.7125,4.999603
FILLER_5_273,VDD,Metal1,159.8800,35.2800,4.999602
FILLER_5_250,VDD,Metal1,147.0000,35.2800,4.999600
FILLER_5_235,VDD,Metal1,138.6000,35.2800,4.999598
FILLER_5_212,VDD,Metal1,126.0000,35.2800,4.999580
FILLER_5_125,VDD,Metal1,77.0000,35.2800,4.999597
FILLER_5_121,VDD,Metal1,75.9800,35.7125,4.999597
FILLER_5_72,VDD,Metal1,47.3200,35.2800,4.999642
FILLER_5_66,VDD,Metal1,45.1800,35.7125,4.999643
FILLER_5_2,VDD,Metal1,26.4750,36.0940,4.999643
FILLER_4_673,VDD,Metal1,383.8800,35.2800,4.999833
FILLER_4_671,VDD,Metal1,383.0400,35.2800,4.999833
FILLER_4_667,VDD,Metal1,381.7400,34.8475,4.999833
FILLER_4_661,VDD,Metal1,378.3800,34.8475,4.999833
FILLER_4_597,VDD,Metal1,359.6750,34.4655,4.999833
FILLER_4_593,VDD,Metal1,339.3600,35.2800,4.999833
FILLER_4_577,VDD,Metal1,334.9280,34.5880,4.999833
FILLER_4_571,VDD,Metal1,327.0400,35.2800,4.999787
FILLER_4_567,VDD,Metal1,325.7400,34.8475,4.999787
FILLER_4_551,VDD,Metal1,320.3680,34.5880,4.999786
FILLER_4_527,VDD,Metal1,302.1200,35.2800,4.999769
FILLER_4_519,VDD,Metal1,297.6400,35.2800,4.999657
FILLER_4_511,VDD,Metal1,295.6265,34.7030,4.999657
FILLER_4_474,VDD,Metal1,272.4400,35.2800,4.999656
FILLER_4_472,VDD,Metal1,271.6000,35.2800,4.999647
FILLER_4_451,VDD,Metal1,260.7800,34.8475,4.999646
FILLER_4_443,VDD,Metal1,257.5465,34.7030,4.999646
FILLER_4_427,VDD,Metal1,250.9280,34.5880,4.999646
FILLER_4_403,VDD,Metal1,233.9000,34.8475,4.999607
FILLER_4_387,VDD,Metal1,228.5280,34.5880,4.999607
FILLER_4_384,VDD,Metal1,222.0400,35.2800,4.999606
FILLER_4_382,VDD,Metal1,221.2000,35.2800,4.999606
FILLER_4_374,VDD,Metal1,218.9065,34.7030,4.999606
FILLER_4_222,VDD,Metal1,131.3200,35.2800,4.999585
FILLER_4_220,VDD,Metal1,130.4800,35.2800,4.999585
FILLER_4_179,VDD,Metal1,107.2400,35.2800,4.999580
FILLER_4_177,VDD,Metal1,106.4000,35.2800,4.999580
FILLER_4_90,VDD,Metal1,57.4000,35.2800,4.999600
FILLER_4_86,VDD,Metal1,56.3800,34.8475,4.999641
FILLER_4_51,VDD,Metal1,35.5600,35.2800,4.999643
FILLER_4_49,VDD,Metal1,34.7200,35.2800,4.999643
FILLER_4_45,VDD,Metal1,33.4200,34.8475,4.999643
FILLER_4_37,VDD,Metal1,30.1865,34.7030,4.999643
FILLER_4_34,VDD,Metal1,26.0400,35.2800,4.999643
FILLER_4_30,VDD,Metal1,25.0200,34.8475,4.999643
FILLER_4_22,VDD,Metal1,21.7865,34.7030,4.999643
FILLER_4_6,VDD,Metal1,15.1680,34.5880,4.999643
FILLER_3_672,VDD,Metal1,383.6000,27.4400,4.999782
FILLER_3_664,VDD,Metal1,381.3065,28.0165,4.999782
FILLER_3_632,VDD,Metal1,370.2755,28.2085,4.999782
FILLER_3_629,VDD,Metal1,359.2400,27.4400,4.999782
FILLER_3_621,VDD,Metal1,357.2265,28.0165,4.999782
FILLER_3_589,VDD,Metal1,346.1955,28.2085,4.999782
FILLER_3_562,VDD,Metal1,322.0000,27.4400,4.999774
FILLER_3_544,VDD,Metal1,316.4480,28.1320,4.999769
FILLER_3_535,VDD,Metal1,306.6000,27.4400,4.999768
FILLER_3_533,VDD,Metal1,305.7600,27.4400,4.999768
FILLER_3_529,VDD,Metal1,304.4600,27.8725,4.999768
FILLER_3_492,VDD,Metal1,291.8755,28.2085,4.999762
FILLER_3_473,VDD,Metal1,272.1600,27.4400,4.999748
FILLER_3_438,VDD,Metal1,252.2800,27.4400,4.999741
FILLER_3_422,VDD,Metal1,243.3200,27.4400,4.999739
FILLER_3_398,VDD,Metal1,230.1600,27.4400,4.999739
FILLER_3_394,VDD,Metal1,228.8600,27.8725,4.999739
FILLER_3_358,VDD,Metal1,207.7600,27.4400,4.999736
FILLER_3_348,VDD,Metal1,202.1600,27.4400,4.999736
FILLER_3_300,VDD,Metal1,175.0000,27.4400,4.999739
FILLER_3_298,VDD,Metal1,174.1600,27.4400,4.999739
FILLER_3_263,VDD,Metal1,154.2800,27.4400,4.999726
FILLER_3_261,VDD,Metal1,153.4400,27.4400,4.999724
FILLER_3_194,VDD,Metal1,115.9200,27.4400,4.999723
FILLER_3_144,VDD,Metal1,87.6400,27.4400,4.999714
FILLER_3_142,VDD,Metal1,86.8000,27.4400,4.999714
FILLER_3_136,VDD,Metal1,84.3800,27.8725,4.999714
FILLER_3_87,VDD,Metal1,55.7200,27.4400,4.999739
FILLER_3_38,VDD,Metal1,28.5600,27.4400,4.999786
FILLER_3_34,VDD,Metal1,27.2600,27.8725,4.999787
FILLER_3_26,VDD,Metal1,24.0265,28.0165,4.999795
FILLER_3_10,VDD,Metal1,17.4080,28.1320,4.999808
FILLER_2_677,VDD,Metal1,386.1200,27.4400,4.999782
FILLER_2_675,VDD,Metal1,385.2800,27.4400,4.999782
FILLER_2_667,VDD,Metal1,382.9865,26.8630,4.999782
FILLER_2_661,VDD,Metal1,378.3800,27.0075,4.999782
FILLER_2_597,VDD,Metal1,359.6750,26.6255,4.999782
FILLER_2_524,VDD,Metal1,300.4400,27.4400,4.999765
FILLER_2_522,VDD,Metal1,299.6000,27.4400,4.999762
FILLER_2_484,VDD,Metal1,278.3200,27.4400,4.999758
FILLER_2_480,VDD,Metal1,277.0200,27.0075,4.999758
FILLER_2_472,VDD,Metal1,273.7865,26.8630,4.999758
FILLER_2_453,VDD,Metal1,260.9600,27.4400,4.999747
FILLER_2_445,VDD,Metal1,258.6665,26.8630,4.999747
FILLER_2_387,VDD,Metal1,224.9400,27.0075,4.999736
FILLER_2_347,VDD,Metal1,202.5400,27.0075,4.999736
FILLER_2_240,VDD,Metal1,141.4000,27.4400,4.999724
FILLER_2_179,VDD,Metal1,107.2400,27.4400,4.999718
FILLER_2_177,VDD,Metal1,106.4000,27.4400,4.999718
FILLER_2_158,VDD,Metal1,95.4800,27.4400,4.999714
FILLER_2_156,VDD,Metal1,94.6400,27.4400,4.999714
FILLER_2_107,VDD,Metal1,66.9200,27.4400,4.999737
FILLER_2_101,VDD,Metal1,64.7800,27.0075,4.999737
FILLER_2_37,VDD,Metal1,28.9400,27.0075,4.999786
FILLER_2_34,VDD,Metal1,26.0400,27.4400,4.999795
FILLER_2_26,VDD,Metal1,24.0265,26.8630,4.999795
FILLER_2_10,VDD,Metal1,17.4080,26.7480,4.999808
FILLER_1_680,VDD,Metal1,388.0800,19.6000,4.999859
FILLER_1_664,VDD,Metal1,383.6480,20.2920,4.999859
FILLER_1_632,VDD,Metal1,370.2755,20.3685,4.999859
FILLER_1_626,VDD,Metal1,358.7800,20.0325,4.999859
FILLER_1_562,VDD,Metal1,340.0750,20.4140,4.999859
FILLER_1_556,VDD,Metal1,319.5800,20.0325,4.999859
FILLER_1_492,VDD,Metal1,300.8750,20.4140,4.999858
FILLER_1_489,VDD,Metal1,280.8400,19.6000,4.999856
FILLER_1_473,VDD,Metal1,276.6880,20.2920,4.999853
FILLER_1_438,VDD,Metal1,252.2800,19.6000,4.999845
FILLER_1_436,VDD,Metal1,251.4400,19.6000,4.999845
FILLER_1_389,VDD,Metal1,224.8400,19.6000,4.999834
FILLER_1_387,VDD,Metal1,224.0000,19.6000,4.999830
FILLER_1_383,VDD,Metal1,222.7000,20.0325,4.999830
FILLER_1_375,VDD,Metal1,219.4665,20.1765,4.999829
FILLER_1_352,VDD,Metal1,204.1200,19.6000,4.999818
FILLER_1_346,VDD,Metal1,201.9800,20.0325,4.999818
FILLER_1_282,VDD,Metal1,164.9200,19.6000,4.999801
FILLER_1_228,VDD,Metal1,134.9600,19.6000,4.999794
FILLER_1_144,VDD,Metal1,87.6400,19.6000,4.999777
FILLER_1_142,VDD,Metal1,86.8000,19.6000,4.999777
FILLER_1_136,VDD,Metal1,84.3800,20.0325,4.999769
FILLER_1_100,VDD,Metal1,63.2800,19.6000,4.999761
FILLER_1_72,VDD,Metal1,47.3200,19.6000,4.999764
FILLER_1_54,VDD,Metal1,37.5200,19.6000,4.999773
FILLER_1_38,VDD,Metal1,28.5600,19.6000,4.999778
FILLER_1_34,VDD,Metal1,27.2600,20.0325,4.999778
FILLER_1_2,VDD,Metal1,17.4755,20.3685,4.999784
FILLER_0_679,VDD,Metal1,387.2400,19.6000,4.999859
FILLER_0_677,VDD,Metal1,386.4000,19.6000,4.999859
FILLER_0_669,VDD,Metal1,384.1065,19.0230,4.999859
FILLER_0_664,VDD,Metal1,378.8400,19.6000,4.999859
FILLER_0_648,VDD,Metal1,374.6880,18.9080,4.999859
FILLER_0_614,VDD,Metal1,360.1955,18.8310,4.999859
FILLER_0_607,VDD,Metal1,346.9200,19.6000,4.999859
FILLER_0_602,VDD,Metal1,344.1200,19.6000,4.999859
FILLER_0_600,VDD,Metal1,343.2800,19.6000,4.999859
FILLER_0_596,VDD,Metal1,341.9800,19.1675,4.999859
FILLER_0_580,VDD,Metal1,336.6080,18.9080,4.999859
FILLER_0_546,VDD,Metal1,322.1155,18.8310,4.999859
FILLER_0_512,VDD,Metal1,303.0755,18.8310,4.999858
FILLER_0_508,VDD,Metal1,291.7600,19.6000,4.999858
FILLER_0_500,VDD,Metal1,289.4665,19.0230,4.999858
FILLER_0_484,VDD,Metal1,278.0400,19.6000,4.999853
FILLER_0_482,VDD,Metal1,277.2000,19.6000,4.999853
FILLER_0_478,VDD,Metal1,275.9000,19.1675,4.999853
FILLER_0_472,VDD,Metal1,272.5400,19.1675,4.999851
FILLER_0_464,VDD,Metal1,269.3065,19.0230,4.999851
FILLER_0_356,VDD,Metal1,206.6400,19.6000,4.999818
FILLER_0_339,VDD,Metal1,196.8400,19.6000,4.999815
FILLER_0_322,VDD,Metal1,187.3200,19.6000,4.999803
FILLER_0_172,VDD,Metal1,103.6000,19.6000,4.999778
FILLER_0_138,VDD,Metal1,84.5600,19.6000,4.999769
FILLER_0_129,VDD,Metal1,79.2400,19.6000,4.999761
FILLER_0_127,VDD,Metal1,78.4000,19.6000,4.999761
FILLER_0_104,VDD,Metal1,65.2400,19.6000,4.999761
FILLER_0_70,VDD,Metal1,47.4200,19.1675,4.999764
FILLER_0_36,VDD,Metal1,28.3800,19.1675,4.999778
FILLER_0_2,VDD,Metal1,17.4755,18.8310,4.999784
ANTENNA_2,VDD,Metal1,165.7600,294.0000,4.999760
ANTENNA_1,VDD,Metal1,165.7600,294.0000,4.999760
max_cap543,VDD,Metal1,117.4520,349.3540,4.999681
max_cap542,VDD,Metal1,159.7480,43.5940,4.999627
load_slew541,VDD,Metal1,151.4200,58.2310,4.999591
max_cap540,VDD,Metal1,98.7080,67.1140,4.999581
max_cap539,VDD,Metal1,142.6520,35.7540,4.999600
max_cap538,VDD,Metal1,108.3815,191.6765,4.999706
max_cap537,VDD,Metal1,151.9500,255.1300,4.999661
max_cap536,VDD,Metal1,284.2215,207.3565,4.999695
max_cap535,VDD,Metal1,317.2365,106.2300,4.999580
max_cap534,VDD,Metal1,300.4365,90.5500,4.999615
hold533,VDD,Metal1,262.7025,129.7240,4.999679
hold532,VDD,Metal1,231.7775,58.4355,4.999517
hold531,VDD,Metal1,191.0225,136.8355,4.999805
hold530,VDD,Metal1,235.1375,74.8440,4.999763
hold529,VDD,Metal1,250.2575,176.7640,4.999663
hold528,VDD,Metal1,234.0175,129.7240,4.999677
hold527,VDD,Metal1,214.5425,153.2440,4.999688
hold526,VDD,Metal1,69.5025,176.7640,4.999686
hold525,VDD,Metal1,132.7825,191.7155,4.999715
hold524,VDD,Metal1,347.8225,42.7555,4.999709
hold523,VDD,Metal1,248.1425,113.3155,4.999489
hold522,VDD,Metal1,136.7025,152.5155,4.999717
hold521,VDD,Metal1,191.4575,168.1955,4.999351
hold520,VDD,Metal1,215.5375,168.1955,4.999348
hold519,VDD,Metal1,192.5775,152.5155,4.999698
hold518,VDD,Metal1,329.3425,27.8040,4.999782
clkload20,VDD,Metal1,316.6830,333.5900,4.999799
clkload19,VDD,Metal1,319.4830,270.0900,4.999558
clkload18,VDD,Metal1,257.8830,270.0900,4.999520
clkload17,VDD,Metal1,183.9630,325.7500,4.999735
clkload16,VDD,Metal1,150.3630,340.6500,4.999634
clkload15,VDD,Metal1,190.6765,239.5100,4.999467
clkload14,VDD,Metal1,150.3630,231.6700,4.999774
clkload13,VDD,Metal1,334.0365,183.8500,4.999633
clkload12,VDD,Metal1,301.5630,153.2700,4.999617
clkload11,VDD,Metal1,305.4830,90.5500,4.999649
clkload10,VDD,Metal1,273.5630,106.2300,4.999578
clkload9,VDD,Metal1,199.0830,176.7900,4.999650
clkload8,VDD,Metal1,252.2830,168.1700,4.999344
clkbuf_5_31__f_periph_clk_i,VDD,Metal1,338.6515,341.5420,4.999662
clkbuf_5_30__f_periph_clk_i,VDD,Metal1,338.6515,318.0220,4.999709
clkbuf_5_29__f_periph_clk_i,VDD,Metal1,280.4115,340.5375,4.999596
clkbuf_5_28__f_periph_clk_i,VDD,Metal1,279.8515,324.8575,4.999577
clkbuf_5_27__f_periph_clk_i,VDD,Metal1,338.6515,263.1420,4.999634
clkbuf_5_26__f_periph_clk_i,VDD,Metal1,322.4115,254.2975,4.999682
clkbuf_5_25__f_periph_clk_i,VDD,Metal1,279.8515,269.9775,4.999520
clkbuf_5_24__f_periph_clk_i,VDD,Metal1,279.8515,246.4575,4.999674
clkbuf_5_23__f_periph_clk_i,VDD,Metal1,201.4515,332.6975,4.999560
clkbuf_5_22__f_periph_clk_i,VDD,Metal1,201.4515,301.3375,4.999531
clkbuf_5_21__f_periph_clk_i,VDD,Metal1,165.0515,332.6975,4.999560
clkbuf_5_20__f_periph_clk_i,VDD,Metal1,165.0515,301.3375,4.999561
clkbuf_5_19__f_periph_clk_i,VDD,Metal1,204.8115,246.4575,4.999669
clkbuf_5_18__f_periph_clk_i,VDD,Metal1,204.8115,238.6175,4.999467
clkbuf_5_17__f_periph_clk_i,VDD,Metal1,162.2515,269.9775,4.999598
clkbuf_5_16__f_periph_clk_i,VDD,Metal1,165.0515,238.6175,4.999481
clkbuf_5_15__f_periph_clk_i,VDD,Metal1,342.0115,184.7420,4.999634
clkbuf_5_14__f_periph_clk_i,VDD,Metal1,342.0115,153.3820,4.999616
clkbuf_5_13__f_periph_clk_i,VDD,Metal1,320.7315,191.5775,4.999724
clkbuf_5_12__f_periph_clk_i,VDD,Metal1,319.0515,152.3775,4.999616
clkbuf_5_11__f_periph_clk_i,VDD,Metal1,319.3480,105.3375,4.999580
clkbuf_5_10__f_periph_clk_i,VDD,Metal1,338.6515,82.8220,4.999765
clkbuf_5_9__f_periph_clk_i,VDD,Metal1,283.5080,113.1775,4.999482
clkbuf_5_8__f_periph_clk_i,VDD,Metal1,283.5080,89.6575,4.999614
clkbuf_5_7__f_periph_clk_i,VDD,Metal1,221.0515,176.9020,4.999650
clkbuf_5_6__f_periph_clk_i,VDD,Metal1,182.1480,169.0620,4.999351
clkbuf_5_5__f_periph_clk_i,VDD,Metal1,146.3080,184.7420,4.999613
clkbuf_5_4__f_periph_clk_i,VDD,Metal1,144.6280,169.0620,4.999329
clkbuf_5_3__f_periph_clk_i,VDD,Metal1,263.0515,169.0620,4.999344
clkbuf_5_2__f_periph_clk_i,VDD,Metal1,263.6115,161.2220,4.999576
clkbuf_5_1__f_periph_clk_i,VDD,Metal1,260.2515,145.5420,4.999577
clkbuf_5_0__f_periph_clk_i,VDD,Metal1,244.0115,128.8575,4.999677
clkbuf_4_15_0_periph_clk_i,VDD,Metal1,303.2430,325.7500,4.999589
clkbuf_4_14_0_periph_clk_i,VDD,Metal1,279.1565,332.8100,4.999607
clkbuf_4_13_0_periph_clk_i,VDD,Metal1,294.2830,262.2500,4.999559
clkbuf_4_12_0_periph_clk_i,VDD,Metal1,279.1565,262.2500,4.999555
clkbuf_4_11_0_periph_clk_i,VDD,Metal1,176.6830,302.2300,4.999563
clkbuf_4_10_0_periph_clk_i,VDD,Metal1,153.7165,317.1300,4.999722
clkbuf_4_9_0_periph_clk_i,VDD,Metal1,180.6030,255.1900,4.999665
clkbuf_4_8_0_periph_clk_i,VDD,Metal1,160.4365,255.1900,4.999661
clkbuf_4_7_0_periph_clk_i,VDD,Metal1,327.3230,168.9500,4.999567
clkbuf_4_6_0_periph_clk_i,VDD,Metal1,307.7230,161.1100,4.999660
clkbuf_4_5_0_periph_clk_i,VDD,Metal1,309.3965,90.5500,4.999648
clkbuf_4_4_0_periph_clk_i,VDD,Metal1,284.7630,106.2300,4.999578
clkbuf_4_3_0_periph_clk_i,VDD,Metal1,172.7630,176.0100,4.999647
clkbuf_4_2_0_periph_clk_i,VDD,Metal1,152.5965,176.0100,4.999638
clkbuf_4_1_0_periph_clk_i,VDD,Metal1,232.6830,160.3300,4.999577
clkbuf_4_0_0_periph_clk_i,VDD,Metal1,229.8830,153.2700,4.999669
clkbuf_0_periph_clk_i,VDD,Metal1,244.0115,215.0975,4.999688
clkload7,VDD,Metal1,200.7630,349.2700,4.999551
clkload6,VDD,Metal1,151.4830,215.9900,4.999738
clkload5,VDD,Metal1,32.7630,278.7100,4.999669
clkload4,VDD,Metal1,79.8030,176.0100,4.999681
clkload3,VDD,Metal1,296.5165,121.1300,4.999818
clkload2,VDD,Metal1,271.8830,51.3500,4.999576
clkload1,VDD,Metal1,201.8830,58.4100,4.999596
clkload0,VDD,Metal1,69.1630,74.8700,4.999671
clkbuf_5_31__f_sys_clk_i,VDD,Metal1,204.8115,348.3775,4.999551
clkbuf_5_30__f_sys_clk_i,VDD,Metal1,221.0515,349.3820,4.999551
clkbuf_5_29__f_sys_clk_i,VDD,Metal1,146.0115,349.3820,4.999679
clkbuf_5_28__f_sys_clk_i,VDD,Metal1,126.7080,340.5375,4.999631
clkbuf_5_27__f_sys_clk_i,VDD,Metal1,165.6115,222.9375,4.999797
clkbuf_5_26__f_sys_clk_i,VDD,Metal1,165.6115,230.7775,4.999774
clkbuf_5_25__f_sys_clk_i,VDD,Metal1,123.0515,293.4975,4.999746
clkbuf_5_24__f_sys_clk_i,VDD,Metal1,107.1080,286.6620,4.999670
clkbuf_5_23__f_sys_clk_i,VDD,Metal1,47.7480,277.8175,4.999669
clkbuf_5_22__f_sys_clk_i,VDD,Metal1,67.6115,255.3020,4.999580
clkbuf_5_21__f_sys_clk_i,VDD,Metal1,44.6515,269.9775,4.999579
clkbuf_5_20__f_sys_clk_i,VDD,Metal1,46.8915,238.6175,4.999480
clkbuf_5_19__f_sys_clk_i,VDD,Metal1,87.5080,168.0575,4.999312
clkbuf_5_18__f_sys_clk_i,VDD,Metal1,106.8115,145.5420,4.999608
clkbuf_5_17__f_sys_clk_i,VDD,Metal1,83.8515,207.2575,4.999539
clkbuf_5_16__f_sys_clk_i,VDD,Metal1,48.3080,191.5775,4.999703
clkbuf_5_15__f_sys_clk_i,VDD,Metal1,302.8115,114.1820,4.999482
clkbuf_5_14__f_sys_clk_i,VDD,Metal1,280.7080,105.3375,4.999579
clkbuf_5_13__f_sys_clk_i,VDD,Metal1,224.4115,137.7020,4.999792
clkbuf_5_12__f_sys_clk_i,VDD,Metal1,221.0515,114.1820,4.999498
clkbuf_5_11__f_sys_clk_i,VDD,Metal1,283.2115,58.2975,4.999515
clkbuf_5_10__f_sys_clk_i,VDD,Metal1,299.4515,59.3020,4.999515
clkbuf_5_9__f_sys_clk_i,VDD,Metal1,221.3480,51.4620,4.999544
clkbuf_5_8__f_sys_clk_i,VDD,Metal1,243.4515,42.6175,4.999643
clkbuf_5_7__f_sys_clk_i,VDD,Metal1,83.8515,66.1375,4.999581
clkbuf_5_6__f_sys_clk_i,VDD,Metal1,83.8515,73.9775,4.999671
clkbuf_5_5__f_sys_clk_i,VDD,Metal1,67.6115,114.1820,4.999579
clkbuf_5_4__f_sys_clk_i,VDD,Metal1,67.6115,98.5020,4.999650
clkbuf_5_3__f_sys_clk_i,VDD,Metal1,162.2515,66.1375,4.999592
clkbuf_5_2__f_sys_clk_i,VDD,Metal1,162.2515,34.7775,4.999602
clkbuf_5_1__f_sys_clk_i,VDD,Metal1,123.0515,66.1375,4.999579
clkbuf_5_0__f_sys_clk_i,VDD,Metal1,104.8680,43.6220,4.999611
clkbuf_4_15_0_sys_clk_i,VDD,Metal1,185.0830,341.4300,4.999621
clkbuf_4_14_0_sys_clk_i,VDD,Metal1,131.3165,341.4300,4.999631
clkbuf_4_13_0_sys_clk_i,VDD,Metal1,147.5630,239.5100,4.999480
clkbuf_4_12_0_sys_clk_i,VDD,Metal1,112.2765,277.9300,4.999696
clkbuf_4_11_0_sys_clk_i,VDD,Metal1,42.2830,263.0300,4.999760
clkbuf_4_10_0_sys_clk_i,VDD,Metal1,23.7965,254.4100,4.999639
clkbuf_4_9_0_sys_clk_i,VDD,Metal1,89.3230,160.3300,4.999619
clkbuf_4_8_0_sys_clk_i,VDD,Metal1,49.0030,199.5300,4.999719
clkbuf_4_7_0_sys_clk_i,VDD,Metal1,276.3630,114.0700,4.999481
clkbuf_4_6_0_sys_clk_i,VDD,Metal1,210.8430,128.9700,4.999729
clkbuf_4_5_0_sys_clk_i,VDD,Metal1,259.5630,66.2500,4.999648
clkbuf_4_4_0_sys_clk_i,VDD,Metal1,219.8030,58.4100,4.999523
clkbuf_4_3_0_sys_clk_i,VDD,Metal1,74.7565,74.8700,4.999671
clkbuf_4_2_0_sys_clk_i,VDD,Metal1,67.4765,106.2300,4.999701
clkbuf_4_1_0_sys_clk_i,VDD,Metal1,147.5630,50.5700,4.999545
clkbuf_4_0_0_sys_clk_i,VDD,Metal1,98.2830,51.3500,4.999541
clkbuf_0_sys_clk_i,VDD,Metal1,201.4515,207.2575,4.999649
udma_uart_top,VDD,Metal1,383.8300,395.4510,4.999992
fanout485,VDD,Metal1,208.1300,388.4100,4.999952
fanout484,VDD,Metal1,207.1900,395.6475,4.999984
load_slew483,VDD,Metal1,305.6120,379.7660,4.999919
fanout482,VDD,Metal1,296.0500,387.7500,4.999966
load_slew481,VDD,Metal1,207.0520,340.5660,4.999614
fanout480,VDD,Metal1,197.3100,387.7500,4.999954
load_slew479,VDD,Metal1,212.5415,395.5165,4.999984
fanout478,VDD,Metal1,198.0500,388.4100,4.999954
fanout477,VDD,Metal1,306.1300,262.3100,4.999568
load_slew476,VDD,Metal1,292.7320,247.4340,4.999674
fanout475,VDD,Metal1,289.1500,254.4700,4.999676
fanout474,VDD,Metal1,219.8900,278.6500,4.999814
load_slew473,VDD,Metal1,209.1815,270.8830,4.999579
fanout472,VDD,Metal1,207.9500,270.1500,4.999579
fanout471,VDD,Metal1,31.7300,332.8700,4.999768
fanout470,VDD,Metal1,114.2300,348.6075,4.999680
load_slew469,VDD,Metal1,136.3815,341.4430,4.999631
fanout468,VDD,Metal1,129.7300,333.5300,4.999568
fanout467,VDD,Metal1,28.7500,333.5300,4.999770
load_slew466,VDD,Metal1,42.3015,325.7630,4.999771
fanout465,VDD,Metal1,21.6500,325.0300,4.999778
fanout464,VDD,Metal1,139.2500,285.8300,4.999696
load_slew463,VDD,Metal1,129.6615,286.5630,4.999687
fanout462,VDD,Metal1,129.5500,285.8300,4.999687
fanout461,VDD,Metal1,31.7300,293.6700,4.999762
load_slew460,VDD,Metal1,37.9320,286.6340,4.999674
fanout459,VDD,Metal1,26.1300,294.3300,4.999765
load_slew458,VDD,Metal1,32.7815,247.3630,4.999710
fanout457,VDD,Metal1,21.6500,246.6300,4.999720
fanout456,VDD,Metal1,35.8300,192.3525,4.999703
load_slew455,VDD,Metal1,227.2120,199.4460,4.999786
fanout454,VDD,Metal1,215.9700,199.5900,4.999786
fanout453,VDD,Metal1,236.6900,199.5900,4.999795
load_slew452,VDD,Metal1,220.7880,208.2340,4.999650
fanout451,VDD,Metal1,212.0500,208.0900,4.999649
wire450,VDD,Metal1,212.1030,152.4430,4.999688
fanout449,VDD,Metal1,209.6300,160.3900,4.999590
fanout448,VDD,Metal1,251.0700,106.1700,4.999600
fanout447,VDD,Metal1,240.4300,105.5100,4.999610
load_slew446,VDD,Metal1,214.3320,50.4860,4.999544
fanout445,VDD,Metal1,208.5100,58.4700,4.999558
fanout444,VDD,Metal1,23.8900,192.4100,4.999719
fanout443,VDD,Metal1,127.1300,192.3525,4.999714
load_slew442,VDD,Metal1,136.9415,192.4830,4.999719
fanout441,VDD,Metal1,120.2100,183.9100,4.999615
load_slew440,VDD,Metal1,129.2120,145.5140,4.999608
fanout439,VDD,Metal1,118.9100,152.5500,4.999742
load_slew438,VDD,Metal1,26.7320,153.3540,4.999746
fanout437,VDD,Metal1,31.5500,184.5700,4.999637
load_slew436,VDD,Metal1,38.3815,184.6430,4.999633
fanout435,VDD,Metal1,22.0300,191.7500,4.999719
fanout434,VDD,Metal1,34.7100,105.5675,4.999722
load_slew433,VDD,Metal1,119.5815,106.2430,4.999690
fanout432,VDD,Metal1,112.9300,97.6700,4.999653
fanout431,VDD,Metal1,168.9300,43.4500,4.999628
load_slew430,VDD,Metal1,104.0120,51.4340,4.999541
fanout429,VDD,Metal1,117.2300,50.6300,4.999541
load_slew428,VDD,Metal1,34.0120,106.3140,4.999722
fanout427,VDD,Metal1,33.2300,98.3300,4.999662
load_slew426,VDD,Metal1,34.5720,59.2740,4.999648
fanout425,VDD,Metal1,26.1300,59.1300,4.999654
wire424,VDD,Metal1,43.3780,231.6830,4.999784
wire423,VDD,Metal1,169.2680,59.2740,4.999598
wire422,VDD,Metal1,165.6120,58.3260,4.999597
wire421,VDD,Metal1,178.2280,42.6460,4.999652
wire420,VDD,Metal1,61.7480,50.4860,4.999567
wire419,VDD,Metal1,19.7480,106.3140,4.999737
wire418,VDD,Metal1,11.6120,128.8860,4.999801
wire417,VDD,Metal1,32.8920,20.0740,4.999773
wire416,VDD,Metal1,90.0120,82.7940,4.999769
wire415,VDD,Metal1,20.5720,82.7940,4.999821
wire414,VDD,Metal1,11.9080,59.2740,4.999653
wire413,VDD,Metal1,81.0520,35.7540,4.999596
wire412,VDD,Metal1,89.1880,19.1260,4.999777
wire411,VDD,Metal1,11.6120,199.4460,4.999774
wire410,VDD,Metal1,93.6680,35.7540,4.999580
wire409,VDD,Metal1,77.1320,34.8060,4.999597
wire408,VDD,Metal1,81.0520,51.4340,4.999543
wire407,VDD,Metal1,61.7480,58.3260,4.999610
wire406,VDD,Metal1,61.7480,42.6460,4.999633
wire405,VDD,Metal1,11.9080,152.4060,4.999780
wire404,VDD,Metal1,51.3720,35.7540,4.999642
wire403,VDD,Metal1,11.9080,106.3140,4.999736
wire402,VDD,Metal1,11.9080,113.2060,4.999576
wire401,VDD,Metal1,120.2520,51.4340,4.999541
wire400,VDD,Metal1,137.0520,74.9540,4.999691
wire399,VDD,Metal1,100.9480,42.6460,4.999611
wire398,VDD,Metal1,120.5480,35.7540,4.999580
wire397,VDD,Metal1,77.6920,50.4860,4.999543
wire396,VDD,Metal1,103.4520,59.2740,4.999583
wire395,VDD,Metal1,77.1320,81.8460,4.999770
wire394,VDD,Metal1,81.3480,59.2740,4.999586
wire393,VDD,Metal1,11.9080,153.3540,4.999780
wire392,VDD,Metal1,176.8120,35.7540,4.999603
wire391,VDD,Metal1,197.2680,26.9660,4.999736
wire390,VDD,Metal1,202.3080,19.1260,4.999818
wire389,VDD,Metal1,124.1720,81.8460,4.999771
wire388,VDD,Metal1,11.6120,89.6860,4.999831
wire387,VDD,Metal1,11.9080,114.1540,4.999576
wire386,VDD,Metal1,56.1480,43.5940,4.999637
wire385,VDD,Metal1,62.8680,51.4340,4.999565
wire384,VDD,Metal1,19.7480,89.6860,4.999832
wire383,VDD,Metal1,40.4680,26.9660,4.999746
wire382,VDD,Metal1,120.5480,27.9140,4.999723
wire381,VDD,Metal1,140.7080,51.4340,4.999544
wire380,VDD,Metal1,83.5880,42.6460,4.999616
wire379,VDD,Metal1,139.8520,50.4860,4.999543
wire378,VDD,Metal1,116.8920,74.0060,4.999686
wire377,VDD,Metal1,71.2680,26.9660,4.999736
wire376,VDD,Metal1,53.6120,50.4860,4.999586
wire375,VDD,Metal1,53.9080,42.6460,4.999637
wire374,VDD,Metal1,42.1480,20.0740,4.999768
wire373,VDD,Metal1,61.4520,34.8060,4.999600
wire372,VDD,Metal1,20.8680,105.3660,4.999737
wire371,VDD,Metal1,19.4520,128.8860,4.999802
wire370,VDD,Metal1,132.5720,51.4340,4.999542
wire369,VDD,Metal1,148.2520,51.4340,4.999545
wire368,VDD,Metal1,60.0680,19.1260,4.999761
wire367,VDD,Metal1,108.2280,19.1260,4.999778
wire366,VDD,Metal1,140.4120,67.1140,4.999580
wire365,VDD,Metal1,129.2120,74.9540,4.999690
wire364,VDD,Metal1,33.1880,19.1260,4.999773
wire363,VDD,Metal1,41.0280,19.1260,4.999769
wire362,VDD,Metal1,52.2280,19.1260,4.999761
fanout361,VDD,Metal1,347.7500,121.7925,4.999823
load_slew360,VDD,Metal1,337.9380,129.7630,4.999745
fanout359,VDD,Metal1,345.7100,129.0300,4.999740
load_slew358,VDD,Metal1,295.3780,129.7630,4.999689
fanout357,VDD,Metal1,306.5100,113.3500,4.999482
fanout356,VDD,Metal1,367.9300,74.7525,4.999807
load_slew355,VDD,Metal1,371.6920,74.0120,4.999806
fanout354,VDD,Metal1,368.6700,66.9700,4.999752
load_slew353,VDD,Metal1,293.0280,82.7880,4.999765
fanout352,VDD,Metal1,293.6300,90.4900,4.999614
fanout351,VDD,Metal1,155.1100,208.0325,4.999654
max_cap350,VDD,Metal1,121.2180,223.0365,4.999797
max_cap349,VDD,Metal1,121.2365,247.3500,4.999644
max_cap348,VDD,Metal1,255.2600,223.1385,4.999834
max_cap347,VDD,Metal1,191.8900,27.7700,4.999736
fanout346,VDD,Metal1,115.3500,215.3275,4.999757
fanout345,VDD,Metal1,130.1100,317.8500,4.999722
fanout344,VDD,Metal1,124.8700,246.6875,4.999648
max_cap343,VDD,Metal1,308.2580,58.3965,4.999515
max_cap342,VDD,Metal1,308.3015,66.2365,4.999745
max_cap341,VDD,Metal1,297.0580,51.3630,4.999580
max_cap340,VDD,Metal1,307.7415,74.0765,4.999804
fanout339,VDD,Metal1,228.4900,105.5675,4.999633
fanout338,VDD,Metal1,169.8700,302.1700,4.999561
fanout337,VDD,Metal1,169.3100,310.0100,4.999872
max_cap336,VDD,Metal1,223.6980,59.2030,4.999520
wire335,VDD,Metal1,249.0100,105.5100,4.999600
wire334,VDD,Metal1,222.1300,98.3300,4.999789
wire333,VDD,Metal1,286.5300,137.5300,4.999880
wire332,VDD,Metal1,372.3000,183.9385,4.999633
fanout331,VDD,Metal1,234.0900,113.4075,4.999498
fanout330,VDD,Metal1,228.4900,121.7925,4.999806
fanout329,VDD,Metal1,370.1700,106.1125,4.999573
fanout328,VDD,Metal1,237.2500,19.9300,4.999842
fanout327,VDD,Metal1,381.3700,106.1125,4.999571
fanout326,VDD,Metal1,220.0700,59.0725,4.999522
wire325,VDD,Metal1,235.0100,106.1700,4.999613
fanout324,VDD,Metal1,101.9300,176.6725,4.999638
fanout323,VDD,Metal1,215.6100,192.3525,4.999726
load_slew322,VDD,Metal1,177.3720,317.0460,4.999741
fanout321,VDD,Metal1,168.9300,317.1900,4.999740
fanout320,VDD,Metal1,256.2900,309.3500,4.999885
fanout319,VDD,Metal1,240.2300,333.4725,4.999411
wire318,VDD,Metal1,11.6120,183.7660,4.999655
wire317,VDD,Metal1,212.9480,20.0740,4.999823
max_cap316,VDD,Metal1,178.4500,50.6300,4.999557
fanout315,VDD,Metal1,278.1300,136.8700,4.999806
fanout314,VDD,Metal1,273.8300,98.2725,4.999794
max_cap313,VDD,Metal1,226.9000,293.6985,4.999781
max_cap312,VDD,Metal1,218.0300,294.3300,4.999781
wire311,VDD,Metal1,287.0900,121.8500,4.999816
wire310,VDD,Metal1,300.5300,121.8500,4.999819
max_cap309,VDD,Metal1,303.7780,81.9165,4.999765
wire308,VDD,Metal1,99.9380,247.3630,4.999647
max_cap307,VDD,Metal1,48.9780,247.3630,4.999684
load_slew306,VDD,Metal1,131.8765,255.1900,4.999599
max_cap305,VDD,Metal1,18.1780,223.0365,4.999817
max_cap304,VDD,Metal1,21.5380,270.0765,4.999593
max_cap303,VDD,Metal1,172.2600,114.2490,4.999577
fanout302,VDD,Metal1,164.4500,105.5100,4.999693
fanout301,VDD,Metal1,227.7300,364.2300,4.999938
load_slew300,VDD,Metal1,198.0920,379.7660,4.999931
fanout299,VDD,Metal1,170.9900,379.9100,4.999943
fanout298,VDD,Metal1,160.1500,58.5275,4.999591
fanout297,VDD,Metal1,159.0300,42.8475,4.999627
wire296,VDD,Metal1,110.4565,27.0030,4.999721
fanout295,VDD,Metal1,168.9300,27.7700,4.999739
fanout294,VDD,Metal1,287.8300,207.4875,4.999709
fanout293,VDD,Metal1,211.1100,231.5525,4.999790
wire292,VDD,Metal1,235.3480,371.9260,4.999957
wire291,VDD,Metal1,278.1720,395.4460,4.999988
wire290,VDD,Metal1,189.6920,388.5540,4.999956
wire289,VDD,Metal1,207.6120,372.8740,4.999958
wire288,VDD,Metal1,268.0920,395.4460,4.999987
wire287,VDD,Metal1,246.8120,372.8740,4.999960
wire286,VDD,Metal1,227.2120,371.9260,4.999957
wire285,VDD,Metal1,11.6120,301.3660,4.999698
wire284,VDD,Metal1,271.1880,380.7140,4.999917
wire283,VDD,Metal1,229.7480,365.0340,4.999938
wire282,VDD,Metal1,272.8680,388.5540,4.999962
wire281,VDD,Metal1,256.6280,372.8740,4.999960
wire280,VDD,Metal1,227.2120,379.7660,4.999919
wire279,VDD,Metal1,231.1320,380.7140,4.999918
wire278,VDD,Metal1,264.7320,388.5540,4.999962
wire277,VDD,Metal1,184.0920,395.4460,4.999988
wire276,VDD,Metal1,228.8920,20.0740,4.999836
wire275,VDD,Metal1,366.3880,97.5260,4.999781
wire274,VDD,Metal1,384.5720,89.6860,4.999671
wire273,VDD,Metal1,347.6120,160.2460,4.999672
wire272,VDD,Metal1,355.4520,121.9940,4.999805
wire271,VDD,Metal1,384.5720,81.8460,4.999764
wire270,VDD,Metal1,357.1320,128.8860,4.999740
wire269,VDD,Metal1,259.4280,19.1260,4.999851
wire268,VDD,Metal1,11.6120,169.0340,4.999431
wire267,VDD,Metal1,184.6520,35.7540,4.999603
wire266,VDD,Metal1,11.6120,277.8460,4.999691
max_cap265,VDD,Metal1,292.5780,81.9165,4.999765
max_cap264,VDD,Metal1,300.2600,82.6210,4.999765
max_cap263,VDD,Metal1,318.0700,82.0475,4.999765
max_cap262,VDD,Metal1,102.1965,230.8900,4.999774
max_cap261,VDD,Metal1,68.5965,285.7700,4.999672
max_cap260,VDD,Metal1,96.6215,223.8430,4.999799
max_cap259,VDD,Metal1,56.8180,223.8430,4.999803
max_cap258,VDD,Metal1,79.5100,231.0075,4.999783
max_cap257,VDD,Metal1,74.4700,278.0475,4.999670
wire256,VDD,Metal1,33.2980,239.5230,4.999480
wire255,VDD,Metal1,144.0565,74.9165,4.999700
fanout254,VDD,Metal1,149.7100,81.9900,4.999782
fanout253,VDD,Metal1,133.8500,42.8475,4.999620
load_slew252,VDD,Metal1,81.4200,75.0490,4.999671
fanout251,VDD,Metal1,103.0300,66.3675,4.999580
wire250,VDD,Metal1,247.7100,223.7700,4.999826
max_cap249,VDD,Metal1,243.5000,223.1385,4.999820
max_cap248,VDD,Metal1,185.9300,223.1675,4.999797
max_cap247,VDD,Metal1,144.7380,255.2030,4.999656
wire246,VDD,Metal1,384.5720,183.7660,4.999632
wire245,VDD,Metal1,384.8680,175.9260,4.999692
wire244,VDD,Metal1,384.5720,184.7140,4.999632
wire243,VDD,Metal1,384.5720,168.0860,4.999621
wire242,VDD,Metal1,375.9080,176.8740,4.999693
wire241,VDD,Metal1,384.5720,160.2460,4.999662
wire240,VDD,Metal1,384.5720,97.5260,4.999779
wire239,VDD,Metal1,384.5720,113.2060,4.999428
wire238,VDD,Metal1,384.5720,128.8860,4.999735
wire237,VDD,Metal1,344.8120,136.7260,4.999835
wire236,VDD,Metal1,384.5720,105.3660,4.999571
wire235,VDD,Metal1,246.8120,20.0740,4.999845
wire234,VDD,Metal1,192.4920,35.7540,4.999603
wire233,VDD,Metal1,189.1320,42.6460,4.999652
wire232,VDD,Metal1,248.7880,26.9660,4.999741
fanout231,VDD,Metal1,213.1700,286.4900,4.999765
fanout230,VDD,Metal1,194.1300,270.8100,4.999581
fanout229,VDD,Metal1,298.2900,262.9700,4.999559
fanout228,VDD,Metal1,307.8100,262.9700,4.999568
max_cap227,VDD,Metal1,297.6180,137.6030,4.999881
load_slew226,VDD,Metal1,296.5415,97.5965,4.999797
max_cap225,VDD,Metal1,268.5230,35.6700,4.999647
max_cap224,VDD,Metal1,244.9780,35.6830,4.999640
max_cap223,VDD,Metal1,357.5815,98.4030,4.999784
wire222,VDD,Metal1,347.3480,121.0460,4.999824
wire221,VDD,Metal1,375.0520,89.6860,4.999672
output220,VDD,Metal1,9.5100,270.2075,4.999593
output219,VDD,Metal1,218.9500,19.3275,4.999829
output218,VDD,Metal1,161.8500,35.5525,4.999602
output217,VDD,Metal1,9.5100,160.9925,4.999670
output216,VDD,Metal1,9.5100,176.6725,4.999753
output215,VDD,Metal1,254.2300,27.1675,4.999747
output214,VDD,Metal1,264.8700,19.3275,4.999851
output213,VDD,Metal1,338.2500,144.7675,4.999793
output212,VDD,Metal1,386.9500,74.2075,4.999806
output211,VDD,Metal1,338.2500,136.9275,4.999886
output210,VDD,Metal1,342.1700,145.3125,4.999789
output209,VDD,Metal1,334.3300,129.6325,4.999745
output208,VDD,Metal1,383.5900,74.2075,4.999806
output207,VDD,Metal1,224.5700,19.3275,4.999834
output206,VDD,Metal1,107.5100,42.8475,4.999611
output205,VDD,Metal1,68.8700,50.6875,4.999544
output204,VDD,Metal1,40.8700,27.7125,4.999746
output203,VDD,Metal1,72.8100,27.7125,4.999736
output202,VDD,Metal1,71.6900,35.0075,4.999600
output201,VDD,Metal1,134.3900,50.6875,4.999542
output200,VDD,Metal1,87.9100,35.5525,4.999596
output199,VDD,Metal1,103.0500,35.0075,4.999580
output198,VDD,Metal1,109.2100,35.0075,4.999580
output197,VDD,Metal1,18.4700,136.9275,4.999833
output196,VDD,Metal1,20.7100,113.4075,4.999582
output195,VDD,Metal1,61.0300,19.8725,4.999761
output194,VDD,Metal1,57.6700,27.7125,4.999739
output193,VDD,Metal1,111.4300,74.2075,4.999682
output192,VDD,Metal1,49.2900,19.8725,4.999761
output191,VDD,Metal1,103.0300,74.2075,4.999671
output190,VDD,Metal1,103.0500,58.5275,4.999583
output189,VDD,Metal1,133.2900,35.0075,4.999598
output188,VDD,Metal1,107.5100,50.6875,4.999541
output187,VDD,Metal1,157.9100,35.5525,4.999602
output186,VDD,Metal1,152.8700,43.3925,4.999625
output185,VDD,Metal1,57.1100,51.2325,4.999586
output184,VDD,Metal1,20.7300,82.0475,4.999821
output183,VDD,Metal1,80.0700,58.5275,4.999586
output182,VDD,Metal1,72.2300,50.6875,4.999544
output181,VDD,Metal1,20.7100,121.2475,4.999830
output180,VDD,Metal1,9.5100,74.7525,4.999691
output179,VDD,Metal1,91.2900,35.0075,4.999580
output178,VDD,Metal1,205.5100,27.7125,4.999736
output177,VDD,Metal1,198.2300,35.5525,4.999603
output176,VDD,Metal1,172.4900,42.8475,4.999635
output175,VDD,Metal1,17.3500,153.1525,4.999785
output174,VDD,Metal1,103.0300,50.6875,4.999541
output173,VDD,Metal1,34.1700,27.7125,4.999760
output172,VDD,Metal1,61.0500,27.7125,4.999739
output171,VDD,Metal1,77.8300,42.8475,4.999631
output170,VDD,Metal1,128.2300,35.5525,4.999580
output169,VDD,Metal1,127.1100,51.2325,4.999542
output168,VDD,Metal1,128.2500,43.3925,4.999611
output167,VDD,Metal1,44.2500,27.7125,4.999745
output166,VDD,Metal1,29.1100,129.0875,4.999801
output165,VDD,Metal1,17.3500,113.4075,4.999576
output164,VDD,Metal1,31.3700,27.1675,4.999776
output163,VDD,Metal1,17.3500,152.6075,4.999785
output162,VDD,Metal1,108.6300,58.5275,4.999581
output161,VDD,Metal1,80.6300,43.3925,4.999616
output160,VDD,Metal1,37.5300,27.7125,4.999746
output159,VDD,Metal1,67.2100,19.3275,4.999761
output158,VDD,Metal1,133.8300,58.5275,4.999582
output157,VDD,Metal1,9.5100,208.0325,4.999596
output156,VDD,Metal1,110.8700,50.6875,4.999541
output155,VDD,Metal1,68.3300,35.0075,4.999599
output154,VDD,Metal1,18.4700,66.3675,4.999619
output153,VDD,Metal1,9.5300,74.2075,4.999691
output152,VDD,Metal1,34.7300,27.1675,4.999758
output151,VDD,Metal1,30.7900,27.7125,4.999778
output150,VDD,Metal1,9.5100,129.6325,4.999801
output149,VDD,Metal1,25.1900,106.1125,4.999734
output148,VDD,Metal1,89.5900,59.0725,4.999584
output147,VDD,Metal1,181.4300,35.0075,4.999603
output146,VDD,Metal1,156.8100,58.5275,4.999591
output145,VDD,Metal1,176.3900,58.5275,4.999607
output144,VDD,Metal1,184.8100,19.8725,4.999803
output143,VDD,Metal1,176.9700,27.7125,4.999737
output142,VDD,Metal1,240.2500,27.7125,4.999739
output141,VDD,Metal1,343.8500,137.4725,4.999835
output140,VDD,Metal1,372.4100,82.5925,4.999765
output139,VDD,Metal1,340.4900,137.4725,4.999846
output138,VDD,Metal1,357.8500,145.3125,4.999789
output137,VDD,Metal1,180.8900,388.3525,4.999963
output136,VDD,Metal1,262.0700,372.6725,4.999965
output135,VDD,Metal1,347.7700,160.9925,4.999672
output134,VDD,Metal1,213.9300,372.6725,4.999957
output133,VDD,Metal1,219.5300,372.1275,4.999957
output132,VDD,Metal1,278.3100,388.3525,4.999964
output131,VDD,Metal1,283.9100,395.6475,4.999989
output130,VDD,Metal1,236.3100,372.6725,4.999957
output129,VDD,Metal1,287.2700,395.6475,4.999990
output128,VDD,Metal1,9.5100,294.2725,4.999765
output127,VDD,Metal1,219.5300,364.8325,4.999940
output126,VDD,Metal1,240.2500,364.8325,4.999894
output125,VDD,Metal1,257.0500,372.1275,4.999960
output124,VDD,Metal1,351.6900,129.0875,4.999740
output123,VDD,Metal1,204.9700,379.9675,4.999926
output122,VDD,Metal1,184.2500,388.3525,4.999957
output121,VDD,Metal1,265.4500,372.6725,4.999983
output120,VDD,Metal1,239.6700,372.6725,4.999957
output119,VDD,Metal1,363.4500,176.1275,4.999697
output118,VDD,Metal1,383.5900,192.3525,4.999722
output117,VDD,Metal1,386.9500,199.6475,4.999819
output116,VDD,Metal1,383.5900,191.8075,4.999722
output115,VDD,Metal1,386.9700,192.3525,4.999722
output114,VDD,Metal1,386.9500,191.8075,4.999722
output113,VDD,Metal1,386.9500,74.7525,4.999806
input112,VDD,Metal1,217.4700,388.4100,4.999952
input111,VDD,Metal1,12.1300,388.4100,4.999964
input110,VDD,Metal1,12.1300,191.7500,4.999718
input109,VDD,Metal1,12.1300,215.2700,4.999781
input108,VDD,Metal1,12.1300,192.4100,4.999718
input107,VDD,Metal1,12.1300,207.4300,4.999596
input106,VDD,Metal1,12.1300,200.2500,4.999774
input105,VDD,Metal1,12.1300,230.9500,4.999787
input104,VDD,Metal1,12.1300,238.7900,4.999562
input103,VDD,Metal1,12.1300,231.6100,4.999787
input102,VDD,Metal1,12.1300,223.7700,4.999817
input101,VDD,Metal1,12.1300,176.0700,4.999753
input100,VDD,Metal1,249.9500,19.2700,4.999846
input99,VDD,Metal1,154.3700,19.2700,4.999798
input98,VDD,Metal1,384.3500,90.4900,4.999671
input97,VDD,Metal1,365.8700,121.1900,4.999803
input96,VDD,Metal1,164.4500,19.2700,4.999801
input95,VDD,Metal1,182.9300,27.7700,4.999736
input94,VDD,Metal1,230.5300,19.2700,4.999837
input93,VDD,Metal1,366.0500,137.5300,4.999830
input92,VDD,Metal1,374.8300,105.5100,4.999572
input91,VDD,Metal1,354.8500,114.0100,4.999432
input90,VDD,Metal1,365.8700,160.3900,4.999666
input89,VDD,Metal1,366.0500,145.3700,4.999782
input88,VDD,Metal1,383.9700,121.8500,4.999796
input87,VDD,Metal1,384.3500,168.8900,4.999621
input86,VDD,Metal1,375.3900,168.8900,4.999621
input85,VDD,Metal1,374.8300,121.1900,4.999798
input84,VDD,Metal1,190.7700,19.9300,4.999807
input83,VDD,Metal1,191.8900,19.2700,4.999807
input82,VDD,Metal1,366.4300,98.3300,4.999781
input81,VDD,Metal1,375.3900,129.6900,4.999737
input80,VDD,Metal1,374.8300,113.3500,4.999430
input79,VDD,Metal1,365.8700,105.5100,4.999574
input78,VDD,Metal1,384.3500,129.6900,4.999735
input77,VDD,Metal1,365.8700,144.7100,4.999782
input76,VDD,Metal1,366.4300,129.6900,4.999738
input75,VDD,Metal1,384.3500,145.3700,4.999777
input74,VDD,Metal1,374.8300,152.5500,4.999614
input73,VDD,Metal1,375.3900,153.2100,4.999614
input72,VDD,Metal1,374.8300,160.3900,4.999663
input71,VDD,Metal1,375.3900,161.0500,4.999663
input70,VDD,Metal1,366.0500,161.0500,4.999666
input69,VDD,Metal1,375.3900,114.0100,4.999430
input68,VDD,Metal1,375.3900,98.3300,4.999780
input67,VDD,Metal1,384.3500,98.3300,4.999779
input66,VDD,Metal1,173.4100,19.2700,4.999802
input65,VDD,Metal1,188.5300,27.1100,4.999736
input64,VDD,Metal1,375.3900,90.4900,4.999672
input63,VDD,Metal1,365.8700,136.8700,4.999830
input62,VDD,Metal1,366.4300,114.0100,4.999431
input61,VDD,Metal1,374.8300,97.6700,4.999780
input60,VDD,Metal1,384.3500,137.5300,4.999827
input59,VDD,Metal1,375.0100,137.5300,4.999827
input58,VDD,Metal1,384.3500,114.0100,4.999428
input57,VDD,Metal1,384.3500,161.0500,4.999662
input56,VDD,Metal1,384.3500,153.2100,4.999614
input55,VDD,Metal1,211.4900,19.2700,4.999823
input54,VDD,Metal1,169.4900,19.9300,4.999801
input53,VDD,Metal1,178.4500,19.9300,4.999802
input52,VDD,Metal1,240.9900,19.2700,4.999842
input51,VDD,Metal1,374.4500,129.0300,4.999737
input50,VDD,Metal1,366.4300,121.8500,4.999803
input49,VDD,Metal1,384.3500,82.6500,4.999764
input48,VDD,Metal1,365.4900,152.5500,4.999615
input47,VDD,Metal1,374.4500,136.8700,4.999827
input46,VDD,Metal1,375.0100,121.8500,4.999798
input45,VDD,Metal1,375.3900,145.3700,4.999778
input44,VDD,Metal1,374.8300,168.2300,4.999621
input43,VDD,Metal1,374.8300,144.7100,4.999778
input42,VDD,Metal1,366.4300,153.2100,4.999615
input41,VDD,Metal1,384.3500,176.7300,4.999692
input40,VDD,Metal1,374.8300,176.0700,4.999693
input39,VDD,Metal1,365.8700,129.0300,4.999738
input38,VDD,Metal1,145.4100,19.2700,4.999798
input37,VDD,Metal1,12.1300,160.3900,4.999670
input36,VDD,Metal1,97.6300,19.2700,4.999778
input35,VDD,Metal1,92.5900,19.9300,4.999778
input34,VDD,Metal1,129.7300,19.9300,4.999787
input33,VDD,Metal1,117.4100,27.1100,4.999723
input32,VDD,Metal1,139.2500,34.9500,4.999600
input31,VDD,Metal1,116.6700,19.2700,4.999779
input30,VDD,Metal1,173.7900,395.5900,4.999989
input29,VDD,Metal1,245.6500,387.7500,4.999954
input28,VDD,Metal1,135.7100,19.2700,4.999794
input27,VDD,Metal1,213.5500,380.5700,4.999925
input26,VDD,Metal1,221.9500,395.5900,4.999984
input25,VDD,Metal1,247.7100,388.4100,4.999954
input24,VDD,Metal1,260.0300,395.5900,4.999987
input23,VDD,Metal1,230.9100,395.5900,4.999984
input22,VDD,Metal1,256.2900,388.4100,4.999955
input21,VDD,Metal1,12.1300,302.1700,4.999698
input20,VDD,Metal1,226.4300,388.4100,4.999953
input19,VDD,Metal1,235.0100,388.4100,4.999954
input18,VDD,Metal1,242.2900,395.5900,4.999985
input17,VDD,Metal1,126.3700,19.2700,4.999786
input16,VDD,Metal1,192.8300,395.5900,4.999987
input15,VDD,Metal1,174.3500,388.4100,4.999964
input14,VDD,Metal1,254.6100,387.7500,4.999955
input13,VDD,Metal1,228.1100,387.7500,4.999953
input12,VDD,Metal1,12.1300,66.3100,4.999620
input11,VDD,Metal1,12.1300,82.6500,4.999820
input10,VDD,Metal1,100.4300,27.1100,4.999714
input9,VDD,Metal1,73.5500,19.2700,4.999761
input8,VDD,Metal1,12.1300,136.8700,4.999833
input7,VDD,Metal1,12.1300,105.5100,4.999736
input6,VDD,Metal1,81.2100,19.3275,4.999761
input5,VDD,Metal1,139.8100,19.9300,4.999795
input4,VDD,Metal1,151.5700,27.1100,4.999724
input3,VDD,Metal1,158.8500,27.7700,4.999738
input2,VDD,Metal1,149.8900,42.7900,4.999623
input1,VDD,Metal1,151.5700,35.6100,4.999602
udma_uart_top_517,VDD,Metal1,9.3375,34.8150,4.999643
udma_uart_top_516,VDD,Metal1,386.0700,395.4510,4.999992
udma_uart_top_515,VDD,Metal1,109.9900,42.6510,4.999611
udma_uart_top_514,VDD,Metal1,384.9500,27.9085,4.999782
udma_uart_top_513,VDD,Metal1,384.9500,380.7085,4.999920
udma_uart_top_512,VDD,Metal1,19.9300,395.4510,4.999994
udma_uart_top_511,VDD,Metal1,380.5700,19.1310,4.999859
udma_uart_top_510,VDD,Metal1,387.1900,27.9085,4.999782
udma_uart_top_509,VDD,Metal1,387.1900,388.5485,4.999967
udma_uart_top_508,VDD,Metal1,387.1900,35.7485,4.999833
udma_uart_top_507,VDD,Metal1,384.9500,388.5485,4.999967
udma_uart_top_506,VDD,Metal1,11.5300,26.9710,4.999808
udma_uart_top_505,VDD,Metal1,345.8500,19.1310,4.999859
udma_uart_top_504,VDD,Metal1,142.4700,26.9710,4.999724
udma_uart_top_503,VDD,Metal1,9.2900,27.9085,4.999808
udma_uart_top_502,VDD,Metal1,387.1900,26.9710,4.999782
udma_uart_top_501,VDD,Metal1,9.2900,26.9710,4.999808
udma_uart_top_500,VDD,Metal1,387.1900,387.6110,4.999967
udma_uart_top_499,VDD,Metal1,384.9500,387.6110,4.999967
udma_uart_top_498,VDD,Metal1,131.3700,50.4910,4.999542
udma_uart_top_497,VDD,Metal1,17.6900,395.4510,4.999994
udma_uart_top_496,VDD,Metal1,221.4300,19.1310,4.999830
udma_uart_top_495,VDD,Metal1,145.8300,26.9710,4.999724
udma_uart_top_494,VDD,Metal1,387.1900,380.7085,4.999920
udma_uart_top_493,VDD,Metal1,387.1900,34.8110,4.999833
udma_uart_top_492,VDD,Metal1,387.1900,379.7710,4.999920
udma_uart_top_491,VDD,Metal1,348.6500,19.1310,4.999859
udma_uart_top_490,VDD,Metal1,387.1900,365.0285,4.999916
udma_uart_top_489,VDD,Metal1,11.5300,27.9085,4.999808
udma_uart_top_488,VDD,Metal1,382.7100,387.6110,4.999967
udma_uart_top_487,VDD,Metal1,382.7100,388.5485,4.999967
udma_uart_top_486,VDD,Metal1,384.9500,34.8110,4.999833
TAP_TAPCELL_ROW_96_1135,VDD,Metal1,388.0800,395.2500,4.999992
TAP_TAPCELL_ROW_96_1134,VDD,Metal1,369.0400,395.2500,4.999992
TAP_TAPCELL_ROW_96_1133,VDD,Metal1,350.0000,395.2500,4.999992
TAP_TAPCELL_ROW_96_1132,VDD,Metal1,330.9600,395.2500,4.999992
TAP_TAPCELL_ROW_96_1131,VDD,Metal1,311.9200,395.2500,4.999991
TAP_TAPCELL_ROW_96_1130,VDD,Metal1,292.8800,395.2500,4.999990
TAP_TAPCELL_ROW_96_1129,VDD,Metal1,273.8400,395.2500,4.999988
TAP_TAPCELL_ROW_96_1128,VDD,Metal1,254.8000,395.2500,4.999986
TAP_TAPCELL_ROW_96_1127,VDD,Metal1,235.7600,395.2500,4.999984
TAP_TAPCELL_ROW_96_1126,VDD,Metal1,216.7200,395.2500,4.999984
TAP_TAPCELL_ROW_96_1125,VDD,Metal1,197.6800,395.2500,4.999986
TAP_TAPCELL_ROW_96_1124,VDD,Metal1,178.6400,395.2500,4.999989
TAP_TAPCELL_ROW_96_1123,VDD,Metal1,159.6000,395.2500,4.999990
TAP_TAPCELL_ROW_96_1122,VDD,Metal1,140.5600,395.2500,4.999991
TAP_TAPCELL_ROW_96_1121,VDD,Metal1,121.5200,395.2500,4.999991
TAP_TAPCELL_ROW_96_1120,VDD,Metal1,102.4800,395.2500,4.999992
TAP_TAPCELL_ROW_96_1119,VDD,Metal1,83.4400,395.2500,4.999992
TAP_TAPCELL_ROW_96_1118,VDD,Metal1,64.4000,395.2500,4.999993
TAP_TAPCELL_ROW_96_1117,VDD,Metal1,45.3600,395.2500,4.999993
TAP_TAPCELL_ROW_96_1116,VDD,Metal1,26.3200,395.2500,4.999994
TAP_TAPCELL_ROW_95_1115,VDD,Metal1,360.0800,388.7500,4.999967
TAP_TAPCELL_ROW_95_1114,VDD,Metal1,320.8800,388.7500,4.999967
TAP_TAPCELL_ROW_95_1113,VDD,Metal1,281.6800,388.7500,4.999964
TAP_TAPCELL_ROW_95_1112,VDD,Metal1,242.4800,388.7500,4.999954
TAP_TAPCELL_ROW_95_1111,VDD,Metal1,203.2800,388.7500,4.999952
TAP_TAPCELL_ROW_95_1110,VDD,Metal1,164.0800,388.7500,4.999964
TAP_TAPCELL_ROW_95_1109,VDD,Metal1,124.8800,388.7500,4.999964
TAP_TAPCELL_ROW_95_1108,VDD,Metal1,85.6800,388.7500,4.999964
TAP_TAPCELL_ROW_95_1107,VDD,Metal1,46.4800,388.7500,4.999964
TAP_TAPCELL_ROW_94_1106,VDD,Metal1,379.6800,387.4100,4.999967
TAP_TAPCELL_ROW_94_1105,VDD,Metal1,340.4800,387.4100,4.999967
TAP_TAPCELL_ROW_94_1104,VDD,Metal1,301.2800,387.4100,4.999967
TAP_TAPCELL_ROW_94_1103,VDD,Metal1,262.0800,387.4100,4.999962
TAP_TAPCELL_ROW_94_1102,VDD,Metal1,222.8800,387.4100,4.999953
TAP_TAPCELL_ROW_94_1101,VDD,Metal1,183.6800,387.4100,4.999957
TAP_TAPCELL_ROW_94_1100,VDD,Metal1,144.4800,387.4100,4.999964
TAP_TAPCELL_ROW_94_1099,VDD,Metal1,105.2800,387.4100,4.999964
TAP_TAPCELL_ROW_94_1098,VDD,Metal1,66.0800,387.4100,4.999964
TAP_TAPCELL_ROW_94_1097,VDD,Metal1,26.8800,387.4100,4.999964
TAP_TAPCELL_ROW_93_1096,VDD,Metal1,360.0800,380.9100,4.999920
TAP_TAPCELL_ROW_93_1095,VDD,Metal1,320.8800,380.9100,4.999920
TAP_TAPCELL_ROW_93_1094,VDD,Metal1,281.6800,380.9100,4.999918
TAP_TAPCELL_ROW_93_1093,VDD,Metal1,242.4800,380.9100,4.999918
TAP_TAPCELL_ROW_93_1092,VDD,Metal1,203.2800,380.9100,4.999928
TAP_TAPCELL_ROW_93_1091,VDD,Metal1,164.0800,380.9100,4.999948
TAP_TAPCELL_ROW_93_1090,VDD,Metal1,124.8800,380.9100,4.999948
TAP_TAPCELL_ROW_93_1089,VDD,Metal1,85.6800,380.9100,4.999948
TAP_TAPCELL_ROW_93_1088,VDD,Metal1,46.4800,380.9100,4.999948
TAP_TAPCELL_ROW_92_1087,VDD,Metal1,379.6800,379.5700,4.999920
TAP_TAPCELL_ROW_92_1086,VDD,Metal1,340.4800,379.5700,4.999920
TAP_TAPCELL_ROW_92_1085,VDD,Metal1,301.2800,379.5700,4.999919
TAP_TAPCELL_ROW_92_1084,VDD,Metal1,262.0800,379.5700,4.999918
TAP_TAPCELL_ROW_92_1083,VDD,Metal1,222.8800,379.5700,4.999920
TAP_TAPCELL_ROW_92_1082,VDD,Metal1,183.6800,379.5700,4.999932
TAP_TAPCELL_ROW_92_1081,VDD,Metal1,144.4800,379.5700,4.999948
TAP_TAPCELL_ROW_92_1080,VDD,Metal1,105.2800,379.5700,4.999948
TAP_TAPCELL_ROW_92_1079,VDD,Metal1,66.0800,379.5700,4.999948
TAP_TAPCELL_ROW_92_1078,VDD,Metal1,26.8800,379.5700,4.999948
TAP_TAPCELL_ROW_91_1077,VDD,Metal1,360.0800,373.0700,4.999983
TAP_TAPCELL_ROW_91_1076,VDD,Metal1,320.8800,373.0700,4.999983
TAP_TAPCELL_ROW_91_1075,VDD,Metal1,281.6800,373.0700,4.999983
TAP_TAPCELL_ROW_91_1074,VDD,Metal1,242.4800,373.0700,4.999960
TAP_TAPCELL_ROW_91_1073,VDD,Metal1,203.2800,373.0700,4.999958
TAP_TAPCELL_ROW_91_1072,VDD,Metal1,164.0800,373.0700,4.999964
TAP_TAPCELL_ROW_91_1071,VDD,Metal1,124.8800,373.0700,4.999965
TAP_TAPCELL_ROW_91_1070,VDD,Metal1,85.6800,373.0700,4.999965
TAP_TAPCELL_ROW_91_1069,VDD,Metal1,46.4800,373.0700,4.999965
TAP_TAPCELL_ROW_90_1068,VDD,Metal1,379.6800,371.7300,4.999983
TAP_TAPCELL_ROW_90_1067,VDD,Metal1,340.4800,371.7300,4.999983
TAP_TAPCELL_ROW_90_1066,VDD,Metal1,301.2800,371.7300,4.999983
TAP_TAPCELL_ROW_90_1065,VDD,Metal1,262.0800,371.7300,4.999965
TAP_TAPCELL_ROW_90_1064,VDD,Metal1,222.8800,371.7300,4.999957
TAP_TAPCELL_ROW_90_1063,VDD,Metal1,183.6800,371.7300,4.999963
TAP_TAPCELL_ROW_90_1062,VDD,Metal1,144.4800,371.7300,4.999965
TAP_TAPCELL_ROW_90_1061,VDD,Metal1,105.2800,371.7300,4.999965
TAP_TAPCELL_ROW_90_1060,VDD,Metal1,66.0800,371.7300,4.999965
TAP_TAPCELL_ROW_90_1059,VDD,Metal1,26.8800,371.7300,4.999965
TAP_TAPCELL_ROW_89_1058,VDD,Metal1,360.0800,365.2300,4.999916
TAP_TAPCELL_ROW_89_1057,VDD,Metal1,320.8800,365.2300,4.999916
TAP_TAPCELL_ROW_89_1056,VDD,Metal1,281.6800,365.2300,4.999869
TAP_TAPCELL_ROW_89_1055,VDD,Metal1,242.4800,365.2300,4.999894
TAP_TAPCELL_ROW_89_1054,VDD,Metal1,203.2800,365.2300,4.999963
TAP_TAPCELL_ROW_89_1053,VDD,Metal1,164.0800,365.2300,4.999963
TAP_TAPCELL_ROW_89_1052,VDD,Metal1,124.8800,365.2300,4.999963
TAP_TAPCELL_ROW_89_1051,VDD,Metal1,85.6800,365.2300,4.999963
TAP_TAPCELL_ROW_89_1050,VDD,Metal1,46.4800,365.2300,4.999964
TAP_TAPCELL_ROW_88_1049,VDD,Metal1,379.6800,363.8900,4.999916
TAP_TAPCELL_ROW_88_1048,VDD,Metal1,340.4800,363.8900,4.999916
TAP_TAPCELL_ROW_88_1047,VDD,Metal1,301.2800,363.8900,4.999883
TAP_TAPCELL_ROW_88_1046,VDD,Metal1,262.0800,363.8900,4.999870
TAP_TAPCELL_ROW_88_1045,VDD,Metal1,222.8800,363.8900,4.999939
TAP_TAPCELL_ROW_88_1044,VDD,Metal1,183.6800,363.8900,4.999963
TAP_TAPCELL_ROW_88_1043,VDD,Metal1,144.4800,363.8900,4.999963
TAP_TAPCELL_ROW_88_1042,VDD,Metal1,105.2800,363.8900,4.999963
TAP_TAPCELL_ROW_88_1041,VDD,Metal1,66.0800,363.8900,4.999964
TAP_TAPCELL_ROW_88_1040,VDD,Metal1,26.8800,363.8900,4.999964
TAP_TAPCELL_ROW_87_1039,VDD,Metal1,360.0800,357.3900,4.999808
TAP_TAPCELL_ROW_87_1038,VDD,Metal1,320.8800,357.3900,4.999808
TAP_TAPCELL_ROW_87_1037,VDD,Metal1,281.6800,357.3900,4.999795
TAP_TAPCELL_ROW_87_1036,VDD,Metal1,242.4800,357.3900,4.999799
TAP_TAPCELL_ROW_87_1035,VDD,Metal1,203.2800,357.3900,4.999806
TAP_TAPCELL_ROW_87_1034,VDD,Metal1,164.0800,357.3900,4.999883
TAP_TAPCELL_ROW_87_1033,VDD,Metal1,124.8800,357.3900,4.999884
TAP_TAPCELL_ROW_87_1032,VDD,Metal1,85.6800,357.3900,4.999884
TAP_TAPCELL_ROW_87_1031,VDD,Metal1,46.4800,357.3900,4.999885
TAP_TAPCELL_ROW_86_1030,VDD,Metal1,379.6800,356.0500,4.999808
TAP_TAPCELL_ROW_86_1029,VDD,Metal1,340.4800,356.0500,4.999808
TAP_TAPCELL_ROW_86_1028,VDD,Metal1,301.2800,356.0500,4.999808
TAP_TAPCELL_ROW_86_1027,VDD,Metal1,262.0800,356.0500,4.999797
TAP_TAPCELL_ROW_86_1026,VDD,Metal1,222.8800,356.0500,4.999800
TAP_TAPCELL_ROW_86_1025,VDD,Metal1,183.6800,356.0500,4.999873
TAP_TAPCELL_ROW_86_1024,VDD,Metal1,144.4800,356.0500,4.999884
TAP_TAPCELL_ROW_86_1023,VDD,Metal1,105.2800,356.0500,4.999884
TAP_TAPCELL_ROW_86_1022,VDD,Metal1,66.0800,356.0500,4.999884
TAP_TAPCELL_ROW_86_1021,VDD,Metal1,26.8800,356.0500,4.999885
TAP_TAPCELL_ROW_85_1020,VDD,Metal1,360.0800,349.5500,4.999629
TAP_TAPCELL_ROW_85_1019,VDD,Metal1,320.8800,349.5500,4.999629
TAP_TAPCELL_ROW_85_1018,VDD,Metal1,281.6800,349.5500,4.999616
TAP_TAPCELL_ROW_85_1017,VDD,Metal1,242.4800,349.5500,4.999552
TAP_TAPCELL_ROW_85_1016,VDD,Metal1,203.2800,349.5500,4.999551
TAP_TAPCELL_ROW_85_1015,VDD,Metal1,164.0800,349.5500,4.999679
TAP_TAPCELL_ROW_85_1014,VDD,Metal1,124.8800,349.5500,4.999679
TAP_TAPCELL_ROW_85_1013,VDD,Metal1,85.6800,349.5500,4.999715
TAP_TAPCELL_ROW_85_1012,VDD,Metal1,46.4800,349.5500,4.999716
TAP_TAPCELL_ROW_84_1011,VDD,Metal1,379.6800,348.2100,4.999629
TAP_TAPCELL_ROW_84_1010,VDD,Metal1,340.4800,348.2100,4.999629
TAP_TAPCELL_ROW_84_1009,VDD,Metal1,301.2800,348.2100,4.999618
TAP_TAPCELL_ROW_84_1008,VDD,Metal1,262.0800,348.2100,4.999560
TAP_TAPCELL_ROW_84_1007,VDD,Metal1,222.8800,348.2100,4.999551
TAP_TAPCELL_ROW_84_1006,VDD,Metal1,183.6800,348.2100,4.999671
TAP_TAPCELL_ROW_84_1005,VDD,Metal1,144.4800,348.2100,4.999679
TAP_TAPCELL_ROW_84_1004,VDD,Metal1,105.2800,348.2100,4.999695
TAP_TAPCELL_ROW_84_1003,VDD,Metal1,66.0800,348.2100,4.999715
TAP_TAPCELL_ROW_84_1002,VDD,Metal1,26.8800,348.2100,4.999716
TAP_TAPCELL_ROW_83_1001,VDD,Metal1,360.0800,341.7100,4.999662
TAP_TAPCELL_ROW_83_1000,VDD,Metal1,320.8800,341.7100,4.999662
TAP_TAPCELL_ROW_83_999,VDD,Metal1,281.6800,341.7100,4.999596
TAP_TAPCELL_ROW_83_998,VDD,Metal1,242.4800,341.7100,4.999599
TAP_TAPCELL_ROW_83_997,VDD,Metal1,203.2800,341.7100,4.999615
TAP_TAPCELL_ROW_83_996,VDD,Metal1,164.0800,341.7100,4.999635
TAP_TAPCELL_ROW_83_995,VDD,Metal1,124.8800,341.7100,4.999631
TAP_TAPCELL_ROW_83_994,VDD,Metal1,85.6800,341.7100,4.999635
TAP_TAPCELL_ROW_83_993,VDD,Metal1,46.4800,341.7100,4.999684
TAP_TAPCELL_ROW_82_992,VDD,Metal1,379.6800,340.3700,4.999662
TAP_TAPCELL_ROW_82_991,VDD,Metal1,340.4800,340.3700,4.999662
TAP_TAPCELL_ROW_82_990,VDD,Metal1,301.2800,340.3700,4.999602
TAP_TAPCELL_ROW_82_989,VDD,Metal1,262.0800,340.3700,4.999596
TAP_TAPCELL_ROW_82_988,VDD,Metal1,222.8800,340.3700,4.999607
TAP_TAPCELL_ROW_82_987,VDD,Metal1,183.6800,340.3700,4.999623
TAP_TAPCELL_ROW_82_986,VDD,Metal1,144.4800,340.3700,4.999632
TAP_TAPCELL_ROW_82_985,VDD,Metal1,105.2800,340.3700,4.999633
TAP_TAPCELL_ROW_82_984,VDD,Metal1,66.0800,340.3700,4.999644
TAP_TAPCELL_ROW_82_983,VDD,Metal1,26.8800,340.3700,4.999692
TAP_TAPCELL_ROW_81_982,VDD,Metal1,360.0800,333.8700,4.999799
TAP_TAPCELL_ROW_81_981,VDD,Metal1,320.8800,333.8700,4.999799
TAP_TAPCELL_ROW_81_980,VDD,Metal1,281.6800,333.8700,4.999769
TAP_TAPCELL_ROW_81_979,VDD,Metal1,242.4800,333.8700,4.999411
TAP_TAPCELL_ROW_81_978,VDD,Metal1,203.2800,333.8700,4.999560
TAP_TAPCELL_ROW_81_977,VDD,Metal1,164.0800,333.8700,4.999560
TAP_TAPCELL_ROW_81_976,VDD,Metal1,124.8800,333.8700,4.999568
TAP_TAPCELL_ROW_81_975,VDD,Metal1,85.6800,333.8700,4.999736
TAP_TAPCELL_ROW_81_974,VDD,Metal1,46.4800,333.8700,4.999762
TAP_TAPCELL_ROW_80_973,VDD,Metal1,379.6800,332.5300,4.999799
TAP_TAPCELL_ROW_80_972,VDD,Metal1,340.4800,332.5300,4.999799
TAP_TAPCELL_ROW_80_971,VDD,Metal1,301.2800,332.5300,4.999788
TAP_TAPCELL_ROW_80_970,VDD,Metal1,262.0800,332.5300,4.999396
TAP_TAPCELL_ROW_80_969,VDD,Metal1,222.8800,332.5300,4.999411
TAP_TAPCELL_ROW_80_968,VDD,Metal1,183.6800,332.5300,4.999560
TAP_TAPCELL_ROW_80_967,VDD,Metal1,144.4800,332.5300,4.999560
TAP_TAPCELL_ROW_80_966,VDD,Metal1,105.2800,332.5300,4.999733
TAP_TAPCELL_ROW_80_965,VDD,Metal1,66.0800,332.5300,4.999750
TAP_TAPCELL_ROW_80_964,VDD,Metal1,26.8800,332.5300,4.999770
TAP_TAPCELL_ROW_79_963,VDD,Metal1,360.0800,326.0300,4.999721
TAP_TAPCELL_ROW_79_962,VDD,Metal1,320.8800,326.0300,4.999721
TAP_TAPCELL_ROW_79_961,VDD,Metal1,281.6800,326.0300,4.999577
TAP_TAPCELL_ROW_79_960,VDD,Metal1,242.4800,326.0300,4.999597
TAP_TAPCELL_ROW_79_959,VDD,Metal1,203.2800,326.0300,4.999678
TAP_TAPCELL_ROW_79_958,VDD,Metal1,164.0800,326.0300,4.999756
TAP_TAPCELL_ROW_79_957,VDD,Metal1,124.8800,326.0300,4.999746
TAP_TAPCELL_ROW_79_956,VDD,Metal1,85.6800,326.0300,4.999762
TAP_TAPCELL_ROW_79_955,VDD,Metal1,46.4800,326.0300,4.999771
TAP_TAPCELL_ROW_78_954,VDD,Metal1,379.6800,324.6900,4.999721
TAP_TAPCELL_ROW_78_953,VDD,Metal1,340.4800,324.6900,4.999721
TAP_TAPCELL_ROW_78_952,VDD,Metal1,301.2800,324.6900,4.999585
TAP_TAPCELL_ROW_78_951,VDD,Metal1,262.0800,324.6900,4.999580
TAP_TAPCELL_ROW_78_950,VDD,Metal1,222.8800,324.6900,4.999607
TAP_TAPCELL_ROW_78_949,VDD,Metal1,183.6800,324.6900,4.999735
TAP_TAPCELL_ROW_78_948,VDD,Metal1,144.4800,324.6900,4.999746
TAP_TAPCELL_ROW_78_947,VDD,Metal1,105.2800,324.6900,4.999761
TAP_TAPCELL_ROW_78_946,VDD,Metal1,66.0800,324.6900,4.999765
TAP_TAPCELL_ROW_78_945,VDD,Metal1,26.8800,324.6900,4.999778
TAP_TAPCELL_ROW_77_944,VDD,Metal1,360.0800,318.1900,4.999709
TAP_TAPCELL_ROW_77_943,VDD,Metal1,320.8800,318.1900,4.999681
TAP_TAPCELL_ROW_77_942,VDD,Metal1,281.6800,318.1900,4.999648
TAP_TAPCELL_ROW_77_941,VDD,Metal1,242.4800,318.1900,4.999641
TAP_TAPCELL_ROW_77_940,VDD,Metal1,203.2800,318.1900,4.999685
TAP_TAPCELL_ROW_77_939,VDD,Metal1,164.0800,318.1900,4.999736
TAP_TAPCELL_ROW_77_938,VDD,Metal1,124.8800,318.1900,4.999728
TAP_TAPCELL_ROW_77_937,VDD,Metal1,85.6800,318.1900,4.999761
TAP_TAPCELL_ROW_77_936,VDD,Metal1,46.4800,318.1900,4.999794
TAP_TAPCELL_ROW_76_935,VDD,Metal1,379.6800,316.8500,4.999709
TAP_TAPCELL_ROW_76_934,VDD,Metal1,340.4800,316.8500,4.999709
TAP_TAPCELL_ROW_76_933,VDD,Metal1,301.2800,316.8500,4.999658
TAP_TAPCELL_ROW_76_932,VDD,Metal1,262.0800,316.8500,4.999640
TAP_TAPCELL_ROW_76_931,VDD,Metal1,222.8800,316.8500,4.999658
TAP_TAPCELL_ROW_76_930,VDD,Metal1,183.6800,316.8500,4.999733
TAP_TAPCELL_ROW_76_929,VDD,Metal1,144.4800,316.8500,4.999722
TAP_TAPCELL_ROW_76_928,VDD,Metal1,105.2800,316.8500,4.999750
TAP_TAPCELL_ROW_76_927,VDD,Metal1,66.0800,316.8500,4.999766
TAP_TAPCELL_ROW_76_926,VDD,Metal1,26.8800,316.8500,4.999794
TAP_TAPCELL_ROW_75_925,VDD,Metal1,360.0800,310.3500,4.999893
TAP_TAPCELL_ROW_75_924,VDD,Metal1,320.8800,310.3500,4.999892
TAP_TAPCELL_ROW_75_923,VDD,Metal1,281.6800,310.3500,4.999885
TAP_TAPCELL_ROW_75_922,VDD,Metal1,242.4800,310.3500,4.999884
TAP_TAPCELL_ROW_75_921,VDD,Metal1,203.2800,310.3500,4.999882
TAP_TAPCELL_ROW_75_920,VDD,Metal1,164.0800,310.3500,4.999872
TAP_TAPCELL_ROW_75_919,VDD,Metal1,124.8800,310.3500,4.999866
TAP_TAPCELL_ROW_75_918,VDD,Metal1,85.6800,310.3500,4.999860
TAP_TAPCELL_ROW_75_917,VDD,Metal1,46.4800,310.3500,4.999826
TAP_TAPCELL_ROW_74_916,VDD,Metal1,379.6800,309.0100,4.999893
TAP_TAPCELL_ROW_74_915,VDD,Metal1,340.4800,309.0100,4.999893
TAP_TAPCELL_ROW_74_914,VDD,Metal1,301.2800,309.0100,4.999887
TAP_TAPCELL_ROW_74_913,VDD,Metal1,262.0800,309.0100,4.999885
TAP_TAPCELL_ROW_74_912,VDD,Metal1,222.8800,309.0100,4.999882
TAP_TAPCELL_ROW_74_911,VDD,Metal1,183.6800,309.0100,4.999882
TAP_TAPCELL_ROW_74_910,VDD,Metal1,144.4800,309.0100,4.999872
TAP_TAPCELL_ROW_74_909,VDD,Metal1,105.2800,309.0100,4.999861
TAP_TAPCELL_ROW_74_908,VDD,Metal1,66.0800,309.0100,4.999826
TAP_TAPCELL_ROW_74_907,VDD,Metal1,26.8800,309.0100,4.999830
TAP_TAPCELL_ROW_73_906,VDD,Metal1,360.0800,302.5100,4.999677
TAP_TAPCELL_ROW_73_905,VDD,Metal1,320.8800,302.5100,4.999680
TAP_TAPCELL_ROW_73_904,VDD,Metal1,281.6800,302.5100,4.999625
TAP_TAPCELL_ROW_73_903,VDD,Metal1,242.4800,302.5100,4.999570
TAP_TAPCELL_ROW_73_902,VDD,Metal1,203.2800,302.5100,4.999531
TAP_TAPCELL_ROW_73_901,VDD,Metal1,164.0800,302.5100,4.999561
TAP_TAPCELL_ROW_73_900,VDD,Metal1,124.8800,302.5100,4.999560
TAP_TAPCELL_ROW_73_899,VDD,Metal1,85.6800,302.5100,4.999562
TAP_TAPCELL_ROW_73_898,VDD,Metal1,46.4800,302.5100,4.999676
TAP_TAPCELL_ROW_72_897,VDD,Metal1,379.6800,301.1700,4.999677
TAP_TAPCELL_ROW_72_896,VDD,Metal1,340.4800,301.1700,4.999680
TAP_TAPCELL_ROW_72_895,VDD,Metal1,301.2800,301.1700,4.999660
TAP_TAPCELL_ROW_72_894,VDD,Metal1,262.0800,301.1700,4.999610
TAP_TAPCELL_ROW_72_893,VDD,Metal1,222.8800,301.1700,4.999531
TAP_TAPCELL_ROW_72_892,VDD,Metal1,183.6800,301.1700,4.999558
TAP_TAPCELL_ROW_72_891,VDD,Metal1,144.4800,301.1700,4.999560
TAP_TAPCELL_ROW_72_890,VDD,Metal1,105.2800,301.1700,4.999560
TAP_TAPCELL_ROW_72_889,VDD,Metal1,66.0800,301.1700,4.999579
TAP_TAPCELL_ROW_72_888,VDD,Metal1,26.8800,301.1700,4.999698
TAP_TAPCELL_ROW_71_887,VDD,Metal1,360.0800,294.6700,4.999859
TAP_TAPCELL_ROW_71_886,VDD,Metal1,320.8800,294.6700,4.999856
TAP_TAPCELL_ROW_71_885,VDD,Metal1,281.6800,294.6700,4.999805
TAP_TAPCELL_ROW_71_884,VDD,Metal1,242.4800,294.6700,4.999782
TAP_TAPCELL_ROW_71_883,VDD,Metal1,203.2800,294.6700,4.999781
TAP_TAPCELL_ROW_71_882,VDD,Metal1,164.0800,294.6700,4.999760
TAP_TAPCELL_ROW_71_881,VDD,Metal1,124.8800,294.6700,4.999746
TAP_TAPCELL_ROW_71_880,VDD,Metal1,85.6800,294.6700,4.999747
TAP_TAPCELL_ROW_71_879,VDD,Metal1,46.4800,294.6700,4.999751
TAP_TAPCELL_ROW_70_878,VDD,Metal1,379.6800,293.3300,4.999859
TAP_TAPCELL_ROW_70_877,VDD,Metal1,340.4800,293.3300,4.999859
TAP_TAPCELL_ROW_70_876,VDD,Metal1,301.2800,293.3300,4.999840
TAP_TAPCELL_ROW_70_875,VDD,Metal1,262.0800,293.3300,4.999783
TAP_TAPCELL_ROW_70_874,VDD,Metal1,222.8800,293.3300,4.999781
TAP_TAPCELL_ROW_70_873,VDD,Metal1,183.6800,293.3300,4.999785
TAP_TAPCELL_ROW_70_872,VDD,Metal1,144.4800,293.3300,4.999750
TAP_TAPCELL_ROW_70_871,VDD,Metal1,105.2800,293.3300,4.999746
TAP_TAPCELL_ROW_70_870,VDD,Metal1,66.0800,293.3300,4.999747
TAP_TAPCELL_ROW_70_869,VDD,Metal1,26.8800,293.3300,4.999765
TAP_TAPCELL_ROW_69_868,VDD,Metal1,360.0800,286.8300,4.999845
TAP_TAPCELL_ROW_69_867,VDD,Metal1,320.8800,286.8300,4.999846
TAP_TAPCELL_ROW_69_866,VDD,Metal1,281.6800,286.8300,4.999829
TAP_TAPCELL_ROW_69_865,VDD,Metal1,242.4800,286.8300,4.999805
TAP_TAPCELL_ROW_69_864,VDD,Metal1,203.2800,286.8300,4.999765
TAP_TAPCELL_ROW_69_863,VDD,Metal1,164.0800,286.8300,4.999710
TAP_TAPCELL_ROW_69_862,VDD,Metal1,124.8800,286.8300,4.999675
TAP_TAPCELL_ROW_69_861,VDD,Metal1,85.6800,286.8300,4.999671
TAP_TAPCELL_ROW_69_860,VDD,Metal1,46.4800,286.8300,4.999673
TAP_TAPCELL_ROW_68_859,VDD,Metal1,379.6800,285.4900,4.999845
TAP_TAPCELL_ROW_68_858,VDD,Metal1,340.4800,285.4900,4.999845
TAP_TAPCELL_ROW_68_857,VDD,Metal1,301.2800,285.4900,4.999845
TAP_TAPCELL_ROW_68_856,VDD,Metal1,262.0800,285.4900,4.999810
TAP_TAPCELL_ROW_68_855,VDD,Metal1,222.8800,285.4900,4.999792
TAP_TAPCELL_ROW_68_854,VDD,Metal1,183.6800,285.4900,4.999758
TAP_TAPCELL_ROW_68_853,VDD,Metal1,144.4800,285.4900,4.999709
TAP_TAPCELL_ROW_68_852,VDD,Metal1,105.2800,285.4900,4.999670
TAP_TAPCELL_ROW_68_851,VDD,Metal1,66.0800,285.4900,4.999672
TAP_TAPCELL_ROW_68_850,VDD,Metal1,26.8800,285.4900,4.999676
TAP_TAPCELL_ROW_67_849,VDD,Metal1,360.0800,278.9900,4.999857
TAP_TAPCELL_ROW_67_848,VDD,Metal1,320.8800,278.9900,4.999856
TAP_TAPCELL_ROW_67_847,VDD,Metal1,281.6800,278.9900,4.999840
TAP_TAPCELL_ROW_67_846,VDD,Metal1,242.4800,278.9900,4.999825
TAP_TAPCELL_ROW_67_845,VDD,Metal1,203.2800,278.9900,4.999804
TAP_TAPCELL_ROW_67_844,VDD,Metal1,164.0800,278.9900,4.999749
TAP_TAPCELL_ROW_67_843,VDD,Metal1,124.8800,278.9900,4.999720
TAP_TAPCELL_ROW_67_842,VDD,Metal1,85.6800,278.9900,4.999678
TAP_TAPCELL_ROW_67_841,VDD,Metal1,46.4800,278.9900,4.999669
TAP_TAPCELL_ROW_66_840,VDD,Metal1,379.6800,277.6500,4.999857
TAP_TAPCELL_ROW_66_839,VDD,Metal1,340.4800,277.6500,4.999857
TAP_TAPCELL_ROW_66_838,VDD,Metal1,301.2800,277.6500,4.999845
TAP_TAPCELL_ROW_66_837,VDD,Metal1,262.0800,277.6500,4.999827
TAP_TAPCELL_ROW_66_836,VDD,Metal1,222.8800,277.6500,4.999816
TAP_TAPCELL_ROW_66_835,VDD,Metal1,183.6800,277.6500,4.999754
TAP_TAPCELL_ROW_66_834,VDD,Metal1,144.4800,277.6500,4.999722
TAP_TAPCELL_ROW_66_833,VDD,Metal1,105.2800,277.6500,4.999686
TAP_TAPCELL_ROW_66_832,VDD,Metal1,66.0800,277.6500,4.999670
TAP_TAPCELL_ROW_66_831,VDD,Metal1,26.8800,277.6500,4.999681
TAP_TAPCELL_ROW_65_830,VDD,Metal1,360.0800,271.1500,4.999656
TAP_TAPCELL_ROW_65_829,VDD,Metal1,320.8800,271.1500,4.999602
TAP_TAPCELL_ROW_65_828,VDD,Metal1,281.6800,271.1500,4.999520
TAP_TAPCELL_ROW_65_827,VDD,Metal1,242.4800,271.1500,4.999519
TAP_TAPCELL_ROW_65_826,VDD,Metal1,203.2800,271.1500,4.999580
TAP_TAPCELL_ROW_65_825,VDD,Metal1,164.0800,271.1500,4.999598
TAP_TAPCELL_ROW_65_824,VDD,Metal1,124.8800,271.1500,4.999587
TAP_TAPCELL_ROW_65_823,VDD,Metal1,85.6800,271.1500,4.999583
TAP_TAPCELL_ROW_65_822,VDD,Metal1,46.4800,271.1500,4.999579
TAP_TAPCELL_ROW_64_821,VDD,Metal1,379.6800,269.8100,4.999656
TAP_TAPCELL_ROW_64_820,VDD,Metal1,340.4800,269.8100,4.999656
TAP_TAPCELL_ROW_64_819,VDD,Metal1,301.2800,269.8100,4.999532
TAP_TAPCELL_ROW_64_818,VDD,Metal1,262.0800,269.8100,4.999520
TAP_TAPCELL_ROW_64_817,VDD,Metal1,222.8800,269.8100,4.999519
TAP_TAPCELL_ROW_64_816,VDD,Metal1,183.6800,269.8100,4.999590
TAP_TAPCELL_ROW_64_815,VDD,Metal1,144.4800,269.8100,4.999598
TAP_TAPCELL_ROW_64_814,VDD,Metal1,105.2800,269.8100,4.999586
TAP_TAPCELL_ROW_64_813,VDD,Metal1,66.0800,269.8100,4.999579
TAP_TAPCELL_ROW_64_812,VDD,Metal1,26.8800,269.8100,4.999585
TAP_TAPCELL_ROW_63_811,VDD,Metal1,360.0800,263.3100,4.999634
TAP_TAPCELL_ROW_63_810,VDD,Metal1,320.8800,263.3100,4.999634
TAP_TAPCELL_ROW_63_809,VDD,Metal1,281.6800,263.3100,4.999556
TAP_TAPCELL_ROW_63_808,VDD,Metal1,242.4800,263.3100,4.999751
TAP_TAPCELL_ROW_63_807,VDD,Metal1,203.2800,263.3100,4.999766
TAP_TAPCELL_ROW_63_806,VDD,Metal1,164.0800,263.3100,4.999775
TAP_TAPCELL_ROW_63_805,VDD,Metal1,124.8800,263.3100,4.999756
TAP_TAPCELL_ROW_63_804,VDD,Metal1,85.6800,263.3100,4.999757
TAP_TAPCELL_ROW_63_803,VDD,Metal1,46.4800,263.3100,4.999760
TAP_TAPCELL_ROW_62_802,VDD,Metal1,379.6800,261.9700,4.999634
TAP_TAPCELL_ROW_62_801,VDD,Metal1,340.4800,261.9700,4.999634
TAP_TAPCELL_ROW_62_800,VDD,Metal1,301.2800,261.9700,4.999561
TAP_TAPCELL_ROW_62_799,VDD,Metal1,262.0800,261.9700,4.999750
TAP_TAPCELL_ROW_62_798,VDD,Metal1,222.8800,261.9700,4.999756
TAP_TAPCELL_ROW_62_797,VDD,Metal1,183.6800,261.9700,4.999771
TAP_TAPCELL_ROW_62_796,VDD,Metal1,144.4800,261.9700,4.999757
TAP_TAPCELL_ROW_62_795,VDD,Metal1,105.2800,261.9700,4.999755
TAP_TAPCELL_ROW_62_794,VDD,Metal1,66.0800,261.9700,4.999758
TAP_TAPCELL_ROW_62_793,VDD,Metal1,26.8800,261.9700,4.999765
TAP_TAPCELL_ROW_61_792,VDD,Metal1,360.0800,255.4700,4.999682
TAP_TAPCELL_ROW_61_791,VDD,Metal1,320.8800,255.4700,4.999682
TAP_TAPCELL_ROW_61_790,VDD,Metal1,281.6800,255.4700,4.999671
TAP_TAPCELL_ROW_61_789,VDD,Metal1,242.4800,255.4700,4.999668
TAP_TAPCELL_ROW_61_788,VDD,Metal1,203.2800,255.4700,4.999666
TAP_TAPCELL_ROW_61_787,VDD,Metal1,164.0800,255.4700,4.999661
TAP_TAPCELL_ROW_61_786,VDD,Metal1,124.8800,255.4700,4.999594
TAP_TAPCELL_ROW_61_785,VDD,Metal1,85.6800,255.4700,4.999582
TAP_TAPCELL_ROW_61_784,VDD,Metal1,46.4800,255.4700,4.999580
TAP_TAPCELL_ROW_60_783,VDD,Metal1,379.6800,254.1300,4.999682
TAP_TAPCELL_ROW_60_782,VDD,Metal1,340.4800,254.1300,4.999682
TAP_TAPCELL_ROW_60_781,VDD,Metal1,301.2800,254.1300,4.999676
TAP_TAPCELL_ROW_60_780,VDD,Metal1,262.0800,254.1300,4.999669
TAP_TAPCELL_ROW_60_779,VDD,Metal1,222.8800,254.1300,4.999667
TAP_TAPCELL_ROW_60_778,VDD,Metal1,183.6800,254.1300,4.999665
TAP_TAPCELL_ROW_60_777,VDD,Metal1,144.4800,254.1300,4.999656
TAP_TAPCELL_ROW_60_776,VDD,Metal1,105.2800,254.1300,4.999591
TAP_TAPCELL_ROW_60_775,VDD,Metal1,66.0800,254.1300,4.999580
TAP_TAPCELL_ROW_60_774,VDD,Metal1,26.8800,254.1300,4.999627
TAP_TAPCELL_ROW_59_773,VDD,Metal1,360.0800,247.6300,4.999692
TAP_TAPCELL_ROW_59_772,VDD,Metal1,320.8800,247.6300,4.999691
TAP_TAPCELL_ROW_59_771,VDD,Metal1,281.6800,247.6300,4.999674
TAP_TAPCELL_ROW_59_770,VDD,Metal1,242.4800,247.6300,4.999672
TAP_TAPCELL_ROW_59_769,VDD,Metal1,203.2800,247.6300,4.999669
TAP_TAPCELL_ROW_59_768,VDD,Metal1,164.0800,247.6300,4.999672
TAP_TAPCELL_ROW_59_767,VDD,Metal1,124.8800,247.6300,4.999648
TAP_TAPCELL_ROW_59_766,VDD,Metal1,85.6800,247.6300,4.999647
TAP_TAPCELL_ROW_59_765,VDD,Metal1,46.4800,247.6300,4.999684
TAP_TAPCELL_ROW_58_764,VDD,Metal1,379.6800,246.2900,4.999692
TAP_TAPCELL_ROW_58_763,VDD,Metal1,340.4800,246.2900,4.999691
TAP_TAPCELL_ROW_58_762,VDD,Metal1,301.2800,246.2900,4.999679
TAP_TAPCELL_ROW_58_761,VDD,Metal1,262.0800,246.2900,4.999674
TAP_TAPCELL_ROW_58_760,VDD,Metal1,222.8800,246.2900,4.999669
TAP_TAPCELL_ROW_58_759,VDD,Metal1,183.6800,246.2900,4.999669
TAP_TAPCELL_ROW_58_758,VDD,Metal1,144.4800,246.2900,4.999658
TAP_TAPCELL_ROW_58_757,VDD,Metal1,105.2800,246.2900,4.999647
TAP_TAPCELL_ROW_58_756,VDD,Metal1,66.0800,246.2900,4.999652
TAP_TAPCELL_ROW_58_755,VDD,Metal1,26.8800,246.2900,4.999711
TAP_TAPCELL_ROW_57_754,VDD,Metal1,360.0800,239.7900,4.999787
TAP_TAPCELL_ROW_57_753,VDD,Metal1,320.8800,239.7900,4.999617
TAP_TAPCELL_ROW_57_752,VDD,Metal1,281.6800,239.7900,4.999593
TAP_TAPCELL_ROW_57_751,VDD,Metal1,242.4800,239.7900,4.999549
TAP_TAPCELL_ROW_57_750,VDD,Metal1,203.2800,239.7900,4.999467
TAP_TAPCELL_ROW_57_749,VDD,Metal1,164.0800,239.7900,4.999481
TAP_TAPCELL_ROW_57_748,VDD,Metal1,124.8800,239.7900,4.999478
TAP_TAPCELL_ROW_57_747,VDD,Metal1,85.6800,239.7900,4.999478
TAP_TAPCELL_ROW_57_746,VDD,Metal1,46.4800,239.7900,4.999480
TAP_TAPCELL_ROW_56_745,VDD,Metal1,379.6800,238.4500,4.999787
TAP_TAPCELL_ROW_56_744,VDD,Metal1,340.4800,238.4500,4.999787
TAP_TAPCELL_ROW_56_743,VDD,Metal1,301.2800,238.4500,4.999601
TAP_TAPCELL_ROW_56_742,VDD,Metal1,262.0800,238.4500,4.999573
TAP_TAPCELL_ROW_56_741,VDD,Metal1,222.8800,238.4500,4.999467
TAP_TAPCELL_ROW_56_740,VDD,Metal1,183.6800,238.4500,4.999478
TAP_TAPCELL_ROW_56_739,VDD,Metal1,144.4800,238.4500,4.999480
TAP_TAPCELL_ROW_56_738,VDD,Metal1,105.2800,238.4500,4.999477
TAP_TAPCELL_ROW_56_737,VDD,Metal1,66.0800,238.4500,4.999480
TAP_TAPCELL_ROW_56_736,VDD,Metal1,26.8800,238.4500,4.999563
TAP_TAPCELL_ROW_55_735,VDD,Metal1,360.0800,231.9500,4.999862
TAP_TAPCELL_ROW_55_734,VDD,Metal1,320.8800,231.9500,4.999855
TAP_TAPCELL_ROW_55_733,VDD,Metal1,281.6800,231.9500,4.999844
TAP_TAPCELL_ROW_55_732,VDD,Metal1,242.4800,231.9500,4.999797
TAP_TAPCELL_ROW_55_731,VDD,Metal1,203.2800,231.9500,4.999783
TAP_TAPCELL_ROW_55_730,VDD,Metal1,164.0800,231.9500,4.999774
TAP_TAPCELL_ROW_55_729,VDD,Metal1,124.8800,231.9500,4.999774
TAP_TAPCELL_ROW_55_728,VDD,Metal1,85.6800,231.9500,4.999782
TAP_TAPCELL_ROW_55_727,VDD,Metal1,46.4800,231.9500,4.999784
TAP_TAPCELL_ROW_54_726,VDD,Metal1,379.6800,230.6100,4.999862
TAP_TAPCELL_ROW_54_725,VDD,Metal1,340.4800,230.6100,4.999862
TAP_TAPCELL_ROW_54_724,VDD,Metal1,301.2800,230.6100,4.999851
TAP_TAPCELL_ROW_54_723,VDD,Metal1,262.0800,230.6100,4.999838
TAP_TAPCELL_ROW_54_722,VDD,Metal1,222.8800,230.6100,4.999796
TAP_TAPCELL_ROW_54_721,VDD,Metal1,183.6800,230.6100,4.999775
TAP_TAPCELL_ROW_54_720,VDD,Metal1,144.4800,230.6100,4.999774
TAP_TAPCELL_ROW_54_719,VDD,Metal1,105.2800,230.6100,4.999774
TAP_TAPCELL_ROW_54_718,VDD,Metal1,66.0800,230.6100,4.999783
TAP_TAPCELL_ROW_54_717,VDD,Metal1,26.8800,230.6100,4.999787
TAP_TAPCELL_ROW_53_716,VDD,Metal1,360.0800,224.1100,4.999871
TAP_TAPCELL_ROW_53_715,VDD,Metal1,320.8800,224.1100,4.999870
TAP_TAPCELL_ROW_53_714,VDD,Metal1,281.6800,224.1100,4.999858
TAP_TAPCELL_ROW_53_713,VDD,Metal1,242.4800,224.1100,4.999818
TAP_TAPCELL_ROW_53_712,VDD,Metal1,203.2800,224.1100,4.999798
TAP_TAPCELL_ROW_53_711,VDD,Metal1,164.0800,224.1100,4.999797
TAP_TAPCELL_ROW_53_710,VDD,Metal1,124.8800,224.1100,4.999797
TAP_TAPCELL_ROW_53_709,VDD,Metal1,85.6800,224.1100,4.999800
TAP_TAPCELL_ROW_53_708,VDD,Metal1,46.4800,224.1100,4.999803
TAP_TAPCELL_ROW_52_707,VDD,Metal1,379.6800,222.7700,4.999871
TAP_TAPCELL_ROW_52_706,VDD,Metal1,340.4800,222.7700,4.999871
TAP_TAPCELL_ROW_52_705,VDD,Metal1,301.2800,222.7700,4.999870
TAP_TAPCELL_ROW_52_704,VDD,Metal1,262.0800,222.7700,4.999849
TAP_TAPCELL_ROW_52_703,VDD,Metal1,222.8800,222.7700,4.999803
TAP_TAPCELL_ROW_52_702,VDD,Metal1,183.6800,222.7700,4.999797
TAP_TAPCELL_ROW_52_701,VDD,Metal1,144.4800,222.7700,4.999796
TAP_TAPCELL_ROW_52_700,VDD,Metal1,105.2800,222.7700,4.999799
TAP_TAPCELL_ROW_52_699,VDD,Metal1,66.0800,222.7700,4.999802
TAP_TAPCELL_ROW_52_698,VDD,Metal1,26.8800,222.7700,4.999811
TAP_TAPCELL_ROW_51_697,VDD,Metal1,360.0800,216.2700,4.999780
TAP_TAPCELL_ROW_51_696,VDD,Metal1,320.8800,216.2700,4.999778
TAP_TAPCELL_ROW_51_695,VDD,Metal1,281.6800,216.2700,4.999701
TAP_TAPCELL_ROW_51_694,VDD,Metal1,242.4800,216.2700,4.999688
TAP_TAPCELL_ROW_51_693,VDD,Metal1,203.2800,216.2700,4.999720
TAP_TAPCELL_ROW_51_692,VDD,Metal1,164.0800,216.2700,4.999739
TAP_TAPCELL_ROW_51_691,VDD,Metal1,124.8800,216.2700,4.999755
TAP_TAPCELL_ROW_51_690,VDD,Metal1,85.6800,216.2700,4.999760
TAP_TAPCELL_ROW_51_689,VDD,Metal1,46.4800,216.2700,4.999770
TAP_TAPCELL_ROW_50_688,VDD,Metal1,379.6800,214.9300,4.999780
TAP_TAPCELL_ROW_50_687,VDD,Metal1,340.4800,214.9300,4.999780
TAP_TAPCELL_ROW_50_686,VDD,Metal1,301.2800,214.9300,4.999710
TAP_TAPCELL_ROW_50_685,VDD,Metal1,262.0800,214.9300,4.999692
TAP_TAPCELL_ROW_50_684,VDD,Metal1,222.8800,214.9300,4.999698
TAP_TAPCELL_ROW_50_683,VDD,Metal1,183.6800,214.9300,4.999729
TAP_TAPCELL_ROW_50_682,VDD,Metal1,144.4800,214.9300,4.999740
TAP_TAPCELL_ROW_50_681,VDD,Metal1,105.2800,214.9300,4.999758
TAP_TAPCELL_ROW_50_680,VDD,Metal1,66.0800,214.9300,4.999762
TAP_TAPCELL_ROW_50_679,VDD,Metal1,26.8800,214.9300,4.999776
TAP_TAPCELL_ROW_49_678,VDD,Metal1,360.0800,208.4300,4.999754
TAP_TAPCELL_ROW_49_677,VDD,Metal1,320.8800,208.4300,4.999745
TAP_TAPCELL_ROW_49_676,VDD,Metal1,281.6800,208.4300,4.999687
TAP_TAPCELL_ROW_49_675,VDD,Metal1,242.4800,208.4300,4.999672
TAP_TAPCELL_ROW_49_674,VDD,Metal1,203.2800,208.4300,4.999649
TAP_TAPCELL_ROW_49_673,VDD,Metal1,164.0800,208.4300,4.999658
TAP_TAPCELL_ROW_49_672,VDD,Metal1,124.8800,208.4300,4.999602
TAP_TAPCELL_ROW_49_671,VDD,Metal1,85.6800,208.4300,4.999539
TAP_TAPCELL_ROW_49_670,VDD,Metal1,46.4800,208.4300,4.999569
TAP_TAPCELL_ROW_48_669,VDD,Metal1,379.6800,207.0900,4.999754
TAP_TAPCELL_ROW_48_668,VDD,Metal1,340.4800,207.0900,4.999754
TAP_TAPCELL_ROW_48_667,VDD,Metal1,301.2800,207.0900,4.999735
TAP_TAPCELL_ROW_48_666,VDD,Metal1,262.0800,207.0900,4.999678
TAP_TAPCELL_ROW_48_665,VDD,Metal1,222.8800,207.0900,4.999650
TAP_TAPCELL_ROW_48_664,VDD,Metal1,183.6800,207.0900,4.999649
TAP_TAPCELL_ROW_48_663,VDD,Metal1,144.4800,207.0900,4.999609
TAP_TAPCELL_ROW_48_662,VDD,Metal1,105.2800,207.0900,4.999544
TAP_TAPCELL_ROW_48_661,VDD,Metal1,66.0800,207.0900,4.999560
TAP_TAPCELL_ROW_48_660,VDD,Metal1,26.8800,207.0900,4.999596
TAP_TAPCELL_ROW_47_659,VDD,Metal1,360.0800,200.5900,4.999819
TAP_TAPCELL_ROW_47_658,VDD,Metal1,320.8800,200.5900,4.999818
TAP_TAPCELL_ROW_47_657,VDD,Metal1,281.6800,200.5900,4.999814
TAP_TAPCELL_ROW_47_656,VDD,Metal1,242.4800,200.5900,4.999802
TAP_TAPCELL_ROW_47_655,VDD,Metal1,203.2800,200.5900,4.999786
TAP_TAPCELL_ROW_47_654,VDD,Metal1,164.0800,200.5900,4.999791
TAP_TAPCELL_ROW_47_653,VDD,Metal1,124.8800,200.5900,4.999778
TAP_TAPCELL_ROW_47_652,VDD,Metal1,85.6800,200.5900,4.999732
TAP_TAPCELL_ROW_47_651,VDD,Metal1,46.4800,200.5900,4.999723
TAP_TAPCELL_ROW_46_650,VDD,Metal1,379.6800,199.2500,4.999819
TAP_TAPCELL_ROW_46_649,VDD,Metal1,340.4800,199.2500,4.999819
TAP_TAPCELL_ROW_46_648,VDD,Metal1,301.2800,199.2500,4.999815
TAP_TAPCELL_ROW_46_647,VDD,Metal1,262.0800,199.2500,4.999803
TAP_TAPCELL_ROW_46_646,VDD,Metal1,222.8800,199.2500,4.999786
TAP_TAPCELL_ROW_46_645,VDD,Metal1,183.6800,199.2500,4.999791
TAP_TAPCELL_ROW_46_644,VDD,Metal1,144.4800,199.2500,4.999781
TAP_TAPCELL_ROW_46_643,VDD,Metal1,105.2800,199.2500,4.999747
TAP_TAPCELL_ROW_46_642,VDD,Metal1,66.0800,199.2500,4.999727
TAP_TAPCELL_ROW_46_641,VDD,Metal1,26.8800,199.2500,4.999773
TAP_TAPCELL_ROW_45_640,VDD,Metal1,360.0800,192.7500,4.999723
TAP_TAPCELL_ROW_45_639,VDD,Metal1,320.8800,192.7500,4.999724
TAP_TAPCELL_ROW_45_638,VDD,Metal1,281.6800,192.7500,4.999722
TAP_TAPCELL_ROW_45_637,VDD,Metal1,242.4800,192.7500,4.999720
TAP_TAPCELL_ROW_45_636,VDD,Metal1,203.2800,192.7500,4.999729
TAP_TAPCELL_ROW_45_635,VDD,Metal1,164.0800,192.7500,4.999742
TAP_TAPCELL_ROW_45_634,VDD,Metal1,124.8800,192.7500,4.999710
TAP_TAPCELL_ROW_45_633,VDD,Metal1,85.6800,192.7500,4.999705
TAP_TAPCELL_ROW_45_632,VDD,Metal1,46.4800,192.7500,4.999703
TAP_TAPCELL_ROW_44_631,VDD,Metal1,379.6800,191.4100,4.999723
TAP_TAPCELL_ROW_44_630,VDD,Metal1,340.4800,191.4100,4.999723
TAP_TAPCELL_ROW_44_629,VDD,Metal1,301.2800,191.4100,4.999723
TAP_TAPCELL_ROW_44_628,VDD,Metal1,262.0800,191.4100,4.999721
TAP_TAPCELL_ROW_44_627,VDD,Metal1,222.8800,191.4100,4.999723
TAP_TAPCELL_ROW_44_626,VDD,Metal1,183.6800,191.4100,4.999741
TAP_TAPCELL_ROW_44_625,VDD,Metal1,144.4800,191.4100,4.999732
TAP_TAPCELL_ROW_44_624,VDD,Metal1,105.2800,191.4100,4.999706
TAP_TAPCELL_ROW_44_623,VDD,Metal1,66.0800,191.4100,4.999703
TAP_TAPCELL_ROW_44_622,VDD,Metal1,26.8800,191.4100,4.999715
TAP_TAPCELL_ROW_43_621,VDD,Metal1,360.0800,184.9100,4.999634
TAP_TAPCELL_ROW_43_620,VDD,Metal1,320.8800,184.9100,4.999629
TAP_TAPCELL_ROW_43_619,VDD,Metal1,281.6800,184.9100,4.999601
TAP_TAPCELL_ROW_43_618,VDD,Metal1,242.4800,184.9100,4.999598
TAP_TAPCELL_ROW_43_617,VDD,Metal1,203.2800,184.9100,4.999609
TAP_TAPCELL_ROW_43_616,VDD,Metal1,164.0800,184.9100,4.999613
TAP_TAPCELL_ROW_43_615,VDD,Metal1,124.8800,184.9100,4.999613
TAP_TAPCELL_ROW_43_614,VDD,Metal1,85.6800,184.9100,4.999625
TAP_TAPCELL_ROW_43_613,VDD,Metal1,46.4800,184.9100,4.999633
TAP_TAPCELL_ROW_42_612,VDD,Metal1,379.6800,183.5700,4.999633
TAP_TAPCELL_ROW_42_611,VDD,Metal1,340.4800,183.5700,4.999634
TAP_TAPCELL_ROW_42_610,VDD,Metal1,301.2800,183.5700,4.999628
TAP_TAPCELL_ROW_42_609,VDD,Metal1,262.0800,183.5700,4.999599
TAP_TAPCELL_ROW_42_608,VDD,Metal1,222.8800,183.5700,4.999608
TAP_TAPCELL_ROW_42_607,VDD,Metal1,183.6800,183.5700,4.999613
TAP_TAPCELL_ROW_42_606,VDD,Metal1,144.4800,183.5700,4.999613
TAP_TAPCELL_ROW_42_605,VDD,Metal1,105.2800,183.5700,4.999616
TAP_TAPCELL_ROW_42_604,VDD,Metal1,66.0800,183.5700,4.999629
TAP_TAPCELL_ROW_42_603,VDD,Metal1,26.8800,183.5700,4.999648
TAP_TAPCELL_ROW_41_602,VDD,Metal1,360.0800,177.0700,4.999697
TAP_TAPCELL_ROW_41_601,VDD,Metal1,320.8800,177.0700,4.999699
TAP_TAPCELL_ROW_41_600,VDD,Metal1,281.6800,177.0700,4.999679
TAP_TAPCELL_ROW_41_599,VDD,Metal1,242.4800,177.0700,4.999663
TAP_TAPCELL_ROW_41_598,VDD,Metal1,203.2800,177.0700,4.999651
TAP_TAPCELL_ROW_41_597,VDD,Metal1,164.0800,177.0700,4.999642
TAP_TAPCELL_ROW_41_596,VDD,Metal1,124.8800,177.0700,4.999636
TAP_TAPCELL_ROW_41_595,VDD,Metal1,85.6800,177.0700,4.999680
TAP_TAPCELL_ROW_41_594,VDD,Metal1,46.4800,177.0700,4.999749
TAP_TAPCELL_ROW_40_593,VDD,Metal1,379.6800,175.7300,4.999692
TAP_TAPCELL_ROW_40_592,VDD,Metal1,340.4800,175.7300,4.999698
TAP_TAPCELL_ROW_40_591,VDD,Metal1,301.2800,175.7300,4.999689
TAP_TAPCELL_ROW_40_590,VDD,Metal1,262.0800,175.7300,4.999665
TAP_TAPCELL_ROW_40_589,VDD,Metal1,222.8800,175.7300,4.999650
TAP_TAPCELL_ROW_40_588,VDD,Metal1,183.6800,175.7300,4.999653
TAP_TAPCELL_ROW_40_587,VDD,Metal1,144.4800,175.7300,4.999637
TAP_TAPCELL_ROW_40_586,VDD,Metal1,105.2800,175.7300,4.999638
TAP_TAPCELL_ROW_40_585,VDD,Metal1,66.0800,175.7300,4.999685
TAP_TAPCELL_ROW_40_584,VDD,Metal1,26.8800,175.7300,4.999755
TAP_TAPCELL_ROW_39_583,VDD,Metal1,360.0800,169.2300,4.999627
TAP_TAPCELL_ROW_39_582,VDD,Metal1,320.8800,169.2300,4.999523
TAP_TAPCELL_ROW_39_581,VDD,Metal1,281.6800,169.2300,4.999353
TAP_TAPCELL_ROW_39_580,VDD,Metal1,242.4800,169.2300,4.999345
TAP_TAPCELL_ROW_39_579,VDD,Metal1,203.2800,169.2300,4.999349
TAP_TAPCELL_ROW_39_578,VDD,Metal1,164.0800,169.2300,4.999344
TAP_TAPCELL_ROW_39_577,VDD,Metal1,124.8800,169.2300,4.999329
TAP_TAPCELL_ROW_39_576,VDD,Metal1,85.6800,169.2300,4.999312
TAP_TAPCELL_ROW_39_575,VDD,Metal1,46.4800,169.2300,4.999326
TAP_TAPCELL_ROW_38_574,VDD,Metal1,379.6800,167.8900,4.999621
TAP_TAPCELL_ROW_38_573,VDD,Metal1,340.4800,167.8900,4.999627
TAP_TAPCELL_ROW_38_572,VDD,Metal1,301.2800,167.8900,4.999373
TAP_TAPCELL_ROW_38_571,VDD,Metal1,262.0800,167.8900,4.999344
TAP_TAPCELL_ROW_38_570,VDD,Metal1,222.8800,167.8900,4.999346
TAP_TAPCELL_ROW_38_569,VDD,Metal1,183.6800,167.8900,4.999351
TAP_TAPCELL_ROW_38_568,VDD,Metal1,144.4800,167.8900,4.999329
TAP_TAPCELL_ROW_38_567,VDD,Metal1,105.2800,167.8900,4.999312
TAP_TAPCELL_ROW_38_566,VDD,Metal1,66.0800,167.8900,4.999322
TAP_TAPCELL_ROW_38_565,VDD,Metal1,26.8800,167.8900,4.999433
TAP_TAPCELL_ROW_37_564,VDD,Metal1,360.0800,161.3900,4.999671
TAP_TAPCELL_ROW_37_563,VDD,Metal1,320.8800,161.3900,4.999669
TAP_TAPCELL_ROW_37_562,VDD,Metal1,281.6800,161.3900,4.999576
TAP_TAPCELL_ROW_37_561,VDD,Metal1,242.4800,161.3900,4.999576
TAP_TAPCELL_ROW_37_560,VDD,Metal1,203.2800,161.3900,4.999615
TAP_TAPCELL_ROW_37_559,VDD,Metal1,164.0800,161.3900,4.999623
TAP_TAPCELL_ROW_37_558,VDD,Metal1,124.8800,161.3900,4.999620
TAP_TAPCELL_ROW_37_557,VDD,Metal1,85.6800,161.3900,4.999642
TAP_TAPCELL_ROW_37_556,VDD,Metal1,46.4800,161.3900,4.999665
TAP_TAPCELL_ROW_36_555,VDD,Metal1,379.6800,160.0500,4.999662
TAP_TAPCELL_ROW_36_554,VDD,Metal1,340.4800,160.0500,4.999672
TAP_TAPCELL_ROW_36_553,VDD,Metal1,301.2800,160.0500,4.999587
TAP_TAPCELL_ROW_36_552,VDD,Metal1,262.0800,160.0500,4.999576
TAP_TAPCELL_ROW_36_551,VDD,Metal1,222.8800,160.0500,4.999586
TAP_TAPCELL_ROW_36_550,VDD,Metal1,183.6800,160.0500,4.999616
TAP_TAPCELL_ROW_36_549,VDD,Metal1,144.4800,160.0500,4.999622
TAP_TAPCELL_ROW_36_548,VDD,Metal1,105.2800,160.0500,4.999619
TAP_TAPCELL_ROW_36_547,VDD,Metal1,66.0800,160.0500,4.999646
TAP_TAPCELL_ROW_36_546,VDD,Metal1,26.8800,160.0500,4.999674
TAP_TAPCELL_ROW_35_545,VDD,Metal1,360.0800,153.5500,4.999616
TAP_TAPCELL_ROW_35_544,VDD,Metal1,320.8800,153.5500,4.999616
TAP_TAPCELL_ROW_35_543,VDD,Metal1,281.6800,153.5500,4.999654
TAP_TAPCELL_ROW_35_542,VDD,Metal1,242.4800,153.5500,4.999663
TAP_TAPCELL_ROW_35_541,VDD,Metal1,203.2800,153.5500,4.999698
TAP_TAPCELL_ROW_35_540,VDD,Metal1,164.0800,153.5500,4.999717
TAP_TAPCELL_ROW_35_539,VDD,Metal1,124.8800,153.5500,4.999737
TAP_TAPCELL_ROW_35_538,VDD,Metal1,85.6800,153.5500,4.999742
TAP_TAPCELL_ROW_35_537,VDD,Metal1,46.4800,153.5500,4.999744
TAP_TAPCELL_ROW_34_536,VDD,Metal1,379.6800,152.2100,4.999614
TAP_TAPCELL_ROW_34_535,VDD,Metal1,340.4800,152.2100,4.999616
TAP_TAPCELL_ROW_34_534,VDD,Metal1,301.2800,152.2100,4.999617
TAP_TAPCELL_ROW_34_533,VDD,Metal1,262.0800,152.2100,4.999654
TAP_TAPCELL_ROW_34_532,VDD,Metal1,222.8800,152.2100,4.999676
TAP_TAPCELL_ROW_34_531,VDD,Metal1,183.6800,152.2100,4.999709
TAP_TAPCELL_ROW_34_530,VDD,Metal1,144.4800,152.2100,4.999717
TAP_TAPCELL_ROW_34_529,VDD,Metal1,105.2800,152.2100,4.999742
TAP_TAPCELL_ROW_34_528,VDD,Metal1,66.0800,152.2100,4.999744
TAP_TAPCELL_ROW_34_527,VDD,Metal1,26.8800,152.2100,4.999746
TAP_TAPCELL_ROW_33_526,VDD,Metal1,360.0800,145.7100,4.999789
TAP_TAPCELL_ROW_33_525,VDD,Metal1,320.8800,145.7100,4.999788
TAP_TAPCELL_ROW_33_524,VDD,Metal1,281.6800,145.7100,4.999765
TAP_TAPCELL_ROW_33_523,VDD,Metal1,242.4800,145.7100,4.999581
TAP_TAPCELL_ROW_33_522,VDD,Metal1,203.2800,145.7100,4.999610
TAP_TAPCELL_ROW_33_521,VDD,Metal1,164.0800,145.7100,4.999613
TAP_TAPCELL_ROW_33_520,VDD,Metal1,124.8800,145.7100,4.999608
TAP_TAPCELL_ROW_33_519,VDD,Metal1,85.6800,145.7100,4.999608
TAP_TAPCELL_ROW_33_518,VDD,Metal1,46.4800,145.7100,4.999620
TAP_TAPCELL_ROW_32_517,VDD,Metal1,379.6800,144.3700,4.999777
TAP_TAPCELL_ROW_32_516,VDD,Metal1,340.4800,144.3700,4.999792
TAP_TAPCELL_ROW_32_515,VDD,Metal1,301.2800,144.3700,4.999783
TAP_TAPCELL_ROW_32_514,VDD,Metal1,262.0800,144.3700,4.999577
TAP_TAPCELL_ROW_32_513,VDD,Metal1,222.8800,144.3700,4.999610
TAP_TAPCELL_ROW_32_512,VDD,Metal1,183.6800,144.3700,4.999615
TAP_TAPCELL_ROW_32_511,VDD,Metal1,144.4800,144.3700,4.999611
TAP_TAPCELL_ROW_32_510,VDD,Metal1,105.2800,144.3700,4.999608
TAP_TAPCELL_ROW_32_509,VDD,Metal1,66.0800,144.3700,4.999609
TAP_TAPCELL_ROW_32_508,VDD,Metal1,26.8800,144.3700,4.999635
TAP_TAPCELL_ROW_31_507,VDD,Metal1,360.0800,137.8700,4.999835
TAP_TAPCELL_ROW_31_506,VDD,Metal1,320.8800,137.8700,4.999886
TAP_TAPCELL_ROW_31_505,VDD,Metal1,281.6800,137.8700,4.999875
TAP_TAPCELL_ROW_31_504,VDD,Metal1,242.4800,137.8700,4.999792
TAP_TAPCELL_ROW_31_503,VDD,Metal1,203.2800,137.8700,4.999796
TAP_TAPCELL_ROW_31_502,VDD,Metal1,164.0800,137.8700,4.999820
TAP_TAPCELL_ROW_31_501,VDD,Metal1,124.8800,137.8700,4.999820
TAP_TAPCELL_ROW_31_500,VDD,Metal1,85.6800,137.8700,4.999822
TAP_TAPCELL_ROW_31_499,VDD,Metal1,46.4800,137.8700,4.999822
TAP_TAPCELL_ROW_30_498,VDD,Metal1,379.6800,136.5300,4.999827
TAP_TAPCELL_ROW_30_497,VDD,Metal1,340.4800,136.5300,4.999846
TAP_TAPCELL_ROW_30_496,VDD,Metal1,301.2800,136.5300,4.999882
TAP_TAPCELL_ROW_30_495,VDD,Metal1,262.0800,136.5300,4.999805
TAP_TAPCELL_ROW_30_494,VDD,Metal1,222.8800,136.5300,4.999792
TAP_TAPCELL_ROW_30_493,VDD,Metal1,183.6800,136.5300,4.999814
TAP_TAPCELL_ROW_30_492,VDD,Metal1,144.4800,136.5300,4.999820
TAP_TAPCELL_ROW_30_491,VDD,Metal1,105.2800,136.5300,4.999820
TAP_TAPCELL_ROW_30_490,VDD,Metal1,66.0800,136.5300,4.999822
TAP_TAPCELL_ROW_30_489,VDD,Metal1,26.8800,136.5300,4.999829
TAP_TAPCELL_ROW_29_488,VDD,Metal1,360.0800,130.0300,4.999740
TAP_TAPCELL_ROW_29_487,VDD,Metal1,320.8800,130.0300,4.999704
TAP_TAPCELL_ROW_29_486,VDD,Metal1,281.6800,130.0300,4.999688
TAP_TAPCELL_ROW_29_485,VDD,Metal1,242.4800,130.0300,4.999677
TAP_TAPCELL_ROW_29_484,VDD,Metal1,203.2800,130.0300,4.999752
TAP_TAPCELL_ROW_29_483,VDD,Metal1,164.0800,130.0300,4.999757
TAP_TAPCELL_ROW_29_482,VDD,Metal1,124.8800,130.0300,4.999790
TAP_TAPCELL_ROW_29_481,VDD,Metal1,85.6800,130.0300,4.999791
TAP_TAPCELL_ROW_29_480,VDD,Metal1,46.4800,130.0300,4.999792
TAP_TAPCELL_ROW_28_479,VDD,Metal1,379.6800,128.6900,4.999736
TAP_TAPCELL_ROW_28_478,VDD,Metal1,340.4800,128.6900,4.999742
TAP_TAPCELL_ROW_28_477,VDD,Metal1,301.2800,128.6900,4.999697
TAP_TAPCELL_ROW_28_476,VDD,Metal1,262.0800,128.6900,4.999678
TAP_TAPCELL_ROW_28_475,VDD,Metal1,222.8800,128.6900,4.999730
TAP_TAPCELL_ROW_28_474,VDD,Metal1,183.6800,128.6900,4.999761
TAP_TAPCELL_ROW_28_473,VDD,Metal1,144.4800,128.6900,4.999766
TAP_TAPCELL_ROW_28_472,VDD,Metal1,105.2800,128.6900,4.999790
TAP_TAPCELL_ROW_28_471,VDD,Metal1,66.0800,128.6900,4.999791
TAP_TAPCELL_ROW_28_470,VDD,Metal1,26.8800,128.6900,4.999802
TAP_TAPCELL_ROW_27_469,VDD,Metal1,360.0800,122.1900,4.999804
TAP_TAPCELL_ROW_27_468,VDD,Metal1,320.8800,122.1900,4.999824
TAP_TAPCELL_ROW_27_467,VDD,Metal1,281.6800,122.1900,4.999816
TAP_TAPCELL_ROW_27_466,VDD,Metal1,242.4800,122.1900,4.999806
TAP_TAPCELL_ROW_27_465,VDD,Metal1,203.2800,122.1900,4.999809
TAP_TAPCELL_ROW_27_464,VDD,Metal1,164.0800,122.1900,4.999818
TAP_TAPCELL_ROW_27_463,VDD,Metal1,124.8800,122.1900,4.999813
TAP_TAPCELL_ROW_27_462,VDD,Metal1,85.6800,122.1900,4.999817
TAP_TAPCELL_ROW_27_461,VDD,Metal1,46.4800,122.1900,4.999819
TAP_TAPCELL_ROW_26_460,VDD,Metal1,379.6800,120.8500,4.999796
TAP_TAPCELL_ROW_26_459,VDD,Metal1,340.4800,120.8500,4.999824
TAP_TAPCELL_ROW_26_458,VDD,Metal1,301.2800,120.8500,4.999819
TAP_TAPCELL_ROW_26_457,VDD,Metal1,262.0800,120.8500,4.999807
TAP_TAPCELL_ROW_26_456,VDD,Metal1,222.8800,120.8500,4.999809
TAP_TAPCELL_ROW_26_455,VDD,Metal1,183.6800,120.8500,4.999817
TAP_TAPCELL_ROW_26_454,VDD,Metal1,144.4800,120.8500,4.999814
TAP_TAPCELL_ROW_26_453,VDD,Metal1,105.2800,120.8500,4.999813
TAP_TAPCELL_ROW_26_452,VDD,Metal1,66.0800,120.8500,4.999819
TAP_TAPCELL_ROW_26_451,VDD,Metal1,26.8800,120.8500,4.999824
TAP_TAPCELL_ROW_25_450,VDD,Metal1,360.0800,114.3500,4.999432
TAP_TAPCELL_ROW_25_449,VDD,Metal1,320.8800,114.3500,4.999496
TAP_TAPCELL_ROW_25_448,VDD,Metal1,281.6800,114.3500,4.999482
TAP_TAPCELL_ROW_25_447,VDD,Metal1,242.4800,114.3500,4.999490
TAP_TAPCELL_ROW_25_446,VDD,Metal1,203.2800,114.3500,4.999547
TAP_TAPCELL_ROW_25_445,VDD,Metal1,164.0800,114.3500,4.999577
TAP_TAPCELL_ROW_25_444,VDD,Metal1,124.8800,114.3500,4.999579
TAP_TAPCELL_ROW_25_443,VDD,Metal1,85.6800,114.3500,4.999579
TAP_TAPCELL_ROW_25_442,VDD,Metal1,46.4800,114.3500,4.999580
TAP_TAPCELL_ROW_24_441,VDD,Metal1,379.6800,113.0100,4.999429
TAP_TAPCELL_ROW_24_440,VDD,Metal1,340.4800,113.0100,4.999452
TAP_TAPCELL_ROW_24_439,VDD,Metal1,301.2800,113.0100,4.999482
TAP_TAPCELL_ROW_24_438,VDD,Metal1,262.0800,113.0100,4.999484
TAP_TAPCELL_ROW_24_437,VDD,Metal1,222.8800,113.0100,4.999498
TAP_TAPCELL_ROW_24_436,VDD,Metal1,183.6800,113.0100,4.999562
TAP_TAPCELL_ROW_24_435,VDD,Metal1,144.4800,113.0100,4.999577
TAP_TAPCELL_ROW_24_434,VDD,Metal1,105.2800,113.0100,4.999579
TAP_TAPCELL_ROW_24_433,VDD,Metal1,66.0800,113.0100,4.999579
TAP_TAPCELL_ROW_24_432,VDD,Metal1,26.8800,113.0100,4.999582
TAP_TAPCELL_ROW_23_431,VDD,Metal1,360.0800,106.5100,4.999576
TAP_TAPCELL_ROW_23_430,VDD,Metal1,320.8800,106.5100,4.999580
TAP_TAPCELL_ROW_23_429,VDD,Metal1,281.6800,106.5100,4.999579
TAP_TAPCELL_ROW_23_428,VDD,Metal1,242.4800,106.5100,4.999610
TAP_TAPCELL_ROW_23_427,VDD,Metal1,203.2800,106.5100,4.999661
TAP_TAPCELL_ROW_23_426,VDD,Metal1,164.0800,106.5100,4.999693
TAP_TAPCELL_ROW_23_425,VDD,Metal1,124.8800,106.5100,4.999690
TAP_TAPCELL_ROW_23_424,VDD,Metal1,85.6800,106.5100,4.999699
TAP_TAPCELL_ROW_23_423,VDD,Metal1,46.4800,106.5100,4.999718
TAP_TAPCELL_ROW_22_422,VDD,Metal1,379.6800,105.1700,4.999572
TAP_TAPCELL_ROW_22_421,VDD,Metal1,340.4800,105.1700,4.999578
TAP_TAPCELL_ROW_22_420,VDD,Metal1,301.2800,105.1700,4.999579
TAP_TAPCELL_ROW_22_419,VDD,Metal1,262.0800,105.1700,4.999585
TAP_TAPCELL_ROW_22_418,VDD,Metal1,222.8800,105.1700,4.999633
TAP_TAPCELL_ROW_22_417,VDD,Metal1,183.6800,105.1700,4.999682
TAP_TAPCELL_ROW_22_416,VDD,Metal1,144.4800,105.1700,4.999690
TAP_TAPCELL_ROW_22_415,VDD,Metal1,105.2800,105.1700,4.999696
TAP_TAPCELL_ROW_22_414,VDD,Metal1,66.0800,105.1700,4.999714
TAP_TAPCELL_ROW_22_413,VDD,Metal1,26.8800,105.1700,4.999726
TAP_TAPCELL_ROW_21_412,VDD,Metal1,360.0800,98.6700,4.999783
TAP_TAPCELL_ROW_21_411,VDD,Metal1,320.8800,98.6700,4.999804
TAP_TAPCELL_ROW_21_410,VDD,Metal1,281.6800,98.6700,4.999797
TAP_TAPCELL_ROW_21_409,VDD,Metal1,242.4800,98.6700,4.999790
TAP_TAPCELL_ROW_21_408,VDD,Metal1,203.2800,98.6700,4.999788
TAP_TAPCELL_ROW_21_407,VDD,Metal1,164.0800,98.6700,4.999722
TAP_TAPCELL_ROW_21_406,VDD,Metal1,124.8800,98.6700,4.999657
TAP_TAPCELL_ROW_21_405,VDD,Metal1,85.6800,98.6700,4.999652
TAP_TAPCELL_ROW_21_404,VDD,Metal1,46.4800,98.6700,4.999657
TAP_TAPCELL_ROW_20_403,VDD,Metal1,379.6800,97.3300,4.999779
TAP_TAPCELL_ROW_20_402,VDD,Metal1,340.4800,97.3300,4.999805
TAP_TAPCELL_ROW_20_401,VDD,Metal1,301.2800,97.3300,4.999800
TAP_TAPCELL_ROW_20_400,VDD,Metal1,262.0800,97.3300,4.999793
TAP_TAPCELL_ROW_20_399,VDD,Metal1,222.8800,97.3300,4.999789
TAP_TAPCELL_ROW_20_398,VDD,Metal1,183.6800,97.3300,4.999788
TAP_TAPCELL_ROW_20_397,VDD,Metal1,144.4800,97.3300,4.999663
TAP_TAPCELL_ROW_20_396,VDD,Metal1,105.2800,97.3300,4.999653
TAP_TAPCELL_ROW_20_395,VDD,Metal1,66.0800,97.3300,4.999650
TAP_TAPCELL_ROW_20_394,VDD,Metal1,26.8800,97.3300,4.999693
TAP_TAPCELL_ROW_19_393,VDD,Metal1,360.0800,90.8300,4.999674
TAP_TAPCELL_ROW_19_392,VDD,Metal1,320.8800,90.8300,4.999650
TAP_TAPCELL_ROW_19_391,VDD,Metal1,281.6800,90.8300,4.999614
TAP_TAPCELL_ROW_19_390,VDD,Metal1,242.4800,90.8300,4.999680
TAP_TAPCELL_ROW_19_389,VDD,Metal1,203.2800,90.8300,4.999713
TAP_TAPCELL_ROW_19_388,VDD,Metal1,164.0800,90.8300,4.999783
TAP_TAPCELL_ROW_19_387,VDD,Metal1,124.8800,90.8300,4.999768
TAP_TAPCELL_ROW_19_386,VDD,Metal1,85.6800,90.8300,4.999768
TAP_TAPCELL_ROW_19_385,VDD,Metal1,46.4800,90.8300,4.999769
TAP_TAPCELL_ROW_18_384,VDD,Metal1,379.6800,89.4900,4.999672
TAP_TAPCELL_ROW_18_383,VDD,Metal1,340.4800,89.4900,4.999678
TAP_TAPCELL_ROW_18_382,VDD,Metal1,301.2800,89.4900,4.999615
TAP_TAPCELL_ROW_18_381,VDD,Metal1,262.0800,89.4900,4.999615
TAP_TAPCELL_ROW_18_380,VDD,Metal1,222.8800,89.4900,4.999686
TAP_TAPCELL_ROW_18_379,VDD,Metal1,183.6800,89.4900,4.999790
TAP_TAPCELL_ROW_18_378,VDD,Metal1,144.4800,89.4900,4.999770
TAP_TAPCELL_ROW_18_377,VDD,Metal1,105.2800,89.4900,4.999767
TAP_TAPCELL_ROW_18_376,VDD,Metal1,66.0800,89.4900,4.999769
TAP_TAPCELL_ROW_18_375,VDD,Metal1,26.8800,89.4900,4.999773
TAP_TAPCELL_ROW_17_374,VDD,Metal1,360.0800,82.9900,4.999765
TAP_TAPCELL_ROW_17_373,VDD,Metal1,320.8800,82.9900,4.999765
TAP_TAPCELL_ROW_17_372,VDD,Metal1,281.6800,82.9900,4.999765
TAP_TAPCELL_ROW_17_371,VDD,Metal1,242.4800,82.9900,4.999766
TAP_TAPCELL_ROW_17_370,VDD,Metal1,203.2800,82.9900,4.999795
TAP_TAPCELL_ROW_17_369,VDD,Metal1,164.0800,82.9900,4.999797
TAP_TAPCELL_ROW_17_368,VDD,Metal1,124.8800,82.9900,4.999771
TAP_TAPCELL_ROW_17_367,VDD,Metal1,85.6800,82.9900,4.999769
TAP_TAPCELL_ROW_17_366,VDD,Metal1,46.4800,82.9900,4.999812
TAP_TAPCELL_ROW_16_365,VDD,Metal1,379.6800,81.6500,4.999764
TAP_TAPCELL_ROW_16_364,VDD,Metal1,340.4800,81.6500,4.999765
TAP_TAPCELL_ROW_16_363,VDD,Metal1,301.2800,81.6500,4.999765
TAP_TAPCELL_ROW_16_362,VDD,Metal1,262.0800,81.6500,4.999766
TAP_TAPCELL_ROW_16_361,VDD,Metal1,222.8800,81.6500,4.999766
TAP_TAPCELL_ROW_16_360,VDD,Metal1,183.6800,81.6500,4.999798
TAP_TAPCELL_ROW_16_359,VDD,Metal1,144.4800,81.6500,4.999782
TAP_TAPCELL_ROW_16_358,VDD,Metal1,105.2800,81.6500,4.999769
TAP_TAPCELL_ROW_16_357,VDD,Metal1,66.0800,81.6500,4.999809
TAP_TAPCELL_ROW_16_356,VDD,Metal1,26.8800,81.6500,4.999812
TAP_TAPCELL_ROW_15_355,VDD,Metal1,360.0800,75.1500,4.999807
TAP_TAPCELL_ROW_15_354,VDD,Metal1,320.8800,75.1500,4.999809
TAP_TAPCELL_ROW_15_353,VDD,Metal1,281.6800,75.1500,4.999772
TAP_TAPCELL_ROW_15_352,VDD,Metal1,242.4800,75.1500,4.999764
TAP_TAPCELL_ROW_15_351,VDD,Metal1,203.2800,75.1500,4.999756
TAP_TAPCELL_ROW_15_350,VDD,Metal1,164.0800,75.1500,4.999725
TAP_TAPCELL_ROW_15_349,VDD,Metal1,124.8800,75.1500,4.999690
TAP_TAPCELL_ROW_15_348,VDD,Metal1,85.6800,75.1500,4.999671
TAP_TAPCELL_ROW_15_347,VDD,Metal1,46.4800,75.1500,4.999685
TAP_TAPCELL_ROW_14_346,VDD,Metal1,379.6800,73.8100,4.999806
TAP_TAPCELL_ROW_14_345,VDD,Metal1,340.4800,73.8100,4.999809
TAP_TAPCELL_ROW_14_344,VDD,Metal1,301.2800,73.8100,4.999792
TAP_TAPCELL_ROW_14_343,VDD,Metal1,262.0800,73.8100,4.999769
TAP_TAPCELL_ROW_14_342,VDD,Metal1,222.8800,73.8100,4.999762
TAP_TAPCELL_ROW_14_341,VDD,Metal1,183.6800,73.8100,4.999753
TAP_TAPCELL_ROW_14_340,VDD,Metal1,144.4800,73.8100,4.999700
TAP_TAPCELL_ROW_14_339,VDD,Metal1,105.2800,73.8100,4.999671
TAP_TAPCELL_ROW_14_338,VDD,Metal1,66.0800,73.8100,4.999678
TAP_TAPCELL_ROW_14_337,VDD,Metal1,26.8800,73.8100,4.999693
TAP_TAPCELL_ROW_13_336,VDD,Metal1,360.0800,67.3100,4.999752
TAP_TAPCELL_ROW_13_335,VDD,Metal1,320.8800,67.3100,4.999751
TAP_TAPCELL_ROW_13_334,VDD,Metal1,281.6800,67.3100,4.999665
TAP_TAPCELL_ROW_13_333,VDD,Metal1,242.4800,67.3100,4.999635
TAP_TAPCELL_ROW_13_332,VDD,Metal1,203.2800,67.3100,4.999617
TAP_TAPCELL_ROW_13_331,VDD,Metal1,164.0800,67.3100,4.999592
TAP_TAPCELL_ROW_13_330,VDD,Metal1,124.8800,67.3100,4.999579
TAP_TAPCELL_ROW_13_329,VDD,Metal1,85.6800,67.3100,4.999581
TAP_TAPCELL_ROW_13_328,VDD,Metal1,46.4800,67.3100,4.999587
TAP_TAPCELL_ROW_12_327,VDD,Metal1,379.6800,65.9700,4.999752
TAP_TAPCELL_ROW_12_326,VDD,Metal1,340.4800,65.9700,4.999752
TAP_TAPCELL_ROW_12_325,VDD,Metal1,301.2800,65.9700,4.999717
TAP_TAPCELL_ROW_12_324,VDD,Metal1,262.0800,65.9700,4.999648
TAP_TAPCELL_ROW_12_323,VDD,Metal1,222.8800,65.9700,4.999627
TAP_TAPCELL_ROW_12_322,VDD,Metal1,183.6800,65.9700,4.999602
TAP_TAPCELL_ROW_12_321,VDD,Metal1,144.4800,65.9700,4.999585
TAP_TAPCELL_ROW_12_320,VDD,Metal1,105.2800,65.9700,4.999579
TAP_TAPCELL_ROW_12_319,VDD,Metal1,66.0800,65.9700,4.999581
TAP_TAPCELL_ROW_12_318,VDD,Metal1,26.8800,65.9700,4.999606
TAP_TAPCELL_ROW_11_317,VDD,Metal1,360.0800,59.4700,4.999520
TAP_TAPCELL_ROW_11_316,VDD,Metal1,320.8800,59.4700,4.999517
TAP_TAPCELL_ROW_11_315,VDD,Metal1,281.6800,59.4700,4.999515
TAP_TAPCELL_ROW_11_314,VDD,Metal1,242.4800,59.4700,4.999516
TAP_TAPCELL_ROW_11_313,VDD,Metal1,203.2800,59.4700,4.999574
TAP_TAPCELL_ROW_11_312,VDD,Metal1,164.0800,59.4700,4.999597
TAP_TAPCELL_ROW_11_311,VDD,Metal1,124.8800,59.4700,4.999581
TAP_TAPCELL_ROW_11_310,VDD,Metal1,85.6800,59.4700,4.999586
TAP_TAPCELL_ROW_11_309,VDD,Metal1,46.4800,59.4700,4.999636
TAP_TAPCELL_ROW_10_308,VDD,Metal1,379.6800,58.1300,4.999520
TAP_TAPCELL_ROW_10_307,VDD,Metal1,340.4800,58.1300,4.999520
TAP_TAPCELL_ROW_10_306,VDD,Metal1,301.2800,58.1300,4.999515
TAP_TAPCELL_ROW_10_305,VDD,Metal1,262.0800,58.1300,4.999515
TAP_TAPCELL_ROW_10_304,VDD,Metal1,222.8800,58.1300,4.999520
TAP_TAPCELL_ROW_10_303,VDD,Metal1,183.6800,58.1300,4.999603
TAP_TAPCELL_ROW_10_302,VDD,Metal1,144.4800,58.1300,4.999586
TAP_TAPCELL_ROW_10_301,VDD,Metal1,105.2800,58.1300,4.999583
TAP_TAPCELL_ROW_10_300,VDD,Metal1,66.0800,58.1300,4.999610
TAP_TAPCELL_ROW_10_299,VDD,Metal1,26.8800,58.1300,4.999654
TAP_TAPCELL_ROW_9_298,VDD,Metal1,360.0800,51.6300,4.999678
TAP_TAPCELL_ROW_9_297,VDD,Metal1,320.8800,51.6300,4.999677
TAP_TAPCELL_ROW_9_296,VDD,Metal1,281.6800,51.6300,4.999576
TAP_TAPCELL_ROW_9_295,VDD,Metal1,242.4800,51.6300,4.999545
TAP_TAPCELL_ROW_9_294,VDD,Metal1,203.2800,51.6300,4.999545
TAP_TAPCELL_ROW_9_293,VDD,Metal1,164.0800,51.6300,4.999549
TAP_TAPCELL_ROW_9_292,VDD,Metal1,124.8800,51.6300,4.999542
TAP_TAPCELL_ROW_9_291,VDD,Metal1,85.6800,51.6300,4.999542
TAP_TAPCELL_ROW_9_290,VDD,Metal1,46.4800,51.6300,4.999595
TAP_TAPCELL_ROW_8_289,VDD,Metal1,379.6800,50.2900,4.999678
TAP_TAPCELL_ROW_8_288,VDD,Metal1,340.4800,50.2900,4.999678
TAP_TAPCELL_ROW_8_287,VDD,Metal1,301.2800,50.2900,4.999584
TAP_TAPCELL_ROW_8_286,VDD,Metal1,262.0800,50.2900,4.999552
TAP_TAPCELL_ROW_8_285,VDD,Metal1,222.8800,50.2900,4.999544
TAP_TAPCELL_ROW_8_284,VDD,Metal1,183.6800,50.2900,4.999549
TAP_TAPCELL_ROW_8_283,VDD,Metal1,144.4800,50.2900,4.999545
TAP_TAPCELL_ROW_8_282,VDD,Metal1,105.2800,50.2900,4.999541
TAP_TAPCELL_ROW_8_281,VDD,Metal1,66.0800,50.2900,4.999567
TAP_TAPCELL_ROW_8_280,VDD,Metal1,26.8800,50.2900,4.999626
TAP_TAPCELL_ROW_7_279,VDD,Metal1,360.0800,43.7900,4.999709
TAP_TAPCELL_ROW_7_278,VDD,Metal1,320.8800,43.7900,4.999709
TAP_TAPCELL_ROW_7_277,VDD,Metal1,281.6800,43.7900,4.999648
TAP_TAPCELL_ROW_7_276,VDD,Metal1,242.4800,43.7900,4.999643
TAP_TAPCELL_ROW_7_275,VDD,Metal1,203.2800,43.7900,4.999648
TAP_TAPCELL_ROW_7_274,VDD,Metal1,164.0800,43.7900,4.999627
TAP_TAPCELL_ROW_7_273,VDD,Metal1,124.8800,43.7900,4.999611
TAP_TAPCELL_ROW_7_272,VDD,Metal1,85.6800,43.7900,4.999616
TAP_TAPCELL_ROW_7_271,VDD,Metal1,46.4800,43.7900,4.999647
TAP_TAPCELL_ROW_6_270,VDD,Metal1,379.6800,42.4500,4.999709
TAP_TAPCELL_ROW_6_269,VDD,Metal1,340.4800,42.4500,4.999709
TAP_TAPCELL_ROW_6_268,VDD,Metal1,301.2800,42.4500,4.999708
TAP_TAPCELL_ROW_6_267,VDD,Metal1,262.0800,42.4500,4.999644
TAP_TAPCELL_ROW_6_266,VDD,Metal1,222.8800,42.4500,4.999643
TAP_TAPCELL_ROW_6_265,VDD,Metal1,183.6800,42.4500,4.999652
TAP_TAPCELL_ROW_6_264,VDD,Metal1,144.4800,42.4500,4.999620
TAP_TAPCELL_ROW_6_263,VDD,Metal1,105.2800,42.4500,4.999611
TAP_TAPCELL_ROW_6_262,VDD,Metal1,66.0800,42.4500,4.999633
TAP_TAPCELL_ROW_6_261,VDD,Metal1,26.8800,42.4500,4.999660
TAP_TAPCELL_ROW_5_260,VDD,Metal1,360.0800,35.9500,4.999833
TAP_TAPCELL_ROW_5_259,VDD,Metal1,320.8800,35.9500,4.999786
TAP_TAPCELL_ROW_5_258,VDD,Metal1,281.6800,35.9500,4.999657
TAP_TAPCELL_ROW_5_257,VDD,Metal1,242.4800,35.9500,4.999640
TAP_TAPCELL_ROW_5_256,VDD,Metal1,203.2800,35.9500,4.999603
TAP_TAPCELL_ROW_5_255,VDD,Metal1,164.0800,35.9500,4.999602
TAP_TAPCELL_ROW_5_254,VDD,Metal1,124.8800,35.9500,4.999580
TAP_TAPCELL_ROW_5_253,VDD,Metal1,85.6800,35.9500,4.999596
TAP_TAPCELL_ROW_5_252,VDD,Metal1,46.4800,35.9500,4.999642
TAP_TAPCELL_ROW_4_251,VDD,Metal1,379.6800,34.6100,4.999833
TAP_TAPCELL_ROW_4_250,VDD,Metal1,340.4800,34.6100,4.999833
TAP_TAPCELL_ROW_4_249,VDD,Metal1,301.2800,34.6100,4.999769
TAP_TAPCELL_ROW_4_248,VDD,Metal1,262.0800,34.6100,4.999646
TAP_TAPCELL_ROW_4_247,VDD,Metal1,222.8800,34.6100,4.999606
TAP_TAPCELL_ROW_4_246,VDD,Metal1,183.6800,34.6100,4.999603
TAP_TAPCELL_ROW_4_245,VDD,Metal1,144.4800,34.6100,4.999601
TAP_TAPCELL_ROW_4_244,VDD,Metal1,105.2800,34.6100,4.999580
TAP_TAPCELL_ROW_4_243,VDD,Metal1,66.0800,34.6100,4.999600
TAP_TAPCELL_ROW_4_242,VDD,Metal1,26.8800,34.6100,4.999643
TAP_TAPCELL_ROW_3_241,VDD,Metal1,360.0800,28.1100,4.999782
TAP_TAPCELL_ROW_3_240,VDD,Metal1,320.8800,28.1100,4.999774
TAP_TAPCELL_ROW_3_239,VDD,Metal1,281.6800,28.1100,4.999761
TAP_TAPCELL_ROW_3_238,VDD,Metal1,242.4800,28.1100,4.999739
TAP_TAPCELL_ROW_3_237,VDD,Metal1,203.2800,28.1100,4.999736
TAP_TAPCELL_ROW_3_236,VDD,Metal1,164.0800,28.1100,4.999739
TAP_TAPCELL_ROW_3_235,VDD,Metal1,124.8800,28.1100,4.999724
TAP_TAPCELL_ROW_3_234,VDD,Metal1,85.6800,28.1100,4.999714
TAP_TAPCELL_ROW_3_233,VDD,Metal1,46.4800,28.1100,4.999739
TAP_TAPCELL_ROW_2_232,VDD,Metal1,379.6800,26.7700,4.999782
TAP_TAPCELL_ROW_2_231,VDD,Metal1,340.4800,26.7700,4.999782
TAP_TAPCELL_ROW_2_230,VDD,Metal1,301.2800,26.7700,4.999765
TAP_TAPCELL_ROW_2_229,VDD,Metal1,262.0800,26.7700,4.999747
TAP_TAPCELL_ROW_2_228,VDD,Metal1,222.8800,26.7700,4.999736
TAP_TAPCELL_ROW_2_227,VDD,Metal1,183.6800,26.7700,4.999736
TAP_TAPCELL_ROW_2_226,VDD,Metal1,144.4800,26.7700,4.999724
TAP_TAPCELL_ROW_2_225,VDD,Metal1,105.2800,26.7700,4.999714
TAP_TAPCELL_ROW_2_224,VDD,Metal1,66.0800,26.7700,4.999737
TAP_TAPCELL_ROW_2_223,VDD,Metal1,26.8800,26.7700,4.999787
TAP_TAPCELL_ROW_1_222,VDD,Metal1,360.0800,20.2700,4.999859
TAP_TAPCELL_ROW_1_221,VDD,Metal1,320.8800,20.2700,4.999859
TAP_TAPCELL_ROW_1_220,VDD,Metal1,281.6800,20.2700,4.999858
TAP_TAPCELL_ROW_1_219,VDD,Metal1,242.4800,20.2700,4.999845
TAP_TAPCELL_ROW_1_218,VDD,Metal1,203.2800,20.2700,4.999818
TAP_TAPCELL_ROW_1_217,VDD,Metal1,164.0800,20.2700,4.999801
TAP_TAPCELL_ROW_1_216,VDD,Metal1,124.8800,20.2700,4.999786
TAP_TAPCELL_ROW_1_215,VDD,Metal1,85.6800,20.2700,4.999770
TAP_TAPCELL_ROW_1_214,VDD,Metal1,46.4800,20.2700,4.999764
TAP_TAPCELL_ROW_0_213,VDD,Metal1,388.0800,18.9300,4.999859
TAP_TAPCELL_ROW_0_212,VDD,Metal1,369.0400,18.9300,4.999859
TAP_TAPCELL_ROW_0_211,VDD,Metal1,350.0000,18.9300,4.999859
TAP_TAPCELL_ROW_0_210,VDD,Metal1,330.9600,18.9300,4.999859
TAP_TAPCELL_ROW_0_209,VDD,Metal1,311.9200,18.9300,4.999858
TAP_TAPCELL_ROW_0_208,VDD,Metal1,292.8800,18.9300,4.999858
TAP_TAPCELL_ROW_0_207,VDD,Metal1,273.8400,18.9300,4.999853
TAP_TAPCELL_ROW_0_206,VDD,Metal1,254.8000,18.9300,4.999851
TAP_TAPCELL_ROW_0_205,VDD,Metal1,235.7600,18.9300,4.999842
TAP_TAPCELL_ROW_0_204,VDD,Metal1,216.7200,18.9300,4.999824
TAP_TAPCELL_ROW_0_203,VDD,Metal1,197.6800,18.9300,4.999815
TAP_TAPCELL_ROW_0_202,VDD,Metal1,178.6400,18.9300,4.999802
TAP_TAPCELL_ROW_0_201,VDD,Metal1,159.6000,18.9300,4.999798
TAP_TAPCELL_ROW_0_200,VDD,Metal1,140.5600,18.9300,4.999795
TAP_TAPCELL_ROW_0_199,VDD,Metal1,121.5200,18.9300,4.999780
TAP_TAPCELL_ROW_0_198,VDD,Metal1,102.4800,18.9300,4.999778
TAP_TAPCELL_ROW_0_197,VDD,Metal1,83.4400,18.9300,4.999769
TAP_TAPCELL_ROW_0_196,VDD,Metal1,64.4000,18.9300,4.999761
TAP_TAPCELL_ROW_0_195,VDD,Metal1,45.3600,18.9300,4.999769
TAP_TAPCELL_ROW_0_194,VDD,Metal1,26.3200,18.9300,4.999779
PHY_EDGE_ROW_96_Left_193,VDD,Metal1,7.2730,395.2480,4.999994
PHY_EDGE_ROW_95_Left_192,VDD,Metal1,7.2730,388.7515,4.999964
PHY_EDGE_ROW_94_Left_191,VDD,Metal1,7.2730,387.4080,4.999964
PHY_EDGE_ROW_93_Left_190,VDD,Metal1,7.2730,380.9115,4.999948
PHY_EDGE_ROW_92_Left_189,VDD,Metal1,7.2730,379.5680,4.999948
PHY_EDGE_ROW_91_Left_188,VDD,Metal1,7.2730,373.0715,4.999965
PHY_EDGE_ROW_90_Left_187,VDD,Metal1,7.2730,371.7280,4.999965
PHY_EDGE_ROW_89_Left_186,VDD,Metal1,7.2730,365.2315,4.999964
PHY_EDGE_ROW_88_Left_185,VDD,Metal1,7.2730,363.8880,4.999964
PHY_EDGE_ROW_87_Left_184,VDD,Metal1,7.2730,357.3915,4.999885
PHY_EDGE_ROW_86_Left_183,VDD,Metal1,7.2730,356.0480,4.999885
PHY_EDGE_ROW_85_Left_182,VDD,Metal1,7.2730,349.5515,4.999716
PHY_EDGE_ROW_84_Left_181,VDD,Metal1,7.2730,348.2080,4.999716
PHY_EDGE_ROW_83_Left_180,VDD,Metal1,7.2730,341.7115,4.999692
PHY_EDGE_ROW_82_Left_179,VDD,Metal1,7.2730,340.3680,4.999692
PHY_EDGE_ROW_81_Left_178,VDD,Metal1,7.2730,333.8715,4.999775
PHY_EDGE_ROW_80_Left_177,VDD,Metal1,7.2730,332.5280,4.999775
PHY_EDGE_ROW_79_Left_176,VDD,Metal1,7.2730,326.0315,4.999778
PHY_EDGE_ROW_78_Left_175,VDD,Metal1,7.2730,324.6880,4.999778
PHY_EDGE_ROW_77_Left_174,VDD,Metal1,7.2730,318.1915,4.999848
PHY_EDGE_ROW_76_Left_173,VDD,Metal1,7.2730,316.8480,4.999848
PHY_EDGE_ROW_75_Left_172,VDD,Metal1,7.2730,310.3515,4.999832
PHY_EDGE_ROW_74_Left_171,VDD,Metal1,7.2730,309.0080,4.999832
PHY_EDGE_ROW_73_Left_170,VDD,Metal1,7.2730,302.5115,4.999698
PHY_EDGE_ROW_72_Left_169,VDD,Metal1,7.2730,301.1680,4.999698
PHY_EDGE_ROW_71_Left_168,VDD,Metal1,7.2730,294.6715,4.999765
PHY_EDGE_ROW_70_Left_167,VDD,Metal1,7.2730,293.3280,4.999765
PHY_EDGE_ROW_69_Left_166,VDD,Metal1,7.2730,286.8315,4.999677
PHY_EDGE_ROW_68_Left_165,VDD,Metal1,7.2730,285.4880,4.999677
PHY_EDGE_ROW_67_Left_164,VDD,Metal1,7.2730,278.9915,4.999691
PHY_EDGE_ROW_66_Left_163,VDD,Metal1,7.2730,277.6480,4.999691
PHY_EDGE_ROW_65_Left_162,VDD,Metal1,7.2730,271.1515,4.999593
PHY_EDGE_ROW_64_Left_161,VDD,Metal1,7.2730,269.8080,4.999593
PHY_EDGE_ROW_63_Left_160,VDD,Metal1,7.2730,263.3115,4.999765
PHY_EDGE_ROW_62_Left_159,VDD,Metal1,7.2730,261.9680,4.999765
PHY_EDGE_ROW_61_Left_158,VDD,Metal1,7.2730,255.4715,4.999639
PHY_EDGE_ROW_60_Left_157,VDD,Metal1,7.2730,254.1280,4.999639
PHY_EDGE_ROW_59_Left_156,VDD,Metal1,7.2730,247.6315,4.999719
PHY_EDGE_ROW_58_Left_155,VDD,Metal1,7.2730,246.2880,4.999719
PHY_EDGE_ROW_57_Left_154,VDD,Metal1,7.2730,239.7915,4.999562
PHY_EDGE_ROW_56_Left_153,VDD,Metal1,7.2730,238.4480,4.999562
PHY_EDGE_ROW_55_Left_152,VDD,Metal1,7.2730,231.9515,4.999787
PHY_EDGE_ROW_54_Left_151,VDD,Metal1,7.2730,230.6080,4.999787
PHY_EDGE_ROW_53_Left_150,VDD,Metal1,7.2730,224.1115,4.999817
PHY_EDGE_ROW_52_Left_149,VDD,Metal1,7.2730,222.7680,4.999817
PHY_EDGE_ROW_51_Left_148,VDD,Metal1,7.2730,216.2715,4.999781
PHY_EDGE_ROW_50_Left_147,VDD,Metal1,7.2730,214.9280,4.999781
PHY_EDGE_ROW_49_Left_146,VDD,Metal1,7.2730,208.4315,4.999596
PHY_EDGE_ROW_48_Left_145,VDD,Metal1,7.2730,207.0880,4.999596
PHY_EDGE_ROW_47_Left_144,VDD,Metal1,7.2730,200.5915,4.999774
PHY_EDGE_ROW_46_Left_143,VDD,Metal1,7.2730,199.2480,4.999774
PHY_EDGE_ROW_45_Left_142,VDD,Metal1,7.2730,192.7515,4.999718
PHY_EDGE_ROW_44_Left_141,VDD,Metal1,7.2730,191.4080,4.999718
PHY_EDGE_ROW_43_Left_140,VDD,Metal1,7.2730,184.9115,4.999655
PHY_EDGE_ROW_42_Left_139,VDD,Metal1,7.2730,183.5680,4.999655
PHY_EDGE_ROW_41_Left_138,VDD,Metal1,7.2730,177.0715,4.999753
PHY_EDGE_ROW_40_Left_137,VDD,Metal1,7.2730,175.7280,4.999753
PHY_EDGE_ROW_39_Left_136,VDD,Metal1,7.2730,169.2315,4.999431
PHY_EDGE_ROW_38_Left_135,VDD,Metal1,7.2730,167.8880,4.999431
PHY_EDGE_ROW_37_Left_134,VDD,Metal1,7.2730,161.3915,4.999670
PHY_EDGE_ROW_36_Left_133,VDD,Metal1,7.2730,160.0480,4.999670
PHY_EDGE_ROW_35_Left_132,VDD,Metal1,7.2730,153.5515,4.999780
PHY_EDGE_ROW_34_Left_131,VDD,Metal1,7.2730,152.2080,4.999780
PHY_EDGE_ROW_33_Left_130,VDD,Metal1,7.2730,145.7115,4.999747
PHY_EDGE_ROW_32_Left_129,VDD,Metal1,7.2730,144.3680,4.999747
PHY_EDGE_ROW_31_Left_128,VDD,Metal1,7.2730,137.8715,4.999833
PHY_EDGE_ROW_30_Left_127,VDD,Metal1,7.2730,136.5280,4.999833
PHY_EDGE_ROW_29_Left_126,VDD,Metal1,7.2730,130.0315,4.999801
PHY_EDGE_ROW_28_Left_125,VDD,Metal1,7.2730,128.6880,4.999801
PHY_EDGE_ROW_27_Left_124,VDD,Metal1,7.2730,122.1915,4.999830
PHY_EDGE_ROW_26_Left_123,VDD,Metal1,7.2730,120.8480,4.999830
PHY_EDGE_ROW_25_Left_122,VDD,Metal1,7.2730,114.3515,4.999576
PHY_EDGE_ROW_24_Left_121,VDD,Metal1,7.2730,113.0080,4.999576
PHY_EDGE_ROW_23_Left_120,VDD,Metal1,7.2730,106.5115,4.999736
PHY_EDGE_ROW_22_Left_119,VDD,Metal1,7.2730,105.1680,4.999736
PHY_EDGE_ROW_21_Left_118,VDD,Metal1,7.2730,98.6715,4.999693
PHY_EDGE_ROW_20_Left_117,VDD,Metal1,7.2730,97.3280,4.999693
PHY_EDGE_ROW_19_Left_116,VDD,Metal1,7.2730,90.8315,4.999831
PHY_EDGE_ROW_18_Left_115,VDD,Metal1,7.2730,89.4880,4.999831
PHY_EDGE_ROW_17_Left_114,VDD,Metal1,7.2730,82.9915,4.999820
PHY_EDGE_ROW_16_Left_113,VDD,Metal1,7.2730,81.6480,4.999820
PHY_EDGE_ROW_15_Left_112,VDD,Metal1,7.2730,75.1515,4.999691
PHY_EDGE_ROW_14_Left_111,VDD,Metal1,7.2730,73.8080,4.999691
PHY_EDGE_ROW_13_Left_110,VDD,Metal1,7.2730,67.3115,4.999620
PHY_EDGE_ROW_12_Left_109,VDD,Metal1,7.2730,65.9680,4.999620
PHY_EDGE_ROW_11_Left_108,VDD,Metal1,7.2730,59.4715,4.999653
PHY_EDGE_ROW_10_Left_107,VDD,Metal1,7.2730,58.1280,4.999653
PHY_EDGE_ROW_9_Left_106,VDD,Metal1,7.2730,51.6315,4.999639
PHY_EDGE_ROW_8_Left_105,VDD,Metal1,7.2730,50.2880,4.999639
PHY_EDGE_ROW_7_Left_104,VDD,Metal1,7.2730,43.7915,4.999661
PHY_EDGE_ROW_6_Left_103,VDD,Metal1,7.2730,42.4480,4.999661
PHY_EDGE_ROW_5_Left_102,VDD,Metal1,7.2730,35.9515,4.999643
PHY_EDGE_ROW_4_Left_101,VDD,Metal1,7.2730,34.6080,4.999643
PHY_EDGE_ROW_3_Left_100,VDD,Metal1,7.2730,28.1115,4.999808
PHY_EDGE_ROW_2_Left_99,VDD,Metal1,7.2730,26.7680,4.999808
PHY_EDGE_ROW_1_Left_98,VDD,Metal1,7.2730,20.2715,4.999784
PHY_EDGE_ROW_0_Left_97,VDD,Metal1,7.2730,18.9280,4.999784
PHY_EDGE_ROW_96_Right_96,VDD,Metal1,389.2065,395.2480,4.999992
PHY_EDGE_ROW_95_Right_95,VDD,Metal1,389.2065,388.7515,4.999967
PHY_EDGE_ROW_94_Right_94,VDD,Metal1,389.2065,387.4080,4.999967
PHY_EDGE_ROW_93_Right_93,VDD,Metal1,389.2065,380.9115,4.999920
PHY_EDGE_ROW_92_Right_92,VDD,Metal1,389.2065,379.5680,4.999920
PHY_EDGE_ROW_91_Right_91,VDD,Metal1,389.2065,373.0715,4.999983
PHY_EDGE_ROW_90_Right_90,VDD,Metal1,389.2065,371.7280,4.999983
PHY_EDGE_ROW_89_Right_89,VDD,Metal1,389.2065,365.2315,4.999916
PHY_EDGE_ROW_88_Right_88,VDD,Metal1,389.2065,363.8880,4.999916
PHY_EDGE_ROW_87_Right_87,VDD,Metal1,389.2065,357.3915,4.999808
PHY_EDGE_ROW_86_Right_86,VDD,Metal1,389.2065,356.0480,4.999808
PHY_EDGE_ROW_85_Right_85,VDD,Metal1,389.2065,349.5515,4.999629
PHY_EDGE_ROW_84_Right_84,VDD,Metal1,389.2065,348.2080,4.999629
PHY_EDGE_ROW_83_Right_83,VDD,Metal1,389.2065,341.7115,4.999662
PHY_EDGE_ROW_82_Right_82,VDD,Metal1,389.2065,340.3680,4.999662
PHY_EDGE_ROW_81_Right_81,VDD,Metal1,389.2065,333.8715,4.999799
PHY_EDGE_ROW_80_Right_80,VDD,Metal1,389.2065,332.5280,4.999799
PHY_EDGE_ROW_79_Right_79,VDD,Metal1,389.2065,326.0315,4.999721
PHY_EDGE_ROW_78_Right_78,VDD,Metal1,389.2065,324.6880,4.999721
PHY_EDGE_ROW_77_Right_77,VDD,Metal1,389.2065,318.1915,4.999709
PHY_EDGE_ROW_76_Right_76,VDD,Metal1,389.2065,316.8480,4.999709
PHY_EDGE_ROW_75_Right_75,VDD,Metal1,389.2065,310.3515,4.999893
PHY_EDGE_ROW_74_Right_74,VDD,Metal1,389.2065,309.0080,4.999893
PHY_EDGE_ROW_73_Right_73,VDD,Metal1,389.2065,302.5115,4.999677
PHY_EDGE_ROW_72_Right_72,VDD,Metal1,389.2065,301.1680,4.999677
PHY_EDGE_ROW_71_Right_71,VDD,Metal1,389.2065,294.6715,4.999859
PHY_EDGE_ROW_70_Right_70,VDD,Metal1,389.2065,293.3280,4.999859
PHY_EDGE_ROW_69_Right_69,VDD,Metal1,389.2065,286.8315,4.999845
PHY_EDGE_ROW_68_Right_68,VDD,Metal1,389.2065,285.4880,4.999845
PHY_EDGE_ROW_67_Right_67,VDD,Metal1,389.2065,278.9915,4.999857
PHY_EDGE_ROW_66_Right_66,VDD,Metal1,389.2065,277.6480,4.999857
PHY_EDGE_ROW_65_Right_65,VDD,Metal1,389.2065,271.1515,4.999656
PHY_EDGE_ROW_64_Right_64,VDD,Metal1,389.2065,269.8080,4.999656
PHY_EDGE_ROW_63_Right_63,VDD,Metal1,389.2065,263.3115,4.999634
PHY_EDGE_ROW_62_Right_62,VDD,Metal1,389.2065,261.9680,4.999634
PHY_EDGE_ROW_61_Right_61,VDD,Metal1,389.2065,255.4715,4.999682
PHY_EDGE_ROW_60_Right_60,VDD,Metal1,389.2065,254.1280,4.999682
PHY_EDGE_ROW_59_Right_59,VDD,Metal1,389.2065,247.6315,4.999692
PHY_EDGE_ROW_58_Right_58,VDD,Metal1,389.2065,246.2880,4.999692
PHY_EDGE_ROW_57_Right_57,VDD,Metal1,389.2065,239.7915,4.999787
PHY_EDGE_ROW_56_Right_56,VDD,Metal1,389.2065,238.4480,4.999787
PHY_EDGE_ROW_55_Right_55,VDD,Metal1,389.2065,231.9515,4.999862
PHY_EDGE_ROW_54_Right_54,VDD,Metal1,389.2065,230.6080,4.999862
PHY_EDGE_ROW_53_Right_53,VDD,Metal1,389.2065,224.1115,4.999871
PHY_EDGE_ROW_52_Right_52,VDD,Metal1,389.2065,222.7680,4.999871
PHY_EDGE_ROW_51_Right_51,VDD,Metal1,389.2065,216.2715,4.999780
PHY_EDGE_ROW_50_Right_50,VDD,Metal1,389.2065,214.9280,4.999780
PHY_EDGE_ROW_49_Right_49,VDD,Metal1,389.2065,208.4315,4.999754
PHY_EDGE_ROW_48_Right_48,VDD,Metal1,389.2065,207.0880,4.999754
PHY_EDGE_ROW_47_Right_47,VDD,Metal1,389.2065,200.5915,4.999819
PHY_EDGE_ROW_46_Right_46,VDD,Metal1,389.2065,199.2480,4.999819
PHY_EDGE_ROW_45_Right_45,VDD,Metal1,389.2065,192.7515,4.999722
PHY_EDGE_ROW_44_Right_44,VDD,Metal1,389.2065,191.4080,4.999722
PHY_EDGE_ROW_43_Right_43,VDD,Metal1,389.2065,184.9115,4.999632
PHY_EDGE_ROW_42_Right_42,VDD,Metal1,389.2065,183.5680,4.999632
PHY_EDGE_ROW_41_Right_41,VDD,Metal1,389.2065,177.0715,4.999692
PHY_EDGE_ROW_40_Right_40,VDD,Metal1,389.2065,175.7280,4.999692
PHY_EDGE_ROW_39_Right_39,VDD,Metal1,389.2065,169.2315,4.999621
PHY_EDGE_ROW_38_Right_38,VDD,Metal1,389.2065,167.8880,4.999621
PHY_EDGE_ROW_37_Right_37,VDD,Metal1,389.2065,161.3915,4.999662
PHY_EDGE_ROW_36_Right_36,VDD,Metal1,389.2065,160.0480,4.999662
PHY_EDGE_ROW_35_Right_35,VDD,Metal1,389.2065,153.5515,4.999614
PHY_EDGE_ROW_34_Right_34,VDD,Metal1,389.2065,152.2080,4.999614
PHY_EDGE_ROW_33_Right_33,VDD,Metal1,389.2065,145.7115,4.999777
PHY_EDGE_ROW_32_Right_32,VDD,Metal1,389.2065,144.3680,4.999777
PHY_EDGE_ROW_31_Right_31,VDD,Metal1,389.2065,137.8715,4.999827
PHY_EDGE_ROW_30_Right_30,VDD,Metal1,389.2065,136.5280,4.999827
PHY_EDGE_ROW_29_Right_29,VDD,Metal1,389.2065,130.0315,4.999735
PHY_EDGE_ROW_28_Right_28,VDD,Metal1,389.2065,128.6880,4.999735
PHY_EDGE_ROW_27_Right_27,VDD,Metal1,389.2065,122.1915,4.999796
PHY_EDGE_ROW_26_Right_26,VDD,Metal1,389.2065,120.8480,4.999796
PHY_EDGE_ROW_25_Right_25,VDD,Metal1,389.2065,114.3515,4.999428
PHY_EDGE_ROW_24_Right_24,VDD,Metal1,389.2065,113.0080,4.999428
PHY_EDGE_ROW_23_Right_23,VDD,Metal1,389.2065,106.5115,4.999571
PHY_EDGE_ROW_22_Right_22,VDD,Metal1,389.2065,105.1680,4.999571
PHY_EDGE_ROW_21_Right_21,VDD,Metal1,389.2065,98.6715,4.999779
PHY_EDGE_ROW_20_Right_20,VDD,Metal1,389.2065,97.3280,4.999779
PHY_EDGE_ROW_19_Right_19,VDD,Metal1,389.2065,90.8315,4.999671
PHY_EDGE_ROW_18_Right_18,VDD,Metal1,389.2065,89.4880,4.999671
PHY_EDGE_ROW_17_Right_17,VDD,Metal1,389.2065,82.9915,4.999764
PHY_EDGE_ROW_16_Right_16,VDD,Metal1,389.2065,81.6480,4.999764
PHY_EDGE_ROW_15_Right_15,VDD,Metal1,389.2065,75.1515,4.999806
PHY_EDGE_ROW_14_Right_14,VDD,Metal1,389.2065,73.8080,4.999806
PHY_EDGE_ROW_13_Right_13,VDD,Metal1,389.2065,67.3115,4.999752
PHY_EDGE_ROW_12_Right_12,VDD,Metal1,389.2065,65.9680,4.999752
PHY_EDGE_ROW_11_Right_11,VDD,Metal1,389.2065,59.4715,4.999520
PHY_EDGE_ROW_10_Right_10,VDD,Metal1,389.2065,58.1280,4.999520
PHY_EDGE_ROW_9_Right_9,VDD,Metal1,389.2065,51.6315,4.999678
PHY_EDGE_ROW_8_Right_8,VDD,Metal1,389.2065,50.2880,4.999678
PHY_EDGE_ROW_7_Right_7,VDD,Metal1,389.2065,43.7915,4.999709
PHY_EDGE_ROW_6_Right_6,VDD,Metal1,389.2065,42.4480,4.999709
PHY_EDGE_ROW_5_Right_5,VDD,Metal1,389.2065,35.9515,4.999833
PHY_EDGE_ROW_4_Right_4,VDD,Metal1,389.2065,34.6080,4.999833
PHY_EDGE_ROW_3_Right_3,VDD,Metal1,389.2065,28.1115,4.999782
PHY_EDGE_ROW_2_Right_2,VDD,Metal1,389.2065,26.7680,4.999782
PHY_EDGE_ROW_1_Right_1,VDD,Metal1,389.2065,20.2715,4.999859
PHY_EDGE_ROW_0_Right_0,VDD,Metal1,389.2065,18.9280,4.999859
_2108_,VDD,Metal1,243.0365,73.8765,4.999764
_2107_,VDD,Metal1,233.5165,66.0365,4.999629
_2106_,VDD,Metal1,241.9165,81.7165,4.999766
_2105_,VDD,Metal1,216.1630,35.8830,4.999606
_2104_,VDD,Metal1,247.5230,58.1965,4.999516
_2103_,VDD,Metal1,223.9965,43.7230,4.999643
_2102_,VDD,Metal1,251.4430,183.6365,4.999597
_2101_,VDD,Metal1,234.0765,167.9565,4.999345
_2100_,VDD,Metal1,249.7565,175.7965,4.999663
_2099_,VDD,Metal1,213.9165,169.1630,4.999348
_2098_,VDD,Metal1,204.3965,175.7965,4.999651
_2097_,VDD,Metal1,220.6365,161.3230,4.999586
_2096_,VDD,Metal1,234.0830,136.5965,4.999792
_2095_,VDD,Metal1,217.8365,129.9630,4.999730
_2094_,VDD,Metal1,233.5165,144.4365,4.999587
_2093_,VDD,Metal1,193.7565,137.8030,4.999805
_2092_,VDD,Metal1,182.5630,145.6430,4.999615
_2091_,VDD,Metal1,205.5165,144.4365,4.999610
_2090_,VDD,Metal1,345.5165,333.8030,4.999799
_2089_,VDD,Metal1,323.6765,356.1165,4.999808
_2088_,VDD,Metal1,322.5565,348.2765,4.999629
_2087_,VDD,Metal1,324.8030,324.7565,4.999721
_2086_,VDD,Metal1,318.0830,301.2365,4.999680
_2085_,VDD,Metal1,347.1965,310.2830,4.999893
_2084_,VDD,Metal1,355.5965,309.0765,4.999893
_2083_,VDD,Metal1,351.1165,301.2365,4.999677
_2082_,VDD,Metal1,345.5230,286.7630,4.999845
_2081_,VDD,Metal1,337.1230,271.0830,4.999656
_2080_,VDD,Metal1,321.4365,277.7165,4.999856
_2079_,VDD,Metal1,323.6830,262.0365,4.999634
_2078_,VDD,Metal1,310.2430,247.5630,4.999691
_2077_,VDD,Metal1,295.6765,255.4030,4.999676
_2076_,VDD,Metal1,262.0765,271.0830,4.999520
_2075_,VDD,Metal1,260.3965,263.2430,4.999750
_2074_,VDD,Metal1,275.5165,254.1965,4.999671
_2073_,VDD,Metal1,251.7490,199.3415,4.999803
_2072_,VDD,Metal1,245.0290,254.2215,4.999668
_2071_,VDD,Metal1,222.0690,247.5380,4.999669
_2070_,VDD,Metal1,252.5565,144.4365,4.999577
_2069_,VDD,Metal1,253.1165,122.1230,4.999806
_2068_,VDD,Metal1,245.2830,120.9165,4.999805
_2067_,VDD,Metal1,269.6690,43.6980,4.999644
_2066_,VDD,Metal1,322.8690,50.3815,4.999677
_2065_,VDD,Metal1,324.2365,42.5165,4.999709
_2064_,VDD,Metal1,311.9165,26.8365,4.999768
_2063_,VDD,Metal1,287.5890,42.5415,4.999648
_2062_,VDD,Metal1,337.9890,43.6980,4.999709
_2061_,VDD,Metal1,337.1230,35.8830,4.999833
_2060_,VDD,Metal1,329.8430,26.8365,4.999782
_2059_,VDD,Metal1,194.3165,340.4365,4.999619
_2058_,VDD,Metal1,213.9165,325.9630,4.999613
_2057_,VDD,Metal1,216.1630,302.4430,4.999531
_2056_,VDD,Metal1,210.5565,285.5565,4.999765
_2055_,VDD,Metal1,243.0365,285.5565,4.999805
_2054_,VDD,Metal1,243.0365,269.8765,4.999519
_2053_,VDD,Metal1,227.9165,271.0830,4.999519
_2052_,VDD,Metal1,213.9165,263.2430,4.999759
_2051_,VDD,Metal1,194.3165,269.8765,4.999581
_2050_,VDD,Metal1,174.7165,263.2430,4.999775
_2049_,VDD,Metal1,175.8365,286.7630,4.999758
_2048_,VDD,Metal1,184.2365,310.2830,4.999882
_2047_,VDD,Metal1,178.0830,333.8030,4.999560
_2046_,VDD,Metal1,161.8365,324.7565,4.999756
_2045_,VDD,Metal1,141.6765,325.9630,4.999746
_2044_,VDD,Metal1,145.5965,333.8030,4.999560
_2043_,VDD,Metal1,187.5965,247.5630,4.999669
_2042_,VDD,Metal1,75.0430,169.1630,4.999312
_2041_,VDD,Metal1,74.4765,184.8430,4.999629
_2040_,VDD,Metal1,66.6430,192.6830,4.999703
_2039_,VDD,Metal1,124.0690,167.9815,4.999329
_2038_,VDD,Metal1,120.7090,175.8215,4.999636
_2037_,VDD,Metal1,115.3565,184.8430,4.999615
_2036_,VDD,Metal1,121.5165,160.1165,4.999620
_2035_,VDD,Metal1,143.1090,161.2980,4.999622
_2034_,VDD,Metal1,142.5490,176.9780,4.999637
_2033_,VDD,Metal1,134.9565,183.6365,4.999613
_2032_,VDD,Metal1,138.8765,153.4830,4.999717
_2031_,VDD,Metal1,184.2430,43.7230,4.999652
_2030_,VDD,Metal1,246.3965,89.5565,4.999680
_2029_,VDD,Metal1,174.7165,51.5630,4.999553
_2028_,VDD,Metal1,213.3565,26.8365,4.999736
_2027_,VDD,Metal1,198.7965,34.6765,4.999603
_2026_,VDD,Metal1,252.0030,114.2830,4.999488
_2025_,VDD,Metal1,217.2765,145.6430,4.999610
_2024_,VDD,Metal1,244.7165,160.1165,4.999576
_2023_,VDD,Metal1,195.9965,160.1165,4.999615
_2022_,VDD,Metal1,192.6430,184.8430,4.999609
_2021_,VDD,Metal1,187.5965,161.3230,4.999616
_2020_,VDD,Metal1,173.5965,167.9565,4.999351
_2019_,VDD,Metal1,212.7965,191.4765,4.999726
_2018_,VDD,Metal1,193.7565,153.4830,4.999698
_2017_,VDD,Metal1,174.7165,153.4830,4.999716
_2016_,VDD,Metal1,232.9565,192.6830,4.999720
_2015_,VDD,Metal1,233.5165,183.6365,4.999599
_2014_,VDD,Metal1,162.9565,348.2765,4.999679
_2013_,VDD,Metal1,282.7965,363.9565,4.999869
_2012_,VDD,Metal1,213.3565,356.1165,4.999801
_2011_,VDD,Metal1,194.3165,356.1165,4.999872
_2010_,VDD,Metal1,256.4765,294.6030,4.999783
_2009_,VDD,Metal1,253.6765,318.1230,4.999640
_2008_,VDD,Metal1,231.8430,341.6430,4.999600
_2007_,VDD,Metal1,306.3230,357.3230,4.999808
_2006_,VDD,Metal1,165.1965,309.0765,4.999872
_2005_,VDD,Metal1,238.5565,316.9165,4.999641
_2004_,VDD,Metal1,273.8365,356.1165,4.999795
_2003_,VDD,Metal1,258.7165,333.8030,4.999396
_2002_,VDD,Metal1,186.4765,357.3230,4.999873
_2001_,VDD,Metal1,168.5565,356.1165,4.999883
_2000_,VDD,Metal1,297.9165,349.4830,4.999618
_1999_,VDD,Metal1,239.6765,332.5965,4.999411
_1998_,VDD,Metal1,222.3165,200.5230,4.999786
_1997_,VDD,Metal1,164.0830,183.6365,4.999613
_1996_,VDD,Metal1,160.1565,246.3565,4.999672
_1995_,VDD,Metal1,217.8365,239.7230,4.999467
_1994_,VDD,Metal1,208.8765,214.9965,4.999720
_1993_,VDD,Metal1,197.6765,230.6765,4.999783
_1992_,VDD,Metal1,135.8290,263.2180,4.999756
_1991_,VDD,Metal1,139.1305,247.5380,4.999658
_1990_,VDD,Metal1,131.3490,277.7415,4.999720
_1989_,VDD,Metal1,135.2105,302.4180,4.999559
_1988_,VDD,Metal1,148.7090,294.5780,4.999750
_1987_,VDD,Metal1,153.7490,286.7380,4.999709
_1986_,VDD,Metal1,150.3890,271.0580,4.999598
_1985_,VDD,Metal1,160.4690,254.2215,4.999661
_1984_,VDD,Metal1,201.6030,199.3165,4.999786
_1983_,VDD,Metal1,184.8030,224.0430,4.999797
_1982_,VDD,Metal1,174.7165,184.8430,4.999614
_1981_,VDD,Metal1,288.9565,230.6765,4.999844
_1980_,VDD,Metal1,338.2365,224.0430,4.999871
_1979_,VDD,Metal1,335.4365,231.8830,4.999862
_1978_,VDD,Metal1,311.9165,238.5165,4.999608
_1977_,VDD,Metal1,278.0690,183.6615,4.999601
_1976_,VDD,Metal1,285.9090,199.3415,4.999814
_1975_,VDD,Metal1,304.9490,208.3380,4.999735
_1974_,VDD,Metal1,317.2690,215.0215,4.999778
_1973_,VDD,Metal1,331.2105,208.3380,4.999754
_1972_,VDD,Metal1,347.5090,200.4980,4.999819
_1971_,VDD,Metal1,346.9490,192.6580,4.999723
_1970_,VDD,Metal1,318.9490,183.6615,4.999629
_1969_,VDD,Metal1,232.9565,216.2030,4.999689
_1968_,VDD,Metal1,249.7630,207.1565,4.999672
_1967_,VDD,Metal1,238.5565,238.5165,4.999549
_1966_,VDD,Metal1,288.3965,238.5165,4.999593
_1965_,VDD,Metal1,242.4830,50.3565,4.999545
_1964_,VDD,Metal1,235.7565,26.8365,4.999739
_1963_,VDD,Metal1,351.1165,144.4365,4.999789
_1962_,VDD,Metal1,356.7165,89.5565,4.999674
_1961_,VDD,Metal1,355.5965,113.0765,4.999432
_1960_,VDD,Metal1,351.1165,152.2765,4.999616
_1959_,VDD,Metal1,350.5565,129.9630,4.999740
_1958_,VDD,Metal1,351.1165,105.2365,4.999577
_1957_,VDD,Metal1,238.0030,97.3965,4.999790
_1956_,VDD,Metal1,181.9965,98.6030,4.999788
_1955_,VDD,Metal1,186.4765,114.2830,4.999562
_1954_,VDD,Metal1,231.2765,82.9230,4.999766
_1953_,VDD,Metal1,202.7165,120.9165,4.999809
_1952_,VDD,Metal1,217.8365,122.1230,4.999809
_1951_,VDD,Metal1,166.8765,144.4365,4.999613
_1950_,VDD,Metal1,163.5165,113.0765,4.999577
_1949_,VDD,Metal1,218.3965,28.0430,4.999736
_1948_,VDD,Metal1,26.3165,43.7230,4.999660
_1947_,VDD,Metal1,22.3965,75.0830,4.999693
_1946_,VDD,Metal1,85.1165,26.8365,4.999714
_1945_,VDD,Metal1,54.3165,26.8365,4.999739
_1944_,VDD,Metal1,17.9165,122.1230,4.999830
_1943_,VDD,Metal1,36.9565,90.7630,4.999769
_1942_,VDD,Metal1,94.6430,120.9165,4.999814
_1941_,VDD,Metal1,91.8365,50.3565,4.999542
_1940_,VDD,Metal1,68.8830,43.7230,4.999632
_1939_,VDD,Metal1,120.9630,42.5165,4.999611
_1938_,VDD,Metal1,106.9565,20.2030,4.999778
_1937_,VDD,Metal1,159.5965,50.3565,4.999549
_1936_,VDD,Metal1,124.8765,89.5565,4.999768
_1935_,VDD,Metal1,154.5565,20.2030,4.999798
_1934_,VDD,Metal1,166.3165,26.8365,4.999739
_1933_,VDD,Metal1,123.7565,105.2365,4.999690
_1932_,VDD,Metal1,35.8430,122.1230,4.999819
_1931_,VDD,Metal1,40.8830,97.3965,4.999657
_1930_,VDD,Metal1,108.6365,122.1230,4.999813
_1929_,VDD,Metal1,90.7230,58.1965,4.999584
_1928_,VDD,Metal1,66.0830,59.4030,4.999609
_1927_,VDD,Metal1,119.2830,58.1965,4.999581
_1926_,VDD,Metal1,145.0430,98.6030,4.999663
_1925_,VDD,Metal1,135.5165,59.4030,4.999582
_1924_,VDD,Metal1,127.1165,113.0765,4.999579
_1923_,VDD,Metal1,153.4430,59.4030,4.999591
_1922_,VDD,Metal1,143.9230,106.4430,4.999690
_1921_,VDD,Metal1,103.5965,98.6030,4.999653
_1920_,VDD,Metal1,197.1165,50.3565,4.999545
_1919_,VDD,Metal1,17.9165,51.5630,4.999639
_1918_,VDD,Metal1,17.9165,67.2430,4.999620
_1917_,VDD,Metal1,72.8030,20.2030,4.999761
_1916_,VDD,Metal1,44.8030,34.6765,4.999642
_1915_,VDD,Metal1,17.9165,137.8030,4.999833
_1914_,VDD,Metal1,17.9165,90.7630,4.999831
_1913_,VDD,Metal1,17.9165,145.6430,4.999747
_1912_,VDD,Metal1,97.9965,28.0430,4.999714
_1911_,VDD,Metal1,65.5165,35.8830,4.999600
_1910_,VDD,Metal1,106.4030,35.8830,4.999580
_1909_,VDD,Metal1,119.8430,34.6765,4.999580
_1908_,VDD,Metal1,138.8830,43.7230,4.999620
_1907_,VDD,Metal1,109.1965,137.8030,4.999820
_1906_,VDD,Metal1,142.8030,28.0430,4.999724
_1905_,VDD,Metal1,131.0430,26.8365,4.999724
_1904_,VDD,Metal1,91.2765,81.7165,4.999769
_1903_,VDD,Metal1,27.9965,114.2830,4.999582
_1902_,VDD,Metal1,19.5965,98.6030,4.999693
_1901_,VDD,Metal1,36.9630,144.4365,4.999623
_1900_,VDD,Metal1,81.7565,89.5565,4.999768
_1899_,VDD,Metal1,71.1230,67.2430,4.999581
_1898_,VDD,Metal1,111.4430,67.2430,4.999579
_1897_,VDD,Metal1,100.2430,75.0830,4.999671
_1896_,VDD,Metal1,140.0030,82.9230,4.999782
_1895_,VDD,Metal1,129.9230,73.8765,4.999690
_1894_,VDD,Metal1,143.9230,122.1230,4.999814
_1893_,VDD,Metal1,126.5565,128.7565,4.999790
_1892_,VDD,Metal1,101.9165,90.7630,4.999767
_1891_,VDD,Metal1,163.5165,128.7565,4.999757
_1890_,VDD,Metal1,181.4365,129.9630,4.999761
_1889_,VDD,Metal1,162.3965,387.4765,4.999964
_1888_,VDD,Metal1,272.7165,379.6365,4.999917
_1887_,VDD,Metal1,204.9565,363.9565,4.999963
_1886_,VDD,Metal1,190.9565,380.8430,4.999932
_1885_,VDD,Metal1,253.1165,365.1630,4.999870
_1884_,VDD,Metal1,257.0430,380.8430,4.999918
_1883_,VDD,Metal1,223.9965,357.3230,4.999800
_1882_,VDD,Metal1,296.7965,380.8430,4.999919
_1881_,VDD,Metal1,151.1965,310.2830,4.999872
_1880_,VDD,Metal1,211.6765,387.4765,4.999952
_1879_,VDD,Metal1,241.3565,379.6365,4.999918
_1878_,VDD,Metal1,245.2765,356.1165,4.999799
_1877_,VDD,Metal1,183.6765,373.0030,4.999963
_1876_,VDD,Metal1,164.0765,371.7965,4.999964
_1875_,VDD,Metal1,291.7565,379.6365,4.999919
_1874_,VDD,Metal1,225.6765,373.0030,4.999957
_1873_,VDD,Metal1,220.6430,106.4430,4.999633
_1872_,VDD,Metal1,157.3565,160.1165,4.999623
_1871_,VDD,Metal1,62.7165,161.3230,4.999646
_1870_,VDD,Metal1,61.5965,153.4830,4.999744
_1869_,VDD,Metal1,17.9165,271.0830,4.999593
_1868_,VDD,Metal1,37.5165,199.3165,4.999771
_1867_,VDD,Metal1,17.9165,247.5630,4.999719
_1866_,VDD,Metal1,17.9165,216.2030,4.999781
_1865_,VDD,Metal1,17.9165,278.9230,4.999691
_1864_,VDD,Metal1,17.9165,310.2830,4.999832
_1863_,VDD,Metal1,17.9165,318.1230,4.999848
_1862_,VDD,Metal1,29.1165,231.8830,4.999787
_1861_,VDD,Metal1,25.7565,263.2430,4.999765
_1860_,VDD,Metal1,42.5565,183.6365,4.999633
_1859_,VDD,Metal1,22.3965,239.7230,4.999562
_1858_,VDD,Metal1,21.8365,208.3630,4.999596
_1857_,VDD,Metal1,25.1965,286.7630,4.999677
_1856_,VDD,Metal1,26.8765,302.4430,4.999698
_1855_,VDD,Metal1,30.7965,325.9630,4.999778
_1854_,VDD,Metal1,36.9565,224.0430,4.999805
_1853_,VDD,Metal1,52.6430,207.1565,4.999569
_1852_,VDD,Metal1,16.8030,184.8430,4.999656
_1851_,VDD,Metal1,30.2365,161.3230,4.999674
_1850_,VDD,Metal1,30.2365,169.1630,4.999433
_1849_,VDD,Metal1,134.3965,199.3165,4.999781
_1848_,VDD,Metal1,154.5565,192.6830,4.999736
_1847_,VDD,Metal1,147.0290,224.0180,4.999796
_1846_,VDD,Metal1,134.1490,230.7015,4.999774
_1845_,VDD,Metal1,103.9090,169.1380,4.999312
_1844_,VDD,Metal1,94.9490,183.6615,4.999625
_1843_,VDD,Metal1,88.4765,191.4765,4.999705
_1842_,VDD,Metal1,98.0030,161.3230,4.999619
_1841_,VDD,Metal1,67.1965,271.0830,4.999579
_1840_,VDD,Metal1,76.1565,224.0430,4.999800
_1839_,VDD,Metal1,69.9965,247.5630,4.999652
_1838_,VDD,Metal1,101.9165,341.6430,4.999633
_1837_,VDD,Metal1,120.3965,332.5965,4.999568
_1836_,VDD,Metal1,79.5165,348.2765,4.999714
_1835_,VDD,Metal1,69.9965,341.6430,4.999644
_1834_,VDD,Metal1,111.4365,263.2430,4.999755
_1833_,VDD,Metal1,48.1565,262.0365,4.999760
_1832_,VDD,Metal1,54.3165,222.8365,4.999803
_1831_,VDD,Metal1,52.0765,246.3565,4.999685
_1830_,VDD,Metal1,99.6765,318.1230,4.999750
_1829_,VDD,Metal1,105.2765,294.6030,4.999746
_1828_,VDD,Metal1,52.6365,309.0765,4.999826
_1827_,VDD,Metal1,48.1630,324.7565,4.999771
_1826_,VDD,Metal1,95.7565,262.0365,4.999755
_1825_,VDD,Metal1,72.2365,278.9230,4.999670
_1824_,VDD,Metal1,71.1165,216.2030,4.999762
_1823_,VDD,Metal1,69.9965,239.7230,4.999480
_1822_,VDD,Metal1,99.6765,333.8030,4.999733
_1821_,VDD,Metal1,124.8765,324.7565,4.999746
_1820_,VDD,Metal1,76.1565,325.9630,4.999763
_1819_,VDD,Metal1,64.3965,333.8030,4.999750
_1818_,VDD,Metal1,114.2365,239.7230,4.999478
_1817_,VDD,Metal1,47.0365,285.5565,4.999673
_1816_,VDD,Metal1,72.7965,200.5230,4.999727
_1815_,VDD,Metal1,45.3565,254.1965,4.999580
_1814_,VDD,Metal1,96.3165,278.9230,4.999681
_1813_,VDD,Metal1,115.9165,285.5565,4.999670
_1812_,VDD,Metal1,64.9565,302.4430,4.999579
_1811_,VDD,Metal1,45.9165,301.2365,4.999676
_1810_,VDD,Metal1,95.7565,238.5165,4.999475
_1809_,VDD,Metal1,261.5230,20.2030,4.999851
_1808_,VDD,Metal1,262.6365,28.0430,4.999747
_1807_,VDD,Metal1,283.1090,34.7015,4.999657
_1806_,VDD,Metal1,289.2690,26.8615,4.999761
_1805_,VDD,Metal1,262.3890,75.0580,4.999769
_1804_,VDD,Metal1,280.8690,81.7415,4.999765
_1803_,VDD,Metal1,278.3165,50.3565,4.999576
_1802_,VDD,Metal1,263.1965,59.4030,4.999515
_1801_,VDD,Metal1,272.7165,128.7565,4.999681
_1800_,VDD,Metal1,268.2365,153.4830,4.999654
_1799_,VDD,Metal1,313.5965,89.5565,4.999650
_1798_,VDD,Metal1,316.3965,120.9165,4.999824
_1797_,VDD,Metal1,307.9965,145.6430,4.999783
_1796_,VDD,Metal1,334.8765,161.3230,4.999672
_1795_,VDD,Metal1,328.1565,73.8765,4.999809
_1794_,VDD,Metal1,264.3165,90.7630,4.999615
_1793_,VDD,Metal1,268.2365,137.8030,4.999805
_1792_,VDD,Metal1,268.7965,177.0030,4.999665
_1791_,VDD,Metal1,311.3565,98.6030,4.999803
_1790_,VDD,Metal1,307.9965,129.9630,4.999697
_1789_,VDD,Metal1,303.5165,184.8430,4.999628
_1788_,VDD,Metal1,344.3965,177.0030,4.999698
_1787_,VDD,Metal1,344.9565,59.4030,4.999520
_1786_,VDD,Metal1,259.2765,98.6030,4.999793
_1785_,VDD,Metal1,285.5965,120.9165,4.999816
_1784_,VDD,Metal1,285.0365,160.1165,4.999576
_1783_,VDD,Metal1,323.6765,97.3965,4.999804
_1782_,VDD,Metal1,331.5165,122.1230,4.999826
_1781_,VDD,Metal1,311.9165,167.9565,4.999379
_1780_,VDD,Metal1,343.2765,169.1630,4.999627
_1779_,VDD,Metal1,338.2365,75.0830,4.999809
_1778_,VDD,Metal1,283.9165,97.3965,4.999797
_1777_,VDD,Metal1,291.7565,144.4365,4.999769
_1776_,VDD,Metal1,292.3165,177.0030,4.999679
_1775_,VDD,Metal1,335.9965,98.6030,4.999805
_1774_,VDD,Metal1,331.5165,145.6430,4.999793
_1773_,VDD,Metal1,324.2365,175.7965,4.999700
_1772_,VDD,Metal1,358.9565,183.6365,4.999634
_1771_,VDD,Metal1,358.9565,73.8765,4.999807
_1770_,VDD,Metal1,295.6830,106.4430,4.999579
_1769_,VDD,Metal1,226.3800,191.6975,4.999720
_1768_,VDD,Metal1,226.1400,184.6625,4.999599
_1767_,VDD,Metal1,228.3725,175.8205,4.999650
_1766_,VDD,Metal1,168.1075,349.4590,4.999679
_1765_,VDD,Metal1,274.2600,357.1025,4.999794
_1764_,VDD,Metal1,274.3000,364.9825,4.999869
_1763_,VDD,Metal1,210.6675,341.6190,4.999613
_1762_,VDD,Metal1,193.3075,349.4590,4.999551
_1761_,VDD,Metal1,254.3800,302.2225,4.999608
_1760_,VDD,Metal1,254.1400,357.1425,4.999799
_1759_,VDD,Metal1,253.2600,317.1375,4.999640
_1758_,VDD,Metal1,256.0200,341.4625,4.999599
_1757_,VDD,Metal1,230.8275,348.3005,4.999551
_1756_,VDD,Metal1,298.6200,364.1775,4.999878
_1755_,VDD,Metal1,297.2600,364.9825,4.999878
_1754_,VDD,Metal1,159.7075,316.9405,4.999722
_1753_,VDD,Metal1,231.1400,317.9025,4.999641
_1752_,VDD,Metal1,228.0200,324.9375,4.999605
_1751_,VDD,Metal1,265.3000,349.2625,4.999600
_1750_,VDD,Metal1,261.6200,357.1425,4.999797
_1749_,VDD,Metal1,253.5400,332.8175,4.999396
_1748_,VDD,Metal1,253.7800,348.4575,4.999554
_1747_,VDD,Metal1,187.7075,363.9805,4.999963
_1746_,VDD,Metal1,168.1075,357.2990,4.999883
_1745_,VDD,Metal1,293.5800,356.3375,4.999801
_1744_,VDD,Metal1,292.2200,364.9825,4.999871
_1743_,VDD,Metal1,232.5075,340.4605,4.999600
_1742_,VDD,Metal1,210.7000,200.3025,4.999786
_1741_,VDD,Metal1,219.6200,184.6625,4.999609
_1740_,VDD,Metal1,168.1075,176.9790,4.999646
_1739_,VDD,Metal1,200.7375,191.7850,4.999734
_1738_,VDD,Metal1,161.1630,239.5530,4.999481
_1737_,VDD,Metal1,166.8965,231.7430,4.999774
_1736_,VDD,Metal1,166.8630,216.0630,4.999739
_1735_,VDD,Metal1,171.3765,246.4965,4.999673
_1734_,VDD,Metal1,213.2430,230.8465,4.999791
_1733_,VDD,Metal1,215.3460,231.6700,4.999791
_1732_,VDD,Metal1,206.7800,223.8225,4.999798
_1731_,VDD,Metal1,201.3100,224.0030,4.999798
_1730_,VDD,Metal1,208.1800,230.8975,4.999784
_1729_,VDD,Metal1,214.2100,222.8765,4.999801
_1728_,VDD,Metal1,195.5475,231.8590,4.999783
_1727_,VDD,Metal1,127.9825,270.1850,4.999590
_1726_,VDD,Metal1,83.3000,270.0975,4.999581
_1725_,VDD,Metal1,82.1800,277.9375,4.999673
_1724_,VDD,Metal1,83.5565,285.7265,4.999672
_1723_,VDD,Metal1,81.0925,271.0590,4.999581
_1722_,VDD,Metal1,135.7900,254.2365,4.999605
_1721_,VDD,Metal1,131.9025,246.6650,4.999658
_1720_,VDD,Metal1,84.3025,223.1450,4.999800
_1719_,VDD,Metal1,81.6200,215.2175,4.999761
_1718_,VDD,Metal1,82.5900,230.7165,4.999783
_1717_,VDD,Metal1,80.7800,223.0575,4.999800
_1716_,VDD,Metal1,87.6500,224.0030,4.999799
_1715_,VDD,Metal1,138.6100,254.2365,4.999606
_1714_,VDD,Metal1,130.2100,278.8830,4.999720
_1713_,VDD,Metal1,131.3425,254.5050,4.999599
_1712_,VDD,Metal1,83.6975,254.5050,4.999580
_1711_,VDD,Metal1,81.6200,262.2575,4.999758
_1710_,VDD,Metal1,79.2300,246.3965,4.999651
_1709_,VDD,Metal1,83.5800,247.3425,4.999647
_1708_,VDD,Metal1,78.6700,262.0765,4.999758
_1707_,VDD,Metal1,133.0100,278.8830,4.999720
_1706_,VDD,Metal1,130.1900,301.2765,4.999559
_1705_,VDD,Metal1,129.1025,294.2950,4.999746
_1704_,VDD,Metal1,109.5025,309.9750,4.999862
_1703_,VDD,Metal1,101.7800,285.7775,4.999670
_1702_,VDD,Metal1,110.0500,318.0830,4.999749
_1701_,VDD,Metal1,110.4600,309.2975,4.999862
_1700_,VDD,Metal1,109.4700,316.9565,4.999749
_1699_,VDD,Metal1,134.1300,294.5630,4.999746
_1698_,VDD,Metal1,141.9500,293.4365,4.999750
_1697_,VDD,Metal1,134.1425,301.5450,4.999559
_1696_,VDD,Metal1,123.5025,309.3850,4.999865
_1695_,VDD,Metal1,119.1400,294.3825,4.999746
_1694_,VDD,Metal1,124.0500,316.9565,4.999728
_1693_,VDD,Metal1,119.4200,302.2225,4.999560
_1692_,VDD,Metal1,121.2300,316.9565,4.999728
_1691_,VDD,Metal1,149.2500,293.4365,4.999750
_1690_,VDD,Metal1,146.4500,293.4365,4.999750
_1689_,VDD,Metal1,154.2575,285.8650,4.999709
_1688_,VDD,Metal1,89.0230,301.3765,4.999561
_1687_,VDD,Metal1,82.8630,302.3030,4.999570
_1686_,VDD,Metal1,82.6100,318.0830,4.999764
_1685_,VDD,Metal1,75.8700,302.4030,4.999577
_1684_,VDD,Metal1,87.9030,302.3030,4.999561
_1683_,VDD,Metal1,75.8700,309.1165,4.999859
_1682_,VDD,Metal1,83.7100,310.2430,4.999860
_1681_,VDD,Metal1,142.5300,269.9165,4.999598
_1680_,VDD,Metal1,155.8200,277.9375,4.999747
_1679_,VDD,Metal1,158.6000,263.0775,4.999773
_1678_,VDD,Metal1,85.1030,301.3765,4.999562
_1677_,VDD,Metal1,78.9430,302.3030,4.999576
_1676_,VDD,Metal1,76.4500,318.0830,4.999764
_1675_,VDD,Metal1,74.1900,301.2765,4.999577
_1674_,VDD,Metal1,80.6230,309.2165,4.999860
_1673_,VDD,Metal1,73.0900,309.1165,4.999826
_1672_,VDD,Metal1,78.6700,310.2430,4.999860
_1671_,VDD,Metal1,152.8630,262.1765,4.999768
_1670_,VDD,Metal1,122.0630,255.2630,4.999591
_1669_,VDD,Metal1,117.0230,247.4230,4.999644
_1668_,VDD,Metal1,111.7100,247.5230,4.999643
_1667_,VDD,Metal1,116.1900,246.3965,4.999644
_1666_,VDD,Metal1,116.4630,262.1765,4.999755
_1665_,VDD,Metal1,111.7100,262.0765,4.999755
_1664_,VDD,Metal1,116.1900,269.9165,4.999586
_1663_,VDD,Metal1,153.4230,263.1030,4.999768
_1662_,VDD,Metal1,157.0700,262.0765,4.999773
_1661_,VDD,Metal1,140.4600,255.2225,4.999650
_1660_,VDD,Metal1,209.8600,223.8225,4.999799
_1659_,VDD,Metal1,189.8230,222.9765,4.999797
_1658_,VDD,Metal1,194.7800,192.5025,4.999736
_1657_,VDD,Metal1,188.4625,200.2150,4.999788
_1656_,VDD,Metal1,183.2265,200.4830,4.999791
_1655_,VDD,Metal1,189.9400,199.4975,4.999788
_1654_,VDD,Metal1,191.0600,215.1775,4.999729
_1653_,VDD,Metal1,175.4200,215.9825,4.999739
_1652_,VDD,Metal1,179.0830,216.0330,4.999738
_1651_,VDD,Metal1,172.7375,215.3050,4.999739
_1650_,VDD,Metal1,174.8600,191.6975,4.999744
_1649_,VDD,Metal1,178.5230,191.6465,4.999745
_1648_,VDD,Metal1,175.4000,199.4825,4.999792
_1647_,VDD,Metal1,173.3460,200.3100,4.999792
_1646_,VDD,Metal1,173.8700,207.1965,4.999663
_1645_,VDD,Metal1,176.7025,231.5750,4.999777
_1644_,VDD,Metal1,182.8175,231.5750,4.999775
_1643_,VDD,Metal1,211.4100,222.8765,4.999799
_1642_,VDD,Metal1,218.2025,223.8625,4.999801
_1641_,VDD,Metal1,218.7200,230.9225,4.999793
_1640_,VDD,Metal1,215.8900,216.1630,4.999720
_1639_,VDD,Metal1,284.3630,231.7130,4.999844
_1638_,VDD,Metal1,284.1900,222.8765,4.999862
_1637_,VDD,Metal1,276.7565,223.0065,4.999857
_1636_,VDD,Metal1,329.7330,230.7165,4.999862
_1635_,VDD,Metal1,330.6700,238.5565,4.999787
_1634_,VDD,Metal1,326.2225,238.8250,4.999674
_1633_,VDD,Metal1,325.0700,230.7165,4.999860
_1632_,VDD,Metal1,320.5900,230.7165,4.999855
_1631_,VDD,Metal1,317.7900,230.7165,4.999855
_1630_,VDD,Metal1,323.6965,231.7430,4.999859
_1629_,VDD,Metal1,305.9000,239.5025,4.999608
_1628_,VDD,Metal1,307.5800,230.8975,4.999852
_1627_,VDD,Metal1,272.0430,192.5130,4.999721
_1626_,VDD,Metal1,273.0260,199.5300,4.999809
_1625_,VDD,Metal1,274.2330,207.2780,4.999682
_1624_,VDD,Metal1,273.7700,200.2925,4.999810
_1623_,VDD,Metal1,269.0700,199.3565,4.999806
_1622_,VDD,Metal1,295.3000,207.3250,4.999730
_1621_,VDD,Metal1,291.6200,207.3775,4.999716
_1620_,VDD,Metal1,288.7625,208.1825,4.999709
_1619_,VDD,Metal1,291.9000,215.2175,4.999705
_1618_,VDD,Metal1,308.6675,216.1790,4.999778
_1617_,VDD,Metal1,301.7325,216.1790,4.999710
_1616_,VDD,Metal1,304.1800,215.1775,4.999710
_1615_,VDD,Metal1,328.0525,207.1805,4.999754
_1614_,VDD,Metal1,336.4525,207.1805,4.999754
_1613_,VDD,Metal1,336.4525,199.3405,4.999820
_1612_,VDD,Metal1,315.3875,192.6590,4.999724
_1611_,VDD,Metal1,280.2700,222.8765,4.999857
_1610_,VDD,Metal1,275.6130,216.0475,4.999695
_1609_,VDD,Metal1,234.8375,223.0175,4.999807
_1608_,VDD,Metal1,238.6300,223.8125,4.999810
_1607_,VDD,Metal1,239.5800,223.0175,4.999811
_1606_,VDD,Metal1,245.1400,208.1425,4.999672
_1605_,VDD,Metal1,245.3965,200.3530,4.999803
_1604_,VDD,Metal1,251.5800,208.1425,4.999672
_1603_,VDD,Metal1,235.3000,239.5425,4.999549
_1602_,VDD,Metal1,239.9375,231.5750,4.999797
_1601_,VDD,Metal1,241.7225,230.8575,4.999797
_1600_,VDD,Metal1,252.6000,231.5450,4.999833
_1599_,VDD,Metal1,313.0230,230.8165,4.999854
_1598_,VDD,Metal1,306.8650,231.8200,4.999852
_1597_,VDD,Metal1,314.7350,231.8200,4.999854
_1596_,VDD,Metal1,258.3000,239.5025,4.999561
_1595_,VDD,Metal1,276.2600,239.5550,4.999587
_1594_,VDD,Metal1,279.7300,239.6830,4.999593
_1593_,VDD,Metal1,275.9630,238.6865,4.999587
_1592_,VDD,Metal1,265.1335,238.7300,4.999573
_1591_,VDD,Metal1,286.7350,223.9800,4.999863
_1590_,VDD,Metal1,240.5100,43.6830,4.999643
_1589_,VDD,Metal1,240.5300,51.5230,4.999545
_1588_,VDD,Metal1,240.9075,34.7005,4.999640
_1587_,VDD,Metal1,348.9875,137.7790,4.999835
_1586_,VDD,Metal1,354.5875,90.7390,4.999674
_1585_,VDD,Metal1,354.5875,120.9405,4.999805
_1584_,VDD,Metal1,352.1325,145.6190,4.999789
_1583_,VDD,Metal1,353.8125,136.6205,4.999835
_1582_,VDD,Metal1,348.4275,98.5790,4.999804
_1581_,VDD,Metal1,236.9875,98.5790,4.999790
_1580_,VDD,Metal1,248.9100,35.8430,4.999646
_1579_,VDD,Metal1,178.1875,105.2605,4.999693
_1578_,VDD,Metal1,179.8765,113.2465,4.999562
_1577_,VDD,Metal1,177.2300,120.9565,4.999821
_1576_,VDD,Metal1,169.5800,98.4225,4.999788
_1575_,VDD,Metal1,169.1030,90.6230,4.999784
_1574_,VDD,Metal1,226.9075,81.7405,4.999766
_1573_,VDD,Metal1,199.0900,122.0830,4.999809
_1572_,VDD,Metal1,205.2500,113.1165,4.999498
_1571_,VDD,Metal1,214.1900,128.7965,4.999730
_1570_,VDD,Metal1,206.3500,122.0830,4.999809
_1569_,VDD,Metal1,158.5875,145.6190,4.999613
_1568_,VDD,Metal1,158.5875,106.4190,4.999693
_1567_,VDD,Metal1,212.6925,34.7005,4.999606
_1566_,VDD,Metal1,21.3875,50.3805,4.999639
_1565_,VDD,Metal1,17.4675,73.9005,4.999693
_1564_,VDD,Metal1,84.6675,34.7005,4.999596
_1563_,VDD,Metal1,54.4275,20.1790,4.999761
_1562_,VDD,Metal1,14.1075,120.9405,4.999830
_1561_,VDD,Metal1,32.5875,89.5805,4.999769
_1560_,VDD,Metal1,93.6275,122.0990,4.999813
_1559_,VDD,Metal1,90.8275,42.5405,4.999612
_1558_,VDD,Metal1,71.5725,42.5405,4.999632
_1557_,VDD,Metal1,126.4525,50.3805,4.999542
_1556_,VDD,Metal1,110.4275,28.0190,4.999721
_1555_,VDD,Metal1,155.7875,51.5390,4.999549
_1554_,VDD,Metal1,123.3075,97.4205,4.999657
_1553_,VDD,Metal1,164.1875,42.5405,4.999627
_1552_,VDD,Metal1,168.1075,35.8590,4.999602
_1551_,VDD,Metal1,119.3875,98.5790,4.999657
_1550_,VDD,Metal1,160.6265,74.9275,4.999713
_1549_,VDD,Metal1,35.3875,120.9405,4.999819
_1548_,VDD,Metal1,42.4525,98.5790,4.999657
_1547_,VDD,Metal1,109.3075,120.9405,4.999813
_1546_,VDD,Metal1,90.8275,51.5390,4.999542
_1545_,VDD,Metal1,71.5725,51.5390,4.999544
_1544_,VDD,Metal1,120.8525,59.3790,4.999581
_1543_,VDD,Metal1,146.5800,97.6175,4.999663
_1542_,VDD,Metal1,147.9400,90.5825,4.999773
_1541_,VDD,Metal1,138.9875,58.2205,4.999582
_1540_,VDD,Metal1,128.9075,114.2590,4.999579
_1539_,VDD,Metal1,151.3075,67.2190,4.999592
_1538_,VDD,Metal1,144.3725,114.2590,4.999577
_1537_,VDD,Metal1,99.7875,97.4205,4.999653
_1536_,VDD,Metal1,156.1465,74.9275,4.999713
_1535_,VDD,Metal1,170.5700,74.0575,4.999732
_1534_,VDD,Metal1,189.1725,51.5390,4.999545
_1533_,VDD,Metal1,14.1075,58.2205,4.999653
_1532_,VDD,Metal1,14.1075,81.7405,4.999820
_1531_,VDD,Metal1,77.9475,28.0190,4.999714
_1530_,VDD,Metal1,50.5075,28.0190,4.999739
_1529_,VDD,Metal1,14.6675,129.9390,4.999801
_1528_,VDD,Metal1,12.4275,97.4205,4.999693
_1527_,VDD,Metal1,14.1075,144.4605,4.999747
_1526_,VDD,Metal1,96.4275,34.7005,4.999580
_1525_,VDD,Metal1,66.1875,28.0190,4.999737
_1524_,VDD,Metal1,111.5475,51.5390,4.999541
_1523_,VDD,Metal1,119.3875,20.1790,4.999780
_1522_,VDD,Metal1,140.4525,42.5405,4.999620
_1521_,VDD,Metal1,111.5475,144.4605,4.999608
_1520_,VDD,Metal1,134.8525,35.8590,4.999598
_1519_,VDD,Metal1,128.9075,28.0190,4.999724
_1518_,VDD,Metal1,94.7475,59.3790,4.999584
_1517_,VDD,Metal1,160.4500,81.7565,4.999792
_1516_,VDD,Metal1,25.3075,129.9390,4.999802
_1515_,VDD,Metal1,20.8275,97.4205,4.999696
_1514_,VDD,Metal1,34.8275,137.7790,4.999822
_1513_,VDD,Metal1,80.1875,82.8990,4.999769
_1512_,VDD,Metal1,71.2275,58.2205,4.999609
_1511_,VDD,Metal1,110.9875,59.3790,4.999581
_1510_,VDD,Metal1,104.2675,82.8990,4.999769
_1509_,VDD,Metal1,140.4525,81.7405,4.999782
_1508_,VDD,Metal1,133.1725,67.2190,4.999579
_1507_,VDD,Metal1,146.0525,129.9390,4.999766
_1506_,VDD,Metal1,129.4675,122.0990,4.999813
_1505_,VDD,Metal1,99.7875,105.2605,4.999698
_1504_,VDD,Metal1,155.6630,82.7830,4.999789
_1503_,VDD,Metal1,156.6830,81.8865,4.999789
_1502_,VDD,Metal1,166.9800,74.9025,4.999731
_1501_,VDD,Metal1,158.5875,129.9390,4.999757
_1500_,VDD,Metal1,177.6275,128.7805,4.999761
_1499_,VDD,Metal1,163.6275,395.3405,4.999990
_1498_,VDD,Metal1,266.1075,387.5005,4.999962
_1497_,VDD,Metal1,205.0675,371.8205,4.999958
_1496_,VDD,Metal1,187.7075,387.5005,4.999956
_1495_,VDD,Metal1,245.3875,371.8205,4.999960
_1494_,VDD,Metal1,255.2525,379.6605,4.999918
_1493_,VDD,Metal1,217.3875,363.9805,4.999940
_1492_,VDD,Metal1,287.9475,388.6590,4.999964
_1491_,VDD,Metal1,149.0675,309.1005,4.999872
_1490_,VDD,Metal1,210.1075,379.6605,4.999925
_1489_,VDD,Metal1,235.8675,387.5005,4.999954
_1488_,VDD,Metal1,240.9075,363.9805,4.999894
_1487_,VDD,Metal1,187.7075,379.6605,4.999932
_1486_,VDD,Metal1,161.3875,379.6605,4.999948
_1485_,VDD,Metal1,282.1325,387.5005,4.999964
_1484_,VDD,Metal1,222.4275,380.8190,4.999920
_1483_,VDD,Metal1,216.2675,113.1005,4.999498
_1482_,VDD,Metal1,152.9875,153.4590,4.999717
_1481_,VDD,Metal1,162.1700,90.5825,4.999774
_1480_,VDD,Metal1,55.5565,168.9930,4.999326
_1479_,VDD,Metal1,54.9875,176.9790,4.999690
_1478_,VDD,Metal1,61.3100,176.9630,4.999687
_1477_,VDD,Metal1,58.5100,175.8365,4.999689
_1476_,VDD,Metal1,53.5200,160.3625,4.999648
_1475_,VDD,Metal1,55.7100,175.8365,4.999690
_1474_,VDD,Metal1,49.6075,176.8225,4.999746
_1473_,VDD,Metal1,52.9100,175.8365,4.999690
_1472_,VDD,Metal1,14.6675,269.9005,4.999593
_1471_,VDD,Metal1,30.6925,200.4990,4.999771
_1470_,VDD,Metal1,21.7325,238.5405,4.999564
_1469_,VDD,Metal1,21.7325,215.0205,4.999781
_1468_,VDD,Metal1,14.1075,293.4205,4.999765
_1467_,VDD,Metal1,12.9875,309.1005,4.999832
_1466_,VDD,Metal1,12.4275,324.7805,4.999778
_1465_,VDD,Metal1,30.9075,230.7005,4.999787
_1464_,VDD,Metal1,21.3875,262.0605,4.999765
_1463_,VDD,Metal1,40.9875,192.6590,4.999703
_1462_,VDD,Metal1,13.8925,246.3805,4.999719
_1461_,VDD,Metal1,20.2675,207.1805,4.999596
_1460_,VDD,Metal1,21.3875,285.5805,4.999677
_1459_,VDD,Metal1,21.3875,309.1005,4.999832
_1458_,VDD,Metal1,30.3475,318.0990,4.999794
_1457_,VDD,Metal1,33.7075,222.8605,4.999805
_1456_,VDD,Metal1,50.1600,208.1175,4.999568
_1455_,VDD,Metal1,15.1050,176.9400,4.999753
_1454_,VDD,Metal1,21.7065,183.8180,4.999656
_1453_,VDD,Metal1,17.9365,199.4565,4.999777
_1452_,VDD,Metal1,20.4800,160.3625,4.999672
_1451_,VDD,Metal1,19.4925,167.9805,4.999435
_1450_,VDD,Metal1,20.4800,176.0425,4.999754
_1449_,VDD,Metal1,18.5800,161.1425,4.999671
_1448_,VDD,Metal1,18.6200,168.9425,4.999435
_1447_,VDD,Metal1,11.6400,168.1225,4.999431
_1446_,VDD,Metal1,17.0900,183.6765,4.999655
_1445_,VDD,Metal1,131.7075,200.4990,4.999781
_1444_,VDD,Metal1,149.0675,199.3405,4.999785
_1443_,VDD,Metal1,140.4525,222.8605,4.999796
_1442_,VDD,Metal1,131.7075,224.0190,4.999797
_1441_,VDD,Metal1,154.8300,216.1630,4.999738
_1440_,VDD,Metal1,154.6400,215.1775,4.999738
_1439_,VDD,Metal1,148.0700,215.1775,4.999740
_1438_,VDD,Metal1,148.0700,207.3375,4.999645
_1437_,VDD,Metal1,144.3130,208.2015,4.999609
_1436_,VDD,Metal1,141.1030,215.1365,4.999740
_1435_,VDD,Metal1,159.1100,208.1325,4.999658
_1434_,VDD,Metal1,152.8630,207.2965,4.999651
_1433_,VDD,Metal1,98.1075,175.8205,4.999638
_1432_,VDD,Metal1,94.1875,184.8190,4.999625
_1431_,VDD,Metal1,89.7075,192.6590,4.999705
_1430_,VDD,Metal1,96.7725,160.1405,4.999619
_1429_,VDD,Metal1,68.7630,277.8865,4.999670
_1428_,VDD,Metal1,77.5700,277.7565,4.999670
_1427_,VDD,Metal1,70.4430,223.0065,4.999800
_1426_,VDD,Metal1,76.4500,222.8765,4.999800
_1425_,VDD,Metal1,63.1630,254.3665,4.999580
_1424_,VDD,Metal1,74.2100,254.2365,4.999580
_1423_,VDD,Metal1,97.8830,340.6065,4.999633
_1422_,VDD,Metal1,103.3300,340.4765,4.999633
_1421_,VDD,Metal1,111.8830,333.6330,4.999568
_1420_,VDD,Metal1,116.1900,333.7630,4.999568
_1419_,VDD,Metal1,74.3630,340.6065,4.999644
_1418_,VDD,Metal1,80.9300,341.6030,4.999635
_1417_,VDD,Metal1,63.1630,340.6065,4.999644
_1416_,VDD,Metal1,70.8500,340.4765,4.999644
_1415_,VDD,Metal1,107.9630,262.2065,4.999755
_1414_,VDD,Metal1,112.2700,269.9165,4.999586
_1413_,VDD,Metal1,95.8300,200.2925,4.999737
_1412_,VDD,Metal1,50.5075,263.2190,4.999760
_1411_,VDD,Metal1,52.7475,216.1790,4.999770
_1410_,VDD,Metal1,50.5075,239.6990,4.999480
_1409_,VDD,Metal1,96.4275,316.9405,4.999750
_1408_,VDD,Metal1,101.2525,301.2605,4.999560
_1407_,VDD,Metal1,51.6275,310.2590,4.999826
_1406_,VDD,Metal1,51.9725,318.0990,4.999794
_1405_,VDD,Metal1,95.8675,255.3790,4.999587
_1404_,VDD,Metal1,97.1700,222.8765,4.999799
_1403_,VDD,Metal1,63.1630,285.7265,4.999672
_1402_,VDD,Metal1,75.8900,285.5965,4.999672
_1401_,VDD,Metal1,57.3900,278.8830,4.999669
_1400_,VDD,Metal1,63.9565,223.8730,4.999802
_1399_,VDD,Metal1,75.3300,230.7165,4.999783
_1398_,VDD,Metal1,64.1100,215.0365,4.999762
_1397_,VDD,Metal1,63.1630,246.5265,4.999652
_1396_,VDD,Metal1,73.6500,246.3965,4.999652
_1395_,VDD,Metal1,58.5100,247.5230,4.999685
_1394_,VDD,Metal1,96.7630,332.7665,4.999733
_1393_,VDD,Metal1,102.7700,332.6365,4.999733
_1392_,VDD,Metal1,94.9100,324.7965,4.999762
_1391_,VDD,Metal1,114.1230,325.7930,4.999746
_1390_,VDD,Metal1,118.4300,318.0830,4.999747
_1389_,VDD,Metal1,107.2300,324.7965,4.999760
_1388_,VDD,Metal1,73.8030,324.9265,4.999763
_1387_,VDD,Metal1,79.2500,324.7965,4.999763
_1386_,VDD,Metal1,66.3500,318.0830,4.999766
_1385_,VDD,Metal1,63.1630,332.7665,4.999750
_1384_,VDD,Metal1,71.4100,332.6365,4.999750
_1383_,VDD,Metal1,56.8300,325.9230,4.999771
_1382_,VDD,Metal1,108.5230,246.5265,4.999643
_1381_,VDD,Metal1,113.4100,246.3965,4.999643
_1380_,VDD,Metal1,104.4300,224.0030,4.999799
_1379_,VDD,Metal1,101.1275,223.8625,4.999799
_1378_,VDD,Metal1,99.5800,223.0175,4.999799
_1377_,VDD,Metal1,99.0200,208.1825,4.999539
_1376_,VDD,Metal1,102.0200,215.1775,4.999759
_1375_,VDD,Metal1,101.6300,254.2365,4.999590
_1374_,VDD,Metal1,97.9065,215.1525,4.999759
_1373_,VDD,Metal1,44.3800,278.7025,4.999669
_1372_,VDD,Metal1,43.5800,270.9025,4.999579
_1371_,VDD,Metal1,32.3725,271.0590,4.999578
_1370_,VDD,Metal1,70.1075,208.3390,4.999539
_1369_,VDD,Metal1,51.9725,200.4990,4.999719
_1368_,VDD,Metal1,40.9875,255.3790,4.999580
_1367_,VDD,Metal1,32.3725,246.3805,4.999710
_1366_,VDD,Metal1,95.3075,277.7405,4.999680
_1365_,VDD,Metal1,32.3725,215.0205,4.999770
_1364_,VDD,Metal1,110.7725,278.8990,4.999697
_1363_,VDD,Metal1,32.3725,285.5805,4.999676
_1362_,VDD,Metal1,60.5875,301.2605,4.999579
_1361_,VDD,Metal1,32.3725,309.1005,4.999826
_1360_,VDD,Metal1,44.9075,293.4205,4.999751
_1359_,VDD,Metal1,34.6125,324.7805,4.999778
_1358_,VDD,Metal1,96.9875,239.6990,4.999475
_1357_,VDD,Metal1,44.1325,230.7005,4.999784
_1356_,VDD,Metal1,106.9765,200.3830,4.999749
_1355_,VDD,Metal1,75.2975,176.1050,4.999686
_1354_,VDD,Metal1,267.5725,26.8605,4.999748
_1353_,VDD,Metal1,266.1075,34.7005,4.999646
_1352_,VDD,Metal1,276.1875,28.0190,4.999758
_1351_,VDD,Metal1,283.2525,19.0205,4.999858
_1350_,VDD,Metal1,245.9100,27.8125,4.999741
_1349_,VDD,Metal1,250.6100,28.0030,4.999741
_1348_,VDD,Metal1,239.5800,35.7025,4.999640
_1347_,VDD,Metal1,232.5000,50.5375,4.999544
_1346_,VDD,Metal1,259.9800,81.9375,4.999766
_1345_,VDD,Metal1,264.9800,81.8975,4.999766
_1344_,VDD,Metal1,274.2830,74.9130,4.999769
_1343_,VDD,Metal1,277.4900,67.2030,4.999664
_1342_,VDD,Metal1,275.6275,59.3790,4.999515
_1341_,VDD,Metal1,266.1075,66.0605,4.999649
_1340_,VDD,Metal1,272.0430,121.9530,4.999810
_1339_,VDD,Metal1,275.8100,129.9230,4.999681
_1338_,VDD,Metal1,272.8365,160.2865,4.999576
_1337_,VDD,Metal1,271.3100,167.9965,4.999344
_1336_,VDD,Metal1,311.2430,82.7530,4.999765
_1335_,VDD,Metal1,316.6900,82.8830,4.999765
_1334_,VDD,Metal1,316.2830,121.9530,4.999824
_1333_,VDD,Metal1,320.6100,128.7965,4.999704
_1332_,VDD,Metal1,305.6430,153.3130,4.999616
_1331_,VDD,Metal1,309.9700,153.4430,4.999616
_1330_,VDD,Metal1,326.9230,168.1265,4.999567
_1329_,VDD,Metal1,330.1100,160.1565,4.999677
_1328_,VDD,Metal1,323.5630,74.9130,4.999809
_1327_,VDD,Metal1,332.3500,81.7565,4.999765
_1326_,VDD,Metal1,277.8765,106.2730,4.999579
_1325_,VDD,Metal1,270.7500,98.5630,4.999794
_1324_,VDD,Metal1,299.6700,74.8525,4.999777
_1323_,VDD,Metal1,270.5875,144.4605,4.999577
_1322_,VDD,Metal1,271.7075,175.8205,4.999665
_1321_,VDD,Metal1,307.5475,97.4205,4.999803
_1320_,VDD,Metal1,309.2275,128.7805,4.999697
_1319_,VDD,Metal1,305.3075,176.9790,4.999695
_1318_,VDD,Metal1,344.5075,191.5005,4.999723
_1317_,VDD,Metal1,336.6675,67.2190,4.999752
_1316_,VDD,Metal1,266.1075,106.4190,4.999579
_1315_,VDD,Metal1,294.1330,67.1765,4.999710
_1314_,VDD,Metal1,278.7630,121.9530,4.999816
_1313_,VDD,Metal1,279.4565,137.6630,4.999806
_1312_,VDD,Metal1,293.1700,122.0830,4.999816
_1311_,VDD,Metal1,278.7630,168.1265,4.999345
_1310_,VDD,Metal1,274.9765,168.0965,4.999344
_1309_,VDD,Metal1,287.5700,167.9965,4.999364
_1308_,VDD,Metal1,316.2830,90.5930,4.999650
_1307_,VDD,Metal1,304.0630,82.7830,4.999765
_1306_,VDD,Metal1,326.2100,90.7230,4.999676
_1305_,VDD,Metal1,324.1230,129.7930,4.999745
_1304_,VDD,Metal1,316.9765,128.8965,4.999700
_1303_,VDD,Metal1,330.6900,120.9565,4.999827
_1302_,VDD,Metal1,303.0765,161.1530,4.999654
_1301_,VDD,Metal1,304.0630,169.0230,4.999378
_1300_,VDD,Metal1,311.6500,161.2830,4.999669
_1299_,VDD,Metal1,331.4030,168.1265,4.999628
_1298_,VDD,Metal1,322.5430,168.0965,4.999525
_1297_,VDD,Metal1,334.5900,160.1565,4.999672
_1296_,VDD,Metal1,328.6030,81.8865,4.999766
_1295_,VDD,Metal1,315.8230,74.0165,4.999804
_1294_,VDD,Metal1,335.1500,81.7565,4.999765
_1293_,VDD,Metal1,284.3630,90.5930,4.999614
_1292_,VDD,Metal1,271.5830,114.1430,4.999482
_1291_,VDD,Metal1,307.7100,82.8830,4.999765
_1290_,VDD,Metal1,298.0130,81.8725,4.999765
_1289_,VDD,Metal1,298.3630,74.0465,4.999777
_1288_,VDD,Metal1,279.7100,90.7230,4.999614
_1287_,VDD,Metal1,286.7030,74.9430,4.999774
_1286_,VDD,Metal1,290.1875,145.6190,4.999769
_1285_,VDD,Metal1,291.3075,183.6605,4.999602
_1284_,VDD,Metal1,331.0675,113.1005,4.999507
_1283_,VDD,Metal1,327.1475,144.4605,4.999794
_1282_,VDD,Metal1,324.9075,176.9790,4.999700
_1281_,VDD,Metal1,354.5875,191.5005,4.999723
_1280_,VDD,Metal1,354.5875,75.0590,4.999807
_1279_,VDD,Metal1,309.2275,106.4190,4.999580
_1278_,VDD,Metal1,292.7800,74.9025,4.999776
_1277_,VDD,Metal1,381.1800,192.5150,4.999723
_1276_,VDD,Metal1,357.5375,161.0150,4.999671
_1275_,VDD,Metal1,365.3000,176.8350,4.999696
_1274_,VDD,Metal1,363.6975,168.8550,4.999622
_1273_,VDD,Metal1,358.0200,168.9950,4.999627
_1272_,VDD,Metal1,352.4975,161.0150,4.999671
_1271_,VDD,Metal1,369.2200,183.8050,4.999633
_1270_,VDD,Metal1,368.7825,176.6950,4.999694
_1269_,VDD,Metal1,377.7100,191.5165,4.999723
_1268_,VDD,Metal1,377.1375,183.9450,4.999633
_1267_,VDD,Metal1,368.7375,168.8550,4.999622
_1266_,VDD,Metal1,374.3500,184.8030,4.999633
_1265_,VDD,Metal1,367.1025,176.1050,4.999695
_1264_,VDD,Metal1,378.8175,184.5350,4.999633
_1263_,VDD,Metal1,185.6300,50.3965,4.999546
_1262_,VDD,Metal1,180.7900,26.9615,4.999736
_1261_,VDD,Metal1,198.5425,27.7350,4.999736
_1260_,VDD,Metal1,194.5900,42.5565,4.999650
_1259_,VDD,Metal1,184.7100,19.1215,4.999803
_1258_,VDD,Metal1,197.4225,19.8950,4.999815
_1257_,VDD,Metal1,236.0300,34.7165,4.999638
_1256_,VDD,Metal1,233.0500,27.9180,4.999739
_1255_,VDD,Metal1,369.2975,89.8650,4.999672
_1254_,VDD,Metal1,337.3900,137.7630,4.999886
_1253_,VDD,Metal1,385.7500,136.7215,4.999827
_1252_,VDD,Metal1,357.5375,137.4950,4.999835
_1251_,VDD,Metal1,369.3300,82.8830,4.999765
_1250_,VDD,Metal1,376.7600,82.7575,4.999764
_1249_,VDD,Metal1,359.2625,97.7050,4.999784
_1248_,VDD,Metal1,377.1375,82.0250,4.999764
_1247_,VDD,Metal1,352.4975,106.1350,4.999577
_1246_,VDD,Metal1,347.5025,113.9750,4.999432
_1245_,VDD,Metal1,368.2260,90.5500,4.999672
_1244_,VDD,Metal1,366.1500,106.3180,4.999574
_1243_,VDD,Metal1,357.5375,106.1350,4.999577
_1242_,VDD,Metal1,348.0300,106.4030,4.999577
_1241_,VDD,Metal1,381.0575,74.7750,4.999806
_1240_,VDD,Metal1,342.4300,160.1565,4.999672
_1239_,VDD,Metal1,385.7500,152.4015,4.999614
_1238_,VDD,Metal1,367.8300,168.0815,4.999622
_1237_,VDD,Metal1,345.7900,145.6030,4.999789
_1236_,VDD,Metal1,357.1900,160.2415,4.999671
_1235_,VDD,Metal1,382.5700,144.5615,4.999777
_1234_,VDD,Metal1,359.5365,136.7365,4.999835
_1233_,VDD,Metal1,382.5700,121.0415,4.999796
_1232_,VDD,Metal1,229.1300,121.0415,4.999806
_1231_,VDD,Metal1,257.6400,113.4150,4.999488
_1230_,VDD,Metal1,199.2300,106.1905,4.999663
_1229_,VDD,Metal1,341.5830,114.1430,4.999452
_1228_,VDD,Metal1,219.4000,97.5625,4.999789
_1227_,VDD,Metal1,213.1025,105.5450,4.999634
_1226_,VDD,Metal1,214.3400,58.4175,4.999531
_1225_,VDD,Metal1,220.0400,105.5750,4.999633
_1224_,VDD,Metal1,367.1025,113.3850,4.999431
_1223_,VDD,Metal1,226.8900,113.2015,4.999498
_1222_,VDD,Metal1,213.2600,66.2175,4.999627
_1221_,VDD,Metal1,209.9830,66.1765,4.999627
_1220_,VDD,Metal1,202.5900,105.4890,4.999661
_1219_,VDD,Metal1,210.5100,82.7425,4.999788
_1218_,VDD,Metal1,206.5400,82.7425,4.999793
_1217_,VDD,Metal1,201.7400,89.7775,4.999716
_1216_,VDD,Metal1,207.0800,74.0425,4.999760
_1215_,VDD,Metal1,192.5900,90.5825,4.999783
_1214_,VDD,Metal1,191.0100,89.7375,4.999784
_1213_,VDD,Metal1,198.2565,105.3765,4.999663
_1212_,VDD,Metal1,212.4700,89.7375,4.999702
_1211_,VDD,Metal1,211.0200,90.5825,4.999702
_1210_,VDD,Metal1,199.1275,74.9025,4.999755
_1209_,VDD,Metal1,211.3500,81.8975,4.999788
_1208_,VDD,Metal1,208.5900,81.7565,4.999789
_1207_,VDD,Metal1,209.8800,59.2375,4.999558
_1206_,VDD,Metal1,194.3030,74.0165,4.999753
_1205_,VDD,Metal1,167.5800,239.5025,4.999481
_1204_,VDD,Metal1,172.8425,231.7025,4.999774
_1203_,VDD,Metal1,177.4265,215.1525,4.999739
_1202_,VDD,Metal1,290.1405,128.7910,4.999689
_1201_,VDD,Metal1,290.7005,161.2890,4.999577
_1200_,VDD,Metal1,329.9005,106.4090,4.999581
_1199_,VDD,Metal1,330.4605,128.7910,4.999745
_1198_,VDD,Metal1,318.1405,160.1510,4.999669
_1197_,VDD,Metal1,352.3005,167.9910,4.999627
_1196_,VDD,Metal1,350.0605,67.2090,4.999752
_1195_,VDD,Metal1,290.7005,98.5690,4.999797
_1194_,VDD,Metal1,337.5800,348.4575,4.999629
_1193_,VDD,Metal1,334.6400,340.6825,4.999662
_1192_,VDD,Metal1,317.6200,349.3025,4.999629
_1191_,VDD,Metal1,315.2650,341.5800,4.999656
_1190_,VDD,Metal1,327.9060,340.6500,4.999663
_1189_,VDD,Metal1,310.0425,341.4625,4.999655
_1188_,VDD,Metal1,315.4000,340.6025,4.999656
_1187_,VDD,Metal1,317.9800,325.7825,4.999721
_1186_,VDD,Metal1,315.6000,317.8775,4.999671
_1185_,VDD,Metal1,311.0900,340.4765,4.999655
_1184_,VDD,Metal1,316.6300,302.2625,4.999680
_1183_,VDD,Metal1,317.0800,294.4375,4.999850
_1182_,VDD,Metal1,279.3900,301.4175,4.999615
_1181_,VDD,Metal1,323.7800,302.2625,4.999680
_1180_,VDD,Metal1,336.7900,317.0975,4.999709
_1179_,VDD,Metal1,329.7100,310.0305,4.999895
_1178_,VDD,Metal1,352.1400,317.0975,4.999709
_1177_,VDD,Metal1,347.9900,317.0975,4.999709
_1176_,VDD,Metal1,342.5800,309.2975,4.999893
_1175_,VDD,Metal1,343.7200,317.0825,4.999709
_1174_,VDD,Metal1,337.5800,301.4175,4.999680
_1173_,VDD,Metal1,331.2800,301.4825,4.999681
_1172_,VDD,Metal1,336.2300,293.5775,4.999859
_1171_,VDD,Metal1,332.5400,293.5775,4.999859
_1170_,VDD,Metal1,329.3730,294.4475,4.999859
_1169_,VDD,Metal1,331.7500,277.8975,4.999857
_1168_,VDD,Metal1,326.0600,270.8625,4.999656
_1167_,VDD,Metal1,316.8300,270.8305,4.999557
_1166_,VDD,Metal1,314.6200,285.7375,4.999846
_1165_,VDD,Metal1,314.4000,278.6775,4.999856
_1164_,VDD,Metal1,317.1900,255.2225,4.999682
_1163_,VDD,Metal1,312.3800,262.2175,4.999574
_1162_,VDD,Metal1,317.6130,263.0875,4.999633
_1161_,VDD,Metal1,297.5900,262.2175,4.999559
_1160_,VDD,Metal1,290.7400,262.2175,4.999558
_1159_,VDD,Metal1,298.3500,270.8305,4.999524
_1158_,VDD,Metal1,292.6500,263.0625,4.999558
_1157_,VDD,Metal1,293.5800,277.9375,4.999840
_1156_,VDD,Metal1,293.0000,270.9175,4.999520
_1155_,VDD,Metal1,261.0600,278.7425,4.999826
_1154_,VDD,Metal1,266.2400,285.8025,4.999812
_1153_,VDD,Metal1,254.3400,270.0575,4.999520
_1152_,VDD,Metal1,274.8900,263.0125,4.999576
_1151_,VDD,Metal1,247.7900,192.6430,4.999720
_1150_,VDD,Metal1,232.7275,254.3775,4.999668
_1149_,VDD,Metal1,208.6475,255.2225,4.999667
_1148_,VDD,Metal1,192.1800,333.6225,4.999560
_1147_,VDD,Metal1,199.3750,333.7400,4.999560
_1146_,VDD,Metal1,212.0100,324.9375,4.999613
_1145_,VDD,Metal1,214.9465,333.6475,4.999560
_1144_,VDD,Metal1,214.3800,324.9375,4.999613
_1143_,VDD,Metal1,212.0100,293.5775,4.999781
_1142_,VDD,Metal1,220.6900,293.5775,4.999781
_1141_,VDD,Metal1,223.7300,294.5630,4.999781
_1140_,VDD,Metal1,211.8200,294.3825,4.999781
_1139_,VDD,Metal1,206.8375,278.7425,4.999804
_1138_,VDD,Metal1,207.8600,286.5825,4.999765
_1137_,VDD,Metal1,229.8300,285.7375,4.999799
_1136_,VDD,Metal1,223.6700,286.5825,4.999792
_1135_,VDD,Metal1,238.2900,293.4365,4.999782
_1134_,VDD,Metal1,238.1400,278.7025,4.999825
_1133_,VDD,Metal1,235.8600,263.0625,4.999751
_1132_,VDD,Metal1,236.3350,277.7800,4.999825
_1131_,VDD,Metal1,220.4425,270.0575,4.999519
_1130_,VDD,Metal1,229.1400,286.5825,4.999799
_1129_,VDD,Metal1,229.8900,293.4365,4.999781
_1128_,VDD,Metal1,207.5625,262.2175,4.999759
_1127_,VDD,Metal1,213.6300,271.0430,4.999521
_1126_,VDD,Metal1,213.2600,270.0575,4.999521
_1125_,VDD,Metal1,190.1700,263.0625,4.999769
_1124_,VDD,Metal1,187.3460,286.5500,4.999760
_1123_,VDD,Metal1,187.1330,277.8725,4.999759
_1122_,VDD,Metal1,189.1865,278.7675,4.999800
_1121_,VDD,Metal1,188.3000,270.8625,4.999581
_1120_,VDD,Metal1,174.2600,262.2175,4.999776
_1119_,VDD,Metal1,178.6550,271.0200,4.999598
_1118_,VDD,Metal1,175.6100,285.7375,4.999759
_1117_,VDD,Metal1,178.2200,293.6175,4.999785
_1116_,VDD,Metal1,180.4400,285.7225,4.999758
_1115_,VDD,Metal1,180.9800,302.2625,4.999561
_1114_,VDD,Metal1,178.6250,309.1400,4.999882
_1113_,VDD,Metal1,172.1500,324.9375,4.999758
_1112_,VDD,Metal1,167.9000,325.7825,4.999756
_1111_,VDD,Metal1,172.9100,325.7105,4.999758
_1110_,VDD,Metal1,156.5700,325.7825,4.999756
_1109_,VDD,Metal1,159.7400,333.5825,4.999560
_1108_,VDD,Metal1,160.8400,325.7975,4.999756
_1107_,VDD,Metal1,141.0200,324.9375,4.999746
_1106_,VDD,Metal1,140.5750,332.6600,4.999560
_1105_,VDD,Metal1,142.9000,341.4625,4.999631
_1104_,VDD,Metal1,185.9030,254.3365,4.999666
_1103_,VDD,Metal1,173.6930,380.6875,4.999943
_1102_,VDD,Metal1,273.7465,387.6325,4.999962
_1101_,VDD,Metal1,214.9465,371.9525,4.999957
_1100_,VDD,Metal1,205.6130,380.6875,4.999926
_1099_,VDD,Metal1,252.6530,371.9525,4.999960
_1098_,VDD,Metal1,251.5330,395.4725,4.999986
_1097_,VDD,Metal1,222.9730,365.0075,4.999939
_1096_,VDD,Metal1,295.5865,388.5275,4.999966
_1095_,VDD,Metal1,161.7465,302.2875,4.999561
_1094_,VDD,Metal1,220.5465,379.7925,4.999920
_1093_,VDD,Metal1,245.7465,380.6875,4.999918
_1092_,VDD,Metal1,249.2930,357.1675,4.999799
_1091_,VDD,Metal1,194.4130,372.8475,4.999959
_1090_,VDD,Metal1,176.4930,387.6325,4.999964
_1089_,VDD,Metal1,288.3065,387.6325,4.999964
_1088_,VDD,Metal1,236.9730,380.6875,4.999918
_1087_,VDD,Metal1,206.1730,67.0875,4.999620
_1086_,VDD,Metal1,206.7400,74.9025,4.999760
_1085_,VDD,Metal1,198.2230,74.0165,4.999755
_1084_,VDD,Metal1,199.8000,51.3975,4.999545
_1083_,VDD,Metal1,199.0300,67.0625,4.999612
_1082_,VDD,Metal1,198.1400,97.5775,4.999788
_1081_,VDD,Metal1,190.3830,74.0165,4.999753
_1080_,VDD,Metal1,199.6300,81.7565,4.999797
_1079_,VDD,Metal1,249.0830,67.0730,4.999637
_1078_,VDD,Metal1,260.0200,74.0450,4.999769
_1077_,VDD,Metal1,255.2200,137.5825,4.999797
_1076_,VDD,Metal1,257.2065,184.6815,4.999597
_1075_,VDD,Metal1,246.0065,137.6815,4.999795
_1074_,VDD,Metal1,252.2900,137.7630,4.999796
_1073_,VDD,Metal1,270.3865,255.2475,4.999671
_1072_,VDD,Metal1,273.1630,270.9130,4.999520
_1071_,VDD,Metal1,290.4400,310.1025,4.999885
_1070_,VDD,Metal1,292.5735,325.7500,4.999577
_1069_,VDD,Metal1,298.8425,325.7825,4.999578
_1068_,VDD,Metal1,292.9200,332.9350,4.999778
_1067_,VDD,Metal1,291.5200,285.8025,4.999831
_1066_,VDD,Metal1,297.6625,309.9750,4.999885
_1065_,VDD,Metal1,284.2225,325.6550,4.999577
_1064_,VDD,Metal1,292.6200,317.9575,4.999652
_1063_,VDD,Metal1,275.2135,301.4500,4.999612
_1062_,VDD,Metal1,279.1375,294.2950,4.999805
_1061_,VDD,Metal1,274.1425,341.3350,4.999596
_1060_,VDD,Metal1,272.6300,294.4780,4.999804
_1059_,VDD,Metal1,283.6200,317.0825,4.999648
_1058_,VDD,Metal1,278.0625,317.2250,4.999644
_1057_,VDD,Metal1,268.8400,301.5750,4.999611
_1056_,VDD,Metal1,266.3200,293.6425,4.999788
_1055_,VDD,Metal1,292.3350,333.7400,4.999778
_1054_,VDD,Metal1,298.2400,317.8775,4.999654
_1053_,VDD,Metal1,277.1200,277.8975,4.999834
_1052_,VDD,Metal1,278.0660,270.8700,4.999520
_1051_,VDD,Metal1,278.0000,286.5175,4.999829
_1050_,VDD,Metal1,296.7830,285.6965,4.999833
_1049_,VDD,Metal1,297.6000,302.1975,4.999652
_1048_,VDD,Metal1,296.7500,293.5775,4.999817
_1047_,VDD,Metal1,291.5200,294.3575,4.999810
_1046_,VDD,Metal1,299.2800,333.5575,4.999779
_1045_,VDD,Metal1,276.3860,325.7500,4.999577
_1044_,VDD,Metal1,276.1200,317.7850,4.999642
_1043_,VDD,Metal1,271.5600,325.6250,4.999577
_1042_,VDD,Metal1,268.2800,317.7850,4.999640
_1041_,VDD,Metal1,260.1600,325.7175,4.999586
_1040_,VDD,Metal1,272.9600,333.5575,4.999396
_1039_,VDD,Metal1,294.8800,301.4825,4.999652
_1038_,VDD,Metal1,285.8400,341.3975,4.999596
_1037_,VDD,Metal1,272.2530,262.1925,4.999750
_1036_,VDD,Metal1,295.1050,286.7000,4.999834
_1035_,VDD,Metal1,310.1400,317.9425,4.999662
_1034_,VDD,Metal1,310.4800,325.0025,4.999600
_1033_,VDD,Metal1,316.0800,317.1625,4.999671
_1032_,VDD,Metal1,284.4950,277.7800,4.999840
_1031_,VDD,Metal1,298.8000,294.3575,4.999829
_1030_,VDD,Metal1,259.2630,246.4965,4.999674
_1029_,VDD,Metal1,257.7165,238.6865,4.999561
_1028_,VDD,Metal1,258.8400,230.8425,4.999837
_1027_,VDD,Metal1,266.0800,230.8575,4.999844
_1026_,VDD,Metal1,258.3900,223.0175,4.999838
_1025_,VDD,Metal1,258.1430,231.7430,4.999837
_1024_,VDD,Metal1,261.7900,231.8430,4.999838
_1023_,VDD,Metal1,247.3400,168.1250,4.999344
_1022_,VDD,Metal1,255.6900,216.0225,4.999688
_1021_,VDD,Metal1,293.4565,51.4230,4.999580
_1020_,VDD,Metal1,301.8565,51.4230,4.999584
_1019_,VDD,Metal1,304.0965,50.4965,4.999660
_1018_,VDD,Metal1,296.8165,43.5830,4.999700
_1017_,VDD,Metal1,303.5030,66.1765,4.999724
_1016_,VDD,Metal1,307.1700,67.2030,4.999742
_1015_,VDD,Metal1,297.8800,66.3750,4.999711
_1014_,VDD,Metal1,304.9300,51.5230,4.999661
_1013_,VDD,Metal1,289.7000,66.2050,4.999699
_1012_,VDD,Metal1,292.5900,66.0765,4.999710
_1011_,VDD,Metal1,307.7100,51.5230,4.999666
_1010_,VDD,Metal1,303.2300,67.2030,4.999723
_1009_,VDD,Metal1,284.5730,66.1925,4.999693
_1008_,VDD,Metal1,304.7800,58.4175,4.999515
_1007_,VDD,Metal1,299.3100,67.2030,4.999711
_1006_,VDD,Metal1,248.3700,152.3165,4.999659
_1005_,VDD,Metal1,258.9735,208.1500,4.999673
_1004_,VDD,Metal1,262.9100,208.3230,4.999678
_1003_,VDD,Metal1,258.6200,216.0225,4.999688
_1002_,VDD,Metal1,182.1000,254.3775,4.999665
_1001_,VDD,Metal1,181.7300,246.3965,4.999669
_1000_,VDD,Metal1,182.8500,239.6830,4.999478
_0999_,VDD,Metal1,181.1700,215.0365,4.999737
_0998_,VDD,Metal1,168.6600,215.1775,4.999739
_0997_,VDD,Metal1,185.2600,215.1775,4.999729
_0996_,VDD,Metal1,195.4565,302.3030,4.999531
_0995_,VDD,Metal1,235.8100,302.2625,4.999553
_0994_,VDD,Metal1,233.2800,301.4825,4.999553
_0993_,VDD,Metal1,197.6300,324.9375,4.999689
_0992_,VDD,Metal1,190.1600,325.0025,4.999722
_0991_,VDD,Metal1,199.8265,302.2875,4.999531
_0990_,VDD,Metal1,208.8300,310.1025,4.999882
_0989_,VDD,Metal1,206.9600,333.5575,4.999560
_0988_,VDD,Metal1,196.5100,294.4225,4.999782
_0987_,VDD,Metal1,191.2800,294.3575,4.999783
_0986_,VDD,Metal1,233.2800,294.3575,4.999781
_0985_,VDD,Metal1,211.9200,317.8775,4.999670
_0984_,VDD,Metal1,216.4000,310.0375,4.999882
_0983_,VDD,Metal1,191.2800,325.7175,4.999717
_0982_,VDD,Metal1,248.3200,301.4825,4.999581
_0981_,VDD,Metal1,246.6400,293.6425,4.999782
_0980_,VDD,Metal1,226.4800,325.7175,4.999606
_0979_,VDD,Metal1,202.4000,317.1625,4.999687
_0978_,VDD,Metal1,194.0800,293.6425,4.999782
_0977_,VDD,Metal1,197.4400,317.8775,4.999717
_0976_,VDD,Metal1,176.7200,317.8775,4.999741
_0975_,VDD,Metal1,194.6400,286.5175,4.999763
_0974_,VDD,Metal1,114.8165,200.3830,4.999768
_0973_,VDD,Metal1,119.8230,200.3830,4.999774
_0972_,VDD,Metal1,109.4700,207.1965,4.999544
_0971_,VDD,Metal1,102.7700,208.3230,4.999541
_0970_,VDD,Metal1,102.0130,200.3675,4.999740
_0969_,VDD,Metal1,110.8965,200.3830,4.999768
_0968_,VDD,Metal1,113.4100,207.1965,4.999594
_0967_,VDD,Metal1,111.3400,208.1825,4.999591
_0966_,VDD,Metal1,107.3530,208.2415,4.999544
_0965_,VDD,Metal1,97.1500,199.3565,4.999737
_0964_,VDD,Metal1,120.6900,216.1630,4.999756
_0963_,VDD,Metal1,127.5630,216.0330,4.999740
_0962_,VDD,Metal1,99.9500,199.3565,4.999739
_0961_,VDD,Metal1,120.6700,224.0030,4.999797
_0960_,VDD,Metal1,117.5065,223.8875,4.999798
_0959_,VDD,Metal1,131.8700,222.8765,4.999797
_0958_,VDD,Metal1,115.2200,208.1425,4.999594
_0957_,VDD,Metal1,107.2500,199.3565,4.999749
_0956_,VDD,Metal1,133.5700,207.1965,4.999604
_0955_,VDD,Metal1,126.8500,215.0365,4.999740
_0954_,VDD,Metal1,75.1200,161.1425,4.999645
_0953_,VDD,Metal1,41.3700,168.1875,4.999339
_0952_,VDD,Metal1,41.3600,161.1425,4.999673
_0951_,VDD,Metal1,35.7700,168.1875,4.999433
_0950_,VDD,Metal1,40.6100,169.1230,4.999339
_0949_,VDD,Metal1,68.0500,175.8365,4.999685
_0948_,VDD,Metal1,304.7400,34.8575,4.999773
_0947_,VDD,Metal1,308.9530,34.8380,4.999775
_0946_,VDD,Metal1,309.6630,35.7430,4.999775
_0945_,VDD,Metal1,301.5500,35.8430,4.999769
_0944_,VDD,Metal1,299.3100,34.7165,4.999658
_0943_,VDD,Metal1,309.2365,27.8730,4.999768
_0942_,VDD,Metal1,305.5060,35.6700,4.999773
_0941_,VDD,Metal1,313.8900,34.7165,4.999780
_0940_,VDD,Metal1,301.5500,28.0030,4.999765
_0939_,VDD,Metal1,165.5300,97.5775,4.999722
_0938_,VDD,Metal1,170.7200,89.7375,4.999784
_0937_,VDD,Metal1,164.0965,89.6965,4.999783
_0936_,VDD,Metal1,160.8400,82.7575,4.999792
_0935_,VDD,Metal1,186.0130,34.8325,4.999603
_0934_,VDD,Metal1,206.1730,20.0475,4.999818
_0933_,VDD,Metal1,182.2300,67.0625,4.999594
_0932_,VDD,Metal1,172.9465,58.3525,4.999600
_0931_,VDD,Metal1,171.4530,50.5125,4.999553
_0930_,VDD,Metal1,178.1300,74.0575,4.999753
_0929_,VDD,Metal1,197.9500,90.7230,4.999716
_0928_,VDD,Metal1,188.6200,90.5825,4.999784
_0927_,VDD,Metal1,173.8900,81.7565,4.999798
_0926_,VDD,Metal1,174.7365,67.1030,4.999594
_0925_,VDD,Metal1,176.4165,74.9430,4.999753
_0924_,VDD,Metal1,172.5800,74.9025,4.999732
_0923_,VDD,Metal1,361.6600,90.5825,4.999674
_0922_,VDD,Metal1,224.7900,50.5375,4.999544
_0921_,VDD,Metal1,220.9100,50.3965,4.999544
_0920_,VDD,Metal1,193.6200,121.9025,4.999810
_0919_,VDD,Metal1,215.8900,160.1565,4.999586
_0918_,VDD,Metal1,200.7700,136.6365,4.999805
_0917_,VDD,Metal1,229.7800,208.1950,4.999655
_0916_,VDD,Metal1,133.6600,262.2050,4.999756
_0915_,VDD,Metal1,224.9400,238.6850,4.999467
_0914_,VDD,Metal1,217.1000,223.0050,4.999801
_0913_,VDD,Metal1,329.1000,239.5550,4.999700
_0912_,VDD,Metal1,220.8200,207.3250,4.999650
_0911_,VDD,Metal1,232.0200,200.3550,4.999789
_0910_,VDD,Metal1,247.7000,74.9150,4.999764
_0909_,VDD,Metal1,260.2200,175.9650,4.999663
_0908_,VDD,Metal1,240.4200,145.4750,4.999587
_0907_,VDD,Metal1,302.5800,340.6050,4.999649
_0906_,VDD,Metal1,315.1000,324.9250,4.999601
_0905_,VDD,Metal1,293.2600,302.2750,4.999645
_0904_,VDD,Metal1,272.3400,317.0850,4.999640
_0903_,VDD,Metal1,284.8600,301.4050,4.999644
_0902_,VDD,Metal1,322.7400,309.2450,4.999893
_0901_,VDD,Metal1,293.2600,293.5650,4.999810
_0900_,VDD,Metal1,274.5800,317.0850,4.999642
_0899_,VDD,Metal1,309.3000,286.5950,4.999845
_0898_,VDD,Metal1,279.6200,325.7950,4.999577
_0897_,VDD,Metal1,266.7400,286.5950,4.999816
_0896_,VDD,Metal1,254.0600,247.3950,4.999674
_0895_,VDD,Metal1,274.2200,191.6450,4.999721
_0894_,VDD,Metal1,283.7400,200.3550,4.999814
_0893_,VDD,Metal1,290.4600,74.9150,4.999775
_0892_,VDD,Metal1,250.1400,137.6350,4.999795
_0891_,VDD,Metal1,257.7800,192.5150,4.999721
_0890_,VDD,Metal1,290.4600,239.5550,4.999593
_0889_,VDD,Metal1,249.3800,230.8450,4.999827
_0888_,VDD,Metal1,261.1400,223.8750,4.999846
_0887_,VDD,Metal1,237.0600,35.7150,4.999639
_0886_,VDD,Metal1,274.0200,349.3150,4.999616
_0885_,VDD,Metal1,257.9800,301.4050,4.999609
_0884_,VDD,Metal1,256.1000,317.0850,4.999639
_0883_,VDD,Metal1,226.0600,270.0450,4.999519
_0882_,VDD,Metal1,295.8600,357.1550,4.999803
_0881_,VDD,Metal1,237.6200,310.1150,4.999882
_0880_,VDD,Metal1,270.6600,348.4450,4.999607
_0879_,VDD,Metal1,255.5400,325.7950,4.999595
_0878_,VDD,Metal1,296.0600,348.4450,4.999618
_0877_,VDD,Metal1,162.0200,247.3950,4.999672
_0876_,VDD,Metal1,54.7000,278.7550,4.999669
_0875_,VDD,Metal1,198.4200,192.5150,4.999734
_0874_,VDD,Metal1,179.0200,208.1950,4.999650
_0873_,VDD,Metal1,170.0600,200.3550,4.999791
_0872_,VDD,Metal1,148.7800,200.3550,4.999785
_0871_,VDD,Metal1,151.0200,200.3550,4.999785
_0870_,VDD,Metal1,65.3400,168.9950,4.999323
_0869_,VDD,Metal1,313.4200,35.7150,4.999780
_0868_,VDD,Metal1,329.1000,34.8450,4.999788
_0867_,VDD,Metal1,157.1800,97.5650,4.999708
_0866_,VDD,Metal1,186.3000,89.7250,4.999789
_0865_,VDD,Metal1,181.2600,74.0450,4.999753
_0864_,VDD,Metal1,172.6600,74.0450,4.999732
_0863_,VDD,Metal1,361.9400,82.7550,4.999765
_0862_,VDD,Metal1,196.9400,114.1150,4.999562
_0861_,VDD,Metal1,224.3800,168.9950,4.999346
_0860_,VDD,Metal1,206.4600,137.6350,4.999792
_0859_,VDD,Metal1,70.9400,175.9650,4.999686
_0858_,VDD,Metal1,31.7400,168.1250,4.999433
