+ define_corners nom_tt_025C_5v00
Reading timing models for corner nom_tt_025C_5v00…
Reading cell library for the 'nom_tt_025C_5v00' corner at '/home/sahana/.ciel/gf180mcuD/libs.ref/gf180mcu_fd_sc_mcu7t5v0/lib/gf180mcu_fd_sc_mcu7t5v0__tt_025C_5v00.lib'…
Reading top-level netlist at '/home/sahana/core5_udma/hardening/uart_rx/runs/RUN_2026-07-26_12-38-49/06-yosys-synthesis/udma_uart_rx.nl.v'…
Linking design 'udma_uart_rx' from netlist…
Reading design constraints file at '/nix/store/ffl2vg3m80k0p74pyffnmai83fnv38mf-python3-3.13.9-env/lib/python3.13/site-packages/librelane/scripts/base.sdc'…
[INFO] Using clock clk_i…
[INFO] Setting output delay to: 4
[INFO] Setting input delay to: 4
[INFO] Setting load to: 0.07291
[INFO] Setting clock uncertainty to: 0.25
[INFO] Setting clock transition to: 0.1499999999999999944488848768742172978818416595458984375
[INFO] Setting timing derate to: 5%
%OL_CREATE_REPORT min.rpt

===========================================================================
report_checks -path_delay min (Hold)
============================================================================
======================= nom_tt_025C_5v00 Corner ===================================

Startpoint: _377_ (rising edge-triggered flip-flop clocked by clk_i)
Endpoint: _377_ (rising edge-triggered flip-flop clocked by clk_i)
Path Group: clk_i
Path Type: min

Fanout         Cap        Slew       Delay        Time   Description
---------------------------------------------------------------------------------------------
                      0.150000    0.000000    0.000000   clock clk_i (rise edge)
                                  0.000000    0.000000   clock network delay (ideal)
                      0.150000    0.000000    0.000000 ^ _377_/CLK (gf180mcu_fd_sc_mcu7t5v0__dffrnq_1)
     2    0.008620    0.149858    0.725260    0.725260 v _377_/Q (gf180mcu_fd_sc_mcu7t5v0__dffrnq_1)
                                                         _021_ (net)
                      0.149858    0.000000    0.725260 v _198_/I (gf180mcu_fd_sc_mcu7t5v0__clkinv_1)
     2    0.008917    0.195295    0.154049    0.879309 ^ _198_/ZN (gf180mcu_fd_sc_mcu7t5v0__clkinv_1)
                                                         _056_ (net)
                      0.195295    0.000000    0.879309 ^ _359_/A1 (gf180mcu_fd_sc_mcu7t5v0__oai21_1)
     1    0.003009    0.129024    0.107043    0.986352 v _359_/ZN (gf180mcu_fd_sc_mcu7t5v0__oai21_1)
                                                         _036_ (net)
                      0.129024    0.000000    0.986352 v _377_/D (gf180mcu_fd_sc_mcu7t5v0__dffrnq_1)
                                              0.986352   data arrival time

                      0.150000    0.000000    0.000000   clock clk_i (rise edge)
                                  0.000000    0.000000   clock network delay (ideal)
                                  0.250000    0.250000   clock uncertainty
                                  0.000000    0.250000   clock reconvergence pessimism
                                              0.250000 ^ _377_/CLK (gf180mcu_fd_sc_mcu7t5v0__dffrnq_1)
                                  0.139559    0.389559   library hold time
                                              0.389559   data required time
---------------------------------------------------------------------------------------------
                                              0.389559   data required time
                                             -0.986352   data arrival time
---------------------------------------------------------------------------------------------
                                              0.596793   slack (MET)


Startpoint: _378_ (rising edge-triggered flip-flop clocked by clk_i)
Endpoint: _378_ (rising edge-triggered flip-flop clocked by clk_i)
Path Group: clk_i
Path Type: min

Fanout         Cap        Slew       Delay        Time   Description
---------------------------------------------------------------------------------------------
                      0.150000    0.000000    0.000000   clock clk_i (rise edge)
                                  0.000000    0.000000   clock network delay (ideal)
                      0.150000    0.000000    0.000000 ^ _378_/CLK (gf180mcu_fd_sc_mcu7t5v0__dffrnq_1)
     2    0.011853    0.178167    0.747059    0.747059 v _378_/Q (gf180mcu_fd_sc_mcu7t5v0__dffrnq_1)
                                                         parity_bit (net)
                      0.178167    0.000000    0.747059 v _361_/A1 (gf180mcu_fd_sc_mcu7t5v0__nand3_1)
     1    0.004783    0.195903    0.168920    0.915979 ^ _361_/ZN (gf180mcu_fd_sc_mcu7t5v0__nand3_1)
                                                         _179_ (net)
                      0.195903    0.000000    0.915979 ^ _362_/B (gf180mcu_fd_sc_mcu7t5v0__oai21_1)
     1    0.003009    0.125185    0.117460    1.033440 v _362_/ZN (gf180mcu_fd_sc_mcu7t5v0__oai21_1)
                                                         _037_ (net)
                      0.125185    0.000000    1.033440 v _378_/D (gf180mcu_fd_sc_mcu7t5v0__dffrnq_1)
                                              1.033440   data arrival time

                      0.150000    0.000000    0.000000   clock clk_i (rise edge)
                                  0.000000    0.000000   clock network delay (ideal)
                                  0.250000    0.250000   clock uncertainty
                                  0.000000    0.250000   clock reconvergence pessimism
                                              0.250000 ^ _378_/CLK (gf180mcu_fd_sc_mcu7t5v0__dffrnq_1)
                                  0.140436    0.390436   library hold time
                                              0.390436   data required time
---------------------------------------------------------------------------------------------
                                              0.390436   data required time
                                             -1.033440   data arrival time
---------------------------------------------------------------------------------------------
                                              0.643004   slack (MET)


Startpoint: _383_ (rising edge-triggered flip-flop clocked by clk_i)
Endpoint: _384_ (rising edge-triggered flip-flop clocked by clk_i)
Path Group: clk_i
Path Type: min

Fanout         Cap        Slew       Delay        Time   Description
---------------------------------------------------------------------------------------------
                      0.150000    0.000000    0.000000   clock clk_i (rise edge)
                                  0.000000    0.000000   clock network delay (ideal)
                      0.150000    0.000000    0.000000 ^ _383_/CLK (gf180mcu_fd_sc_mcu7t5v0__dffrnq_1)
     3    0.011889    0.178482    0.747302    0.747302 v _383_/Q (gf180mcu_fd_sc_mcu7t5v0__dffrnq_1)
                                                         baud_cnt[4] (net)
                      0.178482    0.000000    0.747302 v _273_/A1 (gf180mcu_fd_sc_mcu7t5v0__aoi21_1)
     1    0.004090    0.249221    0.190200    0.937501 ^ _273_/ZN (gf180mcu_fd_sc_mcu7t5v0__aoi21_1)
                                                         _120_ (net)
                      0.249221    0.000000    0.937501 ^ _274_/A3 (gf180mcu_fd_sc_mcu7t5v0__nor3_1)
     1    0.003009    0.193022    0.167762    1.105264 v _274_/ZN (gf180mcu_fd_sc_mcu7t5v0__nor3_1)
                                                         _011_ (net)
                      0.193022    0.000000    1.105264 v _384_/D (gf180mcu_fd_sc_mcu7t5v0__dffrnq_1)
                                              1.105264   data arrival time

                      0.150000    0.000000    0.000000   clock clk_i (rise edge)
                                  0.000000    0.000000   clock network delay (ideal)
                                  0.250000    0.250000   clock uncertainty
                                  0.000000    0.250000   clock reconvergence pessimism
                                              0.250000 ^ _384_/CLK (gf180mcu_fd_sc_mcu7t5v0__dffrnq_1)
                                  0.126589    0.376589   library hold time
                                              0.376589   data required time
---------------------------------------------------------------------------------------------
                                              0.376589   data required time
                                             -1.105264   data arrival time
---------------------------------------------------------------------------------------------
                                              0.728674   slack (MET)


Startpoint: _396_ (rising edge-triggered flip-flop clocked by clk_i)
Endpoint: _397_ (rising edge-triggered flip-flop clocked by clk_i)
Path Group: clk_i
Path Type: min

Fanout         Cap        Slew       Delay        Time   Description
---------------------------------------------------------------------------------------------
                      0.150000    0.000000    0.000000   clock clk_i (rise edge)
                                  0.000000    0.000000   clock network delay (ideal)
                      0.150000    0.000000    0.000000 ^ _396_/CLK (gf180mcu_fd_sc_mcu7t5v0__dffsnq_1)
     1    0.002779    0.122829    0.738554    0.738554 ^ _396_/Q (gf180mcu_fd_sc_mcu7t5v0__dffsnq_1)
                                                         reg_rx_sync[0] (net)
                      0.122829    0.000000    0.738554 ^ _307_/A2 (gf180mcu_fd_sc_mcu7t5v0__or2_1)
     1    0.002636    0.108840    0.222350    0.960903 ^ _307_/Z (gf180mcu_fd_sc_mcu7t5v0__or2_1)
                                                         _018_ (net)
                      0.108840    0.000000    0.960903 ^ _397_/D (gf180mcu_fd_sc_mcu7t5v0__dffsnq_1)
                                              0.960903   data arrival time

                      0.150000    0.000000    0.000000   clock clk_i (rise edge)
                                  0.000000    0.000000   clock network delay (ideal)
                                  0.250000    0.250000   clock uncertainty
                                  0.000000    0.250000   clock reconvergence pessimism
                                              0.250000 ^ _397_/CLK (gf180mcu_fd_sc_mcu7t5v0__dffsnq_1)
                                 -0.017795    0.232205   library hold time
                                              0.232205   data required time
---------------------------------------------------------------------------------------------
                                              0.232205   data required time
                                             -0.960903   data arrival time
---------------------------------------------------------------------------------------------
                                              0.728698   slack (MET)


Startpoint: _363_ (rising edge-triggered flip-flop clocked by clk_i)
Endpoint: _363_ (rising edge-triggered flip-flop clocked by clk_i)
Path Group: clk_i
Path Type: min

Fanout         Cap        Slew       Delay        Time   Description
---------------------------------------------------------------------------------------------
                      0.150000    0.000000    0.000000   clock clk_i (rise edge)
                                  0.000000    0.000000   clock network delay (ideal)
                      0.150000    0.000000    0.000000 ^ _363_/CLK (gf180mcu_fd_sc_mcu7t5v0__dffrnq_1)
     4    0.017897    0.231090    0.787811    0.787811 v _363_/Q (gf180mcu_fd_sc_mcu7t5v0__dffrnq_1)
                                                         r_error_parity (net)
                      0.231090    0.000000    0.787811 v _312_/A1 (gf180mcu_fd_sc_mcu7t5v0__oai21_1)
     1    0.004218    0.272942    0.219620    1.007431 ^ _312_/ZN (gf180mcu_fd_sc_mcu7t5v0__oai21_1)
                                                         _145_ (net)
                      0.272942    0.000000    1.007431 ^ _313_/I (gf180mcu_fd_sc_mcu7t5v0__clkinv_1)
     1    0.003009    0.129263    0.110852    1.118283 v _313_/ZN (gf180mcu_fd_sc_mcu7t5v0__clkinv_1)
                                                         _022_ (net)
                      0.129263    0.000000    1.118283 v _363_/D (gf180mcu_fd_sc_mcu7t5v0__dffrnq_1)
                                              1.118283   data arrival time

                      0.150000    0.000000    0.000000   clock clk_i (rise edge)
                                  0.000000    0.000000   clock network delay (ideal)
                                  0.250000    0.250000   clock uncertainty
                                  0.000000    0.250000   clock reconvergence pessimism
                                              0.250000 ^ _363_/CLK (gf180mcu_fd_sc_mcu7t5v0__dffrnq_1)
                                  0.139504    0.389504   library hold time
                                              0.389504   data required time
---------------------------------------------------------------------------------------------
                                              0.389504   data required time
                                             -1.118283   data arrival time
---------------------------------------------------------------------------------------------
                                              0.728779   slack (MET)


Startpoint: _376_ (rising edge-triggered flip-flop clocked by clk_i)
Endpoint: _376_ (rising edge-triggered flip-flop clocked by clk_i)
Path Group: clk_i
Path Type: min

Fanout         Cap        Slew       Delay        Time   Description
---------------------------------------------------------------------------------------------
                      0.150000    0.000000    0.000000   clock clk_i (rise edge)
                                  0.000000    0.000000   clock network delay (ideal)
                      0.150000    0.000000    0.000000 ^ _376_/CLK (gf180mcu_fd_sc_mcu7t5v0__dffrnq_1)
     4    0.019977    0.249539    0.801439    0.801439 v _376_/Q (gf180mcu_fd_sc_mcu7t5v0__dffrnq_1)
                                                         _020_ (net)
                      0.249539    0.000000    0.801439 v _356_/B (gf180mcu_fd_sc_mcu7t5v0__aoi21_1)
     1    0.004243    0.247662    0.208474    1.009912 ^ _356_/ZN (gf180mcu_fd_sc_mcu7t5v0__aoi21_1)
                                                         _176_ (net)
                      0.247662    0.000000    1.009912 ^ _357_/A2 (gf180mcu_fd_sc_mcu7t5v0__nor2_1)
     1    0.003009    0.150186    0.128444    1.138356 v _357_/ZN (gf180mcu_fd_sc_mcu7t5v0__nor2_1)
                                                         _035_ (net)
                      0.150186    0.000000    1.138356 v _376_/D (gf180mcu_fd_sc_mcu7t5v0__dffrnq_1)
                                              1.138356   data arrival time

                      0.150000    0.000000    0.000000   clock clk_i (rise edge)
                                  0.000000    0.000000   clock network delay (ideal)
                                  0.250000    0.250000   clock uncertainty
                                  0.000000    0.250000   clock reconvergence pessimism
                                              0.250000 ^ _376_/CLK (gf180mcu_fd_sc_mcu7t5v0__dffrnq_1)
                                  0.134935    0.384935   library hold time
                                              0.384935   data required time
---------------------------------------------------------------------------------------------
                                              0.384935   data required time
                                             -1.138356   data arrival time
---------------------------------------------------------------------------------------------
                                              0.753421   slack (MET)


Startpoint: _397_ (rising edge-triggered flip-flop clocked by clk_i)
Endpoint: _398_ (rising edge-triggered flip-flop clocked by clk_i)
Path Group: clk_i
Path Type: min

Fanout         Cap        Slew       Delay        Time   Description
---------------------------------------------------------------------------------------------
                      0.150000    0.000000    0.000000   clock clk_i (rise edge)
                                  0.000000    0.000000   clock network delay (ideal)
                      0.150000    0.000000    0.000000 ^ _397_/CLK (gf180mcu_fd_sc_mcu7t5v0__dffsnq_1)
     2    0.008461    0.161859    0.800105    0.800105 v _397_/Q (gf180mcu_fd_sc_mcu7t5v0__dffsnq_1)
                                                         reg_rx_sync[1] (net)
                      0.161859    0.000000    0.800105 v _183_/I (gf180mcu_fd_sc_mcu7t5v0__clkinv_1)
     2    0.008753    0.195011    0.155817    0.955921 ^ _183_/ZN (gf180mcu_fd_sc_mcu7t5v0__clkinv_1)
                                                         _041_ (net)
                      0.195011    0.000000    0.955921 ^ _308_/A1 (gf180mcu_fd_sc_mcu7t5v0__nand2_1)
     1    0.002636    0.117518    0.095522    1.051443 v _308_/ZN (gf180mcu_fd_sc_mcu7t5v0__nand2_1)
                                                         _019_ (net)
                      0.117518    0.000000    1.051443 v _398_/D (gf180mcu_fd_sc_mcu7t5v0__dffsnq_1)
                                              1.051443   data arrival time

                      0.150000    0.000000    0.000000   clock clk_i (rise edge)
                                  0.000000    0.000000   clock network delay (ideal)
                                  0.250000    0.250000   clock uncertainty
                                  0.000000    0.250000   clock reconvergence pessimism
                                              0.250000 ^ _398_/CLK (gf180mcu_fd_sc_mcu7t5v0__dffsnq_1)
                                  0.041098    0.291098   library hold time
                                              0.291098   data required time
---------------------------------------------------------------------------------------------
                                              0.291098   data required time
                                             -1.051443   data arrival time
---------------------------------------------------------------------------------------------
                                              0.760345   slack (MET)


Startpoint: _382_ (rising edge-triggered flip-flop clocked by clk_i)
Endpoint: _382_ (rising edge-triggered flip-flop clocked by clk_i)
Path Group: clk_i
Path Type: min

Fanout         Cap        Slew       Delay        Time   Description
---------------------------------------------------------------------------------------------
                      0.150000    0.000000    0.000000   clock clk_i (rise edge)
                                  0.000000    0.000000   clock network delay (ideal)
                      0.150000    0.000000    0.000000 ^ _382_/CLK (gf180mcu_fd_sc_mcu7t5v0__dffrnq_1)
     4    0.019005    0.240791    0.795282    0.795282 v _382_/Q (gf180mcu_fd_sc_mcu7t5v0__dffrnq_1)
                                                         baud_cnt[3] (net)
                      0.240791    0.000000    0.795282 v _267_/A1 (gf180mcu_fd_sc_mcu7t5v0__nor2_1)
     1    0.004090    0.243570    0.199313    0.994595 ^ _267_/ZN (gf180mcu_fd_sc_mcu7t5v0__nor2_1)
                                                         _116_ (net)
                      0.243570    0.000000    0.994595 ^ _268_/A3 (gf180mcu_fd_sc_mcu7t5v0__nor3_1)
     1    0.003009    0.199192    0.166692    1.161287 v _268_/ZN (gf180mcu_fd_sc_mcu7t5v0__nor3_1)
                                                         _009_ (net)
                      0.199192    0.000000    1.161287 v _382_/D (gf180mcu_fd_sc_mcu7t5v0__dffrnq_1)
                                              1.161287   data arrival time

                      0.150000    0.000000    0.000000   clock clk_i (rise edge)
                                  0.000000    0.000000   clock network delay (ideal)
                                  0.250000    0.250000   clock uncertainty
                                  0.000000    0.250000   clock reconvergence pessimism
                                              0.250000 ^ _382_/CLK (gf180mcu_fd_sc_mcu7t5v0__dffrnq_1)
                                  0.125387    0.375387   library hold time
                                              0.375387   data required time
---------------------------------------------------------------------------------------------
                                              0.375387   data required time
                                             -1.161287   data arrival time
---------------------------------------------------------------------------------------------
                                              0.785900   slack (MET)


Startpoint: _393_ (rising edge-triggered flip-flop clocked by clk_i)
Endpoint: _393_ (rising edge-triggered flip-flop clocked by clk_i)
Path Group: clk_i
Path Type: min

Fanout         Cap        Slew       Delay        Time   Description
---------------------------------------------------------------------------------------------
                      0.150000    0.000000    0.000000   clock clk_i (rise edge)
                                  0.000000    0.000000   clock network delay (ideal)
                      0.150000    0.000000    0.000000 ^ _393_/CLK (gf180mcu_fd_sc_mcu7t5v0__dffrnq_1)
     4    0.022185    0.269717    0.814906    0.814906 v _393_/Q (gf180mcu_fd_sc_mcu7t5v0__dffrnq_1)
                                                         baud_cnt[14] (net)
                      0.269717    0.000000    0.814906 v _301_/A1 (gf180mcu_fd_sc_mcu7t5v0__nor2_1)
     1    0.003979    0.249224    0.206059    1.020965 ^ _301_/ZN (gf180mcu_fd_sc_mcu7t5v0__nor2_1)
                                                         _139_ (net)
                      0.249224    0.000000    1.020965 ^ _303_/A2 (gf180mcu_fd_sc_mcu7t5v0__nor3_1)
     1    0.003009    0.173735    0.155868    1.176834 v _303_/ZN (gf180mcu_fd_sc_mcu7t5v0__nor3_1)
                                                         _005_ (net)
                      0.173735    0.000000    1.176834 v _393_/D (gf180mcu_fd_sc_mcu7t5v0__dffrnq_1)
                                              1.176834   data arrival time

                      0.150000    0.000000    0.000000   clock clk_i (rise edge)
                                  0.000000    0.000000   clock network delay (ideal)
                                  0.250000    0.250000   clock uncertainty
                                  0.000000    0.250000   clock reconvergence pessimism
                                              0.250000 ^ _393_/CLK (gf180mcu_fd_sc_mcu7t5v0__dffrnq_1)
                                  0.130347    0.380347   library hold time
                                              0.380347   data required time
---------------------------------------------------------------------------------------------
                                              0.380347   data required time
                                             -1.176834   data arrival time
---------------------------------------------------------------------------------------------
                                              0.796487   slack (MET)


Startpoint: _364_ (rising edge-triggered flip-flop clocked by clk_i)
Endpoint: _366_ (rising edge-triggered flip-flop clocked by clk_i)
Path Group: clk_i
Path Type: min

Fanout         Cap        Slew       Delay        Time   Description
---------------------------------------------------------------------------------------------
                      0.150000    0.000000    0.000000   clock clk_i (rise edge)
                                  0.000000    0.000000   clock network delay (ideal)
                      0.150000    0.000000    0.000000 ^ _364_/CLK (gf180mcu_fd_sc_mcu7t5v0__dffrnq_1)
     5    0.021919    0.267286    0.813284    0.813284 v _364_/Q (gf180mcu_fd_sc_mcu7t5v0__dffrnq_1)
                                                         CS[0] (net)
                      0.267286    0.000000    0.813284 v _329_/A1 (gf180mcu_fd_sc_mcu7t5v0__oai211_1)
     1    0.004772    0.327028    0.263132    1.076416 ^ _329_/ZN (gf180mcu_fd_sc_mcu7t5v0__oai211_1)
                                                         _159_ (net)
                      0.327028    0.000000    1.076416 ^ _331_/A2 (gf180mcu_fd_sc_mcu7t5v0__aoi21_1)
     1    0.003009    0.140852    0.107198    1.183613 v _331_/ZN (gf180mcu_fd_sc_mcu7t5v0__aoi21_1)
                                                         _025_ (net)
                      0.140852    0.000000    1.183613 v _366_/D (gf180mcu_fd_sc_mcu7t5v0__dffrnq_1)
                                              1.183613   data arrival time

                      0.150000    0.000000    0.000000   clock clk_i (rise edge)
                                  0.000000    0.000000   clock network delay (ideal)
                                  0.250000    0.250000   clock uncertainty
                                  0.000000    0.250000   clock reconvergence pessimism
                                              0.250000 ^ _366_/CLK (gf180mcu_fd_sc_mcu7t5v0__dffrnq_1)
                                  0.136856    0.386856   library hold time
                                              0.386856   data required time
---------------------------------------------------------------------------------------------
                                              0.386856   data required time
                                             -1.183613   data arrival time
---------------------------------------------------------------------------------------------
                                              0.796757   slack (MET)


Startpoint: _394_ (rising edge-triggered flip-flop clocked by clk_i)
Endpoint: _394_ (rising edge-triggered flip-flop clocked by clk_i)
Path Group: clk_i
Path Type: min

Fanout         Cap        Slew       Delay        Time   Description
---------------------------------------------------------------------------------------------
                      0.150000    0.000000    0.000000   clock clk_i (rise edge)
                                  0.000000    0.000000   clock network delay (ideal)
                      0.150000    0.000000    0.000000 ^ _394_/CLK (gf180mcu_fd_sc_mcu7t5v0__dffrnq_1)
     4    0.020638    0.255579    0.805471    0.805471 v _394_/Q (gf180mcu_fd_sc_mcu7t5v0__dffrnq_1)
                                                         baud_cnt[15] (net)
                      0.255579    0.000000    0.805471 v _304_/A1 (gf180mcu_fd_sc_mcu7t5v0__nor2_1)
     1    0.004045    0.244448    0.202967    1.008438 ^ _304_/ZN (gf180mcu_fd_sc_mcu7t5v0__nor2_1)
                                                         _141_ (net)
                      0.244448    0.000000    1.008438 ^ _305_/B (gf180mcu_fd_sc_mcu7t5v0__aoi211_1)
     1    0.003009    0.158776    0.178755    1.187192 v _305_/ZN (gf180mcu_fd_sc_mcu7t5v0__aoi211_1)
                                                         _006_ (net)
                      0.158776    0.000000    1.187192 v _394_/D (gf180mcu_fd_sc_mcu7t5v0__dffrnq_1)
                                              1.187192   data arrival time

                      0.150000    0.000000    0.000000   clock clk_i (rise edge)
                                  0.000000    0.000000   clock network delay (ideal)
                                  0.250000    0.250000   clock uncertainty
                                  0.000000    0.250000   clock reconvergence pessimism
                                              0.250000 ^ _394_/CLK (gf180mcu_fd_sc_mcu7t5v0__dffrnq_1)
                                  0.133261    0.383261   library hold time
                                              0.383261   data required time
---------------------------------------------------------------------------------------------
                                              0.383261   data required time
                                             -1.187192   data arrival time
---------------------------------------------------------------------------------------------
                                              0.803931   slack (MET)


Startpoint: _392_ (rising edge-triggered flip-flop clocked by clk_i)
Endpoint: _392_ (rising edge-triggered flip-flop clocked by clk_i)
Path Group: clk_i
Path Type: min

Fanout         Cap        Slew       Delay        Time   Description
---------------------------------------------------------------------------------------------
                      0.150000    0.000000    0.000000   clock clk_i (rise edge)
                                  0.000000    0.000000   clock network delay (ideal)
                      0.150000    0.000000    0.000000 ^ _392_/CLK (gf180mcu_fd_sc_mcu7t5v0__dffrnq_1)
     4    0.023439    0.281177    0.822555    0.822555 v _392_/Q (gf180mcu_fd_sc_mcu7t5v0__dffrnq_1)
                                                         baud_cnt[13] (net)
                      0.281177    0.000000    0.822555 v _297_/B (gf180mcu_fd_sc_mcu7t5v0__aoi21_1)
     1    0.003979    0.247299    0.211132    1.033687 ^ _297_/ZN (gf180mcu_fd_sc_mcu7t5v0__aoi21_1)
                                                         _136_ (net)
                      0.247299    0.000000    1.033687 ^ _300_/A2 (gf180mcu_fd_sc_mcu7t5v0__nor3_1)
     1    0.003009    0.173269    0.155557    1.189245 v _300_/ZN (gf180mcu_fd_sc_mcu7t5v0__nor3_1)
                                                         _004_ (net)
                      0.173269    0.000000    1.189245 v _392_/D (gf180mcu_fd_sc_mcu7t5v0__dffrnq_1)
                                              1.189245   data arrival time

                      0.150000    0.000000    0.000000   clock clk_i (rise edge)
                                  0.000000    0.000000   clock network delay (ideal)
                                  0.250000    0.250000   clock uncertainty
                                  0.000000    0.250000   clock reconvergence pessimism
                                              0.250000 ^ _392_/CLK (gf180mcu_fd_sc_mcu7t5v0__dffrnq_1)
                                  0.130438    0.380438   library hold time
                                              0.380438   data required time
---------------------------------------------------------------------------------------------
                                              0.380438   data required time
                                             -1.189245   data arrival time
---------------------------------------------------------------------------------------------
                                              0.808807   slack (MET)


Startpoint: _390_ (rising edge-triggered flip-flop clocked by clk_i)
Endpoint: _390_ (rising edge-triggered flip-flop clocked by clk_i)
Path Group: clk_i
Path Type: min

Fanout         Cap        Slew       Delay        Time   Description
---------------------------------------------------------------------------------------------
                      0.150000    0.000000    0.000000   clock clk_i (rise edge)
                                  0.000000    0.000000   clock network delay (ideal)
                      0.150000    0.000000    0.000000 ^ _390_/CLK (gf180mcu_fd_sc_mcu7t5v0__dffrnq_1)
     5    0.024928    0.294785    0.831637    0.831637 v _390_/Q (gf180mcu_fd_sc_mcu7t5v0__dffrnq_1)
                                                         baud_cnt[11] (net)
                      0.294785    0.000000    0.831637 v _291_/A1 (gf180mcu_fd_sc_mcu7t5v0__nor2_1)
     1    0.003979    0.244654    0.213538    1.045176 ^ _291_/ZN (gf180mcu_fd_sc_mcu7t5v0__nor2_1)
                                                         _132_ (net)
                      0.244654    0.000000    1.045176 ^ _294_/A2 (gf180mcu_fd_sc_mcu7t5v0__nor3_1)
     1    0.003009    0.172629    0.155130    1.200305 v _294_/ZN (gf180mcu_fd_sc_mcu7t5v0__nor3_1)
                                                         _002_ (net)
                      0.172629    0.000000    1.200305 v _390_/D (gf180mcu_fd_sc_mcu7t5v0__dffrnq_1)
                                              1.200305   data arrival time

                      0.150000    0.000000    0.000000   clock clk_i (rise edge)
                                  0.000000    0.000000   clock network delay (ideal)
                                  0.250000    0.250000   clock uncertainty
                                  0.000000    0.250000   clock reconvergence pessimism
                                              0.250000 ^ _390_/CLK (gf180mcu_fd_sc_mcu7t5v0__dffrnq_1)
                                  0.130563    0.380563   library hold time
                                              0.380563   data required time
---------------------------------------------------------------------------------------------
                                              0.380563   data required time
                                             -1.200305   data arrival time
---------------------------------------------------------------------------------------------
                                              0.819743   slack (MET)


Startpoint: _381_ (rising edge-triggered flip-flop clocked by clk_i)
Endpoint: _381_ (rising edge-triggered flip-flop clocked by clk_i)
Path Group: clk_i
Path Type: min

Fanout         Cap        Slew       Delay        Time   Description
---------------------------------------------------------------------------------------------
                      0.150000    0.000000    0.000000   clock clk_i (rise edge)
                                  0.000000    0.000000   clock network delay (ideal)
                      0.150000    0.000000    0.000000 ^ _381_/CLK (gf180mcu_fd_sc_mcu7t5v0__dffrnq_1)
     5    0.024655    0.292290    0.829972    0.829972 v _381_/Q (gf180mcu_fd_sc_mcu7t5v0__dffrnq_1)
                                                         baud_cnt[2] (net)
                      0.292290    0.000000    0.829972 v _264_/B (gf180mcu_fd_sc_mcu7t5v0__aoi21_1)
     1    0.004090    0.251037    0.214900    1.044872 ^ _264_/ZN (gf180mcu_fd_sc_mcu7t5v0__aoi21_1)
                                                         _114_ (net)
                      0.251037    0.000000    1.044872 ^ _265_/A3 (gf180mcu_fd_sc_mcu7t5v0__nor3_1)
     1    0.003009    0.169922    0.168106    1.212978 v _265_/ZN (gf180mcu_fd_sc_mcu7t5v0__nor3_1)
                                                         _008_ (net)
                      0.169922    0.000000    1.212978 v _381_/D (gf180mcu_fd_sc_mcu7t5v0__dffrnq_1)
                                              1.212978   data arrival time

                      0.150000    0.000000    0.000000   clock clk_i (rise edge)
                                  0.000000    0.000000   clock network delay (ideal)
                                  0.250000    0.250000   clock uncertainty
                                  0.000000    0.250000   clock reconvergence pessimism
                                              0.250000 ^ _381_/CLK (gf180mcu_fd_sc_mcu7t5v0__dffrnq_1)
                                  0.131090    0.381090   library hold time
                                              0.381090   data required time
---------------------------------------------------------------------------------------------
                                              0.381090   data required time
                                             -1.212978   data arrival time
---------------------------------------------------------------------------------------------
                                              0.831888   slack (MET)


Startpoint: _375_ (rising edge-triggered flip-flop clocked by clk_i)
Endpoint: _375_ (rising edge-triggered flip-flop clocked by clk_i)
Path Group: clk_i
Path Type: min

Fanout         Cap        Slew       Delay        Time   Description
---------------------------------------------------------------------------------------------
                      0.150000    0.000000    0.000000   clock clk_i (rise edge)
                                  0.000000    0.000000   clock network delay (ideal)
                      0.150000    0.000000    0.000000 ^ _375_/CLK (gf180mcu_fd_sc_mcu7t5v0__dffrnq_1)
     5    0.031316    0.353163    0.870600    0.870600 v _375_/Q (gf180mcu_fd_sc_mcu7t5v0__dffrnq_1)
                                                         reg_bit_count (net)
                      0.353163    0.000000    0.870600 v _353_/S (gf180mcu_fd_sc_mcu7t5v0__mux2_2)
     1    0.003009    0.110251    0.355159    1.225759 v _353_/Z (gf180mcu_fd_sc_mcu7t5v0__mux2_2)
                                                         _034_ (net)
                      0.110251    0.000000    1.225759 v _375_/D (gf180mcu_fd_sc_mcu7t5v0__dffrnq_1)
                                              1.225759   data arrival time

                      0.150000    0.000000    0.000000   clock clk_i (rise edge)
                                  0.000000    0.000000   clock network delay (ideal)
                                  0.250000    0.250000   clock uncertainty
                                  0.000000    0.250000   clock reconvergence pessimism
                                              0.250000 ^ _375_/CLK (gf180mcu_fd_sc_mcu7t5v0__dffrnq_1)
                                  0.143848    0.393848   library hold time
                                              0.393848   data required time
---------------------------------------------------------------------------------------------
                                              0.393848   data required time
                                             -1.225759   data arrival time
---------------------------------------------------------------------------------------------
                                              0.831911   slack (MET)


Startpoint: _389_ (rising edge-triggered flip-flop clocked by clk_i)
Endpoint: _389_ (rising edge-triggered flip-flop clocked by clk_i)
Path Group: clk_i
Path Type: min

Fanout         Cap        Slew       Delay        Time   Description
---------------------------------------------------------------------------------------------
                      0.150000    0.000000    0.000000   clock clk_i (rise edge)
                                  0.000000    0.000000   clock network delay (ideal)
                      0.150000    0.000000    0.000000 ^ _389_/CLK (gf180mcu_fd_sc_mcu7t5v0__dffrnq_1)
     5    0.027620    0.319386    0.848057    0.848057 v _389_/Q (gf180mcu_fd_sc_mcu7t5v0__dffrnq_1)
                                                         baud_cnt[10] (net)
                      0.319386    0.000000    0.848057 v _287_/A1 (gf180mcu_fd_sc_mcu7t5v0__nor2_1)
     1    0.003979    0.246947    0.220879    1.068936 ^ _287_/ZN (gf180mcu_fd_sc_mcu7t5v0__nor2_1)
                                                         _129_ (net)
                      0.246947    0.000000    1.068936 ^ _290_/A2 (gf180mcu_fd_sc_mcu7t5v0__nor3_1)
     1    0.003009    0.173184    0.155501    1.224436 v _290_/ZN (gf180mcu_fd_sc_mcu7t5v0__nor3_1)
                                                         _001_ (net)
                      0.173184    0.000000    1.224436 v _389_/D (gf180mcu_fd_sc_mcu7t5v0__dffrnq_1)
                                              1.224436   data arrival time

                      0.150000    0.000000    0.000000   clock clk_i (rise edge)
                                  0.000000    0.000000   clock network delay (ideal)
                                  0.250000    0.250000   clock uncertainty
                                  0.000000    0.250000   clock reconvergence pessimism
                                              0.250000 ^ _389_/CLK (gf180mcu_fd_sc_mcu7t5v0__dffrnq_1)
                                  0.130454    0.380454   library hold time
                                              0.380454   data required time
---------------------------------------------------------------------------------------------
                                              0.380454   data required time
                                             -1.224436   data arrival time
---------------------------------------------------------------------------------------------
                                              0.843982   slack (MET)


Startpoint: _388_ (rising edge-triggered flip-flop clocked by clk_i)
Endpoint: _388_ (rising edge-triggered flip-flop clocked by clk_i)
Path Group: clk_i
Path Type: min

Fanout         Cap        Slew       Delay        Time   Description
---------------------------------------------------------------------------------------------
                      0.150000    0.000000    0.000000   clock clk_i (rise edge)
                                  0.000000    0.000000   clock network delay (ideal)
                      0.150000    0.000000    0.000000 ^ _388_/CLK (gf180mcu_fd_sc_mcu7t5v0__dffrnq_1)
     6    0.028920    0.331267    0.855986    0.855986 v _388_/Q (gf180mcu_fd_sc_mcu7t5v0__dffrnq_1)
                                                         baud_cnt[9] (net)
                      0.331267    0.000000    0.855986 v _284_/A1 (gf180mcu_fd_sc_mcu7t5v0__nor2_1)
     1    0.003979    0.237953    0.224327    1.080313 ^ _284_/ZN (gf180mcu_fd_sc_mcu7t5v0__nor2_1)
                                                         _127_ (net)
                      0.237953    0.000000    1.080313 ^ _286_/A2 (gf180mcu_fd_sc_mcu7t5v0__nor3_1)
     1    0.003009    0.171008    0.154047    1.234360 v _286_/ZN (gf180mcu_fd_sc_mcu7t5v0__nor3_1)
                                                         _015_ (net)
                      0.171008    0.000000    1.234360 v _388_/D (gf180mcu_fd_sc_mcu7t5v0__dffrnq_1)
                                              1.234360   data arrival time

                      0.150000    0.000000    0.000000   clock clk_i (rise edge)
                                  0.000000    0.000000   clock network delay (ideal)
                                  0.250000    0.250000   clock uncertainty
                                  0.000000    0.250000   clock reconvergence pessimism
                                              0.250000 ^ _388_/CLK (gf180mcu_fd_sc_mcu7t5v0__dffrnq_1)
                                  0.130878    0.380878   library hold time
                                              0.380878   data required time
---------------------------------------------------------------------------------------------
                                              0.380878   data required time
                                             -1.234360   data arrival time
---------------------------------------------------------------------------------------------
                                              0.853481   slack (MET)


Startpoint: _387_ (rising edge-triggered flip-flop clocked by clk_i)
Endpoint: _387_ (rising edge-triggered flip-flop clocked by clk_i)
Path Group: clk_i
Path Type: min

Fanout         Cap        Slew       Delay        Time   Description
---------------------------------------------------------------------------------------------
                      0.150000    0.000000    0.000000   clock clk_i (rise edge)
                                  0.000000    0.000000   clock network delay (ideal)
                      0.150000    0.000000    0.000000 ^ _387_/CLK (gf180mcu_fd_sc_mcu7t5v0__dffrnq_1)
     6    0.031981    0.359241    0.874656    0.874656 v _387_/Q (gf180mcu_fd_sc_mcu7t5v0__dffrnq_1)
                                                         baud_cnt[8] (net)
                      0.359241    0.000000    0.874656 v _282_/A1 (gf180mcu_fd_sc_mcu7t5v0__xor2_1)
     1    0.004243    0.279673    0.253105    1.127761 ^ _282_/Z (gf180mcu_fd_sc_mcu7t5v0__xor2_1)
                                                         _126_ (net)
                      0.279673    0.000000    1.127761 ^ _283_/A2 (gf180mcu_fd_sc_mcu7t5v0__nor2_1)
     1    0.003009    0.158504    0.132688    1.260449 v _283_/ZN (gf180mcu_fd_sc_mcu7t5v0__nor2_1)
                                                         _014_ (net)
                      0.158504    0.000000    1.260449 v _387_/D (gf180mcu_fd_sc_mcu7t5v0__dffrnq_1)
                                              1.260449   data arrival time

                      0.150000    0.000000    0.000000   clock clk_i (rise edge)
                                  0.000000    0.000000   clock network delay (ideal)
                                  0.250000    0.250000   clock uncertainty
                                  0.000000    0.250000   clock reconvergence pessimism
                                              0.250000 ^ _387_/CLK (gf180mcu_fd_sc_mcu7t5v0__dffrnq_1)
                                  0.133314    0.383314   library hold time
                                              0.383314   data required time
---------------------------------------------------------------------------------------------
                                              0.383314   data required time
                                             -1.260449   data arrival time
---------------------------------------------------------------------------------------------
                                              0.877134   slack (MET)


Startpoint: _385_ (rising edge-triggered flip-flop clocked by clk_i)
Endpoint: _385_ (rising edge-triggered flip-flop clocked by clk_i)
Path Group: clk_i
Path Type: min

Fanout         Cap        Slew       Delay        Time   Description
---------------------------------------------------------------------------------------------
                      0.150000    0.000000    0.000000   clock clk_i (rise edge)
                                  0.000000    0.000000   clock network delay (ideal)
                      0.150000    0.000000    0.000000 ^ _385_/CLK (gf180mcu_fd_sc_mcu7t5v0__dffrnq_1)
     5    0.030869    0.349078    0.867874    0.867874 v _385_/Q (gf180mcu_fd_sc_mcu7t5v0__dffrnq_1)
                                                         baud_cnt[6] (net)
                      0.349078    0.000000    0.867874 v _276_/A1 (gf180mcu_fd_sc_mcu7t5v0__xnor2_1)
     1    0.004243    0.263638    0.284367    1.152241 ^ _276_/ZN (gf180mcu_fd_sc_mcu7t5v0__xnor2_1)
                                                         _122_ (net)
                      0.263638    0.000000    1.152241 ^ _277_/A2 (gf180mcu_fd_sc_mcu7t5v0__nor2_1)
     1    0.003009    0.154337    0.130562    1.282803 v _277_/ZN (gf180mcu_fd_sc_mcu7t5v0__nor2_1)
                                                         _012_ (net)
                      0.154337    0.000000    1.282803 v _385_/D (gf180mcu_fd_sc_mcu7t5v0__dffrnq_1)
                                              1.282803   data arrival time

                      0.150000    0.000000    0.000000   clock clk_i (rise edge)
                                  0.000000    0.000000   clock network delay (ideal)
                                  0.250000    0.250000   clock uncertainty
                                  0.000000    0.250000   clock reconvergence pessimism
                                              0.250000 ^ _385_/CLK (gf180mcu_fd_sc_mcu7t5v0__dffrnq_1)
                                  0.134126    0.384126   library hold time
                                              0.384126   data required time
---------------------------------------------------------------------------------------------
                                              0.384126   data required time
                                             -1.282803   data arrival time
---------------------------------------------------------------------------------------------
                                              0.898677   slack (MET)


Startpoint: _391_ (rising edge-triggered flip-flop clocked by clk_i)
Endpoint: _391_ (rising edge-triggered flip-flop clocked by clk_i)
Path Group: clk_i
Path Type: min

Fanout         Cap        Slew       Delay        Time   Description
---------------------------------------------------------------------------------------------
                      0.150000    0.000000    0.000000   clock clk_i (rise edge)
                                  0.000000    0.000000   clock network delay (ideal)
                      0.150000    0.000000    0.000000 ^ _391_/CLK (gf180mcu_fd_sc_mcu7t5v0__dffrnq_1)
     5    0.031655    0.356262    0.872668    0.872668 v _391_/Q (gf180mcu_fd_sc_mcu7t5v0__dffrnq_1)
                                                         baud_cnt[12] (net)
                      0.356262    0.000000    0.872668 v _295_/A1 (gf180mcu_fd_sc_mcu7t5v0__xnor2_1)
     1    0.004243    0.263365    0.286573    1.159241 ^ _295_/ZN (gf180mcu_fd_sc_mcu7t5v0__xnor2_1)
                                                         _135_ (net)
                      0.263365    0.000000    1.159241 ^ _296_/A2 (gf180mcu_fd_sc_mcu7t5v0__nor2_1)
     1    0.003009    0.154266    0.130526    1.289766 v _296_/ZN (gf180mcu_fd_sc_mcu7t5v0__nor2_1)
                                                         _003_ (net)
                      0.154266    0.000000    1.289766 v _391_/D (gf180mcu_fd_sc_mcu7t5v0__dffrnq_1)
                                              1.289766   data arrival time

                      0.150000    0.000000    0.000000   clock clk_i (rise edge)
                                  0.000000    0.000000   clock network delay (ideal)
                                  0.250000    0.250000   clock uncertainty
                                  0.000000    0.250000   clock reconvergence pessimism
                                              0.250000 ^ _391_/CLK (gf180mcu_fd_sc_mcu7t5v0__dffrnq_1)
                                  0.134140    0.384140   library hold time
                                              0.384140   data required time
---------------------------------------------------------------------------------------------
                                              0.384140   data required time
                                             -1.289766   data arrival time
---------------------------------------------------------------------------------------------
                                              0.905626   slack (MET)


Startpoint: _379_ (rising edge-triggered flip-flop clocked by clk_i)
Endpoint: _380_ (rising edge-triggered flip-flop clocked by clk_i)
Path Group: clk_i
Path Type: min

Fanout         Cap        Slew       Delay        Time   Description
---------------------------------------------------------------------------------------------
                      0.150000    0.000000    0.000000   clock clk_i (rise edge)
                                  0.000000    0.000000   clock network delay (ideal)
                      0.150000    0.000000    0.000000 ^ _379_/CLK (gf180mcu_fd_sc_mcu7t5v0__dffrnq_1)
     7    0.037592    0.410976    0.908691    0.908691 v _379_/Q (gf180mcu_fd_sc_mcu7t5v0__dffrnq_1)
                                                         baud_cnt[0] (net)
                      0.410976    0.000000    0.908691 v _261_/A1 (gf180mcu_fd_sc_mcu7t5v0__xor2_1)
     1    0.004243    0.275029    0.267982    1.176673 ^ _261_/Z (gf180mcu_fd_sc_mcu7t5v0__xor2_1)
                                                         _112_ (net)
                      0.275029    0.000000    1.176673 ^ _262_/A2 (gf180mcu_fd_sc_mcu7t5v0__nor2_1)
     1    0.003009    0.157297    0.132072    1.308746 v _262_/ZN (gf180mcu_fd_sc_mcu7t5v0__nor2_1)
                                                         _007_ (net)
                      0.157297    0.000000    1.308746 v _380_/D (gf180mcu_fd_sc_mcu7t5v0__dffrnq_1)
                                              1.308746   data arrival time

                      0.150000    0.000000    0.000000   clock clk_i (rise edge)
                                  0.000000    0.000000   clock network delay (ideal)
                                  0.250000    0.250000   clock uncertainty
                                  0.000000    0.250000   clock reconvergence pessimism
                                              0.250000 ^ _380_/CLK (gf180mcu_fd_sc_mcu7t5v0__dffrnq_1)
                                  0.133550    0.383550   library hold time
                                              0.383550   data required time
---------------------------------------------------------------------------------------------
                                              0.383550   data required time
                                             -1.308746   data arrival time
---------------------------------------------------------------------------------------------
                                              0.925196   slack (MET)


Startpoint: _398_ (rising edge-triggered flip-flop clocked by clk_i)
Endpoint: _374_ (rising edge-triggered flip-flop clocked by clk_i)
Path Group: clk_i
Path Type: min

Fanout         Cap        Slew       Delay        Time   Description
---------------------------------------------------------------------------------------------
                      0.150000    0.000000    0.000000   clock clk_i (rise edge)
                                  0.000000    0.000000   clock network delay (ideal)
                      0.150000    0.000000    0.000000 ^ _398_/CLK (gf180mcu_fd_sc_mcu7t5v0__dffsnq_1)
     5    0.022317    0.284326    0.895024    0.895024 v _398_/Q (gf180mcu_fd_sc_mcu7t5v0__dffsnq_1)
                                                         reg_rx_sync[2] (net)
                      0.284326    0.000000    0.895024 v _349_/A1 (gf180mcu_fd_sc_mcu7t5v0__nand3_1)
     1    0.004823    0.213774    0.199260    1.094284 ^ _349_/ZN (gf180mcu_fd_sc_mcu7t5v0__nand3_1)
                                                         _171_ (net)
                      0.213774    0.000000    1.094284 ^ _351_/A2 (gf180mcu_fd_sc_mcu7t5v0__oai21_1)
     1    0.002636    0.135606    0.127417    1.221701 v _351_/ZN (gf180mcu_fd_sc_mcu7t5v0__oai21_1)
                                                         _033_ (net)
                      0.135606    0.000000    1.221701 v _374_/D (gf180mcu_fd_sc_mcu7t5v0__dffsnq_1)
                                              1.221701   data arrival time

                      0.150000    0.000000    0.000000   clock clk_i (rise edge)
                                  0.000000    0.000000   clock network delay (ideal)
                                  0.250000    0.250000   clock uncertainty
                                  0.000000    0.250000   clock reconvergence pessimism
                                              0.250000 ^ _374_/CLK (gf180mcu_fd_sc_mcu7t5v0__dffsnq_1)
                                  0.035151    0.285151   library hold time
                                              0.285151   data required time
---------------------------------------------------------------------------------------------
                                              0.285151   data required time
                                             -1.221701   data arrival time
---------------------------------------------------------------------------------------------
                                              0.936550   slack (MET)


Startpoint: _379_ (rising edge-triggered flip-flop clocked by clk_i)
Endpoint: _379_ (rising edge-triggered flip-flop clocked by clk_i)
Path Group: clk_i
Path Type: min

Fanout         Cap        Slew       Delay        Time   Description
---------------------------------------------------------------------------------------------
                      0.150000    0.000000    0.000000   clock clk_i (rise edge)
                                  0.000000    0.000000   clock network delay (ideal)
                      0.150000    0.000000    0.000000 ^ _379_/CLK (gf180mcu_fd_sc_mcu7t5v0__dffrnq_1)
     7    0.037592    0.685218    1.203735    1.203735 ^ _379_/Q (gf180mcu_fd_sc_mcu7t5v0__dffrnq_1)
                                                         baud_cnt[0] (net)
                      0.685218    0.000000    1.203735 ^ _260_/A1 (gf180mcu_fd_sc_mcu7t5v0__nor2_1)
     1    0.003009    0.211397    0.111119    1.314854 v _260_/ZN (gf180mcu_fd_sc_mcu7t5v0__nor2_1)
                                                         _000_ (net)
                      0.211397    0.000000    1.314854 v _379_/D (gf180mcu_fd_sc_mcu7t5v0__dffrnq_1)
                                              1.314854   data arrival time

                      0.150000    0.000000    0.000000   clock clk_i (rise edge)
                                  0.000000    0.000000   clock network delay (ideal)
                                  0.250000    0.250000   clock uncertainty
                                  0.000000    0.250000   clock reconvergence pessimism
                                              0.250000 ^ _379_/CLK (gf180mcu_fd_sc_mcu7t5v0__dffrnq_1)
                                  0.123010    0.373010   library hold time
                                              0.373010   data required time
---------------------------------------------------------------------------------------------
                                              0.373010   data required time
                                             -1.314854   data arrival time
---------------------------------------------------------------------------------------------
                                              0.941844   slack (MET)


Startpoint: _366_ (rising edge-triggered flip-flop clocked by clk_i)
Endpoint: _395_ (rising edge-triggered flip-flop clocked by clk_i)
Path Group: clk_i
Path Type: min

Fanout         Cap        Slew       Delay        Time   Description
---------------------------------------------------------------------------------------------
                      0.150000    0.000000    0.000000   clock clk_i (rise edge)
                                  0.000000    0.000000   clock network delay (ideal)
                      0.150000    0.000000    0.000000 ^ _366_/CLK (gf180mcu_fd_sc_mcu7t5v0__dffrnq_1)
     5    0.025177    0.297060    0.833156    0.833156 v _366_/Q (gf180mcu_fd_sc_mcu7t5v0__dffrnq_1)
                                                         CS[2] (net)
                      0.297060    0.000000    0.833156 v _251_/A1 (gf180mcu_fd_sc_mcu7t5v0__xor2_1)
     3    0.014147    0.568294    0.396476    1.229632 ^ _251_/Z (gf180mcu_fd_sc_mcu7t5v0__xor2_1)
                                                         _108_ (net)
                      0.568294    0.000000    1.229632 ^ _253_/A2 (gf180mcu_fd_sc_mcu7t5v0__aoi21_1)
     1    0.003009    0.163649    0.100605    1.330237 v _253_/ZN (gf180mcu_fd_sc_mcu7t5v0__aoi21_1)
                                                         _016_ (net)
                      0.163649    0.000000    1.330237 v _395_/D (gf180mcu_fd_sc_mcu7t5v0__dffrnq_1)
                                              1.330237   data arrival time

                      0.150000    0.000000    0.000000   clock clk_i (rise edge)
                                  0.000000    0.000000   clock network delay (ideal)
                                  0.250000    0.250000   clock uncertainty
                                  0.000000    0.250000   clock reconvergence pessimism
                                              0.250000 ^ _395_/CLK (gf180mcu_fd_sc_mcu7t5v0__dffrnq_1)
                                  0.132312    0.382312   library hold time
                                              0.382312   data required time
---------------------------------------------------------------------------------------------
                                              0.382312   data required time
                                             -1.330237   data arrival time
---------------------------------------------------------------------------------------------
                                              0.947925   slack (MET)


Startpoint: _386_ (rising edge-triggered flip-flop clocked by clk_i)
Endpoint: _386_ (rising edge-triggered flip-flop clocked by clk_i)
Path Group: clk_i
Path Type: min

Fanout         Cap        Slew       Delay        Time   Description
---------------------------------------------------------------------------------------------
                      0.150000    0.000000    0.000000   clock clk_i (rise edge)
                                  0.000000    0.000000   clock network delay (ideal)
                      0.150000    0.000000    0.000000 ^ _386_/CLK (gf180mcu_fd_sc_mcu7t5v0__dffrnq_1)
     4    0.017466    0.227316    0.784905    0.784905 v _386_/Q (gf180mcu_fd_sc_mcu7t5v0__dffrnq_1)
                                                         baud_cnt[7] (net)
                      0.227316    0.000000    0.784905 v _190_/I (gf180mcu_fd_sc_mcu7t5v0__clkinv_1)
     2    0.012255    0.260864    0.206579    0.991484 ^ _190_/ZN (gf180mcu_fd_sc_mcu7t5v0__clkinv_1)
                                                         _048_ (net)
                      0.260864    0.000000    0.991484 ^ _278_/A1 (gf180mcu_fd_sc_mcu7t5v0__nand2_1)
     1    0.002967    0.114622    0.104401    1.095885 v _278_/ZN (gf180mcu_fd_sc_mcu7t5v0__nand2_1)
                                                         _123_ (net)
                      0.114622    0.000000    1.095885 v _280_/A3 (gf180mcu_fd_sc_mcu7t5v0__and4_1)
     1    0.003009    0.112733    0.314534    1.410420 v _280_/Z (gf180mcu_fd_sc_mcu7t5v0__and4_1)
                                                         _013_ (net)
                      0.112733    0.000000    1.410420 v _386_/D (gf180mcu_fd_sc_mcu7t5v0__dffrnq_1)
                                              1.410420   data arrival time

                      0.150000    0.000000    0.000000   clock clk_i (rise edge)
                                  0.000000    0.000000   clock network delay (ideal)
                                  0.250000    0.250000   clock uncertainty
                                  0.000000    0.250000   clock reconvergence pessimism
                                              0.250000 ^ _386_/CLK (gf180mcu_fd_sc_mcu7t5v0__dffrnq_1)
                                  0.143281    0.393281   library hold time
                                              0.393281   data required time
---------------------------------------------------------------------------------------------
                                              0.393281   data required time
                                             -1.410420   data arrival time
---------------------------------------------------------------------------------------------
                                              1.017139   slack (MET)


Startpoint: _398_ (rising edge-triggered flip-flop clocked by clk_i)
Endpoint: _373_ (rising edge-triggered flip-flop clocked by clk_i)
Path Group: clk_i
Path Type: min

Fanout         Cap        Slew       Delay        Time   Description
---------------------------------------------------------------------------------------------
                      0.150000    0.000000    0.000000   clock clk_i (rise edge)
                                  0.000000    0.000000   clock network delay (ideal)
                      0.150000    0.000000    0.000000 ^ _398_/CLK (gf180mcu_fd_sc_mcu7t5v0__dffsnq_1)
     5    0.022317    0.284326    0.895024    0.895024 v _398_/Q (gf180mcu_fd_sc_mcu7t5v0__dffsnq_1)
                                                         reg_rx_sync[2] (net)
                      0.284326    0.000000    0.895024 v _346_/A1 (gf180mcu_fd_sc_mcu7t5v0__oai211_1)
     1    0.004823    0.334715    0.268741    1.163765 ^ _346_/ZN (gf180mcu_fd_sc_mcu7t5v0__oai211_1)
                                                         _169_ (net)
                      0.334715    0.000000    1.163765 ^ _348_/A2 (gf180mcu_fd_sc_mcu7t5v0__oai21_1)
     1    0.002636    0.135770    0.141694    1.305459 v _348_/ZN (gf180mcu_fd_sc_mcu7t5v0__oai21_1)
                                                         _032_ (net)
                      0.135770    0.000000    1.305459 v _373_/D (gf180mcu_fd_sc_mcu7t5v0__dffsnq_1)
                                              1.305459   data arrival time

                      0.150000    0.000000    0.000000   clock clk_i (rise edge)
                                  0.000000    0.000000   clock network delay (ideal)
                                  0.250000    0.250000   clock uncertainty
                                  0.000000    0.250000   clock reconvergence pessimism
                                              0.250000 ^ _373_/CLK (gf180mcu_fd_sc_mcu7t5v0__dffsnq_1)
                                  0.035098    0.285098   library hold time
                                              0.285098   data required time
---------------------------------------------------------------------------------------------
                                              0.285098   data required time
                                             -1.305459   data arrival time
---------------------------------------------------------------------------------------------
                                              1.020361   slack (MET)


Startpoint: _365_ (rising edge-triggered flip-flop clocked by clk_i)
Endpoint: _365_ (rising edge-triggered flip-flop clocked by clk_i)
Path Group: clk_i
Path Type: min

Fanout         Cap        Slew       Delay        Time   Description
---------------------------------------------------------------------------------------------
                      0.150000    0.000000    0.000000   clock clk_i (rise edge)
                                  0.000000    0.000000   clock network delay (ideal)
                      0.150000    0.000000    0.000000 ^ _365_/CLK (gf180mcu_fd_sc_mcu7t5v0__dffrnq_1)
     7    0.032838    0.367073    0.879884    0.879884 v _365_/Q (gf180mcu_fd_sc_mcu7t5v0__dffrnq_1)
                                                         CS[1] (net)
                      0.367073    0.000000    0.879884 v _327_/I0 (gf180mcu_fd_sc_mcu7t5v0__mux2_2)
     1    0.002789    0.107422    0.384187    1.264070 v _327_/Z (gf180mcu_fd_sc_mcu7t5v0__mux2_2)
                                                         _158_ (net)
                      0.107422    0.000000    1.264070 v _328_/A2 (gf180mcu_fd_sc_mcu7t5v0__and2_1)
     1    0.003009    0.099735    0.246070    1.510140 v _328_/Z (gf180mcu_fd_sc_mcu7t5v0__and2_1)
                                                         _024_ (net)
                      0.099735    0.000000    1.510140 v _365_/D (gf180mcu_fd_sc_mcu7t5v0__dffrnq_1)
                                              1.510140   data arrival time

                      0.150000    0.000000    0.000000   clock clk_i (rise edge)
                                  0.000000    0.000000   clock network delay (ideal)
                                  0.250000    0.250000   clock uncertainty
                                  0.000000    0.250000   clock reconvergence pessimism
                                              0.250000 ^ _365_/CLK (gf180mcu_fd_sc_mcu7t5v0__dffrnq_1)
                                  0.146251    0.396251   library hold time
                                              0.396251   data required time
---------------------------------------------------------------------------------------------
                                              0.396251   data required time
                                             -1.510140   data arrival time
---------------------------------------------------------------------------------------------
                                              1.113889   slack (MET)


Startpoint: _395_ (rising edge-triggered flip-flop clocked by clk_i)
Endpoint: _364_ (rising edge-triggered flip-flop clocked by clk_i)
Path Group: clk_i
Path Type: min

Fanout         Cap        Slew       Delay        Time   Description
---------------------------------------------------------------------------------------------
                      0.150000    0.000000    0.000000   clock clk_i (rise edge)
                                  0.000000    0.000000   clock network delay (ideal)
                      0.150000    0.000000    0.000000 ^ _395_/CLK (gf180mcu_fd_sc_mcu7t5v0__dffrnq_1)
     7    0.029397    0.556029    1.127586    1.127586 ^ _395_/Q (gf180mcu_fd_sc_mcu7t5v0__dffrnq_1)
                                                         bit_done (net)
                      0.556029    0.000000    1.127586 ^ _314_/A1 (gf180mcu_fd_sc_mcu7t5v0__nor2_1)
     1    0.004011    0.197863    0.128133    1.255718 v _314_/ZN (gf180mcu_fd_sc_mcu7t5v0__nor2_1)
                                                         _146_ (net)
                      0.197863    0.000000    1.255718 v _324_/B (gf180mcu_fd_sc_mcu7t5v0__aoi21_1)
     1    0.004243    0.240139    0.198114    1.453832 ^ _324_/ZN (gf180mcu_fd_sc_mcu7t5v0__aoi21_1)
                                                         _156_ (net)
                      0.240139    0.000000    1.453832 ^ _325_/A2 (gf180mcu_fd_sc_mcu7t5v0__nor2_1)
     1    0.003009    0.117458    0.127447    1.581279 v _325_/ZN (gf180mcu_fd_sc_mcu7t5v0__nor2_1)
                                                         _023_ (net)
                      0.117458    0.000000    1.581279 v _364_/D (gf180mcu_fd_sc_mcu7t5v0__dffrnq_1)
                                              1.581279   data arrival time

                      0.150000    0.000000    0.000000   clock clk_i (rise edge)
                                  0.000000    0.000000   clock network delay (ideal)
                                  0.250000    0.250000   clock uncertainty
                                  0.000000    0.250000   clock reconvergence pessimism
                                              0.250000 ^ _364_/CLK (gf180mcu_fd_sc_mcu7t5v0__dffrnq_1)
                                  0.142201    0.392201   library hold time
                                              0.392201   data required time
---------------------------------------------------------------------------------------------
                                              0.392201   data required time
                                             -1.581279   data arrival time
---------------------------------------------------------------------------------------------
                                              1.189078   slack (MET)


Startpoint: _383_ (rising edge-triggered flip-flop clocked by clk_i)
Endpoint: _383_ (rising edge-triggered flip-flop clocked by clk_i)
Path Group: clk_i
Path Type: min

Fanout         Cap        Slew       Delay        Time   Description
---------------------------------------------------------------------------------------------
                      0.150000    0.000000    0.000000   clock clk_i (rise edge)
                                  0.000000    0.000000   clock network delay (ideal)
                      0.150000    0.000000    0.000000 ^ _383_/CLK (gf180mcu_fd_sc_mcu7t5v0__dffrnq_1)
     3    0.011889    0.178482    0.747302    0.747302 v _383_/Q (gf180mcu_fd_sc_mcu7t5v0__dffrnq_1)
                                                         baud_cnt[4] (net)
                      0.178482    0.000000    0.747302 v _187_/I (gf180mcu_fd_sc_mcu7t5v0__clkinv_1)
     4    0.024064    0.444414    0.302371    1.049672 ^ _187_/ZN (gf180mcu_fd_sc_mcu7t5v0__clkinv_1)
                                                         _045_ (net)
                      0.444414    0.000000    1.049672 ^ _269_/A1 (gf180mcu_fd_sc_mcu7t5v0__xor2_1)
     1    0.004243    0.275763    0.402941    1.452614 ^ _269_/Z (gf180mcu_fd_sc_mcu7t5v0__xor2_1)
                                                         _117_ (net)
                      0.275763    0.000000    1.452614 ^ _270_/A2 (gf180mcu_fd_sc_mcu7t5v0__nor2_1)
     1    0.003009    0.157488    0.132169    1.584783 v _270_/ZN (gf180mcu_fd_sc_mcu7t5v0__nor2_1)
                                                         _010_ (net)
                      0.157488    0.000000    1.584783 v _383_/D (gf180mcu_fd_sc_mcu7t5v0__dffrnq_1)
                                              1.584783   data arrival time

                      0.150000    0.000000    0.000000   clock clk_i (rise edge)
                                  0.000000    0.000000   clock network delay (ideal)
                                  0.250000    0.250000   clock uncertainty
                                  0.000000    0.250000   clock reconvergence pessimism
                                              0.250000 ^ _383_/CLK (gf180mcu_fd_sc_mcu7t5v0__dffrnq_1)
                                  0.133512    0.383512   library hold time
                                              0.383512   data required time
---------------------------------------------------------------------------------------------
                                              0.383512   data required time
                                             -1.584783   data arrival time
---------------------------------------------------------------------------------------------
                                              1.201271   slack (MET)


Startpoint: _398_ (rising edge-triggered flip-flop clocked by clk_i)
Endpoint: _372_ (rising edge-triggered flip-flop clocked by clk_i)
Path Group: clk_i
Path Type: min

Fanout         Cap        Slew       Delay        Time   Description
---------------------------------------------------------------------------------------------
                      0.150000    0.000000    0.000000   clock clk_i (rise edge)
                                  0.000000    0.000000   clock network delay (ideal)
                      0.150000    0.000000    0.000000 ^ _398_/CLK (gf180mcu_fd_sc_mcu7t5v0__dffsnq_1)
     5    0.022317    0.284326    0.895024    0.895024 v _398_/Q (gf180mcu_fd_sc_mcu7t5v0__dffsnq_1)
                                                         reg_rx_sync[2] (net)
                      0.284326    0.000000    0.895024 v _340_/A1 (gf180mcu_fd_sc_mcu7t5v0__nand2_1)
     1    0.004243    0.170737    0.165308    1.060333 ^ _340_/ZN (gf180mcu_fd_sc_mcu7t5v0__nand2_1)
                                                         _164_ (net)
                      0.170737    0.000000    1.060333 ^ _341_/A2 (gf180mcu_fd_sc_mcu7t5v0__nor2_1)
     1    0.004011    0.142302    0.127406    1.187739 v _341_/ZN (gf180mcu_fd_sc_mcu7t5v0__nor2_1)
                                                         _165_ (net)
                      0.142302    0.000000    1.187739 v _342_/B (gf180mcu_fd_sc_mcu7t5v0__aoi21_1)
     1    0.004823    0.244642    0.194640    1.382378 ^ _342_/ZN (gf180mcu_fd_sc_mcu7t5v0__aoi21_1)
                                                         _166_ (net)
                      0.244642    0.000000    1.382378 ^ _344_/A2 (gf180mcu_fd_sc_mcu7t5v0__oai21_1)
     1    0.002636    0.135773    0.131186    1.513564 v _344_/ZN (gf180mcu_fd_sc_mcu7t5v0__oai21_1)
                                                         _031_ (net)
                      0.135773    0.000000    1.513564 v _372_/D (gf180mcu_fd_sc_mcu7t5v0__dffsnq_1)
                                              1.513564   data arrival time

                      0.150000    0.000000    0.000000   clock clk_i (rise edge)
                                  0.000000    0.000000   clock network delay (ideal)
                                  0.250000    0.250000   clock uncertainty
                                  0.000000    0.250000   clock reconvergence pessimism
                                              0.250000 ^ _372_/CLK (gf180mcu_fd_sc_mcu7t5v0__dffsnq_1)
                                  0.035097    0.285097   library hold time
                                              0.285097   data required time
---------------------------------------------------------------------------------------------
                                              0.285097   data required time
                                             -1.513564   data arrival time
---------------------------------------------------------------------------------------------
                                              1.228467   slack (MET)


Startpoint: _398_ (rising edge-triggered flip-flop clocked by clk_i)
Endpoint: _371_ (rising edge-triggered flip-flop clocked by clk_i)
Path Group: clk_i
Path Type: min

Fanout         Cap        Slew       Delay        Time   Description
---------------------------------------------------------------------------------------------
                      0.150000    0.000000    0.000000   clock clk_i (rise edge)
                                  0.000000    0.000000   clock network delay (ideal)
                      0.150000    0.000000    0.000000 ^ _398_/CLK (gf180mcu_fd_sc_mcu7t5v0__dffsnq_1)
     5    0.022317    0.284326    0.895024    0.895024 v _398_/Q (gf180mcu_fd_sc_mcu7t5v0__dffsnq_1)
                                                         reg_rx_sync[2] (net)
                      0.284326    0.000000    0.895024 v _182_/I (gf180mcu_fd_sc_mcu7t5v0__clkinv_1)
     3    0.016657    0.331515    0.264362    1.159387 ^ _182_/ZN (gf180mcu_fd_sc_mcu7t5v0__clkinv_1)
                                                         _040_ (net)
                      0.331515    0.000000    1.159387 ^ _338_/A1 (gf180mcu_fd_sc_mcu7t5v0__oai31_1)
     1    0.004728    0.183899    0.154190    1.313577 v _338_/ZN (gf180mcu_fd_sc_mcu7t5v0__oai31_1)
                                                         _163_ (net)
                      0.183899    0.000000    1.313577 v _339_/I0 (gf180mcu_fd_sc_mcu7t5v0__mux2_2)
     1    0.002636    0.105073    0.347501    1.661078 v _339_/Z (gf180mcu_fd_sc_mcu7t5v0__mux2_2)
                                                         _030_ (net)
                      0.105073    0.000000    1.661078 v _371_/D (gf180mcu_fd_sc_mcu7t5v0__dffsnq_1)
                                              1.661078   data arrival time

                      0.150000    0.000000    0.000000   clock clk_i (rise edge)
                                  0.000000    0.000000   clock network delay (ideal)
                                  0.250000    0.250000   clock uncertainty
                                  0.000000    0.250000   clock reconvergence pessimism
                                              0.250000 ^ _371_/CLK (gf180mcu_fd_sc_mcu7t5v0__dffsnq_1)
                                  0.045189    0.295189   library hold time
                                              0.295189   data required time
---------------------------------------------------------------------------------------------
                                              0.295189   data required time
                                             -1.661078   data arrival time
---------------------------------------------------------------------------------------------
                                              1.365889   slack (MET)


Startpoint: _367_ (rising edge-triggered flip-flop clocked by clk_i)
Endpoint: _367_ (rising edge-triggered flip-flop clocked by clk_i)
Path Group: clk_i
Path Type: min

Fanout         Cap        Slew       Delay        Time   Description
---------------------------------------------------------------------------------------------
                      0.150000    0.000000    0.000000   clock clk_i (rise edge)
                                  0.000000    0.000000   clock network delay (ideal)
                      0.150000    0.000000    0.000000 ^ _367_/CLK (gf180mcu_fd_sc_mcu7t5v0__dffsnq_1)
     2    0.077643    0.803354    1.227438    1.227438 v _367_/Q (gf180mcu_fd_sc_mcu7t5v0__dffsnq_1)
                                                         rx_data_o[0] (net)
                      0.803354    0.000000    1.227438 v _333_/I1 (gf180mcu_fd_sc_mcu7t5v0__mux2_2)
     1    0.002636    0.105073    0.483266    1.710704 v _333_/Z (gf180mcu_fd_sc_mcu7t5v0__mux2_2)
                                                         _026_ (net)
                      0.105073    0.000000    1.710704 v _367_/D (gf180mcu_fd_sc_mcu7t5v0__dffsnq_1)
                                              1.710704   data arrival time

                      0.150000    0.000000    0.000000   clock clk_i (rise edge)
                                  0.000000    0.000000   clock network delay (ideal)
                                  0.250000    0.250000   clock uncertainty
                                  0.000000    0.250000   clock reconvergence pessimism
                                              0.250000 ^ _367_/CLK (gf180mcu_fd_sc_mcu7t5v0__dffsnq_1)
                                  0.045189    0.295189   library hold time
                                              0.295189   data required time
---------------------------------------------------------------------------------------------
                                              0.295189   data required time
                                             -1.710704   data arrival time
---------------------------------------------------------------------------------------------
                                              1.415514   slack (MET)


Startpoint: _369_ (rising edge-triggered flip-flop clocked by clk_i)
Endpoint: _368_ (rising edge-triggered flip-flop clocked by clk_i)
Path Group: clk_i
Path Type: min

Fanout         Cap        Slew       Delay        Time   Description
---------------------------------------------------------------------------------------------
                      0.150000    0.000000    0.000000   clock clk_i (rise edge)
                                  0.000000    0.000000   clock network delay (ideal)
                      0.150000    0.000000    0.000000 ^ _369_/CLK (gf180mcu_fd_sc_mcu7t5v0__dffsnq_1)
     3    0.082371    0.849381    1.255285    1.255285 v _369_/Q (gf180mcu_fd_sc_mcu7t5v0__dffsnq_1)
                                                         rx_data_o[2] (net)
                      0.849381    0.000000    1.255285 v _334_/I0 (gf180mcu_fd_sc_mcu7t5v0__mux2_2)
     1    0.002636    0.105073    0.492408    1.747693 v _334_/Z (gf180mcu_fd_sc_mcu7t5v0__mux2_2)
                                                         _027_ (net)
                      0.105073    0.000000    1.747693 v _368_/D (gf180mcu_fd_sc_mcu7t5v0__dffsnq_1)
                                              1.747693   data arrival time

                      0.150000    0.000000    0.000000   clock clk_i (rise edge)
                                  0.000000    0.000000   clock network delay (ideal)
                                  0.250000    0.250000   clock uncertainty
                                  0.000000    0.250000   clock reconvergence pessimism
                                              0.250000 ^ _368_/CLK (gf180mcu_fd_sc_mcu7t5v0__dffsnq_1)
                                  0.045189    0.295189   library hold time
                                              0.295189   data required time
---------------------------------------------------------------------------------------------
                                              0.295189   data required time
                                             -1.747693   data arrival time
---------------------------------------------------------------------------------------------
                                              1.452503   slack (MET)


Startpoint: _370_ (rising edge-triggered flip-flop clocked by clk_i)
Endpoint: _369_ (rising edge-triggered flip-flop clocked by clk_i)
Path Group: clk_i
Path Type: min

Fanout         Cap        Slew       Delay        Time   Description
---------------------------------------------------------------------------------------------
                      0.150000    0.000000    0.000000   clock clk_i (rise edge)
                                  0.000000    0.000000   clock network delay (ideal)
                      0.150000    0.000000    0.000000 ^ _370_/CLK (gf180mcu_fd_sc_mcu7t5v0__dffsnq_1)
     3    0.082371    0.849381    1.255285    1.255285 v _370_/Q (gf180mcu_fd_sc_mcu7t5v0__dffsnq_1)
                                                         rx_data_o[3] (net)
                      0.849381    0.000000    1.255285 v _335_/I0 (gf180mcu_fd_sc_mcu7t5v0__mux2_2)
     1    0.002636    0.105073    0.492408    1.747693 v _335_/Z (gf180mcu_fd_sc_mcu7t5v0__mux2_2)
                                                         _028_ (net)
                      0.105073    0.000000    1.747693 v _369_/D (gf180mcu_fd_sc_mcu7t5v0__dffsnq_1)
                                              1.747693   data arrival time

                      0.150000    0.000000    0.000000   clock clk_i (rise edge)
                                  0.000000    0.000000   clock network delay (ideal)
                                  0.250000    0.250000   clock uncertainty
                                  0.000000    0.250000   clock reconvergence pessimism
                                              0.250000 ^ _369_/CLK (gf180mcu_fd_sc_mcu7t5v0__dffsnq_1)
                                  0.045189    0.295189   library hold time
                                              0.295189   data required time
---------------------------------------------------------------------------------------------
                                              0.295189   data required time
                                             -1.747693   data arrival time
---------------------------------------------------------------------------------------------
                                              1.452503   slack (MET)


Startpoint: _371_ (rising edge-triggered flip-flop clocked by clk_i)
Endpoint: _370_ (rising edge-triggered flip-flop clocked by clk_i)
Path Group: clk_i
Path Type: min

Fanout         Cap        Slew       Delay        Time   Description
---------------------------------------------------------------------------------------------
                      0.150000    0.000000    0.000000   clock clk_i (rise edge)
                                  0.000000    0.000000   clock network delay (ideal)
                      0.150000    0.000000    0.000000 ^ _371_/CLK (gf180mcu_fd_sc_mcu7t5v0__dffsnq_1)
     3    0.082371    0.849381    1.255285    1.255285 v _371_/Q (gf180mcu_fd_sc_mcu7t5v0__dffsnq_1)
                                                         rx_data_o[4] (net)
                      0.849381    0.000000    1.255285 v _336_/I0 (gf180mcu_fd_sc_mcu7t5v0__mux2_2)
     1    0.002636    0.105073    0.492408    1.747693 v _336_/Z (gf180mcu_fd_sc_mcu7t5v0__mux2_2)
                                                         _029_ (net)
                      0.105073    0.000000    1.747693 v _370_/D (gf180mcu_fd_sc_mcu7t5v0__dffsnq_1)
                                              1.747693   data arrival time

                      0.150000    0.000000    0.000000   clock clk_i (rise edge)
                                  0.000000    0.000000   clock network delay (ideal)
                                  0.250000    0.250000   clock uncertainty
                                  0.000000    0.250000   clock reconvergence pessimism
                                              0.250000 ^ _370_/CLK (gf180mcu_fd_sc_mcu7t5v0__dffsnq_1)
                                  0.045189    0.295189   library hold time
                                              0.295189   data required time
---------------------------------------------------------------------------------------------
                                              0.295189   data required time
                                             -1.747693   data arrival time
---------------------------------------------------------------------------------------------
                                              1.452503   slack (MET)


Startpoint: rx_i (input port clocked by clk_i)
Endpoint: _396_ (rising edge-triggered flip-flop clocked by clk_i)
Path Group: clk_i
Path Type: min

Fanout         Cap        Slew       Delay        Time   Description
---------------------------------------------------------------------------------------------
                      0.150000    0.000000    0.000000   clock clk_i (rise edge)
                                  0.000000    0.000000   clock network delay (ideal)
                                  4.000000    4.000000 ^ input external delay
     1    0.002779    0.095422    0.028054    4.028054 ^ rx_i (in)
                                                         rx_i (net)
                      0.095422    0.000000    4.028054 ^ _306_/A2 (gf180mcu_fd_sc_mcu7t5v0__or2_1)
     1    0.002636    0.108840    0.217149    4.245202 ^ _306_/Z (gf180mcu_fd_sc_mcu7t5v0__or2_1)
                                                         _017_ (net)
                      0.108840    0.000000    4.245202 ^ _396_/D (gf180mcu_fd_sc_mcu7t5v0__dffsnq_1)
                                              4.245202   data arrival time

                      0.150000    0.000000    0.000000   clock clk_i (rise edge)
                                  0.000000    0.000000   clock network delay (ideal)
                                  0.250000    0.250000   clock uncertainty
                                  0.000000    0.250000   clock reconvergence pessimism
                                              0.250000 ^ _396_/CLK (gf180mcu_fd_sc_mcu7t5v0__dffsnq_1)
                                 -0.017795    0.232205   library hold time
                                              0.232205   data required time
---------------------------------------------------------------------------------------------
                                              0.232205   data required time
                                             -4.245202   data arrival time
---------------------------------------------------------------------------------------------
                                              4.012997   slack (MET)


Startpoint: _367_ (rising edge-triggered flip-flop clocked by clk_i)
Endpoint: rx_data_o[0] (output port clocked by clk_i)
Path Group: clk_i
Path Type: min

Fanout         Cap        Slew       Delay        Time   Description
---------------------------------------------------------------------------------------------
                      0.150000    0.000000    0.000000   clock clk_i (rise edge)
                                  0.000000    0.000000   clock network delay (ideal)
                      0.150000    0.000000    0.000000 ^ _367_/CLK (gf180mcu_fd_sc_mcu7t5v0__dffsnq_1)
     2    0.077643    0.803354    1.227438    1.227438 v _367_/Q (gf180mcu_fd_sc_mcu7t5v0__dffsnq_1)
                                                         rx_data_o[0] (net)
                      0.803354    0.000000    1.227438 v rx_data_o[0] (out)
                                              1.227438   data arrival time

                      0.150000    0.000000    0.000000   clock clk_i (rise edge)
                                  0.000000    0.000000   clock network delay (ideal)
                                  0.250000    0.250000   clock uncertainty
                                  0.000000    0.250000   clock reconvergence pessimism
                                 -4.000000   -3.750000   output external delay
                                             -3.750000   data required time
---------------------------------------------------------------------------------------------
                                             -3.750000   data required time
                                             -1.227438   data arrival time
---------------------------------------------------------------------------------------------
                                              4.977437   slack (MET)


Startpoint: _374_ (rising edge-triggered flip-flop clocked by clk_i)
Endpoint: rx_data_o[7] (output port clocked by clk_i)
Path Group: clk_i
Path Type: min

Fanout         Cap        Slew       Delay        Time   Description
---------------------------------------------------------------------------------------------
                      0.150000    0.000000    0.000000   clock clk_i (rise edge)
                                  0.000000    0.000000   clock network delay (ideal)
                      0.150000    0.000000    0.000000 ^ _374_/CLK (gf180mcu_fd_sc_mcu7t5v0__dffsnq_1)
     3    0.081932    0.845107    1.252699    1.252699 v _374_/Q (gf180mcu_fd_sc_mcu7t5v0__dffsnq_1)
                                                         rx_data_o[7] (net)
                      0.845107    0.000000    1.252699 v rx_data_o[7] (out)
                                              1.252699   data arrival time

                      0.150000    0.000000    0.000000   clock clk_i (rise edge)
                                  0.000000    0.000000   clock network delay (ideal)
                                  0.250000    0.250000   clock uncertainty
                                  0.000000    0.250000   clock reconvergence pessimism
                                 -4.000000   -3.750000   output external delay
                                             -3.750000   data required time
---------------------------------------------------------------------------------------------
                                             -3.750000   data required time
                                             -1.252699   data arrival time
---------------------------------------------------------------------------------------------
                                              5.002699   slack (MET)


Startpoint: _368_ (rising edge-triggered flip-flop clocked by clk_i)
Endpoint: rx_data_o[1] (output port clocked by clk_i)
Path Group: clk_i
Path Type: min

Fanout         Cap        Slew       Delay        Time   Description
---------------------------------------------------------------------------------------------
                      0.150000    0.000000    0.000000   clock clk_i (rise edge)
                                  0.000000    0.000000   clock network delay (ideal)
                      0.150000    0.000000    0.000000 ^ _368_/CLK (gf180mcu_fd_sc_mcu7t5v0__dffsnq_1)
     3    0.082371    0.849381    1.255285    1.255285 v _368_/Q (gf180mcu_fd_sc_mcu7t5v0__dffsnq_1)
                                                         rx_data_o[1] (net)
                      0.849381    0.000000    1.255285 v rx_data_o[1] (out)
                                              1.255285   data arrival time

                      0.150000    0.000000    0.000000   clock clk_i (rise edge)
                                  0.000000    0.000000   clock network delay (ideal)
                                  0.250000    0.250000   clock uncertainty
                                  0.000000    0.250000   clock reconvergence pessimism
                                 -4.000000   -3.750000   output external delay
                                             -3.750000   data required time
---------------------------------------------------------------------------------------------
                                             -3.750000   data required time
                                             -1.255285   data arrival time
---------------------------------------------------------------------------------------------
                                              5.005285   slack (MET)


Startpoint: _369_ (rising edge-triggered flip-flop clocked by clk_i)
Endpoint: rx_data_o[2] (output port clocked by clk_i)
Path Group: clk_i
Path Type: min

Fanout         Cap        Slew       Delay        Time   Description
---------------------------------------------------------------------------------------------
                      0.150000    0.000000    0.000000   clock clk_i (rise edge)
                                  0.000000    0.000000   clock network delay (ideal)
                      0.150000    0.000000    0.000000 ^ _369_/CLK (gf180mcu_fd_sc_mcu7t5v0__dffsnq_1)
     3    0.082371    0.849381    1.255285    1.255285 v _369_/Q (gf180mcu_fd_sc_mcu7t5v0__dffsnq_1)
                                                         rx_data_o[2] (net)
                      0.849381    0.000000    1.255285 v rx_data_o[2] (out)
                                              1.255285   data arrival time

                      0.150000    0.000000    0.000000   clock clk_i (rise edge)
                                  0.000000    0.000000   clock network delay (ideal)
                                  0.250000    0.250000   clock uncertainty
                                  0.000000    0.250000   clock reconvergence pessimism
                                 -4.000000   -3.750000   output external delay
                                             -3.750000   data required time
---------------------------------------------------------------------------------------------
                                             -3.750000   data required time
                                             -1.255285   data arrival time
---------------------------------------------------------------------------------------------
                                              5.005285   slack (MET)


Startpoint: _370_ (rising edge-triggered flip-flop clocked by clk_i)
Endpoint: rx_data_o[3] (output port clocked by clk_i)
Path Group: clk_i
Path Type: min

Fanout         Cap        Slew       Delay        Time   Description
---------------------------------------------------------------------------------------------
                      0.150000    0.000000    0.000000   clock clk_i (rise edge)
                                  0.000000    0.000000   clock network delay (ideal)
                      0.150000    0.000000    0.000000 ^ _370_/CLK (gf180mcu_fd_sc_mcu7t5v0__dffsnq_1)
     3    0.082371    0.849381    1.255285    1.255285 v _370_/Q (gf180mcu_fd_sc_mcu7t5v0__dffsnq_1)
                                                         rx_data_o[3] (net)
                      0.849381    0.000000    1.255285 v rx_data_o[3] (out)
                                              1.255285   data arrival time

                      0.150000    0.000000    0.000000   clock clk_i (rise edge)
                                  0.000000    0.000000   clock network delay (ideal)
                                  0.250000    0.250000   clock uncertainty
                                  0.000000    0.250000   clock reconvergence pessimism
                                 -4.000000   -3.750000   output external delay
                                             -3.750000   data required time
---------------------------------------------------------------------------------------------
                                             -3.750000   data required time
                                             -1.255285   data arrival time
---------------------------------------------------------------------------------------------
                                              5.005285   slack (MET)


Startpoint: _371_ (rising edge-triggered flip-flop clocked by clk_i)
Endpoint: rx_data_o[4] (output port clocked by clk_i)
Path Group: clk_i
Path Type: min

Fanout         Cap        Slew       Delay        Time   Description
---------------------------------------------------------------------------------------------
                      0.150000    0.000000    0.000000   clock clk_i (rise edge)
                                  0.000000    0.000000   clock network delay (ideal)
                      0.150000    0.000000    0.000000 ^ _371_/CLK (gf180mcu_fd_sc_mcu7t5v0__dffsnq_1)
     3    0.082371    0.849381    1.255285    1.255285 v _371_/Q (gf180mcu_fd_sc_mcu7t5v0__dffsnq_1)
                                                         rx_data_o[4] (net)
                      0.849381    0.000000    1.255285 v rx_data_o[4] (out)
                                              1.255285   data arrival time

                      0.150000    0.000000    0.000000   clock clk_i (rise edge)
                                  0.000000    0.000000   clock network delay (ideal)
                                  0.250000    0.250000   clock uncertainty
                                  0.000000    0.250000   clock reconvergence pessimism
                                 -4.000000   -3.750000   output external delay
                                             -3.750000   data required time
---------------------------------------------------------------------------------------------
                                             -3.750000   data required time
                                             -1.255285   data arrival time
---------------------------------------------------------------------------------------------
                                              5.005285   slack (MET)


Startpoint: _373_ (rising edge-triggered flip-flop clocked by clk_i)
Endpoint: rx_data_o[6] (output port clocked by clk_i)
Path Group: clk_i
Path Type: min

Fanout         Cap        Slew       Delay        Time   Description
---------------------------------------------------------------------------------------------
                      0.150000    0.000000    0.000000   clock clk_i (rise edge)
                                  0.000000    0.000000   clock network delay (ideal)
                      0.150000    0.000000    0.000000 ^ _373_/CLK (gf180mcu_fd_sc_mcu7t5v0__dffsnq_1)
     3    0.082486    0.850501    1.255962    1.255962 v _373_/Q (gf180mcu_fd_sc_mcu7t5v0__dffsnq_1)
                                                         rx_data_o[6] (net)
                      0.850501    0.000000    1.255962 v rx_data_o[6] (out)
                                              1.255962   data arrival time

                      0.150000    0.000000    0.000000   clock clk_i (rise edge)
                                  0.000000    0.000000   clock network delay (ideal)
                                  0.250000    0.250000   clock uncertainty
                                  0.000000    0.250000   clock reconvergence pessimism
                                 -4.000000   -3.750000   output external delay
                                             -3.750000   data required time
---------------------------------------------------------------------------------------------
                                             -3.750000   data required time
                                             -1.255962   data arrival time
---------------------------------------------------------------------------------------------
                                              5.005962   slack (MET)


Startpoint: _372_ (rising edge-triggered flip-flop clocked by clk_i)
Endpoint: rx_data_o[5] (output port clocked by clk_i)
Path Group: clk_i
Path Type: min

Fanout         Cap        Slew       Delay        Time   Description
---------------------------------------------------------------------------------------------
                      0.150000    0.000000    0.000000   clock clk_i (rise edge)
                                  0.000000    0.000000   clock network delay (ideal)
                      0.150000    0.000000    0.000000 ^ _372_/CLK (gf180mcu_fd_sc_mcu7t5v0__dffsnq_1)
     3    0.082497    0.850608    1.256027    1.256027 v _372_/Q (gf180mcu_fd_sc_mcu7t5v0__dffsnq_1)
                                                         rx_data_o[5] (net)
                      0.850608    0.000000    1.256027 v rx_data_o[5] (out)
                                              1.256027   data arrival time

                      0.150000    0.000000    0.000000   clock clk_i (rise edge)
                                  0.000000    0.000000   clock network delay (ideal)
                                  0.250000    0.250000   clock uncertainty
                                  0.000000    0.250000   clock reconvergence pessimism
                                 -4.000000   -3.750000   output external delay
                                             -3.750000   data required time
---------------------------------------------------------------------------------------------
                                             -3.750000   data required time
                                             -1.256027   data arrival time
---------------------------------------------------------------------------------------------
                                              5.006027   slack (MET)


Startpoint: _363_ (rising edge-triggered flip-flop clocked by clk_i)
Endpoint: err_parity_o (output port clocked by clk_i)
Path Group: clk_i
Path Type: min

Fanout         Cap        Slew       Delay        Time   Description
---------------------------------------------------------------------------------------------
                      0.150000    0.000000    0.000000   clock clk_i (rise edge)
                                  0.000000    0.000000   clock network delay (ideal)
                      0.150000    0.000000    0.000000 ^ _363_/CLK (gf180mcu_fd_sc_mcu7t5v0__dffrnq_1)
     4    0.017897    0.231090    0.787811    0.787811 v _363_/Q (gf180mcu_fd_sc_mcu7t5v0__dffrnq_1)
                                                         r_error_parity (net)
                      0.231090    0.000000    0.787811 v _196_/I (gf180mcu_fd_sc_mcu7t5v0__clkinv_1)
     1    0.004482    0.148287    0.130338    0.918149 ^ _196_/ZN (gf180mcu_fd_sc_mcu7t5v0__clkinv_1)
                                                         _054_ (net)
                      0.148287    0.000000    0.918149 ^ _258_/A1 (gf180mcu_fd_sc_mcu7t5v0__nor2_1)
     1    0.072910    1.049250    0.676029    1.594178 v _258_/ZN (gf180mcu_fd_sc_mcu7t5v0__nor2_1)
                                                         err_parity_o (net)
                      1.049250    0.000000    1.594178 v err_parity_o (out)
                                              1.594178   data arrival time

                      0.150000    0.000000    0.000000   clock clk_i (rise edge)
                                  0.000000    0.000000   clock network delay (ideal)
                                  0.250000    0.250000   clock uncertainty
                                  0.000000    0.250000   clock reconvergence pessimism
                                 -4.000000   -3.750000   output external delay
                                             -3.750000   data required time
---------------------------------------------------------------------------------------------
                                             -3.750000   data required time
                                             -1.594178   data arrival time
---------------------------------------------------------------------------------------------
                                              5.344178   slack (MET)


Startpoint: _363_ (rising edge-triggered flip-flop clocked by clk_i)
Endpoint: rx_valid_o (output port clocked by clk_i)
Path Group: clk_i
Path Type: min

Fanout         Cap        Slew       Delay        Time   Description
---------------------------------------------------------------------------------------------
                      0.150000    0.000000    0.000000   clock clk_i (rise edge)
                                  0.000000    0.000000   clock network delay (ideal)
                      0.150000    0.000000    0.000000 ^ _363_/CLK (gf180mcu_fd_sc_mcu7t5v0__dffrnq_1)
     4    0.017897    0.376050    1.019769    1.019769 ^ _363_/Q (gf180mcu_fd_sc_mcu7t5v0__dffrnq_1)
                                                         r_error_parity (net)
                      0.376050    0.000000    1.019769 ^ _255_/A1 (gf180mcu_fd_sc_mcu7t5v0__nor2_1)
     2    0.075699    1.087957    0.744590    1.764359 v _255_/ZN (gf180mcu_fd_sc_mcu7t5v0__nor2_1)
                                                         rx_valid_o (net)
                      1.087957    0.000000    1.764359 v rx_valid_o (out)
                                              1.764359   data arrival time

                      0.150000    0.000000    0.000000   clock clk_i (rise edge)
                                  0.000000    0.000000   clock network delay (ideal)
                                  0.250000    0.250000   clock uncertainty
                                  0.000000    0.250000   clock reconvergence pessimism
                                 -4.000000   -3.750000   output external delay
                                             -3.750000   data required time
---------------------------------------------------------------------------------------------
                                             -3.750000   data required time
                                             -1.764359   data arrival time
---------------------------------------------------------------------------------------------
                                              5.514359   slack (MET)


Startpoint: rstn_i (input port clocked by clk_i)
Endpoint: _363_ (removal check against rising-edge clock clk_i)
Path Group: asynchronous
Path Type: min

Fanout         Cap        Slew       Delay        Time   Description
---------------------------------------------------------------------------------------------
                      0.150000    0.000000    0.000000   clock clk_i (rise edge)
                                  0.000000    0.000000   clock network delay (ideal)
                                  4.000000    4.000000 ^ input external delay
    36    0.253310    4.233507    2.362702    6.362702 ^ rstn_i (in)
                                                         rstn_i (net)
                      4.233507    0.000000    6.362702 ^ _363_/RN (gf180mcu_fd_sc_mcu7t5v0__dffrnq_1)
                                              6.362702   data arrival time

                      0.150000    0.000000    0.000000   clock clk_i (rise edge)
                                  0.000000    0.000000   clock network delay (ideal)
                                  0.250000    0.250000   clock uncertainty
                                  0.000000    0.250000   clock reconvergence pessimism
                                              0.250000 ^ _363_/CLK (gf180mcu_fd_sc_mcu7t5v0__dffrnq_1)
                                  0.519218    0.769218   library removal time
                                              0.769218   data required time
---------------------------------------------------------------------------------------------
                                              0.769218   data required time
                                             -6.362702   data arrival time
---------------------------------------------------------------------------------------------
                                              5.593484   slack (MET)


Startpoint: rstn_i (input port clocked by clk_i)
Endpoint: _364_ (removal check against rising-edge clock clk_i)
Path Group: asynchronous
Path Type: min

Fanout         Cap        Slew       Delay        Time   Description
---------------------------------------------------------------------------------------------
                      0.150000    0.000000    0.000000   clock clk_i (rise edge)
                                  0.000000    0.000000   clock network delay (ideal)
                                  4.000000    4.000000 ^ input external delay
    36    0.253310    4.233507    2.362702    6.362702 ^ rstn_i (in)
                                                         rstn_i (net)
                      4.233507    0.000000    6.362702 ^ _364_/RN (gf180mcu_fd_sc_mcu7t5v0__dffrnq_1)
                                              6.362702   data arrival time

                      0.150000    0.000000    0.000000   clock clk_i (rise edge)
                                  0.000000    0.000000   clock network delay (ideal)
                                  0.250000    0.250000   clock uncertainty
                                  0.000000    0.250000   clock reconvergence pessimism
                                              0.250000 ^ _364_/CLK (gf180mcu_fd_sc_mcu7t5v0__dffrnq_1)
                                  0.519218    0.769218   library removal time
                                              0.769218   data required time
---------------------------------------------------------------------------------------------
                                              0.769218   data required time
                                             -6.362702   data arrival time
---------------------------------------------------------------------------------------------
                                              5.593484   slack (MET)


Startpoint: rstn_i (input port clocked by clk_i)
Endpoint: _365_ (removal check against rising-edge clock clk_i)
Path Group: asynchronous
Path Type: min

Fanout         Cap        Slew       Delay        Time   Description
---------------------------------------------------------------------------------------------
                      0.150000    0.000000    0.000000   clock clk_i (rise edge)
                                  0.000000    0.000000   clock network delay (ideal)
                                  4.000000    4.000000 ^ input external delay
    36    0.253310    4.233507    2.362702    6.362702 ^ rstn_i (in)
                                                         rstn_i (net)
                      4.233507    0.000000    6.362702 ^ _365_/RN (gf180mcu_fd_sc_mcu7t5v0__dffrnq_1)
                                              6.362702   data arrival time

                      0.150000    0.000000    0.000000   clock clk_i (rise edge)
                                  0.000000    0.000000   clock network delay (ideal)
                                  0.250000    0.250000   clock uncertainty
                                  0.000000    0.250000   clock reconvergence pessimism
                                              0.250000 ^ _365_/CLK (gf180mcu_fd_sc_mcu7t5v0__dffrnq_1)
                                  0.519218    0.769218   library removal time
                                              0.769218   data required time
---------------------------------------------------------------------------------------------
                                              0.769218   data required time
                                             -6.362702   data arrival time
---------------------------------------------------------------------------------------------
                                              5.593484   slack (MET)


Startpoint: rstn_i (input port clocked by clk_i)
Endpoint: _366_ (removal check against rising-edge clock clk_i)
Path Group: asynchronous
Path Type: min

Fanout         Cap        Slew       Delay        Time   Description
---------------------------------------------------------------------------------------------
                      0.150000    0.000000    0.000000   clock clk_i (rise edge)
                                  0.000000    0.000000   clock network delay (ideal)
                                  4.000000    4.000000 ^ input external delay
    36    0.253310    4.233507    2.362702    6.362702 ^ rstn_i (in)
                                                         rstn_i (net)
                      4.233507    0.000000    6.362702 ^ _366_/RN (gf180mcu_fd_sc_mcu7t5v0__dffrnq_1)
                                              6.362702   data arrival time

                      0.150000    0.000000    0.000000   clock clk_i (rise edge)
                                  0.000000    0.000000   clock network delay (ideal)
                                  0.250000    0.250000   clock uncertainty
                                  0.000000    0.250000   clock reconvergence pessimism
                                              0.250000 ^ _366_/CLK (gf180mcu_fd_sc_mcu7t5v0__dffrnq_1)
                                  0.519218    0.769218   library removal time
                                              0.769218   data required time
---------------------------------------------------------------------------------------------
                                              0.769218   data required time
                                             -6.362702   data arrival time
---------------------------------------------------------------------------------------------
                                              5.593484   slack (MET)


Startpoint: rstn_i (input port clocked by clk_i)
Endpoint: _375_ (removal check against rising-edge clock clk_i)
Path Group: asynchronous
Path Type: min

Fanout         Cap        Slew       Delay        Time   Description
---------------------------------------------------------------------------------------------
                      0.150000    0.000000    0.000000   clock clk_i (rise edge)
                                  0.000000    0.000000   clock network delay (ideal)
                                  4.000000    4.000000 ^ input external delay
    36    0.253310    4.233507    2.362702    6.362702 ^ rstn_i (in)
                                                         rstn_i (net)
                      4.233507    0.000000    6.362702 ^ _375_/RN (gf180mcu_fd_sc_mcu7t5v0__dffrnq_1)
                                              6.362702   data arrival time

                      0.150000    0.000000    0.000000   clock clk_i (rise edge)
                                  0.000000    0.000000   clock network delay (ideal)
                                  0.250000    0.250000   clock uncertainty
                                  0.000000    0.250000   clock reconvergence pessimism
                                              0.250000 ^ _375_/CLK (gf180mcu_fd_sc_mcu7t5v0__dffrnq_1)
                                  0.519218    0.769218   library removal time
                                              0.769218   data required time
---------------------------------------------------------------------------------------------
                                              0.769218   data required time
                                             -6.362702   data arrival time
---------------------------------------------------------------------------------------------
                                              5.593484   slack (MET)


Startpoint: rstn_i (input port clocked by clk_i)
Endpoint: _376_ (removal check against rising-edge clock clk_i)
Path Group: asynchronous
Path Type: min

Fanout         Cap        Slew       Delay        Time   Description
---------------------------------------------------------------------------------------------
                      0.150000    0.000000    0.000000   clock clk_i (rise edge)
                                  0.000000    0.000000   clock network delay (ideal)
                                  4.000000    4.000000 ^ input external delay
    36    0.253310    4.233507    2.362702    6.362702 ^ rstn_i (in)
                                                         rstn_i (net)
                      4.233507    0.000000    6.362702 ^ _376_/RN (gf180mcu_fd_sc_mcu7t5v0__dffrnq_1)
                                              6.362702   data arrival time

                      0.150000    0.000000    0.000000   clock clk_i (rise edge)
                                  0.000000    0.000000   clock network delay (ideal)
                                  0.250000    0.250000   clock uncertainty
                                  0.000000    0.250000   clock reconvergence pessimism
                                              0.250000 ^ _376_/CLK (gf180mcu_fd_sc_mcu7t5v0__dffrnq_1)
                                  0.519218    0.769218   library removal time
                                              0.769218   data required time
---------------------------------------------------------------------------------------------
                                              0.769218   data required time
                                             -6.362702   data arrival time
---------------------------------------------------------------------------------------------
                                              5.593484   slack (MET)


Startpoint: rstn_i (input port clocked by clk_i)
Endpoint: _377_ (removal check against rising-edge clock clk_i)
Path Group: asynchronous
Path Type: min

Fanout         Cap        Slew       Delay        Time   Description
---------------------------------------------------------------------------------------------
                      0.150000    0.000000    0.000000   clock clk_i (rise edge)
                                  0.000000    0.000000   clock network delay (ideal)
                                  4.000000    4.000000 ^ input external delay
    36    0.253310    4.233507    2.362702    6.362702 ^ rstn_i (in)
                                                         rstn_i (net)
                      4.233507    0.000000    6.362702 ^ _377_/RN (gf180mcu_fd_sc_mcu7t5v0__dffrnq_1)
                                              6.362702   data arrival time

                      0.150000    0.000000    0.000000   clock clk_i (rise edge)
                                  0.000000    0.000000   clock network delay (ideal)
                                  0.250000    0.250000   clock uncertainty
                                  0.000000    0.250000   clock reconvergence pessimism
                                              0.250000 ^ _377_/CLK (gf180mcu_fd_sc_mcu7t5v0__dffrnq_1)
                                  0.519218    0.769218   library removal time
                                              0.769218   data required time
---------------------------------------------------------------------------------------------
                                              0.769218   data required time
                                             -6.362702   data arrival time
---------------------------------------------------------------------------------------------
                                              5.593484   slack (MET)


Startpoint: rstn_i (input port clocked by clk_i)
Endpoint: _378_ (removal check against rising-edge clock clk_i)
Path Group: asynchronous
Path Type: min

Fanout         Cap        Slew       Delay        Time   Description
---------------------------------------------------------------------------------------------
                      0.150000    0.000000    0.000000   clock clk_i (rise edge)
                                  0.000000    0.000000   clock network delay (ideal)
                                  4.000000    4.000000 ^ input external delay
    36    0.253310    4.233507    2.362702    6.362702 ^ rstn_i (in)
                                                         rstn_i (net)
                      4.233507    0.000000    6.362702 ^ _378_/RN (gf180mcu_fd_sc_mcu7t5v0__dffrnq_1)
                                              6.362702   data arrival time

                      0.150000    0.000000    0.000000   clock clk_i (rise edge)
                                  0.000000    0.000000   clock network delay (ideal)
                                  0.250000    0.250000   clock uncertainty
                                  0.000000    0.250000   clock reconvergence pessimism
                                              0.250000 ^ _378_/CLK (gf180mcu_fd_sc_mcu7t5v0__dffrnq_1)
                                  0.519218    0.769218   library removal time
                                              0.769218   data required time
---------------------------------------------------------------------------------------------
                                              0.769218   data required time
                                             -6.362702   data arrival time
---------------------------------------------------------------------------------------------
                                              5.593484   slack (MET)


Startpoint: rstn_i (input port clocked by clk_i)
Endpoint: _379_ (removal check against rising-edge clock clk_i)
Path Group: asynchronous
Path Type: min

Fanout         Cap        Slew       Delay        Time   Description
---------------------------------------------------------------------------------------------
                      0.150000    0.000000    0.000000   clock clk_i (rise edge)
                                  0.000000    0.000000   clock network delay (ideal)
                                  4.000000    4.000000 ^ input external delay
    36    0.253310    4.233507    2.362702    6.362702 ^ rstn_i (in)
                                                         rstn_i (net)
                      4.233507    0.000000    6.362702 ^ _379_/RN (gf180mcu_fd_sc_mcu7t5v0__dffrnq_1)
                                              6.362702   data arrival time

                      0.150000    0.000000    0.000000   clock clk_i (rise edge)
                                  0.000000    0.000000   clock network delay (ideal)
                                  0.250000    0.250000   clock uncertainty
                                  0.000000    0.250000   clock reconvergence pessimism
                                              0.250000 ^ _379_/CLK (gf180mcu_fd_sc_mcu7t5v0__dffrnq_1)
                                  0.519218    0.769218   library removal time
                                              0.769218   data required time
---------------------------------------------------------------------------------------------
                                              0.769218   data required time
                                             -6.362702   data arrival time
---------------------------------------------------------------------------------------------
                                              5.593484   slack (MET)


Startpoint: rstn_i (input port clocked by clk_i)
Endpoint: _380_ (removal check against rising-edge clock clk_i)
Path Group: asynchronous
Path Type: min

Fanout         Cap        Slew       Delay        Time   Description
---------------------------------------------------------------------------------------------
                      0.150000    0.000000    0.000000   clock clk_i (rise edge)
                                  0.000000    0.000000   clock network delay (ideal)
                                  4.000000    4.000000 ^ input external delay
    36    0.253310    4.233507    2.362702    6.362702 ^ rstn_i (in)
                                                         rstn_i (net)
                      4.233507    0.000000    6.362702 ^ _380_/RN (gf180mcu_fd_sc_mcu7t5v0__dffrnq_1)
                                              6.362702   data arrival time

                      0.150000    0.000000    0.000000   clock clk_i (rise edge)
                                  0.000000    0.000000   clock network delay (ideal)
                                  0.250000    0.250000   clock uncertainty
                                  0.000000    0.250000   clock reconvergence pessimism
                                              0.250000 ^ _380_/CLK (gf180mcu_fd_sc_mcu7t5v0__dffrnq_1)
                                  0.519218    0.769218   library removal time
                                              0.769218   data required time
---------------------------------------------------------------------------------------------
                                              0.769218   data required time
                                             -6.362702   data arrival time
---------------------------------------------------------------------------------------------
                                              5.593484   slack (MET)


Startpoint: rstn_i (input port clocked by clk_i)
Endpoint: _381_ (removal check against rising-edge clock clk_i)
Path Group: asynchronous
Path Type: min

Fanout         Cap        Slew       Delay        Time   Description
---------------------------------------------------------------------------------------------
                      0.150000    0.000000    0.000000   clock clk_i (rise edge)
                                  0.000000    0.000000   clock network delay (ideal)
                                  4.000000    4.000000 ^ input external delay
    36    0.253310    4.233507    2.362702    6.362702 ^ rstn_i (in)
                                                         rstn_i (net)
                      4.233507    0.000000    6.362702 ^ _381_/RN (gf180mcu_fd_sc_mcu7t5v0__dffrnq_1)
                                              6.362702   data arrival time

                      0.150000    0.000000    0.000000   clock clk_i (rise edge)
                                  0.000000    0.000000   clock network delay (ideal)
                                  0.250000    0.250000   clock uncertainty
                                  0.000000    0.250000   clock reconvergence pessimism
                                              0.250000 ^ _381_/CLK (gf180mcu_fd_sc_mcu7t5v0__dffrnq_1)
                                  0.519218    0.769218   library removal time
                                              0.769218   data required time
---------------------------------------------------------------------------------------------
                                              0.769218   data required time
                                             -6.362702   data arrival time
---------------------------------------------------------------------------------------------
                                              5.593484   slack (MET)


Startpoint: rstn_i (input port clocked by clk_i)
Endpoint: _382_ (removal check against rising-edge clock clk_i)
Path Group: asynchronous
Path Type: min

Fanout         Cap        Slew       Delay        Time   Description
---------------------------------------------------------------------------------------------
                      0.150000    0.000000    0.000000   clock clk_i (rise edge)
                                  0.000000    0.000000   clock network delay (ideal)
                                  4.000000    4.000000 ^ input external delay
    36    0.253310    4.233507    2.362702    6.362702 ^ rstn_i (in)
                                                         rstn_i (net)
                      4.233507    0.000000    6.362702 ^ _382_/RN (gf180mcu_fd_sc_mcu7t5v0__dffrnq_1)
                                              6.362702   data arrival time

                      0.150000    0.000000    0.000000   clock clk_i (rise edge)
                                  0.000000    0.000000   clock network delay (ideal)
                                  0.250000    0.250000   clock uncertainty
                                  0.000000    0.250000   clock reconvergence pessimism
                                              0.250000 ^ _382_/CLK (gf180mcu_fd_sc_mcu7t5v0__dffrnq_1)
                                  0.519218    0.769218   library removal time
                                              0.769218   data required time
---------------------------------------------------------------------------------------------
                                              0.769218   data required time
                                             -6.362702   data arrival time
---------------------------------------------------------------------------------------------
                                              5.593484   slack (MET)


Startpoint: rstn_i (input port clocked by clk_i)
Endpoint: _383_ (removal check against rising-edge clock clk_i)
Path Group: asynchronous
Path Type: min

Fanout         Cap        Slew       Delay        Time   Description
---------------------------------------------------------------------------------------------
                      0.150000    0.000000    0.000000   clock clk_i (rise edge)
                                  0.000000    0.000000   clock network delay (ideal)
                                  4.000000    4.000000 ^ input external delay
    36    0.253310    4.233507    2.362702    6.362702 ^ rstn_i (in)
                                                         rstn_i (net)
                      4.233507    0.000000    6.362702 ^ _383_/RN (gf180mcu_fd_sc_mcu7t5v0__dffrnq_1)
                                              6.362702   data arrival time

                      0.150000    0.000000    0.000000   clock clk_i (rise edge)
                                  0.000000    0.000000   clock network delay (ideal)
                                  0.250000    0.250000   clock uncertainty
                                  0.000000    0.250000   clock reconvergence pessimism
                                              0.250000 ^ _383_/CLK (gf180mcu_fd_sc_mcu7t5v0__dffrnq_1)
                                  0.519218    0.769218   library removal time
                                              0.769218   data required time
---------------------------------------------------------------------------------------------
                                              0.769218   data required time
                                             -6.362702   data arrival time
---------------------------------------------------------------------------------------------
                                              5.593484   slack (MET)


Startpoint: rstn_i (input port clocked by clk_i)
Endpoint: _384_ (removal check against rising-edge clock clk_i)
Path Group: asynchronous
Path Type: min

Fanout         Cap        Slew       Delay        Time   Description
---------------------------------------------------------------------------------------------
                      0.150000    0.000000    0.000000   clock clk_i (rise edge)
                                  0.000000    0.000000   clock network delay (ideal)
                                  4.000000    4.000000 ^ input external delay
    36    0.253310    4.233507    2.362702    6.362702 ^ rstn_i (in)
                                                         rstn_i (net)
                      4.233507    0.000000    6.362702 ^ _384_/RN (gf180mcu_fd_sc_mcu7t5v0__dffrnq_1)
                                              6.362702   data arrival time

                      0.150000    0.000000    0.000000   clock clk_i (rise edge)
                                  0.000000    0.000000   clock network delay (ideal)
                                  0.250000    0.250000   clock uncertainty
                                  0.000000    0.250000   clock reconvergence pessimism
                                              0.250000 ^ _384_/CLK (gf180mcu_fd_sc_mcu7t5v0__dffrnq_1)
                                  0.519218    0.769218   library removal time
                                              0.769218   data required time
---------------------------------------------------------------------------------------------
                                              0.769218   data required time
                                             -6.362702   data arrival time
---------------------------------------------------------------------------------------------
                                              5.593484   slack (MET)


Startpoint: rstn_i (input port clocked by clk_i)
Endpoint: _385_ (removal check against rising-edge clock clk_i)
Path Group: asynchronous
Path Type: min

Fanout         Cap        Slew       Delay        Time   Description
---------------------------------------------------------------------------------------------
                      0.150000    0.000000    0.000000   clock clk_i (rise edge)
                                  0.000000    0.000000   clock network delay (ideal)
                                  4.000000    4.000000 ^ input external delay
    36    0.253310    4.233507    2.362702    6.362702 ^ rstn_i (in)
                                                         rstn_i (net)
                      4.233507    0.000000    6.362702 ^ _385_/RN (gf180mcu_fd_sc_mcu7t5v0__dffrnq_1)
                                              6.362702   data arrival time

                      0.150000    0.000000    0.000000   clock clk_i (rise edge)
                                  0.000000    0.000000   clock network delay (ideal)
                                  0.250000    0.250000   clock uncertainty
                                  0.000000    0.250000   clock reconvergence pessimism
                                              0.250000 ^ _385_/CLK (gf180mcu_fd_sc_mcu7t5v0__dffrnq_1)
                                  0.519218    0.769218   library removal time
                                              0.769218   data required time
---------------------------------------------------------------------------------------------
                                              0.769218   data required time
                                             -6.362702   data arrival time
---------------------------------------------------------------------------------------------
                                              5.593484   slack (MET)


Startpoint: rstn_i (input port clocked by clk_i)
Endpoint: _386_ (removal check against rising-edge clock clk_i)
Path Group: asynchronous
Path Type: min

Fanout         Cap        Slew       Delay        Time   Description
---------------------------------------------------------------------------------------------
                      0.150000    0.000000    0.000000   clock clk_i (rise edge)
                                  0.000000    0.000000   clock network delay (ideal)
                                  4.000000    4.000000 ^ input external delay
    36    0.253310    4.233507    2.362702    6.362702 ^ rstn_i (in)
                                                         rstn_i (net)
                      4.233507    0.000000    6.362702 ^ _386_/RN (gf180mcu_fd_sc_mcu7t5v0__dffrnq_1)
                                              6.362702   data arrival time

                      0.150000    0.000000    0.000000   clock clk_i (rise edge)
                                  0.000000    0.000000   clock network delay (ideal)
                                  0.250000    0.250000   clock uncertainty
                                  0.000000    0.250000   clock reconvergence pessimism
                                              0.250000 ^ _386_/CLK (gf180mcu_fd_sc_mcu7t5v0__dffrnq_1)
                                  0.519218    0.769218   library removal time
                                              0.769218   data required time
---------------------------------------------------------------------------------------------
                                              0.769218   data required time
                                             -6.362702   data arrival time
---------------------------------------------------------------------------------------------
                                              5.593484   slack (MET)


Startpoint: rstn_i (input port clocked by clk_i)
Endpoint: _387_ (removal check against rising-edge clock clk_i)
Path Group: asynchronous
Path Type: min

Fanout         Cap        Slew       Delay        Time   Description
---------------------------------------------------------------------------------------------
                      0.150000    0.000000    0.000000   clock clk_i (rise edge)
                                  0.000000    0.000000   clock network delay (ideal)
                                  4.000000    4.000000 ^ input external delay
    36    0.253310    4.233507    2.362702    6.362702 ^ rstn_i (in)
                                                         rstn_i (net)
                      4.233507    0.000000    6.362702 ^ _387_/RN (gf180mcu_fd_sc_mcu7t5v0__dffrnq_1)
                                              6.362702   data arrival time

                      0.150000    0.000000    0.000000   clock clk_i (rise edge)
                                  0.000000    0.000000   clock network delay (ideal)
                                  0.250000    0.250000   clock uncertainty
                                  0.000000    0.250000   clock reconvergence pessimism
                                              0.250000 ^ _387_/CLK (gf180mcu_fd_sc_mcu7t5v0__dffrnq_1)
                                  0.519218    0.769218   library removal time
                                              0.769218   data required time
---------------------------------------------------------------------------------------------
                                              0.769218   data required time
                                             -6.362702   data arrival time
---------------------------------------------------------------------------------------------
                                              5.593484   slack (MET)


Startpoint: rstn_i (input port clocked by clk_i)
Endpoint: _388_ (removal check against rising-edge clock clk_i)
Path Group: asynchronous
Path Type: min

Fanout         Cap        Slew       Delay        Time   Description
---------------------------------------------------------------------------------------------
                      0.150000    0.000000    0.000000   clock clk_i (rise edge)
                                  0.000000    0.000000   clock network delay (ideal)
                                  4.000000    4.000000 ^ input external delay
    36    0.253310    4.233507    2.362702    6.362702 ^ rstn_i (in)
                                                         rstn_i (net)
                      4.233507    0.000000    6.362702 ^ _388_/RN (gf180mcu_fd_sc_mcu7t5v0__dffrnq_1)
                                              6.362702   data arrival time

                      0.150000    0.000000    0.000000   clock clk_i (rise edge)
                                  0.000000    0.000000   clock network delay (ideal)
                                  0.250000    0.250000   clock uncertainty
                                  0.000000    0.250000   clock reconvergence pessimism
                                              0.250000 ^ _388_/CLK (gf180mcu_fd_sc_mcu7t5v0__dffrnq_1)
                                  0.519218    0.769218   library removal time
                                              0.769218   data required time
---------------------------------------------------------------------------------------------
                                              0.769218   data required time
                                             -6.362702   data arrival time
---------------------------------------------------------------------------------------------
                                              5.593484   slack (MET)


Startpoint: rstn_i (input port clocked by clk_i)
Endpoint: _389_ (removal check against rising-edge clock clk_i)
Path Group: asynchronous
Path Type: min

Fanout         Cap        Slew       Delay        Time   Description
---------------------------------------------------------------------------------------------
                      0.150000    0.000000    0.000000   clock clk_i (rise edge)
                                  0.000000    0.000000   clock network delay (ideal)
                                  4.000000    4.000000 ^ input external delay
    36    0.253310    4.233507    2.362702    6.362702 ^ rstn_i (in)
                                                         rstn_i (net)
                      4.233507    0.000000    6.362702 ^ _389_/RN (gf180mcu_fd_sc_mcu7t5v0__dffrnq_1)
                                              6.362702   data arrival time

                      0.150000    0.000000    0.000000   clock clk_i (rise edge)
                                  0.000000    0.000000   clock network delay (ideal)
                                  0.250000    0.250000   clock uncertainty
                                  0.000000    0.250000   clock reconvergence pessimism
                                              0.250000 ^ _389_/CLK (gf180mcu_fd_sc_mcu7t5v0__dffrnq_1)
                                  0.519218    0.769218   library removal time
                                              0.769218   data required time
---------------------------------------------------------------------------------------------
                                              0.769218   data required time
                                             -6.362702   data arrival time
---------------------------------------------------------------------------------------------
                                              5.593484   slack (MET)


Startpoint: rstn_i (input port clocked by clk_i)
Endpoint: _390_ (removal check against rising-edge clock clk_i)
Path Group: asynchronous
Path Type: min

Fanout         Cap        Slew       Delay        Time   Description
---------------------------------------------------------------------------------------------
                      0.150000    0.000000    0.000000   clock clk_i (rise edge)
                                  0.000000    0.000000   clock network delay (ideal)
                                  4.000000    4.000000 ^ input external delay
    36    0.253310    4.233507    2.362702    6.362702 ^ rstn_i (in)
                                                         rstn_i (net)
                      4.233507    0.000000    6.362702 ^ _390_/RN (gf180mcu_fd_sc_mcu7t5v0__dffrnq_1)
                                              6.362702   data arrival time

                      0.150000    0.000000    0.000000   clock clk_i (rise edge)
                                  0.000000    0.000000   clock network delay (ideal)
                                  0.250000    0.250000   clock uncertainty
                                  0.000000    0.250000   clock reconvergence pessimism
                                              0.250000 ^ _390_/CLK (gf180mcu_fd_sc_mcu7t5v0__dffrnq_1)
                                  0.519218    0.769218   library removal time
                                              0.769218   data required time
---------------------------------------------------------------------------------------------
                                              0.769218   data required time
                                             -6.362702   data arrival time
---------------------------------------------------------------------------------------------
                                              5.593484   slack (MET)


Startpoint: rstn_i (input port clocked by clk_i)
Endpoint: _391_ (removal check against rising-edge clock clk_i)
Path Group: asynchronous
Path Type: min

Fanout         Cap        Slew       Delay        Time   Description
---------------------------------------------------------------------------------------------
                      0.150000    0.000000    0.000000   clock clk_i (rise edge)
                                  0.000000    0.000000   clock network delay (ideal)
                                  4.000000    4.000000 ^ input external delay
    36    0.253310    4.233507    2.362702    6.362702 ^ rstn_i (in)
                                                         rstn_i (net)
                      4.233507    0.000000    6.362702 ^ _391_/RN (gf180mcu_fd_sc_mcu7t5v0__dffrnq_1)
                                              6.362702   data arrival time

                      0.150000    0.000000    0.000000   clock clk_i (rise edge)
                                  0.000000    0.000000   clock network delay (ideal)
                                  0.250000    0.250000   clock uncertainty
                                  0.000000    0.250000   clock reconvergence pessimism
                                              0.250000 ^ _391_/CLK (gf180mcu_fd_sc_mcu7t5v0__dffrnq_1)
                                  0.519218    0.769218   library removal time
                                              0.769218   data required time
---------------------------------------------------------------------------------------------
                                              0.769218   data required time
                                             -6.362702   data arrival time
---------------------------------------------------------------------------------------------
                                              5.593484   slack (MET)


Startpoint: rstn_i (input port clocked by clk_i)
Endpoint: _392_ (removal check against rising-edge clock clk_i)
Path Group: asynchronous
Path Type: min

Fanout         Cap        Slew       Delay        Time   Description
---------------------------------------------------------------------------------------------
                      0.150000    0.000000    0.000000   clock clk_i (rise edge)
                                  0.000000    0.000000   clock network delay (ideal)
                                  4.000000    4.000000 ^ input external delay
    36    0.253310    4.233507    2.362702    6.362702 ^ rstn_i (in)
                                                         rstn_i (net)
                      4.233507    0.000000    6.362702 ^ _392_/RN (gf180mcu_fd_sc_mcu7t5v0__dffrnq_1)
                                              6.362702   data arrival time

                      0.150000    0.000000    0.000000   clock clk_i (rise edge)
                                  0.000000    0.000000   clock network delay (ideal)
                                  0.250000    0.250000   clock uncertainty
                                  0.000000    0.250000   clock reconvergence pessimism
                                              0.250000 ^ _392_/CLK (gf180mcu_fd_sc_mcu7t5v0__dffrnq_1)
                                  0.519218    0.769218   library removal time
                                              0.769218   data required time
---------------------------------------------------------------------------------------------
                                              0.769218   data required time
                                             -6.362702   data arrival time
---------------------------------------------------------------------------------------------
                                              5.593484   slack (MET)


Startpoint: rstn_i (input port clocked by clk_i)
Endpoint: _393_ (removal check against rising-edge clock clk_i)
Path Group: asynchronous
Path Type: min

Fanout         Cap        Slew       Delay        Time   Description
---------------------------------------------------------------------------------------------
                      0.150000    0.000000    0.000000   clock clk_i (rise edge)
                                  0.000000    0.000000   clock network delay (ideal)
                                  4.000000    4.000000 ^ input external delay
    36    0.253310    4.233507    2.362702    6.362702 ^ rstn_i (in)
                                                         rstn_i (net)
                      4.233507    0.000000    6.362702 ^ _393_/RN (gf180mcu_fd_sc_mcu7t5v0__dffrnq_1)
                                              6.362702   data arrival time

                      0.150000    0.000000    0.000000   clock clk_i (rise edge)
                                  0.000000    0.000000   clock network delay (ideal)
                                  0.250000    0.250000   clock uncertainty
                                  0.000000    0.250000   clock reconvergence pessimism
                                              0.250000 ^ _393_/CLK (gf180mcu_fd_sc_mcu7t5v0__dffrnq_1)
                                  0.519218    0.769218   library removal time
                                              0.769218   data required time
---------------------------------------------------------------------------------------------
                                              0.769218   data required time
                                             -6.362702   data arrival time
---------------------------------------------------------------------------------------------
                                              5.593484   slack (MET)


Startpoint: rstn_i (input port clocked by clk_i)
Endpoint: _394_ (removal check against rising-edge clock clk_i)
Path Group: asynchronous
Path Type: min

Fanout         Cap        Slew       Delay        Time   Description
---------------------------------------------------------------------------------------------
                      0.150000    0.000000    0.000000   clock clk_i (rise edge)
                                  0.000000    0.000000   clock network delay (ideal)
                                  4.000000    4.000000 ^ input external delay
    36    0.253310    4.233507    2.362702    6.362702 ^ rstn_i (in)
                                                         rstn_i (net)
                      4.233507    0.000000    6.362702 ^ _394_/RN (gf180mcu_fd_sc_mcu7t5v0__dffrnq_1)
                                              6.362702   data arrival time

                      0.150000    0.000000    0.000000   clock clk_i (rise edge)
                                  0.000000    0.000000   clock network delay (ideal)
                                  0.250000    0.250000   clock uncertainty
                                  0.000000    0.250000   clock reconvergence pessimism
                                              0.250000 ^ _394_/CLK (gf180mcu_fd_sc_mcu7t5v0__dffrnq_1)
                                  0.519218    0.769218   library removal time
                                              0.769218   data required time
---------------------------------------------------------------------------------------------
                                              0.769218   data required time
                                             -6.362702   data arrival time
---------------------------------------------------------------------------------------------
                                              5.593484   slack (MET)


Startpoint: rstn_i (input port clocked by clk_i)
Endpoint: _395_ (removal check against rising-edge clock clk_i)
Path Group: asynchronous
Path Type: min

Fanout         Cap        Slew       Delay        Time   Description
---------------------------------------------------------------------------------------------
                      0.150000    0.000000    0.000000   clock clk_i (rise edge)
                                  0.000000    0.000000   clock network delay (ideal)
                                  4.000000    4.000000 ^ input external delay
    36    0.253310    4.233507    2.362702    6.362702 ^ rstn_i (in)
                                                         rstn_i (net)
                      4.233507    0.000000    6.362702 ^ _395_/RN (gf180mcu_fd_sc_mcu7t5v0__dffrnq_1)
                                              6.362702   data arrival time

                      0.150000    0.000000    0.000000   clock clk_i (rise edge)
                                  0.000000    0.000000   clock network delay (ideal)
                                  0.250000    0.250000   clock uncertainty
                                  0.000000    0.250000   clock reconvergence pessimism
                                              0.250000 ^ _395_/CLK (gf180mcu_fd_sc_mcu7t5v0__dffrnq_1)
                                  0.519218    0.769218   library removal time
                                              0.769218   data required time
---------------------------------------------------------------------------------------------
                                              0.769218   data required time
                                             -6.362702   data arrival time
---------------------------------------------------------------------------------------------
                                              5.593484   slack (MET)


Startpoint: _363_ (rising edge-triggered flip-flop clocked by clk_i)
Endpoint: err_overflow_o (output port clocked by clk_i)
Path Group: clk_i
Path Type: min

Fanout         Cap        Slew       Delay        Time   Description
---------------------------------------------------------------------------------------------
                      0.150000    0.000000    0.000000   clock clk_i (rise edge)
                                  0.000000    0.000000   clock network delay (ideal)
                      0.150000    0.000000    0.000000 ^ _363_/CLK (gf180mcu_fd_sc_mcu7t5v0__dffrnq_1)
     4    0.017897    0.376050    1.019769    1.019769 ^ _363_/Q (gf180mcu_fd_sc_mcu7t5v0__dffrnq_1)
                                                         r_error_parity (net)
                      0.376050    0.000000    1.019769 ^ _257_/A1 (gf180mcu_fd_sc_mcu7t5v0__nor3_1)
     1    0.072910    1.250931    0.844334    1.864102 v _257_/ZN (gf180mcu_fd_sc_mcu7t5v0__nor3_1)
                                                         err_overflow_o (net)
                      1.250931    0.000000    1.864102 v err_overflow_o (out)
                                              1.864102   data arrival time

                      0.150000    0.000000    0.000000   clock clk_i (rise edge)
                                  0.000000    0.000000   clock network delay (ideal)
                                  0.250000    0.250000   clock uncertainty
                                  0.000000    0.250000   clock reconvergence pessimism
                                 -4.000000   -3.750000   output external delay
                                             -3.750000   data required time
---------------------------------------------------------------------------------------------
                                             -3.750000   data required time
                                             -1.864102   data arrival time
---------------------------------------------------------------------------------------------
                                              5.614102   slack (MET)


Startpoint: _366_ (rising edge-triggered flip-flop clocked by clk_i)
Endpoint: busy_o (output port clocked by clk_i)
Path Group: clk_i
Path Type: min

Fanout         Cap        Slew       Delay        Time   Description
---------------------------------------------------------------------------------------------
                      0.150000    0.000000    0.000000   clock clk_i (rise edge)
                                  0.000000    0.000000   clock network delay (ideal)
                      0.150000    0.000000    0.000000 ^ _366_/CLK (gf180mcu_fd_sc_mcu7t5v0__dffrnq_1)
     5    0.025177    0.297060    0.833156    0.833156 v _366_/Q (gf180mcu_fd_sc_mcu7t5v0__dffrnq_1)
                                                         CS[2] (net)
                      0.297060    0.000000    0.833156 v _181_/I (gf180mcu_fd_sc_mcu7t5v0__clkinv_1)
     5    0.021903    0.412872    0.316759    1.149915 ^ _181_/ZN (gf180mcu_fd_sc_mcu7t5v0__clkinv_1)
                                                         _039_ (net)
                      0.412872    0.000000    1.149915 ^ _202_/A1 (gf180mcu_fd_sc_mcu7t5v0__nand2_1)
     3    0.082660    1.281112    0.835736    1.985651 v _202_/ZN (gf180mcu_fd_sc_mcu7t5v0__nand2_1)
                                                         busy_o (net)
                      1.281112    0.000000    1.985651 v busy_o (out)
                                              1.985651   data arrival time

                      0.150000    0.000000    0.000000   clock clk_i (rise edge)
                                  0.000000    0.000000   clock network delay (ideal)
                                  0.250000    0.250000   clock uncertainty
                                  0.000000    0.250000   clock reconvergence pessimism
                                 -4.000000   -3.750000   output external delay
                                             -3.750000   data required time
---------------------------------------------------------------------------------------------
                                             -3.750000   data required time
                                             -1.985651   data arrival time
---------------------------------------------------------------------------------------------
                                              5.735651   slack (MET)


Startpoint: rstn_i (input port clocked by clk_i)
Endpoint: _367_ (removal check against rising-edge clock clk_i)
Path Group: asynchronous
Path Type: min

Fanout         Cap        Slew       Delay        Time   Description
---------------------------------------------------------------------------------------------
                      0.150000    0.000000    0.000000   clock clk_i (rise edge)
                                  0.000000    0.000000   clock network delay (ideal)
                                  4.000000    4.000000 ^ input external delay
    36    0.253310    4.233507    2.362702    6.362702 ^ rstn_i (in)
                                                         rstn_i (net)
                      4.233507    0.000000    6.362702 ^ _367_/SETN (gf180mcu_fd_sc_mcu7t5v0__dffsnq_1)
                                              6.362702   data arrival time

                      0.150000    0.000000    0.000000   clock clk_i (rise edge)
                                  0.000000    0.000000   clock network delay (ideal)
                                  0.250000    0.250000   clock uncertainty
                                  0.000000    0.250000   clock reconvergence pessimism
                                              0.250000 ^ _367_/CLK (gf180mcu_fd_sc_mcu7t5v0__dffsnq_1)
                                 -0.079136    0.170864   library removal time
                                              0.170864   data required time
---------------------------------------------------------------------------------------------
                                              0.170864   data required time
                                             -6.362702   data arrival time
---------------------------------------------------------------------------------------------
                                              6.191837   slack (MET)


Startpoint: rstn_i (input port clocked by clk_i)
Endpoint: _368_ (removal check against rising-edge clock clk_i)
Path Group: asynchronous
Path Type: min

Fanout         Cap        Slew       Delay        Time   Description
---------------------------------------------------------------------------------------------
                      0.150000    0.000000    0.000000   clock clk_i (rise edge)
                                  0.000000    0.000000   clock network delay (ideal)
                                  4.000000    4.000000 ^ input external delay
    36    0.253310    4.233507    2.362702    6.362702 ^ rstn_i (in)
                                                         rstn_i (net)
                      4.233507    0.000000    6.362702 ^ _368_/SETN (gf180mcu_fd_sc_mcu7t5v0__dffsnq_1)
                                              6.362702   data arrival time

                      0.150000    0.000000    0.000000   clock clk_i (rise edge)
                                  0.000000    0.000000   clock network delay (ideal)
                                  0.250000    0.250000   clock uncertainty
                                  0.000000    0.250000   clock reconvergence pessimism
                                              0.250000 ^ _368_/CLK (gf180mcu_fd_sc_mcu7t5v0__dffsnq_1)
                                 -0.079136    0.170864   library removal time
                                              0.170864   data required time
---------------------------------------------------------------------------------------------
                                              0.170864   data required time
                                             -6.362702   data arrival time
---------------------------------------------------------------------------------------------
                                              6.191837   slack (MET)


Startpoint: rstn_i (input port clocked by clk_i)
Endpoint: _369_ (removal check against rising-edge clock clk_i)
Path Group: asynchronous
Path Type: min

Fanout         Cap        Slew       Delay        Time   Description
---------------------------------------------------------------------------------------------
                      0.150000    0.000000    0.000000   clock clk_i (rise edge)
                                  0.000000    0.000000   clock network delay (ideal)
                                  4.000000    4.000000 ^ input external delay
    36    0.253310    4.233507    2.362702    6.362702 ^ rstn_i (in)
                                                         rstn_i (net)
                      4.233507    0.000000    6.362702 ^ _369_/SETN (gf180mcu_fd_sc_mcu7t5v0__dffsnq_1)
                                              6.362702   data arrival time

                      0.150000    0.000000    0.000000   clock clk_i (rise edge)
                                  0.000000    0.000000   clock network delay (ideal)
                                  0.250000    0.250000   clock uncertainty
                                  0.000000    0.250000   clock reconvergence pessimism
                                              0.250000 ^ _369_/CLK (gf180mcu_fd_sc_mcu7t5v0__dffsnq_1)
                                 -0.079136    0.170864   library removal time
                                              0.170864   data required time
---------------------------------------------------------------------------------------------
                                              0.170864   data required time
                                             -6.362702   data arrival time
---------------------------------------------------------------------------------------------
                                              6.191837   slack (MET)


Startpoint: rstn_i (input port clocked by clk_i)
Endpoint: _370_ (removal check against rising-edge clock clk_i)
Path Group: asynchronous
Path Type: min

Fanout         Cap        Slew       Delay        Time   Description
---------------------------------------------------------------------------------------------
                      0.150000    0.000000    0.000000   clock clk_i (rise edge)
                                  0.000000    0.000000   clock network delay (ideal)
                                  4.000000    4.000000 ^ input external delay
    36    0.253310    4.233507    2.362702    6.362702 ^ rstn_i (in)
                                                         rstn_i (net)
                      4.233507    0.000000    6.362702 ^ _370_/SETN (gf180mcu_fd_sc_mcu7t5v0__dffsnq_1)
                                              6.362702   data arrival time

                      0.150000    0.000000    0.000000   clock clk_i (rise edge)
                                  0.000000    0.000000   clock network delay (ideal)
                                  0.250000    0.250000   clock uncertainty
                                  0.000000    0.250000   clock reconvergence pessimism
                                              0.250000 ^ _370_/CLK (gf180mcu_fd_sc_mcu7t5v0__dffsnq_1)
                                 -0.079136    0.170864   library removal time
                                              0.170864   data required time
---------------------------------------------------------------------------------------------
                                              0.170864   data required time
                                             -6.362702   data arrival time
---------------------------------------------------------------------------------------------
                                              6.191837   slack (MET)


Startpoint: rstn_i (input port clocked by clk_i)
Endpoint: _371_ (removal check against rising-edge clock clk_i)
Path Group: asynchronous
Path Type: min

Fanout         Cap        Slew       Delay        Time   Description
---------------------------------------------------------------------------------------------
                      0.150000    0.000000    0.000000   clock clk_i (rise edge)
                                  0.000000    0.000000   clock network delay (ideal)
                                  4.000000    4.000000 ^ input external delay
    36    0.253310    4.233507    2.362702    6.362702 ^ rstn_i (in)
                                                         rstn_i (net)
                      4.233507    0.000000    6.362702 ^ _371_/SETN (gf180mcu_fd_sc_mcu7t5v0__dffsnq_1)
                                              6.362702   data arrival time

                      0.150000    0.000000    0.000000   clock clk_i (rise edge)
                                  0.000000    0.000000   clock network delay (ideal)
                                  0.250000    0.250000   clock uncertainty
                                  0.000000    0.250000   clock reconvergence pessimism
                                              0.250000 ^ _371_/CLK (gf180mcu_fd_sc_mcu7t5v0__dffsnq_1)
                                 -0.079136    0.170864   library removal time
                                              0.170864   data required time
---------------------------------------------------------------------------------------------
                                              0.170864   data required time
                                             -6.362702   data arrival time
---------------------------------------------------------------------------------------------
                                              6.191837   slack (MET)


Startpoint: rstn_i (input port clocked by clk_i)
Endpoint: _372_ (removal check against rising-edge clock clk_i)
Path Group: asynchronous
Path Type: min

Fanout         Cap        Slew       Delay        Time   Description
---------------------------------------------------------------------------------------------
                      0.150000    0.000000    0.000000   clock clk_i (rise edge)
                                  0.000000    0.000000   clock network delay (ideal)
                                  4.000000    4.000000 ^ input external delay
    36    0.253310    4.233507    2.362702    6.362702 ^ rstn_i (in)
                                                         rstn_i (net)
                      4.233507    0.000000    6.362702 ^ _372_/SETN (gf180mcu_fd_sc_mcu7t5v0__dffsnq_1)
                                              6.362702   data arrival time

                      0.150000    0.000000    0.000000   clock clk_i (rise edge)
                                  0.000000    0.000000   clock network delay (ideal)
                                  0.250000    0.250000   clock uncertainty
                                  0.000000    0.250000   clock reconvergence pessimism
                                              0.250000 ^ _372_/CLK (gf180mcu_fd_sc_mcu7t5v0__dffsnq_1)
                                 -0.079136    0.170864   library removal time
                                              0.170864   data required time
---------------------------------------------------------------------------------------------
                                              0.170864   data required time
                                             -6.362702   data arrival time
---------------------------------------------------------------------------------------------
                                              6.191837   slack (MET)


Startpoint: rstn_i (input port clocked by clk_i)
Endpoint: _373_ (removal check against rising-edge clock clk_i)
Path Group: asynchronous
Path Type: min

Fanout         Cap        Slew       Delay        Time   Description
---------------------------------------------------------------------------------------------
                      0.150000    0.000000    0.000000   clock clk_i (rise edge)
                                  0.000000    0.000000   clock network delay (ideal)
                                  4.000000    4.000000 ^ input external delay
    36    0.253310    4.233507    2.362702    6.362702 ^ rstn_i (in)
                                                         rstn_i (net)
                      4.233507    0.000000    6.362702 ^ _373_/SETN (gf180mcu_fd_sc_mcu7t5v0__dffsnq_1)
                                              6.362702   data arrival time

                      0.150000    0.000000    0.000000   clock clk_i (rise edge)
                                  0.000000    0.000000   clock network delay (ideal)
                                  0.250000    0.250000   clock uncertainty
                                  0.000000    0.250000   clock reconvergence pessimism
                                              0.250000 ^ _373_/CLK (gf180mcu_fd_sc_mcu7t5v0__dffsnq_1)
                                 -0.079136    0.170864   library removal time
                                              0.170864   data required time
---------------------------------------------------------------------------------------------
                                              0.170864   data required time
                                             -6.362702   data arrival time
---------------------------------------------------------------------------------------------
                                              6.191837   slack (MET)


Startpoint: rstn_i (input port clocked by clk_i)
Endpoint: _374_ (removal check against rising-edge clock clk_i)
Path Group: asynchronous
Path Type: min

Fanout         Cap        Slew       Delay        Time   Description
---------------------------------------------------------------------------------------------
                      0.150000    0.000000    0.000000   clock clk_i (rise edge)
                                  0.000000    0.000000   clock network delay (ideal)
                                  4.000000    4.000000 ^ input external delay
    36    0.253310    4.233507    2.362702    6.362702 ^ rstn_i (in)
                                                         rstn_i (net)
                      4.233507    0.000000    6.362702 ^ _374_/SETN (gf180mcu_fd_sc_mcu7t5v0__dffsnq_1)
                                              6.362702   data arrival time

                      0.150000    0.000000    0.000000   clock clk_i (rise edge)
                                  0.000000    0.000000   clock network delay (ideal)
                                  0.250000    0.250000   clock uncertainty
                                  0.000000    0.250000   clock reconvergence pessimism
                                              0.250000 ^ _374_/CLK (gf180mcu_fd_sc_mcu7t5v0__dffsnq_1)
                                 -0.079136    0.170864   library removal time
                                              0.170864   data required time
---------------------------------------------------------------------------------------------
                                              0.170864   data required time
                                             -6.362702   data arrival time
---------------------------------------------------------------------------------------------
                                              6.191837   slack (MET)


Startpoint: rstn_i (input port clocked by clk_i)
Endpoint: _396_ (removal check against rising-edge clock clk_i)
Path Group: asynchronous
Path Type: min

Fanout         Cap        Slew       Delay        Time   Description
---------------------------------------------------------------------------------------------
                      0.150000    0.000000    0.000000   clock clk_i (rise edge)
                                  0.000000    0.000000   clock network delay (ideal)
                                  4.000000    4.000000 ^ input external delay
    36    0.253310    4.233507    2.362702    6.362702 ^ rstn_i (in)
                                                         rstn_i (net)
                      4.233507    0.000000    6.362702 ^ _396_/SETN (gf180mcu_fd_sc_mcu7t5v0__dffsnq_1)
                                              6.362702   data arrival time

                      0.150000    0.000000    0.000000   clock clk_i (rise edge)
                                  0.000000    0.000000   clock network delay (ideal)
                                  0.250000    0.250000   clock uncertainty
                                  0.000000    0.250000   clock reconvergence pessimism
                                              0.250000 ^ _396_/CLK (gf180mcu_fd_sc_mcu7t5v0__dffsnq_1)
                                 -0.079136    0.170864   library removal time
                                              0.170864   data required time
---------------------------------------------------------------------------------------------
                                              0.170864   data required time
                                             -6.362702   data arrival time
---------------------------------------------------------------------------------------------
                                              6.191837   slack (MET)


Startpoint: rstn_i (input port clocked by clk_i)
Endpoint: _397_ (removal check against rising-edge clock clk_i)
Path Group: asynchronous
Path Type: min

Fanout         Cap        Slew       Delay        Time   Description
---------------------------------------------------------------------------------------------
                      0.150000    0.000000    0.000000   clock clk_i (rise edge)
                                  0.000000    0.000000   clock network delay (ideal)
                                  4.000000    4.000000 ^ input external delay
    36    0.253310    4.233507    2.362702    6.362702 ^ rstn_i (in)
                                                         rstn_i (net)
                      4.233507    0.000000    6.362702 ^ _397_/SETN (gf180mcu_fd_sc_mcu7t5v0__dffsnq_1)
                                              6.362702   data arrival time

                      0.150000    0.000000    0.000000   clock clk_i (rise edge)
                                  0.000000    0.000000   clock network delay (ideal)
                                  0.250000    0.250000   clock uncertainty
                                  0.000000    0.250000   clock reconvergence pessimism
                                              0.250000 ^ _397_/CLK (gf180mcu_fd_sc_mcu7t5v0__dffsnq_1)
                                 -0.079136    0.170864   library removal time
                                              0.170864   data required time
---------------------------------------------------------------------------------------------
                                              0.170864   data required time
                                             -6.362702   data arrival time
---------------------------------------------------------------------------------------------
                                              6.191837   slack (MET)


Startpoint: rstn_i (input port clocked by clk_i)
Endpoint: _398_ (removal check against rising-edge clock clk_i)
Path Group: asynchronous
Path Type: min

Fanout         Cap        Slew       Delay        Time   Description
---------------------------------------------------------------------------------------------
                      0.150000    0.000000    0.000000   clock clk_i (rise edge)
                                  0.000000    0.000000   clock network delay (ideal)
                                  4.000000    4.000000 ^ input external delay
    36    0.253310    4.233507    2.362702    6.362702 ^ rstn_i (in)
                                                         rstn_i (net)
                      4.233507    0.000000    6.362702 ^ _398_/SETN (gf180mcu_fd_sc_mcu7t5v0__dffsnq_1)
                                              6.362702   data arrival time

                      0.150000    0.000000    0.000000   clock clk_i (rise edge)
                                  0.000000    0.000000   clock network delay (ideal)
                                  0.250000    0.250000   clock uncertainty
                                  0.000000    0.250000   clock reconvergence pessimism
                                              0.250000 ^ _398_/CLK (gf180mcu_fd_sc_mcu7t5v0__dffsnq_1)
                                 -0.079136    0.170864   library removal time
                                              0.170864   data required time
---------------------------------------------------------------------------------------------
                                              0.170864   data required time
                                             -6.362702   data arrival time
---------------------------------------------------------------------------------------------
                                              6.191837   slack (MET)


Startpoint: _363_ (rising edge-triggered flip-flop clocked by clk_i)
Endpoint: char_event_o (output port clocked by clk_i)
Path Group: clk_i
Path Type: min

Fanout         Cap        Slew       Delay        Time   Description
---------------------------------------------------------------------------------------------
                      0.150000    0.000000    0.000000   clock clk_i (rise edge)
                                  0.000000    0.000000   clock network delay (ideal)
                      0.150000    0.000000    0.000000 ^ _363_/CLK (gf180mcu_fd_sc_mcu7t5v0__dffrnq_1)
     4    0.017897    0.376050    1.019769    1.019769 ^ _363_/Q (gf180mcu_fd_sc_mcu7t5v0__dffrnq_1)
                                                         r_error_parity (net)
                      0.376050    0.000000    1.019769 ^ _255_/A1 (gf180mcu_fd_sc_mcu7t5v0__nor2_1)
     2    0.075699    1.087957    0.744590    1.764359 v _255_/ZN (gf180mcu_fd_sc_mcu7t5v0__nor2_1)
                                                         rx_valid_o (net)
                      1.087957    0.000000    1.764359 v _256_/A2 (gf180mcu_fd_sc_mcu7t5v0__and2_1)
     1    0.072910    0.754645    0.961253    2.725612 v _256_/Z (gf180mcu_fd_sc_mcu7t5v0__and2_1)
                                                         char_event_o (net)
                      0.754645    0.000000    2.725612 v char_event_o (out)
                                              2.725612   data arrival time

                      0.150000    0.000000    0.000000   clock clk_i (rise edge)
                                  0.000000    0.000000   clock network delay (ideal)
                                  0.250000    0.250000   clock uncertainty
                                  0.000000    0.250000   clock reconvergence pessimism
                                 -4.000000   -3.750000   output external delay
                                             -3.750000   data required time
---------------------------------------------------------------------------------------------
                                             -3.750000   data required time
                                             -2.725612   data arrival time
---------------------------------------------------------------------------------------------
                                              6.475611   slack (MET)



%OL_END_REPORT
%OL_CREATE_REPORT max.rpt

===========================================================================
report_checks -path_delay max (Setup)
============================================================================
======================= nom_tt_025C_5v00 Corner ===================================

Startpoint: rx_ready_i (input port clocked by clk_i)
Endpoint: err_overflow_o (output port clocked by clk_i)
Path Group: clk_i
Path Type: max

Fanout         Cap        Slew       Delay        Time   Description
---------------------------------------------------------------------------------------------
                      0.150000    0.000000    0.000000   clock clk_i (rise edge)
                                  0.000000    0.000000   clock network delay (ideal)
                                  4.000000    4.000000 v input external delay
     2    0.006780    0.094820    0.041183    4.041183 v rx_ready_i (in)
                                                         rx_ready_i (net)
                      0.094820    0.000000    4.041183 v _257_/A2 (gf180mcu_fd_sc_mcu7t5v0__nor3_1)
     1    0.072910    3.400723    1.940228    5.981411 ^ _257_/ZN (gf180mcu_fd_sc_mcu7t5v0__nor3_1)
                                                         err_overflow_o (net)
                      3.400723    0.000000    5.981411 ^ err_overflow_o (out)
                                              5.981411   data arrival time

                      0.150000   20.000000   20.000000   clock clk_i (rise edge)
                                  0.000000   20.000000   clock network delay (ideal)
                                 -0.250000   19.750002   clock uncertainty
                                  0.000000   19.750002   clock reconvergence pessimism
                                 -4.000000   15.750001   output external delay
                                             15.750001   data required time
---------------------------------------------------------------------------------------------
                                             15.750001   data required time
                                             -5.981411   data arrival time
---------------------------------------------------------------------------------------------
                                              9.768590   slack (MET)


Startpoint: rx_ready_i (input port clocked by clk_i)
Endpoint: char_event_o (output port clocked by clk_i)
Path Group: clk_i
Path Type: max

Fanout         Cap        Slew       Delay        Time   Description
---------------------------------------------------------------------------------------------
                      0.150000    0.000000    0.000000   clock clk_i (rise edge)
                                  0.000000    0.000000   clock network delay (ideal)
                                  4.000000    4.000000 ^ input external delay
     2    0.006780    0.162014    0.066456    4.066456 ^ rx_ready_i (in)
                                                         rx_ready_i (net)
                      0.162014    0.000000    4.066456 ^ _256_/A1 (gf180mcu_fd_sc_mcu7t5v0__and2_1)
     1    0.072910    1.281313    0.928040    4.994496 ^ _256_/Z (gf180mcu_fd_sc_mcu7t5v0__and2_1)
                                                         char_event_o (net)
                      1.281313    0.000000    4.994496 ^ char_event_o (out)
                                              4.994496   data arrival time

                      0.150000   20.000000   20.000000   clock clk_i (rise edge)
                                  0.000000   20.000000   clock network delay (ideal)
                                 -0.250000   19.750002   clock uncertainty
                                  0.000000   19.750002   clock reconvergence pessimism
                                 -4.000000   15.750001   output external delay
                                             15.750001   data required time
---------------------------------------------------------------------------------------------
                                             15.750001   data required time
                                             -4.994496   data arrival time
---------------------------------------------------------------------------------------------
                                             10.755506   slack (MET)


Startpoint: rstn_i (input port clocked by clk_i)
Endpoint: _363_ (recovery check against rising-edge clock clk_i)
Path Group: asynchronous
Path Type: max

Fanout         Cap        Slew       Delay        Time   Description
---------------------------------------------------------------------------------------------
                      0.150000    0.000000    0.000000   clock clk_i (rise edge)
                                  0.000000    0.000000   clock network delay (ideal)
                                  4.000000    4.000000 ^ input external delay
    36    0.253310    4.233507    2.362702    6.362702 ^ rstn_i (in)
                                                         rstn_i (net)
                      4.233507    0.000000    6.362702 ^ _363_/RN (gf180mcu_fd_sc_mcu7t5v0__dffrnq_1)
                                              6.362702   data arrival time

                      0.150000   20.000000   20.000000   clock clk_i (rise edge)
                                  0.000000   20.000000   clock network delay (ideal)
                                 -0.250000   19.750002   clock uncertainty
                                  0.000000   19.750002   clock reconvergence pessimism
                                             19.750002 ^ _363_/CLK (gf180mcu_fd_sc_mcu7t5v0__dffrnq_1)
                                 -1.230100   18.519901   library recovery time
                                             18.519901   data required time
---------------------------------------------------------------------------------------------
                                             18.519901   data required time
                                             -6.362702   data arrival time
---------------------------------------------------------------------------------------------
                                             12.157199   slack (MET)


Startpoint: rstn_i (input port clocked by clk_i)
Endpoint: _364_ (recovery check against rising-edge clock clk_i)
Path Group: asynchronous
Path Type: max

Fanout         Cap        Slew       Delay        Time   Description
---------------------------------------------------------------------------------------------
                      0.150000    0.000000    0.000000   clock clk_i (rise edge)
                                  0.000000    0.000000   clock network delay (ideal)
                                  4.000000    4.000000 ^ input external delay
    36    0.253310    4.233507    2.362702    6.362702 ^ rstn_i (in)
                                                         rstn_i (net)
                      4.233507    0.000000    6.362702 ^ _364_/RN (gf180mcu_fd_sc_mcu7t5v0__dffrnq_1)
                                              6.362702   data arrival time

                      0.150000   20.000000   20.000000   clock clk_i (rise edge)
                                  0.000000   20.000000   clock network delay (ideal)
                                 -0.250000   19.750002   clock uncertainty
                                  0.000000   19.750002   clock reconvergence pessimism
                                             19.750002 ^ _364_/CLK (gf180mcu_fd_sc_mcu7t5v0__dffrnq_1)
                                 -1.230100   18.519901   library recovery time
                                             18.519901   data required time
---------------------------------------------------------------------------------------------
                                             18.519901   data required time
                                             -6.362702   data arrival time
---------------------------------------------------------------------------------------------
                                             12.157199   slack (MET)


Startpoint: rstn_i (input port clocked by clk_i)
Endpoint: _365_ (recovery check against rising-edge clock clk_i)
Path Group: asynchronous
Path Type: max

Fanout         Cap        Slew       Delay        Time   Description
---------------------------------------------------------------------------------------------
                      0.150000    0.000000    0.000000   clock clk_i (rise edge)
                                  0.000000    0.000000   clock network delay (ideal)
                                  4.000000    4.000000 ^ input external delay
    36    0.253310    4.233507    2.362702    6.362702 ^ rstn_i (in)
                                                         rstn_i (net)
                      4.233507    0.000000    6.362702 ^ _365_/RN (gf180mcu_fd_sc_mcu7t5v0__dffrnq_1)
                                              6.362702   data arrival time

                      0.150000   20.000000   20.000000   clock clk_i (rise edge)
                                  0.000000   20.000000   clock network delay (ideal)
                                 -0.250000   19.750002   clock uncertainty
                                  0.000000   19.750002   clock reconvergence pessimism
                                             19.750002 ^ _365_/CLK (gf180mcu_fd_sc_mcu7t5v0__dffrnq_1)
                                 -1.230100   18.519901   library recovery time
                                             18.519901   data required time
---------------------------------------------------------------------------------------------
                                             18.519901   data required time
                                             -6.362702   data arrival time
---------------------------------------------------------------------------------------------
                                             12.157199   slack (MET)


Startpoint: rstn_i (input port clocked by clk_i)
Endpoint: _366_ (recovery check against rising-edge clock clk_i)
Path Group: asynchronous
Path Type: max

Fanout         Cap        Slew       Delay        Time   Description
---------------------------------------------------------------------------------------------
                      0.150000    0.000000    0.000000   clock clk_i (rise edge)
                                  0.000000    0.000000   clock network delay (ideal)
                                  4.000000    4.000000 ^ input external delay
    36    0.253310    4.233507    2.362702    6.362702 ^ rstn_i (in)
                                                         rstn_i (net)
                      4.233507    0.000000    6.362702 ^ _366_/RN (gf180mcu_fd_sc_mcu7t5v0__dffrnq_1)
                                              6.362702   data arrival time

                      0.150000   20.000000   20.000000   clock clk_i (rise edge)
                                  0.000000   20.000000   clock network delay (ideal)
                                 -0.250000   19.750002   clock uncertainty
                                  0.000000   19.750002   clock reconvergence pessimism
                                             19.750002 ^ _366_/CLK (gf180mcu_fd_sc_mcu7t5v0__dffrnq_1)
                                 -1.230100   18.519901   library recovery time
                                             18.519901   data required time
---------------------------------------------------------------------------------------------
                                             18.519901   data required time
                                             -6.362702   data arrival time
---------------------------------------------------------------------------------------------
                                             12.157199   slack (MET)


Startpoint: rstn_i (input port clocked by clk_i)
Endpoint: _375_ (recovery check against rising-edge clock clk_i)
Path Group: asynchronous
Path Type: max

Fanout         Cap        Slew       Delay        Time   Description
---------------------------------------------------------------------------------------------
                      0.150000    0.000000    0.000000   clock clk_i (rise edge)
                                  0.000000    0.000000   clock network delay (ideal)
                                  4.000000    4.000000 ^ input external delay
    36    0.253310    4.233507    2.362702    6.362702 ^ rstn_i (in)
                                                         rstn_i (net)
                      4.233507    0.000000    6.362702 ^ _375_/RN (gf180mcu_fd_sc_mcu7t5v0__dffrnq_1)
                                              6.362702   data arrival time

                      0.150000   20.000000   20.000000   clock clk_i (rise edge)
                                  0.000000   20.000000   clock network delay (ideal)
                                 -0.250000   19.750002   clock uncertainty
                                  0.000000   19.750002   clock reconvergence pessimism
                                             19.750002 ^ _375_/CLK (gf180mcu_fd_sc_mcu7t5v0__dffrnq_1)
                                 -1.230100   18.519901   library recovery time
                                             18.519901   data required time
---------------------------------------------------------------------------------------------
                                             18.519901   data required time
                                             -6.362702   data arrival time
---------------------------------------------------------------------------------------------
                                             12.157199   slack (MET)


Startpoint: rstn_i (input port clocked by clk_i)
Endpoint: _376_ (recovery check against rising-edge clock clk_i)
Path Group: asynchronous
Path Type: max

Fanout         Cap        Slew       Delay        Time   Description
---------------------------------------------------------------------------------------------
                      0.150000    0.000000    0.000000   clock clk_i (rise edge)
                                  0.000000    0.000000   clock network delay (ideal)
                                  4.000000    4.000000 ^ input external delay
    36    0.253310    4.233507    2.362702    6.362702 ^ rstn_i (in)
                                                         rstn_i (net)
                      4.233507    0.000000    6.362702 ^ _376_/RN (gf180mcu_fd_sc_mcu7t5v0__dffrnq_1)
                                              6.362702   data arrival time

                      0.150000   20.000000   20.000000   clock clk_i (rise edge)
                                  0.000000   20.000000   clock network delay (ideal)
                                 -0.250000   19.750002   clock uncertainty
                                  0.000000   19.750002   clock reconvergence pessimism
                                             19.750002 ^ _376_/CLK (gf180mcu_fd_sc_mcu7t5v0__dffrnq_1)
                                 -1.230100   18.519901   library recovery time
                                             18.519901   data required time
---------------------------------------------------------------------------------------------
                                             18.519901   data required time
                                             -6.362702   data arrival time
---------------------------------------------------------------------------------------------
                                             12.157199   slack (MET)


Startpoint: rstn_i (input port clocked by clk_i)
Endpoint: _377_ (recovery check against rising-edge clock clk_i)
Path Group: asynchronous
Path Type: max

Fanout         Cap        Slew       Delay        Time   Description
---------------------------------------------------------------------------------------------
                      0.150000    0.000000    0.000000   clock clk_i (rise edge)
                                  0.000000    0.000000   clock network delay (ideal)
                                  4.000000    4.000000 ^ input external delay
    36    0.253310    4.233507    2.362702    6.362702 ^ rstn_i (in)
                                                         rstn_i (net)
                      4.233507    0.000000    6.362702 ^ _377_/RN (gf180mcu_fd_sc_mcu7t5v0__dffrnq_1)
                                              6.362702   data arrival time

                      0.150000   20.000000   20.000000   clock clk_i (rise edge)
                                  0.000000   20.000000   clock network delay (ideal)
                                 -0.250000   19.750002   clock uncertainty
                                  0.000000   19.750002   clock reconvergence pessimism
                                             19.750002 ^ _377_/CLK (gf180mcu_fd_sc_mcu7t5v0__dffrnq_1)
                                 -1.230100   18.519901   library recovery time
                                             18.519901   data required time
---------------------------------------------------------------------------------------------
                                             18.519901   data required time
                                             -6.362702   data arrival time
---------------------------------------------------------------------------------------------
                                             12.157199   slack (MET)


Startpoint: rstn_i (input port clocked by clk_i)
Endpoint: _378_ (recovery check against rising-edge clock clk_i)
Path Group: asynchronous
Path Type: max

Fanout         Cap        Slew       Delay        Time   Description
---------------------------------------------------------------------------------------------
                      0.150000    0.000000    0.000000   clock clk_i (rise edge)
                                  0.000000    0.000000   clock network delay (ideal)
                                  4.000000    4.000000 ^ input external delay
    36    0.253310    4.233507    2.362702    6.362702 ^ rstn_i (in)
                                                         rstn_i (net)
                      4.233507    0.000000    6.362702 ^ _378_/RN (gf180mcu_fd_sc_mcu7t5v0__dffrnq_1)
                                              6.362702   data arrival time

                      0.150000   20.000000   20.000000   clock clk_i (rise edge)
                                  0.000000   20.000000   clock network delay (ideal)
                                 -0.250000   19.750002   clock uncertainty
                                  0.000000   19.750002   clock reconvergence pessimism
                                             19.750002 ^ _378_/CLK (gf180mcu_fd_sc_mcu7t5v0__dffrnq_1)
                                 -1.230100   18.519901   library recovery time
                                             18.519901   data required time
---------------------------------------------------------------------------------------------
                                             18.519901   data required time
                                             -6.362702   data arrival time
---------------------------------------------------------------------------------------------
                                             12.157199   slack (MET)


Startpoint: rstn_i (input port clocked by clk_i)
Endpoint: _379_ (recovery check against rising-edge clock clk_i)
Path Group: asynchronous
Path Type: max

Fanout         Cap        Slew       Delay        Time   Description
---------------------------------------------------------------------------------------------
                      0.150000    0.000000    0.000000   clock clk_i (rise edge)
                                  0.000000    0.000000   clock network delay (ideal)
                                  4.000000    4.000000 ^ input external delay
    36    0.253310    4.233507    2.362702    6.362702 ^ rstn_i (in)
                                                         rstn_i (net)
                      4.233507    0.000000    6.362702 ^ _379_/RN (gf180mcu_fd_sc_mcu7t5v0__dffrnq_1)
                                              6.362702   data arrival time

                      0.150000   20.000000   20.000000   clock clk_i (rise edge)
                                  0.000000   20.000000   clock network delay (ideal)
                                 -0.250000   19.750002   clock uncertainty
                                  0.000000   19.750002   clock reconvergence pessimism
                                             19.750002 ^ _379_/CLK (gf180mcu_fd_sc_mcu7t5v0__dffrnq_1)
                                 -1.230100   18.519901   library recovery time
                                             18.519901   data required time
---------------------------------------------------------------------------------------------
                                             18.519901   data required time
                                             -6.362702   data arrival time
---------------------------------------------------------------------------------------------
                                             12.157199   slack (MET)


Startpoint: rstn_i (input port clocked by clk_i)
Endpoint: _380_ (recovery check against rising-edge clock clk_i)
Path Group: asynchronous
Path Type: max

Fanout         Cap        Slew       Delay        Time   Description
---------------------------------------------------------------------------------------------
                      0.150000    0.000000    0.000000   clock clk_i (rise edge)
                                  0.000000    0.000000   clock network delay (ideal)
                                  4.000000    4.000000 ^ input external delay
    36    0.253310    4.233507    2.362702    6.362702 ^ rstn_i (in)
                                                         rstn_i (net)
                      4.233507    0.000000    6.362702 ^ _380_/RN (gf180mcu_fd_sc_mcu7t5v0__dffrnq_1)
                                              6.362702   data arrival time

                      0.150000   20.000000   20.000000   clock clk_i (rise edge)
                                  0.000000   20.000000   clock network delay (ideal)
                                 -0.250000   19.750002   clock uncertainty
                                  0.000000   19.750002   clock reconvergence pessimism
                                             19.750002 ^ _380_/CLK (gf180mcu_fd_sc_mcu7t5v0__dffrnq_1)
                                 -1.230100   18.519901   library recovery time
                                             18.519901   data required time
---------------------------------------------------------------------------------------------
                                             18.519901   data required time
                                             -6.362702   data arrival time
---------------------------------------------------------------------------------------------
                                             12.157199   slack (MET)


Startpoint: rstn_i (input port clocked by clk_i)
Endpoint: _381_ (recovery check against rising-edge clock clk_i)
Path Group: asynchronous
Path Type: max

Fanout         Cap        Slew       Delay        Time   Description
---------------------------------------------------------------------------------------------
                      0.150000    0.000000    0.000000   clock clk_i (rise edge)
                                  0.000000    0.000000   clock network delay (ideal)
                                  4.000000    4.000000 ^ input external delay
    36    0.253310    4.233507    2.362702    6.362702 ^ rstn_i (in)
                                                         rstn_i (net)
                      4.233507    0.000000    6.362702 ^ _381_/RN (gf180mcu_fd_sc_mcu7t5v0__dffrnq_1)
                                              6.362702   data arrival time

                      0.150000   20.000000   20.000000   clock clk_i (rise edge)
                                  0.000000   20.000000   clock network delay (ideal)
                                 -0.250000   19.750002   clock uncertainty
                                  0.000000   19.750002   clock reconvergence pessimism
                                             19.750002 ^ _381_/CLK (gf180mcu_fd_sc_mcu7t5v0__dffrnq_1)
                                 -1.230100   18.519901   library recovery time
                                             18.519901   data required time
---------------------------------------------------------------------------------------------
                                             18.519901   data required time
                                             -6.362702   data arrival time
---------------------------------------------------------------------------------------------
                                             12.157199   slack (MET)


Startpoint: rstn_i (input port clocked by clk_i)
Endpoint: _382_ (recovery check against rising-edge clock clk_i)
Path Group: asynchronous
Path Type: max

Fanout         Cap        Slew       Delay        Time   Description
---------------------------------------------------------------------------------------------
                      0.150000    0.000000    0.000000   clock clk_i (rise edge)
                                  0.000000    0.000000   clock network delay (ideal)
                                  4.000000    4.000000 ^ input external delay
    36    0.253310    4.233507    2.362702    6.362702 ^ rstn_i (in)
                                                         rstn_i (net)
                      4.233507    0.000000    6.362702 ^ _382_/RN (gf180mcu_fd_sc_mcu7t5v0__dffrnq_1)
                                              6.362702   data arrival time

                      0.150000   20.000000   20.000000   clock clk_i (rise edge)
                                  0.000000   20.000000   clock network delay (ideal)
                                 -0.250000   19.750002   clock uncertainty
                                  0.000000   19.750002   clock reconvergence pessimism
                                             19.750002 ^ _382_/CLK (gf180mcu_fd_sc_mcu7t5v0__dffrnq_1)
                                 -1.230100   18.519901   library recovery time
                                             18.519901   data required time
---------------------------------------------------------------------------------------------
                                             18.519901   data required time
                                             -6.362702   data arrival time
---------------------------------------------------------------------------------------------
                                             12.157199   slack (MET)


Startpoint: rstn_i (input port clocked by clk_i)
Endpoint: _383_ (recovery check against rising-edge clock clk_i)
Path Group: asynchronous
Path Type: max

Fanout         Cap        Slew       Delay        Time   Description
---------------------------------------------------------------------------------------------
                      0.150000    0.000000    0.000000   clock clk_i (rise edge)
                                  0.000000    0.000000   clock network delay (ideal)
                                  4.000000    4.000000 ^ input external delay
    36    0.253310    4.233507    2.362702    6.362702 ^ rstn_i (in)
                                                         rstn_i (net)
                      4.233507    0.000000    6.362702 ^ _383_/RN (gf180mcu_fd_sc_mcu7t5v0__dffrnq_1)
                                              6.362702   data arrival time

                      0.150000   20.000000   20.000000   clock clk_i (rise edge)
                                  0.000000   20.000000   clock network delay (ideal)
                                 -0.250000   19.750002   clock uncertainty
                                  0.000000   19.750002   clock reconvergence pessimism
                                             19.750002 ^ _383_/CLK (gf180mcu_fd_sc_mcu7t5v0__dffrnq_1)
                                 -1.230100   18.519901   library recovery time
                                             18.519901   data required time
---------------------------------------------------------------------------------------------
                                             18.519901   data required time
                                             -6.362702   data arrival time
---------------------------------------------------------------------------------------------
                                             12.157199   slack (MET)


Startpoint: rstn_i (input port clocked by clk_i)
Endpoint: _384_ (recovery check against rising-edge clock clk_i)
Path Group: asynchronous
Path Type: max

Fanout         Cap        Slew       Delay        Time   Description
---------------------------------------------------------------------------------------------
                      0.150000    0.000000    0.000000   clock clk_i (rise edge)
                                  0.000000    0.000000   clock network delay (ideal)
                                  4.000000    4.000000 ^ input external delay
    36    0.253310    4.233507    2.362702    6.362702 ^ rstn_i (in)
                                                         rstn_i (net)
                      4.233507    0.000000    6.362702 ^ _384_/RN (gf180mcu_fd_sc_mcu7t5v0__dffrnq_1)
                                              6.362702   data arrival time

                      0.150000   20.000000   20.000000   clock clk_i (rise edge)
                                  0.000000   20.000000   clock network delay (ideal)
                                 -0.250000   19.750002   clock uncertainty
                                  0.000000   19.750002   clock reconvergence pessimism
                                             19.750002 ^ _384_/CLK (gf180mcu_fd_sc_mcu7t5v0__dffrnq_1)
                                 -1.230100   18.519901   library recovery time
                                             18.519901   data required time
---------------------------------------------------------------------------------------------
                                             18.519901   data required time
                                             -6.362702   data arrival time
---------------------------------------------------------------------------------------------
                                             12.157199   slack (MET)


Startpoint: rstn_i (input port clocked by clk_i)
Endpoint: _385_ (recovery check against rising-edge clock clk_i)
Path Group: asynchronous
Path Type: max

Fanout         Cap        Slew       Delay        Time   Description
---------------------------------------------------------------------------------------------
                      0.150000    0.000000    0.000000   clock clk_i (rise edge)
                                  0.000000    0.000000   clock network delay (ideal)
                                  4.000000    4.000000 ^ input external delay
    36    0.253310    4.233507    2.362702    6.362702 ^ rstn_i (in)
                                                         rstn_i (net)
                      4.233507    0.000000    6.362702 ^ _385_/RN (gf180mcu_fd_sc_mcu7t5v0__dffrnq_1)
                                              6.362702   data arrival time

                      0.150000   20.000000   20.000000   clock clk_i (rise edge)
                                  0.000000   20.000000   clock network delay (ideal)
                                 -0.250000   19.750002   clock uncertainty
                                  0.000000   19.750002   clock reconvergence pessimism
                                             19.750002 ^ _385_/CLK (gf180mcu_fd_sc_mcu7t5v0__dffrnq_1)
                                 -1.230100   18.519901   library recovery time
                                             18.519901   data required time
---------------------------------------------------------------------------------------------
                                             18.519901   data required time
                                             -6.362702   data arrival time
---------------------------------------------------------------------------------------------
                                             12.157199   slack (MET)


Startpoint: rstn_i (input port clocked by clk_i)
Endpoint: _386_ (recovery check against rising-edge clock clk_i)
Path Group: asynchronous
Path Type: max

Fanout         Cap        Slew       Delay        Time   Description
---------------------------------------------------------------------------------------------
                      0.150000    0.000000    0.000000   clock clk_i (rise edge)
                                  0.000000    0.000000   clock network delay (ideal)
                                  4.000000    4.000000 ^ input external delay
    36    0.253310    4.233507    2.362702    6.362702 ^ rstn_i (in)
                                                         rstn_i (net)
                      4.233507    0.000000    6.362702 ^ _386_/RN (gf180mcu_fd_sc_mcu7t5v0__dffrnq_1)
                                              6.362702   data arrival time

                      0.150000   20.000000   20.000000   clock clk_i (rise edge)
                                  0.000000   20.000000   clock network delay (ideal)
                                 -0.250000   19.750002   clock uncertainty
                                  0.000000   19.750002   clock reconvergence pessimism
                                             19.750002 ^ _386_/CLK (gf180mcu_fd_sc_mcu7t5v0__dffrnq_1)
                                 -1.230100   18.519901   library recovery time
                                             18.519901   data required time
---------------------------------------------------------------------------------------------
                                             18.519901   data required time
                                             -6.362702   data arrival time
---------------------------------------------------------------------------------------------
                                             12.157199   slack (MET)


Startpoint: rstn_i (input port clocked by clk_i)
Endpoint: _387_ (recovery check against rising-edge clock clk_i)
Path Group: asynchronous
Path Type: max

Fanout         Cap        Slew       Delay        Time   Description
---------------------------------------------------------------------------------------------
                      0.150000    0.000000    0.000000   clock clk_i (rise edge)
                                  0.000000    0.000000   clock network delay (ideal)
                                  4.000000    4.000000 ^ input external delay
    36    0.253310    4.233507    2.362702    6.362702 ^ rstn_i (in)
                                                         rstn_i (net)
                      4.233507    0.000000    6.362702 ^ _387_/RN (gf180mcu_fd_sc_mcu7t5v0__dffrnq_1)
                                              6.362702   data arrival time

                      0.150000   20.000000   20.000000   clock clk_i (rise edge)
                                  0.000000   20.000000   clock network delay (ideal)
                                 -0.250000   19.750002   clock uncertainty
                                  0.000000   19.750002   clock reconvergence pessimism
                                             19.750002 ^ _387_/CLK (gf180mcu_fd_sc_mcu7t5v0__dffrnq_1)
                                 -1.230100   18.519901   library recovery time
                                             18.519901   data required time
---------------------------------------------------------------------------------------------
                                             18.519901   data required time
                                             -6.362702   data arrival time
---------------------------------------------------------------------------------------------
                                             12.157199   slack (MET)


Startpoint: rstn_i (input port clocked by clk_i)
Endpoint: _388_ (recovery check against rising-edge clock clk_i)
Path Group: asynchronous
Path Type: max

Fanout         Cap        Slew       Delay        Time   Description
---------------------------------------------------------------------------------------------
                      0.150000    0.000000    0.000000   clock clk_i (rise edge)
                                  0.000000    0.000000   clock network delay (ideal)
                                  4.000000    4.000000 ^ input external delay
    36    0.253310    4.233507    2.362702    6.362702 ^ rstn_i (in)
                                                         rstn_i (net)
                      4.233507    0.000000    6.362702 ^ _388_/RN (gf180mcu_fd_sc_mcu7t5v0__dffrnq_1)
                                              6.362702   data arrival time

                      0.150000   20.000000   20.000000   clock clk_i (rise edge)
                                  0.000000   20.000000   clock network delay (ideal)
                                 -0.250000   19.750002   clock uncertainty
                                  0.000000   19.750002   clock reconvergence pessimism
                                             19.750002 ^ _388_/CLK (gf180mcu_fd_sc_mcu7t5v0__dffrnq_1)
                                 -1.230100   18.519901   library recovery time
                                             18.519901   data required time
---------------------------------------------------------------------------------------------
                                             18.519901   data required time
                                             -6.362702   data arrival time
---------------------------------------------------------------------------------------------
                                             12.157199   slack (MET)


Startpoint: rstn_i (input port clocked by clk_i)
Endpoint: _389_ (recovery check against rising-edge clock clk_i)
Path Group: asynchronous
Path Type: max

Fanout         Cap        Slew       Delay        Time   Description
---------------------------------------------------------------------------------------------
                      0.150000    0.000000    0.000000   clock clk_i (rise edge)
                                  0.000000    0.000000   clock network delay (ideal)
                                  4.000000    4.000000 ^ input external delay
    36    0.253310    4.233507    2.362702    6.362702 ^ rstn_i (in)
                                                         rstn_i (net)
                      4.233507    0.000000    6.362702 ^ _389_/RN (gf180mcu_fd_sc_mcu7t5v0__dffrnq_1)
                                              6.362702   data arrival time

                      0.150000   20.000000   20.000000   clock clk_i (rise edge)
                                  0.000000   20.000000   clock network delay (ideal)
                                 -0.250000   19.750002   clock uncertainty
                                  0.000000   19.750002   clock reconvergence pessimism
                                             19.750002 ^ _389_/CLK (gf180mcu_fd_sc_mcu7t5v0__dffrnq_1)
                                 -1.230100   18.519901   library recovery time
                                             18.519901   data required time
---------------------------------------------------------------------------------------------
                                             18.519901   data required time
                                             -6.362702   data arrival time
---------------------------------------------------------------------------------------------
                                             12.157199   slack (MET)


Startpoint: rstn_i (input port clocked by clk_i)
Endpoint: _390_ (recovery check against rising-edge clock clk_i)
Path Group: asynchronous
Path Type: max

Fanout         Cap        Slew       Delay        Time   Description
---------------------------------------------------------------------------------------------
                      0.150000    0.000000    0.000000   clock clk_i (rise edge)
                                  0.000000    0.000000   clock network delay (ideal)
                                  4.000000    4.000000 ^ input external delay
    36    0.253310    4.233507    2.362702    6.362702 ^ rstn_i (in)
                                                         rstn_i (net)
                      4.233507    0.000000    6.362702 ^ _390_/RN (gf180mcu_fd_sc_mcu7t5v0__dffrnq_1)
                                              6.362702   data arrival time

                      0.150000   20.000000   20.000000   clock clk_i (rise edge)
                                  0.000000   20.000000   clock network delay (ideal)
                                 -0.250000   19.750002   clock uncertainty
                                  0.000000   19.750002   clock reconvergence pessimism
                                             19.750002 ^ _390_/CLK (gf180mcu_fd_sc_mcu7t5v0__dffrnq_1)
                                 -1.230100   18.519901   library recovery time
                                             18.519901   data required time
---------------------------------------------------------------------------------------------
                                             18.519901   data required time
                                             -6.362702   data arrival time
---------------------------------------------------------------------------------------------
                                             12.157199   slack (MET)


Startpoint: rstn_i (input port clocked by clk_i)
Endpoint: _391_ (recovery check against rising-edge clock clk_i)
Path Group: asynchronous
Path Type: max

Fanout         Cap        Slew       Delay        Time   Description
---------------------------------------------------------------------------------------------
                      0.150000    0.000000    0.000000   clock clk_i (rise edge)
                                  0.000000    0.000000   clock network delay (ideal)
                                  4.000000    4.000000 ^ input external delay
    36    0.253310    4.233507    2.362702    6.362702 ^ rstn_i (in)
                                                         rstn_i (net)
                      4.233507    0.000000    6.362702 ^ _391_/RN (gf180mcu_fd_sc_mcu7t5v0__dffrnq_1)
                                              6.362702   data arrival time

                      0.150000   20.000000   20.000000   clock clk_i (rise edge)
                                  0.000000   20.000000   clock network delay (ideal)
                                 -0.250000   19.750002   clock uncertainty
                                  0.000000   19.750002   clock reconvergence pessimism
                                             19.750002 ^ _391_/CLK (gf180mcu_fd_sc_mcu7t5v0__dffrnq_1)
                                 -1.230100   18.519901   library recovery time
                                             18.519901   data required time
---------------------------------------------------------------------------------------------
                                             18.519901   data required time
                                             -6.362702   data arrival time
---------------------------------------------------------------------------------------------
                                             12.157199   slack (MET)


Startpoint: rstn_i (input port clocked by clk_i)
Endpoint: _392_ (recovery check against rising-edge clock clk_i)
Path Group: asynchronous
Path Type: max

Fanout         Cap        Slew       Delay        Time   Description
---------------------------------------------------------------------------------------------
                      0.150000    0.000000    0.000000   clock clk_i (rise edge)
                                  0.000000    0.000000   clock network delay (ideal)
                                  4.000000    4.000000 ^ input external delay
    36    0.253310    4.233507    2.362702    6.362702 ^ rstn_i (in)
                                                         rstn_i (net)
                      4.233507    0.000000    6.362702 ^ _392_/RN (gf180mcu_fd_sc_mcu7t5v0__dffrnq_1)
                                              6.362702   data arrival time

                      0.150000   20.000000   20.000000   clock clk_i (rise edge)
                                  0.000000   20.000000   clock network delay (ideal)
                                 -0.250000   19.750002   clock uncertainty
                                  0.000000   19.750002   clock reconvergence pessimism
                                             19.750002 ^ _392_/CLK (gf180mcu_fd_sc_mcu7t5v0__dffrnq_1)
                                 -1.230100   18.519901   library recovery time
                                             18.519901   data required time
---------------------------------------------------------------------------------------------
                                             18.519901   data required time
                                             -6.362702   data arrival time
---------------------------------------------------------------------------------------------
                                             12.157199   slack (MET)


Startpoint: rstn_i (input port clocked by clk_i)
Endpoint: _393_ (recovery check against rising-edge clock clk_i)
Path Group: asynchronous
Path Type: max

Fanout         Cap        Slew       Delay        Time   Description
---------------------------------------------------------------------------------------------
                      0.150000    0.000000    0.000000   clock clk_i (rise edge)
                                  0.000000    0.000000   clock network delay (ideal)
                                  4.000000    4.000000 ^ input external delay
    36    0.253310    4.233507    2.362702    6.362702 ^ rstn_i (in)
                                                         rstn_i (net)
                      4.233507    0.000000    6.362702 ^ _393_/RN (gf180mcu_fd_sc_mcu7t5v0__dffrnq_1)
                                              6.362702   data arrival time

                      0.150000   20.000000   20.000000   clock clk_i (rise edge)
                                  0.000000   20.000000   clock network delay (ideal)
                                 -0.250000   19.750002   clock uncertainty
                                  0.000000   19.750002   clock reconvergence pessimism
                                             19.750002 ^ _393_/CLK (gf180mcu_fd_sc_mcu7t5v0__dffrnq_1)
                                 -1.230100   18.519901   library recovery time
                                             18.519901   data required time
---------------------------------------------------------------------------------------------
                                             18.519901   data required time
                                             -6.362702   data arrival time
---------------------------------------------------------------------------------------------
                                             12.157199   slack (MET)


Startpoint: rstn_i (input port clocked by clk_i)
Endpoint: _394_ (recovery check against rising-edge clock clk_i)
Path Group: asynchronous
Path Type: max

Fanout         Cap        Slew       Delay        Time   Description
---------------------------------------------------------------------------------------------
                      0.150000    0.000000    0.000000   clock clk_i (rise edge)
                                  0.000000    0.000000   clock network delay (ideal)
                                  4.000000    4.000000 ^ input external delay
    36    0.253310    4.233507    2.362702    6.362702 ^ rstn_i (in)
                                                         rstn_i (net)
                      4.233507    0.000000    6.362702 ^ _394_/RN (gf180mcu_fd_sc_mcu7t5v0__dffrnq_1)
                                              6.362702   data arrival time

                      0.150000   20.000000   20.000000   clock clk_i (rise edge)
                                  0.000000   20.000000   clock network delay (ideal)
                                 -0.250000   19.750002   clock uncertainty
                                  0.000000   19.750002   clock reconvergence pessimism
                                             19.750002 ^ _394_/CLK (gf180mcu_fd_sc_mcu7t5v0__dffrnq_1)
                                 -1.230100   18.519901   library recovery time
                                             18.519901   data required time
---------------------------------------------------------------------------------------------
                                             18.519901   data required time
                                             -6.362702   data arrival time
---------------------------------------------------------------------------------------------
                                             12.157199   slack (MET)


Startpoint: rstn_i (input port clocked by clk_i)
Endpoint: _395_ (recovery check against rising-edge clock clk_i)
Path Group: asynchronous
Path Type: max

Fanout         Cap        Slew       Delay        Time   Description
---------------------------------------------------------------------------------------------
                      0.150000    0.000000    0.000000   clock clk_i (rise edge)
                                  0.000000    0.000000   clock network delay (ideal)
                                  4.000000    4.000000 ^ input external delay
    36    0.253310    4.233507    2.362702    6.362702 ^ rstn_i (in)
                                                         rstn_i (net)
                      4.233507    0.000000    6.362702 ^ _395_/RN (gf180mcu_fd_sc_mcu7t5v0__dffrnq_1)
                                              6.362702   data arrival time

                      0.150000   20.000000   20.000000   clock clk_i (rise edge)
                                  0.000000   20.000000   clock network delay (ideal)
                                 -0.250000   19.750002   clock uncertainty
                                  0.000000   19.750002   clock reconvergence pessimism
                                             19.750002 ^ _395_/CLK (gf180mcu_fd_sc_mcu7t5v0__dffrnq_1)
                                 -1.230100   18.519901   library recovery time
                                             18.519901   data required time
---------------------------------------------------------------------------------------------
                                             18.519901   data required time
                                             -6.362702   data arrival time
---------------------------------------------------------------------------------------------
                                             12.157199   slack (MET)


Startpoint: rstn_i (input port clocked by clk_i)
Endpoint: _367_ (recovery check against rising-edge clock clk_i)
Path Group: asynchronous
Path Type: max

Fanout         Cap        Slew       Delay        Time   Description
---------------------------------------------------------------------------------------------
                      0.150000    0.000000    0.000000   clock clk_i (rise edge)
                                  0.000000    0.000000   clock network delay (ideal)
                                  4.000000    4.000000 ^ input external delay
    36    0.253310    4.233507    2.362702    6.362702 ^ rstn_i (in)
                                                         rstn_i (net)
                      4.233507    0.000000    6.362702 ^ _367_/SETN (gf180mcu_fd_sc_mcu7t5v0__dffsnq_1)
                                              6.362702   data arrival time

                      0.150000   20.000000   20.000000   clock clk_i (rise edge)
                                  0.000000   20.000000   clock network delay (ideal)
                                 -0.250000   19.750002   clock uncertainty
                                  0.000000   19.750002   clock reconvergence pessimism
                                             19.750002 ^ _367_/CLK (gf180mcu_fd_sc_mcu7t5v0__dffsnq_1)
                                 -1.172709   18.577293   library recovery time
                                             18.577293   data required time
---------------------------------------------------------------------------------------------
                                             18.577293   data required time
                                             -6.362702   data arrival time
---------------------------------------------------------------------------------------------
                                             12.214591   slack (MET)


Startpoint: rstn_i (input port clocked by clk_i)
Endpoint: _368_ (recovery check against rising-edge clock clk_i)
Path Group: asynchronous
Path Type: max

Fanout         Cap        Slew       Delay        Time   Description
---------------------------------------------------------------------------------------------
                      0.150000    0.000000    0.000000   clock clk_i (rise edge)
                                  0.000000    0.000000   clock network delay (ideal)
                                  4.000000    4.000000 ^ input external delay
    36    0.253310    4.233507    2.362702    6.362702 ^ rstn_i (in)
                                                         rstn_i (net)
                      4.233507    0.000000    6.362702 ^ _368_/SETN (gf180mcu_fd_sc_mcu7t5v0__dffsnq_1)
                                              6.362702   data arrival time

                      0.150000   20.000000   20.000000   clock clk_i (rise edge)
                                  0.000000   20.000000   clock network delay (ideal)
                                 -0.250000   19.750002   clock uncertainty
                                  0.000000   19.750002   clock reconvergence pessimism
                                             19.750002 ^ _368_/CLK (gf180mcu_fd_sc_mcu7t5v0__dffsnq_1)
                                 -1.172709   18.577293   library recovery time
                                             18.577293   data required time
---------------------------------------------------------------------------------------------
                                             18.577293   data required time
                                             -6.362702   data arrival time
---------------------------------------------------------------------------------------------
                                             12.214591   slack (MET)


Startpoint: rstn_i (input port clocked by clk_i)
Endpoint: _369_ (recovery check against rising-edge clock clk_i)
Path Group: asynchronous
Path Type: max

Fanout         Cap        Slew       Delay        Time   Description
---------------------------------------------------------------------------------------------
                      0.150000    0.000000    0.000000   clock clk_i (rise edge)
                                  0.000000    0.000000   clock network delay (ideal)
                                  4.000000    4.000000 ^ input external delay
    36    0.253310    4.233507    2.362702    6.362702 ^ rstn_i (in)
                                                         rstn_i (net)
                      4.233507    0.000000    6.362702 ^ _369_/SETN (gf180mcu_fd_sc_mcu7t5v0__dffsnq_1)
                                              6.362702   data arrival time

                      0.150000   20.000000   20.000000   clock clk_i (rise edge)
                                  0.000000   20.000000   clock network delay (ideal)
                                 -0.250000   19.750002   clock uncertainty
                                  0.000000   19.750002   clock reconvergence pessimism
                                             19.750002 ^ _369_/CLK (gf180mcu_fd_sc_mcu7t5v0__dffsnq_1)
                                 -1.172709   18.577293   library recovery time
                                             18.577293   data required time
---------------------------------------------------------------------------------------------
                                             18.577293   data required time
                                             -6.362702   data arrival time
---------------------------------------------------------------------------------------------
                                             12.214591   slack (MET)


Startpoint: rstn_i (input port clocked by clk_i)
Endpoint: _370_ (recovery check against rising-edge clock clk_i)
Path Group: asynchronous
Path Type: max

Fanout         Cap        Slew       Delay        Time   Description
---------------------------------------------------------------------------------------------
                      0.150000    0.000000    0.000000   clock clk_i (rise edge)
                                  0.000000    0.000000   clock network delay (ideal)
                                  4.000000    4.000000 ^ input external delay
    36    0.253310    4.233507    2.362702    6.362702 ^ rstn_i (in)
                                                         rstn_i (net)
                      4.233507    0.000000    6.362702 ^ _370_/SETN (gf180mcu_fd_sc_mcu7t5v0__dffsnq_1)
                                              6.362702   data arrival time

                      0.150000   20.000000   20.000000   clock clk_i (rise edge)
                                  0.000000   20.000000   clock network delay (ideal)
                                 -0.250000   19.750002   clock uncertainty
                                  0.000000   19.750002   clock reconvergence pessimism
                                             19.750002 ^ _370_/CLK (gf180mcu_fd_sc_mcu7t5v0__dffsnq_1)
                                 -1.172709   18.577293   library recovery time
                                             18.577293   data required time
---------------------------------------------------------------------------------------------
                                             18.577293   data required time
                                             -6.362702   data arrival time
---------------------------------------------------------------------------------------------
                                             12.214591   slack (MET)


Startpoint: rstn_i (input port clocked by clk_i)
Endpoint: _371_ (recovery check against rising-edge clock clk_i)
Path Group: asynchronous
Path Type: max

Fanout         Cap        Slew       Delay        Time   Description
---------------------------------------------------------------------------------------------
                      0.150000    0.000000    0.000000   clock clk_i (rise edge)
                                  0.000000    0.000000   clock network delay (ideal)
                                  4.000000    4.000000 ^ input external delay
    36    0.253310    4.233507    2.362702    6.362702 ^ rstn_i (in)
                                                         rstn_i (net)
                      4.233507    0.000000    6.362702 ^ _371_/SETN (gf180mcu_fd_sc_mcu7t5v0__dffsnq_1)
                                              6.362702   data arrival time

                      0.150000   20.000000   20.000000   clock clk_i (rise edge)
                                  0.000000   20.000000   clock network delay (ideal)
                                 -0.250000   19.750002   clock uncertainty
                                  0.000000   19.750002   clock reconvergence pessimism
                                             19.750002 ^ _371_/CLK (gf180mcu_fd_sc_mcu7t5v0__dffsnq_1)
                                 -1.172709   18.577293   library recovery time
                                             18.577293   data required time
---------------------------------------------------------------------------------------------
                                             18.577293   data required time
                                             -6.362702   data arrival time
---------------------------------------------------------------------------------------------
                                             12.214591   slack (MET)


Startpoint: rstn_i (input port clocked by clk_i)
Endpoint: _372_ (recovery check against rising-edge clock clk_i)
Path Group: asynchronous
Path Type: max

Fanout         Cap        Slew       Delay        Time   Description
---------------------------------------------------------------------------------------------
                      0.150000    0.000000    0.000000   clock clk_i (rise edge)
                                  0.000000    0.000000   clock network delay (ideal)
                                  4.000000    4.000000 ^ input external delay
    36    0.253310    4.233507    2.362702    6.362702 ^ rstn_i (in)
                                                         rstn_i (net)
                      4.233507    0.000000    6.362702 ^ _372_/SETN (gf180mcu_fd_sc_mcu7t5v0__dffsnq_1)
                                              6.362702   data arrival time

                      0.150000   20.000000   20.000000   clock clk_i (rise edge)
                                  0.000000   20.000000   clock network delay (ideal)
                                 -0.250000   19.750002   clock uncertainty
                                  0.000000   19.750002   clock reconvergence pessimism
                                             19.750002 ^ _372_/CLK (gf180mcu_fd_sc_mcu7t5v0__dffsnq_1)
                                 -1.172709   18.577293   library recovery time
                                             18.577293   data required time
---------------------------------------------------------------------------------------------
                                             18.577293   data required time
                                             -6.362702   data arrival time
---------------------------------------------------------------------------------------------
                                             12.214591   slack (MET)


Startpoint: rstn_i (input port clocked by clk_i)
Endpoint: _373_ (recovery check against rising-edge clock clk_i)
Path Group: asynchronous
Path Type: max

Fanout         Cap        Slew       Delay        Time   Description
---------------------------------------------------------------------------------------------
                      0.150000    0.000000    0.000000   clock clk_i (rise edge)
                                  0.000000    0.000000   clock network delay (ideal)
                                  4.000000    4.000000 ^ input external delay
    36    0.253310    4.233507    2.362702    6.362702 ^ rstn_i (in)
                                                         rstn_i (net)
                      4.233507    0.000000    6.362702 ^ _373_/SETN (gf180mcu_fd_sc_mcu7t5v0__dffsnq_1)
                                              6.362702   data arrival time

                      0.150000   20.000000   20.000000   clock clk_i (rise edge)
                                  0.000000   20.000000   clock network delay (ideal)
                                 -0.250000   19.750002   clock uncertainty
                                  0.000000   19.750002   clock reconvergence pessimism
                                             19.750002 ^ _373_/CLK (gf180mcu_fd_sc_mcu7t5v0__dffsnq_1)
                                 -1.172709   18.577293   library recovery time
                                             18.577293   data required time
---------------------------------------------------------------------------------------------
                                             18.577293   data required time
                                             -6.362702   data arrival time
---------------------------------------------------------------------------------------------
                                             12.214591   slack (MET)


Startpoint: rstn_i (input port clocked by clk_i)
Endpoint: _374_ (recovery check against rising-edge clock clk_i)
Path Group: asynchronous
Path Type: max

Fanout         Cap        Slew       Delay        Time   Description
---------------------------------------------------------------------------------------------
                      0.150000    0.000000    0.000000   clock clk_i (rise edge)
                                  0.000000    0.000000   clock network delay (ideal)
                                  4.000000    4.000000 ^ input external delay
    36    0.253310    4.233507    2.362702    6.362702 ^ rstn_i (in)
                                                         rstn_i (net)
                      4.233507    0.000000    6.362702 ^ _374_/SETN (gf180mcu_fd_sc_mcu7t5v0__dffsnq_1)
                                              6.362702   data arrival time

                      0.150000   20.000000   20.000000   clock clk_i (rise edge)
                                  0.000000   20.000000   clock network delay (ideal)
                                 -0.250000   19.750002   clock uncertainty
                                  0.000000   19.750002   clock reconvergence pessimism
                                             19.750002 ^ _374_/CLK (gf180mcu_fd_sc_mcu7t5v0__dffsnq_1)
                                 -1.172709   18.577293   library recovery time
                                             18.577293   data required time
---------------------------------------------------------------------------------------------
                                             18.577293   data required time
                                             -6.362702   data arrival time
---------------------------------------------------------------------------------------------
                                             12.214591   slack (MET)


Startpoint: rstn_i (input port clocked by clk_i)
Endpoint: _396_ (recovery check against rising-edge clock clk_i)
Path Group: asynchronous
Path Type: max

Fanout         Cap        Slew       Delay        Time   Description
---------------------------------------------------------------------------------------------
                      0.150000    0.000000    0.000000   clock clk_i (rise edge)
                                  0.000000    0.000000   clock network delay (ideal)
                                  4.000000    4.000000 ^ input external delay
    36    0.253310    4.233507    2.362702    6.362702 ^ rstn_i (in)
                                                         rstn_i (net)
                      4.233507    0.000000    6.362702 ^ _396_/SETN (gf180mcu_fd_sc_mcu7t5v0__dffsnq_1)
                                              6.362702   data arrival time

                      0.150000   20.000000   20.000000   clock clk_i (rise edge)
                                  0.000000   20.000000   clock network delay (ideal)
                                 -0.250000   19.750002   clock uncertainty
                                  0.000000   19.750002   clock reconvergence pessimism
                                             19.750002 ^ _396_/CLK (gf180mcu_fd_sc_mcu7t5v0__dffsnq_1)
                                 -1.172709   18.577293   library recovery time
                                             18.577293   data required time
---------------------------------------------------------------------------------------------
                                             18.577293   data required time
                                             -6.362702   data arrival time
---------------------------------------------------------------------------------------------
                                             12.214591   slack (MET)


Startpoint: rstn_i (input port clocked by clk_i)
Endpoint: _397_ (recovery check against rising-edge clock clk_i)
Path Group: asynchronous
Path Type: max

Fanout         Cap        Slew       Delay        Time   Description
---------------------------------------------------------------------------------------------
                      0.150000    0.000000    0.000000   clock clk_i (rise edge)
                                  0.000000    0.000000   clock network delay (ideal)
                                  4.000000    4.000000 ^ input external delay
    36    0.253310    4.233507    2.362702    6.362702 ^ rstn_i (in)
                                                         rstn_i (net)
                      4.233507    0.000000    6.362702 ^ _397_/SETN (gf180mcu_fd_sc_mcu7t5v0__dffsnq_1)
                                              6.362702   data arrival time

                      0.150000   20.000000   20.000000   clock clk_i (rise edge)
                                  0.000000   20.000000   clock network delay (ideal)
                                 -0.250000   19.750002   clock uncertainty
                                  0.000000   19.750002   clock reconvergence pessimism
                                             19.750002 ^ _397_/CLK (gf180mcu_fd_sc_mcu7t5v0__dffsnq_1)
                                 -1.172709   18.577293   library recovery time
                                             18.577293   data required time
---------------------------------------------------------------------------------------------
                                             18.577293   data required time
                                             -6.362702   data arrival time
---------------------------------------------------------------------------------------------
                                             12.214591   slack (MET)


Startpoint: rstn_i (input port clocked by clk_i)
Endpoint: _398_ (recovery check against rising-edge clock clk_i)
Path Group: asynchronous
Path Type: max

Fanout         Cap        Slew       Delay        Time   Description
---------------------------------------------------------------------------------------------
                      0.150000    0.000000    0.000000   clock clk_i (rise edge)
                                  0.000000    0.000000   clock network delay (ideal)
                                  4.000000    4.000000 ^ input external delay
    36    0.253310    4.233507    2.362702    6.362702 ^ rstn_i (in)
                                                         rstn_i (net)
                      4.233507    0.000000    6.362702 ^ _398_/SETN (gf180mcu_fd_sc_mcu7t5v0__dffsnq_1)
                                              6.362702   data arrival time

                      0.150000   20.000000   20.000000   clock clk_i (rise edge)
                                  0.000000   20.000000   clock network delay (ideal)
                                 -0.250000   19.750002   clock uncertainty
                                  0.000000   19.750002   clock reconvergence pessimism
                                             19.750002 ^ _398_/CLK (gf180mcu_fd_sc_mcu7t5v0__dffsnq_1)
                                 -1.172709   18.577293   library recovery time
                                             18.577293   data required time
---------------------------------------------------------------------------------------------
                                             18.577293   data required time
                                             -6.362702   data arrival time
---------------------------------------------------------------------------------------------
                                             12.214591   slack (MET)


Startpoint: cfg_div_i[10] (input port clocked by clk_i)
Endpoint: _394_ (rising edge-triggered flip-flop clocked by clk_i)
Path Group: clk_i
Path Type: max

Fanout         Cap        Slew       Delay        Time   Description
---------------------------------------------------------------------------------------------
                      0.150000    0.000000    0.000000   clock clk_i (rise edge)
                                  0.000000    0.000000   clock network delay (ideal)
                                  4.000000    4.000000 v input external delay
     3    0.016433    0.189797    0.098261    4.098260 v cfg_div_i[10] (in)
                                                         cfg_div_i[10] (net)
                      0.189797    0.000000    4.098260 v _216_/A1 (gf180mcu_fd_sc_mcu7t5v0__xor2_1)
     1    0.003875    0.212437    0.454964    4.553225 v _216_/Z (gf180mcu_fd_sc_mcu7t5v0__xor2_1)
                                                         _073_ (net)
                      0.212437    0.000000    4.553225 v _224_/A4 (gf180mcu_fd_sc_mcu7t5v0__nor4_1)
     1    0.004183    0.565041    0.434190    4.987414 ^ _224_/ZN (gf180mcu_fd_sc_mcu7t5v0__nor4_1)
                                                         _081_ (net)
                      0.565041    0.000000    4.987414 ^ _226_/A2 (gf180mcu_fd_sc_mcu7t5v0__nand3_1)
     1    0.002792    0.234967    0.150641    5.138055 v _226_/ZN (gf180mcu_fd_sc_mcu7t5v0__nand3_1)
                                                         _083_ (net)
                      0.234967    0.000000    5.138055 v _229_/A3 (gf180mcu_fd_sc_mcu7t5v0__or4_1)
     2    0.007203    0.311741    0.841840    5.979895 v _229_/Z (gf180mcu_fd_sc_mcu7t5v0__or4_1)
                                                         _086_ (net)
                      0.311741    0.000000    5.979895 v _259_/A1 (gf180mcu_fd_sc_mcu7t5v0__nand3_1)
    15    0.064384    1.493829    0.893872    6.873767 ^ _259_/ZN (gf180mcu_fd_sc_mcu7t5v0__nand3_1)
                                                         _111_ (net)
                      1.493829    0.000000    6.873767 ^ _305_/C (gf180mcu_fd_sc_mcu7t5v0__aoi211_1)
     1    0.003009    0.617970    0.332305    7.206072 v _305_/ZN (gf180mcu_fd_sc_mcu7t5v0__aoi211_1)
                                                         _006_ (net)
                      0.617970    0.000000    7.206072 v _394_/D (gf180mcu_fd_sc_mcu7t5v0__dffrnq_1)
                                              7.206072   data arrival time

                      0.150000   20.000000   20.000000   clock clk_i (rise edge)
                                  0.000000   20.000000   clock network delay (ideal)
                                 -0.250000   19.750002   clock uncertainty
                                  0.000000   19.750002   clock reconvergence pessimism
                                             19.750002 ^ _394_/CLK (gf180mcu_fd_sc_mcu7t5v0__dffrnq_1)
                                 -0.270432   19.479568   library setup time
                                             19.479568   data required time
---------------------------------------------------------------------------------------------
                                             19.479568   data required time
                                             -7.206072   data arrival time
---------------------------------------------------------------------------------------------
                                             12.273497   slack (MET)


Startpoint: cfg_div_i[10] (input port clocked by clk_i)
Endpoint: _379_ (rising edge-triggered flip-flop clocked by clk_i)
Path Group: clk_i
Path Type: max

Fanout         Cap        Slew       Delay        Time   Description
---------------------------------------------------------------------------------------------
                      0.150000    0.000000    0.000000   clock clk_i (rise edge)
                                  0.000000    0.000000   clock network delay (ideal)
                                  4.000000    4.000000 v input external delay
     3    0.016433    0.189797    0.098261    4.098260 v cfg_div_i[10] (in)
                                                         cfg_div_i[10] (net)
                      0.189797    0.000000    4.098260 v _216_/A1 (gf180mcu_fd_sc_mcu7t5v0__xor2_1)
     1    0.003875    0.212437    0.454964    4.553225 v _216_/Z (gf180mcu_fd_sc_mcu7t5v0__xor2_1)
                                                         _073_ (net)
                      0.212437    0.000000    4.553225 v _224_/A4 (gf180mcu_fd_sc_mcu7t5v0__nor4_1)
     1    0.004183    0.565041    0.434190    4.987414 ^ _224_/ZN (gf180mcu_fd_sc_mcu7t5v0__nor4_1)
                                                         _081_ (net)
                      0.565041    0.000000    4.987414 ^ _226_/A2 (gf180mcu_fd_sc_mcu7t5v0__nand3_1)
     1    0.002792    0.234967    0.150641    5.138055 v _226_/ZN (gf180mcu_fd_sc_mcu7t5v0__nand3_1)
                                                         _083_ (net)
                      0.234967    0.000000    5.138055 v _229_/A3 (gf180mcu_fd_sc_mcu7t5v0__or4_1)
     2    0.007203    0.311741    0.841840    5.979895 v _229_/Z (gf180mcu_fd_sc_mcu7t5v0__or4_1)
                                                         _086_ (net)
                      0.311741    0.000000    5.979895 v _259_/A1 (gf180mcu_fd_sc_mcu7t5v0__nand3_1)
    15    0.064384    1.493829    0.893872    6.873767 ^ _259_/ZN (gf180mcu_fd_sc_mcu7t5v0__nand3_1)
                                                         _111_ (net)
                      1.493829    0.000000    6.873767 ^ _260_/A2 (gf180mcu_fd_sc_mcu7t5v0__nor2_1)
     1    0.003009    0.410688    0.158315    7.032082 v _260_/ZN (gf180mcu_fd_sc_mcu7t5v0__nor2_1)
                                                         _000_ (net)
                      0.410688    0.000000    7.032082 v _379_/D (gf180mcu_fd_sc_mcu7t5v0__dffrnq_1)
                                              7.032082   data arrival time

                      0.150000   20.000000   20.000000   clock clk_i (rise edge)
                                  0.000000   20.000000   clock network delay (ideal)
                                 -0.250000   19.750002   clock uncertainty
                                  0.000000   19.750002   clock reconvergence pessimism
                                             19.750002 ^ _379_/CLK (gf180mcu_fd_sc_mcu7t5v0__dffrnq_1)
                                 -0.213067   19.536934   library setup time
                                             19.536934   data required time
---------------------------------------------------------------------------------------------
                                             19.536934   data required time
                                             -7.032082   data arrival time
---------------------------------------------------------------------------------------------
                                             12.504852   slack (MET)


Startpoint: cfg_div_i[10] (input port clocked by clk_i)
Endpoint: _381_ (rising edge-triggered flip-flop clocked by clk_i)
Path Group: clk_i
Path Type: max

Fanout         Cap        Slew       Delay        Time   Description
---------------------------------------------------------------------------------------------
                      0.150000    0.000000    0.000000   clock clk_i (rise edge)
                                  0.000000    0.000000   clock network delay (ideal)
                                  4.000000    4.000000 v input external delay
     3    0.016433    0.189797    0.098261    4.098260 v cfg_div_i[10] (in)
                                                         cfg_div_i[10] (net)
                      0.189797    0.000000    4.098260 v _216_/A1 (gf180mcu_fd_sc_mcu7t5v0__xor2_1)
     1    0.003875    0.212437    0.454964    4.553225 v _216_/Z (gf180mcu_fd_sc_mcu7t5v0__xor2_1)
                                                         _073_ (net)
                      0.212437    0.000000    4.553225 v _224_/A4 (gf180mcu_fd_sc_mcu7t5v0__nor4_1)
     1    0.004183    0.565041    0.434190    4.987414 ^ _224_/ZN (gf180mcu_fd_sc_mcu7t5v0__nor4_1)
                                                         _081_ (net)
                      0.565041    0.000000    4.987414 ^ _226_/A2 (gf180mcu_fd_sc_mcu7t5v0__nand3_1)
     1    0.002792    0.234967    0.150641    5.138055 v _226_/ZN (gf180mcu_fd_sc_mcu7t5v0__nand3_1)
                                                         _083_ (net)
                      0.234967    0.000000    5.138055 v _229_/A3 (gf180mcu_fd_sc_mcu7t5v0__or4_1)
     2    0.007203    0.311741    0.841840    5.979895 v _229_/Z (gf180mcu_fd_sc_mcu7t5v0__or4_1)
                                                         _086_ (net)
                      0.311741    0.000000    5.979895 v _259_/A1 (gf180mcu_fd_sc_mcu7t5v0__nand3_1)
    15    0.064384    1.493829    0.893872    6.873767 ^ _259_/ZN (gf180mcu_fd_sc_mcu7t5v0__nand3_1)
                                                         _111_ (net)
                      1.493829    0.000000    6.873767 ^ _265_/A1 (gf180mcu_fd_sc_mcu7t5v0__nor3_1)
     1    0.003009    0.376520    0.109926    6.983694 v _265_/ZN (gf180mcu_fd_sc_mcu7t5v0__nor3_1)
                                                         _008_ (net)
                      0.376520    0.000000    6.983694 v _381_/D (gf180mcu_fd_sc_mcu7t5v0__dffrnq_1)
                                              6.983694   data arrival time

                      0.150000   20.000000   20.000000   clock clk_i (rise edge)
                                  0.000000   20.000000   clock network delay (ideal)
                                 -0.250000   19.750002   clock uncertainty
                                  0.000000   19.750002   clock reconvergence pessimism
                                             19.750002 ^ _381_/CLK (gf180mcu_fd_sc_mcu7t5v0__dffrnq_1)
                                 -0.203579   19.546421   library setup time
                                             19.546421   data required time
---------------------------------------------------------------------------------------------
                                             19.546421   data required time
                                             -6.983694   data arrival time
---------------------------------------------------------------------------------------------
                                             12.562728   slack (MET)


Startpoint: cfg_div_i[10] (input port clocked by clk_i)
Endpoint: _382_ (rising edge-triggered flip-flop clocked by clk_i)
Path Group: clk_i
Path Type: max

Fanout         Cap        Slew       Delay        Time   Description
---------------------------------------------------------------------------------------------
                      0.150000    0.000000    0.000000   clock clk_i (rise edge)
                                  0.000000    0.000000   clock network delay (ideal)
                                  4.000000    4.000000 v input external delay
     3    0.016433    0.189797    0.098261    4.098260 v cfg_div_i[10] (in)
                                                         cfg_div_i[10] (net)
                      0.189797    0.000000    4.098260 v _216_/A1 (gf180mcu_fd_sc_mcu7t5v0__xor2_1)
     1    0.003875    0.212437    0.454964    4.553225 v _216_/Z (gf180mcu_fd_sc_mcu7t5v0__xor2_1)
                                                         _073_ (net)
                      0.212437    0.000000    4.553225 v _224_/A4 (gf180mcu_fd_sc_mcu7t5v0__nor4_1)
     1    0.004183    0.565041    0.434190    4.987414 ^ _224_/ZN (gf180mcu_fd_sc_mcu7t5v0__nor4_1)
                                                         _081_ (net)
                      0.565041    0.000000    4.987414 ^ _226_/A2 (gf180mcu_fd_sc_mcu7t5v0__nand3_1)
     1    0.002792    0.234967    0.150641    5.138055 v _226_/ZN (gf180mcu_fd_sc_mcu7t5v0__nand3_1)
                                                         _083_ (net)
                      0.234967    0.000000    5.138055 v _229_/A3 (gf180mcu_fd_sc_mcu7t5v0__or4_1)
     2    0.007203    0.311741    0.841840    5.979895 v _229_/Z (gf180mcu_fd_sc_mcu7t5v0__or4_1)
                                                         _086_ (net)
                      0.311741    0.000000    5.979895 v _259_/A1 (gf180mcu_fd_sc_mcu7t5v0__nand3_1)
    15    0.064384    1.493829    0.893872    6.873767 ^ _259_/ZN (gf180mcu_fd_sc_mcu7t5v0__nand3_1)
                                                         _111_ (net)
                      1.493829    0.000000    6.873767 ^ _268_/A1 (gf180mcu_fd_sc_mcu7t5v0__nor3_1)
     1    0.003009    0.376520    0.109926    6.983694 v _268_/ZN (gf180mcu_fd_sc_mcu7t5v0__nor3_1)
                                                         _009_ (net)
                      0.376520    0.000000    6.983694 v _382_/D (gf180mcu_fd_sc_mcu7t5v0__dffrnq_1)
                                              6.983694   data arrival time

                      0.150000   20.000000   20.000000   clock clk_i (rise edge)
                                  0.000000   20.000000   clock network delay (ideal)
                                 -0.250000   19.750002   clock uncertainty
                                  0.000000   19.750002   clock reconvergence pessimism
                                             19.750002 ^ _382_/CLK (gf180mcu_fd_sc_mcu7t5v0__dffrnq_1)
                                 -0.203579   19.546421   library setup time
                                             19.546421   data required time
---------------------------------------------------------------------------------------------
                                             19.546421   data required time
                                             -6.983694   data arrival time
---------------------------------------------------------------------------------------------
                                             12.562728   slack (MET)


Startpoint: cfg_div_i[10] (input port clocked by clk_i)
Endpoint: _384_ (rising edge-triggered flip-flop clocked by clk_i)
Path Group: clk_i
Path Type: max

Fanout         Cap        Slew       Delay        Time   Description
---------------------------------------------------------------------------------------------
                      0.150000    0.000000    0.000000   clock clk_i (rise edge)
                                  0.000000    0.000000   clock network delay (ideal)
                                  4.000000    4.000000 v input external delay
     3    0.016433    0.189797    0.098261    4.098260 v cfg_div_i[10] (in)
                                                         cfg_div_i[10] (net)
                      0.189797    0.000000    4.098260 v _216_/A1 (gf180mcu_fd_sc_mcu7t5v0__xor2_1)
     1    0.003875    0.212437    0.454964    4.553225 v _216_/Z (gf180mcu_fd_sc_mcu7t5v0__xor2_1)
                                                         _073_ (net)
                      0.212437    0.000000    4.553225 v _224_/A4 (gf180mcu_fd_sc_mcu7t5v0__nor4_1)
     1    0.004183    0.565041    0.434190    4.987414 ^ _224_/ZN (gf180mcu_fd_sc_mcu7t5v0__nor4_1)
                                                         _081_ (net)
                      0.565041    0.000000    4.987414 ^ _226_/A2 (gf180mcu_fd_sc_mcu7t5v0__nand3_1)
     1    0.002792    0.234967    0.150641    5.138055 v _226_/ZN (gf180mcu_fd_sc_mcu7t5v0__nand3_1)
                                                         _083_ (net)
                      0.234967    0.000000    5.138055 v _229_/A3 (gf180mcu_fd_sc_mcu7t5v0__or4_1)
     2    0.007203    0.311741    0.841840    5.979895 v _229_/Z (gf180mcu_fd_sc_mcu7t5v0__or4_1)
                                                         _086_ (net)
                      0.311741    0.000000    5.979895 v _259_/A1 (gf180mcu_fd_sc_mcu7t5v0__nand3_1)
    15    0.064384    1.493829    0.893872    6.873767 ^ _259_/ZN (gf180mcu_fd_sc_mcu7t5v0__nand3_1)
                                                         _111_ (net)
                      1.493829    0.000000    6.873767 ^ _274_/A1 (gf180mcu_fd_sc_mcu7t5v0__nor3_1)
     1    0.003009    0.376520    0.109926    6.983694 v _274_/ZN (gf180mcu_fd_sc_mcu7t5v0__nor3_1)
                                                         _011_ (net)
                      0.376520    0.000000    6.983694 v _384_/D (gf180mcu_fd_sc_mcu7t5v0__dffrnq_1)
                                              6.983694   data arrival time

                      0.150000   20.000000   20.000000   clock clk_i (rise edge)
                                  0.000000   20.000000   clock network delay (ideal)
                                 -0.250000   19.750002   clock uncertainty
                                  0.000000   19.750002   clock reconvergence pessimism
                                             19.750002 ^ _384_/CLK (gf180mcu_fd_sc_mcu7t5v0__dffrnq_1)
                                 -0.203579   19.546421   library setup time
                                             19.546421   data required time
---------------------------------------------------------------------------------------------
                                             19.546421   data required time
                                             -6.983694   data arrival time
---------------------------------------------------------------------------------------------
                                             12.562728   slack (MET)


Startpoint: cfg_div_i[10] (input port clocked by clk_i)
Endpoint: _388_ (rising edge-triggered flip-flop clocked by clk_i)
Path Group: clk_i
Path Type: max

Fanout         Cap        Slew       Delay        Time   Description
---------------------------------------------------------------------------------------------
                      0.150000    0.000000    0.000000   clock clk_i (rise edge)
                                  0.000000    0.000000   clock network delay (ideal)
                                  4.000000    4.000000 v input external delay
     3    0.016433    0.189797    0.098261    4.098260 v cfg_div_i[10] (in)
                                                         cfg_div_i[10] (net)
                      0.189797    0.000000    4.098260 v _216_/A1 (gf180mcu_fd_sc_mcu7t5v0__xor2_1)
     1    0.003875    0.212437    0.454964    4.553225 v _216_/Z (gf180mcu_fd_sc_mcu7t5v0__xor2_1)
                                                         _073_ (net)
                      0.212437    0.000000    4.553225 v _224_/A4 (gf180mcu_fd_sc_mcu7t5v0__nor4_1)
     1    0.004183    0.565041    0.434190    4.987414 ^ _224_/ZN (gf180mcu_fd_sc_mcu7t5v0__nor4_1)
                                                         _081_ (net)
                      0.565041    0.000000    4.987414 ^ _226_/A2 (gf180mcu_fd_sc_mcu7t5v0__nand3_1)
     1    0.002792    0.234967    0.150641    5.138055 v _226_/ZN (gf180mcu_fd_sc_mcu7t5v0__nand3_1)
                                                         _083_ (net)
                      0.234967    0.000000    5.138055 v _229_/A3 (gf180mcu_fd_sc_mcu7t5v0__or4_1)
     2    0.007203    0.311741    0.841840    5.979895 v _229_/Z (gf180mcu_fd_sc_mcu7t5v0__or4_1)
                                                         _086_ (net)
                      0.311741    0.000000    5.979895 v _259_/A1 (gf180mcu_fd_sc_mcu7t5v0__nand3_1)
    15    0.064384    1.493829    0.893872    6.873767 ^ _259_/ZN (gf180mcu_fd_sc_mcu7t5v0__nand3_1)
                                                         _111_ (net)
                      1.493829    0.000000    6.873767 ^ _286_/A1 (gf180mcu_fd_sc_mcu7t5v0__nor3_1)
     1    0.003009    0.376520    0.109926    6.983694 v _286_/ZN (gf180mcu_fd_sc_mcu7t5v0__nor3_1)
                                                         _015_ (net)
                      0.376520    0.000000    6.983694 v _388_/D (gf180mcu_fd_sc_mcu7t5v0__dffrnq_1)
                                              6.983694   data arrival time

                      0.150000   20.000000   20.000000   clock clk_i (rise edge)
                                  0.000000   20.000000   clock network delay (ideal)
                                 -0.250000   19.750002   clock uncertainty
                                  0.000000   19.750002   clock reconvergence pessimism
                                             19.750002 ^ _388_/CLK (gf180mcu_fd_sc_mcu7t5v0__dffrnq_1)
                                 -0.203579   19.546421   library setup time
                                             19.546421   data required time
---------------------------------------------------------------------------------------------
                                             19.546421   data required time
                                             -6.983694   data arrival time
---------------------------------------------------------------------------------------------
                                             12.562728   slack (MET)


Startpoint: cfg_div_i[10] (input port clocked by clk_i)
Endpoint: _389_ (rising edge-triggered flip-flop clocked by clk_i)
Path Group: clk_i
Path Type: max

Fanout         Cap        Slew       Delay        Time   Description
---------------------------------------------------------------------------------------------
                      0.150000    0.000000    0.000000   clock clk_i (rise edge)
                                  0.000000    0.000000   clock network delay (ideal)
                                  4.000000    4.000000 v input external delay
     3    0.016433    0.189797    0.098261    4.098260 v cfg_div_i[10] (in)
                                                         cfg_div_i[10] (net)
                      0.189797    0.000000    4.098260 v _216_/A1 (gf180mcu_fd_sc_mcu7t5v0__xor2_1)
     1    0.003875    0.212437    0.454964    4.553225 v _216_/Z (gf180mcu_fd_sc_mcu7t5v0__xor2_1)
                                                         _073_ (net)
                      0.212437    0.000000    4.553225 v _224_/A4 (gf180mcu_fd_sc_mcu7t5v0__nor4_1)
     1    0.004183    0.565041    0.434190    4.987414 ^ _224_/ZN (gf180mcu_fd_sc_mcu7t5v0__nor4_1)
                                                         _081_ (net)
                      0.565041    0.000000    4.987414 ^ _226_/A2 (gf180mcu_fd_sc_mcu7t5v0__nand3_1)
     1    0.002792    0.234967    0.150641    5.138055 v _226_/ZN (gf180mcu_fd_sc_mcu7t5v0__nand3_1)
                                                         _083_ (net)
                      0.234967    0.000000    5.138055 v _229_/A3 (gf180mcu_fd_sc_mcu7t5v0__or4_1)
     2    0.007203    0.311741    0.841840    5.979895 v _229_/Z (gf180mcu_fd_sc_mcu7t5v0__or4_1)
                                                         _086_ (net)
                      0.311741    0.000000    5.979895 v _259_/A1 (gf180mcu_fd_sc_mcu7t5v0__nand3_1)
    15    0.064384    1.493829    0.893872    6.873767 ^ _259_/ZN (gf180mcu_fd_sc_mcu7t5v0__nand3_1)
                                                         _111_ (net)
                      1.493829    0.000000    6.873767 ^ _290_/A1 (gf180mcu_fd_sc_mcu7t5v0__nor3_1)
     1    0.003009    0.376520    0.109926    6.983694 v _290_/ZN (gf180mcu_fd_sc_mcu7t5v0__nor3_1)
                                                         _001_ (net)
                      0.376520    0.000000    6.983694 v _389_/D (gf180mcu_fd_sc_mcu7t5v0__dffrnq_1)
                                              6.983694   data arrival time

                      0.150000   20.000000   20.000000   clock clk_i (rise edge)
                                  0.000000   20.000000   clock network delay (ideal)
                                 -0.250000   19.750002   clock uncertainty
                                  0.000000   19.750002   clock reconvergence pessimism
                                             19.750002 ^ _389_/CLK (gf180mcu_fd_sc_mcu7t5v0__dffrnq_1)
                                 -0.203579   19.546421   library setup time
                                             19.546421   data required time
---------------------------------------------------------------------------------------------
                                             19.546421   data required time
                                             -6.983694   data arrival time
---------------------------------------------------------------------------------------------
                                             12.562728   slack (MET)


Startpoint: cfg_div_i[10] (input port clocked by clk_i)
Endpoint: _390_ (rising edge-triggered flip-flop clocked by clk_i)
Path Group: clk_i
Path Type: max

Fanout         Cap        Slew       Delay        Time   Description
---------------------------------------------------------------------------------------------
                      0.150000    0.000000    0.000000   clock clk_i (rise edge)
                                  0.000000    0.000000   clock network delay (ideal)
                                  4.000000    4.000000 v input external delay
     3    0.016433    0.189797    0.098261    4.098260 v cfg_div_i[10] (in)
                                                         cfg_div_i[10] (net)
                      0.189797    0.000000    4.098260 v _216_/A1 (gf180mcu_fd_sc_mcu7t5v0__xor2_1)
     1    0.003875    0.212437    0.454964    4.553225 v _216_/Z (gf180mcu_fd_sc_mcu7t5v0__xor2_1)
                                                         _073_ (net)
                      0.212437    0.000000    4.553225 v _224_/A4 (gf180mcu_fd_sc_mcu7t5v0__nor4_1)
     1    0.004183    0.565041    0.434190    4.987414 ^ _224_/ZN (gf180mcu_fd_sc_mcu7t5v0__nor4_1)
                                                         _081_ (net)
                      0.565041    0.000000    4.987414 ^ _226_/A2 (gf180mcu_fd_sc_mcu7t5v0__nand3_1)
     1    0.002792    0.234967    0.150641    5.138055 v _226_/ZN (gf180mcu_fd_sc_mcu7t5v0__nand3_1)
                                                         _083_ (net)
                      0.234967    0.000000    5.138055 v _229_/A3 (gf180mcu_fd_sc_mcu7t5v0__or4_1)
     2    0.007203    0.311741    0.841840    5.979895 v _229_/Z (gf180mcu_fd_sc_mcu7t5v0__or4_1)
                                                         _086_ (net)
                      0.311741    0.000000    5.979895 v _259_/A1 (gf180mcu_fd_sc_mcu7t5v0__nand3_1)
    15    0.064384    1.493829    0.893872    6.873767 ^ _259_/ZN (gf180mcu_fd_sc_mcu7t5v0__nand3_1)
                                                         _111_ (net)
                      1.493829    0.000000    6.873767 ^ _294_/A1 (gf180mcu_fd_sc_mcu7t5v0__nor3_1)
     1    0.003009    0.376520    0.109926    6.983694 v _294_/ZN (gf180mcu_fd_sc_mcu7t5v0__nor3_1)
                                                         _002_ (net)
                      0.376520    0.000000    6.983694 v _390_/D (gf180mcu_fd_sc_mcu7t5v0__dffrnq_1)
                                              6.983694   data arrival time

                      0.150000   20.000000   20.000000   clock clk_i (rise edge)
                                  0.000000   20.000000   clock network delay (ideal)
                                 -0.250000   19.750002   clock uncertainty
                                  0.000000   19.750002   clock reconvergence pessimism
                                             19.750002 ^ _390_/CLK (gf180mcu_fd_sc_mcu7t5v0__dffrnq_1)
                                 -0.203579   19.546421   library setup time
                                             19.546421   data required time
---------------------------------------------------------------------------------------------
                                             19.546421   data required time
                                             -6.983694   data arrival time
---------------------------------------------------------------------------------------------
                                             12.562728   slack (MET)


Startpoint: cfg_div_i[10] (input port clocked by clk_i)
Endpoint: _392_ (rising edge-triggered flip-flop clocked by clk_i)
Path Group: clk_i
Path Type: max

Fanout         Cap        Slew       Delay        Time   Description
---------------------------------------------------------------------------------------------
                      0.150000    0.000000    0.000000   clock clk_i (rise edge)
                                  0.000000    0.000000   clock network delay (ideal)
                                  4.000000    4.000000 v input external delay
     3    0.016433    0.189797    0.098261    4.098260 v cfg_div_i[10] (in)
                                                         cfg_div_i[10] (net)
                      0.189797    0.000000    4.098260 v _216_/A1 (gf180mcu_fd_sc_mcu7t5v0__xor2_1)
     1    0.003875    0.212437    0.454964    4.553225 v _216_/Z (gf180mcu_fd_sc_mcu7t5v0__xor2_1)
                                                         _073_ (net)
                      0.212437    0.000000    4.553225 v _224_/A4 (gf180mcu_fd_sc_mcu7t5v0__nor4_1)
     1    0.004183    0.565041    0.434190    4.987414 ^ _224_/ZN (gf180mcu_fd_sc_mcu7t5v0__nor4_1)
                                                         _081_ (net)
                      0.565041    0.000000    4.987414 ^ _226_/A2 (gf180mcu_fd_sc_mcu7t5v0__nand3_1)
     1    0.002792    0.234967    0.150641    5.138055 v _226_/ZN (gf180mcu_fd_sc_mcu7t5v0__nand3_1)
                                                         _083_ (net)
                      0.234967    0.000000    5.138055 v _229_/A3 (gf180mcu_fd_sc_mcu7t5v0__or4_1)
     2    0.007203    0.311741    0.841840    5.979895 v _229_/Z (gf180mcu_fd_sc_mcu7t5v0__or4_1)
                                                         _086_ (net)
                      0.311741    0.000000    5.979895 v _259_/A1 (gf180mcu_fd_sc_mcu7t5v0__nand3_1)
    15    0.064384    1.493829    0.893872    6.873767 ^ _259_/ZN (gf180mcu_fd_sc_mcu7t5v0__nand3_1)
                                                         _111_ (net)
                      1.493829    0.000000    6.873767 ^ _300_/A1 (gf180mcu_fd_sc_mcu7t5v0__nor3_1)
     1    0.003009    0.376520    0.109926    6.983694 v _300_/ZN (gf180mcu_fd_sc_mcu7t5v0__nor3_1)
                                                         _004_ (net)
                      0.376520    0.000000    6.983694 v _392_/D (gf180mcu_fd_sc_mcu7t5v0__dffrnq_1)
                                              6.983694   data arrival time

                      0.150000   20.000000   20.000000   clock clk_i (rise edge)
                                  0.000000   20.000000   clock network delay (ideal)
                                 -0.250000   19.750002   clock uncertainty
                                  0.000000   19.750002   clock reconvergence pessimism
                                             19.750002 ^ _392_/CLK (gf180mcu_fd_sc_mcu7t5v0__dffrnq_1)
                                 -0.203579   19.546421   library setup time
                                             19.546421   data required time
---------------------------------------------------------------------------------------------
                                             19.546421   data required time
                                             -6.983694   data arrival time
---------------------------------------------------------------------------------------------
                                             12.562728   slack (MET)


Startpoint: cfg_div_i[10] (input port clocked by clk_i)
Endpoint: _393_ (rising edge-triggered flip-flop clocked by clk_i)
Path Group: clk_i
Path Type: max

Fanout         Cap        Slew       Delay        Time   Description
---------------------------------------------------------------------------------------------
                      0.150000    0.000000    0.000000   clock clk_i (rise edge)
                                  0.000000    0.000000   clock network delay (ideal)
                                  4.000000    4.000000 v input external delay
     3    0.016433    0.189797    0.098261    4.098260 v cfg_div_i[10] (in)
                                                         cfg_div_i[10] (net)
                      0.189797    0.000000    4.098260 v _216_/A1 (gf180mcu_fd_sc_mcu7t5v0__xor2_1)
     1    0.003875    0.212437    0.454964    4.553225 v _216_/Z (gf180mcu_fd_sc_mcu7t5v0__xor2_1)
                                                         _073_ (net)
                      0.212437    0.000000    4.553225 v _224_/A4 (gf180mcu_fd_sc_mcu7t5v0__nor4_1)
     1    0.004183    0.565041    0.434190    4.987414 ^ _224_/ZN (gf180mcu_fd_sc_mcu7t5v0__nor4_1)
                                                         _081_ (net)
                      0.565041    0.000000    4.987414 ^ _226_/A2 (gf180mcu_fd_sc_mcu7t5v0__nand3_1)
     1    0.002792    0.234967    0.150641    5.138055 v _226_/ZN (gf180mcu_fd_sc_mcu7t5v0__nand3_1)
                                                         _083_ (net)
                      0.234967    0.000000    5.138055 v _229_/A3 (gf180mcu_fd_sc_mcu7t5v0__or4_1)
     2    0.007203    0.311741    0.841840    5.979895 v _229_/Z (gf180mcu_fd_sc_mcu7t5v0__or4_1)
                                                         _086_ (net)
                      0.311741    0.000000    5.979895 v _259_/A1 (gf180mcu_fd_sc_mcu7t5v0__nand3_1)
    15    0.064384    1.493829    0.893872    6.873767 ^ _259_/ZN (gf180mcu_fd_sc_mcu7t5v0__nand3_1)
                                                         _111_ (net)
                      1.493829    0.000000    6.873767 ^ _303_/A1 (gf180mcu_fd_sc_mcu7t5v0__nor3_1)
     1    0.003009    0.376520    0.109926    6.983694 v _303_/ZN (gf180mcu_fd_sc_mcu7t5v0__nor3_1)
                                                         _005_ (net)
                      0.376520    0.000000    6.983694 v _393_/D (gf180mcu_fd_sc_mcu7t5v0__dffrnq_1)
                                              6.983694   data arrival time

                      0.150000   20.000000   20.000000   clock clk_i (rise edge)
                                  0.000000   20.000000   clock network delay (ideal)
                                 -0.250000   19.750002   clock uncertainty
                                  0.000000   19.750002   clock reconvergence pessimism
                                             19.750002 ^ _393_/CLK (gf180mcu_fd_sc_mcu7t5v0__dffrnq_1)
                                 -0.203579   19.546421   library setup time
                                             19.546421   data required time
---------------------------------------------------------------------------------------------
                                             19.546421   data required time
                                             -6.983694   data arrival time
---------------------------------------------------------------------------------------------
                                             12.562728   slack (MET)


Startpoint: cfg_div_i[10] (input port clocked by clk_i)
Endpoint: _380_ (rising edge-triggered flip-flop clocked by clk_i)
Path Group: clk_i
Path Type: max

Fanout         Cap        Slew       Delay        Time   Description
---------------------------------------------------------------------------------------------
                      0.150000    0.000000    0.000000   clock clk_i (rise edge)
                                  0.000000    0.000000   clock network delay (ideal)
                                  4.000000    4.000000 v input external delay
     3    0.016433    0.189797    0.098261    4.098260 v cfg_div_i[10] (in)
                                                         cfg_div_i[10] (net)
                      0.189797    0.000000    4.098260 v _216_/A1 (gf180mcu_fd_sc_mcu7t5v0__xor2_1)
     1    0.003875    0.212437    0.454964    4.553225 v _216_/Z (gf180mcu_fd_sc_mcu7t5v0__xor2_1)
                                                         _073_ (net)
                      0.212437    0.000000    4.553225 v _224_/A4 (gf180mcu_fd_sc_mcu7t5v0__nor4_1)
     1    0.004183    0.565041    0.434190    4.987414 ^ _224_/ZN (gf180mcu_fd_sc_mcu7t5v0__nor4_1)
                                                         _081_ (net)
                      0.565041    0.000000    4.987414 ^ _226_/A2 (gf180mcu_fd_sc_mcu7t5v0__nand3_1)
     1    0.002792    0.234967    0.150641    5.138055 v _226_/ZN (gf180mcu_fd_sc_mcu7t5v0__nand3_1)
                                                         _083_ (net)
                      0.234967    0.000000    5.138055 v _229_/A3 (gf180mcu_fd_sc_mcu7t5v0__or4_1)
     2    0.007203    0.311741    0.841840    5.979895 v _229_/Z (gf180mcu_fd_sc_mcu7t5v0__or4_1)
                                                         _086_ (net)
                      0.311741    0.000000    5.979895 v _259_/A1 (gf180mcu_fd_sc_mcu7t5v0__nand3_1)
    15    0.064384    1.493829    0.893872    6.873767 ^ _259_/ZN (gf180mcu_fd_sc_mcu7t5v0__nand3_1)
                                                         _111_ (net)
                      1.493829    0.000000    6.873767 ^ _262_/A1 (gf180mcu_fd_sc_mcu7t5v0__nor2_1)
     1    0.003009    0.342504    0.077122    6.950890 v _262_/ZN (gf180mcu_fd_sc_mcu7t5v0__nor2_1)
                                                         _007_ (net)
                      0.342504    0.000000    6.950890 v _380_/D (gf180mcu_fd_sc_mcu7t5v0__dffrnq_1)
                                              6.950890   data arrival time

                      0.150000   20.000000   20.000000   clock clk_i (rise edge)
                                  0.000000   20.000000   clock network delay (ideal)
                                 -0.250000   19.750002   clock uncertainty
                                  0.000000   19.750002   clock reconvergence pessimism
                                             19.750002 ^ _380_/CLK (gf180mcu_fd_sc_mcu7t5v0__dffrnq_1)
                                 -0.194133   19.555868   library setup time
                                             19.555868   data required time
---------------------------------------------------------------------------------------------
                                             19.555868   data required time
                                             -6.950890   data arrival time
---------------------------------------------------------------------------------------------
                                             12.604979   slack (MET)


Startpoint: cfg_div_i[10] (input port clocked by clk_i)
Endpoint: _383_ (rising edge-triggered flip-flop clocked by clk_i)
Path Group: clk_i
Path Type: max

Fanout         Cap        Slew       Delay        Time   Description
---------------------------------------------------------------------------------------------
                      0.150000    0.000000    0.000000   clock clk_i (rise edge)
                                  0.000000    0.000000   clock network delay (ideal)
                                  4.000000    4.000000 v input external delay
     3    0.016433    0.189797    0.098261    4.098260 v cfg_div_i[10] (in)
                                                         cfg_div_i[10] (net)
                      0.189797    0.000000    4.098260 v _216_/A1 (gf180mcu_fd_sc_mcu7t5v0__xor2_1)
     1    0.003875    0.212437    0.454964    4.553225 v _216_/Z (gf180mcu_fd_sc_mcu7t5v0__xor2_1)
                                                         _073_ (net)
                      0.212437    0.000000    4.553225 v _224_/A4 (gf180mcu_fd_sc_mcu7t5v0__nor4_1)
     1    0.004183    0.565041    0.434190    4.987414 ^ _224_/ZN (gf180mcu_fd_sc_mcu7t5v0__nor4_1)
                                                         _081_ (net)
                      0.565041    0.000000    4.987414 ^ _226_/A2 (gf180mcu_fd_sc_mcu7t5v0__nand3_1)
     1    0.002792    0.234967    0.150641    5.138055 v _226_/ZN (gf180mcu_fd_sc_mcu7t5v0__nand3_1)
                                                         _083_ (net)
                      0.234967    0.000000    5.138055 v _229_/A3 (gf180mcu_fd_sc_mcu7t5v0__or4_1)
     2    0.007203    0.311741    0.841840    5.979895 v _229_/Z (gf180mcu_fd_sc_mcu7t5v0__or4_1)
                                                         _086_ (net)
                      0.311741    0.000000    5.979895 v _259_/A1 (gf180mcu_fd_sc_mcu7t5v0__nand3_1)
    15    0.064384    1.493829    0.893872    6.873767 ^ _259_/ZN (gf180mcu_fd_sc_mcu7t5v0__nand3_1)
                                                         _111_ (net)
                      1.493829    0.000000    6.873767 ^ _270_/A1 (gf180mcu_fd_sc_mcu7t5v0__nor2_1)
     1    0.003009    0.342504    0.077122    6.950890 v _270_/ZN (gf180mcu_fd_sc_mcu7t5v0__nor2_1)
                                                         _010_ (net)
                      0.342504    0.000000    6.950890 v _383_/D (gf180mcu_fd_sc_mcu7t5v0__dffrnq_1)
                                              6.950890   data arrival time

                      0.150000   20.000000   20.000000   clock clk_i (rise edge)
                                  0.000000   20.000000   clock network delay (ideal)
                                 -0.250000   19.750002   clock uncertainty
                                  0.000000   19.750002   clock reconvergence pessimism
                                             19.750002 ^ _383_/CLK (gf180mcu_fd_sc_mcu7t5v0__dffrnq_1)
                                 -0.194133   19.555868   library setup time
                                             19.555868   data required time
---------------------------------------------------------------------------------------------
                                             19.555868   data required time
                                             -6.950890   data arrival time
---------------------------------------------------------------------------------------------
                                             12.604979   slack (MET)


Startpoint: cfg_div_i[10] (input port clocked by clk_i)
Endpoint: _385_ (rising edge-triggered flip-flop clocked by clk_i)
Path Group: clk_i
Path Type: max

Fanout         Cap        Slew       Delay        Time   Description
---------------------------------------------------------------------------------------------
                      0.150000    0.000000    0.000000   clock clk_i (rise edge)
                                  0.000000    0.000000   clock network delay (ideal)
                                  4.000000    4.000000 v input external delay
     3    0.016433    0.189797    0.098261    4.098260 v cfg_div_i[10] (in)
                                                         cfg_div_i[10] (net)
                      0.189797    0.000000    4.098260 v _216_/A1 (gf180mcu_fd_sc_mcu7t5v0__xor2_1)
     1    0.003875    0.212437    0.454964    4.553225 v _216_/Z (gf180mcu_fd_sc_mcu7t5v0__xor2_1)
                                                         _073_ (net)
                      0.212437    0.000000    4.553225 v _224_/A4 (gf180mcu_fd_sc_mcu7t5v0__nor4_1)
     1    0.004183    0.565041    0.434190    4.987414 ^ _224_/ZN (gf180mcu_fd_sc_mcu7t5v0__nor4_1)
                                                         _081_ (net)
                      0.565041    0.000000    4.987414 ^ _226_/A2 (gf180mcu_fd_sc_mcu7t5v0__nand3_1)
     1    0.002792    0.234967    0.150641    5.138055 v _226_/ZN (gf180mcu_fd_sc_mcu7t5v0__nand3_1)
                                                         _083_ (net)
                      0.234967    0.000000    5.138055 v _229_/A3 (gf180mcu_fd_sc_mcu7t5v0__or4_1)
     2    0.007203    0.311741    0.841840    5.979895 v _229_/Z (gf180mcu_fd_sc_mcu7t5v0__or4_1)
                                                         _086_ (net)
                      0.311741    0.000000    5.979895 v _259_/A1 (gf180mcu_fd_sc_mcu7t5v0__nand3_1)
    15    0.064384    1.493829    0.893872    6.873767 ^ _259_/ZN (gf180mcu_fd_sc_mcu7t5v0__nand3_1)
                                                         _111_ (net)
                      1.493829    0.000000    6.873767 ^ _277_/A1 (gf180mcu_fd_sc_mcu7t5v0__nor2_1)
     1    0.003009    0.342504    0.077122    6.950890 v _277_/ZN (gf180mcu_fd_sc_mcu7t5v0__nor2_1)
                                                         _012_ (net)
                      0.342504    0.000000    6.950890 v _385_/D (gf180mcu_fd_sc_mcu7t5v0__dffrnq_1)
                                              6.950890   data arrival time

                      0.150000   20.000000   20.000000   clock clk_i (rise edge)
                                  0.000000   20.000000   clock network delay (ideal)
                                 -0.250000   19.750002   clock uncertainty
                                  0.000000   19.750002   clock reconvergence pessimism
                                             19.750002 ^ _385_/CLK (gf180mcu_fd_sc_mcu7t5v0__dffrnq_1)
                                 -0.194133   19.555868   library setup time
                                             19.555868   data required time
---------------------------------------------------------------------------------------------
                                             19.555868   data required time
                                             -6.950890   data arrival time
---------------------------------------------------------------------------------------------
                                             12.604979   slack (MET)


Startpoint: cfg_div_i[10] (input port clocked by clk_i)
Endpoint: _387_ (rising edge-triggered flip-flop clocked by clk_i)
Path Group: clk_i
Path Type: max

Fanout         Cap        Slew       Delay        Time   Description
---------------------------------------------------------------------------------------------
                      0.150000    0.000000    0.000000   clock clk_i (rise edge)
                                  0.000000    0.000000   clock network delay (ideal)
                                  4.000000    4.000000 v input external delay
     3    0.016433    0.189797    0.098261    4.098260 v cfg_div_i[10] (in)
                                                         cfg_div_i[10] (net)
                      0.189797    0.000000    4.098260 v _216_/A1 (gf180mcu_fd_sc_mcu7t5v0__xor2_1)
     1    0.003875    0.212437    0.454964    4.553225 v _216_/Z (gf180mcu_fd_sc_mcu7t5v0__xor2_1)
                                                         _073_ (net)
                      0.212437    0.000000    4.553225 v _224_/A4 (gf180mcu_fd_sc_mcu7t5v0__nor4_1)
     1    0.004183    0.565041    0.434190    4.987414 ^ _224_/ZN (gf180mcu_fd_sc_mcu7t5v0__nor4_1)
                                                         _081_ (net)
                      0.565041    0.000000    4.987414 ^ _226_/A2 (gf180mcu_fd_sc_mcu7t5v0__nand3_1)
     1    0.002792    0.234967    0.150641    5.138055 v _226_/ZN (gf180mcu_fd_sc_mcu7t5v0__nand3_1)
                                                         _083_ (net)
                      0.234967    0.000000    5.138055 v _229_/A3 (gf180mcu_fd_sc_mcu7t5v0__or4_1)
     2    0.007203    0.311741    0.841840    5.979895 v _229_/Z (gf180mcu_fd_sc_mcu7t5v0__or4_1)
                                                         _086_ (net)
                      0.311741    0.000000    5.979895 v _259_/A1 (gf180mcu_fd_sc_mcu7t5v0__nand3_1)
    15    0.064384    1.493829    0.893872    6.873767 ^ _259_/ZN (gf180mcu_fd_sc_mcu7t5v0__nand3_1)
                                                         _111_ (net)
                      1.493829    0.000000    6.873767 ^ _283_/A1 (gf180mcu_fd_sc_mcu7t5v0__nor2_1)
     1    0.003009    0.342504    0.077122    6.950890 v _283_/ZN (gf180mcu_fd_sc_mcu7t5v0__nor2_1)
                                                         _014_ (net)
                      0.342504    0.000000    6.950890 v _387_/D (gf180mcu_fd_sc_mcu7t5v0__dffrnq_1)
                                              6.950890   data arrival time

                      0.150000   20.000000   20.000000   clock clk_i (rise edge)
                                  0.000000   20.000000   clock network delay (ideal)
                                 -0.250000   19.750002   clock uncertainty
                                  0.000000   19.750002   clock reconvergence pessimism
                                             19.750002 ^ _387_/CLK (gf180mcu_fd_sc_mcu7t5v0__dffrnq_1)
                                 -0.194133   19.555868   library setup time
                                             19.555868   data required time
---------------------------------------------------------------------------------------------
                                             19.555868   data required time
                                             -6.950890   data arrival time
---------------------------------------------------------------------------------------------
                                             12.604979   slack (MET)


Startpoint: cfg_div_i[10] (input port clocked by clk_i)
Endpoint: _391_ (rising edge-triggered flip-flop clocked by clk_i)
Path Group: clk_i
Path Type: max

Fanout         Cap        Slew       Delay        Time   Description
---------------------------------------------------------------------------------------------
                      0.150000    0.000000    0.000000   clock clk_i (rise edge)
                                  0.000000    0.000000   clock network delay (ideal)
                                  4.000000    4.000000 v input external delay
     3    0.016433    0.189797    0.098261    4.098260 v cfg_div_i[10] (in)
                                                         cfg_div_i[10] (net)
                      0.189797    0.000000    4.098260 v _216_/A1 (gf180mcu_fd_sc_mcu7t5v0__xor2_1)
     1    0.003875    0.212437    0.454964    4.553225 v _216_/Z (gf180mcu_fd_sc_mcu7t5v0__xor2_1)
                                                         _073_ (net)
                      0.212437    0.000000    4.553225 v _224_/A4 (gf180mcu_fd_sc_mcu7t5v0__nor4_1)
     1    0.004183    0.565041    0.434190    4.987414 ^ _224_/ZN (gf180mcu_fd_sc_mcu7t5v0__nor4_1)
                                                         _081_ (net)
                      0.565041    0.000000    4.987414 ^ _226_/A2 (gf180mcu_fd_sc_mcu7t5v0__nand3_1)
     1    0.002792    0.234967    0.150641    5.138055 v _226_/ZN (gf180mcu_fd_sc_mcu7t5v0__nand3_1)
                                                         _083_ (net)
                      0.234967    0.000000    5.138055 v _229_/A3 (gf180mcu_fd_sc_mcu7t5v0__or4_1)
     2    0.007203    0.311741    0.841840    5.979895 v _229_/Z (gf180mcu_fd_sc_mcu7t5v0__or4_1)
                                                         _086_ (net)
                      0.311741    0.000000    5.979895 v _259_/A1 (gf180mcu_fd_sc_mcu7t5v0__nand3_1)
    15    0.064384    1.493829    0.893872    6.873767 ^ _259_/ZN (gf180mcu_fd_sc_mcu7t5v0__nand3_1)
                                                         _111_ (net)
                      1.493829    0.000000    6.873767 ^ _296_/A1 (gf180mcu_fd_sc_mcu7t5v0__nor2_1)
     1    0.003009    0.342504    0.077122    6.950890 v _296_/ZN (gf180mcu_fd_sc_mcu7t5v0__nor2_1)
                                                         _003_ (net)
                      0.342504    0.000000    6.950890 v _391_/D (gf180mcu_fd_sc_mcu7t5v0__dffrnq_1)
                                              6.950890   data arrival time

                      0.150000   20.000000   20.000000   clock clk_i (rise edge)
                                  0.000000   20.000000   clock network delay (ideal)
                                 -0.250000   19.750002   clock uncertainty
                                  0.000000   19.750002   clock reconvergence pessimism
                                             19.750002 ^ _391_/CLK (gf180mcu_fd_sc_mcu7t5v0__dffrnq_1)
                                 -0.194133   19.555868   library setup time
                                             19.555868   data required time
---------------------------------------------------------------------------------------------
                                             19.555868   data required time
                                             -6.950890   data arrival time
---------------------------------------------------------------------------------------------
                                             12.604979   slack (MET)


Startpoint: _365_ (rising edge-triggered flip-flop clocked by clk_i)
Endpoint: rx_valid_o (output port clocked by clk_i)
Path Group: clk_i
Path Type: max

Fanout         Cap        Slew       Delay        Time   Description
---------------------------------------------------------------------------------------------
                      0.150000    0.000000    0.000000   clock clk_i (rise edge)
                                  0.000000    0.000000   clock network delay (ideal)
                      0.150000    0.000000    0.000000 ^ _365_/CLK (gf180mcu_fd_sc_mcu7t5v0__dffrnq_1)
     7    0.032838    0.367073    0.879884    0.879884 v _365_/Q (gf180mcu_fd_sc_mcu7t5v0__dffrnq_1)
                                                         CS[1] (net)
                      0.367073    0.000000    0.879884 v _201_/A1 (gf180mcu_fd_sc_mcu7t5v0__nor2_1)
     4    0.020206    0.725676    0.499629    1.379513 ^ _201_/ZN (gf180mcu_fd_sc_mcu7t5v0__nor2_1)
                                                         _059_ (net)
                      0.725676    0.000000    1.379513 ^ _254_/A3 (gf180mcu_fd_sc_mcu7t5v0__nand3_1)
     3    0.012576    0.411725    0.259823    1.639336 v _254_/ZN (gf180mcu_fd_sc_mcu7t5v0__nand3_1)
                                                         _110_ (net)
                      0.411725    0.000000    1.639336 v _255_/A2 (gf180mcu_fd_sc_mcu7t5v0__nor2_1)
     2    0.075699    2.392162    1.421938    3.061274 ^ _255_/ZN (gf180mcu_fd_sc_mcu7t5v0__nor2_1)
                                                         rx_valid_o (net)
                      2.392162    0.000000    3.061274 ^ rx_valid_o (out)
                                              3.061274   data arrival time

                      0.150000   20.000000   20.000000   clock clk_i (rise edge)
                                  0.000000   20.000000   clock network delay (ideal)
                                 -0.250000   19.750002   clock uncertainty
                                  0.000000   19.750002   clock reconvergence pessimism
                                 -4.000000   15.750001   output external delay
                                             15.750001   data required time
---------------------------------------------------------------------------------------------
                                             15.750001   data required time
                                             -3.061274   data arrival time
---------------------------------------------------------------------------------------------
                                             12.688726   slack (MET)


Startpoint: _365_ (rising edge-triggered flip-flop clocked by clk_i)
Endpoint: err_parity_o (output port clocked by clk_i)
Path Group: clk_i
Path Type: max

Fanout         Cap        Slew       Delay        Time   Description
---------------------------------------------------------------------------------------------
                      0.150000    0.000000    0.000000   clock clk_i (rise edge)
                                  0.000000    0.000000   clock network delay (ideal)
                      0.150000    0.000000    0.000000 ^ _365_/CLK (gf180mcu_fd_sc_mcu7t5v0__dffrnq_1)
     7    0.032838    0.367073    0.879884    0.879884 v _365_/Q (gf180mcu_fd_sc_mcu7t5v0__dffrnq_1)
                                                         CS[1] (net)
                      0.367073    0.000000    0.879884 v _201_/A1 (gf180mcu_fd_sc_mcu7t5v0__nor2_1)
     4    0.020206    0.725676    0.499629    1.379513 ^ _201_/ZN (gf180mcu_fd_sc_mcu7t5v0__nor2_1)
                                                         _059_ (net)
                      0.725676    0.000000    1.379513 ^ _254_/A3 (gf180mcu_fd_sc_mcu7t5v0__nand3_1)
     3    0.012576    0.411725    0.259823    1.639336 v _254_/ZN (gf180mcu_fd_sc_mcu7t5v0__nand3_1)
                                                         _110_ (net)
                      0.411725    0.000000    1.639336 v _258_/A2 (gf180mcu_fd_sc_mcu7t5v0__nor2_1)
     1    0.072910    2.308362    1.375459    3.014795 ^ _258_/ZN (gf180mcu_fd_sc_mcu7t5v0__nor2_1)
                                                         err_parity_o (net)
                      2.308362    0.000000    3.014795 ^ err_parity_o (out)
                                              3.014795   data arrival time

                      0.150000   20.000000   20.000000   clock clk_i (rise edge)
                                  0.000000   20.000000   clock network delay (ideal)
                                 -0.250000   19.750002   clock uncertainty
                                  0.000000   19.750002   clock reconvergence pessimism
                                 -4.000000   15.750001   output external delay
                                             15.750001   data required time
---------------------------------------------------------------------------------------------
                                             15.750001   data required time
                                             -3.014795   data arrival time
---------------------------------------------------------------------------------------------
                                             12.735206   slack (MET)


Startpoint: cfg_div_i[10] (input port clocked by clk_i)
Endpoint: _395_ (rising edge-triggered flip-flop clocked by clk_i)
Path Group: clk_i
Path Type: max

Fanout         Cap        Slew       Delay        Time   Description
---------------------------------------------------------------------------------------------
                      0.150000    0.000000    0.000000   clock clk_i (rise edge)
                                  0.000000    0.000000   clock network delay (ideal)
                                  4.000000    4.000000 v input external delay
     3    0.016433    0.189797    0.098261    4.098260 v cfg_div_i[10] (in)
                                                         cfg_div_i[10] (net)
                      0.189797    0.000000    4.098260 v _216_/A1 (gf180mcu_fd_sc_mcu7t5v0__xor2_1)
     1    0.003875    0.212437    0.454964    4.553225 v _216_/Z (gf180mcu_fd_sc_mcu7t5v0__xor2_1)
                                                         _073_ (net)
                      0.212437    0.000000    4.553225 v _224_/A4 (gf180mcu_fd_sc_mcu7t5v0__nor4_1)
     1    0.004183    0.565041    0.434190    4.987414 ^ _224_/ZN (gf180mcu_fd_sc_mcu7t5v0__nor4_1)
                                                         _081_ (net)
                      0.565041    0.000000    4.987414 ^ _226_/A2 (gf180mcu_fd_sc_mcu7t5v0__nand3_1)
     1    0.002792    0.234967    0.150641    5.138055 v _226_/ZN (gf180mcu_fd_sc_mcu7t5v0__nand3_1)
                                                         _083_ (net)
                      0.234967    0.000000    5.138055 v _229_/A3 (gf180mcu_fd_sc_mcu7t5v0__or4_1)
     2    0.007203    0.311741    0.841840    5.979895 v _229_/Z (gf180mcu_fd_sc_mcu7t5v0__or4_1)
                                                         _086_ (net)
                      0.311741    0.000000    5.979895 v _250_/A1 (gf180mcu_fd_sc_mcu7t5v0__and2_1)
     2    0.006982    0.144355    0.322023    6.301919 v _250_/Z (gf180mcu_fd_sc_mcu7t5v0__and2_1)
                                                         _107_ (net)
                      0.144355    0.000000    6.301919 v _253_/B (gf180mcu_fd_sc_mcu7t5v0__aoi21_1)
     1    0.003009    0.296328    0.235579    6.537498 ^ _253_/ZN (gf180mcu_fd_sc_mcu7t5v0__aoi21_1)
                                                         _016_ (net)
                      0.296328    0.000000    6.537498 ^ _395_/D (gf180mcu_fd_sc_mcu7t5v0__dffrnq_1)
                                              6.537498   data arrival time

                      0.150000   20.000000   20.000000   clock clk_i (rise edge)
                                  0.000000   20.000000   clock network delay (ideal)
                                 -0.250000   19.750002   clock uncertainty
                                  0.000000   19.750002   clock reconvergence pessimism
                                             19.750002 ^ _395_/CLK (gf180mcu_fd_sc_mcu7t5v0__dffrnq_1)
                                 -0.327750   19.422251   library setup time
                                             19.422251   data required time
---------------------------------------------------------------------------------------------
                                             19.422251   data required time
                                             -6.537498   data arrival time
---------------------------------------------------------------------------------------------
                                             12.884753   slack (MET)


Startpoint: cfg_div_i[10] (input port clocked by clk_i)
Endpoint: _386_ (rising edge-triggered flip-flop clocked by clk_i)
Path Group: clk_i
Path Type: max

Fanout         Cap        Slew       Delay        Time   Description
---------------------------------------------------------------------------------------------
                      0.150000    0.000000    0.000000   clock clk_i (rise edge)
                                  0.000000    0.000000   clock network delay (ideal)
                                  4.000000    4.000000 v input external delay
     3    0.016433    0.189797    0.098261    4.098260 v cfg_div_i[10] (in)
                                                         cfg_div_i[10] (net)
                      0.189797    0.000000    4.098260 v _216_/A1 (gf180mcu_fd_sc_mcu7t5v0__xor2_1)
     1    0.003875    0.212437    0.454964    4.553225 v _216_/Z (gf180mcu_fd_sc_mcu7t5v0__xor2_1)
                                                         _073_ (net)
                      0.212437    0.000000    4.553225 v _224_/A4 (gf180mcu_fd_sc_mcu7t5v0__nor4_1)
     1    0.004183    0.565041    0.434190    4.987414 ^ _224_/ZN (gf180mcu_fd_sc_mcu7t5v0__nor4_1)
                                                         _081_ (net)
                      0.565041    0.000000    4.987414 ^ _226_/A2 (gf180mcu_fd_sc_mcu7t5v0__nand3_1)
     1    0.002792    0.234967    0.150641    5.138055 v _226_/ZN (gf180mcu_fd_sc_mcu7t5v0__nand3_1)
                                                         _083_ (net)
                      0.234967    0.000000    5.138055 v _229_/A3 (gf180mcu_fd_sc_mcu7t5v0__or4_1)
     2    0.007203    0.311741    0.841840    5.979895 v _229_/Z (gf180mcu_fd_sc_mcu7t5v0__or4_1)
                                                         _086_ (net)
                      0.311741    0.000000    5.979895 v _250_/A1 (gf180mcu_fd_sc_mcu7t5v0__and2_1)
     2    0.006982    0.144355    0.322023    6.301919 v _250_/Z (gf180mcu_fd_sc_mcu7t5v0__and2_1)
                                                         _107_ (net)
                      0.144355    0.000000    6.301919 v _280_/A1 (gf180mcu_fd_sc_mcu7t5v0__and4_1)
     1    0.003009    0.156984    0.284301    6.586219 v _280_/Z (gf180mcu_fd_sc_mcu7t5v0__and4_1)
                                                         _013_ (net)
                      0.156984    0.000000    6.586219 v _386_/D (gf180mcu_fd_sc_mcu7t5v0__dffrnq_1)
                                              6.586219   data arrival time

                      0.150000   20.000000   20.000000   clock clk_i (rise edge)
                                  0.000000   20.000000   clock network delay (ideal)
                                 -0.250000   19.750002   clock uncertainty
                                  0.000000   19.750002   clock reconvergence pessimism
                                             19.750002 ^ _386_/CLK (gf180mcu_fd_sc_mcu7t5v0__dffrnq_1)
                                 -0.142515   19.607487   library setup time
                                             19.607487   data required time
---------------------------------------------------------------------------------------------
                                             19.607487   data required time
                                             -6.586219   data arrival time
---------------------------------------------------------------------------------------------
                                             13.021267   slack (MET)


Startpoint: cfg_bits_i[1] (input port clocked by clk_i)
Endpoint: _365_ (rising edge-triggered flip-flop clocked by clk_i)
Path Group: clk_i
Path Type: max

Fanout         Cap        Slew       Delay        Time   Description
---------------------------------------------------------------------------------------------
                      0.150000    0.000000    0.000000   clock clk_i (rise edge)
                                  0.000000    0.000000   clock network delay (ideal)
                                  4.000000    4.000000 ^ input external delay
     7    0.034527    0.621075    0.326189    4.326189 ^ cfg_bits_i[1] (in)
                                                         cfg_bits_i[1] (net)
                      0.621075    0.000000    4.326189 ^ _315_/A1 (gf180mcu_fd_sc_mcu7t5v0__xnor2_1)
     1    0.004183    0.328301    0.393834    4.720023 ^ _315_/ZN (gf180mcu_fd_sc_mcu7t5v0__xnor2_1)
                                                         _147_ (net)
                      0.328301    0.000000    4.720023 ^ _317_/A2 (gf180mcu_fd_sc_mcu7t5v0__nand3_1)
     2    0.007671    0.275209    0.205098    4.925121 v _317_/ZN (gf180mcu_fd_sc_mcu7t5v0__nand3_1)
                                                         _149_ (net)
                      0.275209    0.000000    4.925121 v _319_/A1 (gf180mcu_fd_sc_mcu7t5v0__and2_1)
     2    0.007271    0.148317    0.313455    5.238576 v _319_/Z (gf180mcu_fd_sc_mcu7t5v0__and2_1)
                                                         _151_ (net)
                      0.148317    0.000000    5.238576 v _321_/A1 (gf180mcu_fd_sc_mcu7t5v0__nor2_1)
     4    0.024673    0.861823    0.514656    5.753232 ^ _321_/ZN (gf180mcu_fd_sc_mcu7t5v0__nor2_1)
                                                         _153_ (net)
                      0.861823    0.000000    5.753232 ^ _327_/S (gf180mcu_fd_sc_mcu7t5v0__mux2_2)
     1    0.002789    0.102922    0.308148    6.061379 ^ _327_/Z (gf180mcu_fd_sc_mcu7t5v0__mux2_2)
                                                         _158_ (net)
                      0.102922    0.000000    6.061379 ^ _328_/A2 (gf180mcu_fd_sc_mcu7t5v0__and2_1)
     1    0.003009    0.128423    0.263297    6.324676 ^ _328_/Z (gf180mcu_fd_sc_mcu7t5v0__and2_1)
                                                         _024_ (net)
                      0.128423    0.000000    6.324676 ^ _365_/D (gf180mcu_fd_sc_mcu7t5v0__dffrnq_1)
                                              6.324676   data arrival time

                      0.150000   20.000000   20.000000   clock clk_i (rise edge)
                                  0.000000   20.000000   clock network delay (ideal)
                                 -0.250000   19.750002   clock uncertainty
                                  0.000000   19.750002   clock reconvergence pessimism
                                             19.750002 ^ _365_/CLK (gf180mcu_fd_sc_mcu7t5v0__dffrnq_1)
                                 -0.292317   19.457684   library setup time
                                             19.457684   data required time
---------------------------------------------------------------------------------------------
                                             19.457684   data required time
                                             -6.324676   data arrival time
---------------------------------------------------------------------------------------------
                                             13.133008   slack (MET)


Startpoint: cfg_bits_i[1] (input port clocked by clk_i)
Endpoint: _366_ (rising edge-triggered flip-flop clocked by clk_i)
Path Group: clk_i
Path Type: max

Fanout         Cap        Slew       Delay        Time   Description
---------------------------------------------------------------------------------------------
                      0.150000    0.000000    0.000000   clock clk_i (rise edge)
                                  0.000000    0.000000   clock network delay (ideal)
                                  4.000000    4.000000 ^ input external delay
     7    0.034527    0.621075    0.326189    4.326189 ^ cfg_bits_i[1] (in)
                                                         cfg_bits_i[1] (net)
                      0.621075    0.000000    4.326189 ^ _315_/A1 (gf180mcu_fd_sc_mcu7t5v0__xnor2_1)
     1    0.004183    0.328301    0.393834    4.720023 ^ _315_/ZN (gf180mcu_fd_sc_mcu7t5v0__xnor2_1)
                                                         _147_ (net)
                      0.328301    0.000000    4.720023 ^ _317_/A2 (gf180mcu_fd_sc_mcu7t5v0__nand3_1)
     2    0.007671    0.275209    0.205098    4.925121 v _317_/ZN (gf180mcu_fd_sc_mcu7t5v0__nand3_1)
                                                         _149_ (net)
                      0.275209    0.000000    4.925121 v _319_/A1 (gf180mcu_fd_sc_mcu7t5v0__and2_1)
     2    0.007271    0.148317    0.313455    5.238576 v _319_/Z (gf180mcu_fd_sc_mcu7t5v0__and2_1)
                                                         _151_ (net)
                      0.148317    0.000000    5.238576 v _321_/A1 (gf180mcu_fd_sc_mcu7t5v0__nor2_1)
     4    0.024673    0.861823    0.514656    5.753232 ^ _321_/ZN (gf180mcu_fd_sc_mcu7t5v0__nor2_1)
                                                         _153_ (net)
                      0.861823    0.000000    5.753232 ^ _330_/A2 (gf180mcu_fd_sc_mcu7t5v0__oai21_1)
     1    0.004011    0.323272    0.178833    5.932065 v _330_/ZN (gf180mcu_fd_sc_mcu7t5v0__oai21_1)
                                                         _160_ (net)
                      0.323272    0.000000    5.932065 v _331_/B (gf180mcu_fd_sc_mcu7t5v0__aoi21_1)
     1    0.003009    0.298603    0.265555    6.197619 ^ _331_/ZN (gf180mcu_fd_sc_mcu7t5v0__aoi21_1)
                                                         _025_ (net)
                      0.298603    0.000000    6.197619 ^ _366_/D (gf180mcu_fd_sc_mcu7t5v0__dffrnq_1)
                                              6.197619   data arrival time

                      0.150000   20.000000   20.000000   clock clk_i (rise edge)
                                  0.000000   20.000000   clock network delay (ideal)
                                 -0.250000   19.750002   clock uncertainty
                                  0.000000   19.750002   clock reconvergence pessimism
                                             19.750002 ^ _366_/CLK (gf180mcu_fd_sc_mcu7t5v0__dffrnq_1)
                                 -0.328242   19.421759   library setup time
                                             19.421759   data required time
---------------------------------------------------------------------------------------------
                                             19.421759   data required time
                                             -6.197619   data arrival time
---------------------------------------------------------------------------------------------
                                             13.224139   slack (MET)


Startpoint: _365_ (rising edge-triggered flip-flop clocked by clk_i)
Endpoint: busy_o (output port clocked by clk_i)
Path Group: clk_i
Path Type: max

Fanout         Cap        Slew       Delay        Time   Description
---------------------------------------------------------------------------------------------
                      0.150000    0.000000    0.000000   clock clk_i (rise edge)
                                  0.000000    0.000000   clock network delay (ideal)
                      0.150000    0.000000    0.000000 ^ _365_/CLK (gf180mcu_fd_sc_mcu7t5v0__dffrnq_1)
     7    0.032838    0.609998    1.159581    1.159581 ^ _365_/Q (gf180mcu_fd_sc_mcu7t5v0__dffrnq_1)
                                                         CS[1] (net)
                      0.609998    0.000000    1.159581 ^ _201_/A1 (gf180mcu_fd_sc_mcu7t5v0__nor2_1)
     4    0.020206    0.409794    0.323736    1.483317 v _201_/ZN (gf180mcu_fd_sc_mcu7t5v0__nor2_1)
                                                         _059_ (net)
                      0.409794    0.000000    1.483317 v _202_/A2 (gf180mcu_fd_sc_mcu7t5v0__nand2_1)
     3    0.082660    1.574554    1.006097    2.489414 ^ _202_/ZN (gf180mcu_fd_sc_mcu7t5v0__nand2_1)
                                                         busy_o (net)
                      1.574554    0.000000    2.489414 ^ busy_o (out)
                                              2.489414   data arrival time

                      0.150000   20.000000   20.000000   clock clk_i (rise edge)
                                  0.000000   20.000000   clock network delay (ideal)
                                 -0.250000   19.750002   clock uncertainty
                                  0.000000   19.750002   clock reconvergence pessimism
                                 -4.000000   15.750001   output external delay
                                             15.750001   data required time
---------------------------------------------------------------------------------------------
                                             15.750001   data required time
                                             -2.489414   data arrival time
---------------------------------------------------------------------------------------------
                                             13.260587   slack (MET)


Startpoint: cfg_bits_i[0] (input port clocked by clk_i)
Endpoint: _377_ (rising edge-triggered flip-flop clocked by clk_i)
Path Group: clk_i
Path Type: max

Fanout         Cap        Slew       Delay        Time   Description
---------------------------------------------------------------------------------------------
                      0.150000    0.000000    0.000000   clock clk_i (rise edge)
                                  0.000000    0.000000   clock network delay (ideal)
                                  4.000000    4.000000 v input external delay
     7    0.034725    0.369650    0.206401    4.206401 v cfg_bits_i[0] (in)
                                                         cfg_bits_i[0] (net)
                      0.369650    0.000000    4.206401 v _316_/A1 (gf180mcu_fd_sc_mcu7t5v0__xnor2_1)
     1    0.004287    0.278616    0.421534    4.627935 v _316_/ZN (gf180mcu_fd_sc_mcu7t5v0__xnor2_1)
                                                         _148_ (net)
                      0.278616    0.000000    4.627935 v _317_/A3 (gf180mcu_fd_sc_mcu7t5v0__nand3_1)
     2    0.007671    0.330868    0.275254    4.903189 ^ _317_/ZN (gf180mcu_fd_sc_mcu7t5v0__nand3_1)
                                                         _149_ (net)
                      0.330868    0.000000    4.903189 ^ _319_/A1 (gf180mcu_fd_sc_mcu7t5v0__and2_1)
     2    0.007271    0.201609    0.343024    5.246212 ^ _319_/Z (gf180mcu_fd_sc_mcu7t5v0__and2_1)
                                                         _151_ (net)
                      0.201609    0.000000    5.246212 ^ _352_/A2 (gf180mcu_fd_sc_mcu7t5v0__and2_1)
     3    0.013442    0.293708    0.374765    5.620977 ^ _352_/Z (gf180mcu_fd_sc_mcu7t5v0__and2_1)
                                                         _173_ (net)
                      0.293708    0.000000    5.620977 ^ _358_/A4 (gf180mcu_fd_sc_mcu7t5v0__nand4_1)
     1    0.004783    0.327040    0.211809    5.832787 v _358_/ZN (gf180mcu_fd_sc_mcu7t5v0__nand4_1)
                                                         _177_ (net)
                      0.327040    0.000000    5.832787 v _359_/B (gf180mcu_fd_sc_mcu7t5v0__oai21_1)
     1    0.003009    0.318375    0.240990    6.073777 ^ _359_/ZN (gf180mcu_fd_sc_mcu7t5v0__oai21_1)
                                                         _036_ (net)
                      0.318375    0.000000    6.073777 ^ _377_/D (gf180mcu_fd_sc_mcu7t5v0__dffrnq_1)
                                              6.073777   data arrival time

                      0.150000   20.000000   20.000000   clock clk_i (rise edge)
                                  0.000000   20.000000   clock network delay (ideal)
                                 -0.250000   19.750002   clock uncertainty
                                  0.000000   19.750002   clock reconvergence pessimism
                                             19.750002 ^ _377_/CLK (gf180mcu_fd_sc_mcu7t5v0__dffrnq_1)
                                 -0.332524   19.417479   library setup time
                                             19.417479   data required time
---------------------------------------------------------------------------------------------
                                             19.417479   data required time
                                             -6.073777   data arrival time
---------------------------------------------------------------------------------------------
                                             13.343701   slack (MET)


Startpoint: cfg_bits_i[1] (input port clocked by clk_i)
Endpoint: _364_ (rising edge-triggered flip-flop clocked by clk_i)
Path Group: clk_i
Path Type: max

Fanout         Cap        Slew       Delay        Time   Description
---------------------------------------------------------------------------------------------
                      0.150000    0.000000    0.000000   clock clk_i (rise edge)
                                  0.000000    0.000000   clock network delay (ideal)
                                  4.000000    4.000000 ^ input external delay
     7    0.034527    0.621075    0.326189    4.326189 ^ cfg_bits_i[1] (in)
                                                         cfg_bits_i[1] (net)
                      0.621075    0.000000    4.326189 ^ _315_/A1 (gf180mcu_fd_sc_mcu7t5v0__xnor2_1)
     1    0.004183    0.328301    0.393834    4.720023 ^ _315_/ZN (gf180mcu_fd_sc_mcu7t5v0__xnor2_1)
                                                         _147_ (net)
                      0.328301    0.000000    4.720023 ^ _317_/A2 (gf180mcu_fd_sc_mcu7t5v0__nand3_1)
     2    0.007671    0.275209    0.205098    4.925121 v _317_/ZN (gf180mcu_fd_sc_mcu7t5v0__nand3_1)
                                                         _149_ (net)
                      0.275209    0.000000    4.925121 v _319_/A1 (gf180mcu_fd_sc_mcu7t5v0__and2_1)
     2    0.007271    0.148317    0.313455    5.238576 v _319_/Z (gf180mcu_fd_sc_mcu7t5v0__and2_1)
                                                         _151_ (net)
                      0.148317    0.000000    5.238576 v _321_/A1 (gf180mcu_fd_sc_mcu7t5v0__nor2_1)
     4    0.024673    0.861823    0.514656    5.753232 ^ _321_/ZN (gf180mcu_fd_sc_mcu7t5v0__nor2_1)
                                                         _153_ (net)
                      0.861823    0.000000    5.753232 ^ _324_/A1 (gf180mcu_fd_sc_mcu7t5v0__aoi21_1)
     1    0.004243    0.273879    0.129793    5.883025 v _324_/ZN (gf180mcu_fd_sc_mcu7t5v0__aoi21_1)
                                                         _156_ (net)
                      0.273879    0.000000    5.883025 v _325_/A2 (gf180mcu_fd_sc_mcu7t5v0__nor2_1)
     1    0.003009    0.226522    0.191272    6.074296 ^ _325_/ZN (gf180mcu_fd_sc_mcu7t5v0__nor2_1)
                                                         _023_ (net)
                      0.226522    0.000000    6.074296 ^ _364_/D (gf180mcu_fd_sc_mcu7t5v0__dffrnq_1)
                                              6.074296   data arrival time

                      0.150000   20.000000   20.000000   clock clk_i (rise edge)
                                  0.000000   20.000000   clock network delay (ideal)
                                 -0.250000   19.750002   clock uncertainty
                                  0.000000   19.750002   clock reconvergence pessimism
                                             19.750002 ^ _364_/CLK (gf180mcu_fd_sc_mcu7t5v0__dffrnq_1)
                                 -0.312633   19.437368   library setup time
                                             19.437368   data required time
---------------------------------------------------------------------------------------------
                                             19.437368   data required time
                                             -6.074296   data arrival time
---------------------------------------------------------------------------------------------
                                             13.363071   slack (MET)


Startpoint: cfg_bits_i[0] (input port clocked by clk_i)
Endpoint: _376_ (rising edge-triggered flip-flop clocked by clk_i)
Path Group: clk_i
Path Type: max

Fanout         Cap        Slew       Delay        Time   Description
---------------------------------------------------------------------------------------------
                      0.150000    0.000000    0.000000   clock clk_i (rise edge)
                                  0.000000    0.000000   clock network delay (ideal)
                                  4.000000    4.000000 v input external delay
     7    0.034725    0.369650    0.206401    4.206401 v cfg_bits_i[0] (in)
                                                         cfg_bits_i[0] (net)
                      0.369650    0.000000    4.206401 v _316_/A1 (gf180mcu_fd_sc_mcu7t5v0__xnor2_1)
     1    0.004287    0.278616    0.421534    4.627935 v _316_/ZN (gf180mcu_fd_sc_mcu7t5v0__xnor2_1)
                                                         _148_ (net)
                      0.278616    0.000000    4.627935 v _317_/A3 (gf180mcu_fd_sc_mcu7t5v0__nand3_1)
     2    0.007671    0.330868    0.275254    4.903189 ^ _317_/ZN (gf180mcu_fd_sc_mcu7t5v0__nand3_1)
                                                         _149_ (net)
                      0.330868    0.000000    4.903189 ^ _319_/A1 (gf180mcu_fd_sc_mcu7t5v0__and2_1)
     2    0.007271    0.201609    0.343024    5.246212 ^ _319_/Z (gf180mcu_fd_sc_mcu7t5v0__and2_1)
                                                         _151_ (net)
                      0.201609    0.000000    5.246212 ^ _352_/A2 (gf180mcu_fd_sc_mcu7t5v0__and2_1)
     3    0.013442    0.293708    0.374765    5.620977 ^ _352_/Z (gf180mcu_fd_sc_mcu7t5v0__and2_1)
                                                         _173_ (net)
                      0.293708    0.000000    5.620977 ^ _356_/A2 (gf180mcu_fd_sc_mcu7t5v0__aoi21_1)
     1    0.004243    0.275237    0.119562    5.740540 v _356_/ZN (gf180mcu_fd_sc_mcu7t5v0__aoi21_1)
                                                         _176_ (net)
                      0.275237    0.000000    5.740540 v _357_/A2 (gf180mcu_fd_sc_mcu7t5v0__nor2_1)
     1    0.003009    0.288093    0.191507    5.932046 ^ _357_/ZN (gf180mcu_fd_sc_mcu7t5v0__nor2_1)
                                                         _035_ (net)
                      0.288093    0.000000    5.932046 ^ _376_/D (gf180mcu_fd_sc_mcu7t5v0__dffrnq_1)
                                              5.932046   data arrival time

                      0.150000   20.000000   20.000000   clock clk_i (rise edge)
                                  0.000000   20.000000   clock network delay (ideal)
                                 -0.250000   19.750002   clock uncertainty
                                  0.000000   19.750002   clock reconvergence pessimism
                                             19.750002 ^ _376_/CLK (gf180mcu_fd_sc_mcu7t5v0__dffrnq_1)
                                 -0.325966   19.424034   library setup time
                                             19.424034   data required time
---------------------------------------------------------------------------------------------
                                             19.424034   data required time
                                             -5.932046   data arrival time
---------------------------------------------------------------------------------------------
                                             13.491988   slack (MET)


Startpoint: cfg_bits_i[0] (input port clocked by clk_i)
Endpoint: _375_ (rising edge-triggered flip-flop clocked by clk_i)
Path Group: clk_i
Path Type: max

Fanout         Cap        Slew       Delay        Time   Description
---------------------------------------------------------------------------------------------
                      0.150000    0.000000    0.000000   clock clk_i (rise edge)
                                  0.000000    0.000000   clock network delay (ideal)
                                  4.000000    4.000000 v input external delay
     7    0.034725    0.369650    0.206401    4.206401 v cfg_bits_i[0] (in)
                                                         cfg_bits_i[0] (net)
                      0.369650    0.000000    4.206401 v _316_/A1 (gf180mcu_fd_sc_mcu7t5v0__xnor2_1)
     1    0.004287    0.278616    0.421534    4.627935 v _316_/ZN (gf180mcu_fd_sc_mcu7t5v0__xnor2_1)
                                                         _148_ (net)
                      0.278616    0.000000    4.627935 v _317_/A3 (gf180mcu_fd_sc_mcu7t5v0__nand3_1)
     2    0.007671    0.330868    0.275254    4.903189 ^ _317_/ZN (gf180mcu_fd_sc_mcu7t5v0__nand3_1)
                                                         _149_ (net)
                      0.330868    0.000000    4.903189 ^ _319_/A1 (gf180mcu_fd_sc_mcu7t5v0__and2_1)
     2    0.007271    0.201609    0.343024    5.246212 ^ _319_/Z (gf180mcu_fd_sc_mcu7t5v0__and2_1)
                                                         _151_ (net)
                      0.201609    0.000000    5.246212 ^ _352_/A2 (gf180mcu_fd_sc_mcu7t5v0__and2_1)
     3    0.013442    0.293708    0.374765    5.620977 ^ _352_/Z (gf180mcu_fd_sc_mcu7t5v0__and2_1)
                                                         _173_ (net)
                      0.293708    0.000000    5.620977 ^ _353_/I0 (gf180mcu_fd_sc_mcu7t5v0__mux2_2)
     1    0.003009    0.122528    0.270691    5.891668 ^ _353_/Z (gf180mcu_fd_sc_mcu7t5v0__mux2_2)
                                                         _034_ (net)
                      0.122528    0.000000    5.891668 ^ _375_/D (gf180mcu_fd_sc_mcu7t5v0__dffrnq_1)
                                              5.891668   data arrival time

                      0.150000   20.000000   20.000000   clock clk_i (rise edge)
                                  0.000000   20.000000   clock network delay (ideal)
                                 -0.250000   19.750002   clock uncertainty
                                  0.000000   19.750002   clock reconvergence pessimism
                                             19.750002 ^ _375_/CLK (gf180mcu_fd_sc_mcu7t5v0__dffrnq_1)
                                 -0.291394   19.458609   library setup time
                                             19.458609   data required time
---------------------------------------------------------------------------------------------
                                             19.458609   data required time
                                             -5.891668   data arrival time
---------------------------------------------------------------------------------------------
                                             13.566940   slack (MET)


Startpoint: _372_ (rising edge-triggered flip-flop clocked by clk_i)
Endpoint: rx_data_o[5] (output port clocked by clk_i)
Path Group: clk_i
Path Type: max

Fanout         Cap        Slew       Delay        Time   Description
---------------------------------------------------------------------------------------------
                      0.150000    0.000000    0.000000   clock clk_i (rise edge)
                                  0.000000    0.000000   clock network delay (ideal)
                      0.150000    0.000000    0.000000 ^ _372_/CLK (gf180mcu_fd_sc_mcu7t5v0__dffsnq_1)
     3    0.082497    1.423400    1.481334    1.481334 ^ _372_/Q (gf180mcu_fd_sc_mcu7t5v0__dffsnq_1)
                                                         rx_data_o[5] (net)
                      1.423400    0.000000    1.481334 ^ rx_data_o[5] (out)
                                              1.481334   data arrival time

                      0.150000   20.000000   20.000000   clock clk_i (rise edge)
                                  0.000000   20.000000   clock network delay (ideal)
                                 -0.250000   19.750002   clock uncertainty
                                  0.000000   19.750002   clock reconvergence pessimism
                                 -4.000000   15.750001   output external delay
                                             15.750001   data required time
---------------------------------------------------------------------------------------------
                                             15.750001   data required time
                                             -1.481334   data arrival time
---------------------------------------------------------------------------------------------
                                             14.268667   slack (MET)


Startpoint: _373_ (rising edge-triggered flip-flop clocked by clk_i)
Endpoint: rx_data_o[6] (output port clocked by clk_i)
Path Group: clk_i
Path Type: max

Fanout         Cap        Slew       Delay        Time   Description
---------------------------------------------------------------------------------------------
                      0.150000    0.000000    0.000000   clock clk_i (rise edge)
                                  0.000000    0.000000   clock network delay (ideal)
                      0.150000    0.000000    0.000000 ^ _373_/CLK (gf180mcu_fd_sc_mcu7t5v0__dffsnq_1)
     3    0.082486    1.423217    1.481231    1.481231 ^ _373_/Q (gf180mcu_fd_sc_mcu7t5v0__dffsnq_1)
                                                         rx_data_o[6] (net)
                      1.423217    0.000000    1.481231 ^ rx_data_o[6] (out)
                                              1.481231   data arrival time

                      0.150000   20.000000   20.000000   clock clk_i (rise edge)
                                  0.000000   20.000000   clock network delay (ideal)
                                 -0.250000   19.750002   clock uncertainty
                                  0.000000   19.750002   clock reconvergence pessimism
                                 -4.000000   15.750001   output external delay
                                             15.750001   data required time
---------------------------------------------------------------------------------------------
                                             15.750001   data required time
                                             -1.481231   data arrival time
---------------------------------------------------------------------------------------------
                                             14.268769   slack (MET)


Startpoint: _368_ (rising edge-triggered flip-flop clocked by clk_i)
Endpoint: rx_data_o[1] (output port clocked by clk_i)
Path Group: clk_i
Path Type: max

Fanout         Cap        Slew       Delay        Time   Description
---------------------------------------------------------------------------------------------
                      0.150000    0.000000    0.000000   clock clk_i (rise edge)
                                  0.000000    0.000000   clock network delay (ideal)
                      0.150000    0.000000    0.000000 ^ _368_/CLK (gf180mcu_fd_sc_mcu7t5v0__dffsnq_1)
     3    0.082371    1.421309    1.480161    1.480161 ^ _368_/Q (gf180mcu_fd_sc_mcu7t5v0__dffsnq_1)
                                                         rx_data_o[1] (net)
                      1.421309    0.000000    1.480161 ^ rx_data_o[1] (out)
                                              1.480161   data arrival time

                      0.150000   20.000000   20.000000   clock clk_i (rise edge)
                                  0.000000   20.000000   clock network delay (ideal)
                                 -0.250000   19.750002   clock uncertainty
                                  0.000000   19.750002   clock reconvergence pessimism
                                 -4.000000   15.750001   output external delay
                                             15.750001   data required time
---------------------------------------------------------------------------------------------
                                             15.750001   data required time
                                             -1.480161   data arrival time
---------------------------------------------------------------------------------------------
                                             14.269840   slack (MET)


Startpoint: _369_ (rising edge-triggered flip-flop clocked by clk_i)
Endpoint: rx_data_o[2] (output port clocked by clk_i)
Path Group: clk_i
Path Type: max

Fanout         Cap        Slew       Delay        Time   Description
---------------------------------------------------------------------------------------------
                      0.150000    0.000000    0.000000   clock clk_i (rise edge)
                                  0.000000    0.000000   clock network delay (ideal)
                      0.150000    0.000000    0.000000 ^ _369_/CLK (gf180mcu_fd_sc_mcu7t5v0__dffsnq_1)
     3    0.082371    1.421309    1.480161    1.480161 ^ _369_/Q (gf180mcu_fd_sc_mcu7t5v0__dffsnq_1)
                                                         rx_data_o[2] (net)
                      1.421309    0.000000    1.480161 ^ rx_data_o[2] (out)
                                              1.480161   data arrival time

                      0.150000   20.000000   20.000000   clock clk_i (rise edge)
                                  0.000000   20.000000   clock network delay (ideal)
                                 -0.250000   19.750002   clock uncertainty
                                  0.000000   19.750002   clock reconvergence pessimism
                                 -4.000000   15.750001   output external delay
                                             15.750001   data required time
---------------------------------------------------------------------------------------------
                                             15.750001   data required time
                                             -1.480161   data arrival time
---------------------------------------------------------------------------------------------
                                             14.269840   slack (MET)


Startpoint: _370_ (rising edge-triggered flip-flop clocked by clk_i)
Endpoint: rx_data_o[3] (output port clocked by clk_i)
Path Group: clk_i
Path Type: max

Fanout         Cap        Slew       Delay        Time   Description
---------------------------------------------------------------------------------------------
                      0.150000    0.000000    0.000000   clock clk_i (rise edge)
                                  0.000000    0.000000   clock network delay (ideal)
                      0.150000    0.000000    0.000000 ^ _370_/CLK (gf180mcu_fd_sc_mcu7t5v0__dffsnq_1)
     3    0.082371    1.421309    1.480161    1.480161 ^ _370_/Q (gf180mcu_fd_sc_mcu7t5v0__dffsnq_1)
                                                         rx_data_o[3] (net)
                      1.421309    0.000000    1.480161 ^ rx_data_o[3] (out)
                                              1.480161   data arrival time

                      0.150000   20.000000   20.000000   clock clk_i (rise edge)
                                  0.000000   20.000000   clock network delay (ideal)
                                 -0.250000   19.750002   clock uncertainty
                                  0.000000   19.750002   clock reconvergence pessimism
                                 -4.000000   15.750001   output external delay
                                             15.750001   data required time
---------------------------------------------------------------------------------------------
                                             15.750001   data required time
                                             -1.480161   data arrival time
---------------------------------------------------------------------------------------------
                                             14.269840   slack (MET)


Startpoint: _371_ (rising edge-triggered flip-flop clocked by clk_i)
Endpoint: rx_data_o[4] (output port clocked by clk_i)
Path Group: clk_i
Path Type: max

Fanout         Cap        Slew       Delay        Time   Description
---------------------------------------------------------------------------------------------
                      0.150000    0.000000    0.000000   clock clk_i (rise edge)
                                  0.000000    0.000000   clock network delay (ideal)
                      0.150000    0.000000    0.000000 ^ _371_/CLK (gf180mcu_fd_sc_mcu7t5v0__dffsnq_1)
     3    0.082371    1.421309    1.480161    1.480161 ^ _371_/Q (gf180mcu_fd_sc_mcu7t5v0__dffsnq_1)
                                                         rx_data_o[4] (net)
                      1.421309    0.000000    1.480161 ^ rx_data_o[4] (out)
                                              1.480161   data arrival time

                      0.150000   20.000000   20.000000   clock clk_i (rise edge)
                                  0.000000   20.000000   clock network delay (ideal)
                                 -0.250000   19.750002   clock uncertainty
                                  0.000000   19.750002   clock reconvergence pessimism
                                 -4.000000   15.750001   output external delay
                                             15.750001   data required time
---------------------------------------------------------------------------------------------
                                             15.750001   data required time
                                             -1.480161   data arrival time
---------------------------------------------------------------------------------------------
                                             14.269840   slack (MET)


Startpoint: _374_ (rising edge-triggered flip-flop clocked by clk_i)
Endpoint: rx_data_o[7] (output port clocked by clk_i)
Path Group: clk_i
Path Type: max

Fanout         Cap        Slew       Delay        Time   Description
---------------------------------------------------------------------------------------------
                      0.150000    0.000000    0.000000   clock clk_i (rise edge)
                                  0.000000    0.000000   clock network delay (ideal)
                      0.150000    0.000000    0.000000 ^ _374_/CLK (gf180mcu_fd_sc_mcu7t5v0__dffsnq_1)
     3    0.081932    1.414026    1.476074    1.476074 ^ _374_/Q (gf180mcu_fd_sc_mcu7t5v0__dffsnq_1)
                                                         rx_data_o[7] (net)
                      1.414026    0.000000    1.476074 ^ rx_data_o[7] (out)
                                              1.476074   data arrival time

                      0.150000   20.000000   20.000000   clock clk_i (rise edge)
                                  0.000000   20.000000   clock network delay (ideal)
                                 -0.250000   19.750002   clock uncertainty
                                  0.000000   19.750002   clock reconvergence pessimism
                                 -4.000000   15.750001   output external delay
                                             15.750001   data required time
---------------------------------------------------------------------------------------------
                                             15.750001   data required time
                                             -1.476074   data arrival time
---------------------------------------------------------------------------------------------
                                             14.273927   slack (MET)


Startpoint: _367_ (rising edge-triggered flip-flop clocked by clk_i)
Endpoint: rx_data_o[0] (output port clocked by clk_i)
Path Group: clk_i
Path Type: max

Fanout         Cap        Slew       Delay        Time   Description
---------------------------------------------------------------------------------------------
                      0.150000    0.000000    0.000000   clock clk_i (rise edge)
                                  0.000000    0.000000   clock network delay (ideal)
                      0.150000    0.000000    0.000000 ^ _367_/CLK (gf180mcu_fd_sc_mcu7t5v0__dffsnq_1)
     2    0.077643    1.342864    1.436149    1.436149 ^ _367_/Q (gf180mcu_fd_sc_mcu7t5v0__dffsnq_1)
                                                         rx_data_o[0] (net)
                      1.342864    0.000000    1.436149 ^ rx_data_o[0] (out)
                                              1.436149   data arrival time

                      0.150000   20.000000   20.000000   clock clk_i (rise edge)
                                  0.000000   20.000000   clock network delay (ideal)
                                 -0.250000   19.750002   clock uncertainty
                                  0.000000   19.750002   clock reconvergence pessimism
                                 -4.000000   15.750001   output external delay
                                             15.750001   data required time
---------------------------------------------------------------------------------------------
                                             15.750001   data required time
                                             -1.436149   data arrival time
---------------------------------------------------------------------------------------------
                                             14.313852   slack (MET)


Startpoint: cfg_bits_i[1] (input port clocked by clk_i)
Endpoint: _371_ (rising edge-triggered flip-flop clocked by clk_i)
Path Group: clk_i
Path Type: max

Fanout         Cap        Slew       Delay        Time   Description
---------------------------------------------------------------------------------------------
                      0.150000    0.000000    0.000000   clock clk_i (rise edge)
                                  0.000000    0.000000   clock network delay (ideal)
                                  4.000000    4.000000 ^ input external delay
     7    0.034527    0.621075    0.326189    4.326189 ^ cfg_bits_i[1] (in)
                                                         cfg_bits_i[1] (net)
                      0.621075    0.000000    4.326189 ^ _337_/A2 (gf180mcu_fd_sc_mcu7t5v0__oai21_1)
     1    0.004672    0.416285    0.184095    4.510284 v _337_/ZN (gf180mcu_fd_sc_mcu7t5v0__oai21_1)
                                                         _162_ (net)
                      0.416285    0.000000    4.510284 v _338_/B (gf180mcu_fd_sc_mcu7t5v0__oai31_1)
     1    0.004728    0.561583    0.308357    4.818641 ^ _338_/ZN (gf180mcu_fd_sc_mcu7t5v0__oai31_1)
                                                         _163_ (net)
                      0.561583    0.000000    4.818641 ^ _339_/I0 (gf180mcu_fd_sc_mcu7t5v0__mux2_2)
     1    0.002636    0.123600    0.286354    5.104995 ^ _339_/Z (gf180mcu_fd_sc_mcu7t5v0__mux2_2)
                                                         _030_ (net)
                      0.123600    0.000000    5.104995 ^ _371_/D (gf180mcu_fd_sc_mcu7t5v0__dffsnq_1)
                                              5.104995   data arrival time

                      0.150000   20.000000   20.000000   clock clk_i (rise edge)
                                  0.000000   20.000000   clock network delay (ideal)
                                 -0.250000   19.750002   clock uncertainty
                                  0.000000   19.750002   clock reconvergence pessimism
                                             19.750002 ^ _371_/CLK (gf180mcu_fd_sc_mcu7t5v0__dffsnq_1)
                                 -0.217860   19.532143   library setup time
                                             19.532143   data required time
---------------------------------------------------------------------------------------------
                                             19.532143   data required time
                                             -5.104995   data arrival time
---------------------------------------------------------------------------------------------
                                             14.427147   slack (MET)


Startpoint: cfg_bits_i[0] (input port clocked by clk_i)
Endpoint: _372_ (rising edge-triggered flip-flop clocked by clk_i)
Path Group: clk_i
Path Type: max

Fanout         Cap        Slew       Delay        Time   Description
---------------------------------------------------------------------------------------------
                      0.150000    0.000000    0.000000   clock clk_i (rise edge)
                                  0.000000    0.000000   clock network delay (ideal)
                                  4.000000    4.000000 ^ input external delay
     7    0.034725    0.624352    0.328038    4.328038 ^ cfg_bits_i[0] (in)
                                                         cfg_bits_i[0] (net)
                      0.624352    0.000000    4.328038 ^ _340_/A2 (gf180mcu_fd_sc_mcu7t5v0__nand2_1)
     1    0.004243    0.210759    0.116156    4.444193 v _340_/ZN (gf180mcu_fd_sc_mcu7t5v0__nand2_1)
                                                         _164_ (net)
                      0.210759    0.000000    4.444193 v _341_/A2 (gf180mcu_fd_sc_mcu7t5v0__nor2_1)
     1    0.004011    0.262923    0.197458    4.641652 ^ _341_/ZN (gf180mcu_fd_sc_mcu7t5v0__nor2_1)
                                                         _165_ (net)
                      0.262923    0.000000    4.641652 ^ _342_/B (gf180mcu_fd_sc_mcu7t5v0__aoi21_1)
     1    0.004823    0.356231    0.200535    4.842187 v _342_/ZN (gf180mcu_fd_sc_mcu7t5v0__aoi21_1)
                                                         _166_ (net)
                      0.356231    0.000000    4.842187 v _344_/A2 (gf180mcu_fd_sc_mcu7t5v0__oai21_1)
     1    0.002636    0.420334    0.218813    5.061000 ^ _344_/ZN (gf180mcu_fd_sc_mcu7t5v0__oai21_1)
                                                         _031_ (net)
                      0.420334    0.000000    5.061000 ^ _372_/D (gf180mcu_fd_sc_mcu7t5v0__dffsnq_1)
                                              5.061000   data arrival time

                      0.150000   20.000000   20.000000   clock clk_i (rise edge)
                                  0.000000   20.000000   clock network delay (ideal)
                                 -0.250000   19.750002   clock uncertainty
                                  0.000000   19.750002   clock reconvergence pessimism
                                             19.750002 ^ _372_/CLK (gf180mcu_fd_sc_mcu7t5v0__dffsnq_1)
                                 -0.260732   19.489269   library setup time
                                             19.489269   data required time
---------------------------------------------------------------------------------------------
                                             19.489269   data required time
                                             -5.061000   data arrival time
---------------------------------------------------------------------------------------------
                                             14.428269   slack (MET)


Startpoint: cfg_bits_i[0] (input port clocked by clk_i)
Endpoint: _373_ (rising edge-triggered flip-flop clocked by clk_i)
Path Group: clk_i
Path Type: max

Fanout         Cap        Slew       Delay        Time   Description
---------------------------------------------------------------------------------------------
                      0.150000    0.000000    0.000000   clock clk_i (rise edge)
                                  0.000000    0.000000   clock network delay (ideal)
                                  4.000000    4.000000 ^ input external delay
     7    0.034725    0.624352    0.328038    4.328038 ^ cfg_bits_i[0] (in)
                                                         cfg_bits_i[0] (net)
                      0.624352    0.000000    4.328038 ^ _345_/A1 (gf180mcu_fd_sc_mcu7t5v0__nand2_1)
     1    0.004670    0.230628    0.143898    4.471936 v _345_/ZN (gf180mcu_fd_sc_mcu7t5v0__nand2_1)
                                                         _168_ (net)
                      0.230628    0.000000    4.471936 v _346_/C (gf180mcu_fd_sc_mcu7t5v0__oai211_1)
     1    0.004823    0.419388    0.301020    4.772955 ^ _346_/ZN (gf180mcu_fd_sc_mcu7t5v0__oai211_1)
                                                         _169_ (net)
                      0.419388    0.000000    4.772955 ^ _348_/A2 (gf180mcu_fd_sc_mcu7t5v0__oai21_1)
     1    0.002636    0.405593    0.145854    4.918810 v _348_/ZN (gf180mcu_fd_sc_mcu7t5v0__oai21_1)
                                                         _032_ (net)
                      0.405593    0.000000    4.918810 v _373_/D (gf180mcu_fd_sc_mcu7t5v0__dffsnq_1)
                                              4.918810   data arrival time

                      0.150000   20.000000   20.000000   clock clk_i (rise edge)
                                  0.000000   20.000000   clock network delay (ideal)
                                 -0.250000   19.750002   clock uncertainty
                                  0.000000   19.750002   clock reconvergence pessimism
                                             19.750002 ^ _373_/CLK (gf180mcu_fd_sc_mcu7t5v0__dffsnq_1)
                                 -0.334070   19.415930   library setup time
                                             19.415930   data required time
---------------------------------------------------------------------------------------------
                                             19.415930   data required time
                                             -4.918810   data arrival time
---------------------------------------------------------------------------------------------
                                             14.497120   slack (MET)


Startpoint: cfg_en_i (input port clocked by clk_i)
Endpoint: _396_ (rising edge-triggered flip-flop clocked by clk_i)
Path Group: clk_i
Path Type: max

Fanout         Cap        Slew       Delay        Time   Description
---------------------------------------------------------------------------------------------
                      0.150000    0.000000    0.000000   clock clk_i (rise edge)
                                  0.000000    0.000000   clock network delay (ideal)
                                  4.000000    4.000000 ^ input external delay
     4    0.016328    0.319928    0.156176    4.156176 ^ cfg_en_i (in)
                                                         cfg_en_i (net)
                      0.319928    0.000000    4.156176 ^ _197_/I (gf180mcu_fd_sc_mcu7t5v0__clkinv_1)
     3    0.010342    0.238584    0.201545    4.357720 v _197_/ZN (gf180mcu_fd_sc_mcu7t5v0__clkinv_1)
                                                         _055_ (net)
                      0.238584    0.000000    4.357720 v _306_/A1 (gf180mcu_fd_sc_mcu7t5v0__or2_1)
     1    0.002636    0.143795    0.390556    4.748277 v _306_/Z (gf180mcu_fd_sc_mcu7t5v0__or2_1)
                                                         _017_ (net)
                      0.143795    0.000000    4.748277 v _396_/D (gf180mcu_fd_sc_mcu7t5v0__dffsnq_1)
                                              4.748277   data arrival time

                      0.150000   20.000000   20.000000   clock clk_i (rise edge)
                                  0.000000   20.000000   clock network delay (ideal)
                                 -0.250000   19.750002   clock uncertainty
                                  0.000000   19.750002   clock reconvergence pessimism
                                             19.750002 ^ _396_/CLK (gf180mcu_fd_sc_mcu7t5v0__dffsnq_1)
                                 -0.248141   19.501860   library setup time
                                             19.501860   data required time
---------------------------------------------------------------------------------------------
                                             19.501860   data required time
                                             -4.748277   data arrival time
---------------------------------------------------------------------------------------------
                                             14.753584   slack (MET)


Startpoint: cfg_en_i (input port clocked by clk_i)
Endpoint: _397_ (rising edge-triggered flip-flop clocked by clk_i)
Path Group: clk_i
Path Type: max

Fanout         Cap        Slew       Delay        Time   Description
---------------------------------------------------------------------------------------------
                      0.150000    0.000000    0.000000   clock clk_i (rise edge)
                                  0.000000    0.000000   clock network delay (ideal)
                                  4.000000    4.000000 ^ input external delay
     4    0.016328    0.319928    0.156176    4.156176 ^ cfg_en_i (in)
                                                         cfg_en_i (net)
                      0.319928    0.000000    4.156176 ^ _197_/I (gf180mcu_fd_sc_mcu7t5v0__clkinv_1)
     3    0.010342    0.238584    0.201545    4.357720 v _197_/ZN (gf180mcu_fd_sc_mcu7t5v0__clkinv_1)
                                                         _055_ (net)
                      0.238584    0.000000    4.357720 v _307_/A1 (gf180mcu_fd_sc_mcu7t5v0__or2_1)
     1    0.002636    0.143513    0.390556    4.748277 v _307_/Z (gf180mcu_fd_sc_mcu7t5v0__or2_1)
                                                         _018_ (net)
                      0.143513    0.000000    4.748277 v _397_/D (gf180mcu_fd_sc_mcu7t5v0__dffsnq_1)
                                              4.748277   data arrival time

                      0.150000   20.000000   20.000000   clock clk_i (rise edge)
                                  0.000000   20.000000   clock network delay (ideal)
                                 -0.250000   19.750002   clock uncertainty
                                  0.000000   19.750002   clock reconvergence pessimism
                                             19.750002 ^ _397_/CLK (gf180mcu_fd_sc_mcu7t5v0__dffsnq_1)
                                 -0.248059   19.501942   library setup time
                                             19.501942   data required time
---------------------------------------------------------------------------------------------
                                             19.501942   data required time
                                             -4.748277   data arrival time
---------------------------------------------------------------------------------------------
                                             14.753665   slack (MET)


Startpoint: cfg_bits_i[0] (input port clocked by clk_i)
Endpoint: _374_ (rising edge-triggered flip-flop clocked by clk_i)
Path Group: clk_i
Path Type: max

Fanout         Cap        Slew       Delay        Time   Description
---------------------------------------------------------------------------------------------
                      0.150000    0.000000    0.000000   clock clk_i (rise edge)
                                  0.000000    0.000000   clock network delay (ideal)
                                  4.000000    4.000000 ^ input external delay
     7    0.034725    0.624352    0.328038    4.328038 ^ cfg_bits_i[0] (in)
                                                         cfg_bits_i[0] (net)
                      0.624352    0.000000    4.328038 ^ _349_/A2 (gf180mcu_fd_sc_mcu7t5v0__nand3_1)
     1    0.004823    0.279616    0.182615    4.510653 v _349_/ZN (gf180mcu_fd_sc_mcu7t5v0__nand3_1)
                                                         _171_ (net)
                      0.279616    0.000000    4.510653 v _351_/A2 (gf180mcu_fd_sc_mcu7t5v0__oai21_1)
     1    0.002636    0.420334    0.204917    4.715570 ^ _351_/ZN (gf180mcu_fd_sc_mcu7t5v0__oai21_1)
                                                         _033_ (net)
                      0.420334    0.000000    4.715570 ^ _374_/D (gf180mcu_fd_sc_mcu7t5v0__dffsnq_1)
                                              4.715570   data arrival time

                      0.150000   20.000000   20.000000   clock clk_i (rise edge)
                                  0.000000   20.000000   clock network delay (ideal)
                                 -0.250000   19.750002   clock uncertainty
                                  0.000000   19.750002   clock reconvergence pessimism
                                             19.750002 ^ _374_/CLK (gf180mcu_fd_sc_mcu7t5v0__dffsnq_1)
                                 -0.260732   19.489269   library setup time
                                             19.489269   data required time
---------------------------------------------------------------------------------------------
                                             19.489269   data required time
                                             -4.715570   data arrival time
---------------------------------------------------------------------------------------------
                                             14.773699   slack (MET)


Startpoint: cfg_en_i (input port clocked by clk_i)
Endpoint: _398_ (rising edge-triggered flip-flop clocked by clk_i)
Path Group: clk_i
Path Type: max

Fanout         Cap        Slew       Delay        Time   Description
---------------------------------------------------------------------------------------------
                      0.150000    0.000000    0.000000   clock clk_i (rise edge)
                                  0.000000    0.000000   clock network delay (ideal)
                                  4.000000    4.000000 ^ input external delay
     4    0.016328    0.319928    0.156176    4.156176 ^ cfg_en_i (in)
                                                         cfg_en_i (net)
                      0.319928    0.000000    4.156176 ^ _308_/A2 (gf180mcu_fd_sc_mcu7t5v0__nand2_1)
     1    0.002636    0.133923    0.098173    4.254349 v _308_/ZN (gf180mcu_fd_sc_mcu7t5v0__nand2_1)
                                                         _019_ (net)
                      0.133923    0.000000    4.254349 v _398_/D (gf180mcu_fd_sc_mcu7t5v0__dffsnq_1)
                                              4.254349   data arrival time

                      0.150000   20.000000   20.000000   clock clk_i (rise edge)
                                  0.000000   20.000000   clock network delay (ideal)
                                 -0.250000   19.750002   clock uncertainty
                                  0.000000   19.750002   clock reconvergence pessimism
                                             19.750002 ^ _398_/CLK (gf180mcu_fd_sc_mcu7t5v0__dffsnq_1)
                                 -0.245258   19.504744   library setup time
                                             19.504744   data required time
---------------------------------------------------------------------------------------------
                                             19.504744   data required time
                                             -4.254349   data arrival time
---------------------------------------------------------------------------------------------
                                             15.250393   slack (MET)


Startpoint: _365_ (rising edge-triggered flip-flop clocked by clk_i)
Endpoint: _367_ (rising edge-triggered flip-flop clocked by clk_i)
Path Group: clk_i
Path Type: max

Fanout         Cap        Slew       Delay        Time   Description
---------------------------------------------------------------------------------------------
                      0.150000    0.000000    0.000000   clock clk_i (rise edge)
                                  0.000000    0.000000   clock network delay (ideal)
                      0.150000    0.000000    0.000000 ^ _365_/CLK (gf180mcu_fd_sc_mcu7t5v0__dffrnq_1)
     7    0.032838    0.609998    1.159581    1.159581 ^ _365_/Q (gf180mcu_fd_sc_mcu7t5v0__dffrnq_1)
                                                         CS[1] (net)
                      0.609998    0.000000    1.159581 ^ _180_/I (gf180mcu_fd_sc_mcu7t5v0__clkinv_1)
     2    0.008313    0.277316    0.217011    1.376591 v _180_/ZN (gf180mcu_fd_sc_mcu7t5v0__clkinv_1)
                                                         _038_ (net)
                      0.277316    0.000000    1.376591 v _318_/A1 (gf180mcu_fd_sc_mcu7t5v0__nor3_1)
     3    0.011841    0.731804    0.451382    1.827974 ^ _318_/ZN (gf180mcu_fd_sc_mcu7t5v0__nor3_1)
                                                         _150_ (net)
                      0.731804    0.000000    1.827974 ^ _332_/A2 (gf180mcu_fd_sc_mcu7t5v0__nand2_1)
    15    0.096782    1.493505    0.963545    2.791518 v _332_/ZN (gf180mcu_fd_sc_mcu7t5v0__nand2_1)
                                                         _161_ (net)
                      1.493505    0.000000    2.791518 v _333_/S (gf180mcu_fd_sc_mcu7t5v0__mux2_2)
     1    0.002636    0.144914    0.661613    3.453132 v _333_/Z (gf180mcu_fd_sc_mcu7t5v0__mux2_2)
                                                         _026_ (net)
                      0.144914    0.000000    3.453132 v _367_/D (gf180mcu_fd_sc_mcu7t5v0__dffsnq_1)
                                              3.453132   data arrival time

                      0.150000   20.000000   20.000000   clock clk_i (rise edge)
                                  0.000000   20.000000   clock network delay (ideal)
                                 -0.250000   19.750002   clock uncertainty
                                  0.000000   19.750002   clock reconvergence pessimism
                                             19.750002 ^ _367_/CLK (gf180mcu_fd_sc_mcu7t5v0__dffsnq_1)
                                 -0.248502   19.501499   library setup time
                                             19.501499   data required time
---------------------------------------------------------------------------------------------
                                             19.501499   data required time
                                             -3.453132   data arrival time
---------------------------------------------------------------------------------------------
                                             16.048368   slack (MET)


Startpoint: _365_ (rising edge-triggered flip-flop clocked by clk_i)
Endpoint: _368_ (rising edge-triggered flip-flop clocked by clk_i)
Path Group: clk_i
Path Type: max

Fanout         Cap        Slew       Delay        Time   Description
---------------------------------------------------------------------------------------------
                      0.150000    0.000000    0.000000   clock clk_i (rise edge)
                                  0.000000    0.000000   clock network delay (ideal)
                      0.150000    0.000000    0.000000 ^ _365_/CLK (gf180mcu_fd_sc_mcu7t5v0__dffrnq_1)
     7    0.032838    0.609998    1.159581    1.159581 ^ _365_/Q (gf180mcu_fd_sc_mcu7t5v0__dffrnq_1)
                                                         CS[1] (net)
                      0.609998    0.000000    1.159581 ^ _180_/I (gf180mcu_fd_sc_mcu7t5v0__clkinv_1)
     2    0.008313    0.277316    0.217011    1.376591 v _180_/ZN (gf180mcu_fd_sc_mcu7t5v0__clkinv_1)
                                                         _038_ (net)
                      0.277316    0.000000    1.376591 v _318_/A1 (gf180mcu_fd_sc_mcu7t5v0__nor3_1)
     3    0.011841    0.731804    0.451382    1.827974 ^ _318_/ZN (gf180mcu_fd_sc_mcu7t5v0__nor3_1)
                                                         _150_ (net)
                      0.731804    0.000000    1.827974 ^ _332_/A2 (gf180mcu_fd_sc_mcu7t5v0__nand2_1)
    15    0.096782    1.493505    0.963545    2.791518 v _332_/ZN (gf180mcu_fd_sc_mcu7t5v0__nand2_1)
                                                         _161_ (net)
                      1.493505    0.000000    2.791518 v _334_/S (gf180mcu_fd_sc_mcu7t5v0__mux2_2)
     1    0.002636    0.144914    0.661613    3.453132 v _334_/Z (gf180mcu_fd_sc_mcu7t5v0__mux2_2)
                                                         _027_ (net)
                      0.144914    0.000000    3.453132 v _368_/D (gf180mcu_fd_sc_mcu7t5v0__dffsnq_1)
                                              3.453132   data arrival time

                      0.150000   20.000000   20.000000   clock clk_i (rise edge)
                                  0.000000   20.000000   clock network delay (ideal)
                                 -0.250000   19.750002   clock uncertainty
                                  0.000000   19.750002   clock reconvergence pessimism
                                             19.750002 ^ _368_/CLK (gf180mcu_fd_sc_mcu7t5v0__dffsnq_1)
                                 -0.248502   19.501499   library setup time
                                             19.501499   data required time
---------------------------------------------------------------------------------------------
                                             19.501499   data required time
                                             -3.453132   data arrival time
---------------------------------------------------------------------------------------------
                                             16.048368   slack (MET)


Startpoint: _365_ (rising edge-triggered flip-flop clocked by clk_i)
Endpoint: _369_ (rising edge-triggered flip-flop clocked by clk_i)
Path Group: clk_i
Path Type: max

Fanout         Cap        Slew       Delay        Time   Description
---------------------------------------------------------------------------------------------
                      0.150000    0.000000    0.000000   clock clk_i (rise edge)
                                  0.000000    0.000000   clock network delay (ideal)
                      0.150000    0.000000    0.000000 ^ _365_/CLK (gf180mcu_fd_sc_mcu7t5v0__dffrnq_1)
     7    0.032838    0.609998    1.159581    1.159581 ^ _365_/Q (gf180mcu_fd_sc_mcu7t5v0__dffrnq_1)
                                                         CS[1] (net)
                      0.609998    0.000000    1.159581 ^ _180_/I (gf180mcu_fd_sc_mcu7t5v0__clkinv_1)
     2    0.008313    0.277316    0.217011    1.376591 v _180_/ZN (gf180mcu_fd_sc_mcu7t5v0__clkinv_1)
                                                         _038_ (net)
                      0.277316    0.000000    1.376591 v _318_/A1 (gf180mcu_fd_sc_mcu7t5v0__nor3_1)
     3    0.011841    0.731804    0.451382    1.827974 ^ _318_/ZN (gf180mcu_fd_sc_mcu7t5v0__nor3_1)
                                                         _150_ (net)
                      0.731804    0.000000    1.827974 ^ _332_/A2 (gf180mcu_fd_sc_mcu7t5v0__nand2_1)
    15    0.096782    1.493505    0.963545    2.791518 v _332_/ZN (gf180mcu_fd_sc_mcu7t5v0__nand2_1)
                                                         _161_ (net)
                      1.493505    0.000000    2.791518 v _335_/S (gf180mcu_fd_sc_mcu7t5v0__mux2_2)
     1    0.002636    0.144914    0.661613    3.453132 v _335_/Z (gf180mcu_fd_sc_mcu7t5v0__mux2_2)
                                                         _028_ (net)
                      0.144914    0.000000    3.453132 v _369_/D (gf180mcu_fd_sc_mcu7t5v0__dffsnq_1)
                                              3.453132   data arrival time

                      0.150000   20.000000   20.000000   clock clk_i (rise edge)
                                  0.000000   20.000000   clock network delay (ideal)
                                 -0.250000   19.750002   clock uncertainty
                                  0.000000   19.750002   clock reconvergence pessimism
                                             19.750002 ^ _369_/CLK (gf180mcu_fd_sc_mcu7t5v0__dffsnq_1)
                                 -0.248502   19.501499   library setup time
                                             19.501499   data required time
---------------------------------------------------------------------------------------------
                                             19.501499   data required time
                                             -3.453132   data arrival time
---------------------------------------------------------------------------------------------
                                             16.048368   slack (MET)


Startpoint: _365_ (rising edge-triggered flip-flop clocked by clk_i)
Endpoint: _370_ (rising edge-triggered flip-flop clocked by clk_i)
Path Group: clk_i
Path Type: max

Fanout         Cap        Slew       Delay        Time   Description
---------------------------------------------------------------------------------------------
                      0.150000    0.000000    0.000000   clock clk_i (rise edge)
                                  0.000000    0.000000   clock network delay (ideal)
                      0.150000    0.000000    0.000000 ^ _365_/CLK (gf180mcu_fd_sc_mcu7t5v0__dffrnq_1)
     7    0.032838    0.609998    1.159581    1.159581 ^ _365_/Q (gf180mcu_fd_sc_mcu7t5v0__dffrnq_1)
                                                         CS[1] (net)
                      0.609998    0.000000    1.159581 ^ _180_/I (gf180mcu_fd_sc_mcu7t5v0__clkinv_1)
     2    0.008313    0.277316    0.217011    1.376591 v _180_/ZN (gf180mcu_fd_sc_mcu7t5v0__clkinv_1)
                                                         _038_ (net)
                      0.277316    0.000000    1.376591 v _318_/A1 (gf180mcu_fd_sc_mcu7t5v0__nor3_1)
     3    0.011841    0.731804    0.451382    1.827974 ^ _318_/ZN (gf180mcu_fd_sc_mcu7t5v0__nor3_1)
                                                         _150_ (net)
                      0.731804    0.000000    1.827974 ^ _332_/A2 (gf180mcu_fd_sc_mcu7t5v0__nand2_1)
    15    0.096782    1.493505    0.963545    2.791518 v _332_/ZN (gf180mcu_fd_sc_mcu7t5v0__nand2_1)
                                                         _161_ (net)
                      1.493505    0.000000    2.791518 v _336_/S (gf180mcu_fd_sc_mcu7t5v0__mux2_2)
     1    0.002636    0.144914    0.661613    3.453132 v _336_/Z (gf180mcu_fd_sc_mcu7t5v0__mux2_2)
                                                         _029_ (net)
                      0.144914    0.000000    3.453132 v _370_/D (gf180mcu_fd_sc_mcu7t5v0__dffsnq_1)
                                              3.453132   data arrival time

                      0.150000   20.000000   20.000000   clock clk_i (rise edge)
                                  0.000000   20.000000   clock network delay (ideal)
                                 -0.250000   19.750002   clock uncertainty
                                  0.000000   19.750002   clock reconvergence pessimism
                                             19.750002 ^ _370_/CLK (gf180mcu_fd_sc_mcu7t5v0__dffsnq_1)
                                 -0.248502   19.501499   library setup time
                                             19.501499   data required time
---------------------------------------------------------------------------------------------
                                             19.501499   data required time
                                             -3.453132   data arrival time
---------------------------------------------------------------------------------------------
                                             16.048368   slack (MET)


Startpoint: _365_ (rising edge-triggered flip-flop clocked by clk_i)
Endpoint: _378_ (rising edge-triggered flip-flop clocked by clk_i)
Path Group: clk_i
Path Type: max

Fanout         Cap        Slew       Delay        Time   Description
---------------------------------------------------------------------------------------------
                      0.150000    0.000000    0.000000   clock clk_i (rise edge)
                                  0.000000    0.000000   clock network delay (ideal)
                      0.150000    0.000000    0.000000 ^ _365_/CLK (gf180mcu_fd_sc_mcu7t5v0__dffrnq_1)
     7    0.032838    0.609998    1.159581    1.159581 ^ _365_/Q (gf180mcu_fd_sc_mcu7t5v0__dffrnq_1)
                                                         CS[1] (net)
                      0.609998    0.000000    1.159581 ^ _180_/I (gf180mcu_fd_sc_mcu7t5v0__clkinv_1)
     2    0.008313    0.277316    0.217011    1.376591 v _180_/ZN (gf180mcu_fd_sc_mcu7t5v0__clkinv_1)
                                                         _038_ (net)
                      0.277316    0.000000    1.376591 v _318_/A1 (gf180mcu_fd_sc_mcu7t5v0__nor3_1)
     3    0.011841    0.731804    0.451382    1.827974 ^ _318_/ZN (gf180mcu_fd_sc_mcu7t5v0__nor3_1)
                                                         _150_ (net)
                      0.731804    0.000000    1.827974 ^ _332_/A2 (gf180mcu_fd_sc_mcu7t5v0__nand2_1)
    15    0.096782    1.493505    0.963545    2.791518 v _332_/ZN (gf180mcu_fd_sc_mcu7t5v0__nand2_1)
                                                         _161_ (net)
                      1.493505    0.000000    2.791518 v _361_/A2 (gf180mcu_fd_sc_mcu7t5v0__nand3_1)
     1    0.004783    0.483557    0.494565    3.286083 ^ _361_/ZN (gf180mcu_fd_sc_mcu7t5v0__nand3_1)
                                                         _179_ (net)
                      0.483557    0.000000    3.286083 ^ _362_/B (gf180mcu_fd_sc_mcu7t5v0__oai21_1)
     1    0.003009    0.495297    0.168272    3.454355 v _362_/ZN (gf180mcu_fd_sc_mcu7t5v0__oai21_1)
                                                         _037_ (net)
                      0.495297    0.000000    3.454355 v _378_/D (gf180mcu_fd_sc_mcu7t5v0__dffrnq_1)
                                              3.454355   data arrival time

                      0.150000   20.000000   20.000000   clock clk_i (rise edge)
                                  0.000000   20.000000   clock network delay (ideal)
                                 -0.250000   19.750002   clock uncertainty
                                  0.000000   19.750002   clock reconvergence pessimism
                                             19.750002 ^ _378_/CLK (gf180mcu_fd_sc_mcu7t5v0__dffrnq_1)
                                 -0.236562   19.513441   library setup time
                                             19.513441   data required time
---------------------------------------------------------------------------------------------
                                             19.513441   data required time
                                             -3.454355   data arrival time
---------------------------------------------------------------------------------------------
                                             16.059086   slack (MET)


Startpoint: _398_ (rising edge-triggered flip-flop clocked by clk_i)
Endpoint: _363_ (rising edge-triggered flip-flop clocked by clk_i)
Path Group: clk_i
Path Type: max

Fanout         Cap        Slew       Delay        Time   Description
---------------------------------------------------------------------------------------------
                      0.150000    0.000000    0.000000   clock clk_i (rise edge)
                                  0.000000    0.000000   clock network delay (ideal)
                      0.150000    0.000000    0.000000 ^ _398_/CLK (gf180mcu_fd_sc_mcu7t5v0__dffsnq_1)
     5    0.022317    0.429439    0.922510    0.922510 ^ _398_/Q (gf180mcu_fd_sc_mcu7t5v0__dffsnq_1)
                                                         reg_rx_sync[2] (net)
                      0.429439    0.000000    0.922510 ^ _182_/I (gf180mcu_fd_sc_mcu7t5v0__clkinv_1)
     3    0.016657    0.345777    0.284794    1.207304 v _182_/ZN (gf180mcu_fd_sc_mcu7t5v0__clkinv_1)
                                                         _040_ (net)
                      0.345777    0.000000    1.207304 v _309_/A1 (gf180mcu_fd_sc_mcu7t5v0__xor2_1)
     2    0.008947    0.263931    0.530662    1.737966 v _309_/Z (gf180mcu_fd_sc_mcu7t5v0__xor2_1)
                                                         _142_ (net)
                      0.263931    0.000000    1.737966 v _311_/A2 (gf180mcu_fd_sc_mcu7t5v0__nor3_1)
     1    0.004823    0.431981    0.313899    2.051865 ^ _311_/ZN (gf180mcu_fd_sc_mcu7t5v0__nor3_1)
                                                         _144_ (net)
                      0.431981    0.000000    2.051865 ^ _312_/A2 (gf180mcu_fd_sc_mcu7t5v0__oai21_1)
     1    0.004218    0.266055    0.165789    2.217654 v _312_/ZN (gf180mcu_fd_sc_mcu7t5v0__oai21_1)
                                                         _145_ (net)
                      0.266055    0.000000    2.217654 v _313_/I (gf180mcu_fd_sc_mcu7t5v0__clkinv_1)
     1    0.003009    0.135144    0.121912    2.339566 ^ _313_/ZN (gf180mcu_fd_sc_mcu7t5v0__clkinv_1)
                                                         _022_ (net)
                      0.135144    0.000000    2.339566 ^ _363_/D (gf180mcu_fd_sc_mcu7t5v0__dffrnq_1)
                                              2.339566   data arrival time

                      0.150000   20.000000   20.000000   clock clk_i (rise edge)
                                  0.000000   20.000000   clock network delay (ideal)
                                 -0.250000   19.750002   clock uncertainty
                                  0.000000   19.750002   clock reconvergence pessimism
                                             19.750002 ^ _363_/CLK (gf180mcu_fd_sc_mcu7t5v0__dffrnq_1)
                                 -0.293370   19.456631   library setup time
                                             19.456631   data required time
---------------------------------------------------------------------------------------------
                                             19.456631   data required time
                                             -2.339566   data arrival time
---------------------------------------------------------------------------------------------
                                             17.117064   slack (MET)



%OL_END_REPORT
%OL_CREATE_REPORT checks.rpt

===========================================================================
report_checks -unconstrained
===========================================================================
======================= nom_tt_025C_5v00 Corner ===================================

Startpoint: rstn_i (input port clocked by clk_i)
Endpoint: _363_ (recovery check against rising-edge clock clk_i)
Path Group: asynchronous
Path Type: max

Fanout         Cap        Slew       Delay        Time   Description
---------------------------------------------------------------------------------------------
                      0.150000    0.000000    0.000000   clock clk_i (rise edge)
                                  0.000000    0.000000   clock network delay (ideal)
                                  4.000000    4.000000 ^ input external delay
    36    0.253310    4.233507    2.362702    6.362702 ^ rstn_i (in)
                                                         rstn_i (net)
                      4.233507    0.000000    6.362702 ^ _363_/RN (gf180mcu_fd_sc_mcu7t5v0__dffrnq_1)
                                              6.362702   data arrival time

                      0.150000   20.000000   20.000000   clock clk_i (rise edge)
                                  0.000000   20.000000   clock network delay (ideal)
                                 -0.250000   19.750002   clock uncertainty
                                  0.000000   19.750002   clock reconvergence pessimism
                                             19.750002 ^ _363_/CLK (gf180mcu_fd_sc_mcu7t5v0__dffrnq_1)
                                 -1.230100   18.519901   library recovery time
                                             18.519901   data required time
---------------------------------------------------------------------------------------------
                                             18.519901   data required time
                                             -6.362702   data arrival time
---------------------------------------------------------------------------------------------
                                             12.157199   slack (MET)


Startpoint: rx_ready_i (input port clocked by clk_i)
Endpoint: err_overflow_o (output port clocked by clk_i)
Path Group: clk_i
Path Type: max

Fanout         Cap        Slew       Delay        Time   Description
---------------------------------------------------------------------------------------------
                      0.150000    0.000000    0.000000   clock clk_i (rise edge)
                                  0.000000    0.000000   clock network delay (ideal)
                                  4.000000    4.000000 v input external delay
     2    0.006780    0.094820    0.041183    4.041183 v rx_ready_i (in)
                                                         rx_ready_i (net)
                      0.094820    0.000000    4.041183 v _257_/A2 (gf180mcu_fd_sc_mcu7t5v0__nor3_1)
     1    0.072910    3.400723    1.940228    5.981411 ^ _257_/ZN (gf180mcu_fd_sc_mcu7t5v0__nor3_1)
                                                         err_overflow_o (net)
                      3.400723    0.000000    5.981411 ^ err_overflow_o (out)
                                              5.981411   data arrival time

                      0.150000   20.000000   20.000000   clock clk_i (rise edge)
                                  0.000000   20.000000   clock network delay (ideal)
                                 -0.250000   19.750002   clock uncertainty
                                  0.000000   19.750002   clock reconvergence pessimism
                                 -4.000000   15.750001   output external delay
                                             15.750001   data required time
---------------------------------------------------------------------------------------------
                                             15.750001   data required time
                                             -5.981411   data arrival time
---------------------------------------------------------------------------------------------
                                              9.768590   slack (MET)




===========================================================================
report_checks --slack_max -0.01
============================================================================
======================= nom_tt_025C_5v00 Corner ===================================

No paths found.


===========================================================================
 report_check_types -max_slew -max_cap -max_fanout -violators
============================================================================
======================= nom_tt_025C_5v00 Corner ===================================

max slew

Pin                                        Limit        Slew       Slack
------------------------------------------------------------------------
rstn_i                                  3.000000    4.233507   -1.233507 (VIOLATED)
_363_/RN                                3.000000    4.233507   -1.233507 (VIOLATED)
_364_/RN                                3.000000    4.233507   -1.233507 (VIOLATED)
_365_/RN                                3.000000    4.233507   -1.233507 (VIOLATED)
_366_/RN                                3.000000    4.233507   -1.233507 (VIOLATED)
_367_/SETN                              3.000000    4.233507   -1.233507 (VIOLATED)
_368_/SETN                              3.000000    4.233507   -1.233507 (VIOLATED)
_369_/SETN                              3.000000    4.233507   -1.233507 (VIOLATED)
_370_/SETN                              3.000000    4.233507   -1.233507 (VIOLATED)
_371_/SETN                              3.000000    4.233507   -1.233507 (VIOLATED)
_372_/SETN                              3.000000    4.233507   -1.233507 (VIOLATED)
_373_/SETN                              3.000000    4.233507   -1.233507 (VIOLATED)
_374_/SETN                              3.000000    4.233507   -1.233507 (VIOLATED)
_375_/RN                                3.000000    4.233507   -1.233507 (VIOLATED)
_376_/RN                                3.000000    4.233507   -1.233507 (VIOLATED)
_377_/RN                                3.000000    4.233507   -1.233507 (VIOLATED)
_378_/RN                                3.000000    4.233507   -1.233507 (VIOLATED)
_379_/RN                                3.000000    4.233507   -1.233507 (VIOLATED)
_380_/RN                                3.000000    4.233507   -1.233507 (VIOLATED)
_381_/RN                                3.000000    4.233507   -1.233507 (VIOLATED)
_382_/RN                                3.000000    4.233507   -1.233507 (VIOLATED)
_383_/RN                                3.000000    4.233507   -1.233507 (VIOLATED)
_384_/RN                                3.000000    4.233507   -1.233507 (VIOLATED)
_385_/RN                                3.000000    4.233507   -1.233507 (VIOLATED)
_386_/RN                                3.000000    4.233507   -1.233507 (VIOLATED)
_387_/RN                                3.000000    4.233507   -1.233507 (VIOLATED)
_388_/RN                                3.000000    4.233507   -1.233507 (VIOLATED)
_389_/RN                                3.000000    4.233507   -1.233507 (VIOLATED)
_390_/RN                                3.000000    4.233507   -1.233507 (VIOLATED)
_391_/RN                                3.000000    4.233507   -1.233507 (VIOLATED)
_392_/RN                                3.000000    4.233507   -1.233507 (VIOLATED)
_393_/RN                                3.000000    4.233507   -1.233507 (VIOLATED)
_394_/RN                                3.000000    4.233507   -1.233507 (VIOLATED)
_395_/RN                                3.000000    4.233507   -1.233507 (VIOLATED)
_396_/SETN                              3.000000    4.233507   -1.233507 (VIOLATED)
_397_/SETN                              3.000000    4.233507   -1.233507 (VIOLATED)
_398_/SETN                              3.000000    4.233507   -1.233507 (VIOLATED)
err_overflow_o                          3.000000    3.400723   -0.400723 (VIOLATED)
_257_/ZN                                3.000000    3.400723   -0.400723 (VIOLATED)

max fanout

Pin                                   Limit Fanout  Slack
---------------------------------------------------------
rstn_i                                   10     36    -26 (VIOLATED)
_259_/ZN                                 10     15     -5 (VIOLATED)
_332_/ZN                                 10     15     -5 (VIOLATED)

max capacitance

Pin                                        Limit         Cap       Slack
------------------------------------------------------------------------
rstn_i                                  0.200000    0.253310   -0.053310 (VIOLATED)



===========================================================================
report_parasitic_annotation -report_unannotated
============================================================================
Found 244 unannotated drivers.
 cfg_bits_i[0]
 cfg_bits_i[1]
 cfg_div_i[0]
 cfg_div_i[10]
 cfg_div_i[11]
 cfg_div_i[12]
 cfg_div_i[13]
 cfg_div_i[14]
 cfg_div_i[15]
 cfg_div_i[1]
 cfg_div_i[2]
 cfg_div_i[3]
 cfg_div_i[4]
 cfg_div_i[5]
 cfg_div_i[6]
 cfg_div_i[7]
 cfg_div_i[8]
 cfg_div_i[9]
 cfg_en_i
 cfg_parity_en_i
 cfg_stop_bits_i
 clk_i
 rstn_i
 rx_i
 rx_ready_i
 _180_/ZN
 _181_/ZN
 _182_/ZN
 _183_/ZN
 _184_/ZN
 _185_/ZN
 _186_/ZN
 _187_/ZN
 _188_/ZN
 _189_/ZN
 _190_/ZN
 _191_/ZN
 _192_/ZN
 _193_/ZN
 _194_/ZN
 _195_/ZN
 _196_/ZN
 _197_/ZN
 _198_/ZN
 _199_/ZN
 _200_/ZN
 _201_/ZN
 _202_/ZN
 _203_/Z
 _204_/Z
 _205_/Z
 _206_/Z
 _207_/ZN
 _208_/ZN
 _209_/ZN
 _210_/ZN
 _211_/Z
 _212_/Z
 _213_/Z
 _214_/Z
 _215_/Z
 _216_/Z
 _217_/Z
 _218_/Z
 _219_/ZN
 _220_/Z
 _221_/Z
 _222_/ZN
 _223_/ZN
 _224_/ZN
 _225_/ZN
 _226_/ZN
 _227_/Z
 _228_/ZN
 _229_/Z
 _230_/ZN
 _231_/Z
 _232_/ZN
 _233_/Z
 _234_/Z
 _235_/Z
 _236_/ZN
 _237_/Z
 _238_/ZN
 _239_/Z
 _240_/ZN
 _241_/ZN
 _242_/ZN
 _243_/Z
 _244_/ZN
 _245_/Z
 _246_/ZN
 _247_/ZN
 _248_/ZN
 _249_/ZN
 _250_/Z
 _251_/Z
 _252_/ZN
 _253_/ZN
 _254_/ZN
 _255_/ZN
 _256_/Z
 _257_/ZN
 _258_/ZN
 _259_/ZN
 _260_/ZN
 _261_/Z
 _262_/ZN
 _263_/Z
 _264_/ZN
 _265_/ZN
 _266_/Z
 _267_/ZN
 _268_/ZN
 _269_/Z
 _270_/ZN
 _271_/Z
 _272_/Z
 _273_/ZN
 _274_/ZN
 _275_/ZN
 _276_/ZN
 _277_/ZN
 _278_/ZN
 _279_/ZN
 _280_/Z
 _281_/ZN
 _282_/Z
 _283_/ZN
 _284_/ZN
 _285_/ZN
 _286_/ZN
 _287_/ZN
 _288_/ZN
 _289_/ZN
 _290_/ZN
 _291_/ZN
 _292_/ZN
 _293_/ZN
 _294_/ZN
 _295_/ZN
 _296_/ZN
 _297_/ZN
 _298_/ZN
 _299_/ZN
 _300_/ZN
 _301_/ZN
 _302_/Z
 _303_/ZN
 _304_/ZN
 _305_/ZN
 _306_/Z
 _307_/Z
 _308_/ZN
 _309_/Z
 _310_/ZN
 _311_/ZN
 _312_/ZN
 _313_/ZN
 _314_/ZN
 _315_/ZN
 _316_/ZN
 _317_/ZN
 _318_/ZN
 _319_/Z
 _320_/ZN
 _321_/ZN
 _322_/ZN
 _323_/ZN
 _324_/ZN
 _325_/ZN
 _326_/ZN
 _327_/Z
 _328_/Z
 _329_/ZN
 _330_/ZN
 _331_/ZN
 _332_/ZN
 _333_/Z
 _334_/Z
 _335_/Z
 _336_/Z
 _337_/ZN
 _338_/ZN
 _339_/Z
 _340_/ZN
 _341_/ZN
 _342_/ZN
 _343_/ZN
 _344_/ZN
 _345_/ZN
 _346_/ZN
 _347_/ZN
 _348_/ZN
 _349_/ZN
 _350_/ZN
 _351_/ZN
 _352_/Z
 _353_/Z
 _354_/ZN
 _355_/ZN
 _356_/ZN
 _357_/ZN
 _358_/ZN
 _359_/ZN
 _360_/ZN
 _361_/ZN
 _362_/ZN
 _363_/Q
 _364_/Q
 _365_/Q
 _366_/Q
 _367_/Q
 _368_/Q
 _369_/Q
 _370_/Q
 _371_/Q
 _372_/Q
 _373_/Q
 _374_/Q
 _375_/Q
 _376_/Q
 _377_/Q
 _378_/Q
 _379_/Q
 _380_/Q
 _381_/Q
 _382_/Q
 _383_/Q
 _384_/Q
 _385_/Q
 _386_/Q
 _387_/Q
 _388_/Q
 _389_/Q
 _390_/Q
 _391_/Q
 _392_/Q
 _393_/Q
 _394_/Q
 _395_/Q
 _396_/Q
 _397_/Q
 _398_/Q
Found 0 partially unannotated drivers.

===========================================================================
max slew violation count 39
%OL_METRIC_I design__max_slew_violation__count__corner:nom_tt_025C_5v00 39
max fanout violation count 3
%OL_METRIC_I design__max_fanout_violation__count__corner:nom_tt_025C_5v00 3
max cap violation count 1
%OL_METRIC_I design__max_cap_violation__count__corner:nom_tt_025C_5v00 1
============================================================================

===========================================================================
check_setup -verbose -unconstrained_endpoints -multiple_clock -no_clock -no_input_delay -loops -generated_clocks
===========================================================================
%OL_END_REPORT
%OL_CREATE_REPORT power.rpt

===========================================================================
 report_power
============================================================================
======================= nom_tt_025C_5v00 Corner ===================================

Group                    Internal    Switching      Leakage        Total
                            Power        Power        Power        Power (Watts)
------------------------------------------------------------------------
Sequential           1.136651e-03 6.862009e-05 1.652728e-08 1.205288e-03  64.9%
Combinational        3.293711e-04 3.233291e-04 2.200824e-08 6.527221e-04  35.1%
Clock                0.000000e+00 0.000000e+00 0.000000e+00 0.000000e+00   0.0%
Macro                0.000000e+00 0.000000e+00 0.000000e+00 0.000000e+00   0.0%
Pad                  0.000000e+00 0.000000e+00 0.000000e+00 0.000000e+00   0.0%
------------------------------------------------------------------------
Total                1.466022e-03 3.919492e-04 3.853550e-08 1.858010e-03 100.0%
                            78.9%        21.1%         0.0%
%OL_METRIC_F power__internal__total 0.0014660223387181759
%OL_METRIC_F power__switching__total 0.00039194917189888656
%OL_METRIC_F power__leakage__total 3.85355036769397e-8
%OL_METRIC_F power__total 0.0018580100731924176

%OL_END_REPORT
%OL_CREATE_REPORT skew.min.rpt

===========================================================================
Clock Skew (Hold)
============================================================================
%OL_METRIC_F clock__skew__worst_hold__corner:nom_tt_025C_5v00 -0.25
======================= nom_tt_025C_5v00 Corner ===================================

Clock clk_i
0.291732 source latency _363_/CLK ^
-0.291732 target latency _363_/CLK ^
-0.250000 clock uncertainty
0.000000 CRPR
--------------
-0.250000 hold skew

%OL_END_REPORT
%OL_CREATE_REPORT skew.max.rpt

===========================================================================
Clock Skew (Setup)
============================================================================
%OL_METRIC_F clock__skew__worst_setup__corner:nom_tt_025C_5v00 0.25
======================= nom_tt_025C_5v00 Corner ===================================

Clock clk_i
0.291732 source latency _363_/CLK ^
-0.291732 target latency _363_/CLK ^
0.250000 clock uncertainty
0.000000 CRPR
--------------
0.250000 setup skew

%OL_END_REPORT
%OL_CREATE_REPORT ws.min.rpt

===========================================================================
Worst Slack (Hold)
============================================================================
%OL_METRIC_F timing__hold__ws__corner:nom_tt_025C_5v00 0.5967932428272097
nom_tt_025C_5v00: 0.5967932428272097
%OL_END_REPORT
%OL_CREATE_REPORT ws.max.rpt

===========================================================================
Worst Slack (Setup)
============================================================================
%OL_METRIC_F timing__setup__ws__corner:nom_tt_025C_5v00 9.768589769139108
nom_tt_025C_5v00: 9.768589769139108
%OL_END_REPORT
%OL_CREATE_REPORT tns.min.rpt

===========================================================================
Total Negative Slack (Hold)
============================================================================
%OL_METRIC_F timing__hold__tns__corner:nom_tt_025C_5v00 0.0
nom_tt_025C_5v00: 0.0
%OL_END_REPORT
%OL_CREATE_REPORT tns.max.rpt

===========================================================================
Total Negative Slack (Setup)
============================================================================
%OL_METRIC_F timing__setup__tns__corner:nom_tt_025C_5v00 0.0
nom_tt_025C_5v00: 0.0
%OL_END_REPORT
%OL_CREATE_REPORT wns.min.rpt

===========================================================================
Worst Negative Slack (Hold)
============================================================================
%OL_METRIC_F timing__hold__wns__corner:nom_tt_025C_5v00 0
nom_tt_025C_5v00: 0
%OL_END_REPORT
%OL_CREATE_REPORT wns.max.rpt

===========================================================================
Worst Negative Slack (Setup)
============================================================================
%OL_METRIC_F timing__setup__wns__corner:nom_tt_025C_5v00 0.0
nom_tt_025C_5v00: 0.0
%OL_END_REPORT
%OL_CREATE_REPORT violator_list.rpt

===========================================================================
Violator List
============================================================================
%OL_METRIC_I timing__hold_vio__count__corner:nom_tt_025C_5v00 0
%OL_METRIC_F timing__hold_r2r__ws__corner:nom_tt_025C_5v00 0.596793
%OL_METRIC_I timing__hold_r2r_vio__count__corner:nom_tt_025C_5v00 0
%OL_METRIC_I timing__setup_vio__count__corner:nom_tt_025C_5v00 0
%OL_METRIC_F timing__setup_r2r__ws__corner:nom_tt_025C_5v00 16.048368
%OL_METRIC_I timing__setup_r2r_vio__count__corner:nom_tt_025C_5v00 0
%OL_END_REPORT
%OL_CREATE_REPORT unpropagated.rpt
clk_i
%OL_END_REPORT
%OL_CREATE_REPORT clock.rpt
Clock: clk_i
Sources: clk_i 
Generated: no
Virtual: no
Propagated: no
Period: 20.000000

===========================================================================
report_clock_properties
============================================================================
Clock                   Period          Waveform
----------------------------------------------------
clk_i                20.000000    0.000000 10.000000

===========================================================================
report_clock_latency
============================================================================
Clock clk_i
rise -> rise
    min     max
0.000000 0.000000 source latency
0.291732         network latency _363_/CLK
        0.291732 network latency _363_/CLK
---------------
0.291732 0.291732 latency
        0.000000 skew

fall -> fall
    min     max
0.000000 0.000000 source latency
0.182191         network latency _363_/CLK
        0.182191 network latency _363_/CLK
---------------
0.182191 0.182191 latency
        0.000000 skew



===========================================================================
report_clock_min_period
============================================================================
clk_i period_min = 3.95 fmax = 253.06
%OL_END_REPORT
Writing SDF files for all corners…
